run-id,run-name,output-filepath,renderer-variant,visibility-debug-mode,donut-linear-gbuffer,variable,to-use-scene,to-load-texture,use-vfc,scene-variant,scene-importer,scene-path,warmup-frames,measure-frames,auto-terminate,vsync,camera-mode,camera-filepath,camera-keyframe-interval,to-set-start-frame,key-frame,profile-window-frames,capture-frames,capture-output-dir,capture-stride,capture-fps,window-width,window-height,seed,material-assign-strategy,material-assign-max-open,material-assign-locality,material-assign-diversity,camera-pos-x,camera-pos-y,camera-pos-z,camera-lookat-x,camera-lookat-y,camera-lookat-z,camera-near-z,camera-far-z,camera-fov,object-count,material-count,geometry-count,overdraw-count,to-remain-only-in-camera,z-min,z-max,xy-minmax,radius,geometry-div,gbuffer-cnt,texture-count,texture-size,texture-sampling-count,alu-calc-count,pass_name_0,pass_0_time_avg_ms,pass_name_1,pass_1_time_avg_ms,pass_name_2,pass_2_time_avg_ms,pass_name_3,pass_3_time_avg_ms,pass_name_4,pass_4_time_avg_ms,pass_name_5,pass_5_time_avg_ms,pass_name_6,pass_6_time_avg_ms,pass_name_7,pass_7_time_avg_ms,pass_name_8,pass_8_time_avg_ms,pass_name_9,pass_9_time_avg_ms,pass_name_10,pass_10_time_avg_ms,pass_name_11,pass_11_time_avg_ms,pass_name_12,pass_12_time_avg_ms,pass_name_13,pass_13_time_avg_ms,pass_name_14,pass_14_time_avg_ms,pass_name_15,pass_15_time_avg_ms,pass_name_16,pass_16_time_avg_ms,pass_name_17,pass_17_time_avg_ms,pass_name_18,pass_18_time_avg_ms,pass_name_19,pass_19_time_avg_ms,pass_name_20,pass_20_time_avg_ms,pass_name_21,pass_21_time_avg_ms,pass_name_22,pass_22_time_avg_ms,pass_name_23,pass_23_time_avg_ms,pass_name_24,pass_24_time_avg_ms,pass_name_25,pass_25_time_avg_ms,pass_name_26,pass_26_time_avg_ms,pass_name_27,pass_27_time_avg_ms,pass_name_28,pass_28_time_avg_ms,pass_name_29,pass_29_time_avg_ms,pass_name_30,pass_30_time_avg_ms,pass_name_31,pass_31_time_avg_ms,renderer_name,run_current_time,camera-mode-name,total_time_min_ms,total_time_median_ms,total_time_max_ms,total_time_avg_ms,total_time_p01_ms,total_time_p10_ms,total_time_p90_ms,total_time_p99_ms,source_material_count,active_material_bin_count,material_bin_compaction_ratio,variable-geometry-count,variable-overdraw-count,variable-waste-quad-count,variable-alu-op-count,param_renderer_variant,param_variable,param_to_use_scene,param_to_load_texture,param_use_vfc,param_scene_variant,param_scene_importer,param_scene_path,param_warmup_frames,param_measure_frames,param_vsync,param_camera_mode,param_camera_filepath,param_camera_keyframe_interval,param_to_set_start_frame,param_key_frame,param_profile_window_frames,param_capture_frames,param_capture_stride,param_capture_fps,param_window_width,param_window_height,param_seed,param_material_assign_strategy,param_material_assign_max_open,param_material_assign_locality,param_material_assign_diversity,param_geometry_div,param_camera_pos_x,param_camera_pos_y,param_camera_pos_z,param_camera_lookat_x,param_camera_lookat_y,param_camera_lookat_z,param_camera_near_z,param_camera_far_z,param_camera_fov,param_object_count,param_material_count,param_geometry_count,param_overdraw_count,param_to_remain_only_in_camera,param_z_min,param_z_max,param_xy_minmax,param_radius,param_gbuffer_cnt,param_texture_count,param_texture_size,param_texture_sampling_count,param_alu_calc_count,runner_experiment,runner_repeat,runner_run_index,runner_result_row,runner_status,runner_return_code,runner_error,runner_stderr,runner_skip_reason,runner_missing_assets
0,38_synth_four_one_dimensional_dense_sweeps,C:\Users\mgkim15\AppData\Local\Temp\tvbperf_g2d15rxm\run_00000.csv,8,2,0,0,0,0,0,1,auto,unused,120,600,1,0,0,../../../../../scripts/standard_camera.csv,10,0,0,60,0,captures,1,60,1280,720,0,0,1,0.5,0.5,0,0,-10,0,0,0,0.1,1000,0.785,1,1,1,0,0,-1,1,1,0.5,64,1,1,256,1,100,total,0.06210,depth_prepass,0.00408,geometry,0.00751,lighting,0.03052,tonemap,0.00809,,0.00000,,0.00000,,0.00000,,0.00000,,0.00000,,0.00000,,0.00000,,0.00000,,0.00000,,0.00000,,0.00000,,0.00000,,0.00000,,0.00000,,0.00000,,0.00000,,0.00000,,0.00000,,0.00000,,0.00000,,0.00000,,0.00000,,0.00000,,0.00000,,0.00000,,0.00000,,0.00000,DonutDeferredPrepass,2026-07-30T12:46:09,free,0.06045,0.06192,0.07344,0.06210,0.06074,0.06096,0.06346,0.06410,1,1,1.00000,4225,0,64,100,8,0,0,0,0,1,auto,unused,120,600,0,0,../../../../../scripts/standard_camera.csv,10,0,0,60,0,1,60,1280,720,0,0,1,0.5,0.5,64,0.0,0.0,-10.0,0.0,0.0,0.0,0.1,1000.0,0.785,1,1,1,0,0,-1.0,1.0,1.0,0.5,1,1,256,1,100,38_synth_four_one_dimensional_dense_sweeps,0,0,0,success,0,,"Scene CPU cache disabled; rebuilding source scene.
Log saved to: D:\project\TVBPerf\out\build\x64-Release\bin\Release\logs\log_2026-07-30_12-46-09.txt",,
1,38_synth_four_one_dimensional_dense_sweeps,C:\Users\mgkim15\AppData\Local\Temp\tvbperf_g2d15rxm\run_00001.csv,9,2,0,0,0,0,0,1,auto,unused,120,600,1,0,0,../../../../../scripts/standard_camera.csv,10,0,0,60,0,captures,1,60,1280,720,0,0,1,0.5,0.5,0,0,-10,0,0,0,0.1,1000,0.785,1,1,1,0,0,-1,1,1,0.5,64,1,1,256,1,100,total,0.11636,visibility,0.00543,visutil_histogram,0.00791,visutil_prefix,0.00192,visutil_flatten,0.00940,gbuffer,0.02257,lighting,0.03030,tonemap,0.00800,,0.00000,,0.00000,,0.00000,,0.00000,,0.00000,,0.00000,,0.00000,,0.00000,,0.00000,,0.00000,,0.00000,,0.00000,,0.00000,,0.00000,,0.00000,,0.00000,,0.00000,,0.00000,,0.00000,,0.00000,,0.00000,,0.00000,,0.00000,,0.00000,DonutVisGBuffer,2026-07-30T12:46:09,free,0.11395,0.11674,0.14339,0.11636,0.11402,0.11418,0.11798,0.12230,1,1,1.00000,4225,0,64,100,9,0,0,0,0,1,auto,unused,120,600,0,0,../../../../../scripts/standard_camera.csv,10,0,0,60,0,1,60,1280,720,0,0,1,0.5,0.5,64,0.0,0.0,-10.0,0.0,0.0,0.0,0.1,1000.0,0.785,1,1,1,0,0,-1.0,1.0,1.0,0.5,1,1,256,1,100,38_synth_four_one_dimensional_dense_sweeps,0,1,0,success,0,,"Scene CPU cache disabled; rebuilding source scene.
Log saved to: D:\project\TVBPerf\out\build\x64-Release\bin\Release\logs\log_2026-07-30_12-46-10.txt",,
2,38_synth_four_one_dimensional_dense_sweeps,C:\Users\mgkim15\AppData\Local\Temp\tvbperf_g2d15rxm\run_00002.csv,8,2,0,1,0,0,0,1,auto,unused,120,600,1,0,0,../../../../../scripts/standard_camera.csv,10,0,0,60,0,captures,1,60,1280,720,0,0,2,0.5,0.5,0,0,-10,0,0,0,0.1,1000,0.785,1,1,1,0,0,-1,1,1,0.5,64,1,1,256,1,100,total,0.06572,depth_prepass,0.00410,geometry,0.00751,lighting,0.03076,tonemap,0.00808,,0.00000,,0.00000,,0.00000,,0.00000,,0.00000,,0.00000,,0.00000,,0.00000,,0.00000,,0.00000,,0.00000,,0.00000,,0.00000,,0.00000,,0.00000,,0.00000,,0.00000,,0.00000,,0.00000,,0.00000,,0.00000,,0.00000,,0.00000,,0.00000,,0.00000,,0.00000,,0.00000,DonutDeferredPrepass,2026-07-30T12:46:10,free,0.06038,0.06195,2.14998,0.06572,0.06077,0.06115,0.06259,0.06592,1,1,1.00000,4225,0,64,100,8,1,0,0,0,1,auto,unused,120,600,0,0,../../../../../scripts/standard_camera.csv,10,0,0,60,0,1,60,1280,720,0,0,2,0.5,0.5,64,0.0,0.0,-10.0,0.0,0.0,0.0,0.1,1000.0,0.785,1,1,1,0,0,-1.0,1.0,1.0,0.5,1,1,256,1,100,38_synth_four_one_dimensional_dense_sweeps,0,2,0,success,0,,"Scene CPU cache disabled; rebuilding source scene.
Log saved to: D:\project\TVBPerf\out\build\x64-Release\bin\Release\logs\log_2026-07-30_12-46-10.txt",,
3,38_synth_four_one_dimensional_dense_sweeps,C:\Users\mgkim15\AppData\Local\Temp\tvbperf_g2d15rxm\run_00003.csv,9,2,0,1,0,0,0,1,auto,unused,120,600,1,0,0,../../../../../scripts/standard_camera.csv,10,0,0,60,0,captures,1,60,1280,720,0,0,2,0.5,0.5,0,0,-10,0,0,0,0.1,1000,0.785,1,1,1,0,0,-1,1,1,0.5,64,1,1,256,1,100,total,0.11651,visibility,0.00546,visutil_histogram,0.00790,visutil_prefix,0.00192,visutil_flatten,0.00940,gbuffer,0.02256,lighting,0.03035,tonemap,0.00798,,0.00000,,0.00000,,0.00000,,0.00000,,0.00000,,0.00000,,0.00000,,0.00000,,0.00000,,0.00000,,0.00000,,0.00000,,0.00000,,0.00000,,0.00000,,0.00000,,0.00000,,0.00000,,0.00000,,0.00000,,0.00000,,0.00000,,0.00000,,0.00000,DonutVisGBuffer,2026-07-30T12:46:10,free,0.11395,0.11674,0.25190,0.11651,0.11398,0.11440,0.11760,0.11808,1,1,1.00000,4225,0,64,100,9,1,0,0,0,1,auto,unused,120,600,0,0,../../../../../scripts/standard_camera.csv,10,0,0,60,0,1,60,1280,720,0,0,2,0.5,0.5,64,0.0,0.0,-10.0,0.0,0.0,0.0,0.1,1000.0,0.785,1,1,1,0,0,-1.0,1.0,1.0,0.5,1,1,256,1,100,38_synth_four_one_dimensional_dense_sweeps,0,3,0,success,0,,"Scene CPU cache disabled; rebuilding source scene.
Log saved to: D:\project\TVBPerf\out\build\x64-Release\bin\Release\logs\log_2026-07-30_12-46-11.txt",,
4,38_synth_four_one_dimensional_dense_sweeps,C:\Users\mgkim15\AppData\Local\Temp\tvbperf_g2d15rxm\run_00004.csv,8,2,0,2,0,0,0,1,auto,unused,120,600,1,0,0,../../../../../scripts/standard_camera.csv,10,0,0,60,0,captures,1,60,1280,720,0,0,4,0.5,0.5,0,0,-10,0,0,0,0.1,1000,0.785,1,1,1,0,0,-1,1,1,0.5,64,1,1,256,1,100,total,0.06210,depth_prepass,0.00402,geometry,0.00754,lighting,0.03056,tonemap,0.00805,,0.00000,,0.00000,,0.00000,,0.00000,,0.00000,,0.00000,,0.00000,,0.00000,,0.00000,,0.00000,,0.00000,,0.00000,,0.00000,,0.00000,,0.00000,,0.00000,,0.00000,,0.00000,,0.00000,,0.00000,,0.00000,,0.00000,,0.00000,,0.00000,,0.00000,,0.00000,,0.00000,DonutDeferredPrepass,2026-07-30T12:46:11,free,0.06070,0.06189,0.07443,0.06210,0.06074,0.06096,0.06346,0.06384,1,1,1.00000,4225,0,64,100,8,2,0,0,0,1,auto,unused,120,600,0,0,../../../../../scripts/standard_camera.csv,10,0,0,60,0,1,60,1280,720,0,0,4,0.5,0.5,64,0.0,0.0,-10.0,0.0,0.0,0.0,0.1,1000.0,0.785,1,1,1,0,0,-1.0,1.0,1.0,0.5,1,1,256,1,100,38_synth_four_one_dimensional_dense_sweeps,0,4,0,success,0,,"Scene CPU cache disabled; rebuilding source scene.
Log saved to: D:\project\TVBPerf\out\build\x64-Release\bin\Release\logs\log_2026-07-30_12-46-11.txt",,
5,38_synth_four_one_dimensional_dense_sweeps,C:\Users\mgkim15\AppData\Local\Temp\tvbperf_g2d15rxm\run_00005.csv,9,2,0,2,0,0,0,1,auto,unused,120,600,1,0,0,../../../../../scripts/standard_camera.csv,10,0,0,60,0,captures,1,60,1280,720,0,0,4,0.5,0.5,0,0,-10,0,0,0,0.1,1000,0.785,1,1,1,0,0,-1,1,1,0.5,64,1,1,256,1,100,total,0.11626,visibility,0.00543,visutil_histogram,0.00790,visutil_prefix,0.00192,visutil_flatten,0.00941,gbuffer,0.02258,lighting,0.03033,tonemap,0.00798,,0.00000,,0.00000,,0.00000,,0.00000,,0.00000,,0.00000,,0.00000,,0.00000,,0.00000,,0.00000,,0.00000,,0.00000,,0.00000,,0.00000,,0.00000,,0.00000,,0.00000,,0.00000,,0.00000,,0.00000,,0.00000,,0.00000,,0.00000,,0.00000,DonutVisGBuffer,2026-07-30T12:46:11,free,0.11386,0.11674,0.13030,0.11626,0.11398,0.11414,0.11798,0.12195,1,1,1.00000,4225,0,64,100,9,2,0,0,0,1,auto,unused,120,600,0,0,../../../../../scripts/standard_camera.csv,10,0,0,60,0,1,60,1280,720,0,0,4,0.5,0.5,64,0.0,0.0,-10.0,0.0,0.0,0.0,0.1,1000.0,0.785,1,1,1,0,0,-1.0,1.0,1.0,0.5,1,1,256,1,100,38_synth_four_one_dimensional_dense_sweeps,0,5,0,success,0,,"Scene CPU cache disabled; rebuilding source scene.
Log saved to: D:\project\TVBPerf\out\build\x64-Release\bin\Release\logs\log_2026-07-30_12-46-12.txt",,
6,38_synth_four_one_dimensional_dense_sweeps,C:\Users\mgkim15\AppData\Local\Temp\tvbperf_g2d15rxm\run_00006.csv,8,2,0,3,0,0,0,1,auto,unused,120,600,1,0,0,../../../../../scripts/standard_camera.csv,10,0,0,60,0,captures,1,60,1280,720,0,0,8,0.5,0.5,0,0,-10,0,0,0,0.1,1000,0.785,1,1,1,0,0,-1,1,1,0.5,64,1,1,256,1,100,total,0.06200,depth_prepass,0.00407,geometry,0.00751,lighting,0.03055,tonemap,0.00799,,0.00000,,0.00000,,0.00000,,0.00000,,0.00000,,0.00000,,0.00000,,0.00000,,0.00000,,0.00000,,0.00000,,0.00000,,0.00000,,0.00000,,0.00000,,0.00000,,0.00000,,0.00000,,0.00000,,0.00000,,0.00000,,0.00000,,0.00000,,0.00000,,0.00000,,0.00000,,0.00000,DonutDeferredPrepass,2026-07-30T12:46:12,free,0.06029,0.06182,0.07677,0.06200,0.06051,0.06096,0.06339,0.06394,1,1,1.00000,4225,0,64,100,8,3,0,0,0,1,auto,unused,120,600,0,0,../../../../../scripts/standard_camera.csv,10,0,0,60,0,1,60,1280,720,0,0,8,0.5,0.5,64,0.0,0.0,-10.0,0.0,0.0,0.0,0.1,1000.0,0.785,1,1,1,0,0,-1.0,1.0,1.0,0.5,1,1,256,1,100,38_synth_four_one_dimensional_dense_sweeps,0,6,0,success,0,,"Scene CPU cache disabled; rebuilding source scene.
Log saved to: D:\project\TVBPerf\out\build\x64-Release\bin\Release\logs\log_2026-07-30_12-46-12.txt",,
7,38_synth_four_one_dimensional_dense_sweeps,C:\Users\mgkim15\AppData\Local\Temp\tvbperf_g2d15rxm\run_00007.csv,9,2,0,3,0,0,0,1,auto,unused,120,600,1,0,0,../../../../../scripts/standard_camera.csv,10,0,0,60,0,captures,1,60,1280,720,0,0,8,0.5,0.5,0,0,-10,0,0,0,0.1,1000,0.785,1,1,1,0,0,-1,1,1,0.5,64,1,1,256,1,100,total,0.11649,visibility,0.00542,visutil_histogram,0.00790,visutil_prefix,0.00192,visutil_flatten,0.00940,gbuffer,0.02278,lighting,0.03033,tonemap,0.00798,,0.00000,,0.00000,,0.00000,,0.00000,,0.00000,,0.00000,,0.00000,,0.00000,,0.00000,,0.00000,,0.00000,,0.00000,,0.00000,,0.00000,,0.00000,,0.00000,,0.00000,,0.00000,,0.00000,,0.00000,,0.00000,,0.00000,,0.00000,,0.00000,DonutVisGBuffer,2026-07-30T12:46:12,free,0.11389,0.11674,0.25830,0.11649,0.11395,0.11418,0.11795,0.11968,1,1,1.00000,4225,0,64,100,9,3,0,0,0,1,auto,unused,120,600,0,0,../../../../../scripts/standard_camera.csv,10,0,0,60,0,1,60,1280,720,0,0,8,0.5,0.5,64,0.0,0.0,-10.0,0.0,0.0,0.0,0.1,1000.0,0.785,1,1,1,0,0,-1.0,1.0,1.0,0.5,1,1,256,1,100,38_synth_four_one_dimensional_dense_sweeps,0,7,0,success,0,,"Scene CPU cache disabled; rebuilding source scene.
Log saved to: D:\project\TVBPerf\out\build\x64-Release\bin\Release\logs\log_2026-07-30_12-46-13.txt",,
8,38_synth_four_one_dimensional_dense_sweeps,C:\Users\mgkim15\AppData\Local\Temp\tvbperf_g2d15rxm\run_00008.csv,8,2,0,4,0,0,0,1,auto,unused,120,600,1,0,0,../../../../../scripts/standard_camera.csv,10,0,0,60,0,captures,1,60,1280,720,0,0,16,0.5,0.5,0,0,-10,0,0,0,0.1,1000,0.785,1,1,1,0,0,-1,1,1,0.5,64,1,1,256,1,100,total,0.06206,depth_prepass,0.00398,geometry,0.00756,lighting,0.03056,tonemap,0.00806,,0.00000,,0.00000,,0.00000,,0.00000,,0.00000,,0.00000,,0.00000,,0.00000,,0.00000,,0.00000,,0.00000,,0.00000,,0.00000,,0.00000,,0.00000,,0.00000,,0.00000,,0.00000,,0.00000,,0.00000,,0.00000,,0.00000,,0.00000,,0.00000,,0.00000,,0.00000,,0.00000,DonutDeferredPrepass,2026-07-30T12:46:13,free,0.06058,0.06182,0.07613,0.06206,0.06074,0.06096,0.06342,0.07142,1,1,1.00000,4225,0,64,100,8,4,0,0,0,1,auto,unused,120,600,0,0,../../../../../scripts/standard_camera.csv,10,0,0,60,0,1,60,1280,720,0,0,16,0.5,0.5,64,0.0,0.0,-10.0,0.0,0.0,0.0,0.1,1000.0,0.785,1,1,1,0,0,-1.0,1.0,1.0,0.5,1,1,256,1,100,38_synth_four_one_dimensional_dense_sweeps,0,8,0,success,0,,"Scene CPU cache disabled; rebuilding source scene.
Log saved to: D:\project\TVBPerf\out\build\x64-Release\bin\Release\logs\log_2026-07-30_12-46-13.txt",,
9,38_synth_four_one_dimensional_dense_sweeps,C:\Users\mgkim15\AppData\Local\Temp\tvbperf_g2d15rxm\run_00009.csv,9,2,0,4,0,0,0,1,auto,unused,120,600,1,0,0,../../../../../scripts/standard_camera.csv,10,0,0,60,0,captures,1,60,1280,720,0,0,16,0.5,0.5,0,0,-10,0,0,0,0.1,1000,0.785,1,1,1,0,0,-1,1,1,0.5,64,1,1,256,1,100,total,0.11649,visibility,0.00543,visutil_histogram,0.00790,visutil_prefix,0.00192,visutil_flatten,0.00941,gbuffer,0.02256,lighting,0.03033,tonemap,0.00796,,0.00000,,0.00000,,0.00000,,0.00000,,0.00000,,0.00000,,0.00000,,0.00000,,0.00000,,0.00000,,0.00000,,0.00000,,0.00000,,0.00000,,0.00000,,0.00000,,0.00000,,0.00000,,0.00000,,0.00000,,0.00000,,0.00000,,0.00000,,0.00000,DonutVisGBuffer,2026-07-30T12:46:13,free,0.11389,0.11670,0.25101,0.11649,0.11398,0.11418,0.11795,0.12272,1,1,1.00000,4225,0,64,100,9,4,0,0,0,1,auto,unused,120,600,0,0,../../../../../scripts/standard_camera.csv,10,0,0,60,0,1,60,1280,720,0,0,16,0.5,0.5,64,0.0,0.0,-10.0,0.0,0.0,0.0,0.1,1000.0,0.785,1,1,1,0,0,-1.0,1.0,1.0,0.5,1,1,256,1,100,38_synth_four_one_dimensional_dense_sweeps,0,9,0,success,0,,"Scene CPU cache disabled; rebuilding source scene.
Log saved to: D:\project\TVBPerf\out\build\x64-Release\bin\Release\logs\log_2026-07-30_12-46-14.txt",,
10,38_synth_four_one_dimensional_dense_sweeps,C:\Users\mgkim15\AppData\Local\Temp\tvbperf_g2d15rxm\run_00010.csv,8,2,0,5,0,0,0,1,auto,unused,120,600,1,0,0,../../../../../scripts/standard_camera.csv,10,0,0,60,0,captures,1,60,1280,720,0,0,32,0.5,0.5,0,0,-10,0,0,0,0.1,1000,0.785,1,1,1,0,0,-1,1,1,0.5,64,1,1,256,1,100,total,0.06220,depth_prepass,0.00405,geometry,0.00754,lighting,0.03056,tonemap,0.00807,,0.00000,,0.00000,,0.00000,,0.00000,,0.00000,,0.00000,,0.00000,,0.00000,,0.00000,,0.00000,,0.00000,,0.00000,,0.00000,,0.00000,,0.00000,,0.00000,,0.00000,,0.00000,,0.00000,,0.00000,,0.00000,,0.00000,,0.00000,,0.00000,,0.00000,,0.00000,,0.00000,DonutDeferredPrepass,2026-07-30T12:46:14,free,0.06013,0.06192,0.08115,0.06220,0.06070,0.06099,0.06352,0.06941,1,1,1.00000,4225,0,64,100,8,5,0,0,0,1,auto,unused,120,600,0,0,../../../../../scripts/standard_camera.csv,10,0,0,60,0,1,60,1280,720,0,0,32,0.5,0.5,64,0.0,0.0,-10.0,0.0,0.0,0.0,0.1,1000.0,0.785,1,1,1,0,0,-1.0,1.0,1.0,0.5,1,1,256,1,100,38_synth_four_one_dimensional_dense_sweeps,0,10,0,success,0,,"Scene CPU cache disabled; rebuilding source scene.
Log saved to: D:\project\TVBPerf\out\build\x64-Release\bin\Release\logs\log_2026-07-30_12-46-14.txt",,
11,38_synth_four_one_dimensional_dense_sweeps,C:\Users\mgkim15\AppData\Local\Temp\tvbperf_g2d15rxm\run_00011.csv,9,2,0,5,0,0,0,1,auto,unused,120,600,1,0,0,../../../../../scripts/standard_camera.csv,10,0,0,60,0,captures,1,60,1280,720,0,0,32,0.5,0.5,0,0,-10,0,0,0,0.1,1000,0.785,1,1,1,0,0,-1,1,1,0.5,64,1,1,256,1,100,total,0.11626,visibility,0.00538,visutil_histogram,0.00791,visutil_prefix,0.00191,visutil_flatten,0.00941,gbuffer,0.02260,lighting,0.03034,tonemap,0.00799,,0.00000,,0.00000,,0.00000,,0.00000,,0.00000,,0.00000,,0.00000,,0.00000,,0.00000,,0.00000,,0.00000,,0.00000,,0.00000,,0.00000,,0.00000,,0.00000,,0.00000,,0.00000,,0.00000,,0.00000,,0.00000,,0.00000,,0.00000,,0.00000,DonutVisGBuffer,2026-07-30T12:46:14,free,0.11392,0.11670,0.14512,0.11626,0.11395,0.11414,0.11798,0.12416,1,1,1.00000,4225,0,64,100,9,5,0,0,0,1,auto,unused,120,600,0,0,../../../../../scripts/standard_camera.csv,10,0,0,60,0,1,60,1280,720,0,0,32,0.5,0.5,64,0.0,0.0,-10.0,0.0,0.0,0.0,0.1,1000.0,0.785,1,1,1,0,0,-1.0,1.0,1.0,0.5,1,1,256,1,100,38_synth_four_one_dimensional_dense_sweeps,0,11,0,success,0,,"Scene CPU cache disabled; rebuilding source scene.
Log saved to: D:\project\TVBPerf\out\build\x64-Release\bin\Release\logs\log_2026-07-30_12-46-15.txt",,
12,38_synth_four_one_dimensional_dense_sweeps,C:\Users\mgkim15\AppData\Local\Temp\tvbperf_g2d15rxm\run_00012.csv,8,2,0,6,0,0,0,1,auto,unused,120,600,1,0,0,../../../../../scripts/standard_camera.csv,10,0,0,60,0,captures,1,60,1280,720,0,0,48,0.5,0.5,0,0,-10,0,0,0,0.1,1000,0.785,1,1,1,0,0,-1,1,1,0.5,64,1,1,256,1,100,total,0.06201,depth_prepass,0.00411,geometry,0.00746,lighting,0.03055,tonemap,0.00809,,0.00000,,0.00000,,0.00000,,0.00000,,0.00000,,0.00000,,0.00000,,0.00000,,0.00000,,0.00000,,0.00000,,0.00000,,0.00000,,0.00000,,0.00000,,0.00000,,0.00000,,0.00000,,0.00000,,0.00000,,0.00000,,0.00000,,0.00000,,0.00000,,0.00000,,0.00000,,0.00000,DonutDeferredPrepass,2026-07-30T12:46:15,free,0.06064,0.06198,0.06550,0.06201,0.06077,0.06109,0.06317,0.06371,1,1,1.00000,4225,0,64,100,8,6,0,0,0,1,auto,unused,120,600,0,0,../../../../../scripts/standard_camera.csv,10,0,0,60,0,1,60,1280,720,0,0,48,0.5,0.5,64,0.0,0.0,-10.0,0.0,0.0,0.0,0.1,1000.0,0.785,1,1,1,0,0,-1.0,1.0,1.0,0.5,1,1,256,1,100,38_synth_four_one_dimensional_dense_sweeps,0,12,0,success,0,,"Scene CPU cache disabled; rebuilding source scene.
Log saved to: D:\project\TVBPerf\out\build\x64-Release\bin\Release\logs\log_2026-07-30_12-46-15.txt",,
13,38_synth_four_one_dimensional_dense_sweeps,C:\Users\mgkim15\AppData\Local\Temp\tvbperf_g2d15rxm\run_00013.csv,9,2,0,6,0,0,0,1,auto,unused,120,600,1,0,0,../../../../../scripts/standard_camera.csv,10,0,0,60,0,captures,1,60,1280,720,0,0,48,0.5,0.5,0,0,-10,0,0,0,0.1,1000,0.785,1,1,1,0,0,-1,1,1,0.5,64,1,1,256,1,100,total,0.11641,visibility,0.00546,visutil_histogram,0.00790,visutil_prefix,0.00192,visutil_flatten,0.00941,gbuffer,0.02260,lighting,0.03034,tonemap,0.00801,,0.00000,,0.00000,,0.00000,,0.00000,,0.00000,,0.00000,,0.00000,,0.00000,,0.00000,,0.00000,,0.00000,,0.00000,,0.00000,,0.00000,,0.00000,,0.00000,,0.00000,,0.00000,,0.00000,,0.00000,,0.00000,,0.00000,,0.00000,,0.00000,DonutVisGBuffer,2026-07-30T12:46:15,free,0.11395,0.11674,0.13136,0.11641,0.11402,0.11418,0.11805,0.12570,1,1,1.00000,4225,0,64,100,9,6,0,0,0,1,auto,unused,120,600,0,0,../../../../../scripts/standard_camera.csv,10,0,0,60,0,1,60,1280,720,0,0,48,0.5,0.5,64,0.0,0.0,-10.0,0.0,0.0,0.0,0.1,1000.0,0.785,1,1,1,0,0,-1.0,1.0,1.0,0.5,1,1,256,1,100,38_synth_four_one_dimensional_dense_sweeps,0,13,0,success,0,,"Scene CPU cache disabled; rebuilding source scene.
Log saved to: D:\project\TVBPerf\out\build\x64-Release\bin\Release\logs\log_2026-07-30_12-46-16.txt",,
14,38_synth_four_one_dimensional_dense_sweeps,C:\Users\mgkim15\AppData\Local\Temp\tvbperf_g2d15rxm\run_00014.csv,8,2,0,7,0,0,0,1,auto,unused,120,600,1,0,0,../../../../../scripts/standard_camera.csv,10,0,0,60,0,captures,1,60,1280,720,0,0,64,0.5,0.5,0,0,-10,0,0,0,0.1,1000,0.785,1,1,1,0,0,-1,1,1,0.5,64,1,1,256,1,100,total,0.06199,depth_prepass,0.00403,geometry,0.00751,lighting,0.03049,tonemap,0.00805,,0.00000,,0.00000,,0.00000,,0.00000,,0.00000,,0.00000,,0.00000,,0.00000,,0.00000,,0.00000,,0.00000,,0.00000,,0.00000,,0.00000,,0.00000,,0.00000,,0.00000,,0.00000,,0.00000,,0.00000,,0.00000,,0.00000,,0.00000,,0.00000,,0.00000,,0.00000,,0.00000,DonutDeferredPrepass,2026-07-30T12:46:16,free,0.06013,0.06182,0.06496,0.06199,0.06051,0.06083,0.06336,0.06374,1,1,1.00000,4225,0,64,100,8,7,0,0,0,1,auto,unused,120,600,0,0,../../../../../scripts/standard_camera.csv,10,0,0,60,0,1,60,1280,720,0,0,64,0.5,0.5,64,0.0,0.0,-10.0,0.0,0.0,0.0,0.1,1000.0,0.785,1,1,1,0,0,-1.0,1.0,1.0,0.5,1,1,256,1,100,38_synth_four_one_dimensional_dense_sweeps,0,14,0,success,0,,"Scene CPU cache disabled; rebuilding source scene.
Log saved to: D:\project\TVBPerf\out\build\x64-Release\bin\Release\logs\log_2026-07-30_12-46-16.txt",,
15,38_synth_four_one_dimensional_dense_sweeps,C:\Users\mgkim15\AppData\Local\Temp\tvbperf_g2d15rxm\run_00015.csv,9,2,0,7,0,0,0,1,auto,unused,120,600,1,0,0,../../../../../scripts/standard_camera.csv,10,0,0,60,0,captures,1,60,1280,720,0,0,64,0.5,0.5,0,0,-10,0,0,0,0.1,1000,0.785,1,1,1,0,0,-1,1,1,0.5,64,1,1,256,1,100,total,0.11640,visibility,0.00542,visutil_histogram,0.00789,visutil_prefix,0.00192,visutil_flatten,0.00943,gbuffer,0.02257,lighting,0.03031,tonemap,0.00797,,0.00000,,0.00000,,0.00000,,0.00000,,0.00000,,0.00000,,0.00000,,0.00000,,0.00000,,0.00000,,0.00000,,0.00000,,0.00000,,0.00000,,0.00000,,0.00000,,0.00000,,0.00000,,0.00000,,0.00000,,0.00000,,0.00000,,0.00000,,0.00000,DonutVisGBuffer,2026-07-30T12:46:16,free,0.11376,0.11670,0.25104,0.11640,0.11395,0.11411,0.11795,0.12106,1,1,1.00000,4225,0,64,100,9,7,0,0,0,1,auto,unused,120,600,0,0,../../../../../scripts/standard_camera.csv,10,0,0,60,0,1,60,1280,720,0,0,64,0.5,0.5,64,0.0,0.0,-10.0,0.0,0.0,0.0,0.1,1000.0,0.785,1,1,1,0,0,-1.0,1.0,1.0,0.5,1,1,256,1,100,38_synth_four_one_dimensional_dense_sweeps,0,15,0,success,0,,"Scene CPU cache disabled; rebuilding source scene.
Log saved to: D:\project\TVBPerf\out\build\x64-Release\bin\Release\logs\log_2026-07-30_12-46-17.txt",,
16,38_synth_four_one_dimensional_dense_sweeps,C:\Users\mgkim15\AppData\Local\Temp\tvbperf_g2d15rxm\run_00016.csv,8,2,0,8,0,0,0,1,auto,unused,120,600,1,0,0,../../../../../scripts/standard_camera.csv,10,0,0,60,0,captures,1,60,1280,720,0,0,80,0.5,0.5,0,0,-10,0,0,0,0.1,1000,0.785,1,1,1,0,0,-1,1,1,0.5,64,1,1,256,1,100,total,0.06206,depth_prepass,0.00408,geometry,0.00752,lighting,0.03056,tonemap,0.00806,,0.00000,,0.00000,,0.00000,,0.00000,,0.00000,,0.00000,,0.00000,,0.00000,,0.00000,,0.00000,,0.00000,,0.00000,,0.00000,,0.00000,,0.00000,,0.00000,,0.00000,,0.00000,,0.00000,,0.00000,,0.00000,,0.00000,,0.00000,,0.00000,,0.00000,,0.00000,,0.00000,DonutDeferredPrepass,2026-07-30T12:46:17,free,0.06051,0.06198,0.07334,0.06206,0.06070,0.06112,0.06330,0.06400,1,1,1.00000,4225,0,64,100,8,8,0,0,0,1,auto,unused,120,600,0,0,../../../../../scripts/standard_camera.csv,10,0,0,60,0,1,60,1280,720,0,0,80,0.5,0.5,64,0.0,0.0,-10.0,0.0,0.0,0.0,0.1,1000.0,0.785,1,1,1,0,0,-1.0,1.0,1.0,0.5,1,1,256,1,100,38_synth_four_one_dimensional_dense_sweeps,0,16,0,success,0,,"Scene CPU cache disabled; rebuilding source scene.
Log saved to: D:\project\TVBPerf\out\build\x64-Release\bin\Release\logs\log_2026-07-30_12-46-17.txt",,
17,38_synth_four_one_dimensional_dense_sweeps,C:\Users\mgkim15\AppData\Local\Temp\tvbperf_g2d15rxm\run_00017.csv,9,2,0,8,0,0,0,1,auto,unused,120,600,1,0,0,../../../../../scripts/standard_camera.csv,10,0,0,60,0,captures,1,60,1280,720,0,0,80,0.5,0.5,0,0,-10,0,0,0,0.1,1000,0.785,1,1,1,0,0,-1,1,1,0.5,64,1,1,256,1,100,total,0.11650,visibility,0.00547,visutil_histogram,0.00788,visutil_prefix,0.00192,visutil_flatten,0.00943,gbuffer,0.02234,lighting,0.03033,tonemap,0.00804,,0.00000,,0.00000,,0.00000,,0.00000,,0.00000,,0.00000,,0.00000,,0.00000,,0.00000,,0.00000,,0.00000,,0.00000,,0.00000,,0.00000,,0.00000,,0.00000,,0.00000,,0.00000,,0.00000,,0.00000,,0.00000,,0.00000,,0.00000,,0.00000,DonutVisGBuffer,2026-07-30T12:46:17,free,0.11379,0.11670,0.14253,0.11650,0.11398,0.11414,0.11792,0.13114,1,1,1.00000,4225,0,64,100,9,8,0,0,0,1,auto,unused,120,600,0,0,../../../../../scripts/standard_camera.csv,10,0,0,60,0,1,60,1280,720,0,0,80,0.5,0.5,64,0.0,0.0,-10.0,0.0,0.0,0.0,0.1,1000.0,0.785,1,1,1,0,0,-1.0,1.0,1.0,0.5,1,1,256,1,100,38_synth_four_one_dimensional_dense_sweeps,0,17,0,success,0,,"Scene CPU cache disabled; rebuilding source scene.
Log saved to: D:\project\TVBPerf\out\build\x64-Release\bin\Release\logs\log_2026-07-30_12-46-18.txt",,
18,38_synth_four_one_dimensional_dense_sweeps,C:\Users\mgkim15\AppData\Local\Temp\tvbperf_g2d15rxm\run_00018.csv,8,2,0,9,0,0,0,1,auto,unused,120,600,1,0,0,../../../../../scripts/standard_camera.csv,10,0,0,60,0,captures,1,60,1280,720,0,0,96,0.5,0.5,0,0,-10,0,0,0,0.1,1000,0.785,1,1,1,0,0,-1,1,1,0.5,64,1,1,256,1,100,total,0.06197,depth_prepass,0.00407,geometry,0.00751,lighting,0.03055,tonemap,0.00804,,0.00000,,0.00000,,0.00000,,0.00000,,0.00000,,0.00000,,0.00000,,0.00000,,0.00000,,0.00000,,0.00000,,0.00000,,0.00000,,0.00000,,0.00000,,0.00000,,0.00000,,0.00000,,0.00000,,0.00000,,0.00000,,0.00000,,0.00000,,0.00000,,0.00000,,0.00000,,0.00000,DonutDeferredPrepass,2026-07-30T12:46:18,free,0.06048,0.06192,0.06493,0.06197,0.06074,0.06102,0.06323,0.06362,1,1,1.00000,4225,0,64,100,8,9,0,0,0,1,auto,unused,120,600,0,0,../../../../../scripts/standard_camera.csv,10,0,0,60,0,1,60,1280,720,0,0,96,0.5,0.5,64,0.0,0.0,-10.0,0.0,0.0,0.0,0.1,1000.0,0.785,1,1,1,0,0,-1.0,1.0,1.0,0.5,1,1,256,1,100,38_synth_four_one_dimensional_dense_sweeps,0,18,0,success,0,,"Scene CPU cache disabled; rebuilding source scene.
Log saved to: D:\project\TVBPerf\out\build\x64-Release\bin\Release\logs\log_2026-07-30_12-46-18.txt",,
19,38_synth_four_one_dimensional_dense_sweeps,C:\Users\mgkim15\AppData\Local\Temp\tvbperf_g2d15rxm\run_00019.csv,9,2,0,9,0,0,0,1,auto,unused,120,600,1,0,0,../../../../../scripts/standard_camera.csv,10,0,0,60,0,captures,1,60,1280,720,0,0,96,0.5,0.5,0,0,-10,0,0,0,0.1,1000,0.785,1,1,1,0,0,-1,1,1,0.5,64,1,1,256,1,100,total,0.11628,visibility,0.00549,visutil_histogram,0.00789,visutil_prefix,0.00192,visutil_flatten,0.00943,gbuffer,0.02231,lighting,0.03032,tonemap,0.00798,,0.00000,,0.00000,,0.00000,,0.00000,,0.00000,,0.00000,,0.00000,,0.00000,,0.00000,,0.00000,,0.00000,,0.00000,,0.00000,,0.00000,,0.00000,,0.00000,,0.00000,,0.00000,,0.00000,,0.00000,,0.00000,,0.00000,,0.00000,,0.00000,DonutVisGBuffer,2026-07-30T12:46:18,free,0.11382,0.11670,0.12189,0.11628,0.11402,0.11434,0.11702,0.11818,1,1,1.00000,4225,0,64,100,9,9,0,0,0,1,auto,unused,120,600,0,0,../../../../../scripts/standard_camera.csv,10,0,0,60,0,1,60,1280,720,0,0,96,0.5,0.5,64,0.0,0.0,-10.0,0.0,0.0,0.0,0.1,1000.0,0.785,1,1,1,0,0,-1.0,1.0,1.0,0.5,1,1,256,1,100,38_synth_four_one_dimensional_dense_sweeps,0,19,0,success,0,,"Scene CPU cache disabled; rebuilding source scene.
Log saved to: D:\project\TVBPerf\out\build\x64-Release\bin\Release\logs\log_2026-07-30_12-46-19.txt",,
20,38_synth_four_one_dimensional_dense_sweeps,C:\Users\mgkim15\AppData\Local\Temp\tvbperf_g2d15rxm\run_00020.csv,8,2,0,10,0,0,0,1,auto,unused,120,600,1,0,0,../../../../../scripts/standard_camera.csv,10,0,0,60,0,captures,1,60,1280,720,0,0,112,0.5,0.5,0,0,-10,0,0,0,0.1,1000,0.785,1,1,1,0,0,-1,1,1,0.5,64,1,1,256,1,100,total,0.06208,depth_prepass,0.00409,geometry,0.00752,lighting,0.03054,tonemap,0.00807,,0.00000,,0.00000,,0.00000,,0.00000,,0.00000,,0.00000,,0.00000,,0.00000,,0.00000,,0.00000,,0.00000,,0.00000,,0.00000,,0.00000,,0.00000,,0.00000,,0.00000,,0.00000,,0.00000,,0.00000,,0.00000,,0.00000,,0.00000,,0.00000,,0.00000,,0.00000,,0.00000,DonutDeferredPrepass,2026-07-30T12:46:19,free,0.06013,0.06198,0.06582,0.06208,0.06070,0.06106,0.06339,0.06371,1,1,1.00000,4225,0,64,100,8,10,0,0,0,1,auto,unused,120,600,0,0,../../../../../scripts/standard_camera.csv,10,0,0,60,0,1,60,1280,720,0,0,112,0.5,0.5,64,0.0,0.0,-10.0,0.0,0.0,0.0,0.1,1000.0,0.785,1,1,1,0,0,-1.0,1.0,1.0,0.5,1,1,256,1,100,38_synth_four_one_dimensional_dense_sweeps,0,20,0,success,0,,"Scene CPU cache disabled; rebuilding source scene.
Log saved to: D:\project\TVBPerf\out\build\x64-Release\bin\Release\logs\log_2026-07-30_12-46-19.txt",,
21,38_synth_four_one_dimensional_dense_sweeps,C:\Users\mgkim15\AppData\Local\Temp\tvbperf_g2d15rxm\run_00021.csv,9,2,0,10,0,0,0,1,auto,unused,120,600,1,0,0,../../../../../scripts/standard_camera.csv,10,0,0,60,0,captures,1,60,1280,720,0,0,112,0.5,0.5,0,0,-10,0,0,0,0.1,1000,0.785,1,1,1,0,0,-1,1,1,0.5,64,1,1,256,1,100,total,0.11625,visibility,0.00545,visutil_histogram,0.00789,visutil_prefix,0.00192,visutil_flatten,0.00942,gbuffer,0.02234,lighting,0.03031,tonemap,0.00798,,0.00000,,0.00000,,0.00000,,0.00000,,0.00000,,0.00000,,0.00000,,0.00000,,0.00000,,0.00000,,0.00000,,0.00000,,0.00000,,0.00000,,0.00000,,0.00000,,0.00000,,0.00000,,0.00000,,0.00000,,0.00000,,0.00000,,0.00000,,0.00000,DonutVisGBuffer,2026-07-30T12:46:19,free,0.11366,0.11670,0.13738,0.11625,0.11398,0.11418,0.11782,0.12886,1,1,1.00000,4225,0,64,100,9,10,0,0,0,1,auto,unused,120,600,0,0,../../../../../scripts/standard_camera.csv,10,0,0,60,0,1,60,1280,720,0,0,112,0.5,0.5,64,0.0,0.0,-10.0,0.0,0.0,0.0,0.1,1000.0,0.785,1,1,1,0,0,-1.0,1.0,1.0,0.5,1,1,256,1,100,38_synth_four_one_dimensional_dense_sweeps,0,21,0,success,0,,"Scene CPU cache disabled; rebuilding source scene.
Log saved to: D:\project\TVBPerf\out\build\x64-Release\bin\Release\logs\log_2026-07-30_12-46-20.txt",,
22,38_synth_four_one_dimensional_dense_sweeps,C:\Users\mgkim15\AppData\Local\Temp\tvbperf_g2d15rxm\run_00022.csv,8,2,0,11,0,0,0,1,auto,unused,120,600,1,0,0,../../../../../scripts/standard_camera.csv,10,0,0,60,0,captures,1,60,1280,720,0,0,128,0.5,0.5,0,0,-10,0,0,0,0.1,1000,0.785,1,1,1,0,0,-1,1,1,0.5,64,1,1,256,1,100,total,0.06195,depth_prepass,0.00407,geometry,0.00750,lighting,0.03049,tonemap,0.00804,,0.00000,,0.00000,,0.00000,,0.00000,,0.00000,,0.00000,,0.00000,,0.00000,,0.00000,,0.00000,,0.00000,,0.00000,,0.00000,,0.00000,,0.00000,,0.00000,,0.00000,,0.00000,,0.00000,,0.00000,,0.00000,,0.00000,,0.00000,,0.00000,,0.00000,,0.00000,,0.00000,DonutDeferredPrepass,2026-07-30T12:46:20,free,0.06048,0.06186,0.06378,0.06195,0.06064,0.06090,0.06326,0.06362,1,1,1.00000,4225,0,64,100,8,11,0,0,0,1,auto,unused,120,600,0,0,../../../../../scripts/standard_camera.csv,10,0,0,60,0,1,60,1280,720,0,0,128,0.5,0.5,64,0.0,0.0,-10.0,0.0,0.0,0.0,0.1,1000.0,0.785,1,1,1,0,0,-1.0,1.0,1.0,0.5,1,1,256,1,100,38_synth_four_one_dimensional_dense_sweeps,0,22,0,success,0,,"Scene CPU cache disabled; rebuilding source scene.
Log saved to: D:\project\TVBPerf\out\build\x64-Release\bin\Release\logs\log_2026-07-30_12-46-20.txt",,
23,38_synth_four_one_dimensional_dense_sweeps,C:\Users\mgkim15\AppData\Local\Temp\tvbperf_g2d15rxm\run_00023.csv,9,2,0,11,0,0,0,1,auto,unused,120,600,1,0,0,../../../../../scripts/standard_camera.csv,10,0,0,60,0,captures,1,60,1280,720,0,0,128,0.5,0.5,0,0,-10,0,0,0,0.1,1000,0.785,1,1,1,0,0,-1,1,1,0.5,64,1,1,256,1,100,total,0.11659,visibility,0.00543,visutil_histogram,0.00789,visutil_prefix,0.00192,visutil_flatten,0.00942,gbuffer,0.02244,lighting,0.03056,tonemap,0.00798,,0.00000,,0.00000,,0.00000,,0.00000,,0.00000,,0.00000,,0.00000,,0.00000,,0.00000,,0.00000,,0.00000,,0.00000,,0.00000,,0.00000,,0.00000,,0.00000,,0.00000,,0.00000,,0.00000,,0.00000,,0.00000,,0.00000,,0.00000,,0.00000,DonutVisGBuffer,2026-07-30T12:46:20,free,0.11376,0.11674,0.27046,0.11659,0.11392,0.11414,0.11798,0.12486,1,1,1.00000,4225,0,64,100,9,11,0,0,0,1,auto,unused,120,600,0,0,../../../../../scripts/standard_camera.csv,10,0,0,60,0,1,60,1280,720,0,0,128,0.5,0.5,64,0.0,0.0,-10.0,0.0,0.0,0.0,0.1,1000.0,0.785,1,1,1,0,0,-1.0,1.0,1.0,0.5,1,1,256,1,100,38_synth_four_one_dimensional_dense_sweeps,0,23,0,success,0,,"Scene CPU cache disabled; rebuilding source scene.
Log saved to: D:\project\TVBPerf\out\build\x64-Release\bin\Release\logs\log_2026-07-30_12-46-21.txt",,
24,38_synth_four_one_dimensional_dense_sweeps,C:\Users\mgkim15\AppData\Local\Temp\tvbperf_g2d15rxm\run_00024.csv,8,2,0,12,0,0,0,1,auto,unused,120,600,1,0,0,../../../../../scripts/standard_camera.csv,10,0,0,60,0,captures,1,60,1280,720,0,0,144,0.5,0.5,0,0,-10,0,0,0,0.1,1000,0.785,1,1,1,0,0,-1,1,1,0.5,64,1,1,256,1,100,total,0.06194,depth_prepass,0.00406,geometry,0.00751,lighting,0.03055,tonemap,0.00803,,0.00000,,0.00000,,0.00000,,0.00000,,0.00000,,0.00000,,0.00000,,0.00000,,0.00000,,0.00000,,0.00000,,0.00000,,0.00000,,0.00000,,0.00000,,0.00000,,0.00000,,0.00000,,0.00000,,0.00000,,0.00000,,0.00000,,0.00000,,0.00000,,0.00000,,0.00000,,0.00000,DonutDeferredPrepass,2026-07-30T12:46:21,free,0.06045,0.06189,0.06998,0.06194,0.06054,0.06096,0.06333,0.06368,1,1,1.00000,4225,0,64,100,8,12,0,0,0,1,auto,unused,120,600,0,0,../../../../../scripts/standard_camera.csv,10,0,0,60,0,1,60,1280,720,0,0,144,0.5,0.5,64,0.0,0.0,-10.0,0.0,0.0,0.0,0.1,1000.0,0.785,1,1,1,0,0,-1.0,1.0,1.0,0.5,1,1,256,1,100,38_synth_four_one_dimensional_dense_sweeps,0,24,0,success,0,,"Scene CPU cache disabled; rebuilding source scene.
Log saved to: D:\project\TVBPerf\out\build\x64-Release\bin\Release\logs\log_2026-07-30_12-46-21.txt",,
25,38_synth_four_one_dimensional_dense_sweeps,C:\Users\mgkim15\AppData\Local\Temp\tvbperf_g2d15rxm\run_00025.csv,9,2,0,12,0,0,0,1,auto,unused,120,600,1,0,0,../../../../../scripts/standard_camera.csv,10,0,0,60,0,captures,1,60,1280,720,0,0,144,0.5,0.5,0,0,-10,0,0,0,0.1,1000,0.785,1,1,1,0,0,-1,1,1,0.5,64,1,1,256,1,100,total,0.11695,visibility,0.00547,visutil_histogram,0.00827,visutil_prefix,0.00192,visutil_flatten,0.00939,gbuffer,0.02256,lighting,0.03054,tonemap,0.00795,,0.00000,,0.00000,,0.00000,,0.00000,,0.00000,,0.00000,,0.00000,,0.00000,,0.00000,,0.00000,,0.00000,,0.00000,,0.00000,,0.00000,,0.00000,,0.00000,,0.00000,,0.00000,,0.00000,,0.00000,,0.00000,,0.00000,,0.00000,,0.00000,DonutVisGBuffer,2026-07-30T12:46:21,free,0.11360,0.11664,0.32166,0.11695,0.11405,0.11456,0.11690,0.11891,1,1,1.00000,4225,0,64,100,9,12,0,0,0,1,auto,unused,120,600,0,0,../../../../../scripts/standard_camera.csv,10,0,0,60,0,1,60,1280,720,0,0,144,0.5,0.5,64,0.0,0.0,-10.0,0.0,0.0,0.0,0.1,1000.0,0.785,1,1,1,0,0,-1.0,1.0,1.0,0.5,1,1,256,1,100,38_synth_four_one_dimensional_dense_sweeps,0,25,0,success,0,,"Scene CPU cache disabled; rebuilding source scene.
Log saved to: D:\project\TVBPerf\out\build\x64-Release\bin\Release\logs\log_2026-07-30_12-46-22.txt",,
26,38_synth_four_one_dimensional_dense_sweeps,C:\Users\mgkim15\AppData\Local\Temp\tvbperf_g2d15rxm\run_00026.csv,8,2,0,13,0,0,0,1,auto,unused,120,600,1,0,0,../../../../../scripts/standard_camera.csv,10,0,0,60,0,captures,1,60,1280,720,0,0,160,0.5,0.5,0,0,-10,0,0,0,0.1,1000,0.785,1,1,1,0,0,-1,1,1,0.5,64,1,1,256,1,100,total,0.06215,depth_prepass,0.00408,geometry,0.00754,lighting,0.03076,tonemap,0.00802,,0.00000,,0.00000,,0.00000,,0.00000,,0.00000,,0.00000,,0.00000,,0.00000,,0.00000,,0.00000,,0.00000,,0.00000,,0.00000,,0.00000,,0.00000,,0.00000,,0.00000,,0.00000,,0.00000,,0.00000,,0.00000,,0.00000,,0.00000,,0.00000,,0.00000,,0.00000,,0.00000,DonutDeferredPrepass,2026-07-30T12:46:22,free,0.06035,0.06189,0.19984,0.06215,0.06090,0.06128,0.06243,0.06362,1,1,1.00000,4225,0,64,100,8,13,0,0,0,1,auto,unused,120,600,0,0,../../../../../scripts/standard_camera.csv,10,0,0,60,0,1,60,1280,720,0,0,160,0.5,0.5,64,0.0,0.0,-10.0,0.0,0.0,0.0,0.1,1000.0,0.785,1,1,1,0,0,-1.0,1.0,1.0,0.5,1,1,256,1,100,38_synth_four_one_dimensional_dense_sweeps,0,26,0,success,0,,"Scene CPU cache disabled; rebuilding source scene.
Log saved to: D:\project\TVBPerf\out\build\x64-Release\bin\Release\logs\log_2026-07-30_12-46-23.txt",,
27,38_synth_four_one_dimensional_dense_sweeps,C:\Users\mgkim15\AppData\Local\Temp\tvbperf_g2d15rxm\run_00027.csv,9,2,0,13,0,0,0,1,auto,unused,120,600,1,0,0,../../../../../scripts/standard_camera.csv,10,0,0,60,0,captures,1,60,1280,720,0,0,160,0.5,0.5,0,0,-10,0,0,0,0.1,1000,0.785,1,1,1,0,0,-1,1,1,0.5,64,1,1,256,1,100,total,0.11661,visibility,0.00548,visutil_histogram,0.00790,visutil_prefix,0.00192,visutil_flatten,0.00940,gbuffer,0.02251,lighting,0.03027,tonemap,0.00796,,0.00000,,0.00000,,0.00000,,0.00000,,0.00000,,0.00000,,0.00000,,0.00000,,0.00000,,0.00000,,0.00000,,0.00000,,0.00000,,0.00000,,0.00000,,0.00000,,0.00000,,0.00000,,0.00000,,0.00000,,0.00000,,0.00000,,0.00000,,0.00000,DonutVisGBuffer,2026-07-30T12:46:23,free,0.11382,0.11667,0.24534,0.11661,0.11408,0.11450,0.11686,0.11882,1,1,1.00000,4225,0,64,100,9,13,0,0,0,1,auto,unused,120,600,0,0,../../../../../scripts/standard_camera.csv,10,0,0,60,0,1,60,1280,720,0,0,160,0.5,0.5,64,0.0,0.0,-10.0,0.0,0.0,0.0,0.1,1000.0,0.785,1,1,1,0,0,-1.0,1.0,1.0,0.5,1,1,256,1,100,38_synth_four_one_dimensional_dense_sweeps,0,27,0,success,0,,"Scene CPU cache disabled; rebuilding source scene.
Log saved to: D:\project\TVBPerf\out\build\x64-Release\bin\Release\logs\log_2026-07-30_12-46-23.txt",,
28,38_synth_four_one_dimensional_dense_sweeps,C:\Users\mgkim15\AppData\Local\Temp\tvbperf_g2d15rxm\run_00028.csv,8,2,0,14,0,0,0,1,auto,unused,120,600,1,0,0,../../../../../scripts/standard_camera.csv,10,0,0,60,0,captures,1,60,1280,720,0,0,176,0.5,0.5,0,0,-10,0,0,0,0.1,1000,0.785,1,1,1,0,0,-1,1,1,0.5,64,1,1,256,1,100,total,0.06185,depth_prepass,0.00409,geometry,0.00753,lighting,0.03058,tonemap,0.00800,,0.00000,,0.00000,,0.00000,,0.00000,,0.00000,,0.00000,,0.00000,,0.00000,,0.00000,,0.00000,,0.00000,,0.00000,,0.00000,,0.00000,,0.00000,,0.00000,,0.00000,,0.00000,,0.00000,,0.00000,,0.00000,,0.00000,,0.00000,,0.00000,,0.00000,,0.00000,,0.00000,DonutDeferredPrepass,2026-07-30T12:46:23,free,0.06083,0.06186,0.06522,0.06185,0.06093,0.06115,0.06243,0.06349,1,1,1.00000,4225,0,64,100,8,14,0,0,0,1,auto,unused,120,600,0,0,../../../../../scripts/standard_camera.csv,10,0,0,60,0,1,60,1280,720,0,0,176,0.5,0.5,64,0.0,0.0,-10.0,0.0,0.0,0.0,0.1,1000.0,0.785,1,1,1,0,0,-1.0,1.0,1.0,0.5,1,1,256,1,100,38_synth_four_one_dimensional_dense_sweeps,0,28,0,success,0,,"Scene CPU cache disabled; rebuilding source scene.
Log saved to: D:\project\TVBPerf\out\build\x64-Release\bin\Release\logs\log_2026-07-30_12-46-24.txt",,
29,38_synth_four_one_dimensional_dense_sweeps,C:\Users\mgkim15\AppData\Local\Temp\tvbperf_g2d15rxm\run_00029.csv,9,2,0,14,0,0,0,1,auto,unused,120,600,1,0,0,../../../../../scripts/standard_camera.csv,10,0,0,60,0,captures,1,60,1280,720,0,0,176,0.5,0.5,0,0,-10,0,0,0,0.1,1000,0.785,1,1,1,0,0,-1,1,1,0.5,64,1,1,256,1,100,total,0.11724,visibility,0.00548,visutil_histogram,0.00825,visutil_prefix,0.00191,visutil_flatten,0.00940,gbuffer,0.02250,lighting,0.03069,tonemap,0.00799,,0.00000,,0.00000,,0.00000,,0.00000,,0.00000,,0.00000,,0.00000,,0.00000,,0.00000,,0.00000,,0.00000,,0.00000,,0.00000,,0.00000,,0.00000,,0.00000,,0.00000,,0.00000,,0.00000,,0.00000,,0.00000,,0.00000,,0.00000,,0.00000,DonutVisGBuffer,2026-07-30T12:46:24,free,0.11386,0.11670,0.32163,0.11724,0.11414,0.11453,0.11690,0.12093,1,1,1.00000,4225,0,64,100,9,14,0,0,0,1,auto,unused,120,600,0,0,../../../../../scripts/standard_camera.csv,10,0,0,60,0,1,60,1280,720,0,0,176,0.5,0.5,64,0.0,0.0,-10.0,0.0,0.0,0.0,0.1,1000.0,0.785,1,1,1,0,0,-1.0,1.0,1.0,0.5,1,1,256,1,100,38_synth_four_one_dimensional_dense_sweeps,0,29,0,success,0,,"Scene CPU cache disabled; rebuilding source scene.
Log saved to: D:\project\TVBPerf\out\build\x64-Release\bin\Release\logs\log_2026-07-30_12-46-25.txt",,
30,38_synth_four_one_dimensional_dense_sweeps,C:\Users\mgkim15\AppData\Local\Temp\tvbperf_g2d15rxm\run_00030.csv,8,2,0,15,0,0,0,1,auto,unused,120,600,1,0,0,../../../../../scripts/standard_camera.csv,10,0,0,60,0,captures,1,60,1280,720,0,0,192,0.5,0.5,0,0,-10,0,0,0,0.1,1000,0.785,1,1,1,0,0,-1,1,1,0.5,64,1,1,256,1,100,total,0.06243,depth_prepass,0.00411,geometry,0.00753,lighting,0.03053,tonemap,0.00803,,0.00000,,0.00000,,0.00000,,0.00000,,0.00000,,0.00000,,0.00000,,0.00000,,0.00000,,0.00000,,0.00000,,0.00000,,0.00000,,0.00000,,0.00000,,0.00000,,0.00000,,0.00000,,0.00000,,0.00000,,0.00000,,0.00000,,0.00000,,0.00000,,0.00000,,0.00000,,0.00000,DonutDeferredPrepass,2026-07-30T12:46:25,free,0.06051,0.06182,0.26957,0.06243,0.06086,0.06115,0.06234,0.06518,1,1,1.00000,4225,0,64,100,8,15,0,0,0,1,auto,unused,120,600,0,0,../../../../../scripts/standard_camera.csv,10,0,0,60,0,1,60,1280,720,0,0,192,0.5,0.5,64,0.0,0.0,-10.0,0.0,0.0,0.0,0.1,1000.0,0.785,1,1,1,0,0,-1.0,1.0,1.0,0.5,1,1,256,1,100,38_synth_four_one_dimensional_dense_sweeps,0,30,0,success,0,,"Scene CPU cache disabled; rebuilding source scene.
Log saved to: D:\project\TVBPerf\out\build\x64-Release\bin\Release\logs\log_2026-07-30_12-46-25.txt",,
31,38_synth_four_one_dimensional_dense_sweeps,C:\Users\mgkim15\AppData\Local\Temp\tvbperf_g2d15rxm\run_00031.csv,9,2,0,15,0,0,0,1,auto,unused,120,600,1,0,0,../../../../../scripts/standard_camera.csv,10,0,0,60,0,captures,1,60,1280,720,0,0,192,0.5,0.5,0,0,-10,0,0,0,0.1,1000,0.785,1,1,1,0,0,-1,1,1,0.5,64,1,1,256,1,100,total,0.11701,visibility,0.00543,visutil_histogram,0.00791,visutil_prefix,0.00217,visutil_flatten,0.00940,gbuffer,0.02268,lighting,0.03065,tonemap,0.00799,,0.00000,,0.00000,,0.00000,,0.00000,,0.00000,,0.00000,,0.00000,,0.00000,,0.00000,,0.00000,,0.00000,,0.00000,,0.00000,,0.00000,,0.00000,,0.00000,,0.00000,,0.00000,,0.00000,,0.00000,,0.00000,,0.00000,,0.00000,,0.00000,DonutVisGBuffer,2026-07-30T12:46:26,free,0.11338,0.11667,0.26518,0.11701,0.11402,0.11440,0.11750,0.12243,1,1,1.00000,4225,0,64,100,9,15,0,0,0,1,auto,unused,120,600,0,0,../../../../../scripts/standard_camera.csv,10,0,0,60,0,1,60,1280,720,0,0,192,0.5,0.5,64,0.0,0.0,-10.0,0.0,0.0,0.0,0.1,1000.0,0.785,1,1,1,0,0,-1.0,1.0,1.0,0.5,1,1,256,1,100,38_synth_four_one_dimensional_dense_sweeps,0,31,0,success,0,,"Scene CPU cache disabled; rebuilding source scene.
Log saved to: D:\project\TVBPerf\out\build\x64-Release\bin\Release\logs\log_2026-07-30_12-46-26.txt",,
32,38_synth_four_one_dimensional_dense_sweeps,C:\Users\mgkim15\AppData\Local\Temp\tvbperf_g2d15rxm\run_00032.csv,8,2,0,16,0,0,0,1,auto,unused,120,600,1,0,0,../../../../../scripts/standard_camera.csv,10,0,0,60,0,captures,1,60,1280,720,0,0,208,0.5,0.5,0,0,-10,0,0,0,0.1,1000,0.785,1,1,1,0,0,-1,1,1,0.5,64,1,1,256,1,100,total,0.06206,depth_prepass,0.00411,geometry,0.00753,lighting,0.03050,tonemap,0.00806,,0.00000,,0.00000,,0.00000,,0.00000,,0.00000,,0.00000,,0.00000,,0.00000,,0.00000,,0.00000,,0.00000,,0.00000,,0.00000,,0.00000,,0.00000,,0.00000,,0.00000,,0.00000,,0.00000,,0.00000,,0.00000,,0.00000,,0.00000,,0.00000,,0.00000,,0.00000,,0.00000,DonutDeferredPrepass,2026-07-30T12:46:26,free,0.06038,0.06202,0.06608,0.06206,0.06067,0.06102,0.06333,0.06368,1,1,1.00000,4225,0,64,100,8,16,0,0,0,1,auto,unused,120,600,0,0,../../../../../scripts/standard_camera.csv,10,0,0,60,0,1,60,1280,720,0,0,208,0.5,0.5,64,0.0,0.0,-10.0,0.0,0.0,0.0,0.1,1000.0,0.785,1,1,1,0,0,-1.0,1.0,1.0,0.5,1,1,256,1,100,38_synth_four_one_dimensional_dense_sweeps,0,32,0,success,0,,"Scene CPU cache disabled; rebuilding source scene.
Log saved to: D:\project\TVBPerf\out\build\x64-Release\bin\Release\logs\log_2026-07-30_12-46-27.txt",,
33,38_synth_four_one_dimensional_dense_sweeps,C:\Users\mgkim15\AppData\Local\Temp\tvbperf_g2d15rxm\run_00033.csv,9,2,0,16,0,0,0,1,auto,unused,120,600,1,0,0,../../../../../scripts/standard_camera.csv,10,0,0,60,0,captures,1,60,1280,720,0,0,208,0.5,0.5,0,0,-10,0,0,0,0.1,1000,0.785,1,1,1,0,0,-1,1,1,0.5,64,1,1,256,1,100,total,0.11630,visibility,0.00549,visutil_histogram,0.00790,visutil_prefix,0.00191,visutil_flatten,0.00939,gbuffer,0.02251,lighting,0.03035,tonemap,0.00799,,0.00000,,0.00000,,0.00000,,0.00000,,0.00000,,0.00000,,0.00000,,0.00000,,0.00000,,0.00000,,0.00000,,0.00000,,0.00000,,0.00000,,0.00000,,0.00000,,0.00000,,0.00000,,0.00000,,0.00000,,0.00000,,0.00000,,0.00000,,0.00000,DonutVisGBuffer,2026-07-30T12:46:27,free,0.11254,0.11674,0.12067,0.11630,0.11395,0.11424,0.11699,0.11818,1,1,1.00000,4225,0,64,100,9,16,0,0,0,1,auto,unused,120,600,0,0,../../../../../scripts/standard_camera.csv,10,0,0,60,0,1,60,1280,720,0,0,208,0.5,0.5,64,0.0,0.0,-10.0,0.0,0.0,0.0,0.1,1000.0,0.785,1,1,1,0,0,-1.0,1.0,1.0,0.5,1,1,256,1,100,38_synth_four_one_dimensional_dense_sweeps,0,33,0,success,0,,"Scene CPU cache disabled; rebuilding source scene.
Log saved to: D:\project\TVBPerf\out\build\x64-Release\bin\Release\logs\log_2026-07-30_12-46-27.txt",,
34,38_synth_four_one_dimensional_dense_sweeps,C:\Users\mgkim15\AppData\Local\Temp\tvbperf_g2d15rxm\run_00034.csv,8,2,0,17,0,0,0,1,auto,unused,120,600,1,0,0,../../../../../scripts/standard_camera.csv,10,0,0,60,0,captures,1,60,1280,720,0,0,224,0.5,0.5,0,0,-10,0,0,0,0.1,1000,0.785,1,1,1,0,0,-1,1,1,0.5,64,1,1,256,1,100,total,0.06220,depth_prepass,0.00411,geometry,0.00755,lighting,0.03058,tonemap,0.00804,,0.00000,,0.00000,,0.00000,,0.00000,,0.00000,,0.00000,,0.00000,,0.00000,,0.00000,,0.00000,,0.00000,,0.00000,,0.00000,,0.00000,,0.00000,,0.00000,,0.00000,,0.00000,,0.00000,,0.00000,,0.00000,,0.00000,,0.00000,,0.00000,,0.00000,,0.00000,,0.00000,DonutDeferredPrepass,2026-07-30T12:46:27,free,0.06048,0.06214,0.06512,0.06220,0.06077,0.06131,0.06339,0.06384,1,1,1.00000,4225,0,64,100,8,17,0,0,0,1,auto,unused,120,600,0,0,../../../../../scripts/standard_camera.csv,10,0,0,60,0,1,60,1280,720,0,0,224,0.5,0.5,64,0.0,0.0,-10.0,0.0,0.0,0.0,0.1,1000.0,0.785,1,1,1,0,0,-1.0,1.0,1.0,0.5,1,1,256,1,100,38_synth_four_one_dimensional_dense_sweeps,0,34,0,success,0,,"Scene CPU cache disabled; rebuilding source scene.
Log saved to: D:\project\TVBPerf\out\build\x64-Release\bin\Release\logs\log_2026-07-30_12-46-28.txt",,
35,38_synth_four_one_dimensional_dense_sweeps,C:\Users\mgkim15\AppData\Local\Temp\tvbperf_g2d15rxm\run_00035.csv,9,2,0,17,0,0,0,1,auto,unused,120,600,1,0,0,../../../../../scripts/standard_camera.csv,10,0,0,60,0,captures,1,60,1280,720,0,0,224,0.5,0.5,0,0,-10,0,0,0,0.1,1000,0.785,1,1,1,0,0,-1,1,1,0.5,64,1,1,256,1,100,total,0.11654,visibility,0.00544,visutil_histogram,0.00790,visutil_prefix,0.00192,visutil_flatten,0.00939,gbuffer,0.02275,lighting,0.03033,tonemap,0.00798,,0.00000,,0.00000,,0.00000,,0.00000,,0.00000,,0.00000,,0.00000,,0.00000,,0.00000,,0.00000,,0.00000,,0.00000,,0.00000,,0.00000,,0.00000,,0.00000,,0.00000,,0.00000,,0.00000,,0.00000,,0.00000,,0.00000,,0.00000,,0.00000,DonutVisGBuffer,2026-07-30T12:46:28,free,0.11392,0.11674,0.25203,0.11654,0.11395,0.11437,0.11792,0.11824,1,1,1.00000,4225,0,64,100,9,17,0,0,0,1,auto,unused,120,600,0,0,../../../../../scripts/standard_camera.csv,10,0,0,60,0,1,60,1280,720,0,0,224,0.5,0.5,64,0.0,0.0,-10.0,0.0,0.0,0.0,0.1,1000.0,0.785,1,1,1,0,0,-1.0,1.0,1.0,0.5,1,1,256,1,100,38_synth_four_one_dimensional_dense_sweeps,0,35,0,success,0,,"Scene CPU cache disabled; rebuilding source scene.
Log saved to: D:\project\TVBPerf\out\build\x64-Release\bin\Release\logs\log_2026-07-30_12-46-28.txt",,
36,38_synth_four_one_dimensional_dense_sweeps,C:\Users\mgkim15\AppData\Local\Temp\tvbperf_g2d15rxm\run_00036.csv,8,2,0,18,0,0,0,1,auto,unused,120,600,1,0,0,../../../../../scripts/standard_camera.csv,10,0,0,60,0,captures,1,60,1280,720,0,0,240,0.5,0.5,0,0,-10,0,0,0,0.1,1000,0.785,1,1,1,0,0,-1,1,1,0.5,64,1,1,256,1,100,total,0.06215,depth_prepass,0.00409,geometry,0.00755,lighting,0.03058,tonemap,0.00802,,0.00000,,0.00000,,0.00000,,0.00000,,0.00000,,0.00000,,0.00000,,0.00000,,0.00000,,0.00000,,0.00000,,0.00000,,0.00000,,0.00000,,0.00000,,0.00000,,0.00000,,0.00000,,0.00000,,0.00000,,0.00000,,0.00000,,0.00000,,0.00000,,0.00000,,0.00000,,0.00000,DonutDeferredPrepass,2026-07-30T12:46:28,free,0.06010,0.06186,0.08749,0.06215,0.06067,0.06106,0.06342,0.06397,1,1,1.00000,4225,0,64,100,8,18,0,0,0,1,auto,unused,120,600,0,0,../../../../../scripts/standard_camera.csv,10,0,0,60,0,1,60,1280,720,0,0,240,0.5,0.5,64,0.0,0.0,-10.0,0.0,0.0,0.0,0.1,1000.0,0.785,1,1,1,0,0,-1.0,1.0,1.0,0.5,1,1,256,1,100,38_synth_four_one_dimensional_dense_sweeps,0,36,0,success,0,,"Scene CPU cache disabled; rebuilding source scene.
Log saved to: D:\project\TVBPerf\out\build\x64-Release\bin\Release\logs\log_2026-07-30_12-46-29.txt",,
37,38_synth_four_one_dimensional_dense_sweeps,C:\Users\mgkim15\AppData\Local\Temp\tvbperf_g2d15rxm\run_00037.csv,9,2,0,18,0,0,0,1,auto,unused,120,600,1,0,0,../../../../../scripts/standard_camera.csv,10,0,0,60,0,captures,1,60,1280,720,0,0,240,0.5,0.5,0,0,-10,0,0,0,0.1,1000,0.785,1,1,1,0,0,-1,1,1,0.5,64,1,1,256,1,100,total,0.11630,visibility,0.00545,visutil_histogram,0.00789,visutil_prefix,0.00192,visutil_flatten,0.00938,gbuffer,0.02242,lighting,0.03026,tonemap,0.00799,,0.00000,,0.00000,,0.00000,,0.00000,,0.00000,,0.00000,,0.00000,,0.00000,,0.00000,,0.00000,,0.00000,,0.00000,,0.00000,,0.00000,,0.00000,,0.00000,,0.00000,,0.00000,,0.00000,,0.00000,,0.00000,,0.00000,,0.00000,,0.00000,DonutVisGBuffer,2026-07-30T12:46:29,free,0.11389,0.11670,0.14134,0.11630,0.11395,0.11414,0.11798,0.12496,1,1,1.00000,4225,0,64,100,9,18,0,0,0,1,auto,unused,120,600,0,0,../../../../../scripts/standard_camera.csv,10,0,0,60,0,1,60,1280,720,0,0,240,0.5,0.5,64,0.0,0.0,-10.0,0.0,0.0,0.0,0.1,1000.0,0.785,1,1,1,0,0,-1.0,1.0,1.0,0.5,1,1,256,1,100,38_synth_four_one_dimensional_dense_sweeps,0,37,0,success,0,,"Scene CPU cache disabled; rebuilding source scene.
Log saved to: D:\project\TVBPerf\out\build\x64-Release\bin\Release\logs\log_2026-07-30_12-46-29.txt",,
38,38_synth_four_one_dimensional_dense_sweeps,C:\Users\mgkim15\AppData\Local\Temp\tvbperf_g2d15rxm\run_00038.csv,8,2,0,19,0,0,0,1,auto,unused,120,600,1,0,0,../../../../../scripts/standard_camera.csv,10,0,0,60,0,captures,1,60,1280,720,0,0,255,0.5,0.5,0,0,-10,0,0,0,0.1,1000,0.785,1,1,1,0,0,-1,1,1,0.5,64,1,1,256,1,100,total,0.06213,depth_prepass,0.00411,geometry,0.00753,lighting,0.03056,tonemap,0.00802,,0.00000,,0.00000,,0.00000,,0.00000,,0.00000,,0.00000,,0.00000,,0.00000,,0.00000,,0.00000,,0.00000,,0.00000,,0.00000,,0.00000,,0.00000,,0.00000,,0.00000,,0.00000,,0.00000,,0.00000,,0.00000,,0.00000,,0.00000,,0.00000,,0.00000,,0.00000,,0.00000,DonutDeferredPrepass,2026-07-30T12:46:29,free,0.06051,0.06198,0.07590,0.06213,0.06070,0.06106,0.06342,0.06374,1,1,1.00000,4225,0,64,100,8,19,0,0,0,1,auto,unused,120,600,0,0,../../../../../scripts/standard_camera.csv,10,0,0,60,0,1,60,1280,720,0,0,255,0.5,0.5,64,0.0,0.0,-10.0,0.0,0.0,0.0,0.1,1000.0,0.785,1,1,1,0,0,-1.0,1.0,1.0,0.5,1,1,256,1,100,38_synth_four_one_dimensional_dense_sweeps,0,38,0,success,0,,"Scene CPU cache disabled; rebuilding source scene.
Log saved to: D:\project\TVBPerf\out\build\x64-Release\bin\Release\logs\log_2026-07-30_12-46-29.txt",,
39,38_synth_four_one_dimensional_dense_sweeps,C:\Users\mgkim15\AppData\Local\Temp\tvbperf_g2d15rxm\run_00039.csv,9,2,0,19,0,0,0,1,auto,unused,120,600,1,0,0,../../../../../scripts/standard_camera.csv,10,0,0,60,0,captures,1,60,1280,720,0,0,255,0.5,0.5,0,0,-10,0,0,0,0.1,1000,0.785,1,1,1,0,0,-1,1,1,0.5,64,1,1,256,1,100,total,0.11633,visibility,0.00547,visutil_histogram,0.00788,visutil_prefix,0.00192,visutil_flatten,0.00939,gbuffer,0.02242,lighting,0.03032,tonemap,0.00804,,0.00000,,0.00000,,0.00000,,0.00000,,0.00000,,0.00000,,0.00000,,0.00000,,0.00000,,0.00000,,0.00000,,0.00000,,0.00000,,0.00000,,0.00000,,0.00000,,0.00000,,0.00000,,0.00000,,0.00000,,0.00000,,0.00000,,0.00000,,0.00000,DonutVisGBuffer,2026-07-30T12:46:30,free,0.11389,0.11677,0.12954,0.11633,0.11402,0.11418,0.11798,0.11952,1,1,1.00000,4225,0,64,100,9,19,0,0,0,1,auto,unused,120,600,0,0,../../../../../scripts/standard_camera.csv,10,0,0,60,0,1,60,1280,720,0,0,255,0.5,0.5,64,0.0,0.0,-10.0,0.0,0.0,0.0,0.1,1000.0,0.785,1,1,1,0,0,-1.0,1.0,1.0,0.5,1,1,256,1,100,38_synth_four_one_dimensional_dense_sweeps,0,39,0,success,0,,"Scene CPU cache disabled; rebuilding source scene.
Log saved to: D:\project\TVBPerf\out\build\x64-Release\bin\Release\logs\log_2026-07-30_12-46-30.txt",,
40,38_synth_four_one_dimensional_dense_sweeps,C:\Users\mgkim15\AppData\Local\Temp\tvbperf_g2d15rxm\run_00040.csv,8,2,0,20,0,0,0,1,auto,unused,120,600,1,0,0,../../../../../scripts/standard_camera.csv,10,0,0,60,0,captures,1,60,1280,720,0,0,64,0.5,0.5,0,0,-10,0,0,0,0.1,1000,0.785,1,1,1,0,0,-1,1,1,0.5,8,1,1,256,1,100,total,0.05798,depth_prepass,0.00284,geometry,0.00483,lighting,0.03053,tonemap,0.00800,,0.00000,,0.00000,,0.00000,,0.00000,,0.00000,,0.00000,,0.00000,,0.00000,,0.00000,,0.00000,,0.00000,,0.00000,,0.00000,,0.00000,,0.00000,,0.00000,,0.00000,,0.00000,,0.00000,,0.00000,,0.00000,,0.00000,,0.00000,,0.00000,,0.00000,,0.00000,,0.00000,DonutDeferredPrepass,2026-07-30T12:46:30,free,0.05670,0.05786,0.06016,0.05798,0.05680,0.05706,0.05939,0.05974,1,1,1.00000,81,0,8,100,8,20,0,0,0,1,auto,unused,120,600,0,0,../../../../../scripts/standard_camera.csv,10,0,0,60,0,1,60,1280,720,0,0,64,0.5,0.5,8,0.0,0.0,-10.0,0.0,0.0,0.0,0.1,1000.0,0.785,1,1,1,0,0,-1.0,1.0,1.0,0.5,1,1,256,1,100,38_synth_four_one_dimensional_dense_sweeps,0,40,0,success,0,,"Scene CPU cache disabled; rebuilding source scene.
Log saved to: D:\project\TVBPerf\out\build\x64-Release\bin\Release\logs\log_2026-07-30_12-46-30.txt",,
41,38_synth_four_one_dimensional_dense_sweeps,C:\Users\mgkim15\AppData\Local\Temp\tvbperf_g2d15rxm\run_00041.csv,9,2,0,20,0,0,0,1,auto,unused,120,600,1,0,0,../../../../../scripts/standard_camera.csv,10,0,0,60,0,captures,1,60,1280,720,0,0,64,0.5,0.5,0,0,-10,0,0,0,0.1,1000,0.785,1,1,1,0,0,-1,1,1,0.5,8,1,1,256,1,100,total,0.11481,visibility,0.00358,visutil_histogram,0.00790,visutil_prefix,0.00192,visutil_flatten,0.00946,gbuffer,0.02245,lighting,0.03053,tonemap,0.00797,,0.00000,,0.00000,,0.00000,,0.00000,,0.00000,,0.00000,,0.00000,,0.00000,,0.00000,,0.00000,,0.00000,,0.00000,,0.00000,,0.00000,,0.00000,,0.00000,,0.00000,,0.00000,,0.00000,,0.00000,,0.00000,,0.00000,,0.00000,,0.00000,DonutVisGBuffer,2026-07-30T12:46:31,free,0.11184,0.11472,0.25091,0.11481,0.11194,0.11254,0.11590,0.11696,1,1,1.00000,81,0,8,100,9,20,0,0,0,1,auto,unused,120,600,0,0,../../../../../scripts/standard_camera.csv,10,0,0,60,0,1,60,1280,720,0,0,64,0.5,0.5,8,0.0,0.0,-10.0,0.0,0.0,0.0,0.1,1000.0,0.785,1,1,1,0,0,-1.0,1.0,1.0,0.5,1,1,256,1,100,38_synth_four_one_dimensional_dense_sweeps,0,41,0,success,0,,"Scene CPU cache disabled; rebuilding source scene.
Log saved to: D:\project\TVBPerf\out\build\x64-Release\bin\Release\logs\log_2026-07-30_12-46-31.txt",,
42,38_synth_four_one_dimensional_dense_sweeps,C:\Users\mgkim15\AppData\Local\Temp\tvbperf_g2d15rxm\run_00042.csv,8,2,0,21,0,0,0,1,auto,unused,120,600,1,0,0,../../../../../scripts/standard_camera.csv,10,0,0,60,0,captures,1,60,1280,720,0,0,64,0.5,0.5,0,0,-10,0,0,0,0.1,1000,0.785,1,1,1,0,0,-1,1,1,0.5,16,1,1,256,1,100,total,0.05861,depth_prepass,0.00312,geometry,0.00514,lighting,0.03055,tonemap,0.00804,,0.00000,,0.00000,,0.00000,,0.00000,,0.00000,,0.00000,,0.00000,,0.00000,,0.00000,,0.00000,,0.00000,,0.00000,,0.00000,,0.00000,,0.00000,,0.00000,,0.00000,,0.00000,,0.00000,,0.00000,,0.00000,,0.00000,,0.00000,,0.00000,,0.00000,,0.00000,,0.00000,DonutDeferredPrepass,2026-07-30T12:46:31,free,0.05715,0.05866,0.06074,0.05861,0.05728,0.05763,0.05968,0.06042,1,1,1.00000,289,0,16,100,8,21,0,0,0,1,auto,unused,120,600,0,0,../../../../../scripts/standard_camera.csv,10,0,0,60,0,1,60,1280,720,0,0,64,0.5,0.5,16,0.0,0.0,-10.0,0.0,0.0,0.0,0.1,1000.0,0.785,1,1,1,0,0,-1.0,1.0,1.0,0.5,1,1,256,1,100,38_synth_four_one_dimensional_dense_sweeps,0,42,0,success,0,,"Scene CPU cache disabled; rebuilding source scene.
Log saved to: D:\project\TVBPerf\out\build\x64-Release\bin\Release\logs\log_2026-07-30_12-46-31.txt",,
43,38_synth_four_one_dimensional_dense_sweeps,C:\Users\mgkim15\AppData\Local\Temp\tvbperf_g2d15rxm\run_00043.csv,9,2,0,21,0,0,0,1,auto,unused,120,600,1,0,0,../../../../../scripts/standard_camera.csv,10,0,0,60,0,captures,1,60,1280,720,0,0,64,0.5,0.5,0,0,-10,0,0,0,0.1,1000,0.785,1,1,1,0,0,-1,1,1,0.5,16,1,1,256,1,100,total,0.11494,visibility,0.00376,visutil_histogram,0.00789,visutil_prefix,0.00192,visutil_flatten,0.00942,gbuffer,0.02268,lighting,0.03030,tonemap,0.00798,,0.00000,,0.00000,,0.00000,,0.00000,,0.00000,,0.00000,,0.00000,,0.00000,,0.00000,,0.00000,,0.00000,,0.00000,,0.00000,,0.00000,,0.00000,,0.00000,,0.00000,,0.00000,,0.00000,,0.00000,,0.00000,,0.00000,,0.00000,,0.00000,DonutVisGBuffer,2026-07-30T12:46:31,free,0.11200,0.11472,0.24499,0.11494,0.11392,0.11414,0.11565,0.11610,1,1,1.00000,289,0,16,100,9,21,0,0,0,1,auto,unused,120,600,0,0,../../../../../scripts/standard_camera.csv,10,0,0,60,0,1,60,1280,720,0,0,64,0.5,0.5,16,0.0,0.0,-10.0,0.0,0.0,0.0,0.1,1000.0,0.785,1,1,1,0,0,-1.0,1.0,1.0,0.5,1,1,256,1,100,38_synth_four_one_dimensional_dense_sweeps,0,43,0,success,0,,"Scene CPU cache disabled; rebuilding source scene.
Log saved to: D:\project\TVBPerf\out\build\x64-Release\bin\Release\logs\log_2026-07-30_12-46-32.txt",,
44,38_synth_four_one_dimensional_dense_sweeps,C:\Users\mgkim15\AppData\Local\Temp\tvbperf_g2d15rxm\run_00044.csv,8,2,0,22,0,0,0,1,auto,unused,120,600,1,0,0,../../../../../scripts/standard_camera.csv,10,0,0,60,0,captures,1,60,1280,720,0,0,64,0.5,0.5,0,0,-10,0,0,0,0.1,1000,0.785,1,1,1,0,0,-1,1,1,0.5,24,1,1,256,1,100,total,0.05918,depth_prepass,0.00328,geometry,0.00548,lighting,0.03057,tonemap,0.00806,,0.00000,,0.00000,,0.00000,,0.00000,,0.00000,,0.00000,,0.00000,,0.00000,,0.00000,,0.00000,,0.00000,,0.00000,,0.00000,,0.00000,,0.00000,,0.00000,,0.00000,,0.00000,,0.00000,,0.00000,,0.00000,,0.00000,,0.00000,,0.00000,,0.00000,,0.00000,,0.00000,DonutDeferredPrepass,2026-07-30T12:46:32,free,0.05766,0.05907,0.07565,0.05918,0.05779,0.05818,0.06045,0.06083,1,1,1.00000,625,0,24,100,8,22,0,0,0,1,auto,unused,120,600,0,0,../../../../../scripts/standard_camera.csv,10,0,0,60,0,1,60,1280,720,0,0,64,0.5,0.5,24,0.0,0.0,-10.0,0.0,0.0,0.0,0.1,1000.0,0.785,1,1,1,0,0,-1.0,1.0,1.0,0.5,1,1,256,1,100,38_synth_four_one_dimensional_dense_sweeps,0,44,0,success,0,,"Scene CPU cache disabled; rebuilding source scene.
Log saved to: D:\project\TVBPerf\out\build\x64-Release\bin\Release\logs\log_2026-07-30_12-46-32.txt",,
45,38_synth_four_one_dimensional_dense_sweeps,C:\Users\mgkim15\AppData\Local\Temp\tvbperf_g2d15rxm\run_00045.csv,9,2,0,22,0,0,0,1,auto,unused,120,600,1,0,0,../../../../../scripts/standard_camera.csv,10,0,0,60,0,captures,1,60,1280,720,0,0,64,0.5,0.5,0,0,-10,0,0,0,0.1,1000,0.785,1,1,1,0,0,-1,1,1,0.5,24,1,1,256,1,100,total,0.11494,visibility,0.00403,visutil_histogram,0.00791,visutil_prefix,0.00192,visutil_flatten,0.00938,gbuffer,0.02258,lighting,0.03033,tonemap,0.00799,,0.00000,,0.00000,,0.00000,,0.00000,,0.00000,,0.00000,,0.00000,,0.00000,,0.00000,,0.00000,,0.00000,,0.00000,,0.00000,,0.00000,,0.00000,,0.00000,,0.00000,,0.00000,,0.00000,,0.00000,,0.00000,,0.00000,,0.00000,,0.00000,DonutVisGBuffer,2026-07-30T12:46:32,free,0.11254,0.11472,0.14022,0.11494,0.11392,0.11418,0.11590,0.12307,1,1,1.00000,625,0,24,100,9,22,0,0,0,1,auto,unused,120,600,0,0,../../../../../scripts/standard_camera.csv,10,0,0,60,0,1,60,1280,720,0,0,64,0.5,0.5,24,0.0,0.0,-10.0,0.0,0.0,0.0,0.1,1000.0,0.785,1,1,1,0,0,-1.0,1.0,1.0,0.5,1,1,256,1,100,38_synth_four_one_dimensional_dense_sweeps,0,45,0,success,0,,"Scene CPU cache disabled; rebuilding source scene.
Log saved to: D:\project\TVBPerf\out\build\x64-Release\bin\Release\logs\log_2026-07-30_12-46-33.txt",,
46,38_synth_four_one_dimensional_dense_sweeps,C:\Users\mgkim15\AppData\Local\Temp\tvbperf_g2d15rxm\run_00046.csv,8,2,0,23,0,0,0,1,auto,unused,120,600,1,0,0,../../../../../scripts/standard_camera.csv,10,0,0,60,0,captures,1,60,1280,720,0,0,64,0.5,0.5,0,0,-10,0,0,0,0.1,1000,0.785,1,1,1,0,0,-1,1,1,0.5,32,1,1,256,1,100,total,0.05993,depth_prepass,0.00372,geometry,0.00591,lighting,0.03050,tonemap,0.00801,,0.00000,,0.00000,,0.00000,,0.00000,,0.00000,,0.00000,,0.00000,,0.00000,,0.00000,,0.00000,,0.00000,,0.00000,,0.00000,,0.00000,,0.00000,,0.00000,,0.00000,,0.00000,,0.00000,,0.00000,,0.00000,,0.00000,,0.00000,,0.00000,,0.00000,,0.00000,,0.00000,DonutDeferredPrepass,2026-07-30T12:46:33,free,0.05830,0.05981,0.07155,0.05993,0.05859,0.05894,0.06115,0.06205,1,1,1.00000,1089,0,32,100,8,23,0,0,0,1,auto,unused,120,600,0,0,../../../../../scripts/standard_camera.csv,10,0,0,60,0,1,60,1280,720,0,0,64,0.5,0.5,32,0.0,0.0,-10.0,0.0,0.0,0.0,0.1,1000.0,0.785,1,1,1,0,0,-1.0,1.0,1.0,0.5,1,1,256,1,100,38_synth_four_one_dimensional_dense_sweeps,0,46,0,success,0,,"Scene CPU cache disabled; rebuilding source scene.
Log saved to: D:\project\TVBPerf\out\build\x64-Release\bin\Release\logs\log_2026-07-30_12-46-33.txt",,
47,38_synth_four_one_dimensional_dense_sweeps,C:\Users\mgkim15\AppData\Local\Temp\tvbperf_g2d15rxm\run_00047.csv,9,2,0,23,0,0,0,1,auto,unused,120,600,1,0,0,../../../../../scripts/standard_camera.csv,10,0,0,60,0,captures,1,60,1280,720,0,0,64,0.5,0.5,0,0,-10,0,0,0,0.1,1000,0.785,1,1,1,0,0,-1,1,1,0.5,32,1,1,256,1,100,total,0.11507,visibility,0.00447,visutil_histogram,0.00790,visutil_prefix,0.00192,visutil_flatten,0.00938,gbuffer,0.02253,lighting,0.03035,tonemap,0.00801,,0.00000,,0.00000,,0.00000,,0.00000,,0.00000,,0.00000,,0.00000,,0.00000,,0.00000,,0.00000,,0.00000,,0.00000,,0.00000,,0.00000,,0.00000,,0.00000,,0.00000,,0.00000,,0.00000,,0.00000,,0.00000,,0.00000,,0.00000,,0.00000,DonutVisGBuffer,2026-07-30T12:46:33,free,0.11366,0.11472,0.14317,0.11507,0.11392,0.11414,0.11594,0.12813,1,1,1.00000,1089,0,32,100,9,23,0,0,0,1,auto,unused,120,600,0,0,../../../../../scripts/standard_camera.csv,10,0,0,60,0,1,60,1280,720,0,0,64,0.5,0.5,32,0.0,0.0,-10.0,0.0,0.0,0.0,0.1,1000.0,0.785,1,1,1,0,0,-1.0,1.0,1.0,0.5,1,1,256,1,100,38_synth_four_one_dimensional_dense_sweeps,0,47,0,success,0,,"Scene CPU cache disabled; rebuilding source scene.
Log saved to: D:\project\TVBPerf\out\build\x64-Release\bin\Release\logs\log_2026-07-30_12-46-34.txt",,
48,38_synth_four_one_dimensional_dense_sweeps,C:\Users\mgkim15\AppData\Local\Temp\tvbperf_g2d15rxm\run_00048.csv,8,2,0,24,0,0,0,1,auto,unused,120,600,1,0,0,../../../../../scripts/standard_camera.csv,10,0,0,60,0,captures,1,60,1280,720,0,0,64,0.5,0.5,0,0,-10,0,0,0,0.1,1000,0.785,1,1,1,0,0,-1,1,1,0.5,40,1,1,256,1,100,total,0.06095,depth_prepass,0.00391,geometry,0.00631,lighting,0.03056,tonemap,0.00804,,0.00000,,0.00000,,0.00000,,0.00000,,0.00000,,0.00000,,0.00000,,0.00000,,0.00000,,0.00000,,0.00000,,0.00000,,0.00000,,0.00000,,0.00000,,0.00000,,0.00000,,0.00000,,0.00000,,0.00000,,0.00000,,0.00000,,0.00000,,0.00000,,0.00000,,0.00000,,0.00000,DonutDeferredPrepass,2026-07-30T12:46:34,free,0.05901,0.06048,0.19664,0.06095,0.05920,0.05955,0.06186,0.07251,1,1,1.00000,1681,0,40,100,8,24,0,0,0,1,auto,unused,120,600,0,0,../../../../../scripts/standard_camera.csv,10,0,0,60,0,1,60,1280,720,0,0,64,0.5,0.5,40,0.0,0.0,-10.0,0.0,0.0,0.0,0.1,1000.0,0.785,1,1,1,0,0,-1.0,1.0,1.0,0.5,1,1,256,1,100,38_synth_four_one_dimensional_dense_sweeps,0,48,0,success,0,,"Scene CPU cache disabled; rebuilding source scene.
Log saved to: D:\project\TVBPerf\out\build\x64-Release\bin\Release\logs\log_2026-07-30_12-46-34.txt",,
49,38_synth_four_one_dimensional_dense_sweeps,C:\Users\mgkim15\AppData\Local\Temp\tvbperf_g2d15rxm\run_00049.csv,9,2,0,24,0,0,0,1,auto,unused,120,600,1,0,0,../../../../../scripts/standard_camera.csv,10,0,0,60,0,captures,1,60,1280,720,0,0,64,0.5,0.5,0,0,-10,0,0,0,0.1,1000,0.785,1,1,1,0,0,-1,1,1,0.5,40,1,1,256,1,100,total,0.11529,visibility,0.00482,visutil_histogram,0.00790,visutil_prefix,0.00192,visutil_flatten,0.00938,gbuffer,0.02258,lighting,0.03033,tonemap,0.00798,,0.00000,,0.00000,,0.00000,,0.00000,,0.00000,,0.00000,,0.00000,,0.00000,,0.00000,,0.00000,,0.00000,,0.00000,,0.00000,,0.00000,,0.00000,,0.00000,,0.00000,,0.00000,,0.00000,,0.00000,,0.00000,,0.00000,,0.00000,,0.00000,DonutVisGBuffer,2026-07-30T12:46:34,free,0.11392,0.11472,0.24998,0.11529,0.11398,0.11414,0.11610,0.11885,1,1,1.00000,1681,0,40,100,9,24,0,0,0,1,auto,unused,120,600,0,0,../../../../../scripts/standard_camera.csv,10,0,0,60,0,1,60,1280,720,0,0,64,0.5,0.5,40,0.0,0.0,-10.0,0.0,0.0,0.0,0.1,1000.0,0.785,1,1,1,0,0,-1.0,1.0,1.0,0.5,1,1,256,1,100,38_synth_four_one_dimensional_dense_sweeps,0,49,0,success,0,,"Scene CPU cache disabled; rebuilding source scene.
Log saved to: D:\project\TVBPerf\out\build\x64-Release\bin\Release\logs\log_2026-07-30_12-46-35.txt",,
50,38_synth_four_one_dimensional_dense_sweeps,C:\Users\mgkim15\AppData\Local\Temp\tvbperf_g2d15rxm\run_00050.csv,8,2,0,25,0,0,0,1,auto,unused,120,600,1,0,0,../../../../../scripts/standard_camera.csv,10,0,0,60,0,captures,1,60,1280,720,0,0,64,0.5,0.5,0,0,-10,0,0,0,0.1,1000,0.785,1,1,1,0,0,-1,1,1,0.5,48,1,1,256,1,100,total,0.06103,depth_prepass,0.00402,geometry,0.00661,lighting,0.03057,tonemap,0.00807,,0.00000,,0.00000,,0.00000,,0.00000,,0.00000,,0.00000,,0.00000,,0.00000,,0.00000,,0.00000,,0.00000,,0.00000,,0.00000,,0.00000,,0.00000,,0.00000,,0.00000,,0.00000,,0.00000,,0.00000,,0.00000,,0.00000,,0.00000,,0.00000,,0.00000,,0.00000,,0.00000,DonutDeferredPrepass,2026-07-30T12:46:35,free,0.05949,0.06099,0.06525,0.06103,0.05971,0.06000,0.06227,0.06272,1,1,1.00000,2401,0,48,100,8,25,0,0,0,1,auto,unused,120,600,0,0,../../../../../scripts/standard_camera.csv,10,0,0,60,0,1,60,1280,720,0,0,64,0.5,0.5,48,0.0,0.0,-10.0,0.0,0.0,0.0,0.1,1000.0,0.785,1,1,1,0,0,-1.0,1.0,1.0,0.5,1,1,256,1,100,38_synth_four_one_dimensional_dense_sweeps,0,50,0,success,0,,"Scene CPU cache disabled; rebuilding source scene.
Log saved to: D:\project\TVBPerf\out\build\x64-Release\bin\Release\logs\log_2026-07-30_12-46-35.txt",,
51,38_synth_four_one_dimensional_dense_sweeps,C:\Users\mgkim15\AppData\Local\Temp\tvbperf_g2d15rxm\run_00051.csv,9,2,0,25,0,0,0,1,auto,unused,120,600,1,0,0,../../../../../scripts/standard_camera.csv,10,0,0,60,0,captures,1,60,1280,720,0,0,64,0.5,0.5,0,0,-10,0,0,0,0.1,1000,0.785,1,1,1,0,0,-1,1,1,0.5,48,1,1,256,1,100,total,0.11546,visibility,0.00503,visutil_histogram,0.00791,visutil_prefix,0.00192,visutil_flatten,0.00938,gbuffer,0.02252,lighting,0.03035,tonemap,0.00798,,0.00000,,0.00000,,0.00000,,0.00000,,0.00000,,0.00000,,0.00000,,0.00000,,0.00000,,0.00000,,0.00000,,0.00000,,0.00000,,0.00000,,0.00000,,0.00000,,0.00000,,0.00000,,0.00000,,0.00000,,0.00000,,0.00000,,0.00000,,0.00000,DonutVisGBuffer,2026-07-30T12:46:35,free,0.11376,0.11475,0.13242,0.11546,0.11395,0.11414,0.11779,0.11805,1,1,1.00000,2401,0,48,100,9,25,0,0,0,1,auto,unused,120,600,0,0,../../../../../scripts/standard_camera.csv,10,0,0,60,0,1,60,1280,720,0,0,64,0.5,0.5,48,0.0,0.0,-10.0,0.0,0.0,0.0,0.1,1000.0,0.785,1,1,1,0,0,-1.0,1.0,1.0,0.5,1,1,256,1,100,38_synth_four_one_dimensional_dense_sweeps,0,51,0,success,0,,"Scene CPU cache disabled; rebuilding source scene.
Log saved to: D:\project\TVBPerf\out\build\x64-Release\bin\Release\logs\log_2026-07-30_12-46-36.txt",,
52,38_synth_four_one_dimensional_dense_sweeps,C:\Users\mgkim15\AppData\Local\Temp\tvbperf_g2d15rxm\run_00052.csv,8,2,0,26,0,0,0,1,auto,unused,120,600,1,0,0,../../../../../scripts/standard_camera.csv,10,0,0,60,0,captures,1,60,1280,720,0,0,64,0.5,0.5,0,0,-10,0,0,0,0.1,1000,0.785,1,1,1,0,0,-1,1,1,0.5,56,1,1,256,1,100,total,0.06139,depth_prepass,0.00392,geometry,0.00710,lighting,0.03055,tonemap,0.00805,,0.00000,,0.00000,,0.00000,,0.00000,,0.00000,,0.00000,,0.00000,,0.00000,,0.00000,,0.00000,,0.00000,,0.00000,,0.00000,,0.00000,,0.00000,,0.00000,,0.00000,,0.00000,,0.00000,,0.00000,,0.00000,,0.00000,,0.00000,,0.00000,,0.00000,,0.00000,,0.00000,DonutDeferredPrepass,2026-07-30T12:46:36,free,0.05952,0.06131,0.06397,0.06139,0.06000,0.06035,0.06266,0.06310,1,1,1.00000,3249,0,56,100,8,26,0,0,0,1,auto,unused,120,600,0,0,../../../../../scripts/standard_camera.csv,10,0,0,60,0,1,60,1280,720,0,0,64,0.5,0.5,56,0.0,0.0,-10.0,0.0,0.0,0.0,0.1,1000.0,0.785,1,1,1,0,0,-1.0,1.0,1.0,0.5,1,1,256,1,100,38_synth_four_one_dimensional_dense_sweeps,0,52,0,success,0,,"Scene CPU cache disabled; rebuilding source scene.
Log saved to: D:\project\TVBPerf\out\build\x64-Release\bin\Release\logs\log_2026-07-30_12-46-36.txt",,
53,38_synth_four_one_dimensional_dense_sweeps,C:\Users\mgkim15\AppData\Local\Temp\tvbperf_g2d15rxm\run_00053.csv,9,2,0,26,0,0,0,1,auto,unused,120,600,1,0,0,../../../../../scripts/standard_camera.csv,10,0,0,60,0,captures,1,60,1280,720,0,0,64,0.5,0.5,0,0,-10,0,0,0,0.1,1000,0.785,1,1,1,0,0,-1,1,1,0.5,56,1,1,256,1,100,total,0.11617,visibility,0.00525,visutil_histogram,0.00790,visutil_prefix,0.00192,visutil_flatten,0.00938,gbuffer,0.02252,lighting,0.03058,tonemap,0.00800,,0.00000,,0.00000,,0.00000,,0.00000,,0.00000,,0.00000,,0.00000,,0.00000,,0.00000,,0.00000,,0.00000,,0.00000,,0.00000,,0.00000,,0.00000,,0.00000,,0.00000,,0.00000,,0.00000,,0.00000,,0.00000,,0.00000,,0.00000,,0.00000,DonutVisGBuffer,2026-07-30T12:46:36,free,0.11392,0.11498,0.25312,0.11617,0.11398,0.11418,0.11802,0.12048,1,1,1.00000,3249,0,56,100,9,26,0,0,0,1,auto,unused,120,600,0,0,../../../../../scripts/standard_camera.csv,10,0,0,60,0,1,60,1280,720,0,0,64,0.5,0.5,56,0.0,0.0,-10.0,0.0,0.0,0.0,0.1,1000.0,0.785,1,1,1,0,0,-1.0,1.0,1.0,0.5,1,1,256,1,100,38_synth_four_one_dimensional_dense_sweeps,0,53,0,success,0,,"Scene CPU cache disabled; rebuilding source scene.
Log saved to: D:\project\TVBPerf\out\build\x64-Release\bin\Release\logs\log_2026-07-30_12-46-37.txt",,
54,38_synth_four_one_dimensional_dense_sweeps,C:\Users\mgkim15\AppData\Local\Temp\tvbperf_g2d15rxm\run_00054.csv,8,2,0,27,0,0,0,1,auto,unused,120,600,1,0,0,../../../../../scripts/standard_camera.csv,10,0,0,60,0,captures,1,60,1280,720,0,0,64,0.5,0.5,0,0,-10,0,0,0,0.1,1000,0.785,1,1,1,0,0,-1,1,1,0.5,64,1,1,256,1,100,total,0.06199,depth_prepass,0.00412,geometry,0.00753,lighting,0.03055,tonemap,0.00798,,0.00000,,0.00000,,0.00000,,0.00000,,0.00000,,0.00000,,0.00000,,0.00000,,0.00000,,0.00000,,0.00000,,0.00000,,0.00000,,0.00000,,0.00000,,0.00000,,0.00000,,0.00000,,0.00000,,0.00000,,0.00000,,0.00000,,0.00000,,0.00000,,0.00000,,0.00000,,0.00000,DonutDeferredPrepass,2026-07-30T12:46:37,free,0.06058,0.06192,0.06474,0.06199,0.06064,0.06099,0.06323,0.06371,1,1,1.00000,4225,0,64,100,8,27,0,0,0,1,auto,unused,120,600,0,0,../../../../../scripts/standard_camera.csv,10,0,0,60,0,1,60,1280,720,0,0,64,0.5,0.5,64,0.0,0.0,-10.0,0.0,0.0,0.0,0.1,1000.0,0.785,1,1,1,0,0,-1.0,1.0,1.0,0.5,1,1,256,1,100,38_synth_four_one_dimensional_dense_sweeps,0,54,0,success,0,,"Scene CPU cache disabled; rebuilding source scene.
Log saved to: D:\project\TVBPerf\out\build\x64-Release\bin\Release\logs\log_2026-07-30_12-46-37.txt",,
55,38_synth_four_one_dimensional_dense_sweeps,C:\Users\mgkim15\AppData\Local\Temp\tvbperf_g2d15rxm\run_00055.csv,9,2,0,27,0,0,0,1,auto,unused,120,600,1,0,0,../../../../../scripts/standard_camera.csv,10,0,0,60,0,captures,1,60,1280,720,0,0,64,0.5,0.5,0,0,-10,0,0,0,0.1,1000,0.785,1,1,1,0,0,-1,1,1,0.5,64,1,1,256,1,100,total,0.11629,visibility,0.00547,visutil_histogram,0.00790,visutil_prefix,0.00192,visutil_flatten,0.00938,gbuffer,0.02253,lighting,0.03033,tonemap,0.00798,,0.00000,,0.00000,,0.00000,,0.00000,,0.00000,,0.00000,,0.00000,,0.00000,,0.00000,,0.00000,,0.00000,,0.00000,,0.00000,,0.00000,,0.00000,,0.00000,,0.00000,,0.00000,,0.00000,,0.00000,,0.00000,,0.00000,,0.00000,,0.00000,DonutVisGBuffer,2026-07-30T12:46:37,free,0.11376,0.11670,0.13517,0.11629,0.11395,0.11414,0.11795,0.12045,1,1,1.00000,4225,0,64,100,9,27,0,0,0,1,auto,unused,120,600,0,0,../../../../../scripts/standard_camera.csv,10,0,0,60,0,1,60,1280,720,0,0,64,0.5,0.5,64,0.0,0.0,-10.0,0.0,0.0,0.0,0.1,1000.0,0.785,1,1,1,0,0,-1.0,1.0,1.0,0.5,1,1,256,1,100,38_synth_four_one_dimensional_dense_sweeps,0,55,0,success,0,,"Scene CPU cache disabled; rebuilding source scene.
Log saved to: D:\project\TVBPerf\out\build\x64-Release\bin\Release\logs\log_2026-07-30_12-46-38.txt",,
56,38_synth_four_one_dimensional_dense_sweeps,C:\Users\mgkim15\AppData\Local\Temp\tvbperf_g2d15rxm\run_00056.csv,8,2,0,28,0,0,0,1,auto,unused,120,600,1,0,0,../../../../../scripts/standard_camera.csv,10,0,0,60,0,captures,1,60,1280,720,0,0,64,0.5,0.5,0,0,-10,0,0,0,0.1,1000,0.785,1,1,1,0,0,-1,1,1,0.5,72,1,1,256,1,100,total,0.06255,depth_prepass,0.00438,geometry,0.00785,lighting,0.03059,tonemap,0.00798,,0.00000,,0.00000,,0.00000,,0.00000,,0.00000,,0.00000,,0.00000,,0.00000,,0.00000,,0.00000,,0.00000,,0.00000,,0.00000,,0.00000,,0.00000,,0.00000,,0.00000,,0.00000,,0.00000,,0.00000,,0.00000,,0.00000,,0.00000,,0.00000,,0.00000,,0.00000,,0.00000,DonutDeferredPrepass,2026-07-30T12:46:38,free,0.06090,0.06250,0.08237,0.06255,0.06112,0.06166,0.06355,0.06451,1,1,1.00000,5329,0,72,100,8,28,0,0,0,1,auto,unused,120,600,0,0,../../../../../scripts/standard_camera.csv,10,0,0,60,0,1,60,1280,720,0,0,64,0.5,0.5,72,0.0,0.0,-10.0,0.0,0.0,0.0,0.1,1000.0,0.785,1,1,1,0,0,-1.0,1.0,1.0,0.5,1,1,256,1,100,38_synth_four_one_dimensional_dense_sweeps,0,56,0,success,0,,"Scene CPU cache disabled; rebuilding source scene.
Log saved to: D:\project\TVBPerf\out\build\x64-Release\bin\Release\logs\log_2026-07-30_12-46-38.txt",,
57,38_synth_four_one_dimensional_dense_sweeps,C:\Users\mgkim15\AppData\Local\Temp\tvbperf_g2d15rxm\run_00057.csv,9,2,0,28,0,0,0,1,auto,unused,120,600,1,0,0,../../../../../scripts/standard_camera.csv,10,0,0,60,0,captures,1,60,1280,720,0,0,64,0.5,0.5,0,0,-10,0,0,0,0.1,1000,0.785,1,1,1,0,0,-1,1,1,0.5,72,1,1,256,1,100,total,0.11682,visibility,0.00568,visutil_histogram,0.00790,visutil_prefix,0.00192,visutil_flatten,0.00938,gbuffer,0.02277,lighting,0.03033,tonemap,0.00799,,0.00000,,0.00000,,0.00000,,0.00000,,0.00000,,0.00000,,0.00000,,0.00000,,0.00000,,0.00000,,0.00000,,0.00000,,0.00000,,0.00000,,0.00000,,0.00000,,0.00000,,0.00000,,0.00000,,0.00000,,0.00000,,0.00000,,0.00000,,0.00000,DonutVisGBuffer,2026-07-30T12:46:38,free,0.11382,0.11677,0.25754,0.11682,0.11402,0.11542,0.11789,0.11821,1,1,1.00000,5329,0,72,100,9,28,0,0,0,1,auto,unused,120,600,0,0,../../../../../scripts/standard_camera.csv,10,0,0,60,0,1,60,1280,720,0,0,64,0.5,0.5,72,0.0,0.0,-10.0,0.0,0.0,0.0,0.1,1000.0,0.785,1,1,1,0,0,-1.0,1.0,1.0,0.5,1,1,256,1,100,38_synth_four_one_dimensional_dense_sweeps,0,57,0,success,0,,"Scene CPU cache disabled; rebuilding source scene.
Log saved to: D:\project\TVBPerf\out\build\x64-Release\bin\Release\logs\log_2026-07-30_12-46-39.txt",,
58,38_synth_four_one_dimensional_dense_sweeps,C:\Users\mgkim15\AppData\Local\Temp\tvbperf_g2d15rxm\run_00058.csv,8,2,0,29,0,0,0,1,auto,unused,120,600,1,0,0,../../../../../scripts/standard_camera.csv,10,0,0,60,0,captures,1,60,1280,720,0,0,64,0.5,0.5,0,0,-10,0,0,0,0.1,1000,0.785,1,1,1,0,0,-1,1,1,0.5,80,1,1,256,1,100,total,0.06310,depth_prepass,0.00445,geometry,0.00834,lighting,0.03057,tonemap,0.00803,,0.00000,,0.00000,,0.00000,,0.00000,,0.00000,,0.00000,,0.00000,,0.00000,,0.00000,,0.00000,,0.00000,,0.00000,,0.00000,,0.00000,,0.00000,,0.00000,,0.00000,,0.00000,,0.00000,,0.00000,,0.00000,,0.00000,,0.00000,,0.00000,,0.00000,,0.00000,,0.00000,DonutDeferredPrepass,2026-07-30T12:46:39,free,0.06160,0.06307,0.06781,0.06310,0.06176,0.06211,0.06442,0.06490,1,1,1.00000,6561,0,80,100,8,29,0,0,0,1,auto,unused,120,600,0,0,../../../../../scripts/standard_camera.csv,10,0,0,60,0,1,60,1280,720,0,0,64,0.5,0.5,80,0.0,0.0,-10.0,0.0,0.0,0.0,0.1,1000.0,0.785,1,1,1,0,0,-1.0,1.0,1.0,0.5,1,1,256,1,100,38_synth_four_one_dimensional_dense_sweeps,0,58,0,success,0,,"Scene CPU cache disabled; rebuilding source scene.
Log saved to: D:\project\TVBPerf\out\build\x64-Release\bin\Release\logs\log_2026-07-30_12-46-39.txt",,
59,38_synth_four_one_dimensional_dense_sweeps,C:\Users\mgkim15\AppData\Local\Temp\tvbperf_g2d15rxm\run_00059.csv,9,2,0,29,0,0,0,1,auto,unused,120,600,1,0,0,../../../../../scripts/standard_camera.csv,10,0,0,60,0,captures,1,60,1280,720,0,0,64,0.5,0.5,0,0,-10,0,0,0,0.1,1000,0.785,1,1,1,0,0,-1,1,1,0.5,80,1,1,256,1,100,total,0.11705,visibility,0.00581,visutil_histogram,0.00790,visutil_prefix,0.00192,visutil_flatten,0.00938,gbuffer,0.02260,lighting,0.03033,tonemap,0.00800,,0.00000,,0.00000,,0.00000,,0.00000,,0.00000,,0.00000,,0.00000,,0.00000,,0.00000,,0.00000,,0.00000,,0.00000,,0.00000,,0.00000,,0.00000,,0.00000,,0.00000,,0.00000,,0.00000,,0.00000,,0.00000,,0.00000,,0.00000,,0.00000,DonutVisGBuffer,2026-07-30T12:46:39,free,0.11571,0.11677,0.14349,0.11705,0.11603,0.11622,0.11798,0.12688,1,1,1.00000,6561,0,80,100,9,29,0,0,0,1,auto,unused,120,600,0,0,../../../../../scripts/standard_camera.csv,10,0,0,60,0,1,60,1280,720,0,0,64,0.5,0.5,80,0.0,0.0,-10.0,0.0,0.0,0.0,0.1,1000.0,0.785,1,1,1,0,0,-1.0,1.0,1.0,0.5,1,1,256,1,100,38_synth_four_one_dimensional_dense_sweeps,0,59,0,success,0,,"Scene CPU cache disabled; rebuilding source scene.
Log saved to: D:\project\TVBPerf\out\build\x64-Release\bin\Release\logs\log_2026-07-30_12-46-40.txt",,
60,38_synth_four_one_dimensional_dense_sweeps,C:\Users\mgkim15\AppData\Local\Temp\tvbperf_g2d15rxm\run_00060.csv,8,2,0,30,0,0,0,1,auto,unused,120,600,1,0,0,../../../../../scripts/standard_camera.csv,10,0,0,60,0,captures,1,60,1280,720,0,0,64,0.5,0.5,0,0,-10,0,0,0,0.1,1000,0.785,1,1,1,0,0,-1,1,1,0.5,88,1,1,256,1,100,total,0.06370,depth_prepass,0.00471,geometry,0.00868,lighting,0.03055,tonemap,0.00803,,0.00000,,0.00000,,0.00000,,0.00000,,0.00000,,0.00000,,0.00000,,0.00000,,0.00000,,0.00000,,0.00000,,0.00000,,0.00000,,0.00000,,0.00000,,0.00000,,0.00000,,0.00000,,0.00000,,0.00000,,0.00000,,0.00000,,0.00000,,0.00000,,0.00000,,0.00000,,0.00000,DonutDeferredPrepass,2026-07-30T12:46:40,free,0.06189,0.06365,0.06685,0.06370,0.06230,0.06275,0.06499,0.06541,1,1,1.00000,7921,0,88,100,8,30,0,0,0,1,auto,unused,120,600,0,0,../../../../../scripts/standard_camera.csv,10,0,0,60,0,1,60,1280,720,0,0,64,0.5,0.5,88,0.0,0.0,-10.0,0.0,0.0,0.0,0.1,1000.0,0.785,1,1,1,0,0,-1.0,1.0,1.0,0.5,1,1,256,1,100,38_synth_four_one_dimensional_dense_sweeps,0,60,0,success,0,,"Scene CPU cache disabled; rebuilding source scene.
Log saved to: D:\project\TVBPerf\out\build\x64-Release\bin\Release\logs\log_2026-07-30_12-46-40.txt",,
61,38_synth_four_one_dimensional_dense_sweeps,C:\Users\mgkim15\AppData\Local\Temp\tvbperf_g2d15rxm\run_00061.csv,9,2,0,30,0,0,0,1,auto,unused,120,600,1,0,0,../../../../../scripts/standard_camera.csv,10,0,0,60,0,captures,1,60,1280,720,0,0,64,0.5,0.5,0,0,-10,0,0,0,0.1,1000,0.785,1,1,1,0,0,-1,1,1,0.5,88,1,1,256,1,100,total,0.11697,visibility,0.00623,visutil_histogram,0.00790,visutil_prefix,0.00192,visutil_flatten,0.00938,gbuffer,0.02253,lighting,0.03033,tonemap,0.00798,,0.00000,,0.00000,,0.00000,,0.00000,,0.00000,,0.00000,,0.00000,,0.00000,,0.00000,,0.00000,,0.00000,,0.00000,,0.00000,,0.00000,,0.00000,,0.00000,,0.00000,,0.00000,,0.00000,,0.00000,,0.00000,,0.00000,,0.00000,,0.00000,DonutVisGBuffer,2026-07-30T12:46:40,free,0.11571,0.11674,0.14330,0.11697,0.11600,0.11619,0.11792,0.12298,1,1,1.00000,7921,0,88,100,9,30,0,0,0,1,auto,unused,120,600,0,0,../../../../../scripts/standard_camera.csv,10,0,0,60,0,1,60,1280,720,0,0,64,0.5,0.5,88,0.0,0.0,-10.0,0.0,0.0,0.0,0.1,1000.0,0.785,1,1,1,0,0,-1.0,1.0,1.0,0.5,1,1,256,1,100,38_synth_four_one_dimensional_dense_sweeps,0,61,0,success,0,,"Scene CPU cache disabled; rebuilding source scene.
Log saved to: D:\project\TVBPerf\out\build\x64-Release\bin\Release\logs\log_2026-07-30_12-46-41.txt",,
62,38_synth_four_one_dimensional_dense_sweeps,C:\Users\mgkim15\AppData\Local\Temp\tvbperf_g2d15rxm\run_00062.csv,8,2,0,31,0,0,0,1,auto,unused,120,600,1,0,0,../../../../../scripts/standard_camera.csv,10,0,0,60,0,captures,1,60,1280,720,0,0,64,0.5,0.5,0,0,-10,0,0,0,0.1,1000,0.785,1,1,1,0,0,-1,1,1,0.5,96,1,1,256,1,100,total,0.06415,depth_prepass,0.00494,geometry,0.00891,lighting,0.03054,tonemap,0.00803,,0.00000,,0.00000,,0.00000,,0.00000,,0.00000,,0.00000,,0.00000,,0.00000,,0.00000,,0.00000,,0.00000,,0.00000,,0.00000,,0.00000,,0.00000,,0.00000,,0.00000,,0.00000,,0.00000,,0.00000,,0.00000,,0.00000,,0.00000,,0.00000,,0.00000,,0.00000,,0.00000,DonutDeferredPrepass,2026-07-30T12:46:41,free,0.06230,0.06410,0.06614,0.06415,0.06262,0.06320,0.06547,0.06586,1,1,1.00000,9409,0,96,100,8,31,0,0,0,1,auto,unused,120,600,0,0,../../../../../scripts/standard_camera.csv,10,0,0,60,0,1,60,1280,720,0,0,64,0.5,0.5,96,0.0,0.0,-10.0,0.0,0.0,0.0,0.1,1000.0,0.785,1,1,1,0,0,-1.0,1.0,1.0,0.5,1,1,256,1,100,38_synth_four_one_dimensional_dense_sweeps,0,62,0,success,0,,"Scene CPU cache disabled; rebuilding source scene.
Log saved to: D:\project\TVBPerf\out\build\x64-Release\bin\Release\logs\log_2026-07-30_12-46-41.txt",,
63,38_synth_four_one_dimensional_dense_sweeps,C:\Users\mgkim15\AppData\Local\Temp\tvbperf_g2d15rxm\run_00063.csv,9,2,0,31,0,0,0,1,auto,unused,120,600,1,0,0,../../../../../scripts/standard_camera.csv,10,0,0,60,0,captures,1,60,1280,720,0,0,64,0.5,0.5,0,0,-10,0,0,0,0.1,1000,0.785,1,1,1,0,0,-1,1,1,0.5,96,1,1,256,1,100,total,0.11701,visibility,0.00647,visutil_histogram,0.00791,visutil_prefix,0.00192,visutil_flatten,0.00938,gbuffer,0.02255,lighting,0.03035,tonemap,0.00800,,0.00000,,0.00000,,0.00000,,0.00000,,0.00000,,0.00000,,0.00000,,0.00000,,0.00000,,0.00000,,0.00000,,0.00000,,0.00000,,0.00000,,0.00000,,0.00000,,0.00000,,0.00000,,0.00000,,0.00000,,0.00000,,0.00000,,0.00000,,0.00000,DonutVisGBuffer,2026-07-30T12:46:41,free,0.11459,0.11677,0.14141,0.11701,0.11590,0.11622,0.11802,0.12176,1,1,1.00000,9409,0,96,100,9,31,0,0,0,1,auto,unused,120,600,0,0,../../../../../scripts/standard_camera.csv,10,0,0,60,0,1,60,1280,720,0,0,64,0.5,0.5,96,0.0,0.0,-10.0,0.0,0.0,0.0,0.1,1000.0,0.785,1,1,1,0,0,-1.0,1.0,1.0,0.5,1,1,256,1,100,38_synth_four_one_dimensional_dense_sweeps,0,63,0,success,0,,"Scene CPU cache disabled; rebuilding source scene.
Log saved to: D:\project\TVBPerf\out\build\x64-Release\bin\Release\logs\log_2026-07-30_12-46-42.txt",,
64,38_synth_four_one_dimensional_dense_sweeps,C:\Users\mgkim15\AppData\Local\Temp\tvbperf_g2d15rxm\run_00064.csv,8,2,0,32,0,0,0,1,auto,unused,120,600,1,0,0,../../../../../scripts/standard_camera.csv,10,0,0,60,0,captures,1,60,1280,720,0,0,64,0.5,0.5,0,0,-10,0,0,0,0.1,1000,0.785,1,1,1,0,0,-1,1,1,0.5,104,1,1,256,1,100,total,0.06453,depth_prepass,0.00511,geometry,0.00909,lighting,0.03050,tonemap,0.00804,,0.00000,,0.00000,,0.00000,,0.00000,,0.00000,,0.00000,,0.00000,,0.00000,,0.00000,,0.00000,,0.00000,,0.00000,,0.00000,,0.00000,,0.00000,,0.00000,,0.00000,,0.00000,,0.00000,,0.00000,,0.00000,,0.00000,,0.00000,,0.00000,,0.00000,,0.00000,,0.00000,DonutDeferredPrepass,2026-07-30T12:46:42,free,0.06301,0.06445,0.07776,0.06453,0.06314,0.06346,0.06589,0.06624,1,1,1.00000,11025,0,104,100,8,32,0,0,0,1,auto,unused,120,600,0,0,../../../../../scripts/standard_camera.csv,10,0,0,60,0,1,60,1280,720,0,0,64,0.5,0.5,104,0.0,0.0,-10.0,0.0,0.0,0.0,0.1,1000.0,0.785,1,1,1,0,0,-1.0,1.0,1.0,0.5,1,1,256,1,100,38_synth_four_one_dimensional_dense_sweeps,0,64,0,success,0,,"Scene CPU cache disabled; rebuilding source scene.
Log saved to: D:\project\TVBPerf\out\build\x64-Release\bin\Release\logs\log_2026-07-30_12-46-42.txt",,
65,38_synth_four_one_dimensional_dense_sweeps,C:\Users\mgkim15\AppData\Local\Temp\tvbperf_g2d15rxm\run_00065.csv,9,2,0,32,0,0,0,1,auto,unused,120,600,1,0,0,../../../../../scripts/standard_camera.csv,10,0,0,60,0,captures,1,60,1280,720,0,0,64,0.5,0.5,0,0,-10,0,0,0,0.1,1000,0.785,1,1,1,0,0,-1,1,1,0.5,104,1,1,256,1,100,total,0.11696,visibility,0.00674,visutil_histogram,0.00790,visutil_prefix,0.00192,visutil_flatten,0.00938,gbuffer,0.02253,lighting,0.03026,tonemap,0.00796,,0.00000,,0.00000,,0.00000,,0.00000,,0.00000,,0.00000,,0.00000,,0.00000,,0.00000,,0.00000,,0.00000,,0.00000,,0.00000,,0.00000,,0.00000,,0.00000,,0.00000,,0.00000,,0.00000,,0.00000,,0.00000,,0.00000,,0.00000,,0.00000,DonutVisGBuffer,2026-07-30T12:46:42,free,0.11568,0.11674,0.14118,0.11696,0.11594,0.11619,0.11798,0.11891,1,1,1.00000,11025,0,104,100,9,32,0,0,0,1,auto,unused,120,600,0,0,../../../../../scripts/standard_camera.csv,10,0,0,60,0,1,60,1280,720,0,0,64,0.5,0.5,104,0.0,0.0,-10.0,0.0,0.0,0.0,0.1,1000.0,0.785,1,1,1,0,0,-1.0,1.0,1.0,0.5,1,1,256,1,100,38_synth_four_one_dimensional_dense_sweeps,0,65,0,success,0,,"Scene CPU cache disabled; rebuilding source scene.
Log saved to: D:\project\TVBPerf\out\build\x64-Release\bin\Release\logs\log_2026-07-30_12-46-43.txt",,
66,38_synth_four_one_dimensional_dense_sweeps,C:\Users\mgkim15\AppData\Local\Temp\tvbperf_g2d15rxm\run_00066.csv,8,2,0,33,0,0,0,1,auto,unused,120,600,1,0,0,../../../../../scripts/standard_camera.csv,10,0,0,60,0,captures,1,60,1280,720,0,0,64,0.5,0.5,0,0,-10,0,0,0,0.1,1000,0.785,1,1,1,0,0,-1,1,1,0.5,112,1,1,256,1,100,total,0.06462,depth_prepass,0.00525,geometry,0.00919,lighting,0.03049,tonemap,0.00803,,0.00000,,0.00000,,0.00000,,0.00000,,0.00000,,0.00000,,0.00000,,0.00000,,0.00000,,0.00000,,0.00000,,0.00000,,0.00000,,0.00000,,0.00000,,0.00000,,0.00000,,0.00000,,0.00000,,0.00000,,0.00000,,0.00000,,0.00000,,0.00000,,0.00000,,0.00000,,0.00000,DonutDeferredPrepass,2026-07-30T12:46:43,free,0.06304,0.06464,0.06646,0.06462,0.06323,0.06365,0.06586,0.06634,1,1,1.00000,12769,0,112,100,8,33,0,0,0,1,auto,unused,120,600,0,0,../../../../../scripts/standard_camera.csv,10,0,0,60,0,1,60,1280,720,0,0,64,0.5,0.5,112,0.0,0.0,-10.0,0.0,0.0,0.0,0.1,1000.0,0.785,1,1,1,0,0,-1.0,1.0,1.0,0.5,1,1,256,1,100,38_synth_four_one_dimensional_dense_sweeps,0,66,0,success,0,,"Scene CPU cache disabled; rebuilding source scene.
Log saved to: D:\project\TVBPerf\out\build\x64-Release\bin\Release\logs\log_2026-07-30_12-46-43.txt",,
67,38_synth_four_one_dimensional_dense_sweeps,C:\Users\mgkim15\AppData\Local\Temp\tvbperf_g2d15rxm\run_00067.csv,9,2,0,33,0,0,0,1,auto,unused,120,600,1,0,0,../../../../../scripts/standard_camera.csv,10,0,0,60,0,captures,1,60,1280,720,0,0,64,0.5,0.5,0,0,-10,0,0,0,0.1,1000,0.785,1,1,1,0,0,-1,1,1,0.5,112,1,1,256,1,100,total,0.11740,visibility,0.00693,visutil_histogram,0.00791,visutil_prefix,0.00192,visutil_flatten,0.00938,gbuffer,0.02255,lighting,0.03033,tonemap,0.00802,,0.00000,,0.00000,,0.00000,,0.00000,,0.00000,,0.00000,,0.00000,,0.00000,,0.00000,,0.00000,,0.00000,,0.00000,,0.00000,,0.00000,,0.00000,,0.00000,,0.00000,,0.00000,,0.00000,,0.00000,,0.00000,,0.00000,,0.00000,,0.00000,DonutVisGBuffer,2026-07-30T12:46:44,free,0.11581,0.11677,0.14470,0.11740,0.11603,0.11619,0.11882,0.13126,1,1,1.00000,12769,0,112,100,9,33,0,0,0,1,auto,unused,120,600,0,0,../../../../../scripts/standard_camera.csv,10,0,0,60,0,1,60,1280,720,0,0,64,0.5,0.5,112,0.0,0.0,-10.0,0.0,0.0,0.0,0.1,1000.0,0.785,1,1,1,0,0,-1.0,1.0,1.0,0.5,1,1,256,1,100,38_synth_four_one_dimensional_dense_sweeps,0,67,0,success,0,,"Scene CPU cache disabled; rebuilding source scene.
Log saved to: D:\project\TVBPerf\out\build\x64-Release\bin\Release\logs\log_2026-07-30_12-46-44.txt",,
68,38_synth_four_one_dimensional_dense_sweeps,C:\Users\mgkim15\AppData\Local\Temp\tvbperf_g2d15rxm\run_00068.csv,8,2,0,34,0,0,0,1,auto,unused,120,600,1,0,0,../../../../../scripts/standard_camera.csv,10,0,0,60,0,captures,1,60,1280,720,0,0,64,0.5,0.5,0,0,-10,0,0,0,0.1,1000,0.785,1,1,1,0,0,-1,1,1,0.5,120,1,1,256,1,100,total,0.06520,depth_prepass,0.00540,geometry,0.00940,lighting,0.03052,tonemap,0.00804,,0.00000,,0.00000,,0.00000,,0.00000,,0.00000,,0.00000,,0.00000,,0.00000,,0.00000,,0.00000,,0.00000,,0.00000,,0.00000,,0.00000,,0.00000,,0.00000,,0.00000,,0.00000,,0.00000,,0.00000,,0.00000,,0.00000,,0.00000,,0.00000,,0.00000,,0.00000,,0.00000,DonutDeferredPrepass,2026-07-30T12:46:44,free,0.06362,0.06509,0.08854,0.06520,0.06378,0.06406,0.06640,0.06707,1,1,1.00000,14641,0,120,100,8,34,0,0,0,1,auto,unused,120,600,0,0,../../../../../scripts/standard_camera.csv,10,0,0,60,0,1,60,1280,720,0,0,64,0.5,0.5,120,0.0,0.0,-10.0,0.0,0.0,0.0,0.1,1000.0,0.785,1,1,1,0,0,-1.0,1.0,1.0,0.5,1,1,256,1,100,38_synth_four_one_dimensional_dense_sweeps,0,68,0,success,0,,"Scene CPU cache disabled; rebuilding source scene.
Log saved to: D:\project\TVBPerf\out\build\x64-Release\bin\Release\logs\log_2026-07-30_12-46-45.txt",,
69,38_synth_four_one_dimensional_dense_sweeps,C:\Users\mgkim15\AppData\Local\Temp\tvbperf_g2d15rxm\run_00069.csv,9,2,0,34,0,0,0,1,auto,unused,120,600,1,0,0,../../../../../scripts/standard_camera.csv,10,0,0,60,0,captures,1,60,1280,720,0,0,64,0.5,0.5,0,0,-10,0,0,0,0.1,1000,0.785,1,1,1,0,0,-1,1,1,0.5,120,1,1,256,1,100,total,0.11803,visibility,0.00728,visutil_histogram,0.00790,visutil_prefix,0.00192,visutil_flatten,0.00938,gbuffer,0.02255,lighting,0.03038,tonemap,0.00797,,0.00000,,0.00000,,0.00000,,0.00000,,0.00000,,0.00000,,0.00000,,0.00000,,0.00000,,0.00000,,0.00000,,0.00000,,0.00000,,0.00000,,0.00000,,0.00000,,0.00000,,0.00000,,0.00000,,0.00000,,0.00000,,0.00000,,0.00000,,0.00000,DonutVisGBuffer,2026-07-30T12:46:45,free,0.11578,0.11686,0.14342,0.11803,0.11597,0.11619,0.12000,0.13242,1,1,1.00000,14641,0,120,100,9,34,0,0,0,1,auto,unused,120,600,0,0,../../../../../scripts/standard_camera.csv,10,0,0,60,0,1,60,1280,720,0,0,64,0.5,0.5,120,0.0,0.0,-10.0,0.0,0.0,0.0,0.1,1000.0,0.785,1,1,1,0,0,-1.0,1.0,1.0,0.5,1,1,256,1,100,38_synth_four_one_dimensional_dense_sweeps,0,69,0,success,0,,"Scene CPU cache disabled; rebuilding source scene.
Log saved to: D:\project\TVBPerf\out\build\x64-Release\bin\Release\logs\log_2026-07-30_12-46-45.txt",,
70,38_synth_four_one_dimensional_dense_sweeps,C:\Users\mgkim15\AppData\Local\Temp\tvbperf_g2d15rxm\run_00070.csv,8,2,0,35,0,0,0,1,auto,unused,120,600,1,0,0,../../../../../scripts/standard_camera.csv,10,0,0,60,0,captures,1,60,1280,720,0,0,64,0.5,0.5,0,0,-10,0,0,0,0.1,1000,0.785,1,1,1,0,0,-1,1,1,0.5,128,1,1,256,1,100,total,0.06572,depth_prepass,0.00568,geometry,0.00954,lighting,0.03057,tonemap,0.00808,,0.00000,,0.00000,,0.00000,,0.00000,,0.00000,,0.00000,,0.00000,,0.00000,,0.00000,,0.00000,,0.00000,,0.00000,,0.00000,,0.00000,,0.00000,,0.00000,,0.00000,,0.00000,,0.00000,,0.00000,,0.00000,,0.00000,,0.00000,,0.00000,,0.00000,,0.00000,,0.00000,DonutDeferredPrepass,2026-07-30T12:46:45,free,0.06410,0.06557,0.07840,0.06572,0.06429,0.06461,0.06704,0.06803,1,1,1.00000,16641,0,128,100,8,35,0,0,0,1,auto,unused,120,600,0,0,../../../../../scripts/standard_camera.csv,10,0,0,60,0,1,60,1280,720,0,0,64,0.5,0.5,128,0.0,0.0,-10.0,0.0,0.0,0.0,0.1,1000.0,0.785,1,1,1,0,0,-1.0,1.0,1.0,0.5,1,1,256,1,100,38_synth_four_one_dimensional_dense_sweeps,0,70,0,success,0,,"Scene CPU cache disabled; rebuilding source scene.
Log saved to: D:\project\TVBPerf\out\build\x64-Release\bin\Release\logs\log_2026-07-30_12-46-46.txt",,
71,38_synth_four_one_dimensional_dense_sweeps,C:\Users\mgkim15\AppData\Local\Temp\tvbperf_g2d15rxm\run_00071.csv,9,2,0,35,0,0,0,1,auto,unused,120,600,1,0,0,../../../../../scripts/standard_camera.csv,10,0,0,60,0,captures,1,60,1280,720,0,0,64,0.5,0.5,0,0,-10,0,0,0,0.1,1000,0.785,1,1,1,0,0,-1,1,1,0.5,128,1,1,256,1,100,total,0.11845,visibility,0.00748,visutil_histogram,0.00790,visutil_prefix,0.00192,visutil_flatten,0.00938,gbuffer,0.02258,lighting,0.03035,tonemap,0.00797,,0.00000,,0.00000,,0.00000,,0.00000,,0.00000,,0.00000,,0.00000,,0.00000,,0.00000,,0.00000,,0.00000,,0.00000,,0.00000,,0.00000,,0.00000,,0.00000,,0.00000,,0.00000,,0.00000,,0.00000,,0.00000,,0.00000,,0.00000,,0.00000,DonutVisGBuffer,2026-07-30T12:46:46,free,0.11581,0.11878,0.15373,0.11845,0.11600,0.11622,0.12000,0.12029,1,1,1.00000,16641,0,128,100,9,35,0,0,0,1,auto,unused,120,600,0,0,../../../../../scripts/standard_camera.csv,10,0,0,60,0,1,60,1280,720,0,0,64,0.5,0.5,128,0.0,0.0,-10.0,0.0,0.0,0.0,0.1,1000.0,0.785,1,1,1,0,0,-1.0,1.0,1.0,0.5,1,1,256,1,100,38_synth_four_one_dimensional_dense_sweeps,0,71,0,success,0,,"Scene CPU cache disabled; rebuilding source scene.
Log saved to: D:\project\TVBPerf\out\build\x64-Release\bin\Release\logs\log_2026-07-30_12-46-46.txt",,
72,38_synth_four_one_dimensional_dense_sweeps,C:\Users\mgkim15\AppData\Local\Temp\tvbperf_g2d15rxm\run_00072.csv,8,2,0,36,0,0,0,1,auto,unused,120,600,1,0,0,../../../../../scripts/standard_camera.csv,10,0,0,60,0,captures,1,60,1280,720,0,0,64,0,0.5,0,0,-10,0,0,0,0.1,1000,0.785,1,1,1,0,0,-1,1,1,0.5,64,1,1,256,1,100,total,0.06207,depth_prepass,0.00400,geometry,0.00753,lighting,0.03056,tonemap,0.00805,,0.00000,,0.00000,,0.00000,,0.00000,,0.00000,,0.00000,,0.00000,,0.00000,,0.00000,,0.00000,,0.00000,,0.00000,,0.00000,,0.00000,,0.00000,,0.00000,,0.00000,,0.00000,,0.00000,,0.00000,,0.00000,,0.00000,,0.00000,,0.00000,,0.00000,,0.00000,,0.00000,DonutDeferredPrepass,2026-07-30T12:46:46,free,0.05987,0.06186,0.07619,0.06207,0.06077,0.06102,0.06339,0.06394,1,1,1.00000,4225,0,64,100,8,36,0,0,0,1,auto,unused,120,600,0,0,../../../../../scripts/standard_camera.csv,10,0,0,60,0,1,60,1280,720,0,0,64,0.0,0.5,64,0.0,0.0,-10.0,0.0,0.0,0.0,0.1,1000.0,0.785,1,1,1,0,0,-1.0,1.0,1.0,0.5,1,1,256,1,100,38_synth_four_one_dimensional_dense_sweeps,0,72,0,success,0,,"Scene CPU cache disabled; rebuilding source scene.
Log saved to: D:\project\TVBPerf\out\build\x64-Release\bin\Release\logs\log_2026-07-30_12-46-47.txt",,
73,38_synth_four_one_dimensional_dense_sweeps,C:\Users\mgkim15\AppData\Local\Temp\tvbperf_g2d15rxm\run_00073.csv,9,2,0,36,0,0,0,1,auto,unused,120,600,1,0,0,../../../../../scripts/standard_camera.csv,10,0,0,60,0,captures,1,60,1280,720,0,0,64,0,0.5,0,0,-10,0,0,0,0.1,1000,0.785,1,1,1,0,0,-1,1,1,0.5,64,1,1,256,1,100,total,0.11640,visibility,0.00546,visutil_histogram,0.00790,visutil_prefix,0.00192,visutil_flatten,0.00938,gbuffer,0.02253,lighting,0.03035,tonemap,0.00802,,0.00000,,0.00000,,0.00000,,0.00000,,0.00000,,0.00000,,0.00000,,0.00000,,0.00000,,0.00000,,0.00000,,0.00000,,0.00000,,0.00000,,0.00000,,0.00000,,0.00000,,0.00000,,0.00000,,0.00000,,0.00000,,0.00000,,0.00000,,0.00000,DonutVisGBuffer,2026-07-30T12:46:47,free,0.11382,0.11677,0.12954,0.11640,0.11398,0.11424,0.11795,0.12691,1,1,1.00000,4225,0,64,100,9,36,0,0,0,1,auto,unused,120,600,0,0,../../../../../scripts/standard_camera.csv,10,0,0,60,0,1,60,1280,720,0,0,64,0.0,0.5,64,0.0,0.0,-10.0,0.0,0.0,0.0,0.1,1000.0,0.785,1,1,1,0,0,-1.0,1.0,1.0,0.5,1,1,256,1,100,38_synth_four_one_dimensional_dense_sweeps,0,73,0,success,0,,"Scene CPU cache disabled; rebuilding source scene.
Log saved to: D:\project\TVBPerf\out\build\x64-Release\bin\Release\logs\log_2026-07-30_12-46-47.txt",,
74,38_synth_four_one_dimensional_dense_sweeps,C:\Users\mgkim15\AppData\Local\Temp\tvbperf_g2d15rxm\run_00074.csv,8,2,0,37,0,0,0,1,auto,unused,120,600,1,0,0,../../../../../scripts/standard_camera.csv,10,0,0,60,0,captures,1,60,1280,720,0,0,64,0.05,0.5,0,0,-10,0,0,0,0.1,1000,0.785,1,1,1,0,0,-1,1,1,0.5,64,1,1,256,1,100,total,0.06228,depth_prepass,0.00405,geometry,0.00760,lighting,0.03055,tonemap,0.00807,,0.00000,,0.00000,,0.00000,,0.00000,,0.00000,,0.00000,,0.00000,,0.00000,,0.00000,,0.00000,,0.00000,,0.00000,,0.00000,,0.00000,,0.00000,,0.00000,,0.00000,,0.00000,,0.00000,,0.00000,,0.00000,,0.00000,,0.00000,,0.00000,,0.00000,,0.00000,,0.00000,DonutDeferredPrepass,2026-07-30T12:46:47,free,0.06048,0.06192,0.08742,0.06228,0.06080,0.06106,0.06342,0.07360,1,1,1.00000,4225,0,64,100,8,37,0,0,0,1,auto,unused,120,600,0,0,../../../../../scripts/standard_camera.csv,10,0,0,60,0,1,60,1280,720,0,0,64,0.05,0.5,64,0.0,0.0,-10.0,0.0,0.0,0.0,0.1,1000.0,0.785,1,1,1,0,0,-1.0,1.0,1.0,0.5,1,1,256,1,100,38_synth_four_one_dimensional_dense_sweeps,0,74,0,success,0,,"Scene CPU cache disabled; rebuilding source scene.
Log saved to: D:\project\TVBPerf\out\build\x64-Release\bin\Release\logs\log_2026-07-30_12-46-48.txt",,
75,38_synth_four_one_dimensional_dense_sweeps,C:\Users\mgkim15\AppData\Local\Temp\tvbperf_g2d15rxm\run_00075.csv,9,2,0,37,0,0,0,1,auto,unused,120,600,1,0,0,../../../../../scripts/standard_camera.csv,10,0,0,60,0,captures,1,60,1280,720,0,0,64,0.05,0.5,0,0,-10,0,0,0,0.1,1000,0.785,1,1,1,0,0,-1,1,1,0.5,64,1,1,256,1,100,total,0.11669,visibility,0.00550,visutil_histogram,0.00812,visutil_prefix,0.00192,visutil_flatten,0.00938,gbuffer,0.02255,lighting,0.03033,tonemap,0.00801,,0.00000,,0.00000,,0.00000,,0.00000,,0.00000,,0.00000,,0.00000,,0.00000,,0.00000,,0.00000,,0.00000,,0.00000,,0.00000,,0.00000,,0.00000,,0.00000,,0.00000,,0.00000,,0.00000,,0.00000,,0.00000,,0.00000,,0.00000,,0.00000,DonutVisGBuffer,2026-07-30T12:46:48,free,0.11389,0.11677,0.24877,0.11669,0.11402,0.11424,0.11798,0.12576,1,1,1.00000,4225,0,64,100,9,37,0,0,0,1,auto,unused,120,600,0,0,../../../../../scripts/standard_camera.csv,10,0,0,60,0,1,60,1280,720,0,0,64,0.05,0.5,64,0.0,0.0,-10.0,0.0,0.0,0.0,0.1,1000.0,0.785,1,1,1,0,0,-1.0,1.0,1.0,0.5,1,1,256,1,100,38_synth_four_one_dimensional_dense_sweeps,0,75,0,success,0,,"Scene CPU cache disabled; rebuilding source scene.
Log saved to: D:\project\TVBPerf\out\build\x64-Release\bin\Release\logs\log_2026-07-30_12-46-48.txt",,
76,38_synth_four_one_dimensional_dense_sweeps,C:\Users\mgkim15\AppData\Local\Temp\tvbperf_g2d15rxm\run_00076.csv,8,2,0,38,0,0,0,1,auto,unused,120,600,1,0,0,../../../../../scripts/standard_camera.csv,10,0,0,60,0,captures,1,60,1280,720,0,0,64,0.1,0.5,0,0,-10,0,0,0,0.1,1000,0.785,1,1,1,0,0,-1,1,1,0.5,64,1,1,256,1,100,total,0.06208,depth_prepass,0.00407,geometry,0.00753,lighting,0.03056,tonemap,0.00805,,0.00000,,0.00000,,0.00000,,0.00000,,0.00000,,0.00000,,0.00000,,0.00000,,0.00000,,0.00000,,0.00000,,0.00000,,0.00000,,0.00000,,0.00000,,0.00000,,0.00000,,0.00000,,0.00000,,0.00000,,0.00000,,0.00000,,0.00000,,0.00000,,0.00000,,0.00000,,0.00000,DonutDeferredPrepass,2026-07-30T12:46:48,free,0.06042,0.06192,0.07360,0.06208,0.06083,0.06112,0.06339,0.06378,1,1,1.00000,4225,0,64,100,8,38,0,0,0,1,auto,unused,120,600,0,0,../../../../../scripts/standard_camera.csv,10,0,0,60,0,1,60,1280,720,0,0,64,0.1,0.5,64,0.0,0.0,-10.0,0.0,0.0,0.0,0.1,1000.0,0.785,1,1,1,0,0,-1.0,1.0,1.0,0.5,1,1,256,1,100,38_synth_four_one_dimensional_dense_sweeps,0,76,0,success,0,,"Scene CPU cache disabled; rebuilding source scene.
Log saved to: D:\project\TVBPerf\out\build\x64-Release\bin\Release\logs\log_2026-07-30_12-46-49.txt",,
77,38_synth_four_one_dimensional_dense_sweeps,C:\Users\mgkim15\AppData\Local\Temp\tvbperf_g2d15rxm\run_00077.csv,9,2,0,38,0,0,0,1,auto,unused,120,600,1,0,0,../../../../../scripts/standard_camera.csv,10,0,0,60,0,captures,1,60,1280,720,0,0,64,0.1,0.5,0,0,-10,0,0,0,0.1,1000,0.785,1,1,1,0,0,-1,1,1,0.5,64,1,1,256,1,100,total,0.11662,visibility,0.00552,visutil_histogram,0.00791,visutil_prefix,0.00192,visutil_flatten,0.00938,gbuffer,0.02256,lighting,0.03027,tonemap,0.00799,,0.00000,,0.00000,,0.00000,,0.00000,,0.00000,,0.00000,,0.00000,,0.00000,,0.00000,,0.00000,,0.00000,,0.00000,,0.00000,,0.00000,,0.00000,,0.00000,,0.00000,,0.00000,,0.00000,,0.00000,,0.00000,,0.00000,,0.00000,,0.00000,DonutVisGBuffer,2026-07-30T12:46:49,free,0.11389,0.11677,0.14339,0.11662,0.11398,0.11427,0.11802,0.12890,1,1,1.00000,4225,0,64,100,9,38,0,0,0,1,auto,unused,120,600,0,0,../../../../../scripts/standard_camera.csv,10,0,0,60,0,1,60,1280,720,0,0,64,0.1,0.5,64,0.0,0.0,-10.0,0.0,0.0,0.0,0.1,1000.0,0.785,1,1,1,0,0,-1.0,1.0,1.0,0.5,1,1,256,1,100,38_synth_four_one_dimensional_dense_sweeps,0,77,0,success,0,,"Scene CPU cache disabled; rebuilding source scene.
Log saved to: D:\project\TVBPerf\out\build\x64-Release\bin\Release\logs\log_2026-07-30_12-46-49.txt",,
78,38_synth_four_one_dimensional_dense_sweeps,C:\Users\mgkim15\AppData\Local\Temp\tvbperf_g2d15rxm\run_00078.csv,8,2,0,39,0,0,0,1,auto,unused,120,600,1,0,0,../../../../../scripts/standard_camera.csv,10,0,0,60,0,captures,1,60,1280,720,0,0,64,0.15,0.5,0,0,-10,0,0,0,0.1,1000,0.785,1,1,1,0,0,-1,1,1,0.5,64,1,1,256,1,100,total,0.06202,depth_prepass,0.00407,geometry,0.00753,lighting,0.03058,tonemap,0.00798,,0.00000,,0.00000,,0.00000,,0.00000,,0.00000,,0.00000,,0.00000,,0.00000,,0.00000,,0.00000,,0.00000,,0.00000,,0.00000,,0.00000,,0.00000,,0.00000,,0.00000,,0.00000,,0.00000,,0.00000,,0.00000,,0.00000,,0.00000,,0.00000,,0.00000,,0.00000,,0.00000,DonutDeferredPrepass,2026-07-30T12:46:49,free,0.06035,0.06189,0.06528,0.06202,0.06067,0.06109,0.06333,0.06374,1,1,1.00000,4225,0,64,100,8,39,0,0,0,1,auto,unused,120,600,0,0,../../../../../scripts/standard_camera.csv,10,0,0,60,0,1,60,1280,720,0,0,64,0.15,0.5,64,0.0,0.0,-10.0,0.0,0.0,0.0,0.1,1000.0,0.785,1,1,1,0,0,-1.0,1.0,1.0,0.5,1,1,256,1,100,38_synth_four_one_dimensional_dense_sweeps,0,78,0,success,0,,"Scene CPU cache disabled; rebuilding source scene.
Log saved to: D:\project\TVBPerf\out\build\x64-Release\bin\Release\logs\log_2026-07-30_12-46-50.txt",,
79,38_synth_four_one_dimensional_dense_sweeps,C:\Users\mgkim15\AppData\Local\Temp\tvbperf_g2d15rxm\run_00079.csv,9,2,0,39,0,0,0,1,auto,unused,120,600,1,0,0,../../../../../scripts/standard_camera.csv,10,0,0,60,0,captures,1,60,1280,720,0,0,64,0.15,0.5,0,0,-10,0,0,0,0.1,1000,0.785,1,1,1,0,0,-1,1,1,0.5,64,1,1,256,1,100,total,0.11643,visibility,0.00545,visutil_histogram,0.00790,visutil_prefix,0.00192,visutil_flatten,0.00938,gbuffer,0.02256,lighting,0.03034,tonemap,0.00802,,0.00000,,0.00000,,0.00000,,0.00000,,0.00000,,0.00000,,0.00000,,0.00000,,0.00000,,0.00000,,0.00000,,0.00000,,0.00000,,0.00000,,0.00000,,0.00000,,0.00000,,0.00000,,0.00000,,0.00000,,0.00000,,0.00000,,0.00000,,0.00000,DonutVisGBuffer,2026-07-30T12:46:50,free,0.11392,0.11677,0.14253,0.11643,0.11402,0.11418,0.11805,0.12573,1,1,1.00000,4225,0,64,100,9,39,0,0,0,1,auto,unused,120,600,0,0,../../../../../scripts/standard_camera.csv,10,0,0,60,0,1,60,1280,720,0,0,64,0.15,0.5,64,0.0,0.0,-10.0,0.0,0.0,0.0,0.1,1000.0,0.785,1,1,1,0,0,-1.0,1.0,1.0,0.5,1,1,256,1,100,38_synth_four_one_dimensional_dense_sweeps,0,79,0,success,0,,"Scene CPU cache disabled; rebuilding source scene.
Log saved to: D:\project\TVBPerf\out\build\x64-Release\bin\Release\logs\log_2026-07-30_12-46-50.txt",,
80,38_synth_four_one_dimensional_dense_sweeps,C:\Users\mgkim15\AppData\Local\Temp\tvbperf_g2d15rxm\run_00080.csv,8,2,0,40,0,0,0,1,auto,unused,120,600,1,0,0,../../../../../scripts/standard_camera.csv,10,0,0,60,0,captures,1,60,1280,720,0,0,64,0.2,0.5,0,0,-10,0,0,0,0.1,1000,0.785,1,1,1,0,0,-1,1,1,0.5,64,1,1,256,1,100,total,0.06200,depth_prepass,0.00408,geometry,0.00752,lighting,0.03055,tonemap,0.00792,,0.00000,,0.00000,,0.00000,,0.00000,,0.00000,,0.00000,,0.00000,,0.00000,,0.00000,,0.00000,,0.00000,,0.00000,,0.00000,,0.00000,,0.00000,,0.00000,,0.00000,,0.00000,,0.00000,,0.00000,,0.00000,,0.00000,,0.00000,,0.00000,,0.00000,,0.00000,,0.00000,DonutDeferredPrepass,2026-07-30T12:46:50,free,0.06048,0.06182,0.08806,0.06200,0.06067,0.06099,0.06330,0.06365,1,1,1.00000,4225,0,64,100,8,40,0,0,0,1,auto,unused,120,600,0,0,../../../../../scripts/standard_camera.csv,10,0,0,60,0,1,60,1280,720,0,0,64,0.2,0.5,64,0.0,0.0,-10.0,0.0,0.0,0.0,0.1,1000.0,0.785,1,1,1,0,0,-1.0,1.0,1.0,0.5,1,1,256,1,100,38_synth_four_one_dimensional_dense_sweeps,0,80,0,success,0,,"Scene CPU cache disabled; rebuilding source scene.
Log saved to: D:\project\TVBPerf\out\build\x64-Release\bin\Release\logs\log_2026-07-30_12-46-51.txt",,
81,38_synth_four_one_dimensional_dense_sweeps,C:\Users\mgkim15\AppData\Local\Temp\tvbperf_g2d15rxm\run_00081.csv,9,2,0,40,0,0,0,1,auto,unused,120,600,1,0,0,../../../../../scripts/standard_camera.csv,10,0,0,60,0,captures,1,60,1280,720,0,0,64,0.2,0.5,0,0,-10,0,0,0,0.1,1000,0.785,1,1,1,0,0,-1,1,1,0.5,64,1,1,256,1,100,total,0.11644,visibility,0.00543,visutil_histogram,0.00790,visutil_prefix,0.00192,visutil_flatten,0.00938,gbuffer,0.02254,lighting,0.03035,tonemap,0.00800,,0.00000,,0.00000,,0.00000,,0.00000,,0.00000,,0.00000,,0.00000,,0.00000,,0.00000,,0.00000,,0.00000,,0.00000,,0.00000,,0.00000,,0.00000,,0.00000,,0.00000,,0.00000,,0.00000,,0.00000,,0.00000,,0.00000,,0.00000,,0.00000,DonutVisGBuffer,2026-07-30T12:46:51,free,0.11187,0.11674,0.14653,0.11644,0.11398,0.11418,0.11798,0.12899,1,1,1.00000,4225,0,64,100,9,40,0,0,0,1,auto,unused,120,600,0,0,../../../../../scripts/standard_camera.csv,10,0,0,60,0,1,60,1280,720,0,0,64,0.2,0.5,64,0.0,0.0,-10.0,0.0,0.0,0.0,0.1,1000.0,0.785,1,1,1,0,0,-1.0,1.0,1.0,0.5,1,1,256,1,100,38_synth_four_one_dimensional_dense_sweeps,0,81,0,success,0,,"Scene CPU cache disabled; rebuilding source scene.
Log saved to: D:\project\TVBPerf\out\build\x64-Release\bin\Release\logs\log_2026-07-30_12-46-51.txt",,
82,38_synth_four_one_dimensional_dense_sweeps,C:\Users\mgkim15\AppData\Local\Temp\tvbperf_g2d15rxm\run_00082.csv,8,2,0,41,0,0,0,1,auto,unused,120,600,1,0,0,../../../../../scripts/standard_camera.csv,10,0,0,60,0,captures,1,60,1280,720,0,0,64,0.25,0.5,0,0,-10,0,0,0,0.1,1000,0.785,1,1,1,0,0,-1,1,1,0.5,64,1,1,256,1,100,total,0.06211,depth_prepass,0.00407,geometry,0.00753,lighting,0.03052,tonemap,0.00809,,0.00000,,0.00000,,0.00000,,0.00000,,0.00000,,0.00000,,0.00000,,0.00000,,0.00000,,0.00000,,0.00000,,0.00000,,0.00000,,0.00000,,0.00000,,0.00000,,0.00000,,0.00000,,0.00000,,0.00000,,0.00000,,0.00000,,0.00000,,0.00000,,0.00000,,0.00000,,0.00000,DonutDeferredPrepass,2026-07-30T12:46:51,free,0.06032,0.06192,0.07952,0.06211,0.06070,0.06109,0.06310,0.07200,1,1,1.00000,4225,0,64,100,8,41,0,0,0,1,auto,unused,120,600,0,0,../../../../../scripts/standard_camera.csv,10,0,0,60,0,1,60,1280,720,0,0,64,0.25,0.5,64,0.0,0.0,-10.0,0.0,0.0,0.0,0.1,1000.0,0.785,1,1,1,0,0,-1.0,1.0,1.0,0.5,1,1,256,1,100,38_synth_four_one_dimensional_dense_sweeps,0,82,0,success,0,,"Scene CPU cache disabled; rebuilding source scene.
Log saved to: D:\project\TVBPerf\out\build\x64-Release\bin\Release\logs\log_2026-07-30_12-46-52.txt",,
83,38_synth_four_one_dimensional_dense_sweeps,C:\Users\mgkim15\AppData\Local\Temp\tvbperf_g2d15rxm\run_00083.csv,9,2,0,41,0,0,0,1,auto,unused,120,600,1,0,0,../../../../../scripts/standard_camera.csv,10,0,0,60,0,captures,1,60,1280,720,0,0,64,0.25,0.5,0,0,-10,0,0,0,0.1,1000,0.785,1,1,1,0,0,-1,1,1,0.5,64,1,1,256,1,100,total,0.11668,visibility,0.00544,visutil_histogram,0.00790,visutil_prefix,0.00192,visutil_flatten,0.00938,gbuffer,0.02255,lighting,0.03036,tonemap,0.00800,,0.00000,,0.00000,,0.00000,,0.00000,,0.00000,,0.00000,,0.00000,,0.00000,,0.00000,,0.00000,,0.00000,,0.00000,,0.00000,,0.00000,,0.00000,,0.00000,,0.00000,,0.00000,,0.00000,,0.00000,,0.00000,,0.00000,,0.00000,,0.00000,DonutVisGBuffer,2026-07-30T12:46:52,free,0.11382,0.11670,0.24480,0.11668,0.11398,0.11421,0.11798,0.12938,1,1,1.00000,4225,0,64,100,9,41,0,0,0,1,auto,unused,120,600,0,0,../../../../../scripts/standard_camera.csv,10,0,0,60,0,1,60,1280,720,0,0,64,0.25,0.5,64,0.0,0.0,-10.0,0.0,0.0,0.0,0.1,1000.0,0.785,1,1,1,0,0,-1.0,1.0,1.0,0.5,1,1,256,1,100,38_synth_four_one_dimensional_dense_sweeps,0,83,0,success,0,,"Scene CPU cache disabled; rebuilding source scene.
Log saved to: D:\project\TVBPerf\out\build\x64-Release\bin\Release\logs\log_2026-07-30_12-46-52.txt",,
84,38_synth_four_one_dimensional_dense_sweeps,C:\Users\mgkim15\AppData\Local\Temp\tvbperf_g2d15rxm\run_00084.csv,8,2,0,42,0,0,0,1,auto,unused,120,600,1,0,0,../../../../../scripts/standard_camera.csv,10,0,0,60,0,captures,1,60,1280,720,0,0,64,0.3,0.5,0,0,-10,0,0,0,0.1,1000,0.785,1,1,1,0,0,-1,1,1,0.5,64,1,1,256,1,100,total,0.06232,depth_prepass,0.00411,geometry,0.00747,lighting,0.03073,tonemap,0.00797,,0.00000,,0.00000,,0.00000,,0.00000,,0.00000,,0.00000,,0.00000,,0.00000,,0.00000,,0.00000,,0.00000,,0.00000,,0.00000,,0.00000,,0.00000,,0.00000,,0.00000,,0.00000,,0.00000,,0.00000,,0.00000,,0.00000,,0.00000,,0.00000,,0.00000,,0.00000,,0.00000,DonutDeferredPrepass,2026-07-30T12:46:52,free,0.06042,0.06182,0.20397,0.06232,0.06061,0.06096,0.06326,0.06573,1,1,1.00000,4225,0,64,100,8,42,0,0,0,1,auto,unused,120,600,0,0,../../../../../scripts/standard_camera.csv,10,0,0,60,0,1,60,1280,720,0,0,64,0.3,0.5,64,0.0,0.0,-10.0,0.0,0.0,0.0,0.1,1000.0,0.785,1,1,1,0,0,-1.0,1.0,1.0,0.5,1,1,256,1,100,38_synth_four_one_dimensional_dense_sweeps,0,84,0,success,0,,"Scene CPU cache disabled; rebuilding source scene.
Log saved to: D:\project\TVBPerf\out\build\x64-Release\bin\Release\logs\log_2026-07-30_12-46-53.txt",,
85,38_synth_four_one_dimensional_dense_sweeps,C:\Users\mgkim15\AppData\Local\Temp\tvbperf_g2d15rxm\run_00085.csv,9,2,0,42,0,0,0,1,auto,unused,120,600,1,0,0,../../../../../scripts/standard_camera.csv,10,0,0,60,0,captures,1,60,1280,720,0,0,64,0.3,0.5,0,0,-10,0,0,0,0.1,1000,0.785,1,1,1,0,0,-1,1,1,0.5,64,1,1,256,1,100,total,0.11670,visibility,0.00545,visutil_histogram,0.00791,visutil_prefix,0.00192,visutil_flatten,0.00938,gbuffer,0.02254,lighting,0.03033,tonemap,0.00797,,0.00000,,0.00000,,0.00000,,0.00000,,0.00000,,0.00000,,0.00000,,0.00000,,0.00000,,0.00000,,0.00000,,0.00000,,0.00000,,0.00000,,0.00000,,0.00000,,0.00000,,0.00000,,0.00000,,0.00000,,0.00000,,0.00000,,0.00000,,0.00000,DonutVisGBuffer,2026-07-30T12:46:53,free,0.11382,0.11674,0.25722,0.11670,0.11395,0.11418,0.11798,0.12906,1,1,1.00000,4225,0,64,100,9,42,0,0,0,1,auto,unused,120,600,0,0,../../../../../scripts/standard_camera.csv,10,0,0,60,0,1,60,1280,720,0,0,64,0.3,0.5,64,0.0,0.0,-10.0,0.0,0.0,0.0,0.1,1000.0,0.785,1,1,1,0,0,-1.0,1.0,1.0,0.5,1,1,256,1,100,38_synth_four_one_dimensional_dense_sweeps,0,85,0,success,0,,"Scene CPU cache disabled; rebuilding source scene.
Log saved to: D:\project\TVBPerf\out\build\x64-Release\bin\Release\logs\log_2026-07-30_12-46-53.txt",,
86,38_synth_four_one_dimensional_dense_sweeps,C:\Users\mgkim15\AppData\Local\Temp\tvbperf_g2d15rxm\run_00086.csv,8,2,0,43,0,0,0,1,auto,unused,120,600,1,0,0,../../../../../scripts/standard_camera.csv,10,0,0,60,0,captures,1,60,1280,720,0,0,64,0.35,0.5,0,0,-10,0,0,0,0.1,1000,0.785,1,1,1,0,0,-1,1,1,0.5,64,1,1,256,1,100,total,0.06233,depth_prepass,0.00407,geometry,0.00753,lighting,0.03080,tonemap,0.00798,,0.00000,,0.00000,,0.00000,,0.00000,,0.00000,,0.00000,,0.00000,,0.00000,,0.00000,,0.00000,,0.00000,,0.00000,,0.00000,,0.00000,,0.00000,,0.00000,,0.00000,,0.00000,,0.00000,,0.00000,,0.00000,,0.00000,,0.00000,,0.00000,,0.00000,,0.00000,,0.00000,DonutDeferredPrepass,2026-07-30T12:46:53,free,0.06061,0.06186,0.20874,0.06233,0.06074,0.06109,0.06336,0.06464,1,1,1.00000,4225,0,64,100,8,43,0,0,0,1,auto,unused,120,600,0,0,../../../../../scripts/standard_camera.csv,10,0,0,60,0,1,60,1280,720,0,0,64,0.35,0.5,64,0.0,0.0,-10.0,0.0,0.0,0.0,0.1,1000.0,0.785,1,1,1,0,0,-1.0,1.0,1.0,0.5,1,1,256,1,100,38_synth_four_one_dimensional_dense_sweeps,0,86,0,success,0,,"Scene CPU cache disabled; rebuilding source scene.
Log saved to: D:\project\TVBPerf\out\build\x64-Release\bin\Release\logs\log_2026-07-30_12-46-54.txt",,
87,38_synth_four_one_dimensional_dense_sweeps,C:\Users\mgkim15\AppData\Local\Temp\tvbperf_g2d15rxm\run_00087.csv,9,2,0,43,0,0,0,1,auto,unused,120,600,1,0,0,../../../../../scripts/standard_camera.csv,10,0,0,60,0,captures,1,60,1280,720,0,0,64,0.35,0.5,0,0,-10,0,0,0,0.1,1000,0.785,1,1,1,0,0,-1,1,1,0.5,64,1,1,256,1,100,total,0.11688,visibility,0.00549,visutil_histogram,0.00792,visutil_prefix,0.00192,visutil_flatten,0.00938,gbuffer,0.02279,lighting,0.03033,tonemap,0.00798,,0.00000,,0.00000,,0.00000,,0.00000,,0.00000,,0.00000,,0.00000,,0.00000,,0.00000,,0.00000,,0.00000,,0.00000,,0.00000,,0.00000,,0.00000,,0.00000,,0.00000,,0.00000,,0.00000,,0.00000,,0.00000,,0.00000,,0.00000,,0.00000,DonutVisGBuffer,2026-07-30T12:46:54,free,0.11379,0.11674,0.26125,0.11688,0.11398,0.11421,0.11789,0.11891,1,1,1.00000,4225,0,64,100,9,43,0,0,0,1,auto,unused,120,600,0,0,../../../../../scripts/standard_camera.csv,10,0,0,60,0,1,60,1280,720,0,0,64,0.35,0.5,64,0.0,0.0,-10.0,0.0,0.0,0.0,0.1,1000.0,0.785,1,1,1,0,0,-1.0,1.0,1.0,0.5,1,1,256,1,100,38_synth_four_one_dimensional_dense_sweeps,0,87,0,success,0,,"Scene CPU cache disabled; rebuilding source scene.
Log saved to: D:\project\TVBPerf\out\build\x64-Release\bin\Release\logs\log_2026-07-30_12-46-54.txt",,
88,38_synth_four_one_dimensional_dense_sweeps,C:\Users\mgkim15\AppData\Local\Temp\tvbperf_g2d15rxm\run_00088.csv,8,2,0,44,0,0,0,1,auto,unused,120,600,1,0,0,../../../../../scripts/standard_camera.csv,10,0,0,60,0,captures,1,60,1280,720,0,0,64,0.4,0.5,0,0,-10,0,0,0,0.1,1000,0.785,1,1,1,0,0,-1,1,1,0.5,64,1,1,256,1,100,total,0.06212,depth_prepass,0.00407,geometry,0.00753,lighting,0.03057,tonemap,0.00804,,0.00000,,0.00000,,0.00000,,0.00000,,0.00000,,0.00000,,0.00000,,0.00000,,0.00000,,0.00000,,0.00000,,0.00000,,0.00000,,0.00000,,0.00000,,0.00000,,0.00000,,0.00000,,0.00000,,0.00000,,0.00000,,0.00000,,0.00000,,0.00000,,0.00000,,0.00000,,0.00000,DonutDeferredPrepass,2026-07-30T12:46:54,free,0.06054,0.06192,0.08595,0.06212,0.06083,0.06112,0.06342,0.06419,1,1,1.00000,4225,0,64,100,8,44,0,0,0,1,auto,unused,120,600,0,0,../../../../../scripts/standard_camera.csv,10,0,0,60,0,1,60,1280,720,0,0,64,0.4,0.5,64,0.0,0.0,-10.0,0.0,0.0,0.0,0.1,1000.0,0.785,1,1,1,0,0,-1.0,1.0,1.0,0.5,1,1,256,1,100,38_synth_four_one_dimensional_dense_sweeps,0,88,0,success,0,,"Scene CPU cache disabled; rebuilding source scene.
Log saved to: D:\project\TVBPerf\out\build\x64-Release\bin\Release\logs\log_2026-07-30_12-46-55.txt",,
89,38_synth_four_one_dimensional_dense_sweeps,C:\Users\mgkim15\AppData\Local\Temp\tvbperf_g2d15rxm\run_00089.csv,9,2,0,44,0,0,0,1,auto,unused,120,600,1,0,0,../../../../../scripts/standard_camera.csv,10,0,0,60,0,captures,1,60,1280,720,0,0,64,0.4,0.5,0,0,-10,0,0,0,0.1,1000,0.785,1,1,1,0,0,-1,1,1,0.5,64,1,1,256,1,100,total,0.11637,visibility,0.00545,visutil_histogram,0.00790,visutil_prefix,0.00192,visutil_flatten,0.00938,gbuffer,0.02252,lighting,0.03033,tonemap,0.00800,,0.00000,,0.00000,,0.00000,,0.00000,,0.00000,,0.00000,,0.00000,,0.00000,,0.00000,,0.00000,,0.00000,,0.00000,,0.00000,,0.00000,,0.00000,,0.00000,,0.00000,,0.00000,,0.00000,,0.00000,,0.00000,,0.00000,,0.00000,,0.00000,DonutVisGBuffer,2026-07-30T12:46:55,free,0.11382,0.11674,0.13616,0.11637,0.11398,0.11418,0.11798,0.12496,1,1,1.00000,4225,0,64,100,9,44,0,0,0,1,auto,unused,120,600,0,0,../../../../../scripts/standard_camera.csv,10,0,0,60,0,1,60,1280,720,0,0,64,0.4,0.5,64,0.0,0.0,-10.0,0.0,0.0,0.0,0.1,1000.0,0.785,1,1,1,0,0,-1.0,1.0,1.0,0.5,1,1,256,1,100,38_synth_four_one_dimensional_dense_sweeps,0,89,0,success,0,,"Scene CPU cache disabled; rebuilding source scene.
Log saved to: D:\project\TVBPerf\out\build\x64-Release\bin\Release\logs\log_2026-07-30_12-46-55.txt",,
90,38_synth_four_one_dimensional_dense_sweeps,C:\Users\mgkim15\AppData\Local\Temp\tvbperf_g2d15rxm\run_00090.csv,8,2,0,45,0,0,0,1,auto,unused,120,600,1,0,0,../../../../../scripts/standard_camera.csv,10,0,0,60,0,captures,1,60,1280,720,0,0,64,0.45,0.5,0,0,-10,0,0,0,0.1,1000,0.785,1,1,1,0,0,-1,1,1,0.5,64,1,1,256,1,100,total,0.06204,depth_prepass,0.00403,geometry,0.00753,lighting,0.03055,tonemap,0.00803,,0.00000,,0.00000,,0.00000,,0.00000,,0.00000,,0.00000,,0.00000,,0.00000,,0.00000,,0.00000,,0.00000,,0.00000,,0.00000,,0.00000,,0.00000,,0.00000,,0.00000,,0.00000,,0.00000,,0.00000,,0.00000,,0.00000,,0.00000,,0.00000,,0.00000,,0.00000,,0.00000,DonutDeferredPrepass,2026-07-30T12:46:55,free,0.06048,0.06186,0.06995,0.06204,0.06074,0.06106,0.06336,0.06371,1,1,1.00000,4225,0,64,100,8,45,0,0,0,1,auto,unused,120,600,0,0,../../../../../scripts/standard_camera.csv,10,0,0,60,0,1,60,1280,720,0,0,64,0.45,0.5,64,0.0,0.0,-10.0,0.0,0.0,0.0,0.1,1000.0,0.785,1,1,1,0,0,-1.0,1.0,1.0,0.5,1,1,256,1,100,38_synth_four_one_dimensional_dense_sweeps,0,90,0,success,0,,"Scene CPU cache disabled; rebuilding source scene.
Log saved to: D:\project\TVBPerf\out\build\x64-Release\bin\Release\logs\log_2026-07-30_12-46-56.txt",,
91,38_synth_four_one_dimensional_dense_sweeps,C:\Users\mgkim15\AppData\Local\Temp\tvbperf_g2d15rxm\run_00091.csv,9,2,0,45,0,0,0,1,auto,unused,120,600,1,0,0,../../../../../scripts/standard_camera.csv,10,0,0,60,0,captures,1,60,1280,720,0,0,64,0.45,0.5,0,0,-10,0,0,0,0.1,1000,0.785,1,1,1,0,0,-1,1,1,0.5,64,1,1,256,1,100,total,0.11639,visibility,0.00548,visutil_histogram,0.00790,visutil_prefix,0.00192,visutil_flatten,0.00938,gbuffer,0.02266,lighting,0.03034,tonemap,0.00806,,0.00000,,0.00000,,0.00000,,0.00000,,0.00000,,0.00000,,0.00000,,0.00000,,0.00000,,0.00000,,0.00000,,0.00000,,0.00000,,0.00000,,0.00000,,0.00000,,0.00000,,0.00000,,0.00000,,0.00000,,0.00000,,0.00000,,0.00000,,0.00000,DonutVisGBuffer,2026-07-30T12:46:56,free,0.11386,0.11674,0.14138,0.11639,0.11405,0.11424,0.11805,0.13005,1,1,1.00000,4225,0,64,100,9,45,0,0,0,1,auto,unused,120,600,0,0,../../../../../scripts/standard_camera.csv,10,0,0,60,0,1,60,1280,720,0,0,64,0.45,0.5,64,0.0,0.0,-10.0,0.0,0.0,0.0,0.1,1000.0,0.785,1,1,1,0,0,-1.0,1.0,1.0,0.5,1,1,256,1,100,38_synth_four_one_dimensional_dense_sweeps,0,91,0,success,0,,"Scene CPU cache disabled; rebuilding source scene.
Log saved to: D:\project\TVBPerf\out\build\x64-Release\bin\Release\logs\log_2026-07-30_12-46-56.txt",,
92,38_synth_four_one_dimensional_dense_sweeps,C:\Users\mgkim15\AppData\Local\Temp\tvbperf_g2d15rxm\run_00092.csv,8,2,0,46,0,0,0,1,auto,unused,120,600,1,0,0,../../../../../scripts/standard_camera.csv,10,0,0,60,0,captures,1,60,1280,720,0,0,64,0.5,0.5,0,0,-10,0,0,0,0.1,1000,0.785,1,1,1,0,0,-1,1,1,0.5,64,1,1,256,1,100,total,0.06224,depth_prepass,0.00409,geometry,0.00753,lighting,0.03061,tonemap,0.00807,,0.00000,,0.00000,,0.00000,,0.00000,,0.00000,,0.00000,,0.00000,,0.00000,,0.00000,,0.00000,,0.00000,,0.00000,,0.00000,,0.00000,,0.00000,,0.00000,,0.00000,,0.00000,,0.00000,,0.00000,,0.00000,,0.00000,,0.00000,,0.00000,,0.00000,,0.00000,,0.00000,DonutDeferredPrepass,2026-07-30T12:46:56,free,0.06038,0.06198,0.08605,0.06224,0.06074,0.06106,0.06342,0.07434,1,1,1.00000,4225,0,64,100,8,46,0,0,0,1,auto,unused,120,600,0,0,../../../../../scripts/standard_camera.csv,10,0,0,60,0,1,60,1280,720,0,0,64,0.5,0.5,64,0.0,0.0,-10.0,0.0,0.0,0.0,0.1,1000.0,0.785,1,1,1,0,0,-1.0,1.0,1.0,0.5,1,1,256,1,100,38_synth_four_one_dimensional_dense_sweeps,0,92,0,success,0,,"Scene CPU cache disabled; rebuilding source scene.
Log saved to: D:\project\TVBPerf\out\build\x64-Release\bin\Release\logs\log_2026-07-30_12-46-57.txt",,
93,38_synth_four_one_dimensional_dense_sweeps,C:\Users\mgkim15\AppData\Local\Temp\tvbperf_g2d15rxm\run_00093.csv,9,2,0,46,0,0,0,1,auto,unused,120,600,1,0,0,../../../../../scripts/standard_camera.csv,10,0,0,60,0,captures,1,60,1280,720,0,0,64,0.5,0.5,0,0,-10,0,0,0,0.1,1000,0.785,1,1,1,0,0,-1,1,1,0.5,64,1,1,256,1,100,total,0.11638,visibility,0.00547,visutil_histogram,0.00790,visutil_prefix,0.00192,visutil_flatten,0.00938,gbuffer,0.02255,lighting,0.03027,tonemap,0.00802,,0.00000,,0.00000,,0.00000,,0.00000,,0.00000,,0.00000,,0.00000,,0.00000,,0.00000,,0.00000,,0.00000,,0.00000,,0.00000,,0.00000,,0.00000,,0.00000,,0.00000,,0.00000,,0.00000,,0.00000,,0.00000,,0.00000,,0.00000,,0.00000,DonutVisGBuffer,2026-07-30T12:46:57,free,0.11376,0.11670,0.14083,0.11638,0.11395,0.11424,0.11795,0.12083,1,1,1.00000,4225,0,64,100,9,46,0,0,0,1,auto,unused,120,600,0,0,../../../../../scripts/standard_camera.csv,10,0,0,60,0,1,60,1280,720,0,0,64,0.5,0.5,64,0.0,0.0,-10.0,0.0,0.0,0.0,0.1,1000.0,0.785,1,1,1,0,0,-1.0,1.0,1.0,0.5,1,1,256,1,100,38_synth_four_one_dimensional_dense_sweeps,0,93,0,success,0,,"Scene CPU cache disabled; rebuilding source scene.
Log saved to: D:\project\TVBPerf\out\build\x64-Release\bin\Release\logs\log_2026-07-30_12-46-57.txt",,
94,38_synth_four_one_dimensional_dense_sweeps,C:\Users\mgkim15\AppData\Local\Temp\tvbperf_g2d15rxm\run_00094.csv,8,2,0,47,0,0,0,1,auto,unused,120,600,1,0,0,../../../../../scripts/standard_camera.csv,10,0,0,60,0,captures,1,60,1280,720,0,0,64,0.55,0.5,0,0,-10,0,0,0,0.1,1000,0.785,1,1,1,0,0,-1,1,1,0.5,64,1,1,256,1,100,total,0.06213,depth_prepass,0.00402,geometry,0.00743,lighting,0.03052,tonemap,0.00804,,0.00000,,0.00000,,0.00000,,0.00000,,0.00000,,0.00000,,0.00000,,0.00000,,0.00000,,0.00000,,0.00000,,0.00000,,0.00000,,0.00000,,0.00000,,0.00000,,0.00000,,0.00000,,0.00000,,0.00000,,0.00000,,0.00000,,0.00000,,0.00000,,0.00000,,0.00000,,0.00000,DonutDeferredPrepass,2026-07-30T12:46:57,free,0.06054,0.06173,0.21427,0.06213,0.06061,0.06093,0.06320,0.06362,1,1,1.00000,4225,0,64,100,8,47,0,0,0,1,auto,unused,120,600,0,0,../../../../../scripts/standard_camera.csv,10,0,0,60,0,1,60,1280,720,0,0,64,0.55,0.5,64,0.0,0.0,-10.0,0.0,0.0,0.0,0.1,1000.0,0.785,1,1,1,0,0,-1.0,1.0,1.0,0.5,1,1,256,1,100,38_synth_four_one_dimensional_dense_sweeps,0,94,0,success,0,,"Scene CPU cache disabled; rebuilding source scene.
Log saved to: D:\project\TVBPerf\out\build\x64-Release\bin\Release\logs\log_2026-07-30_12-46-58.txt",,
95,38_synth_four_one_dimensional_dense_sweeps,C:\Users\mgkim15\AppData\Local\Temp\tvbperf_g2d15rxm\run_00095.csv,9,2,0,47,0,0,0,1,auto,unused,120,600,1,0,0,../../../../../scripts/standard_camera.csv,10,0,0,60,0,captures,1,60,1280,720,0,0,64,0.55,0.5,0,0,-10,0,0,0,0.1,1000,0.785,1,1,1,0,0,-1,1,1,0.5,64,1,1,256,1,100,total,0.11629,visibility,0.00548,visutil_histogram,0.00790,visutil_prefix,0.00192,visutil_flatten,0.00938,gbuffer,0.02253,lighting,0.03031,tonemap,0.00799,,0.00000,,0.00000,,0.00000,,0.00000,,0.00000,,0.00000,,0.00000,,0.00000,,0.00000,,0.00000,,0.00000,,0.00000,,0.00000,,0.00000,,0.00000,,0.00000,,0.00000,,0.00000,,0.00000,,0.00000,,0.00000,,0.00000,,0.00000,,0.00000,DonutVisGBuffer,2026-07-30T12:46:58,free,0.11379,0.11670,0.11894,0.11629,0.11398,0.11427,0.11789,0.11818,1,1,1.00000,4225,0,64,100,9,47,0,0,0,1,auto,unused,120,600,0,0,../../../../../scripts/standard_camera.csv,10,0,0,60,0,1,60,1280,720,0,0,64,0.55,0.5,64,0.0,0.0,-10.0,0.0,0.0,0.0,0.1,1000.0,0.785,1,1,1,0,0,-1.0,1.0,1.0,0.5,1,1,256,1,100,38_synth_four_one_dimensional_dense_sweeps,0,95,0,success,0,,"Scene CPU cache disabled; rebuilding source scene.
Log saved to: D:\project\TVBPerf\out\build\x64-Release\bin\Release\logs\log_2026-07-30_12-46-58.txt",,
96,38_synth_four_one_dimensional_dense_sweeps,C:\Users\mgkim15\AppData\Local\Temp\tvbperf_g2d15rxm\run_00096.csv,8,2,0,48,0,0,0,1,auto,unused,120,600,1,0,0,../../../../../scripts/standard_camera.csv,10,0,0,60,0,captures,1,60,1280,720,0,0,64,0.6,0.5,0,0,-10,0,0,0,0.1,1000,0.785,1,1,1,0,0,-1,1,1,0.5,64,1,1,256,1,100,total,0.06206,depth_prepass,0.00405,geometry,0.00752,lighting,0.03055,tonemap,0.00803,,0.00000,,0.00000,,0.00000,,0.00000,,0.00000,,0.00000,,0.00000,,0.00000,,0.00000,,0.00000,,0.00000,,0.00000,,0.00000,,0.00000,,0.00000,,0.00000,,0.00000,,0.00000,,0.00000,,0.00000,,0.00000,,0.00000,,0.00000,,0.00000,,0.00000,,0.00000,,0.00000,DonutDeferredPrepass,2026-07-30T12:46:58,free,0.06048,0.06189,0.07408,0.06206,0.06077,0.06106,0.06339,0.06387,1,1,1.00000,4225,0,64,100,8,48,0,0,0,1,auto,unused,120,600,0,0,../../../../../scripts/standard_camera.csv,10,0,0,60,0,1,60,1280,720,0,0,64,0.6,0.5,64,0.0,0.0,-10.0,0.0,0.0,0.0,0.1,1000.0,0.785,1,1,1,0,0,-1.0,1.0,1.0,0.5,1,1,256,1,100,38_synth_four_one_dimensional_dense_sweeps,0,96,0,success,0,,"Scene CPU cache disabled; rebuilding source scene.
Log saved to: D:\project\TVBPerf\out\build\x64-Release\bin\Release\logs\log_2026-07-30_12-46-59.txt",,
97,38_synth_four_one_dimensional_dense_sweeps,C:\Users\mgkim15\AppData\Local\Temp\tvbperf_g2d15rxm\run_00097.csv,9,2,0,48,0,0,0,1,auto,unused,120,600,1,0,0,../../../../../scripts/standard_camera.csv,10,0,0,60,0,captures,1,60,1280,720,0,0,64,0.6,0.5,0,0,-10,0,0,0,0.1,1000,0.785,1,1,1,0,0,-1,1,1,0.5,64,1,1,256,1,100,total,0.11638,visibility,0.00544,visutil_histogram,0.00790,visutil_prefix,0.00192,visutil_flatten,0.00938,gbuffer,0.02257,lighting,0.03027,tonemap,0.00798,,0.00000,,0.00000,,0.00000,,0.00000,,0.00000,,0.00000,,0.00000,,0.00000,,0.00000,,0.00000,,0.00000,,0.00000,,0.00000,,0.00000,,0.00000,,0.00000,,0.00000,,0.00000,,0.00000,,0.00000,,0.00000,,0.00000,,0.00000,,0.00000,DonutVisGBuffer,2026-07-30T12:46:59,free,0.11382,0.11674,0.13725,0.11638,0.11398,0.11414,0.11798,0.13024,1,1,1.00000,4225,0,64,100,9,48,0,0,0,1,auto,unused,120,600,0,0,../../../../../scripts/standard_camera.csv,10,0,0,60,0,1,60,1280,720,0,0,64,0.6,0.5,64,0.0,0.0,-10.0,0.0,0.0,0.0,0.1,1000.0,0.785,1,1,1,0,0,-1.0,1.0,1.0,0.5,1,1,256,1,100,38_synth_four_one_dimensional_dense_sweeps,0,97,0,success,0,,"Scene CPU cache disabled; rebuilding source scene.
Log saved to: D:\project\TVBPerf\out\build\x64-Release\bin\Release\logs\log_2026-07-30_12-46-59.txt",,
98,38_synth_four_one_dimensional_dense_sweeps,C:\Users\mgkim15\AppData\Local\Temp\tvbperf_g2d15rxm\run_00098.csv,8,2,0,49,0,0,0,1,auto,unused,120,600,1,0,0,../../../../../scripts/standard_camera.csv,10,0,0,60,0,captures,1,60,1280,720,0,0,64,0.65,0.5,0,0,-10,0,0,0,0.1,1000,0.785,1,1,1,0,0,-1,1,1,0.5,64,1,1,256,1,100,total,0.06227,depth_prepass,0.00408,geometry,0.00748,lighting,0.03056,tonemap,0.00804,,0.00000,,0.00000,,0.00000,,0.00000,,0.00000,,0.00000,,0.00000,,0.00000,,0.00000,,0.00000,,0.00000,,0.00000,,0.00000,,0.00000,,0.00000,,0.00000,,0.00000,,0.00000,,0.00000,,0.00000,,0.00000,,0.00000,,0.00000,,0.00000,,0.00000,,0.00000,,0.00000,DonutDeferredPrepass,2026-07-30T12:46:59,free,0.06029,0.06195,0.20048,0.06227,0.06067,0.06099,0.06333,0.06387,1,1,1.00000,4225,0,64,100,8,49,0,0,0,1,auto,unused,120,600,0,0,../../../../../scripts/standard_camera.csv,10,0,0,60,0,1,60,1280,720,0,0,64,0.65,0.5,64,0.0,0.0,-10.0,0.0,0.0,0.0,0.1,1000.0,0.785,1,1,1,0,0,-1.0,1.0,1.0,0.5,1,1,256,1,100,38_synth_four_one_dimensional_dense_sweeps,0,98,0,success,0,,"Scene CPU cache disabled; rebuilding source scene.
Log saved to: D:\project\TVBPerf\out\build\x64-Release\bin\Release\logs\log_2026-07-30_12-47-00.txt",,
99,38_synth_four_one_dimensional_dense_sweeps,C:\Users\mgkim15\AppData\Local\Temp\tvbperf_g2d15rxm\run_00099.csv,9,2,0,49,0,0,0,1,auto,unused,120,600,1,0,0,../../../../../scripts/standard_camera.csv,10,0,0,60,0,captures,1,60,1280,720,0,0,64,0.65,0.5,0,0,-10,0,0,0,0.1,1000,0.785,1,1,1,0,0,-1,1,1,0.5,64,1,1,256,1,100,total,0.11646,visibility,0.00547,visutil_histogram,0.00790,visutil_prefix,0.00192,visutil_flatten,0.00938,gbuffer,0.02253,lighting,0.03033,tonemap,0.00798,,0.00000,,0.00000,,0.00000,,0.00000,,0.00000,,0.00000,,0.00000,,0.00000,,0.00000,,0.00000,,0.00000,,0.00000,,0.00000,,0.00000,,0.00000,,0.00000,,0.00000,,0.00000,,0.00000,,0.00000,,0.00000,,0.00000,,0.00000,,0.00000,DonutVisGBuffer,2026-07-30T12:47:00,free,0.11382,0.11674,0.14342,0.11646,0.11398,0.11418,0.11795,0.12509,1,1,1.00000,4225,0,64,100,9,49,0,0,0,1,auto,unused,120,600,0,0,../../../../../scripts/standard_camera.csv,10,0,0,60,0,1,60,1280,720,0,0,64,0.65,0.5,64,0.0,0.0,-10.0,0.0,0.0,0.0,0.1,1000.0,0.785,1,1,1,0,0,-1.0,1.0,1.0,0.5,1,1,256,1,100,38_synth_four_one_dimensional_dense_sweeps,0,99,0,success,0,,"Scene CPU cache disabled; rebuilding source scene.
Log saved to: D:\project\TVBPerf\out\build\x64-Release\bin\Release\logs\log_2026-07-30_12-47-00.txt",,
100,38_synth_four_one_dimensional_dense_sweeps,C:\Users\mgkim15\AppData\Local\Temp\tvbperf_g2d15rxm\run_00100.csv,8,2,0,50,0,0,0,1,auto,unused,120,600,1,0,0,../../../../../scripts/standard_camera.csv,10,0,0,60,0,captures,1,60,1280,720,0,0,64,0.7,0.5,0,0,-10,0,0,0,0.1,1000,0.785,1,1,1,0,0,-1,1,1,0.5,64,1,1,256,1,100,total,0.06211,depth_prepass,0.00405,geometry,0.00754,lighting,0.03055,tonemap,0.00802,,0.00000,,0.00000,,0.00000,,0.00000,,0.00000,,0.00000,,0.00000,,0.00000,,0.00000,,0.00000,,0.00000,,0.00000,,0.00000,,0.00000,,0.00000,,0.00000,,0.00000,,0.00000,,0.00000,,0.00000,,0.00000,,0.00000,,0.00000,,0.00000,,0.00000,,0.00000,,0.00000,DonutDeferredPrepass,2026-07-30T12:47:00,free,0.06067,0.06186,0.08368,0.06211,0.06077,0.06099,0.06342,0.06394,1,1,1.00000,4225,0,64,100,8,50,0,0,0,1,auto,unused,120,600,0,0,../../../../../scripts/standard_camera.csv,10,0,0,60,0,1,60,1280,720,0,0,64,0.7,0.5,64,0.0,0.0,-10.0,0.0,0.0,0.0,0.1,1000.0,0.785,1,1,1,0,0,-1.0,1.0,1.0,0.5,1,1,256,1,100,38_synth_four_one_dimensional_dense_sweeps,0,100,0,success,0,,"Scene CPU cache disabled; rebuilding source scene.
Log saved to: D:\project\TVBPerf\out\build\x64-Release\bin\Release\logs\log_2026-07-30_12-47-01.txt",,
101,38_synth_four_one_dimensional_dense_sweeps,C:\Users\mgkim15\AppData\Local\Temp\tvbperf_g2d15rxm\run_00101.csv,9,2,0,50,0,0,0,1,auto,unused,120,600,1,0,0,../../../../../scripts/standard_camera.csv,10,0,0,60,0,captures,1,60,1280,720,0,0,64,0.7,0.5,0,0,-10,0,0,0,0.1,1000,0.785,1,1,1,0,0,-1,1,1,0.5,64,1,1,256,1,100,total,0.11632,visibility,0.00546,visutil_histogram,0.00790,visutil_prefix,0.00192,visutil_flatten,0.00938,gbuffer,0.02249,lighting,0.03031,tonemap,0.00797,,0.00000,,0.00000,,0.00000,,0.00000,,0.00000,,0.00000,,0.00000,,0.00000,,0.00000,,0.00000,,0.00000,,0.00000,,0.00000,,0.00000,,0.00000,,0.00000,,0.00000,,0.00000,,0.00000,,0.00000,,0.00000,,0.00000,,0.00000,,0.00000,DonutVisGBuffer,2026-07-30T12:47:01,free,0.11360,0.11674,0.14339,0.11632,0.11395,0.11418,0.11795,0.11811,1,1,1.00000,4225,0,64,100,9,50,0,0,0,1,auto,unused,120,600,0,0,../../../../../scripts/standard_camera.csv,10,0,0,60,0,1,60,1280,720,0,0,64,0.7,0.5,64,0.0,0.0,-10.0,0.0,0.0,0.0,0.1,1000.0,0.785,1,1,1,0,0,-1.0,1.0,1.0,0.5,1,1,256,1,100,38_synth_four_one_dimensional_dense_sweeps,0,101,0,success,0,,"Scene CPU cache disabled; rebuilding source scene.
Log saved to: D:\project\TVBPerf\out\build\x64-Release\bin\Release\logs\log_2026-07-30_12-47-01.txt",,
102,38_synth_four_one_dimensional_dense_sweeps,C:\Users\mgkim15\AppData\Local\Temp\tvbperf_g2d15rxm\run_00102.csv,8,2,0,51,0,0,0,1,auto,unused,120,600,1,0,0,../../../../../scripts/standard_camera.csv,10,0,0,60,0,captures,1,60,1280,720,0,0,64,0.75,0.5,0,0,-10,0,0,0,0.1,1000,0.785,1,1,1,0,0,-1,1,1,0.5,64,1,1,256,1,100,total,0.06230,depth_prepass,0.00408,geometry,0.00747,lighting,0.03078,tonemap,0.00804,,0.00000,,0.00000,,0.00000,,0.00000,,0.00000,,0.00000,,0.00000,,0.00000,,0.00000,,0.00000,,0.00000,,0.00000,,0.00000,,0.00000,,0.00000,,0.00000,,0.00000,,0.00000,,0.00000,,0.00000,,0.00000,,0.00000,,0.00000,,0.00000,,0.00000,,0.00000,,0.00000,DonutDeferredPrepass,2026-07-30T12:47:01,free,0.06048,0.06192,0.19418,0.06230,0.06070,0.06112,0.06326,0.06384,1,1,1.00000,4225,0,64,100,8,51,0,0,0,1,auto,unused,120,600,0,0,../../../../../scripts/standard_camera.csv,10,0,0,60,0,1,60,1280,720,0,0,64,0.75,0.5,64,0.0,0.0,-10.0,0.0,0.0,0.0,0.1,1000.0,0.785,1,1,1,0,0,-1.0,1.0,1.0,0.5,1,1,256,1,100,38_synth_four_one_dimensional_dense_sweeps,0,102,0,success,0,,"Scene CPU cache disabled; rebuilding source scene.
Log saved to: D:\project\TVBPerf\out\build\x64-Release\bin\Release\logs\log_2026-07-30_12-47-02.txt",,
103,38_synth_four_one_dimensional_dense_sweeps,C:\Users\mgkim15\AppData\Local\Temp\tvbperf_g2d15rxm\run_00103.csv,9,2,0,51,0,0,0,1,auto,unused,120,600,1,0,0,../../../../../scripts/standard_camera.csv,10,0,0,60,0,captures,1,60,1280,720,0,0,64,0.75,0.5,0,0,-10,0,0,0,0.1,1000,0.785,1,1,1,0,0,-1,1,1,0.5,64,1,1,256,1,100,total,0.11622,visibility,0.00544,visutil_histogram,0.00791,visutil_prefix,0.00192,visutil_flatten,0.00938,gbuffer,0.02256,lighting,0.03034,tonemap,0.00799,,0.00000,,0.00000,,0.00000,,0.00000,,0.00000,,0.00000,,0.00000,,0.00000,,0.00000,,0.00000,,0.00000,,0.00000,,0.00000,,0.00000,,0.00000,,0.00000,,0.00000,,0.00000,,0.00000,,0.00000,,0.00000,,0.00000,,0.00000,,0.00000,DonutVisGBuffer,2026-07-30T12:47:02,free,0.11382,0.11674,0.13056,0.11622,0.11395,0.11414,0.11795,0.11830,1,1,1.00000,4225,0,64,100,9,51,0,0,0,1,auto,unused,120,600,0,0,../../../../../scripts/standard_camera.csv,10,0,0,60,0,1,60,1280,720,0,0,64,0.75,0.5,64,0.0,0.0,-10.0,0.0,0.0,0.0,0.1,1000.0,0.785,1,1,1,0,0,-1.0,1.0,1.0,0.5,1,1,256,1,100,38_synth_four_one_dimensional_dense_sweeps,0,103,0,success,0,,"Scene CPU cache disabled; rebuilding source scene.
Log saved to: D:\project\TVBPerf\out\build\x64-Release\bin\Release\logs\log_2026-07-30_12-47-02.txt",,
104,38_synth_four_one_dimensional_dense_sweeps,C:\Users\mgkim15\AppData\Local\Temp\tvbperf_g2d15rxm\run_00104.csv,8,2,0,52,0,0,0,1,auto,unused,120,600,1,0,0,../../../../../scripts/standard_camera.csv,10,0,0,60,0,captures,1,60,1280,720,0,0,64,0.8,0.5,0,0,-10,0,0,0,0.1,1000,0.785,1,1,1,0,0,-1,1,1,0.5,64,1,1,256,1,100,total,0.06211,depth_prepass,0.00408,geometry,0.00747,lighting,0.03058,tonemap,0.00804,,0.00000,,0.00000,,0.00000,,0.00000,,0.00000,,0.00000,,0.00000,,0.00000,,0.00000,,0.00000,,0.00000,,0.00000,,0.00000,,0.00000,,0.00000,,0.00000,,0.00000,,0.00000,,0.00000,,0.00000,,0.00000,,0.00000,,0.00000,,0.00000,,0.00000,,0.00000,,0.00000,DonutDeferredPrepass,2026-07-30T12:47:02,free,0.06042,0.06179,0.08195,0.06211,0.06064,0.06106,0.06336,0.06736,1,1,1.00000,4225,0,64,100,8,52,0,0,0,1,auto,unused,120,600,0,0,../../../../../scripts/standard_camera.csv,10,0,0,60,0,1,60,1280,720,0,0,64,0.8,0.5,64,0.0,0.0,-10.0,0.0,0.0,0.0,0.1,1000.0,0.785,1,1,1,0,0,-1.0,1.0,1.0,0.5,1,1,256,1,100,38_synth_four_one_dimensional_dense_sweeps,0,104,0,success,0,,"Scene CPU cache disabled; rebuilding source scene.
Log saved to: D:\project\TVBPerf\out\build\x64-Release\bin\Release\logs\log_2026-07-30_12-47-03.txt",,
105,38_synth_four_one_dimensional_dense_sweeps,C:\Users\mgkim15\AppData\Local\Temp\tvbperf_g2d15rxm\run_00105.csv,9,2,0,52,0,0,0,1,auto,unused,120,600,1,0,0,../../../../../scripts/standard_camera.csv,10,0,0,60,0,captures,1,60,1280,720,0,0,64,0.8,0.5,0,0,-10,0,0,0,0.1,1000,0.785,1,1,1,0,0,-1,1,1,0.5,64,1,1,256,1,100,total,0.11662,visibility,0.00547,visutil_histogram,0.00790,visutil_prefix,0.00192,visutil_flatten,0.00938,gbuffer,0.02258,lighting,0.03034,tonemap,0.00804,,0.00000,,0.00000,,0.00000,,0.00000,,0.00000,,0.00000,,0.00000,,0.00000,,0.00000,,0.00000,,0.00000,,0.00000,,0.00000,,0.00000,,0.00000,,0.00000,,0.00000,,0.00000,,0.00000,,0.00000,,0.00000,,0.00000,,0.00000,,0.00000,DonutVisGBuffer,2026-07-30T12:47:03,free,0.11389,0.11680,0.25824,0.11662,0.11402,0.11424,0.11798,0.11830,1,1,1.00000,4225,0,64,100,9,52,0,0,0,1,auto,unused,120,600,0,0,../../../../../scripts/standard_camera.csv,10,0,0,60,0,1,60,1280,720,0,0,64,0.8,0.5,64,0.0,0.0,-10.0,0.0,0.0,0.0,0.1,1000.0,0.785,1,1,1,0,0,-1.0,1.0,1.0,0.5,1,1,256,1,100,38_synth_four_one_dimensional_dense_sweeps,0,105,0,success,0,,"Scene CPU cache disabled; rebuilding source scene.
Log saved to: D:\project\TVBPerf\out\build\x64-Release\bin\Release\logs\log_2026-07-30_12-47-03.txt",,
106,38_synth_four_one_dimensional_dense_sweeps,C:\Users\mgkim15\AppData\Local\Temp\tvbperf_g2d15rxm\run_00106.csv,8,2,0,53,0,0,0,1,auto,unused,120,600,1,0,0,../../../../../scripts/standard_camera.csv,10,0,0,60,0,captures,1,60,1280,720,0,0,64,0.85,0.5,0,0,-10,0,0,0,0.1,1000,0.785,1,1,1,0,0,-1,1,1,0.5,64,1,1,256,1,100,total,0.06213,depth_prepass,0.00404,geometry,0.00747,lighting,0.03058,tonemap,0.00808,,0.00000,,0.00000,,0.00000,,0.00000,,0.00000,,0.00000,,0.00000,,0.00000,,0.00000,,0.00000,,0.00000,,0.00000,,0.00000,,0.00000,,0.00000,,0.00000,,0.00000,,0.00000,,0.00000,,0.00000,,0.00000,,0.00000,,0.00000,,0.00000,,0.00000,,0.00000,,0.00000,DonutDeferredPrepass,2026-07-30T12:47:03,free,0.06058,0.06192,0.08493,0.06213,0.06077,0.06112,0.06339,0.06387,1,1,1.00000,4225,0,64,100,8,53,0,0,0,1,auto,unused,120,600,0,0,../../../../../scripts/standard_camera.csv,10,0,0,60,0,1,60,1280,720,0,0,64,0.85,0.5,64,0.0,0.0,-10.0,0.0,0.0,0.0,0.1,1000.0,0.785,1,1,1,0,0,-1.0,1.0,1.0,0.5,1,1,256,1,100,38_synth_four_one_dimensional_dense_sweeps,0,106,0,success,0,,"Scene CPU cache disabled; rebuilding source scene.
Log saved to: D:\project\TVBPerf\out\build\x64-Release\bin\Release\logs\log_2026-07-30_12-47-04.txt",,
107,38_synth_four_one_dimensional_dense_sweeps,C:\Users\mgkim15\AppData\Local\Temp\tvbperf_g2d15rxm\run_00107.csv,9,2,0,53,0,0,0,1,auto,unused,120,600,1,0,0,../../../../../scripts/standard_camera.csv,10,0,0,60,0,captures,1,60,1280,720,0,0,64,0.85,0.5,0,0,-10,0,0,0,0.1,1000,0.785,1,1,1,0,0,-1,1,1,0.5,64,1,1,256,1,100,total,0.11652,visibility,0.00550,visutil_histogram,0.00790,visutil_prefix,0.00192,visutil_flatten,0.00938,gbuffer,0.02258,lighting,0.03032,tonemap,0.00797,,0.00000,,0.00000,,0.00000,,0.00000,,0.00000,,0.00000,,0.00000,,0.00000,,0.00000,,0.00000,,0.00000,,0.00000,,0.00000,,0.00000,,0.00000,,0.00000,,0.00000,,0.00000,,0.00000,,0.00000,,0.00000,,0.00000,,0.00000,,0.00000,DonutVisGBuffer,2026-07-30T12:47:04,free,0.11370,0.11667,0.14256,0.11652,0.11395,0.11437,0.11798,0.12931,1,1,1.00000,4225,0,64,100,9,53,0,0,0,1,auto,unused,120,600,0,0,../../../../../scripts/standard_camera.csv,10,0,0,60,0,1,60,1280,720,0,0,64,0.85,0.5,64,0.0,0.0,-10.0,0.0,0.0,0.0,0.1,1000.0,0.785,1,1,1,0,0,-1.0,1.0,1.0,0.5,1,1,256,1,100,38_synth_four_one_dimensional_dense_sweeps,0,107,0,success,0,,"Scene CPU cache disabled; rebuilding source scene.
Log saved to: D:\project\TVBPerf\out\build\x64-Release\bin\Release\logs\log_2026-07-30_12-47-04.txt",,
108,38_synth_four_one_dimensional_dense_sweeps,C:\Users\mgkim15\AppData\Local\Temp\tvbperf_g2d15rxm\run_00108.csv,8,2,0,54,0,0,0,1,auto,unused,120,600,1,0,0,../../../../../scripts/standard_camera.csv,10,0,0,60,0,captures,1,60,1280,720,0,0,64,0.9,0.5,0,0,-10,0,0,0,0.1,1000,0.785,1,1,1,0,0,-1,1,1,0.5,64,1,1,256,1,100,total,0.06215,depth_prepass,0.00404,geometry,0.00754,lighting,0.03057,tonemap,0.00808,,0.00000,,0.00000,,0.00000,,0.00000,,0.00000,,0.00000,,0.00000,,0.00000,,0.00000,,0.00000,,0.00000,,0.00000,,0.00000,,0.00000,,0.00000,,0.00000,,0.00000,,0.00000,,0.00000,,0.00000,,0.00000,,0.00000,,0.00000,,0.00000,,0.00000,,0.00000,,0.00000,DonutDeferredPrepass,2026-07-30T12:47:04,free,0.06045,0.06192,0.08461,0.06215,0.06080,0.06109,0.06342,0.06394,1,1,1.00000,4225,0,64,100,8,54,0,0,0,1,auto,unused,120,600,0,0,../../../../../scripts/standard_camera.csv,10,0,0,60,0,1,60,1280,720,0,0,64,0.9,0.5,64,0.0,0.0,-10.0,0.0,0.0,0.0,0.1,1000.0,0.785,1,1,1,0,0,-1.0,1.0,1.0,0.5,1,1,256,1,100,38_synth_four_one_dimensional_dense_sweeps,0,108,0,success,0,,"Scene CPU cache disabled; rebuilding source scene.
Log saved to: D:\project\TVBPerf\out\build\x64-Release\bin\Release\logs\log_2026-07-30_12-47-05.txt",,
109,38_synth_four_one_dimensional_dense_sweeps,C:\Users\mgkim15\AppData\Local\Temp\tvbperf_g2d15rxm\run_00109.csv,9,2,0,54,0,0,0,1,auto,unused,120,600,1,0,0,../../../../../scripts/standard_camera.csv,10,0,0,60,0,captures,1,60,1280,720,0,0,64,0.9,0.5,0,0,-10,0,0,0,0.1,1000,0.785,1,1,1,0,0,-1,1,1,0.5,64,1,1,256,1,100,total,0.11654,visibility,0.00543,visutil_histogram,0.00790,visutil_prefix,0.00192,visutil_flatten,0.00938,gbuffer,0.02252,lighting,0.03032,tonemap,0.00800,,0.00000,,0.00000,,0.00000,,0.00000,,0.00000,,0.00000,,0.00000,,0.00000,,0.00000,,0.00000,,0.00000,,0.00000,,0.00000,,0.00000,,0.00000,,0.00000,,0.00000,,0.00000,,0.00000,,0.00000,,0.00000,,0.00000,,0.00000,,0.00000,DonutVisGBuffer,2026-07-30T12:47:05,free,0.11392,0.11674,0.25411,0.11654,0.11398,0.11418,0.11802,0.12486,1,1,1.00000,4225,0,64,100,9,54,0,0,0,1,auto,unused,120,600,0,0,../../../../../scripts/standard_camera.csv,10,0,0,60,0,1,60,1280,720,0,0,64,0.9,0.5,64,0.0,0.0,-10.0,0.0,0.0,0.0,0.1,1000.0,0.785,1,1,1,0,0,-1.0,1.0,1.0,0.5,1,1,256,1,100,38_synth_four_one_dimensional_dense_sweeps,0,109,0,success,0,,"Scene CPU cache disabled; rebuilding source scene.
Log saved to: D:\project\TVBPerf\out\build\x64-Release\bin\Release\logs\log_2026-07-30_12-47-05.txt",,
110,38_synth_four_one_dimensional_dense_sweeps,C:\Users\mgkim15\AppData\Local\Temp\tvbperf_g2d15rxm\run_00110.csv,8,2,0,55,0,0,0,1,auto,unused,120,600,1,0,0,../../../../../scripts/standard_camera.csv,10,0,0,60,0,captures,1,60,1280,720,0,0,64,0.95,0.5,0,0,-10,0,0,0,0.1,1000,0.785,1,1,1,0,0,-1,1,1,0.5,64,1,1,256,1,100,total,0.06195,depth_prepass,0.00406,geometry,0.00747,lighting,0.03056,tonemap,0.00792,,0.00000,,0.00000,,0.00000,,0.00000,,0.00000,,0.00000,,0.00000,,0.00000,,0.00000,,0.00000,,0.00000,,0.00000,,0.00000,,0.00000,,0.00000,,0.00000,,0.00000,,0.00000,,0.00000,,0.00000,,0.00000,,0.00000,,0.00000,,0.00000,,0.00000,,0.00000,,0.00000,DonutDeferredPrepass,2026-07-30T12:47:05,free,0.06026,0.06170,0.08579,0.06195,0.06051,0.06083,0.06320,0.06877,1,1,1.00000,4225,0,64,100,8,55,0,0,0,1,auto,unused,120,600,0,0,../../../../../scripts/standard_camera.csv,10,0,0,60,0,1,60,1280,720,0,0,64,0.95,0.5,64,0.0,0.0,-10.0,0.0,0.0,0.0,0.1,1000.0,0.785,1,1,1,0,0,-1.0,1.0,1.0,0.5,1,1,256,1,100,38_synth_four_one_dimensional_dense_sweeps,0,110,0,success,0,,"Scene CPU cache disabled; rebuilding source scene.
Log saved to: D:\project\TVBPerf\out\build\x64-Release\bin\Release\logs\log_2026-07-30_12-47-06.txt",,
111,38_synth_four_one_dimensional_dense_sweeps,C:\Users\mgkim15\AppData\Local\Temp\tvbperf_g2d15rxm\run_00111.csv,9,2,0,55,0,0,0,1,auto,unused,120,600,1,0,0,../../../../../scripts/standard_camera.csv,10,0,0,60,0,captures,1,60,1280,720,0,0,64,0.95,0.5,0,0,-10,0,0,0,0.1,1000,0.785,1,1,1,0,0,-1,1,1,0.5,64,1,1,256,1,100,total,0.11665,visibility,0.00548,visutil_histogram,0.00791,visutil_prefix,0.00192,visutil_flatten,0.00939,gbuffer,0.02257,lighting,0.03034,tonemap,0.00802,,0.00000,,0.00000,,0.00000,,0.00000,,0.00000,,0.00000,,0.00000,,0.00000,,0.00000,,0.00000,,0.00000,,0.00000,,0.00000,,0.00000,,0.00000,,0.00000,,0.00000,,0.00000,,0.00000,,0.00000,,0.00000,,0.00000,,0.00000,,0.00000,DonutVisGBuffer,2026-07-30T12:47:06,free,0.11392,0.11674,0.26134,0.11665,0.11402,0.11421,0.11802,0.12909,1,1,1.00000,4225,0,64,100,9,55,0,0,0,1,auto,unused,120,600,0,0,../../../../../scripts/standard_camera.csv,10,0,0,60,0,1,60,1280,720,0,0,64,0.95,0.5,64,0.0,0.0,-10.0,0.0,0.0,0.0,0.1,1000.0,0.785,1,1,1,0,0,-1.0,1.0,1.0,0.5,1,1,256,1,100,38_synth_four_one_dimensional_dense_sweeps,0,111,0,success,0,,"Scene CPU cache disabled; rebuilding source scene.
Log saved to: D:\project\TVBPerf\out\build\x64-Release\bin\Release\logs\log_2026-07-30_12-47-06.txt",,
112,38_synth_four_one_dimensional_dense_sweeps,C:\Users\mgkim15\AppData\Local\Temp\tvbperf_g2d15rxm\run_00112.csv,8,2,0,56,0,0,0,1,auto,unused,120,600,1,0,0,../../../../../scripts/standard_camera.csv,10,0,0,60,0,captures,1,60,1280,720,0,0,64,1,0.5,0,0,-10,0,0,0,0.1,1000,0.785,1,1,1,0,0,-1,1,1,0.5,64,1,1,256,1,100,total,0.06219,depth_prepass,0.00414,geometry,0.00752,lighting,0.03057,tonemap,0.00804,,0.00000,,0.00000,,0.00000,,0.00000,,0.00000,,0.00000,,0.00000,,0.00000,,0.00000,,0.00000,,0.00000,,0.00000,,0.00000,,0.00000,,0.00000,,0.00000,,0.00000,,0.00000,,0.00000,,0.00000,,0.00000,,0.00000,,0.00000,,0.00000,,0.00000,,0.00000,,0.00000,DonutDeferredPrepass,2026-07-30T12:47:06,free,0.06042,0.06202,0.08525,0.06219,0.06077,0.06106,0.06323,0.07165,1,1,1.00000,4225,0,64,100,8,56,0,0,0,1,auto,unused,120,600,0,0,../../../../../scripts/standard_camera.csv,10,0,0,60,0,1,60,1280,720,0,0,64,1.0,0.5,64,0.0,0.0,-10.0,0.0,0.0,0.0,0.1,1000.0,0.785,1,1,1,0,0,-1.0,1.0,1.0,0.5,1,1,256,1,100,38_synth_four_one_dimensional_dense_sweeps,0,112,0,success,0,,"Scene CPU cache disabled; rebuilding source scene.
Log saved to: D:\project\TVBPerf\out\build\x64-Release\bin\Release\logs\log_2026-07-30_12-47-07.txt",,
113,38_synth_four_one_dimensional_dense_sweeps,C:\Users\mgkim15\AppData\Local\Temp\tvbperf_g2d15rxm\run_00113.csv,9,2,0,56,0,0,0,1,auto,unused,120,600,1,0,0,../../../../../scripts/standard_camera.csv,10,0,0,60,0,captures,1,60,1280,720,0,0,64,1,0.5,0,0,-10,0,0,0,0.1,1000,0.785,1,1,1,0,0,-1,1,1,0.5,64,1,1,256,1,100,total,0.11686,visibility,0.00552,visutil_histogram,0.00812,visutil_prefix,0.00192,visutil_flatten,0.00938,gbuffer,0.02259,lighting,0.03033,tonemap,0.00800,,0.00000,,0.00000,,0.00000,,0.00000,,0.00000,,0.00000,,0.00000,,0.00000,,0.00000,,0.00000,,0.00000,,0.00000,,0.00000,,0.00000,,0.00000,,0.00000,,0.00000,,0.00000,,0.00000,,0.00000,,0.00000,,0.00000,,0.00000,,0.00000,DonutVisGBuffer,2026-07-30T12:47:07,free,0.11386,0.11674,0.24675,0.11686,0.11398,0.11424,0.11798,0.13107,1,1,1.00000,4225,0,64,100,9,56,0,0,0,1,auto,unused,120,600,0,0,../../../../../scripts/standard_camera.csv,10,0,0,60,0,1,60,1280,720,0,0,64,1.0,0.5,64,0.0,0.0,-10.0,0.0,0.0,0.0,0.1,1000.0,0.785,1,1,1,0,0,-1.0,1.0,1.0,0.5,1,1,256,1,100,38_synth_four_one_dimensional_dense_sweeps,0,113,0,success,0,,"Scene CPU cache disabled; rebuilding source scene.
Log saved to: D:\project\TVBPerf\out\build\x64-Release\bin\Release\logs\log_2026-07-30_12-47-07.txt",,
114,38_synth_four_one_dimensional_dense_sweeps,C:\Users\mgkim15\AppData\Local\Temp\tvbperf_g2d15rxm\run_00114.csv,8,2,0,57,0,0,0,1,auto,unused,120,600,1,0,0,../../../../../scripts/standard_camera.csv,10,0,0,60,0,captures,1,60,1280,720,0,0,64,0.5,0,0,0,-10,0,0,0,0.1,1000,0.785,1,1,1,0,0,-1,1,1,0.5,64,1,1,256,1,100,total,0.06195,depth_prepass,0.00403,geometry,0.00753,lighting,0.03057,tonemap,0.00796,,0.00000,,0.00000,,0.00000,,0.00000,,0.00000,,0.00000,,0.00000,,0.00000,,0.00000,,0.00000,,0.00000,,0.00000,,0.00000,,0.00000,,0.00000,,0.00000,,0.00000,,0.00000,,0.00000,,0.00000,,0.00000,,0.00000,,0.00000,,0.00000,,0.00000,,0.00000,,0.00000,DonutDeferredPrepass,2026-07-30T12:47:07,free,0.06035,0.06173,0.07344,0.06195,0.06064,0.06102,0.06330,0.06381,1,1,1.00000,4225,0,64,100,8,57,0,0,0,1,auto,unused,120,600,0,0,../../../../../scripts/standard_camera.csv,10,0,0,60,0,1,60,1280,720,0,0,64,0.5,0.0,64,0.0,0.0,-10.0,0.0,0.0,0.0,0.1,1000.0,0.785,1,1,1,0,0,-1.0,1.0,1.0,0.5,1,1,256,1,100,38_synth_four_one_dimensional_dense_sweeps,0,114,0,success,0,,"Scene CPU cache disabled; rebuilding source scene.
Log saved to: D:\project\TVBPerf\out\build\x64-Release\bin\Release\logs\log_2026-07-30_12-47-08.txt",,
115,38_synth_four_one_dimensional_dense_sweeps,C:\Users\mgkim15\AppData\Local\Temp\tvbperf_g2d15rxm\run_00115.csv,9,2,0,57,0,0,0,1,auto,unused,120,600,1,0,0,../../../../../scripts/standard_camera.csv,10,0,0,60,0,captures,1,60,1280,720,0,0,64,0.5,0,0,0,-10,0,0,0,0.1,1000,0.785,1,1,1,0,0,-1,1,1,0.5,64,1,1,256,1,100,total,0.11667,visibility,0.00548,visutil_histogram,0.00790,visutil_prefix,0.00192,visutil_flatten,0.00938,gbuffer,0.02261,lighting,0.03058,tonemap,0.00802,,0.00000,,0.00000,,0.00000,,0.00000,,0.00000,,0.00000,,0.00000,,0.00000,,0.00000,,0.00000,,0.00000,,0.00000,,0.00000,,0.00000,,0.00000,,0.00000,,0.00000,,0.00000,,0.00000,,0.00000,,0.00000,,0.00000,,0.00000,,0.00000,DonutVisGBuffer,2026-07-30T12:47:08,free,0.11370,0.11674,0.25501,0.11667,0.11398,0.11418,0.11795,0.12998,1,1,1.00000,4225,0,64,100,9,57,0,0,0,1,auto,unused,120,600,0,0,../../../../../scripts/standard_camera.csv,10,0,0,60,0,1,60,1280,720,0,0,64,0.5,0.0,64,0.0,0.0,-10.0,0.0,0.0,0.0,0.1,1000.0,0.785,1,1,1,0,0,-1.0,1.0,1.0,0.5,1,1,256,1,100,38_synth_four_one_dimensional_dense_sweeps,0,115,0,success,0,,"Scene CPU cache disabled; rebuilding source scene.
Log saved to: D:\project\TVBPerf\out\build\x64-Release\bin\Release\logs\log_2026-07-30_12-47-08.txt",,
116,38_synth_four_one_dimensional_dense_sweeps,C:\Users\mgkim15\AppData\Local\Temp\tvbperf_g2d15rxm\run_00116.csv,8,2,0,58,0,0,0,1,auto,unused,120,600,1,0,0,../../../../../scripts/standard_camera.csv,10,0,0,60,0,captures,1,60,1280,720,0,0,64,0.5,0.05,0,0,-10,0,0,0,0.1,1000,0.785,1,1,1,0,0,-1,1,1,0.5,64,1,1,256,1,100,total,0.06222,depth_prepass,0.00416,geometry,0.00753,lighting,0.03060,tonemap,0.00804,,0.00000,,0.00000,,0.00000,,0.00000,,0.00000,,0.00000,,0.00000,,0.00000,,0.00000,,0.00000,,0.00000,,0.00000,,0.00000,,0.00000,,0.00000,,0.00000,,0.00000,,0.00000,,0.00000,,0.00000,,0.00000,,0.00000,,0.00000,,0.00000,,0.00000,,0.00000,,0.00000,DonutDeferredPrepass,2026-07-30T12:47:08,free,0.06042,0.06205,0.07507,0.06222,0.06077,0.06106,0.06342,0.06496,1,1,1.00000,4225,0,64,100,8,58,0,0,0,1,auto,unused,120,600,0,0,../../../../../scripts/standard_camera.csv,10,0,0,60,0,1,60,1280,720,0,0,64,0.5,0.05,64,0.0,0.0,-10.0,0.0,0.0,0.0,0.1,1000.0,0.785,1,1,1,0,0,-1.0,1.0,1.0,0.5,1,1,256,1,100,38_synth_four_one_dimensional_dense_sweeps,0,116,0,success,0,,"Scene CPU cache disabled; rebuilding source scene.
Log saved to: D:\project\TVBPerf\out\build\x64-Release\bin\Release\logs\log_2026-07-30_12-47-09.txt",,
117,38_synth_four_one_dimensional_dense_sweeps,C:\Users\mgkim15\AppData\Local\Temp\tvbperf_g2d15rxm\run_00117.csv,9,2,0,58,0,0,0,1,auto,unused,120,600,1,0,0,../../../../../scripts/standard_camera.csv,10,0,0,60,0,captures,1,60,1280,720,0,0,64,0.5,0.05,0,0,-10,0,0,0,0.1,1000,0.785,1,1,1,0,0,-1,1,1,0.5,64,1,1,256,1,100,total,0.11630,visibility,0.00547,visutil_histogram,0.00790,visutil_prefix,0.00192,visutil_flatten,0.00938,gbuffer,0.02254,lighting,0.03032,tonemap,0.00798,,0.00000,,0.00000,,0.00000,,0.00000,,0.00000,,0.00000,,0.00000,,0.00000,,0.00000,,0.00000,,0.00000,,0.00000,,0.00000,,0.00000,,0.00000,,0.00000,,0.00000,,0.00000,,0.00000,,0.00000,,0.00000,,0.00000,,0.00000,,0.00000,DonutVisGBuffer,2026-07-30T12:47:09,free,0.11363,0.11670,0.13104,0.11630,0.11398,0.11418,0.11795,0.11821,1,1,1.00000,4225,0,64,100,9,58,0,0,0,1,auto,unused,120,600,0,0,../../../../../scripts/standard_camera.csv,10,0,0,60,0,1,60,1280,720,0,0,64,0.5,0.05,64,0.0,0.0,-10.0,0.0,0.0,0.0,0.1,1000.0,0.785,1,1,1,0,0,-1.0,1.0,1.0,0.5,1,1,256,1,100,38_synth_four_one_dimensional_dense_sweeps,0,117,0,success,0,,"Scene CPU cache disabled; rebuilding source scene.
Log saved to: D:\project\TVBPerf\out\build\x64-Release\bin\Release\logs\log_2026-07-30_12-47-09.txt",,
118,38_synth_four_one_dimensional_dense_sweeps,C:\Users\mgkim15\AppData\Local\Temp\tvbperf_g2d15rxm\run_00118.csv,8,2,0,59,0,0,0,1,auto,unused,120,600,1,0,0,../../../../../scripts/standard_camera.csv,10,0,0,60,0,captures,1,60,1280,720,0,0,64,0.5,0.1,0,0,-10,0,0,0,0.1,1000,0.785,1,1,1,0,0,-1,1,1,0.5,64,1,1,256,1,100,total,0.06211,depth_prepass,0.00409,geometry,0.00749,lighting,0.03059,tonemap,0.00810,,0.00000,,0.00000,,0.00000,,0.00000,,0.00000,,0.00000,,0.00000,,0.00000,,0.00000,,0.00000,,0.00000,,0.00000,,0.00000,,0.00000,,0.00000,,0.00000,,0.00000,,0.00000,,0.00000,,0.00000,,0.00000,,0.00000,,0.00000,,0.00000,,0.00000,,0.00000,,0.00000,DonutDeferredPrepass,2026-07-30T12:47:09,free,0.06054,0.06202,0.07846,0.06211,0.06080,0.06112,0.06320,0.06400,1,1,1.00000,4225,0,64,100,8,59,0,0,0,1,auto,unused,120,600,0,0,../../../../../scripts/standard_camera.csv,10,0,0,60,0,1,60,1280,720,0,0,64,0.5,0.1,64,0.0,0.0,-10.0,0.0,0.0,0.0,0.1,1000.0,0.785,1,1,1,0,0,-1.0,1.0,1.0,0.5,1,1,256,1,100,38_synth_four_one_dimensional_dense_sweeps,0,118,0,success,0,,"Scene CPU cache disabled; rebuilding source scene.
Log saved to: D:\project\TVBPerf\out\build\x64-Release\bin\Release\logs\log_2026-07-30_12-47-10.txt",,
119,38_synth_four_one_dimensional_dense_sweeps,C:\Users\mgkim15\AppData\Local\Temp\tvbperf_g2d15rxm\run_00119.csv,9,2,0,59,0,0,0,1,auto,unused,120,600,1,0,0,../../../../../scripts/standard_camera.csv,10,0,0,60,0,captures,1,60,1280,720,0,0,64,0.5,0.1,0,0,-10,0,0,0,0.1,1000,0.785,1,1,1,0,0,-1,1,1,0.5,64,1,1,256,1,100,total,0.11640,visibility,0.00542,visutil_histogram,0.00791,visutil_prefix,0.00192,visutil_flatten,0.00939,gbuffer,0.02257,lighting,0.03051,tonemap,0.00797,,0.00000,,0.00000,,0.00000,,0.00000,,0.00000,,0.00000,,0.00000,,0.00000,,0.00000,,0.00000,,0.00000,,0.00000,,0.00000,,0.00000,,0.00000,,0.00000,,0.00000,,0.00000,,0.00000,,0.00000,,0.00000,,0.00000,,0.00000,,0.00000,DonutVisGBuffer,2026-07-30T12:47:10,free,0.11370,0.11670,0.26118,0.11640,0.11395,0.11418,0.11795,0.12282,1,1,1.00000,4225,0,64,100,9,59,0,0,0,1,auto,unused,120,600,0,0,../../../../../scripts/standard_camera.csv,10,0,0,60,0,1,60,1280,720,0,0,64,0.5,0.1,64,0.0,0.0,-10.0,0.0,0.0,0.0,0.1,1000.0,0.785,1,1,1,0,0,-1.0,1.0,1.0,0.5,1,1,256,1,100,38_synth_four_one_dimensional_dense_sweeps,0,119,0,success,0,,"Scene CPU cache disabled; rebuilding source scene.
Log saved to: D:\project\TVBPerf\out\build\x64-Release\bin\Release\logs\log_2026-07-30_12-47-10.txt",,
120,38_synth_four_one_dimensional_dense_sweeps,C:\Users\mgkim15\AppData\Local\Temp\tvbperf_g2d15rxm\run_00120.csv,8,2,0,60,0,0,0,1,auto,unused,120,600,1,0,0,../../../../../scripts/standard_camera.csv,10,0,0,60,0,captures,1,60,1280,720,0,0,64,0.5,0.15,0,0,-10,0,0,0,0.1,1000,0.785,1,1,1,0,0,-1,1,1,0.5,64,1,1,256,1,100,total,0.06210,depth_prepass,0.00403,geometry,0.00753,lighting,0.03059,tonemap,0.00805,,0.00000,,0.00000,,0.00000,,0.00000,,0.00000,,0.00000,,0.00000,,0.00000,,0.00000,,0.00000,,0.00000,,0.00000,,0.00000,,0.00000,,0.00000,,0.00000,,0.00000,,0.00000,,0.00000,,0.00000,,0.00000,,0.00000,,0.00000,,0.00000,,0.00000,,0.00000,,0.00000,DonutDeferredPrepass,2026-07-30T12:47:10,free,0.06058,0.06195,0.07619,0.06210,0.06074,0.06115,0.06336,0.06387,1,1,1.00000,4225,0,64,100,8,60,0,0,0,1,auto,unused,120,600,0,0,../../../../../scripts/standard_camera.csv,10,0,0,60,0,1,60,1280,720,0,0,64,0.5,0.15,64,0.0,0.0,-10.0,0.0,0.0,0.0,0.1,1000.0,0.785,1,1,1,0,0,-1.0,1.0,1.0,0.5,1,1,256,1,100,38_synth_four_one_dimensional_dense_sweeps,0,120,0,success,0,,"Scene CPU cache disabled; rebuilding source scene.
Log saved to: D:\project\TVBPerf\out\build\x64-Release\bin\Release\logs\log_2026-07-30_12-47-11.txt",,
121,38_synth_four_one_dimensional_dense_sweeps,C:\Users\mgkim15\AppData\Local\Temp\tvbperf_g2d15rxm\run_00121.csv,9,2,0,60,0,0,0,1,auto,unused,120,600,1,0,0,../../../../../scripts/standard_camera.csv,10,0,0,60,0,captures,1,60,1280,720,0,0,64,0.5,0.15,0,0,-10,0,0,0,0.1,1000,0.785,1,1,1,0,0,-1,1,1,0.5,64,1,1,256,1,100,total,0.11638,visibility,0.00545,visutil_histogram,0.00792,visutil_prefix,0.00193,visutil_flatten,0.00940,gbuffer,0.02265,lighting,0.03040,tonemap,0.00799,,0.00000,,0.00000,,0.00000,,0.00000,,0.00000,,0.00000,,0.00000,,0.00000,,0.00000,,0.00000,,0.00000,,0.00000,,0.00000,,0.00000,,0.00000,,0.00000,,0.00000,,0.00000,,0.00000,,0.00000,,0.00000,,0.00000,,0.00000,,0.00000,DonutVisGBuffer,2026-07-30T12:47:11,free,0.11376,0.11674,0.13968,0.11638,0.11395,0.11421,0.11798,0.12762,1,1,1.00000,4225,0,64,100,9,60,0,0,0,1,auto,unused,120,600,0,0,../../../../../scripts/standard_camera.csv,10,0,0,60,0,1,60,1280,720,0,0,64,0.5,0.15,64,0.0,0.0,-10.0,0.0,0.0,0.0,0.1,1000.0,0.785,1,1,1,0,0,-1.0,1.0,1.0,0.5,1,1,256,1,100,38_synth_four_one_dimensional_dense_sweeps,0,121,0,success,0,,"Scene CPU cache disabled; rebuilding source scene.
Log saved to: D:\project\TVBPerf\out\build\x64-Release\bin\Release\logs\log_2026-07-30_12-47-11.txt",,
122,38_synth_four_one_dimensional_dense_sweeps,C:\Users\mgkim15\AppData\Local\Temp\tvbperf_g2d15rxm\run_00122.csv,8,2,0,61,0,0,0,1,auto,unused,120,600,1,0,0,../../../../../scripts/standard_camera.csv,10,0,0,60,0,captures,1,60,1280,720,0,0,64,0.5,0.2,0,0,-10,0,0,0,0.1,1000,0.785,1,1,1,0,0,-1,1,1,0.5,64,1,1,256,1,100,total,0.06208,depth_prepass,0.00404,geometry,0.00753,lighting,0.03052,tonemap,0.00804,,0.00000,,0.00000,,0.00000,,0.00000,,0.00000,,0.00000,,0.00000,,0.00000,,0.00000,,0.00000,,0.00000,,0.00000,,0.00000,,0.00000,,0.00000,,0.00000,,0.00000,,0.00000,,0.00000,,0.00000,,0.00000,,0.00000,,0.00000,,0.00000,,0.00000,,0.00000,,0.00000,DonutDeferredPrepass,2026-07-30T12:47:11,free,0.06029,0.06189,0.08486,0.06208,0.06070,0.06106,0.06339,0.06390,1,1,1.00000,4225,0,64,100,8,61,0,0,0,1,auto,unused,120,600,0,0,../../../../../scripts/standard_camera.csv,10,0,0,60,0,1,60,1280,720,0,0,64,0.5,0.2,64,0.0,0.0,-10.0,0.0,0.0,0.0,0.1,1000.0,0.785,1,1,1,0,0,-1.0,1.0,1.0,0.5,1,1,256,1,100,38_synth_four_one_dimensional_dense_sweeps,0,122,0,success,0,,"Scene CPU cache disabled; rebuilding source scene.
Log saved to: D:\project\TVBPerf\out\build\x64-Release\bin\Release\logs\log_2026-07-30_12-47-12.txt",,
123,38_synth_four_one_dimensional_dense_sweeps,C:\Users\mgkim15\AppData\Local\Temp\tvbperf_g2d15rxm\run_00123.csv,9,2,0,61,0,0,0,1,auto,unused,120,600,1,0,0,../../../../../scripts/standard_camera.csv,10,0,0,60,0,captures,1,60,1280,720,0,0,64,0.5,0.2,0,0,-10,0,0,0,0.1,1000,0.785,1,1,1,0,0,-1,1,1,0.5,64,1,1,256,1,100,total,0.11633,visibility,0.00547,visutil_histogram,0.00791,visutil_prefix,0.00192,visutil_flatten,0.00939,gbuffer,0.02261,lighting,0.03037,tonemap,0.00798,,0.00000,,0.00000,,0.00000,,0.00000,,0.00000,,0.00000,,0.00000,,0.00000,,0.00000,,0.00000,,0.00000,,0.00000,,0.00000,,0.00000,,0.00000,,0.00000,,0.00000,,0.00000,,0.00000,,0.00000,,0.00000,,0.00000,,0.00000,,0.00000,DonutVisGBuffer,2026-07-30T12:47:12,free,0.11382,0.11674,0.12499,0.11633,0.11395,0.11414,0.11798,0.11837,1,1,1.00000,4225,0,64,100,9,61,0,0,0,1,auto,unused,120,600,0,0,../../../../../scripts/standard_camera.csv,10,0,0,60,0,1,60,1280,720,0,0,64,0.5,0.2,64,0.0,0.0,-10.0,0.0,0.0,0.0,0.1,1000.0,0.785,1,1,1,0,0,-1.0,1.0,1.0,0.5,1,1,256,1,100,38_synth_four_one_dimensional_dense_sweeps,0,123,0,success,0,,"Scene CPU cache disabled; rebuilding source scene.
Log saved to: D:\project\TVBPerf\out\build\x64-Release\bin\Release\logs\log_2026-07-30_12-47-12.txt",,
124,38_synth_four_one_dimensional_dense_sweeps,C:\Users\mgkim15\AppData\Local\Temp\tvbperf_g2d15rxm\run_00124.csv,8,2,0,62,0,0,0,1,auto,unused,120,600,1,0,0,../../../../../scripts/standard_camera.csv,10,0,0,60,0,captures,1,60,1280,720,0,0,64,0.5,0.25,0,0,-10,0,0,0,0.1,1000,0.785,1,1,1,0,0,-1,1,1,0.5,64,1,1,256,1,100,total,0.06215,depth_prepass,0.00410,geometry,0.00756,lighting,0.03058,tonemap,0.00803,,0.00000,,0.00000,,0.00000,,0.00000,,0.00000,,0.00000,,0.00000,,0.00000,,0.00000,,0.00000,,0.00000,,0.00000,,0.00000,,0.00000,,0.00000,,0.00000,,0.00000,,0.00000,,0.00000,,0.00000,,0.00000,,0.00000,,0.00000,,0.00000,,0.00000,,0.00000,,0.00000,DonutDeferredPrepass,2026-07-30T12:47:12,free,0.06070,0.06205,0.07674,0.06215,0.06086,0.06122,0.06326,0.06387,1,1,1.00000,4225,0,64,100,8,62,0,0,0,1,auto,unused,120,600,0,0,../../../../../scripts/standard_camera.csv,10,0,0,60,0,1,60,1280,720,0,0,64,0.5,0.25,64,0.0,0.0,-10.0,0.0,0.0,0.0,0.1,1000.0,0.785,1,1,1,0,0,-1.0,1.0,1.0,0.5,1,1,256,1,100,38_synth_four_one_dimensional_dense_sweeps,0,124,0,success,0,,"Scene CPU cache disabled; rebuilding source scene.
Log saved to: D:\project\TVBPerf\out\build\x64-Release\bin\Release\logs\log_2026-07-30_12-47-13.txt",,
125,38_synth_four_one_dimensional_dense_sweeps,C:\Users\mgkim15\AppData\Local\Temp\tvbperf_g2d15rxm\run_00125.csv,9,2,0,62,0,0,0,1,auto,unused,120,600,1,0,0,../../../../../scripts/standard_camera.csv,10,0,0,60,0,captures,1,60,1280,720,0,0,64,0.5,0.25,0,0,-10,0,0,0,0.1,1000,0.785,1,1,1,0,0,-1,1,1,0.5,64,1,1,256,1,100,total,0.11631,visibility,0.00545,visutil_histogram,0.00792,visutil_prefix,0.00192,visutil_flatten,0.00940,gbuffer,0.02251,lighting,0.03033,tonemap,0.00798,,0.00000,,0.00000,,0.00000,,0.00000,,0.00000,,0.00000,,0.00000,,0.00000,,0.00000,,0.00000,,0.00000,,0.00000,,0.00000,,0.00000,,0.00000,,0.00000,,0.00000,,0.00000,,0.00000,,0.00000,,0.00000,,0.00000,,0.00000,,0.00000,DonutVisGBuffer,2026-07-30T12:47:13,free,0.11386,0.11674,0.14464,0.11631,0.11395,0.11418,0.11798,0.11821,1,1,1.00000,4225,0,64,100,9,62,0,0,0,1,auto,unused,120,600,0,0,../../../../../scripts/standard_camera.csv,10,0,0,60,0,1,60,1280,720,0,0,64,0.5,0.25,64,0.0,0.0,-10.0,0.0,0.0,0.0,0.1,1000.0,0.785,1,1,1,0,0,-1.0,1.0,1.0,0.5,1,1,256,1,100,38_synth_four_one_dimensional_dense_sweeps,0,125,0,success,0,,"Scene CPU cache disabled; rebuilding source scene.
Log saved to: D:\project\TVBPerf\out\build\x64-Release\bin\Release\logs\log_2026-07-30_12-47-13.txt",,
126,38_synth_four_one_dimensional_dense_sweeps,C:\Users\mgkim15\AppData\Local\Temp\tvbperf_g2d15rxm\run_00126.csv,8,2,0,63,0,0,0,1,auto,unused,120,600,1,0,0,../../../../../scripts/standard_camera.csv,10,0,0,60,0,captures,1,60,1280,720,0,0,64,0.5,0.3,0,0,-10,0,0,0,0.1,1000,0.785,1,1,1,0,0,-1,1,1,0.5,64,1,1,256,1,100,total,0.06206,depth_prepass,0.00405,geometry,0.00753,lighting,0.03059,tonemap,0.00804,,0.00000,,0.00000,,0.00000,,0.00000,,0.00000,,0.00000,,0.00000,,0.00000,,0.00000,,0.00000,,0.00000,,0.00000,,0.00000,,0.00000,,0.00000,,0.00000,,0.00000,,0.00000,,0.00000,,0.00000,,0.00000,,0.00000,,0.00000,,0.00000,,0.00000,,0.00000,,0.00000,DonutDeferredPrepass,2026-07-30T12:47:13,free,0.06032,0.06189,0.07757,0.06206,0.06077,0.06106,0.06339,0.06378,1,1,1.00000,4225,0,64,100,8,63,0,0,0,1,auto,unused,120,600,0,0,../../../../../scripts/standard_camera.csv,10,0,0,60,0,1,60,1280,720,0,0,64,0.5,0.3,64,0.0,0.0,-10.0,0.0,0.0,0.0,0.1,1000.0,0.785,1,1,1,0,0,-1.0,1.0,1.0,0.5,1,1,256,1,100,38_synth_four_one_dimensional_dense_sweeps,0,126,0,success,0,,"Scene CPU cache disabled; rebuilding source scene.
Log saved to: D:\project\TVBPerf\out\build\x64-Release\bin\Release\logs\log_2026-07-30_12-47-14.txt",,
127,38_synth_four_one_dimensional_dense_sweeps,C:\Users\mgkim15\AppData\Local\Temp\tvbperf_g2d15rxm\run_00127.csv,9,2,0,63,0,0,0,1,auto,unused,120,600,1,0,0,../../../../../scripts/standard_camera.csv,10,0,0,60,0,captures,1,60,1280,720,0,0,64,0.5,0.3,0,0,-10,0,0,0,0.1,1000,0.785,1,1,1,0,0,-1,1,1,0.5,64,1,1,256,1,100,total,0.11663,visibility,0.00542,visutil_histogram,0.00792,visutil_prefix,0.00192,visutil_flatten,0.00940,gbuffer,0.02259,lighting,0.03042,tonemap,0.00798,,0.00000,,0.00000,,0.00000,,0.00000,,0.00000,,0.00000,,0.00000,,0.00000,,0.00000,,0.00000,,0.00000,,0.00000,,0.00000,,0.00000,,0.00000,,0.00000,,0.00000,,0.00000,,0.00000,,0.00000,,0.00000,,0.00000,,0.00000,,0.00000,DonutVisGBuffer,2026-07-30T12:47:14,free,0.11382,0.11674,0.25888,0.11663,0.11402,0.11424,0.11802,0.12742,1,1,1.00000,4225,0,64,100,9,63,0,0,0,1,auto,unused,120,600,0,0,../../../../../scripts/standard_camera.csv,10,0,0,60,0,1,60,1280,720,0,0,64,0.5,0.3,64,0.0,0.0,-10.0,0.0,0.0,0.0,0.1,1000.0,0.785,1,1,1,0,0,-1.0,1.0,1.0,0.5,1,1,256,1,100,38_synth_four_one_dimensional_dense_sweeps,0,127,0,success,0,,"Scene CPU cache disabled; rebuilding source scene.
Log saved to: D:\project\TVBPerf\out\build\x64-Release\bin\Release\logs\log_2026-07-30_12-47-14.txt",,
128,38_synth_four_one_dimensional_dense_sweeps,C:\Users\mgkim15\AppData\Local\Temp\tvbperf_g2d15rxm\run_00128.csv,8,2,0,64,0,0,0,1,auto,unused,120,600,1,0,0,../../../../../scripts/standard_camera.csv,10,0,0,60,0,captures,1,60,1280,720,0,0,64,0.5,0.35,0,0,-10,0,0,0,0.1,1000,0.785,1,1,1,0,0,-1,1,1,0.5,64,1,1,256,1,100,total,0.06211,depth_prepass,0.00402,geometry,0.00754,lighting,0.03063,tonemap,0.00800,,0.00000,,0.00000,,0.00000,,0.00000,,0.00000,,0.00000,,0.00000,,0.00000,,0.00000,,0.00000,,0.00000,,0.00000,,0.00000,,0.00000,,0.00000,,0.00000,,0.00000,,0.00000,,0.00000,,0.00000,,0.00000,,0.00000,,0.00000,,0.00000,,0.00000,,0.00000,,0.00000,DonutDeferredPrepass,2026-07-30T12:47:15,free,0.06038,0.06192,0.08179,0.06211,0.06074,0.06109,0.06346,0.06387,1,1,1.00000,4225,0,64,100,8,64,0,0,0,1,auto,unused,120,600,0,0,../../../../../scripts/standard_camera.csv,10,0,0,60,0,1,60,1280,720,0,0,64,0.5,0.35,64,0.0,0.0,-10.0,0.0,0.0,0.0,0.1,1000.0,0.785,1,1,1,0,0,-1.0,1.0,1.0,0.5,1,1,256,1,100,38_synth_four_one_dimensional_dense_sweeps,0,128,0,success,0,,"Scene CPU cache disabled; rebuilding source scene.
Log saved to: D:\project\TVBPerf\out\build\x64-Release\bin\Release\logs\log_2026-07-30_12-47-15.txt",,
129,38_synth_four_one_dimensional_dense_sweeps,C:\Users\mgkim15\AppData\Local\Temp\tvbperf_g2d15rxm\run_00129.csv,9,2,0,64,0,0,0,1,auto,unused,120,600,1,0,0,../../../../../scripts/standard_camera.csv,10,0,0,60,0,captures,1,60,1280,720,0,0,64,0.5,0.35,0,0,-10,0,0,0,0.1,1000,0.785,1,1,1,0,0,-1,1,1,0.5,64,1,1,256,1,100,total,0.11653,visibility,0.00546,visutil_histogram,0.00792,visutil_prefix,0.00192,visutil_flatten,0.00940,gbuffer,0.02259,lighting,0.03039,tonemap,0.00799,,0.00000,,0.00000,,0.00000,,0.00000,,0.00000,,0.00000,,0.00000,,0.00000,,0.00000,,0.00000,,0.00000,,0.00000,,0.00000,,0.00000,,0.00000,,0.00000,,0.00000,,0.00000,,0.00000,,0.00000,,0.00000,,0.00000,,0.00000,,0.00000,DonutVisGBuffer,2026-07-30T12:47:15,free,0.11376,0.11674,0.25917,0.11653,0.11398,0.11418,0.11795,0.11962,1,1,1.00000,4225,0,64,100,9,64,0,0,0,1,auto,unused,120,600,0,0,../../../../../scripts/standard_camera.csv,10,0,0,60,0,1,60,1280,720,0,0,64,0.5,0.35,64,0.0,0.0,-10.0,0.0,0.0,0.0,0.1,1000.0,0.785,1,1,1,0,0,-1.0,1.0,1.0,0.5,1,1,256,1,100,38_synth_four_one_dimensional_dense_sweeps,0,129,0,success,0,,"Scene CPU cache disabled; rebuilding source scene.
Log saved to: D:\project\TVBPerf\out\build\x64-Release\bin\Release\logs\log_2026-07-30_12-47-15.txt",,
130,38_synth_four_one_dimensional_dense_sweeps,C:\Users\mgkim15\AppData\Local\Temp\tvbperf_g2d15rxm\run_00130.csv,8,2,0,65,0,0,0,1,auto,unused,120,600,1,0,0,../../../../../scripts/standard_camera.csv,10,0,0,60,0,captures,1,60,1280,720,0,0,64,0.5,0.4,0,0,-10,0,0,0,0.1,1000,0.785,1,1,1,0,0,-1,1,1,0.5,64,1,1,256,1,100,total,0.06222,depth_prepass,0.00411,geometry,0.00753,lighting,0.03061,tonemap,0.00804,,0.00000,,0.00000,,0.00000,,0.00000,,0.00000,,0.00000,,0.00000,,0.00000,,0.00000,,0.00000,,0.00000,,0.00000,,0.00000,,0.00000,,0.00000,,0.00000,,0.00000,,0.00000,,0.00000,,0.00000,,0.00000,,0.00000,,0.00000,,0.00000,,0.00000,,0.00000,,0.00000,DonutDeferredPrepass,2026-07-30T12:47:16,free,0.06048,0.06211,0.08390,0.06222,0.06074,0.06115,0.06342,0.06448,1,1,1.00000,4225,0,64,100,8,65,0,0,0,1,auto,unused,120,600,0,0,../../../../../scripts/standard_camera.csv,10,0,0,60,0,1,60,1280,720,0,0,64,0.5,0.4,64,0.0,0.0,-10.0,0.0,0.0,0.0,0.1,1000.0,0.785,1,1,1,0,0,-1.0,1.0,1.0,0.5,1,1,256,1,100,38_synth_four_one_dimensional_dense_sweeps,0,130,0,success,0,,"Scene CPU cache disabled; rebuilding source scene.
Log saved to: D:\project\TVBPerf\out\build\x64-Release\bin\Release\logs\log_2026-07-30_12-47-16.txt",,
131,38_synth_four_one_dimensional_dense_sweeps,C:\Users\mgkim15\AppData\Local\Temp\tvbperf_g2d15rxm\run_00131.csv,9,2,0,65,0,0,0,1,auto,unused,120,600,1,0,0,../../../../../scripts/standard_camera.csv,10,0,0,60,0,captures,1,60,1280,720,0,0,64,0.5,0.4,0,0,-10,0,0,0,0.1,1000,0.785,1,1,1,0,0,-1,1,1,0.5,64,1,1,256,1,100,total,0.11639,visibility,0.00547,visutil_histogram,0.00792,visutil_prefix,0.00193,visutil_flatten,0.00940,gbuffer,0.02262,lighting,0.03040,tonemap,0.00801,,0.00000,,0.00000,,0.00000,,0.00000,,0.00000,,0.00000,,0.00000,,0.00000,,0.00000,,0.00000,,0.00000,,0.00000,,0.00000,,0.00000,,0.00000,,0.00000,,0.00000,,0.00000,,0.00000,,0.00000,,0.00000,,0.00000,,0.00000,,0.00000,DonutVisGBuffer,2026-07-30T12:47:16,free,0.11382,0.11677,0.14326,0.11639,0.11402,0.11421,0.11798,0.12054,1,1,1.00000,4225,0,64,100,9,65,0,0,0,1,auto,unused,120,600,0,0,../../../../../scripts/standard_camera.csv,10,0,0,60,0,1,60,1280,720,0,0,64,0.5,0.4,64,0.0,0.0,-10.0,0.0,0.0,0.0,0.1,1000.0,0.785,1,1,1,0,0,-1.0,1.0,1.0,0.5,1,1,256,1,100,38_synth_four_one_dimensional_dense_sweeps,0,131,0,success,0,,"Scene CPU cache disabled; rebuilding source scene.
Log saved to: D:\project\TVBPerf\out\build\x64-Release\bin\Release\logs\log_2026-07-30_12-47-16.txt",,
132,38_synth_four_one_dimensional_dense_sweeps,C:\Users\mgkim15\AppData\Local\Temp\tvbperf_g2d15rxm\run_00132.csv,8,2,0,66,0,0,0,1,auto,unused,120,600,1,0,0,../../../../../scripts/standard_camera.csv,10,0,0,60,0,captures,1,60,1280,720,0,0,64,0.5,0.45,0,0,-10,0,0,0,0.1,1000,0.785,1,1,1,0,0,-1,1,1,0.5,64,1,1,256,1,100,total,0.06203,depth_prepass,0.00406,geometry,0.00752,lighting,0.03058,tonemap,0.00804,,0.00000,,0.00000,,0.00000,,0.00000,,0.00000,,0.00000,,0.00000,,0.00000,,0.00000,,0.00000,,0.00000,,0.00000,,0.00000,,0.00000,,0.00000,,0.00000,,0.00000,,0.00000,,0.00000,,0.00000,,0.00000,,0.00000,,0.00000,,0.00000,,0.00000,,0.00000,,0.00000,DonutDeferredPrepass,2026-07-30T12:47:17,free,0.06022,0.06189,0.07123,0.06203,0.06080,0.06115,0.06330,0.06378,1,1,1.00000,4225,0,64,100,8,66,0,0,0,1,auto,unused,120,600,0,0,../../../../../scripts/standard_camera.csv,10,0,0,60,0,1,60,1280,720,0,0,64,0.5,0.45,64,0.0,0.0,-10.0,0.0,0.0,0.0,0.1,1000.0,0.785,1,1,1,0,0,-1.0,1.0,1.0,0.5,1,1,256,1,100,38_synth_four_one_dimensional_dense_sweeps,0,132,0,success,0,,"Scene CPU cache disabled; rebuilding source scene.
Log saved to: D:\project\TVBPerf\out\build\x64-Release\bin\Release\logs\log_2026-07-30_12-47-17.txt",,
133,38_synth_four_one_dimensional_dense_sweeps,C:\Users\mgkim15\AppData\Local\Temp\tvbperf_g2d15rxm\run_00133.csv,9,2,0,66,0,0,0,1,auto,unused,120,600,1,0,0,../../../../../scripts/standard_camera.csv,10,0,0,60,0,captures,1,60,1280,720,0,0,64,0.5,0.45,0,0,-10,0,0,0,0.1,1000,0.785,1,1,1,0,0,-1,1,1,0.5,64,1,1,256,1,100,total,0.11638,visibility,0.00547,visutil_histogram,0.00791,visutil_prefix,0.00192,visutil_flatten,0.00940,gbuffer,0.02265,lighting,0.03042,tonemap,0.00799,,0.00000,,0.00000,,0.00000,,0.00000,,0.00000,,0.00000,,0.00000,,0.00000,,0.00000,,0.00000,,0.00000,,0.00000,,0.00000,,0.00000,,0.00000,,0.00000,,0.00000,,0.00000,,0.00000,,0.00000,,0.00000,,0.00000,,0.00000,,0.00000,DonutVisGBuffer,2026-07-30T12:47:17,free,0.11382,0.11677,0.13971,0.11638,0.11398,0.11418,0.11802,0.12512,1,1,1.00000,4225,0,64,100,9,66,0,0,0,1,auto,unused,120,600,0,0,../../../../../scripts/standard_camera.csv,10,0,0,60,0,1,60,1280,720,0,0,64,0.5,0.45,64,0.0,0.0,-10.0,0.0,0.0,0.0,0.1,1000.0,0.785,1,1,1,0,0,-1.0,1.0,1.0,0.5,1,1,256,1,100,38_synth_four_one_dimensional_dense_sweeps,0,133,0,success,0,,"Scene CPU cache disabled; rebuilding source scene.
Log saved to: D:\project\TVBPerf\out\build\x64-Release\bin\Release\logs\log_2026-07-30_12-47-17.txt",,
134,38_synth_four_one_dimensional_dense_sweeps,C:\Users\mgkim15\AppData\Local\Temp\tvbperf_g2d15rxm\run_00134.csv,8,2,0,67,0,0,0,1,auto,unused,120,600,1,0,0,../../../../../scripts/standard_camera.csv,10,0,0,60,0,captures,1,60,1280,720,0,0,64,0.5,0.5,0,0,-10,0,0,0,0.1,1000,0.785,1,1,1,0,0,-1,1,1,0.5,64,1,1,256,1,100,total,0.06218,depth_prepass,0.00409,geometry,0.00754,lighting,0.03067,tonemap,0.00804,,0.00000,,0.00000,,0.00000,,0.00000,,0.00000,,0.00000,,0.00000,,0.00000,,0.00000,,0.00000,,0.00000,,0.00000,,0.00000,,0.00000,,0.00000,,0.00000,,0.00000,,0.00000,,0.00000,,0.00000,,0.00000,,0.00000,,0.00000,,0.00000,,0.00000,,0.00000,,0.00000,DonutDeferredPrepass,2026-07-30T12:47:18,free,0.06070,0.06208,0.07398,0.06218,0.06077,0.06115,0.06352,0.06502,1,1,1.00000,4225,0,64,100,8,67,0,0,0,1,auto,unused,120,600,0,0,../../../../../scripts/standard_camera.csv,10,0,0,60,0,1,60,1280,720,0,0,64,0.5,0.5,64,0.0,0.0,-10.0,0.0,0.0,0.0,0.1,1000.0,0.785,1,1,1,0,0,-1.0,1.0,1.0,0.5,1,1,256,1,100,38_synth_four_one_dimensional_dense_sweeps,0,134,0,success,0,,"Scene CPU cache disabled; rebuilding source scene.
Log saved to: D:\project\TVBPerf\out\build\x64-Release\bin\Release\logs\log_2026-07-30_12-47-18.txt",,
135,38_synth_four_one_dimensional_dense_sweeps,C:\Users\mgkim15\AppData\Local\Temp\tvbperf_g2d15rxm\run_00135.csv,9,2,0,67,0,0,0,1,auto,unused,120,600,1,0,0,../../../../../scripts/standard_camera.csv,10,0,0,60,0,captures,1,60,1280,720,0,0,64,0.5,0.5,0,0,-10,0,0,0,0.1,1000,0.785,1,1,1,0,0,-1,1,1,0.5,64,1,1,256,1,100,total,0.11656,visibility,0.00547,visutil_histogram,0.00792,visutil_prefix,0.00192,visutil_flatten,0.00941,gbuffer,0.02260,lighting,0.03040,tonemap,0.00799,,0.00000,,0.00000,,0.00000,,0.00000,,0.00000,,0.00000,,0.00000,,0.00000,,0.00000,,0.00000,,0.00000,,0.00000,,0.00000,,0.00000,,0.00000,,0.00000,,0.00000,,0.00000,,0.00000,,0.00000,,0.00000,,0.00000,,0.00000,,0.00000,DonutVisGBuffer,2026-07-30T12:47:18,free,0.11370,0.11674,0.25712,0.11656,0.11398,0.11421,0.11795,0.11830,1,1,1.00000,4225,0,64,100,9,67,0,0,0,1,auto,unused,120,600,0,0,../../../../../scripts/standard_camera.csv,10,0,0,60,0,1,60,1280,720,0,0,64,0.5,0.5,64,0.0,0.0,-10.0,0.0,0.0,0.0,0.1,1000.0,0.785,1,1,1,0,0,-1.0,1.0,1.0,0.5,1,1,256,1,100,38_synth_four_one_dimensional_dense_sweeps,0,135,0,success,0,,"Scene CPU cache disabled; rebuilding source scene.
Log saved to: D:\project\TVBPerf\out\build\x64-Release\bin\Release\logs\log_2026-07-30_12-47-18.txt",,
136,38_synth_four_one_dimensional_dense_sweeps,C:\Users\mgkim15\AppData\Local\Temp\tvbperf_g2d15rxm\run_00136.csv,8,2,0,68,0,0,0,1,auto,unused,120,600,1,0,0,../../../../../scripts/standard_camera.csv,10,0,0,60,0,captures,1,60,1280,720,0,0,64,0.5,0.55,0,0,-10,0,0,0,0.1,1000,0.785,1,1,1,0,0,-1,1,1,0.5,64,1,1,256,1,100,total,0.06222,depth_prepass,0.00410,geometry,0.00754,lighting,0.03065,tonemap,0.00805,,0.00000,,0.00000,,0.00000,,0.00000,,0.00000,,0.00000,,0.00000,,0.00000,,0.00000,,0.00000,,0.00000,,0.00000,,0.00000,,0.00000,,0.00000,,0.00000,,0.00000,,0.00000,,0.00000,,0.00000,,0.00000,,0.00000,,0.00000,,0.00000,,0.00000,,0.00000,,0.00000,DonutDeferredPrepass,2026-07-30T12:47:19,free,0.06061,0.06205,0.07440,0.06222,0.06086,0.06125,0.06352,0.06493,1,1,1.00000,4225,0,64,100,8,68,0,0,0,1,auto,unused,120,600,0,0,../../../../../scripts/standard_camera.csv,10,0,0,60,0,1,60,1280,720,0,0,64,0.5,0.55,64,0.0,0.0,-10.0,0.0,0.0,0.0,0.1,1000.0,0.785,1,1,1,0,0,-1.0,1.0,1.0,0.5,1,1,256,1,100,38_synth_four_one_dimensional_dense_sweeps,0,136,0,success,0,,"Scene CPU cache disabled; rebuilding source scene.
Log saved to: D:\project\TVBPerf\out\build\x64-Release\bin\Release\logs\log_2026-07-30_12-47-19.txt",,
137,38_synth_four_one_dimensional_dense_sweeps,C:\Users\mgkim15\AppData\Local\Temp\tvbperf_g2d15rxm\run_00137.csv,9,2,0,68,0,0,0,1,auto,unused,120,600,1,0,0,../../../../../scripts/standard_camera.csv,10,0,0,60,0,captures,1,60,1280,720,0,0,64,0.5,0.55,0,0,-10,0,0,0,0.1,1000,0.785,1,1,1,0,0,-1,1,1,0.5,64,1,1,256,1,100,total,0.11642,visibility,0.00546,visutil_histogram,0.00791,visutil_prefix,0.00192,visutil_flatten,0.00940,gbuffer,0.02258,lighting,0.03031,tonemap,0.00800,,0.00000,,0.00000,,0.00000,,0.00000,,0.00000,,0.00000,,0.00000,,0.00000,,0.00000,,0.00000,,0.00000,,0.00000,,0.00000,,0.00000,,0.00000,,0.00000,,0.00000,,0.00000,,0.00000,,0.00000,,0.00000,,0.00000,,0.00000,,0.00000,DonutVisGBuffer,2026-07-30T12:47:19,free,0.11379,0.11677,0.12906,0.11642,0.11398,0.11430,0.11802,0.11930,1,1,1.00000,4225,0,64,100,9,68,0,0,0,1,auto,unused,120,600,0,0,../../../../../scripts/standard_camera.csv,10,0,0,60,0,1,60,1280,720,0,0,64,0.5,0.55,64,0.0,0.0,-10.0,0.0,0.0,0.0,0.1,1000.0,0.785,1,1,1,0,0,-1.0,1.0,1.0,0.5,1,1,256,1,100,38_synth_four_one_dimensional_dense_sweeps,0,137,0,success,0,,"Scene CPU cache disabled; rebuilding source scene.
Log saved to: D:\project\TVBPerf\out\build\x64-Release\bin\Release\logs\log_2026-07-30_12-47-19.txt",,
138,38_synth_four_one_dimensional_dense_sweeps,C:\Users\mgkim15\AppData\Local\Temp\tvbperf_g2d15rxm\run_00138.csv,8,2,0,69,0,0,0,1,auto,unused,120,600,1,0,0,../../../../../scripts/standard_camera.csv,10,0,0,60,0,captures,1,60,1280,720,0,0,64,0.5,0.6,0,0,-10,0,0,0,0.1,1000,0.785,1,1,1,0,0,-1,1,1,0.5,64,1,1,256,1,100,total,0.06202,depth_prepass,0.00402,geometry,0.00749,lighting,0.03053,tonemap,0.00804,,0.00000,,0.00000,,0.00000,,0.00000,,0.00000,,0.00000,,0.00000,,0.00000,,0.00000,,0.00000,,0.00000,,0.00000,,0.00000,,0.00000,,0.00000,,0.00000,,0.00000,,0.00000,,0.00000,,0.00000,,0.00000,,0.00000,,0.00000,,0.00000,,0.00000,,0.00000,,0.00000,DonutDeferredPrepass,2026-07-30T12:47:20,free,0.06038,0.06176,0.07491,0.06202,0.06067,0.06093,0.06336,0.06534,1,1,1.00000,4225,0,64,100,8,69,0,0,0,1,auto,unused,120,600,0,0,../../../../../scripts/standard_camera.csv,10,0,0,60,0,1,60,1280,720,0,0,64,0.5,0.6,64,0.0,0.0,-10.0,0.0,0.0,0.0,0.1,1000.0,0.785,1,1,1,0,0,-1.0,1.0,1.0,0.5,1,1,256,1,100,38_synth_four_one_dimensional_dense_sweeps,0,138,0,success,0,,"Scene CPU cache disabled; rebuilding source scene.
Log saved to: D:\project\TVBPerf\out\build\x64-Release\bin\Release\logs\log_2026-07-30_12-47-20.txt",,
139,38_synth_four_one_dimensional_dense_sweeps,C:\Users\mgkim15\AppData\Local\Temp\tvbperf_g2d15rxm\run_00139.csv,9,2,0,69,0,0,0,1,auto,unused,120,600,1,0,0,../../../../../scripts/standard_camera.csv,10,0,0,60,0,captures,1,60,1280,720,0,0,64,0.5,0.6,0,0,-10,0,0,0,0.1,1000,0.785,1,1,1,0,0,-1,1,1,0.5,64,1,1,256,1,100,total,0.11644,visibility,0.00543,visutil_histogram,0.00792,visutil_prefix,0.00192,visutil_flatten,0.00941,gbuffer,0.02258,lighting,0.03041,tonemap,0.00804,,0.00000,,0.00000,,0.00000,,0.00000,,0.00000,,0.00000,,0.00000,,0.00000,,0.00000,,0.00000,,0.00000,,0.00000,,0.00000,,0.00000,,0.00000,,0.00000,,0.00000,,0.00000,,0.00000,,0.00000,,0.00000,,0.00000,,0.00000,,0.00000,DonutVisGBuffer,2026-07-30T12:47:20,free,0.11395,0.11680,0.14406,0.11644,0.11405,0.11427,0.11808,0.12797,1,1,1.00000,4225,0,64,100,9,69,0,0,0,1,auto,unused,120,600,0,0,../../../../../scripts/standard_camera.csv,10,0,0,60,0,1,60,1280,720,0,0,64,0.5,0.6,64,0.0,0.0,-10.0,0.0,0.0,0.0,0.1,1000.0,0.785,1,1,1,0,0,-1.0,1.0,1.0,0.5,1,1,256,1,100,38_synth_four_one_dimensional_dense_sweeps,0,139,0,success,0,,"Scene CPU cache disabled; rebuilding source scene.
Log saved to: D:\project\TVBPerf\out\build\x64-Release\bin\Release\logs\log_2026-07-30_12-47-20.txt",,
140,38_synth_four_one_dimensional_dense_sweeps,C:\Users\mgkim15\AppData\Local\Temp\tvbperf_g2d15rxm\run_00140.csv,8,2,0,70,0,0,0,1,auto,unused,120,600,1,0,0,../../../../../scripts/standard_camera.csv,10,0,0,60,0,captures,1,60,1280,720,0,0,64,0.5,0.65,0,0,-10,0,0,0,0.1,1000,0.785,1,1,1,0,0,-1,1,1,0.5,64,1,1,256,1,100,total,0.06231,depth_prepass,0.00404,geometry,0.00754,lighting,0.03064,tonemap,0.00805,,0.00000,,0.00000,,0.00000,,0.00000,,0.00000,,0.00000,,0.00000,,0.00000,,0.00000,,0.00000,,0.00000,,0.00000,,0.00000,,0.00000,,0.00000,,0.00000,,0.00000,,0.00000,,0.00000,,0.00000,,0.00000,,0.00000,,0.00000,,0.00000,,0.00000,,0.00000,,0.00000,DonutDeferredPrepass,2026-07-30T12:47:21,free,0.06058,0.06186,0.18506,0.06231,0.06070,0.06106,0.06349,0.06531,1,1,1.00000,4225,0,64,100,8,70,0,0,0,1,auto,unused,120,600,0,0,../../../../../scripts/standard_camera.csv,10,0,0,60,0,1,60,1280,720,0,0,64,0.5,0.65,64,0.0,0.0,-10.0,0.0,0.0,0.0,0.1,1000.0,0.785,1,1,1,0,0,-1.0,1.0,1.0,0.5,1,1,256,1,100,38_synth_four_one_dimensional_dense_sweeps,0,140,0,success,0,,"Scene CPU cache disabled; rebuilding source scene.
Log saved to: D:\project\TVBPerf\out\build\x64-Release\bin\Release\logs\log_2026-07-30_12-47-21.txt",,
141,38_synth_four_one_dimensional_dense_sweeps,C:\Users\mgkim15\AppData\Local\Temp\tvbperf_g2d15rxm\run_00141.csv,9,2,0,70,0,0,0,1,auto,unused,120,600,1,0,0,../../../../../scripts/standard_camera.csv,10,0,0,60,0,captures,1,60,1280,720,0,0,64,0.5,0.65,0,0,-10,0,0,0,0.1,1000,0.785,1,1,1,0,0,-1,1,1,0.5,64,1,1,256,1,100,total,0.11638,visibility,0.00541,visutil_histogram,0.00792,visutil_prefix,0.00193,visutil_flatten,0.00941,gbuffer,0.02260,lighting,0.03043,tonemap,0.00798,,0.00000,,0.00000,,0.00000,,0.00000,,0.00000,,0.00000,,0.00000,,0.00000,,0.00000,,0.00000,,0.00000,,0.00000,,0.00000,,0.00000,,0.00000,,0.00000,,0.00000,,0.00000,,0.00000,,0.00000,,0.00000,,0.00000,,0.00000,,0.00000,DonutVisGBuffer,2026-07-30T12:47:21,free,0.11373,0.11670,0.25718,0.11638,0.11395,0.11414,0.11795,0.11821,1,1,1.00000,4225,0,64,100,9,70,0,0,0,1,auto,unused,120,600,0,0,../../../../../scripts/standard_camera.csv,10,0,0,60,0,1,60,1280,720,0,0,64,0.5,0.65,64,0.0,0.0,-10.0,0.0,0.0,0.0,0.1,1000.0,0.785,1,1,1,0,0,-1.0,1.0,1.0,0.5,1,1,256,1,100,38_synth_four_one_dimensional_dense_sweeps,0,141,0,success,0,,"Scene CPU cache disabled; rebuilding source scene.
Log saved to: D:\project\TVBPerf\out\build\x64-Release\bin\Release\logs\log_2026-07-30_12-47-21.txt",,
142,38_synth_four_one_dimensional_dense_sweeps,C:\Users\mgkim15\AppData\Local\Temp\tvbperf_g2d15rxm\run_00142.csv,8,2,0,71,0,0,0,1,auto,unused,120,600,1,0,0,../../../../../scripts/standard_camera.csv,10,0,0,60,0,captures,1,60,1280,720,0,0,64,0.5,0.7,0,0,-10,0,0,0,0.1,1000,0.785,1,1,1,0,0,-1,1,1,0.5,64,1,1,256,1,100,total,0.06246,depth_prepass,0.00408,geometry,0.00757,lighting,0.03064,tonemap,0.00810,,0.00000,,0.00000,,0.00000,,0.00000,,0.00000,,0.00000,,0.00000,,0.00000,,0.00000,,0.00000,,0.00000,,0.00000,,0.00000,,0.00000,,0.00000,,0.00000,,0.00000,,0.00000,,0.00000,,0.00000,,0.00000,,0.00000,,0.00000,,0.00000,,0.00000,,0.00000,,0.00000,DonutDeferredPrepass,2026-07-30T12:47:22,free,0.06067,0.06202,0.19530,0.06246,0.06090,0.06118,0.06349,0.06838,1,1,1.00000,4225,0,64,100,8,71,0,0,0,1,auto,unused,120,600,0,0,../../../../../scripts/standard_camera.csv,10,0,0,60,0,1,60,1280,720,0,0,64,0.5,0.7,64,0.0,0.0,-10.0,0.0,0.0,0.0,0.1,1000.0,0.785,1,1,1,0,0,-1.0,1.0,1.0,0.5,1,1,256,1,100,38_synth_four_one_dimensional_dense_sweeps,0,142,0,success,0,,"Scene CPU cache disabled; rebuilding source scene.
Log saved to: D:\project\TVBPerf\out\build\x64-Release\bin\Release\logs\log_2026-07-30_12-47-22.txt",,
143,38_synth_four_one_dimensional_dense_sweeps,C:\Users\mgkim15\AppData\Local\Temp\tvbperf_g2d15rxm\run_00143.csv,9,2,0,71,0,0,0,1,auto,unused,120,600,1,0,0,../../../../../scripts/standard_camera.csv,10,0,0,60,0,captures,1,60,1280,720,0,0,64,0.5,0.7,0,0,-10,0,0,0,0.1,1000,0.785,1,1,1,0,0,-1,1,1,0.5,64,1,1,256,1,100,total,0.11648,visibility,0.00546,visutil_histogram,0.00792,visutil_prefix,0.00192,visutil_flatten,0.00941,gbuffer,0.02259,lighting,0.03042,tonemap,0.00799,,0.00000,,0.00000,,0.00000,,0.00000,,0.00000,,0.00000,,0.00000,,0.00000,,0.00000,,0.00000,,0.00000,,0.00000,,0.00000,,0.00000,,0.00000,,0.00000,,0.00000,,0.00000,,0.00000,,0.00000,,0.00000,,0.00000,,0.00000,,0.00000,DonutVisGBuffer,2026-07-30T12:47:22,free,0.11395,0.11674,0.14205,0.11648,0.11398,0.11424,0.11795,0.12698,1,1,1.00000,4225,0,64,100,9,71,0,0,0,1,auto,unused,120,600,0,0,../../../../../scripts/standard_camera.csv,10,0,0,60,0,1,60,1280,720,0,0,64,0.5,0.7,64,0.0,0.0,-10.0,0.0,0.0,0.0,0.1,1000.0,0.785,1,1,1,0,0,-1.0,1.0,1.0,0.5,1,1,256,1,100,38_synth_four_one_dimensional_dense_sweeps,0,143,0,success,0,,"Scene CPU cache disabled; rebuilding source scene.
Log saved to: D:\project\TVBPerf\out\build\x64-Release\bin\Release\logs\log_2026-07-30_12-47-22.txt",,
144,38_synth_four_one_dimensional_dense_sweeps,C:\Users\mgkim15\AppData\Local\Temp\tvbperf_g2d15rxm\run_00144.csv,8,2,0,72,0,0,0,1,auto,unused,120,600,1,0,0,../../../../../scripts/standard_camera.csv,10,0,0,60,0,captures,1,60,1280,720,0,0,64,0.5,0.75,0,0,-10,0,0,0,0.1,1000,0.785,1,1,1,0,0,-1,1,1,0.5,64,1,1,256,1,100,total,0.06212,depth_prepass,0.00396,geometry,0.00754,lighting,0.03064,tonemap,0.00804,,0.00000,,0.00000,,0.00000,,0.00000,,0.00000,,0.00000,,0.00000,,0.00000,,0.00000,,0.00000,,0.00000,,0.00000,,0.00000,,0.00000,,0.00000,,0.00000,,0.00000,,0.00000,,0.00000,,0.00000,,0.00000,,0.00000,,0.00000,,0.00000,,0.00000,,0.00000,,0.00000,DonutDeferredPrepass,2026-07-30T12:47:23,free,0.06058,0.06186,0.08893,0.06212,0.06077,0.06102,0.06349,0.06390,1,1,1.00000,4225,0,64,100,8,72,0,0,0,1,auto,unused,120,600,0,0,../../../../../scripts/standard_camera.csv,10,0,0,60,0,1,60,1280,720,0,0,64,0.5,0.75,64,0.0,0.0,-10.0,0.0,0.0,0.0,0.1,1000.0,0.785,1,1,1,0,0,-1.0,1.0,1.0,0.5,1,1,256,1,100,38_synth_four_one_dimensional_dense_sweeps,0,144,0,success,0,,"Scene CPU cache disabled; rebuilding source scene.
Log saved to: D:\project\TVBPerf\out\build\x64-Release\bin\Release\logs\log_2026-07-30_12-47-23.txt",,
145,38_synth_four_one_dimensional_dense_sweeps,C:\Users\mgkim15\AppData\Local\Temp\tvbperf_g2d15rxm\run_00145.csv,9,2,0,72,0,0,0,1,auto,unused,120,600,1,0,0,../../../../../scripts/standard_camera.csv,10,0,0,60,0,captures,1,60,1280,720,0,0,64,0.5,0.75,0,0,-10,0,0,0,0.1,1000,0.785,1,1,1,0,0,-1,1,1,0.5,64,1,1,256,1,100,total,0.11660,visibility,0.00544,visutil_histogram,0.00792,visutil_prefix,0.00192,visutil_flatten,0.00941,gbuffer,0.02258,lighting,0.03064,tonemap,0.00806,,0.00000,,0.00000,,0.00000,,0.00000,,0.00000,,0.00000,,0.00000,,0.00000,,0.00000,,0.00000,,0.00000,,0.00000,,0.00000,,0.00000,,0.00000,,0.00000,,0.00000,,0.00000,,0.00000,,0.00000,,0.00000,,0.00000,,0.00000,,0.00000,DonutVisGBuffer,2026-07-30T12:47:23,free,0.11379,0.11680,0.26643,0.11660,0.11402,0.11424,0.11802,0.12614,1,1,1.00000,4225,0,64,100,9,72,0,0,0,1,auto,unused,120,600,0,0,../../../../../scripts/standard_camera.csv,10,0,0,60,0,1,60,1280,720,0,0,64,0.5,0.75,64,0.0,0.0,-10.0,0.0,0.0,0.0,0.1,1000.0,0.785,1,1,1,0,0,-1.0,1.0,1.0,0.5,1,1,256,1,100,38_synth_four_one_dimensional_dense_sweeps,0,145,0,success,0,,"Scene CPU cache disabled; rebuilding source scene.
Log saved to: D:\project\TVBPerf\out\build\x64-Release\bin\Release\logs\log_2026-07-30_12-47-23.txt",,
146,38_synth_four_one_dimensional_dense_sweeps,C:\Users\mgkim15\AppData\Local\Temp\tvbperf_g2d15rxm\run_00146.csv,8,2,0,73,0,0,0,1,auto,unused,120,600,1,0,0,../../../../../scripts/standard_camera.csv,10,0,0,60,0,captures,1,60,1280,720,0,0,64,0.5,0.8,0,0,-10,0,0,0,0.1,1000,0.785,1,1,1,0,0,-1,1,1,0.5,64,1,1,256,1,100,total,0.06216,depth_prepass,0.00402,geometry,0.00754,lighting,0.03061,tonemap,0.00803,,0.00000,,0.00000,,0.00000,,0.00000,,0.00000,,0.00000,,0.00000,,0.00000,,0.00000,,0.00000,,0.00000,,0.00000,,0.00000,,0.00000,,0.00000,,0.00000,,0.00000,,0.00000,,0.00000,,0.00000,,0.00000,,0.00000,,0.00000,,0.00000,,0.00000,,0.00000,,0.00000,DonutDeferredPrepass,2026-07-30T12:47:24,free,0.06035,0.06186,0.07600,0.06216,0.06070,0.06106,0.06352,0.06518,1,1,1.00000,4225,0,64,100,8,73,0,0,0,1,auto,unused,120,600,0,0,../../../../../scripts/standard_camera.csv,10,0,0,60,0,1,60,1280,720,0,0,64,0.5,0.8,64,0.0,0.0,-10.0,0.0,0.0,0.0,0.1,1000.0,0.785,1,1,1,0,0,-1.0,1.0,1.0,0.5,1,1,256,1,100,38_synth_four_one_dimensional_dense_sweeps,0,146,0,success,0,,"Scene CPU cache disabled; rebuilding source scene.
Log saved to: D:\project\TVBPerf\out\build\x64-Release\bin\Release\logs\log_2026-07-30_12-47-24.txt",,
147,38_synth_four_one_dimensional_dense_sweeps,C:\Users\mgkim15\AppData\Local\Temp\tvbperf_g2d15rxm\run_00147.csv,9,2,0,73,0,0,0,1,auto,unused,120,600,1,0,0,../../../../../scripts/standard_camera.csv,10,0,0,60,0,captures,1,60,1280,720,0,0,64,0.5,0.8,0,0,-10,0,0,0,0.1,1000,0.785,1,1,1,0,0,-1,1,1,0.5,64,1,1,256,1,100,total,0.11669,visibility,0.00547,visutil_histogram,0.00792,visutil_prefix,0.00192,visutil_flatten,0.00940,gbuffer,0.02260,lighting,0.03063,tonemap,0.00801,,0.00000,,0.00000,,0.00000,,0.00000,,0.00000,,0.00000,,0.00000,,0.00000,,0.00000,,0.00000,,0.00000,,0.00000,,0.00000,,0.00000,,0.00000,,0.00000,,0.00000,,0.00000,,0.00000,,0.00000,,0.00000,,0.00000,,0.00000,,0.00000,DonutVisGBuffer,2026-07-30T12:47:24,free,0.11389,0.11674,0.25312,0.11669,0.11398,0.11418,0.11802,0.12630,1,1,1.00000,4225,0,64,100,9,73,0,0,0,1,auto,unused,120,600,0,0,../../../../../scripts/standard_camera.csv,10,0,0,60,0,1,60,1280,720,0,0,64,0.5,0.8,64,0.0,0.0,-10.0,0.0,0.0,0.0,0.1,1000.0,0.785,1,1,1,0,0,-1.0,1.0,1.0,0.5,1,1,256,1,100,38_synth_four_one_dimensional_dense_sweeps,0,147,0,success,0,,"Scene CPU cache disabled; rebuilding source scene.
Log saved to: D:\project\TVBPerf\out\build\x64-Release\bin\Release\logs\log_2026-07-30_12-47-24.txt",,
148,38_synth_four_one_dimensional_dense_sweeps,C:\Users\mgkim15\AppData\Local\Temp\tvbperf_g2d15rxm\run_00148.csv,8,2,0,74,0,0,0,1,auto,unused,120,600,1,0,0,../../../../../scripts/standard_camera.csv,10,0,0,60,0,captures,1,60,1280,720,0,0,64,0.5,0.85,0,0,-10,0,0,0,0.1,1000,0.785,1,1,1,0,0,-1,1,1,0.5,64,1,1,256,1,100,total,0.06218,depth_prepass,0.00407,geometry,0.00755,lighting,0.03065,tonemap,0.00807,,0.00000,,0.00000,,0.00000,,0.00000,,0.00000,,0.00000,,0.00000,,0.00000,,0.00000,,0.00000,,0.00000,,0.00000,,0.00000,,0.00000,,0.00000,,0.00000,,0.00000,,0.00000,,0.00000,,0.00000,,0.00000,,0.00000,,0.00000,,0.00000,,0.00000,,0.00000,,0.00000,DonutDeferredPrepass,2026-07-30T12:47:25,free,0.06038,0.06208,0.07187,0.06218,0.06070,0.06115,0.06355,0.06397,1,1,1.00000,4225,0,64,100,8,74,0,0,0,1,auto,unused,120,600,0,0,../../../../../scripts/standard_camera.csv,10,0,0,60,0,1,60,1280,720,0,0,64,0.5,0.85,64,0.0,0.0,-10.0,0.0,0.0,0.0,0.1,1000.0,0.785,1,1,1,0,0,-1.0,1.0,1.0,0.5,1,1,256,1,100,38_synth_four_one_dimensional_dense_sweeps,0,148,0,success,0,,"Scene CPU cache disabled; rebuilding source scene.
Log saved to: D:\project\TVBPerf\out\build\x64-Release\bin\Release\logs\log_2026-07-30_12-47-25.txt",,
149,38_synth_four_one_dimensional_dense_sweeps,C:\Users\mgkim15\AppData\Local\Temp\tvbperf_g2d15rxm\run_00149.csv,9,2,0,74,0,0,0,1,auto,unused,120,600,1,0,0,../../../../../scripts/standard_camera.csv,10,0,0,60,0,captures,1,60,1280,720,0,0,64,0.5,0.85,0,0,-10,0,0,0,0.1,1000,0.785,1,1,1,0,0,-1,1,1,0.5,64,1,1,256,1,100,total,0.11676,visibility,0.00552,visutil_histogram,0.00792,visutil_prefix,0.00193,visutil_flatten,0.00941,gbuffer,0.02266,lighting,0.03047,tonemap,0.00799,,0.00000,,0.00000,,0.00000,,0.00000,,0.00000,,0.00000,,0.00000,,0.00000,,0.00000,,0.00000,,0.00000,,0.00000,,0.00000,,0.00000,,0.00000,,0.00000,,0.00000,,0.00000,,0.00000,,0.00000,,0.00000,,0.00000,,0.00000,,0.00000,DonutVisGBuffer,2026-07-30T12:47:25,free,0.11392,0.11674,0.25318,0.11676,0.11402,0.11421,0.11802,0.12896,1,1,1.00000,4225,0,64,100,9,74,0,0,0,1,auto,unused,120,600,0,0,../../../../../scripts/standard_camera.csv,10,0,0,60,0,1,60,1280,720,0,0,64,0.5,0.85,64,0.0,0.0,-10.0,0.0,0.0,0.0,0.1,1000.0,0.785,1,1,1,0,0,-1.0,1.0,1.0,0.5,1,1,256,1,100,38_synth_four_one_dimensional_dense_sweeps,0,149,0,success,0,,"Scene CPU cache disabled; rebuilding source scene.
Log saved to: D:\project\TVBPerf\out\build\x64-Release\bin\Release\logs\log_2026-07-30_12-47-26.txt",,
150,38_synth_four_one_dimensional_dense_sweeps,C:\Users\mgkim15\AppData\Local\Temp\tvbperf_g2d15rxm\run_00150.csv,8,2,0,75,0,0,0,1,auto,unused,120,600,1,0,0,../../../../../scripts/standard_camera.csv,10,0,0,60,0,captures,1,60,1280,720,0,0,64,0.5,0.9,0,0,-10,0,0,0,0.1,1000,0.785,1,1,1,0,0,-1,1,1,0.5,64,1,1,256,1,100,total,0.06234,depth_prepass,0.00411,geometry,0.00755,lighting,0.03065,tonemap,0.00805,,0.00000,,0.00000,,0.00000,,0.00000,,0.00000,,0.00000,,0.00000,,0.00000,,0.00000,,0.00000,,0.00000,,0.00000,,0.00000,,0.00000,,0.00000,,0.00000,,0.00000,,0.00000,,0.00000,,0.00000,,0.00000,,0.00000,,0.00000,,0.00000,,0.00000,,0.00000,,0.00000,DonutDeferredPrepass,2026-07-30T12:47:26,free,0.06074,0.06211,0.07520,0.06234,0.06086,0.06115,0.06362,0.06544,1,1,1.00000,4225,0,64,100,8,75,0,0,0,1,auto,unused,120,600,0,0,../../../../../scripts/standard_camera.csv,10,0,0,60,0,1,60,1280,720,0,0,64,0.5,0.9,64,0.0,0.0,-10.0,0.0,0.0,0.0,0.1,1000.0,0.785,1,1,1,0,0,-1.0,1.0,1.0,0.5,1,1,256,1,100,38_synth_four_one_dimensional_dense_sweeps,0,150,0,success,0,,"Scene CPU cache disabled; rebuilding source scene.
Log saved to: D:\project\TVBPerf\out\build\x64-Release\bin\Release\logs\log_2026-07-30_12-47-26.txt",,
151,38_synth_four_one_dimensional_dense_sweeps,C:\Users\mgkim15\AppData\Local\Temp\tvbperf_g2d15rxm\run_00151.csv,9,2,0,75,0,0,0,1,auto,unused,120,600,1,0,0,../../../../../scripts/standard_camera.csv,10,0,0,60,0,captures,1,60,1280,720,0,0,64,0.5,0.9,0,0,-10,0,0,0,0.1,1000,0.785,1,1,1,0,0,-1,1,1,0.5,64,1,1,256,1,100,total,0.11636,visibility,0.00544,visutil_histogram,0.00791,visutil_prefix,0.00192,visutil_flatten,0.00939,gbuffer,0.02262,lighting,0.03033,tonemap,0.00801,,0.00000,,0.00000,,0.00000,,0.00000,,0.00000,,0.00000,,0.00000,,0.00000,,0.00000,,0.00000,,0.00000,,0.00000,,0.00000,,0.00000,,0.00000,,0.00000,,0.00000,,0.00000,,0.00000,,0.00000,,0.00000,,0.00000,,0.00000,,0.00000,DonutVisGBuffer,2026-07-30T12:47:26,free,0.11386,0.11670,0.14342,0.11636,0.11395,0.11414,0.11798,0.12710,1,1,1.00000,4225,0,64,100,9,75,0,0,0,1,auto,unused,120,600,0,0,../../../../../scripts/standard_camera.csv,10,0,0,60,0,1,60,1280,720,0,0,64,0.5,0.9,64,0.0,0.0,-10.0,0.0,0.0,0.0,0.1,1000.0,0.785,1,1,1,0,0,-1.0,1.0,1.0,0.5,1,1,256,1,100,38_synth_four_one_dimensional_dense_sweeps,0,151,0,success,0,,"Scene CPU cache disabled; rebuilding source scene.
Log saved to: D:\project\TVBPerf\out\build\x64-Release\bin\Release\logs\log_2026-07-30_12-47-27.txt",,
152,38_synth_four_one_dimensional_dense_sweeps,C:\Users\mgkim15\AppData\Local\Temp\tvbperf_g2d15rxm\run_00152.csv,8,2,0,76,0,0,0,1,auto,unused,120,600,1,0,0,../../../../../scripts/standard_camera.csv,10,0,0,60,0,captures,1,60,1280,720,0,0,64,0.5,0.95,0,0,-10,0,0,0,0.1,1000,0.785,1,1,1,0,0,-1,1,1,0.5,64,1,1,256,1,100,total,0.06212,depth_prepass,0.00403,geometry,0.00754,lighting,0.03059,tonemap,0.00805,,0.00000,,0.00000,,0.00000,,0.00000,,0.00000,,0.00000,,0.00000,,0.00000,,0.00000,,0.00000,,0.00000,,0.00000,,0.00000,,0.00000,,0.00000,,0.00000,,0.00000,,0.00000,,0.00000,,0.00000,,0.00000,,0.00000,,0.00000,,0.00000,,0.00000,,0.00000,,0.00000,DonutDeferredPrepass,2026-07-30T12:47:27,free,0.06054,0.06192,0.07466,0.06212,0.06077,0.06115,0.06349,0.06394,1,1,1.00000,4225,0,64,100,8,76,0,0,0,1,auto,unused,120,600,0,0,../../../../../scripts/standard_camera.csv,10,0,0,60,0,1,60,1280,720,0,0,64,0.5,0.95,64,0.0,0.0,-10.0,0.0,0.0,0.0,0.1,1000.0,0.785,1,1,1,0,0,-1.0,1.0,1.0,0.5,1,1,256,1,100,38_synth_four_one_dimensional_dense_sweeps,0,152,0,success,0,,"Scene CPU cache disabled; rebuilding source scene.
Log saved to: D:\project\TVBPerf\out\build\x64-Release\bin\Release\logs\log_2026-07-30_12-47-27.txt",,
153,38_synth_four_one_dimensional_dense_sweeps,C:\Users\mgkim15\AppData\Local\Temp\tvbperf_g2d15rxm\run_00153.csv,9,2,0,76,0,0,0,1,auto,unused,120,600,1,0,0,../../../../../scripts/standard_camera.csv,10,0,0,60,0,captures,1,60,1280,720,0,0,64,0.5,0.95,0,0,-10,0,0,0,0.1,1000,0.785,1,1,1,0,0,-1,1,1,0.5,64,1,1,256,1,100,total,0.11640,visibility,0.00544,visutil_histogram,0.00792,visutil_prefix,0.00193,visutil_flatten,0.00941,gbuffer,0.02269,lighting,0.03041,tonemap,0.00800,,0.00000,,0.00000,,0.00000,,0.00000,,0.00000,,0.00000,,0.00000,,0.00000,,0.00000,,0.00000,,0.00000,,0.00000,,0.00000,,0.00000,,0.00000,,0.00000,,0.00000,,0.00000,,0.00000,,0.00000,,0.00000,,0.00000,,0.00000,,0.00000,DonutVisGBuffer,2026-07-30T12:47:27,free,0.11370,0.11674,0.14547,0.11640,0.11398,0.11418,0.11802,0.13104,1,1,1.00000,4225,0,64,100,9,76,0,0,0,1,auto,unused,120,600,0,0,../../../../../scripts/standard_camera.csv,10,0,0,60,0,1,60,1280,720,0,0,64,0.5,0.95,64,0.0,0.0,-10.0,0.0,0.0,0.0,0.1,1000.0,0.785,1,1,1,0,0,-1.0,1.0,1.0,0.5,1,1,256,1,100,38_synth_four_one_dimensional_dense_sweeps,0,153,0,success,0,,"Scene CPU cache disabled; rebuilding source scene.
Log saved to: D:\project\TVBPerf\out\build\x64-Release\bin\Release\logs\log_2026-07-30_12-47-28.txt",,
154,38_synth_four_one_dimensional_dense_sweeps,C:\Users\mgkim15\AppData\Local\Temp\tvbperf_g2d15rxm\run_00154.csv,8,2,0,77,0,0,0,1,auto,unused,120,600,1,0,0,../../../../../scripts/standard_camera.csv,10,0,0,60,0,captures,1,60,1280,720,0,0,64,0.5,1,0,0,-10,0,0,0,0.1,1000,0.785,1,1,1,0,0,-1,1,1,0.5,64,1,1,256,1,100,total,0.06246,depth_prepass,0.00412,geometry,0.00754,lighting,0.03058,tonemap,0.00805,,0.00000,,0.00000,,0.00000,,0.00000,,0.00000,,0.00000,,0.00000,,0.00000,,0.00000,,0.00000,,0.00000,,0.00000,,0.00000,,0.00000,,0.00000,,0.00000,,0.00000,,0.00000,,0.00000,,0.00000,,0.00000,,0.00000,,0.00000,,0.00000,,0.00000,,0.00000,,0.00000,DonutDeferredPrepass,2026-07-30T12:47:28,free,0.06022,0.06208,0.20534,0.06246,0.06077,0.06109,0.06352,0.06570,1,1,1.00000,4225,0,64,100,8,77,0,0,0,1,auto,unused,120,600,0,0,../../../../../scripts/standard_camera.csv,10,0,0,60,0,1,60,1280,720,0,0,64,0.5,1.0,64,0.0,0.0,-10.0,0.0,0.0,0.0,0.1,1000.0,0.785,1,1,1,0,0,-1.0,1.0,1.0,0.5,1,1,256,1,100,38_synth_four_one_dimensional_dense_sweeps,0,154,0,success,0,,"Scene CPU cache disabled; rebuilding source scene.
Log saved to: D:\project\TVBPerf\out\build\x64-Release\bin\Release\logs\log_2026-07-30_12-47-28.txt",,
155,38_synth_four_one_dimensional_dense_sweeps,C:\Users\mgkim15\AppData\Local\Temp\tvbperf_g2d15rxm\run_00155.csv,9,2,0,77,0,0,0,1,auto,unused,120,600,1,0,0,../../../../../scripts/standard_camera.csv,10,0,0,60,0,captures,1,60,1280,720,0,0,64,0.5,1,0,0,-10,0,0,0,0.1,1000,0.785,1,1,1,0,0,-1,1,1,0.5,64,1,1,256,1,100,total,0.11633,visibility,0.00543,visutil_histogram,0.00791,visutil_prefix,0.00193,visutil_flatten,0.00940,gbuffer,0.02259,lighting,0.03040,tonemap,0.00800,,0.00000,,0.00000,,0.00000,,0.00000,,0.00000,,0.00000,,0.00000,,0.00000,,0.00000,,0.00000,,0.00000,,0.00000,,0.00000,,0.00000,,0.00000,,0.00000,,0.00000,,0.00000,,0.00000,,0.00000,,0.00000,,0.00000,,0.00000,,0.00000,DonutVisGBuffer,2026-07-30T12:47:28,free,0.11389,0.11667,0.14134,0.11633,0.11398,0.11421,0.11798,0.12694,1,1,1.00000,4225,0,64,100,9,77,0,0,0,1,auto,unused,120,600,0,0,../../../../../scripts/standard_camera.csv,10,0,0,60,0,1,60,1280,720,0,0,64,0.5,1.0,64,0.0,0.0,-10.0,0.0,0.0,0.0,0.1,1000.0,0.785,1,1,1,0,0,-1.0,1.0,1.0,0.5,1,1,256,1,100,38_synth_four_one_dimensional_dense_sweeps,0,155,0,success,0,,"Scene CPU cache disabled; rebuilding source scene.
Log saved to: D:\project\TVBPerf\out\build\x64-Release\bin\Release\logs\log_2026-07-30_12-47-29.txt",,
