run-id,run-name,output-filepath,renderer-variant,visibility-debug-mode,donut-linear-gbuffer,variable,to-use-scene,to-load-texture,use-vfc,scene-variant,scene-importer,scene-path,warmup-frames,measure-frames,auto-terminate,vsync,camera-mode,camera-filepath,camera-keyframe-interval,to-set-start-frame,key-frame,profile-window-frames,capture-frames,capture-output-dir,capture-stride,capture-fps,window-width,window-height,seed,material-assign-strategy,material-assign-max-open,material-assign-locality,material-assign-diversity,camera-pos-x,camera-pos-y,camera-pos-z,camera-lookat-x,camera-lookat-y,camera-lookat-z,camera-near-z,camera-far-z,camera-fov,object-count,material-count,geometry-count,overdraw-count,to-remain-only-in-camera,z-min,z-max,xy-minmax,radius,geometry-div,gbuffer-cnt,texture-count,texture-size,texture-sampling-count,alu-calc-count,pass_name_0,pass_0_time_avg_ms,pass_name_1,pass_1_time_avg_ms,pass_name_2,pass_2_time_avg_ms,pass_name_3,pass_3_time_avg_ms,pass_name_4,pass_4_time_avg_ms,pass_name_5,pass_5_time_avg_ms,pass_name_6,pass_6_time_avg_ms,pass_name_7,pass_7_time_avg_ms,pass_name_8,pass_8_time_avg_ms,pass_name_9,pass_9_time_avg_ms,pass_name_10,pass_10_time_avg_ms,pass_name_11,pass_11_time_avg_ms,pass_name_12,pass_12_time_avg_ms,pass_name_13,pass_13_time_avg_ms,pass_name_14,pass_14_time_avg_ms,pass_name_15,pass_15_time_avg_ms,pass_name_16,pass_16_time_avg_ms,pass_name_17,pass_17_time_avg_ms,pass_name_18,pass_18_time_avg_ms,pass_name_19,pass_19_time_avg_ms,pass_name_20,pass_20_time_avg_ms,pass_name_21,pass_21_time_avg_ms,pass_name_22,pass_22_time_avg_ms,pass_name_23,pass_23_time_avg_ms,pass_name_24,pass_24_time_avg_ms,pass_name_25,pass_25_time_avg_ms,pass_name_26,pass_26_time_avg_ms,pass_name_27,pass_27_time_avg_ms,pass_name_28,pass_28_time_avg_ms,pass_name_29,pass_29_time_avg_ms,pass_name_30,pass_30_time_avg_ms,pass_name_31,pass_31_time_avg_ms,renderer_name,run_current_time,camera-mode-name,total_time_min_ms,total_time_median_ms,total_time_max_ms,total_time_avg_ms,total_time_p01_ms,total_time_p10_ms,total_time_p90_ms,total_time_p99_ms,variable-geometry-count,variable-overdraw-count,variable-waste-quad-count,variable-alu-op-count,param_renderer_variant,param_visibility_debug_mode,param_donut_linear_gbuffer,param_variable,param_to_use_scene,param_to_load_texture,param_use_vfc,param_scene_variant,param_scene_importer,param_scene_path,param_warmup_frames,param_measure_frames,param_vsync,param_camera_mode,param_camera_filepath,param_camera_keyframe_interval,param_to_set_start_frame,param_key_frame,param_profile_window_frames,param_capture_frames,param_capture_stride,param_capture_fps,param_window_width,param_window_height,param_seed,param_material_assign_strategy,param_material_assign_max_open,param_material_assign_locality,param_material_assign_diversity,param_geometry_div,param_camera_pos_x,param_camera_pos_y,param_camera_pos_z,param_camera_lookat_x,param_camera_lookat_y,param_camera_lookat_z,param_camera_near_z,param_camera_far_z,param_camera_fov,param_object_count,param_material_count,param_geometry_count,param_overdraw_count,param_to_remain_only_in_camera,param_z_min,param_z_max,param_xy_minmax,param_radius,param_gbuffer_cnt,param_texture_count,param_texture_size,param_texture_sampling_count,param_alu_calc_count,runner_experiment,runner_repeat,runner_run_index,runner_result_row,runner_status,runner_return_code,runner_error,runner_stderr,runner_skip_reason,runner_missing_assets
0,05_synth_diversity_dense,${RUN_TEMP}\run_00000.csv,8,2,0,0,0,0,0,1,auto,unused,120,600,1,0,0,../../../../../scripts/standard_camera.csv,10,0,0,60,0,captures,1,60,1920,1080,0,0,64,0,0,0,0,-3,0,0,0,0.1,1000,0.785,1,255,1,0,0,-1,1,1,0.5,128,1,1,256,1,100,total,0.24534,depth_prepass,0.02332,geometry,0.09402,lighting,0.08563,tonemap,0.02831,,0.00000,,0.00000,,0.00000,,0.00000,,0.00000,,0.00000,,0.00000,,0.00000,,0.00000,,0.00000,,0.00000,,0.00000,,0.00000,,0.00000,,0.00000,,0.00000,,0.00000,,0.00000,,0.00000,,0.00000,,0.00000,,0.00000,,0.00000,,0.00000,,0.00000,,0.00000,,0.00000,DonutDeferredPrepass,2026-07-30T01:10:01,free,0.24150,0.24438,0.48614,0.24534,0.24205,0.24310,0.24586,0.25184,16641,0,128,100,8,2,0,0,0,0,0,1,auto,unused,120,600,0,0,../../../../../scripts/standard_camera.csv,10,0,0,60,0,1,60,1920,1080,0,0,64,0.0,0.0,128,0.0,0.0,-3.0,0.0,0.0,0.0,0.1,1000.0,0.785,1,255,1,0,0,-1.0,1.0,1.0,0.5,1,1,256,1,100,05_synth_diversity_dense,0,0,0,success,0,,"Scene CPU cache disabled; rebuilding source scene.
Log saved to: ${REPOSITORY_ROOT}\out\build\x64-Release\bin\Release\logs\log_2026-07-30_01-10-02.txt",,
1,05_synth_diversity_dense,${RUN_TEMP}\run_00001.csv,9,2,0,1,0,0,0,1,auto,unused,120,600,1,0,0,../../../../../scripts/standard_camera.csv,10,0,0,60,0,captures,1,60,1920,1080,0,0,64,0,0,0,0,-3,0,0,0,0.1,1000,0.785,1,255,1,0,0,-1,1,1,0.5,128,1,1,256,1,100,total,0.33923,visibility,0.03264,visutil_histogram,0.02293,visutil_prefix,0.00205,visutil_flatten,0.03052,gbuffer,0.10031,lighting,0.08969,tonemap,0.02950,,0.00000,,0.00000,,0.00000,,0.00000,,0.00000,,0.00000,,0.00000,,0.00000,,0.00000,,0.00000,,0.00000,,0.00000,,0.00000,,0.00000,,0.00000,,0.00000,,0.00000,,0.00000,,0.00000,,0.00000,,0.00000,,0.00000,,0.00000,,0.00000,DonutVisGBuffer,2026-07-30T01:10:02,free,0.33318,0.33747,0.67488,0.33923,0.33446,0.33562,0.33968,0.34611,16641,0,128,100,9,2,0,1,0,0,0,1,auto,unused,120,600,0,0,../../../../../scripts/standard_camera.csv,10,0,0,60,0,1,60,1920,1080,0,0,64,0.0,0.0,128,0.0,0.0,-3.0,0.0,0.0,0.0,0.1,1000.0,0.785,1,255,1,0,0,-1.0,1.0,1.0,0.5,1,1,256,1,100,05_synth_diversity_dense,0,1,0,success,0,,"Scene CPU cache disabled; rebuilding source scene.
Log saved to: ${REPOSITORY_ROOT}\out\build\x64-Release\bin\Release\logs\log_2026-07-30_01-10-06.txt",,
2,05_synth_diversity_dense,${RUN_TEMP}\run_00002.csv,8,2,0,2,0,0,0,1,auto,unused,120,600,1,0,0,../../../../../scripts/standard_camera.csv,10,0,0,60,0,captures,1,60,1920,1080,1,0,64,0,0,0,0,-3,0,0,0,0.1,1000,0.785,1,255,1,0,0,-1,1,1,0.5,128,1,1,256,1,100,total,0.24622,depth_prepass,0.02314,geometry,0.09444,lighting,0.08616,tonemap,0.02848,,0.00000,,0.00000,,0.00000,,0.00000,,0.00000,,0.00000,,0.00000,,0.00000,,0.00000,,0.00000,,0.00000,,0.00000,,0.00000,,0.00000,,0.00000,,0.00000,,0.00000,,0.00000,,0.00000,,0.00000,,0.00000,,0.00000,,0.00000,,0.00000,,0.00000,,0.00000,,0.00000,DonutDeferredPrepass,2026-07-30T01:10:06,free,0.23827,0.24419,0.47382,0.24622,0.24045,0.24272,0.24989,0.26435,16641,0,128,100,8,2,0,2,0,0,0,1,auto,unused,120,600,0,0,../../../../../scripts/standard_camera.csv,10,0,0,60,0,1,60,1920,1080,1,0,64,0.0,0.0,128,0.0,0.0,-3.0,0.0,0.0,0.0,0.1,1000.0,0.785,1,255,1,0,0,-1.0,1.0,1.0,0.5,1,1,256,1,100,05_synth_diversity_dense,0,2,0,success,0,,"Scene CPU cache disabled; rebuilding source scene.
Log saved to: ${REPOSITORY_ROOT}\out\build\x64-Release\bin\Release\logs\log_2026-07-30_01-10-07.txt",,
3,05_synth_diversity_dense,${RUN_TEMP}\run_00003.csv,9,2,0,3,0,0,0,1,auto,unused,120,600,1,0,0,../../../../../scripts/standard_camera.csv,10,0,0,60,0,captures,1,60,1920,1080,1,0,64,0,0,0,0,-3,0,0,0,0.1,1000,0.785,1,255,1,0,0,-1,1,1,0.5,128,1,1,256,1,100,total,0.33842,visibility,0.03262,visutil_histogram,0.02287,visutil_prefix,0.00206,visutil_flatten,0.03052,gbuffer,0.09941,lighting,0.08980,tonemap,0.02996,,0.00000,,0.00000,,0.00000,,0.00000,,0.00000,,0.00000,,0.00000,,0.00000,,0.00000,,0.00000,,0.00000,,0.00000,,0.00000,,0.00000,,0.00000,,0.00000,,0.00000,,0.00000,,0.00000,,0.00000,,0.00000,,0.00000,,0.00000,,0.00000,DonutVisGBuffer,2026-07-30T01:10:07,free,0.33443,0.33795,0.34819,0.33842,0.33504,0.33597,0.34032,0.34768,16641,0,128,100,9,2,0,3,0,0,0,1,auto,unused,120,600,0,0,../../../../../scripts/standard_camera.csv,10,0,0,60,0,1,60,1920,1080,1,0,64,0.0,0.0,128,0.0,0.0,-3.0,0.0,0.0,0.0,0.1,1000.0,0.785,1,255,1,0,0,-1.0,1.0,1.0,0.5,1,1,256,1,100,05_synth_diversity_dense,0,3,0,success,0,,"Scene CPU cache disabled; rebuilding source scene.
Log saved to: ${REPOSITORY_ROOT}\out\build\x64-Release\bin\Release\logs\log_2026-07-30_01-10-10.txt",,
4,05_synth_diversity_dense,${RUN_TEMP}\run_00004.csv,8,2,0,4,0,0,0,1,auto,unused,120,600,1,0,0,../../../../../scripts/standard_camera.csv,10,0,0,60,0,captures,1,60,1920,1080,2,0,64,0,0,0,0,-3,0,0,0,0.1,1000,0.785,1,255,1,0,0,-1,1,1,0.5,128,1,1,256,1,100,total,0.24411,depth_prepass,0.02275,geometry,0.09412,lighting,0.08575,tonemap,0.02810,,0.00000,,0.00000,,0.00000,,0.00000,,0.00000,,0.00000,,0.00000,,0.00000,,0.00000,,0.00000,,0.00000,,0.00000,,0.00000,,0.00000,,0.00000,,0.00000,,0.00000,,0.00000,,0.00000,,0.00000,,0.00000,,0.00000,,0.00000,,0.00000,,0.00000,,0.00000,,0.00000,DonutDeferredPrepass,2026-07-30T01:10:10,free,0.24144,0.24365,0.44790,0.24411,0.24208,0.24269,0.24509,0.24752,16641,0,128,100,8,2,0,4,0,0,0,1,auto,unused,120,600,0,0,../../../../../scripts/standard_camera.csv,10,0,0,60,0,1,60,1920,1080,2,0,64,0.0,0.0,128,0.0,0.0,-3.0,0.0,0.0,0.0,0.1,1000.0,0.785,1,255,1,0,0,-1.0,1.0,1.0,0.5,1,1,256,1,100,05_synth_diversity_dense,0,4,0,success,0,,"Scene CPU cache disabled; rebuilding source scene.
Log saved to: ${REPOSITORY_ROOT}\out\build\x64-Release\bin\Release\logs\log_2026-07-30_01-10-11.txt",,
5,05_synth_diversity_dense,${RUN_TEMP}\run_00005.csv,9,2,0,5,0,0,0,1,auto,unused,120,600,1,0,0,../../../../../scripts/standard_camera.csv,10,0,0,60,0,captures,1,60,1920,1080,2,0,64,0,0,0,0,-3,0,0,0,0.1,1000,0.785,1,255,1,0,0,-1,1,1,0.5,128,1,1,256,1,100,total,0.34459,visibility,0.03260,visutil_histogram,0.02290,visutil_prefix,0.00206,visutil_flatten,0.03052,gbuffer,0.10347,lighting,0.09023,tonemap,0.03068,,0.00000,,0.00000,,0.00000,,0.00000,,0.00000,,0.00000,,0.00000,,0.00000,,0.00000,,0.00000,,0.00000,,0.00000,,0.00000,,0.00000,,0.00000,,0.00000,,0.00000,,0.00000,,0.00000,,0.00000,,0.00000,,0.00000,,0.00000,,0.00000,DonutVisGBuffer,2026-07-30T01:10:11,free,0.33619,0.33987,0.73766,0.34459,0.33680,0.33773,0.34384,0.51603,16641,0,128,100,9,2,0,5,0,0,0,1,auto,unused,120,600,0,0,../../../../../scripts/standard_camera.csv,10,0,0,60,0,1,60,1920,1080,2,0,64,0.0,0.0,128,0.0,0.0,-3.0,0.0,0.0,0.0,0.1,1000.0,0.785,1,255,1,0,0,-1.0,1.0,1.0,0.5,1,1,256,1,100,05_synth_diversity_dense,0,5,0,success,0,,"Scene CPU cache disabled; rebuilding source scene.
Log saved to: ${REPOSITORY_ROOT}\out\build\x64-Release\bin\Release\logs\log_2026-07-30_01-10-14.txt",,
6,05_synth_diversity_dense,${RUN_TEMP}\run_00006.csv,8,2,0,6,0,0,0,1,auto,unused,120,600,1,0,0,../../../../../scripts/standard_camera.csv,10,0,0,60,0,captures,1,60,1920,1080,0,0,64,0,0.05,0,0,-3,0,0,0,0.1,1000,0.785,1,255,1,0,0,-1,1,1,0.5,128,1,1,256,1,100,total,0.26661,depth_prepass,0.02280,geometry,0.11357,lighting,0.08703,tonemap,0.02880,,0.00000,,0.00000,,0.00000,,0.00000,,0.00000,,0.00000,,0.00000,,0.00000,,0.00000,,0.00000,,0.00000,,0.00000,,0.00000,,0.00000,,0.00000,,0.00000,,0.00000,,0.00000,,0.00000,,0.00000,,0.00000,,0.00000,,0.00000,,0.00000,,0.00000,,0.00000,,0.00000,DonutDeferredPrepass,2026-07-30T01:10:14,free,0.25789,0.26362,0.48419,0.26661,0.25872,0.26173,0.26538,0.44525,16641,0,128,100,8,2,0,6,0,0,0,1,auto,unused,120,600,0,0,../../../../../scripts/standard_camera.csv,10,0,0,60,0,1,60,1920,1080,0,0,64,0.0,0.05,128,0.0,0.0,-3.0,0.0,0.0,0.0,0.1,1000.0,0.785,1,255,1,0,0,-1.0,1.0,1.0,0.5,1,1,256,1,100,05_synth_diversity_dense,0,6,0,success,0,,"Scene CPU cache disabled; rebuilding source scene.
Log saved to: ${REPOSITORY_ROOT}\out\build\x64-Release\bin\Release\logs\log_2026-07-30_01-10-16.txt",,
7,05_synth_diversity_dense,${RUN_TEMP}\run_00007.csv,9,2,0,7,0,0,0,1,auto,unused,120,600,1,0,0,../../../../../scripts/standard_camera.csv,10,0,0,60,0,captures,1,60,1920,1080,0,0,64,0,0.05,0,0,-3,0,0,0,0.1,1000,0.785,1,255,1,0,0,-1,1,1,0.5,128,1,1,256,1,100,total,0.39798,visibility,0.03444,visutil_histogram,0.02492,visutil_prefix,0.00234,visutil_flatten,0.03224,gbuffer,0.14661,lighting,0.08941,tonemap,0.03625,,0.00000,,0.00000,,0.00000,,0.00000,,0.00000,,0.00000,,0.00000,,0.00000,,0.00000,,0.00000,,0.00000,,0.00000,,0.00000,,0.00000,,0.00000,,0.00000,,0.00000,,0.00000,,0.00000,,0.00000,,0.00000,,0.00000,,0.00000,,0.00000,DonutVisGBuffer,2026-07-30T01:10:16,free,0.36819,0.39808,0.65686,0.39798,0.37053,0.37651,0.41712,0.51952,16641,0,128,100,9,2,0,7,0,0,0,1,auto,unused,120,600,0,0,../../../../../scripts/standard_camera.csv,10,0,0,60,0,1,60,1920,1080,0,0,64,0.0,0.05,128,0.0,0.0,-3.0,0.0,0.0,0.0,0.1,1000.0,0.785,1,255,1,0,0,-1.0,1.0,1.0,0.5,1,1,256,1,100,05_synth_diversity_dense,0,7,0,success,0,,"Scene CPU cache disabled; rebuilding source scene.
Log saved to: ${REPOSITORY_ROOT}\out\build\x64-Release\bin\Release\logs\log_2026-07-30_01-10-20.txt",,
8,05_synth_diversity_dense,${RUN_TEMP}\run_00008.csv,8,2,0,8,0,0,0,1,auto,unused,120,600,1,0,0,../../../../../scripts/standard_camera.csv,10,0,0,60,0,captures,1,60,1920,1080,1,0,64,0,0.05,0,0,-3,0,0,0,0.1,1000,0.785,1,255,1,0,0,-1,1,1,0.5,128,1,1,256,1,100,total,0.26284,depth_prepass,0.02285,geometry,0.11291,lighting,0.08569,tonemap,0.02851,,0.00000,,0.00000,,0.00000,,0.00000,,0.00000,,0.00000,,0.00000,,0.00000,,0.00000,,0.00000,,0.00000,,0.00000,,0.00000,,0.00000,,0.00000,,0.00000,,0.00000,,0.00000,,0.00000,,0.00000,,0.00000,,0.00000,,0.00000,,0.00000,,0.00000,,0.00000,,0.00000,DonutDeferredPrepass,2026-07-30T01:10:20,free,0.26029,0.26269,0.28288,0.26284,0.26080,0.26154,0.26419,0.26550,16641,0,128,100,8,2,0,8,0,0,0,1,auto,unused,120,600,0,0,../../../../../scripts/standard_camera.csv,10,0,0,60,0,1,60,1920,1080,1,0,64,0.0,0.05,128,0.0,0.0,-3.0,0.0,0.0,0.0,0.1,1000.0,0.785,1,255,1,0,0,-1.0,1.0,1.0,0.5,1,1,256,1,100,05_synth_diversity_dense,0,8,0,success,0,,"Scene CPU cache disabled; rebuilding source scene.
Log saved to: ${REPOSITORY_ROOT}\out\build\x64-Release\bin\Release\logs\log_2026-07-30_01-10-22.txt",,
9,05_synth_diversity_dense,${RUN_TEMP}\run_00009.csv,9,2,0,9,0,0,0,1,auto,unused,120,600,1,0,0,../../../../../scripts/standard_camera.csv,10,0,0,60,0,captures,1,60,1920,1080,1,0,64,0,0.05,0,0,-3,0,0,0,0.1,1000,0.785,1,255,1,0,0,-1,1,1,0.5,128,1,1,256,1,100,total,0.39024,visibility,0.03387,visutil_histogram,0.02485,visutil_prefix,0.00209,visutil_flatten,0.03207,gbuffer,0.14407,lighting,0.08819,tonemap,0.03253,,0.00000,,0.00000,,0.00000,,0.00000,,0.00000,,0.00000,,0.00000,,0.00000,,0.00000,,0.00000,,0.00000,,0.00000,,0.00000,,0.00000,,0.00000,,0.00000,,0.00000,,0.00000,,0.00000,,0.00000,,0.00000,,0.00000,,0.00000,,0.00000,DonutVisGBuffer,2026-07-30T01:10:22,free,0.36864,0.38506,0.58947,0.39024,0.37219,0.37494,0.40938,0.51901,16641,0,128,100,9,2,0,9,0,0,0,1,auto,unused,120,600,0,0,../../../../../scripts/standard_camera.csv,10,0,0,60,0,1,60,1920,1080,1,0,64,0.0,0.05,128,0.0,0.0,-3.0,0.0,0.0,0.0,0.1,1000.0,0.785,1,255,1,0,0,-1.0,1.0,1.0,0.5,1,1,256,1,100,05_synth_diversity_dense,0,9,0,success,0,,"Scene CPU cache disabled; rebuilding source scene.
Log saved to: ${REPOSITORY_ROOT}\out\build\x64-Release\bin\Release\logs\log_2026-07-30_01-10-26.txt",,
10,05_synth_diversity_dense,${RUN_TEMP}\run_00010.csv,8,2,0,10,0,0,0,1,auto,unused,120,600,1,0,0,../../../../../scripts/standard_camera.csv,10,0,0,60,0,captures,1,60,1920,1080,2,0,64,0,0.05,0,0,-3,0,0,0,0.1,1000,0.785,1,255,1,0,0,-1,1,1,0.5,128,1,1,256,1,100,total,0.26859,depth_prepass,0.02282,geometry,0.11830,lighting,0.08579,tonemap,0.02875,,0.00000,,0.00000,,0.00000,,0.00000,,0.00000,,0.00000,,0.00000,,0.00000,,0.00000,,0.00000,,0.00000,,0.00000,,0.00000,,0.00000,,0.00000,,0.00000,,0.00000,,0.00000,,0.00000,,0.00000,,0.00000,,0.00000,,0.00000,,0.00000,,0.00000,,0.00000,,0.00000,DonutDeferredPrepass,2026-07-30T01:10:26,free,0.26394,0.26851,0.27702,0.26859,0.26451,0.26653,0.27034,0.27507,16641,0,128,100,8,2,0,10,0,0,0,1,auto,unused,120,600,0,0,../../../../../scripts/standard_camera.csv,10,0,0,60,0,1,60,1920,1080,2,0,64,0.0,0.05,128,0.0,0.0,-3.0,0.0,0.0,0.0,0.1,1000.0,0.785,1,255,1,0,0,-1.0,1.0,1.0,0.5,1,1,256,1,100,05_synth_diversity_dense,0,10,0,success,0,,"Scene CPU cache disabled; rebuilding source scene.
Log saved to: ${REPOSITORY_ROOT}\out\build\x64-Release\bin\Release\logs\log_2026-07-30_01-10-27.txt",,
11,05_synth_diversity_dense,${RUN_TEMP}\run_00011.csv,9,2,0,11,0,0,0,1,auto,unused,120,600,1,0,0,../../../../../scripts/standard_camera.csv,10,0,0,60,0,captures,1,60,1920,1080,2,0,64,0,0.05,0,0,-3,0,0,0,0.1,1000,0.785,1,255,1,0,0,-1,1,1,0.5,128,1,1,256,1,100,total,0.36862,visibility,0.03353,visutil_histogram,0.02473,visutil_prefix,0.00206,visutil_flatten,0.03212,gbuffer,0.12523,lighting,0.08868,tonemap,0.02995,,0.00000,,0.00000,,0.00000,,0.00000,,0.00000,,0.00000,,0.00000,,0.00000,,0.00000,,0.00000,,0.00000,,0.00000,,0.00000,,0.00000,,0.00000,,0.00000,,0.00000,,0.00000,,0.00000,,0.00000,,0.00000,,0.00000,,0.00000,,0.00000,DonutVisGBuffer,2026-07-30T01:10:28,free,0.35827,0.36851,0.38240,0.36862,0.36042,0.36413,0.37312,0.37898,16641,0,128,100,9,2,0,11,0,0,0,1,auto,unused,120,600,0,0,../../../../../scripts/standard_camera.csv,10,0,0,60,0,1,60,1920,1080,2,0,64,0.0,0.05,128,0.0,0.0,-3.0,0.0,0.0,0.0,0.1,1000.0,0.785,1,255,1,0,0,-1.0,1.0,1.0,0.5,1,1,256,1,100,05_synth_diversity_dense,0,11,0,success,0,,"Scene CPU cache disabled; rebuilding source scene.
Log saved to: ${REPOSITORY_ROOT}\out\build\x64-Release\bin\Release\logs\log_2026-07-30_01-10-31.txt",,
12,05_synth_diversity_dense,${RUN_TEMP}\run_00012.csv,8,2,0,12,0,0,0,1,auto,unused,120,600,1,0,0,../../../../../scripts/standard_camera.csv,10,0,0,60,0,captures,1,60,1920,1080,0,0,64,0,0.1,0,0,-3,0,0,0,0.1,1000,0.785,1,255,1,0,0,-1,1,1,0.5,128,1,1,256,1,100,total,0.26771,depth_prepass,0.02253,geometry,0.11801,lighting,0.08571,tonemap,0.02863,,0.00000,,0.00000,,0.00000,,0.00000,,0.00000,,0.00000,,0.00000,,0.00000,,0.00000,,0.00000,,0.00000,,0.00000,,0.00000,,0.00000,,0.00000,,0.00000,,0.00000,,0.00000,,0.00000,,0.00000,,0.00000,,0.00000,,0.00000,,0.00000,,0.00000,,0.00000,,0.00000,DonutDeferredPrepass,2026-07-30T01:10:31,free,0.25888,0.26765,0.27680,0.26771,0.26077,0.26618,0.26947,0.27507,16641,0,128,100,8,2,0,12,0,0,0,1,auto,unused,120,600,0,0,../../../../../scripts/standard_camera.csv,10,0,0,60,0,1,60,1920,1080,0,0,64,0.0,0.1,128,0.0,0.0,-3.0,0.0,0.0,0.0,0.1,1000.0,0.785,1,255,1,0,0,-1.0,1.0,1.0,0.5,1,1,256,1,100,05_synth_diversity_dense,0,12,0,success,0,,"Scene CPU cache disabled; rebuilding source scene.
Log saved to: ${REPOSITORY_ROOT}\out\build\x64-Release\bin\Release\logs\log_2026-07-30_01-10-33.txt",,
13,05_synth_diversity_dense,${RUN_TEMP}\run_00013.csv,9,2,0,13,0,0,0,1,auto,unused,120,600,1,0,0,../../../../../scripts/standard_camera.csv,10,0,0,60,0,captures,1,60,1920,1080,0,0,64,0,0.1,0,0,-3,0,0,0,0.1,1000,0.785,1,255,1,0,0,-1,1,1,0.5,128,1,1,256,1,100,total,0.40229,visibility,0.03516,visutil_histogram,0.02638,visutil_prefix,0.00212,visutil_flatten,0.03337,gbuffer,0.14625,lighting,0.08996,tonemap,0.03623,,0.00000,,0.00000,,0.00000,,0.00000,,0.00000,,0.00000,,0.00000,,0.00000,,0.00000,,0.00000,,0.00000,,0.00000,,0.00000,,0.00000,,0.00000,,0.00000,,0.00000,,0.00000,,0.00000,,0.00000,,0.00000,,0.00000,,0.00000,,0.00000,DonutVisGBuffer,2026-07-30T01:10:33,free,0.37459,0.40042,0.61018,0.40229,0.37658,0.38109,0.42173,0.52506,16641,0,128,100,9,2,0,13,0,0,0,1,auto,unused,120,600,0,0,../../../../../scripts/standard_camera.csv,10,0,0,60,0,1,60,1920,1080,0,0,64,0.0,0.1,128,0.0,0.0,-3.0,0.0,0.0,0.0,0.1,1000.0,0.785,1,255,1,0,0,-1.0,1.0,1.0,0.5,1,1,256,1,100,05_synth_diversity_dense,0,13,0,success,0,,"Scene CPU cache disabled; rebuilding source scene.
Log saved to: ${REPOSITORY_ROOT}\out\build\x64-Release\bin\Release\logs\log_2026-07-30_01-10-37.txt",,
14,05_synth_diversity_dense,${RUN_TEMP}\run_00014.csv,8,2,0,14,0,0,0,1,auto,unused,120,600,1,0,0,../../../../../scripts/standard_camera.csv,10,0,0,60,0,captures,1,60,1920,1080,1,0,64,0,0.1,0,0,-3,0,0,0,0.1,1000,0.785,1,255,1,0,0,-1,1,1,0.5,128,1,1,256,1,100,total,0.26765,depth_prepass,0.02251,geometry,0.11739,lighting,0.08568,tonemap,0.02902,,0.00000,,0.00000,,0.00000,,0.00000,,0.00000,,0.00000,,0.00000,,0.00000,,0.00000,,0.00000,,0.00000,,0.00000,,0.00000,,0.00000,,0.00000,,0.00000,,0.00000,,0.00000,,0.00000,,0.00000,,0.00000,,0.00000,,0.00000,,0.00000,,0.00000,,0.00000,,0.00000,DonutDeferredPrepass,2026-07-30T01:10:37,free,0.26102,0.26742,0.40662,0.26765,0.26202,0.26573,0.26902,0.27453,16641,0,128,100,8,2,0,14,0,0,0,1,auto,unused,120,600,0,0,../../../../../scripts/standard_camera.csv,10,0,0,60,0,1,60,1920,1080,1,0,64,0.0,0.1,128,0.0,0.0,-3.0,0.0,0.0,0.0,0.1,1000.0,0.785,1,255,1,0,0,-1.0,1.0,1.0,0.5,1,1,256,1,100,05_synth_diversity_dense,0,14,0,success,0,,"Scene CPU cache disabled; rebuilding source scene.
Log saved to: ${REPOSITORY_ROOT}\out\build\x64-Release\bin\Release\logs\log_2026-07-30_01-10-39.txt",,
15,05_synth_diversity_dense,${RUN_TEMP}\run_00015.csv,9,2,0,15,0,0,0,1,auto,unused,120,600,1,0,0,../../../../../scripts/standard_camera.csv,10,0,0,60,0,captures,1,60,1920,1080,1,0,64,0,0.1,0,0,-3,0,0,0,0.1,1000,0.785,1,255,1,0,0,-1,1,1,0.5,128,1,1,256,1,100,total,0.38604,visibility,0.03433,visutil_histogram,0.02552,visutil_prefix,0.00206,visutil_flatten,0.03310,gbuffer,0.14123,lighting,0.08792,tonemap,0.02968,,0.00000,,0.00000,,0.00000,,0.00000,,0.00000,,0.00000,,0.00000,,0.00000,,0.00000,,0.00000,,0.00000,,0.00000,,0.00000,,0.00000,,0.00000,,0.00000,,0.00000,,0.00000,,0.00000,,0.00000,,0.00000,,0.00000,,0.00000,,0.00000,DonutVisGBuffer,2026-07-30T01:10:39,free,0.37203,0.38467,0.40915,0.38604,0.37443,0.37827,0.39523,0.40118,16641,0,128,100,9,2,0,15,0,0,0,1,auto,unused,120,600,0,0,../../../../../scripts/standard_camera.csv,10,0,0,60,0,1,60,1920,1080,1,0,64,0.0,0.1,128,0.0,0.0,-3.0,0.0,0.0,0.0,0.1,1000.0,0.785,1,255,1,0,0,-1.0,1.0,1.0,0.5,1,1,256,1,100,05_synth_diversity_dense,0,15,0,success,0,,"Scene CPU cache disabled; rebuilding source scene.
Log saved to: ${REPOSITORY_ROOT}\out\build\x64-Release\bin\Release\logs\log_2026-07-30_01-10-42.txt",,
16,05_synth_diversity_dense,${RUN_TEMP}\run_00016.csv,8,2,0,16,0,0,0,1,auto,unused,120,600,1,0,0,../../../../../scripts/standard_camera.csv,10,0,0,60,0,captures,1,60,1920,1080,2,0,64,0,0.1,0,0,-3,0,0,0,0.1,1000,0.785,1,255,1,0,0,-1,1,1,0.5,128,1,1,256,1,100,total,0.27282,depth_prepass,0.02244,geometry,0.12291,lighting,0.08577,tonemap,0.02888,,0.00000,,0.00000,,0.00000,,0.00000,,0.00000,,0.00000,,0.00000,,0.00000,,0.00000,,0.00000,,0.00000,,0.00000,,0.00000,,0.00000,,0.00000,,0.00000,,0.00000,,0.00000,,0.00000,,0.00000,,0.00000,,0.00000,,0.00000,,0.00000,,0.00000,,0.00000,,0.00000,DonutDeferredPrepass,2026-07-30T01:10:42,free,0.26243,0.27312,0.28182,0.27282,0.26413,0.27018,0.27488,0.27987,16641,0,128,100,8,2,0,16,0,0,0,1,auto,unused,120,600,0,0,../../../../../scripts/standard_camera.csv,10,0,0,60,0,1,60,1920,1080,2,0,64,0.0,0.1,128,0.0,0.0,-3.0,0.0,0.0,0.0,0.1,1000.0,0.785,1,255,1,0,0,-1.0,1.0,1.0,0.5,1,1,256,1,100,05_synth_diversity_dense,0,16,0,success,0,,"Scene CPU cache disabled; rebuilding source scene.
Log saved to: ${REPOSITORY_ROOT}\out\build\x64-Release\bin\Release\logs\log_2026-07-30_01-10-44.txt",,
17,05_synth_diversity_dense,${RUN_TEMP}\run_00017.csv,9,2,0,17,0,0,0,1,auto,unused,120,600,1,0,0,../../../../../scripts/standard_camera.csv,10,0,0,60,0,captures,1,60,1920,1080,2,0,64,0,0.1,0,0,-3,0,0,0,0.1,1000,0.785,1,255,1,0,0,-1,1,1,0.5,128,1,1,256,1,100,total,0.37228,visibility,0.03448,visutil_histogram,0.02551,visutil_prefix,0.00206,visutil_flatten,0.03332,gbuffer,0.12488,lighting,0.08907,tonemap,0.02975,,0.00000,,0.00000,,0.00000,,0.00000,,0.00000,,0.00000,,0.00000,,0.00000,,0.00000,,0.00000,,0.00000,,0.00000,,0.00000,,0.00000,,0.00000,,0.00000,,0.00000,,0.00000,,0.00000,,0.00000,,0.00000,,0.00000,,0.00000,,0.00000,DonutVisGBuffer,2026-07-30T01:10:44,free,0.35981,0.37178,0.51920,0.37228,0.36051,0.36621,0.37658,0.38102,16641,0,128,100,9,2,0,17,0,0,0,1,auto,unused,120,600,0,0,../../../../../scripts/standard_camera.csv,10,0,0,60,0,1,60,1920,1080,2,0,64,0.0,0.1,128,0.0,0.0,-3.0,0.0,0.0,0.0,0.1,1000.0,0.785,1,255,1,0,0,-1.0,1.0,1.0,0.5,1,1,256,1,100,05_synth_diversity_dense,0,17,0,success,0,,"Scene CPU cache disabled; rebuilding source scene.
Log saved to: ${REPOSITORY_ROOT}\out\build\x64-Release\bin\Release\logs\log_2026-07-30_01-10-47.txt",,
18,05_synth_diversity_dense,${RUN_TEMP}\run_00018.csv,8,2,0,18,0,0,0,1,auto,unused,120,600,1,0,0,../../../../../scripts/standard_camera.csv,10,0,0,60,0,captures,1,60,1920,1080,0,0,64,0,0.2,0,0,-3,0,0,0,0.1,1000,0.785,1,255,1,0,0,-1,1,1,0.5,128,1,1,256,1,100,total,0.27290,depth_prepass,0.02240,geometry,0.12257,lighting,0.08576,tonemap,0.02938,,0.00000,,0.00000,,0.00000,,0.00000,,0.00000,,0.00000,,0.00000,,0.00000,,0.00000,,0.00000,,0.00000,,0.00000,,0.00000,,0.00000,,0.00000,,0.00000,,0.00000,,0.00000,,0.00000,,0.00000,,0.00000,,0.00000,,0.00000,,0.00000,,0.00000,,0.00000,,0.00000,DonutDeferredPrepass,2026-07-30T01:10:47,free,0.26640,0.27293,0.28416,0.27290,0.26694,0.27152,0.27430,0.27955,16641,0,128,100,8,2,0,18,0,0,0,1,auto,unused,120,600,0,0,../../../../../scripts/standard_camera.csv,10,0,0,60,0,1,60,1920,1080,0,0,64,0.0,0.2,128,0.0,0.0,-3.0,0.0,0.0,0.0,0.1,1000.0,0.785,1,255,1,0,0,-1.0,1.0,1.0,0.5,1,1,256,1,100,05_synth_diversity_dense,0,18,0,success,0,,"Scene CPU cache disabled; rebuilding source scene.
Log saved to: ${REPOSITORY_ROOT}\out\build\x64-Release\bin\Release\logs\log_2026-07-30_01-10-49.txt",,
19,05_synth_diversity_dense,${RUN_TEMP}\run_00019.csv,9,2,0,19,0,0,0,1,auto,unused,120,600,1,0,0,../../../../../scripts/standard_camera.csv,10,0,0,60,0,captures,1,60,1920,1080,0,0,64,0,0.2,0,0,-3,0,0,0,0.1,1000,0.785,1,255,1,0,0,-1,1,1,0.5,128,1,1,256,1,100,total,0.39073,visibility,0.03651,visutil_histogram,0.02634,visutil_prefix,0.00206,visutil_flatten,0.03440,gbuffer,0.14188,lighting,0.08825,tonemap,0.02967,,0.00000,,0.00000,,0.00000,,0.00000,,0.00000,,0.00000,,0.00000,,0.00000,,0.00000,,0.00000,,0.00000,,0.00000,,0.00000,,0.00000,,0.00000,,0.00000,,0.00000,,0.00000,,0.00000,,0.00000,,0.00000,,0.00000,,0.00000,,0.00000,DonutVisGBuffer,2026-07-30T01:10:49,free,0.37664,0.38861,0.55386,0.39073,0.37834,0.38243,0.39872,0.41434,16641,0,128,100,9,2,0,19,0,0,0,1,auto,unused,120,600,0,0,../../../../../scripts/standard_camera.csv,10,0,0,60,0,1,60,1920,1080,0,0,64,0.0,0.2,128,0.0,0.0,-3.0,0.0,0.0,0.0,0.1,1000.0,0.785,1,255,1,0,0,-1.0,1.0,1.0,0.5,1,1,256,1,100,05_synth_diversity_dense,0,19,0,success,0,,"Scene CPU cache disabled; rebuilding source scene.
Log saved to: ${REPOSITORY_ROOT}\out\build\x64-Release\bin\Release\logs\log_2026-07-30_01-10-52.txt",,
20,05_synth_diversity_dense,${RUN_TEMP}\run_00020.csv,8,2,0,20,0,0,0,1,auto,unused,120,600,1,0,0,../../../../../scripts/standard_camera.csv,10,0,0,60,0,captures,1,60,1920,1080,1,0,64,0,0.2,0,0,-3,0,0,0,0.1,1000,0.785,1,255,1,0,0,-1,1,1,0.5,128,1,1,256,1,100,total,0.27264,depth_prepass,0.02295,geometry,0.12169,lighting,0.08569,tonemap,0.02892,,0.00000,,0.00000,,0.00000,,0.00000,,0.00000,,0.00000,,0.00000,,0.00000,,0.00000,,0.00000,,0.00000,,0.00000,,0.00000,,0.00000,,0.00000,,0.00000,,0.00000,,0.00000,,0.00000,,0.00000,,0.00000,,0.00000,,0.00000,,0.00000,,0.00000,,0.00000,,0.00000,DonutDeferredPrepass,2026-07-30T01:10:52,free,0.26486,0.27197,0.46160,0.27264,0.26694,0.27056,0.27363,0.27971,16641,0,128,100,8,2,0,20,0,0,0,1,auto,unused,120,600,0,0,../../../../../scripts/standard_camera.csv,10,0,0,60,0,1,60,1920,1080,1,0,64,0.0,0.2,128,0.0,0.0,-3.0,0.0,0.0,0.0,0.1,1000.0,0.785,1,255,1,0,0,-1.0,1.0,1.0,0.5,1,1,256,1,100,05_synth_diversity_dense,0,20,0,success,0,,"Scene CPU cache disabled; rebuilding source scene.
Log saved to: ${REPOSITORY_ROOT}\out\build\x64-Release\bin\Release\logs\log_2026-07-30_01-10-54.txt",,
21,05_synth_diversity_dense,${RUN_TEMP}\run_00021.csv,9,2,0,21,0,0,0,1,auto,unused,120,600,1,0,0,../../../../../scripts/standard_camera.csv,10,0,0,60,0,captures,1,60,1920,1080,1,0,64,0,0.2,0,0,-3,0,0,0,0.1,1000,0.785,1,255,1,0,0,-1,1,1,0.5,128,1,1,256,1,100,total,0.39069,visibility,0.03641,visutil_histogram,0.02653,visutil_prefix,0.00206,visutil_flatten,0.03459,gbuffer,0.14159,lighting,0.08819,tonemap,0.02948,,0.00000,,0.00000,,0.00000,,0.00000,,0.00000,,0.00000,,0.00000,,0.00000,,0.00000,,0.00000,,0.00000,,0.00000,,0.00000,,0.00000,,0.00000,,0.00000,,0.00000,,0.00000,,0.00000,,0.00000,,0.00000,,0.00000,,0.00000,,0.00000,DonutVisGBuffer,2026-07-30T01:10:54,free,0.37728,0.38880,0.55277,0.39069,0.37846,0.38259,0.39843,0.40701,16641,0,128,100,9,2,0,21,0,0,0,1,auto,unused,120,600,0,0,../../../../../scripts/standard_camera.csv,10,0,0,60,0,1,60,1920,1080,1,0,64,0.0,0.2,128,0.0,0.0,-3.0,0.0,0.0,0.0,0.1,1000.0,0.785,1,255,1,0,0,-1.0,1.0,1.0,0.5,1,1,256,1,100,05_synth_diversity_dense,0,21,0,success,0,,"Scene CPU cache disabled; rebuilding source scene.
Log saved to: ${REPOSITORY_ROOT}\out\build\x64-Release\bin\Release\logs\log_2026-07-30_01-10-58.txt",,
22,05_synth_diversity_dense,${RUN_TEMP}\run_00022.csv,8,2,0,22,0,0,0,1,auto,unused,120,600,1,0,0,../../../../../scripts/standard_camera.csv,10,0,0,60,0,captures,1,60,1920,1080,2,0,64,0,0.2,0,0,-3,0,0,0,0.1,1000,0.785,1,255,1,0,0,-1,1,1,0.5,128,1,1,256,1,100,total,0.27303,depth_prepass,0.02280,geometry,0.12226,lighting,0.08585,tonemap,0.02911,,0.00000,,0.00000,,0.00000,,0.00000,,0.00000,,0.00000,,0.00000,,0.00000,,0.00000,,0.00000,,0.00000,,0.00000,,0.00000,,0.00000,,0.00000,,0.00000,,0.00000,,0.00000,,0.00000,,0.00000,,0.00000,,0.00000,,0.00000,,0.00000,,0.00000,,0.00000,,0.00000,DonutDeferredPrepass,2026-07-30T01:10:58,free,0.26758,0.27299,0.28237,0.27303,0.26845,0.27165,0.27450,0.27978,16641,0,128,100,8,2,0,22,0,0,0,1,auto,unused,120,600,0,0,../../../../../scripts/standard_camera.csv,10,0,0,60,0,1,60,1920,1080,2,0,64,0.0,0.2,128,0.0,0.0,-3.0,0.0,0.0,0.0,0.1,1000.0,0.785,1,255,1,0,0,-1.0,1.0,1.0,0.5,1,1,256,1,100,05_synth_diversity_dense,0,22,0,success,0,,"Scene CPU cache disabled; rebuilding source scene.
Log saved to: ${REPOSITORY_ROOT}\out\build\x64-Release\bin\Release\logs\log_2026-07-30_01-11-00.txt",,
23,05_synth_diversity_dense,${RUN_TEMP}\run_00023.csv,9,2,0,23,0,0,0,1,auto,unused,120,600,1,0,0,../../../../../scripts/standard_camera.csv,10,0,0,60,0,captures,1,60,1920,1080,2,0,64,0,0.2,0,0,-3,0,0,0,0.1,1000,0.785,1,255,1,0,0,-1,1,1,0.5,128,1,1,256,1,100,total,0.39264,visibility,0.03721,visutil_histogram,0.02691,visutil_prefix,0.00213,visutil_flatten,0.03430,gbuffer,0.13336,lighting,0.08993,tonemap,0.03713,,0.00000,,0.00000,,0.00000,,0.00000,,0.00000,,0.00000,,0.00000,,0.00000,,0.00000,,0.00000,,0.00000,,0.00000,,0.00000,,0.00000,,0.00000,,0.00000,,0.00000,,0.00000,,0.00000,,0.00000,,0.00000,,0.00000,,0.00000,,0.00000,DonutVisGBuffer,2026-07-30T01:11:00,free,0.36627,0.40090,0.59373,0.39264,0.36864,0.37402,0.40998,0.42579,16641,0,128,100,9,2,0,23,0,0,0,1,auto,unused,120,600,0,0,../../../../../scripts/standard_camera.csv,10,0,0,60,0,1,60,1920,1080,2,0,64,0.0,0.2,128,0.0,0.0,-3.0,0.0,0.0,0.0,0.1,1000.0,0.785,1,255,1,0,0,-1.0,1.0,1.0,0.5,1,1,256,1,100,05_synth_diversity_dense,0,23,0,success,0,,"Scene CPU cache disabled; rebuilding source scene.
Log saved to: ${REPOSITORY_ROOT}\out\build\x64-Release\bin\Release\logs\log_2026-07-30_01-11-03.txt",,
24,05_synth_diversity_dense,${RUN_TEMP}\run_00024.csv,8,2,0,24,0,0,0,1,auto,unused,120,600,1,0,0,../../../../../scripts/standard_camera.csv,10,0,0,60,0,captures,1,60,1920,1080,0,0,64,0,0.3,0,0,-3,0,0,0,0.1,1000,0.785,1,255,1,0,0,-1,1,1,0.5,128,1,1,256,1,100,total,0.27797,depth_prepass,0.02333,geometry,0.12412,lighting,0.08657,tonemap,0.02993,,0.00000,,0.00000,,0.00000,,0.00000,,0.00000,,0.00000,,0.00000,,0.00000,,0.00000,,0.00000,,0.00000,,0.00000,,0.00000,,0.00000,,0.00000,,0.00000,,0.00000,,0.00000,,0.00000,,0.00000,,0.00000,,0.00000,,0.00000,,0.00000,,0.00000,,0.00000,,0.00000,DonutDeferredPrepass,2026-07-30T01:11:03,free,0.27155,0.27571,0.43555,0.27797,0.27200,0.27427,0.27718,0.41610,16641,0,128,100,8,2,0,24,0,0,0,1,auto,unused,120,600,0,0,../../../../../scripts/standard_camera.csv,10,0,0,60,0,1,60,1920,1080,0,0,64,0.0,0.3,128,0.0,0.0,-3.0,0.0,0.0,0.0,0.1,1000.0,0.785,1,255,1,0,0,-1.0,1.0,1.0,0.5,1,1,256,1,100,05_synth_diversity_dense,0,24,0,success,0,,"Scene CPU cache disabled; rebuilding source scene.
Log saved to: ${REPOSITORY_ROOT}\out\build\x64-Release\bin\Release\logs\log_2026-07-30_01-11-05.txt",,
25,05_synth_diversity_dense,${RUN_TEMP}\run_00025.csv,9,2,0,25,0,0,0,1,auto,unused,120,600,1,0,0,../../../../../scripts/standard_camera.csv,10,0,0,60,0,captures,1,60,1920,1080,0,0,64,0,0.3,0,0,-3,0,0,0,0.1,1000,0.785,1,255,1,0,0,-1,1,1,0.5,128,1,1,256,1,100,total,0.39577,visibility,0.03835,visutil_histogram,0.02656,visutil_prefix,0.00208,visutil_flatten,0.03508,gbuffer,0.14128,lighting,0.08895,tonemap,0.03024,,0.00000,,0.00000,,0.00000,,0.00000,,0.00000,,0.00000,,0.00000,,0.00000,,0.00000,,0.00000,,0.00000,,0.00000,,0.00000,,0.00000,,0.00000,,0.00000,,0.00000,,0.00000,,0.00000,,0.00000,,0.00000,,0.00000,,0.00000,,0.00000,DonutVisGBuffer,2026-07-30T01:11:05,free,0.38147,0.39293,0.61510,0.39577,0.38509,0.38842,0.40272,0.42746,16641,0,128,100,9,2,0,25,0,0,0,1,auto,unused,120,600,0,0,../../../../../scripts/standard_camera.csv,10,0,0,60,0,1,60,1920,1080,0,0,64,0.0,0.3,128,0.0,0.0,-3.0,0.0,0.0,0.0,0.1,1000.0,0.785,1,255,1,0,0,-1.0,1.0,1.0,0.5,1,1,256,1,100,05_synth_diversity_dense,0,25,0,success,0,,"Scene CPU cache disabled; rebuilding source scene.
Log saved to: ${REPOSITORY_ROOT}\out\build\x64-Release\bin\Release\logs\log_2026-07-30_01-11-09.txt",,
26,05_synth_diversity_dense,${RUN_TEMP}\run_00026.csv,8,2,0,26,0,0,0,1,auto,unused,120,600,1,0,0,../../../../../scripts/standard_camera.csv,10,0,0,60,0,captures,1,60,1920,1080,1,0,64,0,0.3,0,0,-3,0,0,0,0.1,1000,0.785,1,255,1,0,0,-1,1,1,0.5,128,1,1,256,1,100,total,0.27584,depth_prepass,0.02329,geometry,0.12372,lighting,0.08604,tonemap,0.02956,,0.00000,,0.00000,,0.00000,,0.00000,,0.00000,,0.00000,,0.00000,,0.00000,,0.00000,,0.00000,,0.00000,,0.00000,,0.00000,,0.00000,,0.00000,,0.00000,,0.00000,,0.00000,,0.00000,,0.00000,,0.00000,,0.00000,,0.00000,,0.00000,,0.00000,,0.00000,,0.00000,DonutDeferredPrepass,2026-07-30T01:11:09,free,0.26947,0.27501,0.47555,0.27584,0.27146,0.27379,0.27654,0.28368,16641,0,128,100,8,2,0,26,0,0,0,1,auto,unused,120,600,0,0,../../../../../scripts/standard_camera.csv,10,0,0,60,0,1,60,1920,1080,1,0,64,0.0,0.3,128,0.0,0.0,-3.0,0.0,0.0,0.0,0.1,1000.0,0.785,1,255,1,0,0,-1.0,1.0,1.0,0.5,1,1,256,1,100,05_synth_diversity_dense,0,26,0,success,0,,"Scene CPU cache disabled; rebuilding source scene.
Log saved to: ${REPOSITORY_ROOT}\out\build\x64-Release\bin\Release\logs\log_2026-07-30_01-11-11.txt",,
27,05_synth_diversity_dense,${RUN_TEMP}\run_00027.csv,9,2,0,27,0,0,0,1,auto,unused,120,600,1,0,0,../../../../../scripts/standard_camera.csv,10,0,0,60,0,captures,1,60,1920,1080,1,0,64,0,0.3,0,0,-3,0,0,0,0.1,1000,0.785,1,255,1,0,0,-1,1,1,0.5,128,1,1,256,1,100,total,0.39815,visibility,0.03851,visutil_histogram,0.02660,visutil_prefix,0.00208,visutil_flatten,0.03498,gbuffer,0.14276,lighting,0.08868,tonemap,0.03135,,0.00000,,0.00000,,0.00000,,0.00000,,0.00000,,0.00000,,0.00000,,0.00000,,0.00000,,0.00000,,0.00000,,0.00000,,0.00000,,0.00000,,0.00000,,0.00000,,0.00000,,0.00000,,0.00000,,0.00000,,0.00000,,0.00000,,0.00000,,0.00000,DonutVisGBuffer,2026-07-30T01:11:11,free,0.38070,0.39453,0.44355,0.39815,0.38445,0.38816,0.42032,0.43219,16641,0,128,100,9,2,0,27,0,0,0,1,auto,unused,120,600,0,0,../../../../../scripts/standard_camera.csv,10,0,0,60,0,1,60,1920,1080,1,0,64,0.0,0.3,128,0.0,0.0,-3.0,0.0,0.0,0.0,0.1,1000.0,0.785,1,255,1,0,0,-1.0,1.0,1.0,0.5,1,1,256,1,100,05_synth_diversity_dense,0,27,0,success,0,,"Scene CPU cache disabled; rebuilding source scene.
Log saved to: ${REPOSITORY_ROOT}\out\build\x64-Release\bin\Release\logs\log_2026-07-30_01-11-15.txt",,
28,05_synth_diversity_dense,${RUN_TEMP}\run_00028.csv,8,2,0,28,0,0,0,1,auto,unused,120,600,1,0,0,../../../../../scripts/standard_camera.csv,10,0,0,60,0,captures,1,60,1920,1080,2,0,64,0,0.3,0,0,-3,0,0,0,0.1,1000,0.785,1,255,1,0,0,-1,1,1,0.5,128,1,1,256,1,100,total,0.27508,depth_prepass,0.02299,geometry,0.12375,lighting,0.08587,tonemap,0.02953,,0.00000,,0.00000,,0.00000,,0.00000,,0.00000,,0.00000,,0.00000,,0.00000,,0.00000,,0.00000,,0.00000,,0.00000,,0.00000,,0.00000,,0.00000,,0.00000,,0.00000,,0.00000,,0.00000,,0.00000,,0.00000,,0.00000,,0.00000,,0.00000,,0.00000,,0.00000,,0.00000,DonutDeferredPrepass,2026-07-30T01:11:15,free,0.27130,0.27501,0.28205,0.27508,0.27194,0.27370,0.27651,0.28074,16641,0,128,100,8,2,0,28,0,0,0,1,auto,unused,120,600,0,0,../../../../../scripts/standard_camera.csv,10,0,0,60,0,1,60,1920,1080,2,0,64,0.0,0.3,128,0.0,0.0,-3.0,0.0,0.0,0.0,0.1,1000.0,0.785,1,255,1,0,0,-1.0,1.0,1.0,0.5,1,1,256,1,100,05_synth_diversity_dense,0,28,0,success,0,,"Scene CPU cache disabled; rebuilding source scene.
Log saved to: ${REPOSITORY_ROOT}\out\build\x64-Release\bin\Release\logs\log_2026-07-30_01-11-17.txt",,
29,05_synth_diversity_dense,${RUN_TEMP}\run_00029.csv,9,2,0,29,0,0,0,1,auto,unused,120,600,1,0,0,../../../../../scripts/standard_camera.csv,10,0,0,60,0,captures,1,60,1920,1080,2,0,64,0,0.3,0,0,-3,0,0,0,0.1,1000,0.785,1,255,1,0,0,-1,1,1,0.5,128,1,1,256,1,100,total,0.39660,visibility,0.03911,visutil_histogram,0.02695,visutil_prefix,0.00212,visutil_flatten,0.03488,gbuffer,0.13530,lighting,0.08957,tonemap,0.03580,,0.00000,,0.00000,,0.00000,,0.00000,,0.00000,,0.00000,,0.00000,,0.00000,,0.00000,,0.00000,,0.00000,,0.00000,,0.00000,,0.00000,,0.00000,,0.00000,,0.00000,,0.00000,,0.00000,,0.00000,,0.00000,,0.00000,,0.00000,,0.00000,DonutVisGBuffer,2026-07-30T01:11:17,free,0.36966,0.38669,0.42077,0.39660,0.37603,0.37978,0.41610,0.41984,16641,0,128,100,9,2,0,29,0,0,0,1,auto,unused,120,600,0,0,../../../../../scripts/standard_camera.csv,10,0,0,60,0,1,60,1920,1080,2,0,64,0.0,0.3,128,0.0,0.0,-3.0,0.0,0.0,0.0,0.1,1000.0,0.785,1,255,1,0,0,-1.0,1.0,1.0,0.5,1,1,256,1,100,05_synth_diversity_dense,0,29,0,success,0,,"Scene CPU cache disabled; rebuilding source scene.
Log saved to: ${REPOSITORY_ROOT}\out\build\x64-Release\bin\Release\logs\log_2026-07-30_01-11-20.txt",,
30,05_synth_diversity_dense,${RUN_TEMP}\run_00030.csv,8,2,0,30,0,0,0,1,auto,unused,120,600,1,0,0,../../../../../scripts/standard_camera.csv,10,0,0,60,0,captures,1,60,1920,1080,0,0,64,0,0.4,0,0,-3,0,0,0,0.1,1000,0.785,1,255,1,0,0,-1,1,1,0.5,128,1,1,256,1,100,total,0.27762,depth_prepass,0.02276,geometry,0.12643,lighting,0.08584,tonemap,0.02973,,0.00000,,0.00000,,0.00000,,0.00000,,0.00000,,0.00000,,0.00000,,0.00000,,0.00000,,0.00000,,0.00000,,0.00000,,0.00000,,0.00000,,0.00000,,0.00000,,0.00000,,0.00000,,0.00000,,0.00000,,0.00000,,0.00000,,0.00000,,0.00000,,0.00000,,0.00000,,0.00000,DonutDeferredPrepass,2026-07-30T01:11:21,free,0.27171,0.27754,0.28845,0.27762,0.27302,0.27632,0.27898,0.28374,16641,0,128,100,8,2,0,30,0,0,0,1,auto,unused,120,600,0,0,../../../../../scripts/standard_camera.csv,10,0,0,60,0,1,60,1920,1080,0,0,64,0.0,0.4,128,0.0,0.0,-3.0,0.0,0.0,0.0,0.1,1000.0,0.785,1,255,1,0,0,-1.0,1.0,1.0,0.5,1,1,256,1,100,05_synth_diversity_dense,0,30,0,success,0,,"Scene CPU cache disabled; rebuilding source scene.
Log saved to: ${REPOSITORY_ROOT}\out\build\x64-Release\bin\Release\logs\log_2026-07-30_01-11-22.txt",,
31,05_synth_diversity_dense,${RUN_TEMP}\run_00031.csv,9,2,0,31,0,0,0,1,auto,unused,120,600,1,0,0,../../../../../scripts/standard_camera.csv,10,0,0,60,0,captures,1,60,1920,1080,0,0,64,0,0.4,0,0,-3,0,0,0,0.1,1000,0.785,1,255,1,0,0,-1,1,1,0.5,128,1,1,256,1,100,total,0.39636,visibility,0.03984,visutil_histogram,0.02657,visutil_prefix,0.00206,visutil_flatten,0.03534,gbuffer,0.14144,lighting,0.08898,tonemap,0.02916,,0.00000,,0.00000,,0.00000,,0.00000,,0.00000,,0.00000,,0.00000,,0.00000,,0.00000,,0.00000,,0.00000,,0.00000,,0.00000,,0.00000,,0.00000,,0.00000,,0.00000,,0.00000,,0.00000,,0.00000,,0.00000,,0.00000,,0.00000,,0.00000,DonutVisGBuffer,2026-07-30T01:11:22,free,0.38432,0.39411,0.54285,0.39636,0.38592,0.38925,0.40214,0.53648,16641,0,128,100,9,2,0,31,0,0,0,1,auto,unused,120,600,0,0,../../../../../scripts/standard_camera.csv,10,0,0,60,0,1,60,1920,1080,0,0,64,0.0,0.4,128,0.0,0.0,-3.0,0.0,0.0,0.0,0.1,1000.0,0.785,1,255,1,0,0,-1.0,1.0,1.0,0.5,1,1,256,1,100,05_synth_diversity_dense,0,31,0,success,0,,"Scene CPU cache disabled; rebuilding source scene.
Log saved to: ${REPOSITORY_ROOT}\out\build\x64-Release\bin\Release\logs\log_2026-07-30_01-11-26.txt",,
32,05_synth_diversity_dense,${RUN_TEMP}\run_00032.csv,8,2,0,32,0,0,0,1,auto,unused,120,600,1,0,0,../../../../../scripts/standard_camera.csv,10,0,0,60,0,captures,1,60,1920,1080,1,0,64,0,0.4,0,0,-3,0,0,0,0.1,1000,0.785,1,255,1,0,0,-1,1,1,0.5,128,1,1,256,1,100,total,0.27977,depth_prepass,0.02243,geometry,0.12680,lighting,0.08622,tonemap,0.02970,,0.00000,,0.00000,,0.00000,,0.00000,,0.00000,,0.00000,,0.00000,,0.00000,,0.00000,,0.00000,,0.00000,,0.00000,,0.00000,,0.00000,,0.00000,,0.00000,,0.00000,,0.00000,,0.00000,,0.00000,,0.00000,,0.00000,,0.00000,,0.00000,,0.00000,,0.00000,,0.00000,DonutDeferredPrepass,2026-07-30T01:11:26,free,0.27142,0.27747,0.44467,0.27977,0.27251,0.27638,0.27888,0.42854,16641,0,128,100,8,2,0,32,0,0,0,1,auto,unused,120,600,0,0,../../../../../scripts/standard_camera.csv,10,0,0,60,0,1,60,1920,1080,1,0,64,0.0,0.4,128,0.0,0.0,-3.0,0.0,0.0,0.0,0.1,1000.0,0.785,1,255,1,0,0,-1.0,1.0,1.0,0.5,1,1,256,1,100,05_synth_diversity_dense,0,32,0,success,0,,"Scene CPU cache disabled; rebuilding source scene.
Log saved to: ${REPOSITORY_ROOT}\out\build\x64-Release\bin\Release\logs\log_2026-07-30_01-11-28.txt",,
33,05_synth_diversity_dense,${RUN_TEMP}\run_00033.csv,9,2,0,33,0,0,0,1,auto,unused,120,600,1,0,0,../../../../../scripts/standard_camera.csv,10,0,0,60,0,captures,1,60,1920,1080,1,0,64,0,0.4,0,0,-3,0,0,0,0.1,1000,0.785,1,255,1,0,0,-1,1,1,0.5,128,1,1,256,1,100,total,0.40262,visibility,0.04012,visutil_histogram,0.02676,visutil_prefix,0.00209,visutil_flatten,0.03536,gbuffer,0.14423,lighting,0.08911,tonemap,0.03187,,0.00000,,0.00000,,0.00000,,0.00000,,0.00000,,0.00000,,0.00000,,0.00000,,0.00000,,0.00000,,0.00000,,0.00000,,0.00000,,0.00000,,0.00000,,0.00000,,0.00000,,0.00000,,0.00000,,0.00000,,0.00000,,0.00000,,0.00000,,0.00000,DonutVisGBuffer,2026-07-30T01:11:28,free,0.38362,0.39638,0.68400,0.40262,0.38688,0.39002,0.42640,0.43962,16641,0,128,100,9,2,0,33,0,0,0,1,auto,unused,120,600,0,0,../../../../../scripts/standard_camera.csv,10,0,0,60,0,1,60,1920,1080,1,0,64,0.0,0.4,128,0.0,0.0,-3.0,0.0,0.0,0.0,0.1,1000.0,0.785,1,255,1,0,0,-1.0,1.0,1.0,0.5,1,1,256,1,100,05_synth_diversity_dense,0,33,0,success,0,,"Scene CPU cache disabled; rebuilding source scene.
Log saved to: ${REPOSITORY_ROOT}\out\build\x64-Release\bin\Release\logs\log_2026-07-30_01-11-32.txt",,
34,05_synth_diversity_dense,${RUN_TEMP}\run_00034.csv,8,2,0,34,0,0,0,1,auto,unused,120,600,1,0,0,../../../../../scripts/standard_camera.csv,10,0,0,60,0,captures,1,60,1920,1080,2,0,64,0,0.4,0,0,-3,0,0,0,0.1,1000,0.785,1,255,1,0,0,-1,1,1,0.5,128,1,1,256,1,100,total,0.27780,depth_prepass,0.02292,geometry,0.12669,lighting,0.08586,tonemap,0.02941,,0.00000,,0.00000,,0.00000,,0.00000,,0.00000,,0.00000,,0.00000,,0.00000,,0.00000,,0.00000,,0.00000,,0.00000,,0.00000,,0.00000,,0.00000,,0.00000,,0.00000,,0.00000,,0.00000,,0.00000,,0.00000,,0.00000,,0.00000,,0.00000,,0.00000,,0.00000,,0.00000,DonutDeferredPrepass,2026-07-30T01:11:32,free,0.27216,0.27766,0.29827,0.27780,0.27322,0.27642,0.27917,0.28467,16641,0,128,100,8,2,0,34,0,0,0,1,auto,unused,120,600,0,0,../../../../../scripts/standard_camera.csv,10,0,0,60,0,1,60,1920,1080,2,0,64,0.0,0.4,128,0.0,0.0,-3.0,0.0,0.0,0.0,0.1,1000.0,0.785,1,255,1,0,0,-1.0,1.0,1.0,0.5,1,1,256,1,100,05_synth_diversity_dense,0,34,0,success,0,,"Scene CPU cache disabled; rebuilding source scene.
Log saved to: ${REPOSITORY_ROOT}\out\build\x64-Release\bin\Release\logs\log_2026-07-30_01-11-33.txt",,
35,05_synth_diversity_dense,${RUN_TEMP}\run_00035.csv,9,2,0,35,0,0,0,1,auto,unused,120,600,1,0,0,../../../../../scripts/standard_camera.csv,10,0,0,60,0,captures,1,60,1920,1080,2,0,64,0,0.4,0,0,-3,0,0,0,0.1,1000,0.785,1,255,1,0,0,-1,1,1,0.5,128,1,1,256,1,100,total,0.39137,visibility,0.04031,visutil_histogram,0.02668,visutil_prefix,0.00207,visutil_flatten,0.03531,gbuffer,0.13378,lighting,0.08897,tonemap,0.03106,,0.00000,,0.00000,,0.00000,,0.00000,,0.00000,,0.00000,,0.00000,,0.00000,,0.00000,,0.00000,,0.00000,,0.00000,,0.00000,,0.00000,,0.00000,,0.00000,,0.00000,,0.00000,,0.00000,,0.00000,,0.00000,,0.00000,,0.00000,,0.00000,DonutVisGBuffer,2026-07-30T01:11:33,free,0.37635,0.38653,0.57635,0.39137,0.38006,0.38333,0.41942,0.42403,16641,0,128,100,9,2,0,35,0,0,0,1,auto,unused,120,600,0,0,../../../../../scripts/standard_camera.csv,10,0,0,60,0,1,60,1920,1080,2,0,64,0.0,0.4,128,0.0,0.0,-3.0,0.0,0.0,0.0,0.1,1000.0,0.785,1,255,1,0,0,-1.0,1.0,1.0,0.5,1,1,256,1,100,05_synth_diversity_dense,0,35,0,success,0,,"Scene CPU cache disabled; rebuilding source scene.
Log saved to: ${REPOSITORY_ROOT}\out\build\x64-Release\bin\Release\logs\log_2026-07-30_01-11-37.txt",,
36,05_synth_diversity_dense,${RUN_TEMP}\run_00036.csv,8,2,0,36,0,0,0,1,auto,unused,120,600,1,0,0,../../../../../scripts/standard_camera.csv,10,0,0,60,0,captures,1,60,1920,1080,0,0,64,0,0.5,0,0,-3,0,0,0,0.1,1000,0.785,1,255,1,0,0,-1,1,1,0.5,128,1,1,256,1,100,total,0.28194,depth_prepass,0.02192,geometry,0.13078,lighting,0.08594,tonemap,0.02980,,0.00000,,0.00000,,0.00000,,0.00000,,0.00000,,0.00000,,0.00000,,0.00000,,0.00000,,0.00000,,0.00000,,0.00000,,0.00000,,0.00000,,0.00000,,0.00000,,0.00000,,0.00000,,0.00000,,0.00000,,0.00000,,0.00000,,0.00000,,0.00000,,0.00000,,0.00000,,0.00000,DonutDeferredPrepass,2026-07-30T01:11:37,free,0.27568,0.28141,0.40627,0.28194,0.27738,0.28013,0.28282,0.28912,16641,0,128,100,8,2,0,36,0,0,0,1,auto,unused,120,600,0,0,../../../../../scripts/standard_camera.csv,10,0,0,60,0,1,60,1920,1080,0,0,64,0.0,0.5,128,0.0,0.0,-3.0,0.0,0.0,0.0,0.1,1000.0,0.785,1,255,1,0,0,-1.0,1.0,1.0,0.5,1,1,256,1,100,05_synth_diversity_dense,0,36,0,success,0,,"Scene CPU cache disabled; rebuilding source scene.
Log saved to: ${REPOSITORY_ROOT}\out\build\x64-Release\bin\Release\logs\log_2026-07-30_01-11-39.txt",,
37,05_synth_diversity_dense,${RUN_TEMP}\run_00037.csv,9,2,0,37,0,0,0,1,auto,unused,120,600,1,0,0,../../../../../scripts/standard_camera.csv,10,0,0,60,0,captures,1,60,1920,1080,0,0,64,0,0.5,0,0,-3,0,0,0,0.1,1000,0.785,1,255,1,0,0,-1,1,1,0.5,128,1,1,256,1,100,total,0.41587,visibility,0.04230,visutil_histogram,0.02694,visutil_prefix,0.00212,visutil_flatten,0.03567,gbuffer,0.15060,lighting,0.08957,tonemap,0.03600,,0.00000,,0.00000,,0.00000,,0.00000,,0.00000,,0.00000,,0.00000,,0.00000,,0.00000,,0.00000,,0.00000,,0.00000,,0.00000,,0.00000,,0.00000,,0.00000,,0.00000,,0.00000,,0.00000,,0.00000,,0.00000,,0.00000,,0.00000,,0.00000,DonutVisGBuffer,2026-07-30T01:11:39,free,0.38883,0.42448,0.61894,0.41587,0.39037,0.39408,0.43530,0.44989,16641,0,128,100,9,2,0,37,0,0,0,1,auto,unused,120,600,0,0,../../../../../scripts/standard_camera.csv,10,0,0,60,0,1,60,1920,1080,0,0,64,0.0,0.5,128,0.0,0.0,-3.0,0.0,0.0,0.0,0.1,1000.0,0.785,1,255,1,0,0,-1.0,1.0,1.0,0.5,1,1,256,1,100,05_synth_diversity_dense,0,37,0,success,0,,"Scene CPU cache disabled; rebuilding source scene.
Log saved to: ${REPOSITORY_ROOT}\out\build\x64-Release\bin\Release\logs\log_2026-07-30_01-11-43.txt",,
38,05_synth_diversity_dense,${RUN_TEMP}\run_00038.csv,8,2,0,38,0,0,0,1,auto,unused,120,600,1,0,0,../../../../../scripts/standard_camera.csv,10,0,0,60,0,captures,1,60,1920,1080,1,0,64,0,0.5,0,0,-3,0,0,0,0.1,1000,0.785,1,255,1,0,0,-1,1,1,0.5,128,1,1,256,1,100,total,0.28153,depth_prepass,0.02178,geometry,0.13114,lighting,0.08588,tonemap,0.02974,,0.00000,,0.00000,,0.00000,,0.00000,,0.00000,,0.00000,,0.00000,,0.00000,,0.00000,,0.00000,,0.00000,,0.00000,,0.00000,,0.00000,,0.00000,,0.00000,,0.00000,,0.00000,,0.00000,,0.00000,,0.00000,,0.00000,,0.00000,,0.00000,,0.00000,,0.00000,,0.00000,DonutDeferredPrepass,2026-07-30T01:11:43,free,0.27632,0.28157,0.28899,0.28153,0.27754,0.28013,0.28291,0.28765,16641,0,128,100,8,2,0,38,0,0,0,1,auto,unused,120,600,0,0,../../../../../scripts/standard_camera.csv,10,0,0,60,0,1,60,1920,1080,1,0,64,0.0,0.5,128,0.0,0.0,-3.0,0.0,0.0,0.0,0.1,1000.0,0.785,1,255,1,0,0,-1.0,1.0,1.0,0.5,1,1,256,1,100,05_synth_diversity_dense,0,38,0,success,0,,"Scene CPU cache disabled; rebuilding source scene.
Log saved to: ${REPOSITORY_ROOT}\out\build\x64-Release\bin\Release\logs\log_2026-07-30_01-11-45.txt",,
39,05_synth_diversity_dense,${RUN_TEMP}\run_00039.csv,9,2,0,39,0,0,0,1,auto,unused,120,600,1,0,0,../../../../../scripts/standard_camera.csv,10,0,0,60,0,captures,1,60,1920,1080,1,0,64,0,0.5,0,0,-3,0,0,0,0.1,1000,0.785,1,255,1,0,0,-1,1,1,0.5,128,1,1,256,1,100,total,0.40394,visibility,0.04178,visutil_histogram,0.02685,visutil_prefix,0.00208,visutil_flatten,0.03599,gbuffer,0.14489,lighting,0.08867,tonemap,0.03118,,0.00000,,0.00000,,0.00000,,0.00000,,0.00000,,0.00000,,0.00000,,0.00000,,0.00000,,0.00000,,0.00000,,0.00000,,0.00000,,0.00000,,0.00000,,0.00000,,0.00000,,0.00000,,0.00000,,0.00000,,0.00000,,0.00000,,0.00000,,0.00000,DonutVisGBuffer,2026-07-30T01:11:45,free,0.38768,0.39690,0.60643,0.40394,0.38886,0.39184,0.42950,0.53683,16641,0,128,100,9,2,0,39,0,0,0,1,auto,unused,120,600,0,0,../../../../../scripts/standard_camera.csv,10,0,0,60,0,1,60,1920,1080,1,0,64,0.0,0.5,128,0.0,0.0,-3.0,0.0,0.0,0.0,0.1,1000.0,0.785,1,255,1,0,0,-1.0,1.0,1.0,0.5,1,1,256,1,100,05_synth_diversity_dense,0,39,0,success,0,,"Scene CPU cache disabled; rebuilding source scene.
Log saved to: ${REPOSITORY_ROOT}\out\build\x64-Release\bin\Release\logs\log_2026-07-30_01-11-49.txt",,
40,05_synth_diversity_dense,${RUN_TEMP}\run_00040.csv,8,2,0,40,0,0,0,1,auto,unused,120,600,1,0,0,../../../../../scripts/standard_camera.csv,10,0,0,60,0,captures,1,60,1920,1080,2,0,64,0,0.5,0,0,-3,0,0,0,0.1,1000,0.785,1,255,1,0,0,-1,1,1,0.5,128,1,1,256,1,100,total,0.28289,depth_prepass,0.02209,geometry,0.13121,lighting,0.08626,tonemap,0.02993,,0.00000,,0.00000,,0.00000,,0.00000,,0.00000,,0.00000,,0.00000,,0.00000,,0.00000,,0.00000,,0.00000,,0.00000,,0.00000,,0.00000,,0.00000,,0.00000,,0.00000,,0.00000,,0.00000,,0.00000,,0.00000,,0.00000,,0.00000,,0.00000,,0.00000,,0.00000,,0.00000,DonutDeferredPrepass,2026-07-30T01:11:49,free,0.27594,0.28134,0.44618,0.28289,0.27686,0.28022,0.28285,0.41763,16641,0,128,100,8,2,0,40,0,0,0,1,auto,unused,120,600,0,0,../../../../../scripts/standard_camera.csv,10,0,0,60,0,1,60,1920,1080,2,0,64,0.0,0.5,128,0.0,0.0,-3.0,0.0,0.0,0.0,0.1,1000.0,0.785,1,255,1,0,0,-1.0,1.0,1.0,0.5,1,1,256,1,100,05_synth_diversity_dense,0,40,0,success,0,,"Scene CPU cache disabled; rebuilding source scene.
Log saved to: ${REPOSITORY_ROOT}\out\build\x64-Release\bin\Release\logs\log_2026-07-30_01-11-51.txt",,
41,05_synth_diversity_dense,${RUN_TEMP}\run_00041.csv,9,2,0,41,0,0,0,1,auto,unused,120,600,1,0,0,../../../../../scripts/standard_camera.csv,10,0,0,60,0,captures,1,60,1920,1080,2,0,64,0,0.5,0,0,-3,0,0,0,0.1,1000,0.785,1,255,1,0,0,-1,1,1,0.5,128,1,1,256,1,100,total,0.41229,visibility,0.04225,visutil_histogram,0.02827,visutil_prefix,0.00210,visutil_flatten,0.03548,gbuffer,0.14545,lighting,0.09019,tonemap,0.03453,,0.00000,,0.00000,,0.00000,,0.00000,,0.00000,,0.00000,,0.00000,,0.00000,,0.00000,,0.00000,,0.00000,,0.00000,,0.00000,,0.00000,,0.00000,,0.00000,,0.00000,,0.00000,,0.00000,,0.00000,,0.00000,,0.00000,,0.00000,,0.00000,DonutVisGBuffer,2026-07-30T01:11:51,free,0.38195,0.39299,0.72656,0.41229,0.38451,0.38832,0.43210,0.68355,16641,0,128,100,9,2,0,41,0,0,0,1,auto,unused,120,600,0,0,../../../../../scripts/standard_camera.csv,10,0,0,60,0,1,60,1920,1080,2,0,64,0.0,0.5,128,0.0,0.0,-3.0,0.0,0.0,0.0,0.1,1000.0,0.785,1,255,1,0,0,-1.0,1.0,1.0,0.5,1,1,256,1,100,05_synth_diversity_dense,0,41,0,success,0,,"Scene CPU cache disabled; rebuilding source scene.
Log saved to: ${REPOSITORY_ROOT}\out\build\x64-Release\bin\Release\logs\log_2026-07-30_01-11-54.txt",,
42,05_synth_diversity_dense,${RUN_TEMP}\run_00042.csv,8,2,0,42,0,0,0,1,auto,unused,120,600,1,0,0,../../../../../scripts/standard_camera.csv,10,0,0,60,0,captures,1,60,1920,1080,0,0,64,0,0.6,0,0,-3,0,0,0,0.1,1000,0.785,1,255,1,0,0,-1,1,1,0.5,128,1,1,256,1,100,total,0.28718,depth_prepass,0.02112,geometry,0.13563,lighting,0.08628,tonemap,0.02983,,0.00000,,0.00000,,0.00000,,0.00000,,0.00000,,0.00000,,0.00000,,0.00000,,0.00000,,0.00000,,0.00000,,0.00000,,0.00000,,0.00000,,0.00000,,0.00000,,0.00000,,0.00000,,0.00000,,0.00000,,0.00000,,0.00000,,0.00000,,0.00000,,0.00000,,0.00000,,0.00000,DonutDeferredPrepass,2026-07-30T01:11:55,free,0.28061,0.28442,0.62938,0.28718,0.28115,0.28314,0.28589,0.42426,16641,0,128,100,8,2,0,42,0,0,0,1,auto,unused,120,600,0,0,../../../../../scripts/standard_camera.csv,10,0,0,60,0,1,60,1920,1080,0,0,64,0.0,0.6,128,0.0,0.0,-3.0,0.0,0.0,0.0,0.1,1000.0,0.785,1,255,1,0,0,-1.0,1.0,1.0,0.5,1,1,256,1,100,05_synth_diversity_dense,0,42,0,success,0,,"Scene CPU cache disabled; rebuilding source scene.
Log saved to: ${REPOSITORY_ROOT}\out\build\x64-Release\bin\Release\logs\log_2026-07-30_01-11-56.txt",,
43,05_synth_diversity_dense,${RUN_TEMP}\run_00043.csv,9,2,0,43,0,0,0,1,auto,unused,120,600,1,0,0,../../../../../scripts/standard_camera.csv,10,0,0,60,0,captures,1,60,1920,1080,0,0,64,0,0.6,0,0,-3,0,0,0,0.1,1000,0.785,1,255,1,0,0,-1,1,1,0.5,128,1,1,256,1,100,total,0.40576,visibility,0.04292,visutil_histogram,0.02639,visutil_prefix,0.00206,visutil_flatten,0.03606,gbuffer,0.14527,lighting,0.08895,tonemap,0.03013,,0.00000,,0.00000,,0.00000,,0.00000,,0.00000,,0.00000,,0.00000,,0.00000,,0.00000,,0.00000,,0.00000,,0.00000,,0.00000,,0.00000,,0.00000,,0.00000,,0.00000,,0.00000,,0.00000,,0.00000,,0.00000,,0.00000,,0.00000,,0.00000,DonutVisGBuffer,2026-07-30T01:11:56,free,0.39094,0.39875,0.63856,0.40576,0.39238,0.39469,0.41002,0.54573,16641,0,128,100,9,2,0,43,0,0,0,1,auto,unused,120,600,0,0,../../../../../scripts/standard_camera.csv,10,0,0,60,0,1,60,1920,1080,0,0,64,0.0,0.6,128,0.0,0.0,-3.0,0.0,0.0,0.0,0.1,1000.0,0.785,1,255,1,0,0,-1.0,1.0,1.0,0.5,1,1,256,1,100,05_synth_diversity_dense,0,43,0,success,0,,"Scene CPU cache disabled; rebuilding source scene.
Log saved to: ${REPOSITORY_ROOT}\out\build\x64-Release\bin\Release\logs\log_2026-07-30_01-12-00.txt",,
44,05_synth_diversity_dense,${RUN_TEMP}\run_00044.csv,8,2,0,44,0,0,0,1,auto,unused,120,600,1,0,0,../../../../../scripts/standard_camera.csv,10,0,0,60,0,captures,1,60,1920,1080,1,0,64,0,0.6,0,0,-3,0,0,0,0.1,1000,0.785,1,255,1,0,0,-1,1,1,0.5,128,1,1,256,1,100,total,0.28676,depth_prepass,0.02135,geometry,0.13540,lighting,0.08653,tonemap,0.02988,,0.00000,,0.00000,,0.00000,,0.00000,,0.00000,,0.00000,,0.00000,,0.00000,,0.00000,,0.00000,,0.00000,,0.00000,,0.00000,,0.00000,,0.00000,,0.00000,,0.00000,,0.00000,,0.00000,,0.00000,,0.00000,,0.00000,,0.00000,,0.00000,,0.00000,,0.00000,,0.00000,DonutDeferredPrepass,2026-07-30T01:12:00,free,0.28093,0.28493,0.44176,0.28676,0.28163,0.28381,0.28646,0.42208,16641,0,128,100,8,2,0,44,0,0,0,1,auto,unused,120,600,0,0,../../../../../scripts/standard_camera.csv,10,0,0,60,0,1,60,1920,1080,1,0,64,0.0,0.6,128,0.0,0.0,-3.0,0.0,0.0,0.0,0.1,1000.0,0.785,1,255,1,0,0,-1.0,1.0,1.0,0.5,1,1,256,1,100,05_synth_diversity_dense,0,44,0,success,0,,"Scene CPU cache disabled; rebuilding source scene.
Log saved to: ${REPOSITORY_ROOT}\out\build\x64-Release\bin\Release\logs\log_2026-07-30_01-12-02.txt",,
45,05_synth_diversity_dense,${RUN_TEMP}\run_00045.csv,9,2,0,45,0,0,0,1,auto,unused,120,600,1,0,0,../../../../../scripts/standard_camera.csv,10,0,0,60,0,captures,1,60,1920,1080,1,0,64,0,0.6,0,0,-3,0,0,0,0.1,1000,0.785,1,255,1,0,0,-1,1,1,0.5,128,1,1,256,1,100,total,0.40274,visibility,0.04291,visutil_histogram,0.02656,visutil_prefix,0.00206,visutil_flatten,0.03587,gbuffer,0.14368,lighting,0.08961,tonemap,0.02900,,0.00000,,0.00000,,0.00000,,0.00000,,0.00000,,0.00000,,0.00000,,0.00000,,0.00000,,0.00000,,0.00000,,0.00000,,0.00000,,0.00000,,0.00000,,0.00000,,0.00000,,0.00000,,0.00000,,0.00000,,0.00000,,0.00000,,0.00000,,0.00000,DonutVisGBuffer,2026-07-30T01:12:02,free,0.39142,0.39846,0.58586,0.40274,0.39226,0.39443,0.40435,0.54211,16641,0,128,100,9,2,0,45,0,0,0,1,auto,unused,120,600,0,0,../../../../../scripts/standard_camera.csv,10,0,0,60,0,1,60,1920,1080,1,0,64,0.0,0.6,128,0.0,0.0,-3.0,0.0,0.0,0.0,0.1,1000.0,0.785,1,255,1,0,0,-1.0,1.0,1.0,0.5,1,1,256,1,100,05_synth_diversity_dense,0,45,0,success,0,,"Scene CPU cache disabled; rebuilding source scene.
Log saved to: ${REPOSITORY_ROOT}\out\build\x64-Release\bin\Release\logs\log_2026-07-30_01-12-05.txt",,
46,05_synth_diversity_dense,${RUN_TEMP}\run_00046.csv,8,2,0,46,0,0,0,1,auto,unused,120,600,1,0,0,../../../../../scripts/standard_camera.csv,10,0,0,60,0,captures,1,60,1920,1080,2,0,64,0,0.6,0,0,-3,0,0,0,0.1,1000,0.785,1,255,1,0,0,-1,1,1,0.5,128,1,1,256,1,100,total,0.28754,depth_prepass,0.02153,geometry,0.13485,lighting,0.08637,tonemap,0.02960,,0.00000,,0.00000,,0.00000,,0.00000,,0.00000,,0.00000,,0.00000,,0.00000,,0.00000,,0.00000,,0.00000,,0.00000,,0.00000,,0.00000,,0.00000,,0.00000,,0.00000,,0.00000,,0.00000,,0.00000,,0.00000,,0.00000,,0.00000,,0.00000,,0.00000,,0.00000,,0.00000,DonutDeferredPrepass,2026-07-30T01:12:05,free,0.27965,0.28435,0.46691,0.28754,0.28080,0.28298,0.28602,0.43651,16641,0,128,100,8,2,0,46,0,0,0,1,auto,unused,120,600,0,0,../../../../../scripts/standard_camera.csv,10,0,0,60,0,1,60,1920,1080,2,0,64,0.0,0.6,128,0.0,0.0,-3.0,0.0,0.0,0.0,0.1,1000.0,0.785,1,255,1,0,0,-1.0,1.0,1.0,0.5,1,1,256,1,100,05_synth_diversity_dense,0,46,0,success,0,,"Scene CPU cache disabled; rebuilding source scene.
Log saved to: ${REPOSITORY_ROOT}\out\build\x64-Release\bin\Release\logs\log_2026-07-30_01-12-07.txt",,
47,05_synth_diversity_dense,${RUN_TEMP}\run_00047.csv,9,2,0,47,0,0,0,1,auto,unused,120,600,1,0,0,../../../../../scripts/standard_camera.csv,10,0,0,60,0,captures,1,60,1920,1080,2,0,64,0,0.6,0,0,-3,0,0,0,0.1,1000,0.785,1,255,1,0,0,-1,1,1,0.5,128,1,1,256,1,100,total,0.39852,visibility,0.04286,visutil_histogram,0.02663,visutil_prefix,0.00206,visutil_flatten,0.03594,gbuffer,0.13780,lighting,0.08925,tonemap,0.03008,,0.00000,,0.00000,,0.00000,,0.00000,,0.00000,,0.00000,,0.00000,,0.00000,,0.00000,,0.00000,,0.00000,,0.00000,,0.00000,,0.00000,,0.00000,,0.00000,,0.00000,,0.00000,,0.00000,,0.00000,,0.00000,,0.00000,,0.00000,,0.00000,DonutVisGBuffer,2026-07-30T01:12:07,free,0.38576,0.39414,0.63338,0.39852,0.38806,0.39027,0.39866,0.54896,16641,0,128,100,9,2,0,47,0,0,0,1,auto,unused,120,600,0,0,../../../../../scripts/standard_camera.csv,10,0,0,60,0,1,60,1920,1080,2,0,64,0.0,0.6,128,0.0,0.0,-3.0,0.0,0.0,0.0,0.1,1000.0,0.785,1,255,1,0,0,-1.0,1.0,1.0,0.5,1,1,256,1,100,05_synth_diversity_dense,0,47,0,success,0,,"Scene CPU cache disabled; rebuilding source scene.
Log saved to: ${REPOSITORY_ROOT}\out\build\x64-Release\bin\Release\logs\log_2026-07-30_01-12-10.txt",,
48,05_synth_diversity_dense,${RUN_TEMP}\run_00048.csv,8,2,0,48,0,0,0,1,auto,unused,120,600,1,0,0,../../../../../scripts/standard_camera.csv,10,0,0,60,0,captures,1,60,1920,1080,0,0,64,0,0.7,0,0,-3,0,0,0,0.1,1000,0.785,1,255,1,0,0,-1,1,1,0.5,128,1,1,256,1,100,total,0.28964,depth_prepass,0.02062,geometry,0.13943,lighting,0.08604,tonemap,0.02968,,0.00000,,0.00000,,0.00000,,0.00000,,0.00000,,0.00000,,0.00000,,0.00000,,0.00000,,0.00000,,0.00000,,0.00000,,0.00000,,0.00000,,0.00000,,0.00000,,0.00000,,0.00000,,0.00000,,0.00000,,0.00000,,0.00000,,0.00000,,0.00000,,0.00000,,0.00000,,0.00000,DonutDeferredPrepass,2026-07-30T01:12:10,free,0.28301,0.28755,0.47165,0.28964,0.28461,0.28618,0.28902,0.42758,16641,0,128,100,8,2,0,48,0,0,0,1,auto,unused,120,600,0,0,../../../../../scripts/standard_camera.csv,10,0,0,60,0,1,60,1920,1080,0,0,64,0.0,0.7,128,0.0,0.0,-3.0,0.0,0.0,0.0,0.1,1000.0,0.785,1,255,1,0,0,-1.0,1.0,1.0,0.5,1,1,256,1,100,05_synth_diversity_dense,0,48,0,success,0,,"Scene CPU cache disabled; rebuilding source scene.
Log saved to: ${REPOSITORY_ROOT}\out\build\x64-Release\bin\Release\logs\log_2026-07-30_01-12-12.txt",,
49,05_synth_diversity_dense,${RUN_TEMP}\run_00049.csv,9,2,0,49,0,0,0,1,auto,unused,120,600,1,0,0,../../../../../scripts/standard_camera.csv,10,0,0,60,0,captures,1,60,1920,1080,0,0,64,0,0.7,0,0,-3,0,0,0,0.1,1000,0.785,1,255,1,0,0,-1,1,1,0.5,128,1,1,256,1,100,total,0.42174,visibility,0.04487,visutil_histogram,0.02712,visutil_prefix,0.00211,visutil_flatten,0.03587,gbuffer,0.15397,lighting,0.08967,tonemap,0.03545,,0.00000,,0.00000,,0.00000,,0.00000,,0.00000,,0.00000,,0.00000,,0.00000,,0.00000,,0.00000,,0.00000,,0.00000,,0.00000,,0.00000,,0.00000,,0.00000,,0.00000,,0.00000,,0.00000,,0.00000,,0.00000,,0.00000,,0.00000,,0.00000,DonutVisGBuffer,2026-07-30T01:12:12,free,0.39194,0.40669,0.63043,0.42174,0.39405,0.39680,0.44246,0.56019,16641,0,128,100,9,2,0,49,0,0,0,1,auto,unused,120,600,0,0,../../../../../scripts/standard_camera.csv,10,0,0,60,0,1,60,1920,1080,0,0,64,0.0,0.7,128,0.0,0.0,-3.0,0.0,0.0,0.0,0.1,1000.0,0.785,1,255,1,0,0,-1.0,1.0,1.0,0.5,1,1,256,1,100,05_synth_diversity_dense,0,49,0,success,0,,"Scene CPU cache disabled; rebuilding source scene.
Log saved to: ${REPOSITORY_ROOT}\out\build\x64-Release\bin\Release\logs\log_2026-07-30_01-12-16.txt",,
50,05_synth_diversity_dense,${RUN_TEMP}\run_00050.csv,8,2,0,50,0,0,0,1,auto,unused,120,600,1,0,0,../../../../../scripts/standard_camera.csv,10,0,0,60,0,captures,1,60,1920,1080,1,0,64,0,0.7,0,0,-3,0,0,0,0.1,1000,0.785,1,255,1,0,0,-1,1,1,0.5,128,1,1,256,1,100,total,0.28724,depth_prepass,0.02064,geometry,0.13841,lighting,0.08585,tonemap,0.02952,,0.00000,,0.00000,,0.00000,,0.00000,,0.00000,,0.00000,,0.00000,,0.00000,,0.00000,,0.00000,,0.00000,,0.00000,,0.00000,,0.00000,,0.00000,,0.00000,,0.00000,,0.00000,,0.00000,,0.00000,,0.00000,,0.00000,,0.00000,,0.00000,,0.00000,,0.00000,,0.00000,DonutDeferredPrepass,2026-07-30T01:12:16,free,0.28416,0.28691,0.31840,0.28724,0.28493,0.28579,0.28848,0.29398,16641,0,128,100,8,2,0,50,0,0,0,1,auto,unused,120,600,0,0,../../../../../scripts/standard_camera.csv,10,0,0,60,0,1,60,1920,1080,1,0,64,0.0,0.7,128,0.0,0.0,-3.0,0.0,0.0,0.0,0.1,1000.0,0.785,1,255,1,0,0,-1.0,1.0,1.0,0.5,1,1,256,1,100,05_synth_diversity_dense,0,50,0,success,0,,"Scene CPU cache disabled; rebuilding source scene.
Log saved to: ${REPOSITORY_ROOT}\out\build\x64-Release\bin\Release\logs\log_2026-07-30_01-12-17.txt",,
51,05_synth_diversity_dense,${RUN_TEMP}\run_00051.csv,9,2,0,51,0,0,0,1,auto,unused,120,600,1,0,0,../../../../../scripts/standard_camera.csv,10,0,0,60,0,captures,1,60,1920,1080,1,0,64,0,0.7,0,0,-3,0,0,0,0.1,1000,0.785,1,255,1,0,0,-1,1,1,0.5,128,1,1,256,1,100,total,0.40073,visibility,0.04414,visutil_histogram,0.02616,visutil_prefix,0.00206,visutil_flatten,0.03565,gbuffer,0.14328,lighting,0.08850,tonemap,0.02881,,0.00000,,0.00000,,0.00000,,0.00000,,0.00000,,0.00000,,0.00000,,0.00000,,0.00000,,0.00000,,0.00000,,0.00000,,0.00000,,0.00000,,0.00000,,0.00000,,0.00000,,0.00000,,0.00000,,0.00000,,0.00000,,0.00000,,0.00000,,0.00000,DonutVisGBuffer,2026-07-30T01:12:17,free,0.39162,0.40029,0.41261,0.40073,0.39312,0.39610,0.40598,0.41014,16641,0,128,100,9,2,0,51,0,0,0,1,auto,unused,120,600,0,0,../../../../../scripts/standard_camera.csv,10,0,0,60,0,1,60,1920,1080,1,0,64,0.0,0.7,128,0.0,0.0,-3.0,0.0,0.0,0.0,0.1,1000.0,0.785,1,255,1,0,0,-1.0,1.0,1.0,0.5,1,1,256,1,100,05_synth_diversity_dense,0,51,0,success,0,,"Scene CPU cache disabled; rebuilding source scene.
Log saved to: ${REPOSITORY_ROOT}\out\build\x64-Release\bin\Release\logs\log_2026-07-30_01-12-21.txt",,
52,05_synth_diversity_dense,${RUN_TEMP}\run_00052.csv,8,2,0,52,0,0,0,1,auto,unused,120,600,1,0,0,../../../../../scripts/standard_camera.csv,10,0,0,60,0,captures,1,60,1920,1080,2,0,64,0,0.7,0,0,-3,0,0,0,0.1,1000,0.785,1,255,1,0,0,-1,1,1,0.5,128,1,1,256,1,100,total,0.28673,depth_prepass,0.02055,geometry,0.13804,lighting,0.08583,tonemap,0.02946,,0.00000,,0.00000,,0.00000,,0.00000,,0.00000,,0.00000,,0.00000,,0.00000,,0.00000,,0.00000,,0.00000,,0.00000,,0.00000,,0.00000,,0.00000,,0.00000,,0.00000,,0.00000,,0.00000,,0.00000,,0.00000,,0.00000,,0.00000,,0.00000,,0.00000,,0.00000,,0.00000,DonutDeferredPrepass,2026-07-30T01:12:21,free,0.28336,0.28659,0.29520,0.28673,0.28454,0.28538,0.28787,0.29277,16641,0,128,100,8,2,0,52,0,0,0,1,auto,unused,120,600,0,0,../../../../../scripts/standard_camera.csv,10,0,0,60,0,1,60,1920,1080,2,0,64,0.0,0.7,128,0.0,0.0,-3.0,0.0,0.0,0.0,0.1,1000.0,0.785,1,255,1,0,0,-1.0,1.0,1.0,0.5,1,1,256,1,100,05_synth_diversity_dense,0,52,0,success,0,,"Scene CPU cache disabled; rebuilding source scene.
Log saved to: ${REPOSITORY_ROOT}\out\build\x64-Release\bin\Release\logs\log_2026-07-30_01-12-23.txt",,
53,05_synth_diversity_dense,${RUN_TEMP}\run_00053.csv,9,2,0,53,0,0,0,1,auto,unused,120,600,1,0,0,../../../../../scripts/standard_camera.csv,10,0,0,60,0,captures,1,60,1920,1080,2,0,64,0,0.7,0,0,-3,0,0,0,0.1,1000,0.785,1,255,1,0,0,-1,1,1,0.5,128,1,1,256,1,100,total,0.39561,visibility,0.04401,visutil_histogram,0.02618,visutil_prefix,0.00207,visutil_flatten,0.03564,gbuffer,0.13847,lighting,0.08855,tonemap,0.02884,,0.00000,,0.00000,,0.00000,,0.00000,,0.00000,,0.00000,,0.00000,,0.00000,,0.00000,,0.00000,,0.00000,,0.00000,,0.00000,,0.00000,,0.00000,,0.00000,,0.00000,,0.00000,,0.00000,,0.00000,,0.00000,,0.00000,,0.00000,,0.00000,DonutVisGBuffer,2026-07-30T01:12:23,free,0.38838,0.39584,0.40675,0.39561,0.39005,0.39210,0.39866,0.40224,16641,0,128,100,9,2,0,53,0,0,0,1,auto,unused,120,600,0,0,../../../../../scripts/standard_camera.csv,10,0,0,60,0,1,60,1920,1080,2,0,64,0.0,0.7,128,0.0,0.0,-3.0,0.0,0.0,0.0,0.1,1000.0,0.785,1,255,1,0,0,-1.0,1.0,1.0,0.5,1,1,256,1,100,05_synth_diversity_dense,0,53,0,success,0,,"Scene CPU cache disabled; rebuilding source scene.
Log saved to: ${REPOSITORY_ROOT}\out\build\x64-Release\bin\Release\logs\log_2026-07-30_01-12-26.txt",,
54,05_synth_diversity_dense,${RUN_TEMP}\run_00054.csv,8,2,0,54,0,0,0,1,auto,unused,120,600,1,0,0,../../../../../scripts/standard_camera.csv,10,0,0,60,0,captures,1,60,1920,1080,0,0,64,0,0.8,0,0,-3,0,0,0,0.1,1000,0.785,1,255,1,0,0,-1,1,1,0.5,128,1,1,256,1,100,total,0.29007,depth_prepass,0.02043,geometry,0.14110,lighting,0.08592,tonemap,0.02977,,0.00000,,0.00000,,0.00000,,0.00000,,0.00000,,0.00000,,0.00000,,0.00000,,0.00000,,0.00000,,0.00000,,0.00000,,0.00000,,0.00000,,0.00000,,0.00000,,0.00000,,0.00000,,0.00000,,0.00000,,0.00000,,0.00000,,0.00000,,0.00000,,0.00000,,0.00000,,0.00000,DonutDeferredPrepass,2026-07-30T01:12:26,free,0.28640,0.28979,0.32269,0.29007,0.28803,0.28883,0.29130,0.29690,16641,0,128,100,8,2,0,54,0,0,0,1,auto,unused,120,600,0,0,../../../../../scripts/standard_camera.csv,10,0,0,60,0,1,60,1920,1080,0,0,64,0.0,0.8,128,0.0,0.0,-3.0,0.0,0.0,0.0,0.1,1000.0,0.785,1,255,1,0,0,-1.0,1.0,1.0,0.5,1,1,256,1,100,05_synth_diversity_dense,0,54,0,success,0,,"Scene CPU cache disabled; rebuilding source scene.
Log saved to: ${REPOSITORY_ROOT}\out\build\x64-Release\bin\Release\logs\log_2026-07-30_01-12-28.txt",,
55,05_synth_diversity_dense,${RUN_TEMP}\run_00055.csv,9,2,0,55,0,0,0,1,auto,unused,120,600,1,0,0,../../../../../scripts/standard_camera.csv,10,0,0,60,0,captures,1,60,1920,1080,0,0,64,0,0.8,0,0,-3,0,0,0,0.1,1000,0.785,1,255,1,0,0,-1,1,1,0.5,128,1,1,256,1,100,total,0.41753,visibility,0.04542,visutil_histogram,0.02637,visutil_prefix,0.00211,visutil_flatten,0.03565,gbuffer,0.15266,lighting,0.08914,tonemap,0.03344,,0.00000,,0.00000,,0.00000,,0.00000,,0.00000,,0.00000,,0.00000,,0.00000,,0.00000,,0.00000,,0.00000,,0.00000,,0.00000,,0.00000,,0.00000,,0.00000,,0.00000,,0.00000,,0.00000,,0.00000,,0.00000,,0.00000,,0.00000,,0.00000,DonutVisGBuffer,2026-07-30T01:12:28,free,0.39526,0.40438,0.61501,0.41753,0.39622,0.39997,0.44547,0.46272,16641,0,128,100,9,2,0,55,0,0,0,1,auto,unused,120,600,0,0,../../../../../scripts/standard_camera.csv,10,0,0,60,0,1,60,1920,1080,0,0,64,0.0,0.8,128,0.0,0.0,-3.0,0.0,0.0,0.0,0.1,1000.0,0.785,1,255,1,0,0,-1.0,1.0,1.0,0.5,1,1,256,1,100,05_synth_diversity_dense,0,55,0,success,0,,"Scene CPU cache disabled; rebuilding source scene.
Log saved to: ${REPOSITORY_ROOT}\out\build\x64-Release\bin\Release\logs\log_2026-07-30_01-12-31.txt",,
56,05_synth_diversity_dense,${RUN_TEMP}\run_00056.csv,8,2,0,56,0,0,0,1,auto,unused,120,600,1,0,0,../../../../../scripts/standard_camera.csv,10,0,0,60,0,captures,1,60,1920,1080,1,0,64,0,0.8,0,0,-3,0,0,0,0.1,1000,0.785,1,255,1,0,0,-1,1,1,0.5,128,1,1,256,1,100,total,0.29020,depth_prepass,0.02035,geometry,0.14135,lighting,0.08581,tonemap,0.02972,,0.00000,,0.00000,,0.00000,,0.00000,,0.00000,,0.00000,,0.00000,,0.00000,,0.00000,,0.00000,,0.00000,,0.00000,,0.00000,,0.00000,,0.00000,,0.00000,,0.00000,,0.00000,,0.00000,,0.00000,,0.00000,,0.00000,,0.00000,,0.00000,,0.00000,,0.00000,,0.00000,DonutDeferredPrepass,2026-07-30T01:12:32,free,0.28582,0.28998,0.30410,0.29020,0.28784,0.28886,0.29146,0.29690,16641,0,128,100,8,2,0,56,0,0,0,1,auto,unused,120,600,0,0,../../../../../scripts/standard_camera.csv,10,0,0,60,0,1,60,1920,1080,1,0,64,0.0,0.8,128,0.0,0.0,-3.0,0.0,0.0,0.0,0.1,1000.0,0.785,1,255,1,0,0,-1.0,1.0,1.0,0.5,1,1,256,1,100,05_synth_diversity_dense,0,56,0,success,0,,"Scene CPU cache disabled; rebuilding source scene.
Log saved to: ${REPOSITORY_ROOT}\out\build\x64-Release\bin\Release\logs\log_2026-07-30_01-12-33.txt",,
57,05_synth_diversity_dense,${RUN_TEMP}\run_00057.csv,9,2,0,57,0,0,0,1,auto,unused,120,600,1,0,0,../../../../../scripts/standard_camera.csv,10,0,0,60,0,captures,1,60,1920,1080,1,0,64,0,0.8,0,0,-3,0,0,0,0.1,1000,0.785,1,255,1,0,0,-1,1,1,0.5,128,1,1,256,1,100,total,0.42429,visibility,0.04571,visutil_histogram,0.02684,visutil_prefix,0.00212,visutil_flatten,0.03563,gbuffer,0.15635,lighting,0.08916,tonemap,0.03566,,0.00000,,0.00000,,0.00000,,0.00000,,0.00000,,0.00000,,0.00000,,0.00000,,0.00000,,0.00000,,0.00000,,0.00000,,0.00000,,0.00000,,0.00000,,0.00000,,0.00000,,0.00000,,0.00000,,0.00000,,0.00000,,0.00000,,0.00000,,0.00000,DonutVisGBuffer,2026-07-30T01:12:33,free,0.39584,0.43747,0.60253,0.42429,0.39763,0.40022,0.44614,0.46762,16641,0,128,100,9,2,0,57,0,0,0,1,auto,unused,120,600,0,0,../../../../../scripts/standard_camera.csv,10,0,0,60,0,1,60,1920,1080,1,0,64,0.0,0.8,128,0.0,0.0,-3.0,0.0,0.0,0.0,0.1,1000.0,0.785,1,255,1,0,0,-1.0,1.0,1.0,0.5,1,1,256,1,100,05_synth_diversity_dense,0,57,0,success,0,,"Scene CPU cache disabled; rebuilding source scene.
Log saved to: ${REPOSITORY_ROOT}\out\build\x64-Release\bin\Release\logs\log_2026-07-30_01-12-37.txt",,
58,05_synth_diversity_dense,${RUN_TEMP}\run_00058.csv,8,2,0,58,0,0,0,1,auto,unused,120,600,1,0,0,../../../../../scripts/standard_camera.csv,10,0,0,60,0,captures,1,60,1920,1080,2,0,64,0,0.8,0,0,-3,0,0,0,0.1,1000,0.785,1,255,1,0,0,-1,1,1,0.5,128,1,1,256,1,100,total,0.29002,depth_prepass,0.02035,geometry,0.14113,lighting,0.08590,tonemap,0.02973,,0.00000,,0.00000,,0.00000,,0.00000,,0.00000,,0.00000,,0.00000,,0.00000,,0.00000,,0.00000,,0.00000,,0.00000,,0.00000,,0.00000,,0.00000,,0.00000,,0.00000,,0.00000,,0.00000,,0.00000,,0.00000,,0.00000,,0.00000,,0.00000,,0.00000,,0.00000,,0.00000,DonutDeferredPrepass,2026-07-30T01:12:37,free,0.28710,0.28986,0.29814,0.29002,0.28790,0.28864,0.29123,0.29661,16641,0,128,100,8,2,0,58,0,0,0,1,auto,unused,120,600,0,0,../../../../../scripts/standard_camera.csv,10,0,0,60,0,1,60,1920,1080,2,0,64,0.0,0.8,128,0.0,0.0,-3.0,0.0,0.0,0.0,0.1,1000.0,0.785,1,255,1,0,0,-1.0,1.0,1.0,0.5,1,1,256,1,100,05_synth_diversity_dense,0,58,0,success,0,,"Scene CPU cache disabled; rebuilding source scene.
Log saved to: ${REPOSITORY_ROOT}\out\build\x64-Release\bin\Release\logs\log_2026-07-30_01-12-39.txt",,
59,05_synth_diversity_dense,${RUN_TEMP}\run_00059.csv,9,2,0,59,0,0,0,1,auto,unused,120,600,1,0,0,../../../../../scripts/standard_camera.csv,10,0,0,60,0,captures,1,60,1920,1080,2,0,64,0,0.8,0,0,-3,0,0,0,0.1,1000,0.785,1,255,1,0,0,-1,1,1,0.5,128,1,1,256,1,100,total,0.40030,visibility,0.04495,visutil_histogram,0.02606,visutil_prefix,0.00207,visutil_flatten,0.03567,gbuffer,0.14155,lighting,0.08851,tonemap,0.02889,,0.00000,,0.00000,,0.00000,,0.00000,,0.00000,,0.00000,,0.00000,,0.00000,,0.00000,,0.00000,,0.00000,,0.00000,,0.00000,,0.00000,,0.00000,,0.00000,,0.00000,,0.00000,,0.00000,,0.00000,,0.00000,,0.00000,,0.00000,,0.00000,DonutVisGBuffer,2026-07-30T01:12:39,free,0.39226,0.40029,0.40854,0.40030,0.39542,0.39747,0.40272,0.40810,16641,0,128,100,9,2,0,59,0,0,0,1,auto,unused,120,600,0,0,../../../../../scripts/standard_camera.csv,10,0,0,60,0,1,60,1920,1080,2,0,64,0.0,0.8,128,0.0,0.0,-3.0,0.0,0.0,0.0,0.1,1000.0,0.785,1,255,1,0,0,-1.0,1.0,1.0,0.5,1,1,256,1,100,05_synth_diversity_dense,0,59,0,success,0,,"Scene CPU cache disabled; rebuilding source scene.
Log saved to: ${REPOSITORY_ROOT}\out\build\x64-Release\bin\Release\logs\log_2026-07-30_01-12-42.txt",,
60,05_synth_diversity_dense,${RUN_TEMP}\run_00060.csv,8,2,0,60,0,0,0,1,auto,unused,120,600,1,0,0,../../../../../scripts/standard_camera.csv,10,0,0,60,0,captures,1,60,1920,1080,0,0,64,0,0.9,0,0,-3,0,0,0,0.1,1000,0.785,1,255,1,0,0,-1,1,1,0.5,128,1,1,256,1,100,total,0.29179,depth_prepass,0.02030,geometry,0.14307,lighting,0.08591,tonemap,0.02964,,0.00000,,0.00000,,0.00000,,0.00000,,0.00000,,0.00000,,0.00000,,0.00000,,0.00000,,0.00000,,0.00000,,0.00000,,0.00000,,0.00000,,0.00000,,0.00000,,0.00000,,0.00000,,0.00000,,0.00000,,0.00000,,0.00000,,0.00000,,0.00000,,0.00000,,0.00000,,0.00000,DonutDeferredPrepass,2026-07-30T01:12:42,free,0.28934,0.29155,0.31894,0.29179,0.28954,0.29043,0.29293,0.29872,16641,0,128,100,8,2,0,60,0,0,0,1,auto,unused,120,600,0,0,../../../../../scripts/standard_camera.csv,10,0,0,60,0,1,60,1920,1080,0,0,64,0.0,0.9,128,0.0,0.0,-3.0,0.0,0.0,0.0,0.1,1000.0,0.785,1,255,1,0,0,-1.0,1.0,1.0,0.5,1,1,256,1,100,05_synth_diversity_dense,0,60,0,success,0,,"Scene CPU cache disabled; rebuilding source scene.
Log saved to: ${REPOSITORY_ROOT}\out\build\x64-Release\bin\Release\logs\log_2026-07-30_01-12-44.txt",,
61,05_synth_diversity_dense,${RUN_TEMP}\run_00061.csv,9,2,0,61,0,0,0,1,auto,unused,120,600,1,0,0,../../../../../scripts/standard_camera.csv,10,0,0,60,0,captures,1,60,1920,1080,0,0,64,0,0.9,0,0,-3,0,0,0,0.1,1000,0.785,1,255,1,0,0,-1,1,1,0.5,128,1,1,256,1,100,total,0.41201,visibility,0.04586,visutil_histogram,0.02613,visutil_prefix,0.00210,visutil_flatten,0.03574,gbuffer,0.14982,lighting,0.08878,tonemap,0.03130,,0.00000,,0.00000,,0.00000,,0.00000,,0.00000,,0.00000,,0.00000,,0.00000,,0.00000,,0.00000,,0.00000,,0.00000,,0.00000,,0.00000,,0.00000,,0.00000,,0.00000,,0.00000,,0.00000,,0.00000,,0.00000,,0.00000,,0.00000,,0.00000,DonutVisGBuffer,2026-07-30T01:12:44,free,0.39514,0.40422,0.52915,0.41201,0.39792,0.40032,0.44618,0.45203,16641,0,128,100,9,2,0,61,0,0,0,1,auto,unused,120,600,0,0,../../../../../scripts/standard_camera.csv,10,0,0,60,0,1,60,1920,1080,0,0,64,0.0,0.9,128,0.0,0.0,-3.0,0.0,0.0,0.0,0.1,1000.0,0.785,1,255,1,0,0,-1.0,1.0,1.0,0.5,1,1,256,1,100,05_synth_diversity_dense,0,61,0,success,0,,"Scene CPU cache disabled; rebuilding source scene.
Log saved to: ${REPOSITORY_ROOT}\out\build\x64-Release\bin\Release\logs\log_2026-07-30_01-12-48.txt",,
62,05_synth_diversity_dense,${RUN_TEMP}\run_00062.csv,8,2,0,62,0,0,0,1,auto,unused,120,600,1,0,0,../../../../../scripts/standard_camera.csv,10,0,0,60,0,captures,1,60,1920,1080,1,0,64,0,0.9,0,0,-3,0,0,0,0.1,1000,0.785,1,255,1,0,0,-1,1,1,0.5,128,1,1,256,1,100,total,0.29221,depth_prepass,0.02013,geometry,0.14330,lighting,0.08616,tonemap,0.02935,,0.00000,,0.00000,,0.00000,,0.00000,,0.00000,,0.00000,,0.00000,,0.00000,,0.00000,,0.00000,,0.00000,,0.00000,,0.00000,,0.00000,,0.00000,,0.00000,,0.00000,,0.00000,,0.00000,,0.00000,,0.00000,,0.00000,,0.00000,,0.00000,,0.00000,,0.00000,,0.00000,DonutDeferredPrepass,2026-07-30T01:12:48,free,0.28822,0.29152,0.46688,0.29221,0.28925,0.29014,0.29286,0.29859,16641,0,128,100,8,2,0,62,0,0,0,1,auto,unused,120,600,0,0,../../../../../scripts/standard_camera.csv,10,0,0,60,0,1,60,1920,1080,1,0,64,0.0,0.9,128,0.0,0.0,-3.0,0.0,0.0,0.0,0.1,1000.0,0.785,1,255,1,0,0,-1.0,1.0,1.0,0.5,1,1,256,1,100,05_synth_diversity_dense,0,62,0,success,0,,"Scene CPU cache disabled; rebuilding source scene.
Log saved to: ${REPOSITORY_ROOT}\out\build\x64-Release\bin\Release\logs\log_2026-07-30_01-12-49.txt",,
63,05_synth_diversity_dense,${RUN_TEMP}\run_00063.csv,9,2,0,63,0,0,0,1,auto,unused,120,600,1,0,0,../../../../../scripts/standard_camera.csv,10,0,0,60,0,captures,1,60,1920,1080,1,0,64,0,0.9,0,0,-3,0,0,0,0.1,1000,0.785,1,255,1,0,0,-1,1,1,0.5,128,1,1,256,1,100,total,0.42895,visibility,0.04645,visutil_histogram,0.02646,visutil_prefix,0.00214,visutil_flatten,0.03570,gbuffer,0.15976,lighting,0.08956,tonemap,0.03669,,0.00000,,0.00000,,0.00000,,0.00000,,0.00000,,0.00000,,0.00000,,0.00000,,0.00000,,0.00000,,0.00000,,0.00000,,0.00000,,0.00000,,0.00000,,0.00000,,0.00000,,0.00000,,0.00000,,0.00000,,0.00000,,0.00000,,0.00000,,0.00000,DonutVisGBuffer,2026-07-30T01:12:49,free,0.39571,0.44339,0.63341,0.42895,0.39770,0.40058,0.44816,0.46467,16641,0,128,100,9,2,0,63,0,0,0,1,auto,unused,120,600,0,0,../../../../../scripts/standard_camera.csv,10,0,0,60,0,1,60,1920,1080,1,0,64,0.0,0.9,128,0.0,0.0,-3.0,0.0,0.0,0.0,0.1,1000.0,0.785,1,255,1,0,0,-1.0,1.0,1.0,0.5,1,1,256,1,100,05_synth_diversity_dense,0,63,0,success,0,,"Scene CPU cache disabled; rebuilding source scene.
Log saved to: ${REPOSITORY_ROOT}\out\build\x64-Release\bin\Release\logs\log_2026-07-30_01-12-53.txt",,
64,05_synth_diversity_dense,${RUN_TEMP}\run_00064.csv,8,2,0,64,0,0,0,1,auto,unused,120,600,1,0,0,../../../../../scripts/standard_camera.csv,10,0,0,60,0,captures,1,60,1920,1080,2,0,64,0,0.9,0,0,-3,0,0,0,0.1,1000,0.785,1,255,1,0,0,-1,1,1,0.5,128,1,1,256,1,100,total,0.29127,depth_prepass,0.01999,geometry,0.14294,lighting,0.08590,tonemap,0.02936,,0.00000,,0.00000,,0.00000,,0.00000,,0.00000,,0.00000,,0.00000,,0.00000,,0.00000,,0.00000,,0.00000,,0.00000,,0.00000,,0.00000,,0.00000,,0.00000,,0.00000,,0.00000,,0.00000,,0.00000,,0.00000,,0.00000,,0.00000,,0.00000,,0.00000,,0.00000,,0.00000,DonutDeferredPrepass,2026-07-30T01:12:53,free,0.28714,0.29101,0.40758,0.29127,0.28896,0.28963,0.29232,0.29757,16641,0,128,100,8,2,0,64,0,0,0,1,auto,unused,120,600,0,0,../../../../../scripts/standard_camera.csv,10,0,0,60,0,1,60,1920,1080,2,0,64,0.0,0.9,128,0.0,0.0,-3.0,0.0,0.0,0.0,0.1,1000.0,0.785,1,255,1,0,0,-1.0,1.0,1.0,0.5,1,1,256,1,100,05_synth_diversity_dense,0,64,0,success,0,,"Scene CPU cache disabled; rebuilding source scene.
Log saved to: ${REPOSITORY_ROOT}\out\build\x64-Release\bin\Release\logs\log_2026-07-30_01-12-55.txt",,
65,05_synth_diversity_dense,${RUN_TEMP}\run_00065.csv,9,2,0,65,0,0,0,1,auto,unused,120,600,1,0,0,../../../../../scripts/standard_camera.csv,10,0,0,60,0,captures,1,60,1920,1080,2,0,64,0,0.9,0,0,-3,0,0,0,0.1,1000,0.785,1,255,1,0,0,-1,1,1,0.5,128,1,1,256,1,100,total,0.40162,visibility,0.04554,visutil_histogram,0.02599,visutil_prefix,0.00207,visutil_flatten,0.03574,gbuffer,0.14303,lighting,0.08854,tonemap,0.02874,,0.00000,,0.00000,,0.00000,,0.00000,,0.00000,,0.00000,,0.00000,,0.00000,,0.00000,,0.00000,,0.00000,,0.00000,,0.00000,,0.00000,,0.00000,,0.00000,,0.00000,,0.00000,,0.00000,,0.00000,,0.00000,,0.00000,,0.00000,,0.00000,DonutVisGBuffer,2026-07-30T01:12:55,free,0.39347,0.40102,0.53210,0.40162,0.39581,0.39808,0.40438,0.40838,16641,0,128,100,9,2,0,65,0,0,0,1,auto,unused,120,600,0,0,../../../../../scripts/standard_camera.csv,10,0,0,60,0,1,60,1920,1080,2,0,64,0.0,0.9,128,0.0,0.0,-3.0,0.0,0.0,0.0,0.1,1000.0,0.785,1,255,1,0,0,-1.0,1.0,1.0,0.5,1,1,256,1,100,05_synth_diversity_dense,0,65,0,success,0,,"Scene CPU cache disabled; rebuilding source scene.
Log saved to: ${REPOSITORY_ROOT}\out\build\x64-Release\bin\Release\logs\log_2026-07-30_01-12-58.txt",,
66,05_synth_diversity_dense,${RUN_TEMP}\run_00066.csv,8,2,0,66,0,0,0,1,auto,unused,120,600,1,0,0,../../../../../scripts/standard_camera.csv,10,0,0,60,0,captures,1,60,1920,1080,0,0,64,0,0.95,0,0,-3,0,0,0,0.1,1000,0.785,1,255,1,0,0,-1,1,1,0.5,128,1,1,256,1,100,total,0.29149,depth_prepass,0.01988,geometry,0.14354,lighting,0.08581,tonemap,0.02924,,0.00000,,0.00000,,0.00000,,0.00000,,0.00000,,0.00000,,0.00000,,0.00000,,0.00000,,0.00000,,0.00000,,0.00000,,0.00000,,0.00000,,0.00000,,0.00000,,0.00000,,0.00000,,0.00000,,0.00000,,0.00000,,0.00000,,0.00000,,0.00000,,0.00000,,0.00000,,0.00000,DonutDeferredPrepass,2026-07-30T01:12:58,free,0.28890,0.29133,0.31562,0.29149,0.28938,0.29005,0.29261,0.29795,16641,0,128,100,8,2,0,66,0,0,0,1,auto,unused,120,600,0,0,../../../../../scripts/standard_camera.csv,10,0,0,60,0,1,60,1920,1080,0,0,64,0.0,0.95,128,0.0,0.0,-3.0,0.0,0.0,0.0,0.1,1000.0,0.785,1,255,1,0,0,-1.0,1.0,1.0,0.5,1,1,256,1,100,05_synth_diversity_dense,0,66,0,success,0,,"Scene CPU cache disabled; rebuilding source scene.
Log saved to: ${REPOSITORY_ROOT}\out\build\x64-Release\bin\Release\logs\log_2026-07-30_01-13-00.txt",,
67,05_synth_diversity_dense,${RUN_TEMP}\run_00067.csv,9,2,0,67,0,0,0,1,auto,unused,120,600,1,0,0,../../../../../scripts/standard_camera.csv,10,0,0,60,0,captures,1,60,1920,1080,0,0,64,0,0.95,0,0,-3,0,0,0,0.1,1000,0.785,1,255,1,0,0,-1,1,1,0.5,128,1,1,256,1,100,total,0.40276,visibility,0.04574,visutil_histogram,0.02592,visutil_prefix,0.00207,visutil_flatten,0.03575,gbuffer,0.14409,lighting,0.08850,tonemap,0.02862,,0.00000,,0.00000,,0.00000,,0.00000,,0.00000,,0.00000,,0.00000,,0.00000,,0.00000,,0.00000,,0.00000,,0.00000,,0.00000,,0.00000,,0.00000,,0.00000,,0.00000,,0.00000,,0.00000,,0.00000,,0.00000,,0.00000,,0.00000,,0.00000,DonutVisGBuffer,2026-07-30T01:13:00,free,0.39718,0.40234,0.41242,0.40276,0.39757,0.39984,0.40621,0.41024,16641,0,128,100,9,2,0,67,0,0,0,1,auto,unused,120,600,0,0,../../../../../scripts/standard_camera.csv,10,0,0,60,0,1,60,1920,1080,0,0,64,0.0,0.95,128,0.0,0.0,-3.0,0.0,0.0,0.0,0.1,1000.0,0.785,1,255,1,0,0,-1.0,1.0,1.0,0.5,1,1,256,1,100,05_synth_diversity_dense,0,67,0,success,0,,"Scene CPU cache disabled; rebuilding source scene.
Log saved to: ${REPOSITORY_ROOT}\out\build\x64-Release\bin\Release\logs\log_2026-07-30_01-13-03.txt",,
68,05_synth_diversity_dense,${RUN_TEMP}\run_00068.csv,8,2,0,68,0,0,0,1,auto,unused,120,600,1,0,0,../../../../../scripts/standard_camera.csv,10,0,0,60,0,captures,1,60,1920,1080,1,0,64,0,0.95,0,0,-3,0,0,0,0.1,1000,0.785,1,255,1,0,0,-1,1,1,0.5,128,1,1,256,1,100,total,0.29176,depth_prepass,0.01980,geometry,0.14384,lighting,0.08589,tonemap,0.02921,,0.00000,,0.00000,,0.00000,,0.00000,,0.00000,,0.00000,,0.00000,,0.00000,,0.00000,,0.00000,,0.00000,,0.00000,,0.00000,,0.00000,,0.00000,,0.00000,,0.00000,,0.00000,,0.00000,,0.00000,,0.00000,,0.00000,,0.00000,,0.00000,,0.00000,,0.00000,,0.00000,DonutDeferredPrepass,2026-07-30T01:13:03,free,0.28861,0.29162,0.30275,0.29176,0.28963,0.29040,0.29299,0.29734,16641,0,128,100,8,2,0,68,0,0,0,1,auto,unused,120,600,0,0,../../../../../scripts/standard_camera.csv,10,0,0,60,0,1,60,1920,1080,1,0,64,0.0,0.95,128,0.0,0.0,-3.0,0.0,0.0,0.0,0.1,1000.0,0.785,1,255,1,0,0,-1.0,1.0,1.0,0.5,1,1,256,1,100,05_synth_diversity_dense,0,68,0,success,0,,"Scene CPU cache disabled; rebuilding source scene.
Log saved to: ${REPOSITORY_ROOT}\out\build\x64-Release\bin\Release\logs\log_2026-07-30_01-13-05.txt",,
69,05_synth_diversity_dense,${RUN_TEMP}\run_00069.csv,9,2,0,69,0,0,0,1,auto,unused,120,600,1,0,0,../../../../../scripts/standard_camera.csv,10,0,0,60,0,captures,1,60,1920,1080,1,0,64,0,0.95,0,0,-3,0,0,0,0.1,1000,0.785,1,255,1,0,0,-1,1,1,0.5,128,1,1,256,1,100,total,0.42151,visibility,0.04632,visutil_histogram,0.02629,visutil_prefix,0.00212,visutil_flatten,0.03575,gbuffer,0.15574,lighting,0.08902,tonemap,0.03412,,0.00000,,0.00000,,0.00000,,0.00000,,0.00000,,0.00000,,0.00000,,0.00000,,0.00000,,0.00000,,0.00000,,0.00000,,0.00000,,0.00000,,0.00000,,0.00000,,0.00000,,0.00000,,0.00000,,0.00000,,0.00000,,0.00000,,0.00000,,0.00000,DonutVisGBuffer,2026-07-30T01:13:05,free,0.39616,0.40614,0.62864,0.42151,0.39798,0.40038,0.44870,0.46829,16641,0,128,100,9,2,0,69,0,0,0,1,auto,unused,120,600,0,0,../../../../../scripts/standard_camera.csv,10,0,0,60,0,1,60,1920,1080,1,0,64,0.0,0.95,128,0.0,0.0,-3.0,0.0,0.0,0.0,0.1,1000.0,0.785,1,255,1,0,0,-1.0,1.0,1.0,0.5,1,1,256,1,100,05_synth_diversity_dense,0,69,0,success,0,,"Scene CPU cache disabled; rebuilding source scene.
Log saved to: ${REPOSITORY_ROOT}\out\build\x64-Release\bin\Release\logs\log_2026-07-30_01-13-09.txt",,
70,05_synth_diversity_dense,${RUN_TEMP}\run_00070.csv,8,2,0,70,0,0,0,1,auto,unused,120,600,1,0,0,../../../../../scripts/standard_camera.csv,10,0,0,60,0,captures,1,60,1920,1080,2,0,64,0,0.95,0,0,-3,0,0,0,0.1,1000,0.785,1,255,1,0,0,-1,1,1,0.5,128,1,1,256,1,100,total,0.29155,depth_prepass,0.01993,geometry,0.14347,lighting,0.08580,tonemap,0.02931,,0.00000,,0.00000,,0.00000,,0.00000,,0.00000,,0.00000,,0.00000,,0.00000,,0.00000,,0.00000,,0.00000,,0.00000,,0.00000,,0.00000,,0.00000,,0.00000,,0.00000,,0.00000,,0.00000,,0.00000,,0.00000,,0.00000,,0.00000,,0.00000,,0.00000,,0.00000,,0.00000,DonutDeferredPrepass,2026-07-30T01:13:09,free,0.28826,0.29149,0.30403,0.29155,0.28931,0.29008,0.29270,0.29862,16641,0,128,100,8,2,0,70,0,0,0,1,auto,unused,120,600,0,0,../../../../../scripts/standard_camera.csv,10,0,0,60,0,1,60,1920,1080,2,0,64,0.0,0.95,128,0.0,0.0,-3.0,0.0,0.0,0.0,0.1,1000.0,0.785,1,255,1,0,0,-1.0,1.0,1.0,0.5,1,1,256,1,100,05_synth_diversity_dense,0,70,0,success,0,,"Scene CPU cache disabled; rebuilding source scene.
Log saved to: ${REPOSITORY_ROOT}\out\build\x64-Release\bin\Release\logs\log_2026-07-30_01-13-10.txt",,
71,05_synth_diversity_dense,${RUN_TEMP}\run_00071.csv,9,2,0,71,0,0,0,1,auto,unused,120,600,1,0,0,../../../../../scripts/standard_camera.csv,10,0,0,60,0,captures,1,60,1920,1080,2,0,64,0,0.95,0,0,-3,0,0,0,0.1,1000,0.785,1,255,1,0,0,-1,1,1,0.5,128,1,1,256,1,100,total,0.40249,visibility,0.04573,visutil_histogram,0.02594,visutil_prefix,0.00207,visutil_flatten,0.03577,gbuffer,0.14359,lighting,0.08853,tonemap,0.02864,,0.00000,,0.00000,,0.00000,,0.00000,,0.00000,,0.00000,,0.00000,,0.00000,,0.00000,,0.00000,,0.00000,,0.00000,,0.00000,,0.00000,,0.00000,,0.00000,,0.00000,,0.00000,,0.00000,,0.00000,,0.00000,,0.00000,,0.00000,,0.00000,DonutVisGBuffer,2026-07-30T01:13:11,free,0.39603,0.40214,0.52787,0.40249,0.39763,0.39978,0.40579,0.40861,16641,0,128,100,9,2,0,71,0,0,0,1,auto,unused,120,600,0,0,../../../../../scripts/standard_camera.csv,10,0,0,60,0,1,60,1920,1080,2,0,64,0.0,0.95,128,0.0,0.0,-3.0,0.0,0.0,0.0,0.1,1000.0,0.785,1,255,1,0,0,-1.0,1.0,1.0,0.5,1,1,256,1,100,05_synth_diversity_dense,0,71,0,success,0,,"Scene CPU cache disabled; rebuilding source scene.
Log saved to: ${REPOSITORY_ROOT}\out\build\x64-Release\bin\Release\logs\log_2026-07-30_01-13-14.txt",,
72,05_synth_diversity_dense,${RUN_TEMP}\run_00072.csv,8,2,0,72,0,0,0,1,auto,unused,120,600,1,0,0,../../../../../scripts/standard_camera.csv,10,0,0,60,0,captures,1,60,1920,1080,0,0,64,0,1,0,0,-3,0,0,0,0.1,1000,0.785,1,255,1,0,0,-1,1,1,0.5,128,1,1,256,1,100,total,0.29143,depth_prepass,0.01971,geometry,0.14379,lighting,0.08582,tonemap,0.02919,,0.00000,,0.00000,,0.00000,,0.00000,,0.00000,,0.00000,,0.00000,,0.00000,,0.00000,,0.00000,,0.00000,,0.00000,,0.00000,,0.00000,,0.00000,,0.00000,,0.00000,,0.00000,,0.00000,,0.00000,,0.00000,,0.00000,,0.00000,,0.00000,,0.00000,,0.00000,,0.00000,DonutDeferredPrepass,2026-07-30T01:13:14,free,0.28858,0.29126,0.30003,0.29143,0.28928,0.29011,0.29254,0.29843,16641,0,128,100,8,2,0,72,0,0,0,1,auto,unused,120,600,0,0,../../../../../scripts/standard_camera.csv,10,0,0,60,0,1,60,1920,1080,0,0,64,0.0,1.0,128,0.0,0.0,-3.0,0.0,0.0,0.0,0.1,1000.0,0.785,1,255,1,0,0,-1.0,1.0,1.0,0.5,1,1,256,1,100,05_synth_diversity_dense,0,72,0,success,0,,"Scene CPU cache disabled; rebuilding source scene.
Log saved to: ${REPOSITORY_ROOT}\out\build\x64-Release\bin\Release\logs\log_2026-07-30_01-13-16.txt",,
73,05_synth_diversity_dense,${RUN_TEMP}\run_00073.csv,9,2,0,73,0,0,0,1,auto,unused,120,600,1,0,0,../../../../../scripts/standard_camera.csv,10,0,0,60,0,captures,1,60,1920,1080,0,0,64,0,1,0,0,-3,0,0,0,0.1,1000,0.785,1,255,1,0,0,-1,1,1,0.5,128,1,1,256,1,100,total,0.40281,visibility,0.04572,visutil_histogram,0.02589,visutil_prefix,0.00207,visutil_flatten,0.03579,gbuffer,0.14404,lighting,0.08856,tonemap,0.02865,,0.00000,,0.00000,,0.00000,,0.00000,,0.00000,,0.00000,,0.00000,,0.00000,,0.00000,,0.00000,,0.00000,,0.00000,,0.00000,,0.00000,,0.00000,,0.00000,,0.00000,,0.00000,,0.00000,,0.00000,,0.00000,,0.00000,,0.00000,,0.00000,DonutVisGBuffer,2026-07-30T01:13:16,free,0.39642,0.40230,0.41571,0.40281,0.39766,0.39994,0.40621,0.41110,16641,0,128,100,9,2,0,73,0,0,0,1,auto,unused,120,600,0,0,../../../../../scripts/standard_camera.csv,10,0,0,60,0,1,60,1920,1080,0,0,64,0.0,1.0,128,0.0,0.0,-3.0,0.0,0.0,0.0,0.1,1000.0,0.785,1,255,1,0,0,-1.0,1.0,1.0,0.5,1,1,256,1,100,05_synth_diversity_dense,0,73,0,success,0,,"Scene CPU cache disabled; rebuilding source scene.
Log saved to: ${REPOSITORY_ROOT}\out\build\x64-Release\bin\Release\logs\log_2026-07-30_01-13-19.txt",,
74,05_synth_diversity_dense,${RUN_TEMP}\run_00074.csv,8,2,0,74,0,0,0,1,auto,unused,120,600,1,0,0,../../../../../scripts/standard_camera.csv,10,0,0,60,0,captures,1,60,1920,1080,1,0,64,0,1,0,0,-3,0,0,0,0.1,1000,0.785,1,255,1,0,0,-1,1,1,0.5,128,1,1,256,1,100,total,0.29151,depth_prepass,0.01982,geometry,0.14363,lighting,0.08586,tonemap,0.02915,,0.00000,,0.00000,,0.00000,,0.00000,,0.00000,,0.00000,,0.00000,,0.00000,,0.00000,,0.00000,,0.00000,,0.00000,,0.00000,,0.00000,,0.00000,,0.00000,,0.00000,,0.00000,,0.00000,,0.00000,,0.00000,,0.00000,,0.00000,,0.00000,,0.00000,,0.00000,,0.00000,DonutDeferredPrepass,2026-07-30T01:13:19,free,0.28909,0.29139,0.29866,0.29151,0.28957,0.29027,0.29261,0.29715,16641,0,128,100,8,2,0,74,0,0,0,1,auto,unused,120,600,0,0,../../../../../scripts/standard_camera.csv,10,0,0,60,0,1,60,1920,1080,1,0,64,0.0,1.0,128,0.0,0.0,-3.0,0.0,0.0,0.0,0.1,1000.0,0.785,1,255,1,0,0,-1.0,1.0,1.0,0.5,1,1,256,1,100,05_synth_diversity_dense,0,74,0,success,0,,"Scene CPU cache disabled; rebuilding source scene.
Log saved to: ${REPOSITORY_ROOT}\out\build\x64-Release\bin\Release\logs\log_2026-07-30_01-13-21.txt",,
75,05_synth_diversity_dense,${RUN_TEMP}\run_00075.csv,9,2,0,75,0,0,0,1,auto,unused,120,600,1,0,0,../../../../../scripts/standard_camera.csv,10,0,0,60,0,captures,1,60,1920,1080,1,0,64,0,1,0,0,-3,0,0,0,0.1,1000,0.785,1,255,1,0,0,-1,1,1,0.5,128,1,1,256,1,100,total,0.41088,visibility,0.04606,visutil_histogram,0.02603,visutil_prefix,0.00209,visutil_flatten,0.03576,gbuffer,0.14892,lighting,0.08907,tonemap,0.03092,,0.00000,,0.00000,,0.00000,,0.00000,,0.00000,,0.00000,,0.00000,,0.00000,,0.00000,,0.00000,,0.00000,,0.00000,,0.00000,,0.00000,,0.00000,,0.00000,,0.00000,,0.00000,,0.00000,,0.00000,,0.00000,,0.00000,,0.00000,,0.00000,DonutVisGBuffer,2026-07-30T01:13:21,free,0.39418,0.40352,0.63725,0.41088,0.39798,0.40000,0.44755,0.45466,16641,0,128,100,9,2,0,75,0,0,0,1,auto,unused,120,600,0,0,../../../../../scripts/standard_camera.csv,10,0,0,60,0,1,60,1920,1080,1,0,64,0.0,1.0,128,0.0,0.0,-3.0,0.0,0.0,0.0,0.1,1000.0,0.785,1,255,1,0,0,-1.0,1.0,1.0,0.5,1,1,256,1,100,05_synth_diversity_dense,0,75,0,success,0,,"Scene CPU cache disabled; rebuilding source scene.
Log saved to: ${REPOSITORY_ROOT}\out\build\x64-Release\bin\Release\logs\log_2026-07-30_01-13-25.txt",,
76,05_synth_diversity_dense,${RUN_TEMP}\run_00076.csv,8,2,0,76,0,0,0,1,auto,unused,120,600,1,0,0,../../../../../scripts/standard_camera.csv,10,0,0,60,0,captures,1,60,1920,1080,2,0,64,0,1,0,0,-3,0,0,0,0.1,1000,0.785,1,255,1,0,0,-1,1,1,0.5,128,1,1,256,1,100,total,0.29140,depth_prepass,0.01991,geometry,0.14358,lighting,0.08580,tonemap,0.02921,,0.00000,,0.00000,,0.00000,,0.00000,,0.00000,,0.00000,,0.00000,,0.00000,,0.00000,,0.00000,,0.00000,,0.00000,,0.00000,,0.00000,,0.00000,,0.00000,,0.00000,,0.00000,,0.00000,,0.00000,,0.00000,,0.00000,,0.00000,,0.00000,,0.00000,,0.00000,,0.00000,DonutDeferredPrepass,2026-07-30T01:13:25,free,0.28877,0.29130,0.29920,0.29140,0.28950,0.29008,0.29261,0.29811,16641,0,128,100,8,2,0,76,0,0,0,1,auto,unused,120,600,0,0,../../../../../scripts/standard_camera.csv,10,0,0,60,0,1,60,1920,1080,2,0,64,0.0,1.0,128,0.0,0.0,-3.0,0.0,0.0,0.0,0.1,1000.0,0.785,1,255,1,0,0,-1.0,1.0,1.0,0.5,1,1,256,1,100,05_synth_diversity_dense,0,76,0,success,0,,"Scene CPU cache disabled; rebuilding source scene.
Log saved to: ${REPOSITORY_ROOT}\out\build\x64-Release\bin\Release\logs\log_2026-07-30_01-13-26.txt",,
77,05_synth_diversity_dense,${RUN_TEMP}\run_00077.csv,9,2,0,77,0,0,0,1,auto,unused,120,600,1,0,0,../../../../../scripts/standard_camera.csv,10,0,0,60,0,captures,1,60,1920,1080,2,0,64,0,1,0,0,-3,0,0,0,0.1,1000,0.785,1,255,1,0,0,-1,1,1,0.5,128,1,1,256,1,100,total,0.40291,visibility,0.04579,visutil_histogram,0.02592,visutil_prefix,0.00207,visutil_flatten,0.03578,gbuffer,0.14424,lighting,0.08850,tonemap,0.02862,,0.00000,,0.00000,,0.00000,,0.00000,,0.00000,,0.00000,,0.00000,,0.00000,,0.00000,,0.00000,,0.00000,,0.00000,,0.00000,,0.00000,,0.00000,,0.00000,,0.00000,,0.00000,,0.00000,,0.00000,,0.00000,,0.00000,,0.00000,,0.00000,DonutVisGBuffer,2026-07-30T01:13:26,free,0.39558,0.40243,0.41274,0.40291,0.39763,0.39990,0.40614,0.41040,16641,0,128,100,9,2,0,77,0,0,0,1,auto,unused,120,600,0,0,../../../../../scripts/standard_camera.csv,10,0,0,60,0,1,60,1920,1080,2,0,64,0.0,1.0,128,0.0,0.0,-3.0,0.0,0.0,0.0,0.1,1000.0,0.785,1,255,1,0,0,-1.0,1.0,1.0,0.5,1,1,256,1,100,05_synth_diversity_dense,0,77,0,success,0,,"Scene CPU cache disabled; rebuilding source scene.
Log saved to: ${REPOSITORY_ROOT}\out\build\x64-Release\bin\Release\logs\log_2026-07-30_01-13-30.txt",,
78,05_synth_diversity_dense,${RUN_TEMP}\run_00078.csv,8,2,0,78,0,0,0,1,auto,unused,120,600,1,0,0,../../../../../scripts/standard_camera.csv,10,0,0,60,0,captures,1,60,1920,1080,0,0,64,1,0,0,0,-3,0,0,0,0.1,1000,0.785,1,255,1,0,0,-1,1,1,0.5,128,1,1,256,1,100,total,0.24342,depth_prepass,0.02256,geometry,0.09414,lighting,0.08564,tonemap,0.02804,,0.00000,,0.00000,,0.00000,,0.00000,,0.00000,,0.00000,,0.00000,,0.00000,,0.00000,,0.00000,,0.00000,,0.00000,,0.00000,,0.00000,,0.00000,,0.00000,,0.00000,,0.00000,,0.00000,,0.00000,,0.00000,,0.00000,,0.00000,,0.00000,,0.00000,,0.00000,,0.00000,DonutDeferredPrepass,2026-07-30T01:13:30,free,0.24106,0.24339,0.24950,0.24342,0.24144,0.24218,0.24454,0.24803,16641,0,128,100,8,2,0,78,0,0,0,1,auto,unused,120,600,0,0,../../../../../scripts/standard_camera.csv,10,0,0,60,0,1,60,1920,1080,0,0,64,1.0,0.0,128,0.0,0.0,-3.0,0.0,0.0,0.0,0.1,1000.0,0.785,1,255,1,0,0,-1.0,1.0,1.0,0.5,1,1,256,1,100,05_synth_diversity_dense,0,78,0,success,0,,"Scene CPU cache disabled; rebuilding source scene.
Log saved to: ${REPOSITORY_ROOT}\out\build\x64-Release\bin\Release\logs\log_2026-07-30_01-13-31.txt",,
79,05_synth_diversity_dense,${RUN_TEMP}\run_00079.csv,9,2,0,79,0,0,0,1,auto,unused,120,600,1,0,0,../../../../../scripts/standard_camera.csv,10,0,0,60,0,captures,1,60,1920,1080,0,0,64,1,0,0,0,-3,0,0,0,0.1,1000,0.785,1,255,1,0,0,-1,1,1,0.5,128,1,1,256,1,100,total,0.33781,visibility,0.03256,visutil_histogram,0.02282,visutil_prefix,0.00207,visutil_flatten,0.03050,gbuffer,0.09925,lighting,0.08967,tonemap,0.03009,,0.00000,,0.00000,,0.00000,,0.00000,,0.00000,,0.00000,,0.00000,,0.00000,,0.00000,,0.00000,,0.00000,,0.00000,,0.00000,,0.00000,,0.00000,,0.00000,,0.00000,,0.00000,,0.00000,,0.00000,,0.00000,,0.00000,,0.00000,,0.00000,DonutVisGBuffer,2026-07-30T01:13:31,free,0.33446,0.33779,0.46131,0.33781,0.33501,0.33568,0.33952,0.34435,16641,0,128,100,9,2,0,79,0,0,0,1,auto,unused,120,600,0,0,../../../../../scripts/standard_camera.csv,10,0,0,60,0,1,60,1920,1080,0,0,64,1.0,0.0,128,0.0,0.0,-3.0,0.0,0.0,0.0,0.1,1000.0,0.785,1,255,1,0,0,-1.0,1.0,1.0,0.5,1,1,256,1,100,05_synth_diversity_dense,0,79,0,success,0,,"Scene CPU cache disabled; rebuilding source scene.
Log saved to: ${REPOSITORY_ROOT}\out\build\x64-Release\bin\Release\logs\log_2026-07-30_01-13-34.txt",,
80,05_synth_diversity_dense,${RUN_TEMP}\run_00080.csv,8,2,0,80,0,0,0,1,auto,unused,120,600,1,0,0,../../../../../scripts/standard_camera.csv,10,0,0,60,0,captures,1,60,1920,1080,1,0,64,1,0,0,0,-3,0,0,0,0.1,1000,0.785,1,255,1,0,0,-1,1,1,0.5,128,1,1,256,1,100,total,0.24337,depth_prepass,0.02258,geometry,0.09414,lighting,0.08564,tonemap,0.02804,,0.00000,,0.00000,,0.00000,,0.00000,,0.00000,,0.00000,,0.00000,,0.00000,,0.00000,,0.00000,,0.00000,,0.00000,,0.00000,,0.00000,,0.00000,,0.00000,,0.00000,,0.00000,,0.00000,,0.00000,,0.00000,,0.00000,,0.00000,,0.00000,,0.00000,,0.00000,,0.00000,DonutDeferredPrepass,2026-07-30T01:13:34,free,0.24125,0.24330,0.24915,0.24337,0.24166,0.24221,0.24461,0.24803,16641,0,128,100,8,2,0,80,0,0,0,1,auto,unused,120,600,0,0,../../../../../scripts/standard_camera.csv,10,0,0,60,0,1,60,1920,1080,1,0,64,1.0,0.0,128,0.0,0.0,-3.0,0.0,0.0,0.0,0.1,1000.0,0.785,1,255,1,0,0,-1.0,1.0,1.0,0.5,1,1,256,1,100,05_synth_diversity_dense,0,80,0,success,0,,"Scene CPU cache disabled; rebuilding source scene.
Log saved to: ${REPOSITORY_ROOT}\out\build\x64-Release\bin\Release\logs\log_2026-07-30_01-13-35.txt",,
81,05_synth_diversity_dense,${RUN_TEMP}\run_00081.csv,9,2,0,81,0,0,0,1,auto,unused,120,600,1,0,0,../../../../../scripts/standard_camera.csv,10,0,0,60,0,captures,1,60,1920,1080,1,0,64,1,0,0,0,-3,0,0,0,0.1,1000,0.785,1,255,1,0,0,-1,1,1,0.5,128,1,1,256,1,100,total,0.33830,visibility,0.03257,visutil_histogram,0.02288,visutil_prefix,0.00207,visutil_flatten,0.03055,gbuffer,0.09914,lighting,0.09010,tonemap,0.03004,,0.00000,,0.00000,,0.00000,,0.00000,,0.00000,,0.00000,,0.00000,,0.00000,,0.00000,,0.00000,,0.00000,,0.00000,,0.00000,,0.00000,,0.00000,,0.00000,,0.00000,,0.00000,,0.00000,,0.00000,,0.00000,,0.00000,,0.00000,,0.00000,DonutVisGBuffer,2026-07-30T01:13:35,free,0.33366,0.33795,0.47267,0.33830,0.33504,0.33590,0.34019,0.34445,16641,0,128,100,9,2,0,81,0,0,0,1,auto,unused,120,600,0,0,../../../../../scripts/standard_camera.csv,10,0,0,60,0,1,60,1920,1080,1,0,64,1.0,0.0,128,0.0,0.0,-3.0,0.0,0.0,0.0,0.1,1000.0,0.785,1,255,1,0,0,-1.0,1.0,1.0,0.5,1,1,256,1,100,05_synth_diversity_dense,0,81,0,success,0,,"Scene CPU cache disabled; rebuilding source scene.
Log saved to: ${REPOSITORY_ROOT}\out\build\x64-Release\bin\Release\logs\log_2026-07-30_01-13-38.txt",,
82,05_synth_diversity_dense,${RUN_TEMP}\run_00082.csv,8,2,0,82,0,0,0,1,auto,unused,120,600,1,0,0,../../../../../scripts/standard_camera.csv,10,0,0,60,0,captures,1,60,1920,1080,2,0,64,1,0,0,0,-3,0,0,0,0.1,1000,0.785,1,255,1,0,0,-1,1,1,0.5,128,1,1,256,1,100,total,0.24340,depth_prepass,0.02259,geometry,0.09412,lighting,0.08564,tonemap,0.02806,,0.00000,,0.00000,,0.00000,,0.00000,,0.00000,,0.00000,,0.00000,,0.00000,,0.00000,,0.00000,,0.00000,,0.00000,,0.00000,,0.00000,,0.00000,,0.00000,,0.00000,,0.00000,,0.00000,,0.00000,,0.00000,,0.00000,,0.00000,,0.00000,,0.00000,,0.00000,,0.00000,DonutDeferredPrepass,2026-07-30T01:13:38,free,0.24115,0.24330,0.25027,0.24340,0.24157,0.24224,0.24467,0.24803,16641,0,128,100,8,2,0,82,0,0,0,1,auto,unused,120,600,0,0,../../../../../scripts/standard_camera.csv,10,0,0,60,0,1,60,1920,1080,2,0,64,1.0,0.0,128,0.0,0.0,-3.0,0.0,0.0,0.0,0.1,1000.0,0.785,1,255,1,0,0,-1.0,1.0,1.0,0.5,1,1,256,1,100,05_synth_diversity_dense,0,82,0,success,0,,"Scene CPU cache disabled; rebuilding source scene.
Log saved to: ${REPOSITORY_ROOT}\out\build\x64-Release\bin\Release\logs\log_2026-07-30_01-13-39.txt",,
83,05_synth_diversity_dense,${RUN_TEMP}\run_00083.csv,9,2,0,83,0,0,0,1,auto,unused,120,600,1,0,0,../../../../../scripts/standard_camera.csv,10,0,0,60,0,captures,1,60,1920,1080,2,0,64,1,0,0,0,-3,0,0,0,0.1,1000,0.785,1,255,1,0,0,-1,1,1,0.5,128,1,1,256,1,100,total,0.34068,visibility,0.03260,visutil_histogram,0.02283,visutil_prefix,0.00207,visutil_flatten,0.03055,gbuffer,0.10208,lighting,0.08943,tonemap,0.03006,,0.00000,,0.00000,,0.00000,,0.00000,,0.00000,,0.00000,,0.00000,,0.00000,,0.00000,,0.00000,,0.00000,,0.00000,,0.00000,,0.00000,,0.00000,,0.00000,,0.00000,,0.00000,,0.00000,,0.00000,,0.00000,,0.00000,,0.00000,,0.00000,DonutVisGBuffer,2026-07-30T01:13:39,free,0.33574,0.34013,0.48019,0.34068,0.33706,0.33805,0.34240,0.34758,16641,0,128,100,9,2,0,83,0,0,0,1,auto,unused,120,600,0,0,../../../../../scripts/standard_camera.csv,10,0,0,60,0,1,60,1920,1080,2,0,64,1.0,0.0,128,0.0,0.0,-3.0,0.0,0.0,0.0,0.1,1000.0,0.785,1,255,1,0,0,-1.0,1.0,1.0,0.5,1,1,256,1,100,05_synth_diversity_dense,0,83,0,success,0,,"Scene CPU cache disabled; rebuilding source scene.
Log saved to: ${REPOSITORY_ROOT}\out\build\x64-Release\bin\Release\logs\log_2026-07-30_01-13-42.txt",,
84,05_synth_diversity_dense,${RUN_TEMP}\run_00084.csv,8,2,0,84,0,0,0,1,auto,unused,120,600,1,0,0,../../../../../scripts/standard_camera.csv,10,0,0,60,0,captures,1,60,1920,1080,0,0,64,1,0.05,0,0,-3,0,0,0,0.1,1000,0.785,1,255,1,0,0,-1,1,1,0.5,128,1,1,256,1,100,total,0.26246,depth_prepass,0.02300,geometry,0.11264,lighting,0.08579,tonemap,0.02825,,0.00000,,0.00000,,0.00000,,0.00000,,0.00000,,0.00000,,0.00000,,0.00000,,0.00000,,0.00000,,0.00000,,0.00000,,0.00000,,0.00000,,0.00000,,0.00000,,0.00000,,0.00000,,0.00000,,0.00000,,0.00000,,0.00000,,0.00000,,0.00000,,0.00000,,0.00000,,0.00000,DonutDeferredPrepass,2026-07-30T01:13:42,free,0.25779,0.26227,0.26944,0.26246,0.25853,0.26106,0.26410,0.26806,16641,0,128,100,8,2,0,84,0,0,0,1,auto,unused,120,600,0,0,../../../../../scripts/standard_camera.csv,10,0,0,60,0,1,60,1920,1080,0,0,64,1.0,0.05,128,0.0,0.0,-3.0,0.0,0.0,0.0,0.1,1000.0,0.785,1,255,1,0,0,-1.0,1.0,1.0,0.5,1,1,256,1,100,05_synth_diversity_dense,0,84,0,success,0,,"Scene CPU cache disabled; rebuilding source scene.
Log saved to: ${REPOSITORY_ROOT}\out\build\x64-Release\bin\Release\logs\log_2026-07-30_01-13-44.txt",,
85,05_synth_diversity_dense,${RUN_TEMP}\run_00085.csv,9,2,0,85,0,0,0,1,auto,unused,120,600,1,0,0,../../../../../scripts/standard_camera.csv,10,0,0,60,0,captures,1,60,1920,1080,0,0,64,1,0.05,0,0,-3,0,0,0,0.1,1000,0.785,1,255,1,0,0,-1,1,1,0.5,128,1,1,256,1,100,total,0.38960,visibility,0.03309,visutil_histogram,0.02368,visutil_prefix,0.00210,visutil_flatten,0.03093,gbuffer,0.14483,lighting,0.08850,tonemap,0.03312,,0.00000,,0.00000,,0.00000,,0.00000,,0.00000,,0.00000,,0.00000,,0.00000,,0.00000,,0.00000,,0.00000,,0.00000,,0.00000,,0.00000,,0.00000,,0.00000,,0.00000,,0.00000,,0.00000,,0.00000,,0.00000,,0.00000,,0.00000,,0.00000,DonutVisGBuffer,2026-07-30T01:13:44,free,0.36790,0.38669,0.60832,0.38960,0.37034,0.37450,0.41040,0.42374,16641,0,128,100,9,2,0,85,0,0,0,1,auto,unused,120,600,0,0,../../../../../scripts/standard_camera.csv,10,0,0,60,0,1,60,1920,1080,0,0,64,1.0,0.05,128,0.0,0.0,-3.0,0.0,0.0,0.0,0.1,1000.0,0.785,1,255,1,0,0,-1.0,1.0,1.0,0.5,1,1,256,1,100,05_synth_diversity_dense,0,85,0,success,0,,"Scene CPU cache disabled; rebuilding source scene.
Log saved to: ${REPOSITORY_ROOT}\out\build\x64-Release\bin\Release\logs\log_2026-07-30_01-13-48.txt",,
86,05_synth_diversity_dense,${RUN_TEMP}\run_00086.csv,8,2,0,86,0,0,0,1,auto,unused,120,600,1,0,0,../../../../../scripts/standard_camera.csv,10,0,0,60,0,captures,1,60,1920,1080,1,0,64,1,0.05,0,0,-3,0,0,0,0.1,1000,0.785,1,255,1,0,0,-1,1,1,0.5,128,1,1,256,1,100,total,0.26268,depth_prepass,0.02303,geometry,0.11276,lighting,0.08578,tonemap,0.02828,,0.00000,,0.00000,,0.00000,,0.00000,,0.00000,,0.00000,,0.00000,,0.00000,,0.00000,,0.00000,,0.00000,,0.00000,,0.00000,,0.00000,,0.00000,,0.00000,,0.00000,,0.00000,,0.00000,,0.00000,,0.00000,,0.00000,,0.00000,,0.00000,,0.00000,,0.00000,,0.00000,DonutDeferredPrepass,2026-07-30T01:13:48,free,0.25757,0.26262,0.27734,0.26268,0.25805,0.26109,0.26422,0.26854,16641,0,128,100,8,2,0,86,0,0,0,1,auto,unused,120,600,0,0,../../../../../scripts/standard_camera.csv,10,0,0,60,0,1,60,1920,1080,1,0,64,1.0,0.05,128,0.0,0.0,-3.0,0.0,0.0,0.0,0.1,1000.0,0.785,1,255,1,0,0,-1.0,1.0,1.0,0.5,1,1,256,1,100,05_synth_diversity_dense,0,86,0,success,0,,"Scene CPU cache disabled; rebuilding source scene.
Log saved to: ${REPOSITORY_ROOT}\out\build\x64-Release\bin\Release\logs\log_2026-07-30_01-13-49.txt",,
87,05_synth_diversity_dense,${RUN_TEMP}\run_00087.csv,9,2,0,87,0,0,0,1,auto,unused,120,600,1,0,0,../../../../../scripts/standard_camera.csv,10,0,0,60,0,captures,1,60,1920,1080,1,0,64,1,0.05,0,0,-3,0,0,0,0.1,1000,0.785,1,255,1,0,0,-1,1,1,0.5,128,1,1,256,1,100,total,0.38732,visibility,0.03305,visutil_histogram,0.02362,visutil_prefix,0.00209,visutil_flatten,0.03093,gbuffer,0.14426,lighting,0.08795,tonemap,0.03218,,0.00000,,0.00000,,0.00000,,0.00000,,0.00000,,0.00000,,0.00000,,0.00000,,0.00000,,0.00000,,0.00000,,0.00000,,0.00000,,0.00000,,0.00000,,0.00000,,0.00000,,0.00000,,0.00000,,0.00000,,0.00000,,0.00000,,0.00000,,0.00000,DonutVisGBuffer,2026-07-30T01:13:49,free,0.36624,0.38422,0.59661,0.38732,0.36982,0.37430,0.40509,0.42234,16641,0,128,100,9,2,0,87,0,0,0,1,auto,unused,120,600,0,0,../../../../../scripts/standard_camera.csv,10,0,0,60,0,1,60,1920,1080,1,0,64,1.0,0.05,128,0.0,0.0,-3.0,0.0,0.0,0.0,0.1,1000.0,0.785,1,255,1,0,0,-1.0,1.0,1.0,0.5,1,1,256,1,100,05_synth_diversity_dense,0,87,0,success,0,,"Scene CPU cache disabled; rebuilding source scene.
Log saved to: ${REPOSITORY_ROOT}\out\build\x64-Release\bin\Release\logs\log_2026-07-30_01-13-53.txt",,
88,05_synth_diversity_dense,${RUN_TEMP}\run_00088.csv,8,2,0,88,0,0,0,1,auto,unused,120,600,1,0,0,../../../../../scripts/standard_camera.csv,10,0,0,60,0,captures,1,60,1920,1080,2,0,64,1,0.05,0,0,-3,0,0,0,0.1,1000,0.785,1,255,1,0,0,-1,1,1,0.5,128,1,1,256,1,100,total,0.26827,depth_prepass,0.02289,geometry,0.11833,lighting,0.08582,tonemap,0.02828,,0.00000,,0.00000,,0.00000,,0.00000,,0.00000,,0.00000,,0.00000,,0.00000,,0.00000,,0.00000,,0.00000,,0.00000,,0.00000,,0.00000,,0.00000,,0.00000,,0.00000,,0.00000,,0.00000,,0.00000,,0.00000,,0.00000,,0.00000,,0.00000,,0.00000,,0.00000,,0.00000,DonutDeferredPrepass,2026-07-30T01:13:53,free,0.26189,0.26806,0.39270,0.26827,0.26272,0.26637,0.26989,0.27466,16641,0,128,100,8,2,0,88,0,0,0,1,auto,unused,120,600,0,0,../../../../../scripts/standard_camera.csv,10,0,0,60,0,1,60,1920,1080,2,0,64,1.0,0.05,128,0.0,0.0,-3.0,0.0,0.0,0.0,0.1,1000.0,0.785,1,255,1,0,0,-1.0,1.0,1.0,0.5,1,1,256,1,100,05_synth_diversity_dense,0,88,0,success,0,,"Scene CPU cache disabled; rebuilding source scene.
Log saved to: ${REPOSITORY_ROOT}\out\build\x64-Release\bin\Release\logs\log_2026-07-30_01-13-55.txt",,
89,05_synth_diversity_dense,${RUN_TEMP}\run_00089.csv,9,2,0,89,0,0,0,1,auto,unused,120,600,1,0,0,../../../../../scripts/standard_camera.csv,10,0,0,60,0,captures,1,60,1920,1080,2,0,64,1,0.05,0,0,-3,0,0,0,0.1,1000,0.785,1,255,1,0,0,-1,1,1,0.5,128,1,1,256,1,100,total,0.36601,visibility,0.03296,visutil_histogram,0.02344,visutil_prefix,0.00207,visutil_flatten,0.03090,gbuffer,0.12482,lighting,0.08866,tonemap,0.02986,,0.00000,,0.00000,,0.00000,,0.00000,,0.00000,,0.00000,,0.00000,,0.00000,,0.00000,,0.00000,,0.00000,,0.00000,,0.00000,,0.00000,,0.00000,,0.00000,,0.00000,,0.00000,,0.00000,,0.00000,,0.00000,,0.00000,,0.00000,,0.00000,DonutVisGBuffer,2026-07-30T01:13:55,free,0.35414,0.36621,0.38250,0.36601,0.35715,0.36083,0.37066,0.37664,16641,0,128,100,9,2,0,89,0,0,0,1,auto,unused,120,600,0,0,../../../../../scripts/standard_camera.csv,10,0,0,60,0,1,60,1920,1080,2,0,64,1.0,0.05,128,0.0,0.0,-3.0,0.0,0.0,0.0,0.1,1000.0,0.785,1,255,1,0,0,-1.0,1.0,1.0,0.5,1,1,256,1,100,05_synth_diversity_dense,0,89,0,success,0,,"Scene CPU cache disabled; rebuilding source scene.
Log saved to: ${REPOSITORY_ROOT}\out\build\x64-Release\bin\Release\logs\log_2026-07-30_01-13-58.txt",,
90,05_synth_diversity_dense,${RUN_TEMP}\run_00090.csv,8,2,0,90,0,0,0,1,auto,unused,120,600,1,0,0,../../../../../scripts/standard_camera.csv,10,0,0,60,0,captures,1,60,1920,1080,0,0,64,1,0.1,0,0,-3,0,0,0,0.1,1000,0.785,1,255,1,0,0,-1,1,1,0.5,128,1,1,256,1,100,total,0.26223,depth_prepass,0.02315,geometry,0.11219,lighting,0.08576,tonemap,0.02837,,0.00000,,0.00000,,0.00000,,0.00000,,0.00000,,0.00000,,0.00000,,0.00000,,0.00000,,0.00000,,0.00000,,0.00000,,0.00000,,0.00000,,0.00000,,0.00000,,0.00000,,0.00000,,0.00000,,0.00000,,0.00000,,0.00000,,0.00000,,0.00000,,0.00000,,0.00000,,0.00000,DonutDeferredPrepass,2026-07-30T01:13:58,free,0.25597,0.26224,0.26883,0.26223,0.25709,0.26096,0.26387,0.26739,16641,0,128,100,8,2,0,90,0,0,0,1,auto,unused,120,600,0,0,../../../../../scripts/standard_camera.csv,10,0,0,60,0,1,60,1920,1080,0,0,64,1.0,0.1,128,0.0,0.0,-3.0,0.0,0.0,0.0,0.1,1000.0,0.785,1,255,1,0,0,-1.0,1.0,1.0,0.5,1,1,256,1,100,05_synth_diversity_dense,0,90,0,success,0,,"Scene CPU cache disabled; rebuilding source scene.
Log saved to: ${REPOSITORY_ROOT}\out\build\x64-Release\bin\Release\logs\log_2026-07-30_01-14-00.txt",,
91,05_synth_diversity_dense,${RUN_TEMP}\run_00091.csv,9,2,0,91,0,0,0,1,auto,unused,120,600,1,0,0,../../../../../scripts/standard_camera.csv,10,0,0,60,0,captures,1,60,1920,1080,0,0,64,1,0.1,0,0,-3,0,0,0,0.1,1000,0.785,1,255,1,0,0,-1,1,1,0.5,128,1,1,256,1,100,total,0.38108,visibility,0.03298,visutil_histogram,0.02366,visutil_prefix,0.00207,visutil_flatten,0.03121,gbuffer,0.14084,lighting,0.08777,tonemap,0.02968,,0.00000,,0.00000,,0.00000,,0.00000,,0.00000,,0.00000,,0.00000,,0.00000,,0.00000,,0.00000,,0.00000,,0.00000,,0.00000,,0.00000,,0.00000,,0.00000,,0.00000,,0.00000,,0.00000,,0.00000,,0.00000,,0.00000,,0.00000,,0.00000,DonutVisGBuffer,2026-07-30T01:14:00,free,0.36634,0.37882,0.49933,0.38108,0.36826,0.37267,0.39200,0.39728,16641,0,128,100,9,2,0,91,0,0,0,1,auto,unused,120,600,0,0,../../../../../scripts/standard_camera.csv,10,0,0,60,0,1,60,1920,1080,0,0,64,1.0,0.1,128,0.0,0.0,-3.0,0.0,0.0,0.0,0.1,1000.0,0.785,1,255,1,0,0,-1.0,1.0,1.0,0.5,1,1,256,1,100,05_synth_diversity_dense,0,91,0,success,0,,"Scene CPU cache disabled; rebuilding source scene.
Log saved to: ${REPOSITORY_ROOT}\out\build\x64-Release\bin\Release\logs\log_2026-07-30_01-14-03.txt",,
92,05_synth_diversity_dense,${RUN_TEMP}\run_00092.csv,8,2,0,92,0,0,0,1,auto,unused,120,600,1,0,0,../../../../../scripts/standard_camera.csv,10,0,0,60,0,captures,1,60,1920,1080,1,0,64,1,0.1,0,0,-3,0,0,0,0.1,1000,0.785,1,255,1,0,0,-1,1,1,0.5,128,1,1,256,1,100,total,0.26244,depth_prepass,0.02322,geometry,0.11216,lighting,0.08598,tonemap,0.02831,,0.00000,,0.00000,,0.00000,,0.00000,,0.00000,,0.00000,,0.00000,,0.00000,,0.00000,,0.00000,,0.00000,,0.00000,,0.00000,,0.00000,,0.00000,,0.00000,,0.00000,,0.00000,,0.00000,,0.00000,,0.00000,,0.00000,,0.00000,,0.00000,,0.00000,,0.00000,,0.00000,DonutDeferredPrepass,2026-07-30T01:14:03,free,0.25616,0.26221,0.38630,0.26244,0.25709,0.26083,0.26381,0.26784,16641,0,128,100,8,2,0,92,0,0,0,1,auto,unused,120,600,0,0,../../../../../scripts/standard_camera.csv,10,0,0,60,0,1,60,1920,1080,1,0,64,1.0,0.1,128,0.0,0.0,-3.0,0.0,0.0,0.0,0.1,1000.0,0.785,1,255,1,0,0,-1.0,1.0,1.0,0.5,1,1,256,1,100,05_synth_diversity_dense,0,92,0,success,0,,"Scene CPU cache disabled; rebuilding source scene.
Log saved to: ${REPOSITORY_ROOT}\out\build\x64-Release\bin\Release\logs\log_2026-07-30_01-14-05.txt",,
93,05_synth_diversity_dense,${RUN_TEMP}\run_00093.csv,9,2,0,93,0,0,0,1,auto,unused,120,600,1,0,0,../../../../../scripts/standard_camera.csv,10,0,0,60,0,captures,1,60,1920,1080,1,0,64,1,0.1,0,0,-3,0,0,0,0.1,1000,0.785,1,255,1,0,0,-1,1,1,0.5,128,1,1,256,1,100,total,0.39559,visibility,0.03331,visutil_histogram,0.02438,visutil_prefix,0.00214,visutil_flatten,0.03120,gbuffer,0.14507,lighting,0.08884,tonemap,0.03786,,0.00000,,0.00000,,0.00000,,0.00000,,0.00000,,0.00000,,0.00000,,0.00000,,0.00000,,0.00000,,0.00000,,0.00000,,0.00000,,0.00000,,0.00000,,0.00000,,0.00000,,0.00000,,0.00000,,0.00000,,0.00000,,0.00000,,0.00000,,0.00000,DonutVisGBuffer,2026-07-30T01:14:05,free,0.36646,0.39891,0.43946,0.39559,0.37008,0.37475,0.41398,0.42112,16641,0,128,100,9,2,0,93,0,0,0,1,auto,unused,120,600,0,0,../../../../../scripts/standard_camera.csv,10,0,0,60,0,1,60,1920,1080,1,0,64,1.0,0.1,128,0.0,0.0,-3.0,0.0,0.0,0.0,0.1,1000.0,0.785,1,255,1,0,0,-1.0,1.0,1.0,0.5,1,1,256,1,100,05_synth_diversity_dense,0,93,0,success,0,,"Scene CPU cache disabled; rebuilding source scene.
Log saved to: ${REPOSITORY_ROOT}\out\build\x64-Release\bin\Release\logs\log_2026-07-30_01-14-08.txt",,
94,05_synth_diversity_dense,${RUN_TEMP}\run_00094.csv,8,2,0,94,0,0,0,1,auto,unused,120,600,1,0,0,../../../../../scripts/standard_camera.csv,10,0,0,60,0,captures,1,60,1920,1080,2,0,64,1,0.1,0,0,-3,0,0,0,0.1,1000,0.785,1,255,1,0,0,-1,1,1,0.5,128,1,1,256,1,100,total,0.26800,depth_prepass,0.02307,geometry,0.11805,lighting,0.08582,tonemap,0.02831,,0.00000,,0.00000,,0.00000,,0.00000,,0.00000,,0.00000,,0.00000,,0.00000,,0.00000,,0.00000,,0.00000,,0.00000,,0.00000,,0.00000,,0.00000,,0.00000,,0.00000,,0.00000,,0.00000,,0.00000,,0.00000,,0.00000,,0.00000,,0.00000,,0.00000,,0.00000,,0.00000,DonutDeferredPrepass,2026-07-30T01:14:08,free,0.26016,0.26819,0.27658,0.26800,0.26099,0.26614,0.26995,0.27450,16641,0,128,100,8,2,0,94,0,0,0,1,auto,unused,120,600,0,0,../../../../../scripts/standard_camera.csv,10,0,0,60,0,1,60,1920,1080,2,0,64,1.0,0.1,128,0.0,0.0,-3.0,0.0,0.0,0.0,0.1,1000.0,0.785,1,255,1,0,0,-1.0,1.0,1.0,0.5,1,1,256,1,100,05_synth_diversity_dense,0,94,0,success,0,,"Scene CPU cache disabled; rebuilding source scene.
Log saved to: ${REPOSITORY_ROOT}\out\build\x64-Release\bin\Release\logs\log_2026-07-30_01-14-10.txt",,
95,05_synth_diversity_dense,${RUN_TEMP}\run_00095.csv,9,2,0,95,0,0,0,1,auto,unused,120,600,1,0,0,../../../../../scripts/standard_camera.csv,10,0,0,60,0,captures,1,60,1920,1080,2,0,64,1,0.1,0,0,-3,0,0,0,0.1,1000,0.785,1,255,1,0,0,-1,1,1,0.5,128,1,1,256,1,100,total,0.37808,visibility,0.03330,visutil_histogram,0.02450,visutil_prefix,0.00212,visutil_flatten,0.03117,gbuffer,0.12865,lighting,0.08943,tonemap,0.03600,,0.00000,,0.00000,,0.00000,,0.00000,,0.00000,,0.00000,,0.00000,,0.00000,,0.00000,,0.00000,,0.00000,,0.00000,,0.00000,,0.00000,,0.00000,,0.00000,,0.00000,,0.00000,,0.00000,,0.00000,,0.00000,,0.00000,,0.00000,,0.00000,DonutVisGBuffer,2026-07-30T01:14:10,free,0.35606,0.37066,0.53235,0.37808,0.35850,0.36253,0.39491,0.41270,16641,0,128,100,9,2,0,95,0,0,0,1,auto,unused,120,600,0,0,../../../../../scripts/standard_camera.csv,10,0,0,60,0,1,60,1920,1080,2,0,64,1.0,0.1,128,0.0,0.0,-3.0,0.0,0.0,0.0,0.1,1000.0,0.785,1,255,1,0,0,-1.0,1.0,1.0,0.5,1,1,256,1,100,05_synth_diversity_dense,0,95,0,success,0,,"Scene CPU cache disabled; rebuilding source scene.
Log saved to: ${REPOSITORY_ROOT}\out\build\x64-Release\bin\Release\logs\log_2026-07-30_01-14-14.txt",,
96,05_synth_diversity_dense,${RUN_TEMP}\run_00096.csv,8,2,0,96,0,0,0,1,auto,unused,120,600,1,0,0,../../../../../scripts/standard_camera.csv,10,0,0,60,0,captures,1,60,1920,1080,0,0,64,1,0.2,0,0,-3,0,0,0,0.1,1000,0.785,1,255,1,0,0,-1,1,1,0.5,128,1,1,256,1,100,total,0.26422,depth_prepass,0.02401,geometry,0.11183,lighting,0.08588,tonemap,0.02958,,0.00000,,0.00000,,0.00000,,0.00000,,0.00000,,0.00000,,0.00000,,0.00000,,0.00000,,0.00000,,0.00000,,0.00000,,0.00000,,0.00000,,0.00000,,0.00000,,0.00000,,0.00000,,0.00000,,0.00000,,0.00000,,0.00000,,0.00000,,0.00000,,0.00000,,0.00000,,0.00000,DonutDeferredPrepass,2026-07-30T01:14:14,free,0.25638,0.26438,0.27293,0.26422,0.25693,0.26282,0.26573,0.27171,16641,0,128,100,8,2,0,96,0,0,0,1,auto,unused,120,600,0,0,../../../../../scripts/standard_camera.csv,10,0,0,60,0,1,60,1920,1080,0,0,64,1.0,0.2,128,0.0,0.0,-3.0,0.0,0.0,0.0,0.1,1000.0,0.785,1,255,1,0,0,-1.0,1.0,1.0,0.5,1,1,256,1,100,05_synth_diversity_dense,0,96,0,success,0,,"Scene CPU cache disabled; rebuilding source scene.
Log saved to: ${REPOSITORY_ROOT}\out\build\x64-Release\bin\Release\logs\log_2026-07-30_01-14-15.txt",,
97,05_synth_diversity_dense,${RUN_TEMP}\run_00097.csv,9,2,0,97,0,0,0,1,auto,unused,120,600,1,0,0,../../../../../scripts/standard_camera.csv,10,0,0,60,0,captures,1,60,1920,1080,0,0,64,1,0.2,0,0,-3,0,0,0,0.1,1000,0.785,1,255,1,0,0,-1,1,1,0.5,128,1,1,256,1,100,total,0.38290,visibility,0.03318,visutil_histogram,0.02447,visutil_prefix,0.00207,visutil_flatten,0.03175,gbuffer,0.14086,lighting,0.08832,tonemap,0.02986,,0.00000,,0.00000,,0.00000,,0.00000,,0.00000,,0.00000,,0.00000,,0.00000,,0.00000,,0.00000,,0.00000,,0.00000,,0.00000,,0.00000,,0.00000,,0.00000,,0.00000,,0.00000,,0.00000,,0.00000,,0.00000,,0.00000,,0.00000,,0.00000,DonutVisGBuffer,2026-07-30T01:14:15,free,0.36563,0.38042,0.59174,0.38290,0.37066,0.37446,0.39085,0.40323,16641,0,128,100,9,2,0,97,0,0,0,1,auto,unused,120,600,0,0,../../../../../scripts/standard_camera.csv,10,0,0,60,0,1,60,1920,1080,0,0,64,1.0,0.2,128,0.0,0.0,-3.0,0.0,0.0,0.0,0.1,1000.0,0.785,1,255,1,0,0,-1.0,1.0,1.0,0.5,1,1,256,1,100,05_synth_diversity_dense,0,97,0,success,0,,"Scene CPU cache disabled; rebuilding source scene.
Log saved to: ${REPOSITORY_ROOT}\out\build\x64-Release\bin\Release\logs\log_2026-07-30_01-14-19.txt",,
98,05_synth_diversity_dense,${RUN_TEMP}\run_00098.csv,8,2,0,98,0,0,0,1,auto,unused,120,600,1,0,0,../../../../../scripts/standard_camera.csv,10,0,0,60,0,captures,1,60,1920,1080,1,0,64,1,0.2,0,0,-3,0,0,0,0.1,1000,0.785,1,255,1,0,0,-1,1,1,0.5,128,1,1,256,1,100,total,0.26221,depth_prepass,0.02387,geometry,0.11159,lighting,0.08566,tonemap,0.02834,,0.00000,,0.00000,,0.00000,,0.00000,,0.00000,,0.00000,,0.00000,,0.00000,,0.00000,,0.00000,,0.00000,,0.00000,,0.00000,,0.00000,,0.00000,,0.00000,,0.00000,,0.00000,,0.00000,,0.00000,,0.00000,,0.00000,,0.00000,,0.00000,,0.00000,,0.00000,,0.00000,DonutDeferredPrepass,2026-07-30T01:14:19,free,0.25405,0.26221,0.26986,0.26221,0.25514,0.26083,0.26390,0.26698,16641,0,128,100,8,2,0,98,0,0,0,1,auto,unused,120,600,0,0,../../../../../scripts/standard_camera.csv,10,0,0,60,0,1,60,1920,1080,1,0,64,1.0,0.2,128,0.0,0.0,-3.0,0.0,0.0,0.0,0.1,1000.0,0.785,1,255,1,0,0,-1.0,1.0,1.0,0.5,1,1,256,1,100,05_synth_diversity_dense,0,98,0,success,0,,"Scene CPU cache disabled; rebuilding source scene.
Log saved to: ${REPOSITORY_ROOT}\out\build\x64-Release\bin\Release\logs\log_2026-07-30_01-14-21.txt",,
99,05_synth_diversity_dense,${RUN_TEMP}\run_00099.csv,9,2,0,99,0,0,0,1,auto,unused,120,600,1,0,0,../../../../../scripts/standard_camera.csv,10,0,0,60,0,captures,1,60,1920,1080,1,0,64,1,0.2,0,0,-3,0,0,0,0.1,1000,0.785,1,255,1,0,0,-1,1,1,0.5,128,1,1,256,1,100,total,0.38030,visibility,0.03325,visutil_histogram,0.02421,visutil_prefix,0.00207,visutil_flatten,0.03175,gbuffer,0.13922,lighting,0.08813,tonemap,0.02981,,0.00000,,0.00000,,0.00000,,0.00000,,0.00000,,0.00000,,0.00000,,0.00000,,0.00000,,0.00000,,0.00000,,0.00000,,0.00000,,0.00000,,0.00000,,0.00000,,0.00000,,0.00000,,0.00000,,0.00000,,0.00000,,0.00000,,0.00000,,0.00000,DonutVisGBuffer,2026-07-30T01:14:21,free,0.36646,0.37882,0.51978,0.38030,0.36982,0.37270,0.38890,0.39322,16641,0,128,100,9,2,0,99,0,0,0,1,auto,unused,120,600,0,0,../../../../../scripts/standard_camera.csv,10,0,0,60,0,1,60,1920,1080,1,0,64,1.0,0.2,128,0.0,0.0,-3.0,0.0,0.0,0.0,0.1,1000.0,0.785,1,255,1,0,0,-1.0,1.0,1.0,0.5,1,1,256,1,100,05_synth_diversity_dense,0,99,0,success,0,,"Scene CPU cache disabled; rebuilding source scene.
Log saved to: ${REPOSITORY_ROOT}\out\build\x64-Release\bin\Release\logs\log_2026-07-30_01-14-24.txt",,
100,05_synth_diversity_dense,${RUN_TEMP}\run_00100.csv,8,2,0,100,0,0,0,1,auto,unused,120,600,1,0,0,../../../../../scripts/standard_camera.csv,10,0,0,60,0,captures,1,60,1920,1080,2,0,64,1,0.2,0,0,-3,0,0,0,0.1,1000,0.785,1,255,1,0,0,-1,1,1,0.5,128,1,1,256,1,100,total,0.26269,depth_prepass,0.02376,geometry,0.11211,lighting,0.08561,tonemap,0.02841,,0.00000,,0.00000,,0.00000,,0.00000,,0.00000,,0.00000,,0.00000,,0.00000,,0.00000,,0.00000,,0.00000,,0.00000,,0.00000,,0.00000,,0.00000,,0.00000,,0.00000,,0.00000,,0.00000,,0.00000,,0.00000,,0.00000,,0.00000,,0.00000,,0.00000,,0.00000,,0.00000,DonutDeferredPrepass,2026-07-30T01:14:24,free,0.25734,0.26259,0.26851,0.26269,0.25798,0.26115,0.26442,0.26803,16641,0,128,100,8,2,0,100,0,0,0,1,auto,unused,120,600,0,0,../../../../../scripts/standard_camera.csv,10,0,0,60,0,1,60,1920,1080,2,0,64,1.0,0.2,128,0.0,0.0,-3.0,0.0,0.0,0.0,0.1,1000.0,0.785,1,255,1,0,0,-1.0,1.0,1.0,0.5,1,1,256,1,100,05_synth_diversity_dense,0,100,0,success,0,,"Scene CPU cache disabled; rebuilding source scene.
Log saved to: ${REPOSITORY_ROOT}\out\build\x64-Release\bin\Release\logs\log_2026-07-30_01-14-26.txt",,
101,05_synth_diversity_dense,${RUN_TEMP}\run_00101.csv,9,2,0,101,0,0,0,1,auto,unused,120,600,1,0,0,../../../../../scripts/standard_camera.csv,10,0,0,60,0,captures,1,60,1920,1080,2,0,64,1,0.2,0,0,-3,0,0,0,0.1,1000,0.785,1,255,1,0,0,-1,1,1,0.5,128,1,1,256,1,100,total,0.37928,visibility,0.03388,visutil_histogram,0.02492,visutil_prefix,0.00212,visutil_flatten,0.03173,gbuffer,0.12865,lighting,0.08953,tonemap,0.03618,,0.00000,,0.00000,,0.00000,,0.00000,,0.00000,,0.00000,,0.00000,,0.00000,,0.00000,,0.00000,,0.00000,,0.00000,,0.00000,,0.00000,,0.00000,,0.00000,,0.00000,,0.00000,,0.00000,,0.00000,,0.00000,,0.00000,,0.00000,,0.00000,DonutVisGBuffer,2026-07-30T01:14:26,free,0.35581,0.37235,0.55686,0.37928,0.35840,0.36384,0.39574,0.41082,16641,0,128,100,9,2,0,101,0,0,0,1,auto,unused,120,600,0,0,../../../../../scripts/standard_camera.csv,10,0,0,60,0,1,60,1920,1080,2,0,64,1.0,0.2,128,0.0,0.0,-3.0,0.0,0.0,0.0,0.1,1000.0,0.785,1,255,1,0,0,-1.0,1.0,1.0,0.5,1,1,256,1,100,05_synth_diversity_dense,0,101,0,success,0,,"Scene CPU cache disabled; rebuilding source scene.
Log saved to: ${REPOSITORY_ROOT}\out\build\x64-Release\bin\Release\logs\log_2026-07-30_01-14-30.txt",,
102,05_synth_diversity_dense,${RUN_TEMP}\run_00102.csv,8,2,0,102,0,0,0,1,auto,unused,120,600,1,0,0,../../../../../scripts/standard_camera.csv,10,0,0,60,0,captures,1,60,1920,1080,0,0,64,1,0.3,0,0,-3,0,0,0,0.1,1000,0.785,1,255,1,0,0,-1,1,1,0.5,128,1,1,256,1,100,total,0.25821,depth_prepass,0.02409,geometry,0.10705,lighting,0.08572,tonemap,0.02834,,0.00000,,0.00000,,0.00000,,0.00000,,0.00000,,0.00000,,0.00000,,0.00000,,0.00000,,0.00000,,0.00000,,0.00000,,0.00000,,0.00000,,0.00000,,0.00000,,0.00000,,0.00000,,0.00000,,0.00000,,0.00000,,0.00000,,0.00000,,0.00000,,0.00000,,0.00000,,0.00000,DonutDeferredPrepass,2026-07-30T01:14:30,free,0.25424,0.25786,0.38410,0.25821,0.25517,0.25651,0.25946,0.26445,16641,0,128,100,8,2,0,102,0,0,0,1,auto,unused,120,600,0,0,../../../../../scripts/standard_camera.csv,10,0,0,60,0,1,60,1920,1080,0,0,64,1.0,0.3,128,0.0,0.0,-3.0,0.0,0.0,0.0,0.1,1000.0,0.785,1,255,1,0,0,-1.0,1.0,1.0,0.5,1,1,256,1,100,05_synth_diversity_dense,0,102,0,success,0,,"Scene CPU cache disabled; rebuilding source scene.
Log saved to: ${REPOSITORY_ROOT}\out\build\x64-Release\bin\Release\logs\log_2026-07-30_01-14-32.txt",,
103,05_synth_diversity_dense,${RUN_TEMP}\run_00103.csv,9,2,0,103,0,0,0,1,auto,unused,120,600,1,0,0,../../../../../scripts/standard_camera.csv,10,0,0,60,0,captures,1,60,1920,1080,0,0,64,1,0.3,0,0,-3,0,0,0,0.1,1000,0.785,1,255,1,0,0,-1,1,1,0.5,128,1,1,256,1,100,total,0.38836,visibility,0.03355,visutil_histogram,0.02498,visutil_prefix,0.00211,visutil_flatten,0.03207,gbuffer,0.14094,lighting,0.08871,tonemap,0.03451,,0.00000,,0.00000,,0.00000,,0.00000,,0.00000,,0.00000,,0.00000,,0.00000,,0.00000,,0.00000,,0.00000,,0.00000,,0.00000,,0.00000,,0.00000,,0.00000,,0.00000,,0.00000,,0.00000,,0.00000,,0.00000,,0.00000,,0.00000,,0.00000,DonutVisGBuffer,2026-07-30T01:14:32,free,0.36733,0.38406,0.58726,0.38836,0.37005,0.37408,0.40867,0.41798,16641,0,128,100,9,2,0,103,0,0,0,1,auto,unused,120,600,0,0,../../../../../scripts/standard_camera.csv,10,0,0,60,0,1,60,1920,1080,0,0,64,1.0,0.3,128,0.0,0.0,-3.0,0.0,0.0,0.0,0.1,1000.0,0.785,1,255,1,0,0,-1.0,1.0,1.0,0.5,1,1,256,1,100,05_synth_diversity_dense,0,103,0,success,0,,"Scene CPU cache disabled; rebuilding source scene.
Log saved to: ${REPOSITORY_ROOT}\out\build\x64-Release\bin\Release\logs\log_2026-07-30_01-14-35.txt",,
104,05_synth_diversity_dense,${RUN_TEMP}\run_00104.csv,8,2,0,104,0,0,0,1,auto,unused,120,600,1,0,0,../../../../../scripts/standard_camera.csv,10,0,0,60,0,captures,1,60,1920,1080,1,0,64,1,0.3,0,0,-3,0,0,0,0.1,1000,0.785,1,255,1,0,0,-1,1,1,0.5,128,1,1,256,1,100,total,0.25774,depth_prepass,0.02397,geometry,0.10687,lighting,0.08577,tonemap,0.02837,,0.00000,,0.00000,,0.00000,,0.00000,,0.00000,,0.00000,,0.00000,,0.00000,,0.00000,,0.00000,,0.00000,,0.00000,,0.00000,,0.00000,,0.00000,,0.00000,,0.00000,,0.00000,,0.00000,,0.00000,,0.00000,,0.00000,,0.00000,,0.00000,,0.00000,,0.00000,,0.00000,DonutDeferredPrepass,2026-07-30T01:14:36,free,0.25434,0.25754,0.26931,0.25774,0.25533,0.25638,0.25914,0.26362,16641,0,128,100,8,2,0,104,0,0,0,1,auto,unused,120,600,0,0,../../../../../scripts/standard_camera.csv,10,0,0,60,0,1,60,1920,1080,1,0,64,1.0,0.3,128,0.0,0.0,-3.0,0.0,0.0,0.0,0.1,1000.0,0.785,1,255,1,0,0,-1.0,1.0,1.0,0.5,1,1,256,1,100,05_synth_diversity_dense,0,104,0,success,0,,"Scene CPU cache disabled; rebuilding source scene.
Log saved to: ${REPOSITORY_ROOT}\out\build\x64-Release\bin\Release\logs\log_2026-07-30_01-14-37.txt",,
105,05_synth_diversity_dense,${RUN_TEMP}\run_00105.csv,9,2,0,105,0,0,0,1,auto,unused,120,600,1,0,0,../../../../../scripts/standard_camera.csv,10,0,0,60,0,captures,1,60,1920,1080,1,0,64,1,0.3,0,0,-3,0,0,0,0.1,1000,0.785,1,255,1,0,0,-1,1,1,0.5,128,1,1,256,1,100,total,0.38326,visibility,0.03341,visutil_histogram,0.02475,visutil_prefix,0.00208,visutil_flatten,0.03212,gbuffer,0.13906,lighting,0.08855,tonemap,0.03187,,0.00000,,0.00000,,0.00000,,0.00000,,0.00000,,0.00000,,0.00000,,0.00000,,0.00000,,0.00000,,0.00000,,0.00000,,0.00000,,0.00000,,0.00000,,0.00000,,0.00000,,0.00000,,0.00000,,0.00000,,0.00000,,0.00000,,0.00000,,0.00000,DonutVisGBuffer,2026-07-30T01:14:37,free,0.36854,0.37917,0.58458,0.38326,0.37011,0.37306,0.40170,0.41706,16641,0,128,100,9,2,0,105,0,0,0,1,auto,unused,120,600,0,0,../../../../../scripts/standard_camera.csv,10,0,0,60,0,1,60,1920,1080,1,0,64,1.0,0.3,128,0.0,0.0,-3.0,0.0,0.0,0.0,0.1,1000.0,0.785,1,255,1,0,0,-1.0,1.0,1.0,0.5,1,1,256,1,100,05_synth_diversity_dense,0,105,0,success,0,,"Scene CPU cache disabled; rebuilding source scene.
Log saved to: ${REPOSITORY_ROOT}\out\build\x64-Release\bin\Release\logs\log_2026-07-30_01-14-41.txt",,
106,05_synth_diversity_dense,${RUN_TEMP}\run_00106.csv,8,2,0,106,0,0,0,1,auto,unused,120,600,1,0,0,../../../../../scripts/standard_camera.csv,10,0,0,60,0,captures,1,60,1920,1080,2,0,64,1,0.3,0,0,-3,0,0,0,0.1,1000,0.785,1,255,1,0,0,-1,1,1,0.5,128,1,1,256,1,100,total,0.25721,depth_prepass,0.02402,geometry,0.10630,lighting,0.08572,tonemap,0.02837,,0.00000,,0.00000,,0.00000,,0.00000,,0.00000,,0.00000,,0.00000,,0.00000,,0.00000,,0.00000,,0.00000,,0.00000,,0.00000,,0.00000,,0.00000,,0.00000,,0.00000,,0.00000,,0.00000,,0.00000,,0.00000,,0.00000,,0.00000,,0.00000,,0.00000,,0.00000,,0.00000,DonutDeferredPrepass,2026-07-30T01:14:41,free,0.25472,0.25699,0.26902,0.25721,0.25514,0.25581,0.25856,0.26285,16641,0,128,100,8,2,0,106,0,0,0,1,auto,unused,120,600,0,0,../../../../../scripts/standard_camera.csv,10,0,0,60,0,1,60,1920,1080,2,0,64,1.0,0.3,128,0.0,0.0,-3.0,0.0,0.0,0.0,0.1,1000.0,0.785,1,255,1,0,0,-1.0,1.0,1.0,0.5,1,1,256,1,100,05_synth_diversity_dense,0,106,0,success,0,,"Scene CPU cache disabled; rebuilding source scene.
Log saved to: ${REPOSITORY_ROOT}\out\build\x64-Release\bin\Release\logs\log_2026-07-30_01-14-42.txt",,
107,05_synth_diversity_dense,${RUN_TEMP}\run_00107.csv,9,2,0,107,0,0,0,1,auto,unused,120,600,1,0,0,../../../../../scripts/standard_camera.csv,10,0,0,60,0,captures,1,60,1920,1080,2,0,64,1,0.3,0,0,-3,0,0,0,0.1,1000,0.785,1,255,1,0,0,-1,1,1,0.5,128,1,1,256,1,100,total,0.38259,visibility,0.03366,visutil_histogram,0.02549,visutil_prefix,0.00213,visutil_flatten,0.03213,gbuffer,0.12927,lighting,0.09025,tonemap,0.03731,,0.00000,,0.00000,,0.00000,,0.00000,,0.00000,,0.00000,,0.00000,,0.00000,,0.00000,,0.00000,,0.00000,,0.00000,,0.00000,,0.00000,,0.00000,,0.00000,,0.00000,,0.00000,,0.00000,,0.00000,,0.00000,,0.00000,,0.00000,,0.00000,DonutVisGBuffer,2026-07-30T01:14:43,free,0.35616,0.38902,0.69930,0.38259,0.36013,0.36451,0.39706,0.40838,16641,0,128,100,9,2,0,107,0,0,0,1,auto,unused,120,600,0,0,../../../../../scripts/standard_camera.csv,10,0,0,60,0,1,60,1920,1080,2,0,64,1.0,0.3,128,0.0,0.0,-3.0,0.0,0.0,0.0,0.1,1000.0,0.785,1,255,1,0,0,-1.0,1.0,1.0,0.5,1,1,256,1,100,05_synth_diversity_dense,0,107,0,success,0,,"Scene CPU cache disabled; rebuilding source scene.
Log saved to: ${REPOSITORY_ROOT}\out\build\x64-Release\bin\Release\logs\log_2026-07-30_01-14-47.txt",,
108,05_synth_diversity_dense,${RUN_TEMP}\run_00108.csv,8,2,0,108,0,0,0,1,auto,unused,120,600,1,0,0,../../../../../scripts/standard_camera.csv,10,0,0,60,0,captures,1,60,1920,1080,0,0,64,1,0.4,0,0,-3,0,0,0,0.1,1000,0.785,1,255,1,0,0,-1,1,1,0.5,128,1,1,256,1,100,total,0.25624,depth_prepass,0.02394,geometry,0.10510,lighting,0.08571,tonemap,0.02864,,0.00000,,0.00000,,0.00000,,0.00000,,0.00000,,0.00000,,0.00000,,0.00000,,0.00000,,0.00000,,0.00000,,0.00000,,0.00000,,0.00000,,0.00000,,0.00000,,0.00000,,0.00000,,0.00000,,0.00000,,0.00000,,0.00000,,0.00000,,0.00000,,0.00000,,0.00000,,0.00000,DonutDeferredPrepass,2026-07-30T01:14:47,free,0.25206,0.25616,0.26275,0.25624,0.25293,0.25491,0.25760,0.26198,16641,0,128,100,8,2,0,108,0,0,0,1,auto,unused,120,600,0,0,../../../../../scripts/standard_camera.csv,10,0,0,60,0,1,60,1920,1080,0,0,64,1.0,0.4,128,0.0,0.0,-3.0,0.0,0.0,0.0,0.1,1000.0,0.785,1,255,1,0,0,-1.0,1.0,1.0,0.5,1,1,256,1,100,05_synth_diversity_dense,0,108,0,success,0,,"Scene CPU cache disabled; rebuilding source scene.
Log saved to: ${REPOSITORY_ROOT}\out\build\x64-Release\bin\Release\logs\log_2026-07-30_01-14-49.txt",,
109,05_synth_diversity_dense,${RUN_TEMP}\run_00109.csv,9,2,0,109,0,0,0,1,auto,unused,120,600,1,0,0,../../../../../scripts/standard_camera.csv,10,0,0,60,0,captures,1,60,1920,1080,0,0,64,1,0.4,0,0,-3,0,0,0,0.1,1000,0.785,1,255,1,0,0,-1,1,1,0.5,128,1,1,256,1,100,total,0.38748,visibility,0.03404,visutil_histogram,0.02523,visutil_prefix,0.00210,visutil_flatten,0.03241,gbuffer,0.13924,lighting,0.08862,tonemap,0.03326,,0.00000,,0.00000,,0.00000,,0.00000,,0.00000,,0.00000,,0.00000,,0.00000,,0.00000,,0.00000,,0.00000,,0.00000,,0.00000,,0.00000,,0.00000,,0.00000,,0.00000,,0.00000,,0.00000,,0.00000,,0.00000,,0.00000,,0.00000,,0.00000,DonutVisGBuffer,2026-07-30T01:14:49,free,0.37024,0.38179,0.59056,0.38748,0.37245,0.37485,0.40845,0.43325,16641,0,128,100,9,2,0,109,0,0,0,1,auto,unused,120,600,0,0,../../../../../scripts/standard_camera.csv,10,0,0,60,0,1,60,1920,1080,0,0,64,1.0,0.4,128,0.0,0.0,-3.0,0.0,0.0,0.0,0.1,1000.0,0.785,1,255,1,0,0,-1.0,1.0,1.0,0.5,1,1,256,1,100,05_synth_diversity_dense,0,109,0,success,0,,"Scene CPU cache disabled; rebuilding source scene.
Log saved to: ${REPOSITORY_ROOT}\out\build\x64-Release\bin\Release\logs\log_2026-07-30_01-14-53.txt",,
110,05_synth_diversity_dense,${RUN_TEMP}\run_00110.csv,8,2,0,110,0,0,0,1,auto,unused,120,600,1,0,0,../../../../../scripts/standard_camera.csv,10,0,0,60,0,captures,1,60,1920,1080,1,0,64,1,0.4,0,0,-3,0,0,0,0.1,1000,0.785,1,255,1,0,0,-1,1,1,0.5,128,1,1,256,1,100,total,0.25579,depth_prepass,0.02373,geometry,0.10527,lighting,0.08573,tonemap,0.02827,,0.00000,,0.00000,,0.00000,,0.00000,,0.00000,,0.00000,,0.00000,,0.00000,,0.00000,,0.00000,,0.00000,,0.00000,,0.00000,,0.00000,,0.00000,,0.00000,,0.00000,,0.00000,,0.00000,,0.00000,,0.00000,,0.00000,,0.00000,,0.00000,,0.00000,,0.00000,,0.00000,DonutDeferredPrepass,2026-07-30T01:14:53,free,0.25146,0.25565,0.26291,0.25579,0.25277,0.25443,0.25718,0.26128,16641,0,128,100,8,2,0,110,0,0,0,1,auto,unused,120,600,0,0,../../../../../scripts/standard_camera.csv,10,0,0,60,0,1,60,1920,1080,1,0,64,1.0,0.4,128,0.0,0.0,-3.0,0.0,0.0,0.0,0.1,1000.0,0.785,1,255,1,0,0,-1.0,1.0,1.0,0.5,1,1,256,1,100,05_synth_diversity_dense,0,110,0,success,0,,"Scene CPU cache disabled; rebuilding source scene.
Log saved to: ${REPOSITORY_ROOT}\out\build\x64-Release\bin\Release\logs\log_2026-07-30_01-14-54.txt",,
111,05_synth_diversity_dense,${RUN_TEMP}\run_00111.csv,9,2,0,111,0,0,0,1,auto,unused,120,600,1,0,0,../../../../../scripts/standard_camera.csv,10,0,0,60,0,captures,1,60,1920,1080,1,0,64,1,0.4,0,0,-3,0,0,0,0.1,1000,0.785,1,255,1,0,0,-1,1,1,0.5,128,1,1,256,1,100,total,0.38247,visibility,0.03345,visutil_histogram,0.02532,visutil_prefix,0.00208,visutil_flatten,0.03245,gbuffer,0.13798,lighting,0.08828,tonemap,0.03097,,0.00000,,0.00000,,0.00000,,0.00000,,0.00000,,0.00000,,0.00000,,0.00000,,0.00000,,0.00000,,0.00000,,0.00000,,0.00000,,0.00000,,0.00000,,0.00000,,0.00000,,0.00000,,0.00000,,0.00000,,0.00000,,0.00000,,0.00000,,0.00000,DonutVisGBuffer,2026-07-30T01:14:54,free,0.37059,0.38000,0.56595,0.38247,0.37184,0.37498,0.38928,0.41382,16641,0,128,100,9,2,0,111,0,0,0,1,auto,unused,120,600,0,0,../../../../../scripts/standard_camera.csv,10,0,0,60,0,1,60,1920,1080,1,0,64,1.0,0.4,128,0.0,0.0,-3.0,0.0,0.0,0.0,0.1,1000.0,0.785,1,255,1,0,0,-1.0,1.0,1.0,0.5,1,1,256,1,100,05_synth_diversity_dense,0,111,0,success,0,,"Scene CPU cache disabled; rebuilding source scene.
Log saved to: ${REPOSITORY_ROOT}\out\build\x64-Release\bin\Release\logs\log_2026-07-30_01-14-59.txt",,
112,05_synth_diversity_dense,${RUN_TEMP}\run_00112.csv,8,2,0,112,0,0,0,1,auto,unused,120,600,1,0,0,../../../../../scripts/standard_camera.csv,10,0,0,60,0,captures,1,60,1920,1080,2,0,64,1,0.4,0,0,-3,0,0,0,0.1,1000,0.785,1,255,1,0,0,-1,1,1,0.5,128,1,1,256,1,100,total,0.25663,depth_prepass,0.02375,geometry,0.10556,lighting,0.08573,tonemap,0.02853,,0.00000,,0.00000,,0.00000,,0.00000,,0.00000,,0.00000,,0.00000,,0.00000,,0.00000,,0.00000,,0.00000,,0.00000,,0.00000,,0.00000,,0.00000,,0.00000,,0.00000,,0.00000,,0.00000,,0.00000,,0.00000,,0.00000,,0.00000,,0.00000,,0.00000,,0.00000,,0.00000,DonutDeferredPrepass,2026-07-30T01:14:59,free,0.25200,0.25619,0.42826,0.25663,0.25350,0.25488,0.25789,0.26170,16641,0,128,100,8,2,0,112,0,0,0,1,auto,unused,120,600,0,0,../../../../../scripts/standard_camera.csv,10,0,0,60,0,1,60,1920,1080,2,0,64,1.0,0.4,128,0.0,0.0,-3.0,0.0,0.0,0.0,0.1,1000.0,0.785,1,255,1,0,0,-1.0,1.0,1.0,0.5,1,1,256,1,100,05_synth_diversity_dense,0,112,0,success,0,,"Scene CPU cache disabled; rebuilding source scene.
Log saved to: ${REPOSITORY_ROOT}\out\build\x64-Release\bin\Release\logs\log_2026-07-30_01-15-00.txt",,
113,05_synth_diversity_dense,${RUN_TEMP}\run_00113.csv,9,2,0,113,0,0,0,1,auto,unused,120,600,1,0,0,../../../../../scripts/standard_camera.csv,10,0,0,60,0,captures,1,60,1920,1080,2,0,64,1,0.4,0,0,-3,0,0,0,0.1,1000,0.785,1,255,1,0,0,-1,1,1,0.5,128,1,1,256,1,100,total,0.38320,visibility,0.03376,visutil_histogram,0.02575,visutil_prefix,0.00212,visutil_flatten,0.03243,gbuffer,0.13086,lighting,0.08994,tonemap,0.03634,,0.00000,,0.00000,,0.00000,,0.00000,,0.00000,,0.00000,,0.00000,,0.00000,,0.00000,,0.00000,,0.00000,,0.00000,,0.00000,,0.00000,,0.00000,,0.00000,,0.00000,,0.00000,,0.00000,,0.00000,,0.00000,,0.00000,,0.00000,,0.00000,DonutVisGBuffer,2026-07-30T01:15:00,free,0.36240,0.37491,0.58333,0.38320,0.36534,0.36806,0.39910,0.40902,16641,0,128,100,9,2,0,113,0,0,0,1,auto,unused,120,600,0,0,../../../../../scripts/standard_camera.csv,10,0,0,60,0,1,60,1920,1080,2,0,64,1.0,0.4,128,0.0,0.0,-3.0,0.0,0.0,0.0,0.1,1000.0,0.785,1,255,1,0,0,-1.0,1.0,1.0,0.5,1,1,256,1,100,05_synth_diversity_dense,0,113,0,success,0,,"Scene CPU cache disabled; rebuilding source scene.
Log saved to: ${REPOSITORY_ROOT}\out\build\x64-Release\bin\Release\logs\log_2026-07-30_01-15-04.txt",,
114,05_synth_diversity_dense,${RUN_TEMP}\run_00114.csv,8,2,0,114,0,0,0,1,auto,unused,120,600,1,0,0,../../../../../scripts/standard_camera.csv,10,0,0,60,0,captures,1,60,1920,1080,0,0,64,1,0.5,0,0,-3,0,0,0,0.1,1000,0.785,1,255,1,0,0,-1,1,1,0.5,128,1,1,256,1,100,total,0.25434,depth_prepass,0.02379,geometry,0.10353,lighting,0.08577,tonemap,0.02846,,0.00000,,0.00000,,0.00000,,0.00000,,0.00000,,0.00000,,0.00000,,0.00000,,0.00000,,0.00000,,0.00000,,0.00000,,0.00000,,0.00000,,0.00000,,0.00000,,0.00000,,0.00000,,0.00000,,0.00000,,0.00000,,0.00000,,0.00000,,0.00000,,0.00000,,0.00000,,0.00000,DonutDeferredPrepass,2026-07-30T01:15:04,free,0.24886,0.25424,0.26678,0.25434,0.25024,0.25290,0.25581,0.26109,16641,0,128,100,8,2,0,114,0,0,0,1,auto,unused,120,600,0,0,../../../../../scripts/standard_camera.csv,10,0,0,60,0,1,60,1920,1080,0,0,64,1.0,0.5,128,0.0,0.0,-3.0,0.0,0.0,0.0,0.1,1000.0,0.785,1,255,1,0,0,-1.0,1.0,1.0,0.5,1,1,256,1,100,05_synth_diversity_dense,0,114,0,success,0,,"Scene CPU cache disabled; rebuilding source scene.
Log saved to: ${REPOSITORY_ROOT}\out\build\x64-Release\bin\Release\logs\log_2026-07-30_01-15-06.txt",,
115,05_synth_diversity_dense,${RUN_TEMP}\run_00115.csv,9,2,0,115,0,0,0,1,auto,unused,120,600,1,0,0,../../../../../scripts/standard_camera.csv,10,0,0,60,0,captures,1,60,1920,1080,0,0,64,1,0.5,0,0,-3,0,0,0,0.1,1000,0.785,1,255,1,0,0,-1,1,1,0.5,128,1,1,256,1,100,total,0.39648,visibility,0.03401,visutil_histogram,0.02615,visutil_prefix,0.00213,visutil_flatten,0.03297,gbuffer,0.14107,lighting,0.08973,tonemap,0.03785,,0.00000,,0.00000,,0.00000,,0.00000,,0.00000,,0.00000,,0.00000,,0.00000,,0.00000,,0.00000,,0.00000,,0.00000,,0.00000,,0.00000,,0.00000,,0.00000,,0.00000,,0.00000,,0.00000,,0.00000,,0.00000,,0.00000,,0.00000,,0.00000,DonutVisGBuffer,2026-07-30T01:15:06,free,0.37235,0.40259,0.59514,0.39648,0.37411,0.37693,0.41194,0.42227,16641,0,128,100,9,2,0,115,0,0,0,1,auto,unused,120,600,0,0,../../../../../scripts/standard_camera.csv,10,0,0,60,0,1,60,1920,1080,0,0,64,1.0,0.5,128,0.0,0.0,-3.0,0.0,0.0,0.0,0.1,1000.0,0.785,1,255,1,0,0,-1.0,1.0,1.0,0.5,1,1,256,1,100,05_synth_diversity_dense,0,115,0,success,0,,"Scene CPU cache disabled; rebuilding source scene.
Log saved to: ${REPOSITORY_ROOT}\out\build\x64-Release\bin\Release\logs\log_2026-07-30_01-15-10.txt",,
116,05_synth_diversity_dense,${RUN_TEMP}\run_00116.csv,8,2,0,116,0,0,0,1,auto,unused,120,600,1,0,0,../../../../../scripts/standard_camera.csv,10,0,0,60,0,captures,1,60,1920,1080,1,0,64,1,0.5,0,0,-3,0,0,0,0.1,1000,0.785,1,255,1,0,0,-1,1,1,0.5,128,1,1,256,1,100,total,0.25395,depth_prepass,0.02366,geometry,0.10333,lighting,0.08573,tonemap,0.02841,,0.00000,,0.00000,,0.00000,,0.00000,,0.00000,,0.00000,,0.00000,,0.00000,,0.00000,,0.00000,,0.00000,,0.00000,,0.00000,,0.00000,,0.00000,,0.00000,,0.00000,,0.00000,,0.00000,,0.00000,,0.00000,,0.00000,,0.00000,,0.00000,,0.00000,,0.00000,,0.00000,DonutDeferredPrepass,2026-07-30T01:15:10,free,0.24918,0.25382,0.26218,0.25395,0.25011,0.25267,0.25533,0.25958,16641,0,128,100,8,2,0,116,0,0,0,1,auto,unused,120,600,0,0,../../../../../scripts/standard_camera.csv,10,0,0,60,0,1,60,1920,1080,1,0,64,1.0,0.5,128,0.0,0.0,-3.0,0.0,0.0,0.0,0.1,1000.0,0.785,1,255,1,0,0,-1.0,1.0,1.0,0.5,1,1,256,1,100,05_synth_diversity_dense,0,116,0,success,0,,"Scene CPU cache disabled; rebuilding source scene.
Log saved to: ${REPOSITORY_ROOT}\out\build\x64-Release\bin\Release\logs\log_2026-07-30_01-15-12.txt",,
117,05_synth_diversity_dense,${RUN_TEMP}\run_00117.csv,9,2,0,117,0,0,0,1,auto,unused,120,600,1,0,0,../../../../../scripts/standard_camera.csv,10,0,0,60,0,captures,1,60,1920,1080,1,0,64,1,0.5,0,0,-3,0,0,0,0.1,1000,0.785,1,255,1,0,0,-1,1,1,0.5,128,1,1,256,1,100,total,0.39467,visibility,0.03398,visutil_histogram,0.02599,visutil_prefix,0.00213,visutil_flatten,0.03278,gbuffer,0.14012,lighting,0.08957,tonemap,0.03715,,0.00000,,0.00000,,0.00000,,0.00000,,0.00000,,0.00000,,0.00000,,0.00000,,0.00000,,0.00000,,0.00000,,0.00000,,0.00000,,0.00000,,0.00000,,0.00000,,0.00000,,0.00000,,0.00000,,0.00000,,0.00000,,0.00000,,0.00000,,0.00000,DonutVisGBuffer,2026-07-30T01:15:12,free,0.37066,0.39933,0.59875,0.39467,0.37283,0.37664,0.41219,0.42090,16641,0,128,100,9,2,0,117,0,0,0,1,auto,unused,120,600,0,0,../../../../../scripts/standard_camera.csv,10,0,0,60,0,1,60,1920,1080,1,0,64,1.0,0.5,128,0.0,0.0,-3.0,0.0,0.0,0.0,0.1,1000.0,0.785,1,255,1,0,0,-1.0,1.0,1.0,0.5,1,1,256,1,100,05_synth_diversity_dense,0,117,0,success,0,,"Scene CPU cache disabled; rebuilding source scene.
Log saved to: ${REPOSITORY_ROOT}\out\build\x64-Release\bin\Release\logs\log_2026-07-30_01-15-16.txt",,
118,05_synth_diversity_dense,${RUN_TEMP}\run_00118.csv,8,2,0,118,0,0,0,1,auto,unused,120,600,1,0,0,../../../../../scripts/standard_camera.csv,10,0,0,60,0,captures,1,60,1920,1080,2,0,64,1,0.5,0,0,-3,0,0,0,0.1,1000,0.785,1,255,1,0,0,-1,1,1,0.5,128,1,1,256,1,100,total,0.25423,depth_prepass,0.02367,geometry,0.10366,lighting,0.08570,tonemap,0.02843,,0.00000,,0.00000,,0.00000,,0.00000,,0.00000,,0.00000,,0.00000,,0.00000,,0.00000,,0.00000,,0.00000,,0.00000,,0.00000,,0.00000,,0.00000,,0.00000,,0.00000,,0.00000,,0.00000,,0.00000,,0.00000,,0.00000,,0.00000,,0.00000,,0.00000,,0.00000,,0.00000,DonutDeferredPrepass,2026-07-30T01:15:16,free,0.24960,0.25405,0.26195,0.25423,0.25069,0.25280,0.25581,0.25968,16641,0,128,100,8,2,0,118,0,0,0,1,auto,unused,120,600,0,0,../../../../../scripts/standard_camera.csv,10,0,0,60,0,1,60,1920,1080,2,0,64,1.0,0.5,128,0.0,0.0,-3.0,0.0,0.0,0.0,0.1,1000.0,0.785,1,255,1,0,0,-1.0,1.0,1.0,0.5,1,1,256,1,100,05_synth_diversity_dense,0,118,0,success,0,,"Scene CPU cache disabled; rebuilding source scene.
Log saved to: ${REPOSITORY_ROOT}\out\build\x64-Release\bin\Release\logs\log_2026-07-30_01-15-18.txt",,
119,05_synth_diversity_dense,${RUN_TEMP}\run_00119.csv,9,2,0,119,0,0,0,1,auto,unused,120,600,1,0,0,../../../../../scripts/standard_camera.csv,10,0,0,60,0,captures,1,60,1920,1080,2,0,64,1,0.5,0,0,-3,0,0,0,0.1,1000,0.785,1,255,1,0,0,-1,1,1,0.5,128,1,1,256,1,100,total,0.37235,visibility,0.03365,visutil_histogram,0.02539,visutil_prefix,0.00207,visutil_flatten,0.03278,gbuffer,0.12760,lighting,0.08879,tonemap,0.02984,,0.00000,,0.00000,,0.00000,,0.00000,,0.00000,,0.00000,,0.00000,,0.00000,,0.00000,,0.00000,,0.00000,,0.00000,,0.00000,,0.00000,,0.00000,,0.00000,,0.00000,,0.00000,,0.00000,,0.00000,,0.00000,,0.00000,,0.00000,,0.00000,DonutVisGBuffer,2026-07-30T01:15:18,free,0.36410,0.37242,0.49696,0.37235,0.36547,0.36835,0.37645,0.38016,16641,0,128,100,9,2,0,119,0,0,0,1,auto,unused,120,600,0,0,../../../../../scripts/standard_camera.csv,10,0,0,60,0,1,60,1920,1080,2,0,64,1.0,0.5,128,0.0,0.0,-3.0,0.0,0.0,0.0,0.1,1000.0,0.785,1,255,1,0,0,-1.0,1.0,1.0,0.5,1,1,256,1,100,05_synth_diversity_dense,0,119,0,success,0,,"Scene CPU cache disabled; rebuilding source scene.
Log saved to: ${REPOSITORY_ROOT}\out\build\x64-Release\bin\Release\logs\log_2026-07-30_01-15-21.txt",,
120,05_synth_diversity_dense,${RUN_TEMP}\run_00120.csv,8,2,0,120,0,0,0,1,auto,unused,120,600,1,0,0,../../../../../scripts/standard_camera.csv,10,0,0,60,0,captures,1,60,1920,1080,0,0,64,1,0.6,0,0,-3,0,0,0,0.1,1000,0.785,1,255,1,0,0,-1,1,1,0.5,128,1,1,256,1,100,total,0.25429,depth_prepass,0.02460,geometry,0.10247,lighting,0.08569,tonemap,0.02854,,0.00000,,0.00000,,0.00000,,0.00000,,0.00000,,0.00000,,0.00000,,0.00000,,0.00000,,0.00000,,0.00000,,0.00000,,0.00000,,0.00000,,0.00000,,0.00000,,0.00000,,0.00000,,0.00000,,0.00000,,0.00000,,0.00000,,0.00000,,0.00000,,0.00000,,0.00000,,0.00000,DonutDeferredPrepass,2026-07-30T01:15:21,free,0.24963,0.25392,0.37987,0.25429,0.25053,0.25267,0.25558,0.25958,16641,0,128,100,8,2,0,120,0,0,0,1,auto,unused,120,600,0,0,../../../../../scripts/standard_camera.csv,10,0,0,60,0,1,60,1920,1080,0,0,64,1.0,0.6,128,0.0,0.0,-3.0,0.0,0.0,0.0,0.1,1000.0,0.785,1,255,1,0,0,-1.0,1.0,1.0,0.5,1,1,256,1,100,05_synth_diversity_dense,0,120,0,success,0,,"Scene CPU cache disabled; rebuilding source scene.
Log saved to: ${REPOSITORY_ROOT}\out\build\x64-Release\bin\Release\logs\log_2026-07-30_01-15-23.txt",,
121,05_synth_diversity_dense,${RUN_TEMP}\run_00121.csv,9,2,0,121,0,0,0,1,auto,unused,120,600,1,0,0,../../../../../scripts/standard_camera.csv,10,0,0,60,0,captures,1,60,1920,1080,0,0,64,1,0.6,0,0,-3,0,0,0,0.1,1000,0.785,1,255,1,0,0,-1,1,1,0.5,128,1,1,256,1,100,total,0.39876,visibility,0.03421,visutil_histogram,0.02665,visutil_prefix,0.00214,visutil_flatten,0.03313,gbuffer,0.14141,lighting,0.08960,tonemap,0.03902,,0.00000,,0.00000,,0.00000,,0.00000,,0.00000,,0.00000,,0.00000,,0.00000,,0.00000,,0.00000,,0.00000,,0.00000,,0.00000,,0.00000,,0.00000,,0.00000,,0.00000,,0.00000,,0.00000,,0.00000,,0.00000,,0.00000,,0.00000,,0.00000,DonutVisGBuffer,2026-07-30T01:15:23,free,0.37331,0.40531,0.58608,0.39876,0.37565,0.37866,0.41194,0.42301,16641,0,128,100,9,2,0,121,0,0,0,1,auto,unused,120,600,0,0,../../../../../scripts/standard_camera.csv,10,0,0,60,0,1,60,1920,1080,0,0,64,1.0,0.6,128,0.0,0.0,-3.0,0.0,0.0,0.0,0.1,1000.0,0.785,1,255,1,0,0,-1.0,1.0,1.0,0.5,1,1,256,1,100,05_synth_diversity_dense,0,121,0,success,0,,"Scene CPU cache disabled; rebuilding source scene.
Log saved to: ${REPOSITORY_ROOT}\out\build\x64-Release\bin\Release\logs\log_2026-07-30_01-15-27.txt",,
122,05_synth_diversity_dense,${RUN_TEMP}\run_00122.csv,8,2,0,122,0,0,0,1,auto,unused,120,600,1,0,0,../../../../../scripts/standard_camera.csv,10,0,0,60,0,captures,1,60,1920,1080,1,0,64,1,0.6,0,0,-3,0,0,0,0.1,1000,0.785,1,255,1,0,0,-1,1,1,0.5,128,1,1,256,1,100,total,0.25412,depth_prepass,0.02466,geometry,0.10246,lighting,0.08571,tonemap,0.02853,,0.00000,,0.00000,,0.00000,,0.00000,,0.00000,,0.00000,,0.00000,,0.00000,,0.00000,,0.00000,,0.00000,,0.00000,,0.00000,,0.00000,,0.00000,,0.00000,,0.00000,,0.00000,,0.00000,,0.00000,,0.00000,,0.00000,,0.00000,,0.00000,,0.00000,,0.00000,,0.00000,DonutDeferredPrepass,2026-07-30T01:15:27,free,0.24941,0.25405,0.26179,0.25412,0.25110,0.25264,0.25558,0.25965,16641,0,128,100,8,2,0,122,0,0,0,1,auto,unused,120,600,0,0,../../../../../scripts/standard_camera.csv,10,0,0,60,0,1,60,1920,1080,1,0,64,1.0,0.6,128,0.0,0.0,-3.0,0.0,0.0,0.0,0.1,1000.0,0.785,1,255,1,0,0,-1.0,1.0,1.0,0.5,1,1,256,1,100,05_synth_diversity_dense,0,122,0,success,0,,"Scene CPU cache disabled; rebuilding source scene.
Log saved to: ${REPOSITORY_ROOT}\out\build\x64-Release\bin\Release\logs\log_2026-07-30_01-15-29.txt",,
123,05_synth_diversity_dense,${RUN_TEMP}\run_00123.csv,9,2,0,123,0,0,0,1,auto,unused,120,600,1,0,0,../../../../../scripts/standard_camera.csv,10,0,0,60,0,captures,1,60,1920,1080,1,0,64,1,0.6,0,0,-3,0,0,0,0.1,1000,0.785,1,255,1,0,0,-1,1,1,0.5,128,1,1,256,1,100,total,0.38087,visibility,0.03366,visutil_histogram,0.02556,visutil_prefix,0.00207,visutil_flatten,0.03317,gbuffer,0.13558,lighting,0.08821,tonemap,0.02982,,0.00000,,0.00000,,0.00000,,0.00000,,0.00000,,0.00000,,0.00000,,0.00000,,0.00000,,0.00000,,0.00000,,0.00000,,0.00000,,0.00000,,0.00000,,0.00000,,0.00000,,0.00000,,0.00000,,0.00000,,0.00000,,0.00000,,0.00000,,0.00000,DonutVisGBuffer,2026-07-30T01:15:29,free,0.37187,0.38064,0.39424,0.38087,0.37440,0.37658,0.38525,0.38934,16641,0,128,100,9,2,0,123,0,0,0,1,auto,unused,120,600,0,0,../../../../../scripts/standard_camera.csv,10,0,0,60,0,1,60,1920,1080,1,0,64,1.0,0.6,128,0.0,0.0,-3.0,0.0,0.0,0.0,0.1,1000.0,0.785,1,255,1,0,0,-1.0,1.0,1.0,0.5,1,1,256,1,100,05_synth_diversity_dense,0,123,0,success,0,,"Scene CPU cache disabled; rebuilding source scene.
Log saved to: ${REPOSITORY_ROOT}\out\build\x64-Release\bin\Release\logs\log_2026-07-30_01-15-32.txt",,
124,05_synth_diversity_dense,${RUN_TEMP}\run_00124.csv,8,2,0,124,0,0,0,1,auto,unused,120,600,1,0,0,../../../../../scripts/standard_camera.csv,10,0,0,60,0,captures,1,60,1920,1080,2,0,64,1,0.6,0,0,-3,0,0,0,0.1,1000,0.785,1,255,1,0,0,-1,1,1,0.5,128,1,1,256,1,100,total,0.25371,depth_prepass,0.02444,geometry,0.10230,lighting,0.08580,tonemap,0.02846,,0.00000,,0.00000,,0.00000,,0.00000,,0.00000,,0.00000,,0.00000,,0.00000,,0.00000,,0.00000,,0.00000,,0.00000,,0.00000,,0.00000,,0.00000,,0.00000,,0.00000,,0.00000,,0.00000,,0.00000,,0.00000,,0.00000,,0.00000,,0.00000,,0.00000,,0.00000,,0.00000,DonutDeferredPrepass,2026-07-30T01:15:32,free,0.24890,0.25341,0.37770,0.25371,0.24995,0.25213,0.25507,0.25882,16641,0,128,100,8,2,0,124,0,0,0,1,auto,unused,120,600,0,0,../../../../../scripts/standard_camera.csv,10,0,0,60,0,1,60,1920,1080,2,0,64,1.0,0.6,128,0.0,0.0,-3.0,0.0,0.0,0.0,0.1,1000.0,0.785,1,255,1,0,0,-1.0,1.0,1.0,0.5,1,1,256,1,100,05_synth_diversity_dense,0,124,0,success,0,,"Scene CPU cache disabled; rebuilding source scene.
Log saved to: ${REPOSITORY_ROOT}\out\build\x64-Release\bin\Release\logs\log_2026-07-30_01-15-34.txt",,
125,05_synth_diversity_dense,${RUN_TEMP}\run_00125.csv,9,2,0,125,0,0,0,1,auto,unused,120,600,1,0,0,../../../../../scripts/standard_camera.csv,10,0,0,60,0,captures,1,60,1920,1080,2,0,64,1,0.6,0,0,-3,0,0,0,0.1,1000,0.785,1,255,1,0,0,-1,1,1,0.5,128,1,1,256,1,100,total,0.37457,visibility,0.03376,visutil_histogram,0.02564,visutil_prefix,0.00207,visutil_flatten,0.03314,gbuffer,0.12911,lighting,0.08843,tonemap,0.02976,,0.00000,,0.00000,,0.00000,,0.00000,,0.00000,,0.00000,,0.00000,,0.00000,,0.00000,,0.00000,,0.00000,,0.00000,,0.00000,,0.00000,,0.00000,,0.00000,,0.00000,,0.00000,,0.00000,,0.00000,,0.00000,,0.00000,,0.00000,,0.00000,DonutVisGBuffer,2026-07-30T01:15:34,free,0.36627,0.37446,0.38736,0.37457,0.36832,0.37088,0.37840,0.38310,16641,0,128,100,9,2,0,125,0,0,0,1,auto,unused,120,600,0,0,../../../../../scripts/standard_camera.csv,10,0,0,60,0,1,60,1920,1080,2,0,64,1.0,0.6,128,0.0,0.0,-3.0,0.0,0.0,0.0,0.1,1000.0,0.785,1,255,1,0,0,-1.0,1.0,1.0,0.5,1,1,256,1,100,05_synth_diversity_dense,0,125,0,success,0,,"Scene CPU cache disabled; rebuilding source scene.
Log saved to: ${REPOSITORY_ROOT}\out\build\x64-Release\bin\Release\logs\log_2026-07-30_01-15-37.txt",,
126,05_synth_diversity_dense,${RUN_TEMP}\run_00126.csv,8,2,0,126,0,0,0,1,auto,unused,120,600,1,0,0,../../../../../scripts/standard_camera.csv,10,0,0,60,0,captures,1,60,1920,1080,0,0,64,1,0.7,0,0,-3,0,0,0,0.1,1000,0.785,1,255,1,0,0,-1,1,1,0.5,128,1,1,256,1,100,total,0.25418,depth_prepass,0.02529,geometry,0.10116,lighting,0.08571,tonemap,0.02894,,0.00000,,0.00000,,0.00000,,0.00000,,0.00000,,0.00000,,0.00000,,0.00000,,0.00000,,0.00000,,0.00000,,0.00000,,0.00000,,0.00000,,0.00000,,0.00000,,0.00000,,0.00000,,0.00000,,0.00000,,0.00000,,0.00000,,0.00000,,0.00000,,0.00000,,0.00000,,0.00000,DonutDeferredPrepass,2026-07-30T01:15:37,free,0.25056,0.25389,0.38026,0.25418,0.25139,0.25261,0.25526,0.25933,16641,0,128,100,8,2,0,126,0,0,0,1,auto,unused,120,600,0,0,../../../../../scripts/standard_camera.csv,10,0,0,60,0,1,60,1920,1080,0,0,64,1.0,0.7,128,0.0,0.0,-3.0,0.0,0.0,0.0,0.1,1000.0,0.785,1,255,1,0,0,-1.0,1.0,1.0,0.5,1,1,256,1,100,05_synth_diversity_dense,0,126,0,success,0,,"Scene CPU cache disabled; rebuilding source scene.
Log saved to: ${REPOSITORY_ROOT}\out\build\x64-Release\bin\Release\logs\log_2026-07-30_01-15-39.txt",,
127,05_synth_diversity_dense,${RUN_TEMP}\run_00127.csv,9,2,0,127,0,0,0,1,auto,unused,120,600,1,0,0,../../../../../scripts/standard_camera.csv,10,0,0,60,0,captures,1,60,1920,1080,0,0,64,1,0.7,0,0,-3,0,0,0,0.1,1000,0.785,1,255,1,0,0,-1,1,1,0.5,128,1,1,256,1,100,total,0.38741,visibility,0.03392,visutil_histogram,0.02623,visutil_prefix,0.00210,visutil_flatten,0.03349,gbuffer,0.13731,lighting,0.08917,tonemap,0.03313,,0.00000,,0.00000,,0.00000,,0.00000,,0.00000,,0.00000,,0.00000,,0.00000,,0.00000,,0.00000,,0.00000,,0.00000,,0.00000,,0.00000,,0.00000,,0.00000,,0.00000,,0.00000,,0.00000,,0.00000,,0.00000,,0.00000,,0.00000,,0.00000,DonutVisGBuffer,2026-07-30T01:15:39,free,0.37226,0.38144,0.59738,0.38741,0.37408,0.37670,0.40851,0.42410,16641,0,128,100,9,2,0,127,0,0,0,1,auto,unused,120,600,0,0,../../../../../scripts/standard_camera.csv,10,0,0,60,0,1,60,1920,1080,0,0,64,1.0,0.7,128,0.0,0.0,-3.0,0.0,0.0,0.0,0.1,1000.0,0.785,1,255,1,0,0,-1.0,1.0,1.0,0.5,1,1,256,1,100,05_synth_diversity_dense,0,127,0,success,0,,"Scene CPU cache disabled; rebuilding source scene.
Log saved to: ${REPOSITORY_ROOT}\out\build\x64-Release\bin\Release\logs\log_2026-07-30_01-15-43.txt",,
128,05_synth_diversity_dense,${RUN_TEMP}\run_00128.csv,8,2,0,128,0,0,0,1,auto,unused,120,600,1,0,0,../../../../../scripts/standard_camera.csv,10,0,0,60,0,captures,1,60,1920,1080,1,0,64,1,0.7,0,0,-3,0,0,0,0.1,1000,0.785,1,255,1,0,0,-1,1,1,0.5,128,1,1,256,1,100,total,0.25372,depth_prepass,0.02534,geometry,0.10118,lighting,0.08567,tonemap,0.02854,,0.00000,,0.00000,,0.00000,,0.00000,,0.00000,,0.00000,,0.00000,,0.00000,,0.00000,,0.00000,,0.00000,,0.00000,,0.00000,,0.00000,,0.00000,,0.00000,,0.00000,,0.00000,,0.00000,,0.00000,,0.00000,,0.00000,,0.00000,,0.00000,,0.00000,,0.00000,,0.00000,DonutDeferredPrepass,2026-07-30T01:15:43,free,0.25030,0.25325,0.37418,0.25372,0.25101,0.25213,0.25491,0.26102,16641,0,128,100,8,2,0,128,0,0,0,1,auto,unused,120,600,0,0,../../../../../scripts/standard_camera.csv,10,0,0,60,0,1,60,1920,1080,1,0,64,1.0,0.7,128,0.0,0.0,-3.0,0.0,0.0,0.0,0.1,1000.0,0.785,1,255,1,0,0,-1.0,1.0,1.0,0.5,1,1,256,1,100,05_synth_diversity_dense,0,128,0,success,0,,"Scene CPU cache disabled; rebuilding source scene.
Log saved to: ${REPOSITORY_ROOT}\out\build\x64-Release\bin\Release\logs\log_2026-07-30_01-15-45.txt",,
129,05_synth_diversity_dense,${RUN_TEMP}\run_00129.csv,9,2,0,129,0,0,0,1,auto,unused,120,600,1,0,0,../../../../../scripts/standard_camera.csv,10,0,0,60,0,captures,1,60,1920,1080,1,0,64,1,0.7,0,0,-3,0,0,0,0.1,1000,0.785,1,255,1,0,0,-1,1,1,0.5,128,1,1,256,1,100,total,0.38995,visibility,0.03392,visutil_histogram,0.02652,visutil_prefix,0.00211,visutil_flatten,0.03354,gbuffer,0.13835,lighting,0.08895,tonemap,0.03449,,0.00000,,0.00000,,0.00000,,0.00000,,0.00000,,0.00000,,0.00000,,0.00000,,0.00000,,0.00000,,0.00000,,0.00000,,0.00000,,0.00000,,0.00000,,0.00000,,0.00000,,0.00000,,0.00000,,0.00000,,0.00000,,0.00000,,0.00000,,0.00000,DonutVisGBuffer,2026-07-30T01:15:45,free,0.37306,0.38266,0.43088,0.38995,0.37514,0.37776,0.41043,0.41955,16641,0,128,100,9,2,0,129,0,0,0,1,auto,unused,120,600,0,0,../../../../../scripts/standard_camera.csv,10,0,0,60,0,1,60,1920,1080,1,0,64,1.0,0.7,128,0.0,0.0,-3.0,0.0,0.0,0.0,0.1,1000.0,0.785,1,255,1,0,0,-1.0,1.0,1.0,0.5,1,1,256,1,100,05_synth_diversity_dense,0,129,0,success,0,,"Scene CPU cache disabled; rebuilding source scene.
Log saved to: ${REPOSITORY_ROOT}\out\build\x64-Release\bin\Release\logs\log_2026-07-30_01-15-49.txt",,
130,05_synth_diversity_dense,${RUN_TEMP}\run_00130.csv,8,2,0,130,0,0,0,1,auto,unused,120,600,1,0,0,../../../../../scripts/standard_camera.csv,10,0,0,60,0,captures,1,60,1920,1080,2,0,64,1,0.7,0,0,-3,0,0,0,0.1,1000,0.785,1,255,1,0,0,-1,1,1,0.5,128,1,1,256,1,100,total,0.25385,depth_prepass,0.02545,geometry,0.10127,lighting,0.08570,tonemap,0.02867,,0.00000,,0.00000,,0.00000,,0.00000,,0.00000,,0.00000,,0.00000,,0.00000,,0.00000,,0.00000,,0.00000,,0.00000,,0.00000,,0.00000,,0.00000,,0.00000,,0.00000,,0.00000,,0.00000,,0.00000,,0.00000,,0.00000,,0.00000,,0.00000,,0.00000,,0.00000,,0.00000,DonutDeferredPrepass,2026-07-30T01:15:49,free,0.25082,0.25376,0.26115,0.25385,0.25123,0.25238,0.25526,0.25930,16641,0,128,100,8,2,0,130,0,0,0,1,auto,unused,120,600,0,0,../../../../../scripts/standard_camera.csv,10,0,0,60,0,1,60,1920,1080,2,0,64,1.0,0.7,128,0.0,0.0,-3.0,0.0,0.0,0.0,0.1,1000.0,0.785,1,255,1,0,0,-1.0,1.0,1.0,0.5,1,1,256,1,100,05_synth_diversity_dense,0,130,0,success,0,,"Scene CPU cache disabled; rebuilding source scene.
Log saved to: ${REPOSITORY_ROOT}\out\build\x64-Release\bin\Release\logs\log_2026-07-30_01-15-51.txt",,
131,05_synth_diversity_dense,${RUN_TEMP}\run_00131.csv,9,2,0,131,0,0,0,1,auto,unused,120,600,1,0,0,../../../../../scripts/standard_camera.csv,10,0,0,60,0,captures,1,60,1920,1080,2,0,64,1,0.7,0,0,-3,0,0,0,0.1,1000,0.785,1,255,1,0,0,-1,1,1,0.5,128,1,1,256,1,100,total,0.37595,visibility,0.03369,visutil_histogram,0.02607,visutil_prefix,0.00207,visutil_flatten,0.03353,gbuffer,0.13037,lighting,0.08840,tonemap,0.02980,,0.00000,,0.00000,,0.00000,,0.00000,,0.00000,,0.00000,,0.00000,,0.00000,,0.00000,,0.00000,,0.00000,,0.00000,,0.00000,,0.00000,,0.00000,,0.00000,,0.00000,,0.00000,,0.00000,,0.00000,,0.00000,,0.00000,,0.00000,,0.00000,DonutVisGBuffer,2026-07-30T01:15:51,free,0.36867,0.37613,0.40918,0.37595,0.37037,0.37248,0.37914,0.38339,16641,0,128,100,9,2,0,131,0,0,0,1,auto,unused,120,600,0,0,../../../../../scripts/standard_camera.csv,10,0,0,60,0,1,60,1920,1080,2,0,64,1.0,0.7,128,0.0,0.0,-3.0,0.0,0.0,0.0,0.1,1000.0,0.785,1,255,1,0,0,-1.0,1.0,1.0,0.5,1,1,256,1,100,05_synth_diversity_dense,0,131,0,success,0,,"Scene CPU cache disabled; rebuilding source scene.
Log saved to: ${REPOSITORY_ROOT}\out\build\x64-Release\bin\Release\logs\log_2026-07-30_01-15-54.txt",,
132,05_synth_diversity_dense,${RUN_TEMP}\run_00132.csv,8,2,0,132,0,0,0,1,auto,unused,120,600,1,0,0,../../../../../scripts/standard_camera.csv,10,0,0,60,0,captures,1,60,1920,1080,0,0,64,1,0.8,0,0,-3,0,0,0,0.1,1000,0.785,1,255,1,0,0,-1,1,1,0.5,128,1,1,256,1,100,total,0.25346,depth_prepass,0.02551,geometry,0.10040,lighting,0.08566,tonemap,0.02907,,0.00000,,0.00000,,0.00000,,0.00000,,0.00000,,0.00000,,0.00000,,0.00000,,0.00000,,0.00000,,0.00000,,0.00000,,0.00000,,0.00000,,0.00000,,0.00000,,0.00000,,0.00000,,0.00000,,0.00000,,0.00000,,0.00000,,0.00000,,0.00000,,0.00000,,0.00000,,0.00000,DonutDeferredPrepass,2026-07-30T01:15:54,free,0.25069,0.25341,0.26083,0.25346,0.25136,0.25203,0.25462,0.25952,16641,0,128,100,8,2,0,132,0,0,0,1,auto,unused,120,600,0,0,../../../../../scripts/standard_camera.csv,10,0,0,60,0,1,60,1920,1080,0,0,64,1.0,0.8,128,0.0,0.0,-3.0,0.0,0.0,0.0,0.1,1000.0,0.785,1,255,1,0,0,-1.0,1.0,1.0,0.5,1,1,256,1,100,05_synth_diversity_dense,0,132,0,success,0,,"Scene CPU cache disabled; rebuilding source scene.
Log saved to: ${REPOSITORY_ROOT}\out\build\x64-Release\bin\Release\logs\log_2026-07-30_01-15-56.txt",,
133,05_synth_diversity_dense,${RUN_TEMP}\run_00133.csv,9,2,0,133,0,0,0,1,auto,unused,120,600,1,0,0,../../../../../scripts/standard_camera.csv,10,0,0,60,0,captures,1,60,1920,1080,0,0,64,1,0.8,0,0,-3,0,0,0,0.1,1000,0.785,1,255,1,0,0,-1,1,1,0.5,128,1,1,256,1,100,total,0.38015,visibility,0.03380,visutil_histogram,0.02618,visutil_prefix,0.00207,visutil_flatten,0.03380,gbuffer,0.13456,lighting,0.08825,tonemap,0.02970,,0.00000,,0.00000,,0.00000,,0.00000,,0.00000,,0.00000,,0.00000,,0.00000,,0.00000,,0.00000,,0.00000,,0.00000,,0.00000,,0.00000,,0.00000,,0.00000,,0.00000,,0.00000,,0.00000,,0.00000,,0.00000,,0.00000,,0.00000,,0.00000,DonutVisGBuffer,2026-07-30T01:15:56,free,0.37149,0.38032,0.39174,0.38015,0.37366,0.37654,0.38448,0.38899,16641,0,128,100,9,2,0,133,0,0,0,1,auto,unused,120,600,0,0,../../../../../scripts/standard_camera.csv,10,0,0,60,0,1,60,1920,1080,0,0,64,1.0,0.8,128,0.0,0.0,-3.0,0.0,0.0,0.0,0.1,1000.0,0.785,1,255,1,0,0,-1.0,1.0,1.0,0.5,1,1,256,1,100,05_synth_diversity_dense,0,133,0,success,0,,"Scene CPU cache disabled; rebuilding source scene.
Log saved to: ${REPOSITORY_ROOT}\out\build\x64-Release\bin\Release\logs\log_2026-07-30_01-15-59.txt",,
134,05_synth_diversity_dense,${RUN_TEMP}\run_00134.csv,8,2,0,134,0,0,0,1,auto,unused,120,600,1,0,0,../../../../../scripts/standard_camera.csv,10,0,0,60,0,captures,1,60,1920,1080,1,0,64,1,0.8,0,0,-3,0,0,0,0.1,1000,0.785,1,255,1,0,0,-1,1,1,0.5,128,1,1,256,1,100,total,0.25325,depth_prepass,0.02555,geometry,0.10041,lighting,0.08560,tonemap,0.02892,,0.00000,,0.00000,,0.00000,,0.00000,,0.00000,,0.00000,,0.00000,,0.00000,,0.00000,,0.00000,,0.00000,,0.00000,,0.00000,,0.00000,,0.00000,,0.00000,,0.00000,,0.00000,,0.00000,,0.00000,,0.00000,,0.00000,,0.00000,,0.00000,,0.00000,,0.00000,,0.00000,DonutDeferredPrepass,2026-07-30T01:15:59,free,0.25082,0.25309,0.26131,0.25325,0.25126,0.25219,0.25450,0.25853,16641,0,128,100,8,2,0,134,0,0,0,1,auto,unused,120,600,0,0,../../../../../scripts/standard_camera.csv,10,0,0,60,0,1,60,1920,1080,1,0,64,1.0,0.8,128,0.0,0.0,-3.0,0.0,0.0,0.0,0.1,1000.0,0.785,1,255,1,0,0,-1.0,1.0,1.0,0.5,1,1,256,1,100,05_synth_diversity_dense,0,134,0,success,0,,"Scene CPU cache disabled; rebuilding source scene.
Log saved to: ${REPOSITORY_ROOT}\out\build\x64-Release\bin\Release\logs\log_2026-07-30_01-16-01.txt",,
135,05_synth_diversity_dense,${RUN_TEMP}\run_00135.csv,9,2,0,135,0,0,0,1,auto,unused,120,600,1,0,0,../../../../../scripts/standard_camera.csv,10,0,0,60,0,captures,1,60,1920,1080,1,0,64,1,0.8,0,0,-3,0,0,0,0.1,1000,0.785,1,255,1,0,0,-1,1,1,0.5,128,1,1,256,1,100,total,0.38904,visibility,0.03398,visutil_histogram,0.02666,visutil_prefix,0.00210,visutil_flatten,0.03383,gbuffer,0.13810,lighting,0.08892,tonemap,0.03352,,0.00000,,0.00000,,0.00000,,0.00000,,0.00000,,0.00000,,0.00000,,0.00000,,0.00000,,0.00000,,0.00000,,0.00000,,0.00000,,0.00000,,0.00000,,0.00000,,0.00000,,0.00000,,0.00000,,0.00000,,0.00000,,0.00000,,0.00000,,0.00000,DonutVisGBuffer,2026-07-30T01:16:01,free,0.37254,0.38227,0.58970,0.38904,0.37434,0.37766,0.40947,0.42128,16641,0,128,100,9,2,0,135,0,0,0,1,auto,unused,120,600,0,0,../../../../../scripts/standard_camera.csv,10,0,0,60,0,1,60,1920,1080,1,0,64,1.0,0.8,128,0.0,0.0,-3.0,0.0,0.0,0.0,0.1,1000.0,0.785,1,255,1,0,0,-1.0,1.0,1.0,0.5,1,1,256,1,100,05_synth_diversity_dense,0,135,0,success,0,,"Scene CPU cache disabled; rebuilding source scene.
Log saved to: ${REPOSITORY_ROOT}\out\build\x64-Release\bin\Release\logs\log_2026-07-30_01-16-05.txt",,
136,05_synth_diversity_dense,${RUN_TEMP}\run_00136.csv,8,2,0,136,0,0,0,1,auto,unused,120,600,1,0,0,../../../../../scripts/standard_camera.csv,10,0,0,60,0,captures,1,60,1920,1080,2,0,64,1,0.8,0,0,-3,0,0,0,0.1,1000,0.785,1,255,1,0,0,-1,1,1,0.5,128,1,1,256,1,100,total,0.25330,depth_prepass,0.02518,geometry,0.10038,lighting,0.08570,tonemap,0.02919,,0.00000,,0.00000,,0.00000,,0.00000,,0.00000,,0.00000,,0.00000,,0.00000,,0.00000,,0.00000,,0.00000,,0.00000,,0.00000,,0.00000,,0.00000,,0.00000,,0.00000,,0.00000,,0.00000,,0.00000,,0.00000,,0.00000,,0.00000,,0.00000,,0.00000,,0.00000,,0.00000,DonutDeferredPrepass,2026-07-30T01:16:05,free,0.25078,0.25309,0.27770,0.25330,0.25117,0.25219,0.25440,0.25942,16641,0,128,100,8,2,0,136,0,0,0,1,auto,unused,120,600,0,0,../../../../../scripts/standard_camera.csv,10,0,0,60,0,1,60,1920,1080,2,0,64,1.0,0.8,128,0.0,0.0,-3.0,0.0,0.0,0.0,0.1,1000.0,0.785,1,255,1,0,0,-1.0,1.0,1.0,0.5,1,1,256,1,100,05_synth_diversity_dense,0,136,0,success,0,,"Scene CPU cache disabled; rebuilding source scene.
Log saved to: ${REPOSITORY_ROOT}\out\build\x64-Release\bin\Release\logs\log_2026-07-30_01-16-07.txt",,
137,05_synth_diversity_dense,${RUN_TEMP}\run_00137.csv,9,2,0,137,0,0,0,1,auto,unused,120,600,1,0,0,../../../../../scripts/standard_camera.csv,10,0,0,60,0,captures,1,60,1920,1080,2,0,64,1,0.8,0,0,-3,0,0,0,0.1,1000,0.785,1,255,1,0,0,-1,1,1,0.5,128,1,1,256,1,100,total,0.38220,visibility,0.03396,visutil_histogram,0.02677,visutil_prefix,0.00208,visutil_flatten,0.03383,gbuffer,0.13296,lighting,0.08862,tonemap,0.03177,,0.00000,,0.00000,,0.00000,,0.00000,,0.00000,,0.00000,,0.00000,,0.00000,,0.00000,,0.00000,,0.00000,,0.00000,,0.00000,,0.00000,,0.00000,,0.00000,,0.00000,,0.00000,,0.00000,,0.00000,,0.00000,,0.00000,,0.00000,,0.00000,DonutVisGBuffer,2026-07-30T01:16:07,free,0.37011,0.37856,0.53734,0.38220,0.37235,0.37469,0.40547,0.41203,16641,0,128,100,9,2,0,137,0,0,0,1,auto,unused,120,600,0,0,../../../../../scripts/standard_camera.csv,10,0,0,60,0,1,60,1920,1080,2,0,64,1.0,0.8,128,0.0,0.0,-3.0,0.0,0.0,0.0,0.1,1000.0,0.785,1,255,1,0,0,-1.0,1.0,1.0,0.5,1,1,256,1,100,05_synth_diversity_dense,0,137,0,success,0,,"Scene CPU cache disabled; rebuilding source scene.
Log saved to: ${REPOSITORY_ROOT}\out\build\x64-Release\bin\Release\logs\log_2026-07-30_01-16-11.txt",,
138,05_synth_diversity_dense,${RUN_TEMP}\run_00138.csv,8,2,0,138,0,0,0,1,auto,unused,120,600,1,0,0,../../../../../scripts/standard_camera.csv,10,0,0,60,0,captures,1,60,1920,1080,0,0,64,1,0.9,0,0,-3,0,0,0,0.1,1000,0.785,1,255,1,0,0,-1,1,1,0.5,128,1,1,256,1,100,total,0.25291,depth_prepass,0.02560,geometry,0.09996,lighting,0.08562,tonemap,0.02900,,0.00000,,0.00000,,0.00000,,0.00000,,0.00000,,0.00000,,0.00000,,0.00000,,0.00000,,0.00000,,0.00000,,0.00000,,0.00000,,0.00000,,0.00000,,0.00000,,0.00000,,0.00000,,0.00000,,0.00000,,0.00000,,0.00000,,0.00000,,0.00000,,0.00000,,0.00000,,0.00000,DonutDeferredPrepass,2026-07-30T01:16:11,free,0.25024,0.25277,0.26029,0.25291,0.25098,0.25149,0.25427,0.25856,16641,0,128,100,8,2,0,138,0,0,0,1,auto,unused,120,600,0,0,../../../../../scripts/standard_camera.csv,10,0,0,60,0,1,60,1920,1080,0,0,64,1.0,0.9,128,0.0,0.0,-3.0,0.0,0.0,0.0,0.1,1000.0,0.785,1,255,1,0,0,-1.0,1.0,1.0,0.5,1,1,256,1,100,05_synth_diversity_dense,0,138,0,success,0,,"Scene CPU cache disabled; rebuilding source scene.
Log saved to: ${REPOSITORY_ROOT}\out\build\x64-Release\bin\Release\logs\log_2026-07-30_01-16-12.txt",,
139,05_synth_diversity_dense,${RUN_TEMP}\run_00139.csv,9,2,0,139,0,0,0,1,auto,unused,120,600,1,0,0,../../../../../scripts/standard_camera.csv,10,0,0,60,0,captures,1,60,1920,1080,0,0,64,1,0.9,0,0,-3,0,0,0,0.1,1000,0.785,1,255,1,0,0,-1,1,1,0.5,128,1,1,256,1,100,total,0.39666,visibility,0.03423,visutil_histogram,0.02750,visutil_prefix,0.00213,visutil_flatten,0.03405,gbuffer,0.13959,lighting,0.08927,tonemap,0.03777,,0.00000,,0.00000,,0.00000,,0.00000,,0.00000,,0.00000,,0.00000,,0.00000,,0.00000,,0.00000,,0.00000,,0.00000,,0.00000,,0.00000,,0.00000,,0.00000,,0.00000,,0.00000,,0.00000,,0.00000,,0.00000,,0.00000,,0.00000,,0.00000,DonutVisGBuffer,2026-07-30T01:16:12,free,0.37402,0.40627,0.43120,0.39666,0.37606,0.37872,0.41174,0.42298,16641,0,128,100,9,2,0,139,0,0,0,1,auto,unused,120,600,0,0,../../../../../scripts/standard_camera.csv,10,0,0,60,0,1,60,1920,1080,0,0,64,1.0,0.9,128,0.0,0.0,-3.0,0.0,0.0,0.0,0.1,1000.0,0.785,1,255,1,0,0,-1.0,1.0,1.0,0.5,1,1,256,1,100,05_synth_diversity_dense,0,139,0,success,0,,"Scene CPU cache disabled; rebuilding source scene.
Log saved to: ${REPOSITORY_ROOT}\out\build\x64-Release\bin\Release\logs\log_2026-07-30_01-16-16.txt",,
140,05_synth_diversity_dense,${RUN_TEMP}\run_00140.csv,8,2,0,140,0,0,0,1,auto,unused,120,600,1,0,0,../../../../../scripts/standard_camera.csv,10,0,0,60,0,captures,1,60,1920,1080,1,0,64,1,0.9,0,0,-3,0,0,0,0.1,1000,0.785,1,255,1,0,0,-1,1,1,0.5,128,1,1,256,1,100,total,0.25316,depth_prepass,0.02573,geometry,0.09999,lighting,0.08566,tonemap,0.02896,,0.00000,,0.00000,,0.00000,,0.00000,,0.00000,,0.00000,,0.00000,,0.00000,,0.00000,,0.00000,,0.00000,,0.00000,,0.00000,,0.00000,,0.00000,,0.00000,,0.00000,,0.00000,,0.00000,,0.00000,,0.00000,,0.00000,,0.00000,,0.00000,,0.00000,,0.00000,,0.00000,DonutDeferredPrepass,2026-07-30T01:16:16,free,0.25075,0.25312,0.26125,0.25316,0.25117,0.25181,0.25437,0.25952,16641,0,128,100,8,2,0,140,0,0,0,1,auto,unused,120,600,0,0,../../../../../scripts/standard_camera.csv,10,0,0,60,0,1,60,1920,1080,1,0,64,1.0,0.9,128,0.0,0.0,-3.0,0.0,0.0,0.0,0.1,1000.0,0.785,1,255,1,0,0,-1.0,1.0,1.0,0.5,1,1,256,1,100,05_synth_diversity_dense,0,140,0,success,0,,"Scene CPU cache disabled; rebuilding source scene.
Log saved to: ${REPOSITORY_ROOT}\out\build\x64-Release\bin\Release\logs\log_2026-07-30_01-16-18.txt",,
141,05_synth_diversity_dense,${RUN_TEMP}\run_00141.csv,9,2,0,141,0,0,0,1,auto,unused,120,600,1,0,0,../../../../../scripts/standard_camera.csv,10,0,0,60,0,captures,1,60,1920,1080,1,0,64,1,0.9,0,0,-3,0,0,0,0.1,1000,0.785,1,255,1,0,0,-1,1,1,0.5,128,1,1,256,1,100,total,0.38082,visibility,0.03386,visutil_histogram,0.02645,visutil_prefix,0.00207,visutil_flatten,0.03404,gbuffer,0.13413,lighting,0.08838,tonemap,0.02968,,0.00000,,0.00000,,0.00000,,0.00000,,0.00000,,0.00000,,0.00000,,0.00000,,0.00000,,0.00000,,0.00000,,0.00000,,0.00000,,0.00000,,0.00000,,0.00000,,0.00000,,0.00000,,0.00000,,0.00000,,0.00000,,0.00000,,0.00000,,0.00000,DonutVisGBuffer,2026-07-30T01:16:18,free,0.37328,0.38058,0.50685,0.38082,0.37446,0.37734,0.38435,0.38781,16641,0,128,100,9,2,0,141,0,0,0,1,auto,unused,120,600,0,0,../../../../../scripts/standard_camera.csv,10,0,0,60,0,1,60,1920,1080,1,0,64,1.0,0.9,128,0.0,0.0,-3.0,0.0,0.0,0.0,0.1,1000.0,0.785,1,255,1,0,0,-1.0,1.0,1.0,0.5,1,1,256,1,100,05_synth_diversity_dense,0,141,0,success,0,,"Scene CPU cache disabled; rebuilding source scene.
Log saved to: ${REPOSITORY_ROOT}\out\build\x64-Release\bin\Release\logs\log_2026-07-30_01-16-21.txt",,
142,05_synth_diversity_dense,${RUN_TEMP}\run_00142.csv,8,2,0,142,0,0,0,1,auto,unused,120,600,1,0,0,../../../../../scripts/standard_camera.csv,10,0,0,60,0,captures,1,60,1920,1080,2,0,64,1,0.9,0,0,-3,0,0,0,0.1,1000,0.785,1,255,1,0,0,-1,1,1,0.5,128,1,1,256,1,100,total,0.25280,depth_prepass,0.02534,geometry,0.09992,lighting,0.08569,tonemap,0.02898,,0.00000,,0.00000,,0.00000,,0.00000,,0.00000,,0.00000,,0.00000,,0.00000,,0.00000,,0.00000,,0.00000,,0.00000,,0.00000,,0.00000,,0.00000,,0.00000,,0.00000,,0.00000,,0.00000,,0.00000,,0.00000,,0.00000,,0.00000,,0.00000,,0.00000,,0.00000,,0.00000,DonutDeferredPrepass,2026-07-30T01:16:21,free,0.25040,0.25274,0.27936,0.25280,0.25082,0.25139,0.25395,0.25843,16641,0,128,100,8,2,0,142,0,0,0,1,auto,unused,120,600,0,0,../../../../../scripts/standard_camera.csv,10,0,0,60,0,1,60,1920,1080,2,0,64,1.0,0.9,128,0.0,0.0,-3.0,0.0,0.0,0.0,0.1,1000.0,0.785,1,255,1,0,0,-1.0,1.0,1.0,0.5,1,1,256,1,100,05_synth_diversity_dense,0,142,0,success,0,,"Scene CPU cache disabled; rebuilding source scene.
Log saved to: ${REPOSITORY_ROOT}\out\build\x64-Release\bin\Release\logs\log_2026-07-30_01-16-23.txt",,
143,05_synth_diversity_dense,${RUN_TEMP}\run_00143.csv,9,2,0,143,0,0,0,1,auto,unused,120,600,1,0,0,../../../../../scripts/standard_camera.csv,10,0,0,60,0,captures,1,60,1920,1080,2,0,64,1,0.9,0,0,-3,0,0,0,0.1,1000,0.785,1,255,1,0,0,-1,1,1,0.5,128,1,1,256,1,100,total,0.39703,visibility,0.03441,visutil_histogram,0.02763,visutil_prefix,0.00214,visutil_flatten,0.03406,gbuffer,0.13877,lighting,0.08945,tonemap,0.03863,,0.00000,,0.00000,,0.00000,,0.00000,,0.00000,,0.00000,,0.00000,,0.00000,,0.00000,,0.00000,,0.00000,,0.00000,,0.00000,,0.00000,,0.00000,,0.00000,,0.00000,,0.00000,,0.00000,,0.00000,,0.00000,,0.00000,,0.00000,,0.00000,DonutVisGBuffer,2026-07-30T01:16:23,free,0.37270,0.40506,0.58976,0.39703,0.37450,0.37789,0.40957,0.41965,16641,0,128,100,9,2,0,143,0,0,0,1,auto,unused,120,600,0,0,../../../../../scripts/standard_camera.csv,10,0,0,60,0,1,60,1920,1080,2,0,64,1.0,0.9,128,0.0,0.0,-3.0,0.0,0.0,0.0,0.1,1000.0,0.785,1,255,1,0,0,-1.0,1.0,1.0,0.5,1,1,256,1,100,05_synth_diversity_dense,0,143,0,success,0,,"Scene CPU cache disabled; rebuilding source scene.
Log saved to: ${REPOSITORY_ROOT}\out\build\x64-Release\bin\Release\logs\log_2026-07-30_01-16-27.txt",,
144,05_synth_diversity_dense,${RUN_TEMP}\run_00144.csv,8,2,0,144,0,0,0,1,auto,unused,120,600,1,0,0,../../../../../scripts/standard_camera.csv,10,0,0,60,0,captures,1,60,1920,1080,0,0,64,1,0.95,0,0,-3,0,0,0,0.1,1000,0.785,1,255,1,0,0,-1,1,1,0.5,128,1,1,256,1,100,total,0.25418,depth_prepass,0.02573,geometry,0.10021,lighting,0.08581,tonemap,0.02965,,0.00000,,0.00000,,0.00000,,0.00000,,0.00000,,0.00000,,0.00000,,0.00000,,0.00000,,0.00000,,0.00000,,0.00000,,0.00000,,0.00000,,0.00000,,0.00000,,0.00000,,0.00000,,0.00000,,0.00000,,0.00000,,0.00000,,0.00000,,0.00000,,0.00000,,0.00000,,0.00000,DonutDeferredPrepass,2026-07-30T01:16:27,free,0.25184,0.25402,0.26246,0.25418,0.25229,0.25290,0.25536,0.26099,16641,0,128,100,8,2,0,144,0,0,0,1,auto,unused,120,600,0,0,../../../../../scripts/standard_camera.csv,10,0,0,60,0,1,60,1920,1080,0,0,64,1.0,0.95,128,0.0,0.0,-3.0,0.0,0.0,0.0,0.1,1000.0,0.785,1,255,1,0,0,-1.0,1.0,1.0,0.5,1,1,256,1,100,05_synth_diversity_dense,0,144,0,success,0,,"Scene CPU cache disabled; rebuilding source scene.
Log saved to: ${REPOSITORY_ROOT}\out\build\x64-Release\bin\Release\logs\log_2026-07-30_01-16-29.txt",,
145,05_synth_diversity_dense,${RUN_TEMP}\run_00145.csv,9,2,0,145,0,0,0,1,auto,unused,120,600,1,0,0,../../../../../scripts/standard_camera.csv,10,0,0,60,0,captures,1,60,1920,1080,0,0,64,1,0.95,0,0,-3,0,0,0,0.1,1000,0.785,1,255,1,0,0,-1,1,1,0.5,128,1,1,256,1,100,total,0.39067,visibility,0.03435,visutil_histogram,0.02728,visutil_prefix,0.00211,visutil_flatten,0.03418,gbuffer,0.13732,lighting,0.08900,tonemap,0.03458,,0.00000,,0.00000,,0.00000,,0.00000,,0.00000,,0.00000,,0.00000,,0.00000,,0.00000,,0.00000,,0.00000,,0.00000,,0.00000,,0.00000,,0.00000,,0.00000,,0.00000,,0.00000,,0.00000,,0.00000,,0.00000,,0.00000,,0.00000,,0.00000,DonutVisGBuffer,2026-07-30T01:16:29,free,0.37430,0.38272,0.42902,0.39067,0.37629,0.37856,0.41094,0.41558,16641,0,128,100,9,2,0,145,0,0,0,1,auto,unused,120,600,0,0,../../../../../scripts/standard_camera.csv,10,0,0,60,0,1,60,1920,1080,0,0,64,1.0,0.95,128,0.0,0.0,-3.0,0.0,0.0,0.0,0.1,1000.0,0.785,1,255,1,0,0,-1.0,1.0,1.0,0.5,1,1,256,1,100,05_synth_diversity_dense,0,145,0,success,0,,"Scene CPU cache disabled; rebuilding source scene.
Log saved to: ${REPOSITORY_ROOT}\out\build\x64-Release\bin\Release\logs\log_2026-07-30_01-16-33.txt",,
146,05_synth_diversity_dense,${RUN_TEMP}\run_00146.csv,8,2,0,146,0,0,0,1,auto,unused,120,600,1,0,0,../../../../../scripts/standard_camera.csv,10,0,0,60,0,captures,1,60,1920,1080,1,0,64,1,0.95,0,0,-3,0,0,0,0.1,1000,0.785,1,255,1,0,0,-1,1,1,0.5,128,1,1,256,1,100,total,0.25317,depth_prepass,0.02550,geometry,0.10023,lighting,0.08568,tonemap,0.02899,,0.00000,,0.00000,,0.00000,,0.00000,,0.00000,,0.00000,,0.00000,,0.00000,,0.00000,,0.00000,,0.00000,,0.00000,,0.00000,,0.00000,,0.00000,,0.00000,,0.00000,,0.00000,,0.00000,,0.00000,,0.00000,,0.00000,,0.00000,,0.00000,,0.00000,,0.00000,,0.00000,DonutDeferredPrepass,2026-07-30T01:16:33,free,0.25053,0.25318,0.26122,0.25317,0.25110,0.25165,0.25437,0.25952,16641,0,128,100,8,2,0,146,0,0,0,1,auto,unused,120,600,0,0,../../../../../scripts/standard_camera.csv,10,0,0,60,0,1,60,1920,1080,1,0,64,1.0,0.95,128,0.0,0.0,-3.0,0.0,0.0,0.0,0.1,1000.0,0.785,1,255,1,0,0,-1.0,1.0,1.0,0.5,1,1,256,1,100,05_synth_diversity_dense,0,146,0,success,0,,"Scene CPU cache disabled; rebuilding source scene.
Log saved to: ${REPOSITORY_ROOT}\out\build\x64-Release\bin\Release\logs\log_2026-07-30_01-16-34.txt",,
147,05_synth_diversity_dense,${RUN_TEMP}\run_00147.csv,9,2,0,147,0,0,0,1,auto,unused,120,600,1,0,0,../../../../../scripts/standard_camera.csv,10,0,0,60,0,captures,1,60,1920,1080,1,0,64,1,0.95,0,0,-3,0,0,0,0.1,1000,0.785,1,255,1,0,0,-1,1,1,0.5,128,1,1,256,1,100,total,0.38516,visibility,0.03419,visutil_histogram,0.02687,visutil_prefix,0.00209,visutil_flatten,0.03420,gbuffer,0.13537,lighting,0.08884,tonemap,0.03160,,0.00000,,0.00000,,0.00000,,0.00000,,0.00000,,0.00000,,0.00000,,0.00000,,0.00000,,0.00000,,0.00000,,0.00000,,0.00000,,0.00000,,0.00000,,0.00000,,0.00000,,0.00000,,0.00000,,0.00000,,0.00000,,0.00000,,0.00000,,0.00000,DonutVisGBuffer,2026-07-30T01:16:35,free,0.37024,0.38096,0.59270,0.38516,0.37606,0.37846,0.40787,0.41494,16641,0,128,100,9,2,0,147,0,0,0,1,auto,unused,120,600,0,0,../../../../../scripts/standard_camera.csv,10,0,0,60,0,1,60,1920,1080,1,0,64,1.0,0.95,128,0.0,0.0,-3.0,0.0,0.0,0.0,0.1,1000.0,0.785,1,255,1,0,0,-1.0,1.0,1.0,0.5,1,1,256,1,100,05_synth_diversity_dense,0,147,0,success,0,,"Scene CPU cache disabled; rebuilding source scene.
Log saved to: ${REPOSITORY_ROOT}\out\build\x64-Release\bin\Release\logs\log_2026-07-30_01-16-39.txt",,
148,05_synth_diversity_dense,${RUN_TEMP}\run_00148.csv,8,2,0,148,0,0,0,1,auto,unused,120,600,1,0,0,../../../../../scripts/standard_camera.csv,10,0,0,60,0,captures,1,60,1920,1080,2,0,64,1,0.95,0,0,-3,0,0,0,0.1,1000,0.785,1,255,1,0,0,-1,1,1,0.5,128,1,1,256,1,100,total,0.25338,depth_prepass,0.02550,geometry,0.10028,lighting,0.08583,tonemap,0.02894,,0.00000,,0.00000,,0.00000,,0.00000,,0.00000,,0.00000,,0.00000,,0.00000,,0.00000,,0.00000,,0.00000,,0.00000,,0.00000,,0.00000,,0.00000,,0.00000,,0.00000,,0.00000,,0.00000,,0.00000,,0.00000,,0.00000,,0.00000,,0.00000,,0.00000,,0.00000,,0.00000,DonutDeferredPrepass,2026-07-30T01:16:39,free,0.25078,0.25334,0.26128,0.25338,0.25133,0.25203,0.25456,0.25862,16641,0,128,100,8,2,0,148,0,0,0,1,auto,unused,120,600,0,0,../../../../../scripts/standard_camera.csv,10,0,0,60,0,1,60,1920,1080,2,0,64,1.0,0.95,128,0.0,0.0,-3.0,0.0,0.0,0.0,0.1,1000.0,0.785,1,255,1,0,0,-1.0,1.0,1.0,0.5,1,1,256,1,100,05_synth_diversity_dense,0,148,0,success,0,,"Scene CPU cache disabled; rebuilding source scene.
Log saved to: ${REPOSITORY_ROOT}\out\build\x64-Release\bin\Release\logs\log_2026-07-30_01-16-40.txt",,
149,05_synth_diversity_dense,${RUN_TEMP}\run_00149.csv,9,2,0,149,0,0,0,1,auto,unused,120,600,1,0,0,../../../../../scripts/standard_camera.csv,10,0,0,60,0,captures,1,60,1920,1080,2,0,64,1,0.95,0,0,-3,0,0,0,0.1,1000,0.785,1,255,1,0,0,-1,1,1,0.5,128,1,1,256,1,100,total,0.38035,visibility,0.03405,visutil_histogram,0.02669,visutil_prefix,0.00207,visutil_flatten,0.03421,gbuffer,0.13326,lighting,0.08831,tonemap,0.02973,,0.00000,,0.00000,,0.00000,,0.00000,,0.00000,,0.00000,,0.00000,,0.00000,,0.00000,,0.00000,,0.00000,,0.00000,,0.00000,,0.00000,,0.00000,,0.00000,,0.00000,,0.00000,,0.00000,,0.00000,,0.00000,,0.00000,,0.00000,,0.00000,DonutVisGBuffer,2026-07-30T01:16:41,free,0.37373,0.38051,0.38870,0.38035,0.37472,0.37779,0.38304,0.38723,16641,0,128,100,9,2,0,149,0,0,0,1,auto,unused,120,600,0,0,../../../../../scripts/standard_camera.csv,10,0,0,60,0,1,60,1920,1080,2,0,64,1.0,0.95,128,0.0,0.0,-3.0,0.0,0.0,0.0,0.1,1000.0,0.785,1,255,1,0,0,-1.0,1.0,1.0,0.5,1,1,256,1,100,05_synth_diversity_dense,0,149,0,success,0,,"Scene CPU cache disabled; rebuilding source scene.
Log saved to: ${REPOSITORY_ROOT}\out\build\x64-Release\bin\Release\logs\log_2026-07-30_01-16-44.txt",,
150,05_synth_diversity_dense,${RUN_TEMP}\run_00150.csv,8,2,0,150,0,0,0,1,auto,unused,120,600,1,0,0,../../../../../scripts/standard_camera.csv,10,0,0,60,0,captures,1,60,1920,1080,0,0,64,1,1,0,0,-3,0,0,0,0.1,1000,0.785,1,255,1,0,0,-1,1,1,0.5,128,1,1,256,1,100,total,0.25260,depth_prepass,0.02535,geometry,0.09990,lighting,0.08563,tonemap,0.02891,,0.00000,,0.00000,,0.00000,,0.00000,,0.00000,,0.00000,,0.00000,,0.00000,,0.00000,,0.00000,,0.00000,,0.00000,,0.00000,,0.00000,,0.00000,,0.00000,,0.00000,,0.00000,,0.00000,,0.00000,,0.00000,,0.00000,,0.00000,,0.00000,,0.00000,,0.00000,,0.00000,DonutDeferredPrepass,2026-07-30T01:16:44,free,0.25040,0.25261,0.26032,0.25260,0.25056,0.25123,0.25370,0.25888,16641,0,128,100,8,2,0,150,0,0,0,1,auto,unused,120,600,0,0,../../../../../scripts/standard_camera.csv,10,0,0,60,0,1,60,1920,1080,0,0,64,1.0,1.0,128,0.0,0.0,-3.0,0.0,0.0,0.0,0.1,1000.0,0.785,1,255,1,0,0,-1.0,1.0,1.0,0.5,1,1,256,1,100,05_synth_diversity_dense,0,150,0,success,0,,"Scene CPU cache disabled; rebuilding source scene.
Log saved to: ${REPOSITORY_ROOT}\out\build\x64-Release\bin\Release\logs\log_2026-07-30_01-16-46.txt",,
151,05_synth_diversity_dense,${RUN_TEMP}\run_00151.csv,9,2,0,151,0,0,0,1,auto,unused,120,600,1,0,0,../../../../../scripts/standard_camera.csv,10,0,0,60,0,captures,1,60,1920,1080,0,0,64,1,1,0,0,-3,0,0,0,0.1,1000,0.785,1,255,1,0,0,-1,1,1,0.5,128,1,1,256,1,100,total,0.38094,visibility,0.03397,visutil_histogram,0.02680,visutil_prefix,0.00207,visutil_flatten,0.03431,gbuffer,0.13379,lighting,0.08832,tonemap,0.02975,,0.00000,,0.00000,,0.00000,,0.00000,,0.00000,,0.00000,,0.00000,,0.00000,,0.00000,,0.00000,,0.00000,,0.00000,,0.00000,,0.00000,,0.00000,,0.00000,,0.00000,,0.00000,,0.00000,,0.00000,,0.00000,,0.00000,,0.00000,,0.00000,DonutVisGBuffer,2026-07-30T01:16:46,free,0.37290,0.38080,0.39091,0.38094,0.37478,0.37827,0.38336,0.38877,16641,0,128,100,9,2,0,151,0,0,0,1,auto,unused,120,600,0,0,../../../../../scripts/standard_camera.csv,10,0,0,60,0,1,60,1920,1080,0,0,64,1.0,1.0,128,0.0,0.0,-3.0,0.0,0.0,0.0,0.1,1000.0,0.785,1,255,1,0,0,-1.0,1.0,1.0,0.5,1,1,256,1,100,05_synth_diversity_dense,0,151,0,success,0,,"Scene CPU cache disabled; rebuilding source scene.
Log saved to: ${REPOSITORY_ROOT}\out\build\x64-Release\bin\Release\logs\log_2026-07-30_01-16-49.txt",,
152,05_synth_diversity_dense,${RUN_TEMP}\run_00152.csv,8,2,0,152,0,0,0,1,auto,unused,120,600,1,0,0,../../../../../scripts/standard_camera.csv,10,0,0,60,0,captures,1,60,1920,1080,1,0,64,1,1,0,0,-3,0,0,0,0.1,1000,0.785,1,255,1,0,0,-1,1,1,0.5,128,1,1,256,1,100,total,0.25318,depth_prepass,0.02578,geometry,0.09992,lighting,0.08571,tonemap,0.02899,,0.00000,,0.00000,,0.00000,,0.00000,,0.00000,,0.00000,,0.00000,,0.00000,,0.00000,,0.00000,,0.00000,,0.00000,,0.00000,,0.00000,,0.00000,,0.00000,,0.00000,,0.00000,,0.00000,,0.00000,,0.00000,,0.00000,,0.00000,,0.00000,,0.00000,,0.00000,,0.00000,DonutDeferredPrepass,2026-07-30T01:16:49,free,0.25056,0.25306,0.26035,0.25318,0.25120,0.25184,0.25440,0.25904,16641,0,128,100,8,2,0,152,0,0,0,1,auto,unused,120,600,0,0,../../../../../scripts/standard_camera.csv,10,0,0,60,0,1,60,1920,1080,1,0,64,1.0,1.0,128,0.0,0.0,-3.0,0.0,0.0,0.0,0.1,1000.0,0.785,1,255,1,0,0,-1.0,1.0,1.0,0.5,1,1,256,1,100,05_synth_diversity_dense,0,152,0,success,0,,"Scene CPU cache disabled; rebuilding source scene.
Log saved to: ${REPOSITORY_ROOT}\out\build\x64-Release\bin\Release\logs\log_2026-07-30_01-16-51.txt",,
153,05_synth_diversity_dense,${RUN_TEMP}\run_00153.csv,9,2,0,153,0,0,0,1,auto,unused,120,600,1,0,0,../../../../../scripts/standard_camera.csv,10,0,0,60,0,captures,1,60,1920,1080,1,0,64,1,1,0,0,-3,0,0,0,0.1,1000,0.785,1,255,1,0,0,-1,1,1,0.5,128,1,1,256,1,100,total,0.38557,visibility,0.03405,visutil_histogram,0.02710,visutil_prefix,0.00209,visutil_flatten,0.03434,gbuffer,0.13563,lighting,0.08881,tonemap,0.03180,,0.00000,,0.00000,,0.00000,,0.00000,,0.00000,,0.00000,,0.00000,,0.00000,,0.00000,,0.00000,,0.00000,,0.00000,,0.00000,,0.00000,,0.00000,,0.00000,,0.00000,,0.00000,,0.00000,,0.00000,,0.00000,,0.00000,,0.00000,,0.00000,DonutVisGBuffer,2026-07-30T01:16:51,free,0.37434,0.38077,0.58797,0.38557,0.37584,0.37830,0.40774,0.41504,16641,0,128,100,9,2,0,153,0,0,0,1,auto,unused,120,600,0,0,../../../../../scripts/standard_camera.csv,10,0,0,60,0,1,60,1920,1080,1,0,64,1.0,1.0,128,0.0,0.0,-3.0,0.0,0.0,0.0,0.1,1000.0,0.785,1,255,1,0,0,-1.0,1.0,1.0,0.5,1,1,256,1,100,05_synth_diversity_dense,0,153,0,success,0,,"Scene CPU cache disabled; rebuilding source scene.
Log saved to: ${REPOSITORY_ROOT}\out\build\x64-Release\bin\Release\logs\log_2026-07-30_01-16-55.txt",,
154,05_synth_diversity_dense,${RUN_TEMP}\run_00154.csv,8,2,0,154,0,0,0,1,auto,unused,120,600,1,0,0,../../../../../scripts/standard_camera.csv,10,0,0,60,0,captures,1,60,1920,1080,2,0,64,1,1,0,0,-3,0,0,0,0.1,1000,0.785,1,255,1,0,0,-1,1,1,0.5,128,1,1,256,1,100,total,0.25294,depth_prepass,0.02597,geometry,0.09983,lighting,0.08576,tonemap,0.02860,,0.00000,,0.00000,,0.00000,,0.00000,,0.00000,,0.00000,,0.00000,,0.00000,,0.00000,,0.00000,,0.00000,,0.00000,,0.00000,,0.00000,,0.00000,,0.00000,,0.00000,,0.00000,,0.00000,,0.00000,,0.00000,,0.00000,,0.00000,,0.00000,,0.00000,,0.00000,,0.00000,DonutDeferredPrepass,2026-07-30T01:16:55,free,0.25072,0.25283,0.26022,0.25294,0.25098,0.25158,0.25408,0.25933,16641,0,128,100,8,2,0,154,0,0,0,1,auto,unused,120,600,0,0,../../../../../scripts/standard_camera.csv,10,0,0,60,0,1,60,1920,1080,2,0,64,1.0,1.0,128,0.0,0.0,-3.0,0.0,0.0,0.0,0.1,1000.0,0.785,1,255,1,0,0,-1.0,1.0,1.0,0.5,1,1,256,1,100,05_synth_diversity_dense,0,154,0,success,0,,"Scene CPU cache disabled; rebuilding source scene.
Log saved to: ${REPOSITORY_ROOT}\out\build\x64-Release\bin\Release\logs\log_2026-07-30_01-16-56.txt",,
155,05_synth_diversity_dense,${RUN_TEMP}\run_00155.csv,9,2,0,155,0,0,0,1,auto,unused,120,600,1,0,0,../../../../../scripts/standard_camera.csv,10,0,0,60,0,captures,1,60,1920,1080,2,0,64,1,1,0,0,-3,0,0,0,0.1,1000,0.785,1,255,1,0,0,-1,1,1,0.5,128,1,1,256,1,100,total,0.39850,visibility,0.03442,visutil_histogram,0.02799,visutil_prefix,0.00214,visutil_flatten,0.03433,gbuffer,0.13994,lighting,0.08966,tonemap,0.03839,,0.00000,,0.00000,,0.00000,,0.00000,,0.00000,,0.00000,,0.00000,,0.00000,,0.00000,,0.00000,,0.00000,,0.00000,,0.00000,,0.00000,,0.00000,,0.00000,,0.00000,,0.00000,,0.00000,,0.00000,,0.00000,,0.00000,,0.00000,,0.00000,DonutVisGBuffer,2026-07-30T01:16:56,free,0.37462,0.40682,0.58550,0.39850,0.37619,0.37869,0.41149,0.42470,16641,0,128,100,9,2,0,155,0,0,0,1,auto,unused,120,600,0,0,../../../../../scripts/standard_camera.csv,10,0,0,60,0,1,60,1920,1080,2,0,64,1.0,1.0,128,0.0,0.0,-3.0,0.0,0.0,0.0,0.1,1000.0,0.785,1,255,1,0,0,-1.0,1.0,1.0,0.5,1,1,256,1,100,05_synth_diversity_dense,0,155,0,success,0,,"Scene CPU cache disabled; rebuilding source scene.
Log saved to: ${REPOSITORY_ROOT}\out\build\x64-Release\bin\Release\logs\log_2026-07-30_01-17-00.txt",,
