frame,total,depth_prepass,geometry,lighting,tonemap,index_count,scene,renderer_variant,renderer,max_open,diversity,active_bins,source_materials,condition_order,condition_key,condition_label,run_index,visibility,visutil_histogram,visutil_prefix,visutil_flatten,gbuffer
0,0.42058,0.04703,0.31924,0.03284,0.00873,2955774.1,Sponza,8,Deferred + prepass,1,1.0,1,29,0,M1_D1,"1 bins
M1, D1",0,,,,,
60,0.5129,0.05495,0.40041,0.03355,0.00872,3390293.45,Sponza,8,Deferred + prepass,1,1.0,1,29,0,M1_D1,"1 bins
M1, D1",0,,,,,
120,0.44198,0.02782,0.35853,0.03384,0.00868,1763572.05,Sponza,8,Deferred + prepass,1,1.0,1,29,0,M1_D1,"1 bins
M1, D1",0,,,,,
180,0.43072,0.028,0.34462,0.03367,0.00873,1334104.85,Sponza,8,Deferred + prepass,1,1.0,1,29,0,M1_D1,"1 bins
M1, D1",0,,,,,
240,0.37977,0.03056,0.29418,0.03372,0.00861,1563999.05,Sponza,8,Deferred + prepass,1,1.0,1,29,0,M1_D1,"1 bins
M1, D1",0,,,,,
300,0.32763,0.02559,0.24739,0.03323,0.00872,942806.45,Sponza,8,Deferred + prepass,1,1.0,1,29,0,M1_D1,"1 bins
M1, D1",0,,,,,
360,0.43795,0.0193,0.36324,0.03374,0.00867,651664.2,Sponza,8,Deferred + prepass,1,1.0,1,29,0,M1_D1,"1 bins
M1, D1",0,,,,,
420,0.4695,0.01509,0.39864,0.03405,0.00876,531526.6,Sponza,8,Deferred + prepass,1,1.0,1,29,0,M1_D1,"1 bins
M1, D1",0,,,,,
480,0.40305,0.01124,0.33622,0.0339,0.00864,335265.25,Sponza,8,Deferred + prepass,1,1.0,1,29,0,M1_D1,"1 bins
M1, D1",0,,,,,
540,0.38303,0.01309,0.31441,0.03381,0.00864,394504.35,Sponza,8,Deferred + prepass,1,1.0,1,29,0,M1_D1,"1 bins
M1, D1",0,,,,,
600,0.58332,0.08714,0.44069,0.03336,0.00872,4763095.1,Sponza,8,Deferred + prepass,1,1.0,1,29,0,M1_D1,"1 bins
M1, D1",0,,,,,
660,0.59768,0.12214,0.42119,0.03301,0.00871,7008309.5,Sponza,8,Deferred + prepass,1,1.0,1,29,0,M1_D1,"1 bins
M1, D1",0,,,,,
720,0.53003,0.12327,0.35236,0.03291,0.00854,6851715.25,Sponza,8,Deferred + prepass,1,1.0,1,29,0,M1_D1,"1 bins
M1, D1",0,,,,,
780,0.58968,0.12726,0.40778,0.03284,0.00876,6833477.1,Sponza,8,Deferred + prepass,1,1.0,1,29,0,M1_D1,"1 bins
M1, D1",0,,,,,
840,0.50927,0.15561,0.29976,0.0321,0.00867,7736553.5,Sponza,8,Deferred + prepass,1,1.0,1,29,0,M1_D1,"1 bins
M1, D1",0,,,,,
900,0.60483,0.15259,0.39702,0.03322,0.00882,7912527.2,Sponza,8,Deferred + prepass,1,1.0,1,29,0,M1_D1,"1 bins
M1, D1",0,,,,,
960,0.48127,0.11722,0.31032,0.03249,0.00871,6364935.35,Sponza,8,Deferred + prepass,1,1.0,1,29,0,M1_D1,"1 bins
M1, D1",0,,,,,
1020,0.44538,0.09494,0.29664,0.03246,0.00869,5390683.35,Sponza,8,Deferred + prepass,1,1.0,1,29,0,M1_D1,"1 bins
M1, D1",0,,,,,
1080,0.43015,0.07333,0.3024,0.03279,0.0087,4144249.1,Sponza,8,Deferred + prepass,1,1.0,1,29,0,M1_D1,"1 bins
M1, D1",0,,,,,
1140,0.38348,0.04445,0.28456,0.03272,0.00879,2469341.8,Sponza,8,Deferred + prepass,1,1.0,1,29,0,M1_D1,"1 bins
M1, D1",0,,,,,
1200,0.40528,0.05015,0.30107,0.03257,0.00867,2921893.5,Sponza,8,Deferred + prepass,1,1.0,1,29,0,M1_D1,"1 bins
M1, D1",0,,,,,
1260,0.22859,0.03118,0.14446,0.0317,0.00853,1600253.25,Sponza,8,Deferred + prepass,1,1.0,1,29,0,M1_D1,"1 bins
M1, D1",0,,,,,
1320,0.20465,0.03739,0.11488,0.03144,0.00851,1828604.05,Sponza,8,Deferred + prepass,1,1.0,1,29,0,M1_D1,"1 bins
M1, D1",0,,,,,
1380,0.48418,0.09609,0.3344,0.03261,0.00873,5316520.45,Sponza,8,Deferred + prepass,1,1.0,1,29,0,M1_D1,"1 bins
M1, D1",0,,,,,
1440,0.64786,0.14117,0.45209,0.03296,0.00866,7541994.9,Sponza,8,Deferred + prepass,1,1.0,1,29,0,M1_D1,"1 bins
M1, D1",0,,,,,
1500,0.70566,0.18175,0.46864,0.03299,0.00858,9143355.45,Sponza,8,Deferred + prepass,1,1.0,1,29,0,M1_D1,"1 bins
M1, D1",0,,,,,
1560,0.74224,0.21284,0.47391,0.0328,0.00847,10284076.3,Sponza,8,Deferred + prepass,1,1.0,1,29,0,M1_D1,"1 bins
M1, D1",0,,,,,
1620,0.77355,0.22569,0.49271,0.03276,0.00852,10793619.4,Sponza,8,Deferred + prepass,1,1.0,1,29,0,M1_D1,"1 bins
M1, D1",0,,,,,
1680,0.79022,0.23189,0.50337,0.03255,0.00856,11201993.95,Sponza,8,Deferred + prepass,1,1.0,1,29,0,M1_D1,"1 bins
M1, D1",0,,,,,
1740,0.72718,0.23061,0.44199,0.03253,0.00846,11196844.4,Sponza,8,Deferred + prepass,1,1.0,1,29,0,M1_D1,"1 bins
M1, D1",0,,,,,
1800,0.71261,0.23839,0.41983,0.032,0.00845,11241036.3,Sponza,8,Deferred + prepass,1,1.0,1,29,0,M1_D1,"1 bins
M1, D1",0,,,,,
1860,0.7538,0.23778,0.46188,0.03186,0.00842,11241007.0,Sponza,8,Deferred + prepass,1,1.0,1,29,0,M1_D1,"1 bins
M1, D1",0,,,,,
1920,0.80035,0.2339,0.51068,0.0336,0.00849,11240943.4,Sponza,8,Deferred + prepass,1,1.0,1,29,0,M1_D1,"1 bins
M1, D1",0,,,,,
1980,0.73659,0.20477,0.4769,0.03263,0.00869,10257777.5,Sponza,8,Deferred + prepass,1,1.0,1,29,0,M1_D1,"1 bins
M1, D1",0,,,,,
2040,0.58362,0.13051,0.39796,0.0329,0.00891,7118236.7,Sponza,8,Deferred + prepass,1,1.0,1,29,0,M1_D1,"1 bins
M1, D1",0,,,,,
2100,0.4857,0.08386,0.34666,0.03337,0.00886,4779189.6,Sponza,8,Deferred + prepass,1,1.0,1,29,0,M1_D1,"1 bins
M1, D1",0,,,,,
2160,0.24759,0.03342,0.1585,0.03194,0.0087,1653801.5,Sponza,8,Deferred + prepass,1,1.0,1,29,0,M1_D1,"1 bins
M1, D1",0,,,,,
2220,0.06804,0.00626,0.0111,0.0308,0.00784,250198.2,Sponza,8,Deferred + prepass,1,1.0,1,29,0,M1_D1,"1 bins
M1, D1",0,,,,,
2280,0.05927,0.0037,0.00507,0.03065,0.00795,81778.25,Sponza,8,Deferred + prepass,1,1.0,1,29,0,M1_D1,"1 bins
M1, D1",0,,,,,
2340,0.05468,0.00217,0.00196,0.03059,0.00799,0.0,Sponza,8,Deferred + prepass,1,1.0,1,29,0,M1_D1,"1 bins
M1, D1",0,,,,,
2400,0.05472,0.00214,0.00198,0.03051,0.00798,0.0,Sponza,8,Deferred + prepass,1,1.0,1,29,0,M1_D1,"1 bins
M1, D1",0,,,,,
2460,0.05461,0.00212,0.00199,0.03051,0.00801,0.0,Sponza,8,Deferred + prepass,1,1.0,1,29,0,M1_D1,"1 bins
M1, D1",0,,,,,
0,0.72048,,,0.03286,0.01036,2955774.1,Sponza,9,Visibility + G-buffer,1,1.0,1,29,0,M1_D1,"1 bins
M1, D1",1,0.0911,0.01163,0.0021,0.01389,0.52639
60,0.81929,,,0.03411,0.01038,3390293.45,Sponza,9,Visibility + G-buffer,1,1.0,1,29,0,M1_D1,"1 bins
M1, D1",1,0.10644,0.01238,0.00211,0.01516,0.60781
120,0.6202,,,0.03381,0.01036,1763572.05,Sponza,9,Visibility + G-buffer,1,1.0,1,29,0,M1_D1,"1 bins
M1, D1",1,0.05764,0.0122,0.0021,0.01503,0.45695
180,0.64659,,,0.03393,0.01041,1334104.85,Sponza,9,Visibility + G-buffer,1,1.0,1,29,0,M1_D1,"1 bins
M1, D1",1,0.04866,0.01161,0.00211,0.01493,0.493
240,0.55705,,,0.0337,0.01038,1563999.05,Sponza,9,Visibility + G-buffer,1,1.0,1,29,0,M1_D1,"1 bins
M1, D1",1,0.05465,0.01152,0.00212,0.01492,0.39767
300,0.42582,,,0.03328,0.01039,942806.45,Sponza,9,Visibility + G-buffer,1,1.0,1,29,0,M1_D1,"1 bins
M1, D1",1,0.04346,0.01132,0.00209,0.01482,0.27533
360,0.56517,,,0.03395,0.01041,651664.2,Sponza,9,Visibility + G-buffer,1,1.0,1,29,0,M1_D1,"1 bins
M1, D1",1,0.03363,0.01151,0.0021,0.01502,0.42673
420,0.60052,,,0.03421,0.01043,531526.6,Sponza,9,Visibility + G-buffer,1,1.0,1,29,0,M1_D1,"1 bins
M1, D1",1,0.02781,0.01168,0.0021,0.01501,0.46735
480,0.46585,,,0.03403,0.01042,335265.25,Sponza,9,Visibility + G-buffer,1,1.0,1,29,0,M1_D1,"1 bins
M1, D1",1,0.02311,0.01134,0.0021,0.01497,0.33812
540,0.45892,,,0.03402,0.01046,394504.35,Sponza,9,Visibility + G-buffer,1,1.0,1,29,0,M1_D1,"1 bins
M1, D1",1,0.02581,0.01143,0.00209,0.01493,0.32855
600,0.95995,,,0.03494,0.00994,4763095.1,Sponza,9,Visibility + G-buffer,1,1.0,1,29,0,M1_D1,"1 bins
M1, D1",1,0.14775,0.01217,0.00266,0.01527,0.71097
660,1.11283,,,0.03462,0.01004,7008309.5,Sponza,9,Visibility + G-buffer,1,1.0,1,29,0,M1_D1,"1 bins
M1, D1",1,0.21742,0.01298,0.00243,0.01542,0.79311
720,0.95102,,,0.03458,0.0098,6851715.25,Sponza,9,Visibility + G-buffer,1,1.0,1,29,0,M1_D1,"1 bins
M1, D1",1,0.21384,0.01285,0.00288,0.0152,0.63714
780,1.01682,,,0.03326,0.00988,6833477.1,Sponza,9,Visibility + G-buffer,1,1.0,1,29,0,M1_D1,"1 bins
M1, D1",1,0.21756,0.01306,0.00258,0.01558,0.69731
840,0.78846,,,0.03328,0.00993,7736553.5,Sponza,9,Visibility + G-buffer,1,1.0,1,29,0,M1_D1,"1 bins
M1, D1",1,0.25451,0.01242,0.00255,0.01518,0.43457
900,0.91936,,,0.03278,0.00974,7912527.2,Sponza,9,Visibility + G-buffer,1,1.0,1,29,0,M1_D1,"1 bins
M1, D1",1,0.2553,0.01254,0.00288,0.01511,0.56679
960,0.74637,,,0.03334,0.01014,6364935.35,Sponza,9,Visibility + G-buffer,1,1.0,1,29,0,M1_D1,"1 bins
M1, D1",1,0.20324,0.01266,0.0024,0.01543,0.44161
1020,0.75418,,,0.03286,0.00996,5390683.35,Sponza,9,Visibility + G-buffer,1,1.0,1,29,0,M1_D1,"1 bins
M1, D1",1,0.16682,0.01274,0.00256,0.01548,0.48616
1080,0.65242,,,0.03369,0.01021,4144249.1,Sponza,9,Visibility + G-buffer,1,1.0,1,29,0,M1_D1,"1 bins
M1, D1",1,0.1313,0.01242,0.00237,0.01534,0.41796
1140,0.55308,,,0.03338,0.01012,2469341.8,Sponza,9,Visibility + G-buffer,1,1.0,1,29,0,M1_D1,"1 bins
M1, D1",1,0.08109,0.0118,0.00224,0.01506,0.37021
1200,0.551,,,0.03362,0.01034,2921893.5,Sponza,9,Visibility + G-buffer,1,1.0,1,29,0,M1_D1,"1 bins
M1, D1",1,0.09235,0.01204,0.00211,0.01513,0.35465
1260,0.33309,,,0.03388,0.01036,1600253.25,Sponza,9,Visibility + G-buffer,1,1.0,1,29,0,M1_D1,"1 bins
M1, D1",1,0.0583,0.01157,0.0021,0.01498,0.17004
1320,0.32209,,,0.03358,0.01017,1828604.05,Sponza,9,Visibility + G-buffer,1,1.0,1,29,0,M1_D1,"1 bins
M1, D1",1,0.06947,0.0115,0.00211,0.01497,0.14383
1380,0.71638,,,0.0328,0.00984,5316520.45,Sponza,9,Visibility + G-buffer,1,1.0,1,29,0,M1_D1,"1 bins
M1, D1",1,0.16672,0.01223,0.00265,0.01486,0.45249
1440,1.05,,,0.03177,0.00949,7541994.9,Sponza,9,Visibility + G-buffer,1,1.0,1,29,0,M1_D1,"1 bins
M1, D1",1,0.23747,0.01229,0.00297,0.01449,0.71836
1500,1.02142,,,0.03169,0.0094,9143355.45,Sponza,9,Visibility + G-buffer,1,1.0,1,29,0,M1_D1,"1 bins
M1, D1",1,0.2905,0.01216,0.003,0.01416,0.63859
1560,0.87136,,,0.03158,0.0095,10284076.3,Sponza,9,Visibility + G-buffer,1,1.0,1,29,0,M1_D1,"1 bins
M1, D1",1,0.32779,0.01217,0.00293,0.01373,0.45109
1620,0.83312,,,0.03129,0.0096,10793619.4,Sponza,9,Visibility + G-buffer,1,1.0,1,29,0,M1_D1,"1 bins
M1, D1",1,0.34322,0.01226,0.00277,0.01351,0.39554
1680,0.88933,,,0.03066,0.00931,11201993.95,Sponza,9,Visibility + G-buffer,1,1.0,1,29,0,M1_D1,"1 bins
M1, D1",1,0.35363,0.01234,0.00299,0.01304,0.44475
1740,0.81723,,,0.03092,0.00956,11196844.4,Sponza,9,Visibility + G-buffer,1,1.0,1,29,0,M1_D1,"1 bins
M1, D1",1,0.35097,0.01163,0.00254,0.01239,0.3728
1800,0.78954,,,0.03054,0.00955,11241036.3,Sponza,9,Visibility + G-buffer,1,1.0,1,29,0,M1_D1,"1 bins
M1, D1",1,0.35285,0.01164,0.00261,0.01234,0.34133
1860,0.83527,,,0.03108,0.0097,11241007.0,Sponza,9,Visibility + G-buffer,1,1.0,1,29,0,M1_D1,"1 bins
M1, D1",1,0.35454,0.01183,0.00244,0.01284,0.38226
1920,0.87136,,,0.03132,0.00959,11240943.4,Sponza,9,Visibility + G-buffer,1,1.0,1,29,0,M1_D1,"1 bins
M1, D1",1,0.35621,0.0124,0.0028,0.01345,0.4184
1980,0.8564,,,0.03154,0.00956,10257777.5,Sponza,9,Visibility + G-buffer,1,1.0,1,29,0,M1_D1,"1 bins
M1, D1",1,0.32592,0.01206,0.00276,0.01376,0.43068
2040,0.78234,,,0.03256,0.01006,7118236.7,Sponza,9,Visibility + G-buffer,1,1.0,1,29,0,M1_D1,"1 bins
M1, D1",1,0.22572,0.01155,0.00246,0.01409,0.45663
2100,0.75032,,,0.03377,0.01011,4779189.6,Sponza,9,Visibility + G-buffer,1,1.0,1,29,0,M1_D1,"1 bins
M1, D1",1,0.15409,0.01209,0.00246,0.01491,0.48794
2160,0.34365,,,0.03254,0.01,1653801.5,Sponza,9,Visibility + G-buffer,1,1.0,1,29,0,M1_D1,"1 bins
M1, D1",1,0.06305,0.01031,0.00212,0.01313,0.18205
2220,0.12529,,,0.03027,0.00772,250198.2,Sponza,9,Visibility + G-buffer,1,1.0,1,29,0,M1_D1,"1 bins
M1, D1",1,0.01029,0.00836,0.00196,0.00981,0.02626
2280,0.11414,,,0.03029,0.00794,81778.25,Sponza,9,Visibility + G-buffer,1,1.0,1,29,0,M1_D1,"1 bins
M1, D1",1,0.00539,0.00795,0.00194,0.00941,0.02094
2340,0.10875,,,0.03036,0.00814,0.0,Sponza,9,Visibility + G-buffer,1,1.0,1,29,0,M1_D1,"1 bins
M1, D1",1,0.0025,0.0077,0.00192,0.00923,0.01819
2400,0.10865,,,0.03037,0.00814,0.0,Sponza,9,Visibility + G-buffer,1,1.0,1,29,0,M1_D1,"1 bins
M1, D1",1,0.00244,0.00771,0.00193,0.00922,0.01824
2460,0.10869,,,0.03036,0.00812,0.0,Sponza,9,Visibility + G-buffer,1,1.0,1,29,0,M1_D1,"1 bins
M1, D1",1,0.00255,0.00771,0.00192,0.00922,0.0182
0,0.4341,0.04672,0.33194,0.03292,0.00867,2955774.1,Sponza,8,Deferred + prepass,4,1.0,4,29,2,M4_D1,"4 bins
M4, D1",2,,,,,
60,0.51812,0.05524,0.40689,0.03377,0.00867,3390293.45,Sponza,8,Deferred + prepass,4,1.0,4,29,2,M4_D1,"4 bins
M4, D1",2,,,,,
120,0.46492,0.02761,0.38056,0.03401,0.00868,1763572.05,Sponza,8,Deferred + prepass,4,1.0,4,29,2,M4_D1,"4 bins
M4, D1",2,,,,,
180,0.43166,0.02798,0.34789,0.03381,0.00874,1334104.85,Sponza,8,Deferred + prepass,4,1.0,4,29,2,M4_D1,"4 bins
M4, D1",2,,,,,
240,0.38421,0.03049,0.29811,0.03385,0.00864,1563999.05,Sponza,8,Deferred + prepass,4,1.0,4,29,2,M4_D1,"4 bins
M4, D1",2,,,,,
300,0.32704,0.02557,0.24633,0.03328,0.00867,942806.45,Sponza,8,Deferred + prepass,4,1.0,4,29,2,M4_D1,"4 bins
M4, D1",2,,,,,
360,0.43536,0.01934,0.36106,0.03387,0.00865,651664.2,Sponza,8,Deferred + prepass,4,1.0,4,29,2,M4_D1,"4 bins
M4, D1",2,,,,,
420,0.47277,0.01664,0.4002,0.03425,0.00874,531526.6,Sponza,8,Deferred + prepass,4,1.0,4,29,2,M4_D1,"4 bins
M4, D1",2,,,,,
480,0.40422,0.01118,0.33729,0.03409,0.00868,335265.25,Sponza,8,Deferred + prepass,4,1.0,4,29,2,M4_D1,"4 bins
M4, D1",2,,,,,
540,0.3836,0.01302,0.31544,0.03394,0.00863,394504.35,Sponza,8,Deferred + prepass,4,1.0,4,29,2,M4_D1,"4 bins
M4, D1",2,,,,,
600,0.58702,0.0874,0.44355,0.0336,0.00868,4763095.1,Sponza,8,Deferred + prepass,4,1.0,4,29,2,M4_D1,"4 bins
M4, D1",2,,,,,
660,0.60897,0.12318,0.42981,0.03319,0.00864,7008309.5,Sponza,8,Deferred + prepass,4,1.0,4,29,2,M4_D1,"4 bins
M4, D1",2,,,,,
720,0.53721,0.12379,0.35863,0.03249,0.00861,6851715.25,Sponza,8,Deferred + prepass,4,1.0,4,29,2,M4_D1,"4 bins
M4, D1",2,,,,,
780,0.59643,0.12823,0.41429,0.03169,0.00863,6833477.1,Sponza,8,Deferred + prepass,4,1.0,4,29,2,M4_D1,"4 bins
M4, D1",2,,,,,
840,0.52069,0.1566,0.31023,0.03107,0.00846,7736553.5,Sponza,8,Deferred + prepass,4,1.0,4,29,2,M4_D1,"4 bins
M4, D1",2,,,,,
900,0.60662,0.15372,0.39874,0.03184,0.00851,7912527.2,Sponza,8,Deferred + prepass,4,1.0,4,29,2,M4_D1,"4 bins
M4, D1",2,,,,,
960,0.48338,0.11787,0.31204,0.03153,0.00857,6364935.35,Sponza,8,Deferred + prepass,4,1.0,4,29,2,M4_D1,"4 bins
M4, D1",2,,,,,
1020,0.45178,0.0954,0.30267,0.03154,0.00858,5390683.35,Sponza,8,Deferred + prepass,4,1.0,4,29,2,M4_D1,"4 bins
M4, D1",2,,,,,
1080,0.4357,0.07364,0.30845,0.0318,0.00857,4144249.1,Sponza,8,Deferred + prepass,4,1.0,4,29,2,M4_D1,"4 bins
M4, D1",2,,,,,
1140,0.38915,0.04439,0.29034,0.03221,0.00868,2469341.8,Sponza,8,Deferred + prepass,4,1.0,4,29,2,M4_D1,"4 bins
M4, D1",2,,,,,
1200,0.41703,0.05021,0.31327,0.0316,0.00853,2921893.5,Sponza,8,Deferred + prepass,4,1.0,4,29,2,M4_D1,"4 bins
M4, D1",2,,,,,
1260,0.23348,0.0313,0.14945,0.03168,0.00849,1600253.25,Sponza,8,Deferred + prepass,4,1.0,4,29,2,M4_D1,"4 bins
M4, D1",2,,,,,
1320,0.20575,0.03743,0.11542,0.03164,0.00847,1828604.05,Sponza,8,Deferred + prepass,4,1.0,4,29,2,M4_D1,"4 bins
M4, D1",2,,,,,
1380,0.48999,0.09674,0.34028,0.03172,0.00843,5316520.45,Sponza,8,Deferred + prepass,4,1.0,4,29,2,M4_D1,"4 bins
M4, D1",2,,,,,
1440,0.654,0.1422,0.45797,0.03174,0.0085,7541994.9,Sponza,8,Deferred + prepass,4,1.0,4,29,2,M4_D1,"4 bins
M4, D1",2,,,,,
1500,0.71577,0.18328,0.47933,0.03142,0.00839,9143355.45,Sponza,8,Deferred + prepass,4,1.0,4,29,2,M4_D1,"4 bins
M4, D1",2,,,,,
1560,0.74878,0.21395,0.48168,0.03126,0.00836,10284076.3,Sponza,8,Deferred + prepass,4,1.0,4,29,2,M4_D1,"4 bins
M4, D1",2,,,,,
1620,0.77894,0.22683,0.4995,0.03084,0.00838,10793619.4,Sponza,8,Deferred + prepass,4,1.0,4,29,2,M4_D1,"4 bins
M4, D1",2,,,,,
1680,0.77924,0.23287,0.49323,0.03097,0.00843,11201993.95,Sponza,8,Deferred + prepass,4,1.0,4,29,2,M4_D1,"4 bins
M4, D1",2,,,,,
1740,0.72017,0.23148,0.43637,0.03034,0.00837,11196844.4,Sponza,8,Deferred + prepass,4,1.0,4,29,2,M4_D1,"4 bins
M4, D1",2,,,,,
1800,0.70713,0.23875,0.41587,0.03044,0.00827,11241036.3,Sponza,8,Deferred + prepass,4,1.0,4,29,2,M4_D1,"4 bins
M4, D1",2,,,,,
1860,0.74545,0.23815,0.45461,0.03044,0.00829,11241007.0,Sponza,8,Deferred + prepass,4,1.0,4,29,2,M4_D1,"4 bins
M4, D1",2,,,,,
1920,0.78966,0.23454,0.50201,0.03088,0.00845,11240943.4,Sponza,8,Deferred + prepass,4,1.0,4,29,2,M4_D1,"4 bins
M4, D1",2,,,,,
1980,0.74324,0.20566,0.48399,0.03147,0.00835,10257777.5,Sponza,8,Deferred + prepass,4,1.0,4,29,2,M4_D1,"4 bins
M4, D1",2,,,,,
2040,0.59102,0.13128,0.40587,0.03175,0.00837,7118236.7,Sponza,8,Deferred + prepass,4,1.0,4,29,2,M4_D1,"4 bins
M4, D1",2,,,,,
2100,0.49465,0.08414,0.35612,0.0322,0.00855,4779189.6,Sponza,8,Deferred + prepass,4,1.0,4,29,2,M4_D1,"4 bins
M4, D1",2,,,,,
2160,0.24634,0.03355,0.15944,0.03184,0.00859,1653801.5,Sponza,8,Deferred + prepass,4,1.0,4,29,2,M4_D1,"4 bins
M4, D1",2,,,,,
2220,0.06797,0.0063,0.01074,0.0308,0.00782,250198.2,Sponza,8,Deferred + prepass,4,1.0,4,29,2,M4_D1,"4 bins
M4, D1",2,,,,,
2280,0.05943,0.00362,0.00504,0.03069,0.00791,81778.25,Sponza,8,Deferred + prepass,4,1.0,4,29,2,M4_D1,"4 bins
M4, D1",2,,,,,
2340,0.0548,0.00197,0.00198,0.0306,0.00799,0.0,Sponza,8,Deferred + prepass,4,1.0,4,29,2,M4_D1,"4 bins
M4, D1",2,,,,,
2400,0.05462,0.00184,0.00196,0.0306,0.00798,0.0,Sponza,8,Deferred + prepass,4,1.0,4,29,2,M4_D1,"4 bins
M4, D1",2,,,,,
2460,0.05466,0.00183,0.00194,0.03061,0.00797,0.0,Sponza,8,Deferred + prepass,4,1.0,4,29,2,M4_D1,"4 bins
M4, D1",2,,,,,
0,0.52046,,,0.03272,0.0102,2955774.1,Sponza,9,Visibility + G-buffer,4,1.0,4,29,2,M4_D1,"4 bins
M4, D1",3,0.09067,0.01222,0.0021,0.01466,0.32683
60,0.63214,,,0.03351,0.01027,3390293.45,Sponza,9,Visibility + G-buffer,4,1.0,4,29,2,M4_D1,"4 bins
M4, D1",3,0.10686,0.01292,0.00209,0.01613,0.41991
120,0.53322,,,0.03332,0.01026,1763572.05,Sponza,9,Visibility + G-buffer,4,1.0,4,29,2,M4_D1,"4 bins
M4, D1",3,0.05779,0.0126,0.0021,0.01561,0.37028
180,0.53246,,,0.03338,0.01025,1334104.85,Sponza,9,Visibility + G-buffer,4,1.0,4,29,2,M4_D1,"4 bins
M4, D1",3,0.04887,0.01189,0.00212,0.01542,0.37932
240,0.48564,,,0.03337,0.01019,1563999.05,Sponza,9,Visibility + G-buffer,4,1.0,4,29,2,M4_D1,"4 bins
M4, D1",3,0.05515,0.01186,0.00211,0.01535,0.32643
300,0.40839,,,0.0331,0.01022,942806.45,Sponza,9,Visibility + G-buffer,4,1.0,4,29,2,M4_D1,"4 bins
M4, D1",3,0.04338,0.01173,0.00212,0.01514,0.26075
360,0.50695,,,0.03355,0.01025,651664.2,Sponza,9,Visibility + G-buffer,4,1.0,4,29,2,M4_D1,"4 bins
M4, D1",3,0.0336,0.01182,0.00212,0.01542,0.36945
420,0.55017,,,0.03381,0.01034,531526.6,Sponza,9,Visibility + G-buffer,4,1.0,4,29,2,M4_D1,"4 bins
M4, D1",3,0.02779,0.01202,0.00211,0.01544,0.41688
480,0.47156,,,0.03411,0.01024,335265.25,Sponza,9,Visibility + G-buffer,4,1.0,4,29,2,M4_D1,"4 bins
M4, D1",3,0.023,0.01176,0.00211,0.01521,0.34446
540,0.4505,,,0.03354,0.01031,394504.35,Sponza,9,Visibility + G-buffer,4,1.0,4,29,2,M4_D1,"4 bins
M4, D1",3,0.02565,0.01167,0.0021,0.01526,0.32086
600,0.737,,,0.03284,0.0097,4763095.1,Sponza,9,Visibility + G-buffer,4,1.0,4,29,2,M4_D1,"4 bins
M4, D1",3,0.14888,0.01258,0.00259,0.01598,0.48818
660,0.79347,,,0.03208,0.00901,7008309.5,Sponza,9,Visibility + G-buffer,4,1.0,4,29,2,M4_D1,"4 bins
M4, D1",3,0.2188,0.01351,0.00273,0.01643,0.47842
720,0.70295,,,0.03115,0.00879,6851715.25,Sponza,9,Visibility + G-buffer,4,1.0,4,29,2,M4_D1,"4 bins
M4, D1",3,0.21564,0.01322,0.00298,0.01589,0.39285
780,0.79657,,,0.03174,0.00893,6833477.1,Sponza,9,Visibility + G-buffer,4,1.0,4,29,2,M4_D1,"4 bins
M4, D1",3,0.2189,0.01349,0.00287,0.01657,0.4824
840,0.64227,,,0.0319,0.0089,7736553.5,Sponza,9,Visibility + G-buffer,4,1.0,4,29,2,M4_D1,"4 bins
M4, D1",3,0.25602,0.01288,0.00268,0.01591,0.29182
900,0.70983,,,0.03265,0.00928,7912527.2,Sponza,9,Visibility + G-buffer,4,1.0,4,29,2,M4_D1,"4 bins
M4, D1",3,0.25663,0.01279,0.00269,0.0157,0.3549
960,0.60401,,,0.03172,0.00903,6364935.35,Sponza,9,Visibility + G-buffer,4,1.0,4,29,2,M4_D1,"4 bins
M4, D1",3,0.20525,0.01306,0.00301,0.01605,0.30366
1020,0.6134,,,0.0317,0.00885,5390683.35,Sponza,9,Visibility + G-buffer,4,1.0,4,29,2,M4_D1,"4 bins
M4, D1",3,0.16792,0.01308,0.00317,0.0163,0.35096
1080,0.55297,,,0.03183,0.00915,4144249.1,Sponza,9,Visibility + G-buffer,4,1.0,4,29,2,M4_D1,"4 bins
M4, D1",3,0.13226,0.01287,0.00291,0.01605,0.32403
1140,0.45381,,,0.03191,0.00926,2469341.8,Sponza,9,Visibility + G-buffer,4,1.0,4,29,2,M4_D1,"4 bins
M4, D1",3,0.08175,0.01225,0.00286,0.0159,0.27473
1200,0.47202,,,0.03142,0.00889,2921893.5,Sponza,9,Visibility + G-buffer,4,1.0,4,29,2,M4_D1,"4 bins
M4, D1",3,0.09309,0.01254,0.00314,0.01595,0.28566
1260,0.32221,,,0.03252,0.00952,1600253.25,Sponza,9,Visibility + G-buffer,4,1.0,4,29,2,M4_D1,"4 bins
M4, D1",3,0.05877,0.01195,0.00252,0.01546,0.16432
1320,0.30771,,,0.03277,0.00967,1828604.05,Sponza,9,Visibility + G-buffer,4,1.0,4,29,2,M4_D1,"4 bins
M4, D1",3,0.0696,0.01182,0.00234,0.01532,0.137
1380,0.59433,,,0.03147,0.00887,5316520.45,Sponza,9,Visibility + G-buffer,4,1.0,4,29,2,M4_D1,"4 bins
M4, D1",3,0.16799,0.01255,0.00293,0.01531,0.33317
1440,0.77694,,,0.03191,0.00889,7541994.9,Sponza,9,Visibility + G-buffer,4,1.0,4,29,2,M4_D1,"4 bins
M4, D1",3,0.23842,0.01248,0.00289,0.01483,0.44444
1500,0.8134,,,0.03156,0.00888,9143355.45,Sponza,9,Visibility + G-buffer,4,1.0,4,29,2,M4_D1,"4 bins
M4, D1",3,0.29116,0.01231,0.00288,0.01452,0.42938
1560,0.78988,,,0.03099,0.00873,10284076.3,Sponza,9,Visibility + G-buffer,4,1.0,4,29,2,M4_D1,"4 bins
M4, D1",3,0.32852,0.01232,0.00304,0.01383,0.37073
1620,0.795,,,0.03119,0.00898,10793619.4,Sponza,9,Visibility + G-buffer,4,1.0,4,29,2,M4_D1,"4 bins
M4, D1",3,0.34391,0.01234,0.00296,0.01355,0.35864
1680,0.86406,,,0.03034,0.00878,11201993.95,Sponza,9,Visibility + G-buffer,4,1.0,4,29,2,M4_D1,"4 bins
M4, D1",3,0.35481,0.01236,0.00304,0.01315,0.41889
1740,0.79113,,,0.03006,0.00883,11196844.4,Sponza,9,Visibility + G-buffer,4,1.0,4,29,2,M4_D1,"4 bins
M4, D1",3,0.35156,0.01179,0.00275,0.01241,0.35101
1800,0.75715,,,0.02971,0.00851,11241036.3,Sponza,9,Visibility + G-buffer,4,1.0,4,29,2,M4_D1,"4 bins
M4, D1",3,0.35332,0.01174,0.00311,0.01237,0.31654
1860,0.79045,,,0.03026,0.00871,11241007.0,Sponza,9,Visibility + G-buffer,4,1.0,4,29,2,M4_D1,"4 bins
M4, D1",3,0.35472,0.01205,0.00302,0.01278,0.34706
1920,0.82532,,,0.03105,0.00913,11240943.4,Sponza,9,Visibility + G-buffer,4,1.0,4,29,2,M4_D1,"4 bins
M4, D1",3,0.35686,0.01239,0.00293,0.01359,0.37546
1980,0.78727,,,0.03131,0.00885,10257777.5,Sponza,9,Visibility + G-buffer,4,1.0,4,29,2,M4_D1,"4 bins
M4, D1",3,0.32597,0.0121,0.00269,0.0139,0.36961
2040,0.66622,,,0.03142,0.00893,7118236.7,Sponza,9,Visibility + G-buffer,4,1.0,4,29,2,M4_D1,"4 bins
M4, D1",3,0.22644,0.01181,0.00287,0.01423,0.34748
2100,0.60061,,,0.03187,0.00885,4779189.6,Sponza,9,Visibility + G-buffer,4,1.0,4,29,2,M4_D1,"4 bins
M4, D1",3,0.14983,0.01232,0.00314,0.0152,0.35764
2160,0.3346,,,0.03214,0.00955,1653801.5,Sponza,9,Visibility + G-buffer,4,1.0,4,29,2,M4_D1,"4 bins
M4, D1",3,0.06364,0.01041,0.00229,0.01317,0.17411
2220,0.12559,,,0.03029,0.0077,250198.2,Sponza,9,Visibility + G-buffer,4,1.0,4,29,2,M4_D1,"4 bins
M4, D1",3,0.01024,0.00834,0.00192,0.0098,0.02643
2280,0.11464,,,0.03027,0.00795,81778.25,Sponza,9,Visibility + G-buffer,4,1.0,4,29,2,M4_D1,"4 bins
M4, D1",3,0.00534,0.00795,0.00193,0.00941,0.02122
2340,0.10899,,,0.03032,0.00814,0.0,Sponza,9,Visibility + G-buffer,4,1.0,4,29,2,M4_D1,"4 bins
M4, D1",3,0.00244,0.0077,0.00193,0.00923,0.01879
2400,0.10892,,,0.03032,0.00813,0.0,Sponza,9,Visibility + G-buffer,4,1.0,4,29,2,M4_D1,"4 bins
M4, D1",3,0.00239,0.00771,0.00192,0.00923,0.01883
2460,0.10895,,,0.03031,0.00813,0.0,Sponza,9,Visibility + G-buffer,4,1.0,4,29,2,M4_D1,"4 bins
M4, D1",3,0.00247,0.0077,0.00192,0.00924,0.01883
0,0.74022,0.06114,0.61555,0.0372,0.01149,2955774.1,Sponza,8,Deferred + prepass,16,0.5,16,29,4,M16_D0.5,"16 bins
M16, D0.5",4,,,,,
60,0.51972,0.05465,0.40913,0.03384,0.00888,3390293.45,Sponza,8,Deferred + prepass,16,0.5,16,29,4,M16_D0.5,"16 bins
M16, D0.5",4,,,,,
120,0.47246,0.02752,0.38818,0.03402,0.00886,1763572.05,Sponza,8,Deferred + prepass,16,0.5,16,29,4,M16_D0.5,"16 bins
M16, D0.5",4,,,,,
180,0.42858,0.02791,0.34474,0.03382,0.00892,1334104.85,Sponza,8,Deferred + prepass,16,0.5,16,29,4,M16_D0.5,"16 bins
M16, D0.5",4,,,,,
240,0.38176,0.03052,0.29528,0.03386,0.00883,1563999.05,Sponza,8,Deferred + prepass,16,0.5,16,29,4,M16_D0.5,"16 bins
M16, D0.5",4,,,,,
300,0.32547,0.02557,0.24547,0.03325,0.00898,942806.45,Sponza,8,Deferred + prepass,16,0.5,16,29,4,M16_D0.5,"16 bins
M16, D0.5",4,,,,,
360,0.43426,0.01929,0.36002,0.03389,0.00888,651664.2,Sponza,8,Deferred + prepass,16,0.5,16,29,4,M16_D0.5,"16 bins
M16, D0.5",4,,,,,
420,0.46832,0.01512,0.3973,0.03434,0.00905,531526.6,Sponza,8,Deferred + prepass,16,0.5,16,29,4,M16_D0.5,"16 bins
M16, D0.5",4,,,,,
480,0.4024,0.01123,0.33593,0.0341,0.00895,335265.25,Sponza,8,Deferred + prepass,16,0.5,16,29,4,M16_D0.5,"16 bins
M16, D0.5",4,,,,,
540,0.38354,0.01309,0.31511,0.03403,0.00887,394504.35,Sponza,8,Deferred + prepass,16,0.5,16,29,4,M16_D0.5,"16 bins
M16, D0.5",4,,,,,
600,0.59273,0.0866,0.44994,0.03363,0.00888,4763095.1,Sponza,8,Deferred + prepass,16,0.5,16,29,4,M16_D0.5,"16 bins
M16, D0.5",4,,,,,
660,0.61105,0.12166,0.43306,0.03327,0.009,7008309.5,Sponza,8,Deferred + prepass,16,0.5,16,29,4,M16_D0.5,"16 bins
M16, D0.5",4,,,,,
720,0.53721,0.12307,0.35815,0.03306,0.00889,6851715.25,Sponza,8,Deferred + prepass,16,0.5,16,29,4,M16_D0.5,"16 bins
M16, D0.5",4,,,,,
780,0.59522,0.12704,0.41214,0.03303,0.00897,6833477.1,Sponza,8,Deferred + prepass,16,0.5,16,29,4,M16_D0.5,"16 bins
M16, D0.5",4,,,,,
840,0.5131,0.15528,0.30272,0.03225,0.00886,7736553.5,Sponza,8,Deferred + prepass,16,0.5,16,29,4,M16_D0.5,"16 bins
M16, D0.5",4,,,,,
900,0.60563,0.15254,0.39693,0.03332,0.00893,7912527.2,Sponza,8,Deferred + prepass,16,0.5,16,29,4,M16_D0.5,"16 bins
M16, D0.5",4,,,,,
960,0.48288,0.11673,0.311,0.03253,0.00893,6364935.35,Sponza,8,Deferred + prepass,16,0.5,16,29,4,M16_D0.5,"16 bins
M16, D0.5",4,,,,,
1020,0.45326,0.09449,0.30314,0.03254,0.00887,5390683.35,Sponza,8,Deferred + prepass,16,0.5,16,29,4,M16_D0.5,"16 bins
M16, D0.5",4,,,,,
1080,0.43592,0.07297,0.30706,0.03294,0.00894,4144249.1,Sponza,8,Deferred + prepass,16,0.5,16,29,4,M16_D0.5,"16 bins
M16, D0.5",4,,,,,
1140,0.38269,0.04425,0.28354,0.03274,0.00896,2469341.8,Sponza,8,Deferred + prepass,16,0.5,16,29,4,M16_D0.5,"16 bins
M16, D0.5",4,,,,,
1200,0.41619,0.04979,0.3115,0.03262,0.00886,2921893.5,Sponza,8,Deferred + prepass,16,0.5,16,29,4,M16_D0.5,"16 bins
M16, D0.5",4,,,,,
1260,0.23111,0.03118,0.14704,0.03176,0.00874,1600253.25,Sponza,8,Deferred + prepass,16,0.5,16,29,4,M16_D0.5,"16 bins
M16, D0.5",4,,,,,
1320,0.2061,0.0373,0.11642,0.03144,0.00854,1828604.05,Sponza,8,Deferred + prepass,16,0.5,16,29,4,M16_D0.5,"16 bins
M16, D0.5",4,,,,,
1380,0.48646,0.09587,0.33564,0.03269,0.00887,5316520.45,Sponza,8,Deferred + prepass,16,0.5,16,29,4,M16_D0.5,"16 bins
M16, D0.5",4,,,,,
1440,0.65043,0.14123,0.45346,0.03311,0.00883,7541994.9,Sponza,8,Deferred + prepass,16,0.5,16,29,4,M16_D0.5,"16 bins
M16, D0.5",4,,,,,
1500,0.71051,0.18166,0.47279,0.0331,0.0089,9143355.45,Sponza,8,Deferred + prepass,16,0.5,16,29,4,M16_D0.5,"16 bins
M16, D0.5",4,,,,,
1560,0.7452,0.21284,0.47634,0.03327,0.00868,10284076.3,Sponza,8,Deferred + prepass,16,0.5,16,29,4,M16_D0.5,"16 bins
M16, D0.5",4,,,,,
1620,0.77762,0.2262,0.49636,0.03294,0.00859,10793619.4,Sponza,8,Deferred + prepass,16,0.5,16,29,4,M16_D0.5,"16 bins
M16, D0.5",4,,,,,
1680,0.7805,0.23235,0.49436,0.03138,0.00861,11201993.95,Sponza,8,Deferred + prepass,16,0.5,16,29,4,M16_D0.5,"16 bins
M16, D0.5",4,,,,,
1740,0.71822,0.23049,0.43444,0.03095,0.00858,11196844.4,Sponza,8,Deferred + prepass,16,0.5,16,29,4,M16_D0.5,"16 bins
M16, D0.5",4,,,,,
1800,0.70451,0.23779,0.41287,0.03137,0.00876,11241036.3,Sponza,8,Deferred + prepass,16,0.5,16,29,4,M16_D0.5,"16 bins
M16, D0.5",4,,,,,
1860,0.74349,0.23738,0.4527,0.03117,0.00853,11241007.0,Sponza,8,Deferred + prepass,16,0.5,16,29,4,M16_D0.5,"16 bins
M16, D0.5",4,,,,,
1920,0.78631,0.23332,0.49859,0.0319,0.00873,11240943.4,Sponza,8,Deferred + prepass,16,0.5,16,29,4,M16_D0.5,"16 bins
M16, D0.5",4,,,,,
1980,0.74237,0.20473,0.48366,0.03173,0.0086,10257777.5,Sponza,8,Deferred + prepass,16,0.5,16,29,4,M16_D0.5,"16 bins
M16, D0.5",4,,,,,
2040,0.58846,0.13043,0.40236,0.03274,0.00901,7118236.7,Sponza,8,Deferred + prepass,16,0.5,16,29,4,M16_D0.5,"16 bins
M16, D0.5",4,,,,,
2100,0.49131,0.0833,0.35158,0.0335,0.00898,4779189.6,Sponza,8,Deferred + prepass,16,0.5,16,29,4,M16_D0.5,"16 bins
M16, D0.5",4,,,,,
2160,0.24519,0.03355,0.15832,0.03202,0.00883,1653801.5,Sponza,8,Deferred + prepass,16,0.5,16,29,4,M16_D0.5,"16 bins
M16, D0.5",4,,,,,
2220,0.0677,0.00629,0.01084,0.03077,0.0078,250198.2,Sponza,8,Deferred + prepass,16,0.5,16,29,4,M16_D0.5,"16 bins
M16, D0.5",4,,,,,
2280,0.05942,0.00369,0.00515,0.03065,0.00791,81778.25,Sponza,8,Deferred + prepass,16,0.5,16,29,4,M16_D0.5,"16 bins
M16, D0.5",4,,,,,
2340,0.05491,0.00222,0.00198,0.03062,0.00802,0.0,Sponza,8,Deferred + prepass,16,0.5,16,29,4,M16_D0.5,"16 bins
M16, D0.5",4,,,,,
2400,0.05473,0.00214,0.00199,0.0306,0.00802,0.0,Sponza,8,Deferred + prepass,16,0.5,16,29,4,M16_D0.5,"16 bins
M16, D0.5",4,,,,,
2460,0.05469,0.00221,0.00199,0.03047,0.00797,0.0,Sponza,8,Deferred + prepass,16,0.5,16,29,4,M16_D0.5,"16 bins
M16, D0.5",4,,,,,
0,0.55074,,,0.03264,0.01009,2955774.1,Sponza,9,Visibility + G-buffer,16,0.5,16,29,4,M16_D0.5,"16 bins
M16, D0.5",5,0.09124,0.01217,0.00211,0.0145,0.35696
60,0.68339,,,0.03332,0.01025,3390293.45,Sponza,9,Visibility + G-buffer,16,0.5,16,29,4,M16_D0.5,"16 bins
M16, D0.5",5,0.10664,0.0128,0.0021,0.01592,0.47175
120,0.56822,,,0.03314,0.01016,1763572.05,Sponza,9,Visibility + G-buffer,16,0.5,16,29,4,M16_D0.5,"16 bins
M16, D0.5",5,0.05747,0.01261,0.0021,0.01566,0.40577
180,0.5359,,,0.03323,0.01017,1334104.85,Sponza,9,Visibility + G-buffer,16,0.5,16,29,4,M16_D0.5,"16 bins
M16, D0.5",5,0.04903,0.01183,0.00211,0.01542,0.38264
240,0.49059,,,0.03312,0.01015,1563999.05,Sponza,9,Visibility + G-buffer,16,0.5,16,29,4,M16_D0.5,"16 bins
M16, D0.5",5,0.0551,0.01169,0.00211,0.01534,0.33129
300,0.42187,,,0.03294,0.01012,942806.45,Sponza,9,Visibility + G-buffer,16,0.5,16,29,4,M16_D0.5,"16 bins
M16, D0.5",5,0.04362,0.01143,0.0021,0.01513,0.27477
360,0.54218,,,0.03333,0.01016,651664.2,Sponza,9,Visibility + G-buffer,16,0.5,16,29,4,M16_D0.5,"16 bins
M16, D0.5",5,0.03383,0.01177,0.00211,0.01536,0.40387
420,0.57055,,,0.03364,0.01026,531526.6,Sponza,9,Visibility + G-buffer,16,0.5,16,29,4,M16_D0.5,"16 bins
M16, D0.5",5,0.02803,0.01178,0.0021,0.01541,0.43773
480,0.47393,,,0.03376,0.01024,335265.25,Sponza,9,Visibility + G-buffer,16,0.5,16,29,4,M16_D0.5,"16 bins
M16, D0.5",5,0.0231,0.01155,0.0021,0.01531,0.34587
540,0.45643,,,0.03332,0.01022,394504.35,Sponza,9,Visibility + G-buffer,16,0.5,16,29,4,M16_D0.5,"16 bins
M16, D0.5",5,0.02586,0.01157,0.0021,0.01529,0.32645
600,0.75525,,,0.03328,0.01015,4763095.1,Sponza,9,Visibility + G-buffer,16,0.5,16,29,4,M16_D0.5,"16 bins
M16, D0.5",5,0.1492,0.01253,0.00211,0.01595,0.50038
660,0.79585,,,0.03328,0.01014,7008309.5,Sponza,9,Visibility + G-buffer,16,0.5,16,29,4,M16_D0.5,"16 bins
M16, D0.5",5,0.21928,0.01357,0.00211,0.01657,0.47035
720,0.73508,,,0.03329,0.01007,6851715.25,Sponza,9,Visibility + G-buffer,16,0.5,16,29,4,M16_D0.5,"16 bins
M16, D0.5",5,0.2185,0.01325,0.0021,0.01627,0.4079
780,0.85084,,,0.03345,0.01021,6833477.1,Sponza,9,Visibility + G-buffer,16,0.5,16,29,4,M16_D0.5,"16 bins
M16, D0.5",5,0.22674,0.01353,0.0021,0.01649,0.51487
840,0.65744,,,0.03386,0.01019,7736553.5,Sponza,9,Visibility + G-buffer,16,0.5,16,29,4,M16_D0.5,"16 bins
M16, D0.5",5,0.25626,0.01273,0.0021,0.01579,0.29358
900,0.74116,,,0.03365,0.01021,7912527.2,Sponza,9,Visibility + G-buffer,16,0.5,16,29,4,M16_D0.5,"16 bins
M16, D0.5",5,0.25666,0.01276,0.0021,0.0158,0.37516
960,0.63269,,,0.03336,0.01018,6364935.35,Sponza,9,Visibility + G-buffer,16,0.5,16,29,4,M16_D0.5,"16 bins
M16, D0.5",5,0.20478,0.01296,0.0021,0.01603,0.32106
1020,0.64377,,,0.03308,0.01016,5390683.35,Sponza,9,Visibility + G-buffer,16,0.5,16,29,4,M16_D0.5,"16 bins
M16, D0.5",5,0.16865,0.01308,0.00211,0.01616,0.36973
1080,0.59332,,,0.03339,0.01015,4144249.1,Sponza,9,Visibility + G-buffer,16,0.5,16,29,4,M16_D0.5,"16 bins
M16, D0.5",5,0.13245,0.01277,0.00211,0.016,0.35514
1140,0.47217,,,0.033,0.01014,2469341.8,Sponza,9,Visibility + G-buffer,16,0.5,16,29,4,M16_D0.5,"16 bins
M16, D0.5",5,0.08192,0.01208,0.00211,0.01553,0.28565
1200,0.50765,,,0.03298,0.01015,2921893.5,Sponza,9,Visibility + G-buffer,16,0.5,16,29,4,M16_D0.5,"16 bins
M16, D0.5",5,0.09319,0.01233,0.00212,0.01565,0.30958
1260,0.33671,,,0.03332,0.01013,1600253.25,Sponza,9,Visibility + G-buffer,16,0.5,16,29,4,M16_D0.5,"16 bins
M16, D0.5",5,0.0586,0.01183,0.00211,0.01539,0.17339
1320,0.316,,,0.03318,0.00995,1828604.05,Sponza,9,Visibility + G-buffer,16,0.5,16,29,4,M16_D0.5,"16 bins
M16, D0.5",5,0.06987,0.0117,0.00211,0.0153,0.14225
1380,0.62607,,,0.03314,0.01014,5316520.45,Sponza,9,Visibility + G-buffer,16,0.5,16,29,4,M16_D0.5,"16 bins
M16, D0.5",5,0.16818,0.01236,0.00211,0.01538,0.35477
1440,0.80803,,,0.03302,0.00933,7541994.9,Sponza,9,Visibility + G-buffer,16,0.5,16,29,4,M16_D0.5,"16 bins
M16, D0.5",5,0.23824,0.0124,0.00216,0.01491,0.47094
1500,0.83241,,,0.03182,0.00929,9143355.45,Sponza,9,Visibility + G-buffer,16,0.5,16,29,4,M16_D0.5,"16 bins
M16, D0.5",5,0.29141,0.01219,0.00216,0.0146,0.44352
1560,0.80537,,,0.03305,0.01001,10284076.3,Sponza,9,Visibility + G-buffer,16,0.5,16,29,4,M16_D0.5,"16 bins
M16, D0.5",5,0.32803,0.01202,0.0021,0.01409,0.37569
1620,0.77865,,,0.03278,0.00995,10793619.4,Sponza,9,Visibility + G-buffer,16,0.5,16,29,4,M16_D0.5,"16 bins
M16, D0.5",5,0.34284,0.01207,0.00212,0.01378,0.33402
1680,0.77835,,,0.03217,0.0099,11201993.95,Sponza,9,Visibility + G-buffer,16,0.5,16,29,4,M16_D0.5,"16 bins
M16, D0.5",5,0.35434,0.01209,0.00212,0.01345,0.32312
1740,0.71645,,,0.03178,0.00989,11196844.4,Sponza,9,Visibility + G-buffer,16,0.5,16,29,4,M16_D0.5,"16 bins
M16, D0.5",5,0.3517,0.01148,0.00211,0.01264,0.26532
1800,0.69715,,,0.03151,0.01015,11241036.3,Sponza,9,Visibility + G-buffer,16,0.5,16,29,4,M16_D0.5,"16 bins
M16, D0.5",5,0.35323,0.01139,0.00211,0.01253,0.24521
1860,0.74136,,,0.03189,0.00997,11241007.0,Sponza,9,Visibility + G-buffer,16,0.5,16,29,4,M16_D0.5,"16 bins
M16, D0.5",5,0.35409,0.01172,0.00211,0.01304,0.28671
1920,0.80869,,,0.03252,0.00993,11240943.4,Sponza,9,Visibility + G-buffer,16,0.5,16,29,4,M16_D0.5,"16 bins
M16, D0.5",5,0.35699,0.01225,0.00212,0.01379,0.35035
1980,0.78993,,,0.03284,0.01038,10257777.5,Sponza,9,Visibility + G-buffer,16,0.5,16,29,4,M16_D0.5,"16 bins
M16, D0.5",5,0.32543,0.01188,0.00211,0.01405,0.36214
2040,0.69164,,,0.03301,0.01039,7118236.7,Sponza,9,Visibility + G-buffer,16,0.5,16,29,4,M16_D0.5,"16 bins
M16, D0.5",5,0.2293,0.01154,0.00212,0.01438,0.35896
2100,0.62201,,,0.03371,0.01024,4779189.6,Sponza,9,Visibility + G-buffer,16,0.5,16,29,4,M16_D0.5,"16 bins
M16, D0.5",5,0.15332,0.01219,0.00211,0.01524,0.3592
2160,0.34448,,,0.0326,0.00993,1653801.5,Sponza,9,Visibility + G-buffer,16,0.5,16,29,4,M16_D0.5,"16 bins
M16, D0.5",5,0.0641,0.01039,0.00213,0.0133,0.17618
2220,0.12802,,,0.03032,0.00775,250198.2,Sponza,9,Visibility + G-buffer,16,0.5,16,29,4,M16_D0.5,"16 bins
M16, D0.5",5,0.01032,0.00839,0.00201,0.00984,0.0284
2280,0.11875,,,0.03033,0.008,81778.25,Sponza,9,Visibility + G-buffer,16,0.5,16,29,4,M16_D0.5,"16 bins
M16, D0.5",5,0.0054,0.00802,0.00197,0.00946,0.02456
2340,0.11372,,,0.03039,0.00823,0.0,Sponza,9,Visibility + G-buffer,16,0.5,16,29,4,M16_D0.5,"16 bins
M16, D0.5",5,0.00243,0.00775,0.00193,0.00923,0.02223
2400,0.11313,,,0.03036,0.00819,0.0,Sponza,9,Visibility + G-buffer,16,0.5,16,29,4,M16_D0.5,"16 bins
M16, D0.5",5,0.00242,0.00779,0.00193,0.00923,0.02218
2460,0.11314,,,0.0304,0.00825,0.0,Sponza,9,Visibility + G-buffer,16,0.5,16,29,4,M16_D0.5,"16 bins
M16, D0.5",5,0.00233,0.00776,0.00193,0.00924,0.0222
0,0.43131,0.04695,0.32966,0.03285,0.00893,2955774.1,Sponza,8,Deferred + prepass,64,0.0,29,29,6,M64_D0,"29 bins
M64, D0",6,,,,,
60,0.51989,0.05517,0.40937,0.03377,0.00898,3390293.45,Sponza,8,Deferred + prepass,64,0.0,29,29,6,M64_D0,"29 bins
M64, D0",6,,,,,
120,0.44634,0.02785,0.36209,0.03398,0.00888,1763572.05,Sponza,8,Deferred + prepass,64,0.0,29,29,6,M64_D0,"29 bins
M64, D0",6,,,,,
180,0.43216,0.02806,0.34829,0.03378,0.00889,1334104.85,Sponza,8,Deferred + prepass,64,0.0,29,29,6,M64_D0,"29 bins
M64, D0",6,,,,,
240,0.38378,0.03075,0.2974,0.03388,0.00893,1563999.05,Sponza,8,Deferred + prepass,64,0.0,29,29,6,M64_D0,"29 bins
M64, D0",6,,,,,
300,0.32843,0.02588,0.24692,0.03339,0.00894,942806.45,Sponza,8,Deferred + prepass,64,0.0,29,29,6,M64_D0,"29 bins
M64, D0",6,,,,,
360,0.43832,0.01948,0.3631,0.03393,0.00896,651664.2,Sponza,8,Deferred + prepass,64,0.0,29,29,6,M64_D0,"29 bins
M64, D0",6,,,,,
420,0.47134,0.01519,0.39998,0.03424,0.00899,531526.6,Sponza,8,Deferred + prepass,64,0.0,29,29,6,M64_D0,"29 bins
M64, D0",6,,,,,
480,0.40234,0.01124,0.33519,0.03406,0.0089,335265.25,Sponza,8,Deferred + prepass,64,0.0,29,29,6,M64_D0,"29 bins
M64, D0",6,,,,,
540,0.38398,0.01306,0.31494,0.03394,0.00894,394504.35,Sponza,8,Deferred + prepass,64,0.0,29,29,6,M64_D0,"29 bins
M64, D0",6,,,,,
600,0.5867,0.08653,0.44437,0.03348,0.00898,4763095.1,Sponza,8,Deferred + prepass,64,0.0,29,29,6,M64_D0,"29 bins
M64, D0",6,,,,,
660,0.60595,0.12197,0.42908,0.03317,0.00896,7008309.5,Sponza,8,Deferred + prepass,64,0.0,29,29,6,M64_D0,"29 bins
M64, D0",6,,,,,
720,0.53524,0.12319,0.3572,0.03301,0.00895,6851715.25,Sponza,8,Deferred + prepass,64,0.0,29,29,6,M64_D0,"29 bins
M64, D0",6,,,,,
780,0.59417,0.1271,0.41251,0.03296,0.00908,6833477.1,Sponza,8,Deferred + prepass,64,0.0,29,29,6,M64_D0,"29 bins
M64, D0",6,,,,,
840,0.50991,0.15527,0.30042,0.03219,0.00887,7736553.5,Sponza,8,Deferred + prepass,64,0.0,29,29,6,M64_D0,"29 bins
M64, D0",6,,,,,
900,0.60412,0.15246,0.39634,0.03321,0.00894,7912527.2,Sponza,8,Deferred + prepass,64,0.0,29,29,6,M64_D0,"29 bins
M64, D0",6,,,,,
960,0.48192,0.11773,0.30951,0.0325,0.00897,6364935.35,Sponza,8,Deferred + prepass,64,0.0,29,29,6,M64_D0,"29 bins
M64, D0",6,,,,,
1020,0.44892,0.09536,0.29764,0.03248,0.00892,5390683.35,Sponza,8,Deferred + prepass,64,0.0,29,29,6,M64_D0,"29 bins
M64, D0",6,,,,,
1080,0.43667,0.07336,0.30785,0.03279,0.00893,4144249.1,Sponza,8,Deferred + prepass,64,0.0,29,29,6,M64_D0,"29 bins
M64, D0",6,,,,,
1140,0.38267,0.04447,0.28364,0.03269,0.009,2469341.8,Sponza,8,Deferred + prepass,64,0.0,29,29,6,M64_D0,"29 bins
M64, D0",6,,,,,
1200,0.4129,0.05011,0.30819,0.0326,0.00901,2921893.5,Sponza,8,Deferred + prepass,64,0.0,29,29,6,M64_D0,"29 bins
M64, D0",6,,,,,
1260,0.22924,0.03118,0.14466,0.03168,0.0088,1600253.25,Sponza,8,Deferred + prepass,64,0.0,29,29,6,M64_D0,"29 bins
M64, D0",6,,,,,
1320,0.20448,0.03739,0.11446,0.03138,0.00872,1828604.05,Sponza,8,Deferred + prepass,64,0.0,29,29,6,M64_D0,"29 bins
M64, D0",6,,,,,
1380,0.48384,0.0959,0.33432,0.03256,0.00901,5316520.45,Sponza,8,Deferred + prepass,64,0.0,29,29,6,M64_D0,"29 bins
M64, D0",6,,,,,
1440,0.64836,0.14111,0.45274,0.03298,0.00888,7541994.9,Sponza,8,Deferred + prepass,64,0.0,29,29,6,M64_D0,"29 bins
M64, D0",6,,,,,
1500,0.70688,0.18179,0.46947,0.0331,0.0088,9143355.45,Sponza,8,Deferred + prepass,64,0.0,29,29,6,M64_D0,"29 bins
M64, D0",6,,,,,
1560,0.74098,0.21252,0.47311,0.03277,0.00878,10284076.3,Sponza,8,Deferred + prepass,64,0.0,29,29,6,M64_D0,"29 bins
M64, D0",6,,,,,
1620,0.77307,0.22533,0.49243,0.0325,0.00883,10793619.4,Sponza,8,Deferred + prepass,64,0.0,29,29,6,M64_D0,"29 bins
M64, D0",6,,,,,
1680,0.79047,0.23226,0.5027,0.0328,0.00871,11201993.95,Sponza,8,Deferred + prepass,64,0.0,29,29,6,M64_D0,"29 bins
M64, D0",6,,,,,
1740,0.72779,0.23088,0.44195,0.03261,0.00865,11196844.4,Sponza,8,Deferred + prepass,64,0.0,29,29,6,M64_D0,"29 bins
M64, D0",6,,,,,
1800,0.71324,0.23816,0.4203,0.03204,0.00862,11241036.3,Sponza,8,Deferred + prepass,64,0.0,29,29,6,M64_D0,"29 bins
M64, D0",6,,,,,
1860,0.754,0.23771,0.46202,0.03191,0.00866,11241007.0,Sponza,8,Deferred + prepass,64,0.0,29,29,6,M64_D0,"29 bins
M64, D0",6,,,,,
1920,0.80029,0.23386,0.51066,0.03341,0.00874,11240943.4,Sponza,8,Deferred + prepass,64,0.0,29,29,6,M64_D0,"29 bins
M64, D0",6,,,,,
1980,0.73623,0.20503,0.47756,0.0317,0.00871,10257777.5,Sponza,8,Deferred + prepass,64,0.0,29,29,6,M64_D0,"29 bins
M64, D0",6,,,,,
2040,0.58514,0.13074,0.39943,0.03264,0.00909,7118236.7,Sponza,8,Deferred + prepass,64,0.0,29,29,6,M64_D0,"29 bins
M64, D0",6,,,,,
2100,0.48512,0.08375,0.34637,0.03342,0.00898,4779189.6,Sponza,8,Deferred + prepass,64,0.0,29,29,6,M64_D0,"29 bins
M64, D0",6,,,,,
2160,0.24513,0.03351,0.15832,0.03196,0.00883,1653801.5,Sponza,8,Deferred + prepass,64,0.0,29,29,6,M64_D0,"29 bins
M64, D0",6,,,,,
2220,0.06769,0.00624,0.01074,0.03079,0.0078,250198.2,Sponza,8,Deferred + prepass,64,0.0,29,29,6,M64_D0,"29 bins
M64, D0",6,,,,,
2280,0.05914,0.00361,0.00506,0.03063,0.00791,81778.25,Sponza,8,Deferred + prepass,64,0.0,29,29,6,M64_D0,"29 bins
M64, D0",6,,,,,
2340,0.05452,0.0019,0.00194,0.03059,0.008,0.0,Sponza,8,Deferred + prepass,64,0.0,29,29,6,M64_D0,"29 bins
M64, D0",6,,,,,
2400,0.05443,0.00188,0.00193,0.0306,0.008,0.0,Sponza,8,Deferred + prepass,64,0.0,29,29,6,M64_D0,"29 bins
M64, D0",6,,,,,
2460,0.05471,0.0021,0.00198,0.0306,0.00802,0.0,Sponza,8,Deferred + prepass,64,0.0,29,29,6,M64_D0,"29 bins
M64, D0",6,,,,,
0,0.93767,,,0.03549,0.01106,2955774.1,Sponza,9,Visibility + G-buffer,64,0.0,29,29,6,M64_D0,"29 bins
M64, D0",7,0.09923,0.01198,0.00216,0.01405,0.73213
60,0.82317,,,0.03424,0.01017,3390293.45,Sponza,9,Visibility + G-buffer,64,0.0,29,29,6,M64_D0,"29 bins
M64, D0",7,0.10609,0.01229,0.00211,0.01515,0.61246
120,0.62077,,,0.03408,0.01007,1763572.05,Sponza,9,Visibility + G-buffer,64,0.0,29,29,6,M64_D0,"29 bins
M64, D0",7,0.05752,0.0121,0.00211,0.01508,0.45817
180,0.64687,,,0.03414,0.01014,1334104.85,Sponza,9,Visibility + G-buffer,64,0.0,29,29,6,M64_D0,"29 bins
M64, D0",7,0.04886,0.01161,0.00212,0.01497,0.49317
240,0.55921,,,0.0339,0.0101,1563999.05,Sponza,9,Visibility + G-buffer,64,0.0,29,29,6,M64_D0,"29 bins
M64, D0",7,0.05494,0.01152,0.00213,0.01495,0.39926
300,0.42505,,,0.03345,0.01012,942806.45,Sponza,9,Visibility + G-buffer,64,0.0,29,29,6,M64_D0,"29 bins
M64, D0",7,0.04331,0.01132,0.00212,0.01483,0.27724
360,0.56896,,,0.03412,0.01021,651664.2,Sponza,9,Visibility + G-buffer,64,0.0,29,29,6,M64_D0,"29 bins
M64, D0",7,0.03359,0.01149,0.00212,0.01504,0.43013
420,0.60761,,,0.03391,0.00999,531526.6,Sponza,9,Visibility + G-buffer,64,0.0,29,29,6,M64_D0,"29 bins
M64, D0",7,0.02781,0.0117,0.00227,0.01505,0.47712
480,0.48235,,,0.03433,0.01018,335265.25,Sponza,9,Visibility + G-buffer,64,0.0,29,29,6,M64_D0,"29 bins
M64, D0",7,0.02304,0.01123,0.00211,0.01497,0.35472
540,0.46584,,,0.0343,0.01021,394504.35,Sponza,9,Visibility + G-buffer,64,0.0,29,29,6,M64_D0,"29 bins
M64, D0",7,0.02558,0.01143,0.00211,0.01497,0.33537
600,0.95373,,,0.03303,0.00935,4763095.1,Sponza,9,Visibility + G-buffer,64,0.0,29,29,6,M64_D0,"29 bins
M64, D0",7,0.14791,0.01225,0.00272,0.01529,0.70761
660,1.10557,,,0.03308,0.00944,7008309.5,Sponza,9,Visibility + G-buffer,64,0.0,29,29,6,M64_D0,"29 bins
M64, D0",7,0.21801,0.01316,0.00262,0.01551,0.7876
720,0.94506,,,0.03224,0.0092,6851715.25,Sponza,9,Visibility + G-buffer,64,0.0,29,29,6,M64_D0,"29 bins
M64, D0",7,0.21476,0.01282,0.00273,0.01526,0.63311
780,1.01554,,,0.03325,0.00943,6833477.1,Sponza,9,Visibility + G-buffer,64,0.0,29,29,6,M64_D0,"29 bins
M64, D0",7,0.21777,0.01305,0.00266,0.01566,0.69804
840,0.79308,,,0.03352,0.00956,7736553.5,Sponza,9,Visibility + G-buffer,64,0.0,29,29,6,M64_D0,"29 bins
M64, D0",7,0.2554,0.01244,0.00255,0.01525,0.43658
900,0.92454,,,0.03309,0.00954,7912527.2,Sponza,9,Visibility + G-buffer,64,0.0,29,29,6,M64_D0,"29 bins
M64, D0",7,0.25591,0.01254,0.00241,0.0152,0.56798
960,0.74408,,,0.03344,0.00973,6364935.35,Sponza,9,Visibility + G-buffer,64,0.0,29,29,6,M64_D0,"29 bins
M64, D0",7,0.20337,0.0126,0.00245,0.01543,0.43963
1020,0.75589,,,0.03345,0.00995,5390683.35,Sponza,9,Visibility + G-buffer,64,0.0,29,29,6,M64_D0,"29 bins
M64, D0",7,0.16679,0.01271,0.00239,0.01542,0.48369
1080,0.65292,,,0.03397,0.00995,4144249.1,Sponza,9,Visibility + G-buffer,64,0.0,29,29,6,M64_D0,"29 bins
M64, D0",7,0.13123,0.01245,0.00232,0.01535,0.41794
1140,0.55695,,,0.03382,0.01009,2469341.8,Sponza,9,Visibility + G-buffer,64,0.0,29,29,6,M64_D0,"29 bins
M64, D0",7,0.08129,0.01178,0.00221,0.01506,0.37109
1200,0.55283,,,0.03378,0.01013,2921893.5,Sponza,9,Visibility + G-buffer,64,0.0,29,29,6,M64_D0,"29 bins
M64, D0",7,0.09242,0.01198,0.00211,0.01515,0.3561
1260,0.33675,,,0.03391,0.01015,1600253.25,Sponza,9,Visibility + G-buffer,64,0.0,29,29,6,M64_D0,"29 bins
M64, D0",7,0.0584,0.01152,0.00211,0.015,0.17371
1320,0.32119,,,0.03356,0.00993,1828604.05,Sponza,9,Visibility + G-buffer,64,0.0,29,29,6,M64_D0,"29 bins
M64, D0",7,0.06934,0.01149,0.00211,0.015,0.14738
1380,0.71946,,,0.03295,0.00974,5316520.45,Sponza,9,Visibility + G-buffer,64,0.0,29,29,6,M64_D0,"29 bins
M64, D0",7,0.1667,0.01217,0.00246,0.01493,0.45355
1440,1.05823,,,0.03227,0.00946,7541994.9,Sponza,9,Visibility + G-buffer,64,0.0,29,29,6,M64_D0,"29 bins
M64, D0",7,0.23747,0.01218,0.00263,0.01464,0.72293
1500,1.0301,,,0.03205,0.00923,9143355.45,Sponza,9,Visibility + G-buffer,64,0.0,29,29,6,M64_D0,"29 bins
M64, D0",7,0.2906,0.01211,0.00274,0.01429,0.64352
1560,0.87431,,,0.0317,0.0091,10284076.3,Sponza,9,Visibility + G-buffer,64,0.0,29,29,6,M64_D0,"29 bins
M64, D0",7,0.32788,0.0121,0.0027,0.01381,0.45243
1620,0.84334,,,0.03266,0.00985,10793619.4,Sponza,9,Visibility + G-buffer,64,0.0,29,29,6,M64_D0,"29 bins
M64, D0",7,0.34313,0.01205,0.00211,0.01367,0.39852
1680,0.89275,,,0.03095,0.00907,11201993.95,Sponza,9,Visibility + G-buffer,64,0.0,29,29,6,M64_D0,"29 bins
M64, D0",7,0.35414,0.01217,0.00259,0.01315,0.44535
1740,0.8162,,,0.03094,0.00931,11196844.4,Sponza,9,Visibility + G-buffer,64,0.0,29,29,6,M64_D0,"29 bins
M64, D0",7,0.3515,0.01159,0.00242,0.01244,0.37132
1800,0.78792,,,0.03013,0.0092,11241036.3,Sponza,9,Visibility + G-buffer,64,0.0,29,29,6,M64_D0,"29 bins
M64, D0",7,0.35339,0.01153,0.00272,0.01237,0.34363
1860,0.82523,,,0.03057,0.00905,11241007.0,Sponza,9,Visibility + G-buffer,64,0.0,29,29,6,M64_D0,"29 bins
M64, D0",7,0.35432,0.0119,0.00268,0.01277,0.37907
1920,0.86716,,,0.0313,0.0092,11240943.4,Sponza,9,Visibility + G-buffer,64,0.0,29,29,6,M64_D0,"29 bins
M64, D0",7,0.35691,0.01238,0.00272,0.01347,0.41673
1980,0.85519,,,0.03212,0.00954,10257777.5,Sponza,9,Visibility + G-buffer,64,0.0,29,29,6,M64_D0,"29 bins
M64, D0",7,0.32546,0.01192,0.00246,0.01389,0.43305
2040,0.77524,,,0.032,0.00943,7118236.7,Sponza,9,Visibility + G-buffer,64,0.0,29,29,6,M64_D0,"29 bins
M64, D0",7,0.22621,0.0115,0.00261,0.01405,0.45313
2100,0.73979,,,0.03349,0.00974,4779189.6,Sponza,9,Visibility + G-buffer,64,0.0,29,29,6,M64_D0,"29 bins
M64, D0",7,0.14924,0.01193,0.0024,0.01493,0.49022
2160,0.34709,,,0.03255,0.00977,1653801.5,Sponza,9,Visibility + G-buffer,64,0.0,29,29,6,M64_D0,"29 bins
M64, D0",7,0.06325,0.0103,0.00211,0.01317,0.18498
2220,0.12985,,,0.03029,0.00769,250198.2,Sponza,9,Visibility + G-buffer,64,0.0,29,29,6,M64_D0,"29 bins
M64, D0",7,0.01021,0.00839,0.00196,0.00984,0.03121
2280,0.12136,,,0.0303,0.00794,81778.25,Sponza,9,Visibility + G-buffer,64,0.0,29,29,6,M64_D0,"29 bins
M64, D0",7,0.00547,0.00795,0.00193,0.00944,0.02756
2340,0.11671,,,0.03033,0.00811,0.0,Sponza,9,Visibility + G-buffer,64,0.0,29,29,6,M64_D0,"29 bins
M64, D0",7,0.00264,0.00772,0.00193,0.00924,0.02609
2400,0.11673,,,0.03034,0.00811,0.0,Sponza,9,Visibility + G-buffer,64,0.0,29,29,6,M64_D0,"29 bins
M64, D0",7,0.00262,0.00772,0.00194,0.00924,0.02609
2460,0.1168,,,0.03034,0.00811,0.0,Sponza,9,Visibility + G-buffer,64,0.0,29,29,6,M64_D0,"29 bins
M64, D0",7,0.00266,0.00772,0.00194,0.00924,0.02598
0,0.43486,0.04737,0.33161,0.03315,0.00902,2955774.1,Sponza,8,Deferred + prepass,64,1.0,29,29,8,M64_D1,"29 bins
M64, D1",8,,,,,
60,0.51649,0.05464,0.40568,0.03379,0.00897,3390293.45,Sponza,8,Deferred + prepass,64,1.0,29,29,8,M64_D1,"29 bins
M64, D1",8,,,,,
120,0.46183,0.02768,0.3774,0.03408,0.0089,1763572.05,Sponza,8,Deferred + prepass,64,1.0,29,29,8,M64_D1,"29 bins
M64, D1",8,,,,,
180,0.43177,0.02789,0.34575,0.03383,0.00896,1334104.85,Sponza,8,Deferred + prepass,64,1.0,29,29,8,M64_D1,"29 bins
M64, D1",8,,,,,
240,0.38277,0.03052,0.29604,0.03393,0.00887,1563999.05,Sponza,8,Deferred + prepass,64,1.0,29,29,8,M64_D1,"29 bins
M64, D1",8,,,,,
300,0.33031,0.02563,0.24893,0.03335,0.00897,942806.45,Sponza,8,Deferred + prepass,64,1.0,29,29,8,M64_D1,"29 bins
M64, D1",8,,,,,
360,0.44027,0.01937,0.36599,0.03385,0.00887,651664.2,Sponza,8,Deferred + prepass,64,1.0,29,29,8,M64_D1,"29 bins
M64, D1",8,,,,,
420,0.46891,0.01514,0.39823,0.03416,0.00899,531526.6,Sponza,8,Deferred + prepass,64,1.0,29,29,8,M64_D1,"29 bins
M64, D1",8,,,,,
480,0.39427,0.01132,0.32726,0.03404,0.00894,335265.25,Sponza,8,Deferred + prepass,64,1.0,29,29,8,M64_D1,"29 bins
M64, D1",8,,,,,
540,0.38156,0.01307,0.31296,0.03384,0.0089,394504.35,Sponza,8,Deferred + prepass,64,1.0,29,29,8,M64_D1,"29 bins
M64, D1",8,,,,,
600,0.59085,0.08628,0.44787,0.0335,0.00893,4763095.1,Sponza,8,Deferred + prepass,64,1.0,29,29,8,M64_D1,"29 bins
M64, D1",8,,,,,
660,0.60107,0.1216,0.42322,0.03318,0.00896,7008309.5,Sponza,8,Deferred + prepass,64,1.0,29,29,8,M64_D1,"29 bins
M64, D1",8,,,,,
720,0.53262,0.12281,0.3538,0.0331,0.00884,6851715.25,Sponza,8,Deferred + prepass,64,1.0,29,29,8,M64_D1,"29 bins
M64, D1",8,,,,,
780,0.59179,0.12682,0.40876,0.03304,0.00892,6833477.1,Sponza,8,Deferred + prepass,64,1.0,29,29,8,M64_D1,"29 bins
M64, D1",8,,,,,
840,0.51704,0.15514,0.3069,0.03227,0.00888,7736553.5,Sponza,8,Deferred + prepass,64,1.0,29,29,8,M64_D1,"29 bins
M64, D1",8,,,,,
900,0.60099,0.15214,0.39254,0.03335,0.00898,7912527.2,Sponza,8,Deferred + prepass,64,1.0,29,29,8,M64_D1,"29 bins
M64, D1",8,,,,,
960,0.48142,0.11673,0.3094,0.03261,0.009,6364935.35,Sponza,8,Deferred + prepass,64,1.0,29,29,8,M64_D1,"29 bins
M64, D1",8,,,,,
1020,0.44803,0.0944,0.29833,0.03254,0.00888,5390683.35,Sponza,8,Deferred + prepass,64,1.0,29,29,8,M64_D1,"29 bins
M64, D1",8,,,,,
1080,0.43013,0.07281,0.30166,0.03294,0.00889,4144249.1,Sponza,8,Deferred + prepass,64,1.0,29,29,8,M64_D1,"29 bins
M64, D1",8,,,,,
1140,0.38521,0.04406,0.28563,0.03275,0.009,2469341.8,Sponza,8,Deferred + prepass,64,1.0,29,29,8,M64_D1,"29 bins
M64, D1",8,,,,,
1200,0.4239,0.04984,0.31365,0.03269,0.0089,2921893.5,Sponza,8,Deferred + prepass,64,1.0,29,29,8,M64_D1,"29 bins
M64, D1",8,,,,,
1260,0.23904,0.03171,0.15001,0.03177,0.00882,1600253.25,Sponza,8,Deferred + prepass,64,1.0,29,29,8,M64_D1,"29 bins
M64, D1",8,,,,,
1320,0.20949,0.03775,0.11569,0.03177,0.00895,1828604.05,Sponza,8,Deferred + prepass,64,1.0,29,29,8,M64_D1,"29 bins
M64, D1",8,,,,,
1380,0.49116,0.09617,0.33965,0.03283,0.00903,5316520.45,Sponza,8,Deferred + prepass,64,1.0,29,29,8,M64_D1,"29 bins
M64, D1",8,,,,,
1440,0.65136,0.14132,0.45381,0.03308,0.00898,7541994.9,Sponza,8,Deferred + prepass,64,1.0,29,29,8,M64_D1,"29 bins
M64, D1",8,,,,,
1500,0.70986,0.18165,0.47269,0.03308,0.00876,9143355.45,Sponza,8,Deferred + prepass,64,1.0,29,29,8,M64_D1,"29 bins
M64, D1",8,,,,,
1560,0.74224,0.21238,0.47433,0.03277,0.00879,10284076.3,Sponza,8,Deferred + prepass,64,1.0,29,29,8,M64_D1,"29 bins
M64, D1",8,,,,,
1620,0.77297,0.22525,0.49199,0.03256,0.00886,10793619.4,Sponza,8,Deferred + prepass,64,1.0,29,29,8,M64_D1,"29 bins
M64, D1",8,,,,,
1680,0.78616,0.23147,0.49916,0.03241,0.00885,11201993.95,Sponza,8,Deferred + prepass,64,1.0,29,29,8,M64_D1,"29 bins
M64, D1",8,,,,,
1740,0.72534,0.22984,0.43994,0.032,0.0088,11196844.4,Sponza,8,Deferred + prepass,64,1.0,29,29,8,M64_D1,"29 bins
M64, D1",8,,,,,
1800,0.71073,0.23724,0.41825,0.0319,0.00895,11241036.3,Sponza,8,Deferred + prepass,64,1.0,29,29,8,M64_D1,"29 bins
M64, D1",8,,,,,
1860,0.75119,0.23668,0.45943,0.03207,0.00879,11241007.0,Sponza,8,Deferred + prepass,64,1.0,29,29,8,M64_D1,"29 bins
M64, D1",8,,,,,
1920,0.79528,0.23285,0.5068,0.03258,0.00886,11240943.4,Sponza,8,Deferred + prepass,64,1.0,29,29,8,M64_D1,"29 bins
M64, D1",8,,,,,
1980,0.73992,0.20426,0.47952,0.03297,0.00908,10257777.5,Sponza,8,Deferred + prepass,64,1.0,29,29,8,M64_D1,"29 bins
M64, D1",8,,,,,
2040,0.59993,0.131,0.40473,0.0332,0.0092,7118236.7,Sponza,8,Deferred + prepass,64,1.0,29,29,8,M64_D1,"29 bins
M64, D1",8,,,,,
2100,0.49972,0.084,0.35493,0.0336,0.00913,4779189.6,Sponza,8,Deferred + prepass,64,1.0,29,29,8,M64_D1,"29 bins
M64, D1",8,,,,,
2160,0.24883,0.03339,0.15945,0.03203,0.00893,1653801.5,Sponza,8,Deferred + prepass,64,1.0,29,29,8,M64_D1,"29 bins
M64, D1",8,,,,,
2220,0.06843,0.00635,0.01109,0.03088,0.00779,250198.2,Sponza,8,Deferred + prepass,64,1.0,29,29,8,M64_D1,"29 bins
M64, D1",8,,,,,
2280,0.05949,0.00368,0.00516,0.03073,0.0079,81778.25,Sponza,8,Deferred + prepass,64,1.0,29,29,8,M64_D1,"29 bins
M64, D1",8,,,,,
2340,0.05475,0.00213,0.00199,0.03067,0.00798,0.0,Sponza,8,Deferred + prepass,64,1.0,29,29,8,M64_D1,"29 bins
M64, D1",8,,,,,
2400,0.05485,0.00212,0.00198,0.03071,0.00799,0.0,Sponza,8,Deferred + prepass,64,1.0,29,29,8,M64_D1,"29 bins
M64, D1",8,,,,,
2460,0.05483,0.00214,0.00198,0.03067,0.00798,0.0,Sponza,8,Deferred + prepass,64,1.0,29,29,8,M64_D1,"29 bins
M64, D1",8,,,,,
0,0.76578,,,0.03871,0.01261,2955774.1,Sponza,9,Visibility + G-buffer,64,1.0,29,29,8,M64_D1,"29 bins
M64, D1",9,0.11251,0.01353,0.00224,0.01519,0.53755
60,0.64237,,,0.03456,0.01065,3390293.45,Sponza,9,Visibility + G-buffer,64,1.0,29,29,8,M64_D1,"29 bins
M64, D1",9,0.11148,0.01315,0.00213,0.01626,0.42356
120,0.5121,,,0.03302,0.01035,1763572.05,Sponza,9,Visibility + G-buffer,64,1.0,29,29,8,M64_D1,"29 bins
M64, D1",9,0.05765,0.01257,0.00211,0.01576,0.34953
180,0.51221,,,0.03315,0.01031,1334104.85,Sponza,9,Visibility + G-buffer,64,1.0,29,29,8,M64_D1,"29 bins
M64, D1",9,0.04891,0.01191,0.0021,0.01552,0.35833
240,0.48516,,,0.03316,0.01032,1563999.05,Sponza,9,Visibility + G-buffer,64,1.0,29,29,8,M64_D1,"29 bins
M64, D1",9,0.05485,0.01184,0.0021,0.01545,0.32541
300,0.41203,,,0.03299,0.0103,942806.45,Sponza,9,Visibility + G-buffer,64,1.0,29,29,8,M64_D1,"29 bins
M64, D1",9,0.0437,0.01156,0.00211,0.01517,0.26424
360,0.49247,,,0.03327,0.01028,651664.2,Sponza,9,Visibility + G-buffer,64,1.0,29,29,8,M64_D1,"29 bins
M64, D1",9,0.03367,0.01191,0.00211,0.01547,0.35436
420,0.53906,,,0.0335,0.01029,531526.6,Sponza,9,Visibility + G-buffer,64,1.0,29,29,8,M64_D1,"29 bins
M64, D1",9,0.02795,0.01189,0.00211,0.01553,0.40601
480,0.47561,,,0.03358,0.01024,335265.25,Sponza,9,Visibility + G-buffer,64,1.0,29,29,8,M64_D1,"29 bins
M64, D1",9,0.02321,0.01152,0.00212,0.01533,0.34811
540,0.45276,,,0.03335,0.01033,394504.35,Sponza,9,Visibility + G-buffer,64,1.0,29,29,8,M64_D1,"29 bins
M64, D1",9,0.02575,0.01167,0.00211,0.01535,0.32251
600,0.66979,,,0.03325,0.01035,4763095.1,Sponza,9,Visibility + G-buffer,64,1.0,29,29,8,M64_D1,"29 bins
M64, D1",9,0.14876,0.01251,0.00212,0.01601,0.41602
660,0.70606,,,0.03331,0.01019,7008309.5,Sponza,9,Visibility + G-buffer,64,1.0,29,29,8,M64_D1,"29 bins
M64, D1",9,0.21859,0.01362,0.00211,0.01665,0.37927
720,0.64666,,,0.03295,0.01015,6851715.25,Sponza,9,Visibility + G-buffer,64,1.0,29,29,8,M64_D1,"29 bins
M64, D1",9,0.21522,0.01325,0.00211,0.01633,0.32543
780,0.69912,,,0.03312,0.01025,6833477.1,Sponza,9,Visibility + G-buffer,64,1.0,29,29,8,M64_D1,"29 bins
M64, D1",9,0.21861,0.01342,0.00211,0.01659,0.37384
840,0.58672,,,0.03365,0.01012,7736553.5,Sponza,9,Visibility + G-buffer,64,1.0,29,29,8,M64_D1,"29 bins
M64, D1",9,0.2559,0.01266,0.00211,0.01584,0.22522
900,0.69721,,,0.03362,0.01013,7912527.2,Sponza,9,Visibility + G-buffer,64,1.0,29,29,8,M64_D1,"29 bins
M64, D1",9,0.25609,0.01284,0.00211,0.01592,0.3355
960,0.59424,,,0.03323,0.01024,6364935.35,Sponza,9,Visibility + G-buffer,64,1.0,29,29,8,M64_D1,"29 bins
M64, D1",9,0.20408,0.01297,0.00211,0.0161,0.28455
1020,0.56662,,,0.03306,0.01027,5390683.35,Sponza,9,Visibility + G-buffer,64,1.0,29,29,8,M64_D1,"29 bins
M64, D1",9,0.16803,0.01305,0.00211,0.01624,0.29326
1080,0.53237,,,0.03297,0.01026,4144249.1,Sponza,9,Visibility + G-buffer,64,1.0,29,29,8,M64_D1,"29 bins
M64, D1",9,0.13237,0.01275,0.00212,0.01603,0.29425
1140,0.45402,,,0.03298,0.01022,2469341.8,Sponza,9,Visibility + G-buffer,64,1.0,29,29,8,M64_D1,"29 bins
M64, D1",9,0.08168,0.01226,0.00212,0.01583,0.26767
1200,0.47496,,,0.03307,0.01029,2921893.5,Sponza,9,Visibility + G-buffer,64,1.0,29,29,8,M64_D1,"29 bins
M64, D1",9,0.09269,0.01238,0.00211,0.01578,0.27748
1260,0.3336,,,0.03321,0.01016,1600253.25,Sponza,9,Visibility + G-buffer,64,1.0,29,29,8,M64_D1,"29 bins
M64, D1",9,0.0583,0.01192,0.0021,0.01545,0.17087
1320,0.31749,,,0.03301,0.01004,1828604.05,Sponza,9,Visibility + G-buffer,64,1.0,29,29,8,M64_D1,"29 bins
M64, D1",9,0.06952,0.01185,0.00212,0.01535,0.14371
1380,0.59524,,,0.03305,0.01029,5316520.45,Sponza,9,Visibility + G-buffer,64,1.0,29,29,8,M64_D1,"29 bins
M64, D1",9,0.16737,0.01241,0.00211,0.0155,0.32371
1440,0.75392,,,0.03287,0.01002,7541994.9,Sponza,9,Visibility + G-buffer,64,1.0,29,29,8,M64_D1,"29 bins
M64, D1",9,0.23875,0.01227,0.00212,0.01535,0.41059
1500,0.79528,,,0.03278,0.00989,9143355.45,Sponza,9,Visibility + G-buffer,64,1.0,29,29,8,M64_D1,"29 bins
M64, D1",9,0.29143,0.01219,0.00212,0.01495,0.40042
1560,0.7735,,,0.03277,0.00987,10284076.3,Sponza,9,Visibility + G-buffer,64,1.0,29,29,8,M64_D1,"29 bins
M64, D1",9,0.32836,0.01205,0.00212,0.01427,0.34303
1620,0.77051,,,0.03256,0.00989,10793619.4,Sponza,9,Visibility + G-buffer,64,1.0,29,29,8,M64_D1,"29 bins
M64, D1",9,0.34362,0.01214,0.00211,0.01388,0.32474
1680,0.76408,,,0.03217,0.00993,11201993.95,Sponza,9,Visibility + G-buffer,64,1.0,29,29,8,M64_D1,"29 bins
M64, D1",9,0.35474,0.01211,0.00211,0.01355,0.3077
1740,0.69694,,,0.03175,0.0099,11196844.4,Sponza,9,Visibility + G-buffer,64,1.0,29,29,8,M64_D1,"29 bins
M64, D1",9,0.35178,0.01151,0.00211,0.01269,0.24544
1800,0.6805,,,0.03149,0.0101,11241036.3,Sponza,9,Visibility + G-buffer,64,1.0,29,29,8,M64_D1,"29 bins
M64, D1",9,0.35325,0.0114,0.0021,0.0126,0.22809
1860,0.72534,,,0.03181,0.00983,11241007.0,Sponza,9,Visibility + G-buffer,64,1.0,29,29,8,M64_D1,"29 bins
M64, D1",9,0.35481,0.01177,0.00211,0.01315,0.26952
1920,0.78853,,,0.03241,0.00998,11240943.4,Sponza,9,Visibility + G-buffer,64,1.0,29,29,8,M64_D1,"29 bins
M64, D1",9,0.3569,0.01226,0.00212,0.01392,0.32924
1980,0.76936,,,0.03258,0.01019,10257777.5,Sponza,9,Visibility + G-buffer,64,1.0,29,29,8,M64_D1,"29 bins
M64, D1",9,0.32573,0.0119,0.00213,0.0142,0.34177
2040,0.66344,,,0.03248,0.01022,7118236.7,Sponza,9,Visibility + G-buffer,64,1.0,29,29,8,M64_D1,"29 bins
M64, D1",9,0.22663,0.01154,0.00211,0.01451,0.33477
2100,0.59822,,,0.03344,0.01026,4779189.6,Sponza,9,Visibility + G-buffer,64,1.0,29,29,8,M64_D1,"29 bins
M64, D1",9,0.14967,0.01217,0.00211,0.01528,0.34387
2160,0.33781,,,0.03254,0.00983,1653801.5,Sponza,9,Visibility + G-buffer,64,1.0,29,29,8,M64_D1,"29 bins
M64, D1",9,0.06328,0.01032,0.0021,0.01327,0.1753
2220,0.13141,,,0.0303,0.00771,250198.2,Sponza,9,Visibility + G-buffer,64,1.0,29,29,8,M64_D1,"29 bins
M64, D1",9,0.01027,0.00837,0.00196,0.00986,0.03189
2280,0.1223,,,0.0303,0.00796,81778.25,Sponza,9,Visibility + G-buffer,64,1.0,29,29,8,M64_D1,"29 bins
M64, D1",9,0.00548,0.00794,0.00193,0.00945,0.02813
2340,0.11685,,,0.03034,0.00813,0.0,Sponza,9,Visibility + G-buffer,64,1.0,29,29,8,M64_D1,"29 bins
M64, D1",9,0.00259,0.00772,0.00194,0.00924,0.02604
2400,0.11686,,,0.03034,0.00812,0.0,Sponza,9,Visibility + G-buffer,64,1.0,29,29,8,M64_D1,"29 bins
M64, D1",9,0.00254,0.00772,0.00194,0.00924,0.02609
2460,0.11679,,,0.03035,0.00812,0.0,Sponza,9,Visibility + G-buffer,64,1.0,29,29,8,M64_D1,"29 bins
M64, D1",9,0.0025,0.00773,0.00195,0.00924,0.02604
0,0.64097,0.05726,0.52408,0.03571,0.01075,2955774.1,Sponza,8,Deferred + prepass,255,0.0,29,29,10,M255_D0,"29 bins
M255, D0",10,,,,,
60,0.52058,0.05483,0.41054,0.03371,0.00904,3390293.45,Sponza,8,Deferred + prepass,255,0.0,29,29,10,M255_D0,"29 bins
M255, D0",10,,,,,
120,0.4465,0.02781,0.36206,0.03399,0.00893,1763572.05,Sponza,8,Deferred + prepass,255,0.0,29,29,10,M255_D0,"29 bins
M255, D0",10,,,,,
180,0.43398,0.02801,0.34957,0.03386,0.00901,1334104.85,Sponza,8,Deferred + prepass,255,0.0,29,29,10,M255_D0,"29 bins
M255, D0",10,,,,,
240,0.38142,0.03062,0.29513,0.03384,0.00888,1563999.05,Sponza,8,Deferred + prepass,255,0.0,29,29,10,M255_D0,"29 bins
M255, D0",10,,,,,
300,0.32835,0.02561,0.24744,0.03339,0.00894,942806.45,Sponza,8,Deferred + prepass,255,0.0,29,29,10,M255_D0,"29 bins
M255, D0",10,,,,,
360,0.43712,0.0194,0.36189,0.03392,0.00906,651664.2,Sponza,8,Deferred + prepass,255,0.0,29,29,10,M255_D0,"29 bins
M255, D0",10,,,,,
420,0.47055,0.01518,0.39881,0.03426,0.00902,531526.6,Sponza,8,Deferred + prepass,255,0.0,29,29,10,M255_D0,"29 bins
M255, D0",10,,,,,
480,0.40504,0.01132,0.33741,0.03406,0.00897,335265.25,Sponza,8,Deferred + prepass,255,0.0,29,29,10,M255_D0,"29 bins
M255, D0",10,,,,,
540,0.3848,0.01308,0.31573,0.03396,0.00904,394504.35,Sponza,8,Deferred + prepass,255,0.0,29,29,10,M255_D0,"29 bins
M255, D0",10,,,,,
600,0.59006,0.08666,0.448,0.03352,0.00907,4763095.1,Sponza,8,Deferred + prepass,255,0.0,29,29,10,M255_D0,"29 bins
M255, D0",10,,,,,
660,0.60911,0.12218,0.43163,0.03318,0.00898,7008309.5,Sponza,8,Deferred + prepass,255,0.0,29,29,10,M255_D0,"29 bins
M255, D0",10,,,,,
720,0.53686,0.12325,0.35859,0.03302,0.0089,6851715.25,Sponza,8,Deferred + prepass,255,0.0,29,29,10,M255_D0,"29 bins
M255, D0",10,,,,,
780,0.59561,0.12715,0.41331,0.03291,0.00901,6833477.1,Sponza,8,Deferred + prepass,255,0.0,29,29,10,M255_D0,"29 bins
M255, D0",10,,,,,
840,0.51311,0.15531,0.30313,0.03218,0.00906,7736553.5,Sponza,8,Deferred + prepass,255,0.0,29,29,10,M255_D0,"29 bins
M255, D0",10,,,,,
900,0.60474,0.15237,0.39687,0.03324,0.00902,7912527.2,Sponza,8,Deferred + prepass,255,0.0,29,29,10,M255_D0,"29 bins
M255, D0",10,,,,,
960,0.48405,0.1173,0.31144,0.03258,0.00914,6364935.35,Sponza,8,Deferred + prepass,255,0.0,29,29,10,M255_D0,"29 bins
M255, D0",10,,,,,
1020,0.44892,0.09482,0.29982,0.03251,0.00893,5390683.35,Sponza,8,Deferred + prepass,255,0.0,29,29,10,M255_D0,"29 bins
M255, D0",10,,,,,
1080,0.43728,0.07306,0.30867,0.03284,0.00892,4144249.1,Sponza,8,Deferred + prepass,255,0.0,29,29,10,M255_D0,"29 bins
M255, D0",10,,,,,
1140,0.38846,0.04457,0.28743,0.03273,0.00908,2469341.8,Sponza,8,Deferred + prepass,255,0.0,29,29,10,M255_D0,"29 bins
M255, D0",10,,,,,
1200,0.41153,0.05019,0.30644,0.0326,0.00894,2921893.5,Sponza,8,Deferred + prepass,255,0.0,29,29,10,M255_D0,"29 bins
M255, D0",10,,,,,
1260,0.23226,0.03131,0.14572,0.03167,0.00885,1600253.25,Sponza,8,Deferred + prepass,255,0.0,29,29,10,M255_D0,"29 bins
M255, D0",10,,,,,
1320,0.20762,0.03796,0.1165,0.0314,0.00877,1828604.05,Sponza,8,Deferred + prepass,255,0.0,29,29,10,M255_D0,"29 bins
M255, D0",10,,,,,
1380,0.4865,0.09616,0.33577,0.03264,0.00895,5316520.45,Sponza,8,Deferred + prepass,255,0.0,29,29,10,M255_D0,"29 bins
M255, D0",10,,,,,
1440,0.64884,0.14122,0.45272,0.03296,0.00889,7541994.9,Sponza,8,Deferred + prepass,255,0.0,29,29,10,M255_D0,"29 bins
M255, D0",10,,,,,
1500,0.70625,0.18176,0.46878,0.03304,0.00889,9143355.45,Sponza,8,Deferred + prepass,255,0.0,29,29,10,M255_D0,"29 bins
M255, D0",10,,,,,
1560,0.74029,0.21251,0.47238,0.03276,0.00882,10284076.3,Sponza,8,Deferred + prepass,255,0.0,29,29,10,M255_D0,"29 bins
M255, D0",10,,,,,
1620,0.77217,0.22577,0.49119,0.03255,0.00882,10793619.4,Sponza,8,Deferred + prepass,255,0.0,29,29,10,M255_D0,"29 bins
M255, D0",10,,,,,
1680,0.78962,0.23181,0.50172,0.0326,0.00887,11201993.95,Sponza,8,Deferred + prepass,255,0.0,29,29,10,M255_D0,"29 bins
M255, D0",10,,,,,
1740,0.72598,0.22989,0.44125,0.03193,0.00885,11196844.4,Sponza,8,Deferred + prepass,255,0.0,29,29,10,M255_D0,"29 bins
M255, D0",10,,,,,
1800,0.71268,0.23735,0.41999,0.03177,0.00908,11241036.3,Sponza,8,Deferred + prepass,255,0.0,29,29,10,M255_D0,"29 bins
M255, D0",10,,,,,
1860,0.75322,0.23684,0.46125,0.03201,0.00878,11241007.0,Sponza,8,Deferred + prepass,255,0.0,29,29,10,M255_D0,"29 bins
M255, D0",10,,,,,
1920,0.79736,0.23284,0.50923,0.03247,0.00889,11240943.4,Sponza,8,Deferred + prepass,255,0.0,29,29,10,M255_D0,"29 bins
M255, D0",10,,,,,
1980,0.73544,0.20417,0.47544,0.0328,0.00912,10257777.5,Sponza,8,Deferred + prepass,255,0.0,29,29,10,M255_D0,"29 bins
M255, D0",10,,,,,
2040,0.585,0.13021,0.39974,0.03295,0.00919,7118236.7,Sponza,8,Deferred + prepass,255,0.0,29,29,10,M255_D0,"29 bins
M255, D0",10,,,,,
2100,0.48583,0.08347,0.34713,0.03336,0.00908,4779189.6,Sponza,8,Deferred + prepass,255,0.0,29,29,10,M255_D0,"29 bins
M255, D0",10,,,,,
2160,0.2448,0.03335,0.15809,0.03195,0.00888,1653801.5,Sponza,8,Deferred + prepass,255,0.0,29,29,10,M255_D0,"29 bins
M255, D0",10,,,,,
2220,0.06815,0.00635,0.01065,0.03086,0.00778,250198.2,Sponza,8,Deferred + prepass,255,0.0,29,29,10,M255_D0,"29 bins
M255, D0",10,,,,,
2280,0.05953,0.00375,0.00511,0.03064,0.00788,81778.25,Sponza,8,Deferred + prepass,255,0.0,29,29,10,M255_D0,"29 bins
M255, D0",10,,,,,
2340,0.05433,0.00208,0.00198,0.0306,0.00795,0.0,Sponza,8,Deferred + prepass,255,0.0,29,29,10,M255_D0,"29 bins
M255, D0",10,,,,,
2400,0.05441,0.0021,0.00198,0.0306,0.00795,0.0,Sponza,8,Deferred + prepass,255,0.0,29,29,10,M255_D0,"29 bins
M255, D0",10,,,,,
2460,0.05439,0.00199,0.00199,0.03061,0.00796,0.0,Sponza,8,Deferred + prepass,255,0.0,29,29,10,M255_D0,"29 bins
M255, D0",10,,,,,
0,1.12964,,,0.0382,0.01187,2955774.1,Sponza,9,Visibility + G-buffer,255,0.0,29,29,10,M255_D0,"29 bins
M255, D0",11,0.10543,0.01233,0.00221,0.01417,0.91382
60,0.82553,,,0.03425,0.01024,3390293.45,Sponza,9,Visibility + G-buffer,255,0.0,29,29,10,M255_D0,"29 bins
M255, D0",11,0.10598,0.01223,0.00211,0.01517,0.61471
120,0.62371,,,0.03412,0.01017,1763572.05,Sponza,9,Visibility + G-buffer,255,0.0,29,29,10,M255_D0,"29 bins
M255, D0",11,0.05757,0.01208,0.00211,0.01509,0.46036
180,0.64848,,,0.03414,0.01024,1334104.85,Sponza,9,Visibility + G-buffer,255,0.0,29,29,10,M255_D0,"29 bins
M255, D0",11,0.04892,0.01154,0.00211,0.01497,0.49424
240,0.55853,,,0.03392,0.01023,1563999.05,Sponza,9,Visibility + G-buffer,255,0.0,29,29,10,M255_D0,"29 bins
M255, D0",11,0.05488,0.01149,0.0021,0.01495,0.39895
300,0.42463,,,0.03346,0.0103,942806.45,Sponza,9,Visibility + G-buffer,255,0.0,29,29,10,M255_D0,"29 bins
M255, D0",11,0.04333,0.01126,0.00211,0.01488,0.27661
360,0.56958,,,0.0341,0.0103,651664.2,Sponza,9,Visibility + G-buffer,255,0.0,29,29,10,M255_D0,"29 bins
M255, D0",11,0.03361,0.0115,0.00211,0.01506,0.43088
420,0.60509,,,0.03424,0.01033,531526.6,Sponza,9,Visibility + G-buffer,255,0.0,29,29,10,M255_D0,"29 bins
M255, D0",11,0.02789,0.01162,0.00212,0.01507,0.472
480,0.47059,,,0.03414,0.01031,335265.25,Sponza,9,Visibility + G-buffer,255,0.0,29,29,10,M255_D0,"29 bins
M255, D0",11,0.02314,0.01124,0.00211,0.01502,0.34273
540,0.46343,,,0.0342,0.01025,394504.35,Sponza,9,Visibility + G-buffer,255,0.0,29,29,10,M255_D0,"29 bins
M255, D0",11,0.02569,0.01143,0.00211,0.015,0.33255
600,0.95907,,,0.03362,0.00973,4763095.1,Sponza,9,Visibility + G-buffer,255,0.0,29,29,10,M255_D0,"29 bins
M255, D0",11,0.14814,0.01221,0.00237,0.01528,0.70928
660,1.11443,,,0.03286,0.00923,7008309.5,Sponza,9,Visibility + G-buffer,255,0.0,29,29,10,M255_D0,"29 bins
M255, D0",11,0.21793,0.01311,0.00274,0.01558,0.79868
720,0.94841,,,0.03225,0.00899,6851715.25,Sponza,9,Visibility + G-buffer,255,0.0,29,29,10,M255_D0,"29 bins
M255, D0",11,0.21426,0.0128,0.003,0.0152,0.63901
780,1.02209,,,0.03298,0.00922,6833477.1,Sponza,9,Visibility + G-buffer,255,0.0,29,29,10,M255_D0,"29 bins
M255, D0",11,0.21732,0.01302,0.00279,0.01573,0.70725
840,0.79513,,,0.03278,0.00932,7736553.5,Sponza,9,Visibility + G-buffer,255,0.0,29,29,10,M255_D0,"29 bins
M255, D0",11,0.25522,0.01249,0.00266,0.01528,0.44148
900,0.92272,,,0.03286,0.00916,7912527.2,Sponza,9,Visibility + G-buffer,255,0.0,29,29,10,M255_D0,"29 bins
M255, D0",11,0.25597,0.01251,0.00277,0.01517,0.57022
960,0.75212,,,0.03388,0.01014,6364935.35,Sponza,9,Visibility + G-buffer,255,0.0,29,29,10,M255_D0,"29 bins
M255, D0",11,0.20336,0.0127,0.00228,0.01542,0.44472
1020,0.75817,,,0.0331,0.00951,5390683.35,Sponza,9,Visibility + G-buffer,255,0.0,29,29,10,M255_D0,"29 bins
M255, D0",11,0.16689,0.01282,0.00276,0.01554,0.49174
1080,0.66196,,,0.03397,0.01007,4144249.1,Sponza,9,Visibility + G-buffer,255,0.0,29,29,10,M255_D0,"29 bins
M255, D0",11,0.13128,0.01236,0.00224,0.01532,0.42598
1140,0.55607,,,0.0338,0.01023,2469341.8,Sponza,9,Visibility + G-buffer,255,0.0,29,29,10,M255_D0,"29 bins
M255, D0",11,0.08115,0.01176,0.00216,0.01505,0.37052
1200,0.55407,,,0.03383,0.01025,2921893.5,Sponza,9,Visibility + G-buffer,255,0.0,29,29,10,M255_D0,"29 bins
M255, D0",11,0.09246,0.01195,0.00212,0.01515,0.35689
1260,0.33755,,,0.03386,0.01014,1600253.25,Sponza,9,Visibility + G-buffer,255,0.0,29,29,10,M255_D0,"29 bins
M255, D0",11,0.0586,0.01151,0.00211,0.01498,0.17424
1320,0.32201,,,0.03355,0.00998,1828604.05,Sponza,9,Visibility + G-buffer,255,0.0,29,29,10,M255_D0,"29 bins
M255, D0",11,0.06935,0.01147,0.00212,0.01499,0.14842
1380,0.72438,,,0.03318,0.00998,5316520.45,Sponza,9,Visibility + G-buffer,255,0.0,29,29,10,M255_D0,"29 bins
M255, D0",11,0.16687,0.01223,0.00242,0.01493,0.45665
1440,1.05922,,,0.0322,0.00932,7541994.9,Sponza,9,Visibility + G-buffer,255,0.0,29,29,10,M255_D0,"29 bins
M255, D0",11,0.23775,0.01226,0.00272,0.01465,0.72433
1500,1.03151,,,0.03225,0.00948,9143355.45,Sponza,9,Visibility + G-buffer,255,0.0,29,29,10,M255_D0,"29 bins
M255, D0",11,0.29043,0.01206,0.00256,0.01437,0.64372
1560,0.88152,,,0.03277,0.00996,10284076.3,Sponza,9,Visibility + G-buffer,255,0.0,29,29,10,M255_D0,"29 bins
M255, D0",11,0.32805,0.01192,0.00212,0.01396,0.45175
1620,0.84292,,,0.03261,0.00994,10793619.4,Sponza,9,Visibility + G-buffer,255,0.0,29,29,10,M255_D0,"29 bins
M255, D0",11,0.34288,0.01207,0.00212,0.01369,0.39824
1680,0.89883,,,0.03202,0.00962,11201993.95,Sponza,9,Visibility + G-buffer,255,0.0,29,29,10,M255_D0,"29 bins
M255, D0",11,0.3545,0.01206,0.00235,0.01332,0.44576
1740,0.82038,,,0.03172,0.00984,11196844.4,Sponza,9,Visibility + G-buffer,255,0.0,29,29,10,M255_D0,"29 bins
M255, D0",11,0.35166,0.01144,0.00212,0.01257,0.36986
1800,0.79506,,,0.03141,0.01009,11241036.3,Sponza,9,Visibility + G-buffer,255,0.0,29,29,10,M255_D0,"29 bins
M255, D0",11,0.35336,0.01135,0.00212,0.01244,0.34313
1860,0.83167,,,0.03143,0.00974,11241007.0,Sponza,9,Visibility + G-buffer,255,0.0,29,29,10,M255_D0,"29 bins
M255, D0",11,0.35459,0.01176,0.00224,0.01287,0.37937
1920,0.86448,,,0.03078,0.00881,11240943.4,Sponza,9,Visibility + G-buffer,255,0.0,29,29,10,M255_D0,"29 bins
M255, D0",11,0.35664,0.01242,0.0031,0.01343,0.41716
1980,0.84978,,,0.03119,0.00873,10257777.5,Sponza,9,Visibility + G-buffer,255,0.0,29,29,10,M255_D0,"29 bins
M255, D0",11,0.32522,0.01203,0.00293,0.01379,0.43328
2040,0.77581,,,0.03211,0.00954,7118236.7,Sponza,9,Visibility + G-buffer,255,0.0,29,29,10,M255_D0,"29 bins
M255, D0",11,0.22555,0.0115,0.00258,0.01406,0.45422
2100,0.74299,,,0.03378,0.01013,4779189.6,Sponza,9,Visibility + G-buffer,255,0.0,29,29,10,M255_D0,"29 bins
M255, D0",11,0.14911,0.01195,0.00224,0.01489,0.49062
2160,0.34866,,,0.03246,0.00978,1653801.5,Sponza,9,Visibility + G-buffer,255,0.0,29,29,10,M255_D0,"29 bins
M255, D0",11,0.06329,0.0103,0.00214,0.01318,0.18577
2220,0.13067,,,0.03029,0.00771,250198.2,Sponza,9,Visibility + G-buffer,255,0.0,29,29,10,M255_D0,"29 bins
M255, D0",11,0.01043,0.00839,0.00197,0.00983,0.03139
2280,0.12132,,,0.03028,0.00795,81778.25,Sponza,9,Visibility + G-buffer,255,0.0,29,29,10,M255_D0,"29 bins
M255, D0",11,0.00545,0.00795,0.00194,0.00943,0.02754
2340,0.11716,,,0.03035,0.00813,0.0,Sponza,9,Visibility + G-buffer,255,0.0,29,29,10,M255_D0,"29 bins
M255, D0",11,0.00257,0.00771,0.00194,0.00925,0.02612
2400,0.11686,,,0.03034,0.00813,0.0,Sponza,9,Visibility + G-buffer,255,0.0,29,29,10,M255_D0,"29 bins
M255, D0",11,0.00263,0.00771,0.00193,0.00923,0.026
2460,0.11681,,,0.03032,0.00811,0.0,Sponza,9,Visibility + G-buffer,255,0.0,29,29,10,M255_D0,"29 bins
M255, D0",11,0.00261,0.00771,0.00194,0.00924,0.02611
0,0.74686,0.06161,0.62148,0.03794,0.01165,2955774.1,Sponza,8,Deferred + prepass,255,1.0,29,29,12,M255_D1,"29 bins
M255, D1",12,,,,,
60,0.91047,0.07457,0.76682,0.04357,0.01183,3390293.45,Sponza,8,Deferred + prepass,255,1.0,29,29,12,M255_D1,"29 bins
M255, D1",12,,,,,
120,0.48139,0.02854,0.39582,0.03422,0.00901,1763572.05,Sponza,8,Deferred + prepass,255,1.0,29,29,12,M255_D1,"29 bins
M255, D1",12,,,,,
180,0.43417,0.02797,0.35001,0.03387,0.00893,1334104.85,Sponza,8,Deferred + prepass,255,1.0,29,29,12,M255_D1,"29 bins
M255, D1",12,,,,,
240,0.38675,0.03044,0.29986,0.03394,0.0089,1563999.05,Sponza,8,Deferred + prepass,255,1.0,29,29,12,M255_D1,"29 bins
M255, D1",12,,,,,
300,0.33007,0.02556,0.24911,0.03335,0.00901,942806.45,Sponza,8,Deferred + prepass,255,1.0,29,29,12,M255_D1,"29 bins
M255, D1",12,,,,,
360,0.44047,0.01939,0.36571,0.03393,0.00903,651664.2,Sponza,8,Deferred + prepass,255,1.0,29,29,12,M255_D1,"29 bins
M255, D1",12,,,,,
420,0.47121,0.01509,0.40045,0.03414,0.00906,531526.6,Sponza,8,Deferred + prepass,255,1.0,29,29,12,M255_D1,"29 bins
M255, D1",12,,,,,
480,0.40489,0.01123,0.33823,0.03398,0.00899,335265.25,Sponza,8,Deferred + prepass,255,1.0,29,29,12,M255_D1,"29 bins
M255, D1",12,,,,,
540,0.38465,0.0131,0.31574,0.03398,0.00895,394504.35,Sponza,8,Deferred + prepass,255,1.0,29,29,12,M255_D1,"29 bins
M255, D1",12,,,,,
600,0.59727,0.08749,0.45336,0.03337,0.00897,4763095.1,Sponza,8,Deferred + prepass,255,1.0,29,29,12,M255_D1,"29 bins
M255, D1",12,,,,,
660,0.6122,0.12332,0.43515,0.03154,0.00865,7008309.5,Sponza,8,Deferred + prepass,255,1.0,29,29,12,M255_D1,"29 bins
M255, D1",12,,,,,
720,0.5395,0.12437,0.36171,0.03143,0.00853,6851715.25,Sponza,8,Deferred + prepass,255,1.0,29,29,12,M255_D1,"29 bins
M255, D1",12,,,,,
780,0.59804,0.1282,0.41616,0.03135,0.00864,6833477.1,Sponza,8,Deferred + prepass,255,1.0,29,29,12,M255_D1,"29 bins
M255, D1",12,,,,,
840,0.51904,0.1565,0.30984,0.03074,0.00856,7736553.5,Sponza,8,Deferred + prepass,255,1.0,29,29,12,M255_D1,"29 bins
M255, D1",12,,,,,
900,0.60561,0.15394,0.39816,0.03176,0.00866,7912527.2,Sponza,8,Deferred + prepass,255,1.0,29,29,12,M255_D1,"29 bins
M255, D1",12,,,,,
960,0.48267,0.11814,0.31149,0.03111,0.00868,6364935.35,Sponza,8,Deferred + prepass,255,1.0,29,29,12,M255_D1,"29 bins
M255, D1",12,,,,,
1020,0.45187,0.09579,0.30312,0.03117,0.00862,5390683.35,Sponza,8,Deferred + prepass,255,1.0,29,29,12,M255_D1,"29 bins
M255, D1",12,,,,,
1080,0.43742,0.07379,0.3097,0.03169,0.00863,4144249.1,Sponza,8,Deferred + prepass,255,1.0,29,29,12,M255_D1,"29 bins
M255, D1",12,,,,,
1140,0.38889,0.04446,0.28972,0.03218,0.00891,2469341.8,Sponza,8,Deferred + prepass,255,1.0,29,29,12,M255_D1,"29 bins
M255, D1",12,,,,,
1200,0.4221,0.05015,0.31825,0.03164,0.00871,2921893.5,Sponza,8,Deferred + prepass,255,1.0,29,29,12,M255_D1,"29 bins
M255, D1",12,,,,,
1260,0.23486,0.03117,0.14982,0.03191,0.00876,1600253.25,Sponza,8,Deferred + prepass,255,1.0,29,29,12,M255_D1,"29 bins
M255, D1",12,,,,,
1320,0.20673,0.03748,0.11583,0.03168,0.00874,1828604.05,Sponza,8,Deferred + prepass,255,1.0,29,29,12,M255_D1,"29 bins
M255, D1",12,,,,,
1380,0.48842,0.09693,0.3379,0.03176,0.00868,5316520.45,Sponza,8,Deferred + prepass,255,1.0,29,29,12,M255_D1,"29 bins
M255, D1",12,,,,,
1440,0.65498,0.14295,0.45851,0.03168,0.00862,7541994.9,Sponza,8,Deferred + prepass,255,1.0,29,29,12,M255_D1,"29 bins
M255, D1",12,,,,,
1500,0.71597,0.18388,0.47856,0.03166,0.00863,9143355.45,Sponza,8,Deferred + prepass,255,1.0,29,29,12,M255_D1,"29 bins
M255, D1",12,,,,,
1560,0.74929,0.21477,0.48061,0.0316,0.00854,10284076.3,Sponza,8,Deferred + prepass,255,1.0,29,29,12,M255_D1,"29 bins
M255, D1",12,,,,,
1620,0.77969,0.22788,0.49864,0.03114,0.00855,10793619.4,Sponza,8,Deferred + prepass,255,1.0,29,29,12,M255_D1,"29 bins
M255, D1",12,,,,,
1680,0.79167,0.23356,0.50415,0.03135,0.00866,11201993.95,Sponza,8,Deferred + prepass,255,1.0,29,29,12,M255_D1,"29 bins
M255, D1",12,,,,,
1740,0.73208,0.23226,0.44737,0.03027,0.0085,11196844.4,Sponza,8,Deferred + prepass,255,1.0,29,29,12,M255_D1,"29 bins
M255, D1",12,,,,,
1800,0.7185,0.23972,0.42654,0.03023,0.00831,11241036.3,Sponza,8,Deferred + prepass,255,1.0,29,29,12,M255_D1,"29 bins
M255, D1",12,,,,,
1860,0.75906,0.23921,0.46686,0.0306,0.00846,11241007.0,Sponza,8,Deferred + prepass,255,1.0,29,29,12,M255_D1,"29 bins
M255, D1",12,,,,,
1920,0.803,0.2355,0.51439,0.03092,0.00848,11240943.4,Sponza,8,Deferred + prepass,255,1.0,29,29,12,M255_D1,"29 bins
M255, D1",12,,,,,
1980,0.74518,0.20655,0.48545,0.03135,0.00837,10257777.5,Sponza,8,Deferred + prepass,255,1.0,29,29,12,M255_D1,"29 bins
M255, D1",12,,,,,
2040,0.59166,0.13174,0.40667,0.03146,0.0084,7118236.7,Sponza,8,Deferred + prepass,255,1.0,29,29,12,M255_D1,"29 bins
M255, D1",12,,,,,
2100,0.49346,0.08434,0.35489,0.03234,0.00863,4779189.6,Sponza,8,Deferred + prepass,255,1.0,29,29,12,M255_D1,"29 bins
M255, D1",12,,,,,
2160,0.2468,0.03346,0.15942,0.03187,0.0089,1653801.5,Sponza,8,Deferred + prepass,255,1.0,29,29,12,M255_D1,"29 bins
M255, D1",12,,,,,
2220,0.06806,0.00629,0.01093,0.03091,0.00785,250198.2,Sponza,8,Deferred + prepass,255,1.0,29,29,12,M255_D1,"29 bins
M255, D1",12,,,,,
2280,0.05983,0.00363,0.00513,0.03075,0.00796,81778.25,Sponza,8,Deferred + prepass,255,1.0,29,29,12,M255_D1,"29 bins
M255, D1",12,,,,,
2340,0.05478,0.0019,0.00198,0.03086,0.00801,0.0,Sponza,8,Deferred + prepass,255,1.0,29,29,12,M255_D1,"29 bins
M255, D1",12,,,,,
2400,0.05498,0.00192,0.002,0.03101,0.00803,0.0,Sponza,8,Deferred + prepass,255,1.0,29,29,12,M255_D1,"29 bins
M255, D1",12,,,,,
2460,0.05499,0.00178,0.00195,0.03098,0.00801,0.0,Sponza,8,Deferred + prepass,255,1.0,29,29,12,M255_D1,"29 bins
M255, D1",12,,,,,
0,0.49038,,,0.03249,0.01012,2955774.1,Sponza,9,Visibility + G-buffer,255,1.0,29,29,12,M255_D1,"29 bins
M255, D1",13,0.09093,0.01237,0.00212,0.01477,0.29648
60,0.5867,,,0.03325,0.01024,3390293.45,Sponza,9,Visibility + G-buffer,255,1.0,29,29,12,M255_D1,"29 bins
M255, D1",13,0.10737,0.01301,0.00212,0.01625,0.3748
120,0.51076,,,0.03307,0.01029,1763572.05,Sponza,9,Visibility + G-buffer,255,1.0,29,29,12,M255_D1,"29 bins
M255, D1",13,0.05758,0.01282,0.00214,0.01576,0.34795
180,0.51003,,,0.0332,0.01026,1334104.85,Sponza,9,Visibility + G-buffer,255,1.0,29,29,12,M255_D1,"29 bins
M255, D1",13,0.04896,0.01205,0.00214,0.01557,0.35678
240,0.4859,,,0.03318,0.01025,1563999.05,Sponza,9,Visibility + G-buffer,255,1.0,29,29,12,M255_D1,"29 bins
M255, D1",13,0.05497,0.01204,0.00213,0.01548,0.32674
300,0.4114,,,0.03297,0.01024,942806.45,Sponza,9,Visibility + G-buffer,255,1.0,29,29,12,M255_D1,"29 bins
M255, D1",13,0.04343,0.01166,0.00213,0.01516,0.26434
360,0.49128,,,0.03332,0.01035,651664.2,Sponza,9,Visibility + G-buffer,255,1.0,29,29,12,M255_D1,"29 bins
M255, D1",13,0.03358,0.01198,0.00213,0.01551,0.35297
420,0.53828,,,0.03352,0.01027,531526.6,Sponza,9,Visibility + G-buffer,255,1.0,29,29,12,M255_D1,"29 bins
M255, D1",13,0.02793,0.01196,0.00214,0.01555,0.40626
480,0.47567,,,0.03355,0.01026,335265.25,Sponza,9,Visibility + G-buffer,255,1.0,29,29,12,M255_D1,"29 bins
M255, D1",13,0.02296,0.0115,0.00213,0.01527,0.34913
540,0.45206,,,0.03338,0.01028,394504.35,Sponza,9,Visibility + G-buffer,255,1.0,29,29,12,M255_D1,"29 bins
M255, D1",13,0.02557,0.01166,0.00212,0.0153,0.32265
600,0.66922,,,0.03328,0.01026,4763095.1,Sponza,9,Visibility + G-buffer,255,1.0,29,29,12,M255_D1,"29 bins
M255, D1",13,0.14937,0.01254,0.00212,0.01602,0.41543
660,0.69864,,,0.03222,0.00914,7008309.5,Sponza,9,Visibility + G-buffer,255,1.0,29,29,12,M255_D1,"29 bins
M255, D1",13,0.21901,0.01374,0.00261,0.01658,0.38129
720,0.62983,,,0.0313,0.00872,6851715.25,Sponza,9,Visibility + G-buffer,255,1.0,29,29,12,M255_D1,"29 bins
M255, D1",13,0.21575,0.01331,0.00284,0.01615,0.3192
780,0.68754,,,0.03178,0.00897,6833477.1,Sponza,9,Visibility + G-buffer,255,1.0,29,29,12,M255_D1,"29 bins
M255, D1",13,0.21903,0.01363,0.00258,0.01685,0.37099
840,0.57757,,,0.03198,0.00865,7736553.5,Sponza,9,Visibility + G-buffer,255,1.0,29,29,12,M255_D1,"29 bins
M255, D1",13,0.25604,0.01297,0.00257,0.01613,0.22656
900,0.68585,,,0.03196,0.00871,7912527.2,Sponza,9,Visibility + G-buffer,255,1.0,29,29,12,M255_D1,"29 bins
M255, D1",13,0.25647,0.01288,0.00297,0.01589,0.33534
960,0.58343,,,0.03158,0.0086,6364935.35,Sponza,9,Visibility + G-buffer,255,1.0,29,29,12,M255_D1,"29 bins
M255, D1",13,0.20433,0.01311,0.00311,0.01624,0.28494
1020,0.55436,,,0.03138,0.00867,5390683.35,Sponza,9,Visibility + G-buffer,255,1.0,29,29,12,M255_D1,"29 bins
M255, D1",13,0.16825,0.01323,0.00296,0.01651,0.29195
1080,0.52265,,,0.03142,0.00871,4144249.1,Sponza,9,Visibility + G-buffer,255,1.0,29,29,12,M255_D1,"29 bins
M255, D1",13,0.13279,0.01306,0.00312,0.01637,0.29464
1140,0.44656,,,0.03162,0.00902,2469341.8,Sponza,9,Visibility + G-buffer,255,1.0,29,29,12,M255_D1,"29 bins
M255, D1",13,0.08179,0.01243,0.00297,0.01611,0.26898
1200,0.46322,,,0.03139,0.00863,2921893.5,Sponza,9,Visibility + G-buffer,255,1.0,29,29,12,M255_D1,"29 bins
M255, D1",13,0.09324,0.01264,0.00323,0.01615,0.27665
1260,0.33055,,,0.03291,0.00966,1600253.25,Sponza,9,Visibility + G-buffer,255,1.0,29,29,12,M255_D1,"29 bins
M255, D1",13,0.05855,0.01211,0.00228,0.01556,0.17062
1320,0.31444,,,0.03269,0.00959,1828604.05,Sponza,9,Visibility + G-buffer,255,1.0,29,29,12,M255_D1,"29 bins
M255, D1",13,0.06977,0.01198,0.00239,0.01546,0.14392
1380,0.58666,,,0.03158,0.00869,5316520.45,Sponza,9,Visibility + G-buffer,255,1.0,29,29,12,M255_D1,"29 bins
M255, D1",13,0.1682,0.01275,0.003,0.0156,0.32525
1440,0.74636,,,0.03118,0.00862,7541994.9,Sponza,9,Visibility + G-buffer,255,1.0,29,29,12,M255_D1,"29 bins
M255, D1",13,0.23962,0.01273,0.00314,0.01509,0.4147
1500,0.78707,,,0.03108,0.00856,9143355.45,Sponza,9,Visibility + G-buffer,255,1.0,29,29,12,M255_D1,"29 bins
M255, D1",13,0.29237,0.01247,0.00305,0.01471,0.40323
1560,0.76345,,,0.03109,0.00863,10284076.3,Sponza,9,Visibility + G-buffer,255,1.0,29,29,12,M255_D1,"29 bins
M255, D1",13,0.32943,0.01239,0.00288,0.01405,0.34331
1620,0.75887,,,0.03076,0.00855,10793619.4,Sponza,9,Visibility + G-buffer,255,1.0,29,29,12,M255_D1,"29 bins
M255, D1",13,0.34472,0.01253,0.00304,0.01368,0.32355
1680,0.7514,,,0.03062,0.00853,11201993.95,Sponza,9,Visibility + G-buffer,255,1.0,29,29,12,M255_D1,"29 bins
M255, D1",13,0.3556,0.01238,0.00315,0.01332,0.30642
1740,0.68623,,,0.02997,0.00854,11196844.4,Sponza,9,Visibility + G-buffer,255,1.0,29,29,12,M255_D1,"29 bins
M255, D1",13,0.35308,0.01193,0.00276,0.01253,0.24566
1800,0.67209,,,0.02996,0.00859,11241036.3,Sponza,9,Visibility + G-buffer,255,1.0,29,29,12,M255_D1,"29 bins
M255, D1",13,0.35408,0.01178,0.00282,0.01255,0.22952
1860,0.71651,,,0.03033,0.00859,11241007.0,Sponza,9,Visibility + G-buffer,255,1.0,29,29,12,M255_D1,"29 bins
M255, D1",13,0.35566,0.01211,0.00296,0.01296,0.27146
1920,0.77603,,,0.03069,0.00863,11240943.4,Sponza,9,Visibility + G-buffer,255,1.0,29,29,12,M255_D1,"29 bins
M255, D1",13,0.35793,0.01262,0.00304,0.01366,0.32744
1980,0.75695,,,0.03096,0.00853,10257777.5,Sponza,9,Visibility + G-buffer,255,1.0,29,29,12,M255_D1,"29 bins
M255, D1",13,0.32708,0.01228,0.00297,0.01411,0.33955
2040,0.65071,,,0.03092,0.00853,7118236.7,Sponza,9,Visibility + G-buffer,255,1.0,29,29,12,M255_D1,"29 bins
M255, D1",13,0.22766,0.01183,0.00284,0.01443,0.33225
2100,0.58807,,,0.03187,0.00866,4779189.6,Sponza,9,Visibility + G-buffer,255,1.0,29,29,12,M255_D1,"29 bins
M255, D1",13,0.15053,0.0125,0.00318,0.01533,0.34437
2160,0.33135,,,0.03167,0.00882,1653801.5,Sponza,9,Visibility + G-buffer,255,1.0,29,29,12,M255_D1,"29 bins
M255, D1",13,0.06334,0.01069,0.00258,0.01325,0.17487
2220,0.13124,,,0.03039,0.00771,250198.2,Sponza,9,Visibility + G-buffer,255,1.0,29,29,12,M255_D1,"29 bins
M255, D1",13,0.01027,0.00838,0.00196,0.00987,0.03204
2280,0.12222,,,0.03038,0.00796,81778.25,Sponza,9,Visibility + G-buffer,255,1.0,29,29,12,M255_D1,"29 bins
M255, D1",13,0.00542,0.00796,0.00194,0.00947,0.02833
2340,0.11724,,,0.03045,0.00816,0.0,Sponza,9,Visibility + G-buffer,255,1.0,29,29,12,M255_D1,"29 bins
M255, D1",13,0.00253,0.00774,0.00195,0.00927,0.02616
2400,0.11714,,,0.03048,0.00815,0.0,Sponza,9,Visibility + G-buffer,255,1.0,29,29,12,M255_D1,"29 bins
M255, D1",13,0.00255,0.00774,0.00195,0.00927,0.02619
2460,0.11706,,,0.03046,0.00816,0.0,Sponza,9,Visibility + G-buffer,255,1.0,29,29,12,M255_D1,"29 bins
M255, D1",13,0.00245,0.00774,0.00195,0.00927,0.02618
0,0.20143,0.06393,0.08352,0.03172,0.00873,3553381.35,Bistro,8,Deferred + prepass,1,1.0,1,132,14,M1_D1,"1 bins
M1, D1",14,,,,,
60,0.21616,0.06763,0.09394,0.03207,0.00885,3662944.3,Bistro,8,Deferred + prepass,1,1.0,1,132,14,M1_D1,"1 bins
M1, D1",14,,,,,
120,0.18561,0.05054,0.08237,0.03157,0.00834,2176008.0,Bistro,8,Deferred + prepass,1,1.0,1,132,14,M1_D1,"1 bins
M1, D1",14,,,,,
180,0.14738,0.03208,0.0625,0.0315,0.00823,1760027.75,Bistro,8,Deferred + prepass,1,1.0,1,132,14,M1_D1,"1 bins
M1, D1",14,,,,,
240,0.21599,0.06727,0.09409,0.03245,0.00876,2911562.3,Bistro,8,Deferred + prepass,1,1.0,1,132,14,M1_D1,"1 bins
M1, D1",14,,,,,
300,0.24533,0.08318,0.10702,0.03239,0.00894,3211259.3,Bistro,8,Deferred + prepass,1,1.0,1,132,14,M1_D1,"1 bins
M1, D1",14,,,,,
360,0.24174,0.08092,0.10589,0.03219,0.00884,3197534.35,Bistro,8,Deferred + prepass,1,1.0,1,132,14,M1_D1,"1 bins
M1, D1",14,,,,,
420,0.18827,0.05144,0.08386,0.03155,0.00861,2080022.75,Bistro,8,Deferred + prepass,1,1.0,1,132,14,M1_D1,"1 bins
M1, D1",14,,,,,
480,0.19651,0.05671,0.08673,0.0314,0.00863,2143202.1,Bistro,8,Deferred + prepass,1,1.0,1,132,14,M1_D1,"1 bins
M1, D1",14,,,,,
540,0.20953,0.06387,0.09178,0.03168,0.00876,2652802.15,Bistro,8,Deferred + prepass,1,1.0,1,132,14,M1_D1,"1 bins
M1, D1",14,,,,,
600,0.21333,0.06626,0.09402,0.0314,0.00851,2718203.4,Bistro,8,Deferred + prepass,1,1.0,1,132,14,M1_D1,"1 bins
M1, D1",14,,,,,
660,0.151,0.034,0.06566,0.03121,0.00829,1551084.95,Bistro,8,Deferred + prepass,1,1.0,1,132,14,M1_D1,"1 bins
M1, D1",14,,,,,
720,0.18976,0.05685,0.07896,0.03207,0.00869,2455791.85,Bistro,8,Deferred + prepass,1,1.0,1,132,14,M1_D1,"1 bins
M1, D1",14,,,,,
780,0.18098,0.05368,0.07421,0.03175,0.00865,2049572.45,Bistro,8,Deferred + prepass,1,1.0,1,132,14,M1_D1,"1 bins
M1, D1",14,,,,,
840,0.12263,0.02312,0.04762,0.03149,0.00843,904159.35,Bistro,8,Deferred + prepass,1,1.0,1,132,14,M1_D1,"1 bins
M1, D1",14,,,,,
900,0.19494,0.05618,0.08529,0.03148,0.00859,2916661.7,Bistro,8,Deferred + prepass,1,1.0,1,132,14,M1_D1,"1 bins
M1, D1",14,,,,,
960,0.23735,0.07819,0.10408,0.03231,0.0089,3578981.25,Bistro,8,Deferred + prepass,1,1.0,1,132,14,M1_D1,"1 bins
M1, D1",14,,,,,
1020,0.21098,0.06551,0.0903,0.03227,0.00889,2767377.4,Bistro,8,Deferred + prepass,1,1.0,1,132,14,M1_D1,"1 bins
M1, D1",14,,,,,
1080,0.20702,0.06468,0.08885,0.03186,0.00886,2271770.15,Bistro,8,Deferred + prepass,1,1.0,1,132,14,M1_D1,"1 bins
M1, D1",14,,,,,
1140,0.23151,0.07752,0.09951,0.03224,0.00885,2903832.2,Bistro,8,Deferred + prepass,1,1.0,1,132,14,M1_D1,"1 bins
M1, D1",14,,,,,
1200,0.20732,0.06548,0.08716,0.03209,0.00891,2424988.15,Bistro,8,Deferred + prepass,1,1.0,1,132,14,M1_D1,"1 bins
M1, D1",14,,,,,
1260,0.1889,0.05643,0.07849,0.03183,0.00877,2026572.1,Bistro,8,Deferred + prepass,1,1.0,1,132,14,M1_D1,"1 bins
M1, D1",14,,,,,
1320,0.19752,0.0613,0.08273,0.03192,0.00874,2301510.5,Bistro,8,Deferred + prepass,1,1.0,1,132,14,M1_D1,"1 bins
M1, D1",14,,,,,
1380,0.20163,0.06177,0.08598,0.03195,0.00886,2404923.35,Bistro,8,Deferred + prepass,1,1.0,1,132,14,M1_D1,"1 bins
M1, D1",14,,,,,
1440,0.2146,0.06579,0.0939,0.03229,0.00889,2983851.65,Bistro,8,Deferred + prepass,1,1.0,1,132,14,M1_D1,"1 bins
M1, D1",14,,,,,
1500,0.34515,0.12413,0.16547,0.03266,0.00891,5965339.5,Bistro,8,Deferred + prepass,1,1.0,1,132,14,M1_D1,"1 bins
M1, D1",14,,,,,
1560,0.37396,0.13911,0.17955,0.03255,0.00889,6425388.5,Bistro,8,Deferred + prepass,1,1.0,1,132,14,M1_D1,"1 bins
M1, D1",14,,,,,
1620,0.37395,0.13826,0.18054,0.03235,0.00878,6351675.3,Bistro,8,Deferred + prepass,1,1.0,1,132,14,M1_D1,"1 bins
M1, D1",14,,,,,
1680,0.25761,0.08101,0.12168,0.03183,0.00879,3853289.1,Bistro,8,Deferred + prepass,1,1.0,1,132,14,M1_D1,"1 bins
M1, D1",14,,,,,
1740,0.17457,0.04558,0.07556,0.0314,0.00848,1807302.25,Bistro,8,Deferred + prepass,1,1.0,1,132,14,M1_D1,"1 bins
M1, D1",14,,,,,
1800,0.17179,0.04477,0.07439,0.03123,0.00834,1503980.35,Bistro,8,Deferred + prepass,1,1.0,1,132,14,M1_D1,"1 bins
M1, D1",14,,,,,
1860,0.1688,0.0425,0.07414,0.03113,0.00828,1304820.9,Bistro,8,Deferred + prepass,1,1.0,1,132,14,M1_D1,"1 bins
M1, D1",14,,,,,
1920,0.16495,0.03951,0.07383,0.03103,0.00815,1271388.55,Bistro,8,Deferred + prepass,1,1.0,1,132,14,M1_D1,"1 bins
M1, D1",14,,,,,
1980,0.16015,0.035,0.07341,0.03098,0.00811,1145896.95,Bistro,8,Deferred + prepass,1,1.0,1,132,14,M1_D1,"1 bins
M1, D1",14,,,,,
2040,0.15413,0.03174,0.07079,0.03089,0.00802,833803.5,Bistro,8,Deferred + prepass,1,1.0,1,132,14,M1_D1,"1 bins
M1, D1",14,,,,,
2100,0.14756,0.0293,0.06741,0.03087,0.00798,724541.55,Bistro,8,Deferred + prepass,1,1.0,1,132,14,M1_D1,"1 bins
M1, D1",14,,,,,
2160,0.14143,0.02594,0.06489,0.03082,0.00801,651558.7,Bistro,8,Deferred + prepass,1,1.0,1,132,14,M1_D1,"1 bins
M1, D1",14,,,,,
2220,0.13823,0.02227,0.06526,0.03082,0.00803,606690.35,Bistro,8,Deferred + prepass,1,1.0,1,132,14,M1_D1,"1 bins
M1, D1",14,,,,,
2280,0.10151,0.0132,0.03732,0.03101,0.00794,387407.3,Bistro,8,Deferred + prepass,1,1.0,1,132,14,M1_D1,"1 bins
M1, D1",14,,,,,
2340,0.1798,0.05037,0.07575,0.0319,0.00861,2264677.55,Bistro,8,Deferred + prepass,1,1.0,1,132,14,M1_D1,"1 bins
M1, D1",14,,,,,
2400,0.27172,0.09189,0.1243,0.03264,0.00898,3983123.9,Bistro,8,Deferred + prepass,1,1.0,1,132,14,M1_D1,"1 bins
M1, D1",14,,,,,
2460,0.2809,0.09634,0.12915,0.03261,0.00886,4233659.5,Bistro,8,Deferred + prepass,1,1.0,1,132,14,M1_D1,"1 bins
M1, D1",14,,,,,
2520,0.2563,0.08546,0.11532,0.03259,0.00899,3774183.4,Bistro,8,Deferred + prepass,1,1.0,1,132,14,M1_D1,"1 bins
M1, D1",14,,,,,
2580,0.22632,0.07953,0.09215,0.03224,0.00892,2738790.2,Bistro,8,Deferred + prepass,1,1.0,1,132,14,M1_D1,"1 bins
M1, D1",14,,,,,
2640,0.20995,0.0711,0.08523,0.03193,0.009,2234217.4,Bistro,8,Deferred + prepass,1,1.0,1,132,14,M1_D1,"1 bins
M1, D1",14,,,,,
2700,0.19354,0.05504,0.08551,0.03142,0.00881,1876452.05,Bistro,8,Deferred + prepass,1,1.0,1,132,14,M1_D1,"1 bins
M1, D1",14,,,,,
2760,0.18171,0.04606,0.08275,0.03125,0.00868,1554160.7,Bistro,8,Deferred + prepass,1,1.0,1,132,14,M1_D1,"1 bins
M1, D1",14,,,,,
2820,0.18003,0.0478,0.08012,0.0311,0.00816,1444209.8,Bistro,8,Deferred + prepass,1,1.0,1,132,14,M1_D1,"1 bins
M1, D1",14,,,,,
2880,0.16012,0.04119,0.06723,0.0314,0.00798,1270269.5,Bistro,8,Deferred + prepass,1,1.0,1,132,14,M1_D1,"1 bins
M1, D1",14,,,,,
2940,0.15058,0.03436,0.06477,0.03121,0.00797,1185182.6,Bistro,8,Deferred + prepass,1,1.0,1,132,14,M1_D1,"1 bins
M1, D1",14,,,,,
3000,0.25531,0.08467,0.1169,0.03209,0.00851,3737532.35,Bistro,8,Deferred + prepass,1,1.0,1,132,14,M1_D1,"1 bins
M1, D1",14,,,,,
3060,0.33377,0.12001,0.15838,0.03259,0.00889,5419981.65,Bistro,8,Deferred + prepass,1,1.0,1,132,14,M1_D1,"1 bins
M1, D1",14,,,,,
3120,0.33192,0.1192,0.15733,0.03265,0.0088,5328916.45,Bistro,8,Deferred + prepass,1,1.0,1,132,14,M1_D1,"1 bins
M1, D1",14,,,,,
3180,0.32361,0.11547,0.15282,0.03263,0.00886,4942521.95,Bistro,8,Deferred + prepass,1,1.0,1,132,14,M1_D1,"1 bins
M1, D1",14,,,,,
3240,0.29135,0.10237,0.13361,0.0326,0.00893,4355188.5,Bistro,8,Deferred + prepass,1,1.0,1,132,14,M1_D1,"1 bins
M1, D1",14,,,,,
3300,0.27178,0.09366,0.12286,0.03253,0.00889,3918437.6,Bistro,8,Deferred + prepass,1,1.0,1,132,14,M1_D1,"1 bins
M1, D1",14,,,,,
3360,0.25158,0.08325,0.11323,0.03246,0.00886,3488605.15,Bistro,8,Deferred + prepass,1,1.0,1,132,14,M1_D1,"1 bins
M1, D1",14,,,,,
3420,0.23632,0.07759,0.1039,0.03224,0.00892,3070083.2,Bistro,8,Deferred + prepass,1,1.0,1,132,14,M1_D1,"1 bins
M1, D1",14,,,,,
3480,0.2286,0.07635,0.09798,0.032,0.00887,2804740.95,Bistro,8,Deferred + prepass,1,1.0,1,132,14,M1_D1,"1 bins
M1, D1",14,,,,,
3540,0.21614,0.06969,0.09324,0.03169,0.0089,2554279.0,Bistro,8,Deferred + prepass,1,1.0,1,132,14,M1_D1,"1 bins
M1, D1",14,,,,,
3600,0.21003,0.06807,0.08871,0.03176,0.00887,2404749.2,Bistro,8,Deferred + prepass,1,1.0,1,132,14,M1_D1,"1 bins
M1, D1",14,,,,,
3660,0.20356,0.06655,0.08361,0.03214,0.00877,2364661.4,Bistro,8,Deferred + prepass,1,1.0,1,132,14,M1_D1,"1 bins
M1, D1",14,,,,,
3720,0.20228,0.06179,0.08759,0.0317,0.00881,2323845.85,Bistro,8,Deferred + prepass,1,1.0,1,132,14,M1_D1,"1 bins
M1, D1",14,,,,,
3780,0.20089,0.06243,0.08583,0.0315,0.00875,2171285.25,Bistro,8,Deferred + prepass,1,1.0,1,132,14,M1_D1,"1 bins
M1, D1",14,,,,,
3840,0.19299,0.05859,0.08166,0.03152,0.00868,2069926.1,Bistro,8,Deferred + prepass,1,1.0,1,132,14,M1_D1,"1 bins
M1, D1",14,,,,,
3900,0.18124,0.05096,0.07825,0.03134,0.00858,1706132.85,Bistro,8,Deferred + prepass,1,1.0,1,132,14,M1_D1,"1 bins
M1, D1",14,,,,,
3960,0.17767,0.04499,0.08114,0.03104,0.00831,1310622.9,Bistro,8,Deferred + prepass,1,1.0,1,132,14,M1_D1,"1 bins
M1, D1",14,,,,,
4020,0.17237,0.03997,0.08138,0.03093,0.00823,1119696.9,Bistro,8,Deferred + prepass,1,1.0,1,132,14,M1_D1,"1 bins
M1, D1",14,,,,,
4080,0.17669,0.04334,0.0823,0.03081,0.00815,958432.85,Bistro,8,Deferred + prepass,1,1.0,1,132,14,M1_D1,"1 bins
M1, D1",14,,,,,
4140,0.16514,0.03605,0.07846,0.0307,0.00796,891260.8,Bistro,8,Deferred + prepass,1,1.0,1,132,14,M1_D1,"1 bins
M1, D1",14,,,,,
4200,0.14746,0.02777,0.06896,0.03083,0.00792,795127.2,Bistro,8,Deferred + prepass,1,1.0,1,132,14,M1_D1,"1 bins
M1, D1",14,,,,,
4260,0.18529,0.05345,0.07946,0.03172,0.0082,2716290.05,Bistro,8,Deferred + prepass,1,1.0,1,132,14,M1_D1,"1 bins
M1, D1",14,,,,,
4320,0.4307,0.16942,0.20569,0.0326,0.00889,7242797.15,Bistro,8,Deferred + prepass,1,1.0,1,132,14,M1_D1,"1 bins
M1, D1",14,,,,,
4380,0.37992,0.14506,0.17996,0.03252,0.00864,6033148.0,Bistro,8,Deferred + prepass,1,1.0,1,132,14,M1_D1,"1 bins
M1, D1",14,,,,,
4440,0.12755,0.02033,0.05622,0.0312,0.00787,867288.75,Bistro,8,Deferred + prepass,1,1.0,1,132,14,M1_D1,"1 bins
M1, D1",14,,,,,
4500,0.14135,0.02364,0.06699,0.03076,0.0079,698827.95,Bistro,8,Deferred + prepass,1,1.0,1,132,14,M1_D1,"1 bins
M1, D1",14,,,,,
4560,0.13325,0.02254,0.06023,0.0308,0.00785,684012.3,Bistro,8,Deferred + prepass,1,1.0,1,132,14,M1_D1,"1 bins
M1, D1",14,,,,,
4620,0.13774,0.02691,0.05976,0.03096,0.00791,872447.4,Bistro,8,Deferred + prepass,1,1.0,1,132,14,M1_D1,"1 bins
M1, D1",14,,,,,
4680,0.19369,0.05524,0.08525,0.03161,0.00862,2415162.35,Bistro,8,Deferred + prepass,1,1.0,1,132,14,M1_D1,"1 bins
M1, D1",14,,,,,
4740,0.29858,0.10616,0.1374,0.03237,0.00867,5264990.15,Bistro,8,Deferred + prepass,1,1.0,1,132,14,M1_D1,"1 bins
M1, D1",14,,,,,
4800,0.41936,0.16637,0.19725,0.03241,0.00896,7605016.1,Bistro,8,Deferred + prepass,1,1.0,1,132,14,M1_D1,"1 bins
M1, D1",14,,,,,
4860,0.41155,0.16511,0.19096,0.0323,0.00918,7298187.05,Bistro,8,Deferred + prepass,1,1.0,1,132,14,M1_D1,"1 bins
M1, D1",14,,,,,
4920,0.41519,0.16698,0.1929,0.03226,0.00911,7437915.15,Bistro,8,Deferred + prepass,1,1.0,1,132,14,M1_D1,"1 bins
M1, D1",14,,,,,
4980,0.4482,0.18102,0.21172,0.03231,0.00906,8149009.9,Bistro,8,Deferred + prepass,1,1.0,1,132,14,M1_D1,"1 bins
M1, D1",14,,,,,
5040,0.34637,0.13262,0.15889,0.03216,0.00862,5907876.05,Bistro,8,Deferred + prepass,1,1.0,1,132,14,M1_D1,"1 bins
M1, D1",14,,,,,
5100,0.37763,0.14791,0.17511,0.03211,0.00861,6713387.25,Bistro,8,Deferred + prepass,1,1.0,1,132,14,M1_D1,"1 bins
M1, D1",14,,,,,
5160,0.46693,0.18981,0.22171,0.03249,0.00871,8461629.95,Bistro,8,Deferred + prepass,1,1.0,1,132,14,M1_D1,"1 bins
M1, D1",14,,,,,
5220,0.47153,0.19336,0.22285,0.03244,0.00877,8496360.0,Bistro,8,Deferred + prepass,1,1.0,1,132,14,M1_D1,"1 bins
M1, D1",14,,,,,
5280,0.46475,0.19,0.2197,0.03219,0.00883,8448473.2,Bistro,8,Deferred + prepass,1,1.0,1,132,14,M1_D1,"1 bins
M1, D1",14,,,,,
5340,0.37191,0.14732,0.16996,0.03172,0.00896,6607069.85,Bistro,8,Deferred + prepass,1,1.0,1,132,14,M1_D1,"1 bins
M1, D1",14,,,,,
5400,0.09495,0.02106,0.02204,0.03103,0.00799,1056943.5,Bistro,8,Deferred + prepass,1,1.0,1,132,14,M1_D1,"1 bins
M1, D1",14,,,,,
5460,0.06414,0.00718,0.00594,0.03094,0.00773,344217.0,Bistro,8,Deferred + prepass,1,1.0,1,132,14,M1_D1,"1 bins
M1, D1",14,,,,,
0,0.29943,,,0.0332,0.00878,3553381.35,Bistro,9,Visibility + G-buffer,1,1.0,1,132,14,M1_D1,"1 bins
M1, D1",15,0.1438,0.01141,0.00213,0.01329,0.05448
60,0.31762,,,0.03329,0.00899,3662944.3,Bistro,9,Visibility + G-buffer,1,1.0,1,132,14,M1_D1,"1 bins
M1, D1",15,0.15008,0.01177,0.00208,0.014,0.06578
120,0.28866,,,0.0338,0.00913,2176008.0,Bistro,9,Visibility + G-buffer,1,1.0,1,132,14,M1_D1,"1 bins
M1, D1",15,0.10318,0.01254,0.00208,0.01551,0.08094
180,0.26314,,,0.03398,0.00909,1760027.75,Bistro,9,Visibility + G-buffer,1,1.0,1,132,14,M1_D1,"1 bins
M1, D1",15,0.07869,0.01208,0.00209,0.01529,0.08063
240,0.31976,,,0.03444,0.01,2911562.3,Bistro,9,Visibility + G-buffer,1,1.0,1,132,14,M1_D1,"1 bins
M1, D1",15,0.12812,0.01259,0.00209,0.01559,0.08557
300,0.33643,,,0.03469,0.01004,3211259.3,Bistro,9,Visibility + G-buffer,1,1.0,1,132,14,M1_D1,"1 bins
M1, D1",15,0.14347,0.01279,0.00209,0.01567,0.08644
360,0.33634,,,0.03473,0.00992,3197534.35,Bistro,9,Visibility + G-buffer,1,1.0,1,132,14,M1_D1,"1 bins
M1, D1",15,0.14262,0.013,0.00209,0.01575,0.08677
420,0.2868,,,0.03457,0.00996,2080022.75,Bistro,9,Visibility + G-buffer,1,1.0,1,132,14,M1_D1,"1 bins
M1, D1",15,0.0967,0.01218,0.00208,0.01554,0.08419
480,0.28871,,,0.03432,0.00996,2143202.1,Bistro,9,Visibility + G-buffer,1,1.0,1,132,14,M1_D1,"1 bins
M1, D1",15,0.09901,0.0125,0.00209,0.01558,0.08376
540,0.31284,,,0.03412,0.0097,2652802.15,Bistro,9,Visibility + G-buffer,1,1.0,1,132,14,M1_D1,"1 bins
M1, D1",15,0.12234,0.0128,0.00208,0.01565,0.08415
600,0.32032,,,0.03392,0.00966,2718203.4,Bistro,9,Visibility + G-buffer,1,1.0,1,132,14,M1_D1,"1 bins
M1, D1",15,0.132,0.01313,0.00209,0.01565,0.08266
660,0.25845,,,0.03368,0.00924,1551084.95,Bistro,9,Visibility + G-buffer,1,1.0,1,132,14,M1_D1,"1 bins
M1, D1",15,0.07246,0.01215,0.00209,0.01555,0.08201
720,0.29974,,,0.03423,0.00966,2455791.85,Bistro,9,Visibility + G-buffer,1,1.0,1,132,14,M1_D1,"1 bins
M1, D1",15,0.11254,0.01226,0.00209,0.01545,0.08233
780,0.28435,,,0.03366,0.00935,2049572.45,Bistro,9,Visibility + G-buffer,1,1.0,1,132,14,M1_D1,"1 bins
M1, D1",15,0.10123,0.01154,0.00209,0.01511,0.07966
840,0.23078,,,0.0332,0.00915,904159.35,Bistro,9,Visibility + G-buffer,1,1.0,1,132,14,M1_D1,"1 bins
M1, D1",15,0.05204,0.01104,0.00209,0.01483,0.07668
900,0.31153,,,0.03371,0.00929,2916661.7,Bistro,9,Visibility + G-buffer,1,1.0,1,132,14,M1_D1,"1 bins
M1, D1",15,0.13182,0.01157,0.00209,0.015,0.07634
960,0.34829,,,0.03438,0.00995,3578981.25,Bistro,9,Visibility + G-buffer,1,1.0,1,132,14,M1_D1,"1 bins
M1, D1",15,0.15744,0.01297,0.0021,0.01578,0.08458
1020,0.31823,,,0.03448,0.00993,2767377.4,Bistro,9,Visibility + G-buffer,1,1.0,1,132,14,M1_D1,"1 bins
M1, D1",15,0.12401,0.013,0.0021,0.01579,0.08723
1080,0.30198,,,0.03456,0.0097,2271770.15,Bistro,9,Visibility + G-buffer,1,1.0,1,132,14,M1_D1,"1 bins
M1, D1",15,0.10731,0.01269,0.0021,0.01564,0.08839
1140,0.33353,,,0.03458,0.00992,2903832.2,Bistro,9,Visibility + G-buffer,1,1.0,1,132,14,M1_D1,"1 bins
M1, D1",15,0.13704,0.01328,0.00209,0.01598,0.08995
1200,0.3162,,,0.03437,0.00994,2424988.15,Bistro,9,Visibility + G-buffer,1,1.0,1,132,14,M1_D1,"1 bins
M1, D1",15,0.11805,0.01354,0.00209,0.0162,0.09095
1260,0.29456,,,0.03429,0.00991,2026572.1,Bistro,9,Visibility + G-buffer,1,1.0,1,132,14,M1_D1,"1 bins
M1, D1",15,0.10032,0.01306,0.0021,0.01593,0.0878
1320,0.30237,,,0.03463,0.00959,2301510.5,Bistro,9,Visibility + G-buffer,1,1.0,1,132,14,M1_D1,"1 bins
M1, D1",15,0.10973,0.0126,0.0021,0.01575,0.08668
1380,0.31007,,,0.03451,0.00976,2404923.35,Bistro,9,Visibility + G-buffer,1,1.0,1,132,14,M1_D1,"1 bins
M1, D1",15,0.1136,0.01313,0.0021,0.01596,0.0894
1440,0.32712,,,0.03434,0.00974,2983851.65,Bistro,9,Visibility + G-buffer,1,1.0,1,132,14,M1_D1,"1 bins
M1, D1",15,0.12952,0.01366,0.0021,0.0163,0.0903
1500,0.44198,,,0.03476,0.00992,5965339.5,Bistro,9,Visibility + G-buffer,1,1.0,1,132,14,M1_D1,"1 bins
M1, D1",15,0.24371,0.01433,0.00209,0.01627,0.08961
1560,0.46592,,,0.0348,0.00991,6425388.5,Bistro,9,Visibility + G-buffer,1,1.0,1,132,14,M1_D1,"1 bins
M1, D1",15,0.27101,0.01382,0.00209,0.01593,0.08614
1620,0.46464,,,0.03472,0.00989,6351675.3,Bistro,9,Visibility + G-buffer,1,1.0,1,132,14,M1_D1,"1 bins
M1, D1",15,0.26649,0.01448,0.00209,0.01634,0.089
1680,0.36309,,,0.03458,0.00992,3853289.1,Bistro,9,Visibility + G-buffer,1,1.0,1,132,14,M1_D1,"1 bins
M1, D1",15,0.16725,0.01368,0.00208,0.01611,0.08861
1740,0.275,,,0.03402,0.00997,1807302.25,Bistro,9,Visibility + G-buffer,1,1.0,1,132,14,M1_D1,"1 bins
M1, D1",15,0.08126,0.01291,0.00209,0.01584,0.0879
1800,0.26413,,,0.03359,0.00978,1503980.35,Bistro,9,Visibility + G-buffer,1,1.0,1,132,14,M1_D1,"1 bins
M1, D1",15,0.07357,0.01253,0.00209,0.01565,0.08561
1860,0.25693,,,0.03366,0.00985,1304820.9,Bistro,9,Visibility + G-buffer,1,1.0,1,132,14,M1_D1,"1 bins
M1, D1",15,0.0671,0.01232,0.00209,0.01562,0.08516
1920,0.25489,,,0.03366,0.00997,1271388.55,Bistro,9,Visibility + G-buffer,1,1.0,1,132,14,M1_D1,"1 bins
M1, D1",15,0.06488,0.01235,0.00209,0.01578,0.0854
1980,0.24955,,,0.03369,0.01003,1145896.95,Bistro,9,Visibility + G-buffer,1,1.0,1,132,14,M1_D1,"1 bins
M1, D1",15,0.05999,0.01234,0.00209,0.01575,0.08463
2040,0.23879,,,0.0336,0.01005,833803.5,Bistro,9,Visibility + G-buffer,1,1.0,1,132,14,M1_D1,"1 bins
M1, D1",15,0.05091,0.012,0.0021,0.0156,0.08317
2100,0.23254,,,0.03345,0.01003,724541.55,Bistro,9,Visibility + G-buffer,1,1.0,1,132,14,M1_D1,"1 bins
M1, D1",15,0.04638,0.01192,0.0021,0.01552,0.0819
2160,0.22847,,,0.03342,0.00979,651558.7,Bistro,9,Visibility + G-buffer,1,1.0,1,132,14,M1_D1,"1 bins
M1, D1",15,0.04361,0.01183,0.0021,0.01547,0.0805
2220,0.22435,,,0.03345,0.00969,606690.35,Bistro,9,Visibility + G-buffer,1,1.0,1,132,14,M1_D1,"1 bins
M1, D1",15,0.04124,0.01165,0.00209,0.01528,0.07919
2280,0.17406,,,0.03242,0.00843,387407.3,Bistro,9,Visibility + G-buffer,1,1.0,1,132,14,M1_D1,"1 bins
M1, D1",15,0.02458,0.00999,0.002,0.01293,0.05314
2340,0.28307,,,0.03384,0.00928,2264677.55,Bistro,9,Visibility + G-buffer,1,1.0,1,132,14,M1_D1,"1 bins
M1, D1",15,0.10664,0.01156,0.00208,0.01458,0.07379
2400,0.37569,,,0.03469,0.00988,3983123.9,Bistro,9,Visibility + G-buffer,1,1.0,1,132,14,M1_D1,"1 bins
M1, D1",15,0.18095,0.01307,0.0021,0.01579,0.08785
2460,0.38557,,,0.03468,0.00995,4233659.5,Bistro,9,Visibility + G-buffer,1,1.0,1,132,14,M1_D1,"1 bins
M1, D1",15,0.19101,0.0131,0.00209,0.01588,0.08769
2520,0.36152,,,0.03451,0.00993,3774183.4,Bistro,9,Visibility + G-buffer,1,1.0,1,132,14,M1_D1,"1 bins
M1, D1",15,0.169,0.01317,0.0021,0.01584,0.08584
2580,0.3263,,,0.0344,0.01005,2738790.2,Bistro,9,Visibility + G-buffer,1,1.0,1,132,14,M1_D1,"1 bins
M1, D1",15,0.13489,0.01265,0.00211,0.01563,0.08502
2640,0.30211,,,0.0342,0.00995,2234217.4,Bistro,9,Visibility + G-buffer,1,1.0,1,132,14,M1_D1,"1 bins
M1, D1",15,0.11246,0.01254,0.0021,0.01556,0.08395
2700,0.28278,,,0.03421,0.00974,1876452.05,Bistro,9,Visibility + G-buffer,1,1.0,1,132,14,M1_D1,"1 bins
M1, D1",15,0.093,0.01248,0.00209,0.01558,0.08388
2760,0.26724,,,0.03412,0.00934,1554160.7,Bistro,9,Visibility + G-buffer,1,1.0,1,132,14,M1_D1,"1 bins
M1, D1",15,0.07839,0.01197,0.0021,0.01543,0.08381
2820,0.26288,,,0.0341,0.0096,1444209.8,Bistro,9,Visibility + G-buffer,1,1.0,1,132,14,M1_D1,"1 bins
M1, D1",15,0.07342,0.01208,0.00209,0.01547,0.08446
2880,0.25386,,,0.0339,0.00939,1270269.5,Bistro,9,Visibility + G-buffer,1,1.0,1,132,14,M1_D1,"1 bins
M1, D1",15,0.06783,0.01182,0.00209,0.01533,0.08193
2940,0.24548,,,0.03386,0.00922,1185182.6,Bistro,9,Visibility + G-buffer,1,1.0,1,132,14,M1_D1,"1 bins
M1, D1",15,0.05948,0.01197,0.00209,0.01544,0.08198
3000,0.34576,,,0.03459,0.00966,3737532.35,Bistro,9,Visibility + G-buffer,1,1.0,1,132,14,M1_D1,"1 bins
M1, D1",15,0.15837,0.01245,0.0021,0.01535,0.08135
3060,0.41974,,,0.03499,0.00988,5419981.65,Bistro,9,Visibility + G-buffer,1,1.0,1,132,14,M1_D1,"1 bins
M1, D1",15,0.22557,0.01325,0.00209,0.01565,0.08681
3120,0.42036,,,0.03481,0.00985,5328916.45,Bistro,9,Visibility + G-buffer,1,1.0,1,132,14,M1_D1,"1 bins
M1, D1",15,0.22281,0.01365,0.00209,0.01601,0.08997
3180,0.40681,,,0.03482,0.00987,4942521.95,Bistro,9,Visibility + G-buffer,1,1.0,1,132,14,M1_D1,"1 bins
M1, D1",15,0.20979,0.01353,0.0021,0.01605,0.08927
3240,0.3826,,,0.03466,0.00982,4355188.5,Bistro,9,Visibility + G-buffer,1,1.0,1,132,14,M1_D1,"1 bins
M1, D1",15,0.1874,0.0136,0.0021,0.01612,0.08805
3300,0.36423,,,0.03456,0.00994,3918437.6,Bistro,9,Visibility + G-buffer,1,1.0,1,132,14,M1_D1,"1 bins
M1, D1",15,0.17003,0.0136,0.0021,0.01608,0.08727
3360,0.34655,,,0.03452,0.00989,3488605.15,Bistro,9,Visibility + G-buffer,1,1.0,1,132,14,M1_D1,"1 bins
M1, D1",15,0.15316,0.01331,0.0021,0.01602,0.08654
3420,0.32955,,,0.03441,0.01004,3070083.2,Bistro,9,Visibility + G-buffer,1,1.0,1,132,14,M1_D1,"1 bins
M1, D1",15,0.13768,0.01298,0.00209,0.01579,0.08541
3480,0.31844,,,0.03443,0.01008,2804740.95,Bistro,9,Visibility + G-buffer,1,1.0,1,132,14,M1_D1,"1 bins
M1, D1",15,0.12827,0.0125,0.0021,0.01546,0.08398
3540,0.30921,,,0.03456,0.01009,2554279.0,Bistro,9,Visibility + G-buffer,1,1.0,1,132,14,M1_D1,"1 bins
M1, D1",15,0.1212,0.01198,0.0021,0.01513,0.08227
3600,0.30581,,,0.03445,0.01,2404749.2,Bistro,9,Visibility + G-buffer,1,1.0,1,132,14,M1_D1,"1 bins
M1, D1",15,0.11572,0.01202,0.0021,0.01525,0.08447
3660,0.30032,,,0.03444,0.00946,2364661.4,Bistro,9,Visibility + G-buffer,1,1.0,1,132,14,M1_D1,"1 bins
M1, D1",15,0.11033,0.01218,0.00209,0.01542,0.08493
3720,0.29401,,,0.03445,0.00975,2323845.85,Bistro,9,Visibility + G-buffer,1,1.0,1,132,14,M1_D1,"1 bins
M1, D1",15,0.10442,0.01218,0.00209,0.01533,0.08408
3780,0.28341,,,0.03441,0.0098,2171285.25,Bistro,9,Visibility + G-buffer,1,1.0,1,132,14,M1_D1,"1 bins
M1, D1",15,0.09834,0.01189,0.00209,0.01499,0.07956
3840,0.27265,,,0.03429,0.00994,2069926.1,Bistro,9,Visibility + G-buffer,1,1.0,1,132,14,M1_D1,"1 bins
M1, D1",15,0.0917,0.01177,0.00209,0.01475,0.07631
3900,0.25223,,,0.03419,0.00966,1706132.85,Bistro,9,Visibility + G-buffer,1,1.0,1,132,14,M1_D1,"1 bins
M1, D1",15,0.07612,0.01161,0.00209,0.01455,0.07324
3960,0.24157,,,0.03415,0.009,1310622.9,Bistro,9,Visibility + G-buffer,1,1.0,1,132,14,M1_D1,"1 bins
M1, D1",15,0.06347,0.01176,0.00211,0.01475,0.0745
4020,0.23855,,,0.03419,0.00928,1119696.9,Bistro,9,Visibility + G-buffer,1,1.0,1,132,14,M1_D1,"1 bins
M1, D1",15,0.05813,0.01189,0.00212,0.01496,0.07574
4080,0.23983,,,0.03414,0.00957,958432.85,Bistro,9,Visibility + G-buffer,1,1.0,1,132,14,M1_D1,"1 bins
M1, D1",15,0.05756,0.01162,0.00211,0.01497,0.07768
4140,0.22629,,,0.03419,0.00896,891260.8,Bistro,9,Visibility + G-buffer,1,1.0,1,132,14,M1_D1,"1 bins
M1, D1",15,0.05051,0.01134,0.00212,0.01471,0.07337
4200,0.2068,,,0.03398,0.00939,795127.2,Bistro,9,Visibility + G-buffer,1,1.0,1,132,14,M1_D1,"1 bins
M1, D1",15,0.03879,0.01106,0.00208,0.01431,0.06643
4260,0.25766,,,0.0329,0.00855,2716290.05,Bistro,9,Visibility + G-buffer,1,1.0,1,132,14,M1_D1,"1 bins
M1, D1",15,0.10547,0.01099,0.002,0.01354,0.05314
4320,0.50855,,,0.03513,0.00988,7242797.15,Bistro,9,Visibility + G-buffer,1,1.0,1,132,14,M1_D1,"1 bins
M1, D1",15,0.31762,0.01353,0.0021,0.01555,0.08216
4380,0.45621,,,0.03495,0.0097,6033148.0,Bistro,9,Visibility + G-buffer,1,1.0,1,132,14,M1_D1,"1 bins
M1, D1",15,0.27033,0.01302,0.00209,0.01529,0.07894
4440,0.20901,,,0.03382,0.00924,867288.75,Bistro,9,Visibility + G-buffer,1,1.0,1,132,14,M1_D1,"1 bins
M1, D1",15,0.03879,0.011,0.00212,0.0145,0.0694
4500,0.20951,,,0.03409,0.00896,698827.95,Bistro,9,Visibility + G-buffer,1,1.0,1,132,14,M1_D1,"1 bins
M1, D1",15,0.03633,0.01085,0.00212,0.01453,0.07178
4560,0.19764,,,0.03395,0.00843,684012.3,Bistro,9,Visibility + G-buffer,1,1.0,1,132,14,M1_D1,"1 bins
M1, D1",15,0.0321,0.01066,0.00212,0.01399,0.06505
4620,0.21005,,,0.03385,0.00808,872447.4,Bistro,9,Visibility + G-buffer,1,1.0,1,132,14,M1_D1,"1 bins
M1, D1",15,0.03968,0.01099,0.00211,0.01441,0.0703
4680,0.27587,,,0.03429,0.00938,2415162.35,Bistro,9,Visibility + G-buffer,1,1.0,1,132,14,M1_D1,"1 bins
M1, D1",15,0.10129,0.01172,0.00209,0.01443,0.07198
4740,0.39563,,,0.0347,0.00975,5264990.15,Bistro,9,Visibility + G-buffer,1,1.0,1,132,14,M1_D1,"1 bins
M1, D1",15,0.22432,0.01241,0.0021,0.01426,0.06654
4800,0.48811,,,0.03461,0.01004,7605016.1,Bistro,9,Visibility + G-buffer,1,1.0,1,132,14,M1_D1,"1 bins
M1, D1",15,0.32245,0.01231,0.0021,0.01396,0.06084
4860,0.47126,,,0.03386,0.01011,7298187.05,Bistro,9,Visibility + G-buffer,1,1.0,1,132,14,M1_D1,"1 bins
M1, D1",15,0.31203,0.012,0.00209,0.01358,0.05536
4920,0.47461,,,0.03359,0.01017,7437915.15,Bistro,9,Visibility + G-buffer,1,1.0,1,132,14,M1_D1,"1 bins
M1, D1",15,0.31723,0.01202,0.0021,0.01341,0.05363
4980,0.5084,,,0.03419,0.01015,8149009.9,Bistro,9,Visibility + G-buffer,1,1.0,1,132,14,M1_D1,"1 bins
M1, D1",15,0.34617,0.01228,0.0021,0.01372,0.05732
5040,0.41926,,,0.03435,0.00973,5907876.05,Bistro,9,Visibility + G-buffer,1,1.0,1,132,14,M1_D1,"1 bins
M1, D1",15,0.25581,0.0119,0.0021,0.01387,0.05984
5100,0.44303,,,0.03417,0.00968,6713387.25,Bistro,9,Visibility + G-buffer,1,1.0,1,132,14,M1_D1,"1 bins
M1, D1",15,0.28219,0.01183,0.0021,0.01373,0.05747
5160,0.52314,,,0.03435,0.00973,8461629.95,Bistro,9,Visibility + G-buffer,1,1.0,1,132,14,M1_D1,"1 bins
M1, D1",15,0.36114,0.01206,0.0021,0.01381,0.05779
5220,0.52283,,,0.03421,0.0098,8496360.0,Bistro,9,Visibility + G-buffer,1,1.0,1,132,14,M1_D1,"1 bins
M1, D1",15,0.36267,0.01194,0.0021,0.01366,0.05617
5280,0.51238,,,0.03344,0.00988,8448473.2,Bistro,9,Visibility + G-buffer,1,1.0,1,132,14,M1_D1,"1 bins
M1, D1",15,0.35785,0.01176,0.0021,0.01324,0.05161
5340,0.41959,,,0.0317,0.00992,6607069.85,Bistro,9,Visibility + G-buffer,1,1.0,1,132,14,M1_D1,"1 bins
M1, D1",15,0.27904,0.01093,0.00209,0.01222,0.0416
5400,0.14925,,,0.03036,0.00796,1056943.5,Bistro,9,Visibility + G-buffer,1,1.0,1,132,14,M1_D1,"1 bins
M1, D1",15,0.036,0.0085,0.00194,0.00996,0.02419
5460,0.11843,,,0.03045,0.00765,344217.0,Bistro,9,Visibility + G-buffer,1,1.0,1,132,14,M1_D1,"1 bins
M1, D1",15,0.01149,0.00798,0.00192,0.00925,0.01815
0,0.20522,0.06535,0.08549,0.03202,0.00891,3553381.35,Bistro,8,Deferred + prepass,4,1.0,4,132,16,M4_D1,"4 bins
M4, D1",16,,,,,
60,0.21796,0.06779,0.09573,0.03209,0.00883,3662944.3,Bistro,8,Deferred + prepass,4,1.0,4,132,16,M4_D1,"4 bins
M4, D1",16,,,,,
120,0.18695,0.05061,0.08283,0.03179,0.00843,2176008.0,Bistro,8,Deferred + prepass,4,1.0,4,132,16,M4_D1,"4 bins
M4, D1",16,,,,,
180,0.15002,0.03224,0.06399,0.03185,0.00842,1760027.75,Bistro,8,Deferred + prepass,4,1.0,4,132,16,M4_D1,"4 bins
M4, D1",16,,,,,
240,0.21724,0.06752,0.09461,0.03259,0.00867,2911562.3,Bistro,8,Deferred + prepass,4,1.0,4,132,16,M4_D1,"4 bins
M4, D1",16,,,,,
300,0.24641,0.08366,0.10748,0.03245,0.00899,3211259.3,Bistro,8,Deferred + prepass,4,1.0,4,132,16,M4_D1,"4 bins
M4, D1",16,,,,,
360,0.24318,0.08115,0.10678,0.03231,0.00884,3197534.35,Bistro,8,Deferred + prepass,4,1.0,4,132,16,M4_D1,"4 bins
M4, D1",16,,,,,
420,0.1908,0.05162,0.08511,0.03164,0.00838,2080022.75,Bistro,8,Deferred + prepass,4,1.0,4,132,16,M4_D1,"4 bins
M4, D1",16,,,,,
480,0.19909,0.05716,0.08775,0.03161,0.00841,2143202.1,Bistro,8,Deferred + prepass,4,1.0,4,132,16,M4_D1,"4 bins
M4, D1",16,,,,,
540,0.21195,0.06411,0.09326,0.03193,0.00881,2652802.15,Bistro,8,Deferred + prepass,4,1.0,4,132,16,M4_D1,"4 bins
M4, D1",16,,,,,
600,0.21786,0.06666,0.0972,0.03169,0.00857,2718203.4,Bistro,8,Deferred + prepass,4,1.0,4,132,16,M4_D1,"4 bins
M4, D1",16,,,,,
660,0.15421,0.0341,0.06702,0.03148,0.00808,1551084.95,Bistro,8,Deferred + prepass,4,1.0,4,132,16,M4_D1,"4 bins
M4, D1",16,,,,,
720,0.192,0.05714,0.08015,0.03227,0.00858,2455791.85,Bistro,8,Deferred + prepass,4,1.0,4,132,16,M4_D1,"4 bins
M4, D1",16,,,,,
780,0.18322,0.05387,0.07535,0.03202,0.00828,2049572.45,Bistro,8,Deferred + prepass,4,1.0,4,132,16,M4_D1,"4 bins
M4, D1",16,,,,,
840,0.12457,0.02316,0.04861,0.03177,0.00804,904159.35,Bistro,8,Deferred + prepass,4,1.0,4,132,16,M4_D1,"4 bins
M4, D1",16,,,,,
900,0.19891,0.05674,0.08837,0.0317,0.00863,2916661.7,Bistro,8,Deferred + prepass,4,1.0,4,132,16,M4_D1,"4 bins
M4, D1",16,,,,,
960,0.24043,0.07858,0.10659,0.03248,0.00893,3578981.25,Bistro,8,Deferred + prepass,4,1.0,4,132,16,M4_D1,"4 bins
M4, D1",16,,,,,
1020,0.21225,0.06552,0.09149,0.03243,0.00892,2767377.4,Bistro,8,Deferred + prepass,4,1.0,4,132,16,M4_D1,"4 bins
M4, D1",16,,,,,
1080,0.20896,0.06454,0.08987,0.03191,0.0088,2271770.15,Bistro,8,Deferred + prepass,4,1.0,4,132,16,M4_D1,"4 bins
M4, D1",16,,,,,
1140,0.23329,0.07789,0.10053,0.03219,0.00894,2903832.2,Bistro,8,Deferred + prepass,4,1.0,4,132,16,M4_D1,"4 bins
M4, D1",16,,,,,
1200,0.20933,0.06571,0.0889,0.03201,0.00879,2424988.15,Bistro,8,Deferred + prepass,4,1.0,4,132,16,M4_D1,"4 bins
M4, D1",16,,,,,
1260,0.19048,0.05648,0.07952,0.03187,0.00862,2026572.1,Bistro,8,Deferred + prepass,4,1.0,4,132,16,M4_D1,"4 bins
M4, D1",16,,,,,
1320,0.19982,0.06142,0.08377,0.03184,0.00878,2301510.5,Bistro,8,Deferred + prepass,4,1.0,4,132,16,M4_D1,"4 bins
M4, D1",16,,,,,
1380,0.20428,0.06193,0.08744,0.03195,0.00888,2404923.35,Bistro,8,Deferred + prepass,4,1.0,4,132,16,M4_D1,"4 bins
M4, D1",16,,,,,
1440,0.21633,0.06597,0.09543,0.03243,0.00884,2983851.65,Bistro,8,Deferred + prepass,4,1.0,4,132,16,M4_D1,"4 bins
M4, D1",16,,,,,
1500,0.35157,0.12423,0.17218,0.03259,0.00887,5965339.5,Bistro,8,Deferred + prepass,4,1.0,4,132,16,M4_D1,"4 bins
M4, D1",16,,,,,
1560,0.38231,0.13914,0.18799,0.03256,0.00883,6425388.5,Bistro,8,Deferred + prepass,4,1.0,4,132,16,M4_D1,"4 bins
M4, D1",16,,,,,
1620,0.37947,0.13828,0.18596,0.03235,0.00887,6351675.3,Bistro,8,Deferred + prepass,4,1.0,4,132,16,M4_D1,"4 bins
M4, D1",16,,,,,
1680,0.2588,0.08113,0.12332,0.03184,0.00882,3853289.1,Bistro,8,Deferred + prepass,4,1.0,4,132,16,M4_D1,"4 bins
M4, D1",16,,,,,
1740,0.17534,0.04536,0.07648,0.03153,0.00846,1807302.25,Bistro,8,Deferred + prepass,4,1.0,4,132,16,M4_D1,"4 bins
M4, D1",16,,,,,
1800,0.17332,0.04475,0.07556,0.03128,0.00845,1503980.35,Bistro,8,Deferred + prepass,4,1.0,4,132,16,M4_D1,"4 bins
M4, D1",16,,,,,
1860,0.17009,0.04235,0.07485,0.03111,0.00849,1304820.9,Bistro,8,Deferred + prepass,4,1.0,4,132,16,M4_D1,"4 bins
M4, D1",16,,,,,
1920,0.16644,0.03927,0.07456,0.03114,0.00854,1271388.55,Bistro,8,Deferred + prepass,4,1.0,4,132,16,M4_D1,"4 bins
M4, D1",16,,,,,
1980,0.1614,0.03479,0.0741,0.03115,0.00848,1145896.95,Bistro,8,Deferred + prepass,4,1.0,4,132,16,M4_D1,"4 bins
M4, D1",16,,,,,
2040,0.15516,0.0316,0.07158,0.031,0.00816,833803.5,Bistro,8,Deferred + prepass,4,1.0,4,132,16,M4_D1,"4 bins
M4, D1",16,,,,,
2100,0.14949,0.02918,0.06806,0.03095,0.00799,724541.55,Bistro,8,Deferred + prepass,4,1.0,4,132,16,M4_D1,"4 bins
M4, D1",16,,,,,
2160,0.14339,0.02586,0.06513,0.03095,0.00797,651558.7,Bistro,8,Deferred + prepass,4,1.0,4,132,16,M4_D1,"4 bins
M4, D1",16,,,,,
2220,0.13898,0.02227,0.06559,0.03098,0.00799,606690.35,Bistro,8,Deferred + prepass,4,1.0,4,132,16,M4_D1,"4 bins
M4, D1",16,,,,,
2280,0.10191,0.01337,0.03759,0.03112,0.00795,387407.3,Bistro,8,Deferred + prepass,4,1.0,4,132,16,M4_D1,"4 bins
M4, D1",16,,,,,
2340,0.18183,0.05056,0.0774,0.03198,0.0086,2264677.55,Bistro,8,Deferred + prepass,4,1.0,4,132,16,M4_D1,"4 bins
M4, D1",16,,,,,
2400,0.27574,0.09222,0.12785,0.03255,0.00887,3983123.9,Bistro,8,Deferred + prepass,4,1.0,4,132,16,M4_D1,"4 bins
M4, D1",16,,,,,
2460,0.28413,0.09668,0.13253,0.0325,0.00888,4233659.5,Bistro,8,Deferred + prepass,4,1.0,4,132,16,M4_D1,"4 bins
M4, D1",16,,,,,
2520,0.2582,0.08599,0.11687,0.0325,0.00896,3774183.4,Bistro,8,Deferred + prepass,4,1.0,4,132,16,M4_D1,"4 bins
M4, D1",16,,,,,
2580,0.22832,0.07934,0.09425,0.03223,0.00884,2738790.2,Bistro,8,Deferred + prepass,4,1.0,4,132,16,M4_D1,"4 bins
M4, D1",16,,,,,
2640,0.21203,0.07089,0.08636,0.0318,0.00879,2234217.4,Bistro,8,Deferred + prepass,4,1.0,4,132,16,M4_D1,"4 bins
M4, D1",16,,,,,
2700,0.1939,0.05475,0.08608,0.03126,0.00848,1876452.05,Bistro,8,Deferred + prepass,4,1.0,4,132,16,M4_D1,"4 bins
M4, D1",16,,,,,
2760,0.18244,0.04589,0.08366,0.03108,0.00845,1554160.7,Bistro,8,Deferred + prepass,4,1.0,4,132,16,M4_D1,"4 bins
M4, D1",16,,,,,
2820,0.18221,0.04779,0.0818,0.03106,0.00843,1444209.8,Bistro,8,Deferred + prepass,4,1.0,4,132,16,M4_D1,"4 bins
M4, D1",16,,,,,
2880,0.16203,0.04091,0.06823,0.03131,0.00807,1270269.5,Bistro,8,Deferred + prepass,4,1.0,4,132,16,M4_D1,"4 bins
M4, D1",16,,,,,
2940,0.1514,0.03405,0.06521,0.03127,0.00794,1185182.6,Bistro,8,Deferred + prepass,4,1.0,4,132,16,M4_D1,"4 bins
M4, D1",16,,,,,
3000,0.25801,0.08512,0.1191,0.03211,0.00851,3737532.35,Bistro,8,Deferred + prepass,4,1.0,4,132,16,M4_D1,"4 bins
M4, D1",16,,,,,
3060,0.33872,0.1207,0.16318,0.03256,0.0089,5419981.65,Bistro,8,Deferred + prepass,4,1.0,4,132,16,M4_D1,"4 bins
M4, D1",16,,,,,
3120,0.33706,0.11978,0.16184,0.03264,0.00897,5328916.45,Bistro,8,Deferred + prepass,4,1.0,4,132,16,M4_D1,"4 bins
M4, D1",16,,,,,
3180,0.32753,0.11586,0.15608,0.0327,0.00897,4942521.95,Bistro,8,Deferred + prepass,4,1.0,4,132,16,M4_D1,"4 bins
M4, D1",16,,,,,
3240,0.29542,0.10321,0.13703,0.03269,0.00888,4355188.5,Bistro,8,Deferred + prepass,4,1.0,4,132,16,M4_D1,"4 bins
M4, D1",16,,,,,
3300,0.27325,0.09377,0.12414,0.03254,0.00886,3918437.6,Bistro,8,Deferred + prepass,4,1.0,4,132,16,M4_D1,"4 bins
M4, D1",16,,,,,
3360,0.25228,0.08306,0.114,0.03242,0.00878,3488605.15,Bistro,8,Deferred + prepass,4,1.0,4,132,16,M4_D1,"4 bins
M4, D1",16,,,,,
3420,0.23585,0.07692,0.10382,0.03205,0.00894,3070083.2,Bistro,8,Deferred + prepass,4,1.0,4,132,16,M4_D1,"4 bins
M4, D1",16,,,,,
3480,0.22833,0.07581,0.09775,0.03192,0.00888,2804740.95,Bistro,8,Deferred + prepass,4,1.0,4,132,16,M4_D1,"4 bins
M4, D1",16,,,,,
3540,0.22036,0.0691,0.09315,0.03173,0.00859,2554279.0,Bistro,8,Deferred + prepass,4,1.0,4,132,16,M4_D1,"4 bins
M4, D1",16,,,,,
3600,0.21011,0.06754,0.08805,0.03175,0.00887,2404749.2,Bistro,8,Deferred + prepass,4,1.0,4,132,16,M4_D1,"4 bins
M4, D1",16,,,,,
3660,0.20323,0.06602,0.08322,0.03209,0.00829,2364661.4,Bistro,8,Deferred + prepass,4,1.0,4,132,16,M4_D1,"4 bins
M4, D1",16,,,,,
3720,0.20346,0.06175,0.08764,0.03187,0.00828,2323845.85,Bistro,8,Deferred + prepass,4,1.0,4,132,16,M4_D1,"4 bins
M4, D1",16,,,,,
3780,0.20146,0.06219,0.08603,0.03163,0.00791,2171285.25,Bistro,8,Deferred + prepass,4,1.0,4,132,16,M4_D1,"4 bins
M4, D1",16,,,,,
3840,0.19337,0.05847,0.08198,0.03157,0.00781,2069926.1,Bistro,8,Deferred + prepass,4,1.0,4,132,16,M4_D1,"4 bins
M4, D1",16,,,,,
3900,0.1814,0.05095,0.07792,0.03123,0.00782,1706132.85,Bistro,8,Deferred + prepass,4,1.0,4,132,16,M4_D1,"4 bins
M4, D1",16,,,,,
3960,0.17705,0.04473,0.08061,0.03093,0.00785,1310622.9,Bistro,8,Deferred + prepass,4,1.0,4,132,16,M4_D1,"4 bins
M4, D1",16,,,,,
4020,0.17185,0.03971,0.081,0.03084,0.00795,1119696.9,Bistro,8,Deferred + prepass,4,1.0,4,132,16,M4_D1,"4 bins
M4, D1",16,,,,,
4080,0.17601,0.04342,0.08229,0.03069,0.00789,958432.85,Bistro,8,Deferred + prepass,4,1.0,4,132,16,M4_D1,"4 bins
M4, D1",16,,,,,
4140,0.16488,0.03603,0.07867,0.03064,0.00786,891260.8,Bistro,8,Deferred + prepass,4,1.0,4,132,16,M4_D1,"4 bins
M4, D1",16,,,,,
4200,0.14697,0.02777,0.0687,0.03069,0.00788,795127.2,Bistro,8,Deferred + prepass,4,1.0,4,132,16,M4_D1,"4 bins
M4, D1",16,,,,,
4260,0.18834,0.05342,0.08267,0.03161,0.00813,2716290.05,Bistro,8,Deferred + prepass,4,1.0,4,132,16,M4_D1,"4 bins
M4, D1",16,,,,,
4320,0.44516,0.16923,0.22034,0.0327,0.0088,7242797.15,Bistro,8,Deferred + prepass,4,1.0,4,132,16,M4_D1,"4 bins
M4, D1",16,,,,,
4380,0.39189,0.14495,0.19185,0.03257,0.0087,6033148.0,Bistro,8,Deferred + prepass,4,1.0,4,132,16,M4_D1,"4 bins
M4, D1",16,,,,,
4440,0.12732,0.0204,0.05582,0.03113,0.00783,867288.75,Bistro,8,Deferred + prepass,4,1.0,4,132,16,M4_D1,"4 bins
M4, D1",16,,,,,
4500,0.14127,0.02368,0.06707,0.03071,0.00786,698827.95,Bistro,8,Deferred + prepass,4,1.0,4,132,16,M4_D1,"4 bins
M4, D1",16,,,,,
4560,0.13352,0.02259,0.06032,0.03072,0.00779,684012.3,Bistro,8,Deferred + prepass,4,1.0,4,132,16,M4_D1,"4 bins
M4, D1",16,,,,,
4620,0.13704,0.02685,0.05973,0.03079,0.00784,872447.4,Bistro,8,Deferred + prepass,4,1.0,4,132,16,M4_D1,"4 bins
M4, D1",16,,,,,
4680,0.1932,0.05503,0.08478,0.0316,0.00829,2415162.35,Bistro,8,Deferred + prepass,4,1.0,4,132,16,M4_D1,"4 bins
M4, D1",16,,,,,
4740,0.30716,0.10597,0.14622,0.03239,0.0087,5264990.15,Bistro,8,Deferred + prepass,4,1.0,4,132,16,M4_D1,"4 bins
M4, D1",16,,,,,
4800,0.43405,0.16607,0.2124,0.03239,0.00901,7605016.1,Bistro,8,Deferred + prepass,4,1.0,4,132,16,M4_D1,"4 bins
M4, D1",16,,,,,
4860,0.42623,0.16502,0.20585,0.03222,0.00914,7298187.05,Bistro,8,Deferred + prepass,4,1.0,4,132,16,M4_D1,"4 bins
M4, D1",16,,,,,
4920,0.43054,0.1666,0.20851,0.03221,0.0091,7437915.15,Bistro,8,Deferred + prepass,4,1.0,4,132,16,M4_D1,"4 bins
M4, D1",16,,,,,
4980,0.46449,0.1809,0.22775,0.03243,0.00911,8149009.9,Bistro,8,Deferred + prepass,4,1.0,4,132,16,M4_D1,"4 bins
M4, D1",16,,,,,
5040,0.35408,0.13262,0.16661,0.03216,0.00864,5907876.05,Bistro,8,Deferred + prepass,4,1.0,4,132,16,M4_D1,"4 bins
M4, D1",16,,,,,
5100,0.38761,0.14758,0.18529,0.03218,0.00869,6713387.25,Bistro,8,Deferred + prepass,4,1.0,4,132,16,M4_D1,"4 bins
M4, D1",16,,,,,
5160,0.48144,0.18953,0.23644,0.0325,0.00868,8461629.95,Bistro,8,Deferred + prepass,4,1.0,4,132,16,M4_D1,"4 bins
M4, D1",16,,,,,
5220,0.49063,0.19279,0.23922,0.03251,0.00882,8496360.0,Bistro,8,Deferred + prepass,4,1.0,4,132,16,M4_D1,"4 bins
M4, D1",16,,,,,
5280,0.4896,0.18984,0.24167,0.0323,0.00881,8448473.2,Bistro,8,Deferred + prepass,4,1.0,4,132,16,M4_D1,"4 bins
M4, D1",16,,,,,
5340,0.38693,0.14742,0.18487,0.03178,0.00886,6607069.85,Bistro,8,Deferred + prepass,4,1.0,4,132,16,M4_D1,"4 bins
M4, D1",16,,,,,
5400,0.09428,0.02095,0.02225,0.0309,0.00797,1056943.5,Bistro,8,Deferred + prepass,4,1.0,4,132,16,M4_D1,"4 bins
M4, D1",16,,,,,
5460,0.06412,0.00719,0.00595,0.0308,0.00771,344217.0,Bistro,8,Deferred + prepass,4,1.0,4,132,16,M4_D1,"4 bins
M4, D1",16,,,,,
0,0.30225,,,0.03267,0.00883,3553381.35,Bistro,9,Visibility + G-buffer,4,1.0,4,132,16,M4_D1,"4 bins
M4, D1",17,0.14318,0.01161,0.0021,0.01358,0.05905
60,0.32576,,,0.03289,0.00916,3662944.3,Bistro,9,Visibility + G-buffer,4,1.0,4,132,16,M4_D1,"4 bins
M4, D1",17,0.15023,0.01224,0.00209,0.01468,0.07355
120,0.29707,,,0.03304,0.00948,2176008.0,Bistro,9,Visibility + G-buffer,4,1.0,4,132,16,M4_D1,"4 bins
M4, D1",17,0.10271,0.01291,0.00208,0.01629,0.09005
180,0.27292,,,0.0332,0.00955,1760027.75,Bistro,9,Visibility + G-buffer,4,1.0,4,132,16,M4_D1,"4 bins
M4, D1",17,0.07883,0.0124,0.00209,0.01603,0.08992
240,0.32742,,,0.03351,0.00982,2911562.3,Bistro,9,Visibility + G-buffer,4,1.0,4,132,16,M4_D1,"4 bins
M4, D1",17,0.12795,0.01301,0.00208,0.0165,0.09377
300,0.34407,,,0.0336,0.00994,3211259.3,Bistro,9,Visibility + G-buffer,4,1.0,4,132,16,M4_D1,"4 bins
M4, D1",17,0.14366,0.01334,0.00209,0.01664,0.09367
360,0.34594,,,0.03364,0.00996,3197534.35,Bistro,9,Visibility + G-buffer,4,1.0,4,132,16,M4_D1,"4 bins
M4, D1",17,0.14285,0.0136,0.00209,0.01684,0.09488
420,0.29601,,,0.03347,0.0099,2080022.75,Bistro,9,Visibility + G-buffer,4,1.0,4,132,16,M4_D1,"4 bins
M4, D1",17,0.09849,0.01295,0.00209,0.01657,0.09098
480,0.29585,,,0.03337,0.00976,2143202.1,Bistro,9,Visibility + G-buffer,4,1.0,4,132,16,M4_D1,"4 bins
M4, D1",17,0.09948,0.01325,0.00209,0.01672,0.08986
540,0.32002,,,0.03323,0.01001,2652802.15,Bistro,9,Visibility + G-buffer,4,1.0,4,132,16,M4_D1,"4 bins
M4, D1",17,0.12249,0.01329,0.00208,0.01647,0.09183
600,0.32756,,,0.03317,0.00971,2718203.4,Bistro,9,Visibility + G-buffer,4,1.0,4,132,16,M4_D1,"4 bins
M4, D1",17,0.13174,0.01348,0.0021,0.01639,0.09071
660,0.26822,,,0.03287,0.00961,1551084.95,Bistro,9,Visibility + G-buffer,4,1.0,4,132,16,M4_D1,"4 bins
M4, D1",17,0.07275,0.01265,0.00209,0.01635,0.09141
720,0.30693,,,0.03348,0.00946,2455791.85,Bistro,9,Visibility + G-buffer,4,1.0,4,132,16,M4_D1,"4 bins
M4, D1",17,0.11274,0.01257,0.0021,0.01617,0.09014
780,0.29299,,,0.03293,0.00944,2049572.45,Bistro,9,Visibility + G-buffer,4,1.0,4,132,16,M4_D1,"4 bins
M4, D1",17,0.10177,0.01188,0.00209,0.01565,0.08818
840,0.23831,,,0.03284,0.00903,904159.35,Bistro,9,Visibility + G-buffer,4,1.0,4,132,16,M4_D1,"4 bins
M4, D1",17,0.0528,0.01125,0.00208,0.01537,0.08328
900,0.31707,,,0.03339,0.00904,2916661.7,Bistro,9,Visibility + G-buffer,4,1.0,4,132,16,M4_D1,"4 bins
M4, D1",17,0.13217,0.01176,0.00209,0.01542,0.08218
960,0.35875,,,0.03381,0.00945,3578981.25,Bistro,9,Visibility + G-buffer,4,1.0,4,132,16,M4_D1,"4 bins
M4, D1",17,0.15732,0.01346,0.0021,0.01675,0.09323
1020,0.32616,,,0.03375,0.00999,2767377.4,Bistro,9,Visibility + G-buffer,4,1.0,4,132,16,M4_D1,"4 bins
M4, D1",17,0.12358,0.01353,0.00211,0.0167,0.0948
1080,0.30932,,,0.03381,0.01001,2271770.15,Bistro,9,Visibility + G-buffer,4,1.0,4,132,16,M4_D1,"4 bins
M4, D1",17,0.10702,0.0134,0.0021,0.0166,0.09497
1140,0.34467,,,0.03388,0.01,2903832.2,Bistro,9,Visibility + G-buffer,4,1.0,4,132,16,M4_D1,"4 bins
M4, D1",17,0.13675,0.01392,0.0021,0.01709,0.09599
1200,0.32334,,,0.0337,0.00958,2424988.15,Bistro,9,Visibility + G-buffer,4,1.0,4,132,16,M4_D1,"4 bins
M4, D1",17,0.11717,0.01418,0.00211,0.01752,0.09677
1260,0.30112,,,0.03358,0.0097,2026572.1,Bistro,9,Visibility + G-buffer,4,1.0,4,132,16,M4_D1,"4 bins
M4, D1",17,0.09972,0.01373,0.00209,0.01714,0.09354
1320,0.30954,,,0.03375,0.00986,2301510.5,Bistro,9,Visibility + G-buffer,4,1.0,4,132,16,M4_D1,"4 bins
M4, D1",17,0.10992,0.01318,0.00208,0.01669,0.09307
1380,0.31615,,,0.03383,0.00988,2404923.35,Bistro,9,Visibility + G-buffer,4,1.0,4,132,16,M4_D1,"4 bins
M4, D1",17,0.11245,0.0138,0.0021,0.01715,0.09555
1440,0.33767,,,0.03388,0.0099,2983851.65,Bistro,9,Visibility + G-buffer,4,1.0,4,132,16,M4_D1,"4 bins
M4, D1",17,0.12867,0.01447,0.0021,0.01774,0.09867
1500,0.45739,,,0.0341,0.00983,5965339.5,Bistro,9,Visibility + G-buffer,4,1.0,4,132,16,M4_D1,"4 bins
M4, D1",17,0.24688,0.01517,0.00209,0.01793,0.09912
1560,0.4756,,,0.03423,0.00992,6425388.5,Bistro,9,Visibility + G-buffer,4,1.0,4,132,16,M4_D1,"4 bins
M4, D1",17,0.26995,0.01454,0.0021,0.01736,0.09455
1620,0.4783,,,0.03388,0.0098,6351675.3,Bistro,9,Visibility + G-buffer,4,1.0,4,132,16,M4_D1,"4 bins
M4, D1",17,0.26789,0.01526,0.0021,0.018,0.09933
1680,0.37279,,,0.03344,0.00974,3853289.1,Bistro,9,Visibility + G-buffer,4,1.0,4,132,16,M4_D1,"4 bins
M4, D1",17,0.16694,0.01436,0.0021,0.0174,0.09508
1740,0.28249,,,0.033,0.00987,1807302.25,Bistro,9,Visibility + G-buffer,4,1.0,4,132,16,M4_D1,"4 bins
M4, D1",17,0.08072,0.01363,0.00209,0.01707,0.09448
1800,0.27514,,,0.03294,0.00995,1503980.35,Bistro,9,Visibility + G-buffer,4,1.0,4,132,16,M4_D1,"4 bins
M4, D1",17,0.07341,0.01352,0.0021,0.01715,0.09472
1860,0.26744,,,0.03296,0.00975,1304820.9,Bistro,9,Visibility + G-buffer,4,1.0,4,132,16,M4_D1,"4 bins
M4, D1",17,0.06686,0.01329,0.00209,0.01706,0.09393
1920,0.26557,,,0.03307,0.00987,1271388.55,Bistro,9,Visibility + G-buffer,4,1.0,4,132,16,M4_D1,"4 bins
M4, D1",17,0.06477,0.01324,0.00209,0.01713,0.09347
1980,0.26001,,,0.03323,0.00986,1145896.95,Bistro,9,Visibility + G-buffer,4,1.0,4,132,16,M4_D1,"4 bins
M4, D1",17,0.06021,0.01318,0.00209,0.01699,0.09211
2040,0.24653,,,0.03317,0.00981,833803.5,Bistro,9,Visibility + G-buffer,4,1.0,4,132,16,M4_D1,"4 bins
M4, D1",17,0.05099,0.01281,0.0021,0.01675,0.08973
2100,0.24011,,,0.03314,0.01002,724541.55,Bistro,9,Visibility + G-buffer,4,1.0,4,132,16,M4_D1,"4 bins
M4, D1",17,0.04684,0.01272,0.00211,0.01659,0.08807
2160,0.23641,,,0.03317,0.01003,651558.7,Bistro,9,Visibility + G-buffer,4,1.0,4,132,16,M4_D1,"4 bins
M4, D1",17,0.04406,0.01245,0.0021,0.01639,0.08711
2220,0.23155,,,0.03331,0.00987,606690.35,Bistro,9,Visibility + G-buffer,4,1.0,4,132,16,M4_D1,"4 bins
M4, D1",17,0.0413,0.01212,0.00209,0.01596,0.0852
2280,0.17817,,,0.03243,0.00817,387407.3,Bistro,9,Visibility + G-buffer,4,1.0,4,132,16,M4_D1,"4 bins
M4, D1",17,0.02473,0.01029,0.00197,0.01318,0.05607
2340,0.28865,,,0.03382,0.00936,2264677.55,Bistro,9,Visibility + G-buffer,4,1.0,4,132,16,M4_D1,"4 bins
M4, D1",17,0.10653,0.0119,0.00204,0.01515,0.07866
2400,0.38245,,,0.03417,0.00984,3983123.9,Bistro,9,Visibility + G-buffer,4,1.0,4,132,16,M4_D1,"4 bins
M4, D1",17,0.18101,0.01365,0.0021,0.0168,0.0931
2460,0.3946,,,0.03405,0.00986,4233659.5,Bistro,9,Visibility + G-buffer,4,1.0,4,132,16,M4_D1,"4 bins
M4, D1",17,0.19124,0.01379,0.00209,0.01702,0.09463
2520,0.37189,,,0.03398,0.0099,3774183.4,Bistro,9,Visibility + G-buffer,4,1.0,4,132,16,M4_D1,"4 bins
M4, D1",17,0.16872,0.0138,0.0021,0.01701,0.0946
2580,0.33354,,,0.03381,0.00995,2738790.2,Bistro,9,Visibility + G-buffer,4,1.0,4,132,16,M4_D1,"4 bins
M4, D1",17,0.13466,0.01323,0.00209,0.01649,0.0927
2640,0.31192,,,0.03362,0.00958,2234217.4,Bistro,9,Visibility + G-buffer,4,1.0,4,132,16,M4_D1,"4 bins
M4, D1",17,0.11246,0.01295,0.0021,0.01645,0.09347
2700,0.2916,,,0.03385,0.00958,1876452.05,Bistro,9,Visibility + G-buffer,4,1.0,4,132,16,M4_D1,"4 bins
M4, D1",17,0.09352,0.01299,0.00209,0.01662,0.09238
2760,0.27496,,,0.0341,0.00986,1554160.7,Bistro,9,Visibility + G-buffer,4,1.0,4,132,16,M4_D1,"4 bins
M4, D1",17,0.07873,0.01297,0.00209,0.0164,0.09051
2820,0.27036,,,0.03393,0.00991,1444209.8,Bistro,9,Visibility + G-buffer,4,1.0,4,132,16,M4_D1,"4 bins
M4, D1",17,0.07374,0.01268,0.00209,0.01631,0.09097
2880,0.26204,,,0.03335,0.00952,1270269.5,Bistro,9,Visibility + G-buffer,4,1.0,4,132,16,M4_D1,"4 bins
M4, D1",17,0.06806,0.01229,0.00209,0.01607,0.08949
2940,0.25227,,,0.0331,0.00965,1185182.6,Bistro,9,Visibility + G-buffer,4,1.0,4,132,16,M4_D1,"4 bins
M4, D1",17,0.05976,0.01244,0.0021,0.01616,0.08859
3000,0.35221,,,0.03361,0.00984,3737532.35,Bistro,9,Visibility + G-buffer,4,1.0,4,132,16,M4_D1,"4 bins
M4, D1",17,0.15803,0.01277,0.00209,0.01596,0.08877
3060,0.42697,,,0.03413,0.00982,5419981.65,Bistro,9,Visibility + G-buffer,4,1.0,4,132,16,M4_D1,"4 bins
M4, D1",17,0.22489,0.0137,0.0021,0.01668,0.09428
3120,0.42952,,,0.03396,0.00995,5328916.45,Bistro,9,Visibility + G-buffer,4,1.0,4,132,16,M4_D1,"4 bins
M4, D1",17,0.22226,0.01433,0.00209,0.01731,0.09772
3180,0.41692,,,0.03384,0.00983,4942521.95,Bistro,9,Visibility + G-buffer,4,1.0,4,132,16,M4_D1,"4 bins
M4, D1",17,0.20949,0.01418,0.00209,0.01736,0.09863
3240,0.39288,,,0.03387,0.00981,4355188.5,Bistro,9,Visibility + G-buffer,4,1.0,4,132,16,M4_D1,"4 bins
M4, D1",17,0.18712,0.01425,0.0021,0.01741,0.09691
3300,0.37583,,,0.03377,0.0099,3918437.6,Bistro,9,Visibility + G-buffer,4,1.0,4,132,16,M4_D1,"4 bins
M4, D1",17,0.16992,0.01421,0.0021,0.01739,0.09709
3360,0.35838,,,0.03372,0.00988,3488605.15,Bistro,9,Visibility + G-buffer,4,1.0,4,132,16,M4_D1,"4 bins
M4, D1",17,0.15344,0.01395,0.00209,0.01723,0.0965
3420,0.34017,,,0.03368,0.01005,3070083.2,Bistro,9,Visibility + G-buffer,4,1.0,4,132,16,M4_D1,"4 bins
M4, D1",17,0.13761,0.01368,0.0021,0.01687,0.0945
3480,0.3262,,,0.03369,0.01007,2804740.95,Bistro,9,Visibility + G-buffer,4,1.0,4,132,16,M4_D1,"4 bins
M4, D1",17,0.12838,0.01314,0.00209,0.01647,0.09156
3540,0.31489,,,0.03374,0.01008,2554279.0,Bistro,9,Visibility + G-buffer,4,1.0,4,132,16,M4_D1,"4 bins
M4, D1",17,0.12094,0.01248,0.0021,0.01598,0.08802
3600,0.31075,,,0.03389,0.0101,2404749.2,Bistro,9,Visibility + G-buffer,4,1.0,4,132,16,M4_D1,"4 bins
M4, D1",17,0.11578,0.01249,0.0021,0.01606,0.08921
3660,0.30493,,,0.03384,0.00982,2364661.4,Bistro,9,Visibility + G-buffer,4,1.0,4,132,16,M4_D1,"4 bins
M4, D1",17,0.11058,0.01281,0.00209,0.01627,0.08918
3720,0.29839,,,0.03375,0.00984,2323845.85,Bistro,9,Visibility + G-buffer,4,1.0,4,132,16,M4_D1,"4 bins
M4, D1",17,0.10441,0.01295,0.0021,0.01646,0.08874
3780,0.28799,,,0.03355,0.00973,2171285.25,Bistro,9,Visibility + G-buffer,4,1.0,4,132,16,M4_D1,"4 bins
M4, D1",17,0.0982,0.01253,0.0021,0.01601,0.08511
3840,0.27682,,,0.03346,0.00897,2069926.1,Bistro,9,Visibility + G-buffer,4,1.0,4,132,16,M4_D1,"4 bins
M4, D1",17,0.09188,0.01217,0.0021,0.01567,0.08133
3900,0.25611,,,0.03347,0.0089,1706132.85,Bistro,9,Visibility + G-buffer,4,1.0,4,132,16,M4_D1,"4 bins
M4, D1",17,0.07601,0.01221,0.00202,0.01557,0.07677
3960,0.24575,,,0.03332,0.00891,1310622.9,Bistro,9,Visibility + G-buffer,4,1.0,4,132,16,M4_D1,"4 bins
M4, D1",17,0.06353,0.01239,0.002,0.0158,0.07886
4020,0.24387,,,0.03341,0.00945,1119696.9,Bistro,9,Visibility + G-buffer,4,1.0,4,132,16,M4_D1,"4 bins
M4, D1",17,0.05867,0.01258,0.00203,0.01601,0.08049
4080,0.2453,,,0.03331,0.00953,958432.85,Bistro,9,Visibility + G-buffer,4,1.0,4,132,16,M4_D1,"4 bins
M4, D1",17,0.05773,0.01244,0.00205,0.01612,0.0832
4140,0.23169,,,0.03327,0.00893,891260.8,Bistro,9,Visibility + G-buffer,4,1.0,4,132,16,M4_D1,"4 bins
M4, D1",17,0.05079,0.01206,0.00203,0.01571,0.07806
4200,0.20931,,,0.03335,0.00889,795127.2,Bistro,9,Visibility + G-buffer,4,1.0,4,132,16,M4_D1,"4 bins
M4, D1",17,0.03834,0.01131,0.00204,0.01487,0.06969
4260,0.26191,,,0.0326,0.00865,2716290.05,Bistro,9,Visibility + G-buffer,4,1.0,4,132,16,M4_D1,"4 bins
M4, D1",17,0.10536,0.01125,0.00204,0.01399,0.05693
4320,0.51662,,,0.03402,0.0098,7242797.15,Bistro,9,Visibility + G-buffer,4,1.0,4,132,16,M4_D1,"4 bins
M4, D1",17,0.3181,0.01398,0.00209,0.01642,0.0901
4380,0.46532,,,0.03383,0.00969,6033148.0,Bistro,9,Visibility + G-buffer,4,1.0,4,132,16,M4_D1,"4 bins
M4, D1",17,0.2713,0.01341,0.0021,0.01607,0.08609
4440,0.21514,,,0.03313,0.00915,867288.75,Bistro,9,Visibility + G-buffer,4,1.0,4,132,16,M4_D1,"4 bins
M4, D1",17,0.03889,0.01136,0.00205,0.01511,0.07359
4500,0.21441,,,0.03351,0.00921,698827.95,Bistro,9,Visibility + G-buffer,4,1.0,4,132,16,M4_D1,"4 bins
M4, D1",17,0.03609,0.01146,0.00206,0.01528,0.07506
4560,0.20096,,,0.03324,0.00835,684012.3,Bistro,9,Visibility + G-buffer,4,1.0,4,132,16,M4_D1,"4 bins
M4, D1",17,0.0323,0.01093,0.00197,0.01458,0.06782
4620,0.21674,,,0.03293,0.00953,872447.4,Bistro,9,Visibility + G-buffer,4,1.0,4,132,16,M4_D1,"4 bins
M4, D1",17,0.03961,0.01135,0.00204,0.01488,0.07493
4680,0.28105,,,0.0335,0.00903,2415162.35,Bistro,9,Visibility + G-buffer,4,1.0,4,132,16,M4_D1,"4 bins
M4, D1",17,0.10074,0.01227,0.0021,0.01542,0.07655
4740,0.40231,,,0.03361,0.00967,5264990.15,Bistro,9,Visibility + G-buffer,4,1.0,4,132,16,M4_D1,"4 bins
M4, D1",17,0.22381,0.01273,0.00209,0.01507,0.07284
4800,0.49389,,,0.03365,0.01005,7605016.1,Bistro,9,Visibility + G-buffer,4,1.0,4,132,16,M4_D1,"4 bins
M4, D1",17,0.32237,0.01262,0.00209,0.01462,0.06652
4860,0.47659,,,0.03315,0.01007,7298187.05,Bistro,9,Visibility + G-buffer,4,1.0,4,132,16,M4_D1,"4 bins
M4, D1",17,0.31261,0.01231,0.0021,0.01412,0.0604
4920,0.47951,,,0.03297,0.01022,7437915.15,Bistro,9,Visibility + G-buffer,4,1.0,4,132,16,M4_D1,"4 bins
M4, D1",17,0.31735,0.01223,0.0021,0.01395,0.05816
4980,0.51341,,,0.03341,0.01015,8149009.9,Bistro,9,Visibility + G-buffer,4,1.0,4,132,16,M4_D1,"4 bins
M4, D1",17,0.34561,0.01253,0.0021,0.01436,0.06299
5040,0.42401,,,0.03338,0.00974,5907876.05,Bistro,9,Visibility + G-buffer,4,1.0,4,132,16,M4_D1,"4 bins
M4, D1",17,0.25514,0.01205,0.0021,0.01438,0.0657
5100,0.44749,,,0.03329,0.00963,6713387.25,Bistro,9,Visibility + G-buffer,4,1.0,4,132,16,M4_D1,"4 bins
M4, D1",17,0.28106,0.01201,0.00209,0.01422,0.06373
5160,0.52798,,,0.03346,0.00971,8461629.95,Bistro,9,Visibility + G-buffer,4,1.0,4,132,16,M4_D1,"4 bins
M4, D1",17,0.36071,0.01229,0.0021,0.01439,0.06395
5220,0.52829,,,0.0334,0.00969,8496360.0,Bistro,9,Visibility + G-buffer,4,1.0,4,132,16,M4_D1,"4 bins
M4, D1",17,0.36267,0.01217,0.00209,0.01422,0.06229
5280,0.51712,,,0.03286,0.00977,8448473.2,Bistro,9,Visibility + G-buffer,4,1.0,4,132,16,M4_D1,"4 bins
M4, D1",17,0.35807,0.01194,0.00209,0.01375,0.05664
5340,0.42433,,,0.03156,0.00973,6607069.85,Bistro,9,Visibility + G-buffer,4,1.0,4,132,16,M4_D1,"4 bins
M4, D1",17,0.28031,0.01103,0.0021,0.01259,0.04523
5400,0.15088,,,0.03055,0.00798,1056943.5,Bistro,9,Visibility + G-buffer,4,1.0,4,132,16,M4_D1,"4 bins
M4, D1",17,0.03594,0.00859,0.00192,0.00999,0.02539
5460,0.11991,,,0.03063,0.00767,344217.0,Bistro,9,Visibility + G-buffer,4,1.0,4,132,16,M4_D1,"4 bins
M4, D1",17,0.01161,0.00799,0.00192,0.00923,0.01908
0,0.20194,0.06406,0.08368,0.03168,0.00881,3553381.35,Bistro,8,Deferred + prepass,16,0.5,16,132,18,M16_D0.5,"16 bins
M16, D0.5",18,,,,,
60,0.22064,0.06935,0.09571,0.03285,0.00902,3662944.3,Bistro,8,Deferred + prepass,16,0.5,16,132,18,M16_D0.5,"16 bins
M16, D0.5",18,,,,,
120,0.18635,0.05046,0.08292,0.03168,0.00837,2176008.0,Bistro,8,Deferred + prepass,16,0.5,16,132,18,M16_D0.5,"16 bins
M16, D0.5",18,,,,,
180,0.14789,0.03215,0.06291,0.03147,0.0083,1760027.75,Bistro,8,Deferred + prepass,16,0.5,16,132,18,M16_D0.5,"16 bins
M16, D0.5",18,,,,,
240,0.21662,0.06718,0.09464,0.03229,0.00876,2911562.3,Bistro,8,Deferred + prepass,16,0.5,16,132,18,M16_D0.5,"16 bins
M16, D0.5",18,,,,,
300,0.24567,0.08268,0.10794,0.03225,0.00887,3211259.3,Bistro,8,Deferred + prepass,16,0.5,16,132,18,M16_D0.5,"16 bins
M16, D0.5",18,,,,,
360,0.24342,0.08045,0.10756,0.03216,0.00879,3197534.35,Bistro,8,Deferred + prepass,16,0.5,16,132,18,M16_D0.5,"16 bins
M16, D0.5",18,,,,,
420,0.18985,0.05129,0.08438,0.03162,0.00864,2080022.75,Bistro,8,Deferred + prepass,16,0.5,16,132,18,M16_D0.5,"16 bins
M16, D0.5",18,,,,,
480,0.19834,0.05664,0.08798,0.03153,0.00852,2143202.1,Bistro,8,Deferred + prepass,16,0.5,16,132,18,M16_D0.5,"16 bins
M16, D0.5",18,,,,,
540,0.21025,0.06363,0.09278,0.03159,0.00862,2652802.15,Bistro,8,Deferred + prepass,16,0.5,16,132,18,M16_D0.5,"16 bins
M16, D0.5",18,,,,,
600,0.21465,0.06625,0.09488,0.03148,0.00844,2718203.4,Bistro,8,Deferred + prepass,16,0.5,16,132,18,M16_D0.5,"16 bins
M16, D0.5",18,,,,,
660,0.15158,0.03408,0.06586,0.03114,0.0083,1551084.95,Bistro,8,Deferred + prepass,16,0.5,16,132,18,M16_D0.5,"16 bins
M16, D0.5",18,,,,,
720,0.19151,0.05704,0.08008,0.03194,0.00866,2455791.85,Bistro,8,Deferred + prepass,16,0.5,16,132,18,M16_D0.5,"16 bins
M16, D0.5",18,,,,,
780,0.1821,0.0534,0.07499,0.03168,0.00848,2049572.45,Bistro,8,Deferred + prepass,16,0.5,16,132,18,M16_D0.5,"16 bins
M16, D0.5",18,,,,,
840,0.12286,0.02305,0.04789,0.0314,0.00804,904159.35,Bistro,8,Deferred + prepass,16,0.5,16,132,18,M16_D0.5,"16 bins
M16, D0.5",18,,,,,
900,0.19668,0.05619,0.08712,0.03146,0.00856,2916661.7,Bistro,8,Deferred + prepass,16,0.5,16,132,18,M16_D0.5,"16 bins
M16, D0.5",18,,,,,
960,0.23937,0.07783,0.10591,0.03241,0.00887,3578981.25,Bistro,8,Deferred + prepass,16,0.5,16,132,18,M16_D0.5,"16 bins
M16, D0.5",18,,,,,
1020,0.21141,0.06526,0.09087,0.03226,0.00894,2767377.4,Bistro,8,Deferred + prepass,16,0.5,16,132,18,M16_D0.5,"16 bins
M16, D0.5",18,,,,,
1080,0.20824,0.06417,0.08958,0.03191,0.00891,2271770.15,Bistro,8,Deferred + prepass,16,0.5,16,132,18,M16_D0.5,"16 bins
M16, D0.5",18,,,,,
1140,0.23194,0.07706,0.1,0.03229,0.00886,2903832.2,Bistro,8,Deferred + prepass,16,0.5,16,132,18,M16_D0.5,"16 bins
M16, D0.5",18,,,,,
1200,0.20696,0.06502,0.08769,0.03191,0.00871,2424988.15,Bistro,8,Deferred + prepass,16,0.5,16,132,18,M16_D0.5,"16 bins
M16, D0.5",18,,,,,
1260,0.18891,0.05637,0.07881,0.03167,0.00834,2026572.1,Bistro,8,Deferred + prepass,16,0.5,16,132,18,M16_D0.5,"16 bins
M16, D0.5",18,,,,,
1320,0.19891,0.06106,0.08307,0.03194,0.00882,2301510.5,Bistro,8,Deferred + prepass,16,0.5,16,132,18,M16_D0.5,"16 bins
M16, D0.5",18,,,,,
1380,0.20255,0.0617,0.08649,0.03189,0.00876,2404923.35,Bistro,8,Deferred + prepass,16,0.5,16,132,18,M16_D0.5,"16 bins
M16, D0.5",18,,,,,
1440,0.21501,0.06521,0.09502,0.03225,0.00876,2983851.65,Bistro,8,Deferred + prepass,16,0.5,16,132,18,M16_D0.5,"16 bins
M16, D0.5",18,,,,,
1500,0.34908,0.12387,0.16954,0.03267,0.00883,5965339.5,Bistro,8,Deferred + prepass,16,0.5,16,132,18,M16_D0.5,"16 bins
M16, D0.5",18,,,,,
1560,0.38083,0.13907,0.18389,0.03251,0.00889,6425388.5,Bistro,8,Deferred + prepass,16,0.5,16,132,18,M16_D0.5,"16 bins
M16, D0.5",18,,,,,
1620,0.37909,0.1383,0.18327,0.03225,0.00881,6351675.3,Bistro,8,Deferred + prepass,16,0.5,16,132,18,M16_D0.5,"16 bins
M16, D0.5",18,,,,,
1680,0.25831,0.08077,0.12277,0.03177,0.00881,3853289.1,Bistro,8,Deferred + prepass,16,0.5,16,132,18,M16_D0.5,"16 bins
M16, D0.5",18,,,,,
1740,0.17454,0.04564,0.07578,0.03127,0.0082,1807302.25,Bistro,8,Deferred + prepass,16,0.5,16,132,18,M16_D0.5,"16 bins
M16, D0.5",18,,,,,
1800,0.1723,0.04469,0.07475,0.0311,0.00804,1503980.35,Bistro,8,Deferred + prepass,16,0.5,16,132,18,M16_D0.5,"16 bins
M16, D0.5",18,,,,,
1860,0.16922,0.04228,0.07421,0.03103,0.00807,1304820.9,Bistro,8,Deferred + prepass,16,0.5,16,132,18,M16_D0.5,"16 bins
M16, D0.5",18,,,,,
1920,0.16548,0.03924,0.07365,0.03099,0.00802,1271388.55,Bistro,8,Deferred + prepass,16,0.5,16,132,18,M16_D0.5,"16 bins
M16, D0.5",18,,,,,
1980,0.15999,0.03472,0.07335,0.03098,0.00802,1145896.95,Bistro,8,Deferred + prepass,16,0.5,16,132,18,M16_D0.5,"16 bins
M16, D0.5",18,,,,,
2040,0.15376,0.03173,0.07091,0.03087,0.00801,833803.5,Bistro,8,Deferred + prepass,16,0.5,16,132,18,M16_D0.5,"16 bins
M16, D0.5",18,,,,,
2100,0.14762,0.02926,0.06721,0.03087,0.008,724541.55,Bistro,8,Deferred + prepass,16,0.5,16,132,18,M16_D0.5,"16 bins
M16, D0.5",18,,,,,
2160,0.14269,0.02593,0.06455,0.03087,0.00801,651558.7,Bistro,8,Deferred + prepass,16,0.5,16,132,18,M16_D0.5,"16 bins
M16, D0.5",18,,,,,
2220,0.13813,0.02234,0.06484,0.03083,0.00801,606690.35,Bistro,8,Deferred + prepass,16,0.5,16,132,18,M16_D0.5,"16 bins
M16, D0.5",18,,,,,
2280,0.10141,0.01328,0.0373,0.03103,0.00794,387407.3,Bistro,8,Deferred + prepass,16,0.5,16,132,18,M16_D0.5,"16 bins
M16, D0.5",18,,,,,
2340,0.18056,0.05006,0.0767,0.03185,0.00862,2264677.55,Bistro,8,Deferred + prepass,16,0.5,16,132,18,M16_D0.5,"16 bins
M16, D0.5",18,,,,,
2400,0.27204,0.09133,0.12538,0.03263,0.0089,3983123.9,Bistro,8,Deferred + prepass,16,0.5,16,132,18,M16_D0.5,"16 bins
M16, D0.5",18,,,,,
2460,0.2824,0.09624,0.13074,0.03258,0.00883,4233659.5,Bistro,8,Deferred + prepass,16,0.5,16,132,18,M16_D0.5,"16 bins
M16, D0.5",18,,,,,
2520,0.2573,0.08503,0.1171,0.03257,0.00883,3774183.4,Bistro,8,Deferred + prepass,16,0.5,16,132,18,M16_D0.5,"16 bins
M16, D0.5",18,,,,,
2580,0.22748,0.07879,0.09351,0.03231,0.00887,2738790.2,Bistro,8,Deferred + prepass,16,0.5,16,132,18,M16_D0.5,"16 bins
M16, D0.5",18,,,,,
2640,0.21109,0.07031,0.08605,0.03198,0.00885,2234217.4,Bistro,8,Deferred + prepass,16,0.5,16,132,18,M16_D0.5,"16 bins
M16, D0.5",18,,,,,
2700,0.1934,0.05428,0.08496,0.03152,0.00873,1876452.05,Bistro,8,Deferred + prepass,16,0.5,16,132,18,M16_D0.5,"16 bins
M16, D0.5",18,,,,,
2760,0.18168,0.0456,0.08274,0.03126,0.00869,1554160.7,Bistro,8,Deferred + prepass,16,0.5,16,132,18,M16_D0.5,"16 bins
M16, D0.5",18,,,,,
2820,0.18122,0.04742,0.08042,0.03124,0.00852,1444209.8,Bistro,8,Deferred + prepass,16,0.5,16,132,18,M16_D0.5,"16 bins
M16, D0.5",18,,,,,
2880,0.16107,0.04105,0.0668,0.03136,0.00849,1270269.5,Bistro,8,Deferred + prepass,16,0.5,16,132,18,M16_D0.5,"16 bins
M16, D0.5",18,,,,,
2940,0.15092,0.03417,0.06406,0.03129,0.00846,1185182.6,Bistro,8,Deferred + prepass,16,0.5,16,132,18,M16_D0.5,"16 bins
M16, D0.5",18,,,,,
3000,0.26122,0.08468,0.11951,0.03217,0.00873,3737532.35,Bistro,8,Deferred + prepass,16,0.5,16,132,18,M16_D0.5,"16 bins
M16, D0.5",18,,,,,
3060,0.34141,0.12088,0.16268,0.0326,0.00893,5419981.65,Bistro,8,Deferred + prepass,16,0.5,16,132,18,M16_D0.5,"16 bins
M16, D0.5",18,,,,,
3120,0.33632,0.11928,0.1615,0.03264,0.00891,5328916.45,Bistro,8,Deferred + prepass,16,0.5,16,132,18,M16_D0.5,"16 bins
M16, D0.5",18,,,,,
3180,0.32705,0.11524,0.15657,0.03267,0.00887,4942521.95,Bistro,8,Deferred + prepass,16,0.5,16,132,18,M16_D0.5,"16 bins
M16, D0.5",18,,,,,
3240,0.29459,0.10212,0.13696,0.03261,0.00892,4355188.5,Bistro,8,Deferred + prepass,16,0.5,16,132,18,M16_D0.5,"16 bins
M16, D0.5",18,,,,,
3300,0.27394,0.094,0.12501,0.03249,0.00886,3918437.6,Bistro,8,Deferred + prepass,16,0.5,16,132,18,M16_D0.5,"16 bins
M16, D0.5",18,,,,,
3360,0.25308,0.08334,0.11473,0.03238,0.00881,3488605.15,Bistro,8,Deferred + prepass,16,0.5,16,132,18,M16_D0.5,"16 bins
M16, D0.5",18,,,,,
3420,0.23707,0.07756,0.10461,0.03207,0.00886,3070083.2,Bistro,8,Deferred + prepass,16,0.5,16,132,18,M16_D0.5,"16 bins
M16, D0.5",18,,,,,
3480,0.23043,0.07639,0.09888,0.03185,0.00878,2804740.95,Bistro,8,Deferred + prepass,16,0.5,16,132,18,M16_D0.5,"16 bins
M16, D0.5",18,,,,,
3540,0.21677,0.06953,0.09316,0.03159,0.00883,2554279.0,Bistro,8,Deferred + prepass,16,0.5,16,132,18,M16_D0.5,"16 bins
M16, D0.5",18,,,,,
3600,0.2106,0.06773,0.0887,0.03174,0.00867,2404749.2,Bistro,8,Deferred + prepass,16,0.5,16,132,18,M16_D0.5,"16 bins
M16, D0.5",18,,,,,
3660,0.20366,0.06613,0.08346,0.03202,0.00851,2364661.4,Bistro,8,Deferred + prepass,16,0.5,16,132,18,M16_D0.5,"16 bins
M16, D0.5",18,,,,,
3720,0.20296,0.06136,0.08791,0.03175,0.00838,2323845.85,Bistro,8,Deferred + prepass,16,0.5,16,132,18,M16_D0.5,"16 bins
M16, D0.5",18,,,,,
3780,0.20193,0.06203,0.0864,0.03157,0.00842,2171285.25,Bistro,8,Deferred + prepass,16,0.5,16,132,18,M16_D0.5,"16 bins
M16, D0.5",18,,,,,
3840,0.19408,0.05846,0.08259,0.03155,0.00833,2069926.1,Bistro,8,Deferred + prepass,16,0.5,16,132,18,M16_D0.5,"16 bins
M16, D0.5",18,,,,,
3900,0.1819,0.05074,0.07854,0.0314,0.00831,1706132.85,Bistro,8,Deferred + prepass,16,0.5,16,132,18,M16_D0.5,"16 bins
M16, D0.5",18,,,,,
3960,0.17747,0.04467,0.08093,0.03104,0.00821,1310622.9,Bistro,8,Deferred + prepass,16,0.5,16,132,18,M16_D0.5,"16 bins
M16, D0.5",18,,,,,
4020,0.17226,0.03958,0.08083,0.03106,0.00809,1119696.9,Bistro,8,Deferred + prepass,16,0.5,16,132,18,M16_D0.5,"16 bins
M16, D0.5",18,,,,,
4080,0.17678,0.04331,0.08211,0.03097,0.00822,958432.85,Bistro,8,Deferred + prepass,16,0.5,16,132,18,M16_D0.5,"16 bins
M16, D0.5",18,,,,,
4140,0.16544,0.03603,0.07849,0.03089,0.00795,891260.8,Bistro,8,Deferred + prepass,16,0.5,16,132,18,M16_D0.5,"16 bins
M16, D0.5",18,,,,,
4200,0.1473,0.02786,0.06859,0.03083,0.00798,795127.2,Bistro,8,Deferred + prepass,16,0.5,16,132,18,M16_D0.5,"16 bins
M16, D0.5",18,,,,,
4260,0.18689,0.05331,0.08094,0.03154,0.00814,2716290.05,Bistro,8,Deferred + prepass,16,0.5,16,132,18,M16_D0.5,"16 bins
M16, D0.5",18,,,,,
4320,0.43895,0.1692,0.21389,0.0326,0.00878,7242797.15,Bistro,8,Deferred + prepass,16,0.5,16,132,18,M16_D0.5,"16 bins
M16, D0.5",18,,,,,
4380,0.38596,0.14493,0.18618,0.03248,0.00859,6033148.0,Bistro,8,Deferred + prepass,16,0.5,16,132,18,M16_D0.5,"16 bins
M16, D0.5",18,,,,,
4440,0.12707,0.02032,0.05591,0.03115,0.00786,867288.75,Bistro,8,Deferred + prepass,16,0.5,16,132,18,M16_D0.5,"16 bins
M16, D0.5",18,,,,,
4500,0.14117,0.02369,0.06672,0.03079,0.00792,698827.95,Bistro,8,Deferred + prepass,16,0.5,16,132,18,M16_D0.5,"16 bins
M16, D0.5",18,,,,,
4560,0.13522,0.02284,0.06034,0.03085,0.00782,684012.3,Bistro,8,Deferred + prepass,16,0.5,16,132,18,M16_D0.5,"16 bins
M16, D0.5",18,,,,,
4620,0.1373,0.02681,0.05973,0.03099,0.00787,872447.4,Bistro,8,Deferred + prepass,16,0.5,16,132,18,M16_D0.5,"16 bins
M16, D0.5",18,,,,,
4680,0.19417,0.05509,0.08581,0.03151,0.00851,2415162.35,Bistro,8,Deferred + prepass,16,0.5,16,132,18,M16_D0.5,"16 bins
M16, D0.5",18,,,,,
4740,0.30137,0.1057,0.14058,0.03234,0.00869,5264990.15,Bistro,8,Deferred + prepass,16,0.5,16,132,18,M16_D0.5,"16 bins
M16, D0.5",18,,,,,
4800,0.42512,0.16606,0.20356,0.03233,0.00894,7605016.1,Bistro,8,Deferred + prepass,16,0.5,16,132,18,M16_D0.5,"16 bins
M16, D0.5",18,,,,,
4860,0.41848,0.1647,0.19799,0.0322,0.00911,7298187.05,Bistro,8,Deferred + prepass,16,0.5,16,132,18,M16_D0.5,"16 bins
M16, D0.5",18,,,,,
4920,0.42295,0.16673,0.20064,0.03221,0.00908,7437915.15,Bistro,8,Deferred + prepass,16,0.5,16,132,18,M16_D0.5,"16 bins
M16, D0.5",18,,,,,
4980,0.45588,0.18081,0.21945,0.0323,0.00906,8149009.9,Bistro,8,Deferred + prepass,16,0.5,16,132,18,M16_D0.5,"16 bins
M16, D0.5",18,,,,,
5040,0.34989,0.13259,0.16284,0.03209,0.0086,5907876.05,Bistro,8,Deferred + prepass,16,0.5,16,132,18,M16_D0.5,"16 bins
M16, D0.5",18,,,,,
5100,0.38286,0.14764,0.18008,0.03216,0.00868,6713387.25,Bistro,8,Deferred + prepass,16,0.5,16,132,18,M16_D0.5,"16 bins
M16, D0.5",18,,,,,
5160,0.47407,0.18937,0.2291,0.03253,0.00861,8461629.95,Bistro,8,Deferred + prepass,16,0.5,16,132,18,M16_D0.5,"16 bins
M16, D0.5",18,,,,,
5220,0.47955,0.19298,0.23105,0.03248,0.00871,8496360.0,Bistro,8,Deferred + prepass,16,0.5,16,132,18,M16_D0.5,"16 bins
M16, D0.5",18,,,,,
5280,0.47282,0.18967,0.22791,0.03224,0.00877,8448473.2,Bistro,8,Deferred + prepass,16,0.5,16,132,18,M16_D0.5,"16 bins
M16, D0.5",18,,,,,
5340,0.37828,0.14704,0.17658,0.03176,0.0088,6607069.85,Bistro,8,Deferred + prepass,16,0.5,16,132,18,M16_D0.5,"16 bins
M16, D0.5",18,,,,,
5400,0.09467,0.02097,0.02228,0.03105,0.00795,1056943.5,Bistro,8,Deferred + prepass,16,0.5,16,132,18,M16_D0.5,"16 bins
M16, D0.5",18,,,,,
5460,0.0644,0.0072,0.00605,0.03096,0.00772,344217.0,Bistro,8,Deferred + prepass,16,0.5,16,132,18,M16_D0.5,"16 bins
M16, D0.5",18,,,,,
0,0.30768,,,0.03261,0.00937,3553381.35,Bistro,9,Visibility + G-buffer,16,0.5,16,132,18,M16_D0.5,"16 bins
M16, D0.5",19,0.14332,0.01176,0.00213,0.01363,0.06371
60,0.3322,,,0.03265,0.00972,3662944.3,Bistro,9,Visibility + G-buffer,16,0.5,16,132,18,M16_D0.5,"16 bins
M16, D0.5",19,0.15048,0.01223,0.0021,0.0146,0.07855
120,0.30251,,,0.03284,0.00962,2176008.0,Bistro,9,Visibility + G-buffer,16,0.5,16,132,18,M16_D0.5,"16 bins
M16, D0.5",19,0.10302,0.01296,0.00211,0.01634,0.09478
180,0.27773,,,0.03299,0.00909,1760027.75,Bistro,9,Visibility + G-buffer,16,0.5,16,132,18,M16_D0.5,"16 bins
M16, D0.5",19,0.08129,0.01253,0.0021,0.01606,0.09285
240,0.33329,,,0.0332,0.00973,2911562.3,Bistro,9,Visibility + G-buffer,16,0.5,16,132,18,M16_D0.5,"16 bins
M16, D0.5",19,0.12769,0.01304,0.00211,0.0165,0.10035
300,0.35121,,,0.03322,0.00984,3211259.3,Bistro,9,Visibility + G-buffer,16,0.5,16,132,18,M16_D0.5,"16 bins
M16, D0.5",19,0.14344,0.01331,0.00211,0.01668,0.10128
360,0.35165,,,0.03341,0.01004,3197534.35,Bistro,9,Visibility + G-buffer,16,0.5,16,132,18,M16_D0.5,"16 bins
M16, D0.5",19,0.14278,0.01368,0.00211,0.01698,0.10047
420,0.29988,,,0.03327,0.00993,2080022.75,Bistro,9,Visibility + G-buffer,16,0.5,16,132,18,M16_D0.5,"16 bins
M16, D0.5",19,0.09733,0.01306,0.00211,0.01671,0.09513
480,0.30071,,,0.03296,0.00923,2143202.1,Bistro,9,Visibility + G-buffer,16,0.5,16,132,18,M16_D0.5,"16 bins
M16, D0.5",19,0.09934,0.0132,0.00212,0.01679,0.09551
540,0.3256,,,0.0328,0.00962,2652802.15,Bistro,9,Visibility + G-buffer,16,0.5,16,132,18,M16_D0.5,"16 bins
M16, D0.5",19,0.12254,0.01311,0.00211,0.01639,0.09789
600,0.33255,,,0.03263,0.00956,2718203.4,Bistro,9,Visibility + G-buffer,16,0.5,16,132,18,M16_D0.5,"16 bins
M16, D0.5",19,0.13186,0.01328,0.00211,0.01622,0.09585
660,0.27264,,,0.03255,0.00917,1551084.95,Bistro,9,Visibility + G-buffer,16,0.5,16,132,18,M16_D0.5,"16 bins
M16, D0.5",19,0.07305,0.01257,0.00212,0.01632,0.09564
720,0.31339,,,0.03295,0.00926,2455791.85,Bistro,9,Visibility + G-buffer,16,0.5,16,132,18,M16_D0.5,"16 bins
M16, D0.5",19,0.11285,0.01237,0.0021,0.0161,0.09689
780,0.29529,,,0.03281,0.00916,2049572.45,Bistro,9,Visibility + G-buffer,16,0.5,16,132,18,M16_D0.5,"16 bins
M16, D0.5",19,0.10201,0.01174,0.00211,0.01568,0.09009
840,0.23847,,,0.03266,0.00895,904159.35,Bistro,9,Visibility + G-buffer,16,0.5,16,132,18,M16_D0.5,"16 bins
M16, D0.5",19,0.05235,0.01126,0.00211,0.01539,0.0843
900,0.32128,,,0.03324,0.00966,2916661.7,Bistro,9,Visibility + G-buffer,16,0.5,16,132,18,M16_D0.5,"16 bins
M16, D0.5",19,0.13185,0.01172,0.00212,0.01524,0.08501
960,0.36412,,,0.03333,0.01023,3578981.25,Bistro,9,Visibility + G-buffer,16,0.5,16,132,18,M16_D0.5,"16 bins
M16, D0.5",19,0.15683,0.01341,0.00211,0.01659,0.10097
1020,0.33155,,,0.03338,0.00967,2767377.4,Bistro,9,Visibility + G-buffer,16,0.5,16,132,18,M16_D0.5,"16 bins
M16, D0.5",19,0.12327,0.01346,0.00211,0.01667,0.10179
1080,0.3143,,,0.03345,0.00995,2271770.15,Bistro,9,Visibility + G-buffer,16,0.5,16,132,18,M16_D0.5,"16 bins
M16, D0.5",19,0.10679,0.01338,0.0021,0.01668,0.10064
1140,0.34849,,,0.03347,0.01012,2903832.2,Bistro,9,Visibility + G-buffer,16,0.5,16,132,18,M16_D0.5,"16 bins
M16, D0.5",19,0.13763,0.01399,0.0021,0.01713,0.10228
1200,0.33077,,,0.03328,0.0102,2424988.15,Bistro,9,Visibility + G-buffer,16,0.5,16,132,18,M16_D0.5,"16 bins
M16, D0.5",19,0.1178,0.01432,0.0021,0.01745,0.1031
1260,0.30887,,,0.03313,0.00987,2026572.1,Bistro,9,Visibility + G-buffer,16,0.5,16,132,18,M16_D0.5,"16 bins
M16, D0.5",19,0.10048,0.01379,0.0021,0.01708,0.10055
1320,0.31678,,,0.03353,0.0097,2301510.5,Bistro,9,Visibility + G-buffer,16,0.5,16,132,18,M16_D0.5,"16 bins
M16, D0.5",19,0.11007,0.01356,0.00211,0.01687,0.09877
1380,0.32283,,,0.03339,0.01,2404923.35,Bistro,9,Visibility + G-buffer,16,0.5,16,132,18,M16_D0.5,"16 bins
M16, D0.5",19,0.11274,0.01386,0.0021,0.01712,0.1014
1440,0.34482,,,0.03323,0.01022,2983851.65,Bistro,9,Visibility + G-buffer,16,0.5,16,132,18,M16_D0.5,"16 bins
M16, D0.5",19,0.12915,0.01441,0.00211,0.01759,0.10614
1500,0.46507,,,0.03359,0.01024,5965339.5,Bistro,9,Visibility + G-buffer,16,0.5,16,132,18,M16_D0.5,"16 bins
M16, D0.5",19,0.2442,0.01507,0.00211,0.01779,0.10707
1560,0.48444,,,0.03356,0.01031,6425388.5,Bistro,9,Visibility + G-buffer,16,0.5,16,132,18,M16_D0.5,"16 bins
M16, D0.5",19,0.27071,0.01446,0.00211,0.01718,0.10355
1620,0.48295,,,0.03354,0.01026,6351675.3,Bistro,9,Visibility + G-buffer,16,0.5,16,132,18,M16_D0.5,"16 bins
M16, D0.5",19,0.26563,0.01517,0.00212,0.01783,0.10614
1680,0.37688,,,0.03331,0.01023,3853289.1,Bistro,9,Visibility + G-buffer,16,0.5,16,132,18,M16_D0.5,"16 bins
M16, D0.5",19,0.16713,0.01427,0.00211,0.01724,0.10094
1740,0.28971,,,0.03281,0.01007,1807302.25,Bistro,9,Visibility + G-buffer,16,0.5,16,132,18,M16_D0.5,"16 bins
M16, D0.5",19,0.08091,0.01354,0.00212,0.01683,0.10064
1800,0.28134,,,0.03279,0.01011,1503980.35,Bistro,9,Visibility + G-buffer,16,0.5,16,132,18,M16_D0.5,"16 bins
M16, D0.5",19,0.07368,0.01362,0.00211,0.01703,0.1003
1860,0.2736,,,0.03294,0.01012,1304820.9,Bistro,9,Visibility + G-buffer,16,0.5,16,132,18,M16_D0.5,"16 bins
M16, D0.5",19,0.06721,0.01368,0.00211,0.01713,0.09824
1920,0.27178,,,0.03283,0.01014,1271388.55,Bistro,9,Visibility + G-buffer,16,0.5,16,132,18,M16_D0.5,"16 bins
M16, D0.5",19,0.06524,0.01358,0.00211,0.01716,0.09903
1980,0.26647,,,0.0326,0.01016,1145896.95,Bistro,9,Visibility + G-buffer,16,0.5,16,132,18,M16_D0.5,"16 bins
M16, D0.5",19,0.06003,0.01344,0.00211,0.01692,0.09946
2040,0.25367,,,0.03243,0.01015,833803.5,Bistro,9,Visibility + G-buffer,16,0.5,16,132,18,M16_D0.5,"16 bins
M16, D0.5",19,0.05081,0.0129,0.00212,0.01662,0.09798
2100,0.24679,,,0.03234,0.01009,724541.55,Bistro,9,Visibility + G-buffer,16,0.5,16,132,18,M16_D0.5,"16 bins
M16, D0.5",19,0.04655,0.01268,0.00211,0.0165,0.09579
2160,0.24218,,,0.03223,0.00982,651558.7,Bistro,9,Visibility + G-buffer,16,0.5,16,132,18,M16_D0.5,"16 bins
M16, D0.5",19,0.04392,0.0125,0.00212,0.01634,0.0945
2220,0.23634,,,0.03238,0.00977,606690.35,Bistro,9,Visibility + G-buffer,16,0.5,16,132,18,M16_D0.5,"16 bins
M16, D0.5",19,0.04141,0.01215,0.00211,0.0159,0.09146
2280,0.17893,,,0.03216,0.00813,387407.3,Bistro,9,Visibility + G-buffer,16,0.5,16,132,18,M16_D0.5,"16 bins
M16, D0.5",19,0.02467,0.01012,0.00199,0.01308,0.05791
2340,0.29246,,,0.03305,0.00947,2264677.55,Bistro,9,Visibility + G-buffer,16,0.5,16,132,18,M16_D0.5,"16 bins
M16, D0.5",19,0.10622,0.01193,0.00207,0.01507,0.08385
2400,0.38885,,,0.03358,0.01014,3983123.9,Bistro,9,Visibility + G-buffer,16,0.5,16,132,18,M16_D0.5,"16 bins
M16, D0.5",19,0.18009,0.01368,0.00211,0.01677,0.10051
2460,0.40038,,,0.03365,0.01021,4233659.5,Bistro,9,Visibility + G-buffer,16,0.5,16,132,18,M16_D0.5,"16 bins
M16, D0.5",19,0.19068,0.01384,0.00211,0.01705,0.10115
2520,0.37956,,,0.03345,0.01019,3774183.4,Bistro,9,Visibility + G-buffer,16,0.5,16,132,18,M16_D0.5,"16 bins
M16, D0.5",19,0.16869,0.01378,0.00212,0.01699,0.10252
2580,0.33987,,,0.03339,0.00965,2738790.2,Bistro,9,Visibility + G-buffer,16,0.5,16,132,18,M16_D0.5,"16 bins
M16, D0.5",19,0.13487,0.01318,0.00212,0.01647,0.09922
2640,0.31625,,,0.03327,0.00969,2234217.4,Bistro,9,Visibility + G-buffer,16,0.5,16,132,18,M16_D0.5,"16 bins
M16, D0.5",19,0.11293,0.01304,0.00211,0.01643,0.09826
2700,0.2975,,,0.03318,0.00957,1876452.05,Bistro,9,Visibility + G-buffer,16,0.5,16,132,18,M16_D0.5,"16 bins
M16, D0.5",19,0.09329,0.01316,0.00211,0.01663,0.09848
2760,0.28023,,,0.03308,0.00928,1554160.7,Bistro,9,Visibility + G-buffer,16,0.5,16,132,18,M16_D0.5,"16 bins
M16, D0.5",19,0.07872,0.0128,0.00211,0.01648,0.09723
2820,0.27488,,,0.03309,0.00943,1444209.8,Bistro,9,Visibility + G-buffer,16,0.5,16,132,18,M16_D0.5,"16 bins
M16, D0.5",19,0.07353,0.01271,0.00211,0.01638,0.09732
2880,0.26639,,,0.03283,0.009,1270269.5,Bistro,9,Visibility + G-buffer,16,0.5,16,132,18,M16_D0.5,"16 bins
M16, D0.5",19,0.06825,0.01232,0.00211,0.01607,0.09494
2940,0.25731,,,0.03267,0.00911,1185182.6,Bistro,9,Visibility + G-buffer,16,0.5,16,132,18,M16_D0.5,"16 bins
M16, D0.5",19,0.06008,0.01254,0.0021,0.01616,0.09376
3000,0.35767,,,0.03322,0.00975,3737532.35,Bistro,9,Visibility + G-buffer,16,0.5,16,132,18,M16_D0.5,"16 bins
M16, D0.5",19,0.15834,0.01283,0.0021,0.0159,0.09399
3060,0.43566,,,0.03371,0.01028,5419981.65,Bistro,9,Visibility + G-buffer,16,0.5,16,132,18,M16_D0.5,"16 bins
M16, D0.5",19,0.22558,0.01373,0.0021,0.01665,0.10166
3120,0.43568,,,0.03368,0.01024,5328916.45,Bistro,9,Visibility + G-buffer,16,0.5,16,132,18,M16_D0.5,"16 bins
M16, D0.5",19,0.22212,0.01429,0.00211,0.01729,0.10419
3180,0.42361,,,0.03362,0.01027,4942521.95,Bistro,9,Visibility + G-buffer,16,0.5,16,132,18,M16_D0.5,"16 bins
M16, D0.5",19,0.20986,0.01425,0.00211,0.01738,0.10442
3240,0.40057,,,0.03352,0.01022,4355188.5,Bistro,9,Visibility + G-buffer,16,0.5,16,132,18,M16_D0.5,"16 bins
M16, D0.5",19,0.18765,0.01426,0.0021,0.01735,0.1038
3300,0.38237,,,0.03352,0.01019,3918437.6,Bistro,9,Visibility + G-buffer,16,0.5,16,132,18,M16_D0.5,"16 bins
M16, D0.5",19,0.1702,0.0143,0.00211,0.0174,0.10313
3360,0.36395,,,0.03354,0.01022,3488605.15,Bistro,9,Visibility + G-buffer,16,0.5,16,132,18,M16_D0.5,"16 bins
M16, D0.5",19,0.15345,0.01406,0.00211,0.01738,0.10171
3420,0.34715,,,0.03344,0.01007,3070083.2,Bistro,9,Visibility + G-buffer,16,0.5,16,132,18,M16_D0.5,"16 bins
M16, D0.5",19,0.13807,0.01378,0.00211,0.01704,0.09999
3480,0.33176,,,0.03336,0.0101,2804740.95,Bistro,9,Visibility + G-buffer,16,0.5,16,132,18,M16_D0.5,"16 bins
M16, D0.5",19,0.1281,0.01311,0.00211,0.01667,0.09681
3540,0.31802,,,0.03333,0.01007,2554279.0,Bistro,9,Visibility + G-buffer,16,0.5,16,132,18,M16_D0.5,"16 bins
M16, D0.5",19,0.12028,0.0122,0.00212,0.01596,0.09274
3600,0.3159,,,0.03327,0.01006,2404749.2,Bistro,9,Visibility + G-buffer,16,0.5,16,132,18,M16_D0.5,"16 bins
M16, D0.5",19,0.1154,0.01226,0.00211,0.01605,0.09552
3660,0.31096,,,0.03324,0.01006,2364661.4,Bistro,9,Visibility + G-buffer,16,0.5,16,132,18,M16_D0.5,"16 bins
M16, D0.5",19,0.11024,0.01263,0.00211,0.01623,0.0955
3720,0.30421,,,0.03317,0.01002,2323845.85,Bistro,9,Visibility + G-buffer,16,0.5,16,132,18,M16_D0.5,"16 bins
M16, D0.5",19,0.10385,0.01303,0.00211,0.01643,0.09479
3780,0.29252,,,0.03304,0.00972,2171285.25,Bistro,9,Visibility + G-buffer,16,0.5,16,132,18,M16_D0.5,"16 bins
M16, D0.5",19,0.09758,0.01257,0.00211,0.016,0.09001
3840,0.28004,,,0.03304,0.00903,2069926.1,Bistro,9,Visibility + G-buffer,16,0.5,16,132,18,M16_D0.5,"16 bins
M16, D0.5",19,0.09121,0.01213,0.00211,0.01571,0.08566
3900,0.26017,,,0.03315,0.00904,1706132.85,Bistro,9,Visibility + G-buffer,16,0.5,16,132,18,M16_D0.5,"16 bins
M16, D0.5",19,0.07548,0.01215,0.00211,0.01565,0.08114
3960,0.25124,,,0.03285,0.00901,1310622.9,Bistro,9,Visibility + G-buffer,16,0.5,16,132,18,M16_D0.5,"16 bins
M16, D0.5",19,0.06341,0.01249,0.00212,0.01594,0.08412
4020,0.24722,,,0.03285,0.00915,1119696.9,Bistro,9,Visibility + G-buffer,16,0.5,16,132,18,M16_D0.5,"16 bins
M16, D0.5",19,0.05802,0.01274,0.00213,0.01627,0.08532
4080,0.24922,,,0.03285,0.00949,958432.85,Bistro,9,Visibility + G-buffer,16,0.5,16,132,18,M16_D0.5,"16 bins
M16, D0.5",19,0.05732,0.01261,0.00212,0.01636,0.08707
4140,0.23611,,,0.03287,0.00905,891260.8,Bistro,9,Visibility + G-buffer,16,0.5,16,132,18,M16_D0.5,"16 bins
M16, D0.5",19,0.05049,0.01218,0.00213,0.01595,0.08188
4200,0.2145,,,0.03297,0.00887,795127.2,Bistro,9,Visibility + G-buffer,16,0.5,16,132,18,M16_D0.5,"16 bins
M16, D0.5",19,0.03822,0.01144,0.00212,0.01498,0.07426
4260,0.26635,,,0.03252,0.00877,2716290.05,Bistro,9,Visibility + G-buffer,16,0.5,16,132,18,M16_D0.5,"16 bins
M16, D0.5",19,0.10561,0.01135,0.00209,0.01409,0.06027
4320,0.52378,,,0.0338,0.01019,7242797.15,Bistro,9,Visibility + G-buffer,16,0.5,16,132,18,M16_D0.5,"16 bins
M16, D0.5",19,0.31852,0.01406,0.00211,0.01648,0.09427
4380,0.47114,,,0.03358,0.01001,6033148.0,Bistro,9,Visibility + G-buffer,16,0.5,16,132,18,M16_D0.5,"16 bins
M16, D0.5",19,0.27117,0.01349,0.00211,0.01615,0.09034
4440,0.21987,,,0.03281,0.00898,867288.75,Bistro,9,Visibility + G-buffer,16,0.5,16,132,18,M16_D0.5,"16 bins
M16, D0.5",19,0.03915,0.01144,0.00212,0.01518,0.07743
4500,0.21794,,,0.0329,0.00888,698827.95,Bistro,9,Visibility + G-buffer,16,0.5,16,132,18,M16_D0.5,"16 bins
M16, D0.5",19,0.0361,0.01151,0.00213,0.01531,0.07961
4560,0.20388,,,0.03295,0.00842,684012.3,Bistro,9,Visibility + G-buffer,16,0.5,16,132,18,M16_D0.5,"16 bins
M16, D0.5",19,0.03184,0.01113,0.00213,0.01468,0.07153
4620,0.22046,,,0.03274,0.00934,872447.4,Bistro,9,Visibility + G-buffer,16,0.5,16,132,18,M16_D0.5,"16 bins
M16, D0.5",19,0.0395,0.01157,0.00212,0.01504,0.07871
4680,0.28646,,,0.03304,0.00951,2415162.35,Bistro,9,Visibility + G-buffer,16,0.5,16,132,18,M16_D0.5,"16 bins
M16, D0.5",19,0.10059,0.01239,0.00211,0.01543,0.08145
4740,0.40585,,,0.03347,0.01004,5264990.15,Bistro,9,Visibility + G-buffer,16,0.5,16,132,18,M16_D0.5,"16 bins
M16, D0.5",19,0.22362,0.01274,0.0021,0.015,0.07635
4800,0.49823,,,0.03347,0.01035,7605016.1,Bistro,9,Visibility + G-buffer,16,0.5,16,132,18,M16_D0.5,"16 bins
M16, D0.5",19,0.3216,0.01252,0.00211,0.01454,0.07111
4860,0.47981,,,0.03305,0.01049,7298187.05,Bistro,9,Visibility + G-buffer,16,0.5,16,132,18,M16_D0.5,"16 bins
M16, D0.5",19,0.31202,0.01231,0.0021,0.01406,0.06397
4920,0.48284,,,0.03293,0.01051,7437915.15,Bistro,9,Visibility + G-buffer,16,0.5,16,132,18,M16_D0.5,"16 bins
M16, D0.5",19,0.31727,0.0122,0.00211,0.01388,0.0621
4980,0.51743,,,0.03322,0.01051,8149009.9,Bistro,9,Visibility + G-buffer,16,0.5,16,132,18,M16_D0.5,"16 bins
M16, D0.5",19,0.34582,0.01249,0.00211,0.01428,0.06681
5040,0.42865,,,0.03315,0.00979,5907876.05,Bistro,9,Visibility + G-buffer,16,0.5,16,132,18,M16_D0.5,"16 bins
M16, D0.5",19,0.25525,0.012,0.0021,0.01436,0.07023
5100,0.45115,,,0.03311,0.00973,6713387.25,Bistro,9,Visibility + G-buffer,16,0.5,16,132,18,M16_D0.5,"16 bins
M16, D0.5",19,0.28145,0.01193,0.00211,0.0142,0.06736
5160,0.5328,,,0.03336,0.01001,8461629.95,Bistro,9,Visibility + G-buffer,16,0.5,16,132,18,M16_D0.5,"16 bins
M16, D0.5",19,0.36118,0.01223,0.00212,0.01429,0.0678
5220,0.53295,,,0.03317,0.01016,8496360.0,Bistro,9,Visibility + G-buffer,16,0.5,16,132,18,M16_D0.5,"16 bins
M16, D0.5",19,0.36249,0.01214,0.00211,0.0142,0.06638
5280,0.52053,,,0.03295,0.01019,8448473.2,Bistro,9,Visibility + G-buffer,16,0.5,16,132,18,M16_D0.5,"16 bins
M16, D0.5",19,0.353,0.01194,0.00213,0.01371,0.06111
5340,0.42746,,,0.03163,0.01022,6607069.85,Bistro,9,Visibility + G-buffer,16,0.5,16,132,18,M16_D0.5,"16 bins
M16, D0.5",19,0.27985,0.01103,0.00211,0.01251,0.04803
5400,0.15383,,,0.03057,0.00799,1056943.5,Bistro,9,Visibility + G-buffer,16,0.5,16,132,18,M16_D0.5,"16 bins
M16, D0.5",19,0.03618,0.00857,0.00197,0.01002,0.02749
5460,0.12276,,,0.03064,0.00767,344217.0,Bistro,9,Visibility + G-buffer,16,0.5,16,132,18,M16_D0.5,"16 bins
M16, D0.5",19,0.01155,0.00799,0.00193,0.00923,0.02226
0,0.20092,0.06462,0.08243,0.03194,0.00857,3553381.35,Bistro,8,Deferred + prepass,64,0.0,64,132,20,M64_D0,"64 bins
M64, D0",20,,,,,
60,0.21904,0.0699,0.09366,0.03299,0.00884,3662944.3,Bistro,8,Deferred + prepass,64,0.0,64,132,20,M64_D0,"64 bins
M64, D0",20,,,,,
120,0.1841,0.05013,0.0814,0.03155,0.00818,2176008.0,Bistro,8,Deferred + prepass,64,0.0,64,132,20,M64_D0,"64 bins
M64, D0",20,,,,,
180,0.14681,0.03195,0.06223,0.03155,0.00839,1760027.75,Bistro,8,Deferred + prepass,64,0.0,64,132,20,M64_D0,"64 bins
M64, D0",20,,,,,
240,0.21499,0.06701,0.09359,0.03233,0.00856,2911562.3,Bistro,8,Deferred + prepass,64,0.0,64,132,20,M64_D0,"64 bins
M64, D0",20,,,,,
300,0.24392,0.08291,0.10614,0.03232,0.00861,3211259.3,Bistro,8,Deferred + prepass,64,0.0,64,132,20,M64_D0,"64 bins
M64, D0",20,,,,,
360,0.24071,0.08053,0.10532,0.03215,0.00858,3197534.35,Bistro,8,Deferred + prepass,64,0.0,64,132,20,M64_D0,"64 bins
M64, D0",20,,,,,
420,0.18699,0.05135,0.08297,0.03158,0.00811,2080022.75,Bistro,8,Deferred + prepass,64,0.0,64,132,20,M64_D0,"64 bins
M64, D0",20,,,,,
480,0.19564,0.05654,0.08628,0.03136,0.00822,2143202.1,Bistro,8,Deferred + prepass,64,0.0,64,132,20,M64_D0,"64 bins
M64, D0",20,,,,,
540,0.20841,0.06346,0.09139,0.03159,0.00846,2652802.15,Bistro,8,Deferred + prepass,64,0.0,64,132,20,M64_D0,"64 bins
M64, D0",20,,,,,
600,0.21271,0.0662,0.09359,0.03137,0.0084,2718203.4,Bistro,8,Deferred + prepass,64,0.0,64,132,20,M64_D0,"64 bins
M64, D0",20,,,,,
660,0.15065,0.03391,0.0654,0.03109,0.00832,1551084.95,Bistro,8,Deferred + prepass,64,0.0,64,132,20,M64_D0,"64 bins
M64, D0",20,,,,,
720,0.18935,0.05675,0.07864,0.03191,0.00853,2455791.85,Bistro,8,Deferred + prepass,64,0.0,64,132,20,M64_D0,"64 bins
M64, D0",20,,,,,
780,0.18095,0.05383,0.07391,0.03171,0.00839,2049572.45,Bistro,8,Deferred + prepass,64,0.0,64,132,20,M64_D0,"64 bins
M64, D0",20,,,,,
840,0.1222,0.02337,0.04728,0.0314,0.00796,904159.35,Bistro,8,Deferred + prepass,64,0.0,64,132,20,M64_D0,"64 bins
M64, D0",20,,,,,
900,0.1949,0.05639,0.08489,0.03146,0.0084,2916661.7,Bistro,8,Deferred + prepass,64,0.0,64,132,20,M64_D0,"64 bins
M64, D0",20,,,,,
960,0.23662,0.07786,0.10363,0.03225,0.00861,3578981.25,Bistro,8,Deferred + prepass,64,0.0,64,132,20,M64_D0,"64 bins
M64, D0",20,,,,,
1020,0.20819,0.06506,0.08908,0.03224,0.00849,2767377.4,Bistro,8,Deferred + prepass,64,0.0,64,132,20,M64_D0,"64 bins
M64, D0",20,,,,,
1080,0.20599,0.06446,0.08882,0.03186,0.00838,2271770.15,Bistro,8,Deferred + prepass,64,0.0,64,132,20,M64_D0,"64 bins
M64, D0",20,,,,,
1140,0.2301,0.07722,0.0988,0.03225,0.00856,2903832.2,Bistro,8,Deferred + prepass,64,0.0,64,132,20,M64_D0,"64 bins
M64, D0",20,,,,,
1200,0.20643,0.06537,0.08699,0.03205,0.00857,2424988.15,Bistro,8,Deferred + prepass,64,0.0,64,132,20,M64_D0,"64 bins
M64, D0",20,,,,,
1260,0.18887,0.05653,0.07856,0.03187,0.00846,2026572.1,Bistro,8,Deferred + prepass,64,0.0,64,132,20,M64_D0,"64 bins
M64, D0",20,,,,,
1320,0.1967,0.06119,0.08245,0.03185,0.0085,2301510.5,Bistro,8,Deferred + prepass,64,0.0,64,132,20,M64_D0,"64 bins
M64, D0",20,,,,,
1380,0.20135,0.06175,0.08593,0.03185,0.00859,2404923.35,Bistro,8,Deferred + prepass,64,0.0,64,132,20,M64_D0,"64 bins
M64, D0",20,,,,,
1440,0.21393,0.06577,0.0935,0.03226,0.00857,2983851.65,Bistro,8,Deferred + prepass,64,0.0,64,132,20,M64_D0,"64 bins
M64, D0",20,,,,,
1500,0.34446,0.12371,0.16545,0.03263,0.00865,5965339.5,Bistro,8,Deferred + prepass,64,0.0,64,132,20,M64_D0,"64 bins
M64, D0",20,,,,,
1560,0.37352,0.13888,0.17933,0.03249,0.00865,6425388.5,Bistro,8,Deferred + prepass,64,0.0,64,132,20,M64_D0,"64 bins
M64, D0",20,,,,,
1620,0.37296,0.13768,0.18025,0.03228,0.00859,6351675.3,Bistro,8,Deferred + prepass,64,0.0,64,132,20,M64_D0,"64 bins
M64, D0",20,,,,,
1680,0.25756,0.08097,0.12233,0.03183,0.00858,3853289.1,Bistro,8,Deferred + prepass,64,0.0,64,132,20,M64_D0,"64 bins
M64, D0",20,,,,,
1740,0.17425,0.04558,0.0754,0.03143,0.00843,1807302.25,Bistro,8,Deferred + prepass,64,0.0,64,132,20,M64_D0,"64 bins
M64, D0",20,,,,,
1800,0.17216,0.04495,0.07452,0.03128,0.00824,1503980.35,Bistro,8,Deferred + prepass,64,0.0,64,132,20,M64_D0,"64 bins
M64, D0",20,,,,,
1860,0.16839,0.04255,0.07415,0.03118,0.00808,1304820.9,Bistro,8,Deferred + prepass,64,0.0,64,132,20,M64_D0,"64 bins
M64, D0",20,,,,,
1920,0.16475,0.03943,0.07379,0.03115,0.00807,1271388.55,Bistro,8,Deferred + prepass,64,0.0,64,132,20,M64_D0,"64 bins
M64, D0",20,,,,,
1980,0.15986,0.03475,0.07321,0.03107,0.00801,1145896.95,Bistro,8,Deferred + prepass,64,0.0,64,132,20,M64_D0,"64 bins
M64, D0",20,,,,,
2040,0.15332,0.03166,0.07083,0.03074,0.00794,833803.5,Bistro,8,Deferred + prepass,64,0.0,64,132,20,M64_D0,"64 bins
M64, D0",20,,,,,
2100,0.14733,0.02934,0.06758,0.03077,0.00793,724541.55,Bistro,8,Deferred + prepass,64,0.0,64,132,20,M64_D0,"64 bins
M64, D0",20,,,,,
2160,0.14118,0.02592,0.06485,0.03081,0.00794,651558.7,Bistro,8,Deferred + prepass,64,0.0,64,132,20,M64_D0,"64 bins
M64, D0",20,,,,,
2220,0.13836,0.02232,0.06533,0.0308,0.00794,606690.35,Bistro,8,Deferred + prepass,64,0.0,64,132,20,M64_D0,"64 bins
M64, D0",20,,,,,
2280,0.10136,0.01323,0.0374,0.03103,0.00789,387407.3,Bistro,8,Deferred + prepass,64,0.0,64,132,20,M64_D0,"64 bins
M64, D0",20,,,,,
2340,0.17962,0.05023,0.07609,0.03192,0.00837,2264677.55,Bistro,8,Deferred + prepass,64,0.0,64,132,20,M64_D0,"64 bins
M64, D0",20,,,,,
2400,0.27135,0.0918,0.12468,0.0326,0.00856,3983123.9,Bistro,8,Deferred + prepass,64,0.0,64,132,20,M64_D0,"64 bins
M64, D0",20,,,,,
2460,0.27956,0.09609,0.12847,0.03254,0.0086,4233659.5,Bistro,8,Deferred + prepass,64,0.0,64,132,20,M64_D0,"64 bins
M64, D0",20,,,,,
2520,0.25475,0.08513,0.11444,0.0325,0.00851,3774183.4,Bistro,8,Deferred + prepass,64,0.0,64,132,20,M64_D0,"64 bins
M64, D0",20,,,,,
2580,0.22629,0.07932,0.09254,0.03241,0.0087,2738790.2,Bistro,8,Deferred + prepass,64,0.0,64,132,20,M64_D0,"64 bins
M64, D0",20,,,,,
2640,0.20866,0.07074,0.0849,0.03192,0.00845,2234217.4,Bistro,8,Deferred + prepass,64,0.0,64,132,20,M64_D0,"64 bins
M64, D0",20,,,,,
2700,0.19276,0.05462,0.08504,0.03139,0.0083,1876452.05,Bistro,8,Deferred + prepass,64,0.0,64,132,20,M64_D0,"64 bins
M64, D0",20,,,,,
2760,0.18097,0.04592,0.08252,0.03126,0.00841,1554160.7,Bistro,8,Deferred + prepass,64,0.0,64,132,20,M64_D0,"64 bins
M64, D0",20,,,,,
2820,0.17998,0.04771,0.07979,0.03123,0.0084,1444209.8,Bistro,8,Deferred + prepass,64,0.0,64,132,20,M64_D0,"64 bins
M64, D0",20,,,,,
2880,0.16039,0.04115,0.0671,0.03137,0.00837,1270269.5,Bistro,8,Deferred + prepass,64,0.0,64,132,20,M64_D0,"64 bins
M64, D0",20,,,,,
2940,0.15114,0.03421,0.06486,0.0313,0.00836,1185182.6,Bistro,8,Deferred + prepass,64,0.0,64,132,20,M64_D0,"64 bins
M64, D0",20,,,,,
3000,0.25474,0.08442,0.11664,0.03211,0.00839,3737532.35,Bistro,8,Deferred + prepass,64,0.0,64,132,20,M64_D0,"64 bins
M64, D0",20,,,,,
3060,0.33481,0.12019,0.15928,0.03259,0.0086,5419981.65,Bistro,8,Deferred + prepass,64,0.0,64,132,20,M64_D0,"64 bins
M64, D0",20,,,,,
3120,0.33219,0.11964,0.15721,0.03256,0.00867,5328916.45,Bistro,8,Deferred + prepass,64,0.0,64,132,20,M64_D0,"64 bins
M64, D0",20,,,,,
3180,0.32328,0.11571,0.15214,0.03252,0.0086,4942521.95,Bistro,8,Deferred + prepass,64,0.0,64,132,20,M64_D0,"64 bins
M64, D0",20,,,,,
3240,0.29081,0.10261,0.13284,0.0325,0.00861,4355188.5,Bistro,8,Deferred + prepass,64,0.0,64,132,20,M64_D0,"64 bins
M64, D0",20,,,,,
3300,0.2704,0.09384,0.12149,0.03239,0.00861,3918437.6,Bistro,8,Deferred + prepass,64,0.0,64,132,20,M64_D0,"64 bins
M64, D0",20,,,,,
3360,0.25115,0.08319,0.11245,0.03236,0.00865,3488605.15,Bistro,8,Deferred + prepass,64,0.0,64,132,20,M64_D0,"64 bins
M64, D0",20,,,,,
3420,0.23503,0.07734,0.10272,0.03211,0.00864,3070083.2,Bistro,8,Deferred + prepass,64,0.0,64,132,20,M64_D0,"64 bins
M64, D0",20,,,,,
3480,0.22839,0.07645,0.09755,0.03193,0.00866,2804740.95,Bistro,8,Deferred + prepass,64,0.0,64,132,20,M64_D0,"64 bins
M64, D0",20,,,,,
3540,0.2164,0.06987,0.0931,0.03161,0.0086,2554279.0,Bistro,8,Deferred + prepass,64,0.0,64,132,20,M64_D0,"64 bins
M64, D0",20,,,,,
3600,0.21013,0.06815,0.08859,0.03176,0.00859,2404749.2,Bistro,8,Deferred + prepass,64,0.0,64,132,20,M64_D0,"64 bins
M64, D0",20,,,,,
3660,0.20372,0.06676,0.08369,0.03197,0.00849,2364661.4,Bistro,8,Deferred + prepass,64,0.0,64,132,20,M64_D0,"64 bins
M64, D0",20,,,,,
3720,0.20242,0.06184,0.08763,0.03158,0.0085,2323845.85,Bistro,8,Deferred + prepass,64,0.0,64,132,20,M64_D0,"64 bins
M64, D0",20,,,,,
3780,0.20144,0.06246,0.08592,0.03141,0.0085,2171285.25,Bistro,8,Deferred + prepass,64,0.0,64,132,20,M64_D0,"64 bins
M64, D0",20,,,,,
3840,0.19389,0.05886,0.08208,0.03145,0.00842,2069926.1,Bistro,8,Deferred + prepass,64,0.0,64,132,20,M64_D0,"64 bins
M64, D0",20,,,,,
3900,0.1817,0.05118,0.07837,0.03125,0.00817,1706132.85,Bistro,8,Deferred + prepass,64,0.0,64,132,20,M64_D0,"64 bins
M64, D0",20,,,,,
3960,0.17723,0.04491,0.08109,0.03096,0.00796,1310622.9,Bistro,8,Deferred + prepass,64,0.0,64,132,20,M64_D0,"64 bins
M64, D0",20,,,,,
4020,0.17235,0.03975,0.08146,0.03083,0.00796,1119696.9,Bistro,8,Deferred + prepass,64,0.0,64,132,20,M64_D0,"64 bins
M64, D0",20,,,,,
4080,0.1772,0.04338,0.08281,0.03082,0.00786,958432.85,Bistro,8,Deferred + prepass,64,0.0,64,132,20,M64_D0,"64 bins
M64, D0",20,,,,,
4140,0.16559,0.03612,0.07908,0.03073,0.00787,891260.8,Bistro,8,Deferred + prepass,64,0.0,64,132,20,M64_D0,"64 bins
M64, D0",20,,,,,
4200,0.14703,0.02778,0.06866,0.03077,0.00789,795127.2,Bistro,8,Deferred + prepass,64,0.0,64,132,20,M64_D0,"64 bins
M64, D0",20,,,,,
4260,0.18509,0.05353,0.07924,0.03168,0.00807,2716290.05,Bistro,8,Deferred + prepass,64,0.0,64,132,20,M64_D0,"64 bins
M64, D0",20,,,,,
4320,0.43042,0.16961,0.20546,0.03253,0.00858,7242797.15,Bistro,8,Deferred + prepass,64,0.0,64,132,20,M64_D0,"64 bins
M64, D0",20,,,,,
4380,0.38005,0.14527,0.18006,0.0325,0.00841,6033148.0,Bistro,8,Deferred + prepass,64,0.0,64,132,20,M64_D0,"64 bins
M64, D0",20,,,,,
4440,0.1276,0.02032,0.05622,0.03121,0.00783,867288.75,Bistro,8,Deferred + prepass,64,0.0,64,132,20,M64_D0,"64 bins
M64, D0",20,,,,,
4500,0.14117,0.02361,0.06705,0.0308,0.00782,698827.95,Bistro,8,Deferred + prepass,64,0.0,64,132,20,M64_D0,"64 bins
M64, D0",20,,,,,
4560,0.13341,0.02251,0.0604,0.03082,0.00777,684012.3,Bistro,8,Deferred + prepass,64,0.0,64,132,20,M64_D0,"64 bins
M64, D0",20,,,,,
4620,0.13695,0.0268,0.0598,0.03092,0.00781,872447.4,Bistro,8,Deferred + prepass,64,0.0,64,132,20,M64_D0,"64 bins
M64, D0",20,,,,,
4680,0.19328,0.05537,0.08534,0.03146,0.00806,2415162.35,Bistro,8,Deferred + prepass,64,0.0,64,132,20,M64_D0,"64 bins
M64, D0",20,,,,,
4740,0.29902,0.10627,0.13762,0.03235,0.00841,5264990.15,Bistro,8,Deferred + prepass,64,0.0,64,132,20,M64_D0,"64 bins
M64, D0",20,,,,,
4800,0.41837,0.166,0.19736,0.03232,0.00866,7605016.1,Bistro,8,Deferred + prepass,64,0.0,64,132,20,M64_D0,"64 bins
M64, D0",20,,,,,
4860,0.4115,0.16516,0.19115,0.03225,0.00886,7298187.05,Bistro,8,Deferred + prepass,64,0.0,64,132,20,M64_D0,"64 bins
M64, D0",20,,,,,
4920,0.41551,0.16689,0.19328,0.03219,0.00889,7437915.15,Bistro,8,Deferred + prepass,64,0.0,64,132,20,M64_D0,"64 bins
M64, D0",20,,,,,
4980,0.4486,0.18138,0.21196,0.03225,0.00889,8149009.9,Bistro,8,Deferred + prepass,64,0.0,64,132,20,M64_D0,"64 bins
M64, D0",20,,,,,
5040,0.34684,0.13267,0.15912,0.0321,0.00845,5907876.05,Bistro,8,Deferred + prepass,64,0.0,64,132,20,M64_D0,"64 bins
M64, D0",20,,,,,
5100,0.37705,0.14772,0.17448,0.03213,0.00843,6713387.25,Bistro,8,Deferred + prepass,64,0.0,64,132,20,M64_D0,"64 bins
M64, D0",20,,,,,
5160,0.46655,0.18992,0.22154,0.03246,0.00845,8461629.95,Bistro,8,Deferred + prepass,64,0.0,64,132,20,M64_D0,"64 bins
M64, D0",20,,,,,
5220,0.47176,0.19333,0.22312,0.03246,0.00871,8496360.0,Bistro,8,Deferred + prepass,64,0.0,64,132,20,M64_D0,"64 bins
M64, D0",20,,,,,
5280,0.4647,0.19,0.21965,0.03224,0.00864,8448473.2,Bistro,8,Deferred + prepass,64,0.0,64,132,20,M64_D0,"64 bins
M64, D0",20,,,,,
5340,0.37164,0.14748,0.16951,0.03171,0.00858,6607069.85,Bistro,8,Deferred + prepass,64,0.0,64,132,20,M64_D0,"64 bins
M64, D0",20,,,,,
5400,0.09402,0.02098,0.02204,0.03095,0.0079,1056943.5,Bistro,8,Deferred + prepass,64,0.0,64,132,20,M64_D0,"64 bins
M64, D0",20,,,,,
5460,0.06406,0.00718,0.00595,0.03092,0.00772,344217.0,Bistro,8,Deferred + prepass,64,0.0,64,132,20,M64_D0,"64 bins
M64, D0",20,,,,,
0,0.37096,,,0.03196,0.0101,3553381.35,Bistro,9,Visibility + G-buffer,64,0.0,64,132,20,M64_D0,"64 bins
M64, D0",21,0.19006,0.01158,0.00215,0.01325,0.07981
60,0.40366,,,0.03345,0.01044,3662944.3,Bistro,9,Visibility + G-buffer,64,0.0,64,132,20,M64_D0,"64 bins
M64, D0",21,0.20428,0.01258,0.00213,0.01438,0.09491
120,0.35656,,,0.03402,0.01009,2176008.0,Bistro,9,Visibility + G-buffer,64,0.0,64,132,20,M64_D0,"64 bins
M64, D0",21,0.13666,0.0133,0.00215,0.01575,0.11329
180,0.30329,,,0.03388,0.00966,1760027.75,Bistro,9,Visibility + G-buffer,64,0.0,64,132,20,M64_D0,"64 bins
M64, D0",21,0.09151,0.0123,0.00207,0.01538,0.10624
240,0.33773,,,0.03429,0.00969,2911562.3,Bistro,9,Visibility + G-buffer,64,0.0,64,132,20,M64_D0,"64 bins
M64, D0",21,0.12864,0.01257,0.00201,0.01557,0.10341
300,0.35533,,,0.03446,0.01004,3211259.3,Bistro,9,Visibility + G-buffer,64,0.0,64,132,20,M64_D0,"64 bins
M64, D0",21,0.14395,0.01283,0.00201,0.01565,0.10476
360,0.35534,,,0.03453,0.01002,3197534.35,Bistro,9,Visibility + G-buffer,64,0.0,64,132,20,M64_D0,"64 bins
M64, D0",21,0.1435,0.01302,0.00201,0.01576,0.10498
420,0.30464,,,0.03439,0.00943,2080022.75,Bistro,9,Visibility + G-buffer,64,0.0,64,132,20,M64_D0,"64 bins
M64, D0",21,0.09733,0.01232,0.00203,0.01551,0.10218
480,0.30616,,,0.03422,0.00926,2143202.1,Bistro,9,Visibility + G-buffer,64,0.0,64,132,20,M64_D0,"64 bins
M64, D0",21,0.09943,0.01252,0.00202,0.01554,0.1017
540,0.33004,,,0.03391,0.00942,2652802.15,Bistro,9,Visibility + G-buffer,64,0.0,64,132,20,M64_D0,"64 bins
M64, D0",21,0.12282,0.01276,0.00201,0.01565,0.10202
600,0.33737,,,0.03375,0.00901,2718203.4,Bistro,9,Visibility + G-buffer,64,0.0,64,132,20,M64_D0,"64 bins
M64, D0",21,0.13193,0.01297,0.00201,0.01561,0.10069
660,0.27655,,,0.03353,0.00906,1551084.95,Bistro,9,Visibility + G-buffer,64,0.0,64,132,20,M64_D0,"64 bins
M64, D0",21,0.07242,0.01212,0.002,0.0155,0.10013
720,0.3174,,,0.03398,0.00908,2455791.85,Bistro,9,Visibility + G-buffer,64,0.0,64,132,20,M64_D0,"64 bins
M64, D0",21,0.11283,0.0122,0.002,0.01542,0.10022
780,0.30283,,,0.03347,0.00898,2049572.45,Bistro,9,Visibility + G-buffer,64,0.0,64,132,20,M64_D0,"64 bins
M64, D0",21,0.10186,0.01161,0.00202,0.01512,0.09787
840,0.24876,,,0.03313,0.00882,904159.35,Bistro,9,Visibility + G-buffer,64,0.0,64,132,20,M64_D0,"64 bins
M64, D0",21,0.05222,0.01093,0.00201,0.01479,0.09524
900,0.32918,,,0.03345,0.00908,2916661.7,Bistro,9,Visibility + G-buffer,64,0.0,64,132,20,M64_D0,"64 bins
M64, D0",21,0.13207,0.01146,0.00201,0.01496,0.09439
960,0.36432,,,0.03422,0.00907,3578981.25,Bistro,9,Visibility + G-buffer,64,0.0,64,132,20,M64_D0,"64 bins
M64, D0",21,0.157,0.01268,0.00201,0.0157,0.10231
1020,0.33464,,,0.03427,0.00908,2767377.4,Bistro,9,Visibility + G-buffer,64,0.0,64,132,20,M64_D0,"64 bins
M64, D0",21,0.12381,0.01268,0.00202,0.01572,0.10494
1080,0.31819,,,0.03431,0.00908,2271770.15,Bistro,9,Visibility + G-buffer,64,0.0,64,132,20,M64_D0,"64 bins
M64, D0",21,0.10689,0.0125,0.00203,0.01562,0.10594
1140,0.34889,,,0.03424,0.00947,2903832.2,Bistro,9,Visibility + G-buffer,64,0.0,64,132,20,M64_D0,"64 bins
M64, D0",21,0.13625,0.01309,0.00217,0.01592,0.10779
1200,0.3312,,,0.0341,0.00967,2424988.15,Bistro,9,Visibility + G-buffer,64,0.0,64,132,20,M64_D0,"64 bins
M64, D0",21,0.11749,0.01331,0.00207,0.01611,0.10847
1260,0.30886,,,0.03419,0.00919,2026572.1,Bistro,9,Visibility + G-buffer,64,0.0,64,132,20,M64_D0,"64 bins
M64, D0",21,0.09972,0.01271,0.0021,0.01583,0.10509
1320,0.31897,,,0.03431,0.0095,2301510.5,Bistro,9,Visibility + G-buffer,64,0.0,64,132,20,M64_D0,"64 bins
M64, D0",21,0.10967,0.01232,0.00204,0.01571,0.10418
1380,0.32092,,,0.035,0.00887,2404923.35,Bistro,9,Visibility + G-buffer,64,0.0,64,132,20,M64_D0,"64 bins
M64, D0",21,0.1123,0.01308,0.00247,0.01594,0.10688
1440,0.34236,,,0.03442,0.00924,2983851.65,Bistro,9,Visibility + G-buffer,64,0.0,64,132,20,M64_D0,"64 bins
M64, D0",21,0.12881,0.01354,0.00217,0.01625,0.10804
1500,0.45241,,,0.03573,0.00872,5965339.5,Bistro,9,Visibility + G-buffer,64,0.0,64,132,20,M64_D0,"64 bins
M64, D0",21,0.24335,0.01443,0.00306,0.01637,0.1072
1560,0.47379,,,0.0359,0.00861,6425388.5,Bistro,9,Visibility + G-buffer,64,0.0,64,132,20,M64_D0,"64 bins
M64, D0",21,0.26954,0.01398,0.00281,0.01604,0.10389
1620,0.47336,,,0.03613,0.00862,6351675.3,Bistro,9,Visibility + G-buffer,64,0.0,64,132,20,M64_D0,"64 bins
M64, D0",21,0.2652,0.01473,0.0031,0.01645,0.1065
1680,0.37445,,,0.03534,0.00883,3853289.1,Bistro,9,Visibility + G-buffer,64,0.0,64,132,20,M64_D0,"64 bins
M64, D0",21,0.16697,0.01376,0.00254,0.0161,0.10588
1740,0.29027,,,0.03411,0.00942,1807302.25,Bistro,9,Visibility + G-buffer,64,0.0,64,132,20,M64_D0,"64 bins
M64, D0",21,0.08103,0.01281,0.00214,0.01582,0.10559
1800,0.28205,,,0.03342,0.00986,1503980.35,Bistro,9,Visibility + G-buffer,64,0.0,64,132,20,M64_D0,"64 bins
M64, D0",21,0.07346,0.0125,0.00203,0.01561,0.10375
1860,0.27503,,,0.03349,0.00952,1304820.9,Bistro,9,Visibility + G-buffer,64,0.0,64,132,20,M64_D0,"64 bins
M64, D0",21,0.06688,0.01243,0.00203,0.0156,0.10339
1920,0.27238,,,0.03354,0.00942,1271388.55,Bistro,9,Visibility + G-buffer,64,0.0,64,132,20,M64_D0,"64 bins
M64, D0",21,0.06467,0.01248,0.00202,0.01576,0.10311
1980,0.26669,,,0.03356,0.00939,1145896.95,Bistro,9,Visibility + G-buffer,64,0.0,64,132,20,M64_D0,"64 bins
M64, D0",21,0.05959,0.01237,0.00203,0.01572,0.10266
2040,0.256,,,0.0334,0.00873,833803.5,Bistro,9,Visibility + G-buffer,64,0.0,64,132,20,M64_D0,"64 bins
M64, D0",21,0.05015,0.012,0.00202,0.01558,0.10186
2100,0.24925,,,0.03333,0.00891,724541.55,Bistro,9,Visibility + G-buffer,64,0.0,64,132,20,M64_D0,"64 bins
M64, D0",21,0.04619,0.01189,0.00203,0.01553,0.10003
2160,0.2451,,,0.0333,0.00869,651558.7,Bistro,9,Visibility + G-buffer,64,0.0,64,132,20,M64_D0,"64 bins
M64, D0",21,0.04349,0.01177,0.00203,0.01551,0.09874
2220,0.24161,,,0.03332,0.00899,606690.35,Bistro,9,Visibility + G-buffer,64,0.0,64,132,20,M64_D0,"64 bins
M64, D0",21,0.04112,0.01149,0.00203,0.01532,0.09721
2280,0.1931,,,0.0321,0.00795,387407.3,Bistro,9,Visibility + G-buffer,64,0.0,64,132,20,M64_D0,"64 bins
M64, D0",21,0.02466,0.01003,0.00191,0.0129,0.07231
2340,0.29648,,,0.03421,0.00819,2264677.55,Bistro,9,Visibility + G-buffer,64,0.0,64,132,20,M64_D0,"64 bins
M64, D0",21,0.10646,0.01149,0.0025,0.01451,0.09194
2400,0.38718,,,0.03532,0.00831,3983123.9,Bistro,9,Visibility + G-buffer,64,0.0,64,132,20,M64_D0,"64 bins
M64, D0",21,0.18071,0.01291,0.00265,0.01571,0.10566
2460,0.3922,,,0.03251,0.00809,4233659.5,Bistro,9,Visibility + G-buffer,64,0.0,64,132,20,M64_D0,"64 bins
M64, D0",21,0.19079,0.01314,0.00277,0.01584,0.1057
2520,0.37575,,,0.03388,0.00871,3774183.4,Bistro,9,Visibility + G-buffer,64,0.0,64,132,20,M64_D0,"64 bins
M64, D0",21,0.16921,0.01299,0.00234,0.01589,0.10414
2580,0.33312,,,0.03243,0.0081,2738790.2,Bistro,9,Visibility + G-buffer,64,0.0,64,132,20,M64_D0,"64 bins
M64, D0",21,0.13437,0.01269,0.00297,0.0158,0.10286
2640,0.31204,,,0.0331,0.00842,2234217.4,Bistro,9,Visibility + G-buffer,64,0.0,64,132,20,M64_D0,"64 bins
M64, D0",21,0.11215,0.01241,0.00261,0.01569,0.1017
2700,0.29469,,,0.03303,0.00862,1876452.05,Bistro,9,Visibility + G-buffer,64,0.0,64,132,20,M64_D0,"64 bins
M64, D0",21,0.09281,0.01234,0.00236,0.01562,0.10144
2760,0.28478,,,0.03397,0.00905,1554160.7,Bistro,9,Visibility + G-buffer,64,0.0,64,132,20,M64_D0,"64 bins
M64, D0",21,0.07861,0.0119,0.00201,0.01541,0.10178
2820,0.28054,,,0.034,0.00912,1444209.8,Bistro,9,Visibility + G-buffer,64,0.0,64,132,20,M64_D0,"64 bins
M64, D0",21,0.07353,0.01199,0.00202,0.01545,0.10246
2880,0.27242,,,0.03395,0.00908,1270269.5,Bistro,9,Visibility + G-buffer,64,0.0,64,132,20,M64_D0,"64 bins
M64, D0",21,0.06838,0.01179,0.00202,0.01531,0.10007
2940,0.26446,,,0.03392,0.0091,1185182.6,Bistro,9,Visibility + G-buffer,64,0.0,64,132,20,M64_D0,"64 bins
M64, D0",21,0.05988,0.01183,0.00203,0.01544,0.10008
3000,0.35896,,,0.0337,0.00901,3737532.35,Bistro,9,Visibility + G-buffer,64,0.0,64,132,20,M64_D0,"64 bins
M64, D0",21,0.15848,0.01242,0.00245,0.01537,0.09968
3060,0.42667,,,0.03296,0.00862,5419981.65,Bistro,9,Visibility + G-buffer,64,0.0,64,132,20,M64_D0,"64 bins
M64, D0",21,0.22598,0.01322,0.0028,0.01576,0.10479
3120,0.43252,,,0.03376,0.00938,5328916.45,Bistro,9,Visibility + G-buffer,64,0.0,64,132,20,M64_D0,"64 bins
M64, D0",21,0.22252,0.01362,0.00231,0.01602,0.10807
3180,0.4155,,,0.03312,0.00887,4942521.95,Bistro,9,Visibility + G-buffer,64,0.0,64,132,20,M64_D0,"64 bins
M64, D0",21,0.21028,0.01358,0.00248,0.0162,0.10707
3240,0.39417,,,0.03339,0.00916,4355188.5,Bistro,9,Visibility + G-buffer,64,0.0,64,132,20,M64_D0,"64 bins
M64, D0",21,0.18783,0.01372,0.0026,0.01621,0.10575
3300,0.37564,,,0.03337,0.00921,3918437.6,Bistro,9,Visibility + G-buffer,64,0.0,64,132,20,M64_D0,"64 bins
M64, D0",21,0.17039,0.01369,0.00248,0.01614,0.10447
3360,0.35295,,,0.03231,0.00861,3488605.15,Bistro,9,Visibility + G-buffer,64,0.0,64,132,20,M64_D0,"64 bins
M64, D0",21,0.15373,0.01361,0.00274,0.01614,0.10388
3420,0.34176,,,0.03322,0.00899,3070083.2,Bistro,9,Visibility + G-buffer,64,0.0,64,132,20,M64_D0,"64 bins
M64, D0",21,0.13824,0.01322,0.00246,0.01591,0.10314
3480,0.3291,,,0.03294,0.00877,2804740.95,Bistro,9,Visibility + G-buffer,64,0.0,64,132,20,M64_D0,"64 bins
M64, D0",21,0.12865,0.01262,0.00263,0.01555,0.10152
3540,0.31667,,,0.03278,0.00823,2554279.0,Bistro,9,Visibility + G-buffer,64,0.0,64,132,20,M64_D0,"64 bins
M64, D0",21,0.12143,0.01198,0.00285,0.01527,0.09955
3600,0.31478,,,0.03315,0.00835,2404749.2,Bistro,9,Visibility + G-buffer,64,0.0,64,132,20,M64_D0,"64 bins
M64, D0",21,0.11613,0.0119,0.00264,0.01535,0.10189
3660,0.31641,,,0.0339,0.00895,2364661.4,Bistro,9,Visibility + G-buffer,64,0.0,64,132,20,M64_D0,"64 bins
M64, D0",21,0.11123,0.01221,0.00209,0.01533,0.10256
3720,0.31091,,,0.03414,0.00901,2323845.85,Bistro,9,Visibility + G-buffer,64,0.0,64,132,20,M64_D0,"64 bins
M64, D0",21,0.10483,0.01224,0.00203,0.0153,0.102
3780,0.30002,,,0.03403,0.00891,2171285.25,Bistro,9,Visibility + G-buffer,64,0.0,64,132,20,M64_D0,"64 bins
M64, D0",21,0.09859,0.012,0.00201,0.01496,0.09806
3840,0.28919,,,0.03384,0.00893,2069926.1,Bistro,9,Visibility + G-buffer,64,0.0,64,132,20,M64_D0,"64 bins
M64, D0",21,0.09229,0.01194,0.00207,0.0147,0.09497
3900,0.27084,,,0.03392,0.00899,1706132.85,Bistro,9,Visibility + G-buffer,64,0.0,64,132,20,M64_D0,"64 bins
M64, D0",21,0.07608,0.01187,0.00203,0.01452,0.09216
3960,0.26096,,,0.03394,0.00901,1310622.9,Bistro,9,Visibility + G-buffer,64,0.0,64,132,20,M64_D0,"64 bins
M64, D0",21,0.0639,0.01193,0.00203,0.01475,0.09341
4020,0.25681,,,0.03397,0.00894,1119696.9,Bistro,9,Visibility + G-buffer,64,0.0,64,132,20,M64_D0,"64 bins
M64, D0",21,0.05828,0.01177,0.00205,0.01501,0.09446
4080,0.25791,,,0.03396,0.00889,958432.85,Bistro,9,Visibility + G-buffer,64,0.0,64,132,20,M64_D0,"64 bins
M64, D0",21,0.05771,0.01167,0.00205,0.01499,0.09644
4140,0.24477,,,0.034,0.00846,891260.8,Bistro,9,Visibility + G-buffer,64,0.0,64,132,20,M64_D0,"64 bins
M64, D0",21,0.05038,0.01146,0.00205,0.01472,0.09205
4200,0.22394,,,0.03363,0.00842,795127.2,Bistro,9,Visibility + G-buffer,64,0.0,64,132,20,M64_D0,"64 bins
M64, D0",21,0.03809,0.01105,0.00202,0.01438,0.08543
4260,0.27443,,,0.03224,0.00835,2716290.05,Bistro,9,Visibility + G-buffer,64,0.0,64,132,20,M64_D0,"64 bins
M64, D0",21,0.10515,0.01113,0.00211,0.01354,0.07239
4320,0.51399,,,0.03281,0.00862,7242797.15,Bistro,9,Visibility + G-buffer,64,0.0,64,132,20,M64_D0,"64 bins
M64, D0",21,0.31751,0.01375,0.00278,0.01552,0.10023
4380,0.46369,,,0.03294,0.00851,6033148.0,Bistro,9,Visibility + G-buffer,64,0.0,64,132,20,M64_D0,"64 bins
M64, D0",21,0.27026,0.01324,0.00255,0.01516,0.09725
4440,0.22642,,,0.0336,0.008,867288.75,Bistro,9,Visibility + G-buffer,64,0.0,64,132,20,M64_D0,"64 bins
M64, D0",21,0.0384,0.01109,0.00203,0.01458,0.08808
4500,0.22789,,,0.03378,0.00811,698827.95,Bistro,9,Visibility + G-buffer,64,0.0,64,132,20,M64_D0,"64 bins
M64, D0",21,0.03613,0.01092,0.00205,0.01465,0.09103
4560,0.2159,,,0.03365,0.00792,684012.3,Bistro,9,Visibility + G-buffer,64,0.0,64,132,20,M64_D0,"64 bins
M64, D0",21,0.03213,0.01065,0.00198,0.01391,0.08423
4620,0.22829,,,0.03366,0.00796,872447.4,Bistro,9,Visibility + G-buffer,64,0.0,64,132,20,M64_D0,"64 bins
M64, D0",21,0.0393,0.01106,0.00204,0.01438,0.08926
4680,0.29089,,,0.03374,0.00841,2415162.35,Bistro,9,Visibility + G-buffer,64,0.0,64,132,20,M64_D0,"64 bins
M64, D0",21,0.10056,0.0118,0.00216,0.01435,0.0905
4740,0.40319,,,0.0325,0.0086,5264990.15,Bistro,9,Visibility + G-buffer,64,0.0,64,132,20,M64_D0,"64 bins
M64, D0",21,0.22442,0.01275,0.00293,0.01409,0.08447
4800,0.49344,,,0.03225,0.00852,7605016.1,Bistro,9,Visibility + G-buffer,64,0.0,64,132,20,M64_D0,"64 bins
M64, D0",21,0.32093,0.0127,0.00279,0.01392,0.07965
4860,0.47974,,,0.0316,0.00873,7298187.05,Bistro,9,Visibility + G-buffer,64,0.0,64,132,20,M64_D0,"64 bins
M64, D0",21,0.31201,0.0124,0.00277,0.01368,0.07412
4920,0.48032,,,0.03122,0.0085,7437915.15,Bistro,9,Visibility + G-buffer,64,0.0,64,132,20,M64_D0,"64 bins
M64, D0",21,0.3164,0.01232,0.00283,0.01353,0.07214
4980,0.51296,,,0.03179,0.00847,8149009.9,Bistro,9,Visibility + G-buffer,64,0.0,64,132,20,M64_D0,"64 bins
M64, D0",21,0.34448,0.01264,0.00284,0.0138,0.07608
5040,0.42518,,,0.03215,0.00851,5907876.05,Bistro,9,Visibility + G-buffer,64,0.0,64,132,20,M64_D0,"64 bins
M64, D0",21,0.25499,0.0122,0.00278,0.01376,0.07804
5100,0.45009,,,0.03219,0.00876,6713387.25,Bistro,9,Visibility + G-buffer,64,0.0,64,132,20,M64_D0,"64 bins
M64, D0",21,0.28086,0.01208,0.00266,0.01354,0.07582
5160,0.52928,,,0.03224,0.00873,8461629.95,Bistro,9,Visibility + G-buffer,64,0.0,64,132,20,M64_D0,"64 bins
M64, D0",21,0.35888,0.01233,0.00269,0.01368,0.07663
5220,0.52738,,,0.03188,0.00849,8496360.0,Bistro,9,Visibility + G-buffer,64,0.0,64,132,20,M64_D0,"64 bins
M64, D0",21,0.36002,0.01221,0.00284,0.01357,0.07514
5280,0.51582,,,0.0311,0.00852,8448473.2,Bistro,9,Visibility + G-buffer,64,0.0,64,132,20,M64_D0,"64 bins
M64, D0",21,0.35552,0.01207,0.00296,0.01312,0.07012
5340,0.4257,,,0.02986,0.00848,6607069.85,Bistro,9,Visibility + G-buffer,64,0.0,64,132,20,M64_D0,"64 bins
M64, D0",21,0.27867,0.01119,0.00286,0.01216,0.06008
5400,0.17186,,,0.03024,0.00795,1056943.5,Bistro,9,Visibility + G-buffer,64,0.0,64,132,20,M64_D0,"64 bins
M64, D0",21,0.03602,0.00848,0.00184,0.00988,0.04627
5460,0.14506,,,0.03033,0.00766,344217.0,Bistro,9,Visibility + G-buffer,64,0.0,64,132,20,M64_D0,"64 bins
M64, D0",21,0.0115,0.00799,0.00184,0.00917,0.04444
0,0.20337,0.06375,0.08613,0.03155,0.00849,3553381.35,Bistro,8,Deferred + prepass,64,1.0,64,132,22,M64_D1,"64 bins
M64, D1",22,,,,,
60,0.21811,0.0672,0.09668,0.03197,0.0085,3662944.3,Bistro,8,Deferred + prepass,64,1.0,64,132,22,M64_D1,"64 bins
M64, D1",22,,,,,
120,0.18766,0.05061,0.08347,0.03187,0.0082,2176008.0,Bistro,8,Deferred + prepass,64,1.0,64,132,22,M64_D1,"64 bins
M64, D1",22,,,,,
180,0.14967,0.03169,0.06444,0.03174,0.00823,1760027.75,Bistro,8,Deferred + prepass,64,1.0,64,132,22,M64_D1,"64 bins
M64, D1",22,,,,,
240,0.21714,0.06751,0.09458,0.03262,0.00849,2911562.3,Bistro,8,Deferred + prepass,64,1.0,64,132,22,M64_D1,"64 bins
M64, D1",22,,,,,
300,0.2458,0.08377,0.10691,0.03251,0.00853,3211259.3,Bistro,8,Deferred + prepass,64,1.0,64,132,22,M64_D1,"64 bins
M64, D1",22,,,,,
360,0.24299,0.08133,0.1068,0.03224,0.00855,3197534.35,Bistro,8,Deferred + prepass,64,1.0,64,132,22,M64_D1,"64 bins
M64, D1",22,,,,,
420,0.18974,0.05144,0.08468,0.03173,0.00836,2080022.75,Bistro,8,Deferred + prepass,64,1.0,64,132,22,M64_D1,"64 bins
M64, D1",22,,,,,
480,0.19872,0.057,0.08826,0.03152,0.00831,2143202.1,Bistro,8,Deferred + prepass,64,1.0,64,132,22,M64_D1,"64 bins
M64, D1",22,,,,,
540,0.21179,0.06416,0.09346,0.03181,0.00849,2652802.15,Bistro,8,Deferred + prepass,64,1.0,64,132,22,M64_D1,"64 bins
M64, D1",22,,,,,
600,0.21675,0.06653,0.09679,0.03152,0.00827,2718203.4,Bistro,8,Deferred + prepass,64,1.0,64,132,22,M64_D1,"64 bins
M64, D1",22,,,,,
660,0.15353,0.03386,0.06684,0.03132,0.00808,1551084.95,Bistro,8,Deferred + prepass,64,1.0,64,132,22,M64_D1,"64 bins
M64, D1",22,,,,,
720,0.19195,0.05701,0.08042,0.03222,0.00854,2455791.85,Bistro,8,Deferred + prepass,64,1.0,64,132,22,M64_D1,"64 bins
M64, D1",22,,,,,
780,0.18365,0.05378,0.07562,0.03194,0.00856,2049572.45,Bistro,8,Deferred + prepass,64,1.0,64,132,22,M64_D1,"64 bins
M64, D1",22,,,,,
840,0.12315,0.02303,0.04754,0.03176,0.00806,904159.35,Bistro,8,Deferred + prepass,64,1.0,64,132,22,M64_D1,"64 bins
M64, D1",22,,,,,
900,0.20002,0.05643,0.08983,0.03157,0.00853,2916661.7,Bistro,8,Deferred + prepass,64,1.0,64,132,22,M64_D1,"64 bins
M64, D1",22,,,,,
960,0.24098,0.07847,0.10778,0.03229,0.00854,3578981.25,Bistro,8,Deferred + prepass,64,1.0,64,132,22,M64_D1,"64 bins
M64, D1",22,,,,,
1020,0.2119,0.06551,0.09143,0.03242,0.00857,2767377.4,Bistro,8,Deferred + prepass,64,1.0,64,132,22,M64_D1,"64 bins
M64, D1",22,,,,,
1080,0.20868,0.06453,0.09008,0.03201,0.00848,2271770.15,Bistro,8,Deferred + prepass,64,1.0,64,132,22,M64_D1,"64 bins
M64, D1",22,,,,,
1140,0.23341,0.07758,0.10135,0.03225,0.00848,2903832.2,Bistro,8,Deferred + prepass,64,1.0,64,132,22,M64_D1,"64 bins
M64, D1",22,,,,,
1200,0.20837,0.06544,0.08916,0.03208,0.00836,2424988.15,Bistro,8,Deferred + prepass,64,1.0,64,132,22,M64_D1,"64 bins
M64, D1",22,,,,,
1260,0.1895,0.05631,0.07947,0.03194,0.0082,2026572.1,Bistro,8,Deferred + prepass,64,1.0,64,132,22,M64_D1,"64 bins
M64, D1",22,,,,,
1320,0.19976,0.06106,0.08422,0.03201,0.0085,2301510.5,Bistro,8,Deferred + prepass,64,1.0,64,132,22,M64_D1,"64 bins
M64, D1",22,,,,,
1380,0.2036,0.06182,0.08762,0.03202,0.0085,2404923.35,Bistro,8,Deferred + prepass,64,1.0,64,132,22,M64_D1,"64 bins
M64, D1",22,,,,,
1440,0.21615,0.06586,0.09532,0.03233,0.00847,2983851.65,Bistro,8,Deferred + prepass,64,1.0,64,132,22,M64_D1,"64 bins
M64, D1",22,,,,,
1500,0.3511,0.12381,0.17257,0.03251,0.00848,5965339.5,Bistro,8,Deferred + prepass,64,1.0,64,132,22,M64_D1,"64 bins
M64, D1",22,,,,,
1560,0.38211,0.13887,0.18822,0.0324,0.00853,6425388.5,Bistro,8,Deferred + prepass,64,1.0,64,132,22,M64_D1,"64 bins
M64, D1",22,,,,,
1620,0.37994,0.13812,0.1872,0.03228,0.00854,6351675.3,Bistro,8,Deferred + prepass,64,1.0,64,132,22,M64_D1,"64 bins
M64, D1",22,,,,,
1680,0.25841,0.08116,0.12337,0.03173,0.00855,3853289.1,Bistro,8,Deferred + prepass,64,1.0,64,132,22,M64_D1,"64 bins
M64, D1",22,,,,,
1740,0.17494,0.04534,0.07618,0.03142,0.00853,1807302.25,Bistro,8,Deferred + prepass,64,1.0,64,132,22,M64_D1,"64 bins
M64, D1",22,,,,,
1800,0.17365,0.04474,0.07545,0.0313,0.00859,1503980.35,Bistro,8,Deferred + prepass,64,1.0,64,132,22,M64_D1,"64 bins
M64, D1",22,,,,,
1860,0.17017,0.04244,0.07478,0.03111,0.00834,1304820.9,Bistro,8,Deferred + prepass,64,1.0,64,132,22,M64_D1,"64 bins
M64, D1",22,,,,,
1920,0.16697,0.03933,0.07475,0.03111,0.00821,1271388.55,Bistro,8,Deferred + prepass,64,1.0,64,132,22,M64_D1,"64 bins
M64, D1",22,,,,,
1980,0.16171,0.03472,0.07426,0.03107,0.0081,1145896.95,Bistro,8,Deferred + prepass,64,1.0,64,132,22,M64_D1,"64 bins
M64, D1",22,,,,,
2040,0.15572,0.03162,0.07176,0.03104,0.00799,833803.5,Bistro,8,Deferred + prepass,64,1.0,64,132,22,M64_D1,"64 bins
M64, D1",22,,,,,
2100,0.14983,0.02925,0.06817,0.03111,0.00799,724541.55,Bistro,8,Deferred + prepass,64,1.0,64,132,22,M64_D1,"64 bins
M64, D1",22,,,,,
2160,0.14331,0.02586,0.06526,0.03113,0.00797,651558.7,Bistro,8,Deferred + prepass,64,1.0,64,132,22,M64_D1,"64 bins
M64, D1",22,,,,,
2220,0.13986,0.02222,0.06554,0.03109,0.00796,606690.35,Bistro,8,Deferred + prepass,64,1.0,64,132,22,M64_D1,"64 bins
M64, D1",22,,,,,
2280,0.102,0.01332,0.03751,0.03113,0.00795,387407.3,Bistro,8,Deferred + prepass,64,1.0,64,132,22,M64_D1,"64 bins
M64, D1",22,,,,,
2340,0.18142,0.05029,0.07762,0.03198,0.0083,2264677.55,Bistro,8,Deferred + prepass,64,1.0,64,132,22,M64_D1,"64 bins
M64, D1",22,,,,,
2400,0.27611,0.09186,0.12872,0.03253,0.00854,3983123.9,Bistro,8,Deferred + prepass,64,1.0,64,132,22,M64_D1,"64 bins
M64, D1",22,,,,,
2460,0.28519,0.09651,0.13353,0.03245,0.00857,4233659.5,Bistro,8,Deferred + prepass,64,1.0,64,132,22,M64_D1,"64 bins
M64, D1",22,,,,,
2520,0.25863,0.08564,0.11768,0.03245,0.00855,3774183.4,Bistro,8,Deferred + prepass,64,1.0,64,132,22,M64_D1,"64 bins
M64, D1",22,,,,,
2580,0.22849,0.0794,0.09432,0.03217,0.00859,2738790.2,Bistro,8,Deferred + prepass,64,1.0,64,132,22,M64_D1,"64 bins
M64, D1",22,,,,,
2640,0.21156,0.07074,0.08685,0.03181,0.00853,2234217.4,Bistro,8,Deferred + prepass,64,1.0,64,132,22,M64_D1,"64 bins
M64, D1",22,,,,,
2700,0.1943,0.0543,0.08666,0.0313,0.00856,1876452.05,Bistro,8,Deferred + prepass,64,1.0,64,132,22,M64_D1,"64 bins
M64, D1",22,,,,,
2760,0.1821,0.0454,0.08399,0.03109,0.00804,1554160.7,Bistro,8,Deferred + prepass,64,1.0,64,132,22,M64_D1,"64 bins
M64, D1",22,,,,,
2820,0.18164,0.04749,0.08154,0.03115,0.008,1444209.8,Bistro,8,Deferred + prepass,64,1.0,64,132,22,M64_D1,"64 bins
M64, D1",22,,,,,
2880,0.16241,0.04076,0.06813,0.03153,0.00797,1270269.5,Bistro,8,Deferred + prepass,64,1.0,64,132,22,M64_D1,"64 bins
M64, D1",22,,,,,
2940,0.1524,0.03394,0.06554,0.0315,0.00796,1185182.6,Bistro,8,Deferred + prepass,64,1.0,64,132,22,M64_D1,"64 bins
M64, D1",22,,,,,
3000,0.25895,0.08466,0.12032,0.03213,0.00831,3737532.35,Bistro,8,Deferred + prepass,64,1.0,64,132,22,M64_D1,"64 bins
M64, D1",22,,,,,
3060,0.33799,0.12059,0.16291,0.03248,0.00854,5419981.65,Bistro,8,Deferred + prepass,64,1.0,64,132,22,M64_D1,"64 bins
M64, D1",22,,,,,
3120,0.33436,0.11971,0.1598,0.03249,0.00855,5328916.45,Bistro,8,Deferred + prepass,64,1.0,64,132,22,M64_D1,"64 bins
M64, D1",22,,,,,
3180,0.32675,0.11603,0.15588,0.03254,0.00856,4942521.95,Bistro,8,Deferred + prepass,64,1.0,64,132,22,M64_D1,"64 bins
M64, D1",22,,,,,
3240,0.29433,0.10317,0.13648,0.03247,0.00855,4355188.5,Bistro,8,Deferred + prepass,64,1.0,64,132,22,M64_D1,"64 bins
M64, D1",22,,,,,
3300,0.27346,0.09411,0.12476,0.03241,0.00862,3918437.6,Bistro,8,Deferred + prepass,64,1.0,64,132,22,M64_D1,"64 bins
M64, D1",22,,,,,
3360,0.25249,0.08361,0.11423,0.03241,0.00855,3488605.15,Bistro,8,Deferred + prepass,64,1.0,64,132,22,M64_D1,"64 bins
M64, D1",22,,,,,
3420,0.23679,0.07794,0.10417,0.03219,0.00853,3070083.2,Bistro,8,Deferred + prepass,64,1.0,64,132,22,M64_D1,"64 bins
M64, D1",22,,,,,
3480,0.22913,0.07677,0.098,0.03199,0.00856,2804740.95,Bistro,8,Deferred + prepass,64,1.0,64,132,22,M64_D1,"64 bins
M64, D1",22,,,,,
3540,0.21697,0.06982,0.09319,0.03177,0.00855,2554279.0,Bistro,8,Deferred + prepass,64,1.0,64,132,22,M64_D1,"64 bins
M64, D1",22,,,,,
3600,0.21151,0.06818,0.08918,0.03189,0.00858,2404749.2,Bistro,8,Deferred + prepass,64,1.0,64,132,22,M64_D1,"64 bins
M64, D1",22,,,,,
3660,0.20513,0.06666,0.08411,0.03221,0.00846,2364661.4,Bistro,8,Deferred + prepass,64,1.0,64,132,22,M64_D1,"64 bins
M64, D1",22,,,,,
3720,0.2041,0.0616,0.08832,0.03197,0.00843,2323845.85,Bistro,8,Deferred + prepass,64,1.0,64,132,22,M64_D1,"64 bins
M64, D1",22,,,,,
3780,0.20278,0.06233,0.08647,0.03162,0.00847,2171285.25,Bistro,8,Deferred + prepass,64,1.0,64,132,22,M64_D1,"64 bins
M64, D1",22,,,,,
3840,0.19466,0.05858,0.08242,0.03159,0.00842,2069926.1,Bistro,8,Deferred + prepass,64,1.0,64,132,22,M64_D1,"64 bins
M64, D1",22,,,,,
3900,0.18194,0.05067,0.07842,0.03125,0.00803,1706132.85,Bistro,8,Deferred + prepass,64,1.0,64,132,22,M64_D1,"64 bins
M64, D1",22,,,,,
3960,0.17802,0.04452,0.08147,0.03089,0.00793,1310622.9,Bistro,8,Deferred + prepass,64,1.0,64,132,22,M64_D1,"64 bins
M64, D1",22,,,,,
4020,0.17298,0.03957,0.0819,0.03078,0.00796,1119696.9,Bistro,8,Deferred + prepass,64,1.0,64,132,22,M64_D1,"64 bins
M64, D1",22,,,,,
4080,0.17754,0.04295,0.08301,0.03072,0.00795,958432.85,Bistro,8,Deferred + prepass,64,1.0,64,132,22,M64_D1,"64 bins
M64, D1",22,,,,,
4140,0.16582,0.03607,0.0793,0.03067,0.00793,891260.8,Bistro,8,Deferred + prepass,64,1.0,64,132,22,M64_D1,"64 bins
M64, D1",22,,,,,
4200,0.14794,0.02776,0.06926,0.03084,0.00796,795127.2,Bistro,8,Deferred + prepass,64,1.0,64,132,22,M64_D1,"64 bins
M64, D1",22,,,,,
4260,0.18984,0.05357,0.08375,0.03188,0.00811,2716290.05,Bistro,8,Deferred + prepass,64,1.0,64,132,22,M64_D1,"64 bins
M64, D1",22,,,,,
4320,0.44851,0.1697,0.22388,0.0327,0.00853,7242797.15,Bistro,8,Deferred + prepass,64,1.0,64,132,22,M64_D1,"64 bins
M64, D1",22,,,,,
4380,0.39513,0.14546,0.19505,0.03266,0.00841,6033148.0,Bistro,8,Deferred + prepass,64,1.0,64,132,22,M64_D1,"64 bins
M64, D1",22,,,,,
4440,0.12798,0.02031,0.05643,0.03148,0.00783,867288.75,Bistro,8,Deferred + prepass,64,1.0,64,132,22,M64_D1,"64 bins
M64, D1",22,,,,,
4500,0.14181,0.02373,0.06737,0.03089,0.00787,698827.95,Bistro,8,Deferred + prepass,64,1.0,64,132,22,M64_D1,"64 bins
M64, D1",22,,,,,
4560,0.13411,0.02254,0.06087,0.03098,0.00778,684012.3,Bistro,8,Deferred + prepass,64,1.0,64,132,22,M64_D1,"64 bins
M64, D1",22,,,,,
4620,0.13906,0.02676,0.06121,0.03108,0.00784,872447.4,Bistro,8,Deferred + prepass,64,1.0,64,132,22,M64_D1,"64 bins
M64, D1",22,,,,,
4680,0.19444,0.05533,0.08574,0.03162,0.00832,2415162.35,Bistro,8,Deferred + prepass,64,1.0,64,132,22,M64_D1,"64 bins
M64, D1",22,,,,,
4740,0.30972,0.10672,0.14858,0.03238,0.00842,5264990.15,Bistro,8,Deferred + prepass,64,1.0,64,132,22,M64_D1,"64 bins
M64, D1",22,,,,,
4800,0.43773,0.16691,0.21601,0.0324,0.00866,7605016.1,Bistro,8,Deferred + prepass,64,1.0,64,132,22,M64_D1,"64 bins
M64, D1",22,,,,,
4860,0.43109,0.16568,0.21039,0.03221,0.00885,7298187.05,Bistro,8,Deferred + prepass,64,1.0,64,132,22,M64_D1,"64 bins
M64, D1",22,,,,,
4920,0.43496,0.16762,0.21275,0.03214,0.00878,7437915.15,Bistro,8,Deferred + prepass,64,1.0,64,132,22,M64_D1,"64 bins
M64, D1",22,,,,,
4980,0.46849,0.18146,0.2318,0.03233,0.00889,8149009.9,Bistro,8,Deferred + prepass,64,1.0,64,132,22,M64_D1,"64 bins
M64, D1",22,,,,,
5040,0.35596,0.13315,0.16844,0.0322,0.00841,5907876.05,Bistro,8,Deferred + prepass,64,1.0,64,132,22,M64_D1,"64 bins
M64, D1",22,,,,,
5100,0.39048,0.14805,0.18831,0.03218,0.00836,6713387.25,Bistro,8,Deferred + prepass,64,1.0,64,132,22,M64_D1,"64 bins
M64, D1",22,,,,,
5160,0.48512,0.19018,0.24021,0.03256,0.00835,8461629.95,Bistro,8,Deferred + prepass,64,1.0,64,132,22,M64_D1,"64 bins
M64, D1",22,,,,,
5220,0.49071,0.19349,0.24222,0.03249,0.00847,8496360.0,Bistro,8,Deferred + prepass,64,1.0,64,132,22,M64_D1,"64 bins
M64, D1",22,,,,,
5280,0.48667,0.19035,0.24005,0.03222,0.00847,8448473.2,Bistro,8,Deferred + prepass,64,1.0,64,132,22,M64_D1,"64 bins
M64, D1",22,,,,,
5340,0.39079,0.14806,0.18873,0.03175,0.00856,6607069.85,Bistro,8,Deferred + prepass,64,1.0,64,132,22,M64_D1,"64 bins
M64, D1",22,,,,,
5400,0.09507,0.02092,0.02264,0.03105,0.00796,1056943.5,Bistro,8,Deferred + prepass,64,1.0,64,132,22,M64_D1,"64 bins
M64, D1",22,,,,,
5460,0.0643,0.0072,0.00598,0.03085,0.0077,344217.0,Bistro,8,Deferred + prepass,64,1.0,64,132,22,M64_D1,"64 bins
M64, D1",22,,,,,
0,0.38709,,,0.03225,0.01041,3553381.35,Bistro,9,Visibility + G-buffer,64,1.0,64,132,22,M64_D1,"64 bins
M64, D1",23,0.1928,0.01245,0.00216,0.01423,0.091
60,0.41979,,,0.03315,0.01045,3662944.3,Bistro,9,Visibility + G-buffer,64,1.0,64,132,22,M64_D1,"64 bins
M64, D1",23,0.20447,0.01316,0.00213,0.01521,0.10961
120,0.37325,,,0.03365,0.01021,2176008.0,Bistro,9,Visibility + G-buffer,64,1.0,64,132,22,M64_D1,"64 bins
M64, D1",23,0.13637,0.01373,0.00214,0.01672,0.12896
180,0.3367,,,0.0337,0.01018,1760027.75,Bistro,9,Visibility + G-buffer,64,1.0,64,132,22,M64_D1,"64 bins
M64, D1",23,0.10252,0.01319,0.00213,0.0166,0.12773
240,0.42191,,,0.03538,0.01143,2911562.3,Bistro,9,Visibility + G-buffer,64,1.0,64,132,22,M64_D1,"64 bins
M64, D1",23,0.17032,0.01406,0.00212,0.01704,0.13949
300,0.44506,,,0.03558,0.01179,3211259.3,Bistro,9,Visibility + G-buffer,64,1.0,64,132,22,M64_D1,"64 bins
M64, D1",23,0.19145,0.01444,0.00214,0.01711,0.14077
360,0.40515,,,0.03419,0.01084,3197534.35,Bistro,9,Visibility + G-buffer,64,1.0,64,132,22,M64_D1,"64 bins
M64, D1",23,0.16449,0.01414,0.00206,0.01711,0.12982
420,0.31735,,,0.0329,0.0095,2080022.75,Bistro,9,Visibility + G-buffer,64,1.0,64,132,22,M64_D1,"64 bins
M64, D1",23,0.09712,0.01317,0.00202,0.01669,0.1144
480,0.32188,,,0.03269,0.00931,2143202.1,Bistro,9,Visibility + G-buffer,64,1.0,64,132,22,M64_D1,"64 bins
M64, D1",23,0.09949,0.0134,0.00202,0.01684,0.11654
540,0.34457,,,0.03256,0.00935,2652802.15,Bistro,9,Visibility + G-buffer,64,1.0,64,132,22,M64_D1,"64 bins
M64, D1",23,0.12259,0.01331,0.00203,0.01655,0.11718
600,0.35235,,,0.03238,0.0091,2718203.4,Bistro,9,Visibility + G-buffer,64,1.0,64,132,22,M64_D1,"64 bins
M64, D1",23,0.13201,0.01348,0.00201,0.01644,0.11608
660,0.28997,,,0.03235,0.00914,1551084.95,Bistro,9,Visibility + G-buffer,64,1.0,64,132,22,M64_D1,"64 bins
M64, D1",23,0.07289,0.01278,0.002,0.01643,0.11337
720,0.33219,,,0.03262,0.00908,2455791.85,Bistro,9,Visibility + G-buffer,64,1.0,64,132,22,M64_D1,"64 bins
M64, D1",23,0.113,0.01264,0.00201,0.01618,0.11592
780,0.31051,,,0.03256,0.00904,2049572.45,Bistro,9,Visibility + G-buffer,64,1.0,64,132,22,M64_D1,"64 bins
M64, D1",23,0.10191,0.01203,0.00202,0.01562,0.10642
840,0.25477,,,0.03247,0.00893,904159.35,Bistro,9,Visibility + G-buffer,64,1.0,64,132,22,M64_D1,"64 bins
M64, D1",23,0.05251,0.01137,0.00201,0.01531,0.1004
900,0.3368,,,0.03305,0.00912,2916661.7,Bistro,9,Visibility + G-buffer,64,1.0,64,132,22,M64_D1,"64 bins
M64, D1",23,0.13231,0.01169,0.002,0.01539,0.10157
960,0.38303,,,0.03297,0.00905,3578981.25,Bistro,9,Visibility + G-buffer,64,1.0,64,132,22,M64_D1,"64 bins
M64, D1",23,0.15748,0.01327,0.00201,0.01678,0.11998
1020,0.35208,,,0.03285,0.0091,2767377.4,Bistro,9,Visibility + G-buffer,64,1.0,64,132,22,M64_D1,"64 bins
M64, D1",23,0.12371,0.01328,0.00201,0.01678,0.123
1080,0.33431,,,0.0329,0.00912,2271770.15,Bistro,9,Visibility + G-buffer,64,1.0,64,132,22,M64_D1,"64 bins
M64, D1",23,0.10673,0.01318,0.00202,0.01674,0.12236
1140,0.36879,,,0.03297,0.00963,2903832.2,Bistro,9,Visibility + G-buffer,64,1.0,64,132,22,M64_D1,"64 bins
M64, D1",23,0.13635,0.01387,0.00201,0.01723,0.12484
1200,0.35247,,,0.03277,0.00982,2424988.15,Bistro,9,Visibility + G-buffer,64,1.0,64,132,22,M64_D1,"64 bins
M64, D1",23,0.11748,0.01426,0.00202,0.0176,0.12689
1260,0.33003,,,0.03262,0.00943,2026572.1,Bistro,9,Visibility + G-buffer,64,1.0,64,132,22,M64_D1,"64 bins
M64, D1",23,0.10041,0.01371,0.00201,0.01725,0.12287
1320,0.33621,,,0.03278,0.00946,2301510.5,Bistro,9,Visibility + G-buffer,64,1.0,64,132,22,M64_D1,"64 bins
M64, D1",23,0.11078,0.01325,0.00201,0.01689,0.11891
1380,0.34453,,,0.03287,0.0097,2404923.35,Bistro,9,Visibility + G-buffer,64,1.0,64,132,22,M64_D1,"64 bins
M64, D1",23,0.11265,0.0138,0.00202,0.01731,0.12385
1440,0.36595,,,0.03288,0.00953,2983851.65,Bistro,9,Visibility + G-buffer,64,1.0,64,132,22,M64_D1,"64 bins
M64, D1",23,0.12862,0.01445,0.00205,0.01788,0.1299
1500,0.47452,,,0.03158,0.00904,5965339.5,Bistro,9,Visibility + G-buffer,64,1.0,64,132,22,M64_D1,"64 bins
M64, D1",23,0.24349,0.01539,0.00275,0.01827,0.13072
1560,0.4972,,,0.03153,0.00908,6425388.5,Bistro,9,Visibility + G-buffer,64,1.0,64,132,22,M64_D1,"64 bins
M64, D1",23,0.26942,0.01463,0.00292,0.01759,0.12858
1620,0.4948,,,0.03163,0.009,6351675.3,Bistro,9,Visibility + G-buffer,64,1.0,64,132,22,M64_D1,"64 bins
M64, D1",23,0.26494,0.0155,0.00277,0.01826,0.12957
1680,0.39522,,,0.03214,0.00945,3853289.1,Bistro,9,Visibility + G-buffer,64,1.0,64,132,22,M64_D1,"64 bins
M64, D1",23,0.16712,0.01451,0.00237,0.01752,0.12389
1740,0.3094,,,0.03228,0.0097,1807302.25,Bistro,9,Visibility + G-buffer,64,1.0,64,132,22,M64_D1,"64 bins
M64, D1",23,0.08107,0.01369,0.002,0.01708,0.12123
1800,0.30092,,,0.03224,0.00993,1503980.35,Bistro,9,Visibility + G-buffer,64,1.0,64,132,22,M64_D1,"64 bins
M64, D1",23,0.07401,0.0136,0.00201,0.01717,0.1203
1860,0.29227,,,0.03231,0.00969,1304820.9,Bistro,9,Visibility + G-buffer,64,1.0,64,132,22,M64_D1,"64 bins
M64, D1",23,0.06757,0.01358,0.00201,0.01719,0.11799
1920,0.28948,,,0.03235,0.00963,1271388.55,Bistro,9,Visibility + G-buffer,64,1.0,64,132,22,M64_D1,"64 bins
M64, D1",23,0.0652,0.01369,0.00201,0.0173,0.11764
1980,0.28362,,,0.03234,0.00962,1145896.95,Bistro,9,Visibility + G-buffer,64,1.0,64,132,22,M64_D1,"64 bins
M64, D1",23,0.06024,0.01362,0.00202,0.01715,0.11666
2040,0.27015,,,0.03215,0.00883,833803.5,Bistro,9,Visibility + G-buffer,64,1.0,64,132,22,M64_D1,"64 bins
M64, D1",23,0.05033,0.01295,0.00203,0.01688,0.11523
2100,0.26255,,,0.03206,0.00901,724541.55,Bistro,9,Visibility + G-buffer,64,1.0,64,132,22,M64_D1,"64 bins
M64, D1",23,0.04623,0.01276,0.00203,0.01677,0.11243
2160,0.25736,,,0.03204,0.00878,651558.7,Bistro,9,Visibility + G-buffer,64,1.0,64,132,22,M64_D1,"64 bins
M64, D1",23,0.04351,0.01257,0.00203,0.01658,0.11101
2220,0.2514,,,0.03216,0.00906,606690.35,Bistro,9,Visibility + G-buffer,64,1.0,64,132,22,M64_D1,"64 bins
M64, D1",23,0.04118,0.01212,0.00204,0.01609,0.10795
2280,0.19576,,,0.03159,0.00793,387407.3,Bistro,9,Visibility + G-buffer,64,1.0,64,132,22,M64_D1,"64 bins
M64, D1",23,0.02481,0.01019,0.0019,0.01314,0.07528
2340,0.3065,,,0.03156,0.00818,2264677.55,Bistro,9,Visibility + G-buffer,64,1.0,64,132,22,M64_D1,"64 bins
M64, D1",23,0.10629,0.01189,0.00239,0.01512,0.10487
2400,0.40431,,,0.03128,0.00816,3983123.9,Bistro,9,Visibility + G-buffer,64,1.0,64,132,22,M64_D1,"64 bins
M64, D1",23,0.18032,0.01352,0.00258,0.0168,0.12862
2460,0.41506,,,0.03111,0.00807,4233659.5,Bistro,9,Visibility + G-buffer,64,1.0,64,132,22,M64_D1,"64 bins
M64, D1",23,0.19068,0.01383,0.00279,0.01721,0.12883
2520,0.39239,,,0.03123,0.00803,3774183.4,Bistro,9,Visibility + G-buffer,64,1.0,64,132,22,M64_D1,"64 bins
M64, D1",23,0.16838,0.01377,0.00264,0.01732,0.12846
2580,0.35568,,,0.03183,0.00861,2738790.2,Bistro,9,Visibility + G-buffer,64,1.0,64,132,22,M64_D1,"64 bins
M64, D1",23,0.13411,0.01302,0.00247,0.01666,0.12235
2640,0.33311,,,0.03204,0.00875,2234217.4,Bistro,9,Visibility + G-buffer,64,1.0,64,132,22,M64_D1,"64 bins
M64, D1",23,0.11219,0.01286,0.00228,0.01661,0.12058
2700,0.315,,,0.03255,0.00894,1876452.05,Bistro,9,Visibility + G-buffer,64,1.0,64,132,22,M64_D1,"64 bins
M64, D1",23,0.0931,0.01295,0.0021,0.01672,0.1185
2760,0.29796,,,0.03268,0.00917,1554160.7,Bistro,9,Visibility + G-buffer,64,1.0,64,132,22,M64_D1,"64 bins
M64, D1",23,0.07868,0.01267,0.00201,0.01644,0.11538
2820,0.29436,,,0.03261,0.00919,1444209.8,Bistro,9,Visibility + G-buffer,64,1.0,64,132,22,M64_D1,"64 bins
M64, D1",23,0.07345,0.01268,0.00201,0.0164,0.11741
2880,0.28575,,,0.03248,0.00918,1270269.5,Bistro,9,Visibility + G-buffer,64,1.0,64,132,22,M64_D1,"64 bins
M64, D1",23,0.06826,0.01234,0.00201,0.01612,0.11417
2940,0.27543,,,0.03242,0.00914,1185182.6,Bistro,9,Visibility + G-buffer,64,1.0,64,132,22,M64_D1,"64 bins
M64, D1",23,0.06008,0.01245,0.00202,0.01622,0.11211
3000,0.37341,,,0.03217,0.00907,3737532.35,Bistro,9,Visibility + G-buffer,64,1.0,64,132,22,M64_D1,"64 bins
M64, D1",23,0.15846,0.01288,0.00244,0.01612,0.11532
3060,0.44612,,,0.03136,0.00895,5419981.65,Bistro,9,Visibility + G-buffer,64,1.0,64,132,22,M64_D1,"64 bins
M64, D1",23,0.22516,0.0138,0.0028,0.01698,0.12505
3120,0.45144,,,0.03183,0.00921,5328916.45,Bistro,9,Visibility + G-buffer,64,1.0,64,132,22,M64_D1,"64 bins
M64, D1",23,0.22219,0.01451,0.00292,0.0177,0.12842
3180,0.43634,,,0.03167,0.00892,4942521.95,Bistro,9,Visibility + G-buffer,64,1.0,64,132,22,M64_D1,"64 bins
M64, D1",23,0.20987,0.01441,0.00309,0.01785,0.12766
3240,0.41477,,,0.03207,0.00934,4355188.5,Bistro,9,Visibility + G-buffer,64,1.0,64,132,22,M64_D1,"64 bins
M64, D1",23,0.18747,0.0144,0.0028,0.01772,0.1259
3300,0.39132,,,0.0312,0.00874,3918437.6,Bistro,9,Visibility + G-buffer,64,1.0,64,132,22,M64_D1,"64 bins
M64, D1",23,0.16999,0.01446,0.0032,0.01773,0.12456
3360,0.37608,,,0.03161,0.00898,3488605.15,Bistro,9,Visibility + G-buffer,64,1.0,64,132,22,M64_D1,"64 bins
M64, D1",23,0.1538,0.01424,0.00274,0.01755,0.12364
3420,0.35727,,,0.03158,0.00884,3070083.2,Bistro,9,Visibility + G-buffer,64,1.0,64,132,22,M64_D1,"64 bins
M64, D1",23,0.13792,0.01383,0.00277,0.01707,0.1211
3480,0.34337,,,0.03184,0.00883,2804740.95,Bistro,9,Visibility + G-buffer,64,1.0,64,132,22,M64_D1,"64 bins
M64, D1",23,0.12849,0.01329,0.00249,0.01669,0.11684
3540,0.33037,,,0.03157,0.00835,2554279.0,Bistro,9,Visibility + G-buffer,64,1.0,64,132,22,M64_D1,"64 bins
M64, D1",23,0.12116,0.01246,0.00277,0.01609,0.11344
3600,0.32903,,,0.03182,0.00833,2404749.2,Bistro,9,Visibility + G-buffer,64,1.0,64,132,22,M64_D1,"64 bins
M64, D1",23,0.11631,0.0126,0.00272,0.01621,0.11616
3660,0.32344,,,0.03149,0.00837,2364661.4,Bistro,9,Visibility + G-buffer,64,1.0,64,132,22,M64_D1,"64 bins
M64, D1",23,0.11082,0.01293,0.00268,0.01606,0.11563
3720,0.31456,,,0.03136,0.00824,2323845.85,Bistro,9,Visibility + G-buffer,64,1.0,64,132,22,M64_D1,"64 bins
M64, D1",23,0.10505,0.01322,0.00282,0.01627,0.11392
3780,0.30403,,,0.03144,0.00833,2171285.25,Bistro,9,Visibility + G-buffer,64,1.0,64,132,22,M64_D1,"64 bins
M64, D1",23,0.0988,0.01288,0.00264,0.01597,0.10878
3840,0.29517,,,0.03168,0.00854,2069926.1,Bistro,9,Visibility + G-buffer,64,1.0,64,132,22,M64_D1,"64 bins
M64, D1",23,0.09212,0.01271,0.0025,0.01569,0.10495
3900,0.28031,,,0.03259,0.00898,1706132.85,Bistro,9,Visibility + G-buffer,64,1.0,64,132,22,M64_D1,"64 bins
M64, D1",23,0.07625,0.01269,0.00202,0.01564,0.10042
3960,0.26975,,,0.03248,0.00899,1310622.9,Bistro,9,Visibility + G-buffer,64,1.0,64,132,22,M64_D1,"64 bins
M64, D1",23,0.06373,0.0129,0.00206,0.01598,0.10246
4020,0.26429,,,0.0325,0.00891,1119696.9,Bistro,9,Visibility + G-buffer,64,1.0,64,132,22,M64_D1,"64 bins
M64, D1",23,0.05826,0.01308,0.00205,0.01632,0.10261
4080,0.26384,,,0.03249,0.00882,958432.85,Bistro,9,Visibility + G-buffer,64,1.0,64,132,22,M64_D1,"64 bins
M64, D1",23,0.05756,0.0128,0.00204,0.01642,0.10317
4140,0.25154,,,0.03251,0.00837,891260.8,Bistro,9,Visibility + G-buffer,64,1.0,64,132,22,M64_D1,"64 bins
M64, D1",23,0.05024,0.01239,0.00205,0.016,0.09849
4200,0.23022,,,0.03244,0.00844,795127.2,Bistro,9,Visibility + G-buffer,64,1.0,64,132,22,M64_D1,"64 bins
M64, D1",23,0.03794,0.01149,0.00202,0.01506,0.09144
4260,0.28041,,,0.03177,0.00844,2716290.05,Bistro,9,Visibility + G-buffer,64,1.0,64,132,22,M64_D1,"64 bins
M64, D1",23,0.10502,0.0114,0.002,0.014,0.07747
4320,0.53034,,,0.03148,0.00898,7242797.15,Bistro,9,Visibility + G-buffer,64,1.0,64,132,22,M64_D1,"64 bins
M64, D1",23,0.31697,0.01419,0.00279,0.01654,0.11599
4380,0.477,,,0.03132,0.00865,6033148.0,Bistro,9,Visibility + G-buffer,64,1.0,64,132,22,M64_D1,"64 bins
M64, D1",23,0.27006,0.01367,0.00287,0.01614,0.11125
4440,0.23458,,,0.03231,0.00794,867288.75,Bistro,9,Visibility + G-buffer,64,1.0,64,132,22,M64_D1,"64 bins
M64, D1",23,0.03844,0.01144,0.00203,0.01522,0.09537
4500,0.23405,,,0.03248,0.00805,698827.95,Bistro,9,Visibility + G-buffer,64,1.0,64,132,22,M64_D1,"64 bins
M64, D1",23,0.03598,0.01153,0.00203,0.01543,0.09687
4560,0.21994,,,0.03252,0.00791,684012.3,Bistro,9,Visibility + G-buffer,64,1.0,64,132,22,M64_D1,"64 bins
M64, D1",23,0.0318,0.01116,0.00199,0.01467,0.08878
4620,0.23613,,,0.03223,0.00793,872447.4,Bistro,9,Visibility + G-buffer,64,1.0,64,132,22,M64_D1,"64 bins
M64, D1",23,0.03928,0.01151,0.00204,0.01496,0.0966
4680,0.30064,,,0.032,0.00834,2415162.35,Bistro,9,Visibility + G-buffer,64,1.0,64,132,22,M64_D1,"64 bins
M64, D1",23,0.10065,0.01254,0.00229,0.01538,0.10022
4740,0.4135,,,0.03085,0.00882,5264990.15,Bistro,9,Visibility + G-buffer,64,1.0,64,132,22,M64_D1,"64 bins
M64, D1",23,0.2242,0.01324,0.003,0.01491,0.09563
4800,0.50544,,,0.03077,0.00885,7605016.1,Bistro,9,Visibility + G-buffer,64,1.0,64,132,22,M64_D1,"64 bins
M64, D1",23,0.3207,0.01305,0.00281,0.01468,0.09154
4860,0.4897,,,0.03063,0.00881,7298187.05,Bistro,9,Visibility + G-buffer,64,1.0,64,132,22,M64_D1,"64 bins
M64, D1",23,0.31091,0.01268,0.00277,0.01431,0.08571
4920,0.49353,,,0.03057,0.00896,7437915.15,Bistro,9,Visibility + G-buffer,64,1.0,64,132,22,M64_D1,"64 bins
M64, D1",23,0.3155,0.01258,0.00274,0.01415,0.08439
4980,0.52804,,,0.03117,0.00904,8149009.9,Bistro,9,Visibility + G-buffer,64,1.0,64,132,22,M64_D1,"64 bins
M64, D1",23,0.3442,0.01285,0.00274,0.0145,0.08872
5040,0.43665,,,0.03061,0.00866,5907876.05,Bistro,9,Visibility + G-buffer,64,1.0,64,132,22,M64_D1,"64 bins
M64, D1",23,0.25489,0.01252,0.00285,0.0143,0.09071
5100,0.4615,,,0.03062,0.00887,6713387.25,Bistro,9,Visibility + G-buffer,64,1.0,64,132,22,M64_D1,"64 bins
M64, D1",23,0.28056,0.01239,0.00289,0.01416,0.08852
5160,0.54161,,,0.03065,0.00871,8461629.95,Bistro,9,Visibility + G-buffer,64,1.0,64,132,22,M64_D1,"64 bins
M64, D1",23,0.35863,0.01266,0.00285,0.01433,0.09056
5220,0.54448,,,0.03097,0.00893,8496360.0,Bistro,9,Visibility + G-buffer,64,1.0,64,132,22,M64_D1,"64 bins
M64, D1",23,0.36025,0.01245,0.00265,0.01423,0.089
5280,0.5292,,,0.03052,0.00877,8448473.2,Bistro,9,Visibility + G-buffer,64,1.0,64,132,22,M64_D1,"64 bins
M64, D1",23,0.35497,0.01233,0.0028,0.01375,0.08253
5340,0.4378,,,0.02968,0.00873,6607069.85,Bistro,9,Visibility + G-buffer,64,1.0,64,132,22,M64_D1,"64 bins
M64, D1",23,0.27867,0.01136,0.00268,0.01256,0.07091
5400,0.17445,,,0.03032,0.00795,1056943.5,Bistro,9,Visibility + G-buffer,64,1.0,64,132,22,M64_D1,"64 bins
M64, D1",23,0.03588,0.00853,0.00183,0.00993,0.04873
5460,0.14582,,,0.03034,0.00766,344217.0,Bistro,9,Visibility + G-buffer,64,1.0,64,132,22,M64_D1,"64 bins
M64, D1",23,0.01184,0.00797,0.00183,0.00918,0.04448
0,0.20654,0.06703,0.08401,0.03308,0.00884,3553381.35,Bistro,8,Deferred + prepass,255,0.0,132,132,24,M255_D0,"132 bins
M255, D0",24,,,,,
60,0.21559,0.06812,0.09302,0.0322,0.00857,3662944.3,Bistro,8,Deferred + prepass,255,0.0,132,132,24,M255_D0,"132 bins
M255, D0",24,,,,,
120,0.18618,0.0506,0.08244,0.03168,0.00815,2176008.0,Bistro,8,Deferred + prepass,255,0.0,132,132,24,M255_D0,"132 bins
M255, D0",24,,,,,
180,0.14698,0.03175,0.06279,0.03164,0.00819,1760027.75,Bistro,8,Deferred + prepass,255,0.0,132,132,24,M255_D0,"132 bins
M255, D0",24,,,,,
240,0.21615,0.06761,0.09426,0.03241,0.00851,2911562.3,Bistro,8,Deferred + prepass,255,0.0,132,132,24,M255_D0,"132 bins
M255, D0",24,,,,,
300,0.24429,0.08369,0.10634,0.03234,0.00852,3211259.3,Bistro,8,Deferred + prepass,255,0.0,132,132,24,M255_D0,"132 bins
M255, D0",24,,,,,
360,0.24144,0.08132,0.10575,0.03211,0.0085,3197534.35,Bistro,8,Deferred + prepass,255,0.0,132,132,24,M255_D0,"132 bins
M255, D0",24,,,,,
420,0.18795,0.0514,0.08383,0.03153,0.0083,2080022.75,Bistro,8,Deferred + prepass,255,0.0,132,132,24,M255_D0,"132 bins
M255, D0",24,,,,,
480,0.19655,0.05704,0.08686,0.03141,0.00825,2143202.1,Bistro,8,Deferred + prepass,255,0.0,132,132,24,M255_D0,"132 bins
M255, D0",24,,,,,
540,0.20977,0.06396,0.09208,0.0317,0.00847,2652802.15,Bistro,8,Deferred + prepass,255,0.0,132,132,24,M255_D0,"132 bins
M255, D0",24,,,,,
600,0.21399,0.06652,0.09475,0.03142,0.00822,2718203.4,Bistro,8,Deferred + prepass,255,0.0,132,132,24,M255_D0,"132 bins
M255, D0",24,,,,,
660,0.15185,0.03394,0.06611,0.03135,0.00807,1551084.95,Bistro,8,Deferred + prepass,255,0.0,132,132,24,M255_D0,"132 bins
M255, D0",24,,,,,
720,0.19029,0.05699,0.07934,0.03213,0.00855,2455791.85,Bistro,8,Deferred + prepass,255,0.0,132,132,24,M255_D0,"132 bins
M255, D0",24,,,,,
780,0.18168,0.05394,0.07444,0.03189,0.00848,2049572.45,Bistro,8,Deferred + prepass,255,0.0,132,132,24,M255_D0,"132 bins
M255, D0",24,,,,,
840,0.12251,0.02318,0.04758,0.03157,0.00804,904159.35,Bistro,8,Deferred + prepass,255,0.0,132,132,24,M255_D0,"132 bins
M255, D0",24,,,,,
900,0.19578,0.05645,0.08598,0.03153,0.00841,2916661.7,Bistro,8,Deferred + prepass,255,0.0,132,132,24,M255_D0,"132 bins
M255, D0",24,,,,,
960,0.23726,0.07849,0.10435,0.03224,0.00853,3578981.25,Bistro,8,Deferred + prepass,255,0.0,132,132,24,M255_D0,"132 bins
M255, D0",24,,,,,
1020,0.20982,0.06558,0.08997,0.03231,0.00857,2767377.4,Bistro,8,Deferred + prepass,255,0.0,132,132,24,M255_D0,"132 bins
M255, D0",24,,,,,
1080,0.20628,0.06461,0.08866,0.03189,0.00843,2271770.15,Bistro,8,Deferred + prepass,255,0.0,132,132,24,M255_D0,"132 bins
M255, D0",24,,,,,
1140,0.23054,0.07778,0.09881,0.03212,0.00855,2903832.2,Bistro,8,Deferred + prepass,255,0.0,132,132,24,M255_D0,"132 bins
M255, D0",24,,,,,
1200,0.2061,0.06544,0.08702,0.03199,0.00834,2424988.15,Bistro,8,Deferred + prepass,255,0.0,132,132,24,M255_D0,"132 bins
M255, D0",24,,,,,
1260,0.18812,0.0563,0.07827,0.03174,0.00825,2026572.1,Bistro,8,Deferred + prepass,255,0.0,132,132,24,M255_D0,"132 bins
M255, D0",24,,,,,
1320,0.19708,0.06108,0.08292,0.03188,0.00849,2301510.5,Bistro,8,Deferred + prepass,255,0.0,132,132,24,M255_D0,"132 bins
M255, D0",24,,,,,
1380,0.20179,0.06186,0.08663,0.03192,0.00849,2404923.35,Bistro,8,Deferred + prepass,255,0.0,132,132,24,M255_D0,"132 bins
M255, D0",24,,,,,
1440,0.21369,0.06585,0.09364,0.03223,0.0085,2983851.65,Bistro,8,Deferred + prepass,255,0.0,132,132,24,M255_D0,"132 bins
M255, D0",24,,,,,
1500,0.34477,0.12457,0.1651,0.03247,0.00849,5965339.5,Bistro,8,Deferred + prepass,255,0.0,132,132,24,M255_D0,"132 bins
M255, D0",24,,,,,
1560,0.37271,0.13905,0.17919,0.03241,0.00849,6425388.5,Bistro,8,Deferred + prepass,255,0.0,132,132,24,M255_D0,"132 bins
M255, D0",24,,,,,
1620,0.37249,0.13835,0.17958,0.03218,0.00852,6351675.3,Bistro,8,Deferred + prepass,255,0.0,132,132,24,M255_D0,"132 bins
M255, D0",24,,,,,
1680,0.2565,0.08096,0.12168,0.03173,0.00852,3853289.1,Bistro,8,Deferred + prepass,255,0.0,132,132,24,M255_D0,"132 bins
M255, D0",24,,,,,
1740,0.17339,0.04526,0.07528,0.03127,0.00852,1807302.25,Bistro,8,Deferred + prepass,255,0.0,132,132,24,M255_D0,"132 bins
M255, D0",24,,,,,
1800,0.17177,0.04452,0.07473,0.03112,0.00857,1503980.35,Bistro,8,Deferred + prepass,255,0.0,132,132,24,M255_D0,"132 bins
M255, D0",24,,,,,
1860,0.16836,0.04224,0.07434,0.03096,0.00845,1304820.9,Bistro,8,Deferred + prepass,255,0.0,132,132,24,M255_D0,"132 bins
M255, D0",24,,,,,
1920,0.16495,0.03916,0.07413,0.03095,0.00815,1271388.55,Bistro,8,Deferred + prepass,255,0.0,132,132,24,M255_D0,"132 bins
M255, D0",24,,,,,
1980,0.15936,0.03464,0.07346,0.03091,0.00804,1145896.95,Bistro,8,Deferred + prepass,255,0.0,132,132,24,M255_D0,"132 bins
M255, D0",24,,,,,
2040,0.1535,0.03154,0.07099,0.03088,0.00792,833803.5,Bistro,8,Deferred + prepass,255,0.0,132,132,24,M255_D0,"132 bins
M255, D0",24,,,,,
2100,0.14783,0.02921,0.06752,0.03094,0.00794,724541.55,Bistro,8,Deferred + prepass,255,0.0,132,132,24,M255_D0,"132 bins
M255, D0",24,,,,,
2160,0.14189,0.0259,0.0649,0.03103,0.00794,651558.7,Bistro,8,Deferred + prepass,255,0.0,132,132,24,M255_D0,"132 bins
M255, D0",24,,,,,
2220,0.13869,0.02231,0.06534,0.03093,0.00796,606690.35,Bistro,8,Deferred + prepass,255,0.0,132,132,24,M255_D0,"132 bins
M255, D0",24,,,,,
2280,0.10161,0.01318,0.03732,0.03099,0.00793,387407.3,Bistro,8,Deferred + prepass,255,0.0,132,132,24,M255_D0,"132 bins
M255, D0",24,,,,,
2340,0.17989,0.05024,0.07629,0.03191,0.00834,2264677.55,Bistro,8,Deferred + prepass,255,0.0,132,132,24,M255_D0,"132 bins
M255, D0",24,,,,,
2400,0.27058,0.09173,0.12424,0.03248,0.00848,3983123.9,Bistro,8,Deferred + prepass,255,0.0,132,132,24,M255_D0,"132 bins
M255, D0",24,,,,,
2460,0.27972,0.09642,0.12888,0.03232,0.00853,4233659.5,Bistro,8,Deferred + prepass,255,0.0,132,132,24,M255_D0,"132 bins
M255, D0",24,,,,,
2520,0.25422,0.08563,0.11406,0.0324,0.00853,3774183.4,Bistro,8,Deferred + prepass,255,0.0,132,132,24,M255_D0,"132 bins
M255, D0",24,,,,,
2580,0.22479,0.07923,0.09192,0.03207,0.00853,2738790.2,Bistro,8,Deferred + prepass,255,0.0,132,132,24,M255_D0,"132 bins
M255, D0",24,,,,,
2640,0.20825,0.07073,0.08492,0.03172,0.00848,2234217.4,Bistro,8,Deferred + prepass,255,0.0,132,132,24,M255_D0,"132 bins
M255, D0",24,,,,,
2700,0.19199,0.05428,0.08584,0.03117,0.00857,1876452.05,Bistro,8,Deferred + prepass,255,0.0,132,132,24,M255_D0,"132 bins
M255, D0",24,,,,,
2760,0.17988,0.04547,0.0832,0.03102,0.00804,1554160.7,Bistro,8,Deferred + prepass,255,0.0,132,132,24,M255_D0,"132 bins
M255, D0",24,,,,,
2820,0.17887,0.04736,0.08053,0.03096,0.00799,1444209.8,Bistro,8,Deferred + prepass,255,0.0,132,132,24,M255_D0,"132 bins
M255, D0",24,,,,,
2880,0.15964,0.04073,0.06749,0.03139,0.00793,1270269.5,Bistro,8,Deferred + prepass,255,0.0,132,132,24,M255_D0,"132 bins
M255, D0",24,,,,,
2940,0.15062,0.03393,0.06505,0.03128,0.00793,1185182.6,Bistro,8,Deferred + prepass,255,0.0,132,132,24,M255_D0,"132 bins
M255, D0",24,,,,,
3000,0.25468,0.08474,0.11671,0.03199,0.00823,3737532.35,Bistro,8,Deferred + prepass,255,0.0,132,132,24,M255_D0,"132 bins
M255, D0",24,,,,,
3060,0.3335,0.12029,0.15878,0.0323,0.00849,5419981.65,Bistro,8,Deferred + prepass,255,0.0,132,132,24,M255_D0,"132 bins
M255, D0",24,,,,,
3120,0.33124,0.11966,0.15692,0.0323,0.00861,5328916.45,Bistro,8,Deferred + prepass,255,0.0,132,132,24,M255_D0,"132 bins
M255, D0",24,,,,,
3180,0.32192,0.11587,0.15152,0.03231,0.00859,4942521.95,Bistro,8,Deferred + prepass,255,0.0,132,132,24,M255_D0,"132 bins
M255, D0",24,,,,,
3240,0.28952,0.10282,0.13221,0.03233,0.00859,4355188.5,Bistro,8,Deferred + prepass,255,0.0,132,132,24,M255_D0,"132 bins
M255, D0",24,,,,,
3300,0.26927,0.09405,0.12097,0.03219,0.00857,3918437.6,Bistro,8,Deferred + prepass,255,0.0,132,132,24,M255_D0,"132 bins
M255, D0",24,,,,,
3360,0.25071,0.08353,0.1128,0.03222,0.00855,3488605.15,Bistro,8,Deferred + prepass,255,0.0,132,132,24,M255_D0,"132 bins
M255, D0",24,,,,,
3420,0.23533,0.07793,0.10322,0.03205,0.00855,3070083.2,Bistro,8,Deferred + prepass,255,0.0,132,132,24,M255_D0,"132 bins
M255, D0",24,,,,,
3480,0.22826,0.07671,0.09763,0.0319,0.00852,2804740.95,Bistro,8,Deferred + prepass,255,0.0,132,132,24,M255_D0,"132 bins
M255, D0",24,,,,,
3540,0.21632,0.06988,0.09368,0.03167,0.00858,2554279.0,Bistro,8,Deferred + prepass,255,0.0,132,132,24,M255_D0,"132 bins
M255, D0",24,,,,,
3600,0.21031,0.06828,0.08921,0.03176,0.00853,2404749.2,Bistro,8,Deferred + prepass,255,0.0,132,132,24,M255_D0,"132 bins
M255, D0",24,,,,,
3660,0.20368,0.06669,0.08385,0.03208,0.00846,2364661.4,Bistro,8,Deferred + prepass,255,0.0,132,132,24,M255_D0,"132 bins
M255, D0",24,,,,,
3720,0.20259,0.06164,0.08821,0.03182,0.00846,2323845.85,Bistro,8,Deferred + prepass,255,0.0,132,132,24,M255_D0,"132 bins
M255, D0",24,,,,,
3780,0.20109,0.06232,0.0862,0.03159,0.00844,2171285.25,Bistro,8,Deferred + prepass,255,0.0,132,132,24,M255_D0,"132 bins
M255, D0",24,,,,,
3840,0.19347,0.05859,0.0823,0.03151,0.00844,2069926.1,Bistro,8,Deferred + prepass,255,0.0,132,132,24,M255_D0,"132 bins
M255, D0",24,,,,,
3900,0.18087,0.05076,0.07855,0.03115,0.00805,1706132.85,Bistro,8,Deferred + prepass,255,0.0,132,132,24,M255_D0,"132 bins
M255, D0",24,,,,,
3960,0.1771,0.04461,0.08151,0.03083,0.0079,1310622.9,Bistro,8,Deferred + prepass,255,0.0,132,132,24,M255_D0,"132 bins
M255, D0",24,,,,,
4020,0.17243,0.03967,0.08195,0.03073,0.00793,1119696.9,Bistro,8,Deferred + prepass,255,0.0,132,132,24,M255_D0,"132 bins
M255, D0",24,,,,,
4080,0.17688,0.04321,0.08303,0.03064,0.00798,958432.85,Bistro,8,Deferred + prepass,255,0.0,132,132,24,M255_D0,"132 bins
M255, D0",24,,,,,
4140,0.16605,0.0359,0.07915,0.03062,0.00794,891260.8,Bistro,8,Deferred + prepass,255,0.0,132,132,24,M255_D0,"132 bins
M255, D0",24,,,,,
4200,0.14751,0.02774,0.06909,0.03077,0.00789,795127.2,Bistro,8,Deferred + prepass,255,0.0,132,132,24,M255_D0,"132 bins
M255, D0",24,,,,,
4260,0.1853,0.05346,0.07931,0.03173,0.00814,2716290.05,Bistro,8,Deferred + prepass,255,0.0,132,132,24,M255_D0,"132 bins
M255, D0",24,,,,,
4320,0.43012,0.17077,0.20513,0.03199,0.00853,7242797.15,Bistro,8,Deferred + prepass,255,0.0,132,132,24,M255_D0,"132 bins
M255, D0",24,,,,,
4380,0.38036,0.1463,0.18001,0.03221,0.00835,6033148.0,Bistro,8,Deferred + prepass,255,0.0,132,132,24,M255_D0,"132 bins
M255, D0",24,,,,,
4440,0.12778,0.02024,0.05624,0.03134,0.00781,867288.75,Bistro,8,Deferred + prepass,255,0.0,132,132,24,M255_D0,"132 bins
M255, D0",24,,,,,
4500,0.14101,0.0236,0.06693,0.0307,0.00784,698827.95,Bistro,8,Deferred + prepass,255,0.0,132,132,24,M255_D0,"132 bins
M255, D0",24,,,,,
4560,0.13285,0.02253,0.05993,0.03079,0.00777,684012.3,Bistro,8,Deferred + prepass,255,0.0,132,132,24,M255_D0,"132 bins
M255, D0",24,,,,,
4620,0.13751,0.02674,0.05978,0.03095,0.00784,872447.4,Bistro,8,Deferred + prepass,255,0.0,132,132,24,M255_D0,"132 bins
M255, D0",24,,,,,
4680,0.19291,0.05545,0.08493,0.03142,0.00828,2415162.35,Bistro,8,Deferred + prepass,255,0.0,132,132,24,M255_D0,"132 bins
M255, D0",24,,,,,
4740,0.29792,0.1064,0.13703,0.03229,0.00839,5264990.15,Bistro,8,Deferred + prepass,255,0.0,132,132,24,M255_D0,"132 bins
M255, D0",24,,,,,
4800,0.41795,0.16647,0.19712,0.03196,0.00852,7605016.1,Bistro,8,Deferred + prepass,255,0.0,132,132,24,M255_D0,"132 bins
M255, D0",24,,,,,
4860,0.41051,0.16519,0.19089,0.03187,0.00872,7298187.05,Bistro,8,Deferred + prepass,255,0.0,132,132,24,M255_D0,"132 bins
M255, D0",24,,,,,
4920,0.41444,0.16739,0.19261,0.03169,0.00866,7437915.15,Bistro,8,Deferred + prepass,255,0.0,132,132,24,M255_D0,"132 bins
M255, D0",24,,,,,
4980,0.44759,0.1812,0.21178,0.03192,0.00868,8149009.9,Bistro,8,Deferred + prepass,255,0.0,132,132,24,M255_D0,"132 bins
M255, D0",24,,,,,
5040,0.34626,0.1337,0.15877,0.03173,0.00833,5907876.05,Bistro,8,Deferred + prepass,255,0.0,132,132,24,M255_D0,"132 bins
M255, D0",24,,,,,
5100,0.37743,0.1485,0.17475,0.03177,0.00828,6713387.25,Bistro,8,Deferred + prepass,255,0.0,132,132,24,M255_D0,"132 bins
M255, D0",24,,,,,
5160,0.46544,0.18985,0.22119,0.03219,0.00835,8461629.95,Bistro,8,Deferred + prepass,255,0.0,132,132,24,M255_D0,"132 bins
M255, D0",24,,,,,
5220,0.46951,0.19295,0.22251,0.03182,0.00845,8496360.0,Bistro,8,Deferred + prepass,255,0.0,132,132,24,M255_D0,"132 bins
M255, D0",24,,,,,
5280,0.46392,0.1903,0.21978,0.03164,0.00843,8448473.2,Bistro,8,Deferred + prepass,255,0.0,132,132,24,M255_D0,"132 bins
M255, D0",24,,,,,
5340,0.3717,0.14816,0.16967,0.03167,0.00856,6607069.85,Bistro,8,Deferred + prepass,255,0.0,132,132,24,M255_D0,"132 bins
M255, D0",24,,,,,
5400,0.09452,0.02102,0.02207,0.03098,0.00796,1056943.5,Bistro,8,Deferred + prepass,255,0.0,132,132,24,M255_D0,"132 bins
M255, D0",24,,,,,
5460,0.06439,0.00722,0.00597,0.03087,0.00772,344217.0,Bistro,8,Deferred + prepass,255,0.0,132,132,24,M255_D0,"132 bins
M255, D0",24,,,,,
0,0.40553,,,0.03196,0.01038,3553381.35,Bistro,9,Visibility + G-buffer,255,0.0,132,132,24,M255_D0,"132 bins
M255, D0",25,0.19181,0.01168,0.00219,0.01338,0.11273
60,0.43512,,,0.03328,0.01053,3662944.3,Bistro,9,Visibility + G-buffer,255,0.0,132,132,24,M255_D0,"132 bins
M255, D0",25,0.20441,0.01256,0.00215,0.0143,0.12591
120,0.38656,,,0.03393,0.01005,2176008.0,Bistro,9,Visibility + G-buffer,255,0.0,132,132,24,M255_D0,"132 bins
M255, D0",25,0.13658,0.01326,0.00215,0.0156,0.14379
180,0.34092,,,0.03373,0.0097,1760027.75,Bistro,9,Visibility + G-buffer,255,0.0,132,132,24,M255_D0,"132 bins
M255, D0",25,0.09523,0.01245,0.00213,0.01532,0.14067
240,0.36958,,,0.03396,0.00964,2911562.3,Bistro,9,Visibility + G-buffer,255,0.0,132,132,24,M255_D0,"132 bins
M255, D0",25,0.12913,0.01256,0.00204,0.01557,0.13547
300,0.38638,,,0.03416,0.01003,3211259.3,Bistro,9,Visibility + G-buffer,255,0.0,132,132,24,M255_D0,"132 bins
M255, D0",25,0.14411,0.01284,0.00204,0.01562,0.13676
360,0.38497,,,0.03421,0.01007,3197534.35,Bistro,9,Visibility + G-buffer,255,0.0,132,132,24,M255_D0,"132 bins
M255, D0",25,0.14323,0.01301,0.00205,0.01574,0.13589
420,0.33544,,,0.03389,0.0095,2080022.75,Bistro,9,Visibility + G-buffer,255,0.0,132,132,24,M255_D0,"132 bins
M255, D0",25,0.09707,0.01232,0.00204,0.01544,0.13369
480,0.3373,,,0.03373,0.00922,2143202.1,Bistro,9,Visibility + G-buffer,255,0.0,132,132,24,M255_D0,"132 bins
M255, D0",25,0.09935,0.01252,0.00205,0.01549,0.13348
540,0.36157,,,0.03359,0.00951,2652802.15,Bistro,9,Visibility + G-buffer,255,0.0,132,132,24,M255_D0,"132 bins
M255, D0",25,0.12241,0.01276,0.00204,0.01561,0.13413
600,0.37039,,,0.03331,0.00905,2718203.4,Bistro,9,Visibility + G-buffer,255,0.0,132,132,24,M255_D0,"132 bins
M255, D0",25,0.1319,0.0129,0.00205,0.01558,0.13404
660,0.30693,,,0.03314,0.00907,1551084.95,Bistro,9,Visibility + G-buffer,255,0.0,132,132,24,M255_D0,"132 bins
M255, D0",25,0.07239,0.01212,0.00205,0.01546,0.13159
720,0.34778,,,0.0336,0.00917,2455791.85,Bistro,9,Visibility + G-buffer,255,0.0,132,132,24,M255_D0,"132 bins
M255, D0",25,0.11258,0.01218,0.00204,0.0154,0.13164
780,0.33359,,,0.03297,0.0092,2049572.45,Bistro,9,Visibility + G-buffer,255,0.0,132,132,24,M255_D0,"132 bins
M255, D0",25,0.10139,0.0116,0.00204,0.0151,0.12939
840,0.2822,,,0.0328,0.00888,904159.35,Bistro,9,Visibility + G-buffer,255,0.0,132,132,24,M255_D0,"132 bins
M255, D0",25,0.05251,0.01093,0.00204,0.01476,0.12882
900,0.35896,,,0.03269,0.00905,2916661.7,Bistro,9,Visibility + G-buffer,255,0.0,132,132,24,M255_D0,"132 bins
M255, D0",25,0.13123,0.01151,0.00213,0.01495,0.12665
960,0.38561,,,0.03206,0.00787,3578981.25,Bistro,9,Visibility + G-buffer,255,0.0,132,132,24,M255_D0,"132 bins
M255, D0",25,0.15675,0.01302,0.00313,0.01581,0.13483
1020,0.35674,,,0.03265,0.00834,2767377.4,Bistro,9,Visibility + G-buffer,255,0.0,132,132,24,M255_D0,"132 bins
M255, D0",25,0.12383,0.0128,0.00278,0.01575,0.13581
1080,0.34214,,,0.03287,0.00845,2271770.15,Bistro,9,Visibility + G-buffer,255,0.0,132,132,24,M255_D0,"132 bins
M255, D0",25,0.107,0.0126,0.00267,0.01554,0.13735
1140,0.37326,,,0.03269,0.00874,2903832.2,Bistro,9,Visibility + G-buffer,255,0.0,132,132,24,M255_D0,"132 bins
M255, D0",25,0.13617,0.01324,0.00263,0.01589,0.13972
1200,0.35599,,,0.03285,0.00874,2424988.15,Bistro,9,Visibility + G-buffer,255,0.0,132,132,24,M255_D0,"132 bins
M255, D0",25,0.11724,0.01333,0.00247,0.01596,0.14025
1260,0.33548,,,0.03284,0.00861,2026572.1,Bistro,9,Visibility + G-buffer,255,0.0,132,132,24,M255_D0,"132 bins
M255, D0",25,0.09959,0.01285,0.00257,0.01567,0.13769
1320,0.34179,,,0.03239,0.0084,2301510.5,Bistro,9,Visibility + G-buffer,255,0.0,132,132,24,M255_D0,"132 bins
M255, D0",25,0.1096,0.01253,0.00283,0.01553,0.13615
1380,0.34656,,,0.03212,0.00846,2404923.35,Bistro,9,Visibility + G-buffer,255,0.0,132,132,24,M255_D0,"132 bins
M255, D0",25,0.11236,0.01314,0.00266,0.01588,0.13822
1440,0.36615,,,0.03263,0.00847,2983851.65,Bistro,9,Visibility + G-buffer,255,0.0,132,132,24,M255_D0,"132 bins
M255, D0",25,0.12866,0.01363,0.00259,0.0163,0.13949
1500,0.48004,,,0.0324,0.00869,5965339.5,Bistro,9,Visibility + G-buffer,255,0.0,132,132,24,M255_D0,"132 bins
M255, D0",25,0.24323,0.01449,0.0029,0.01626,0.13935
1560,0.50147,,,0.03234,0.00877,6425388.5,Bistro,9,Visibility + G-buffer,255,0.0,132,132,24,M255_D0,"132 bins
M255, D0",25,0.26898,0.01392,0.00281,0.0159,0.13582
1620,0.50167,,,0.0324,0.00875,6351675.3,Bistro,9,Visibility + G-buffer,255,0.0,132,132,24,M255_D0,"132 bins
M255, D0",25,0.26494,0.01471,0.00296,0.01645,0.13862
1680,0.40385,,,0.03238,0.00868,3853289.1,Bistro,9,Visibility + G-buffer,255,0.0,132,132,24,M255_D0,"132 bins
M255, D0",25,0.16699,0.0138,0.00278,0.01601,0.13912
1740,0.31937,,,0.03278,0.0091,1807302.25,Bistro,9,Visibility + G-buffer,255,0.0,132,132,24,M255_D0,"132 bins
M255, D0",25,0.08102,0.01283,0.00245,0.01577,0.13782
1800,0.30795,,,0.03209,0.00907,1503980.35,Bistro,9,Visibility + G-buffer,255,0.0,132,132,24,M255_D0,"132 bins
M255, D0",25,0.07329,0.01261,0.00249,0.01565,0.13571
1860,0.29757,,,0.03183,0.00873,1304820.9,Bistro,9,Visibility + G-buffer,255,0.0,132,132,24,M255_D0,"132 bins
M255, D0",25,0.0667,0.01259,0.00282,0.0157,0.13437
1920,0.29971,,,0.0326,0.00911,1271388.55,Bistro,9,Visibility + G-buffer,255,0.0,132,132,24,M255_D0,"132 bins
M255, D0",25,0.06448,0.01256,0.00239,0.01574,0.13482
1980,0.29397,,,0.03267,0.00919,1145896.95,Bistro,9,Visibility + G-buffer,255,0.0,132,132,24,M255_D0,"132 bins
M255, D0",25,0.0595,0.01247,0.00239,0.01574,0.13401
2040,0.28623,,,0.03318,0.00873,833803.5,Bistro,9,Visibility + G-buffer,255,0.0,132,132,24,M255_D0,"132 bins
M255, D0",25,0.05017,0.012,0.00206,0.01557,0.1331
2100,0.28094,,,0.03302,0.00899,724541.55,Bistro,9,Visibility + G-buffer,255,0.0,132,132,24,M255_D0,"132 bins
M255, D0",25,0.04635,0.01188,0.00206,0.01547,0.13159
2160,0.27725,,,0.03304,0.00887,651558.7,Bistro,9,Visibility + G-buffer,255,0.0,132,132,24,M255_D0,"132 bins
M255, D0",25,0.0436,0.01176,0.00204,0.01545,0.13075
2220,0.27265,,,0.03296,0.00893,606690.35,Bistro,9,Visibility + G-buffer,255,0.0,132,132,24,M255_D0,"132 bins
M255, D0",25,0.04109,0.0115,0.00204,0.01525,0.12889
2280,0.22365,,,0.0317,0.00791,387407.3,Bistro,9,Visibility + G-buffer,255,0.0,132,132,24,M255_D0,"132 bins
M255, D0",25,0.02466,0.00992,0.00192,0.0128,0.10379
2340,0.32383,,,0.03217,0.00804,2264677.55,Bistro,9,Visibility + G-buffer,255,0.0,132,132,24,M255_D0,"132 bins
M255, D0",25,0.10596,0.01152,0.00251,0.01441,0.1231
2400,0.41517,,,0.03304,0.00841,3983123.9,Bistro,9,Visibility + G-buffer,255,0.0,132,132,24,M255_D0,"132 bins
M255, D0",25,0.18007,0.01293,0.00271,0.01562,0.13696
2460,0.4224,,,0.03237,0.00797,4233659.5,Bistro,9,Visibility + G-buffer,255,0.0,132,132,24,M255_D0,"132 bins
M255, D0",25,0.19043,0.0131,0.00304,0.01581,0.13706
2520,0.40067,,,0.03265,0.00823,3774183.4,Bistro,9,Visibility + G-buffer,255,0.0,132,132,24,M255_D0,"132 bins
M255, D0",25,0.16847,0.01306,0.00262,0.01582,0.13559
2580,0.3649,,,0.03241,0.00829,2738790.2,Bistro,9,Visibility + G-buffer,255,0.0,132,132,24,M255_D0,"132 bins
M255, D0",25,0.13391,0.01254,0.00287,0.01566,0.13397
2640,0.34176,,,0.03234,0.00843,2234217.4,Bistro,9,Visibility + G-buffer,255,0.0,132,132,24,M255_D0,"132 bins
M255, D0",25,0.11194,0.01239,0.0027,0.01557,0.13224
2700,0.32414,,,0.03262,0.00861,1876452.05,Bistro,9,Visibility + G-buffer,255,0.0,132,132,24,M255_D0,"132 bins
M255, D0",25,0.09277,0.01229,0.00256,0.01556,0.13272
2760,0.3117,,,0.03317,0.00878,1554160.7,Bistro,9,Visibility + G-buffer,255,0.0,132,132,24,M255_D0,"132 bins
M255, D0",25,0.07832,0.01193,0.00222,0.01537,0.13271
2820,0.30848,,,0.03323,0.00884,1444209.8,Bistro,9,Visibility + G-buffer,255,0.0,132,132,24,M255_D0,"132 bins
M255, D0",25,0.07329,0.01201,0.00221,0.01541,0.13392
2880,0.30277,,,0.03349,0.00905,1270269.5,Bistro,9,Visibility + G-buffer,255,0.0,132,132,24,M255_D0,"132 bins
M255, D0",25,0.0684,0.01173,0.00205,0.01524,0.13103
2940,0.29561,,,0.0335,0.00904,1185182.6,Bistro,9,Visibility + G-buffer,255,0.0,132,132,24,M255_D0,"132 bins
M255, D0",25,0.05979,0.01183,0.00205,0.01538,0.13232
3000,0.38882,,,0.03289,0.00887,3737532.35,Bistro,9,Visibility + G-buffer,255,0.0,132,132,24,M255_D0,"132 bins
M255, D0",25,0.15832,0.01244,0.00249,0.01528,0.13149
3060,0.45782,,,0.03272,0.00878,5419981.65,Bistro,9,Visibility + G-buffer,255,0.0,132,132,24,M255_D0,"132 bins
M255, D0",25,0.22538,0.01319,0.00281,0.01567,0.13627
3120,0.46064,,,0.0328,0.00891,5328916.45,Bistro,9,Visibility + G-buffer,255,0.0,132,132,24,M255_D0,"132 bins
M255, D0",25,0.2222,0.01367,0.00258,0.01601,0.14008
3180,0.45072,,,0.03331,0.00931,4942521.95,Bistro,9,Visibility + G-buffer,255,0.0,132,132,24,M255_D0,"132 bins
M255, D0",25,0.20981,0.01352,0.00232,0.016,0.13917
3240,0.42254,,,0.03259,0.00895,4355188.5,Bistro,9,Visibility + G-buffer,255,0.0,132,132,24,M255_D0,"132 bins
M255, D0",25,0.18726,0.01373,0.00262,0.01614,0.13737
3300,0.40202,,,0.0325,0.00876,3918437.6,Bistro,9,Visibility + G-buffer,255,0.0,132,132,24,M255_D0,"132 bins
M255, D0",25,0.16988,0.01363,0.00255,0.01613,0.13549
3360,0.38566,,,0.03247,0.00891,3488605.15,Bistro,9,Visibility + G-buffer,255,0.0,132,132,24,M255_D0,"132 bins
M255, D0",25,0.15343,0.01341,0.00253,0.01606,0.13512
3420,0.36907,,,0.03248,0.00882,3070083.2,Bistro,9,Visibility + G-buffer,255,0.0,132,132,24,M255_D0,"132 bins
M255, D0",25,0.13781,0.01333,0.0027,0.01583,0.1341
3480,0.35628,,,0.03218,0.00844,2804740.95,Bistro,9,Visibility + G-buffer,255,0.0,132,132,24,M255_D0,"132 bins
M255, D0",25,0.12821,0.01269,0.00296,0.0155,0.13275
3540,0.34522,,,0.03211,0.00809,2554279.0,Bistro,9,Visibility + G-buffer,255,0.0,132,132,24,M255_D0,"132 bins
M255, D0",25,0.12077,0.01204,0.00303,0.01524,0.13084
3600,0.35007,,,0.03352,0.0088,2404749.2,Bistro,9,Visibility + G-buffer,255,0.0,132,132,24,M255_D0,"132 bins
M255, D0",25,0.11598,0.01182,0.00232,0.01522,0.13337
3660,0.33821,,,0.03215,0.00819,2364661.4,Bistro,9,Visibility + G-buffer,255,0.0,132,132,24,M255_D0,"132 bins
M255, D0",25,0.11059,0.01239,0.00264,0.01506,0.13374
3720,0.33168,,,0.03206,0.00813,2323845.85,Bistro,9,Visibility + G-buffer,255,0.0,132,132,24,M255_D0,"132 bins
M255, D0",25,0.10452,0.01243,0.00265,0.01491,0.13325
3780,0.32128,,,0.03178,0.0081,2171285.25,Bistro,9,Visibility + G-buffer,255,0.0,132,132,24,M255_D0,"132 bins
M255, D0",25,0.09837,0.01219,0.00285,0.01466,0.12943
3840,0.31451,,,0.0324,0.00839,2069926.1,Bistro,9,Visibility + G-buffer,255,0.0,132,132,24,M255_D0,"132 bins
M255, D0",25,0.09172,0.01198,0.00237,0.01449,0.12603
3900,0.30099,,,0.03307,0.00871,1706132.85,Bistro,9,Visibility + G-buffer,255,0.0,132,132,24,M255_D0,"132 bins
M255, D0",25,0.07605,0.0119,0.00217,0.01439,0.1249
3960,0.29174,,,0.03317,0.00897,1310622.9,Bistro,9,Visibility + G-buffer,255,0.0,132,132,24,M255_D0,"132 bins
M255, D0",25,0.06375,0.01191,0.00209,0.01464,0.12597
4020,0.28853,,,0.03322,0.00902,1119696.9,Bistro,9,Visibility + G-buffer,255,0.0,132,132,24,M255_D0,"132 bins
M255, D0",25,0.05809,0.01174,0.00208,0.01492,0.12716
4080,0.28877,,,0.03319,0.00882,958432.85,Bistro,9,Visibility + G-buffer,255,0.0,132,132,24,M255_D0,"132 bins
M255, D0",25,0.05755,0.01163,0.00207,0.01488,0.1282
4140,0.27523,,,0.03318,0.00838,891260.8,Bistro,9,Visibility + G-buffer,255,0.0,132,132,24,M255_D0,"132 bins
M255, D0",25,0.05029,0.01139,0.00208,0.01456,0.12459
4200,0.2556,,,0.03291,0.00846,795127.2,Bistro,9,Visibility + G-buffer,255,0.0,132,132,24,M255_D0,"132 bins
M255, D0",25,0.038,0.01093,0.00205,0.01416,0.1182
4260,0.30485,,,0.03167,0.00826,2716290.05,Bistro,9,Visibility + G-buffer,255,0.0,132,132,24,M255_D0,"132 bins
M255, D0",25,0.10483,0.01105,0.00217,0.01341,0.10494
4320,0.5446,,,0.03257,0.00858,7242797.15,Bistro,9,Visibility + G-buffer,255,0.0,132,132,24,M255_D0,"132 bins
M255, D0",25,0.31623,0.01379,0.00281,0.01536,0.13294
4380,0.49458,,,0.03255,0.00851,6033148.0,Bistro,9,Visibility + G-buffer,255,0.0,132,132,24,M255_D0,"132 bins
M255, D0",25,0.2697,0.01322,0.0025,0.01501,0.12942
4440,0.25757,,,0.03294,0.00801,867288.75,Bistro,9,Visibility + G-buffer,255,0.0,132,132,24,M255_D0,"132 bins
M255, D0",25,0.03848,0.01098,0.00202,0.01432,0.11989
4500,0.25968,,,0.03326,0.00811,698827.95,Bistro,9,Visibility + G-buffer,255,0.0,132,132,24,M255_D0,"132 bins
M255, D0",25,0.03612,0.01085,0.00208,0.01451,0.12336
4560,0.24686,,,0.03295,0.00798,684012.3,Bistro,9,Visibility + G-buffer,255,0.0,132,132,24,M255_D0,"132 bins
M255, D0",25,0.03191,0.0105,0.00204,0.01377,0.11674
4620,0.26011,,,0.03289,0.00796,872447.4,Bistro,9,Visibility + G-buffer,255,0.0,132,132,24,M255_D0,"132 bins
M255, D0",25,0.0394,0.01103,0.00208,0.01426,0.12143
4680,0.32135,,,0.0328,0.00841,2415162.35,Bistro,9,Visibility + G-buffer,255,0.0,132,132,24,M255_D0,"132 bins
M255, D0",25,0.10048,0.01176,0.00214,0.01424,0.12202
4740,0.43508,,,0.03164,0.00862,5264990.15,Bistro,9,Visibility + G-buffer,255,0.0,132,132,24,M255_D0,"132 bins
M255, D0",25,0.22397,0.01279,0.00294,0.014,0.11773
4800,0.52503,,,0.03139,0.0087,7605016.1,Bistro,9,Visibility + G-buffer,255,0.0,132,132,24,M255_D0,"132 bins
M255, D0",25,0.32034,0.01263,0.0027,0.01382,0.11164
4860,0.51108,,,0.03106,0.00891,7298187.05,Bistro,9,Visibility + G-buffer,255,0.0,132,132,24,M255_D0,"132 bins
M255, D0",25,0.31076,0.01231,0.00278,0.01358,0.10658
4920,0.51224,,,0.03057,0.00865,7437915.15,Bistro,9,Visibility + G-buffer,255,0.0,132,132,24,M255_D0,"132 bins
M255, D0",25,0.31563,0.01234,0.00278,0.01348,0.10509
4980,0.5455,,,0.03124,0.00873,8149009.9,Bistro,9,Visibility + G-buffer,255,0.0,132,132,24,M255_D0,"132 bins
M255, D0",25,0.34422,0.01263,0.00277,0.0137,0.10874
5040,0.45886,,,0.03142,0.00875,5907876.05,Bistro,9,Visibility + G-buffer,255,0.0,132,132,24,M255_D0,"132 bins
M255, D0",25,0.2547,0.01215,0.00285,0.01366,0.11104
5100,0.48451,,,0.03152,0.00919,6713387.25,Bistro,9,Visibility + G-buffer,255,0.0,132,132,24,M255_D0,"132 bins
M255, D0",25,0.28082,0.01196,0.00247,0.0135,0.10851
5160,0.55795,,,0.03098,0.00848,8461629.95,Bistro,9,Visibility + G-buffer,255,0.0,132,132,24,M255_D0,"132 bins
M255, D0",25,0.35859,0.01236,0.0028,0.01357,0.10895
5220,0.56018,,,0.03147,0.0088,8496360.0,Bistro,9,Visibility + G-buffer,255,0.0,132,132,24,M255_D0,"132 bins
M255, D0",25,0.36007,0.01224,0.00269,0.01344,0.10723
5280,0.54725,,,0.03045,0.00849,8448473.2,Bistro,9,Visibility + G-buffer,255,0.0,132,132,24,M255_D0,"132 bins
M255, D0",25,0.35505,0.01214,0.00291,0.01304,0.10269
5340,0.46403,,,0.03007,0.00916,6607069.85,Bistro,9,Visibility + G-buffer,255,0.0,132,132,24,M255_D0,"132 bins
M255, D0",25,0.27862,0.01107,0.00252,0.01213,0.09363
5400,0.21051,,,0.03028,0.00797,1056943.5,Bistro,9,Visibility + G-buffer,255,0.0,132,132,24,M255_D0,"132 bins
M255, D0",25,0.03662,0.00849,0.00188,0.00986,0.08496
5460,0.18278,,,0.03037,0.0077,344217.0,Bistro,9,Visibility + G-buffer,255,0.0,132,132,24,M255_D0,"132 bins
M255, D0",25,0.01159,0.00797,0.00187,0.00916,0.08268
0,0.21552,0.06842,0.09005,0.03404,0.00912,3553381.35,Bistro,8,Deferred + prepass,255,1.0,132,132,26,M255_D1,"132 bins
M255, D1",26,,,,,
60,0.2211,0.06854,0.09757,0.03263,0.00864,3662944.3,Bistro,8,Deferred + prepass,255,1.0,132,132,26,M255_D1,"132 bins
M255, D1",26,,,,,
120,0.18691,0.05044,0.0833,0.03172,0.00821,2176008.0,Bistro,8,Deferred + prepass,255,1.0,132,132,26,M255_D1,"132 bins
M255, D1",26,,,,,
180,0.14906,0.03165,0.06413,0.03165,0.00811,1760027.75,Bistro,8,Deferred + prepass,255,1.0,132,132,26,M255_D1,"132 bins
M255, D1",26,,,,,
240,0.21618,0.06718,0.09423,0.03246,0.00839,2911562.3,Bistro,8,Deferred + prepass,255,1.0,132,132,26,M255_D1,"132 bins
M255, D1",26,,,,,
300,0.24494,0.08335,0.10654,0.03234,0.00859,3211259.3,Bistro,8,Deferred + prepass,255,1.0,132,132,26,M255_D1,"132 bins
M255, D1",26,,,,,
360,0.2428,0.08122,0.10654,0.03221,0.00855,3197534.35,Bistro,8,Deferred + prepass,255,1.0,132,132,26,M255_D1,"132 bins
M255, D1",26,,,,,
420,0.18943,0.05155,0.0845,0.03167,0.00823,2080022.75,Bistro,8,Deferred + prepass,255,1.0,132,132,26,M255_D1,"132 bins
M255, D1",26,,,,,
480,0.19847,0.05693,0.08801,0.03151,0.00825,2143202.1,Bistro,8,Deferred + prepass,255,1.0,132,132,26,M255_D1,"132 bins
M255, D1",26,,,,,
540,0.21097,0.06398,0.0929,0.03184,0.00844,2652802.15,Bistro,8,Deferred + prepass,255,1.0,132,132,26,M255_D1,"132 bins
M255, D1",26,,,,,
600,0.21718,0.06656,0.09682,0.03152,0.00829,2718203.4,Bistro,8,Deferred + prepass,255,1.0,132,132,26,M255_D1,"132 bins
M255, D1",26,,,,,
660,0.15314,0.03372,0.06678,0.03133,0.00799,1551084.95,Bistro,8,Deferred + prepass,255,1.0,132,132,26,M255_D1,"132 bins
M255, D1",26,,,,,
720,0.1913,0.05697,0.07999,0.03213,0.0084,2455791.85,Bistro,8,Deferred + prepass,255,1.0,132,132,26,M255_D1,"132 bins
M255, D1",26,,,,,
780,0.184,0.05387,0.07546,0.03185,0.00843,2049572.45,Bistro,8,Deferred + prepass,255,1.0,132,132,26,M255_D1,"132 bins
M255, D1",26,,,,,
840,0.12261,0.0231,0.04751,0.0316,0.00804,904159.35,Bistro,8,Deferred + prepass,255,1.0,132,132,26,M255_D1,"132 bins
M255, D1",26,,,,,
900,0.20006,0.05646,0.0901,0.03152,0.00837,2916661.7,Bistro,8,Deferred + prepass,255,1.0,132,132,26,M255_D1,"132 bins
M255, D1",26,,,,,
960,0.24066,0.07842,0.10739,0.03233,0.00854,3578981.25,Bistro,8,Deferred + prepass,255,1.0,132,132,26,M255_D1,"132 bins
M255, D1",26,,,,,
1020,0.21208,0.06545,0.09169,0.03242,0.00859,2767377.4,Bistro,8,Deferred + prepass,255,1.0,132,132,26,M255_D1,"132 bins
M255, D1",26,,,,,
1080,0.20847,0.06441,0.08997,0.032,0.00854,2271770.15,Bistro,8,Deferred + prepass,255,1.0,132,132,26,M255_D1,"132 bins
M255, D1",26,,,,,
1140,0.23347,0.07763,0.10135,0.03224,0.00853,2903832.2,Bistro,8,Deferred + prepass,255,1.0,132,132,26,M255_D1,"132 bins
M255, D1",26,,,,,
1200,0.20864,0.06553,0.08928,0.03205,0.00849,2424988.15,Bistro,8,Deferred + prepass,255,1.0,132,132,26,M255_D1,"132 bins
M255, D1",26,,,,,
1260,0.19008,0.05634,0.07981,0.0319,0.00846,2026572.1,Bistro,8,Deferred + prepass,255,1.0,132,132,26,M255_D1,"132 bins
M255, D1",26,,,,,
1320,0.1992,0.06099,0.08393,0.03198,0.00851,2301510.5,Bistro,8,Deferred + prepass,255,1.0,132,132,26,M255_D1,"132 bins
M255, D1",26,,,,,
1380,0.2037,0.0618,0.08757,0.03201,0.00852,2404923.35,Bistro,8,Deferred + prepass,255,1.0,132,132,26,M255_D1,"132 bins
M255, D1",26,,,,,
1440,0.21618,0.06637,0.09551,0.03235,0.00854,2983851.65,Bistro,8,Deferred + prepass,255,1.0,132,132,26,M255_D1,"132 bins
M255, D1",26,,,,,
1500,0.35129,0.12399,0.17232,0.03248,0.00856,5965339.5,Bistro,8,Deferred + prepass,255,1.0,132,132,26,M255_D1,"132 bins
M255, D1",26,,,,,
1560,0.38122,0.13894,0.18769,0.03237,0.00857,6425388.5,Bistro,8,Deferred + prepass,255,1.0,132,132,26,M255_D1,"132 bins
M255, D1",26,,,,,
1620,0.37974,0.13813,0.18712,0.03225,0.00855,6351675.3,Bistro,8,Deferred + prepass,255,1.0,132,132,26,M255_D1,"132 bins
M255, D1",26,,,,,
1680,0.25809,0.08103,0.12299,0.03178,0.00856,3853289.1,Bistro,8,Deferred + prepass,255,1.0,132,132,26,M255_D1,"132 bins
M255, D1",26,,,,,
1740,0.17472,0.04514,0.07642,0.03141,0.00827,1807302.25,Bistro,8,Deferred + prepass,255,1.0,132,132,26,M255_D1,"132 bins
M255, D1",26,,,,,
1800,0.17292,0.04446,0.07568,0.03114,0.0081,1503980.35,Bistro,8,Deferred + prepass,255,1.0,132,132,26,M255_D1,"132 bins
M255, D1",26,,,,,
1860,0.16966,0.04225,0.0747,0.031,0.00801,1304820.9,Bistro,8,Deferred + prepass,255,1.0,132,132,26,M255_D1,"132 bins
M255, D1",26,,,,,
1920,0.16628,0.03908,0.07454,0.03099,0.00801,1271388.55,Bistro,8,Deferred + prepass,255,1.0,132,132,26,M255_D1,"132 bins
M255, D1",26,,,,,
1980,0.16093,0.03451,0.07389,0.03096,0.00802,1145896.95,Bistro,8,Deferred + prepass,255,1.0,132,132,26,M255_D1,"132 bins
M255, D1",26,,,,,
2040,0.15482,0.03145,0.071,0.03084,0.00796,833803.5,Bistro,8,Deferred + prepass,255,1.0,132,132,26,M255_D1,"132 bins
M255, D1",26,,,,,
2100,0.14896,0.02903,0.06762,0.03089,0.00797,724541.55,Bistro,8,Deferred + prepass,255,1.0,132,132,26,M255_D1,"132 bins
M255, D1",26,,,,,
2160,0.1428,0.02569,0.06497,0.03098,0.00798,651558.7,Bistro,8,Deferred + prepass,255,1.0,132,132,26,M255_D1,"132 bins
M255, D1",26,,,,,
2220,0.13939,0.02205,0.06534,0.03096,0.00796,606690.35,Bistro,8,Deferred + prepass,255,1.0,132,132,26,M255_D1,"132 bins
M255, D1",26,,,,,
2280,0.10162,0.01319,0.03732,0.03104,0.00798,387407.3,Bistro,8,Deferred + prepass,255,1.0,132,132,26,M255_D1,"132 bins
M255, D1",26,,,,,
2340,0.18186,0.05038,0.07773,0.03201,0.00838,2264677.55,Bistro,8,Deferred + prepass,255,1.0,132,132,26,M255_D1,"132 bins
M255, D1",26,,,,,
2400,0.27621,0.09192,0.12931,0.03254,0.00854,3983123.9,Bistro,8,Deferred + prepass,255,1.0,132,132,26,M255_D1,"132 bins
M255, D1",26,,,,,
2460,0.28456,0.09655,0.13325,0.03247,0.0085,4233659.5,Bistro,8,Deferred + prepass,255,1.0,132,132,26,M255_D1,"132 bins
M255, D1",26,,,,,
2520,0.25769,0.08573,0.11713,0.03238,0.00853,3774183.4,Bistro,8,Deferred + prepass,255,1.0,132,132,26,M255_D1,"132 bins
M255, D1",26,,,,,
2580,0.22819,0.07923,0.09422,0.03221,0.0086,2738790.2,Bistro,8,Deferred + prepass,255,1.0,132,132,26,M255_D1,"132 bins
M255, D1",26,,,,,
2640,0.21151,0.07052,0.08695,0.03182,0.00862,2234217.4,Bistro,8,Deferred + prepass,255,1.0,132,132,26,M255_D1,"132 bins
M255, D1",26,,,,,
2700,0.19369,0.05421,0.08632,0.0313,0.00842,1876452.05,Bistro,8,Deferred + prepass,255,1.0,132,132,26,M255_D1,"132 bins
M255, D1",26,,,,,
2760,0.182,0.04528,0.08391,0.03107,0.008,1554160.7,Bistro,8,Deferred + prepass,255,1.0,132,132,26,M255_D1,"132 bins
M255, D1",26,,,,,
2820,0.181,0.04715,0.08108,0.03103,0.00799,1444209.8,Bistro,8,Deferred + prepass,255,1.0,132,132,26,M255_D1,"132 bins
M255, D1",26,,,,,
2880,0.16126,0.04053,0.06777,0.03144,0.00795,1270269.5,Bistro,8,Deferred + prepass,255,1.0,132,132,26,M255_D1,"132 bins
M255, D1",26,,,,,
2940,0.1517,0.03363,0.06517,0.03137,0.00795,1185182.6,Bistro,8,Deferred + prepass,255,1.0,132,132,26,M255_D1,"132 bins
M255, D1",26,,,,,
3000,0.25868,0.08449,0.12011,0.03203,0.0083,3737532.35,Bistro,8,Deferred + prepass,255,1.0,132,132,26,M255_D1,"132 bins
M255, D1",26,,,,,
3060,0.33727,0.12011,0.16258,0.03248,0.00855,5419981.65,Bistro,8,Deferred + prepass,255,1.0,132,132,26,M255_D1,"132 bins
M255, D1",26,,,,,
3120,0.33381,0.11967,0.15936,0.03244,0.00858,5328916.45,Bistro,8,Deferred + prepass,255,1.0,132,132,26,M255_D1,"132 bins
M255, D1",26,,,,,
3180,0.32585,0.11567,0.15541,0.03243,0.00861,4942521.95,Bistro,8,Deferred + prepass,255,1.0,132,132,26,M255_D1,"132 bins
M255, D1",26,,,,,
3240,0.29415,0.1026,0.13666,0.03235,0.00856,4355188.5,Bistro,8,Deferred + prepass,255,1.0,132,132,26,M255_D1,"132 bins
M255, D1",26,,,,,
3300,0.27216,0.09384,0.12412,0.03226,0.00854,3918437.6,Bistro,8,Deferred + prepass,255,1.0,132,132,26,M255_D1,"132 bins
M255, D1",26,,,,,
3360,0.2518,0.0834,0.11386,0.03234,0.00853,3488605.15,Bistro,8,Deferred + prepass,255,1.0,132,132,26,M255_D1,"132 bins
M255, D1",26,,,,,
3420,0.23655,0.07765,0.10416,0.03206,0.00858,3070083.2,Bistro,8,Deferred + prepass,255,1.0,132,132,26,M255_D1,"132 bins
M255, D1",26,,,,,
3480,0.22819,0.07646,0.09741,0.03191,0.00851,2804740.95,Bistro,8,Deferred + prepass,255,1.0,132,132,26,M255_D1,"132 bins
M255, D1",26,,,,,
3540,0.2163,0.06957,0.09278,0.03169,0.00858,2554279.0,Bistro,8,Deferred + prepass,255,1.0,132,132,26,M255_D1,"132 bins
M255, D1",26,,,,,
3600,0.21069,0.06796,0.0887,0.0318,0.00853,2404749.2,Bistro,8,Deferred + prepass,255,1.0,132,132,26,M255_D1,"132 bins
M255, D1",26,,,,,
3660,0.20465,0.06635,0.08407,0.0321,0.00846,2364661.4,Bistro,8,Deferred + prepass,255,1.0,132,132,26,M255_D1,"132 bins
M255, D1",26,,,,,
3720,0.20348,0.06138,0.08813,0.03178,0.00846,2323845.85,Bistro,8,Deferred + prepass,255,1.0,132,132,26,M255_D1,"132 bins
M255, D1",26,,,,,
3780,0.20184,0.06204,0.08608,0.03154,0.00849,2171285.25,Bistro,8,Deferred + prepass,255,1.0,132,132,26,M255_D1,"132 bins
M255, D1",26,,,,,
3840,0.19382,0.05821,0.082,0.03145,0.00844,2069926.1,Bistro,8,Deferred + prepass,255,1.0,132,132,26,M255_D1,"132 bins
M255, D1",26,,,,,
3900,0.18147,0.05026,0.07829,0.03111,0.00825,1706132.85,Bistro,8,Deferred + prepass,255,1.0,132,132,26,M255_D1,"132 bins
M255, D1",26,,,,,
3960,0.17693,0.04423,0.08108,0.03067,0.0079,1310622.9,Bistro,8,Deferred + prepass,255,1.0,132,132,26,M255_D1,"132 bins
M255, D1",26,,,,,
4020,0.17226,0.03938,0.08152,0.0306,0.00791,1119696.9,Bistro,8,Deferred + prepass,255,1.0,132,132,26,M255_D1,"132 bins
M255, D1",26,,,,,
4080,0.17655,0.04291,0.08263,0.03053,0.00796,958432.85,Bistro,8,Deferred + prepass,255,1.0,132,132,26,M255_D1,"132 bins
M255, D1",26,,,,,
4140,0.16539,0.03572,0.07907,0.03048,0.00793,891260.8,Bistro,8,Deferred + prepass,255,1.0,132,132,26,M255_D1,"132 bins
M255, D1",26,,,,,
4200,0.14702,0.0276,0.06897,0.03064,0.00792,795127.2,Bistro,8,Deferred + prepass,255,1.0,132,132,26,M255_D1,"132 bins
M255, D1",26,,,,,
4260,0.18917,0.05332,0.08343,0.03172,0.00813,2716290.05,Bistro,8,Deferred + prepass,255,1.0,132,132,26,M255_D1,"132 bins
M255, D1",26,,,,,
4320,0.44712,0.16918,0.22292,0.03258,0.00855,7242797.15,Bistro,8,Deferred + prepass,255,1.0,132,132,26,M255_D1,"132 bins
M255, D1",26,,,,,
4380,0.39406,0.145,0.19434,0.03248,0.00836,6033148.0,Bistro,8,Deferred + prepass,255,1.0,132,132,26,M255_D1,"132 bins
M255, D1",26,,,,,
4440,0.12743,0.02021,0.05617,0.03135,0.00783,867288.75,Bistro,8,Deferred + prepass,255,1.0,132,132,26,M255_D1,"132 bins
M255, D1",26,,,,,
4500,0.14095,0.02359,0.06707,0.03068,0.00785,698827.95,Bistro,8,Deferred + prepass,255,1.0,132,132,26,M255_D1,"132 bins
M255, D1",26,,,,,
4560,0.13364,0.02243,0.0606,0.03079,0.00777,684012.3,Bistro,8,Deferred + prepass,255,1.0,132,132,26,M255_D1,"132 bins
M255, D1",26,,,,,
4620,0.13908,0.02755,0.06093,0.03084,0.00783,872447.4,Bistro,8,Deferred + prepass,255,1.0,132,132,26,M255_D1,"132 bins
M255, D1",26,,,,,
4680,0.19369,0.05504,0.08541,0.03149,0.0082,2415162.35,Bistro,8,Deferred + prepass,255,1.0,132,132,26,M255_D1,"132 bins
M255, D1",26,,,,,
4740,0.30927,0.10651,0.14821,0.0323,0.00838,5264990.15,Bistro,8,Deferred + prepass,255,1.0,132,132,26,M255_D1,"132 bins
M255, D1",26,,,,,
4800,0.43697,0.16629,0.21559,0.03231,0.00875,7605016.1,Bistro,8,Deferred + prepass,255,1.0,132,132,26,M255_D1,"132 bins
M255, D1",26,,,,,
4860,0.42995,0.16505,0.20994,0.03212,0.0088,7298187.05,Bistro,8,Deferred + prepass,255,1.0,132,132,26,M255_D1,"132 bins
M255, D1",26,,,,,
4920,0.43418,0.16691,0.21254,0.03203,0.00883,7437915.15,Bistro,8,Deferred + prepass,255,1.0,132,132,26,M255_D1,"132 bins
M255, D1",26,,,,,
4980,0.46654,0.18073,0.23062,0.03227,0.00883,8149009.9,Bistro,8,Deferred + prepass,255,1.0,132,132,26,M255_D1,"132 bins
M255, D1",26,,,,,
5040,0.35506,0.13271,0.16776,0.03209,0.00836,5907876.05,Bistro,8,Deferred + prepass,255,1.0,132,132,26,M255_D1,"132 bins
M255, D1",26,,,,,
5100,0.38912,0.14757,0.18738,0.03213,0.00832,6713387.25,Bistro,8,Deferred + prepass,255,1.0,132,132,26,M255_D1,"132 bins
M255, D1",26,,,,,
5160,0.48382,0.18927,0.23953,0.03247,0.00837,8461629.95,Bistro,8,Deferred + prepass,255,1.0,132,132,26,M255_D1,"132 bins
M255, D1",26,,,,,
5220,0.48898,0.19278,0.24139,0.03234,0.0085,8496360.0,Bistro,8,Deferred + prepass,255,1.0,132,132,26,M255_D1,"132 bins
M255, D1",26,,,,,
5280,0.48289,0.18936,0.23909,0.03207,0.00849,8448473.2,Bistro,8,Deferred + prepass,255,1.0,132,132,26,M255_D1,"132 bins
M255, D1",26,,,,,
5340,0.39036,0.14722,0.18872,0.03166,0.00861,6607069.85,Bistro,8,Deferred + prepass,255,1.0,132,132,26,M255_D1,"132 bins
M255, D1",26,,,,,
5400,0.09462,0.02082,0.0225,0.03087,0.00793,1056943.5,Bistro,8,Deferred + prepass,255,1.0,132,132,26,M255_D1,"132 bins
M255, D1",26,,,,,
5460,0.06362,0.00714,0.00603,0.03066,0.00767,344217.0,Bistro,8,Deferred + prepass,255,1.0,132,132,26,M255_D1,"132 bins
M255, D1",26,,,,,
0,0.41245,,,0.03171,0.01035,3553381.35,Bistro,9,Visibility + G-buffer,255,1.0,132,132,26,M255_D1,"132 bins
M255, D1",27,0.19141,0.01234,0.00217,0.01399,0.11936
60,0.44579,,,0.03296,0.01106,3662944.3,Bistro,9,Visibility + G-buffer,255,1.0,132,132,26,M255_D1,"132 bins
M255, D1",27,0.20454,0.01316,0.00217,0.01508,0.13532
120,0.36536,,,0.03269,0.01003,2176008.0,Bistro,9,Visibility + G-buffer,255,1.0,132,132,26,M255_D1,"132 bins
M255, D1",27,0.11987,0.01335,0.00208,0.01647,0.13993
180,0.31778,,,0.0323,0.00893,1760027.75,Bistro,9,Visibility + G-buffer,255,1.0,132,132,26,M255_D1,"132 bins
M255, D1",27,0.07909,0.01261,0.00204,0.01612,0.13621
240,0.37725,,,0.03284,0.0091,2911562.3,Bistro,9,Visibility + G-buffer,255,1.0,132,132,26,M255_D1,"132 bins
M255, D1",27,0.12909,0.01317,0.00204,0.01658,0.14423
300,0.39382,,,0.03287,0.00916,3211259.3,Bistro,9,Visibility + G-buffer,255,1.0,132,132,26,M255_D1,"132 bins
M255, D1",27,0.14456,0.01338,0.00205,0.01672,0.14434
360,0.39458,,,0.03301,0.00915,3197534.35,Bistro,9,Visibility + G-buffer,255,1.0,132,132,26,M255_D1,"132 bins
M255, D1",27,0.14381,0.01368,0.00204,0.01698,0.14413
420,0.33895,,,0.03265,0.00919,2080022.75,Bistro,9,Visibility + G-buffer,255,1.0,132,132,26,M255_D1,"132 bins
M255, D1",27,0.09776,0.01325,0.00205,0.01667,0.13644
480,0.34348,,,0.03261,0.00905,2143202.1,Bistro,9,Visibility + G-buffer,255,1.0,132,132,26,M255_D1,"132 bins
M255, D1",27,0.09991,0.01343,0.00204,0.01684,0.13858
540,0.36694,,,0.03233,0.00926,2652802.15,Bistro,9,Visibility + G-buffer,255,1.0,132,132,26,M255_D1,"132 bins
M255, D1",27,0.12303,0.0134,0.00205,0.01658,0.1395
600,0.37172,,,0.03195,0.00941,2718203.4,Bistro,9,Visibility + G-buffer,255,1.0,132,132,26,M255_D1,"132 bins
M255, D1",27,0.13183,0.01346,0.00205,0.01641,0.1364
660,0.30898,,,0.03185,0.00929,1551084.95,Bistro,9,Visibility + G-buffer,255,1.0,132,132,26,M255_D1,"132 bins
M255, D1",27,0.07279,0.01285,0.00204,0.01641,0.13365
720,0.35637,,,0.03247,0.00947,2455791.85,Bistro,9,Visibility + G-buffer,255,1.0,132,132,26,M255_D1,"132 bins
M255, D1",27,0.11295,0.01272,0.00205,0.01615,0.1401
780,0.33909,,,0.03219,0.00918,2049572.45,Bistro,9,Visibility + G-buffer,255,1.0,132,132,26,M255_D1,"132 bins
M255, D1",27,0.10229,0.01204,0.00204,0.01561,0.134
840,0.28298,,,0.03209,0.00886,904159.35,Bistro,9,Visibility + G-buffer,255,1.0,132,132,26,M255_D1,"132 bins
M255, D1",27,0.05254,0.01144,0.00204,0.01531,0.12894
900,0.3621,,,0.03211,0.00921,2916661.7,Bistro,9,Visibility + G-buffer,255,1.0,132,132,26,M255_D1,"132 bins
M255, D1",27,0.13224,0.01186,0.00227,0.01542,0.1291
960,0.39121,,,0.0308,0.00871,3578981.25,Bistro,9,Visibility + G-buffer,255,1.0,132,132,26,M255_D1,"132 bins
M255, D1",27,0.15687,0.01365,0.00253,0.01695,0.13955
1020,0.35847,,,0.03095,0.00828,2767377.4,Bistro,9,Visibility + G-buffer,255,1.0,132,132,26,M255_D1,"132 bins
M255, D1",27,0.12324,0.01345,0.00272,0.01685,0.14094
1080,0.34843,,,0.03166,0.00869,2271770.15,Bistro,9,Visibility + G-buffer,255,1.0,132,132,26,M255_D1,"132 bins
M255, D1",27,0.10667,0.01325,0.00263,0.01674,0.14369
1140,0.37721,,,0.03124,0.00856,2903832.2,Bistro,9,Visibility + G-buffer,255,1.0,132,132,26,M255_D1,"132 bins
M255, D1",27,0.13697,0.014,0.00289,0.01726,0.14283
1200,0.36087,,,0.03101,0.00827,2424988.15,Bistro,9,Visibility + G-buffer,255,1.0,132,132,26,M255_D1,"132 bins
M255, D1",27,0.11804,0.01437,0.00285,0.01747,0.14669
1260,0.34211,,,0.0313,0.00835,2026572.1,Bistro,9,Visibility + G-buffer,255,1.0,132,132,26,M255_D1,"132 bins
M255, D1",27,0.10107,0.01382,0.00277,0.01704,0.14328
1320,0.34917,,,0.03168,0.00837,2301510.5,Bistro,9,Visibility + G-buffer,255,1.0,132,132,26,M255_D1,"132 bins
M255, D1",27,0.11055,0.01353,0.00257,0.01684,0.1403
1380,0.35888,,,0.03215,0.00881,2404923.35,Bistro,9,Visibility + G-buffer,255,1.0,132,132,26,M255_D1,"132 bins
M255, D1",27,0.11338,0.0139,0.00242,0.01734,0.14219
1440,0.37532,,,0.0312,0.00873,2983851.65,Bistro,9,Visibility + G-buffer,255,1.0,132,132,26,M255_D1,"132 bins
M255, D1",27,0.12874,0.01453,0.00271,0.01801,0.14811
1500,0.49198,,,0.03141,0.00882,5965339.5,Bistro,9,Visibility + G-buffer,255,1.0,132,132,26,M255_D1,"132 bins
M255, D1",27,0.24443,0.01536,0.00277,0.01826,0.14869
1560,0.51727,,,0.03132,0.00882,6425388.5,Bistro,9,Visibility + G-buffer,255,1.0,132,132,26,M255_D1,"132 bins
M255, D1",27,0.26978,0.01471,0.00304,0.01759,0.14916
1620,0.51421,,,0.03161,0.0089,6351675.3,Bistro,9,Visibility + G-buffer,255,1.0,132,132,26,M255_D1,"132 bins
M255, D1",27,0.26579,0.01553,0.00274,0.01824,0.14818
1680,0.41125,,,0.0317,0.00864,3853289.1,Bistro,9,Visibility + G-buffer,255,1.0,132,132,26,M255_D1,"132 bins
M255, D1",27,0.16713,0.01446,0.00272,0.0175,0.14426
1740,0.31894,,,0.03131,0.00839,1807302.25,Bistro,9,Visibility + G-buffer,255,1.0,132,132,26,M255_D1,"132 bins
M255, D1",27,0.08159,0.01374,0.00265,0.01722,0.13894
1800,0.31226,,,0.03138,0.00849,1503980.35,Bistro,9,Visibility + G-buffer,255,1.0,132,132,26,M255_D1,"132 bins
M255, D1",27,0.07433,0.01364,0.0024,0.01721,0.13874
1860,0.30315,,,0.03129,0.00822,1304820.9,Bistro,9,Visibility + G-buffer,255,1.0,132,132,26,M255_D1,"132 bins
M255, D1",27,0.06769,0.01369,0.00259,0.01729,0.13733
1920,0.30703,,,0.03219,0.00865,1271388.55,Bistro,9,Visibility + G-buffer,255,1.0,132,132,26,M255_D1,"132 bins
M255, D1",27,0.06544,0.01357,0.0021,0.01724,0.13628
1980,0.2999,,,0.03207,0.00881,1145896.95,Bistro,9,Visibility + G-buffer,255,1.0,132,132,26,M255_D1,"132 bins
M255, D1",27,0.06033,0.01346,0.00206,0.01709,0.13443
2040,0.28759,,,0.03186,0.00871,833803.5,Bistro,9,Visibility + G-buffer,255,1.0,132,132,26,M255_D1,"132 bins
M255, D1",27,0.05069,0.01303,0.00207,0.01688,0.13256
2100,0.28341,,,0.0319,0.00895,724541.55,Bistro,9,Visibility + G-buffer,255,1.0,132,132,26,M255_D1,"132 bins
M255, D1",27,0.04664,0.01289,0.00207,0.01669,0.1329
2160,0.27997,,,0.03198,0.00893,651558.7,Bistro,9,Visibility + G-buffer,255,1.0,132,132,26,M255_D1,"132 bins
M255, D1",27,0.04374,0.0127,0.00206,0.01655,0.13339
2220,0.27319,,,0.03196,0.00899,606690.35,Bistro,9,Visibility + G-buffer,255,1.0,132,132,26,M255_D1,"132 bins
M255, D1",27,0.04109,0.01222,0.00206,0.01606,0.1298
2280,0.2244,,,0.03126,0.00794,387407.3,Bistro,9,Visibility + G-buffer,255,1.0,132,132,26,M255_D1,"132 bins
M255, D1",27,0.02466,0.0102,0.00192,0.0131,0.10438
2340,0.33367,,,0.03179,0.00883,2264677.55,Bistro,9,Visibility + G-buffer,255,1.0,132,132,26,M255_D1,"132 bins
M255, D1",27,0.10671,0.01195,0.00228,0.01511,0.12943
2400,0.42567,,,0.03138,0.0089,3983123.9,Bistro,9,Visibility + G-buffer,255,1.0,132,132,26,M255_D1,"132 bins
M255, D1",27,0.18136,0.01373,0.00273,0.01676,0.14696
2460,0.4372,,,0.03189,0.00921,4233659.5,Bistro,9,Visibility + G-buffer,255,1.0,132,132,26,M255_D1,"132 bins
M255, D1",27,0.19102,0.01389,0.00245,0.01707,0.14616
2520,0.41636,,,0.03188,0.00929,3774183.4,Bistro,9,Visibility + G-buffer,255,1.0,132,132,26,M255_D1,"132 bins
M255, D1",27,0.16874,0.01388,0.00249,0.01716,0.14634
2580,0.37389,,,0.03154,0.00891,2738790.2,Bistro,9,Visibility + G-buffer,255,1.0,132,132,26,M255_D1,"132 bins
M255, D1",27,0.13474,0.01324,0.0026,0.01663,0.14116
2640,0.34672,,,0.03084,0.00829,2234217.4,Bistro,9,Visibility + G-buffer,255,1.0,132,132,26,M255_D1,"132 bins
M255, D1",27,0.11258,0.01313,0.00275,0.01677,0.13934
2700,0.33224,,,0.03184,0.00861,1876452.05,Bistro,9,Visibility + G-buffer,255,1.0,132,132,26,M255_D1,"132 bins
M255, D1",27,0.09358,0.01316,0.00233,0.01672,0.13836
2760,0.3146,,,0.03206,0.00875,1554160.7,Bistro,9,Visibility + G-buffer,255,1.0,132,132,26,M255_D1,"132 bins
M255, D1",27,0.0786,0.01282,0.00227,0.01644,0.13555
2820,0.31134,,,0.03256,0.00906,1444209.8,Bistro,9,Visibility + G-buffer,255,1.0,132,132,26,M255_D1,"132 bins
M255, D1",27,0.07316,0.01277,0.00209,0.01635,0.13505
2880,0.29874,,,0.03193,0.00905,1270269.5,Bistro,9,Visibility + G-buffer,255,1.0,132,132,26,M255_D1,"132 bins
M255, D1",27,0.0677,0.01233,0.00214,0.01605,0.12964
2940,0.29156,,,0.03196,0.00913,1185182.6,Bistro,9,Visibility + G-buffer,255,1.0,132,132,26,M255_D1,"132 bins
M255, D1",27,0.05989,0.01244,0.00207,0.01615,0.12822
3000,0.39232,,,0.03201,0.00903,3737532.35,Bistro,9,Visibility + G-buffer,255,1.0,132,132,26,M255_D1,"132 bins
M255, D1",27,0.15825,0.01283,0.00233,0.01602,0.13346
3060,0.47109,,,0.0317,0.00901,5419981.65,Bistro,9,Visibility + G-buffer,255,1.0,132,132,26,M255_D1,"132 bins
M255, D1",27,0.22571,0.01378,0.00261,0.01692,0.14668
3120,0.47178,,,0.03177,0.009,5328916.45,Bistro,9,Visibility + G-buffer,255,1.0,132,132,26,M255_D1,"132 bins
M255, D1",27,0.2224,0.01444,0.00275,0.01768,0.14913
3180,0.45565,,,0.03147,0.00861,4942521.95,Bistro,9,Visibility + G-buffer,255,1.0,132,132,26,M255_D1,"132 bins
M255, D1",27,0.21031,0.0144,0.00314,0.01774,0.14682
3240,0.43482,,,0.03173,0.00899,4355188.5,Bistro,9,Visibility + G-buffer,255,1.0,132,132,26,M255_D1,"132 bins
M255, D1",27,0.18768,0.01444,0.00277,0.01775,0.14649
3300,0.41437,,,0.0316,0.00863,3918437.6,Bistro,9,Visibility + G-buffer,255,1.0,132,132,26,M255_D1,"132 bins
M255, D1",27,0.17058,0.01446,0.00277,0.01766,0.14423
3360,0.39708,,,0.03207,0.00844,3488605.15,Bistro,9,Visibility + G-buffer,255,1.0,132,132,26,M255_D1,"132 bins
M255, D1",27,0.15431,0.01417,0.0026,0.01749,0.14214
3420,0.37525,,,0.03101,0.00796,3070083.2,Bistro,9,Visibility + G-buffer,255,1.0,132,132,26,M255_D1,"132 bins
M255, D1",27,0.13852,0.01391,0.00287,0.0172,0.1423
3480,0.36622,,,0.03151,0.00829,2804740.95,Bistro,9,Visibility + G-buffer,255,1.0,132,132,26,M255_D1,"132 bins
M255, D1",27,0.12908,0.01342,0.0027,0.01673,0.14039
3540,0.35216,,,0.03135,0.00816,2554279.0,Bistro,9,Visibility + G-buffer,255,1.0,132,132,26,M255_D1,"132 bins
M255, D1",27,0.12155,0.01252,0.00296,0.01605,0.13621
3600,0.35289,,,0.03203,0.0088,2404749.2,Bistro,9,Visibility + G-buffer,255,1.0,132,132,26,M255_D1,"132 bins
M255, D1",27,0.11652,0.01257,0.00262,0.01613,0.13845
3660,0.34246,,,0.03141,0.00854,2364661.4,Bistro,9,Visibility + G-buffer,255,1.0,132,132,26,M255_D1,"132 bins
M255, D1",27,0.11112,0.01305,0.00284,0.01607,0.13496
3720,0.33201,,,0.03114,0.00875,2323845.85,Bistro,9,Visibility + G-buffer,255,1.0,132,132,26,M255_D1,"132 bins
M255, D1",27,0.10471,0.01327,0.00254,0.01626,0.13029
3780,0.32292,,,0.03106,0.00877,2171285.25,Bistro,9,Visibility + G-buffer,255,1.0,132,132,26,M255_D1,"132 bins
M255, D1",27,0.09847,0.01294,0.00246,0.01598,0.12672
3840,0.31281,,,0.03094,0.00841,2069926.1,Bistro,9,Visibility + G-buffer,255,1.0,132,132,26,M255_D1,"132 bins
M255, D1",27,0.09189,0.0128,0.00257,0.01561,0.12425
3900,0.30124,,,0.032,0.00916,1706132.85,Bistro,9,Visibility + G-buffer,255,1.0,132,132,26,M255_D1,"132 bins
M255, D1",27,0.07629,0.01287,0.00206,0.01558,0.12182
3960,0.29025,,,0.03211,0.00905,1310622.9,Bistro,9,Visibility + G-buffer,255,1.0,132,132,26,M255_D1,"132 bins
M255, D1",27,0.06395,0.01315,0.00207,0.01592,0.12296
4020,0.28641,,,0.03221,0.00906,1119696.9,Bistro,9,Visibility + G-buffer,255,1.0,132,132,26,M255_D1,"132 bins
M255, D1",27,0.0581,0.01321,0.00208,0.01624,0.12453
4080,0.28788,,,0.03241,0.00905,958432.85,Bistro,9,Visibility + G-buffer,255,1.0,132,132,26,M255_D1,"132 bins
M255, D1",27,0.05754,0.01281,0.00207,0.01631,0.12696
4140,0.27681,,,0.03234,0.00853,891260.8,Bistro,9,Visibility + G-buffer,255,1.0,132,132,26,M255_D1,"132 bins
M255, D1",27,0.05038,0.01243,0.00208,0.01584,0.12403
4200,0.25378,,,0.03179,0.00845,795127.2,Bistro,9,Visibility + G-buffer,255,1.0,132,132,26,M255_D1,"132 bins
M255, D1",27,0.038,0.01154,0.00207,0.01496,0.1161
4260,0.30529,,,0.03113,0.00832,2716290.05,Bistro,9,Visibility + G-buffer,255,1.0,132,132,26,M255_D1,"132 bins
M255, D1",27,0.10511,0.01136,0.00222,0.01398,0.10417
4320,0.54985,,,0.03101,0.00868,7242797.15,Bistro,9,Visibility + G-buffer,255,1.0,132,132,26,M255_D1,"132 bins
M255, D1",27,0.31716,0.01424,0.00302,0.01648,0.13723
4380,0.50073,,,0.03114,0.00863,6033148.0,Bistro,9,Visibility + G-buffer,255,1.0,132,132,26,M255_D1,"132 bins
M255, D1",27,0.27008,0.01368,0.00279,0.01604,0.13376
4440,0.25476,,,0.03142,0.00794,867288.75,Bistro,9,Visibility + G-buffer,255,1.0,132,132,26,M255_D1,"132 bins
M255, D1",27,0.03848,0.0116,0.00204,0.01512,0.11621
4500,0.25809,,,0.032,0.00807,698827.95,Bistro,9,Visibility + G-buffer,255,1.0,132,132,26,M255_D1,"132 bins
M255, D1",27,0.03615,0.01163,0.00205,0.01532,0.12111
4560,0.24485,,,0.03203,0.00792,684012.3,Bistro,9,Visibility + G-buffer,255,1.0,132,132,26,M255_D1,"132 bins
M255, D1",27,0.03201,0.0112,0.002,0.01457,0.11442
4620,0.25636,,,0.03163,0.0079,872447.4,Bistro,9,Visibility + G-buffer,255,1.0,132,132,26,M255_D1,"132 bins
M255, D1",27,0.03938,0.01158,0.00204,0.01487,0.11737
4680,0.32206,,,0.03164,0.00833,2415162.35,Bistro,9,Visibility + G-buffer,255,1.0,132,132,26,M255_D1,"132 bins
M255, D1",27,0.10073,0.01252,0.00215,0.01534,0.1214
4740,0.43689,,,0.03091,0.00894,5264990.15,Bistro,9,Visibility + G-buffer,255,1.0,132,132,26,M255_D1,"132 bins
M255, D1",27,0.22376,0.01317,0.00281,0.01489,0.1179
4800,0.52821,,,0.03043,0.00879,7605016.1,Bistro,9,Visibility + G-buffer,255,1.0,132,132,26,M255_D1,"132 bins
M255, D1",27,0.32038,0.01304,0.00278,0.01462,0.11457
4860,0.51154,,,0.02984,0.00861,7298187.05,Bistro,9,Visibility + G-buffer,255,1.0,132,132,26,M255_D1,"132 bins
M255, D1",27,0.3104,0.01282,0.00279,0.01433,0.11009
4920,0.51733,,,0.03002,0.00868,7437915.15,Bistro,9,Visibility + G-buffer,255,1.0,132,132,26,M255_D1,"132 bins
M255, D1",27,0.31532,0.01263,0.00283,0.01413,0.11016
4980,0.55524,,,0.03137,0.00967,8149009.9,Bistro,9,Visibility + G-buffer,255,1.0,132,132,26,M255_D1,"132 bins
M255, D1",27,0.3435,0.01278,0.00229,0.01437,0.11312
5040,0.45787,,,0.02996,0.00846,5907876.05,Bistro,9,Visibility + G-buffer,255,1.0,132,132,26,M255_D1,"132 bins
M255, D1",27,0.25444,0.0126,0.00285,0.01428,0.11328
5100,0.4841,,,0.03032,0.00874,6713387.25,Bistro,9,Visibility + G-buffer,255,1.0,132,132,26,M255_D1,"132 bins
M255, D1",27,0.2807,0.01232,0.00273,0.01409,0.11093
5160,0.56238,,,0.02992,0.00851,8461629.95,Bistro,9,Visibility + G-buffer,255,1.0,132,132,26,M255_D1,"132 bins
M255, D1",27,0.3587,0.01269,0.00297,0.01431,0.11313
5220,0.56341,,,0.03009,0.00856,8496360.0,Bistro,9,Visibility + G-buffer,255,1.0,132,132,26,M255_D1,"132 bins
M255, D1",27,0.35992,0.01261,0.00293,0.01418,0.11267
5280,0.55251,,,0.02934,0.0085,8448473.2,Bistro,9,Visibility + G-buffer,255,1.0,132,132,26,M255_D1,"132 bins
M255, D1",27,0.35493,0.01245,0.00289,0.0137,0.10844
5340,0.47105,,,0.02945,0.00876,6607069.85,Bistro,9,Visibility + G-buffer,255,1.0,132,132,26,M255_D1,"132 bins
M255, D1",27,0.27888,0.01135,0.00269,0.01255,0.10353
5400,0.21238,,,0.03033,0.00796,1056943.5,Bistro,9,Visibility + G-buffer,255,1.0,132,132,26,M255_D1,"132 bins
M255, D1",27,0.03637,0.00854,0.00189,0.00996,0.08685
5460,0.18321,,,0.03038,0.00771,344217.0,Bistro,9,Visibility + G-buffer,255,1.0,132,132,26,M255_D1,"132 bins
M255, D1",27,0.01147,0.00795,0.00189,0.00918,0.08277
