scene,max_open,diversity,active_bins,source_materials,condition_order,condition_key,condition_label,frame,deferred_ms,visbuf_ms,vis_over_deferred,vis_minus_deferred_ms,vis_overhead_percent
Bistro,1,1.0,1,132,14,M1_D1,"1 bins
M1, D1",0,0.20143,0.29943,1.4865213721888497,0.09799999999999998,48.652137218884974
Bistro,1,1.0,1,132,14,M1_D1,"1 bins
M1, D1",60,0.21616,0.31762,1.469374537379719,0.10146000000000002,46.93745373797189
Bistro,1,1.0,1,132,14,M1_D1,"1 bins
M1, D1",120,0.18561,0.28866,1.5551963795054147,0.10305000000000003,55.519637950541465
Bistro,1,1.0,1,132,14,M1_D1,"1 bins
M1, D1",180,0.14738,0.26314,1.785452571583661,0.11575999999999997,78.54525715836611
Bistro,1,1.0,1,132,14,M1_D1,"1 bins
M1, D1",240,0.21599,0.31976,1.4804389092087598,0.10377,48.043890920875974
Bistro,1,1.0,1,132,14,M1_D1,"1 bins
M1, D1",300,0.24533,0.33643,1.3713365670729223,0.09110000000000001,37.13365670729223
Bistro,1,1.0,1,132,14,M1_D1,"1 bins
M1, D1",360,0.24174,0.33634,1.391329527591627,0.09459999999999996,39.132952759162706
Bistro,1,1.0,1,132,14,M1_D1,"1 bins
M1, D1",420,0.18827,0.2868,1.5233441334253996,0.09853,52.33441334253997
Bistro,1,1.0,1,132,14,M1_D1,"1 bins
M1, D1",480,0.19651,0.28871,1.469187318711516,0.09220000000000003,46.91873187115161
Bistro,1,1.0,1,132,14,M1_D1,"1 bins
M1, D1",540,0.20953,0.31284,1.4930558869851573,0.10331000000000001,49.305588698515734
Bistro,1,1.0,1,132,14,M1_D1,"1 bins
M1, D1",600,0.21333,0.32032,1.5015234613040829,0.10699,50.15234613040829
Bistro,1,1.0,1,132,14,M1_D1,"1 bins
M1, D1",660,0.151,0.25845,1.71158940397351,0.10745000000000002,71.158940397351
Bistro,1,1.0,1,132,14,M1_D1,"1 bins
M1, D1",720,0.18976,0.29974,1.5795741989881955,0.10998,57.95741989881955
Bistro,1,1.0,1,132,14,M1_D1,"1 bins
M1, D1",780,0.18098,0.28435,1.5711680848712564,0.10336999999999999,57.11680848712564
Bistro,1,1.0,1,132,14,M1_D1,"1 bins
M1, D1",840,0.12263,0.23078,1.8819212264535596,0.10815000000000001,88.19212264535597
Bistro,1,1.0,1,132,14,M1_D1,"1 bins
M1, D1",900,0.19494,0.31153,1.5980814609623473,0.11658999999999997,59.80814609623473
Bistro,1,1.0,1,132,14,M1_D1,"1 bins
M1, D1",960,0.23735,0.34829,1.4674109964187907,0.11093999999999998,46.74109964187907
Bistro,1,1.0,1,132,14,M1_D1,"1 bins
M1, D1",1020,0.21098,0.31823,1.508342022940563,0.10725000000000001,50.83420229405631
Bistro,1,1.0,1,132,14,M1_D1,"1 bins
M1, D1",1080,0.20702,0.30198,1.4586996425466139,0.09496000000000002,45.86996425466139
Bistro,1,1.0,1,132,14,M1_D1,"1 bins
M1, D1",1140,0.23151,0.33353,1.440672109196147,0.10202,44.067210919614695
Bistro,1,1.0,1,132,14,M1_D1,"1 bins
M1, D1",1200,0.20732,0.3162,1.525178468068686,0.10887999999999998,52.5178468068686
Bistro,1,1.0,1,132,14,M1_D1,"1 bins
M1, D1",1260,0.1889,0.29456,1.5593435680254102,0.10565999999999998,55.93435680254102
Bistro,1,1.0,1,132,14,M1_D1,"1 bins
M1, D1",1320,0.19752,0.30237,1.5308323207776429,0.10485000000000003,53.083232077764286
Bistro,1,1.0,1,132,14,M1_D1,"1 bins
M1, D1",1380,0.20163,0.31007,1.537816793135942,0.10844000000000001,53.78167931359421
Bistro,1,1.0,1,132,14,M1_D1,"1 bins
M1, D1",1440,0.2146,0.32712,1.5243243243243243,0.11252000000000001,52.43243243243243
Bistro,1,1.0,1,132,14,M1_D1,"1 bins
M1, D1",1500,0.34515,0.44198,1.2805446907141822,0.09682999999999997,28.054469071418218
Bistro,1,1.0,1,132,14,M1_D1,"1 bins
M1, D1",1560,0.37396,0.46592,1.245908653331907,0.09195999999999999,24.590865333190703
Bistro,1,1.0,1,132,14,M1_D1,"1 bins
M1, D1",1620,0.37395,0.46464,1.2425190533493782,0.09068999999999999,24.251905334937817
Bistro,1,1.0,1,132,14,M1_D1,"1 bins
M1, D1",1680,0.25761,0.36309,1.4094561546523816,0.10548000000000002,40.94561546523816
Bistro,1,1.0,1,132,14,M1_D1,"1 bins
M1, D1",1740,0.17457,0.275,1.575299306868305,0.10043000000000002,57.5299306868305
Bistro,1,1.0,1,132,14,M1_D1,"1 bins
M1, D1",1800,0.17179,0.26413,1.537516735549217,0.09233999999999998,53.751673554921695
Bistro,1,1.0,1,132,14,M1_D1,"1 bins
M1, D1",1860,0.1688,0.25693,1.522097156398104,0.08812999999999999,52.209715639810405
Bistro,1,1.0,1,132,14,M1_D1,"1 bins
M1, D1",1920,0.16495,0.25489,1.545256138223704,0.08993999999999999,54.5256138223704
Bistro,1,1.0,1,132,14,M1_D1,"1 bins
M1, D1",1980,0.16015,0.24955,1.5582266625039027,0.08940000000000001,55.82266625039027
Bistro,1,1.0,1,132,14,M1_D1,"1 bins
M1, D1",2040,0.15413,0.23879,1.5492765847012264,0.08466000000000001,54.927658470122644
Bistro,1,1.0,1,132,14,M1_D1,"1 bins
M1, D1",2100,0.14756,0.23254,1.5759013282732448,0.08498,57.59013282732448
Bistro,1,1.0,1,132,14,M1_D1,"1 bins
M1, D1",2160,0.14143,0.22847,1.6154281269886164,0.08704,61.54281269886164
Bistro,1,1.0,1,132,14,M1_D1,"1 bins
M1, D1",2220,0.13823,0.22435,1.6230196050061492,0.08612,62.30196050061492
Bistro,1,1.0,1,132,14,M1_D1,"1 bins
M1, D1",2280,0.10151,0.17406,1.7147079105506846,0.07254999999999999,71.47079105506846
Bistro,1,1.0,1,132,14,M1_D1,"1 bins
M1, D1",2340,0.1798,0.28307,1.574360400444939,0.10327,57.43604004449389
Bistro,1,1.0,1,132,14,M1_D1,"1 bins
M1, D1",2400,0.27172,0.37569,1.3826365376122478,0.10397,38.26365376122478
Bistro,1,1.0,1,132,14,M1_D1,"1 bins
M1, D1",2460,0.2809,0.38557,1.372623709505162,0.10467000000000004,37.262370950516214
Bistro,1,1.0,1,132,14,M1_D1,"1 bins
M1, D1",2520,0.2563,0.36152,1.4105345298478347,0.10522000000000004,41.05345298478347
Bistro,1,1.0,1,132,14,M1_D1,"1 bins
M1, D1",2580,0.22632,0.3263,1.4417638741604806,0.09997999999999999,44.17638741604806
Bistro,1,1.0,1,132,14,M1_D1,"1 bins
M1, D1",2640,0.20995,0.30211,1.4389616575375088,0.09215999999999999,43.89616575375088
Bistro,1,1.0,1,132,14,M1_D1,"1 bins
M1, D1",2700,0.19354,0.28278,1.4610933140436084,0.08923999999999999,46.109331404360844
Bistro,1,1.0,1,132,14,M1_D1,"1 bins
M1, D1",2760,0.18171,0.26724,1.4706950635628198,0.08552999999999997,47.06950635628198
Bistro,1,1.0,1,132,14,M1_D1,"1 bins
M1, D1",2820,0.18003,0.26288,1.4602010775981782,0.08285000000000001,46.02010775981782
Bistro,1,1.0,1,132,14,M1_D1,"1 bins
M1, D1",2880,0.16012,0.25386,1.5854359230577064,0.09373999999999996,58.543592305770645
Bistro,1,1.0,1,132,14,M1_D1,"1 bins
M1, D1",2940,0.15058,0.24548,1.630229778190995,0.09490000000000001,63.02297781909949
Bistro,1,1.0,1,132,14,M1_D1,"1 bins
M1, D1",3000,0.25531,0.34576,1.3542751948611493,0.09045000000000003,35.42751948611493
Bistro,1,1.0,1,132,14,M1_D1,"1 bins
M1, D1",3060,0.33377,0.41974,1.2575725799203044,0.08596999999999999,25.757257992030436
Bistro,1,1.0,1,132,14,M1_D1,"1 bins
M1, D1",3120,0.33192,0.42036,1.2664497469269704,0.08844000000000002,26.644974692697044
Bistro,1,1.0,1,132,14,M1_D1,"1 bins
M1, D1",3180,0.32361,0.40681,1.2570995951917432,0.0832,25.70995951917432
Bistro,1,1.0,1,132,14,M1_D1,"1 bins
M1, D1",3240,0.29135,0.3826,1.3131971855157027,0.09125,31.319718551570276
Bistro,1,1.0,1,132,14,M1_D1,"1 bins
M1, D1",3300,0.27178,0.36423,1.340164839208183,0.09244999999999998,34.01648392081831
Bistro,1,1.0,1,132,14,M1_D1,"1 bins
M1, D1",3360,0.25158,0.34655,1.377494236425789,0.09497,37.7494236425789
Bistro,1,1.0,1,132,14,M1_D1,"1 bins
M1, D1",3420,0.23632,0.32955,1.3945074475287746,0.09323000000000001,39.45074475287746
Bistro,1,1.0,1,132,14,M1_D1,"1 bins
M1, D1",3480,0.2286,0.31844,1.3930008748906386,0.08984,39.30008748906386
Bistro,1,1.0,1,132,14,M1_D1,"1 bins
M1, D1",3540,0.21614,0.30921,1.430600536689183,0.09306999999999999,43.0600536689183
Bistro,1,1.0,1,132,14,M1_D1,"1 bins
M1, D1",3600,0.21003,0.30581,1.4560300909393897,0.09578000000000003,45.60300909393897
Bistro,1,1.0,1,132,14,M1_D1,"1 bins
M1, D1",3660,0.20356,0.30032,1.4753389663981136,0.09675999999999998,47.53389663981136
Bistro,1,1.0,1,132,14,M1_D1,"1 bins
M1, D1",3720,0.20228,0.29401,1.4534803243029464,0.09173,45.34803243029464
Bistro,1,1.0,1,132,14,M1_D1,"1 bins
M1, D1",3780,0.20089,0.28341,1.4107720643138035,0.08251999999999998,41.077206431380354
Bistro,1,1.0,1,132,14,M1_D1,"1 bins
M1, D1",3840,0.19299,0.27265,1.4127675009067828,0.07966000000000001,41.276750090678284
Bistro,1,1.0,1,132,14,M1_D1,"1 bins
M1, D1",3900,0.18124,0.25223,1.391690576031781,0.07099,39.1690576031781
Bistro,1,1.0,1,132,14,M1_D1,"1 bins
M1, D1",3960,0.17767,0.24157,1.3596555411718354,0.06390000000000001,35.965554117183544
Bistro,1,1.0,1,132,14,M1_D1,"1 bins
M1, D1",4020,0.17237,0.23855,1.3839415211463713,0.06618000000000002,38.39415211463712
Bistro,1,1.0,1,132,14,M1_D1,"1 bins
M1, D1",4080,0.17669,0.23983,1.357349029373479,0.06313999999999997,35.73490293734789
Bistro,1,1.0,1,132,14,M1_D1,"1 bins
M1, D1",4140,0.16514,0.22629,1.3702918735618261,0.06114999999999998,37.02918735618261
Bistro,1,1.0,1,132,14,M1_D1,"1 bins
M1, D1",4200,0.14746,0.2068,1.4024142140241422,0.059340000000000004,40.241421402414225
Bistro,1,1.0,1,132,14,M1_D1,"1 bins
M1, D1",4260,0.18529,0.25766,1.390576933455664,0.07236999999999999,39.05769334556639
Bistro,1,1.0,1,132,14,M1_D1,"1 bins
M1, D1",4320,0.4307,0.50855,1.180752263756675,0.07784999999999992,18.075226375667498
Bistro,1,1.0,1,132,14,M1_D1,"1 bins
M1, D1",4380,0.37992,0.45621,1.2008054327226785,0.07629000000000002,20.080543272267846
Bistro,1,1.0,1,132,14,M1_D1,"1 bins
M1, D1",4440,0.12755,0.20901,1.6386515092120737,0.08146,63.86515092120737
Bistro,1,1.0,1,132,14,M1_D1,"1 bins
M1, D1",4500,0.14135,0.20951,1.4822072868765475,0.06816,48.22072868765475
Bistro,1,1.0,1,132,14,M1_D1,"1 bins
M1, D1",4560,0.13325,0.19764,1.4832270168855535,0.06439,48.32270168855535
Bistro,1,1.0,1,132,14,M1_D1,"1 bins
M1, D1",4620,0.13774,0.21005,1.5249745898068825,0.07230999999999999,52.49745898068825
Bistro,1,1.0,1,132,14,M1_D1,"1 bins
M1, D1",4680,0.19369,0.27587,1.4242862305746296,0.08218,42.42862305746296
Bistro,1,1.0,1,132,14,M1_D1,"1 bins
M1, D1",4740,0.29858,0.39563,1.3250385156406992,0.09704999999999997,32.50385156406992
Bistro,1,1.0,1,132,14,M1_D1,"1 bins
M1, D1",4800,0.41936,0.48811,1.163940289965662,0.06874999999999998,16.394028996566192
Bistro,1,1.0,1,132,14,M1_D1,"1 bins
M1, D1",4860,0.41155,0.47126,1.145085651804155,0.059709999999999985,14.5085651804155
Bistro,1,1.0,1,132,14,M1_D1,"1 bins
M1, D1",4920,0.41519,0.47461,1.143115200269756,0.05941999999999997,14.3115200269756
Bistro,1,1.0,1,132,14,M1_D1,"1 bins
M1, D1",4980,0.4482,0.5084,1.1343150379294957,0.060199999999999976,13.431503792949574
Bistro,1,1.0,1,132,14,M1_D1,"1 bins
M1, D1",5040,0.34637,0.41926,1.2104397032075527,0.07289000000000001,21.043970320755268
Bistro,1,1.0,1,132,14,M1_D1,"1 bins
M1, D1",5100,0.37763,0.44303,1.1731853931096574,0.06539999999999996,17.31853931096574
Bistro,1,1.0,1,132,14,M1_D1,"1 bins
M1, D1",5160,0.46693,0.52314,1.1203820701175766,0.05621000000000004,12.038207011757663
Bistro,1,1.0,1,132,14,M1_D1,"1 bins
M1, D1",5220,0.47153,0.52283,1.1087947744576168,0.05130000000000001,10.879477445761676
Bistro,1,1.0,1,132,14,M1_D1,"1 bins
M1, D1",5280,0.46475,0.51238,1.1024852071005915,0.04762999999999995,10.24852071005915
Bistro,1,1.0,1,132,14,M1_D1,"1 bins
M1, D1",5340,0.37191,0.41959,1.1282030598800785,0.04768,12.820305988007853
Bistro,1,1.0,1,132,14,M1_D1,"1 bins
M1, D1",5400,0.09495,0.14925,1.5718799368088465,0.05429999999999999,57.18799368088465
Bistro,1,1.0,1,132,14,M1_D1,"1 bins
M1, D1",5460,0.06414,0.11843,1.8464296850639226,0.05428999999999999,84.64296850639226
Bistro,4,1.0,4,132,16,M4_D1,"4 bins
M4, D1",0,0.20522,0.30225,1.472809667673716,0.09703,47.28096676737159
Bistro,4,1.0,4,132,16,M4_D1,"4 bins
M4, D1",60,0.21796,0.32576,1.494586162598642,0.1078,49.45861625986421
Bistro,4,1.0,4,132,16,M4_D1,"4 bins
M4, D1",120,0.18695,0.29707,1.5890345012035303,0.11012,58.90345012035303
Bistro,4,1.0,4,132,16,M4_D1,"4 bins
M4, D1",180,0.15002,0.27292,1.819224103452873,0.12290000000000001,81.92241034528732
Bistro,4,1.0,4,132,16,M4_D1,"4 bins
M4, D1",240,0.21724,0.32742,1.5071809979745903,0.11018,50.718099797459026
Bistro,4,1.0,4,132,16,M4_D1,"4 bins
M4, D1",300,0.24641,0.34407,1.396331317722495,0.09766,39.6331317722495
Bistro,4,1.0,4,132,16,M4_D1,"4 bins
M4, D1",360,0.24318,0.34594,1.422567645365573,0.10276000000000002,42.25676453655729
Bistro,4,1.0,4,132,16,M4_D1,"4 bins
M4, D1",420,0.1908,0.29601,1.5514150943396225,0.10521,55.141509433962256
Bistro,4,1.0,4,132,16,M4_D1,"4 bins
M4, D1",480,0.19909,0.29585,1.4860113516500075,0.09676000000000001,48.601135165000755
Bistro,4,1.0,4,132,16,M4_D1,"4 bins
M4, D1",540,0.21195,0.32002,1.5098844066996935,0.10807000000000003,50.98844066996935
Bistro,4,1.0,4,132,16,M4_D1,"4 bins
M4, D1",600,0.21786,0.32756,1.5035343798769853,0.10970000000000002,50.353437987698534
Bistro,4,1.0,4,132,16,M4_D1,"4 bins
M4, D1",660,0.15421,0.26822,1.7393165164386226,0.11401,73.93165164386227
Bistro,4,1.0,4,132,16,M4_D1,"4 bins
M4, D1",720,0.192,0.30693,1.5985937499999998,0.11492999999999998,59.85937499999998
Bistro,4,1.0,4,132,16,M4_D1,"4 bins
M4, D1",780,0.18322,0.29299,1.5991158170505402,0.10976999999999998,59.91158170505402
Bistro,4,1.0,4,132,16,M4_D1,"4 bins
M4, D1",840,0.12457,0.23831,1.9130609295978165,0.11374,91.30609295978165
Bistro,4,1.0,4,132,16,M4_D1,"4 bins
M4, D1",900,0.19891,0.31707,1.5940375043989745,0.11816000000000002,59.40375043989745
Bistro,4,1.0,4,132,16,M4_D1,"4 bins
M4, D1",960,0.24043,0.35875,1.492118288067213,0.11832000000000001,49.2118288067213
Bistro,4,1.0,4,132,16,M4_D1,"4 bins
M4, D1",1020,0.21225,0.32616,1.536678445229682,0.11391000000000001,53.6678445229682
Bistro,4,1.0,4,132,16,M4_D1,"4 bins
M4, D1",1080,0.20896,0.30932,1.480283307810107,0.10035999999999998,48.028330781010695
Bistro,4,1.0,4,132,16,M4_D1,"4 bins
M4, D1",1140,0.23329,0.34467,1.477431522997128,0.11137999999999998,47.7431522997128
Bistro,4,1.0,4,132,16,M4_D1,"4 bins
M4, D1",1200,0.20933,0.32334,1.5446424306119526,0.11401000000000003,54.46424306119526
Bistro,4,1.0,4,132,16,M4_D1,"4 bins
M4, D1",1260,0.19048,0.30112,1.5808483830323392,0.11063999999999999,58.08483830323392
Bistro,4,1.0,4,132,16,M4_D1,"4 bins
M4, D1",1320,0.19982,0.30954,1.5490941847662896,0.10971999999999998,54.90941847662896
Bistro,4,1.0,4,132,16,M4_D1,"4 bins
M4, D1",1380,0.20428,0.31615,1.547630702956726,0.11187,54.7630702956726
Bistro,4,1.0,4,132,16,M4_D1,"4 bins
M4, D1",1440,0.21633,0.33767,1.5609023251513892,0.12134000000000003,56.090232515138915
Bistro,4,1.0,4,132,16,M4_D1,"4 bins
M4, D1",1500,0.35157,0.45739,1.3009926899337259,0.10582000000000003,30.099268993372586
Bistro,4,1.0,4,132,16,M4_D1,"4 bins
M4, D1",1560,0.38231,0.4756,1.2440166357144726,0.09329000000000004,24.401663571447262
Bistro,4,1.0,4,132,16,M4_D1,"4 bins
M4, D1",1620,0.37947,0.4783,1.2604421956939944,0.09883000000000003,26.04421956939944
Bistro,4,1.0,4,132,16,M4_D1,"4 bins
M4, D1",1680,0.2588,0.37279,1.4404559505409584,0.11399000000000004,44.04559505409584
Bistro,4,1.0,4,132,16,M4_D1,"4 bins
M4, D1",1740,0.17534,0.28249,1.611098437321775,0.10715000000000002,61.109843732177495
Bistro,4,1.0,4,132,16,M4_D1,"4 bins
M4, D1",1800,0.17332,0.27514,1.587468266789753,0.10182,58.7468266789753
Bistro,4,1.0,4,132,16,M4_D1,"4 bins
M4, D1",1860,0.17009,0.26744,1.5723440531483335,0.09735000000000002,57.234405314833346
Bistro,4,1.0,4,132,16,M4_D1,"4 bins
M4, D1",1920,0.16644,0.26557,1.5955900024032683,0.09912999999999997,59.55900024032683
Bistro,4,1.0,4,132,16,M4_D1,"4 bins
M4, D1",1980,0.1614,0.26001,1.6109665427509297,0.09861000000000003,61.096654275092966
Bistro,4,1.0,4,132,16,M4_D1,"4 bins
M4, D1",2040,0.15516,0.24653,1.5888759989688064,0.09137,58.88759989688064
Bistro,4,1.0,4,132,16,M4_D1,"4 bins
M4, D1",2100,0.14949,0.24011,1.6061943942738643,0.09061999999999998,60.61943942738643
Bistro,4,1.0,4,132,16,M4_D1,"4 bins
M4, D1",2160,0.14339,0.23641,1.6487202733802917,0.09302000000000002,64.87202733802917
Bistro,4,1.0,4,132,16,M4_D1,"4 bins
M4, D1",2220,0.13898,0.23155,1.6660670600086345,0.09257000000000001,66.60670600086345
Bistro,4,1.0,4,132,16,M4_D1,"4 bins
M4, D1",2280,0.10191,0.17817,1.7483073299970562,0.07626,74.83073299970562
Bistro,4,1.0,4,132,16,M4_D1,"4 bins
M4, D1",2340,0.18183,0.28865,1.5874718143320685,0.10682000000000003,58.747181433206855
Bistro,4,1.0,4,132,16,M4_D1,"4 bins
M4, D1",2400,0.27574,0.38245,1.386994995285414,0.10671000000000003,38.699499528541395
Bistro,4,1.0,4,132,16,M4_D1,"4 bins
M4, D1",2460,0.28413,0.3946,1.388800900996023,0.11047000000000001,38.88009009960229
Bistro,4,1.0,4,132,16,M4_D1,"4 bins
M4, D1",2520,0.2582,0.37189,1.440317583268784,0.11369000000000001,44.0317583268784
Bistro,4,1.0,4,132,16,M4_D1,"4 bins
M4, D1",2580,0.22832,0.33354,1.460844428871759,0.10522000000000001,46.0844428871759
Bistro,4,1.0,4,132,16,M4_D1,"4 bins
M4, D1",2640,0.21203,0.31192,1.4711125784087156,0.09988999999999998,47.11125784087156
Bistro,4,1.0,4,132,16,M4_D1,"4 bins
M4, D1",2700,0.1939,0.2916,1.5038679731820528,0.09770000000000004,50.38679731820528
Bistro,4,1.0,4,132,16,M4_D1,"4 bins
M4, D1",2760,0.18244,0.27496,1.5071256303442226,0.09251999999999999,50.71256303442227
Bistro,4,1.0,4,132,16,M4_D1,"4 bins
M4, D1",2820,0.18221,0.27036,1.4837824488227866,0.08814999999999998,48.378244882278665
Bistro,4,1.0,4,132,16,M4_D1,"4 bins
M4, D1",2880,0.16203,0.26204,1.6172313769055113,0.10000999999999999,61.723137690551134
Bistro,4,1.0,4,132,16,M4_D1,"4 bins
M4, D1",2940,0.1514,0.25227,1.6662483487450461,0.10086999999999999,66.62483487450461
Bistro,4,1.0,4,132,16,M4_D1,"4 bins
M4, D1",3000,0.25801,0.35221,1.365102127824503,0.0942,36.5102127824503
Bistro,4,1.0,4,132,16,M4_D1,"4 bins
M4, D1",3060,0.33872,0.42697,1.2605396787907417,0.08825,26.053967879074168
Bistro,4,1.0,4,132,16,M4_D1,"4 bins
M4, D1",3120,0.33706,0.42952,1.2743131786625526,0.09245999999999999,27.431317866255256
Bistro,4,1.0,4,132,16,M4_D1,"4 bins
M4, D1",3180,0.32753,0.41692,1.2729215644368457,0.08939000000000002,27.29215644368457
Bistro,4,1.0,4,132,16,M4_D1,"4 bins
M4, D1",3240,0.29542,0.39288,1.3299031886805226,0.09745999999999999,32.990318868052256
Bistro,4,1.0,4,132,16,M4_D1,"4 bins
M4, D1",3300,0.27325,0.37583,1.3754071363220495,0.10258,37.54071363220495
Bistro,4,1.0,4,132,16,M4_D1,"4 bins
M4, D1",3360,0.25228,0.35838,1.4205644521959726,0.10609999999999997,42.05644521959726
Bistro,4,1.0,4,132,16,M4_D1,"4 bins
M4, D1",3420,0.23585,0.34017,1.4423150307398769,0.10431999999999997,44.23150307398769
Bistro,4,1.0,4,132,16,M4_D1,"4 bins
M4, D1",3480,0.22833,0.3262,1.4286339946568563,0.09786999999999998,42.863399465685625
Bistro,4,1.0,4,132,16,M4_D1,"4 bins
M4, D1",3540,0.22036,0.31489,1.4289798511526592,0.09453,42.897985115265925
Bistro,4,1.0,4,132,16,M4_D1,"4 bins
M4, D1",3600,0.21011,0.31075,1.4789871971824284,0.10064000000000003,47.898719718242845
Bistro,4,1.0,4,132,16,M4_D1,"4 bins
M4, D1",3660,0.20323,0.30493,1.5004182453377946,0.10169999999999998,50.041824533779454
Bistro,4,1.0,4,132,16,M4_D1,"4 bins
M4, D1",3720,0.20346,0.29839,1.4665781971886365,0.09492999999999999,46.65781971886365
Bistro,4,1.0,4,132,16,M4_D1,"4 bins
M4, D1",3780,0.20146,0.28799,1.4295145438300407,0.08653000000000002,42.95145438300408
Bistro,4,1.0,4,132,16,M4_D1,"4 bins
M4, D1",3840,0.19337,0.27682,1.4315560841909294,0.08345000000000002,43.15560841909294
Bistro,4,1.0,4,132,16,M4_D1,"4 bins
M4, D1",3900,0.1814,0.25611,1.4118522601984564,0.07471,41.18522601984564
Bistro,4,1.0,4,132,16,M4_D1,"4 bins
M4, D1",3960,0.17705,0.24575,1.3880259813611973,0.06869999999999998,38.80259813611973
Bistro,4,1.0,4,132,16,M4_D1,"4 bins
M4, D1",4020,0.17185,0.24387,1.419086412569101,0.07202,41.908641256910094
Bistro,4,1.0,4,132,16,M4_D1,"4 bins
M4, D1",4080,0.17601,0.2453,1.3936708141582863,0.06928999999999999,39.36708141582863
Bistro,4,1.0,4,132,16,M4_D1,"4 bins
M4, D1",4140,0.16488,0.23169,1.405203784570597,0.06681000000000001,40.52037845705969
Bistro,4,1.0,4,132,16,M4_D1,"4 bins
M4, D1",4200,0.14697,0.20931,1.4241681975913452,0.062340000000000007,42.41681975913452
Bistro,4,1.0,4,132,16,M4_D1,"4 bins
M4, D1",4260,0.18834,0.26191,1.3906233407666984,0.07356999999999997,39.062334076669835
Bistro,4,1.0,4,132,16,M4_D1,"4 bins
M4, D1",4320,0.44516,0.51662,1.160526552250876,0.07145999999999997,16.05265522508761
Bistro,4,1.0,4,132,16,M4_D1,"4 bins
M4, D1",4380,0.39189,0.46532,1.1873740080124524,0.07343,18.73740080124524
Bistro,4,1.0,4,132,16,M4_D1,"4 bins
M4, D1",4440,0.12732,0.21514,1.6897580898523408,0.08782000000000001,68.97580898523408
Bistro,4,1.0,4,132,16,M4_D1,"4 bins
M4, D1",4500,0.14127,0.21441,1.5177320025483116,0.07313999999999998,51.77320025483117
Bistro,4,1.0,4,132,16,M4_D1,"4 bins
M4, D1",4560,0.13352,0.20096,1.5050928699820252,0.06744,50.50928699820252
Bistro,4,1.0,4,132,16,M4_D1,"4 bins
M4, D1",4620,0.13704,0.21674,1.5815820198482196,0.0797,58.15820198482196
Bistro,4,1.0,4,132,16,M4_D1,"4 bins
M4, D1",4680,0.1932,0.28105,1.4547101449275364,0.08785000000000001,45.47101449275364
Bistro,4,1.0,4,132,16,M4_D1,"4 bins
M4, D1",4740,0.30716,0.40231,1.3097734079958328,0.09515000000000001,30.977340799583274
Bistro,4,1.0,4,132,16,M4_D1,"4 bins
M4, D1",4800,0.43405,0.49389,1.137864301347771,0.059840000000000004,13.786430134777095
Bistro,4,1.0,4,132,16,M4_D1,"4 bins
M4, D1",4860,0.42623,0.47659,1.1181521713628793,0.050360000000000016,11.815217136287925
Bistro,4,1.0,4,132,16,M4_D1,"4 bins
M4, D1",4920,0.43054,0.47951,1.113740883541599,0.048970000000000014,11.374088354159895
Bistro,4,1.0,4,132,16,M4_D1,"4 bins
M4, D1",4980,0.46449,0.51341,1.1053198131283775,0.04892000000000002,10.531981312837747
Bistro,4,1.0,4,132,16,M4_D1,"4 bins
M4, D1",5040,0.35408,0.42401,1.1974977406235878,0.06992999999999999,19.74977406235878
Bistro,4,1.0,4,132,16,M4_D1,"4 bins
M4, D1",5100,0.38761,0.44749,1.15448517840097,0.05987999999999999,15.448517840096997
Bistro,4,1.0,4,132,16,M4_D1,"4 bins
M4, D1",5160,0.48144,0.52798,1.0966683283482885,0.046540000000000026,9.666832834828853
Bistro,4,1.0,4,132,16,M4_D1,"4 bins
M4, D1",5220,0.49063,0.52829,1.0767584534170354,0.03766000000000003,7.6758453417035355
Bistro,4,1.0,4,132,16,M4_D1,"4 bins
M4, D1",5280,0.4896,0.51712,1.0562091503267974,0.027520000000000044,5.620915032679741
Bistro,4,1.0,4,132,16,M4_D1,"4 bins
M4, D1",5340,0.38693,0.42433,1.0966583102886827,0.03739999999999999,9.665831028868265
Bistro,4,1.0,4,132,16,M4_D1,"4 bins
M4, D1",5400,0.09428,0.15088,1.60033941450997,0.056599999999999984,60.033941450997006
Bistro,4,1.0,4,132,16,M4_D1,"4 bins
M4, D1",5460,0.06412,0.11991,1.8700873362445416,0.055790000000000006,87.00873362445417
Bistro,16,0.5,16,132,18,M16_D0.5,"16 bins
M16, D0.5",0,0.20194,0.30768,1.5236208774883628,0.10574,52.36208774883628
Bistro,16,0.5,16,132,18,M16_D0.5,"16 bins
M16, D0.5",60,0.22064,0.3322,1.5056200145032632,0.11155999999999999,50.56200145032632
Bistro,16,0.5,16,132,18,M16_D0.5,"16 bins
M16, D0.5",120,0.18635,0.30251,1.6233431714515698,0.11616000000000001,62.33431714515698
Bistro,16,0.5,16,132,18,M16_D0.5,"16 bins
M16, D0.5",180,0.14789,0.27773,1.8779498275745485,0.12983999999999998,87.79498275745485
Bistro,16,0.5,16,132,18,M16_D0.5,"16 bins
M16, D0.5",240,0.21662,0.33329,1.538592927707506,0.11666999999999997,53.85929277075061
Bistro,16,0.5,16,132,18,M16_D0.5,"16 bins
M16, D0.5",300,0.24567,0.35121,1.4296006838441813,0.10554000000000002,42.96006838441813
Bistro,16,0.5,16,132,18,M16_D0.5,"16 bins
M16, D0.5",360,0.24342,0.35165,1.4446224632322735,0.10823000000000002,44.46224632322735
Bistro,16,0.5,16,132,18,M16_D0.5,"16 bins
M16, D0.5",420,0.18985,0.29988,1.5795628127469055,0.11002999999999999,57.95628127469055
Bistro,16,0.5,16,132,18,M16_D0.5,"16 bins
M16, D0.5",480,0.19834,0.30071,1.5161339114651609,0.10236999999999999,51.613391146516086
Bistro,16,0.5,16,132,18,M16_D0.5,"16 bins
M16, D0.5",540,0.21025,0.3256,1.5486325802615934,0.11535000000000001,54.86325802615934
Bistro,16,0.5,16,132,18,M16_D0.5,"16 bins
M16, D0.5",600,0.21465,0.33255,1.549266247379455,0.1179,54.926624737945495
Bistro,16,0.5,16,132,18,M16_D0.5,"16 bins
M16, D0.5",660,0.15158,0.27264,1.7986541760126666,0.12106,79.86541760126667
Bistro,16,0.5,16,132,18,M16_D0.5,"16 bins
M16, D0.5",720,0.19151,0.31339,1.63641585295807,0.12187999999999999,63.64158529580699
Bistro,16,0.5,16,132,18,M16_D0.5,"16 bins
M16, D0.5",780,0.1821,0.29529,1.6215815485996703,0.11318999999999999,62.15815485996703
Bistro,16,0.5,16,132,18,M16_D0.5,"16 bins
M16, D0.5",840,0.12286,0.23847,1.9409897444245483,0.11560999999999999,94.09897444245483
Bistro,16,0.5,16,132,18,M16_D0.5,"16 bins
M16, D0.5",900,0.19668,0.32128,1.6335163717714054,0.12460000000000002,63.35163717714054
Bistro,16,0.5,16,132,18,M16_D0.5,"16 bins
M16, D0.5",960,0.23937,0.36412,1.5211597109077997,0.12475,52.115971090779965
Bistro,16,0.5,16,132,18,M16_D0.5,"16 bins
M16, D0.5",1020,0.21141,0.33155,1.568279646185138,0.12014000000000002,56.8279646185138
Bistro,16,0.5,16,132,18,M16_D0.5,"16 bins
M16, D0.5",1080,0.20824,0.3143,1.5093161736457934,0.10606000000000002,50.93161736457934
Bistro,16,0.5,16,132,18,M16_D0.5,"16 bins
M16, D0.5",1140,0.23194,0.34849,1.5025006467189792,0.11655000000000001,50.25006467189792
Bistro,16,0.5,16,132,18,M16_D0.5,"16 bins
M16, D0.5",1200,0.20696,0.33077,1.5982315423270197,0.12381,59.82315423270197
Bistro,16,0.5,16,132,18,M16_D0.5,"16 bins
M16, D0.5",1260,0.18891,0.30887,1.635011381080938,0.11995999999999998,63.50113810809379
Bistro,16,0.5,16,132,18,M16_D0.5,"16 bins
M16, D0.5",1320,0.19891,0.31678,1.5925795585943392,0.11787,59.25795585943392
Bistro,16,0.5,16,132,18,M16_D0.5,"16 bins
M16, D0.5",1380,0.20255,0.32283,1.5938286842754874,0.12028,59.38286842754874
Bistro,16,0.5,16,132,18,M16_D0.5,"16 bins
M16, D0.5",1440,0.21501,0.34482,1.6037393609599553,0.12981,60.37393609599553
Bistro,16,0.5,16,132,18,M16_D0.5,"16 bins
M16, D0.5",1500,0.34908,0.46507,1.33227340437722,0.11598999999999998,33.227340437722
Bistro,16,0.5,16,132,18,M16_D0.5,"16 bins
M16, D0.5",1560,0.38083,0.48444,1.2720636504477063,0.10360999999999998,27.20636504477063
Bistro,16,0.5,16,132,18,M16_D0.5,"16 bins
M16, D0.5",1620,0.37909,0.48295,1.2739718800284894,0.10386000000000001,27.39718800284894
Bistro,16,0.5,16,132,18,M16_D0.5,"16 bins
M16, D0.5",1680,0.25831,0.37688,1.4590221052224073,0.11857000000000001,45.90221052224073
Bistro,16,0.5,16,132,18,M16_D0.5,"16 bins
M16, D0.5",1740,0.17454,0.28971,1.65984874527329,0.11517000000000002,65.984874527329
Bistro,16,0.5,16,132,18,M16_D0.5,"16 bins
M16, D0.5",1800,0.1723,0.28134,1.6328496807893207,0.10903999999999997,63.28496807893207
Bistro,16,0.5,16,132,18,M16_D0.5,"16 bins
M16, D0.5",1860,0.16922,0.2736,1.6168301619193948,0.10438,61.68301619193948
Bistro,16,0.5,16,132,18,M16_D0.5,"16 bins
M16, D0.5",1920,0.16548,0.27178,1.6423737007493355,0.10630000000000003,64.23737007493355
Bistro,16,0.5,16,132,18,M16_D0.5,"16 bins
M16, D0.5",1980,0.15999,0.26647,1.6655415963497717,0.10647999999999999,66.55415963497717
Bistro,16,0.5,16,132,18,M16_D0.5,"16 bins
M16, D0.5",2040,0.15376,0.25367,1.6497788761706556,0.09991,64.97788761706556
Bistro,16,0.5,16,132,18,M16_D0.5,"16 bins
M16, D0.5",2100,0.14762,0.24679,1.671792440048774,0.09917000000000001,67.1792440048774
Bistro,16,0.5,16,132,18,M16_D0.5,"16 bins
M16, D0.5",2160,0.14269,0.24218,1.6972457775597447,0.09949,69.72457775597447
Bistro,16,0.5,16,132,18,M16_D0.5,"16 bins
M16, D0.5",2220,0.13813,0.23634,1.710996886990516,0.09820999999999999,71.09968869905161
Bistro,16,0.5,16,132,18,M16_D0.5,"16 bins
M16, D0.5",2280,0.10141,0.17893,1.764421654669165,0.07752,76.44216546691649
Bistro,16,0.5,16,132,18,M16_D0.5,"16 bins
M16, D0.5",2340,0.18056,0.29246,1.6197385910500666,0.1119,61.97385910500665
Bistro,16,0.5,16,132,18,M16_D0.5,"16 bins
M16, D0.5",2400,0.27204,0.38885,1.429385384502279,0.11680999999999997,42.9385384502279
Bistro,16,0.5,16,132,18,M16_D0.5,"16 bins
M16, D0.5",2460,0.2824,0.40038,1.4177762039660058,0.11798000000000003,41.77762039660058
Bistro,16,0.5,16,132,18,M16_D0.5,"16 bins
M16, D0.5",2520,0.2573,0.37956,1.475165176836378,0.12226000000000004,47.5165176836378
Bistro,16,0.5,16,132,18,M16_D0.5,"16 bins
M16, D0.5",2580,0.22748,0.33987,1.4940654123439425,0.11239000000000002,49.406541234394254
Bistro,16,0.5,16,132,18,M16_D0.5,"16 bins
M16, D0.5",2640,0.21109,0.31625,1.4981761334028139,0.10515999999999998,49.81761334028138
Bistro,16,0.5,16,132,18,M16_D0.5,"16 bins
M16, D0.5",2700,0.1934,0.2975,1.5382626680455016,0.1041,53.82626680455016
Bistro,16,0.5,16,132,18,M16_D0.5,"16 bins
M16, D0.5",2760,0.18168,0.28023,1.5424372523117567,0.09854999999999997,54.24372523117567
Bistro,16,0.5,16,132,18,M16_D0.5,"16 bins
M16, D0.5",2820,0.18122,0.27488,1.516830371923629,0.09366000000000002,51.68303719236289
Bistro,16,0.5,16,132,18,M16_D0.5,"16 bins
M16, D0.5",2880,0.16107,0.26639,1.6538771962500778,0.10532000000000002,65.38771962500778
Bistro,16,0.5,16,132,18,M16_D0.5,"16 bins
M16, D0.5",2940,0.15092,0.25731,1.7049430161675059,0.10638999999999998,70.49430161675059
Bistro,16,0.5,16,132,18,M16_D0.5,"16 bins
M16, D0.5",3000,0.26122,0.35767,1.369229002373478,0.09644999999999998,36.92290023734781
Bistro,16,0.5,16,132,18,M16_D0.5,"16 bins
M16, D0.5",3060,0.34141,0.43566,1.2760610409771243,0.09425,27.606104097712425
Bistro,16,0.5,16,132,18,M16_D0.5,"16 bins
M16, D0.5",3120,0.33632,0.43568,1.2954329210275928,0.09936,29.543292102759278
Bistro,16,0.5,16,132,18,M16_D0.5,"16 bins
M16, D0.5",3180,0.32705,0.42361,1.2952453753248738,0.09655999999999998,29.524537532487383
Bistro,16,0.5,16,132,18,M16_D0.5,"16 bins
M16, D0.5",3240,0.29459,0.40057,1.3597542346990732,0.10597999999999996,35.97542346990732
Bistro,16,0.5,16,132,18,M16_D0.5,"16 bins
M16, D0.5",3300,0.27394,0.38237,1.3958166021756588,0.10842999999999997,39.58166021756588
Bistro,16,0.5,16,132,18,M16_D0.5,"16 bins
M16, D0.5",3360,0.25308,0.36395,1.4380828196617668,0.11086999999999997,43.80828196617668
Bistro,16,0.5,16,132,18,M16_D0.5,"16 bins
M16, D0.5",3420,0.23707,0.34715,1.4643354283544945,0.11008000000000001,46.43354283544945
Bistro,16,0.5,16,132,18,M16_D0.5,"16 bins
M16, D0.5",3480,0.23043,0.33176,1.4397430890075078,0.10133,43.97430890075078
Bistro,16,0.5,16,132,18,M16_D0.5,"16 bins
M16, D0.5",3540,0.21677,0.31802,1.4670849287263,0.10125000000000003,46.70849287262999
Bistro,16,0.5,16,132,18,M16_D0.5,"16 bins
M16, D0.5",3600,0.2106,0.3159,1.5,0.1053,50.0
Bistro,16,0.5,16,132,18,M16_D0.5,"16 bins
M16, D0.5",3660,0.20366,0.31096,1.5268584896395954,0.1073,52.685848963959536
Bistro,16,0.5,16,132,18,M16_D0.5,"16 bins
M16, D0.5",3720,0.20296,0.30421,1.49886677177769,0.10124999999999998,49.886677177769
Bistro,16,0.5,16,132,18,M16_D0.5,"16 bins
M16, D0.5",3780,0.20193,0.29252,1.448620809191304,0.09059,44.8620809191304
Bistro,16,0.5,16,132,18,M16_D0.5,"16 bins
M16, D0.5",3840,0.19408,0.28004,1.4429101401483924,0.08596000000000001,44.291014014839234
Bistro,16,0.5,16,132,18,M16_D0.5,"16 bins
M16, D0.5",3900,0.1819,0.26017,1.4302913688840022,0.07827,43.029136888400224
Bistro,16,0.5,16,132,18,M16_D0.5,"16 bins
M16, D0.5",3960,0.17747,0.25124,1.4156758888826282,0.07377000000000003,41.56758888826282
Bistro,16,0.5,16,132,18,M16_D0.5,"16 bins
M16, D0.5",4020,0.17226,0.24722,1.4351561592940902,0.07496,43.51561592940902
Bistro,16,0.5,16,132,18,M16_D0.5,"16 bins
M16, D0.5",4080,0.17678,0.24922,1.4097748614096617,0.07244,40.97748614096617
Bistro,16,0.5,16,132,18,M16_D0.5,"16 bins
M16, D0.5",4140,0.16544,0.23611,1.4271639264990328,0.07066999999999998,42.71639264990328
Bistro,16,0.5,16,132,18,M16_D0.5,"16 bins
M16, D0.5",4200,0.1473,0.2145,1.4562118126272914,0.06720000000000001,45.62118126272914
Bistro,16,0.5,16,132,18,M16_D0.5,"16 bins
M16, D0.5",4260,0.18689,0.26635,1.425169886029215,0.07945999999999998,42.5169886029215
Bistro,16,0.5,16,132,18,M16_D0.5,"16 bins
M16, D0.5",4320,0.43895,0.52378,1.1932566351520675,0.08483000000000002,19.32566351520675
Bistro,16,0.5,16,132,18,M16_D0.5,"16 bins
M16, D0.5",4380,0.38596,0.47114,1.2206964452274847,0.08517999999999998,22.069644522748465
Bistro,16,0.5,16,132,18,M16_D0.5,"16 bins
M16, D0.5",4440,0.12707,0.21987,1.7303061304792637,0.09280000000000002,73.03061304792638
Bistro,16,0.5,16,132,18,M16_D0.5,"16 bins
M16, D0.5",4500,0.14117,0.21794,1.5438124247361338,0.07677,54.381242473613376
Bistro,16,0.5,16,132,18,M16_D0.5,"16 bins
M16, D0.5",4560,0.13522,0.20388,1.5077651235024405,0.06866,50.776512350244055
Bistro,16,0.5,16,132,18,M16_D0.5,"16 bins
M16, D0.5",4620,0.1373,0.22046,1.6056809905316822,0.08315999999999998,60.568099053168226
Bistro,16,0.5,16,132,18,M16_D0.5,"16 bins
M16, D0.5",4680,0.19417,0.28646,1.4753051449760517,0.09228999999999998,47.53051449760517
Bistro,16,0.5,16,132,18,M16_D0.5,"16 bins
M16, D0.5",4740,0.30137,0.40585,1.3466834787802369,0.10447999999999996,34.66834787802369
Bistro,16,0.5,16,132,18,M16_D0.5,"16 bins
M16, D0.5",4800,0.42512,0.49823,1.171974971772676,0.07311000000000001,17.197497177267596
Bistro,16,0.5,16,132,18,M16_D0.5,"16 bins
M16, D0.5",4860,0.41848,0.47981,1.1465541961384056,0.061329999999999996,14.655419613840559
Bistro,16,0.5,16,132,18,M16_D0.5,"16 bins
M16, D0.5",4920,0.42295,0.48284,1.141600662016787,0.05989,14.160066201678688
Bistro,16,0.5,16,132,18,M16_D0.5,"16 bins
M16, D0.5",4980,0.45588,0.51743,1.1350136000701938,0.06154999999999994,13.50136000701938
Bistro,16,0.5,16,132,18,M16_D0.5,"16 bins
M16, D0.5",5040,0.34989,0.42865,1.2250993169281774,0.07876,22.50993169281774
Bistro,16,0.5,16,132,18,M16_D0.5,"16 bins
M16, D0.5",5100,0.38286,0.45115,1.1783680718800607,0.06829000000000002,17.836807188006066
Bistro,16,0.5,16,132,18,M16_D0.5,"16 bins
M16, D0.5",5160,0.47407,0.5328,1.1238846583837832,0.05873000000000006,12.388465838378316
Bistro,16,0.5,16,132,18,M16_D0.5,"16 bins
M16, D0.5",5220,0.47955,0.53295,1.1113543947450737,0.05340000000000006,11.135439474507368
Bistro,16,0.5,16,132,18,M16_D0.5,"16 bins
M16, D0.5",5280,0.47282,0.52053,1.1009052070555392,0.04771000000000003,10.090520705553917
Bistro,16,0.5,16,132,18,M16_D0.5,"16 bins
M16, D0.5",5340,0.37828,0.42746,1.1300095167600719,0.04918,13.000951676007189
Bistro,16,0.5,16,132,18,M16_D0.5,"16 bins
M16, D0.5",5400,0.09467,0.15383,1.6249075736769831,0.05915999999999999,62.490757367698315
Bistro,16,0.5,16,132,18,M16_D0.5,"16 bins
M16, D0.5",5460,0.0644,0.12276,1.9062111801242236,0.058359999999999995,90.62111801242236
Bistro,64,0.0,64,132,20,M64_D0,"64 bins
M64, D0",0,0.20092,0.37096,1.8463069878558631,0.17004000000000002,84.6306987855863
Bistro,64,0.0,64,132,20,M64_D0,"64 bins
M64, D0",60,0.21904,0.40366,1.8428597516435354,0.18462,84.28597516435354
Bistro,64,0.0,64,132,20,M64_D0,"64 bins
M64, D0",120,0.1841,0.35656,1.9367734926670286,0.17245999999999997,93.67734926670286
Bistro,64,0.0,64,132,20,M64_D0,"64 bins
M64, D0",180,0.14681,0.30329,2.065867447721545,0.15648,106.5867447721545
Bistro,64,0.0,64,132,20,M64_D0,"64 bins
M64, D0",240,0.21499,0.33773,1.5709102748965067,0.12273999999999999,57.09102748965067
Bistro,64,0.0,64,132,20,M64_D0,"64 bins
M64, D0",300,0.24392,0.35533,1.456748114135782,0.11140999999999998,45.67481141357821
Bistro,64,0.0,64,132,20,M64_D0,"64 bins
M64, D0",360,0.24071,0.35534,1.4762161937601261,0.11462999999999998,47.62161937601262
Bistro,64,0.0,64,132,20,M64_D0,"64 bins
M64, D0",420,0.18699,0.30464,1.6291780309107442,0.11765000000000003,62.91780309107442
Bistro,64,0.0,64,132,20,M64_D0,"64 bins
M64, D0",480,0.19564,0.30616,1.564915150276017,0.11051999999999998,56.4915150276017
Bistro,64,0.0,64,132,20,M64_D0,"64 bins
M64, D0",540,0.20841,0.33004,1.5836092318026964,0.12162999999999999,58.360923180269644
Bistro,64,0.0,64,132,20,M64_D0,"64 bins
M64, D0",600,0.21271,0.33737,1.5860561327629166,0.12465999999999999,58.605613276291656
Bistro,64,0.0,64,132,20,M64_D0,"64 bins
M64, D0",660,0.15065,0.27655,1.835711915034849,0.1259,83.57119150348491
Bistro,64,0.0,64,132,20,M64_D0,"64 bins
M64, D0",720,0.18935,0.3174,1.6762608925270663,0.12805000000000002,67.62608925270663
Bistro,64,0.0,64,132,20,M64_D0,"64 bins
M64, D0",780,0.18095,0.30283,1.6735562310030394,0.12187999999999999,67.35562310030394
Bistro,64,0.0,64,132,20,M64_D0,"64 bins
M64, D0",840,0.1222,0.24876,2.035679214402619,0.12656,103.56792144026188
Bistro,64,0.0,64,132,20,M64_D0,"64 bins
M64, D0",900,0.1949,0.32918,1.6889687018984094,0.13427999999999998,68.89687018984094
Bistro,64,0.0,64,132,20,M64_D0,"64 bins
M64, D0",960,0.23662,0.36432,1.5396838813287126,0.12769999999999998,53.96838813287126
Bistro,64,0.0,64,132,20,M64_D0,"64 bins
M64, D0",1020,0.20819,0.33464,1.6073778759786734,0.12645,60.737787597867346
Bistro,64,0.0,64,132,20,M64_D0,"64 bins
M64, D0",1080,0.20599,0.31819,1.5446866352735569,0.11219999999999997,54.46866352735569
Bistro,64,0.0,64,132,20,M64_D0,"64 bins
M64, D0",1140,0.2301,0.34889,1.5162538026944805,0.11878999999999998,51.62538026944805
Bistro,64,0.0,64,132,20,M64_D0,"64 bins
M64, D0",1200,0.20643,0.3312,1.6044179625054498,0.12476999999999999,60.441796250544975
Bistro,64,0.0,64,132,20,M64_D0,"64 bins
M64, D0",1260,0.18887,0.30886,1.6353047069412825,0.11999000000000001,63.53047069412825
Bistro,64,0.0,64,132,20,M64_D0,"64 bins
M64, D0",1320,0.1967,0.31897,1.6216065073716317,0.12226999999999996,62.16065073716317
Bistro,64,0.0,64,132,20,M64_D0,"64 bins
M64, D0",1380,0.20135,0.32092,1.593841569406506,0.11956999999999998,59.3841569406506
Bistro,64,0.0,64,132,20,M64_D0,"64 bins
M64, D0",1440,0.21393,0.34236,1.600336558687421,0.12843,60.033655868742095
Bistro,64,0.0,64,132,20,M64_D0,"64 bins
M64, D0",1500,0.34446,0.45241,1.3133890727515531,0.10794999999999999,31.338907275155314
Bistro,64,0.0,64,132,20,M64_D0,"64 bins
M64, D0",1560,0.37352,0.47379,1.268446134075819,0.10026999999999997,26.844613407581907
Bistro,64,0.0,64,132,20,M64_D0,"64 bins
M64, D0",1620,0.37296,0.47336,1.2691977691977692,0.10039999999999999,26.919776919776915
Bistro,64,0.0,64,132,20,M64_D0,"64 bins
M64, D0",1680,0.25756,0.37445,1.4538359993787855,0.11689,45.38359993787855
Bistro,64,0.0,64,132,20,M64_D0,"64 bins
M64, D0",1740,0.17425,0.29027,1.6658249641319942,0.11601999999999998,66.58249641319942
Bistro,64,0.0,64,132,20,M64_D0,"64 bins
M64, D0",1800,0.17216,0.28205,1.6383015799256506,0.10989000000000002,63.83015799256506
Bistro,64,0.0,64,132,20,M64_D0,"64 bins
M64, D0",1860,0.16839,0.27503,1.6332917631688342,0.10663999999999998,63.32917631688342
Bistro,64,0.0,64,132,20,M64_D0,"64 bins
M64, D0",1920,0.16475,0.27238,1.6532928679817906,0.10763,65.32928679817907
Bistro,64,0.0,64,132,20,M64_D0,"64 bins
M64, D0",1980,0.15986,0.26669,1.6682722382084323,0.10682999999999998,66.82722382084323
Bistro,64,0.0,64,132,20,M64_D0,"64 bins
M64, D0",2040,0.15332,0.256,1.6697104096008348,0.10268,66.97104096008349
Bistro,64,0.0,64,132,20,M64_D0,"64 bins
M64, D0",2100,0.14733,0.24925,1.6917803570216523,0.10192000000000001,69.17803570216523
Bistro,64,0.0,64,132,20,M64_D0,"64 bins
M64, D0",2160,0.14118,0.2451,1.736081597960051,0.10392000000000001,73.6081597960051
Bistro,64,0.0,64,132,20,M64_D0,"64 bins
M64, D0",2220,0.13836,0.24161,1.7462416883492338,0.10324999999999998,74.62416883492338
Bistro,64,0.0,64,132,20,M64_D0,"64 bins
M64, D0",2280,0.10136,0.1931,1.905090765588003,0.09173999999999999,90.50907655880029
Bistro,64,0.0,64,132,20,M64_D0,"64 bins
M64, D0",2340,0.17962,0.29648,1.6505957020376352,0.11686000000000002,65.05957020376351
Bistro,64,0.0,64,132,20,M64_D0,"64 bins
M64, D0",2400,0.27135,0.38718,1.4268656716417913,0.11583000000000004,42.68656716417914
Bistro,64,0.0,64,132,20,M64_D0,"64 bins
M64, D0",2460,0.27956,0.3922,1.4029188725139505,0.11264000000000002,40.29188725139505
Bistro,64,0.0,64,132,20,M64_D0,"64 bins
M64, D0",2520,0.25475,0.37575,1.4749754661432777,0.121,47.49754661432777
Bistro,64,0.0,64,132,20,M64_D0,"64 bins
M64, D0",2580,0.22629,0.33312,1.47209333156569,0.10683000000000004,47.20933315656901
Bistro,64,0.0,64,132,20,M64_D0,"64 bins
M64, D0",2640,0.20866,0.31204,1.4954471388862263,0.10337999999999997,49.544713888622624
Bistro,64,0.0,64,132,20,M64_D0,"64 bins
M64, D0",2700,0.19276,0.29469,1.528792280556132,0.10193000000000002,52.879228055613204
Bistro,64,0.0,64,132,20,M64_D0,"64 bins
M64, D0",2760,0.18097,0.28478,1.57363098856164,0.10380999999999999,57.363098856163994
Bistro,64,0.0,64,132,20,M64_D0,"64 bins
M64, D0",2820,0.17998,0.28054,1.5587287476386267,0.10056000000000001,55.87287476386267
Bistro,64,0.0,64,132,20,M64_D0,"64 bins
M64, D0",2880,0.16039,0.27242,1.6984849429515556,0.11202999999999999,69.84849429515556
Bistro,64,0.0,64,132,20,M64_D0,"64 bins
M64, D0",2940,0.15114,0.26446,1.7497684266243216,0.11331999999999998,74.97684266243216
Bistro,64,0.0,64,132,20,M64_D0,"64 bins
M64, D0",3000,0.25474,0.35896,1.4091230274004867,0.10421999999999998,40.912302740048666
Bistro,64,0.0,64,132,20,M64_D0,"64 bins
M64, D0",3060,0.33481,0.42667,1.2743645649771511,0.09186,27.436456497715113
Bistro,64,0.0,64,132,20,M64_D0,"64 bins
M64, D0",3120,0.33219,0.43252,1.3020259490050876,0.10033000000000003,30.20259490050876
Bistro,64,0.0,64,132,20,M64_D0,"64 bins
M64, D0",3180,0.32328,0.4155,1.2852635486265775,0.09221999999999997,28.526354862657755
Bistro,64,0.0,64,132,20,M64_D0,"64 bins
M64, D0",3240,0.29081,0.39417,1.355421065300368,0.10336000000000001,35.5421065300368
Bistro,64,0.0,64,132,20,M64_D0,"64 bins
M64, D0",3300,0.2704,0.37564,1.3892011834319526,0.10524,38.92011834319526
Bistro,64,0.0,64,132,20,M64_D0,"64 bins
M64, D0",3360,0.25115,0.35295,1.405335456898268,0.1018,40.53354568982681
Bistro,64,0.0,64,132,20,M64_D0,"64 bins
M64, D0",3420,0.23503,0.34176,1.454112240990512,0.10673000000000002,45.4112240990512
Bistro,64,0.0,64,132,20,M64_D0,"64 bins
M64, D0",3480,0.22839,0.3291,1.4409562590306055,0.10071,44.09562590306055
Bistro,64,0.0,64,132,20,M64_D0,"64 bins
M64, D0",3540,0.2164,0.31667,1.463354898336414,0.10027,46.3354898336414
Bistro,64,0.0,64,132,20,M64_D0,"64 bins
M64, D0",3600,0.21013,0.31478,1.4980250321229713,0.10464999999999999,49.80250321229713
Bistro,64,0.0,64,132,20,M64_D0,"64 bins
M64, D0",3660,0.20372,0.31641,1.5531612016493226,0.11269000000000001,55.31612016493226
Bistro,64,0.0,64,132,20,M64_D0,"64 bins
M64, D0",3720,0.20242,0.31091,1.5359648256101177,0.10849000000000003,53.59648256101177
Bistro,64,0.0,64,132,20,M64_D0,"64 bins
M64, D0",3780,0.20144,0.30002,1.4893764892772041,0.09858,48.93764892772041
Bistro,64,0.0,64,132,20,M64_D0,"64 bins
M64, D0",3840,0.19389,0.28919,1.4915158079323327,0.0953,49.15158079323327
Bistro,64,0.0,64,132,20,M64_D0,"64 bins
M64, D0",3900,0.1817,0.27084,1.4905888827738032,0.08914000000000002,49.05888827738032
Bistro,64,0.0,64,132,20,M64_D0,"64 bins
M64, D0",3960,0.17723,0.26096,1.472436946340913,0.08373000000000003,47.243694634091305
Bistro,64,0.0,64,132,20,M64_D0,"64 bins
M64, D0",4020,0.17235,0.25681,1.4900493182477514,0.08445999999999998,49.00493182477514
Bistro,64,0.0,64,132,20,M64_D0,"64 bins
M64, D0",4080,0.1772,0.25791,1.455474040632054,0.08070999999999998,45.54740406320541
Bistro,64,0.0,64,132,20,M64_D0,"64 bins
M64, D0",4140,0.16559,0.24477,1.4781689715562534,0.07918,47.81689715562534
Bistro,64,0.0,64,132,20,M64_D0,"64 bins
M64, D0",4200,0.14703,0.22394,1.5230905257430456,0.07691,52.30905257430456
Bistro,64,0.0,64,132,20,M64_D0,"64 bins
M64, D0",4260,0.18509,0.27443,1.4826840996272084,0.08934,48.26840996272084
Bistro,64,0.0,64,132,20,M64_D0,"64 bins
M64, D0",4320,0.43042,0.51399,1.1941591933460338,0.08356999999999992,19.41591933460338
Bistro,64,0.0,64,132,20,M64_D0,"64 bins
M64, D0",4380,0.38005,0.46369,1.2200763057492434,0.08363999999999999,22.00763057492434
Bistro,64,0.0,64,132,20,M64_D0,"64 bins
M64, D0",4440,0.1276,0.22642,1.7744514106583074,0.09882000000000002,77.44514106583074
Bistro,64,0.0,64,132,20,M64_D0,"64 bins
M64, D0",4500,0.14117,0.22789,1.6142948218460014,0.08672000000000002,61.42948218460014
Bistro,64,0.0,64,132,20,M64_D0,"64 bins
M64, D0",4560,0.13341,0.2159,1.6183194663068736,0.08249000000000001,61.83194663068736
Bistro,64,0.0,64,132,20,M64_D0,"64 bins
M64, D0",4620,0.13695,0.22829,1.6669587440671778,0.09134,66.69587440671778
Bistro,64,0.0,64,132,20,M64_D0,"64 bins
M64, D0",4680,0.19328,0.29089,1.5050186258278144,0.09760999999999997,50.50186258278144
Bistro,64,0.0,64,132,20,M64_D0,"64 bins
M64, D0",4740,0.29902,0.40319,1.348371346398234,0.10416999999999998,34.83713463982341
Bistro,64,0.0,64,132,20,M64_D0,"64 bins
M64, D0",4800,0.41837,0.49344,1.1794344718789587,0.07506999999999997,17.943447187895867
Bistro,64,0.0,64,132,20,M64_D0,"64 bins
M64, D0",4860,0.4115,0.47974,1.1658323207776429,0.06824000000000002,16.583232077764286
Bistro,64,0.0,64,132,20,M64_D0,"64 bins
M64, D0",4920,0.41551,0.48032,1.1559769921301535,0.06481000000000003,15.597699213015348
Bistro,64,0.0,64,132,20,M64_D0,"64 bins
M64, D0",4980,0.4486,0.51296,1.143468568880963,0.06435999999999997,14.346856888096294
Bistro,64,0.0,64,132,20,M64_D0,"64 bins
M64, D0",5040,0.34684,0.42518,1.2258678353131127,0.07834000000000002,22.586783531311273
Bistro,64,0.0,64,132,20,M64_D0,"64 bins
M64, D0",5100,0.37705,0.45009,1.1937143614905186,0.07304,19.371436149051856
Bistro,64,0.0,64,132,20,M64_D0,"64 bins
M64, D0",5160,0.46655,0.52928,1.1344550423320114,0.06272999999999995,13.445504233201145
Bistro,64,0.0,64,132,20,M64_D0,"64 bins
M64, D0",5220,0.47176,0.52738,1.117898931660166,0.05561999999999995,11.789893166016597
Bistro,64,0.0,64,132,20,M64_D0,"64 bins
M64, D0",5280,0.4647,0.51582,1.110006455777921,0.05111999999999994,11.0006455777921
Bistro,64,0.0,64,132,20,M64_D0,"64 bins
M64, D0",5340,0.37164,0.4257,1.1454633516306103,0.05406,14.54633516306103
Bistro,64,0.0,64,132,20,M64_D0,"64 bins
M64, D0",5400,0.09402,0.17186,1.8279089555413741,0.07784,82.7908955541374
Bistro,64,0.0,64,132,20,M64_D0,"64 bins
M64, D0",5460,0.06406,0.14506,2.2644395878863564,0.08099999999999999,126.44395878863564
Bistro,64,1.0,64,132,22,M64_D1,"64 bins
M64, D1",0,0.20337,0.38709,1.903378079362738,0.18372,90.33780793627379
Bistro,64,1.0,64,132,22,M64_D1,"64 bins
M64, D1",60,0.21811,0.41979,1.9246710375498601,0.20168,92.46710375498601
Bistro,64,1.0,64,132,22,M64_D1,"64 bins
M64, D1",120,0.18766,0.37325,1.9889694127677717,0.18559000000000003,98.89694127677717
Bistro,64,1.0,64,132,22,M64_D1,"64 bins
M64, D1",180,0.14967,0.3367,2.2496158214739093,0.18703,124.96158214739093
Bistro,64,1.0,64,132,22,M64_D1,"64 bins
M64, D1",240,0.21714,0.42191,1.9430321451598047,0.20477,94.30321451598047
Bistro,64,1.0,64,132,22,M64_D1,"64 bins
M64, D1",300,0.2458,0.44506,1.810659072416599,0.19926000000000002,81.0659072416599
Bistro,64,1.0,64,132,22,M64_D1,"64 bins
M64, D1",360,0.24299,0.40515,1.6673525659492159,0.16216,66.7352565949216
Bistro,64,1.0,64,132,22,M64_D1,"64 bins
M64, D1",420,0.18974,0.31735,1.672551913144303,0.12761000000000003,67.25519131443029
Bistro,64,1.0,64,132,22,M64_D1,"64 bins
M64, D1",480,0.19872,0.32188,1.6197665056360708,0.12315999999999999,61.97665056360708
Bistro,64,1.0,64,132,22,M64_D1,"64 bins
M64, D1",540,0.21179,0.34457,1.626941781953822,0.13277999999999998,62.69417819538221
Bistro,64,1.0,64,132,22,M64_D1,"64 bins
M64, D1",600,0.21675,0.35235,1.62560553633218,0.1356,62.560553633218
Bistro,64,1.0,64,132,22,M64_D1,"64 bins
M64, D1",660,0.15353,0.28997,1.888686250244252,0.13644,88.86862502442521
Bistro,64,1.0,64,132,22,M64_D1,"64 bins
M64, D1",720,0.19195,0.33219,1.730606928887731,0.14023999999999998,73.0606928887731
Bistro,64,1.0,64,132,22,M64_D1,"64 bins
M64, D1",780,0.18365,0.31051,1.690770487340049,0.12686,69.0770487340049
Bistro,64,1.0,64,132,22,M64_D1,"64 bins
M64, D1",840,0.12315,0.25477,2.0687779131140887,0.13162000000000001,106.87779131140887
Bistro,64,1.0,64,132,22,M64_D1,"64 bins
M64, D1",900,0.20002,0.3368,1.683831616838316,0.13677999999999998,68.3831616838316
Bistro,64,1.0,64,132,22,M64_D1,"64 bins
M64, D1",960,0.24098,0.38303,1.589468005643622,0.14204999999999998,58.94680056436219
Bistro,64,1.0,64,132,22,M64_D1,"64 bins
M64, D1",1020,0.2119,0.35208,1.6615384615384614,0.14018,66.15384615384615
Bistro,64,1.0,64,132,22,M64_D1,"64 bins
M64, D1",1080,0.20868,0.33431,1.6020222350009583,0.12563,60.20222350009583
Bistro,64,1.0,64,132,22,M64_D1,"64 bins
M64, D1",1140,0.23341,0.36879,1.580009425474487,0.13538,58.000942547448695
Bistro,64,1.0,64,132,22,M64_D1,"64 bins
M64, D1",1200,0.20837,0.35247,1.6915582857417095,0.1441,69.15582857417095
Bistro,64,1.0,64,132,22,M64_D1,"64 bins
M64, D1",1260,0.1895,0.33003,1.7415831134564643,0.14053,74.15831134564644
Bistro,64,1.0,64,132,22,M64_D1,"64 bins
M64, D1",1320,0.19976,0.33621,1.6830696836203445,0.13645000000000002,68.30696836203445
Bistro,64,1.0,64,132,22,M64_D1,"64 bins
M64, D1",1380,0.2036,0.34453,1.6921905697445971,0.14093,69.21905697445972
Bistro,64,1.0,64,132,22,M64_D1,"64 bins
M64, D1",1440,0.21615,0.36595,1.693037242655563,0.1498,69.30372426555631
Bistro,64,1.0,64,132,22,M64_D1,"64 bins
M64, D1",1500,0.3511,0.47452,1.3515237823981772,0.12341999999999997,35.152378239817715
Bistro,64,1.0,64,132,22,M64_D1,"64 bins
M64, D1",1560,0.38211,0.4972,1.301195990683311,0.11508999999999997,30.119599068331105
Bistro,64,1.0,64,132,22,M64_D1,"64 bins
M64, D1",1620,0.37994,0.4948,1.3023108911933463,0.11486000000000002,30.23108911933463
Bistro,64,1.0,64,132,22,M64_D1,"64 bins
M64, D1",1680,0.25841,0.39522,1.5294299756201388,0.13681000000000004,52.942997562013886
Bistro,64,1.0,64,132,22,M64_D1,"64 bins
M64, D1",1740,0.17494,0.3094,1.768606379330056,0.13446,76.86063793300559
Bistro,64,1.0,64,132,22,M64_D1,"64 bins
M64, D1",1800,0.17365,0.30092,1.732911027929744,0.12727000000000002,73.2911027929744
Bistro,64,1.0,64,132,22,M64_D1,"64 bins
M64, D1",1860,0.17017,0.29227,1.7175177763413056,0.12209999999999999,71.75177763413056
Bistro,64,1.0,64,132,22,M64_D1,"64 bins
M64, D1",1920,0.16697,0.28948,1.7337246211894353,0.12251000000000001,73.37246211894353
Bistro,64,1.0,64,132,22,M64_D1,"64 bins
M64, D1",1980,0.16171,0.28362,1.7538804031908972,0.12190999999999999,75.38804031908973
Bistro,64,1.0,64,132,22,M64_D1,"64 bins
M64, D1",2040,0.15572,0.27015,1.7348445928589777,0.11443,73.48445928589777
Bistro,64,1.0,64,132,22,M64_D1,"64 bins
M64, D1",2100,0.14983,0.26255,1.7523192952012283,0.11272000000000001,75.23192952012283
Bistro,64,1.0,64,132,22,M64_D1,"64 bins
M64, D1",2160,0.14331,0.25736,1.7958272276882283,0.11404999999999998,79.58272276882283
Bistro,64,1.0,64,132,22,M64_D1,"64 bins
M64, D1",2220,0.13986,0.2514,1.7975117975117973,0.11154,79.75117975117973
Bistro,64,1.0,64,132,22,M64_D1,"64 bins
M64, D1",2280,0.102,0.19576,1.9192156862745098,0.09376,91.92156862745098
Bistro,64,1.0,64,132,22,M64_D1,"64 bins
M64, D1",2340,0.18142,0.3065,1.6894498952706427,0.12508,68.94498952706427
Bistro,64,1.0,64,132,22,M64_D1,"64 bins
M64, D1",2400,0.27611,0.40431,1.4643077034515228,0.12819999999999998,46.43077034515228
Bistro,64,1.0,64,132,22,M64_D1,"64 bins
M64, D1",2460,0.28519,0.41506,1.4553806234440196,0.12986999999999999,45.538062344401965
Bistro,64,1.0,64,132,22,M64_D1,"64 bins
M64, D1",2520,0.25863,0.39239,1.5171867146116071,0.13376,51.71867146116072
Bistro,64,1.0,64,132,22,M64_D1,"64 bins
M64, D1",2580,0.22849,0.35568,1.5566545581863538,0.12719,55.66545581863538
Bistro,64,1.0,64,132,22,M64_D1,"64 bins
M64, D1",2640,0.21156,0.33311,1.5745415012289659,0.12155000000000002,57.454150122896586
Bistro,64,1.0,64,132,22,M64_D1,"64 bins
M64, D1",2700,0.1943,0.315,1.6212043232115285,0.1207,62.120432321152855
Bistro,64,1.0,64,132,22,M64_D1,"64 bins
M64, D1",2760,0.1821,0.29796,1.6362438220757825,0.11585999999999999,63.62438220757824
Bistro,64,1.0,64,132,22,M64_D1,"64 bins
M64, D1",2820,0.18164,0.29436,1.6205681567936578,0.11272000000000001,62.05681567936578
Bistro,64,1.0,64,132,22,M64_D1,"64 bins
M64, D1",2880,0.16241,0.28575,1.7594359953204852,0.12334,75.94359953204852
Bistro,64,1.0,64,132,22,M64_D1,"64 bins
M64, D1",2940,0.1524,0.27543,1.8072834645669291,0.12303,80.72834645669292
Bistro,64,1.0,64,132,22,M64_D1,"64 bins
M64, D1",3000,0.25895,0.37341,1.442015833172427,0.11446,44.20158331724271
Bistro,64,1.0,64,132,22,M64_D1,"64 bins
M64, D1",3060,0.33799,0.44612,1.319920707713246,0.10813,31.9920707713246
Bistro,64,1.0,64,132,22,M64_D1,"64 bins
M64, D1",3120,0.33436,0.45144,1.3501615025720781,0.11708000000000002,35.01615025720781
Bistro,64,1.0,64,132,22,M64_D1,"64 bins
M64, D1",3180,0.32675,0.43634,1.3353940321346596,0.10959000000000002,33.53940321346596
Bistro,64,1.0,64,132,22,M64_D1,"64 bins
M64, D1",3240,0.29433,0.41477,1.4092005571977035,0.12044000000000005,40.92005571977035
Bistro,64,1.0,64,132,22,M64_D1,"64 bins
M64, D1",3300,0.27346,0.39132,1.4309953923791414,0.11786000000000002,43.09953923791414
Bistro,64,1.0,64,132,22,M64_D1,"64 bins
M64, D1",3360,0.25249,0.37608,1.4894847320685969,0.12359000000000003,48.94847320685969
Bistro,64,1.0,64,132,22,M64_D1,"64 bins
M64, D1",3420,0.23679,0.35727,1.5088052704928416,0.12047999999999998,50.88052704928416
Bistro,64,1.0,64,132,22,M64_D1,"64 bins
M64, D1",3480,0.22913,0.34337,1.498581591236416,0.11424000000000001,49.8581591236416
Bistro,64,1.0,64,132,22,M64_D1,"64 bins
M64, D1",3540,0.21697,0.33037,1.5226529013227634,0.1134,52.26529013227634
Bistro,64,1.0,64,132,22,M64_D1,"64 bins
M64, D1",3600,0.21151,0.32903,1.5556238475722188,0.11751999999999999,55.562384757221885
Bistro,64,1.0,64,132,22,M64_D1,"64 bins
M64, D1",3660,0.20513,0.32344,1.5767562033832203,0.11831,57.675620338322034
Bistro,64,1.0,64,132,22,M64_D1,"64 bins
M64, D1",3720,0.2041,0.31456,1.5412052915237628,0.11046,54.120529152376285
Bistro,64,1.0,64,132,22,M64_D1,"64 bins
M64, D1",3780,0.20278,0.30403,1.4993095966071606,0.10125000000000003,49.930959660716056
Bistro,64,1.0,64,132,22,M64_D1,"64 bins
M64, D1",3840,0.19466,0.29517,1.5163361758964347,0.10050999999999999,51.633617589643464
Bistro,64,1.0,64,132,22,M64_D1,"64 bins
M64, D1",3900,0.18194,0.28031,1.5406727492579972,0.09837000000000001,54.06727492579972
Bistro,64,1.0,64,132,22,M64_D1,"64 bins
M64, D1",3960,0.17802,0.26975,1.515279182114369,0.09172999999999998,51.5279182114369
Bistro,64,1.0,64,132,22,M64_D1,"64 bins
M64, D1",4020,0.17298,0.26429,1.5278644930049718,0.09131000000000003,52.78644930049718
Bistro,64,1.0,64,132,22,M64_D1,"64 bins
M64, D1",4080,0.17754,0.26384,1.4860876422214713,0.08630000000000002,48.60876422214713
Bistro,64,1.0,64,132,22,M64_D1,"64 bins
M64, D1",4140,0.16582,0.25154,1.5169460861174768,0.08571999999999999,51.69460861174768
Bistro,64,1.0,64,132,22,M64_D1,"64 bins
M64, D1",4200,0.14794,0.23022,1.5561714208462891,0.08228000000000002,55.61714208462891
Bistro,64,1.0,64,132,22,M64_D1,"64 bins
M64, D1",4260,0.18984,0.28041,1.4770859671302148,0.09056999999999998,47.70859671302148
Bistro,64,1.0,64,132,22,M64_D1,"64 bins
M64, D1",4320,0.44851,0.53034,1.1824485518717531,0.08183000000000001,18.24485518717531
Bistro,64,1.0,64,132,22,M64_D1,"64 bins
M64, D1",4380,0.39513,0.477,1.2071976311593653,0.08187,20.71976311593653
Bistro,64,1.0,64,132,22,M64_D1,"64 bins
M64, D1",4440,0.12798,0.23458,1.8329426472886388,0.1066,83.29426472886388
Bistro,64,1.0,64,132,22,M64_D1,"64 bins
M64, D1",4500,0.14181,0.23405,1.6504477822438475,0.09224000000000002,65.04477822438474
Bistro,64,1.0,64,132,22,M64_D1,"64 bins
M64, D1",4560,0.13411,0.21994,1.6399970173737974,0.08582999999999999,63.999701737379745
Bistro,64,1.0,64,132,22,M64_D1,"64 bins
M64, D1",4620,0.13906,0.23613,1.6980440097799512,0.09707000000000002,69.80440097799512
Bistro,64,1.0,64,132,22,M64_D1,"64 bins
M64, D1",4680,0.19444,0.30064,1.5461839127751493,0.10620000000000002,54.61839127751493
Bistro,64,1.0,64,132,22,M64_D1,"64 bins
M64, D1",4740,0.30972,0.4135,1.3350768436006715,0.10377999999999998,33.507684360067145
Bistro,64,1.0,64,132,22,M64_D1,"64 bins
M64, D1",4800,0.43773,0.50544,1.154684394489754,0.06770999999999999,15.468439448975403
Bistro,64,1.0,64,132,22,M64_D1,"64 bins
M64, D1",4860,0.43109,0.4897,1.135957688649702,0.05861000000000005,13.595768864970204
Bistro,64,1.0,64,132,22,M64_D1,"64 bins
M64, D1",4920,0.43496,0.49353,1.1346560603273865,0.05857000000000001,13.465606032738652
Bistro,64,1.0,64,132,22,M64_D1,"64 bins
M64, D1",4980,0.46849,0.52804,1.1271105039595295,0.059549999999999936,12.711050395952949
Bistro,64,1.0,64,132,22,M64_D1,"64 bins
M64, D1",5040,0.35596,0.43665,1.2266827733453196,0.08068999999999998,22.66827733453196
Bistro,64,1.0,64,132,22,M64_D1,"64 bins
M64, D1",5100,0.39048,0.4615,1.181878713378406,0.07102000000000003,18.187871337840612
Bistro,64,1.0,64,132,22,M64_D1,"64 bins
M64, D1",5160,0.48512,0.54161,1.1164454155672825,0.05649000000000004,11.64454155672825
Bistro,64,1.0,64,132,22,M64_D1,"64 bins
M64, D1",5220,0.49071,0.54448,1.109575920604838,0.053769999999999984,10.95759206048379
Bistro,64,1.0,64,132,22,M64_D1,"64 bins
M64, D1",5280,0.48667,0.5292,1.0873898123985453,0.04253000000000001,8.738981239854526
Bistro,64,1.0,64,132,22,M64_D1,"64 bins
M64, D1",5340,0.39079,0.4378,1.1202947874817677,0.047009999999999996,12.02947874817677
Bistro,64,1.0,64,132,22,M64_D1,"64 bins
M64, D1",5400,0.09507,0.17445,1.8349637109498262,0.07937999999999999,83.49637109498262
Bistro,64,1.0,64,132,22,M64_D1,"64 bins
M64, D1",5460,0.0643,0.14582,2.267807153965786,0.08152000000000001,126.78071539657859
Bistro,255,0.0,132,132,24,M255_D0,"132 bins
M255, D0",0,0.20654,0.40553,1.963445337464898,0.19899,96.34453374648979
Bistro,255,0.0,132,132,24,M255_D0,"132 bins
M255, D0",60,0.21559,0.43512,2.0182754302147594,0.21953,101.82754302147595
Bistro,255,0.0,132,132,24,M255_D0,"132 bins
M255, D0",120,0.18618,0.38656,2.0762702760769147,0.20038,107.62702760769147
Bistro,255,0.0,132,132,24,M255_D0,"132 bins
M255, D0",180,0.14698,0.34092,2.319499251598857,0.19394,131.94992515988568
Bistro,255,0.0,132,132,24,M255_D0,"132 bins
M255, D0",240,0.21615,0.36958,1.7098311357853342,0.15343,70.98311357853342
Bistro,255,0.0,132,132,24,M255_D0,"132 bins
M255, D0",300,0.24429,0.38638,1.5816447664660853,0.14209,58.164476646608534
Bistro,255,0.0,132,132,24,M255_D0,"132 bins
M255, D0",360,0.24144,0.38497,1.594474817760106,0.14353,59.447481776010605
Bistro,255,0.0,132,132,24,M255_D0,"132 bins
M255, D0",420,0.18795,0.33544,1.7847299813780262,0.14749,78.47299813780262
Bistro,255,0.0,132,132,24,M255_D0,"132 bins
M255, D0",480,0.19655,0.3373,1.7161027728313405,0.14075,71.61027728313405
Bistro,255,0.0,132,132,24,M255_D0,"132 bins
M255, D0",540,0.20977,0.36157,1.723649711588883,0.1518,72.3649711588883
Bistro,255,0.0,132,132,24,M255_D0,"132 bins
M255, D0",600,0.21399,0.37039,1.7308752745455394,0.15639999999999998,73.08752745455394
Bistro,255,0.0,132,132,24,M255_D0,"132 bins
M255, D0",660,0.15185,0.30693,2.0212709911096476,0.15507999999999997,102.12709911096476
Bistro,255,0.0,132,132,24,M255_D0,"132 bins
M255, D0",720,0.19029,0.34778,1.8276315098008302,0.15749,82.76315098008303
Bistro,255,0.0,132,132,24,M255_D0,"132 bins
M255, D0",780,0.18168,0.33359,1.8361404667547334,0.15191,83.61404667547335
Bistro,255,0.0,132,132,24,M255_D0,"132 bins
M255, D0",840,0.12251,0.2822,2.303485429760836,0.15969,130.3485429760836
Bistro,255,0.0,132,132,24,M255_D0,"132 bins
M255, D0",900,0.19578,0.35896,1.8334865665542956,0.16318,83.34865665542956
Bistro,255,0.0,132,132,24,M255_D0,"132 bins
M255, D0",960,0.23726,0.38561,1.6252634240917139,0.14835,62.526342409171384
Bistro,255,0.0,132,132,24,M255_D0,"132 bins
M255, D0",1020,0.20982,0.35674,1.7002192355352206,0.14692,70.02192355352206
Bistro,255,0.0,132,132,24,M255_D0,"132 bins
M255, D0",1080,0.20628,0.34214,1.65861935233663,0.13586,65.86193523366299
Bistro,255,0.0,132,132,24,M255_D0,"132 bins
M255, D0",1140,0.23054,0.37326,1.6190682744859894,0.14271999999999999,61.906827448598946
Bistro,255,0.0,132,132,24,M255_D0,"132 bins
M255, D0",1200,0.2061,0.35599,1.7272683163512856,0.14988999999999997,72.72683163512856
Bistro,255,0.0,132,132,24,M255_D0,"132 bins
M255, D0",1260,0.18812,0.33548,1.7833297894960662,0.14736,78.33297894960663
Bistro,255,0.0,132,132,24,M255_D0,"132 bins
M255, D0",1320,0.19708,0.34179,1.7342703470671808,0.14470999999999998,73.42703470671808
Bistro,255,0.0,132,132,24,M255_D0,"132 bins
M255, D0",1380,0.20179,0.34656,1.717429010357302,0.14476999999999998,71.7429010357302
Bistro,255,0.0,132,132,24,M255_D0,"132 bins
M255, D0",1440,0.21369,0.36615,1.7134634283307595,0.15245999999999998,71.34634283307595
Bistro,255,0.0,132,132,24,M255_D0,"132 bins
M255, D0",1500,0.34477,0.48004,1.392348522203208,0.13527,39.23485222032079
Bistro,255,0.0,132,132,24,M255_D0,"132 bins
M255, D0",1560,0.37271,0.50147,1.3454696681065708,0.12875999999999999,34.546966810657075
Bistro,255,0.0,132,132,24,M255_D0,"132 bins
M255, D0",1620,0.37249,0.50167,1.346801256409568,0.12917999999999996,34.680125640956796
Bistro,255,0.0,132,132,24,M255_D0,"132 bins
M255, D0",1680,0.2565,0.40385,1.5744639376218323,0.14734999999999998,57.446393762183234
Bistro,255,0.0,132,132,24,M255_D0,"132 bins
M255, D0",1740,0.17339,0.31937,1.841917065574716,0.14598,84.19170655747159
Bistro,255,0.0,132,132,24,M255_D0,"132 bins
M255, D0",1800,0.17177,0.30795,1.792804331373348,0.13618,79.2804331373348
Bistro,255,0.0,132,132,24,M255_D0,"132 bins
M255, D0",1860,0.16836,0.29757,1.767462580185317,0.12921,76.7462580185317
Bistro,255,0.0,132,132,24,M255_D0,"132 bins
M255, D0",1920,0.16495,0.29971,1.8169748408608666,0.13475999999999996,81.69748408608666
Bistro,255,0.0,132,132,24,M255_D0,"132 bins
M255, D0",1980,0.15936,0.29397,1.844691265060241,0.13461,84.4691265060241
Bistro,255,0.0,132,132,24,M255_D0,"132 bins
M255, D0",2040,0.1535,0.28623,1.8646905537459282,0.13273,86.46905537459281
Bistro,255,0.0,132,132,24,M255_D0,"132 bins
M255, D0",2100,0.14783,0.28094,1.9004261651897452,0.13311000000000003,90.04261651897451
Bistro,255,0.0,132,132,24,M255_D0,"132 bins
M255, D0",2160,0.14189,0.27725,1.9539784339981678,0.13536,95.39784339981678
Bistro,255,0.0,132,132,24,M255_D0,"132 bins
M255, D0",2220,0.13869,0.27265,1.9658951618718004,0.13396,96.58951618718004
Bistro,255,0.0,132,132,24,M255_D0,"132 bins
M255, D0",2280,0.10161,0.22365,2.2010628875110716,0.12203999999999998,120.10628875110716
Bistro,255,0.0,132,132,24,M255_D0,"132 bins
M255, D0",2340,0.17989,0.32383,1.8001556506754128,0.14394,80.01556506754129
Bistro,255,0.0,132,132,24,M255_D0,"132 bins
M255, D0",2400,0.27058,0.41517,1.5343706112794737,0.14459,53.43706112794737
Bistro,255,0.0,132,132,24,M255_D0,"132 bins
M255, D0",2460,0.27972,0.4224,1.51008151008151,0.14267999999999997,51.00815100815099
Bistro,255,0.0,132,132,24,M255_D0,"132 bins
M255, D0",2520,0.25422,0.40067,1.5760758398237749,0.14645000000000002,57.607583982377484
Bistro,255,0.0,132,132,24,M255_D0,"132 bins
M255, D0",2580,0.22479,0.3649,1.6232928511054763,0.14011,62.32928511054763
Bistro,255,0.0,132,132,24,M255_D0,"132 bins
M255, D0",2640,0.20825,0.34176,1.6411044417767109,0.13351000000000002,64.11044417767108
Bistro,255,0.0,132,132,24,M255_D0,"132 bins
M255, D0",2700,0.19199,0.32414,1.6883170998489505,0.13215,68.83170998489506
Bistro,255,0.0,132,132,24,M255_D0,"132 bins
M255, D0",2760,0.17988,0.3117,1.7328218812541691,0.13181999999999996,73.28218812541691
Bistro,255,0.0,132,132,24,M255_D0,"132 bins
M255, D0",2820,0.17887,0.30848,1.7246044613406384,0.12960999999999998,72.46044613406384
Bistro,255,0.0,132,132,24,M255_D0,"132 bins
M255, D0",2880,0.15964,0.30277,1.8965798045602604,0.14312999999999998,89.65798045602604
Bistro,255,0.0,132,132,24,M255_D0,"132 bins
M255, D0",2940,0.15062,0.29561,1.9626211658478288,0.14498999999999998,96.26211658478287
Bistro,255,0.0,132,132,24,M255_D0,"132 bins
M255, D0",3000,0.25468,0.38882,1.5267001727658236,0.13413999999999998,52.67001727658236
Bistro,255,0.0,132,132,24,M255_D0,"132 bins
M255, D0",3060,0.3335,0.45782,1.3727736131934032,0.12431999999999999,37.277361319340315
Bistro,255,0.0,132,132,24,M255_D0,"132 bins
M255, D0",3120,0.33124,0.46064,1.390653302741215,0.12940000000000002,39.06533027412149
Bistro,255,0.0,132,132,24,M255_D0,"132 bins
M255, D0",3180,0.32192,0.45072,1.400099403578529,0.12880000000000003,40.009940357852905
Bistro,255,0.0,132,132,24,M255_D0,"132 bins
M255, D0",3240,0.28952,0.42254,1.4594501243437414,0.13302000000000003,45.94501243437414
Bistro,255,0.0,132,132,24,M255_D0,"132 bins
M255, D0",3300,0.26927,0.40202,1.4929995914880974,0.13274999999999998,49.299959148809734
Bistro,255,0.0,132,132,24,M255_D0,"132 bins
M255, D0",3360,0.25071,0.38566,1.5382713094810738,0.13495000000000001,53.82713094810738
Bistro,255,0.0,132,132,24,M255_D0,"132 bins
M255, D0",3420,0.23533,0.36907,1.5683083329792207,0.13374,56.83083329792207
Bistro,255,0.0,132,132,24,M255_D0,"132 bins
M255, D0",3480,0.22826,0.35628,1.5608516603872777,0.12802,56.08516603872778
Bistro,255,0.0,132,132,24,M255_D0,"132 bins
M255, D0",3540,0.21632,0.34522,1.595876479289941,0.12890000000000001,59.587647928994095
Bistro,255,0.0,132,132,24,M255_D0,"132 bins
M255, D0",3600,0.21031,0.35007,1.6645428177452333,0.13976,66.45428177452332
Bistro,255,0.0,132,132,24,M255_D0,"132 bins
M255, D0",3660,0.20368,0.33821,1.6604968578161823,0.13453,66.04968578161822
Bistro,255,0.0,132,132,24,M255_D0,"132 bins
M255, D0",3720,0.20259,0.33168,1.637198282244928,0.12908999999999998,63.7198282244928
Bistro,255,0.0,132,132,24,M255_D0,"132 bins
M255, D0",3780,0.20109,0.32128,1.5976925754637228,0.12019000000000002,59.76925754637228
Bistro,255,0.0,132,132,24,M255_D0,"132 bins
M255, D0",3840,0.19347,0.31451,1.625626712151755,0.12104000000000001,62.56267121517549
Bistro,255,0.0,132,132,24,M255_D0,"132 bins
M255, D0",3900,0.18087,0.30099,1.6641234035495105,0.12011999999999998,66.41234035495106
Bistro,255,0.0,132,132,24,M255_D0,"132 bins
M255, D0",3960,0.1771,0.29174,1.6473178994918125,0.11463999999999999,64.73178994918125
Bistro,255,0.0,132,132,24,M255_D0,"132 bins
M255, D0",4020,0.17243,0.28853,1.6733167082294265,0.11610000000000001,67.33167082294264
Bistro,255,0.0,132,132,24,M255_D0,"132 bins
M255, D0",4080,0.17688,0.28877,1.6325757575757576,0.11189000000000002,63.25757575757576
Bistro,255,0.0,132,132,24,M255_D0,"132 bins
M255, D0",4140,0.16605,0.27523,1.6575127973501955,0.10917999999999997,65.75127973501955
Bistro,255,0.0,132,132,24,M255_D0,"132 bins
M255, D0",4200,0.14751,0.2556,1.732763880414887,0.10808999999999999,73.2763880414887
Bistro,255,0.0,132,132,24,M255_D0,"132 bins
M255, D0",4260,0.1853,0.30485,1.645169994603346,0.11955000000000002,64.5169994603346
Bistro,255,0.0,132,132,24,M255_D0,"132 bins
M255, D0",4320,0.43012,0.5446,1.266158281409839,0.11447999999999997,26.61582814098391
Bistro,255,0.0,132,132,24,M255_D0,"132 bins
M255, D0",4380,0.38036,0.49458,1.3002944578820066,0.11422000000000004,30.02944578820066
Bistro,255,0.0,132,132,24,M255_D0,"132 bins
M255, D0",4440,0.12778,0.25757,2.0157301612145875,0.12979000000000002,101.57301612145875
Bistro,255,0.0,132,132,24,M255_D0,"132 bins
M255, D0",4500,0.14101,0.25968,1.8415715197503726,0.11867000000000003,84.15715197503727
Bistro,255,0.0,132,132,24,M255_D0,"132 bins
M255, D0",4560,0.13285,0.24686,1.8581859239744072,0.11401,85.81859239744072
Bistro,255,0.0,132,132,24,M255_D0,"132 bins
M255, D0",4620,0.13751,0.26011,1.8915715220711222,0.12260000000000001,89.15715220711222
Bistro,255,0.0,132,132,24,M255_D0,"132 bins
M255, D0",4680,0.19291,0.32135,1.6658027059250429,0.12844000000000003,66.58027059250429
Bistro,255,0.0,132,132,24,M255_D0,"132 bins
M255, D0",4740,0.29792,0.43508,1.460392051557465,0.13716,46.03920515574651
Bistro,255,0.0,132,132,24,M255_D0,"132 bins
M255, D0",4800,0.41795,0.52503,1.2562028950831439,0.10708000000000001,25.620289508314386
Bistro,255,0.0,132,132,24,M255_D0,"132 bins
M255, D0",4860,0.41051,0.51108,1.2449879418284573,0.10056999999999999,24.498794182845728
Bistro,255,0.0,132,132,24,M255_D0,"132 bins
M255, D0",4920,0.41444,0.51224,1.2359810829070554,0.09780000000000005,23.598108290705543
Bistro,255,0.0,132,132,24,M255_D0,"132 bins
M255, D0",4980,0.44759,0.5455,1.2187493018163944,0.09791,21.874930181639442
Bistro,255,0.0,132,132,24,M255_D0,"132 bins
M255, D0",5040,0.34626,0.45886,1.3251891642118638,0.11259999999999998,32.51891642118638
Bistro,255,0.0,132,132,24,M255_D0,"132 bins
M255, D0",5100,0.37743,0.48451,1.2837082372890338,0.10708000000000001,28.370823728903382
Bistro,255,0.0,132,132,24,M255_D0,"132 bins
M255, D0",5160,0.46544,0.55795,1.1987581643176348,0.09250999999999993,19.875816431763482
Bistro,255,0.0,132,132,24,M255_D0,"132 bins
M255, D0",5220,0.46951,0.56018,1.1931162275563887,0.09067000000000003,19.31162275563887
Bistro,255,0.0,132,132,24,M255_D0,"132 bins
M255, D0",5280,0.46392,0.54725,1.1796214864631833,0.08333000000000002,17.962148646318333
Bistro,255,0.0,132,132,24,M255_D0,"132 bins
M255, D0",5340,0.3717,0.46403,1.2483992467043314,0.09233000000000002,24.839924670433145
Bistro,255,0.0,132,132,24,M255_D0,"132 bins
M255, D0",5400,0.09452,0.21051,2.227147693609818,0.11599,122.7147693609818
Bistro,255,0.0,132,132,24,M255_D0,"132 bins
M255, D0",5460,0.06439,0.18278,2.8386395403012887,0.11839,183.86395403012887
Bistro,255,1.0,132,132,26,M255_D1,"132 bins
M255, D1",0,0.21552,0.41245,1.9137435040831479,0.19693,91.37435040831478
Bistro,255,1.0,132,132,26,M255_D1,"132 bins
M255, D1",60,0.2211,0.44579,2.016236996834012,0.22469000000000003,101.62369968340118
Bistro,255,1.0,132,132,26,M255_D1,"132 bins
M255, D1",120,0.18691,0.36536,1.9547375742335886,0.17845000000000003,95.47375742335886
Bistro,255,1.0,132,132,26,M255_D1,"132 bins
M255, D1",180,0.14906,0.31778,2.1318931973701867,0.16872,113.18931973701866
Bistro,255,1.0,132,132,26,M255_D1,"132 bins
M255, D1",240,0.21618,0.37725,1.7450735498195946,0.16106999999999996,74.50735498195947
Bistro,255,1.0,132,132,26,M255_D1,"132 bins
M255, D1",300,0.24494,0.39382,1.6078223238344085,0.14888,60.78223238344085
Bistro,255,1.0,132,132,26,M255_D1,"132 bins
M255, D1",360,0.2428,0.39458,1.6251235584843493,0.15178,62.51235584843493
Bistro,255,1.0,132,132,26,M255_D1,"132 bins
M255, D1",420,0.18943,0.33895,1.7893153143641451,0.14952,78.93153143641452
Bistro,255,1.0,132,132,26,M255_D1,"132 bins
M255, D1",480,0.19847,0.34348,1.7306393913437799,0.14501,73.06393913437799
Bistro,255,1.0,132,132,26,M255_D1,"132 bins
M255, D1",540,0.21097,0.36694,1.7392994264587383,0.15597,73.92994264587382
Bistro,255,1.0,132,132,26,M255_D1,"132 bins
M255, D1",600,0.21718,0.37172,1.7115756515332903,0.15453999999999998,71.15756515332903
Bistro,255,1.0,132,132,26,M255_D1,"132 bins
M255, D1",660,0.15314,0.30898,2.017630925950111,0.15583999999999998,101.76309259501109
Bistro,255,1.0,132,132,26,M255_D1,"132 bins
M255, D1",720,0.1913,0.35637,1.8628855201254575,0.16507000000000002,86.28855201254575
Bistro,255,1.0,132,132,26,M255_D1,"132 bins
M255, D1",780,0.184,0.33909,1.8428804347826087,0.15509,84.28804347826086
Bistro,255,1.0,132,132,26,M255_D1,"132 bins
M255, D1",840,0.12261,0.28298,2.3079683549465786,0.16037,130.79683549465787
Bistro,255,1.0,132,132,26,M255_D1,"132 bins
M255, D1",900,0.20006,0.3621,1.809957012896131,0.16204,80.99570128961311
Bistro,255,1.0,132,132,26,M255_D1,"132 bins
M255, D1",960,0.24066,0.39121,1.6255713454666334,0.15055,62.55713454666334
Bistro,255,1.0,132,132,26,M255_D1,"132 bins
M255, D1",1020,0.21208,0.35847,1.690258393059223,0.14639000000000002,69.0258393059223
Bistro,255,1.0,132,132,26,M255_D1,"132 bins
M255, D1",1080,0.20847,0.34843,1.6713675828656402,0.13996000000000003,67.13675828656403
Bistro,255,1.0,132,132,26,M255_D1,"132 bins
M255, D1",1140,0.23347,0.37721,1.6156679659056836,0.14373999999999998,61.56679659056836
Bistro,255,1.0,132,132,26,M255_D1,"132 bins
M255, D1",1200,0.20864,0.36087,1.729629984662577,0.15223000000000003,72.96299846625769
Bistro,255,1.0,132,132,26,M255_D1,"132 bins
M255, D1",1260,0.19008,0.34211,1.799821127946128,0.15203000000000003,79.9821127946128
Bistro,255,1.0,132,132,26,M255_D1,"132 bins
M255, D1",1320,0.1992,0.34917,1.7528614457831326,0.14997,75.28614457831327
Bistro,255,1.0,132,132,26,M255_D1,"132 bins
M255, D1",1380,0.2037,0.35888,1.7618065783014236,0.15517999999999998,76.18065783014237
Bistro,255,1.0,132,132,26,M255_D1,"132 bins
M255, D1",1440,0.21618,0.37532,1.7361458044222406,0.15913999999999998,73.61458044222407
Bistro,255,1.0,132,132,26,M255_D1,"132 bins
M255, D1",1500,0.35129,0.49198,1.4004953172592445,0.14068999999999998,40.049531725924446
Bistro,255,1.0,132,132,26,M255_D1,"132 bins
M255, D1",1560,0.38122,0.51727,1.3568805414196528,0.13605,35.688054141965274
Bistro,255,1.0,132,132,26,M255_D1,"132 bins
M255, D1",1620,0.37974,0.51421,1.354110707326065,0.13446999999999992,35.4110707326065
Bistro,255,1.0,132,132,26,M255_D1,"132 bins
M255, D1",1680,0.25809,0.41125,1.5934363981556823,0.15316000000000002,59.343639815568224
Bistro,255,1.0,132,132,26,M255_D1,"132 bins
M255, D1",1740,0.17472,0.31894,1.8254349816849818,0.14422000000000001,82.54349816849818
Bistro,255,1.0,132,132,26,M255_D1,"132 bins
M255, D1",1800,0.17292,0.31226,1.8058061531343974,0.13934,80.58061531343974
Bistro,255,1.0,132,132,26,M255_D1,"132 bins
M255, D1",1860,0.16966,0.30315,1.78680891194153,0.13348999999999997,78.680891194153
Bistro,255,1.0,132,132,26,M255_D1,"132 bins
M255, D1",1920,0.16628,0.30703,1.8464637960067356,0.14075000000000001,84.64637960067355
Bistro,255,1.0,132,132,26,M255_D1,"132 bins
M255, D1",1980,0.16093,0.2999,1.8635431554091841,0.13897,86.3543155409184
Bistro,255,1.0,132,132,26,M255_D1,"132 bins
M255, D1",2040,0.15482,0.28759,1.8575765404986435,0.13277,85.75765404986436
Bistro,255,1.0,132,132,26,M255_D1,"132 bins
M255, D1",2100,0.14896,0.28341,1.9025912996777656,0.13445,90.25912996777656
Bistro,255,1.0,132,132,26,M255_D1,"132 bins
M255, D1",2160,0.1428,0.27997,1.9605742296918767,0.13717,96.05742296918767
Bistro,255,1.0,132,132,26,M255_D1,"132 bins
M255, D1",2220,0.13939,0.27319,1.959896692732621,0.1338,95.9896692732621
Bistro,255,1.0,132,132,26,M255_D1,"132 bins
M255, D1",2280,0.10162,0.2244,2.2082267270222395,0.12277999999999999,120.82267270222395
Bistro,255,1.0,132,132,26,M255_D1,"132 bins
M255, D1",2340,0.18186,0.33367,1.8347630045089631,0.15181000000000003,83.47630045089632
Bistro,255,1.0,132,132,26,M255_D1,"132 bins
M255, D1",2400,0.27621,0.42567,1.5411100249809926,0.14945999999999998,54.11100249809926
Bistro,255,1.0,132,132,26,M255_D1,"132 bins
M255, D1",2460,0.28456,0.4372,1.5364070846218725,0.15264,53.64070846218725
Bistro,255,1.0,132,132,26,M255_D1,"132 bins
M255, D1",2520,0.25769,0.41636,1.6157398424463505,0.15867000000000003,61.57398424463505
Bistro,255,1.0,132,132,26,M255_D1,"132 bins
M255, D1",2580,0.22819,0.37389,1.6385030018843945,0.1457,63.85030018843945
Bistro,255,1.0,132,132,26,M255_D1,"132 bins
M255, D1",2640,0.21151,0.34672,1.6392605550564983,0.13520999999999997,63.92605550564983
Bistro,255,1.0,132,132,26,M255_D1,"132 bins
M255, D1",2700,0.19369,0.33224,1.7153182921162682,0.13854999999999998,71.53182921162681
Bistro,255,1.0,132,132,26,M255_D1,"132 bins
M255, D1",2760,0.182,0.3146,1.7285714285714286,0.1326,72.85714285714286
Bistro,255,1.0,132,132,26,M255_D1,"132 bins
M255, D1",2820,0.181,0.31134,1.7201104972375691,0.13034,72.01104972375691
Bistro,255,1.0,132,132,26,M255_D1,"132 bins
M255, D1",2880,0.16126,0.29874,1.8525362768200424,0.13748000000000002,85.25362768200424
Bistro,255,1.0,132,132,26,M255_D1,"132 bins
M255, D1",2940,0.1517,0.29156,1.921951219512195,0.13985999999999998,92.1951219512195
Bistro,255,1.0,132,132,26,M255_D1,"132 bins
M255, D1",3000,0.25868,0.39232,1.5166228544920364,0.13363999999999998,51.66228544920364
Bistro,255,1.0,132,132,26,M255_D1,"132 bins
M255, D1",3060,0.33727,0.47109,1.3967740979037566,0.13382,39.67740979037566
Bistro,255,1.0,132,132,26,M255_D1,"132 bins
M255, D1",3120,0.33381,0.47178,1.4133189538959288,0.13796999999999998,41.33189538959287
Bistro,255,1.0,132,132,26,M255_D1,"132 bins
M255, D1",3180,0.32585,0.45565,1.3983427957649226,0.12980000000000003,39.83427957649226
Bistro,255,1.0,132,132,26,M255_D1,"132 bins
M255, D1",3240,0.29415,0.43482,1.4782253952065272,0.14066999999999996,47.82253952065272
Bistro,255,1.0,132,132,26,M255_D1,"132 bins
M255, D1",3300,0.27216,0.41437,1.522523515579071,0.14221,52.252351557907105
Bistro,255,1.0,132,132,26,M255_D1,"132 bins
M255, D1",3360,0.2518,0.39708,1.5769658459094518,0.14527999999999996,57.69658459094518
Bistro,255,1.0,132,132,26,M255_D1,"132 bins
M255, D1",3420,0.23655,0.37525,1.5863453815261042,0.13869999999999996,58.63453815261042
Bistro,255,1.0,132,132,26,M255_D1,"132 bins
M255, D1",3480,0.22819,0.36622,1.6048906612910294,0.13802999999999999,60.489066129102945
Bistro,255,1.0,132,132,26,M255_D1,"132 bins
M255, D1",3540,0.2163,0.35216,1.6281091077207581,0.13585999999999998,62.810910772075815
Bistro,255,1.0,132,132,26,M255_D1,"132 bins
M255, D1",3600,0.21069,0.35289,1.6749252456215293,0.1422,67.49252456215294
Bistro,255,1.0,132,132,26,M255_D1,"132 bins
M255, D1",3660,0.20465,0.34246,1.673393598827266,0.13781,67.3393598827266
Bistro,255,1.0,132,132,26,M255_D1,"132 bins
M255, D1",3720,0.20348,0.33201,1.6316591311185376,0.12853000000000003,63.165913111853754
Bistro,255,1.0,132,132,26,M255_D1,"132 bins
M255, D1",3780,0.20184,0.32292,1.5998810939357908,0.12108,59.98810939357908
Bistro,255,1.0,132,132,26,M255_D1,"132 bins
M255, D1",3840,0.19382,0.31281,1.6139201320813126,0.11898999999999998,61.39201320813126
Bistro,255,1.0,132,132,26,M255_D1,"132 bins
M255, D1",3900,0.18147,0.30124,1.6599988978894584,0.11977000000000002,65.99988978894584
Bistro,255,1.0,132,132,26,M255_D1,"132 bins
M255, D1",3960,0.17693,0.29025,1.6404792855931725,0.11332,64.04792855931724
Bistro,255,1.0,132,132,26,M255_D1,"132 bins
M255, D1",4020,0.17226,0.28641,1.6626610936955766,0.11415,66.26610936955765
Bistro,255,1.0,132,132,26,M255_D1,"132 bins
M255, D1",4080,0.17655,0.28788,1.630586236193713,0.11133000000000001,63.05862361937129
Bistro,255,1.0,132,132,26,M255_D1,"132 bins
M255, D1",4140,0.16539,0.27681,1.673680391801197,0.11141999999999999,67.36803918011971
Bistro,255,1.0,132,132,26,M255_D1,"132 bins
M255, D1",4200,0.14702,0.25378,1.7261597061624268,0.10676,72.61597061624268
Bistro,255,1.0,132,132,26,M255_D1,"132 bins
M255, D1",4260,0.18917,0.30529,1.6138394037109478,0.11612,61.38394037109478
Bistro,255,1.0,132,132,26,M255_D1,"132 bins
M255, D1",4320,0.44712,0.54985,1.2297593487207013,0.10272999999999993,22.975934872070127
Bistro,255,1.0,132,132,26,M255_D1,"132 bins
M255, D1",4380,0.39406,0.50073,1.2706948180480129,0.10666999999999999,27.06948180480129
Bistro,255,1.0,132,132,26,M255_D1,"132 bins
M255, D1",4440,0.12743,0.25476,1.9992152554343563,0.12733,99.92152554343564
Bistro,255,1.0,132,132,26,M255_D1,"132 bins
M255, D1",4500,0.14095,0.25809,1.8310748492373181,0.11714,83.10748492373182
Bistro,255,1.0,132,132,26,M255_D1,"132 bins
M255, D1",4560,0.13364,0.24485,1.8321610296318467,0.11121,83.21610296318467
Bistro,255,1.0,132,132,26,M255_D1,"132 bins
M255, D1",4620,0.13908,0.25636,1.8432556801840665,0.11727999999999997,84.32556801840664
Bistro,255,1.0,132,132,26,M255_D1,"132 bins
M255, D1",4680,0.19369,0.32206,1.662760080541071,0.12837,66.2760080541071
Bistro,255,1.0,132,132,26,M255_D1,"132 bins
M255, D1",4740,0.30927,0.43689,1.4126491415268212,0.12762,41.26491415268212
Bistro,255,1.0,132,132,26,M255_D1,"132 bins
M255, D1",4800,0.43697,0.52821,1.208801519555118,0.09123999999999993,20.880151955511806
Bistro,255,1.0,132,132,26,M255_D1,"132 bins
M255, D1",4860,0.42995,0.51154,1.1897662518897547,0.08159,18.976625188975472
Bistro,255,1.0,132,132,26,M255_D1,"132 bins
M255, D1",4920,0.43418,0.51733,1.1915104334607765,0.08314999999999995,19.151043346077646
Bistro,255,1.0,132,132,26,M255_D1,"132 bins
M255, D1",4980,0.46654,0.55524,1.1901230333947785,0.08869999999999995,19.012303339477853
Bistro,255,1.0,132,132,26,M255_D1,"132 bins
M255, D1",5040,0.35506,0.45787,1.289556694643159,0.10281000000000001,28.955669464315893
Bistro,255,1.0,132,132,26,M255_D1,"132 bins
M255, D1",5100,0.38912,0.4841,1.244089226973684,0.09497999999999995,24.408922697368407
Bistro,255,1.0,132,132,26,M255_D1,"132 bins
M255, D1",5160,0.48382,0.56238,1.162374436774007,0.07856000000000002,16.237443677400698
Bistro,255,1.0,132,132,26,M255_D1,"132 bins
M255, D1",5220,0.48898,0.56341,1.152214814511841,0.07442999999999994,15.221481451184093
Bistro,255,1.0,132,132,26,M255_D1,"132 bins
M255, D1",5280,0.48289,0.55251,1.144173621321626,0.06961999999999996,14.417362132162603
Bistro,255,1.0,132,132,26,M255_D1,"132 bins
M255, D1",5340,0.39036,0.47105,1.2067066297776412,0.08069000000000004,20.67066297776412
Bistro,255,1.0,132,132,26,M255_D1,"132 bins
M255, D1",5400,0.09462,0.21238,2.2445571760727123,0.11776000000000002,124.45571760727123
Bistro,255,1.0,132,132,26,M255_D1,"132 bins
M255, D1",5460,0.06362,0.18321,2.879754794089909,0.11959000000000002,187.9754794089909
Sponza,1,1.0,1,29,0,M1_D1,"1 bins
M1, D1",0,0.42058,0.72048,1.713062913119977,0.2999,71.30629131199771
Sponza,1,1.0,1,29,0,M1_D1,"1 bins
M1, D1",60,0.5129,0.81929,1.5973679079742638,0.30638999999999994,59.73679079742637
Sponza,1,1.0,1,29,0,M1_D1,"1 bins
M1, D1",120,0.44198,0.6202,1.4032309154260374,0.17822,40.32309154260374
Sponza,1,1.0,1,29,0,M1_D1,"1 bins
M1, D1",180,0.43072,0.64659,1.5011840638930163,0.21587,50.118406389301626
Sponza,1,1.0,1,29,0,M1_D1,"1 bins
M1, D1",240,0.37977,0.55705,1.4668088579929959,0.17728000000000005,46.68088579929959
Sponza,1,1.0,1,29,0,M1_D1,"1 bins
M1, D1",300,0.32763,0.42582,1.2996978298690596,0.09819,29.969782986905958
Sponza,1,1.0,1,29,0,M1_D1,"1 bins
M1, D1",360,0.43795,0.56517,1.2904897819385774,0.12721999999999994,29.048978193857742
Sponza,1,1.0,1,29,0,M1_D1,"1 bins
M1, D1",420,0.4695,0.60052,1.2790628328008522,0.13102000000000008,27.90628328008522
Sponza,1,1.0,1,29,0,M1_D1,"1 bins
M1, D1",480,0.40305,0.46585,1.1558119340032253,0.06279999999999997,15.581193400322535
Sponza,1,1.0,1,29,0,M1_D1,"1 bins
M1, D1",540,0.38303,0.45892,1.198130694723651,0.07589000000000001,19.813069472365097
Sponza,1,1.0,1,29,0,M1_D1,"1 bins
M1, D1",600,0.58332,0.95995,1.645666186655695,0.37663,64.5666186655695
Sponza,1,1.0,1,29,0,M1_D1,"1 bins
M1, D1",660,0.59768,1.11283,1.861916075491902,0.51515,86.1916075491902
Sponza,1,1.0,1,29,0,M1_D1,"1 bins
M1, D1",720,0.53003,0.95102,1.7942757957096767,0.42099,79.42757957096767
Sponza,1,1.0,1,29,0,M1_D1,"1 bins
M1, D1",780,0.58968,1.01682,1.7243589743589745,0.4271400000000001,72.43589743589745
Sponza,1,1.0,1,29,0,M1_D1,"1 bins
M1, D1",840,0.50927,0.78846,1.5482160739882578,0.27919000000000005,54.821607398825776
Sponza,1,1.0,1,29,0,M1_D1,"1 bins
M1, D1",900,0.60483,0.91936,1.520030421771407,0.31453,52.00304217714069
Sponza,1,1.0,1,29,0,M1_D1,"1 bins
M1, D1",960,0.48127,0.74637,1.5508342510441124,0.2651,55.08342510441124
Sponza,1,1.0,1,29,0,M1_D1,"1 bins
M1, D1",1020,0.44538,0.75418,1.6933405182091696,0.30879999999999996,69.33405182091697
Sponza,1,1.0,1,29,0,M1_D1,"1 bins
M1, D1",1080,0.43015,0.65242,1.5167267232360806,0.22227000000000002,51.67267232360806
Sponza,1,1.0,1,29,0,M1_D1,"1 bins
M1, D1",1140,0.38348,0.55308,1.442265567956608,0.16960000000000003,44.22655679566081
Sponza,1,1.0,1,29,0,M1_D1,"1 bins
M1, D1",1200,0.40528,0.551,1.359553888669562,0.14572000000000007,35.9553888669562
Sponza,1,1.0,1,29,0,M1_D1,"1 bins
M1, D1",1260,0.22859,0.33309,1.4571503565335318,0.10450000000000001,45.715035653353176
Sponza,1,1.0,1,29,0,M1_D1,"1 bins
M1, D1",1320,0.20465,0.32209,1.5738578060102613,0.11743999999999999,57.38578060102613
Sponza,1,1.0,1,29,0,M1_D1,"1 bins
M1, D1",1380,0.48418,0.71638,1.4795737122557726,0.23220000000000002,47.95737122557726
Sponza,1,1.0,1,29,0,M1_D1,"1 bins
M1, D1",1440,0.64786,1.05,1.6207205260395765,0.40214000000000005,62.07205260395765
Sponza,1,1.0,1,29,0,M1_D1,"1 bins
M1, D1",1500,0.70566,1.02142,1.4474676189666413,0.31576000000000004,44.74676189666413
Sponza,1,1.0,1,29,0,M1_D1,"1 bins
M1, D1",1560,0.74224,0.87136,1.1739599051519725,0.12912,17.395990515197248
Sponza,1,1.0,1,29,0,M1_D1,"1 bins
M1, D1",1620,0.77355,0.83312,1.0770085967293646,0.05957000000000001,7.700859672936455
Sponza,1,1.0,1,29,0,M1_D1,"1 bins
M1, D1",1680,0.79022,0.88933,1.1254207688998,0.09910999999999992,12.542076889979992
Sponza,1,1.0,1,29,0,M1_D1,"1 bins
M1, D1",1740,0.72718,0.81723,1.12383453890371,0.09004999999999996,12.38345389037101
Sponza,1,1.0,1,29,0,M1_D1,"1 bins
M1, D1",1800,0.71261,0.78954,1.1079552630471086,0.07693000000000005,10.795526304710856
Sponza,1,1.0,1,29,0,M1_D1,"1 bins
M1, D1",1860,0.7538,0.83527,1.1080790660652693,0.08146999999999993,10.80790660652693
Sponza,1,1.0,1,29,0,M1_D1,"1 bins
M1, D1",1920,0.80035,0.87136,1.0887236833885174,0.07101000000000002,8.872368338851743
Sponza,1,1.0,1,29,0,M1_D1,"1 bins
M1, D1",1980,0.73659,0.8564,1.1626549369391386,0.11981000000000008,16.265493693913857
Sponza,1,1.0,1,29,0,M1_D1,"1 bins
M1, D1",2040,0.58362,0.78234,1.3404955279119974,0.19872,34.049552791199744
Sponza,1,1.0,1,29,0,M1_D1,"1 bins
M1, D1",2100,0.4857,0.75032,1.5448219065266624,0.26461999999999997,54.48219065266624
Sponza,1,1.0,1,29,0,M1_D1,"1 bins
M1, D1",2160,0.24759,0.34365,1.3879801284381437,0.09606,38.79801284381437
Sponza,1,1.0,1,29,0,M1_D1,"1 bins
M1, D1",2220,0.06804,0.12529,1.8414168136390359,0.05725000000000001,84.14168136390359
Sponza,1,1.0,1,29,0,M1_D1,"1 bins
M1, D1",2280,0.05927,0.11414,1.9257634553737135,0.05487,92.57634553737135
Sponza,1,1.0,1,29,0,M1_D1,"1 bins
M1, D1",2340,0.05468,0.10875,1.9888441843452815,0.05407,98.88441843452816
Sponza,1,1.0,1,29,0,M1_D1,"1 bins
M1, D1",2400,0.05472,0.10865,1.985562865497076,0.05393,98.55628654970761
Sponza,1,1.0,1,29,0,M1_D1,"1 bins
M1, D1",2460,0.05461,0.10869,1.990294817798938,0.054079999999999996,99.02948177989379
Sponza,4,1.0,4,29,2,M4_D1,"4 bins
M4, D1",0,0.4341,0.52046,1.198940336328035,0.08636000000000005,19.89403363280351
Sponza,4,1.0,4,29,2,M4_D1,"4 bins
M4, D1",60,0.51812,0.63214,1.2200648498417355,0.11402000000000001,22.006484984173547
Sponza,4,1.0,4,29,2,M4_D1,"4 bins
M4, D1",120,0.46492,0.53322,1.1469069947517854,0.06830000000000003,14.690699475178537
Sponza,4,1.0,4,29,2,M4_D1,"4 bins
M4, D1",180,0.43166,0.53246,1.2335171199555206,0.10080000000000006,23.35171199555206
Sponza,4,1.0,4,29,2,M4_D1,"4 bins
M4, D1",240,0.38421,0.48564,1.2639962520496604,0.10143000000000002,26.399625204966036
Sponza,4,1.0,4,29,2,M4_D1,"4 bins
M4, D1",300,0.32704,0.40839,1.2487463307240705,0.08134999999999998,24.87463307240705
Sponza,4,1.0,4,29,2,M4_D1,"4 bins
M4, D1",360,0.43536,0.50695,1.164438625505329,0.07158999999999999,16.443862550532895
Sponza,4,1.0,4,29,2,M4_D1,"4 bins
M4, D1",420,0.47277,0.55017,1.1637159718256236,0.07740000000000002,16.371597182562358
Sponza,4,1.0,4,29,2,M4_D1,"4 bins
M4, D1",480,0.40422,0.47156,1.1665924496561277,0.06733999999999996,16.659244965612775
Sponza,4,1.0,4,29,2,M4_D1,"4 bins
M4, D1",540,0.3836,0.4505,1.174400417101147,0.06690000000000002,17.440041710114706
Sponza,4,1.0,4,29,2,M4_D1,"4 bins
M4, D1",600,0.58702,0.737,1.2554938502947088,0.14998,25.549385029470884
Sponza,4,1.0,4,29,2,M4_D1,"4 bins
M4, D1",660,0.60897,0.79347,1.302970589684221,0.1845,30.297058968422096
Sponza,4,1.0,4,29,2,M4_D1,"4 bins
M4, D1",720,0.53721,0.70295,1.3085199456450922,0.16574,30.851994564509223
Sponza,4,1.0,4,29,2,M4_D1,"4 bins
M4, D1",780,0.59643,0.79657,1.3355632681119327,0.20013999999999998,33.55632681119327
Sponza,4,1.0,4,29,2,M4_D1,"4 bins
M4, D1",840,0.52069,0.64227,1.2334978586106897,0.12158000000000002,23.349785861068973
Sponza,4,1.0,4,29,2,M4_D1,"4 bins
M4, D1",900,0.60662,0.70983,1.1701394612772409,0.10320999999999991,17.01394612772409
Sponza,4,1.0,4,29,2,M4_D1,"4 bins
M4, D1",960,0.48338,0.60401,1.2495552153585172,0.12063000000000007,24.955521535851723
Sponza,4,1.0,4,29,2,M4_D1,"4 bins
M4, D1",1020,0.45178,0.6134,1.3577404931603876,0.16161999999999993,35.774049316038756
Sponza,4,1.0,4,29,2,M4_D1,"4 bins
M4, D1",1080,0.4357,0.55297,1.2691530869864585,0.11726999999999999,26.915308698645845
Sponza,4,1.0,4,29,2,M4_D1,"4 bins
M4, D1",1140,0.38915,0.45381,1.166157008865476,0.06466,16.6157008865476
Sponza,4,1.0,4,29,2,M4_D1,"4 bins
M4, D1",1200,0.41703,0.47202,1.1318610171930077,0.05498999999999998,13.186101719300769
Sponza,4,1.0,4,29,2,M4_D1,"4 bins
M4, D1",1260,0.23348,0.32221,1.380032550967963,0.08873,38.003255096796295
Sponza,4,1.0,4,29,2,M4_D1,"4 bins
M4, D1",1320,0.20575,0.30771,1.4955528554070474,0.10196,49.555285540704745
Sponza,4,1.0,4,29,2,M4_D1,"4 bins
M4, D1",1380,0.48999,0.59433,1.2129431212881896,0.10434000000000004,21.29431212881896
Sponza,4,1.0,4,29,2,M4_D1,"4 bins
M4, D1",1440,0.654,0.77694,1.1879816513761468,0.12293999999999994,18.798165137614674
Sponza,4,1.0,4,29,2,M4_D1,"4 bins
M4, D1",1500,0.71577,0.8134,1.1363985637844558,0.09763,13.63985637844558
Sponza,4,1.0,4,29,2,M4_D1,"4 bins
M4, D1",1560,0.74878,0.78988,1.0548892865728252,0.041100000000000025,5.488928657282521
Sponza,4,1.0,4,29,2,M4_D1,"4 bins
M4, D1",1620,0.77894,0.795,1.0206177626004571,0.016060000000000074,2.0617762600457112
Sponza,4,1.0,4,29,2,M4_D1,"4 bins
M4, D1",1680,0.77924,0.86406,1.10884964837534,0.08482,10.884964837534007
Sponza,4,1.0,4,29,2,M4_D1,"4 bins
M4, D1",1740,0.72017,0.79113,1.0985322909868505,0.07096000000000002,9.853229098685045
Sponza,4,1.0,4,29,2,M4_D1,"4 bins
M4, D1",1800,0.70713,0.75715,1.0707366396560745,0.05001999999999995,7.073663965607446
Sponza,4,1.0,4,29,2,M4_D1,"4 bins
M4, D1",1860,0.74545,0.79045,1.0603662217452545,0.04500000000000004,6.036622174525452
Sponza,4,1.0,4,29,2,M4_D1,"4 bins
M4, D1",1920,0.78966,0.82532,1.0451586758858242,0.035660000000000025,4.515867588582423
Sponza,4,1.0,4,29,2,M4_D1,"4 bins
M4, D1",1980,0.74324,0.78727,1.0592406221408965,0.044030000000000014,5.924062214089654
Sponza,4,1.0,4,29,2,M4_D1,"4 bins
M4, D1",2040,0.59102,0.66622,1.1272376569320837,0.07520000000000004,12.723765693208367
Sponza,4,1.0,4,29,2,M4_D1,"4 bins
M4, D1",2100,0.49465,0.60061,1.2142120691397957,0.10596,21.421206913979574
Sponza,4,1.0,4,29,2,M4_D1,"4 bins
M4, D1",2160,0.24634,0.3346,1.358285296744337,0.08826,35.82852967443371
Sponza,4,1.0,4,29,2,M4_D1,"4 bins
M4, D1",2220,0.06797,0.12559,1.8477269383551567,0.057620000000000005,84.77269383551567
Sponza,4,1.0,4,29,2,M4_D1,"4 bins
M4, D1",2280,0.05943,0.11464,1.9289920915362613,0.05521000000000001,92.89920915362613
Sponza,4,1.0,4,29,2,M4_D1,"4 bins
M4, D1",2340,0.0548,0.10899,1.9888686131386861,0.05419,98.88686131386861
Sponza,4,1.0,4,29,2,M4_D1,"4 bins
M4, D1",2400,0.05462,0.10892,1.9941413401684365,0.0543,99.41413401684365
Sponza,4,1.0,4,29,2,M4_D1,"4 bins
M4, D1",2460,0.05466,0.10895,1.9932308818148556,0.054290000000000005,99.32308818148556
Sponza,16,0.5,16,29,4,M16_D0.5,"16 bins
M16, D0.5",0,0.74022,0.55074,0.744022047499392,-0.18947999999999998,-25.597795250060795
Sponza,16,0.5,16,29,4,M16_D0.5,"16 bins
M16, D0.5",60,0.51972,0.68339,1.3149195720772726,0.1636700000000001,31.49195720772726
Sponza,16,0.5,16,29,4,M16_D0.5,"16 bins
M16, D0.5",120,0.47246,0.56822,1.2026838250857215,0.09575999999999996,20.268382508572145
Sponza,16,0.5,16,29,4,M16_D0.5,"16 bins
M16, D0.5",180,0.42858,0.5359,1.25040832516683,0.10732000000000003,25.04083251668301
Sponza,16,0.5,16,29,4,M16_D0.5,"16 bins
M16, D0.5",240,0.38176,0.49059,1.2850743922883487,0.10883000000000004,28.507439228834876
Sponza,16,0.5,16,29,4,M16_D0.5,"16 bins
M16, D0.5",300,0.32547,0.42187,1.2961870525701296,0.09640000000000004,29.618705257012955
Sponza,16,0.5,16,29,4,M16_D0.5,"16 bins
M16, D0.5",360,0.43426,0.54218,1.2485147146870539,0.10792000000000002,24.851471468705387
Sponza,16,0.5,16,29,4,M16_D0.5,"16 bins
M16, D0.5",420,0.46832,0.57055,1.2182909121967884,0.10222999999999999,21.829091219678844
Sponza,16,0.5,16,29,4,M16_D0.5,"16 bins
M16, D0.5",480,0.4024,0.47393,1.177758449304175,0.07153000000000004,17.775844930417506
Sponza,16,0.5,16,29,4,M16_D0.5,"16 bins
M16, D0.5",540,0.38354,0.45643,1.1900453668457005,0.07289000000000001,19.00453668457005
Sponza,16,0.5,16,29,4,M16_D0.5,"16 bins
M16, D0.5",600,0.59273,0.75525,1.2741889224436085,0.16252,27.418892244360848
Sponza,16,0.5,16,29,4,M16_D0.5,"16 bins
M16, D0.5",660,0.61105,0.79585,1.3024302430243024,0.18479999999999996,30.243024302430243
Sponza,16,0.5,16,29,4,M16_D0.5,"16 bins
M16, D0.5",720,0.53721,0.73508,1.36832895888014,0.19787,36.832895888013994
Sponza,16,0.5,16,29,4,M16_D0.5,"16 bins
M16, D0.5",780,0.59522,0.85084,1.429454655421525,0.25562000000000007,42.945465542152505
Sponza,16,0.5,16,29,4,M16_D0.5,"16 bins
M16, D0.5",840,0.5131,0.65744,1.2813096862210096,0.14434000000000002,28.13096862210096
Sponza,16,0.5,16,29,4,M16_D0.5,"16 bins
M16, D0.5",900,0.60563,0.74116,1.2237834981754536,0.13553000000000004,22.378349817545363
Sponza,16,0.5,16,29,4,M16_D0.5,"16 bins
M16, D0.5",960,0.48288,0.63269,1.3102427104042413,0.14981,31.024271040424132
Sponza,16,0.5,16,29,4,M16_D0.5,"16 bins
M16, D0.5",1020,0.45326,0.64377,1.4203106384856372,0.19050999999999996,42.03106384856372
Sponza,16,0.5,16,29,4,M16_D0.5,"16 bins
M16, D0.5",1080,0.43592,0.59332,1.3610754266837952,0.15739999999999998,36.10754266837952
Sponza,16,0.5,16,29,4,M16_D0.5,"16 bins
M16, D0.5",1140,0.38269,0.47217,1.2338184953879119,0.08948,23.381849538791187
Sponza,16,0.5,16,29,4,M16_D0.5,"16 bins
M16, D0.5",1200,0.41619,0.50765,1.2197554001778035,0.09146000000000004,21.975540017780347
Sponza,16,0.5,16,29,4,M16_D0.5,"16 bins
M16, D0.5",1260,0.23111,0.33671,1.4569252736792004,0.1056,45.69252736792004
Sponza,16,0.5,16,29,4,M16_D0.5,"16 bins
M16, D0.5",1320,0.2061,0.316,1.5332362930616206,0.1099,53.323629306162054
Sponza,16,0.5,16,29,4,M16_D0.5,"16 bins
M16, D0.5",1380,0.48646,0.62607,1.2869917362167496,0.13961,28.699173621674955
Sponza,16,0.5,16,29,4,M16_D0.5,"16 bins
M16, D0.5",1440,0.65043,0.80803,1.242301246867457,0.15760000000000007,24.230124686745704
Sponza,16,0.5,16,29,4,M16_D0.5,"16 bins
M16, D0.5",1500,0.71051,0.83241,1.171566902647394,0.12190000000000001,17.156690264739403
Sponza,16,0.5,16,29,4,M16_D0.5,"16 bins
M16, D0.5",1560,0.7452,0.80537,1.0807434245840044,0.06017000000000006,8.07434245840044
Sponza,16,0.5,16,29,4,M16_D0.5,"16 bins
M16, D0.5",1620,0.77762,0.77865,1.0013245544096088,0.0010299999999999754,0.1324554409608769
Sponza,16,0.5,16,29,4,M16_D0.5,"16 bins
M16, D0.5",1680,0.7805,0.77835,0.9972453555413197,-0.0021499999999999853,-0.2754644458680344
Sponza,16,0.5,16,29,4,M16_D0.5,"16 bins
M16, D0.5",1740,0.71822,0.71645,0.9975355740580881,-0.0017699999999999383,-0.24644259419118741
Sponza,16,0.5,16,29,4,M16_D0.5,"16 bins
M16, D0.5",1800,0.70451,0.69715,0.9895530226682376,-0.007359999999999922,-1.0446977331762364
Sponza,16,0.5,16,29,4,M16_D0.5,"16 bins
M16, D0.5",1860,0.74349,0.74136,0.9971351329540411,-0.0021299999999999653,-0.28648670459588965
Sponza,16,0.5,16,29,4,M16_D0.5,"16 bins
M16, D0.5",1920,0.78631,0.80869,1.0284620569495493,0.022380000000000067,2.8462056949549286
Sponza,16,0.5,16,29,4,M16_D0.5,"16 bins
M16, D0.5",1980,0.74237,0.78993,1.0640650888371028,0.04756000000000005,6.406508883710282
Sponza,16,0.5,16,29,4,M16_D0.5,"16 bins
M16, D0.5",2040,0.58846,0.69164,1.1753390204941714,0.10318000000000005,17.533902049417136
Sponza,16,0.5,16,29,4,M16_D0.5,"16 bins
M16, D0.5",2100,0.49131,0.62201,1.2660234882253565,0.13069999999999993,26.60234882253565
Sponza,16,0.5,16,29,4,M16_D0.5,"16 bins
M16, D0.5",2160,0.24519,0.34448,1.4049512622863902,0.09929000000000002,40.49512622863902
Sponza,16,0.5,16,29,4,M16_D0.5,"16 bins
M16, D0.5",2220,0.0677,0.12802,1.890989660265879,0.06032,89.09896602658789
Sponza,16,0.5,16,29,4,M16_D0.5,"16 bins
M16, D0.5",2280,0.05942,0.11875,1.9984853584651632,0.059329999999999994,99.84853584651631
Sponza,16,0.5,16,29,4,M16_D0.5,"16 bins
M16, D0.5",2340,0.05491,0.11372,2.071025314150428,0.05881,107.1025314150428
Sponza,16,0.5,16,29,4,M16_D0.5,"16 bins
M16, D0.5",2400,0.05473,0.11313,2.067056458980449,0.058399999999999994,106.70564589804492
Sponza,16,0.5,16,29,4,M16_D0.5,"16 bins
M16, D0.5",2460,0.05469,0.11314,2.0687511428049,0.05845,106.87511428049001
Sponza,64,0.0,29,29,6,M64_D0,"29 bins
M64, D0",0,0.43131,0.93767,2.1740047761470866,0.5063599999999999,117.40047761470866
Sponza,64,0.0,29,29,6,M64_D0,"29 bins
M64, D0",60,0.51989,0.82317,1.5833541710746504,0.30328,58.335417107465034
Sponza,64,0.0,29,29,6,M64_D0,"29 bins
M64, D0",120,0.44634,0.62077,1.3908007348657974,0.17443000000000003,39.080073486579735
Sponza,64,0.0,29,29,6,M64_D0,"29 bins
M64, D0",180,0.43216,0.64687,1.4968298778230285,0.21470999999999996,49.682987782302845
Sponza,64,0.0,29,29,6,M64_D0,"29 bins
M64, D0",240,0.38378,0.55921,1.4571108447548073,0.17542999999999997,45.71108447548073
Sponza,64,0.0,29,29,6,M64_D0,"29 bins
M64, D0",300,0.32843,0.42505,1.294187498097007,0.09661999999999998,29.418749809700696
Sponza,64,0.0,29,29,6,M64_D0,"29 bins
M64, D0",360,0.43832,0.56896,1.298047088884833,0.13064000000000003,29.8047088884833
Sponza,64,0.0,29,29,6,M64_D0,"29 bins
M64, D0",420,0.47134,0.60761,1.2891118937497348,0.13627,28.91118937497348
Sponza,64,0.0,29,29,6,M64_D0,"29 bins
M64, D0",480,0.40234,0.48235,1.1988616592931352,0.08001000000000003,19.886165929313513
Sponza,64,0.0,29,29,6,M64_D0,"29 bins
M64, D0",540,0.38398,0.46584,1.2131881868847336,0.08185999999999999,21.318818688473364
Sponza,64,0.0,29,29,6,M64_D0,"29 bins
M64, D0",600,0.5867,0.95373,1.6255837736492245,0.36702999999999997,62.55837736492245
Sponza,64,0.0,29,29,6,M64_D0,"29 bins
M64, D0",660,0.60595,1.10557,1.824523475534285,0.49961999999999995,82.4523475534285
Sponza,64,0.0,29,29,6,M64_D0,"29 bins
M64, D0",720,0.53524,0.94506,1.765675211120245,0.40981999999999996,76.5675211120245
Sponza,64,0.0,29,29,6,M64_D0,"29 bins
M64, D0",780,0.59417,1.01554,1.7091741420805495,0.42137000000000013,70.91741420805495
Sponza,64,0.0,29,29,6,M64_D0,"29 bins
M64, D0",840,0.50991,0.79308,1.5553332941107254,0.28317000000000003,55.53332941107254
Sponza,64,0.0,29,29,6,M64_D0,"29 bins
M64, D0",900,0.60412,0.92454,1.5303913129841753,0.32042000000000004,53.03913129841753
Sponza,64,0.0,29,29,6,M64_D0,"29 bins
M64, D0",960,0.48192,0.74408,1.5439907038512615,0.26215999999999995,54.399070385126144
Sponza,64,0.0,29,29,6,M64_D0,"29 bins
M64, D0",1020,0.44892,0.75589,1.6837966675576939,0.30696999999999997,68.37966675576939
Sponza,64,0.0,29,29,6,M64_D0,"29 bins
M64, D0",1080,0.43667,0.65292,1.4952252272883413,0.21624999999999994,49.522522728834126
Sponza,64,0.0,29,29,6,M64_D0,"29 bins
M64, D0",1140,0.38267,0.55695,1.4554315728957063,0.17427999999999993,45.54315728957064
Sponza,64,0.0,29,29,6,M64_D0,"29 bins
M64, D0",1200,0.4129,0.55283,1.338895616372003,0.13993000000000005,33.889561637200295
Sponza,64,0.0,29,29,6,M64_D0,"29 bins
M64, D0",1260,0.22924,0.33675,1.4689844704240098,0.10751,46.89844704240098
Sponza,64,0.0,29,29,6,M64_D0,"29 bins
M64, D0",1320,0.20448,0.32119,1.5707648669796557,0.11670999999999998,57.076486697965564
Sponza,64,0.0,29,29,6,M64_D0,"29 bins
M64, D0",1380,0.48384,0.71946,1.4869791666666667,0.23562,48.69791666666667
Sponza,64,0.0,29,29,6,M64_D0,"29 bins
M64, D0",1440,0.64836,1.05823,1.6321642297489047,0.40986999999999996,63.21642297489048
Sponza,64,0.0,29,29,6,M64_D0,"29 bins
M64, D0",1500,0.70688,1.0301,1.4572487550928024,0.32322000000000006,45.72487550928024
Sponza,64,0.0,29,29,6,M64_D0,"29 bins
M64, D0",1560,0.74098,0.87431,1.179937380226187,0.13333000000000006,17.9937380226187
Sponza,64,0.0,29,29,6,M64_D0,"29 bins
M64, D0",1620,0.77307,0.84334,1.0908973314188883,0.07026999999999994,9.089733141888834
Sponza,64,0.0,29,29,6,M64_D0,"29 bins
M64, D0",1680,0.79047,0.89275,1.1293913747517301,0.10228000000000004,12.939137475173013
Sponza,64,0.0,29,29,6,M64_D0,"29 bins
M64, D0",1740,0.72779,0.8162,1.1214773492353562,0.08840999999999999,12.147734923535625
Sponza,64,0.0,29,29,6,M64_D0,"29 bins
M64, D0",1800,0.71324,0.78792,1.104705288542426,0.07467999999999997,10.4705288542426
Sponza,64,0.0,29,29,6,M64_D0,"29 bins
M64, D0",1860,0.754,0.82523,1.0944694960212202,0.07123000000000002,9.446949602122023
Sponza,64,0.0,29,29,6,M64_D0,"29 bins
M64, D0",1920,0.80029,0.86716,1.08355721051119,0.0668700000000001,8.35572105111899
Sponza,64,0.0,29,29,6,M64_D0,"29 bins
M64, D0",1980,0.73623,0.85519,1.1615799410510301,0.11895999999999995,16.157994105103015
Sponza,64,0.0,29,29,6,M64_D0,"29 bins
M64, D0",2040,0.58514,0.77524,1.3248795160132618,0.19010000000000005,32.48795160132618
Sponza,64,0.0,29,29,6,M64_D0,"29 bins
M64, D0",2100,0.48512,0.73979,1.524962895778364,0.25466999999999995,52.49628957783641
Sponza,64,0.0,29,29,6,M64_D0,"29 bins
M64, D0",2160,0.24513,0.34709,1.415942561090034,0.10196000000000002,41.5942561090034
Sponza,64,0.0,29,29,6,M64_D0,"29 bins
M64, D0",2220,0.06769,0.12985,1.9183040330920371,0.06215999999999999,91.83040330920372
Sponza,64,0.0,29,29,6,M64_D0,"29 bins
M64, D0",2280,0.05914,0.12136,2.0520798106188707,0.06222,105.20798106188707
Sponza,64,0.0,29,29,6,M64_D0,"29 bins
M64, D0",2340,0.05452,0.11671,2.1406823184152604,0.062189999999999995,114.06823184152603
Sponza,64,0.0,29,29,6,M64_D0,"29 bins
M64, D0",2400,0.05443,0.11673,2.1445893808561456,0.0623,114.45893808561456
Sponza,64,0.0,29,29,6,M64_D0,"29 bins
M64, D0",2460,0.05471,0.1168,2.1348930725644304,0.06209,113.48930725644304
Sponza,64,1.0,29,29,8,M64_D1,"29 bins
M64, D1",0,0.43486,0.76578,1.7609805454629075,0.33092,76.09805454629075
Sponza,64,1.0,29,29,8,M64_D1,"29 bins
M64, D1",60,0.51649,0.64237,1.2437220468934538,0.12588,24.372204689345377
Sponza,64,1.0,29,29,8,M64_D1,"29 bins
M64, D1",120,0.46183,0.5121,1.1088495766840611,0.05026999999999998,10.884957668406114
Sponza,64,1.0,29,29,8,M64_D1,"29 bins
M64, D1",180,0.43177,0.51221,1.1863028927438222,0.08044000000000007,18.630289274382218
Sponza,64,1.0,29,29,8,M64_D1,"29 bins
M64, D1",240,0.38277,0.48516,1.2674974527784308,0.10238999999999998,26.749745277843083
Sponza,64,1.0,29,29,8,M64_D1,"29 bins
M64, D1",300,0.33031,0.41203,1.247403953861524,0.08172000000000001,24.740395386152404
Sponza,64,1.0,29,29,8,M64_D1,"29 bins
M64, D1",360,0.44027,0.49247,1.1185636086946646,0.052200000000000024,11.856360869466464
Sponza,64,1.0,29,29,8,M64_D1,"29 bins
M64, D1",420,0.46891,0.53906,1.14960226909215,0.07014999999999999,14.960226909214992
Sponza,64,1.0,29,29,8,M64_D1,"29 bins
M64, D1",480,0.39427,0.47561,1.2063053237629036,0.08133999999999997,20.630532376290354
Sponza,64,1.0,29,29,8,M64_D1,"29 bins
M64, D1",540,0.38156,0.45276,1.1866023692210923,0.07119999999999999,18.66023692210923
Sponza,64,1.0,29,29,8,M64_D1,"29 bins
M64, D1",600,0.59085,0.66979,1.1336041296437336,0.07894000000000001,13.360412964373358
Sponza,64,1.0,29,29,8,M64_D1,"29 bins
M64, D1",660,0.60107,0.70606,1.1746718352271783,0.10499000000000003,17.467183522717832
Sponza,64,1.0,29,29,8,M64_D1,"29 bins
M64, D1",720,0.53262,0.64666,1.2141113739626752,0.11404000000000003,21.41113739626752
Sponza,64,1.0,29,29,8,M64_D1,"29 bins
M64, D1",780,0.59179,0.69912,1.1813650112370941,0.10732999999999993,18.136501123709415
Sponza,64,1.0,29,29,8,M64_D1,"29 bins
M64, D1",840,0.51704,0.58672,1.1347671360049512,0.06967999999999996,13.476713600495117
Sponza,64,1.0,29,29,8,M64_D1,"29 bins
M64, D1",900,0.60099,0.69721,1.1601024975457161,0.09621999999999997,16.010249754571614
Sponza,64,1.0,29,29,8,M64_D1,"29 bins
M64, D1",960,0.48142,0.59424,1.234348386024677,0.11281999999999998,23.43483860246769
Sponza,64,1.0,29,29,8,M64_D1,"29 bins
M64, D1",1020,0.44803,0.56662,1.2646920965113944,0.11859000000000003,26.469209651139437
Sponza,64,1.0,29,29,8,M64_D1,"29 bins
M64, D1",1080,0.43013,0.53237,1.2376955804059238,0.10224,23.769558040592376
Sponza,64,1.0,29,29,8,M64_D1,"29 bins
M64, D1",1140,0.38521,0.45402,1.1786298382700344,0.06880999999999998,17.862983827003443
Sponza,64,1.0,29,29,8,M64_D1,"29 bins
M64, D1",1200,0.4239,0.47496,1.1204529370134466,0.051059999999999994,12.045293701344661
Sponza,64,1.0,29,29,8,M64_D1,"29 bins
M64, D1",1260,0.23904,0.3336,1.395582329317269,0.09456,39.55823293172691
Sponza,64,1.0,29,29,8,M64_D1,"29 bins
M64, D1",1320,0.20949,0.31749,1.5155377344980667,0.10799999999999998,51.55377344980667
Sponza,64,1.0,29,29,8,M64_D1,"29 bins
M64, D1",1380,0.49116,0.59524,1.2119065070445476,0.10408,21.19065070445476
Sponza,64,1.0,29,29,8,M64_D1,"29 bins
M64, D1",1440,0.65136,0.75392,1.157455170719725,0.10255999999999998,15.745517071972493
Sponza,64,1.0,29,29,8,M64_D1,"29 bins
M64, D1",1500,0.70986,0.79528,1.12033358690446,0.08541999999999994,12.033358690445993
Sponza,64,1.0,29,29,8,M64_D1,"29 bins
M64, D1",1560,0.74224,0.7735,1.0421157577064022,0.031259999999999954,4.211575770640219
Sponza,64,1.0,29,29,8,M64_D1,"29 bins
M64, D1",1620,0.77297,0.77051,0.9968174702769835,-0.0024600000000000177,-0.31825297230164695
Sponza,64,1.0,29,29,8,M64_D1,"29 bins
M64, D1",1680,0.78616,0.76408,0.9719141141752315,-0.02207999999999999,-2.8085885824768453
Sponza,64,1.0,29,29,8,M64_D1,"29 bins
M64, D1",1740,0.72534,0.69694,0.9608459481070947,-0.02839999999999998,-3.915405189290533
Sponza,64,1.0,29,29,8,M64_D1,"29 bins
M64, D1",1800,0.71073,0.6805,0.9574662670775119,-0.03022999999999998,-4.253373292248808
Sponza,64,1.0,29,29,8,M64_D1,"29 bins
M64, D1",1860,0.75119,0.72534,0.9655879338116854,-0.02585000000000004,-3.4412066188314605
Sponza,64,1.0,29,29,8,M64_D1,"29 bins
M64, D1",1920,0.79528,0.78853,0.9915124232974549,-0.006750000000000034,-0.8487576702545074
Sponza,64,1.0,29,29,8,M64_D1,"29 bins
M64, D1",1980,0.73992,0.76936,1.0397880851983998,0.02944000000000002,3.9788085198399825
Sponza,64,1.0,29,29,8,M64_D1,"29 bins
M64, D1",2040,0.59993,0.66344,1.105862350607571,0.06351000000000007,10.58623506075711
Sponza,64,1.0,29,29,8,M64_D1,"29 bins
M64, D1",2100,0.49972,0.59822,1.1971103818138158,0.09849999999999998,19.71103818138158
Sponza,64,1.0,29,29,8,M64_D1,"29 bins
M64, D1",2160,0.24883,0.33781,1.3575935377567014,0.08898,35.75935377567014
Sponza,64,1.0,29,29,8,M64_D1,"29 bins
M64, D1",2220,0.06843,0.13141,1.9203565687563933,0.06298,92.03565687563933
Sponza,64,1.0,29,29,8,M64_D1,"29 bins
M64, D1",2280,0.05949,0.1223,2.0558076987729033,0.06281,105.58076987729032
Sponza,64,1.0,29,29,8,M64_D1,"29 bins
M64, D1",2340,0.05475,0.11685,2.1342465753424658,0.062099999999999995,113.42465753424658
Sponza,64,1.0,29,29,8,M64_D1,"29 bins
M64, D1",2400,0.05485,0.11686,2.1305378304466727,0.06201,113.05378304466727
Sponza,64,1.0,29,29,8,M64_D1,"29 bins
M64, D1",2460,0.05483,0.11679,2.1300383002006202,0.06196000000000001,113.00383002006203
Sponza,255,0.0,29,29,10,M255_D0,"29 bins
M255, D0",0,0.64097,1.12964,1.7623913755713994,0.48866999999999994,76.23913755713994
Sponza,255,0.0,29,29,10,M255_D0,"29 bins
M255, D0",60,0.52058,0.82553,1.58578892773445,0.30494999999999994,58.57889277344499
Sponza,255,0.0,29,29,10,M255_D0,"29 bins
M255, D0",120,0.4465,0.62371,1.3968868980963045,0.17720999999999998,39.68868980963045
Sponza,255,0.0,29,29,10,M255_D0,"29 bins
M255, D0",180,0.43398,0.64848,1.4942624084059173,0.21449999999999997,49.42624084059173
Sponza,255,0.0,29,29,10,M255_D0,"29 bins
M255, D0",240,0.38142,0.55853,1.4643437680247495,0.17711,46.43437680247495
Sponza,255,0.0,29,29,10,M255_D0,"29 bins
M255, D0",300,0.32835,0.42463,1.2932236942287194,0.09628000000000003,29.32236942287194
Sponza,255,0.0,29,29,10,M255_D0,"29 bins
M255, D0",360,0.43712,0.56958,1.3030289165446558,0.13245999999999997,30.30289165446558
Sponza,255,0.0,29,29,10,M255_D0,"29 bins
M255, D0",420,0.47055,0.60509,1.2859207310593985,0.13454,28.592073105939853
Sponza,255,0.0,29,29,10,M255_D0,"29 bins
M255, D0",480,0.40504,0.47059,1.1618358680624137,0.06555,16.18358680624137
Sponza,255,0.0,29,29,10,M255_D0,"29 bins
M255, D0",540,0.3848,0.46343,1.204339916839917,0.07863000000000003,20.433991683991692
Sponza,255,0.0,29,29,10,M255_D0,"29 bins
M255, D0",600,0.59006,0.95907,1.6253770802969187,0.36900999999999995,62.53770802969187
Sponza,255,0.0,29,29,10,M255_D0,"29 bins
M255, D0",660,0.60911,1.11443,1.8296038482375925,0.50532,82.96038482375924
Sponza,255,0.0,29,29,10,M255_D0,"29 bins
M255, D0",720,0.53686,0.94841,1.7665871921916327,0.41154999999999997,76.65871921916327
Sponza,255,0.0,29,29,10,M255_D0,"29 bins
M255, D0",780,0.59561,1.02209,1.7160390188210406,0.42647999999999997,71.60390188210405
Sponza,255,0.0,29,29,10,M255_D0,"29 bins
M255, D0",840,0.51311,0.79513,1.54962873457933,0.28202000000000005,54.962873457933
Sponza,255,0.0,29,29,10,M255_D0,"29 bins
M255, D0",900,0.60474,0.92272,1.525812745973476,0.31797999999999993,52.5812745973476
Sponza,255,0.0,29,29,10,M255_D0,"29 bins
M255, D0",960,0.48405,0.75212,1.5538064249560997,0.26807000000000003,55.38064249560997
Sponza,255,0.0,29,29,10,M255_D0,"29 bins
M255, D0",1020,0.44892,0.75817,1.6888755234785708,0.30925,68.88755234785708
Sponza,255,0.0,29,29,10,M255_D0,"29 bins
M255, D0",1080,0.43728,0.66196,1.5138126600804975,0.22468,51.38126600804975
Sponza,255,0.0,29,29,10,M255_D0,"29 bins
M255, D0",1140,0.38846,0.55607,1.4314729959326569,0.16760999999999993,43.147299593265686
Sponza,255,0.0,29,29,10,M255_D0,"29 bins
M255, D0",1200,0.41153,0.55407,1.346366000048599,0.14253999999999994,34.63660000485991
Sponza,255,0.0,29,29,10,M255_D0,"29 bins
M255, D0",1260,0.23226,0.33755,1.453328166709722,0.10529000000000002,45.3328166709722
Sponza,255,0.0,29,29,10,M255_D0,"29 bins
M255, D0",1320,0.20762,0.32201,1.5509584818418265,0.11439000000000002,55.09584818418265
Sponza,255,0.0,29,29,10,M255_D0,"29 bins
M255, D0",1380,0.4865,0.72438,1.4889619732785202,0.23788000000000004,48.89619732785202
Sponza,255,0.0,29,29,10,M255_D0,"29 bins
M255, D0",1440,0.64884,1.05922,1.6324825843042972,0.4103800000000001,63.248258430429715
Sponza,255,0.0,29,29,10,M255_D0,"29 bins
M255, D0",1500,0.70625,1.03151,1.4605451327433627,0.3252599999999999,46.05451327433627
Sponza,255,0.0,29,29,10,M255_D0,"29 bins
M255, D0",1560,0.74029,0.88152,1.1907765875535263,0.14122999999999997,19.077658755352633
Sponza,255,0.0,29,29,10,M255_D0,"29 bins
M255, D0",1620,0.77217,0.84292,1.091624901252315,0.07074999999999998,9.162490125231493
Sponza,255,0.0,29,29,10,M255_D0,"29 bins
M255, D0",1680,0.78962,0.89883,1.1383070337630758,0.10921000000000003,13.830703376307586
Sponza,255,0.0,29,29,10,M255_D0,"29 bins
M255, D0",1740,0.72598,0.82038,1.130031130334169,0.09440000000000004,13.003113033416902
Sponza,255,0.0,29,29,10,M255_D0,"29 bins
M255, D0",1800,0.71268,0.79506,1.1155918504798787,0.08238000000000001,11.559185047987874
Sponza,255,0.0,29,29,10,M255_D0,"29 bins
M255, D0",1860,0.75322,0.83167,1.104152837152492,0.07845000000000002,10.415283715249203
Sponza,255,0.0,29,29,10,M255_D0,"29 bins
M255, D0",1920,0.79736,0.86448,1.084177786696097,0.06712000000000007,8.41777866960971
Sponza,255,0.0,29,29,10,M255_D0,"29 bins
M255, D0",1980,0.73544,0.84978,1.1554715544435983,0.11434,15.547155444359827
Sponza,255,0.0,29,29,10,M255_D0,"29 bins
M255, D0",2040,0.585,0.77581,1.3261709401709403,0.19081000000000004,32.617094017094026
Sponza,255,0.0,29,29,10,M255_D0,"29 bins
M255, D0",2100,0.48583,0.74299,1.5293209558899206,0.25716000000000006,52.932095588992055
Sponza,255,0.0,29,29,10,M255_D0,"29 bins
M255, D0",2160,0.2448,0.34866,1.4242647058823532,0.10386000000000004,42.42647058823532
Sponza,255,0.0,29,29,10,M255_D0,"29 bins
M255, D0",2220,0.06815,0.13067,1.9173881144534117,0.06252,91.73881144534117
Sponza,255,0.0,29,29,10,M255_D0,"29 bins
M255, D0",2280,0.05953,0.12132,2.0379640517386193,0.06179,103.79640517386193
Sponza,255,0.0,29,29,10,M255_D0,"29 bins
M255, D0",2340,0.05433,0.11716,2.1564513160316583,0.06283,115.64513160316582
Sponza,255,0.0,29,29,10,M255_D0,"29 bins
M255, D0",2400,0.05441,0.11686,2.147766954603933,0.062450000000000006,114.77669546039331
Sponza,255,0.0,29,29,10,M255_D0,"29 bins
M255, D0",2460,0.05439,0.11681,2.147637433351719,0.062419999999999996,114.7637433351719
Sponza,255,1.0,29,29,12,M255_D1,"29 bins
M255, D1",0,0.74686,0.49038,0.6565889189406314,-0.25648,-34.341108105936854
Sponza,255,1.0,29,29,12,M255_D1,"29 bins
M255, D1",60,0.91047,0.5867,0.6443924566432722,-0.32377,-35.56075433567278
Sponza,255,1.0,29,29,12,M255_D1,"29 bins
M255, D1",120,0.48139,0.51076,1.0610108228255677,0.029370000000000007,6.101082282556769
Sponza,255,1.0,29,29,12,M255_D1,"29 bins
M255, D1",180,0.43417,0.51003,1.1747241863786073,0.07585999999999998,17.47241863786073
Sponza,255,1.0,29,29,12,M255_D1,"29 bins
M255, D1",240,0.38675,0.4859,1.2563671622495152,0.09915000000000002,25.636716224951517
Sponza,255,1.0,29,29,12,M255_D1,"29 bins
M255, D1",300,0.33007,0.4114,1.246402278304602,0.08133000000000001,24.640227830460205
Sponza,255,1.0,29,29,12,M255_D1,"29 bins
M255, D1",360,0.44047,0.49128,1.1153540536245374,0.05081000000000002,11.535405362453744
Sponza,255,1.0,29,29,12,M255_D1,"29 bins
M255, D1",420,0.47121,0.53828,1.142335688970947,0.06706999999999996,14.233568897094706
Sponza,255,1.0,29,29,12,M255_D1,"29 bins
M255, D1",480,0.40489,0.47567,1.1748129121489785,0.07077999999999995,17.481291214897855
Sponza,255,1.0,29,29,12,M255_D1,"29 bins
M255, D1",540,0.38465,0.45206,1.175250227479527,0.06741000000000003,17.52502274795269
Sponza,255,1.0,29,29,12,M255_D1,"29 bins
M255, D1",600,0.59727,0.66922,1.1204647814221376,0.07195000000000007,12.046478142213758
Sponza,255,1.0,29,29,12,M255_D1,"29 bins
M255, D1",660,0.6122,0.69864,1.1411956876837637,0.08644000000000007,14.119568768376368
Sponza,255,1.0,29,29,12,M255_D1,"29 bins
M255, D1",720,0.5395,0.62983,1.1674328081556997,0.09033000000000002,16.74328081556997
Sponza,255,1.0,29,29,12,M255_D1,"29 bins
M255, D1",780,0.59804,0.68754,1.1496555414353555,0.08950000000000002,14.965554143535552
Sponza,255,1.0,29,29,12,M255_D1,"29 bins
M255, D1",840,0.51904,0.57757,1.1127658754623924,0.05853000000000008,11.276587546239236
Sponza,255,1.0,29,29,12,M255_D1,"29 bins
M255, D1",900,0.60561,0.68585,1.1324945096679382,0.08023999999999998,13.24945096679382
Sponza,255,1.0,29,29,12,M255_D1,"29 bins
M255, D1",960,0.48267,0.58343,1.2087554643959642,0.10076000000000002,20.875546439596416
Sponza,255,1.0,29,29,12,M255_D1,"29 bins
M255, D1",1020,0.45187,0.55436,1.2268130214442206,0.10248999999999997,22.681302144422055
Sponza,255,1.0,29,29,12,M255_D1,"29 bins
M255, D1",1080,0.43742,0.52265,1.1948470577477024,0.08522999999999997,19.48470577477024
Sponza,255,1.0,29,29,12,M255_D1,"29 bins
M255, D1",1140,0.38889,0.44656,1.1482938620175371,0.05767,14.829386201753714
Sponza,255,1.0,29,29,12,M255_D1,"29 bins
M255, D1",1200,0.4221,0.46322,1.0974176735370766,0.041120000000000045,9.741767353707665
Sponza,255,1.0,29,29,12,M255_D1,"29 bins
M255, D1",1260,0.23486,0.33055,1.4074342161287576,0.09569,40.743421612875764
Sponza,255,1.0,29,29,12,M255_D1,"29 bins
M255, D1",1320,0.20673,0.31444,1.521017752624196,0.10771,52.101775262419594
Sponza,255,1.0,29,29,12,M255_D1,"29 bins
M255, D1",1380,0.48842,0.58666,1.2011383645223372,0.09823999999999994,20.113836452233723
Sponza,255,1.0,29,29,12,M255_D1,"29 bins
M255, D1",1440,0.65498,0.74636,1.139515710403371,0.09138000000000002,13.951571040337107
Sponza,255,1.0,29,29,12,M255_D1,"29 bins
M255, D1",1500,0.71597,0.78707,1.099305836836739,0.07110000000000005,9.930583683673898
Sponza,255,1.0,29,29,12,M255_D1,"29 bins
M255, D1",1560,0.74929,0.76345,1.0188978900025356,0.01415999999999995,1.8897890002535611
Sponza,255,1.0,29,29,12,M255_D1,"29 bins
M255, D1",1620,0.77969,0.75887,0.9732970796085625,-0.02081999999999995,-2.6702920391437512
Sponza,255,1.0,29,29,12,M255_D1,"29 bins
M255, D1",1680,0.79167,0.7514,0.9491328457564389,-0.04027000000000003,-5.086715424356115
Sponza,255,1.0,29,29,12,M255_D1,"29 bins
M255, D1",1740,0.73208,0.68623,0.9373702327614469,-0.045849999999999946,-6.2629767238553065
Sponza,255,1.0,29,29,12,M255_D1,"29 bins
M255, D1",1800,0.7185,0.67209,0.9354070981210855,-0.04641000000000006,-6.459290187891453
Sponza,255,1.0,29,29,12,M255_D1,"29 bins
M255, D1",1860,0.75906,0.71651,0.9439438252575554,-0.04254999999999998,-5.605617474244462
Sponza,255,1.0,29,29,12,M255_D1,"29 bins
M255, D1",1920,0.803,0.77603,0.9664134495641344,-0.02697000000000005,-3.358655043586556
Sponza,255,1.0,29,29,12,M255_D1,"29 bins
M255, D1",1980,0.74518,0.75695,1.015794841514802,0.011770000000000058,1.5794841514801927
Sponza,255,1.0,29,29,12,M255_D1,"29 bins
M255, D1",2040,0.59166,0.65071,1.0998039414528615,0.05905000000000005,9.980394145286153
Sponza,255,1.0,29,29,12,M255_D1,"29 bins
M255, D1",2100,0.49346,0.58807,1.1917277996190168,0.09460999999999997,19.172779961901675
Sponza,255,1.0,29,29,12,M255_D1,"29 bins
M255, D1",2160,0.2468,0.33135,1.3425850891410047,0.08454999999999999,34.258508914100474
Sponza,255,1.0,29,29,12,M255_D1,"29 bins
M255, D1",2220,0.06806,0.13124,1.9282985600940348,0.06318,92.82985600940347
Sponza,255,1.0,29,29,12,M255_D1,"29 bins
M255, D1",2280,0.05983,0.12222,2.0427878990473007,0.062389999999999994,104.27878990473008
Sponza,255,1.0,29,29,12,M255_D1,"29 bins
M255, D1",2340,0.05478,0.11724,2.140197152245345,0.062459999999999995,114.0197152245345
Sponza,255,1.0,29,29,12,M255_D1,"29 bins
M255, D1",2400,0.05498,0.11714,2.130592942888323,0.06215999999999999,113.0592942888323
Sponza,255,1.0,29,29,12,M255_D1,"29 bins
M255, D1",2460,0.05499,0.11706,2.1287506819421713,0.06207,112.87506819421714
