source_config,runner_run_index,renderer,scene,linear_gbuffer,pass_slot,pass_name,pass_time_avg_ms
00_renderer_fairness_smoke,0,DeferredPrepass,Sponza,False,0,total,0.94819
00_renderer_fairness_smoke,0,DeferredPrepass,Sponza,False,1,depth_prepass,0.06707
00_renderer_fairness_smoke,0,DeferredPrepass,Sponza,False,2,geometry,0.8051
00_renderer_fairness_smoke,0,DeferredPrepass,Sponza,False,3,lighting,0.04967
00_renderer_fairness_smoke,0,DeferredPrepass,Sponza,False,4,tonemap,0.01275
00_renderer_fairness_smoke,1,VisBuf,Sponza,False,0,total,0.79397
00_renderer_fairness_smoke,1,VisBuf,Sponza,False,1,visibility,0.08853
00_renderer_fairness_smoke,1,VisBuf,Sponza,False,2,visutil_histogram,0.01494
00_renderer_fairness_smoke,1,VisBuf,Sponza,False,3,visutil_prefix,0.00215
00_renderer_fairness_smoke,1,VisBuf,Sponza,False,4,visutil_flatten,0.02018
00_renderer_fairness_smoke,1,VisBuf,Sponza,False,5,gbuffer,0.58093
00_renderer_fairness_smoke,1,VisBuf,Sponza,False,6,lighting,0.04284
00_renderer_fairness_smoke,1,VisBuf,Sponza,False,7,tonemap,0.0121
00_renderer_fairness_smoke,2,DeferredPrepass,Sponza,True,0,total,0.9283
00_renderer_fairness_smoke,2,DeferredPrepass,Sponza,True,1,depth_prepass,0.06576
00_renderer_fairness_smoke,2,DeferredPrepass,Sponza,True,2,geometry,0.78758
00_renderer_fairness_smoke,2,DeferredPrepass,Sponza,True,3,lighting,0.04862
00_renderer_fairness_smoke,2,DeferredPrepass,Sponza,True,4,tonemap,0.01272
00_renderer_fairness_smoke,3,VisBuf,Sponza,True,0,total,0.81967
00_renderer_fairness_smoke,3,VisBuf,Sponza,True,1,visibility,0.09062
00_renderer_fairness_smoke,3,VisBuf,Sponza,True,2,visutil_histogram,0.01506
00_renderer_fairness_smoke,3,VisBuf,Sponza,True,3,visutil_prefix,0.00216
00_renderer_fairness_smoke,3,VisBuf,Sponza,True,4,visutil_flatten,0.02022
00_renderer_fairness_smoke,3,VisBuf,Sponza,True,5,gbuffer,0.60371
00_renderer_fairness_smoke,3,VisBuf,Sponza,True,6,lighting,0.04329
00_renderer_fairness_smoke,3,VisBuf,Sponza,True,7,tonemap,0.01224
01_synth_decoupling_smoke,0,DeferredPrepass,Synthetic,False,0,total,0.24136
01_synth_decoupling_smoke,0,DeferredPrepass,Synthetic,False,1,depth_prepass,0.02234
01_synth_decoupling_smoke,0,DeferredPrepass,Synthetic,False,2,geometry,0.09333
01_synth_decoupling_smoke,0,DeferredPrepass,Synthetic,False,3,lighting,0.08484
01_synth_decoupling_smoke,0,DeferredPrepass,Synthetic,False,4,tonemap,0.02799
01_synth_decoupling_smoke,1,VisBuf,Synthetic,False,0,total,0.31562
01_synth_decoupling_smoke,1,VisBuf,Synthetic,False,1,visibility,0.03233
01_synth_decoupling_smoke,1,VisBuf,Synthetic,False,2,visutil_histogram,0.02274
01_synth_decoupling_smoke,1,VisBuf,Synthetic,False,3,visutil_prefix,0.00216
01_synth_decoupling_smoke,1,VisBuf,Synthetic,False,4,visutil_flatten,0.03041
01_synth_decoupling_smoke,1,VisBuf,Synthetic,False,5,gbuffer,0.07801
01_synth_decoupling_smoke,1,VisBuf,Synthetic,False,6,lighting,0.08898
01_synth_decoupling_smoke,1,VisBuf,Synthetic,False,7,tonemap,0.03009
01_synth_decoupling_smoke,2,DeferredPrepass,Synthetic,False,0,total,0.24561
01_synth_decoupling_smoke,2,DeferredPrepass,Synthetic,False,1,depth_prepass,0.02529
01_synth_decoupling_smoke,2,DeferredPrepass,Synthetic,False,2,geometry,0.09474
01_synth_decoupling_smoke,2,DeferredPrepass,Synthetic,False,3,lighting,0.0849
01_synth_decoupling_smoke,2,DeferredPrepass,Synthetic,False,4,tonemap,0.0278
01_synth_decoupling_smoke,3,VisBuf,Synthetic,False,0,total,0.3216
01_synth_decoupling_smoke,3,VisBuf,Synthetic,False,1,visibility,0.03242
01_synth_decoupling_smoke,3,VisBuf,Synthetic,False,2,visutil_histogram,0.02425
01_synth_decoupling_smoke,3,VisBuf,Synthetic,False,3,visutil_prefix,0.00214
01_synth_decoupling_smoke,3,VisBuf,Synthetic,False,4,visutil_flatten,0.03183
01_synth_decoupling_smoke,3,VisBuf,Synthetic,False,5,gbuffer,0.07979
01_synth_decoupling_smoke,3,VisBuf,Synthetic,False,6,lighting,0.08915
01_synth_decoupling_smoke,3,VisBuf,Synthetic,False,7,tonemap,0.03004
01_synth_decoupling_smoke,4,DeferredPrepass,Synthetic,False,0,total,0.24674
01_synth_decoupling_smoke,4,DeferredPrepass,Synthetic,False,1,depth_prepass,0.02563
01_synth_decoupling_smoke,4,DeferredPrepass,Synthetic,False,2,geometry,0.09475
01_synth_decoupling_smoke,4,DeferredPrepass,Synthetic,False,3,lighting,0.08501
01_synth_decoupling_smoke,4,DeferredPrepass,Synthetic,False,4,tonemap,0.02828
01_synth_decoupling_smoke,5,VisBuf,Synthetic,False,0,total,0.32975
01_synth_decoupling_smoke,5,VisBuf,Synthetic,False,1,visibility,0.03244
01_synth_decoupling_smoke,5,VisBuf,Synthetic,False,2,visutil_histogram,0.02447
01_synth_decoupling_smoke,5,VisBuf,Synthetic,False,3,visutil_prefix,0.00213
01_synth_decoupling_smoke,5,VisBuf,Synthetic,False,4,visutil_flatten,0.03216
01_synth_decoupling_smoke,5,VisBuf,Synthetic,False,5,gbuffer,0.08839
01_synth_decoupling_smoke,5,VisBuf,Synthetic,False,6,lighting,0.08866
01_synth_decoupling_smoke,5,VisBuf,Synthetic,False,7,tonemap,0.02991
02_synth_material_count_same_class_dense,0,DeferredPrepass,Synthetic,False,0,total,0.24292
02_synth_material_count_same_class_dense,0,DeferredPrepass,Synthetic,False,1,depth_prepass,0.02284
02_synth_material_count_same_class_dense,0,DeferredPrepass,Synthetic,False,2,geometry,0.09346
02_synth_material_count_same_class_dense,0,DeferredPrepass,Synthetic,False,3,lighting,0.08546
02_synth_material_count_same_class_dense,0,DeferredPrepass,Synthetic,False,4,tonemap,0.02781
02_synth_material_count_same_class_dense,1,VisBuf,Synthetic,False,0,total,0.31957
02_synth_material_count_same_class_dense,1,VisBuf,Synthetic,False,1,visibility,0.03238
02_synth_material_count_same_class_dense,1,VisBuf,Synthetic,False,2,visutil_histogram,0.02271
02_synth_material_count_same_class_dense,1,VisBuf,Synthetic,False,3,visutil_prefix,0.00217
02_synth_material_count_same_class_dense,1,VisBuf,Synthetic,False,4,visutil_flatten,0.03079
02_synth_material_count_same_class_dense,1,VisBuf,Synthetic,False,5,gbuffer,0.07839
02_synth_material_count_same_class_dense,1,VisBuf,Synthetic,False,6,lighting,0.09098
02_synth_material_count_same_class_dense,1,VisBuf,Synthetic,False,7,tonemap,0.02961
02_synth_material_count_same_class_dense,2,DeferredPrepass,Synthetic,False,0,total,0.24264
02_synth_material_count_same_class_dense,2,DeferredPrepass,Synthetic,False,1,depth_prepass,0.02276
02_synth_material_count_same_class_dense,2,DeferredPrepass,Synthetic,False,2,geometry,0.09343
02_synth_material_count_same_class_dense,2,DeferredPrepass,Synthetic,False,3,lighting,0.08517
02_synth_material_count_same_class_dense,2,DeferredPrepass,Synthetic,False,4,tonemap,0.02825
02_synth_material_count_same_class_dense,3,VisBuf,Synthetic,False,0,total,0.31678
02_synth_material_count_same_class_dense,3,VisBuf,Synthetic,False,1,visibility,0.03245
02_synth_material_count_same_class_dense,3,VisBuf,Synthetic,False,2,visutil_histogram,0.02274
02_synth_material_count_same_class_dense,3,VisBuf,Synthetic,False,3,visutil_prefix,0.00217
02_synth_material_count_same_class_dense,3,VisBuf,Synthetic,False,4,visutil_flatten,0.03049
02_synth_material_count_same_class_dense,3,VisBuf,Synthetic,False,5,gbuffer,0.0783
02_synth_material_count_same_class_dense,3,VisBuf,Synthetic,False,6,lighting,0.08952
02_synth_material_count_same_class_dense,3,VisBuf,Synthetic,False,7,tonemap,0.02984
02_synth_material_count_same_class_dense,4,DeferredPrepass,Synthetic,False,0,total,0.24206
02_synth_material_count_same_class_dense,4,DeferredPrepass,Synthetic,False,1,depth_prepass,0.02273
02_synth_material_count_same_class_dense,4,DeferredPrepass,Synthetic,False,2,geometry,0.09344
02_synth_material_count_same_class_dense,4,DeferredPrepass,Synthetic,False,3,lighting,0.08492
02_synth_material_count_same_class_dense,4,DeferredPrepass,Synthetic,False,4,tonemap,0.02789
02_synth_material_count_same_class_dense,5,VisBuf,Synthetic,False,0,total,0.31664
02_synth_material_count_same_class_dense,5,VisBuf,Synthetic,False,1,visibility,0.0324
02_synth_material_count_same_class_dense,5,VisBuf,Synthetic,False,2,visutil_histogram,0.02274
02_synth_material_count_same_class_dense,5,VisBuf,Synthetic,False,3,visutil_prefix,0.00217
02_synth_material_count_same_class_dense,5,VisBuf,Synthetic,False,4,visutil_flatten,0.03052
02_synth_material_count_same_class_dense,5,VisBuf,Synthetic,False,5,gbuffer,0.07816
02_synth_material_count_same_class_dense,5,VisBuf,Synthetic,False,6,lighting,0.08953
02_synth_material_count_same_class_dense,5,VisBuf,Synthetic,False,7,tonemap,0.0298
02_synth_material_count_same_class_dense,6,DeferredPrepass,Synthetic,False,0,total,0.24265
02_synth_material_count_same_class_dense,6,DeferredPrepass,Synthetic,False,1,depth_prepass,0.02278
02_synth_material_count_same_class_dense,6,DeferredPrepass,Synthetic,False,2,geometry,0.09368
02_synth_material_count_same_class_dense,6,DeferredPrepass,Synthetic,False,3,lighting,0.08507
02_synth_material_count_same_class_dense,6,DeferredPrepass,Synthetic,False,4,tonemap,0.02809
02_synth_material_count_same_class_dense,7,VisBuf,Synthetic,False,0,total,0.31734
02_synth_material_count_same_class_dense,7,VisBuf,Synthetic,False,1,visibility,0.03243
02_synth_material_count_same_class_dense,7,VisBuf,Synthetic,False,2,visutil_histogram,0.02277
02_synth_material_count_same_class_dense,7,VisBuf,Synthetic,False,3,visutil_prefix,0.00217
02_synth_material_count_same_class_dense,7,VisBuf,Synthetic,False,4,visutil_flatten,0.03055
02_synth_material_count_same_class_dense,7,VisBuf,Synthetic,False,5,gbuffer,0.07851
02_synth_material_count_same_class_dense,7,VisBuf,Synthetic,False,6,lighting,0.08953
02_synth_material_count_same_class_dense,7,VisBuf,Synthetic,False,7,tonemap,0.0299
02_synth_material_count_same_class_dense,8,DeferredPrepass,Synthetic,False,0,total,0.2426
02_synth_material_count_same_class_dense,8,DeferredPrepass,Synthetic,False,1,depth_prepass,0.0226
02_synth_material_count_same_class_dense,8,DeferredPrepass,Synthetic,False,2,geometry,0.09361
02_synth_material_count_same_class_dense,8,DeferredPrepass,Synthetic,False,3,lighting,0.08503
02_synth_material_count_same_class_dense,8,DeferredPrepass,Synthetic,False,4,tonemap,0.02815
02_synth_material_count_same_class_dense,9,VisBuf,Synthetic,False,0,total,0.31754
02_synth_material_count_same_class_dense,9,VisBuf,Synthetic,False,1,visibility,0.03254
02_synth_material_count_same_class_dense,9,VisBuf,Synthetic,False,2,visutil_histogram,0.02273
02_synth_material_count_same_class_dense,9,VisBuf,Synthetic,False,3,visutil_prefix,0.00217
02_synth_material_count_same_class_dense,9,VisBuf,Synthetic,False,4,visutil_flatten,0.03052
02_synth_material_count_same_class_dense,9,VisBuf,Synthetic,False,5,gbuffer,0.07838
02_synth_material_count_same_class_dense,9,VisBuf,Synthetic,False,6,lighting,0.08975
02_synth_material_count_same_class_dense,9,VisBuf,Synthetic,False,7,tonemap,0.02988
02_synth_material_count_same_class_dense,10,DeferredPrepass,Synthetic,False,0,total,0.24279
02_synth_material_count_same_class_dense,10,DeferredPrepass,Synthetic,False,1,depth_prepass,0.0227
02_synth_material_count_same_class_dense,10,DeferredPrepass,Synthetic,False,2,geometry,0.09361
02_synth_material_count_same_class_dense,10,DeferredPrepass,Synthetic,False,3,lighting,0.08507
02_synth_material_count_same_class_dense,10,DeferredPrepass,Synthetic,False,4,tonemap,0.02813
02_synth_material_count_same_class_dense,11,VisBuf,Synthetic,False,0,total,0.31782
02_synth_material_count_same_class_dense,11,VisBuf,Synthetic,False,1,visibility,0.03255
02_synth_material_count_same_class_dense,11,VisBuf,Synthetic,False,2,visutil_histogram,0.02275
02_synth_material_count_same_class_dense,11,VisBuf,Synthetic,False,3,visutil_prefix,0.00217
02_synth_material_count_same_class_dense,11,VisBuf,Synthetic,False,4,visutil_flatten,0.03081
02_synth_material_count_same_class_dense,11,VisBuf,Synthetic,False,5,gbuffer,0.07823
02_synth_material_count_same_class_dense,11,VisBuf,Synthetic,False,6,lighting,0.08974
02_synth_material_count_same_class_dense,11,VisBuf,Synthetic,False,7,tonemap,0.02992
02_synth_material_count_same_class_dense,12,DeferredPrepass,Synthetic,False,0,total,0.24608
02_synth_material_count_same_class_dense,12,DeferredPrepass,Synthetic,False,1,depth_prepass,0.02615
02_synth_material_count_same_class_dense,12,DeferredPrepass,Synthetic,False,2,geometry,0.09295
02_synth_material_count_same_class_dense,12,DeferredPrepass,Synthetic,False,3,lighting,0.08509
02_synth_material_count_same_class_dense,12,DeferredPrepass,Synthetic,False,4,tonemap,0.02852
02_synth_material_count_same_class_dense,13,VisBuf,Synthetic,False,0,total,0.31845
02_synth_material_count_same_class_dense,13,VisBuf,Synthetic,False,1,visibility,0.03216
02_synth_material_count_same_class_dense,13,VisBuf,Synthetic,False,2,visutil_histogram,0.02283
02_synth_material_count_same_class_dense,13,VisBuf,Synthetic,False,3,visutil_prefix,0.00217
02_synth_material_count_same_class_dense,13,VisBuf,Synthetic,False,4,visutil_flatten,0.03059
02_synth_material_count_same_class_dense,13,VisBuf,Synthetic,False,5,gbuffer,0.07889
02_synth_material_count_same_class_dense,13,VisBuf,Synthetic,False,6,lighting,0.08969
02_synth_material_count_same_class_dense,13,VisBuf,Synthetic,False,7,tonemap,0.02989
02_synth_material_count_same_class_dense,14,DeferredPrepass,Synthetic,False,0,total,0.24597
02_synth_material_count_same_class_dense,14,DeferredPrepass,Synthetic,False,1,depth_prepass,0.02617
02_synth_material_count_same_class_dense,14,DeferredPrepass,Synthetic,False,2,geometry,0.09295
02_synth_material_count_same_class_dense,14,DeferredPrepass,Synthetic,False,3,lighting,0.08507
02_synth_material_count_same_class_dense,14,DeferredPrepass,Synthetic,False,4,tonemap,0.02865
02_synth_material_count_same_class_dense,15,VisBuf,Synthetic,False,0,total,0.31846
02_synth_material_count_same_class_dense,15,VisBuf,Synthetic,False,1,visibility,0.03215
02_synth_material_count_same_class_dense,15,VisBuf,Synthetic,False,2,visutil_histogram,0.02297
02_synth_material_count_same_class_dense,15,VisBuf,Synthetic,False,3,visutil_prefix,0.00217
02_synth_material_count_same_class_dense,15,VisBuf,Synthetic,False,4,visutil_flatten,0.03085
02_synth_material_count_same_class_dense,15,VisBuf,Synthetic,False,5,gbuffer,0.07846
02_synth_material_count_same_class_dense,15,VisBuf,Synthetic,False,6,lighting,0.08976
02_synth_material_count_same_class_dense,15,VisBuf,Synthetic,False,7,tonemap,0.02983
02_synth_material_count_same_class_dense,16,DeferredPrepass,Synthetic,False,0,total,0.24617
02_synth_material_count_same_class_dense,16,DeferredPrepass,Synthetic,False,1,depth_prepass,0.02611
02_synth_material_count_same_class_dense,16,DeferredPrepass,Synthetic,False,2,geometry,0.09319
02_synth_material_count_same_class_dense,16,DeferredPrepass,Synthetic,False,3,lighting,0.08537
02_synth_material_count_same_class_dense,16,DeferredPrepass,Synthetic,False,4,tonemap,0.02845
02_synth_material_count_same_class_dense,17,VisBuf,Synthetic,False,0,total,0.31801
02_synth_material_count_same_class_dense,17,VisBuf,Synthetic,False,1,visibility,0.03227
02_synth_material_count_same_class_dense,17,VisBuf,Synthetic,False,2,visutil_histogram,0.02274
02_synth_material_count_same_class_dense,17,VisBuf,Synthetic,False,3,visutil_prefix,0.00217
02_synth_material_count_same_class_dense,17,VisBuf,Synthetic,False,4,visutil_flatten,0.03056
02_synth_material_count_same_class_dense,17,VisBuf,Synthetic,False,5,gbuffer,0.07874
02_synth_material_count_same_class_dense,17,VisBuf,Synthetic,False,6,lighting,0.08985
02_synth_material_count_same_class_dense,17,VisBuf,Synthetic,False,7,tonemap,0.02987
02_synth_material_count_same_class_dense,18,DeferredPrepass,Synthetic,False,0,total,0.24584
02_synth_material_count_same_class_dense,18,DeferredPrepass,Synthetic,False,1,depth_prepass,0.02611
02_synth_material_count_same_class_dense,18,DeferredPrepass,Synthetic,False,2,geometry,0.09347
02_synth_material_count_same_class_dense,18,DeferredPrepass,Synthetic,False,3,lighting,0.08511
02_synth_material_count_same_class_dense,18,DeferredPrepass,Synthetic,False,4,tonemap,0.02818
02_synth_material_count_same_class_dense,19,VisBuf,Synthetic,False,0,total,0.31891
02_synth_material_count_same_class_dense,19,VisBuf,Synthetic,False,1,visibility,0.03222
02_synth_material_count_same_class_dense,19,VisBuf,Synthetic,False,2,visutil_histogram,0.02309
02_synth_material_count_same_class_dense,19,VisBuf,Synthetic,False,3,visutil_prefix,0.00217
02_synth_material_count_same_class_dense,19,VisBuf,Synthetic,False,4,visutil_flatten,0.03077
02_synth_material_count_same_class_dense,19,VisBuf,Synthetic,False,5,gbuffer,0.07868
02_synth_material_count_same_class_dense,19,VisBuf,Synthetic,False,6,lighting,0.08961
02_synth_material_count_same_class_dense,19,VisBuf,Synthetic,False,7,tonemap,0.02987
02_synth_material_count_same_class_dense,20,DeferredPrepass,Synthetic,False,0,total,0.24728
02_synth_material_count_same_class_dense,20,DeferredPrepass,Synthetic,False,1,depth_prepass,0.02621
02_synth_material_count_same_class_dense,20,DeferredPrepass,Synthetic,False,2,geometry,0.09349
02_synth_material_count_same_class_dense,20,DeferredPrepass,Synthetic,False,3,lighting,0.08539
02_synth_material_count_same_class_dense,20,DeferredPrepass,Synthetic,False,4,tonemap,0.02841
02_synth_material_count_same_class_dense,21,VisBuf,Synthetic,False,0,total,0.32178
02_synth_material_count_same_class_dense,21,VisBuf,Synthetic,False,1,visibility,0.03226
02_synth_material_count_same_class_dense,21,VisBuf,Synthetic,False,2,visutil_histogram,0.02347
02_synth_material_count_same_class_dense,21,VisBuf,Synthetic,False,3,visutil_prefix,0.00217
02_synth_material_count_same_class_dense,21,VisBuf,Synthetic,False,4,visutil_flatten,0.03125
02_synth_material_count_same_class_dense,21,VisBuf,Synthetic,False,5,gbuffer,0.08015
02_synth_material_count_same_class_dense,21,VisBuf,Synthetic,False,6,lighting,0.08988
02_synth_material_count_same_class_dense,21,VisBuf,Synthetic,False,7,tonemap,0.03
02_synth_material_count_same_class_dense,22,DeferredPrepass,Synthetic,False,0,total,0.24656
02_synth_material_count_same_class_dense,22,DeferredPrepass,Synthetic,False,1,depth_prepass,0.02637
02_synth_material_count_same_class_dense,22,DeferredPrepass,Synthetic,False,2,geometry,0.09361
02_synth_material_count_same_class_dense,22,DeferredPrepass,Synthetic,False,3,lighting,0.0852
02_synth_material_count_same_class_dense,22,DeferredPrepass,Synthetic,False,4,tonemap,0.02812
02_synth_material_count_same_class_dense,23,VisBuf,Synthetic,False,0,total,0.32056
02_synth_material_count_same_class_dense,23,VisBuf,Synthetic,False,1,visibility,0.03227
02_synth_material_count_same_class_dense,23,VisBuf,Synthetic,False,2,visutil_histogram,0.02336
02_synth_material_count_same_class_dense,23,VisBuf,Synthetic,False,3,visutil_prefix,0.00217
02_synth_material_count_same_class_dense,23,VisBuf,Synthetic,False,4,visutil_flatten,0.03079
02_synth_material_count_same_class_dense,23,VisBuf,Synthetic,False,5,gbuffer,0.0786
02_synth_material_count_same_class_dense,23,VisBuf,Synthetic,False,6,lighting,0.09004
02_synth_material_count_same_class_dense,23,VisBuf,Synthetic,False,7,tonemap,0.03012
02_synth_material_count_same_class_dense,24,DeferredPrepass,Synthetic,False,0,total,0.24732
02_synth_material_count_same_class_dense,24,DeferredPrepass,Synthetic,False,1,depth_prepass,0.02626
02_synth_material_count_same_class_dense,24,DeferredPrepass,Synthetic,False,2,geometry,0.0937
02_synth_material_count_same_class_dense,24,DeferredPrepass,Synthetic,False,3,lighting,0.08534
02_synth_material_count_same_class_dense,24,DeferredPrepass,Synthetic,False,4,tonemap,0.02888
02_synth_material_count_same_class_dense,25,VisBuf,Synthetic,False,0,total,0.32008
02_synth_material_count_same_class_dense,25,VisBuf,Synthetic,False,1,visibility,0.03209
02_synth_material_count_same_class_dense,25,VisBuf,Synthetic,False,2,visutil_histogram,0.02325
02_synth_material_count_same_class_dense,25,VisBuf,Synthetic,False,3,visutil_prefix,0.00216
02_synth_material_count_same_class_dense,25,VisBuf,Synthetic,False,4,visutil_flatten,0.03091
02_synth_material_count_same_class_dense,25,VisBuf,Synthetic,False,5,gbuffer,0.07903
02_synth_material_count_same_class_dense,25,VisBuf,Synthetic,False,6,lighting,0.08992
02_synth_material_count_same_class_dense,25,VisBuf,Synthetic,False,7,tonemap,0.02984
02_synth_material_count_same_class_dense,26,DeferredPrepass,Synthetic,False,0,total,0.24769
02_synth_material_count_same_class_dense,26,DeferredPrepass,Synthetic,False,1,depth_prepass,0.02627
02_synth_material_count_same_class_dense,26,DeferredPrepass,Synthetic,False,2,geometry,0.09367
02_synth_material_count_same_class_dense,26,DeferredPrepass,Synthetic,False,3,lighting,0.08537
02_synth_material_count_same_class_dense,26,DeferredPrepass,Synthetic,False,4,tonemap,0.0286
02_synth_material_count_same_class_dense,27,VisBuf,Synthetic,False,0,total,0.32003
02_synth_material_count_same_class_dense,27,VisBuf,Synthetic,False,1,visibility,0.03219
02_synth_material_count_same_class_dense,27,VisBuf,Synthetic,False,2,visutil_histogram,0.02334
02_synth_material_count_same_class_dense,27,VisBuf,Synthetic,False,3,visutil_prefix,0.00216
02_synth_material_count_same_class_dense,27,VisBuf,Synthetic,False,4,visutil_flatten,0.03095
02_synth_material_count_same_class_dense,27,VisBuf,Synthetic,False,5,gbuffer,0.07925
02_synth_material_count_same_class_dense,27,VisBuf,Synthetic,False,6,lighting,0.08992
02_synth_material_count_same_class_dense,27,VisBuf,Synthetic,False,7,tonemap,0.02982
02_synth_material_count_same_class_dense,28,DeferredPrepass,Synthetic,False,0,total,0.24693
02_synth_material_count_same_class_dense,28,DeferredPrepass,Synthetic,False,1,depth_prepass,0.02627
02_synth_material_count_same_class_dense,28,DeferredPrepass,Synthetic,False,2,geometry,0.09365
02_synth_material_count_same_class_dense,28,DeferredPrepass,Synthetic,False,3,lighting,0.08526
02_synth_material_count_same_class_dense,28,DeferredPrepass,Synthetic,False,4,tonemap,0.02831
02_synth_material_count_same_class_dense,29,VisBuf,Synthetic,False,0,total,0.32007
02_synth_material_count_same_class_dense,29,VisBuf,Synthetic,False,1,visibility,0.03223
02_synth_material_count_same_class_dense,29,VisBuf,Synthetic,False,2,visutil_histogram,0.02327
02_synth_material_count_same_class_dense,29,VisBuf,Synthetic,False,3,visutil_prefix,0.00216
02_synth_material_count_same_class_dense,29,VisBuf,Synthetic,False,4,visutil_flatten,0.03093
02_synth_material_count_same_class_dense,29,VisBuf,Synthetic,False,5,gbuffer,0.07904
02_synth_material_count_same_class_dense,29,VisBuf,Synthetic,False,6,lighting,0.09018
02_synth_material_count_same_class_dense,29,VisBuf,Synthetic,False,7,tonemap,0.02984
02_synth_material_count_same_class_dense,30,DeferredPrepass,Synthetic,False,0,total,0.24745
02_synth_material_count_same_class_dense,30,DeferredPrepass,Synthetic,False,1,depth_prepass,0.02602
02_synth_material_count_same_class_dense,30,DeferredPrepass,Synthetic,False,2,geometry,0.09458
02_synth_material_count_same_class_dense,30,DeferredPrepass,Synthetic,False,3,lighting,0.08527
02_synth_material_count_same_class_dense,30,DeferredPrepass,Synthetic,False,4,tonemap,0.02843
02_synth_material_count_same_class_dense,31,VisBuf,Synthetic,False,0,total,0.32599
02_synth_material_count_same_class_dense,31,VisBuf,Synthetic,False,1,visibility,0.03251
02_synth_material_count_same_class_dense,31,VisBuf,Synthetic,False,2,visutil_histogram,0.0235
02_synth_material_count_same_class_dense,31,VisBuf,Synthetic,False,3,visutil_prefix,0.00243
02_synth_material_count_same_class_dense,31,VisBuf,Synthetic,False,4,visutil_flatten,0.03143
02_synth_material_count_same_class_dense,31,VisBuf,Synthetic,False,5,gbuffer,0.081
02_synth_material_count_same_class_dense,31,VisBuf,Synthetic,False,6,lighting,0.09157
02_synth_material_count_same_class_dense,31,VisBuf,Synthetic,False,7,tonemap,0.02971
02_synth_material_count_same_class_dense,32,DeferredPrepass,Synthetic,False,0,total,0.24943
02_synth_material_count_same_class_dense,32,DeferredPrepass,Synthetic,False,1,depth_prepass,0.02606
02_synth_material_count_same_class_dense,32,DeferredPrepass,Synthetic,False,2,geometry,0.0945
02_synth_material_count_same_class_dense,32,DeferredPrepass,Synthetic,False,3,lighting,0.08575
02_synth_material_count_same_class_dense,32,DeferredPrepass,Synthetic,False,4,tonemap,0.02821
02_synth_material_count_same_class_dense,33,VisBuf,Synthetic,False,0,total,0.32144
02_synth_material_count_same_class_dense,33,VisBuf,Synthetic,False,1,visibility,0.03241
02_synth_material_count_same_class_dense,33,VisBuf,Synthetic,False,2,visutil_histogram,0.02352
02_synth_material_count_same_class_dense,33,VisBuf,Synthetic,False,3,visutil_prefix,0.00215
02_synth_material_count_same_class_dense,33,VisBuf,Synthetic,False,4,visutil_flatten,0.03114
02_synth_material_count_same_class_dense,33,VisBuf,Synthetic,False,5,gbuffer,0.07974
02_synth_material_count_same_class_dense,33,VisBuf,Synthetic,False,6,lighting,0.08979
02_synth_material_count_same_class_dense,33,VisBuf,Synthetic,False,7,tonemap,0.02992
02_synth_material_count_same_class_dense,34,DeferredPrepass,Synthetic,False,0,total,0.24714
02_synth_material_count_same_class_dense,34,DeferredPrepass,Synthetic,False,1,depth_prepass,0.02593
02_synth_material_count_same_class_dense,34,DeferredPrepass,Synthetic,False,2,geometry,0.0946
02_synth_material_count_same_class_dense,34,DeferredPrepass,Synthetic,False,3,lighting,0.0852
02_synth_material_count_same_class_dense,34,DeferredPrepass,Synthetic,False,4,tonemap,0.02835
02_synth_material_count_same_class_dense,35,VisBuf,Synthetic,False,0,total,0.32155
02_synth_material_count_same_class_dense,35,VisBuf,Synthetic,False,1,visibility,0.03247
02_synth_material_count_same_class_dense,35,VisBuf,Synthetic,False,2,visutil_histogram,0.02352
02_synth_material_count_same_class_dense,35,VisBuf,Synthetic,False,3,visutil_prefix,0.00216
02_synth_material_count_same_class_dense,35,VisBuf,Synthetic,False,4,visutil_flatten,0.03115
02_synth_material_count_same_class_dense,35,VisBuf,Synthetic,False,5,gbuffer,0.07938
02_synth_material_count_same_class_dense,35,VisBuf,Synthetic,False,6,lighting,0.09049
02_synth_material_count_same_class_dense,35,VisBuf,Synthetic,False,7,tonemap,0.02959
02_synth_material_count_same_class_dense,36,DeferredPrepass,Synthetic,False,0,total,0.24734
02_synth_material_count_same_class_dense,36,DeferredPrepass,Synthetic,False,1,depth_prepass,0.02628
02_synth_material_count_same_class_dense,36,DeferredPrepass,Synthetic,False,2,geometry,0.09465
02_synth_material_count_same_class_dense,36,DeferredPrepass,Synthetic,False,3,lighting,0.08545
02_synth_material_count_same_class_dense,36,DeferredPrepass,Synthetic,False,4,tonemap,0.0278
02_synth_material_count_same_class_dense,37,VisBuf,Synthetic,False,0,total,0.32187
02_synth_material_count_same_class_dense,37,VisBuf,Synthetic,False,1,visibility,0.03242
02_synth_material_count_same_class_dense,37,VisBuf,Synthetic,False,2,visutil_histogram,0.02395
02_synth_material_count_same_class_dense,37,VisBuf,Synthetic,False,3,visutil_prefix,0.00217
02_synth_material_count_same_class_dense,37,VisBuf,Synthetic,False,4,visutil_flatten,0.03142
02_synth_material_count_same_class_dense,37,VisBuf,Synthetic,False,5,gbuffer,0.07938
02_synth_material_count_same_class_dense,37,VisBuf,Synthetic,False,6,lighting,0.09019
02_synth_material_count_same_class_dense,37,VisBuf,Synthetic,False,7,tonemap,0.02956
02_synth_material_count_same_class_dense,38,DeferredPrepass,Synthetic,False,0,total,0.2472
02_synth_material_count_same_class_dense,38,DeferredPrepass,Synthetic,False,1,depth_prepass,0.02615
02_synth_material_count_same_class_dense,38,DeferredPrepass,Synthetic,False,2,geometry,0.09442
02_synth_material_count_same_class_dense,38,DeferredPrepass,Synthetic,False,3,lighting,0.08557
02_synth_material_count_same_class_dense,38,DeferredPrepass,Synthetic,False,4,tonemap,0.02763
02_synth_material_count_same_class_dense,39,VisBuf,Synthetic,False,0,total,0.32248
02_synth_material_count_same_class_dense,39,VisBuf,Synthetic,False,1,visibility,0.03246
02_synth_material_count_same_class_dense,39,VisBuf,Synthetic,False,2,visutil_histogram,0.02402
02_synth_material_count_same_class_dense,39,VisBuf,Synthetic,False,3,visutil_prefix,0.00217
02_synth_material_count_same_class_dense,39,VisBuf,Synthetic,False,4,visutil_flatten,0.03146
02_synth_material_count_same_class_dense,39,VisBuf,Synthetic,False,5,gbuffer,0.07993
02_synth_material_count_same_class_dense,39,VisBuf,Synthetic,False,6,lighting,0.09006
02_synth_material_count_same_class_dense,39,VisBuf,Synthetic,False,7,tonemap,0.02956
02_synth_material_count_same_class_dense,40,DeferredPrepass,Synthetic,False,0,total,0.24723
02_synth_material_count_same_class_dense,40,DeferredPrepass,Synthetic,False,1,depth_prepass,0.02612
02_synth_material_count_same_class_dense,40,DeferredPrepass,Synthetic,False,2,geometry,0.09468
02_synth_material_count_same_class_dense,40,DeferredPrepass,Synthetic,False,3,lighting,0.08533
02_synth_material_count_same_class_dense,40,DeferredPrepass,Synthetic,False,4,tonemap,0.02763
02_synth_material_count_same_class_dense,41,VisBuf,Synthetic,False,0,total,0.32259
02_synth_material_count_same_class_dense,41,VisBuf,Synthetic,False,1,visibility,0.03253
02_synth_material_count_same_class_dense,41,VisBuf,Synthetic,False,2,visutil_histogram,0.02398
02_synth_material_count_same_class_dense,41,VisBuf,Synthetic,False,3,visutil_prefix,0.00217
02_synth_material_count_same_class_dense,41,VisBuf,Synthetic,False,4,visutil_flatten,0.0317
02_synth_material_count_same_class_dense,41,VisBuf,Synthetic,False,5,gbuffer,0.07969
02_synth_material_count_same_class_dense,41,VisBuf,Synthetic,False,6,lighting,0.09012
02_synth_material_count_same_class_dense,41,VisBuf,Synthetic,False,7,tonemap,0.02954
02_synth_material_count_same_class_dense,42,DeferredPrepass,Synthetic,False,0,total,0.24842
02_synth_material_count_same_class_dense,42,DeferredPrepass,Synthetic,False,1,depth_prepass,0.02596
02_synth_material_count_same_class_dense,42,DeferredPrepass,Synthetic,False,2,geometry,0.09564
02_synth_material_count_same_class_dense,42,DeferredPrepass,Synthetic,False,3,lighting,0.08546
02_synth_material_count_same_class_dense,42,DeferredPrepass,Synthetic,False,4,tonemap,0.02785
02_synth_material_count_same_class_dense,43,VisBuf,Synthetic,False,0,total,0.32295
02_synth_material_count_same_class_dense,43,VisBuf,Synthetic,False,1,visibility,0.03275
02_synth_material_count_same_class_dense,43,VisBuf,Synthetic,False,2,visutil_histogram,0.02402
02_synth_material_count_same_class_dense,43,VisBuf,Synthetic,False,3,visutil_prefix,0.00216
02_synth_material_count_same_class_dense,43,VisBuf,Synthetic,False,4,visutil_flatten,0.03172
02_synth_material_count_same_class_dense,43,VisBuf,Synthetic,False,5,gbuffer,0.08038
02_synth_material_count_same_class_dense,43,VisBuf,Synthetic,False,6,lighting,0.09011
02_synth_material_count_same_class_dense,43,VisBuf,Synthetic,False,7,tonemap,0.02959
02_synth_material_count_same_class_dense,44,DeferredPrepass,Synthetic,False,0,total,0.24877
02_synth_material_count_same_class_dense,44,DeferredPrepass,Synthetic,False,1,depth_prepass,0.02587
02_synth_material_count_same_class_dense,44,DeferredPrepass,Synthetic,False,2,geometry,0.09568
02_synth_material_count_same_class_dense,44,DeferredPrepass,Synthetic,False,3,lighting,0.08565
02_synth_material_count_same_class_dense,44,DeferredPrepass,Synthetic,False,4,tonemap,0.02813
02_synth_material_count_same_class_dense,45,VisBuf,Synthetic,False,0,total,0.3244
02_synth_material_count_same_class_dense,45,VisBuf,Synthetic,False,1,visibility,0.03298
02_synth_material_count_same_class_dense,45,VisBuf,Synthetic,False,2,visutil_histogram,0.0241
02_synth_material_count_same_class_dense,45,VisBuf,Synthetic,False,3,visutil_prefix,0.00216
02_synth_material_count_same_class_dense,45,VisBuf,Synthetic,False,4,visutil_flatten,0.03173
02_synth_material_count_same_class_dense,45,VisBuf,Synthetic,False,5,gbuffer,0.08067
02_synth_material_count_same_class_dense,45,VisBuf,Synthetic,False,6,lighting,0.09089
02_synth_material_count_same_class_dense,45,VisBuf,Synthetic,False,7,tonemap,0.02956
02_synth_material_count_same_class_dense,46,DeferredPrepass,Synthetic,False,0,total,0.257
02_synth_material_count_same_class_dense,46,DeferredPrepass,Synthetic,False,1,depth_prepass,0.02667
02_synth_material_count_same_class_dense,46,DeferredPrepass,Synthetic,False,2,geometry,0.09582
02_synth_material_count_same_class_dense,46,DeferredPrepass,Synthetic,False,3,lighting,0.08773
02_synth_material_count_same_class_dense,46,DeferredPrepass,Synthetic,False,4,tonemap,0.0281
02_synth_material_count_same_class_dense,47,VisBuf,Synthetic,False,0,total,0.33895
02_synth_material_count_same_class_dense,47,VisBuf,Synthetic,False,1,visibility,0.03308
02_synth_material_count_same_class_dense,47,VisBuf,Synthetic,False,2,visutil_histogram,0.02432
02_synth_material_count_same_class_dense,47,VisBuf,Synthetic,False,3,visutil_prefix,0.00218
02_synth_material_count_same_class_dense,47,VisBuf,Synthetic,False,4,visutil_flatten,0.03178
02_synth_material_count_same_class_dense,47,VisBuf,Synthetic,False,5,gbuffer,0.08468
02_synth_material_count_same_class_dense,47,VisBuf,Synthetic,False,6,lighting,0.09269
02_synth_material_count_same_class_dense,47,VisBuf,Synthetic,False,7,tonemap,0.02953
02_synth_material_count_same_class_dense,48,DeferredPrepass,Synthetic,False,0,total,0.25637
02_synth_material_count_same_class_dense,48,DeferredPrepass,Synthetic,False,1,depth_prepass,0.02659
02_synth_material_count_same_class_dense,48,DeferredPrepass,Synthetic,False,2,geometry,0.09515
02_synth_material_count_same_class_dense,48,DeferredPrepass,Synthetic,False,3,lighting,0.08767
02_synth_material_count_same_class_dense,48,DeferredPrepass,Synthetic,False,4,tonemap,0.02818
02_synth_material_count_same_class_dense,49,VisBuf,Synthetic,False,0,total,0.34065
02_synth_material_count_same_class_dense,49,VisBuf,Synthetic,False,1,visibility,0.033
02_synth_material_count_same_class_dense,49,VisBuf,Synthetic,False,2,visutil_histogram,0.02451
02_synth_material_count_same_class_dense,49,VisBuf,Synthetic,False,3,visutil_prefix,0.00218
02_synth_material_count_same_class_dense,49,VisBuf,Synthetic,False,4,visutil_flatten,0.03263
02_synth_material_count_same_class_dense,49,VisBuf,Synthetic,False,5,gbuffer,0.08521
02_synth_material_count_same_class_dense,49,VisBuf,Synthetic,False,6,lighting,0.09321
02_synth_material_count_same_class_dense,49,VisBuf,Synthetic,False,7,tonemap,0.02975
02_synth_material_count_same_class_dense,50,DeferredPrepass,Synthetic,False,0,total,0.25418
02_synth_material_count_same_class_dense,50,DeferredPrepass,Synthetic,False,1,depth_prepass,0.02637
02_synth_material_count_same_class_dense,50,DeferredPrepass,Synthetic,False,2,geometry,0.09495
02_synth_material_count_same_class_dense,50,DeferredPrepass,Synthetic,False,3,lighting,0.08734
02_synth_material_count_same_class_dense,50,DeferredPrepass,Synthetic,False,4,tonemap,0.02815
02_synth_material_count_same_class_dense,51,VisBuf,Synthetic,False,0,total,0.32416
02_synth_material_count_same_class_dense,51,VisBuf,Synthetic,False,1,visibility,0.03257
02_synth_material_count_same_class_dense,51,VisBuf,Synthetic,False,2,visutil_histogram,0.02448
02_synth_material_count_same_class_dense,51,VisBuf,Synthetic,False,3,visutil_prefix,0.00216
02_synth_material_count_same_class_dense,51,VisBuf,Synthetic,False,4,visutil_flatten,0.03228
02_synth_material_count_same_class_dense,51,VisBuf,Synthetic,False,5,gbuffer,0.08022
02_synth_material_count_same_class_dense,51,VisBuf,Synthetic,False,6,lighting,0.09028
02_synth_material_count_same_class_dense,51,VisBuf,Synthetic,False,7,tonemap,0.02968
02_synth_material_count_same_class_dense,52,DeferredPrepass,Synthetic,False,0,total,0.25123
02_synth_material_count_same_class_dense,52,DeferredPrepass,Synthetic,False,1,depth_prepass,0.02601
02_synth_material_count_same_class_dense,52,DeferredPrepass,Synthetic,False,2,geometry,0.09522
02_synth_material_count_same_class_dense,52,DeferredPrepass,Synthetic,False,3,lighting,0.08717
02_synth_material_count_same_class_dense,52,DeferredPrepass,Synthetic,False,4,tonemap,0.02795
02_synth_material_count_same_class_dense,53,VisBuf,Synthetic,False,0,total,0.3266
02_synth_material_count_same_class_dense,53,VisBuf,Synthetic,False,1,visibility,0.03252
02_synth_material_count_same_class_dense,53,VisBuf,Synthetic,False,2,visutil_histogram,0.02478
02_synth_material_count_same_class_dense,53,VisBuf,Synthetic,False,3,visutil_prefix,0.00216
02_synth_material_count_same_class_dense,53,VisBuf,Synthetic,False,4,visutil_flatten,0.03221
02_synth_material_count_same_class_dense,53,VisBuf,Synthetic,False,5,gbuffer,0.08127
02_synth_material_count_same_class_dense,53,VisBuf,Synthetic,False,6,lighting,0.0908
02_synth_material_count_same_class_dense,53,VisBuf,Synthetic,False,7,tonemap,0.02988
02_synth_material_count_same_class_dense,54,DeferredPrepass,Synthetic,False,0,total,0.25122
02_synth_material_count_same_class_dense,54,DeferredPrepass,Synthetic,False,1,depth_prepass,0.02552
02_synth_material_count_same_class_dense,54,DeferredPrepass,Synthetic,False,2,geometry,0.0968
02_synth_material_count_same_class_dense,54,DeferredPrepass,Synthetic,False,3,lighting,0.0861
02_synth_material_count_same_class_dense,54,DeferredPrepass,Synthetic,False,4,tonemap,0.02798
02_synth_material_count_same_class_dense,55,VisBuf,Synthetic,False,0,total,0.32587
02_synth_material_count_same_class_dense,55,VisBuf,Synthetic,False,1,visibility,0.03303
02_synth_material_count_same_class_dense,55,VisBuf,Synthetic,False,2,visutil_histogram,0.02521
02_synth_material_count_same_class_dense,55,VisBuf,Synthetic,False,3,visutil_prefix,0.00216
02_synth_material_count_same_class_dense,55,VisBuf,Synthetic,False,4,visutil_flatten,0.03235
02_synth_material_count_same_class_dense,55,VisBuf,Synthetic,False,5,gbuffer,0.08121
02_synth_material_count_same_class_dense,55,VisBuf,Synthetic,False,6,lighting,0.09021
02_synth_material_count_same_class_dense,55,VisBuf,Synthetic,False,7,tonemap,0.02985
02_synth_material_count_same_class_dense,56,DeferredPrepass,Synthetic,False,0,total,0.25089
02_synth_material_count_same_class_dense,56,DeferredPrepass,Synthetic,False,1,depth_prepass,0.0256
02_synth_material_count_same_class_dense,56,DeferredPrepass,Synthetic,False,2,geometry,0.09685
02_synth_material_count_same_class_dense,56,DeferredPrepass,Synthetic,False,3,lighting,0.08636
02_synth_material_count_same_class_dense,56,DeferredPrepass,Synthetic,False,4,tonemap,0.02837
02_synth_material_count_same_class_dense,57,VisBuf,Synthetic,False,0,total,0.32595
02_synth_material_count_same_class_dense,57,VisBuf,Synthetic,False,1,visibility,0.03299
02_synth_material_count_same_class_dense,57,VisBuf,Synthetic,False,2,visutil_histogram,0.02512
02_synth_material_count_same_class_dense,57,VisBuf,Synthetic,False,3,visutil_prefix,0.00216
02_synth_material_count_same_class_dense,57,VisBuf,Synthetic,False,4,visutil_flatten,0.03263
02_synth_material_count_same_class_dense,57,VisBuf,Synthetic,False,5,gbuffer,0.08088
02_synth_material_count_same_class_dense,57,VisBuf,Synthetic,False,6,lighting,0.09041
02_synth_material_count_same_class_dense,57,VisBuf,Synthetic,False,7,tonemap,0.03011
02_synth_material_count_same_class_dense,58,DeferredPrepass,Synthetic,False,0,total,0.25096
02_synth_material_count_same_class_dense,58,DeferredPrepass,Synthetic,False,1,depth_prepass,0.02553
02_synth_material_count_same_class_dense,58,DeferredPrepass,Synthetic,False,2,geometry,0.09687
02_synth_material_count_same_class_dense,58,DeferredPrepass,Synthetic,False,3,lighting,0.0859
02_synth_material_count_same_class_dense,58,DeferredPrepass,Synthetic,False,4,tonemap,0.0285
02_synth_material_count_same_class_dense,59,VisBuf,Synthetic,False,0,total,0.32577
02_synth_material_count_same_class_dense,59,VisBuf,Synthetic,False,1,visibility,0.03304
02_synth_material_count_same_class_dense,59,VisBuf,Synthetic,False,2,visutil_histogram,0.02517
02_synth_material_count_same_class_dense,59,VisBuf,Synthetic,False,3,visutil_prefix,0.00216
02_synth_material_count_same_class_dense,59,VisBuf,Synthetic,False,4,visutil_flatten,0.0326
02_synth_material_count_same_class_dense,59,VisBuf,Synthetic,False,5,gbuffer,0.0812
02_synth_material_count_same_class_dense,59,VisBuf,Synthetic,False,6,lighting,0.09009
02_synth_material_count_same_class_dense,59,VisBuf,Synthetic,False,7,tonemap,0.02985
02_synth_material_count_same_class_dense,60,DeferredPrepass,Synthetic,False,0,total,0.25051
02_synth_material_count_same_class_dense,60,DeferredPrepass,Synthetic,False,1,depth_prepass,0.0256
02_synth_material_count_same_class_dense,60,DeferredPrepass,Synthetic,False,2,geometry,0.09658
02_synth_material_count_same_class_dense,60,DeferredPrepass,Synthetic,False,3,lighting,0.08589
02_synth_material_count_same_class_dense,60,DeferredPrepass,Synthetic,False,4,tonemap,0.02811
02_synth_material_count_same_class_dense,61,VisBuf,Synthetic,False,0,total,0.32688
02_synth_material_count_same_class_dense,61,VisBuf,Synthetic,False,1,visibility,0.03294
02_synth_material_count_same_class_dense,61,VisBuf,Synthetic,False,2,visutil_histogram,0.02577
02_synth_material_count_same_class_dense,61,VisBuf,Synthetic,False,3,visutil_prefix,0.00216
02_synth_material_count_same_class_dense,61,VisBuf,Synthetic,False,4,visutil_flatten,0.03273
02_synth_material_count_same_class_dense,61,VisBuf,Synthetic,False,5,gbuffer,0.08081
02_synth_material_count_same_class_dense,61,VisBuf,Synthetic,False,6,lighting,0.08988
02_synth_material_count_same_class_dense,61,VisBuf,Synthetic,False,7,tonemap,0.02993
02_synth_material_count_same_class_dense,62,DeferredPrepass,Synthetic,False,0,total,0.24878
02_synth_material_count_same_class_dense,62,DeferredPrepass,Synthetic,False,1,depth_prepass,0.02559
02_synth_material_count_same_class_dense,62,DeferredPrepass,Synthetic,False,2,geometry,0.0966
02_synth_material_count_same_class_dense,62,DeferredPrepass,Synthetic,False,3,lighting,0.08565
02_synth_material_count_same_class_dense,62,DeferredPrepass,Synthetic,False,4,tonemap,0.0281
02_synth_material_count_same_class_dense,63,VisBuf,Synthetic,False,0,total,0.32672
02_synth_material_count_same_class_dense,63,VisBuf,Synthetic,False,1,visibility,0.03297
02_synth_material_count_same_class_dense,63,VisBuf,Synthetic,False,2,visutil_histogram,0.02582
02_synth_material_count_same_class_dense,63,VisBuf,Synthetic,False,3,visutil_prefix,0.00216
02_synth_material_count_same_class_dense,63,VisBuf,Synthetic,False,4,visutil_flatten,0.03278
02_synth_material_count_same_class_dense,63,VisBuf,Synthetic,False,5,gbuffer,0.08057
02_synth_material_count_same_class_dense,63,VisBuf,Synthetic,False,6,lighting,0.08966
02_synth_material_count_same_class_dense,63,VisBuf,Synthetic,False,7,tonemap,0.02993
02_synth_material_count_same_class_dense,64,DeferredPrepass,Synthetic,False,0,total,0.24893
02_synth_material_count_same_class_dense,64,DeferredPrepass,Synthetic,False,1,depth_prepass,0.02573
02_synth_material_count_same_class_dense,64,DeferredPrepass,Synthetic,False,2,geometry,0.09658
02_synth_material_count_same_class_dense,64,DeferredPrepass,Synthetic,False,3,lighting,0.08562
02_synth_material_count_same_class_dense,64,DeferredPrepass,Synthetic,False,4,tonemap,0.02812
02_synth_material_count_same_class_dense,65,VisBuf,Synthetic,False,0,total,0.32627
02_synth_material_count_same_class_dense,65,VisBuf,Synthetic,False,1,visibility,0.03296
02_synth_material_count_same_class_dense,65,VisBuf,Synthetic,False,2,visutil_histogram,0.02571
02_synth_material_count_same_class_dense,65,VisBuf,Synthetic,False,3,visutil_prefix,0.00217
02_synth_material_count_same_class_dense,65,VisBuf,Synthetic,False,4,visutil_flatten,0.03273
02_synth_material_count_same_class_dense,65,VisBuf,Synthetic,False,5,gbuffer,0.08061
02_synth_material_count_same_class_dense,65,VisBuf,Synthetic,False,6,lighting,0.08957
02_synth_material_count_same_class_dense,65,VisBuf,Synthetic,False,7,tonemap,0.02989
02_synth_material_count_same_class_dense,66,DeferredPrepass,Synthetic,False,0,total,0.25106
02_synth_material_count_same_class_dense,66,DeferredPrepass,Synthetic,False,1,depth_prepass,0.02539
02_synth_material_count_same_class_dense,66,DeferredPrepass,Synthetic,False,2,geometry,0.09869
02_synth_material_count_same_class_dense,66,DeferredPrepass,Synthetic,False,3,lighting,0.08534
02_synth_material_count_same_class_dense,66,DeferredPrepass,Synthetic,False,4,tonemap,0.02854
02_synth_material_count_same_class_dense,67,VisBuf,Synthetic,False,0,total,0.32813
02_synth_material_count_same_class_dense,67,VisBuf,Synthetic,False,1,visibility,0.03359
02_synth_material_count_same_class_dense,67,VisBuf,Synthetic,False,2,visutil_histogram,0.02581
02_synth_material_count_same_class_dense,67,VisBuf,Synthetic,False,3,visutil_prefix,0.00216
02_synth_material_count_same_class_dense,67,VisBuf,Synthetic,False,4,visutil_flatten,0.03305
02_synth_material_count_same_class_dense,67,VisBuf,Synthetic,False,5,gbuffer,0.08107
02_synth_material_count_same_class_dense,67,VisBuf,Synthetic,False,6,lighting,0.08985
02_synth_material_count_same_class_dense,67,VisBuf,Synthetic,False,7,tonemap,0.02986
02_synth_material_count_same_class_dense,68,DeferredPrepass,Synthetic,False,0,total,0.25121
02_synth_material_count_same_class_dense,68,DeferredPrepass,Synthetic,False,1,depth_prepass,0.02533
02_synth_material_count_same_class_dense,68,DeferredPrepass,Synthetic,False,2,geometry,0.09869
02_synth_material_count_same_class_dense,68,DeferredPrepass,Synthetic,False,3,lighting,0.08536
02_synth_material_count_same_class_dense,68,DeferredPrepass,Synthetic,False,4,tonemap,0.02853
02_synth_material_count_same_class_dense,69,VisBuf,Synthetic,False,0,total,0.32777
02_synth_material_count_same_class_dense,69,VisBuf,Synthetic,False,1,visibility,0.03344
02_synth_material_count_same_class_dense,69,VisBuf,Synthetic,False,2,visutil_histogram,0.0258
02_synth_material_count_same_class_dense,69,VisBuf,Synthetic,False,3,visutil_prefix,0.00216
02_synth_material_count_same_class_dense,69,VisBuf,Synthetic,False,4,visutil_flatten,0.03302
02_synth_material_count_same_class_dense,69,VisBuf,Synthetic,False,5,gbuffer,0.08102
02_synth_material_count_same_class_dense,69,VisBuf,Synthetic,False,6,lighting,0.08975
02_synth_material_count_same_class_dense,69,VisBuf,Synthetic,False,7,tonemap,0.02987
02_synth_material_count_same_class_dense,70,DeferredPrepass,Synthetic,False,0,total,0.2508
02_synth_material_count_same_class_dense,70,DeferredPrepass,Synthetic,False,1,depth_prepass,0.02541
02_synth_material_count_same_class_dense,70,DeferredPrepass,Synthetic,False,2,geometry,0.09867
02_synth_material_count_same_class_dense,70,DeferredPrepass,Synthetic,False,3,lighting,0.08532
02_synth_material_count_same_class_dense,70,DeferredPrepass,Synthetic,False,4,tonemap,0.02846
02_synth_material_count_same_class_dense,71,VisBuf,Synthetic,False,0,total,0.32836
02_synth_material_count_same_class_dense,71,VisBuf,Synthetic,False,1,visibility,0.0335
02_synth_material_count_same_class_dense,71,VisBuf,Synthetic,False,2,visutil_histogram,0.02586
02_synth_material_count_same_class_dense,71,VisBuf,Synthetic,False,3,visutil_prefix,0.00216
02_synth_material_count_same_class_dense,71,VisBuf,Synthetic,False,4,visutil_flatten,0.03324
02_synth_material_count_same_class_dense,71,VisBuf,Synthetic,False,5,gbuffer,0.08107
02_synth_material_count_same_class_dense,71,VisBuf,Synthetic,False,6,lighting,0.0902
02_synth_material_count_same_class_dense,71,VisBuf,Synthetic,False,7,tonemap,0.03003
02_synth_material_count_same_class_dense,72,DeferredPrepass,Synthetic,False,0,total,0.25183
02_synth_material_count_same_class_dense,72,DeferredPrepass,Synthetic,False,1,depth_prepass,0.02511
02_synth_material_count_same_class_dense,72,DeferredPrepass,Synthetic,False,2,geometry,0.09961
02_synth_material_count_same_class_dense,72,DeferredPrepass,Synthetic,False,3,lighting,0.08542
02_synth_material_count_same_class_dense,72,DeferredPrepass,Synthetic,False,4,tonemap,0.02857
02_synth_material_count_same_class_dense,73,VisBuf,Synthetic,False,0,total,0.32856
02_synth_material_count_same_class_dense,73,VisBuf,Synthetic,False,1,visibility,0.03383
02_synth_material_count_same_class_dense,73,VisBuf,Synthetic,False,2,visutil_histogram,0.02618
02_synth_material_count_same_class_dense,73,VisBuf,Synthetic,False,3,visutil_prefix,0.00216
02_synth_material_count_same_class_dense,73,VisBuf,Synthetic,False,4,visutil_flatten,0.03323
02_synth_material_count_same_class_dense,73,VisBuf,Synthetic,False,5,gbuffer,0.0812
02_synth_material_count_same_class_dense,73,VisBuf,Synthetic,False,6,lighting,0.08965
02_synth_material_count_same_class_dense,73,VisBuf,Synthetic,False,7,tonemap,0.02987
02_synth_material_count_same_class_dense,74,DeferredPrepass,Synthetic,False,0,total,0.25309
02_synth_material_count_same_class_dense,74,DeferredPrepass,Synthetic,False,1,depth_prepass,0.02563
02_synth_material_count_same_class_dense,74,DeferredPrepass,Synthetic,False,2,geometry,0.09961
02_synth_material_count_same_class_dense,74,DeferredPrepass,Synthetic,False,3,lighting,0.08542
02_synth_material_count_same_class_dense,74,DeferredPrepass,Synthetic,False,4,tonemap,0.02911
02_synth_material_count_same_class_dense,75,VisBuf,Synthetic,False,0,total,0.32896
02_synth_material_count_same_class_dense,75,VisBuf,Synthetic,False,1,visibility,0.03377
02_synth_material_count_same_class_dense,75,VisBuf,Synthetic,False,2,visutil_histogram,0.02643
02_synth_material_count_same_class_dense,75,VisBuf,Synthetic,False,3,visutil_prefix,0.00217
02_synth_material_count_same_class_dense,75,VisBuf,Synthetic,False,4,visutil_flatten,0.03324
02_synth_material_count_same_class_dense,75,VisBuf,Synthetic,False,5,gbuffer,0.08132
02_synth_material_count_same_class_dense,75,VisBuf,Synthetic,False,6,lighting,0.08972
02_synth_material_count_same_class_dense,75,VisBuf,Synthetic,False,7,tonemap,0.0299
02_synth_material_count_same_class_dense,76,DeferredPrepass,Synthetic,False,0,total,0.25228
02_synth_material_count_same_class_dense,76,DeferredPrepass,Synthetic,False,1,depth_prepass,0.02577
02_synth_material_count_same_class_dense,76,DeferredPrepass,Synthetic,False,2,geometry,0.09958
02_synth_material_count_same_class_dense,76,DeferredPrepass,Synthetic,False,3,lighting,0.08527
02_synth_material_count_same_class_dense,76,DeferredPrepass,Synthetic,False,4,tonemap,0.02858
02_synth_material_count_same_class_dense,77,VisBuf,Synthetic,False,0,total,0.32852
02_synth_material_count_same_class_dense,77,VisBuf,Synthetic,False,1,visibility,0.03376
02_synth_material_count_same_class_dense,77,VisBuf,Synthetic,False,2,visutil_histogram,0.02623
02_synth_material_count_same_class_dense,77,VisBuf,Synthetic,False,3,visutil_prefix,0.00216
02_synth_material_count_same_class_dense,77,VisBuf,Synthetic,False,4,visutil_flatten,0.03324
02_synth_material_count_same_class_dense,77,VisBuf,Synthetic,False,5,gbuffer,0.08121
02_synth_material_count_same_class_dense,77,VisBuf,Synthetic,False,6,lighting,0.08972
02_synth_material_count_same_class_dense,77,VisBuf,Synthetic,False,7,tonemap,0.0299
03_synth_class_count_fixed_materials_dense,0,DeferredPrepass,Synthetic,False,0,total,0.2802
03_synth_class_count_fixed_materials_dense,0,DeferredPrepass,Synthetic,False,1,depth_prepass,0.02107
03_synth_class_count_fixed_materials_dense,0,DeferredPrepass,Synthetic,False,2,geometry,0.12998
03_synth_class_count_fixed_materials_dense,0,DeferredPrepass,Synthetic,False,3,lighting,0.08594
03_synth_class_count_fixed_materials_dense,0,DeferredPrepass,Synthetic,False,4,tonemap,0.02961
03_synth_class_count_fixed_materials_dense,1,VisBuf,Synthetic,False,0,total,0.3434
03_synth_class_count_fixed_materials_dense,1,VisBuf,Synthetic,False,1,visibility,0.04167
03_synth_class_count_fixed_materials_dense,1,VisBuf,Synthetic,False,2,visutil_histogram,0.02539
03_synth_class_count_fixed_materials_dense,1,VisBuf,Synthetic,False,3,visutil_prefix,0.00215
03_synth_class_count_fixed_materials_dense,1,VisBuf,Synthetic,False,4,visutil_flatten,0.03364
03_synth_class_count_fixed_materials_dense,1,VisBuf,Synthetic,False,5,gbuffer,0.08721
03_synth_class_count_fixed_materials_dense,1,VisBuf,Synthetic,False,6,lighting,0.09115
03_synth_class_count_fixed_materials_dense,1,VisBuf,Synthetic,False,7,tonemap,0.02944
03_synth_class_count_fixed_materials_dense,2,DeferredPrepass,Synthetic,False,0,total,0.28129
03_synth_class_count_fixed_materials_dense,2,DeferredPrepass,Synthetic,False,1,depth_prepass,0.02151
03_synth_class_count_fixed_materials_dense,2,DeferredPrepass,Synthetic,False,2,geometry,0.13075
03_synth_class_count_fixed_materials_dense,2,DeferredPrepass,Synthetic,False,3,lighting,0.08581
03_synth_class_count_fixed_materials_dense,2,DeferredPrepass,Synthetic,False,4,tonemap,0.02963
03_synth_class_count_fixed_materials_dense,3,VisBuf,Synthetic,False,0,total,0.34556
03_synth_class_count_fixed_materials_dense,3,VisBuf,Synthetic,False,1,visibility,0.04187
03_synth_class_count_fixed_materials_dense,3,VisBuf,Synthetic,False,2,visutil_histogram,0.02536
03_synth_class_count_fixed_materials_dense,3,VisBuf,Synthetic,False,3,visutil_prefix,0.00215
03_synth_class_count_fixed_materials_dense,3,VisBuf,Synthetic,False,4,visutil_flatten,0.03338
03_synth_class_count_fixed_materials_dense,3,VisBuf,Synthetic,False,5,gbuffer,0.08726
03_synth_class_count_fixed_materials_dense,3,VisBuf,Synthetic,False,6,lighting,0.09275
03_synth_class_count_fixed_materials_dense,3,VisBuf,Synthetic,False,7,tonemap,0.02939
03_synth_class_count_fixed_materials_dense,4,DeferredPrepass,Synthetic,False,0,total,0.28179
03_synth_class_count_fixed_materials_dense,4,DeferredPrepass,Synthetic,False,1,depth_prepass,0.02145
03_synth_class_count_fixed_materials_dense,4,DeferredPrepass,Synthetic,False,2,geometry,0.13018
03_synth_class_count_fixed_materials_dense,4,DeferredPrepass,Synthetic,False,3,lighting,0.08592
03_synth_class_count_fixed_materials_dense,4,DeferredPrepass,Synthetic,False,4,tonemap,0.02974
03_synth_class_count_fixed_materials_dense,5,VisBuf,Synthetic,False,0,total,0.34406
03_synth_class_count_fixed_materials_dense,5,VisBuf,Synthetic,False,1,visibility,0.0418
03_synth_class_count_fixed_materials_dense,5,VisBuf,Synthetic,False,2,visutil_histogram,0.02534
03_synth_class_count_fixed_materials_dense,5,VisBuf,Synthetic,False,3,visutil_prefix,0.00216
03_synth_class_count_fixed_materials_dense,5,VisBuf,Synthetic,False,4,visutil_flatten,0.03337
03_synth_class_count_fixed_materials_dense,5,VisBuf,Synthetic,False,5,gbuffer,0.08721
03_synth_class_count_fixed_materials_dense,5,VisBuf,Synthetic,False,6,lighting,0.09141
03_synth_class_count_fixed_materials_dense,5,VisBuf,Synthetic,False,7,tonemap,0.0294
03_synth_class_count_fixed_materials_dense,6,DeferredPrepass,Synthetic,False,0,total,0.28404
03_synth_class_count_fixed_materials_dense,6,DeferredPrepass,Synthetic,False,1,depth_prepass,0.02231
03_synth_class_count_fixed_materials_dense,6,DeferredPrepass,Synthetic,False,2,geometry,0.12988
03_synth_class_count_fixed_materials_dense,6,DeferredPrepass,Synthetic,False,3,lighting,0.08572
03_synth_class_count_fixed_materials_dense,6,DeferredPrepass,Synthetic,False,4,tonemap,0.02969
03_synth_class_count_fixed_materials_dense,7,VisBuf,Synthetic,False,0,total,0.35619
03_synth_class_count_fixed_materials_dense,7,VisBuf,Synthetic,False,1,visibility,0.04173
03_synth_class_count_fixed_materials_dense,7,VisBuf,Synthetic,False,2,visutil_histogram,0.0265
03_synth_class_count_fixed_materials_dense,7,VisBuf,Synthetic,False,3,visutil_prefix,0.00216
03_synth_class_count_fixed_materials_dense,7,VisBuf,Synthetic,False,4,visutil_flatten,0.03532
03_synth_class_count_fixed_materials_dense,7,VisBuf,Synthetic,False,5,gbuffer,0.09622
03_synth_class_count_fixed_materials_dense,7,VisBuf,Synthetic,False,6,lighting,0.0921
03_synth_class_count_fixed_materials_dense,7,VisBuf,Synthetic,False,7,tonemap,0.02921
03_synth_class_count_fixed_materials_dense,8,DeferredPrepass,Synthetic,False,0,total,0.28455
03_synth_class_count_fixed_materials_dense,8,DeferredPrepass,Synthetic,False,1,depth_prepass,0.02241
03_synth_class_count_fixed_materials_dense,8,DeferredPrepass,Synthetic,False,2,geometry,0.13033
03_synth_class_count_fixed_materials_dense,8,DeferredPrepass,Synthetic,False,3,lighting,0.08686
03_synth_class_count_fixed_materials_dense,8,DeferredPrepass,Synthetic,False,4,tonemap,0.0296
03_synth_class_count_fixed_materials_dense,9,VisBuf,Synthetic,False,0,total,0.35891
03_synth_class_count_fixed_materials_dense,9,VisBuf,Synthetic,False,1,visibility,0.04192
03_synth_class_count_fixed_materials_dense,9,VisBuf,Synthetic,False,2,visutil_histogram,0.02679
03_synth_class_count_fixed_materials_dense,9,VisBuf,Synthetic,False,3,visutil_prefix,0.00216
03_synth_class_count_fixed_materials_dense,9,VisBuf,Synthetic,False,4,visutil_flatten,0.03539
03_synth_class_count_fixed_materials_dense,9,VisBuf,Synthetic,False,5,gbuffer,0.09623
03_synth_class_count_fixed_materials_dense,9,VisBuf,Synthetic,False,6,lighting,0.0913
03_synth_class_count_fixed_materials_dense,9,VisBuf,Synthetic,False,7,tonemap,0.02965
03_synth_class_count_fixed_materials_dense,10,DeferredPrepass,Synthetic,False,0,total,0.28254
03_synth_class_count_fixed_materials_dense,10,DeferredPrepass,Synthetic,False,1,depth_prepass,0.02255
03_synth_class_count_fixed_materials_dense,10,DeferredPrepass,Synthetic,False,2,geometry,0.12977
03_synth_class_count_fixed_materials_dense,10,DeferredPrepass,Synthetic,False,3,lighting,0.08615
03_synth_class_count_fixed_materials_dense,10,DeferredPrepass,Synthetic,False,4,tonemap,0.0295
03_synth_class_count_fixed_materials_dense,11,VisBuf,Synthetic,False,0,total,0.35496
03_synth_class_count_fixed_materials_dense,11,VisBuf,Synthetic,False,1,visibility,0.04188
03_synth_class_count_fixed_materials_dense,11,VisBuf,Synthetic,False,2,visutil_histogram,0.02648
03_synth_class_count_fixed_materials_dense,11,VisBuf,Synthetic,False,3,visutil_prefix,0.00216
03_synth_class_count_fixed_materials_dense,11,VisBuf,Synthetic,False,4,visutil_flatten,0.03534
03_synth_class_count_fixed_materials_dense,11,VisBuf,Synthetic,False,5,gbuffer,0.09549
03_synth_class_count_fixed_materials_dense,11,VisBuf,Synthetic,False,6,lighting,0.0908
03_synth_class_count_fixed_materials_dense,11,VisBuf,Synthetic,False,7,tonemap,0.02944
03_synth_class_count_fixed_materials_dense,12,DeferredPrepass,Synthetic,False,0,total,0.28106
03_synth_class_count_fixed_materials_dense,12,DeferredPrepass,Synthetic,False,1,depth_prepass,0.02094
03_synth_class_count_fixed_materials_dense,12,DeferredPrepass,Synthetic,False,2,geometry,0.12907
03_synth_class_count_fixed_materials_dense,12,DeferredPrepass,Synthetic,False,3,lighting,0.08646
03_synth_class_count_fixed_materials_dense,12,DeferredPrepass,Synthetic,False,4,tonemap,0.02953
03_synth_class_count_fixed_materials_dense,13,VisBuf,Synthetic,False,0,total,0.35903
03_synth_class_count_fixed_materials_dense,13,VisBuf,Synthetic,False,1,visibility,0.04161
03_synth_class_count_fixed_materials_dense,13,VisBuf,Synthetic,False,2,visutil_histogram,0.02684
03_synth_class_count_fixed_materials_dense,13,VisBuf,Synthetic,False,3,visutil_prefix,0.00215
03_synth_class_count_fixed_materials_dense,13,VisBuf,Synthetic,False,4,visutil_flatten,0.03594
03_synth_class_count_fixed_materials_dense,13,VisBuf,Synthetic,False,5,gbuffer,0.09917
03_synth_class_count_fixed_materials_dense,13,VisBuf,Synthetic,False,6,lighting,0.09113
03_synth_class_count_fixed_materials_dense,13,VisBuf,Synthetic,False,7,tonemap,0.02917
03_synth_class_count_fixed_materials_dense,14,DeferredPrepass,Synthetic,False,0,total,0.27878
03_synth_class_count_fixed_materials_dense,14,DeferredPrepass,Synthetic,False,1,depth_prepass,0.02129
03_synth_class_count_fixed_materials_dense,14,DeferredPrepass,Synthetic,False,2,geometry,0.12918
03_synth_class_count_fixed_materials_dense,14,DeferredPrepass,Synthetic,False,3,lighting,0.08543
03_synth_class_count_fixed_materials_dense,14,DeferredPrepass,Synthetic,False,4,tonemap,0.02958
03_synth_class_count_fixed_materials_dense,15,VisBuf,Synthetic,False,0,total,0.36002
03_synth_class_count_fixed_materials_dense,15,VisBuf,Synthetic,False,1,visibility,0.04183
03_synth_class_count_fixed_materials_dense,15,VisBuf,Synthetic,False,2,visutil_histogram,0.02706
03_synth_class_count_fixed_materials_dense,15,VisBuf,Synthetic,False,3,visutil_prefix,0.00215
03_synth_class_count_fixed_materials_dense,15,VisBuf,Synthetic,False,4,visutil_flatten,0.03622
03_synth_class_count_fixed_materials_dense,15,VisBuf,Synthetic,False,5,gbuffer,0.09996
03_synth_class_count_fixed_materials_dense,15,VisBuf,Synthetic,False,6,lighting,0.08977
03_synth_class_count_fixed_materials_dense,15,VisBuf,Synthetic,False,7,tonemap,0.02918
03_synth_class_count_fixed_materials_dense,16,DeferredPrepass,Synthetic,False,0,total,0.28114
03_synth_class_count_fixed_materials_dense,16,DeferredPrepass,Synthetic,False,1,depth_prepass,0.0213
03_synth_class_count_fixed_materials_dense,16,DeferredPrepass,Synthetic,False,2,geometry,0.12889
03_synth_class_count_fixed_materials_dense,16,DeferredPrepass,Synthetic,False,3,lighting,0.08646
03_synth_class_count_fixed_materials_dense,16,DeferredPrepass,Synthetic,False,4,tonemap,0.0296
03_synth_class_count_fixed_materials_dense,17,VisBuf,Synthetic,False,0,total,0.36006
03_synth_class_count_fixed_materials_dense,17,VisBuf,Synthetic,False,1,visibility,0.04182
03_synth_class_count_fixed_materials_dense,17,VisBuf,Synthetic,False,2,visutil_histogram,0.02659
03_synth_class_count_fixed_materials_dense,17,VisBuf,Synthetic,False,3,visutil_prefix,0.00215
03_synth_class_count_fixed_materials_dense,17,VisBuf,Synthetic,False,4,visutil_flatten,0.03623
03_synth_class_count_fixed_materials_dense,17,VisBuf,Synthetic,False,5,gbuffer,0.09889
03_synth_class_count_fixed_materials_dense,17,VisBuf,Synthetic,False,6,lighting,0.09058
03_synth_class_count_fixed_materials_dense,17,VisBuf,Synthetic,False,7,tonemap,0.02914
03_synth_class_count_fixed_materials_dense,18,DeferredPrepass,Synthetic,False,0,total,0.28045
03_synth_class_count_fixed_materials_dense,18,DeferredPrepass,Synthetic,False,1,depth_prepass,0.02113
03_synth_class_count_fixed_materials_dense,18,DeferredPrepass,Synthetic,False,2,geometry,0.12884
03_synth_class_count_fixed_materials_dense,18,DeferredPrepass,Synthetic,False,3,lighting,0.0866
03_synth_class_count_fixed_materials_dense,18,DeferredPrepass,Synthetic,False,4,tonemap,0.02944
03_synth_class_count_fixed_materials_dense,19,VisBuf,Synthetic,False,0,total,0.36089
03_synth_class_count_fixed_materials_dense,19,VisBuf,Synthetic,False,1,visibility,0.0417
03_synth_class_count_fixed_materials_dense,19,VisBuf,Synthetic,False,2,visutil_histogram,0.02718
03_synth_class_count_fixed_materials_dense,19,VisBuf,Synthetic,False,3,visutil_prefix,0.00216
03_synth_class_count_fixed_materials_dense,19,VisBuf,Synthetic,False,4,visutil_flatten,0.0358
03_synth_class_count_fixed_materials_dense,19,VisBuf,Synthetic,False,5,gbuffer,0.10027
03_synth_class_count_fixed_materials_dense,19,VisBuf,Synthetic,False,6,lighting,0.09135
03_synth_class_count_fixed_materials_dense,19,VisBuf,Synthetic,False,7,tonemap,0.02919
03_synth_class_count_fixed_materials_dense,20,DeferredPrepass,Synthetic,False,0,total,0.28365
03_synth_class_count_fixed_materials_dense,20,DeferredPrepass,Synthetic,False,1,depth_prepass,0.02156
03_synth_class_count_fixed_materials_dense,20,DeferredPrepass,Synthetic,False,2,geometry,0.12921
03_synth_class_count_fixed_materials_dense,20,DeferredPrepass,Synthetic,False,3,lighting,0.08617
03_synth_class_count_fixed_materials_dense,20,DeferredPrepass,Synthetic,False,4,tonemap,0.02946
03_synth_class_count_fixed_materials_dense,21,VisBuf,Synthetic,False,0,total,0.36159
03_synth_class_count_fixed_materials_dense,21,VisBuf,Synthetic,False,1,visibility,0.0419
03_synth_class_count_fixed_materials_dense,21,VisBuf,Synthetic,False,2,visutil_histogram,0.02703
03_synth_class_count_fixed_materials_dense,21,VisBuf,Synthetic,False,3,visutil_prefix,0.00215
03_synth_class_count_fixed_materials_dense,21,VisBuf,Synthetic,False,4,visutil_flatten,0.03631
03_synth_class_count_fixed_materials_dense,21,VisBuf,Synthetic,False,5,gbuffer,0.10126
03_synth_class_count_fixed_materials_dense,21,VisBuf,Synthetic,False,6,lighting,0.09056
03_synth_class_count_fixed_materials_dense,21,VisBuf,Synthetic,False,7,tonemap,0.02916
03_synth_class_count_fixed_materials_dense,22,DeferredPrepass,Synthetic,False,0,total,0.28168
03_synth_class_count_fixed_materials_dense,22,DeferredPrepass,Synthetic,False,1,depth_prepass,0.02137
03_synth_class_count_fixed_materials_dense,22,DeferredPrepass,Synthetic,False,2,geometry,0.12886
03_synth_class_count_fixed_materials_dense,22,DeferredPrepass,Synthetic,False,3,lighting,0.08687
03_synth_class_count_fixed_materials_dense,22,DeferredPrepass,Synthetic,False,4,tonemap,0.02955
03_synth_class_count_fixed_materials_dense,23,VisBuf,Synthetic,False,0,total,0.36414
03_synth_class_count_fixed_materials_dense,23,VisBuf,Synthetic,False,1,visibility,0.04204
03_synth_class_count_fixed_materials_dense,23,VisBuf,Synthetic,False,2,visutil_histogram,0.02707
03_synth_class_count_fixed_materials_dense,23,VisBuf,Synthetic,False,3,visutil_prefix,0.00216
03_synth_class_count_fixed_materials_dense,23,VisBuf,Synthetic,False,4,visutil_flatten,0.03636
03_synth_class_count_fixed_materials_dense,23,VisBuf,Synthetic,False,5,gbuffer,0.1019
03_synth_class_count_fixed_materials_dense,23,VisBuf,Synthetic,False,6,lighting,0.09138
03_synth_class_count_fixed_materials_dense,23,VisBuf,Synthetic,False,7,tonemap,0.02939
03_synth_class_count_fixed_materials_dense,24,DeferredPrepass,Synthetic,False,0,total,0.28046
03_synth_class_count_fixed_materials_dense,24,DeferredPrepass,Synthetic,False,1,depth_prepass,0.0216
03_synth_class_count_fixed_materials_dense,24,DeferredPrepass,Synthetic,False,2,geometry,0.12863
03_synth_class_count_fixed_materials_dense,24,DeferredPrepass,Synthetic,False,3,lighting,0.08593
03_synth_class_count_fixed_materials_dense,24,DeferredPrepass,Synthetic,False,4,tonemap,0.02961
03_synth_class_count_fixed_materials_dense,25,VisBuf,Synthetic,False,0,total,0.36379
03_synth_class_count_fixed_materials_dense,25,VisBuf,Synthetic,False,1,visibility,0.0418
03_synth_class_count_fixed_materials_dense,25,VisBuf,Synthetic,False,2,visutil_histogram,0.02646
03_synth_class_count_fixed_materials_dense,25,VisBuf,Synthetic,False,3,visutil_prefix,0.00216
03_synth_class_count_fixed_materials_dense,25,VisBuf,Synthetic,False,4,visutil_flatten,0.03591
03_synth_class_count_fixed_materials_dense,25,VisBuf,Synthetic,False,5,gbuffer,0.10408
03_synth_class_count_fixed_materials_dense,25,VisBuf,Synthetic,False,6,lighting,0.09102
03_synth_class_count_fixed_materials_dense,25,VisBuf,Synthetic,False,7,tonemap,0.02904
03_synth_class_count_fixed_materials_dense,26,DeferredPrepass,Synthetic,False,0,total,0.28199
03_synth_class_count_fixed_materials_dense,26,DeferredPrepass,Synthetic,False,1,depth_prepass,0.0215
03_synth_class_count_fixed_materials_dense,26,DeferredPrepass,Synthetic,False,2,geometry,0.12922
03_synth_class_count_fixed_materials_dense,26,DeferredPrepass,Synthetic,False,3,lighting,0.0857
03_synth_class_count_fixed_materials_dense,26,DeferredPrepass,Synthetic,False,4,tonemap,0.02992
03_synth_class_count_fixed_materials_dense,27,VisBuf,Synthetic,False,0,total,0.36459
03_synth_class_count_fixed_materials_dense,27,VisBuf,Synthetic,False,1,visibility,0.04193
03_synth_class_count_fixed_materials_dense,27,VisBuf,Synthetic,False,2,visutil_histogram,0.02645
03_synth_class_count_fixed_materials_dense,27,VisBuf,Synthetic,False,3,visutil_prefix,0.00215
03_synth_class_count_fixed_materials_dense,27,VisBuf,Synthetic,False,4,visutil_flatten,0.03592
03_synth_class_count_fixed_materials_dense,27,VisBuf,Synthetic,False,5,gbuffer,0.10421
03_synth_class_count_fixed_materials_dense,27,VisBuf,Synthetic,False,6,lighting,0.09122
03_synth_class_count_fixed_materials_dense,27,VisBuf,Synthetic,False,7,tonemap,0.02917
03_synth_class_count_fixed_materials_dense,28,DeferredPrepass,Synthetic,False,0,total,0.2808
03_synth_class_count_fixed_materials_dense,28,DeferredPrepass,Synthetic,False,1,depth_prepass,0.02148
03_synth_class_count_fixed_materials_dense,28,DeferredPrepass,Synthetic,False,2,geometry,0.12912
03_synth_class_count_fixed_materials_dense,28,DeferredPrepass,Synthetic,False,3,lighting,0.08619
03_synth_class_count_fixed_materials_dense,28,DeferredPrepass,Synthetic,False,4,tonemap,0.02951
03_synth_class_count_fixed_materials_dense,29,VisBuf,Synthetic,False,0,total,0.36279
03_synth_class_count_fixed_materials_dense,29,VisBuf,Synthetic,False,1,visibility,0.04184
03_synth_class_count_fixed_materials_dense,29,VisBuf,Synthetic,False,2,visutil_histogram,0.02645
03_synth_class_count_fixed_materials_dense,29,VisBuf,Synthetic,False,3,visutil_prefix,0.00215
03_synth_class_count_fixed_materials_dense,29,VisBuf,Synthetic,False,4,visutil_flatten,0.0364
03_synth_class_count_fixed_materials_dense,29,VisBuf,Synthetic,False,5,gbuffer,0.10318
03_synth_class_count_fixed_materials_dense,29,VisBuf,Synthetic,False,6,lighting,0.09093
03_synth_class_count_fixed_materials_dense,29,VisBuf,Synthetic,False,7,tonemap,0.02909
03_synth_class_count_fixed_materials_dense,30,DeferredPrepass,Synthetic,False,0,total,0.28096
03_synth_class_count_fixed_materials_dense,30,DeferredPrepass,Synthetic,False,1,depth_prepass,0.02155
03_synth_class_count_fixed_materials_dense,30,DeferredPrepass,Synthetic,False,2,geometry,0.12858
03_synth_class_count_fixed_materials_dense,30,DeferredPrepass,Synthetic,False,3,lighting,0.087
03_synth_class_count_fixed_materials_dense,30,DeferredPrepass,Synthetic,False,4,tonemap,0.02949
03_synth_class_count_fixed_materials_dense,31,VisBuf,Synthetic,False,0,total,0.36764
03_synth_class_count_fixed_materials_dense,31,VisBuf,Synthetic,False,1,visibility,0.04176
03_synth_class_count_fixed_materials_dense,31,VisBuf,Synthetic,False,2,visutil_histogram,0.02651
03_synth_class_count_fixed_materials_dense,31,VisBuf,Synthetic,False,3,visutil_prefix,0.00215
03_synth_class_count_fixed_materials_dense,31,VisBuf,Synthetic,False,4,visutil_flatten,0.03624
03_synth_class_count_fixed_materials_dense,31,VisBuf,Synthetic,False,5,gbuffer,0.10845
03_synth_class_count_fixed_materials_dense,31,VisBuf,Synthetic,False,6,lighting,0.09041
03_synth_class_count_fixed_materials_dense,31,VisBuf,Synthetic,False,7,tonemap,0.02909
03_synth_class_count_fixed_materials_dense,32,DeferredPrepass,Synthetic,False,0,total,0.28264
03_synth_class_count_fixed_materials_dense,32,DeferredPrepass,Synthetic,False,1,depth_prepass,0.0219
03_synth_class_count_fixed_materials_dense,32,DeferredPrepass,Synthetic,False,2,geometry,0.12921
03_synth_class_count_fixed_materials_dense,32,DeferredPrepass,Synthetic,False,3,lighting,0.087
03_synth_class_count_fixed_materials_dense,32,DeferredPrepass,Synthetic,False,4,tonemap,0.0295
03_synth_class_count_fixed_materials_dense,33,VisBuf,Synthetic,False,0,total,0.3678
03_synth_class_count_fixed_materials_dense,33,VisBuf,Synthetic,False,1,visibility,0.04186
03_synth_class_count_fixed_materials_dense,33,VisBuf,Synthetic,False,2,visutil_histogram,0.02722
03_synth_class_count_fixed_materials_dense,33,VisBuf,Synthetic,False,3,visutil_prefix,0.00215
03_synth_class_count_fixed_materials_dense,33,VisBuf,Synthetic,False,4,visutil_flatten,0.03596
03_synth_class_count_fixed_materials_dense,33,VisBuf,Synthetic,False,5,gbuffer,0.10853
03_synth_class_count_fixed_materials_dense,33,VisBuf,Synthetic,False,6,lighting,0.09026
03_synth_class_count_fixed_materials_dense,33,VisBuf,Synthetic,False,7,tonemap,0.02906
03_synth_class_count_fixed_materials_dense,34,DeferredPrepass,Synthetic,False,0,total,0.28231
03_synth_class_count_fixed_materials_dense,34,DeferredPrepass,Synthetic,False,1,depth_prepass,0.02177
03_synth_class_count_fixed_materials_dense,34,DeferredPrepass,Synthetic,False,2,geometry,0.1294
03_synth_class_count_fixed_materials_dense,34,DeferredPrepass,Synthetic,False,3,lighting,0.08572
03_synth_class_count_fixed_materials_dense,34,DeferredPrepass,Synthetic,False,4,tonemap,0.02953
03_synth_class_count_fixed_materials_dense,35,VisBuf,Synthetic,False,0,total,0.36735
03_synth_class_count_fixed_materials_dense,35,VisBuf,Synthetic,False,1,visibility,0.04197
03_synth_class_count_fixed_materials_dense,35,VisBuf,Synthetic,False,2,visutil_histogram,0.02675
03_synth_class_count_fixed_materials_dense,35,VisBuf,Synthetic,False,3,visutil_prefix,0.00215
03_synth_class_count_fixed_materials_dense,35,VisBuf,Synthetic,False,4,visutil_flatten,0.03587
03_synth_class_count_fixed_materials_dense,35,VisBuf,Synthetic,False,5,gbuffer,0.1075
03_synth_class_count_fixed_materials_dense,35,VisBuf,Synthetic,False,6,lighting,0.09058
03_synth_class_count_fixed_materials_dense,35,VisBuf,Synthetic,False,7,tonemap,0.02908
03_synth_class_count_fixed_materials_dense,36,DeferredPrepass,Synthetic,False,0,total,0.28117
03_synth_class_count_fixed_materials_dense,36,DeferredPrepass,Synthetic,False,1,depth_prepass,0.02147
03_synth_class_count_fixed_materials_dense,36,DeferredPrepass,Synthetic,False,2,geometry,0.12856
03_synth_class_count_fixed_materials_dense,36,DeferredPrepass,Synthetic,False,3,lighting,0.08568
03_synth_class_count_fixed_materials_dense,36,DeferredPrepass,Synthetic,False,4,tonemap,0.02956
03_synth_class_count_fixed_materials_dense,37,VisBuf,Synthetic,False,0,total,0.37364
03_synth_class_count_fixed_materials_dense,37,VisBuf,Synthetic,False,1,visibility,0.04209
03_synth_class_count_fixed_materials_dense,37,VisBuf,Synthetic,False,2,visutil_histogram,0.02703
03_synth_class_count_fixed_materials_dense,37,VisBuf,Synthetic,False,3,visutil_prefix,0.00209
03_synth_class_count_fixed_materials_dense,37,VisBuf,Synthetic,False,4,visutil_flatten,0.03649
03_synth_class_count_fixed_materials_dense,37,VisBuf,Synthetic,False,5,gbuffer,0.11372
03_synth_class_count_fixed_materials_dense,37,VisBuf,Synthetic,False,6,lighting,0.08974
03_synth_class_count_fixed_materials_dense,37,VisBuf,Synthetic,False,7,tonemap,0.029
03_synth_class_count_fixed_materials_dense,38,DeferredPrepass,Synthetic,False,0,total,0.28272
03_synth_class_count_fixed_materials_dense,38,DeferredPrepass,Synthetic,False,1,depth_prepass,0.02173
03_synth_class_count_fixed_materials_dense,38,DeferredPrepass,Synthetic,False,2,geometry,0.12918
03_synth_class_count_fixed_materials_dense,38,DeferredPrepass,Synthetic,False,3,lighting,0.08768
03_synth_class_count_fixed_materials_dense,38,DeferredPrepass,Synthetic,False,4,tonemap,0.02945
03_synth_class_count_fixed_materials_dense,39,VisBuf,Synthetic,False,0,total,0.3727
03_synth_class_count_fixed_materials_dense,39,VisBuf,Synthetic,False,1,visibility,0.04201
03_synth_class_count_fixed_materials_dense,39,VisBuf,Synthetic,False,2,visutil_histogram,0.02646
03_synth_class_count_fixed_materials_dense,39,VisBuf,Synthetic,False,3,visutil_prefix,0.00209
03_synth_class_count_fixed_materials_dense,39,VisBuf,Synthetic,False,4,visutil_flatten,0.036
03_synth_class_count_fixed_materials_dense,39,VisBuf,Synthetic,False,5,gbuffer,0.11425
03_synth_class_count_fixed_materials_dense,39,VisBuf,Synthetic,False,6,lighting,0.08963
03_synth_class_count_fixed_materials_dense,39,VisBuf,Synthetic,False,7,tonemap,0.02902
03_synth_class_count_fixed_materials_dense,40,DeferredPrepass,Synthetic,False,0,total,0.28216
03_synth_class_count_fixed_materials_dense,40,DeferredPrepass,Synthetic,False,1,depth_prepass,0.02164
03_synth_class_count_fixed_materials_dense,40,DeferredPrepass,Synthetic,False,2,geometry,0.12889
03_synth_class_count_fixed_materials_dense,40,DeferredPrepass,Synthetic,False,3,lighting,0.08676
03_synth_class_count_fixed_materials_dense,40,DeferredPrepass,Synthetic,False,4,tonemap,0.02951
03_synth_class_count_fixed_materials_dense,41,VisBuf,Synthetic,False,0,total,0.37679
03_synth_class_count_fixed_materials_dense,41,VisBuf,Synthetic,False,1,visibility,0.04215
03_synth_class_count_fixed_materials_dense,41,VisBuf,Synthetic,False,2,visutil_histogram,0.02669
03_synth_class_count_fixed_materials_dense,41,VisBuf,Synthetic,False,3,visutil_prefix,0.0021
03_synth_class_count_fixed_materials_dense,41,VisBuf,Synthetic,False,4,visutil_flatten,0.03637
03_synth_class_count_fixed_materials_dense,41,VisBuf,Synthetic,False,5,gbuffer,0.11441
03_synth_class_count_fixed_materials_dense,41,VisBuf,Synthetic,False,6,lighting,0.09245
03_synth_class_count_fixed_materials_dense,41,VisBuf,Synthetic,False,7,tonemap,0.02913
03_synth_class_count_fixed_materials_dense,42,DeferredPrepass,Synthetic,False,0,total,0.28101
03_synth_class_count_fixed_materials_dense,42,DeferredPrepass,Synthetic,False,1,depth_prepass,0.02142
03_synth_class_count_fixed_materials_dense,42,DeferredPrepass,Synthetic,False,2,geometry,0.12882
03_synth_class_count_fixed_materials_dense,42,DeferredPrepass,Synthetic,False,3,lighting,0.08651
03_synth_class_count_fixed_materials_dense,42,DeferredPrepass,Synthetic,False,4,tonemap,0.0294
03_synth_class_count_fixed_materials_dense,43,VisBuf,Synthetic,False,0,total,0.40165
03_synth_class_count_fixed_materials_dense,43,VisBuf,Synthetic,False,1,visibility,0.04235
03_synth_class_count_fixed_materials_dense,43,VisBuf,Synthetic,False,2,visutil_histogram,0.02698
03_synth_class_count_fixed_materials_dense,43,VisBuf,Synthetic,False,3,visutil_prefix,0.00217
03_synth_class_count_fixed_materials_dense,43,VisBuf,Synthetic,False,4,visutil_flatten,0.03616
03_synth_class_count_fixed_materials_dense,43,VisBuf,Synthetic,False,5,gbuffer,0.13517
03_synth_class_count_fixed_materials_dense,43,VisBuf,Synthetic,False,6,lighting,0.0909
03_synth_class_count_fixed_materials_dense,43,VisBuf,Synthetic,False,7,tonemap,0.03482
03_synth_class_count_fixed_materials_dense,44,DeferredPrepass,Synthetic,False,0,total,0.28218
03_synth_class_count_fixed_materials_dense,44,DeferredPrepass,Synthetic,False,1,depth_prepass,0.02182
03_synth_class_count_fixed_materials_dense,44,DeferredPrepass,Synthetic,False,2,geometry,0.1295
03_synth_class_count_fixed_materials_dense,44,DeferredPrepass,Synthetic,False,3,lighting,0.08596
03_synth_class_count_fixed_materials_dense,44,DeferredPrepass,Synthetic,False,4,tonemap,0.0296
03_synth_class_count_fixed_materials_dense,45,VisBuf,Synthetic,False,0,total,0.38837
03_synth_class_count_fixed_materials_dense,45,VisBuf,Synthetic,False,1,visibility,0.04202
03_synth_class_count_fixed_materials_dense,45,VisBuf,Synthetic,False,2,visutil_histogram,0.02661
03_synth_class_count_fixed_materials_dense,45,VisBuf,Synthetic,False,3,visutil_prefix,0.00214
03_synth_class_count_fixed_materials_dense,45,VisBuf,Synthetic,False,4,visutil_flatten,0.03647
03_synth_class_count_fixed_materials_dense,45,VisBuf,Synthetic,False,5,gbuffer,0.12814
03_synth_class_count_fixed_materials_dense,45,VisBuf,Synthetic,False,6,lighting,0.08988
03_synth_class_count_fixed_materials_dense,45,VisBuf,Synthetic,False,7,tonemap,0.03057
03_synth_class_count_fixed_materials_dense,46,DeferredPrepass,Synthetic,False,0,total,0.28043
03_synth_class_count_fixed_materials_dense,46,DeferredPrepass,Synthetic,False,1,depth_prepass,0.0217
03_synth_class_count_fixed_materials_dense,46,DeferredPrepass,Synthetic,False,2,geometry,0.12905
03_synth_class_count_fixed_materials_dense,46,DeferredPrepass,Synthetic,False,3,lighting,0.08581
03_synth_class_count_fixed_materials_dense,46,DeferredPrepass,Synthetic,False,4,tonemap,0.02924
03_synth_class_count_fixed_materials_dense,47,VisBuf,Synthetic,False,0,total,0.39323
03_synth_class_count_fixed_materials_dense,47,VisBuf,Synthetic,False,1,visibility,0.04218
03_synth_class_count_fixed_materials_dense,47,VisBuf,Synthetic,False,2,visutil_histogram,0.02859
03_synth_class_count_fixed_materials_dense,47,VisBuf,Synthetic,False,3,visutil_prefix,0.00214
03_synth_class_count_fixed_materials_dense,47,VisBuf,Synthetic,False,4,visutil_flatten,0.03671
03_synth_class_count_fixed_materials_dense,47,VisBuf,Synthetic,False,5,gbuffer,0.12943
03_synth_class_count_fixed_materials_dense,47,VisBuf,Synthetic,False,6,lighting,0.09046
03_synth_class_count_fixed_materials_dense,47,VisBuf,Synthetic,False,7,tonemap,0.03041
03_synth_class_count_fixed_materials_dense,48,DeferredPrepass,Synthetic,False,0,total,0.2812
03_synth_class_count_fixed_materials_dense,48,DeferredPrepass,Synthetic,False,1,depth_prepass,0.02124
03_synth_class_count_fixed_materials_dense,48,DeferredPrepass,Synthetic,False,2,geometry,0.12888
03_synth_class_count_fixed_materials_dense,48,DeferredPrepass,Synthetic,False,3,lighting,0.08639
03_synth_class_count_fixed_materials_dense,48,DeferredPrepass,Synthetic,False,4,tonemap,0.02942
03_synth_class_count_fixed_materials_dense,49,VisBuf,Synthetic,False,0,total,0.41405
03_synth_class_count_fixed_materials_dense,49,VisBuf,Synthetic,False,1,visibility,0.04248
03_synth_class_count_fixed_materials_dense,49,VisBuf,Synthetic,False,2,visutil_histogram,0.02696
03_synth_class_count_fixed_materials_dense,49,VisBuf,Synthetic,False,3,visutil_prefix,0.00212
03_synth_class_count_fixed_materials_dense,49,VisBuf,Synthetic,False,4,visutil_flatten,0.03617
03_synth_class_count_fixed_materials_dense,49,VisBuf,Synthetic,False,5,gbuffer,0.14728
03_synth_class_count_fixed_materials_dense,49,VisBuf,Synthetic,False,6,lighting,0.09112
03_synth_class_count_fixed_materials_dense,49,VisBuf,Synthetic,False,7,tonemap,0.03456
03_synth_class_count_fixed_materials_dense,50,DeferredPrepass,Synthetic,False,0,total,0.28093
03_synth_class_count_fixed_materials_dense,50,DeferredPrepass,Synthetic,False,1,depth_prepass,0.02184
03_synth_class_count_fixed_materials_dense,50,DeferredPrepass,Synthetic,False,2,geometry,0.12923
03_synth_class_count_fixed_materials_dense,50,DeferredPrepass,Synthetic,False,3,lighting,0.0858
03_synth_class_count_fixed_materials_dense,50,DeferredPrepass,Synthetic,False,4,tonemap,0.02937
03_synth_class_count_fixed_materials_dense,51,VisBuf,Synthetic,False,0,total,0.39866
03_synth_class_count_fixed_materials_dense,51,VisBuf,Synthetic,False,1,visibility,0.04205
03_synth_class_count_fixed_materials_dense,51,VisBuf,Synthetic,False,2,visutil_histogram,0.02656
03_synth_class_count_fixed_materials_dense,51,VisBuf,Synthetic,False,3,visutil_prefix,0.00207
03_synth_class_count_fixed_materials_dense,51,VisBuf,Synthetic,False,4,visutil_flatten,0.03622
03_synth_class_count_fixed_materials_dense,51,VisBuf,Synthetic,False,5,gbuffer,0.14
03_synth_class_count_fixed_materials_dense,51,VisBuf,Synthetic,False,6,lighting,0.08954
03_synth_class_count_fixed_materials_dense,51,VisBuf,Synthetic,False,7,tonemap,0.02884
03_synth_class_count_fixed_materials_dense,52,DeferredPrepass,Synthetic,False,0,total,0.2801
03_synth_class_count_fixed_materials_dense,52,DeferredPrepass,Synthetic,False,1,depth_prepass,0.02159
03_synth_class_count_fixed_materials_dense,52,DeferredPrepass,Synthetic,False,2,geometry,0.12893
03_synth_class_count_fixed_materials_dense,52,DeferredPrepass,Synthetic,False,3,lighting,0.08629
03_synth_class_count_fixed_materials_dense,52,DeferredPrepass,Synthetic,False,4,tonemap,0.02936
03_synth_class_count_fixed_materials_dense,53,VisBuf,Synthetic,False,0,total,0.41453
03_synth_class_count_fixed_materials_dense,53,VisBuf,Synthetic,False,1,visibility,0.04242
03_synth_class_count_fixed_materials_dense,53,VisBuf,Synthetic,False,2,visutil_histogram,0.02715
03_synth_class_count_fixed_materials_dense,53,VisBuf,Synthetic,False,3,visutil_prefix,0.00211
03_synth_class_count_fixed_materials_dense,53,VisBuf,Synthetic,False,4,visutil_flatten,0.0362
03_synth_class_count_fixed_materials_dense,53,VisBuf,Synthetic,False,5,gbuffer,0.1479
03_synth_class_count_fixed_materials_dense,53,VisBuf,Synthetic,False,6,lighting,0.09032
03_synth_class_count_fixed_materials_dense,53,VisBuf,Synthetic,False,7,tonemap,0.03405
03_synth_class_count_fixed_materials_dense,54,DeferredPrepass,Synthetic,False,0,total,0.28064
03_synth_class_count_fixed_materials_dense,54,DeferredPrepass,Synthetic,False,1,depth_prepass,0.0214
03_synth_class_count_fixed_materials_dense,54,DeferredPrepass,Synthetic,False,2,geometry,0.13011
03_synth_class_count_fixed_materials_dense,54,DeferredPrepass,Synthetic,False,3,lighting,0.08548
03_synth_class_count_fixed_materials_dense,54,DeferredPrepass,Synthetic,False,4,tonemap,0.02921
03_synth_class_count_fixed_materials_dense,55,VisBuf,Synthetic,False,0,total,0.41969
03_synth_class_count_fixed_materials_dense,55,VisBuf,Synthetic,False,1,visibility,0.04198
03_synth_class_count_fixed_materials_dense,55,VisBuf,Synthetic,False,2,visutil_histogram,0.02676
03_synth_class_count_fixed_materials_dense,55,VisBuf,Synthetic,False,3,visutil_prefix,0.00203
03_synth_class_count_fixed_materials_dense,55,VisBuf,Synthetic,False,4,visutil_flatten,0.03676
03_synth_class_count_fixed_materials_dense,55,VisBuf,Synthetic,False,5,gbuffer,0.16102
03_synth_class_count_fixed_materials_dense,55,VisBuf,Synthetic,False,6,lighting,0.08829
03_synth_class_count_fixed_materials_dense,55,VisBuf,Synthetic,False,7,tonemap,0.03019
03_synth_class_count_fixed_materials_dense,56,DeferredPrepass,Synthetic,False,0,total,0.28035
03_synth_class_count_fixed_materials_dense,56,DeferredPrepass,Synthetic,False,1,depth_prepass,0.02194
03_synth_class_count_fixed_materials_dense,56,DeferredPrepass,Synthetic,False,2,geometry,0.12961
03_synth_class_count_fixed_materials_dense,56,DeferredPrepass,Synthetic,False,3,lighting,0.08595
03_synth_class_count_fixed_materials_dense,56,DeferredPrepass,Synthetic,False,4,tonemap,0.02907
03_synth_class_count_fixed_materials_dense,57,VisBuf,Synthetic,False,0,total,0.43349
03_synth_class_count_fixed_materials_dense,57,VisBuf,Synthetic,False,1,visibility,0.04249
03_synth_class_count_fixed_materials_dense,57,VisBuf,Synthetic,False,2,visutil_histogram,0.02706
03_synth_class_count_fixed_materials_dense,57,VisBuf,Synthetic,False,3,visutil_prefix,0.00207
03_synth_class_count_fixed_materials_dense,57,VisBuf,Synthetic,False,4,visutil_flatten,0.0361
03_synth_class_count_fixed_materials_dense,57,VisBuf,Synthetic,False,5,gbuffer,0.1685
03_synth_class_count_fixed_materials_dense,57,VisBuf,Synthetic,False,6,lighting,0.08966
03_synth_class_count_fixed_materials_dense,57,VisBuf,Synthetic,False,7,tonemap,0.03512
03_synth_class_count_fixed_materials_dense,58,DeferredPrepass,Synthetic,False,0,total,0.2812
03_synth_class_count_fixed_materials_dense,58,DeferredPrepass,Synthetic,False,1,depth_prepass,0.02184
03_synth_class_count_fixed_materials_dense,58,DeferredPrepass,Synthetic,False,2,geometry,0.12935
03_synth_class_count_fixed_materials_dense,58,DeferredPrepass,Synthetic,False,3,lighting,0.08637
03_synth_class_count_fixed_materials_dense,58,DeferredPrepass,Synthetic,False,4,tonemap,0.02955
03_synth_class_count_fixed_materials_dense,59,VisBuf,Synthetic,False,0,total,0.41906
03_synth_class_count_fixed_materials_dense,59,VisBuf,Synthetic,False,1,visibility,0.04197
03_synth_class_count_fixed_materials_dense,59,VisBuf,Synthetic,False,2,visutil_histogram,0.02668
03_synth_class_count_fixed_materials_dense,59,VisBuf,Synthetic,False,3,visutil_prefix,0.00203
03_synth_class_count_fixed_materials_dense,59,VisBuf,Synthetic,False,4,visutil_flatten,0.03587
03_synth_class_count_fixed_materials_dense,59,VisBuf,Synthetic,False,5,gbuffer,0.16101
03_synth_class_count_fixed_materials_dense,59,VisBuf,Synthetic,False,6,lighting,0.08917
03_synth_class_count_fixed_materials_dense,59,VisBuf,Synthetic,False,7,tonemap,0.02948
03_synth_class_count_fixed_materials_dense,60,DeferredPrepass,Synthetic,False,0,total,0.27837
03_synth_class_count_fixed_materials_dense,60,DeferredPrepass,Synthetic,False,1,depth_prepass,0.02146
03_synth_class_count_fixed_materials_dense,60,DeferredPrepass,Synthetic,False,2,geometry,0.12875
03_synth_class_count_fixed_materials_dense,60,DeferredPrepass,Synthetic,False,3,lighting,0.08564
03_synth_class_count_fixed_materials_dense,60,DeferredPrepass,Synthetic,False,4,tonemap,0.02927
03_synth_class_count_fixed_materials_dense,61,VisBuf,Synthetic,False,0,total,0.43432
03_synth_class_count_fixed_materials_dense,61,VisBuf,Synthetic,False,1,visibility,0.04204
03_synth_class_count_fixed_materials_dense,61,VisBuf,Synthetic,False,2,visutil_histogram,0.02716
03_synth_class_count_fixed_materials_dense,61,VisBuf,Synthetic,False,3,visutil_prefix,0.00208
03_synth_class_count_fixed_materials_dense,61,VisBuf,Synthetic,False,4,visutil_flatten,0.03587
03_synth_class_count_fixed_materials_dense,61,VisBuf,Synthetic,False,5,gbuffer,0.17492
03_synth_class_count_fixed_materials_dense,61,VisBuf,Synthetic,False,6,lighting,0.08802
03_synth_class_count_fixed_materials_dense,61,VisBuf,Synthetic,False,7,tonemap,0.03167
03_synth_class_count_fixed_materials_dense,62,DeferredPrepass,Synthetic,False,0,total,0.27948
03_synth_class_count_fixed_materials_dense,62,DeferredPrepass,Synthetic,False,1,depth_prepass,0.02175
03_synth_class_count_fixed_materials_dense,62,DeferredPrepass,Synthetic,False,2,geometry,0.12934
03_synth_class_count_fixed_materials_dense,62,DeferredPrepass,Synthetic,False,3,lighting,0.08563
03_synth_class_count_fixed_materials_dense,62,DeferredPrepass,Synthetic,False,4,tonemap,0.02937
03_synth_class_count_fixed_materials_dense,63,VisBuf,Synthetic,False,0,total,0.43095
03_synth_class_count_fixed_materials_dense,63,VisBuf,Synthetic,False,1,visibility,0.04204
03_synth_class_count_fixed_materials_dense,63,VisBuf,Synthetic,False,2,visutil_histogram,0.02682
03_synth_class_count_fixed_materials_dense,63,VisBuf,Synthetic,False,3,visutil_prefix,0.00207
03_synth_class_count_fixed_materials_dense,63,VisBuf,Synthetic,False,4,visutil_flatten,0.03607
03_synth_class_count_fixed_materials_dense,63,VisBuf,Synthetic,False,5,gbuffer,0.17251
03_synth_class_count_fixed_materials_dense,63,VisBuf,Synthetic,False,6,lighting,0.08795
03_synth_class_count_fixed_materials_dense,63,VisBuf,Synthetic,False,7,tonemap,0.03081
03_synth_class_count_fixed_materials_dense,64,DeferredPrepass,Synthetic,False,0,total,0.28058
03_synth_class_count_fixed_materials_dense,64,DeferredPrepass,Synthetic,False,1,depth_prepass,0.02166
03_synth_class_count_fixed_materials_dense,64,DeferredPrepass,Synthetic,False,2,geometry,0.12892
03_synth_class_count_fixed_materials_dense,64,DeferredPrepass,Synthetic,False,3,lighting,0.08743
03_synth_class_count_fixed_materials_dense,64,DeferredPrepass,Synthetic,False,4,tonemap,0.02961
03_synth_class_count_fixed_materials_dense,65,VisBuf,Synthetic,False,0,total,0.4302
03_synth_class_count_fixed_materials_dense,65,VisBuf,Synthetic,False,1,visibility,0.04199
03_synth_class_count_fixed_materials_dense,65,VisBuf,Synthetic,False,2,visutil_histogram,0.02679
03_synth_class_count_fixed_materials_dense,65,VisBuf,Synthetic,False,3,visutil_prefix,0.00206
03_synth_class_count_fixed_materials_dense,65,VisBuf,Synthetic,False,4,visutil_flatten,0.03578
03_synth_class_count_fixed_materials_dense,65,VisBuf,Synthetic,False,5,gbuffer,0.17196
03_synth_class_count_fixed_materials_dense,65,VisBuf,Synthetic,False,6,lighting,0.08799
03_synth_class_count_fixed_materials_dense,65,VisBuf,Synthetic,False,7,tonemap,0.03121
03_synth_class_count_fixed_materials_dense,66,DeferredPrepass,Synthetic,False,0,total,0.27895
03_synth_class_count_fixed_materials_dense,66,DeferredPrepass,Synthetic,False,1,depth_prepass,0.02149
03_synth_class_count_fixed_materials_dense,66,DeferredPrepass,Synthetic,False,2,geometry,0.12877
03_synth_class_count_fixed_materials_dense,66,DeferredPrepass,Synthetic,False,3,lighting,0.08564
03_synth_class_count_fixed_materials_dense,66,DeferredPrepass,Synthetic,False,4,tonemap,0.02958
03_synth_class_count_fixed_materials_dense,67,VisBuf,Synthetic,False,0,total,0.47364
03_synth_class_count_fixed_materials_dense,67,VisBuf,Synthetic,False,1,visibility,0.04211
03_synth_class_count_fixed_materials_dense,67,VisBuf,Synthetic,False,2,visutil_histogram,0.02717
03_synth_class_count_fixed_materials_dense,67,VisBuf,Synthetic,False,3,visutil_prefix,0.00211
03_synth_class_count_fixed_materials_dense,67,VisBuf,Synthetic,False,4,visutil_flatten,0.03604
03_synth_class_count_fixed_materials_dense,67,VisBuf,Synthetic,False,5,gbuffer,0.2093
03_synth_class_count_fixed_materials_dense,67,VisBuf,Synthetic,False,6,lighting,0.08903
03_synth_class_count_fixed_materials_dense,67,VisBuf,Synthetic,False,7,tonemap,0.03533
03_synth_class_count_fixed_materials_dense,68,DeferredPrepass,Synthetic,False,0,total,0.28025
03_synth_class_count_fixed_materials_dense,68,DeferredPrepass,Synthetic,False,1,depth_prepass,0.0217
03_synth_class_count_fixed_materials_dense,68,DeferredPrepass,Synthetic,False,2,geometry,0.12947
03_synth_class_count_fixed_materials_dense,68,DeferredPrepass,Synthetic,False,3,lighting,0.08566
03_synth_class_count_fixed_materials_dense,68,DeferredPrepass,Synthetic,False,4,tonemap,0.02955
03_synth_class_count_fixed_materials_dense,69,VisBuf,Synthetic,False,0,total,0.46043
03_synth_class_count_fixed_materials_dense,69,VisBuf,Synthetic,False,1,visibility,0.04183
03_synth_class_count_fixed_materials_dense,69,VisBuf,Synthetic,False,2,visutil_histogram,0.02676
03_synth_class_count_fixed_materials_dense,69,VisBuf,Synthetic,False,3,visutil_prefix,0.00207
03_synth_class_count_fixed_materials_dense,69,VisBuf,Synthetic,False,4,visutil_flatten,0.0364
03_synth_class_count_fixed_materials_dense,69,VisBuf,Synthetic,False,5,gbuffer,0.20177
03_synth_class_count_fixed_materials_dense,69,VisBuf,Synthetic,False,6,lighting,0.08811
03_synth_class_count_fixed_materials_dense,69,VisBuf,Synthetic,False,7,tonemap,0.02981
03_synth_class_count_fixed_materials_dense,70,DeferredPrepass,Synthetic,False,0,total,0.27939
03_synth_class_count_fixed_materials_dense,70,DeferredPrepass,Synthetic,False,1,depth_prepass,0.02127
03_synth_class_count_fixed_materials_dense,70,DeferredPrepass,Synthetic,False,2,geometry,0.129
03_synth_class_count_fixed_materials_dense,70,DeferredPrepass,Synthetic,False,3,lighting,0.08598
03_synth_class_count_fixed_materials_dense,70,DeferredPrepass,Synthetic,False,4,tonemap,0.02959
03_synth_class_count_fixed_materials_dense,71,VisBuf,Synthetic,False,0,total,0.46498
03_synth_class_count_fixed_materials_dense,71,VisBuf,Synthetic,False,1,visibility,0.04205
03_synth_class_count_fixed_materials_dense,71,VisBuf,Synthetic,False,2,visutil_histogram,0.02692
03_synth_class_count_fixed_materials_dense,71,VisBuf,Synthetic,False,3,visutil_prefix,0.00208
03_synth_class_count_fixed_materials_dense,71,VisBuf,Synthetic,False,4,visutil_flatten,0.03608
03_synth_class_count_fixed_materials_dense,71,VisBuf,Synthetic,False,5,gbuffer,0.20442
03_synth_class_count_fixed_materials_dense,71,VisBuf,Synthetic,False,6,lighting,0.08892
03_synth_class_count_fixed_materials_dense,71,VisBuf,Synthetic,False,7,tonemap,0.03193
03_synth_class_count_fixed_materials_dense,72,DeferredPrepass,Synthetic,False,0,total,0.27961
03_synth_class_count_fixed_materials_dense,72,DeferredPrepass,Synthetic,False,1,depth_prepass,0.02149
03_synth_class_count_fixed_materials_dense,72,DeferredPrepass,Synthetic,False,2,geometry,0.12879
03_synth_class_count_fixed_materials_dense,72,DeferredPrepass,Synthetic,False,3,lighting,0.08571
03_synth_class_count_fixed_materials_dense,72,DeferredPrepass,Synthetic,False,4,tonemap,0.02967
03_synth_class_count_fixed_materials_dense,73,VisBuf,Synthetic,False,0,total,0.57403
03_synth_class_count_fixed_materials_dense,73,VisBuf,Synthetic,False,1,visibility,0.04207
03_synth_class_count_fixed_materials_dense,73,VisBuf,Synthetic,False,2,visutil_histogram,0.02714
03_synth_class_count_fixed_materials_dense,73,VisBuf,Synthetic,False,3,visutil_prefix,0.00222
03_synth_class_count_fixed_materials_dense,73,VisBuf,Synthetic,False,4,visutil_flatten,0.03579
03_synth_class_count_fixed_materials_dense,73,VisBuf,Synthetic,False,5,gbuffer,0.31088
03_synth_class_count_fixed_materials_dense,73,VisBuf,Synthetic,False,6,lighting,0.08877
03_synth_class_count_fixed_materials_dense,73,VisBuf,Synthetic,False,7,tonemap,0.03426
03_synth_class_count_fixed_materials_dense,74,DeferredPrepass,Synthetic,False,0,total,0.2794
03_synth_class_count_fixed_materials_dense,74,DeferredPrepass,Synthetic,False,1,depth_prepass,0.02157
03_synth_class_count_fixed_materials_dense,74,DeferredPrepass,Synthetic,False,2,geometry,0.12945
03_synth_class_count_fixed_materials_dense,74,DeferredPrepass,Synthetic,False,3,lighting,0.08578
03_synth_class_count_fixed_materials_dense,74,DeferredPrepass,Synthetic,False,4,tonemap,0.02953
03_synth_class_count_fixed_materials_dense,75,VisBuf,Synthetic,False,0,total,0.5644
03_synth_class_count_fixed_materials_dense,75,VisBuf,Synthetic,False,1,visibility,0.04214
03_synth_class_count_fixed_materials_dense,75,VisBuf,Synthetic,False,2,visutil_histogram,0.02697
03_synth_class_count_fixed_materials_dense,75,VisBuf,Synthetic,False,3,visutil_prefix,0.00233
03_synth_class_count_fixed_materials_dense,75,VisBuf,Synthetic,False,4,visutil_flatten,0.03586
03_synth_class_count_fixed_materials_dense,75,VisBuf,Synthetic,False,5,gbuffer,0.30521
03_synth_class_count_fixed_materials_dense,75,VisBuf,Synthetic,False,6,lighting,0.0879
03_synth_class_count_fixed_materials_dense,75,VisBuf,Synthetic,False,7,tonemap,0.03239
03_synth_class_count_fixed_materials_dense,76,DeferredPrepass,Synthetic,False,0,total,0.2798
03_synth_class_count_fixed_materials_dense,76,DeferredPrepass,Synthetic,False,1,depth_prepass,0.02153
03_synth_class_count_fixed_materials_dense,76,DeferredPrepass,Synthetic,False,2,geometry,0.1291
03_synth_class_count_fixed_materials_dense,76,DeferredPrepass,Synthetic,False,3,lighting,0.08612
03_synth_class_count_fixed_materials_dense,76,DeferredPrepass,Synthetic,False,4,tonemap,0.02967
03_synth_class_count_fixed_materials_dense,77,VisBuf,Synthetic,False,0,total,0.54732
03_synth_class_count_fixed_materials_dense,77,VisBuf,Synthetic,False,1,visibility,0.0418
03_synth_class_count_fixed_materials_dense,77,VisBuf,Synthetic,False,2,visutil_histogram,0.02679
03_synth_class_count_fixed_materials_dense,77,VisBuf,Synthetic,False,3,visutil_prefix,0.00221
03_synth_class_count_fixed_materials_dense,77,VisBuf,Synthetic,False,4,visutil_flatten,0.03578
03_synth_class_count_fixed_materials_dense,77,VisBuf,Synthetic,False,5,gbuffer,0.29088
03_synth_class_count_fixed_materials_dense,77,VisBuf,Synthetic,False,6,lighting,0.08795
03_synth_class_count_fixed_materials_dense,77,VisBuf,Synthetic,False,7,tonemap,0.02908
04_synth_locality_dense,0,DeferredPrepass,Synthetic,False,0,total,0.2931
04_synth_locality_dense,0,DeferredPrepass,Synthetic,False,1,depth_prepass,0.01987
04_synth_locality_dense,0,DeferredPrepass,Synthetic,False,2,geometry,0.14332
04_synth_locality_dense,0,DeferredPrepass,Synthetic,False,3,lighting,0.08724
04_synth_locality_dense,0,DeferredPrepass,Synthetic,False,4,tonemap,0.02883
04_synth_locality_dense,1,VisBuf,Synthetic,False,0,total,0.42767
04_synth_locality_dense,1,VisBuf,Synthetic,False,1,visibility,0.04661
04_synth_locality_dense,1,VisBuf,Synthetic,False,2,visutil_histogram,0.02673
04_synth_locality_dense,1,VisBuf,Synthetic,False,3,visutil_prefix,0.00213
04_synth_locality_dense,1,VisBuf,Synthetic,False,4,visutil_flatten,0.03582
04_synth_locality_dense,1,VisBuf,Synthetic,False,5,gbuffer,0.15814
04_synth_locality_dense,1,VisBuf,Synthetic,False,6,lighting,0.08993
04_synth_locality_dense,1,VisBuf,Synthetic,False,7,tonemap,0.03579
04_synth_locality_dense,2,DeferredPrepass,Synthetic,False,0,total,0.29189
04_synth_locality_dense,2,DeferredPrepass,Synthetic,False,1,depth_prepass,0.02008
04_synth_locality_dense,2,DeferredPrepass,Synthetic,False,2,geometry,0.14361
04_synth_locality_dense,2,DeferredPrepass,Synthetic,False,3,lighting,0.08583
04_synth_locality_dense,2,DeferredPrepass,Synthetic,False,4,tonemap,0.02873
04_synth_locality_dense,3,VisBuf,Synthetic,False,0,total,0.40457
04_synth_locality_dense,3,VisBuf,Synthetic,False,1,visibility,0.0458
04_synth_locality_dense,3,VisBuf,Synthetic,False,2,visutil_histogram,0.02579
04_synth_locality_dense,3,VisBuf,Synthetic,False,3,visutil_prefix,0.00206
04_synth_locality_dense,3,VisBuf,Synthetic,False,4,visutil_flatten,0.03617
04_synth_locality_dense,3,VisBuf,Synthetic,False,5,gbuffer,0.14493
04_synth_locality_dense,3,VisBuf,Synthetic,False,6,lighting,0.0884
04_synth_locality_dense,3,VisBuf,Synthetic,False,7,tonemap,0.02871
04_synth_locality_dense,4,DeferredPrepass,Synthetic,False,0,total,0.293
04_synth_locality_dense,4,DeferredPrepass,Synthetic,False,1,depth_prepass,0.02007
04_synth_locality_dense,4,DeferredPrepass,Synthetic,False,2,geometry,0.1434
04_synth_locality_dense,4,DeferredPrepass,Synthetic,False,3,lighting,0.08605
04_synth_locality_dense,4,DeferredPrepass,Synthetic,False,4,tonemap,0.02879
04_synth_locality_dense,5,VisBuf,Synthetic,False,0,total,0.41148
04_synth_locality_dense,5,VisBuf,Synthetic,False,1,visibility,0.04589
04_synth_locality_dense,5,VisBuf,Synthetic,False,2,visutil_histogram,0.026
04_synth_locality_dense,5,VisBuf,Synthetic,False,3,visutil_prefix,0.00207
04_synth_locality_dense,5,VisBuf,Synthetic,False,4,visutil_flatten,0.03579
04_synth_locality_dense,5,VisBuf,Synthetic,False,5,gbuffer,0.14957
04_synth_locality_dense,5,VisBuf,Synthetic,False,6,lighting,0.0899
04_synth_locality_dense,5,VisBuf,Synthetic,False,7,tonemap,0.02998
04_synth_locality_dense,6,DeferredPrepass,Synthetic,False,0,total,0.29173
04_synth_locality_dense,6,DeferredPrepass,Synthetic,False,1,depth_prepass,0.01987
04_synth_locality_dense,6,DeferredPrepass,Synthetic,False,2,geometry,0.1434
04_synth_locality_dense,6,DeferredPrepass,Synthetic,False,3,lighting,0.08575
04_synth_locality_dense,6,DeferredPrepass,Synthetic,False,4,tonemap,0.02901
04_synth_locality_dense,7,VisBuf,Synthetic,False,0,total,0.42471
04_synth_locality_dense,7,VisBuf,Synthetic,False,1,visibility,0.04647
04_synth_locality_dense,7,VisBuf,Synthetic,False,2,visutil_histogram,0.02632
04_synth_locality_dense,7,VisBuf,Synthetic,False,3,visutil_prefix,0.00211
04_synth_locality_dense,7,VisBuf,Synthetic,False,4,visutil_flatten,0.03576
04_synth_locality_dense,7,VisBuf,Synthetic,False,5,gbuffer,0.15763
04_synth_locality_dense,7,VisBuf,Synthetic,False,6,lighting,0.08896
04_synth_locality_dense,7,VisBuf,Synthetic,False,7,tonemap,0.0349
04_synth_locality_dense,8,DeferredPrepass,Synthetic,False,0,total,0.29071
04_synth_locality_dense,8,DeferredPrepass,Synthetic,False,1,depth_prepass,0.01997
04_synth_locality_dense,8,DeferredPrepass,Synthetic,False,2,geometry,0.14316
04_synth_locality_dense,8,DeferredPrepass,Synthetic,False,3,lighting,0.08629
04_synth_locality_dense,8,DeferredPrepass,Synthetic,False,4,tonemap,0.02837
04_synth_locality_dense,9,VisBuf,Synthetic,False,0,total,0.42166
04_synth_locality_dense,9,VisBuf,Synthetic,False,1,visibility,0.04636
04_synth_locality_dense,9,VisBuf,Synthetic,False,2,visutil_histogram,0.02631
04_synth_locality_dense,9,VisBuf,Synthetic,False,3,visutil_prefix,0.00211
04_synth_locality_dense,9,VisBuf,Synthetic,False,4,visutil_flatten,0.03575
04_synth_locality_dense,9,VisBuf,Synthetic,False,5,gbuffer,0.15485
04_synth_locality_dense,9,VisBuf,Synthetic,False,6,lighting,0.08913
04_synth_locality_dense,9,VisBuf,Synthetic,False,7,tonemap,0.0341
04_synth_locality_dense,10,DeferredPrepass,Synthetic,False,0,total,0.29117
04_synth_locality_dense,10,DeferredPrepass,Synthetic,False,1,depth_prepass,0.01985
04_synth_locality_dense,10,DeferredPrepass,Synthetic,False,2,geometry,0.14352
04_synth_locality_dense,10,DeferredPrepass,Synthetic,False,3,lighting,0.0857
04_synth_locality_dense,10,DeferredPrepass,Synthetic,False,4,tonemap,0.0287
04_synth_locality_dense,11,VisBuf,Synthetic,False,0,total,0.4034
04_synth_locality_dense,11,VisBuf,Synthetic,False,1,visibility,0.04568
04_synth_locality_dense,11,VisBuf,Synthetic,False,2,visutil_histogram,0.02591
04_synth_locality_dense,11,VisBuf,Synthetic,False,3,visutil_prefix,0.00206
04_synth_locality_dense,11,VisBuf,Synthetic,False,4,visutil_flatten,0.03578
04_synth_locality_dense,11,VisBuf,Synthetic,False,5,gbuffer,0.144
04_synth_locality_dense,11,VisBuf,Synthetic,False,6,lighting,0.08833
04_synth_locality_dense,11,VisBuf,Synthetic,False,7,tonemap,0.02868
04_synth_locality_dense,12,DeferredPrepass,Synthetic,False,0,total,0.29353
04_synth_locality_dense,12,DeferredPrepass,Synthetic,False,1,depth_prepass,0.01974
04_synth_locality_dense,12,DeferredPrepass,Synthetic,False,2,geometry,0.14278
04_synth_locality_dense,12,DeferredPrepass,Synthetic,False,3,lighting,0.08862
04_synth_locality_dense,12,DeferredPrepass,Synthetic,False,4,tonemap,0.02882
04_synth_locality_dense,13,VisBuf,Synthetic,False,0,total,0.40804
04_synth_locality_dense,13,VisBuf,Synthetic,False,1,visibility,0.0457
04_synth_locality_dense,13,VisBuf,Synthetic,False,2,visutil_histogram,0.02594
04_synth_locality_dense,13,VisBuf,Synthetic,False,3,visutil_prefix,0.00208
04_synth_locality_dense,13,VisBuf,Synthetic,False,4,visutil_flatten,0.03582
04_synth_locality_dense,13,VisBuf,Synthetic,False,5,gbuffer,0.14647
04_synth_locality_dense,13,VisBuf,Synthetic,False,6,lighting,0.08842
04_synth_locality_dense,13,VisBuf,Synthetic,False,7,tonemap,0.02946
04_synth_locality_dense,14,DeferredPrepass,Synthetic,False,0,total,0.29214
04_synth_locality_dense,14,DeferredPrepass,Synthetic,False,1,depth_prepass,0.02006
04_synth_locality_dense,14,DeferredPrepass,Synthetic,False,2,geometry,0.14271
04_synth_locality_dense,14,DeferredPrepass,Synthetic,False,3,lighting,0.0857
04_synth_locality_dense,14,DeferredPrepass,Synthetic,False,4,tonemap,0.02889
04_synth_locality_dense,15,VisBuf,Synthetic,False,0,total,0.40298
04_synth_locality_dense,15,VisBuf,Synthetic,False,1,visibility,0.04542
04_synth_locality_dense,15,VisBuf,Synthetic,False,2,visutil_histogram,0.02593
04_synth_locality_dense,15,VisBuf,Synthetic,False,3,visutil_prefix,0.00207
04_synth_locality_dense,15,VisBuf,Synthetic,False,4,visutil_flatten,0.0358
04_synth_locality_dense,15,VisBuf,Synthetic,False,5,gbuffer,0.14364
04_synth_locality_dense,15,VisBuf,Synthetic,False,6,lighting,0.08837
04_synth_locality_dense,15,VisBuf,Synthetic,False,7,tonemap,0.02875
04_synth_locality_dense,16,DeferredPrepass,Synthetic,False,0,total,0.29123
04_synth_locality_dense,16,DeferredPrepass,Synthetic,False,1,depth_prepass,0.02015
04_synth_locality_dense,16,DeferredPrepass,Synthetic,False,2,geometry,0.14291
04_synth_locality_dense,16,DeferredPrepass,Synthetic,False,3,lighting,0.08622
04_synth_locality_dense,16,DeferredPrepass,Synthetic,False,4,tonemap,0.02887
04_synth_locality_dense,17,VisBuf,Synthetic,False,0,total,0.40566
04_synth_locality_dense,17,VisBuf,Synthetic,False,1,visibility,0.04562
04_synth_locality_dense,17,VisBuf,Synthetic,False,2,visutil_histogram,0.02598
04_synth_locality_dense,17,VisBuf,Synthetic,False,3,visutil_prefix,0.00207
04_synth_locality_dense,17,VisBuf,Synthetic,False,4,visutil_flatten,0.03676
04_synth_locality_dense,17,VisBuf,Synthetic,False,5,gbuffer,0.14483
04_synth_locality_dense,17,VisBuf,Synthetic,False,6,lighting,0.08886
04_synth_locality_dense,17,VisBuf,Synthetic,False,7,tonemap,0.02903
04_synth_locality_dense,18,DeferredPrepass,Synthetic,False,0,total,0.28912
04_synth_locality_dense,18,DeferredPrepass,Synthetic,False,1,depth_prepass,0.02006
04_synth_locality_dense,18,DeferredPrepass,Synthetic,False,2,geometry,0.14077
04_synth_locality_dense,18,DeferredPrepass,Synthetic,False,3,lighting,0.08654
04_synth_locality_dense,18,DeferredPrepass,Synthetic,False,4,tonemap,0.02888
04_synth_locality_dense,19,VisBuf,Synthetic,False,0,total,0.42496
04_synth_locality_dense,19,VisBuf,Synthetic,False,1,visibility,0.04565
04_synth_locality_dense,19,VisBuf,Synthetic,False,2,visutil_histogram,0.02646
04_synth_locality_dense,19,VisBuf,Synthetic,False,3,visutil_prefix,0.00211
04_synth_locality_dense,19,VisBuf,Synthetic,False,4,visutil_flatten,0.03602
04_synth_locality_dense,19,VisBuf,Synthetic,False,5,gbuffer,0.15431
04_synth_locality_dense,19,VisBuf,Synthetic,False,6,lighting,0.08988
04_synth_locality_dense,19,VisBuf,Synthetic,False,7,tonemap,0.03491
04_synth_locality_dense,20,DeferredPrepass,Synthetic,False,0,total,0.29058
04_synth_locality_dense,20,DeferredPrepass,Synthetic,False,1,depth_prepass,0.0201
04_synth_locality_dense,20,DeferredPrepass,Synthetic,False,2,geometry,0.14091
04_synth_locality_dense,20,DeferredPrepass,Synthetic,False,3,lighting,0.0863
04_synth_locality_dense,20,DeferredPrepass,Synthetic,False,4,tonemap,0.02897
04_synth_locality_dense,21,VisBuf,Synthetic,False,0,total,0.41256
04_synth_locality_dense,21,VisBuf,Synthetic,False,1,visibility,0.04534
04_synth_locality_dense,21,VisBuf,Synthetic,False,2,visutil_histogram,0.02626
04_synth_locality_dense,21,VisBuf,Synthetic,False,3,visutil_prefix,0.00209
04_synth_locality_dense,21,VisBuf,Synthetic,False,4,visutil_flatten,0.03578
04_synth_locality_dense,21,VisBuf,Synthetic,False,5,gbuffer,0.14827
04_synth_locality_dense,21,VisBuf,Synthetic,False,6,lighting,0.08864
04_synth_locality_dense,21,VisBuf,Synthetic,False,7,tonemap,0.03207
04_synth_locality_dense,22,DeferredPrepass,Synthetic,False,0,total,0.289
04_synth_locality_dense,22,DeferredPrepass,Synthetic,False,1,depth_prepass,0.02007
04_synth_locality_dense,22,DeferredPrepass,Synthetic,False,2,geometry,0.14073
04_synth_locality_dense,22,DeferredPrepass,Synthetic,False,3,lighting,0.08591
04_synth_locality_dense,22,DeferredPrepass,Synthetic,False,4,tonemap,0.02898
04_synth_locality_dense,23,VisBuf,Synthetic,False,0,total,0.40201
04_synth_locality_dense,23,VisBuf,Synthetic,False,1,visibility,0.04514
04_synth_locality_dense,23,VisBuf,Synthetic,False,2,visutil_histogram,0.02608
04_synth_locality_dense,23,VisBuf,Synthetic,False,3,visutil_prefix,0.00207
04_synth_locality_dense,23,VisBuf,Synthetic,False,4,visutil_flatten,0.0358
04_synth_locality_dense,23,VisBuf,Synthetic,False,5,gbuffer,0.14251
04_synth_locality_dense,23,VisBuf,Synthetic,False,6,lighting,0.08875
04_synth_locality_dense,23,VisBuf,Synthetic,False,7,tonemap,0.02877
04_synth_locality_dense,24,DeferredPrepass,Synthetic,False,0,total,0.28746
04_synth_locality_dense,24,DeferredPrepass,Synthetic,False,1,depth_prepass,0.02007
04_synth_locality_dense,24,DeferredPrepass,Synthetic,False,2,geometry,0.13756
04_synth_locality_dense,24,DeferredPrepass,Synthetic,False,3,lighting,0.08715
04_synth_locality_dense,24,DeferredPrepass,Synthetic,False,4,tonemap,0.02911
04_synth_locality_dense,25,VisBuf,Synthetic,False,0,total,0.40632
04_synth_locality_dense,25,VisBuf,Synthetic,False,1,visibility,0.04429
04_synth_locality_dense,25,VisBuf,Synthetic,False,2,visutil_histogram,0.02629
04_synth_locality_dense,25,VisBuf,Synthetic,False,3,visutil_prefix,0.00207
04_synth_locality_dense,25,VisBuf,Synthetic,False,4,visutil_flatten,0.03583
04_synth_locality_dense,25,VisBuf,Synthetic,False,5,gbuffer,0.14493
04_synth_locality_dense,25,VisBuf,Synthetic,False,6,lighting,0.08989
04_synth_locality_dense,25,VisBuf,Synthetic,False,7,tonemap,0.03004
04_synth_locality_dense,26,DeferredPrepass,Synthetic,False,0,total,0.28653
04_synth_locality_dense,26,DeferredPrepass,Synthetic,False,1,depth_prepass,0.0203
04_synth_locality_dense,26,DeferredPrepass,Synthetic,False,2,geometry,0.13791
04_synth_locality_dense,26,DeferredPrepass,Synthetic,False,3,lighting,0.08609
04_synth_locality_dense,26,DeferredPrepass,Synthetic,False,4,tonemap,0.02919
04_synth_locality_dense,27,VisBuf,Synthetic,False,0,total,0.40557
04_synth_locality_dense,27,VisBuf,Synthetic,False,1,visibility,0.04439
04_synth_locality_dense,27,VisBuf,Synthetic,False,2,visutil_histogram,0.02635
04_synth_locality_dense,27,VisBuf,Synthetic,False,3,visutil_prefix,0.00208
04_synth_locality_dense,27,VisBuf,Synthetic,False,4,visutil_flatten,0.03585
04_synth_locality_dense,27,VisBuf,Synthetic,False,5,gbuffer,0.14381
04_synth_locality_dense,27,VisBuf,Synthetic,False,6,lighting,0.08882
04_synth_locality_dense,27,VisBuf,Synthetic,False,7,tonemap,0.03055
04_synth_locality_dense,28,DeferredPrepass,Synthetic,False,0,total,0.28787
04_synth_locality_dense,28,DeferredPrepass,Synthetic,False,1,depth_prepass,0.02036
04_synth_locality_dense,28,DeferredPrepass,Synthetic,False,2,geometry,0.13743
04_synth_locality_dense,28,DeferredPrepass,Synthetic,False,3,lighting,0.08725
04_synth_locality_dense,28,DeferredPrepass,Synthetic,False,4,tonemap,0.02916
04_synth_locality_dense,29,VisBuf,Synthetic,False,0,total,0.40127
04_synth_locality_dense,29,VisBuf,Synthetic,False,1,visibility,0.0442
04_synth_locality_dense,29,VisBuf,Synthetic,False,2,visutil_histogram,0.02689
04_synth_locality_dense,29,VisBuf,Synthetic,False,3,visutil_prefix,0.00206
04_synth_locality_dense,29,VisBuf,Synthetic,False,4,visutil_flatten,0.03583
04_synth_locality_dense,29,VisBuf,Synthetic,False,5,gbuffer,0.14202
04_synth_locality_dense,29,VisBuf,Synthetic,False,6,lighting,0.08879
04_synth_locality_dense,29,VisBuf,Synthetic,False,7,tonemap,0.02889
04_synth_locality_dense,30,DeferredPrepass,Synthetic,False,0,total,0.28403
04_synth_locality_dense,30,DeferredPrepass,Synthetic,False,1,depth_prepass,0.0207
04_synth_locality_dense,30,DeferredPrepass,Synthetic,False,2,geometry,0.13386
04_synth_locality_dense,30,DeferredPrepass,Synthetic,False,3,lighting,0.08576
04_synth_locality_dense,30,DeferredPrepass,Synthetic,False,4,tonemap,0.02924
04_synth_locality_dense,31,VisBuf,Synthetic,False,0,total,0.40603
04_synth_locality_dense,31,VisBuf,Synthetic,False,1,visibility,0.04346
04_synth_locality_dense,31,VisBuf,Synthetic,False,2,visutil_histogram,0.02655
04_synth_locality_dense,31,VisBuf,Synthetic,False,3,visutil_prefix,0.00208
04_synth_locality_dense,31,VisBuf,Synthetic,False,4,visutil_flatten,0.03612
04_synth_locality_dense,31,VisBuf,Synthetic,False,5,gbuffer,0.14567
04_synth_locality_dense,31,VisBuf,Synthetic,False,6,lighting,0.08912
04_synth_locality_dense,31,VisBuf,Synthetic,False,7,tonemap,0.03071
04_synth_locality_dense,32,DeferredPrepass,Synthetic,False,0,total,0.28357
04_synth_locality_dense,32,DeferredPrepass,Synthetic,False,1,depth_prepass,0.02084
04_synth_locality_dense,32,DeferredPrepass,Synthetic,False,2,geometry,0.13373
04_synth_locality_dense,32,DeferredPrepass,Synthetic,False,3,lighting,0.08678
04_synth_locality_dense,32,DeferredPrepass,Synthetic,False,4,tonemap,0.02923
04_synth_locality_dense,33,VisBuf,Synthetic,False,0,total,0.39864
04_synth_locality_dense,33,VisBuf,Synthetic,False,1,visibility,0.04316
04_synth_locality_dense,33,VisBuf,Synthetic,False,2,visutil_histogram,0.02637
04_synth_locality_dense,33,VisBuf,Synthetic,False,3,visutil_prefix,0.00207
04_synth_locality_dense,33,VisBuf,Synthetic,False,4,visutil_flatten,0.0363
04_synth_locality_dense,33,VisBuf,Synthetic,False,5,gbuffer,0.14108
04_synth_locality_dense,33,VisBuf,Synthetic,False,6,lighting,0.08867
04_synth_locality_dense,33,VisBuf,Synthetic,False,7,tonemap,0.02893
04_synth_locality_dense,34,DeferredPrepass,Synthetic,False,0,total,0.2843
04_synth_locality_dense,34,DeferredPrepass,Synthetic,False,1,depth_prepass,0.02101
04_synth_locality_dense,34,DeferredPrepass,Synthetic,False,2,geometry,0.13366
04_synth_locality_dense,34,DeferredPrepass,Synthetic,False,3,lighting,0.08729
04_synth_locality_dense,34,DeferredPrepass,Synthetic,False,4,tonemap,0.02928
04_synth_locality_dense,35,VisBuf,Synthetic,False,0,total,0.41688
04_synth_locality_dense,35,VisBuf,Synthetic,False,1,visibility,0.04357
04_synth_locality_dense,35,VisBuf,Synthetic,False,2,visutil_histogram,0.02679
04_synth_locality_dense,35,VisBuf,Synthetic,False,3,visutil_prefix,0.00213
04_synth_locality_dense,35,VisBuf,Synthetic,False,4,visutil_flatten,0.03622
04_synth_locality_dense,35,VisBuf,Synthetic,False,5,gbuffer,0.15032
04_synth_locality_dense,35,VisBuf,Synthetic,False,6,lighting,0.08983
04_synth_locality_dense,35,VisBuf,Synthetic,False,7,tonemap,0.03523
04_synth_locality_dense,36,DeferredPrepass,Synthetic,False,0,total,0.28772
04_synth_locality_dense,36,DeferredPrepass,Synthetic,False,1,depth_prepass,0.02201
04_synth_locality_dense,36,DeferredPrepass,Synthetic,False,2,geometry,0.12961
04_synth_locality_dense,36,DeferredPrepass,Synthetic,False,3,lighting,0.08815
04_synth_locality_dense,36,DeferredPrepass,Synthetic,False,4,tonemap,0.02962
04_synth_locality_dense,37,VisBuf,Synthetic,False,0,total,0.42217
04_synth_locality_dense,37,VisBuf,Synthetic,False,1,visibility,0.04234
04_synth_locality_dense,37,VisBuf,Synthetic,False,2,visutil_histogram,0.02675
04_synth_locality_dense,37,VisBuf,Synthetic,False,3,visutil_prefix,0.00209
04_synth_locality_dense,37,VisBuf,Synthetic,False,4,visutil_flatten,0.03594
04_synth_locality_dense,37,VisBuf,Synthetic,False,5,gbuffer,0.15007
04_synth_locality_dense,37,VisBuf,Synthetic,False,6,lighting,0.09028
04_synth_locality_dense,37,VisBuf,Synthetic,False,7,tonemap,0.03152
04_synth_locality_dense,38,DeferredPrepass,Synthetic,False,0,total,0.28902
04_synth_locality_dense,38,DeferredPrepass,Synthetic,False,1,depth_prepass,0.02226
04_synth_locality_dense,38,DeferredPrepass,Synthetic,False,2,geometry,0.12978
04_synth_locality_dense,38,DeferredPrepass,Synthetic,False,3,lighting,0.08783
04_synth_locality_dense,38,DeferredPrepass,Synthetic,False,4,tonemap,0.02957
04_synth_locality_dense,39,VisBuf,Synthetic,False,0,total,0.43083
04_synth_locality_dense,39,VisBuf,Synthetic,False,1,visibility,0.04286
04_synth_locality_dense,39,VisBuf,Synthetic,False,2,visutil_histogram,0.02724
04_synth_locality_dense,39,VisBuf,Synthetic,False,3,visutil_prefix,0.00213
04_synth_locality_dense,39,VisBuf,Synthetic,False,4,visutil_flatten,0.03596
04_synth_locality_dense,39,VisBuf,Synthetic,False,5,gbuffer,0.154
04_synth_locality_dense,39,VisBuf,Synthetic,False,6,lighting,0.09079
04_synth_locality_dense,39,VisBuf,Synthetic,False,7,tonemap,0.03551
04_synth_locality_dense,40,DeferredPrepass,Synthetic,False,0,total,0.28757
04_synth_locality_dense,40,DeferredPrepass,Synthetic,False,1,depth_prepass,0.0222
04_synth_locality_dense,40,DeferredPrepass,Synthetic,False,2,geometry,0.12944
04_synth_locality_dense,40,DeferredPrepass,Synthetic,False,3,lighting,0.08754
04_synth_locality_dense,40,DeferredPrepass,Synthetic,False,4,tonemap,0.02949
04_synth_locality_dense,41,VisBuf,Synthetic,False,0,total,0.3984
04_synth_locality_dense,41,VisBuf,Synthetic,False,1,visibility,0.04199
04_synth_locality_dense,41,VisBuf,Synthetic,False,2,visutil_histogram,0.02676
04_synth_locality_dense,41,VisBuf,Synthetic,False,3,visutil_prefix,0.00207
04_synth_locality_dense,41,VisBuf,Synthetic,False,4,visutil_flatten,0.03617
04_synth_locality_dense,41,VisBuf,Synthetic,False,5,gbuffer,0.14025
04_synth_locality_dense,41,VisBuf,Synthetic,False,6,lighting,0.0897
04_synth_locality_dense,41,VisBuf,Synthetic,False,7,tonemap,0.02888
04_synth_locality_dense,42,DeferredPrepass,Synthetic,False,0,total,0.27536
04_synth_locality_dense,42,DeferredPrepass,Synthetic,False,1,depth_prepass,0.02225
04_synth_locality_dense,42,DeferredPrepass,Synthetic,False,2,geometry,0.12407
04_synth_locality_dense,42,DeferredPrepass,Synthetic,False,3,lighting,0.08605
04_synth_locality_dense,42,DeferredPrepass,Synthetic,False,4,tonemap,0.02941
04_synth_locality_dense,43,VisBuf,Synthetic,False,0,total,0.39802
04_synth_locality_dense,43,VisBuf,Synthetic,False,1,visibility,0.04044
04_synth_locality_dense,43,VisBuf,Synthetic,False,2,visutil_histogram,0.02686
04_synth_locality_dense,43,VisBuf,Synthetic,False,3,visutil_prefix,0.00208
04_synth_locality_dense,43,VisBuf,Synthetic,False,4,visutil_flatten,0.03592
04_synth_locality_dense,43,VisBuf,Synthetic,False,5,gbuffer,0.14152
04_synth_locality_dense,43,VisBuf,Synthetic,False,6,lighting,0.08864
04_synth_locality_dense,43,VisBuf,Synthetic,False,7,tonemap,0.02994
04_synth_locality_dense,44,DeferredPrepass,Synthetic,False,0,total,0.27723
04_synth_locality_dense,44,DeferredPrepass,Synthetic,False,1,depth_prepass,0.02239
04_synth_locality_dense,44,DeferredPrepass,Synthetic,False,2,geometry,0.1245
04_synth_locality_dense,44,DeferredPrepass,Synthetic,False,3,lighting,0.08588
04_synth_locality_dense,44,DeferredPrepass,Synthetic,False,4,tonemap,0.02949
04_synth_locality_dense,45,VisBuf,Synthetic,False,0,total,0.41142
04_synth_locality_dense,45,VisBuf,Synthetic,False,1,visibility,0.04107
04_synth_locality_dense,45,VisBuf,Synthetic,False,2,visutil_histogram,0.0272
04_synth_locality_dense,45,VisBuf,Synthetic,False,3,visutil_prefix,0.00212
04_synth_locality_dense,45,VisBuf,Synthetic,False,4,visutil_flatten,0.03584
04_synth_locality_dense,45,VisBuf,Synthetic,False,5,gbuffer,0.14652
04_synth_locality_dense,45,VisBuf,Synthetic,False,6,lighting,0.0895
04_synth_locality_dense,45,VisBuf,Synthetic,False,7,tonemap,0.03608
04_synth_locality_dense,46,DeferredPrepass,Synthetic,False,0,total,0.27632
04_synth_locality_dense,46,DeferredPrepass,Synthetic,False,1,depth_prepass,0.02248
04_synth_locality_dense,46,DeferredPrepass,Synthetic,False,2,geometry,0.12407
04_synth_locality_dense,46,DeferredPrepass,Synthetic,False,3,lighting,0.08576
04_synth_locality_dense,46,DeferredPrepass,Synthetic,False,4,tonemap,0.02931
04_synth_locality_dense,47,VisBuf,Synthetic,False,0,total,0.41037
04_synth_locality_dense,47,VisBuf,Synthetic,False,1,visibility,0.04097
04_synth_locality_dense,47,VisBuf,Synthetic,False,2,visutil_histogram,0.02721
04_synth_locality_dense,47,VisBuf,Synthetic,False,3,visutil_prefix,0.00212
04_synth_locality_dense,47,VisBuf,Synthetic,False,4,visutil_flatten,0.03586
04_synth_locality_dense,47,VisBuf,Synthetic,False,5,gbuffer,0.14603
04_synth_locality_dense,47,VisBuf,Synthetic,False,6,lighting,0.08935
04_synth_locality_dense,47,VisBuf,Synthetic,False,7,tonemap,0.03638
04_synth_locality_dense,48,DeferredPrepass,Synthetic,False,0,total,0.27214
04_synth_locality_dense,48,DeferredPrepass,Synthetic,False,1,depth_prepass,0.02303
04_synth_locality_dense,48,DeferredPrepass,Synthetic,False,2,geometry,0.11859
04_synth_locality_dense,48,DeferredPrepass,Synthetic,False,3,lighting,0.08718
04_synth_locality_dense,48,DeferredPrepass,Synthetic,False,4,tonemap,0.02934
04_synth_locality_dense,49,VisBuf,Synthetic,False,0,total,0.39969
04_synth_locality_dense,49,VisBuf,Synthetic,False,1,visibility,0.03911
04_synth_locality_dense,49,VisBuf,Synthetic,False,2,visutil_histogram,0.02704
04_synth_locality_dense,49,VisBuf,Synthetic,False,3,visutil_prefix,0.00209
04_synth_locality_dense,49,VisBuf,Synthetic,False,4,visutil_flatten,0.03572
04_synth_locality_dense,49,VisBuf,Synthetic,False,5,gbuffer,0.14173
04_synth_locality_dense,49,VisBuf,Synthetic,False,6,lighting,0.08913
04_synth_locality_dense,49,VisBuf,Synthetic,False,7,tonemap,0.03263
04_synth_locality_dense,50,DeferredPrepass,Synthetic,False,0,total,0.27202
04_synth_locality_dense,50,DeferredPrepass,Synthetic,False,1,depth_prepass,0.02339
04_synth_locality_dense,50,DeferredPrepass,Synthetic,False,2,geometry,0.11841
04_synth_locality_dense,50,DeferredPrepass,Synthetic,False,3,lighting,0.08653
04_synth_locality_dense,50,DeferredPrepass,Synthetic,False,4,tonemap,0.02935
04_synth_locality_dense,51,VisBuf,Synthetic,False,0,total,0.39252
04_synth_locality_dense,51,VisBuf,Synthetic,False,1,visibility,0.039
04_synth_locality_dense,51,VisBuf,Synthetic,False,2,visutil_histogram,0.02683
04_synth_locality_dense,51,VisBuf,Synthetic,False,3,visutil_prefix,0.00207
04_synth_locality_dense,51,VisBuf,Synthetic,False,4,visutil_flatten,0.03573
04_synth_locality_dense,51,VisBuf,Synthetic,False,5,gbuffer,0.1382
04_synth_locality_dense,51,VisBuf,Synthetic,False,6,lighting,0.08853
04_synth_locality_dense,51,VisBuf,Synthetic,False,7,tonemap,0.0293
04_synth_locality_dense,52,DeferredPrepass,Synthetic,False,0,total,0.27066
04_synth_locality_dense,52,DeferredPrepass,Synthetic,False,1,depth_prepass,0.02334
04_synth_locality_dense,52,DeferredPrepass,Synthetic,False,2,geometry,0.11914
04_synth_locality_dense,52,DeferredPrepass,Synthetic,False,3,lighting,0.08591
04_synth_locality_dense,52,DeferredPrepass,Synthetic,False,4,tonemap,0.02942
04_synth_locality_dense,53,VisBuf,Synthetic,False,0,total,0.39239
04_synth_locality_dense,53,VisBuf,Synthetic,False,1,visibility,0.0391
04_synth_locality_dense,53,VisBuf,Synthetic,False,2,visutil_histogram,0.02686
04_synth_locality_dense,53,VisBuf,Synthetic,False,3,visutil_prefix,0.00207
04_synth_locality_dense,53,VisBuf,Synthetic,False,4,visutil_flatten,0.03615
04_synth_locality_dense,53,VisBuf,Synthetic,False,5,gbuffer,0.13724
04_synth_locality_dense,53,VisBuf,Synthetic,False,6,lighting,0.08845
04_synth_locality_dense,53,VisBuf,Synthetic,False,7,tonemap,0.02917
04_synth_locality_dense,54,DeferredPrepass,Synthetic,False,0,total,0.26464
04_synth_locality_dense,54,DeferredPrepass,Synthetic,False,1,depth_prepass,0.02373
04_synth_locality_dense,54,DeferredPrepass,Synthetic,False,2,geometry,0.11248
04_synth_locality_dense,54,DeferredPrepass,Synthetic,False,3,lighting,0.08565
04_synth_locality_dense,54,DeferredPrepass,Synthetic,False,4,tonemap,0.02929
04_synth_locality_dense,55,VisBuf,Synthetic,False,0,total,0.39256
04_synth_locality_dense,55,VisBuf,Synthetic,False,1,visibility,0.03747
04_synth_locality_dense,55,VisBuf,Synthetic,False,2,visutil_histogram,0.02689
04_synth_locality_dense,55,VisBuf,Synthetic,False,3,visutil_prefix,0.00207
04_synth_locality_dense,55,VisBuf,Synthetic,False,4,visutil_flatten,0.03584
04_synth_locality_dense,55,VisBuf,Synthetic,False,5,gbuffer,0.13803
04_synth_locality_dense,55,VisBuf,Synthetic,False,6,lighting,0.08931
04_synth_locality_dense,55,VisBuf,Synthetic,False,7,tonemap,0.02998
04_synth_locality_dense,56,DeferredPrepass,Synthetic,False,0,total,0.26591
04_synth_locality_dense,56,DeferredPrepass,Synthetic,False,1,depth_prepass,0.02432
04_synth_locality_dense,56,DeferredPrepass,Synthetic,False,2,geometry,0.11247
04_synth_locality_dense,56,DeferredPrepass,Synthetic,False,3,lighting,0.08593
04_synth_locality_dense,56,DeferredPrepass,Synthetic,False,4,tonemap,0.0293
04_synth_locality_dense,57,VisBuf,Synthetic,False,0,total,0.40681
04_synth_locality_dense,57,VisBuf,Synthetic,False,1,visibility,0.03782
04_synth_locality_dense,57,VisBuf,Synthetic,False,2,visutil_histogram,0.0274
04_synth_locality_dense,57,VisBuf,Synthetic,False,3,visutil_prefix,0.00212
04_synth_locality_dense,57,VisBuf,Synthetic,False,4,visutil_flatten,0.03546
04_synth_locality_dense,57,VisBuf,Synthetic,False,5,gbuffer,0.14482
04_synth_locality_dense,57,VisBuf,Synthetic,False,6,lighting,0.08958
04_synth_locality_dense,57,VisBuf,Synthetic,False,7,tonemap,0.03624
04_synth_locality_dense,58,DeferredPrepass,Synthetic,False,0,total,0.26566
04_synth_locality_dense,58,DeferredPrepass,Synthetic,False,1,depth_prepass,0.02404
04_synth_locality_dense,58,DeferredPrepass,Synthetic,False,2,geometry,0.11248
04_synth_locality_dense,58,DeferredPrepass,Synthetic,False,3,lighting,0.0859
04_synth_locality_dense,58,DeferredPrepass,Synthetic,False,4,tonemap,0.0293
04_synth_locality_dense,59,VisBuf,Synthetic,False,0,total,0.4018
04_synth_locality_dense,59,VisBuf,Synthetic,False,1,visibility,0.0377
04_synth_locality_dense,59,VisBuf,Synthetic,False,2,visutil_histogram,0.02724
04_synth_locality_dense,59,VisBuf,Synthetic,False,3,visutil_prefix,0.0021
04_synth_locality_dense,59,VisBuf,Synthetic,False,4,visutil_flatten,0.03568
04_synth_locality_dense,59,VisBuf,Synthetic,False,5,gbuffer,0.14056
04_synth_locality_dense,59,VisBuf,Synthetic,False,6,lighting,0.09045
04_synth_locality_dense,59,VisBuf,Synthetic,False,7,tonemap,0.0339
04_synth_locality_dense,60,DeferredPrepass,Synthetic,False,0,total,0.26015
04_synth_locality_dense,60,DeferredPrepass,Synthetic,False,1,depth_prepass,0.02453
04_synth_locality_dense,60,DeferredPrepass,Synthetic,False,2,geometry,0.10644
04_synth_locality_dense,60,DeferredPrepass,Synthetic,False,3,lighting,0.08708
04_synth_locality_dense,60,DeferredPrepass,Synthetic,False,4,tonemap,0.02908
04_synth_locality_dense,61,VisBuf,Synthetic,False,0,total,0.4084
04_synth_locality_dense,61,VisBuf,Synthetic,False,1,visibility,0.0365
04_synth_locality_dense,61,VisBuf,Synthetic,False,2,visutil_histogram,0.02759
04_synth_locality_dense,61,VisBuf,Synthetic,False,3,visutil_prefix,0.00214
04_synth_locality_dense,61,VisBuf,Synthetic,False,4,visutil_flatten,0.03502
04_synth_locality_dense,61,VisBuf,Synthetic,False,5,gbuffer,0.14221
04_synth_locality_dense,61,VisBuf,Synthetic,False,6,lighting,0.09027
04_synth_locality_dense,61,VisBuf,Synthetic,False,7,tonemap,0.0384
04_synth_locality_dense,62,DeferredPrepass,Synthetic,False,0,total,0.26109
04_synth_locality_dense,62,DeferredPrepass,Synthetic,False,1,depth_prepass,0.02506
04_synth_locality_dense,62,DeferredPrepass,Synthetic,False,2,geometry,0.10691
04_synth_locality_dense,62,DeferredPrepass,Synthetic,False,3,lighting,0.08616
04_synth_locality_dense,62,DeferredPrepass,Synthetic,False,4,tonemap,0.02939
04_synth_locality_dense,63,VisBuf,Synthetic,False,0,total,0.38939
04_synth_locality_dense,63,VisBuf,Synthetic,False,1,visibility,0.0358
04_synth_locality_dense,63,VisBuf,Synthetic,False,2,visutil_histogram,0.02682
04_synth_locality_dense,63,VisBuf,Synthetic,False,3,visutil_prefix,0.00207
04_synth_locality_dense,63,VisBuf,Synthetic,False,4,visutil_flatten,0.03503
04_synth_locality_dense,63,VisBuf,Synthetic,False,5,gbuffer,0.13529
04_synth_locality_dense,63,VisBuf,Synthetic,False,6,lighting,0.08856
04_synth_locality_dense,63,VisBuf,Synthetic,False,7,tonemap,0.02945
04_synth_locality_dense,64,DeferredPrepass,Synthetic,False,0,total,0.26018
04_synth_locality_dense,64,DeferredPrepass,Synthetic,False,1,depth_prepass,0.0252
04_synth_locality_dense,64,DeferredPrepass,Synthetic,False,2,geometry,0.10641
04_synth_locality_dense,64,DeferredPrepass,Synthetic,False,3,lighting,0.08575
04_synth_locality_dense,64,DeferredPrepass,Synthetic,False,4,tonemap,0.02925
04_synth_locality_dense,65,VisBuf,Synthetic,False,0,total,0.40011
04_synth_locality_dense,65,VisBuf,Synthetic,False,1,visibility,0.03606
04_synth_locality_dense,65,VisBuf,Synthetic,False,2,visutil_histogram,0.02728
04_synth_locality_dense,65,VisBuf,Synthetic,False,3,visutil_prefix,0.00211
04_synth_locality_dense,65,VisBuf,Synthetic,False,4,visutil_flatten,0.03532
04_synth_locality_dense,65,VisBuf,Synthetic,False,5,gbuffer,0.14072
04_synth_locality_dense,65,VisBuf,Synthetic,False,6,lighting,0.08995
04_synth_locality_dense,65,VisBuf,Synthetic,False,7,tonemap,0.03503
04_synth_locality_dense,66,DeferredPrepass,Synthetic,False,0,total,0.25701
04_synth_locality_dense,66,DeferredPrepass,Synthetic,False,1,depth_prepass,0.0251
04_synth_locality_dense,66,DeferredPrepass,Synthetic,False,2,geometry,0.10333
04_synth_locality_dense,66,DeferredPrepass,Synthetic,False,3,lighting,0.08572
04_synth_locality_dense,66,DeferredPrepass,Synthetic,False,4,tonemap,0.0293
04_synth_locality_dense,67,VisBuf,Synthetic,False,0,total,0.39924
04_synth_locality_dense,67,VisBuf,Synthetic,False,1,visibility,0.03534
04_synth_locality_dense,67,VisBuf,Synthetic,False,2,visutil_histogram,0.02791
04_synth_locality_dense,67,VisBuf,Synthetic,False,3,visutil_prefix,0.00213
04_synth_locality_dense,67,VisBuf,Synthetic,False,4,visutil_flatten,0.03502
04_synth_locality_dense,67,VisBuf,Synthetic,False,5,gbuffer,0.14031
04_synth_locality_dense,67,VisBuf,Synthetic,False,6,lighting,0.08902
04_synth_locality_dense,67,VisBuf,Synthetic,False,7,tonemap,0.0382
04_synth_locality_dense,68,DeferredPrepass,Synthetic,False,0,total,0.2575
04_synth_locality_dense,68,DeferredPrepass,Synthetic,False,1,depth_prepass,0.0256
04_synth_locality_dense,68,DeferredPrepass,Synthetic,False,2,geometry,0.10325
04_synth_locality_dense,68,DeferredPrepass,Synthetic,False,3,lighting,0.08611
04_synth_locality_dense,68,DeferredPrepass,Synthetic,False,4,tonemap,0.02935
04_synth_locality_dense,69,VisBuf,Synthetic,False,0,total,0.39738
04_synth_locality_dense,69,VisBuf,Synthetic,False,1,visibility,0.03525
04_synth_locality_dense,69,VisBuf,Synthetic,False,2,visutil_histogram,0.02787
04_synth_locality_dense,69,VisBuf,Synthetic,False,3,visutil_prefix,0.00213
04_synth_locality_dense,69,VisBuf,Synthetic,False,4,visutil_flatten,0.03468
04_synth_locality_dense,69,VisBuf,Synthetic,False,5,gbuffer,0.13931
04_synth_locality_dense,69,VisBuf,Synthetic,False,6,lighting,0.08911
04_synth_locality_dense,69,VisBuf,Synthetic,False,7,tonemap,0.03718
04_synth_locality_dense,70,DeferredPrepass,Synthetic,False,0,total,0.25719
04_synth_locality_dense,70,DeferredPrepass,Synthetic,False,1,depth_prepass,0.02566
04_synth_locality_dense,70,DeferredPrepass,Synthetic,False,2,geometry,0.10311
04_synth_locality_dense,70,DeferredPrepass,Synthetic,False,3,lighting,0.08573
04_synth_locality_dense,70,DeferredPrepass,Synthetic,False,4,tonemap,0.02921
04_synth_locality_dense,71,VisBuf,Synthetic,False,0,total,0.38318
04_synth_locality_dense,71,VisBuf,Synthetic,False,1,visibility,0.03479
04_synth_locality_dense,71,VisBuf,Synthetic,False,2,visutil_histogram,0.02672
04_synth_locality_dense,71,VisBuf,Synthetic,False,3,visutil_prefix,0.00207
04_synth_locality_dense,71,VisBuf,Synthetic,False,4,visutil_flatten,0.03632
04_synth_locality_dense,71,VisBuf,Synthetic,False,5,gbuffer,0.1343
04_synth_locality_dense,71,VisBuf,Synthetic,False,6,lighting,0.08826
04_synth_locality_dense,71,VisBuf,Synthetic,False,7,tonemap,0.02956
04_synth_locality_dense,72,DeferredPrepass,Synthetic,False,0,total,0.25356
04_synth_locality_dense,72,DeferredPrepass,Synthetic,False,1,depth_prepass,0.02534
04_synth_locality_dense,72,DeferredPrepass,Synthetic,False,2,geometry,0.09987
04_synth_locality_dense,72,DeferredPrepass,Synthetic,False,3,lighting,0.08618
04_synth_locality_dense,72,DeferredPrepass,Synthetic,False,4,tonemap,0.02922
04_synth_locality_dense,73,VisBuf,Synthetic,False,0,total,0.39308
04_synth_locality_dense,73,VisBuf,Synthetic,False,1,visibility,0.03433
04_synth_locality_dense,73,VisBuf,Synthetic,False,2,visutil_histogram,0.02766
04_synth_locality_dense,73,VisBuf,Synthetic,False,3,visutil_prefix,0.00211
04_synth_locality_dense,73,VisBuf,Synthetic,False,4,visutil_flatten,0.03426
04_synth_locality_dense,73,VisBuf,Synthetic,False,5,gbuffer,0.13852
04_synth_locality_dense,73,VisBuf,Synthetic,False,6,lighting,0.08854
04_synth_locality_dense,73,VisBuf,Synthetic,False,7,tonemap,0.03552
04_synth_locality_dense,74,DeferredPrepass,Synthetic,False,0,total,0.25534
04_synth_locality_dense,74,DeferredPrepass,Synthetic,False,1,depth_prepass,0.02575
04_synth_locality_dense,74,DeferredPrepass,Synthetic,False,2,geometry,0.09991
04_synth_locality_dense,74,DeferredPrepass,Synthetic,False,3,lighting,0.0857
04_synth_locality_dense,74,DeferredPrepass,Synthetic,False,4,tonemap,0.02923
04_synth_locality_dense,75,VisBuf,Synthetic,False,0,total,0.38325
04_synth_locality_dense,75,VisBuf,Synthetic,False,1,visibility,0.03394
04_synth_locality_dense,75,VisBuf,Synthetic,False,2,visutil_histogram,0.02686
04_synth_locality_dense,75,VisBuf,Synthetic,False,3,visutil_prefix,0.00208
04_synth_locality_dense,75,VisBuf,Synthetic,False,4,visutil_flatten,0.03429
04_synth_locality_dense,75,VisBuf,Synthetic,False,5,gbuffer,0.13603
04_synth_locality_dense,75,VisBuf,Synthetic,False,6,lighting,0.08789
04_synth_locality_dense,75,VisBuf,Synthetic,False,7,tonemap,0.02969
04_synth_locality_dense,76,DeferredPrepass,Synthetic,False,0,total,0.25648
04_synth_locality_dense,76,DeferredPrepass,Synthetic,False,1,depth_prepass,0.02573
04_synth_locality_dense,76,DeferredPrepass,Synthetic,False,2,geometry,0.10252
04_synth_locality_dense,76,DeferredPrepass,Synthetic,False,3,lighting,0.08563
04_synth_locality_dense,76,DeferredPrepass,Synthetic,False,4,tonemap,0.02882
04_synth_locality_dense,77,VisBuf,Synthetic,False,0,total,0.38148
04_synth_locality_dense,77,VisBuf,Synthetic,False,1,visibility,0.03385
04_synth_locality_dense,77,VisBuf,Synthetic,False,2,visutil_histogram,0.02742
04_synth_locality_dense,77,VisBuf,Synthetic,False,3,visutil_prefix,0.00207
04_synth_locality_dense,77,VisBuf,Synthetic,False,4,visutil_flatten,0.03432
04_synth_locality_dense,77,VisBuf,Synthetic,False,5,gbuffer,0.13335
04_synth_locality_dense,77,VisBuf,Synthetic,False,6,lighting,0.08807
04_synth_locality_dense,77,VisBuf,Synthetic,False,7,tonemap,0.02996
05_synth_diversity_dense,0,DeferredPrepass,Synthetic,False,0,total,0.24534
05_synth_diversity_dense,0,DeferredPrepass,Synthetic,False,1,depth_prepass,0.02332
05_synth_diversity_dense,0,DeferredPrepass,Synthetic,False,2,geometry,0.09402
05_synth_diversity_dense,0,DeferredPrepass,Synthetic,False,3,lighting,0.08563
05_synth_diversity_dense,0,DeferredPrepass,Synthetic,False,4,tonemap,0.02831
05_synth_diversity_dense,1,VisBuf,Synthetic,False,0,total,0.33923
05_synth_diversity_dense,1,VisBuf,Synthetic,False,1,visibility,0.03264
05_synth_diversity_dense,1,VisBuf,Synthetic,False,2,visutil_histogram,0.02293
05_synth_diversity_dense,1,VisBuf,Synthetic,False,3,visutil_prefix,0.00205
05_synth_diversity_dense,1,VisBuf,Synthetic,False,4,visutil_flatten,0.03052
05_synth_diversity_dense,1,VisBuf,Synthetic,False,5,gbuffer,0.10031
05_synth_diversity_dense,1,VisBuf,Synthetic,False,6,lighting,0.08969
05_synth_diversity_dense,1,VisBuf,Synthetic,False,7,tonemap,0.0295
05_synth_diversity_dense,2,DeferredPrepass,Synthetic,False,0,total,0.24622
05_synth_diversity_dense,2,DeferredPrepass,Synthetic,False,1,depth_prepass,0.02314
05_synth_diversity_dense,2,DeferredPrepass,Synthetic,False,2,geometry,0.09444
05_synth_diversity_dense,2,DeferredPrepass,Synthetic,False,3,lighting,0.08616
05_synth_diversity_dense,2,DeferredPrepass,Synthetic,False,4,tonemap,0.02848
05_synth_diversity_dense,3,VisBuf,Synthetic,False,0,total,0.33842
05_synth_diversity_dense,3,VisBuf,Synthetic,False,1,visibility,0.03262
05_synth_diversity_dense,3,VisBuf,Synthetic,False,2,visutil_histogram,0.02287
05_synth_diversity_dense,3,VisBuf,Synthetic,False,3,visutil_prefix,0.00206
05_synth_diversity_dense,3,VisBuf,Synthetic,False,4,visutil_flatten,0.03052
05_synth_diversity_dense,3,VisBuf,Synthetic,False,5,gbuffer,0.09941
05_synth_diversity_dense,3,VisBuf,Synthetic,False,6,lighting,0.0898
05_synth_diversity_dense,3,VisBuf,Synthetic,False,7,tonemap,0.02996
05_synth_diversity_dense,4,DeferredPrepass,Synthetic,False,0,total,0.24411
05_synth_diversity_dense,4,DeferredPrepass,Synthetic,False,1,depth_prepass,0.02275
05_synth_diversity_dense,4,DeferredPrepass,Synthetic,False,2,geometry,0.09412
05_synth_diversity_dense,4,DeferredPrepass,Synthetic,False,3,lighting,0.08575
05_synth_diversity_dense,4,DeferredPrepass,Synthetic,False,4,tonemap,0.0281
05_synth_diversity_dense,5,VisBuf,Synthetic,False,0,total,0.34459
05_synth_diversity_dense,5,VisBuf,Synthetic,False,1,visibility,0.0326
05_synth_diversity_dense,5,VisBuf,Synthetic,False,2,visutil_histogram,0.0229
05_synth_diversity_dense,5,VisBuf,Synthetic,False,3,visutil_prefix,0.00206
05_synth_diversity_dense,5,VisBuf,Synthetic,False,4,visutil_flatten,0.03052
05_synth_diversity_dense,5,VisBuf,Synthetic,False,5,gbuffer,0.10347
05_synth_diversity_dense,5,VisBuf,Synthetic,False,6,lighting,0.09023
05_synth_diversity_dense,5,VisBuf,Synthetic,False,7,tonemap,0.03068
05_synth_diversity_dense,6,DeferredPrepass,Synthetic,False,0,total,0.26661
05_synth_diversity_dense,6,DeferredPrepass,Synthetic,False,1,depth_prepass,0.0228
05_synth_diversity_dense,6,DeferredPrepass,Synthetic,False,2,geometry,0.11357
05_synth_diversity_dense,6,DeferredPrepass,Synthetic,False,3,lighting,0.08703
05_synth_diversity_dense,6,DeferredPrepass,Synthetic,False,4,tonemap,0.0288
05_synth_diversity_dense,7,VisBuf,Synthetic,False,0,total,0.39798
05_synth_diversity_dense,7,VisBuf,Synthetic,False,1,visibility,0.03444
05_synth_diversity_dense,7,VisBuf,Synthetic,False,2,visutil_histogram,0.02492
05_synth_diversity_dense,7,VisBuf,Synthetic,False,3,visutil_prefix,0.00234
05_synth_diversity_dense,7,VisBuf,Synthetic,False,4,visutil_flatten,0.03224
05_synth_diversity_dense,7,VisBuf,Synthetic,False,5,gbuffer,0.14661
05_synth_diversity_dense,7,VisBuf,Synthetic,False,6,lighting,0.08941
05_synth_diversity_dense,7,VisBuf,Synthetic,False,7,tonemap,0.03625
05_synth_diversity_dense,8,DeferredPrepass,Synthetic,False,0,total,0.26284
05_synth_diversity_dense,8,DeferredPrepass,Synthetic,False,1,depth_prepass,0.02285
05_synth_diversity_dense,8,DeferredPrepass,Synthetic,False,2,geometry,0.11291
05_synth_diversity_dense,8,DeferredPrepass,Synthetic,False,3,lighting,0.08569
05_synth_diversity_dense,8,DeferredPrepass,Synthetic,False,4,tonemap,0.02851
05_synth_diversity_dense,9,VisBuf,Synthetic,False,0,total,0.39024
05_synth_diversity_dense,9,VisBuf,Synthetic,False,1,visibility,0.03387
05_synth_diversity_dense,9,VisBuf,Synthetic,False,2,visutil_histogram,0.02485
05_synth_diversity_dense,9,VisBuf,Synthetic,False,3,visutil_prefix,0.00209
05_synth_diversity_dense,9,VisBuf,Synthetic,False,4,visutil_flatten,0.03207
05_synth_diversity_dense,9,VisBuf,Synthetic,False,5,gbuffer,0.14407
05_synth_diversity_dense,9,VisBuf,Synthetic,False,6,lighting,0.08819
05_synth_diversity_dense,9,VisBuf,Synthetic,False,7,tonemap,0.03253
05_synth_diversity_dense,10,DeferredPrepass,Synthetic,False,0,total,0.26859
05_synth_diversity_dense,10,DeferredPrepass,Synthetic,False,1,depth_prepass,0.02282
05_synth_diversity_dense,10,DeferredPrepass,Synthetic,False,2,geometry,0.1183
05_synth_diversity_dense,10,DeferredPrepass,Synthetic,False,3,lighting,0.08579
05_synth_diversity_dense,10,DeferredPrepass,Synthetic,False,4,tonemap,0.02875
05_synth_diversity_dense,11,VisBuf,Synthetic,False,0,total,0.36862
05_synth_diversity_dense,11,VisBuf,Synthetic,False,1,visibility,0.03353
05_synth_diversity_dense,11,VisBuf,Synthetic,False,2,visutil_histogram,0.02473
05_synth_diversity_dense,11,VisBuf,Synthetic,False,3,visutil_prefix,0.00206
05_synth_diversity_dense,11,VisBuf,Synthetic,False,4,visutil_flatten,0.03212
05_synth_diversity_dense,11,VisBuf,Synthetic,False,5,gbuffer,0.12523
05_synth_diversity_dense,11,VisBuf,Synthetic,False,6,lighting,0.08868
05_synth_diversity_dense,11,VisBuf,Synthetic,False,7,tonemap,0.02995
05_synth_diversity_dense,12,DeferredPrepass,Synthetic,False,0,total,0.26771
05_synth_diversity_dense,12,DeferredPrepass,Synthetic,False,1,depth_prepass,0.02253
05_synth_diversity_dense,12,DeferredPrepass,Synthetic,False,2,geometry,0.11801
05_synth_diversity_dense,12,DeferredPrepass,Synthetic,False,3,lighting,0.08571
05_synth_diversity_dense,12,DeferredPrepass,Synthetic,False,4,tonemap,0.02863
05_synth_diversity_dense,13,VisBuf,Synthetic,False,0,total,0.40229
05_synth_diversity_dense,13,VisBuf,Synthetic,False,1,visibility,0.03516
05_synth_diversity_dense,13,VisBuf,Synthetic,False,2,visutil_histogram,0.02638
05_synth_diversity_dense,13,VisBuf,Synthetic,False,3,visutil_prefix,0.00212
05_synth_diversity_dense,13,VisBuf,Synthetic,False,4,visutil_flatten,0.03337
05_synth_diversity_dense,13,VisBuf,Synthetic,False,5,gbuffer,0.14625
05_synth_diversity_dense,13,VisBuf,Synthetic,False,6,lighting,0.08996
05_synth_diversity_dense,13,VisBuf,Synthetic,False,7,tonemap,0.03623
05_synth_diversity_dense,14,DeferredPrepass,Synthetic,False,0,total,0.26765
05_synth_diversity_dense,14,DeferredPrepass,Synthetic,False,1,depth_prepass,0.02251
05_synth_diversity_dense,14,DeferredPrepass,Synthetic,False,2,geometry,0.11739
05_synth_diversity_dense,14,DeferredPrepass,Synthetic,False,3,lighting,0.08568
05_synth_diversity_dense,14,DeferredPrepass,Synthetic,False,4,tonemap,0.02902
05_synth_diversity_dense,15,VisBuf,Synthetic,False,0,total,0.38604
05_synth_diversity_dense,15,VisBuf,Synthetic,False,1,visibility,0.03433
05_synth_diversity_dense,15,VisBuf,Synthetic,False,2,visutil_histogram,0.02552
05_synth_diversity_dense,15,VisBuf,Synthetic,False,3,visutil_prefix,0.00206
05_synth_diversity_dense,15,VisBuf,Synthetic,False,4,visutil_flatten,0.0331
05_synth_diversity_dense,15,VisBuf,Synthetic,False,5,gbuffer,0.14123
05_synth_diversity_dense,15,VisBuf,Synthetic,False,6,lighting,0.08792
05_synth_diversity_dense,15,VisBuf,Synthetic,False,7,tonemap,0.02968
05_synth_diversity_dense,16,DeferredPrepass,Synthetic,False,0,total,0.27282
05_synth_diversity_dense,16,DeferredPrepass,Synthetic,False,1,depth_prepass,0.02244
05_synth_diversity_dense,16,DeferredPrepass,Synthetic,False,2,geometry,0.12291
05_synth_diversity_dense,16,DeferredPrepass,Synthetic,False,3,lighting,0.08577
05_synth_diversity_dense,16,DeferredPrepass,Synthetic,False,4,tonemap,0.02888
05_synth_diversity_dense,17,VisBuf,Synthetic,False,0,total,0.37228
05_synth_diversity_dense,17,VisBuf,Synthetic,False,1,visibility,0.03448
05_synth_diversity_dense,17,VisBuf,Synthetic,False,2,visutil_histogram,0.02551
05_synth_diversity_dense,17,VisBuf,Synthetic,False,3,visutil_prefix,0.00206
05_synth_diversity_dense,17,VisBuf,Synthetic,False,4,visutil_flatten,0.03332
05_synth_diversity_dense,17,VisBuf,Synthetic,False,5,gbuffer,0.12488
05_synth_diversity_dense,17,VisBuf,Synthetic,False,6,lighting,0.08907
05_synth_diversity_dense,17,VisBuf,Synthetic,False,7,tonemap,0.02975
05_synth_diversity_dense,18,DeferredPrepass,Synthetic,False,0,total,0.2729
05_synth_diversity_dense,18,DeferredPrepass,Synthetic,False,1,depth_prepass,0.0224
05_synth_diversity_dense,18,DeferredPrepass,Synthetic,False,2,geometry,0.12257
05_synth_diversity_dense,18,DeferredPrepass,Synthetic,False,3,lighting,0.08576
05_synth_diversity_dense,18,DeferredPrepass,Synthetic,False,4,tonemap,0.02938
05_synth_diversity_dense,19,VisBuf,Synthetic,False,0,total,0.39073
05_synth_diversity_dense,19,VisBuf,Synthetic,False,1,visibility,0.03651
05_synth_diversity_dense,19,VisBuf,Synthetic,False,2,visutil_histogram,0.02634
05_synth_diversity_dense,19,VisBuf,Synthetic,False,3,visutil_prefix,0.00206
05_synth_diversity_dense,19,VisBuf,Synthetic,False,4,visutil_flatten,0.0344
05_synth_diversity_dense,19,VisBuf,Synthetic,False,5,gbuffer,0.14188
05_synth_diversity_dense,19,VisBuf,Synthetic,False,6,lighting,0.08825
05_synth_diversity_dense,19,VisBuf,Synthetic,False,7,tonemap,0.02967
05_synth_diversity_dense,20,DeferredPrepass,Synthetic,False,0,total,0.27264
05_synth_diversity_dense,20,DeferredPrepass,Synthetic,False,1,depth_prepass,0.02295
05_synth_diversity_dense,20,DeferredPrepass,Synthetic,False,2,geometry,0.12169
05_synth_diversity_dense,20,DeferredPrepass,Synthetic,False,3,lighting,0.08569
05_synth_diversity_dense,20,DeferredPrepass,Synthetic,False,4,tonemap,0.02892
05_synth_diversity_dense,21,VisBuf,Synthetic,False,0,total,0.39069
05_synth_diversity_dense,21,VisBuf,Synthetic,False,1,visibility,0.03641
05_synth_diversity_dense,21,VisBuf,Synthetic,False,2,visutil_histogram,0.02653
05_synth_diversity_dense,21,VisBuf,Synthetic,False,3,visutil_prefix,0.00206
05_synth_diversity_dense,21,VisBuf,Synthetic,False,4,visutil_flatten,0.03459
05_synth_diversity_dense,21,VisBuf,Synthetic,False,5,gbuffer,0.14159
05_synth_diversity_dense,21,VisBuf,Synthetic,False,6,lighting,0.08819
05_synth_diversity_dense,21,VisBuf,Synthetic,False,7,tonemap,0.02948
05_synth_diversity_dense,22,DeferredPrepass,Synthetic,False,0,total,0.27303
05_synth_diversity_dense,22,DeferredPrepass,Synthetic,False,1,depth_prepass,0.0228
05_synth_diversity_dense,22,DeferredPrepass,Synthetic,False,2,geometry,0.12226
05_synth_diversity_dense,22,DeferredPrepass,Synthetic,False,3,lighting,0.08585
05_synth_diversity_dense,22,DeferredPrepass,Synthetic,False,4,tonemap,0.02911
05_synth_diversity_dense,23,VisBuf,Synthetic,False,0,total,0.39264
05_synth_diversity_dense,23,VisBuf,Synthetic,False,1,visibility,0.03721
05_synth_diversity_dense,23,VisBuf,Synthetic,False,2,visutil_histogram,0.02691
05_synth_diversity_dense,23,VisBuf,Synthetic,False,3,visutil_prefix,0.00213
05_synth_diversity_dense,23,VisBuf,Synthetic,False,4,visutil_flatten,0.0343
05_synth_diversity_dense,23,VisBuf,Synthetic,False,5,gbuffer,0.13336
05_synth_diversity_dense,23,VisBuf,Synthetic,False,6,lighting,0.08993
05_synth_diversity_dense,23,VisBuf,Synthetic,False,7,tonemap,0.03713
05_synth_diversity_dense,24,DeferredPrepass,Synthetic,False,0,total,0.27797
05_synth_diversity_dense,24,DeferredPrepass,Synthetic,False,1,depth_prepass,0.02333
05_synth_diversity_dense,24,DeferredPrepass,Synthetic,False,2,geometry,0.12412
05_synth_diversity_dense,24,DeferredPrepass,Synthetic,False,3,lighting,0.08657
05_synth_diversity_dense,24,DeferredPrepass,Synthetic,False,4,tonemap,0.02993
05_synth_diversity_dense,25,VisBuf,Synthetic,False,0,total,0.39577
05_synth_diversity_dense,25,VisBuf,Synthetic,False,1,visibility,0.03835
05_synth_diversity_dense,25,VisBuf,Synthetic,False,2,visutil_histogram,0.02656
05_synth_diversity_dense,25,VisBuf,Synthetic,False,3,visutil_prefix,0.00208
05_synth_diversity_dense,25,VisBuf,Synthetic,False,4,visutil_flatten,0.03508
05_synth_diversity_dense,25,VisBuf,Synthetic,False,5,gbuffer,0.14128
05_synth_diversity_dense,25,VisBuf,Synthetic,False,6,lighting,0.08895
05_synth_diversity_dense,25,VisBuf,Synthetic,False,7,tonemap,0.03024
05_synth_diversity_dense,26,DeferredPrepass,Synthetic,False,0,total,0.27584
05_synth_diversity_dense,26,DeferredPrepass,Synthetic,False,1,depth_prepass,0.02329
05_synth_diversity_dense,26,DeferredPrepass,Synthetic,False,2,geometry,0.12372
05_synth_diversity_dense,26,DeferredPrepass,Synthetic,False,3,lighting,0.08604
05_synth_diversity_dense,26,DeferredPrepass,Synthetic,False,4,tonemap,0.02956
05_synth_diversity_dense,27,VisBuf,Synthetic,False,0,total,0.39815
05_synth_diversity_dense,27,VisBuf,Synthetic,False,1,visibility,0.03851
05_synth_diversity_dense,27,VisBuf,Synthetic,False,2,visutil_histogram,0.0266
05_synth_diversity_dense,27,VisBuf,Synthetic,False,3,visutil_prefix,0.00208
05_synth_diversity_dense,27,VisBuf,Synthetic,False,4,visutil_flatten,0.03498
05_synth_diversity_dense,27,VisBuf,Synthetic,False,5,gbuffer,0.14276
05_synth_diversity_dense,27,VisBuf,Synthetic,False,6,lighting,0.08868
05_synth_diversity_dense,27,VisBuf,Synthetic,False,7,tonemap,0.03135
05_synth_diversity_dense,28,DeferredPrepass,Synthetic,False,0,total,0.27508
05_synth_diversity_dense,28,DeferredPrepass,Synthetic,False,1,depth_prepass,0.02299
05_synth_diversity_dense,28,DeferredPrepass,Synthetic,False,2,geometry,0.12375
05_synth_diversity_dense,28,DeferredPrepass,Synthetic,False,3,lighting,0.08587
05_synth_diversity_dense,28,DeferredPrepass,Synthetic,False,4,tonemap,0.02953
05_synth_diversity_dense,29,VisBuf,Synthetic,False,0,total,0.3966
05_synth_diversity_dense,29,VisBuf,Synthetic,False,1,visibility,0.03911
05_synth_diversity_dense,29,VisBuf,Synthetic,False,2,visutil_histogram,0.02695
05_synth_diversity_dense,29,VisBuf,Synthetic,False,3,visutil_prefix,0.00212
05_synth_diversity_dense,29,VisBuf,Synthetic,False,4,visutil_flatten,0.03488
05_synth_diversity_dense,29,VisBuf,Synthetic,False,5,gbuffer,0.1353
05_synth_diversity_dense,29,VisBuf,Synthetic,False,6,lighting,0.08957
05_synth_diversity_dense,29,VisBuf,Synthetic,False,7,tonemap,0.0358
05_synth_diversity_dense,30,DeferredPrepass,Synthetic,False,0,total,0.27762
05_synth_diversity_dense,30,DeferredPrepass,Synthetic,False,1,depth_prepass,0.02276
05_synth_diversity_dense,30,DeferredPrepass,Synthetic,False,2,geometry,0.12643
05_synth_diversity_dense,30,DeferredPrepass,Synthetic,False,3,lighting,0.08584
05_synth_diversity_dense,30,DeferredPrepass,Synthetic,False,4,tonemap,0.02973
05_synth_diversity_dense,31,VisBuf,Synthetic,False,0,total,0.39636
05_synth_diversity_dense,31,VisBuf,Synthetic,False,1,visibility,0.03984
05_synth_diversity_dense,31,VisBuf,Synthetic,False,2,visutil_histogram,0.02657
05_synth_diversity_dense,31,VisBuf,Synthetic,False,3,visutil_prefix,0.00206
05_synth_diversity_dense,31,VisBuf,Synthetic,False,4,visutil_flatten,0.03534
05_synth_diversity_dense,31,VisBuf,Synthetic,False,5,gbuffer,0.14144
05_synth_diversity_dense,31,VisBuf,Synthetic,False,6,lighting,0.08898
05_synth_diversity_dense,31,VisBuf,Synthetic,False,7,tonemap,0.02916
05_synth_diversity_dense,32,DeferredPrepass,Synthetic,False,0,total,0.27977
05_synth_diversity_dense,32,DeferredPrepass,Synthetic,False,1,depth_prepass,0.02243
05_synth_diversity_dense,32,DeferredPrepass,Synthetic,False,2,geometry,0.1268
05_synth_diversity_dense,32,DeferredPrepass,Synthetic,False,3,lighting,0.08622
05_synth_diversity_dense,32,DeferredPrepass,Synthetic,False,4,tonemap,0.0297
05_synth_diversity_dense,33,VisBuf,Synthetic,False,0,total,0.40262
05_synth_diversity_dense,33,VisBuf,Synthetic,False,1,visibility,0.04012
05_synth_diversity_dense,33,VisBuf,Synthetic,False,2,visutil_histogram,0.02676
05_synth_diversity_dense,33,VisBuf,Synthetic,False,3,visutil_prefix,0.00209
05_synth_diversity_dense,33,VisBuf,Synthetic,False,4,visutil_flatten,0.03536
05_synth_diversity_dense,33,VisBuf,Synthetic,False,5,gbuffer,0.14423
05_synth_diversity_dense,33,VisBuf,Synthetic,False,6,lighting,0.08911
05_synth_diversity_dense,33,VisBuf,Synthetic,False,7,tonemap,0.03187
05_synth_diversity_dense,34,DeferredPrepass,Synthetic,False,0,total,0.2778
05_synth_diversity_dense,34,DeferredPrepass,Synthetic,False,1,depth_prepass,0.02292
05_synth_diversity_dense,34,DeferredPrepass,Synthetic,False,2,geometry,0.12669
05_synth_diversity_dense,34,DeferredPrepass,Synthetic,False,3,lighting,0.08586
05_synth_diversity_dense,34,DeferredPrepass,Synthetic,False,4,tonemap,0.02941
05_synth_diversity_dense,35,VisBuf,Synthetic,False,0,total,0.39137
05_synth_diversity_dense,35,VisBuf,Synthetic,False,1,visibility,0.04031
05_synth_diversity_dense,35,VisBuf,Synthetic,False,2,visutil_histogram,0.02668
05_synth_diversity_dense,35,VisBuf,Synthetic,False,3,visutil_prefix,0.00207
05_synth_diversity_dense,35,VisBuf,Synthetic,False,4,visutil_flatten,0.03531
05_synth_diversity_dense,35,VisBuf,Synthetic,False,5,gbuffer,0.13378
05_synth_diversity_dense,35,VisBuf,Synthetic,False,6,lighting,0.08897
05_synth_diversity_dense,35,VisBuf,Synthetic,False,7,tonemap,0.03106
05_synth_diversity_dense,36,DeferredPrepass,Synthetic,False,0,total,0.28194
05_synth_diversity_dense,36,DeferredPrepass,Synthetic,False,1,depth_prepass,0.02192
05_synth_diversity_dense,36,DeferredPrepass,Synthetic,False,2,geometry,0.13078
05_synth_diversity_dense,36,DeferredPrepass,Synthetic,False,3,lighting,0.08594
05_synth_diversity_dense,36,DeferredPrepass,Synthetic,False,4,tonemap,0.0298
05_synth_diversity_dense,37,VisBuf,Synthetic,False,0,total,0.41587
05_synth_diversity_dense,37,VisBuf,Synthetic,False,1,visibility,0.0423
05_synth_diversity_dense,37,VisBuf,Synthetic,False,2,visutil_histogram,0.02694
05_synth_diversity_dense,37,VisBuf,Synthetic,False,3,visutil_prefix,0.00212
05_synth_diversity_dense,37,VisBuf,Synthetic,False,4,visutil_flatten,0.03567
05_synth_diversity_dense,37,VisBuf,Synthetic,False,5,gbuffer,0.1506
05_synth_diversity_dense,37,VisBuf,Synthetic,False,6,lighting,0.08957
05_synth_diversity_dense,37,VisBuf,Synthetic,False,7,tonemap,0.036
05_synth_diversity_dense,38,DeferredPrepass,Synthetic,False,0,total,0.28153
05_synth_diversity_dense,38,DeferredPrepass,Synthetic,False,1,depth_prepass,0.02178
05_synth_diversity_dense,38,DeferredPrepass,Synthetic,False,2,geometry,0.13114
05_synth_diversity_dense,38,DeferredPrepass,Synthetic,False,3,lighting,0.08588
05_synth_diversity_dense,38,DeferredPrepass,Synthetic,False,4,tonemap,0.02974
05_synth_diversity_dense,39,VisBuf,Synthetic,False,0,total,0.40394
05_synth_diversity_dense,39,VisBuf,Synthetic,False,1,visibility,0.04178
05_synth_diversity_dense,39,VisBuf,Synthetic,False,2,visutil_histogram,0.02685
05_synth_diversity_dense,39,VisBuf,Synthetic,False,3,visutil_prefix,0.00208
05_synth_diversity_dense,39,VisBuf,Synthetic,False,4,visutil_flatten,0.03599
05_synth_diversity_dense,39,VisBuf,Synthetic,False,5,gbuffer,0.14489
05_synth_diversity_dense,39,VisBuf,Synthetic,False,6,lighting,0.08867
05_synth_diversity_dense,39,VisBuf,Synthetic,False,7,tonemap,0.03118
05_synth_diversity_dense,40,DeferredPrepass,Synthetic,False,0,total,0.28289
05_synth_diversity_dense,40,DeferredPrepass,Synthetic,False,1,depth_prepass,0.02209
05_synth_diversity_dense,40,DeferredPrepass,Synthetic,False,2,geometry,0.13121
05_synth_diversity_dense,40,DeferredPrepass,Synthetic,False,3,lighting,0.08626
05_synth_diversity_dense,40,DeferredPrepass,Synthetic,False,4,tonemap,0.02993
05_synth_diversity_dense,41,VisBuf,Synthetic,False,0,total,0.41229
05_synth_diversity_dense,41,VisBuf,Synthetic,False,1,visibility,0.04225
05_synth_diversity_dense,41,VisBuf,Synthetic,False,2,visutil_histogram,0.02827
05_synth_diversity_dense,41,VisBuf,Synthetic,False,3,visutil_prefix,0.0021
05_synth_diversity_dense,41,VisBuf,Synthetic,False,4,visutil_flatten,0.03548
05_synth_diversity_dense,41,VisBuf,Synthetic,False,5,gbuffer,0.14545
05_synth_diversity_dense,41,VisBuf,Synthetic,False,6,lighting,0.09019
05_synth_diversity_dense,41,VisBuf,Synthetic,False,7,tonemap,0.03453
05_synth_diversity_dense,42,DeferredPrepass,Synthetic,False,0,total,0.28718
05_synth_diversity_dense,42,DeferredPrepass,Synthetic,False,1,depth_prepass,0.02112
05_synth_diversity_dense,42,DeferredPrepass,Synthetic,False,2,geometry,0.13563
05_synth_diversity_dense,42,DeferredPrepass,Synthetic,False,3,lighting,0.08628
05_synth_diversity_dense,42,DeferredPrepass,Synthetic,False,4,tonemap,0.02983
05_synth_diversity_dense,43,VisBuf,Synthetic,False,0,total,0.40576
05_synth_diversity_dense,43,VisBuf,Synthetic,False,1,visibility,0.04292
05_synth_diversity_dense,43,VisBuf,Synthetic,False,2,visutil_histogram,0.02639
05_synth_diversity_dense,43,VisBuf,Synthetic,False,3,visutil_prefix,0.00206
05_synth_diversity_dense,43,VisBuf,Synthetic,False,4,visutil_flatten,0.03606
05_synth_diversity_dense,43,VisBuf,Synthetic,False,5,gbuffer,0.14527
05_synth_diversity_dense,43,VisBuf,Synthetic,False,6,lighting,0.08895
05_synth_diversity_dense,43,VisBuf,Synthetic,False,7,tonemap,0.03013
05_synth_diversity_dense,44,DeferredPrepass,Synthetic,False,0,total,0.28676
05_synth_diversity_dense,44,DeferredPrepass,Synthetic,False,1,depth_prepass,0.02135
05_synth_diversity_dense,44,DeferredPrepass,Synthetic,False,2,geometry,0.1354
05_synth_diversity_dense,44,DeferredPrepass,Synthetic,False,3,lighting,0.08653
05_synth_diversity_dense,44,DeferredPrepass,Synthetic,False,4,tonemap,0.02988
05_synth_diversity_dense,45,VisBuf,Synthetic,False,0,total,0.40274
05_synth_diversity_dense,45,VisBuf,Synthetic,False,1,visibility,0.04291
05_synth_diversity_dense,45,VisBuf,Synthetic,False,2,visutil_histogram,0.02656
05_synth_diversity_dense,45,VisBuf,Synthetic,False,3,visutil_prefix,0.00206
05_synth_diversity_dense,45,VisBuf,Synthetic,False,4,visutil_flatten,0.03587
05_synth_diversity_dense,45,VisBuf,Synthetic,False,5,gbuffer,0.14368
05_synth_diversity_dense,45,VisBuf,Synthetic,False,6,lighting,0.08961
05_synth_diversity_dense,45,VisBuf,Synthetic,False,7,tonemap,0.029
05_synth_diversity_dense,46,DeferredPrepass,Synthetic,False,0,total,0.28754
05_synth_diversity_dense,46,DeferredPrepass,Synthetic,False,1,depth_prepass,0.02153
05_synth_diversity_dense,46,DeferredPrepass,Synthetic,False,2,geometry,0.13485
05_synth_diversity_dense,46,DeferredPrepass,Synthetic,False,3,lighting,0.08637
05_synth_diversity_dense,46,DeferredPrepass,Synthetic,False,4,tonemap,0.0296
05_synth_diversity_dense,47,VisBuf,Synthetic,False,0,total,0.39852
05_synth_diversity_dense,47,VisBuf,Synthetic,False,1,visibility,0.04286
05_synth_diversity_dense,47,VisBuf,Synthetic,False,2,visutil_histogram,0.02663
05_synth_diversity_dense,47,VisBuf,Synthetic,False,3,visutil_prefix,0.00206
05_synth_diversity_dense,47,VisBuf,Synthetic,False,4,visutil_flatten,0.03594
05_synth_diversity_dense,47,VisBuf,Synthetic,False,5,gbuffer,0.1378
05_synth_diversity_dense,47,VisBuf,Synthetic,False,6,lighting,0.08925
05_synth_diversity_dense,47,VisBuf,Synthetic,False,7,tonemap,0.03008
05_synth_diversity_dense,48,DeferredPrepass,Synthetic,False,0,total,0.28964
05_synth_diversity_dense,48,DeferredPrepass,Synthetic,False,1,depth_prepass,0.02062
05_synth_diversity_dense,48,DeferredPrepass,Synthetic,False,2,geometry,0.13943
05_synth_diversity_dense,48,DeferredPrepass,Synthetic,False,3,lighting,0.08604
05_synth_diversity_dense,48,DeferredPrepass,Synthetic,False,4,tonemap,0.02968
05_synth_diversity_dense,49,VisBuf,Synthetic,False,0,total,0.42174
05_synth_diversity_dense,49,VisBuf,Synthetic,False,1,visibility,0.04487
05_synth_diversity_dense,49,VisBuf,Synthetic,False,2,visutil_histogram,0.02712
05_synth_diversity_dense,49,VisBuf,Synthetic,False,3,visutil_prefix,0.00211
05_synth_diversity_dense,49,VisBuf,Synthetic,False,4,visutil_flatten,0.03587
05_synth_diversity_dense,49,VisBuf,Synthetic,False,5,gbuffer,0.15397
05_synth_diversity_dense,49,VisBuf,Synthetic,False,6,lighting,0.08967
05_synth_diversity_dense,49,VisBuf,Synthetic,False,7,tonemap,0.03545
05_synth_diversity_dense,50,DeferredPrepass,Synthetic,False,0,total,0.28724
05_synth_diversity_dense,50,DeferredPrepass,Synthetic,False,1,depth_prepass,0.02064
05_synth_diversity_dense,50,DeferredPrepass,Synthetic,False,2,geometry,0.13841
05_synth_diversity_dense,50,DeferredPrepass,Synthetic,False,3,lighting,0.08585
05_synth_diversity_dense,50,DeferredPrepass,Synthetic,False,4,tonemap,0.02952
05_synth_diversity_dense,51,VisBuf,Synthetic,False,0,total,0.40073
05_synth_diversity_dense,51,VisBuf,Synthetic,False,1,visibility,0.04414
05_synth_diversity_dense,51,VisBuf,Synthetic,False,2,visutil_histogram,0.02616
05_synth_diversity_dense,51,VisBuf,Synthetic,False,3,visutil_prefix,0.00206
05_synth_diversity_dense,51,VisBuf,Synthetic,False,4,visutil_flatten,0.03565
05_synth_diversity_dense,51,VisBuf,Synthetic,False,5,gbuffer,0.14328
05_synth_diversity_dense,51,VisBuf,Synthetic,False,6,lighting,0.0885
05_synth_diversity_dense,51,VisBuf,Synthetic,False,7,tonemap,0.02881
05_synth_diversity_dense,52,DeferredPrepass,Synthetic,False,0,total,0.28673
05_synth_diversity_dense,52,DeferredPrepass,Synthetic,False,1,depth_prepass,0.02055
05_synth_diversity_dense,52,DeferredPrepass,Synthetic,False,2,geometry,0.13804
05_synth_diversity_dense,52,DeferredPrepass,Synthetic,False,3,lighting,0.08583
05_synth_diversity_dense,52,DeferredPrepass,Synthetic,False,4,tonemap,0.02946
05_synth_diversity_dense,53,VisBuf,Synthetic,False,0,total,0.39561
05_synth_diversity_dense,53,VisBuf,Synthetic,False,1,visibility,0.04401
05_synth_diversity_dense,53,VisBuf,Synthetic,False,2,visutil_histogram,0.02618
05_synth_diversity_dense,53,VisBuf,Synthetic,False,3,visutil_prefix,0.00207
05_synth_diversity_dense,53,VisBuf,Synthetic,False,4,visutil_flatten,0.03564
05_synth_diversity_dense,53,VisBuf,Synthetic,False,5,gbuffer,0.13847
05_synth_diversity_dense,53,VisBuf,Synthetic,False,6,lighting,0.08855
05_synth_diversity_dense,53,VisBuf,Synthetic,False,7,tonemap,0.02884
05_synth_diversity_dense,54,DeferredPrepass,Synthetic,False,0,total,0.29007
05_synth_diversity_dense,54,DeferredPrepass,Synthetic,False,1,depth_prepass,0.02043
05_synth_diversity_dense,54,DeferredPrepass,Synthetic,False,2,geometry,0.1411
05_synth_diversity_dense,54,DeferredPrepass,Synthetic,False,3,lighting,0.08592
05_synth_diversity_dense,54,DeferredPrepass,Synthetic,False,4,tonemap,0.02977
05_synth_diversity_dense,55,VisBuf,Synthetic,False,0,total,0.41753
05_synth_diversity_dense,55,VisBuf,Synthetic,False,1,visibility,0.04542
05_synth_diversity_dense,55,VisBuf,Synthetic,False,2,visutil_histogram,0.02637
05_synth_diversity_dense,55,VisBuf,Synthetic,False,3,visutil_prefix,0.00211
05_synth_diversity_dense,55,VisBuf,Synthetic,False,4,visutil_flatten,0.03565
05_synth_diversity_dense,55,VisBuf,Synthetic,False,5,gbuffer,0.15266
05_synth_diversity_dense,55,VisBuf,Synthetic,False,6,lighting,0.08914
05_synth_diversity_dense,55,VisBuf,Synthetic,False,7,tonemap,0.03344
05_synth_diversity_dense,56,DeferredPrepass,Synthetic,False,0,total,0.2902
05_synth_diversity_dense,56,DeferredPrepass,Synthetic,False,1,depth_prepass,0.02035
05_synth_diversity_dense,56,DeferredPrepass,Synthetic,False,2,geometry,0.14135
05_synth_diversity_dense,56,DeferredPrepass,Synthetic,False,3,lighting,0.08581
05_synth_diversity_dense,56,DeferredPrepass,Synthetic,False,4,tonemap,0.02972
05_synth_diversity_dense,57,VisBuf,Synthetic,False,0,total,0.42429
05_synth_diversity_dense,57,VisBuf,Synthetic,False,1,visibility,0.04571
05_synth_diversity_dense,57,VisBuf,Synthetic,False,2,visutil_histogram,0.02684
05_synth_diversity_dense,57,VisBuf,Synthetic,False,3,visutil_prefix,0.00212
05_synth_diversity_dense,57,VisBuf,Synthetic,False,4,visutil_flatten,0.03563
05_synth_diversity_dense,57,VisBuf,Synthetic,False,5,gbuffer,0.15635
05_synth_diversity_dense,57,VisBuf,Synthetic,False,6,lighting,0.08916
05_synth_diversity_dense,57,VisBuf,Synthetic,False,7,tonemap,0.03566
05_synth_diversity_dense,58,DeferredPrepass,Synthetic,False,0,total,0.29002
05_synth_diversity_dense,58,DeferredPrepass,Synthetic,False,1,depth_prepass,0.02035
05_synth_diversity_dense,58,DeferredPrepass,Synthetic,False,2,geometry,0.14113
05_synth_diversity_dense,58,DeferredPrepass,Synthetic,False,3,lighting,0.0859
05_synth_diversity_dense,58,DeferredPrepass,Synthetic,False,4,tonemap,0.02973
05_synth_diversity_dense,59,VisBuf,Synthetic,False,0,total,0.4003
05_synth_diversity_dense,59,VisBuf,Synthetic,False,1,visibility,0.04495
05_synth_diversity_dense,59,VisBuf,Synthetic,False,2,visutil_histogram,0.02606
05_synth_diversity_dense,59,VisBuf,Synthetic,False,3,visutil_prefix,0.00207
05_synth_diversity_dense,59,VisBuf,Synthetic,False,4,visutil_flatten,0.03567
05_synth_diversity_dense,59,VisBuf,Synthetic,False,5,gbuffer,0.14155
05_synth_diversity_dense,59,VisBuf,Synthetic,False,6,lighting,0.08851
05_synth_diversity_dense,59,VisBuf,Synthetic,False,7,tonemap,0.02889
05_synth_diversity_dense,60,DeferredPrepass,Synthetic,False,0,total,0.29179
05_synth_diversity_dense,60,DeferredPrepass,Synthetic,False,1,depth_prepass,0.0203
05_synth_diversity_dense,60,DeferredPrepass,Synthetic,False,2,geometry,0.14307
05_synth_diversity_dense,60,DeferredPrepass,Synthetic,False,3,lighting,0.08591
05_synth_diversity_dense,60,DeferredPrepass,Synthetic,False,4,tonemap,0.02964
05_synth_diversity_dense,61,VisBuf,Synthetic,False,0,total,0.41201
05_synth_diversity_dense,61,VisBuf,Synthetic,False,1,visibility,0.04586
05_synth_diversity_dense,61,VisBuf,Synthetic,False,2,visutil_histogram,0.02613
05_synth_diversity_dense,61,VisBuf,Synthetic,False,3,visutil_prefix,0.0021
05_synth_diversity_dense,61,VisBuf,Synthetic,False,4,visutil_flatten,0.03574
05_synth_diversity_dense,61,VisBuf,Synthetic,False,5,gbuffer,0.14982
05_synth_diversity_dense,61,VisBuf,Synthetic,False,6,lighting,0.08878
05_synth_diversity_dense,61,VisBuf,Synthetic,False,7,tonemap,0.0313
05_synth_diversity_dense,62,DeferredPrepass,Synthetic,False,0,total,0.29221
05_synth_diversity_dense,62,DeferredPrepass,Synthetic,False,1,depth_prepass,0.02013
05_synth_diversity_dense,62,DeferredPrepass,Synthetic,False,2,geometry,0.1433
05_synth_diversity_dense,62,DeferredPrepass,Synthetic,False,3,lighting,0.08616
05_synth_diversity_dense,62,DeferredPrepass,Synthetic,False,4,tonemap,0.02935
05_synth_diversity_dense,63,VisBuf,Synthetic,False,0,total,0.42895
05_synth_diversity_dense,63,VisBuf,Synthetic,False,1,visibility,0.04645
05_synth_diversity_dense,63,VisBuf,Synthetic,False,2,visutil_histogram,0.02646
05_synth_diversity_dense,63,VisBuf,Synthetic,False,3,visutil_prefix,0.00214
05_synth_diversity_dense,63,VisBuf,Synthetic,False,4,visutil_flatten,0.0357
05_synth_diversity_dense,63,VisBuf,Synthetic,False,5,gbuffer,0.15976
05_synth_diversity_dense,63,VisBuf,Synthetic,False,6,lighting,0.08956
05_synth_diversity_dense,63,VisBuf,Synthetic,False,7,tonemap,0.03669
05_synth_diversity_dense,64,DeferredPrepass,Synthetic,False,0,total,0.29127
05_synth_diversity_dense,64,DeferredPrepass,Synthetic,False,1,depth_prepass,0.01999
05_synth_diversity_dense,64,DeferredPrepass,Synthetic,False,2,geometry,0.14294
05_synth_diversity_dense,64,DeferredPrepass,Synthetic,False,3,lighting,0.0859
05_synth_diversity_dense,64,DeferredPrepass,Synthetic,False,4,tonemap,0.02936
05_synth_diversity_dense,65,VisBuf,Synthetic,False,0,total,0.40162
05_synth_diversity_dense,65,VisBuf,Synthetic,False,1,visibility,0.04554
05_synth_diversity_dense,65,VisBuf,Synthetic,False,2,visutil_histogram,0.02599
05_synth_diversity_dense,65,VisBuf,Synthetic,False,3,visutil_prefix,0.00207
05_synth_diversity_dense,65,VisBuf,Synthetic,False,4,visutil_flatten,0.03574
05_synth_diversity_dense,65,VisBuf,Synthetic,False,5,gbuffer,0.14303
05_synth_diversity_dense,65,VisBuf,Synthetic,False,6,lighting,0.08854
05_synth_diversity_dense,65,VisBuf,Synthetic,False,7,tonemap,0.02874
05_synth_diversity_dense,66,DeferredPrepass,Synthetic,False,0,total,0.29149
05_synth_diversity_dense,66,DeferredPrepass,Synthetic,False,1,depth_prepass,0.01988
05_synth_diversity_dense,66,DeferredPrepass,Synthetic,False,2,geometry,0.14354
05_synth_diversity_dense,66,DeferredPrepass,Synthetic,False,3,lighting,0.08581
05_synth_diversity_dense,66,DeferredPrepass,Synthetic,False,4,tonemap,0.02924
05_synth_diversity_dense,67,VisBuf,Synthetic,False,0,total,0.40276
05_synth_diversity_dense,67,VisBuf,Synthetic,False,1,visibility,0.04574
05_synth_diversity_dense,67,VisBuf,Synthetic,False,2,visutil_histogram,0.02592
05_synth_diversity_dense,67,VisBuf,Synthetic,False,3,visutil_prefix,0.00207
05_synth_diversity_dense,67,VisBuf,Synthetic,False,4,visutil_flatten,0.03575
05_synth_diversity_dense,67,VisBuf,Synthetic,False,5,gbuffer,0.14409
05_synth_diversity_dense,67,VisBuf,Synthetic,False,6,lighting,0.0885
05_synth_diversity_dense,67,VisBuf,Synthetic,False,7,tonemap,0.02862
05_synth_diversity_dense,68,DeferredPrepass,Synthetic,False,0,total,0.29176
05_synth_diversity_dense,68,DeferredPrepass,Synthetic,False,1,depth_prepass,0.0198
05_synth_diversity_dense,68,DeferredPrepass,Synthetic,False,2,geometry,0.14384
05_synth_diversity_dense,68,DeferredPrepass,Synthetic,False,3,lighting,0.08589
05_synth_diversity_dense,68,DeferredPrepass,Synthetic,False,4,tonemap,0.02921
05_synth_diversity_dense,69,VisBuf,Synthetic,False,0,total,0.42151
05_synth_diversity_dense,69,VisBuf,Synthetic,False,1,visibility,0.04632
05_synth_diversity_dense,69,VisBuf,Synthetic,False,2,visutil_histogram,0.02629
05_synth_diversity_dense,69,VisBuf,Synthetic,False,3,visutil_prefix,0.00212
05_synth_diversity_dense,69,VisBuf,Synthetic,False,4,visutil_flatten,0.03575
05_synth_diversity_dense,69,VisBuf,Synthetic,False,5,gbuffer,0.15574
05_synth_diversity_dense,69,VisBuf,Synthetic,False,6,lighting,0.08902
05_synth_diversity_dense,69,VisBuf,Synthetic,False,7,tonemap,0.03412
05_synth_diversity_dense,70,DeferredPrepass,Synthetic,False,0,total,0.29155
05_synth_diversity_dense,70,DeferredPrepass,Synthetic,False,1,depth_prepass,0.01993
05_synth_diversity_dense,70,DeferredPrepass,Synthetic,False,2,geometry,0.14347
05_synth_diversity_dense,70,DeferredPrepass,Synthetic,False,3,lighting,0.0858
05_synth_diversity_dense,70,DeferredPrepass,Synthetic,False,4,tonemap,0.02931
05_synth_diversity_dense,71,VisBuf,Synthetic,False,0,total,0.40249
05_synth_diversity_dense,71,VisBuf,Synthetic,False,1,visibility,0.04573
05_synth_diversity_dense,71,VisBuf,Synthetic,False,2,visutil_histogram,0.02594
05_synth_diversity_dense,71,VisBuf,Synthetic,False,3,visutil_prefix,0.00207
05_synth_diversity_dense,71,VisBuf,Synthetic,False,4,visutil_flatten,0.03577
05_synth_diversity_dense,71,VisBuf,Synthetic,False,5,gbuffer,0.14359
05_synth_diversity_dense,71,VisBuf,Synthetic,False,6,lighting,0.08853
05_synth_diversity_dense,71,VisBuf,Synthetic,False,7,tonemap,0.02864
05_synth_diversity_dense,72,DeferredPrepass,Synthetic,False,0,total,0.29143
05_synth_diversity_dense,72,DeferredPrepass,Synthetic,False,1,depth_prepass,0.01971
05_synth_diversity_dense,72,DeferredPrepass,Synthetic,False,2,geometry,0.14379
05_synth_diversity_dense,72,DeferredPrepass,Synthetic,False,3,lighting,0.08582
05_synth_diversity_dense,72,DeferredPrepass,Synthetic,False,4,tonemap,0.02919
05_synth_diversity_dense,73,VisBuf,Synthetic,False,0,total,0.40281
05_synth_diversity_dense,73,VisBuf,Synthetic,False,1,visibility,0.04572
05_synth_diversity_dense,73,VisBuf,Synthetic,False,2,visutil_histogram,0.02589
05_synth_diversity_dense,73,VisBuf,Synthetic,False,3,visutil_prefix,0.00207
05_synth_diversity_dense,73,VisBuf,Synthetic,False,4,visutil_flatten,0.03579
05_synth_diversity_dense,73,VisBuf,Synthetic,False,5,gbuffer,0.14404
05_synth_diversity_dense,73,VisBuf,Synthetic,False,6,lighting,0.08856
05_synth_diversity_dense,73,VisBuf,Synthetic,False,7,tonemap,0.02865
05_synth_diversity_dense,74,DeferredPrepass,Synthetic,False,0,total,0.29151
05_synth_diversity_dense,74,DeferredPrepass,Synthetic,False,1,depth_prepass,0.01982
05_synth_diversity_dense,74,DeferredPrepass,Synthetic,False,2,geometry,0.14363
05_synth_diversity_dense,74,DeferredPrepass,Synthetic,False,3,lighting,0.08586
05_synth_diversity_dense,74,DeferredPrepass,Synthetic,False,4,tonemap,0.02915
05_synth_diversity_dense,75,VisBuf,Synthetic,False,0,total,0.41088
05_synth_diversity_dense,75,VisBuf,Synthetic,False,1,visibility,0.04606
05_synth_diversity_dense,75,VisBuf,Synthetic,False,2,visutil_histogram,0.02603
05_synth_diversity_dense,75,VisBuf,Synthetic,False,3,visutil_prefix,0.00209
05_synth_diversity_dense,75,VisBuf,Synthetic,False,4,visutil_flatten,0.03576
05_synth_diversity_dense,75,VisBuf,Synthetic,False,5,gbuffer,0.14892
05_synth_diversity_dense,75,VisBuf,Synthetic,False,6,lighting,0.08907
05_synth_diversity_dense,75,VisBuf,Synthetic,False,7,tonemap,0.03092
05_synth_diversity_dense,76,DeferredPrepass,Synthetic,False,0,total,0.2914
05_synth_diversity_dense,76,DeferredPrepass,Synthetic,False,1,depth_prepass,0.01991
05_synth_diversity_dense,76,DeferredPrepass,Synthetic,False,2,geometry,0.14358
05_synth_diversity_dense,76,DeferredPrepass,Synthetic,False,3,lighting,0.0858
05_synth_diversity_dense,76,DeferredPrepass,Synthetic,False,4,tonemap,0.02921
05_synth_diversity_dense,77,VisBuf,Synthetic,False,0,total,0.40291
05_synth_diversity_dense,77,VisBuf,Synthetic,False,1,visibility,0.04579
05_synth_diversity_dense,77,VisBuf,Synthetic,False,2,visutil_histogram,0.02592
05_synth_diversity_dense,77,VisBuf,Synthetic,False,3,visutil_prefix,0.00207
05_synth_diversity_dense,77,VisBuf,Synthetic,False,4,visutil_flatten,0.03578
05_synth_diversity_dense,77,VisBuf,Synthetic,False,5,gbuffer,0.14424
05_synth_diversity_dense,77,VisBuf,Synthetic,False,6,lighting,0.0885
05_synth_diversity_dense,77,VisBuf,Synthetic,False,7,tonemap,0.02862
05_synth_diversity_dense,78,DeferredPrepass,Synthetic,False,0,total,0.24342
05_synth_diversity_dense,78,DeferredPrepass,Synthetic,False,1,depth_prepass,0.02256
05_synth_diversity_dense,78,DeferredPrepass,Synthetic,False,2,geometry,0.09414
05_synth_diversity_dense,78,DeferredPrepass,Synthetic,False,3,lighting,0.08564
05_synth_diversity_dense,78,DeferredPrepass,Synthetic,False,4,tonemap,0.02804
05_synth_diversity_dense,79,VisBuf,Synthetic,False,0,total,0.33781
05_synth_diversity_dense,79,VisBuf,Synthetic,False,1,visibility,0.03256
05_synth_diversity_dense,79,VisBuf,Synthetic,False,2,visutil_histogram,0.02282
05_synth_diversity_dense,79,VisBuf,Synthetic,False,3,visutil_prefix,0.00207
05_synth_diversity_dense,79,VisBuf,Synthetic,False,4,visutil_flatten,0.0305
05_synth_diversity_dense,79,VisBuf,Synthetic,False,5,gbuffer,0.09925
05_synth_diversity_dense,79,VisBuf,Synthetic,False,6,lighting,0.08967
05_synth_diversity_dense,79,VisBuf,Synthetic,False,7,tonemap,0.03009
05_synth_diversity_dense,80,DeferredPrepass,Synthetic,False,0,total,0.24337
05_synth_diversity_dense,80,DeferredPrepass,Synthetic,False,1,depth_prepass,0.02258
05_synth_diversity_dense,80,DeferredPrepass,Synthetic,False,2,geometry,0.09414
05_synth_diversity_dense,80,DeferredPrepass,Synthetic,False,3,lighting,0.08564
05_synth_diversity_dense,80,DeferredPrepass,Synthetic,False,4,tonemap,0.02804
05_synth_diversity_dense,81,VisBuf,Synthetic,False,0,total,0.3383
05_synth_diversity_dense,81,VisBuf,Synthetic,False,1,visibility,0.03257
05_synth_diversity_dense,81,VisBuf,Synthetic,False,2,visutil_histogram,0.02288
05_synth_diversity_dense,81,VisBuf,Synthetic,False,3,visutil_prefix,0.00207
05_synth_diversity_dense,81,VisBuf,Synthetic,False,4,visutil_flatten,0.03055
05_synth_diversity_dense,81,VisBuf,Synthetic,False,5,gbuffer,0.09914
05_synth_diversity_dense,81,VisBuf,Synthetic,False,6,lighting,0.0901
05_synth_diversity_dense,81,VisBuf,Synthetic,False,7,tonemap,0.03004
05_synth_diversity_dense,82,DeferredPrepass,Synthetic,False,0,total,0.2434
05_synth_diversity_dense,82,DeferredPrepass,Synthetic,False,1,depth_prepass,0.02259
05_synth_diversity_dense,82,DeferredPrepass,Synthetic,False,2,geometry,0.09412
05_synth_diversity_dense,82,DeferredPrepass,Synthetic,False,3,lighting,0.08564
05_synth_diversity_dense,82,DeferredPrepass,Synthetic,False,4,tonemap,0.02806
05_synth_diversity_dense,83,VisBuf,Synthetic,False,0,total,0.34068
05_synth_diversity_dense,83,VisBuf,Synthetic,False,1,visibility,0.0326
05_synth_diversity_dense,83,VisBuf,Synthetic,False,2,visutil_histogram,0.02283
05_synth_diversity_dense,83,VisBuf,Synthetic,False,3,visutil_prefix,0.00207
05_synth_diversity_dense,83,VisBuf,Synthetic,False,4,visutil_flatten,0.03055
05_synth_diversity_dense,83,VisBuf,Synthetic,False,5,gbuffer,0.10208
05_synth_diversity_dense,83,VisBuf,Synthetic,False,6,lighting,0.08943
05_synth_diversity_dense,83,VisBuf,Synthetic,False,7,tonemap,0.03006
05_synth_diversity_dense,84,DeferredPrepass,Synthetic,False,0,total,0.26246
05_synth_diversity_dense,84,DeferredPrepass,Synthetic,False,1,depth_prepass,0.023
05_synth_diversity_dense,84,DeferredPrepass,Synthetic,False,2,geometry,0.11264
05_synth_diversity_dense,84,DeferredPrepass,Synthetic,False,3,lighting,0.08579
05_synth_diversity_dense,84,DeferredPrepass,Synthetic,False,4,tonemap,0.02825
05_synth_diversity_dense,85,VisBuf,Synthetic,False,0,total,0.3896
05_synth_diversity_dense,85,VisBuf,Synthetic,False,1,visibility,0.03309
05_synth_diversity_dense,85,VisBuf,Synthetic,False,2,visutil_histogram,0.02368
05_synth_diversity_dense,85,VisBuf,Synthetic,False,3,visutil_prefix,0.0021
05_synth_diversity_dense,85,VisBuf,Synthetic,False,4,visutil_flatten,0.03093
05_synth_diversity_dense,85,VisBuf,Synthetic,False,5,gbuffer,0.14483
05_synth_diversity_dense,85,VisBuf,Synthetic,False,6,lighting,0.0885
05_synth_diversity_dense,85,VisBuf,Synthetic,False,7,tonemap,0.03312
05_synth_diversity_dense,86,DeferredPrepass,Synthetic,False,0,total,0.26268
05_synth_diversity_dense,86,DeferredPrepass,Synthetic,False,1,depth_prepass,0.02303
05_synth_diversity_dense,86,DeferredPrepass,Synthetic,False,2,geometry,0.11276
05_synth_diversity_dense,86,DeferredPrepass,Synthetic,False,3,lighting,0.08578
05_synth_diversity_dense,86,DeferredPrepass,Synthetic,False,4,tonemap,0.02828
05_synth_diversity_dense,87,VisBuf,Synthetic,False,0,total,0.38732
05_synth_diversity_dense,87,VisBuf,Synthetic,False,1,visibility,0.03305
05_synth_diversity_dense,87,VisBuf,Synthetic,False,2,visutil_histogram,0.02362
05_synth_diversity_dense,87,VisBuf,Synthetic,False,3,visutil_prefix,0.00209
05_synth_diversity_dense,87,VisBuf,Synthetic,False,4,visutil_flatten,0.03093
05_synth_diversity_dense,87,VisBuf,Synthetic,False,5,gbuffer,0.14426
05_synth_diversity_dense,87,VisBuf,Synthetic,False,6,lighting,0.08795
05_synth_diversity_dense,87,VisBuf,Synthetic,False,7,tonemap,0.03218
05_synth_diversity_dense,88,DeferredPrepass,Synthetic,False,0,total,0.26827
05_synth_diversity_dense,88,DeferredPrepass,Synthetic,False,1,depth_prepass,0.02289
05_synth_diversity_dense,88,DeferredPrepass,Synthetic,False,2,geometry,0.11833
05_synth_diversity_dense,88,DeferredPrepass,Synthetic,False,3,lighting,0.08582
05_synth_diversity_dense,88,DeferredPrepass,Synthetic,False,4,tonemap,0.02828
05_synth_diversity_dense,89,VisBuf,Synthetic,False,0,total,0.36601
05_synth_diversity_dense,89,VisBuf,Synthetic,False,1,visibility,0.03296
05_synth_diversity_dense,89,VisBuf,Synthetic,False,2,visutil_histogram,0.02344
05_synth_diversity_dense,89,VisBuf,Synthetic,False,3,visutil_prefix,0.00207
05_synth_diversity_dense,89,VisBuf,Synthetic,False,4,visutil_flatten,0.0309
05_synth_diversity_dense,89,VisBuf,Synthetic,False,5,gbuffer,0.12482
05_synth_diversity_dense,89,VisBuf,Synthetic,False,6,lighting,0.08866
05_synth_diversity_dense,89,VisBuf,Synthetic,False,7,tonemap,0.02986
05_synth_diversity_dense,90,DeferredPrepass,Synthetic,False,0,total,0.26223
05_synth_diversity_dense,90,DeferredPrepass,Synthetic,False,1,depth_prepass,0.02315
05_synth_diversity_dense,90,DeferredPrepass,Synthetic,False,2,geometry,0.11219
05_synth_diversity_dense,90,DeferredPrepass,Synthetic,False,3,lighting,0.08576
05_synth_diversity_dense,90,DeferredPrepass,Synthetic,False,4,tonemap,0.02837
05_synth_diversity_dense,91,VisBuf,Synthetic,False,0,total,0.38108
05_synth_diversity_dense,91,VisBuf,Synthetic,False,1,visibility,0.03298
05_synth_diversity_dense,91,VisBuf,Synthetic,False,2,visutil_histogram,0.02366
05_synth_diversity_dense,91,VisBuf,Synthetic,False,3,visutil_prefix,0.00207
05_synth_diversity_dense,91,VisBuf,Synthetic,False,4,visutil_flatten,0.03121
05_synth_diversity_dense,91,VisBuf,Synthetic,False,5,gbuffer,0.14084
05_synth_diversity_dense,91,VisBuf,Synthetic,False,6,lighting,0.08777
05_synth_diversity_dense,91,VisBuf,Synthetic,False,7,tonemap,0.02968
05_synth_diversity_dense,92,DeferredPrepass,Synthetic,False,0,total,0.26244
05_synth_diversity_dense,92,DeferredPrepass,Synthetic,False,1,depth_prepass,0.02322
05_synth_diversity_dense,92,DeferredPrepass,Synthetic,False,2,geometry,0.11216
05_synth_diversity_dense,92,DeferredPrepass,Synthetic,False,3,lighting,0.08598
05_synth_diversity_dense,92,DeferredPrepass,Synthetic,False,4,tonemap,0.02831
05_synth_diversity_dense,93,VisBuf,Synthetic,False,0,total,0.39559
05_synth_diversity_dense,93,VisBuf,Synthetic,False,1,visibility,0.03331
05_synth_diversity_dense,93,VisBuf,Synthetic,False,2,visutil_histogram,0.02438
05_synth_diversity_dense,93,VisBuf,Synthetic,False,3,visutil_prefix,0.00214
05_synth_diversity_dense,93,VisBuf,Synthetic,False,4,visutil_flatten,0.0312
05_synth_diversity_dense,93,VisBuf,Synthetic,False,5,gbuffer,0.14507
05_synth_diversity_dense,93,VisBuf,Synthetic,False,6,lighting,0.08884
05_synth_diversity_dense,93,VisBuf,Synthetic,False,7,tonemap,0.03786
05_synth_diversity_dense,94,DeferredPrepass,Synthetic,False,0,total,0.268
05_synth_diversity_dense,94,DeferredPrepass,Synthetic,False,1,depth_prepass,0.02307
05_synth_diversity_dense,94,DeferredPrepass,Synthetic,False,2,geometry,0.11805
05_synth_diversity_dense,94,DeferredPrepass,Synthetic,False,3,lighting,0.08582
05_synth_diversity_dense,94,DeferredPrepass,Synthetic,False,4,tonemap,0.02831
05_synth_diversity_dense,95,VisBuf,Synthetic,False,0,total,0.37808
05_synth_diversity_dense,95,VisBuf,Synthetic,False,1,visibility,0.0333
05_synth_diversity_dense,95,VisBuf,Synthetic,False,2,visutil_histogram,0.0245
05_synth_diversity_dense,95,VisBuf,Synthetic,False,3,visutil_prefix,0.00212
05_synth_diversity_dense,95,VisBuf,Synthetic,False,4,visutil_flatten,0.03117
05_synth_diversity_dense,95,VisBuf,Synthetic,False,5,gbuffer,0.12865
05_synth_diversity_dense,95,VisBuf,Synthetic,False,6,lighting,0.08943
05_synth_diversity_dense,95,VisBuf,Synthetic,False,7,tonemap,0.036
05_synth_diversity_dense,96,DeferredPrepass,Synthetic,False,0,total,0.26422
05_synth_diversity_dense,96,DeferredPrepass,Synthetic,False,1,depth_prepass,0.02401
05_synth_diversity_dense,96,DeferredPrepass,Synthetic,False,2,geometry,0.11183
05_synth_diversity_dense,96,DeferredPrepass,Synthetic,False,3,lighting,0.08588
05_synth_diversity_dense,96,DeferredPrepass,Synthetic,False,4,tonemap,0.02958
05_synth_diversity_dense,97,VisBuf,Synthetic,False,0,total,0.3829
05_synth_diversity_dense,97,VisBuf,Synthetic,False,1,visibility,0.03318
05_synth_diversity_dense,97,VisBuf,Synthetic,False,2,visutil_histogram,0.02447
05_synth_diversity_dense,97,VisBuf,Synthetic,False,3,visutil_prefix,0.00207
05_synth_diversity_dense,97,VisBuf,Synthetic,False,4,visutil_flatten,0.03175
05_synth_diversity_dense,97,VisBuf,Synthetic,False,5,gbuffer,0.14086
05_synth_diversity_dense,97,VisBuf,Synthetic,False,6,lighting,0.08832
05_synth_diversity_dense,97,VisBuf,Synthetic,False,7,tonemap,0.02986
05_synth_diversity_dense,98,DeferredPrepass,Synthetic,False,0,total,0.26221
05_synth_diversity_dense,98,DeferredPrepass,Synthetic,False,1,depth_prepass,0.02387
05_synth_diversity_dense,98,DeferredPrepass,Synthetic,False,2,geometry,0.11159
05_synth_diversity_dense,98,DeferredPrepass,Synthetic,False,3,lighting,0.08566
05_synth_diversity_dense,98,DeferredPrepass,Synthetic,False,4,tonemap,0.02834
05_synth_diversity_dense,99,VisBuf,Synthetic,False,0,total,0.3803
05_synth_diversity_dense,99,VisBuf,Synthetic,False,1,visibility,0.03325
05_synth_diversity_dense,99,VisBuf,Synthetic,False,2,visutil_histogram,0.02421
05_synth_diversity_dense,99,VisBuf,Synthetic,False,3,visutil_prefix,0.00207
05_synth_diversity_dense,99,VisBuf,Synthetic,False,4,visutil_flatten,0.03175
05_synth_diversity_dense,99,VisBuf,Synthetic,False,5,gbuffer,0.13922
05_synth_diversity_dense,99,VisBuf,Synthetic,False,6,lighting,0.08813
05_synth_diversity_dense,99,VisBuf,Synthetic,False,7,tonemap,0.02981
05_synth_diversity_dense,100,DeferredPrepass,Synthetic,False,0,total,0.26269
05_synth_diversity_dense,100,DeferredPrepass,Synthetic,False,1,depth_prepass,0.02376
05_synth_diversity_dense,100,DeferredPrepass,Synthetic,False,2,geometry,0.11211
05_synth_diversity_dense,100,DeferredPrepass,Synthetic,False,3,lighting,0.08561
05_synth_diversity_dense,100,DeferredPrepass,Synthetic,False,4,tonemap,0.02841
05_synth_diversity_dense,101,VisBuf,Synthetic,False,0,total,0.37928
05_synth_diversity_dense,101,VisBuf,Synthetic,False,1,visibility,0.03388
05_synth_diversity_dense,101,VisBuf,Synthetic,False,2,visutil_histogram,0.02492
05_synth_diversity_dense,101,VisBuf,Synthetic,False,3,visutil_prefix,0.00212
05_synth_diversity_dense,101,VisBuf,Synthetic,False,4,visutil_flatten,0.03173
05_synth_diversity_dense,101,VisBuf,Synthetic,False,5,gbuffer,0.12865
05_synth_diversity_dense,101,VisBuf,Synthetic,False,6,lighting,0.08953
05_synth_diversity_dense,101,VisBuf,Synthetic,False,7,tonemap,0.03618
05_synth_diversity_dense,102,DeferredPrepass,Synthetic,False,0,total,0.25821
05_synth_diversity_dense,102,DeferredPrepass,Synthetic,False,1,depth_prepass,0.02409
05_synth_diversity_dense,102,DeferredPrepass,Synthetic,False,2,geometry,0.10705
05_synth_diversity_dense,102,DeferredPrepass,Synthetic,False,3,lighting,0.08572
05_synth_diversity_dense,102,DeferredPrepass,Synthetic,False,4,tonemap,0.02834
05_synth_diversity_dense,103,VisBuf,Synthetic,False,0,total,0.38836
05_synth_diversity_dense,103,VisBuf,Synthetic,False,1,visibility,0.03355
05_synth_diversity_dense,103,VisBuf,Synthetic,False,2,visutil_histogram,0.02498
05_synth_diversity_dense,103,VisBuf,Synthetic,False,3,visutil_prefix,0.00211
05_synth_diversity_dense,103,VisBuf,Synthetic,False,4,visutil_flatten,0.03207
05_synth_diversity_dense,103,VisBuf,Synthetic,False,5,gbuffer,0.14094
05_synth_diversity_dense,103,VisBuf,Synthetic,False,6,lighting,0.08871
05_synth_diversity_dense,103,VisBuf,Synthetic,False,7,tonemap,0.03451
05_synth_diversity_dense,104,DeferredPrepass,Synthetic,False,0,total,0.25774
05_synth_diversity_dense,104,DeferredPrepass,Synthetic,False,1,depth_prepass,0.02397
05_synth_diversity_dense,104,DeferredPrepass,Synthetic,False,2,geometry,0.10687
05_synth_diversity_dense,104,DeferredPrepass,Synthetic,False,3,lighting,0.08577
05_synth_diversity_dense,104,DeferredPrepass,Synthetic,False,4,tonemap,0.02837
05_synth_diversity_dense,105,VisBuf,Synthetic,False,0,total,0.38326
05_synth_diversity_dense,105,VisBuf,Synthetic,False,1,visibility,0.03341
05_synth_diversity_dense,105,VisBuf,Synthetic,False,2,visutil_histogram,0.02475
05_synth_diversity_dense,105,VisBuf,Synthetic,False,3,visutil_prefix,0.00208
05_synth_diversity_dense,105,VisBuf,Synthetic,False,4,visutil_flatten,0.03212
05_synth_diversity_dense,105,VisBuf,Synthetic,False,5,gbuffer,0.13906
05_synth_diversity_dense,105,VisBuf,Synthetic,False,6,lighting,0.08855
05_synth_diversity_dense,105,VisBuf,Synthetic,False,7,tonemap,0.03187
05_synth_diversity_dense,106,DeferredPrepass,Synthetic,False,0,total,0.25721
05_synth_diversity_dense,106,DeferredPrepass,Synthetic,False,1,depth_prepass,0.02402
05_synth_diversity_dense,106,DeferredPrepass,Synthetic,False,2,geometry,0.1063
05_synth_diversity_dense,106,DeferredPrepass,Synthetic,False,3,lighting,0.08572
05_synth_diversity_dense,106,DeferredPrepass,Synthetic,False,4,tonemap,0.02837
05_synth_diversity_dense,107,VisBuf,Synthetic,False,0,total,0.38259
05_synth_diversity_dense,107,VisBuf,Synthetic,False,1,visibility,0.03366
05_synth_diversity_dense,107,VisBuf,Synthetic,False,2,visutil_histogram,0.02549
05_synth_diversity_dense,107,VisBuf,Synthetic,False,3,visutil_prefix,0.00213
05_synth_diversity_dense,107,VisBuf,Synthetic,False,4,visutil_flatten,0.03213
05_synth_diversity_dense,107,VisBuf,Synthetic,False,5,gbuffer,0.12927
05_synth_diversity_dense,107,VisBuf,Synthetic,False,6,lighting,0.09025
05_synth_diversity_dense,107,VisBuf,Synthetic,False,7,tonemap,0.03731
05_synth_diversity_dense,108,DeferredPrepass,Synthetic,False,0,total,0.25624
05_synth_diversity_dense,108,DeferredPrepass,Synthetic,False,1,depth_prepass,0.02394
05_synth_diversity_dense,108,DeferredPrepass,Synthetic,False,2,geometry,0.1051
05_synth_diversity_dense,108,DeferredPrepass,Synthetic,False,3,lighting,0.08571
05_synth_diversity_dense,108,DeferredPrepass,Synthetic,False,4,tonemap,0.02864
05_synth_diversity_dense,109,VisBuf,Synthetic,False,0,total,0.38748
05_synth_diversity_dense,109,VisBuf,Synthetic,False,1,visibility,0.03404
05_synth_diversity_dense,109,VisBuf,Synthetic,False,2,visutil_histogram,0.02523
05_synth_diversity_dense,109,VisBuf,Synthetic,False,3,visutil_prefix,0.0021
05_synth_diversity_dense,109,VisBuf,Synthetic,False,4,visutil_flatten,0.03241
05_synth_diversity_dense,109,VisBuf,Synthetic,False,5,gbuffer,0.13924
05_synth_diversity_dense,109,VisBuf,Synthetic,False,6,lighting,0.08862
05_synth_diversity_dense,109,VisBuf,Synthetic,False,7,tonemap,0.03326
05_synth_diversity_dense,110,DeferredPrepass,Synthetic,False,0,total,0.25579
05_synth_diversity_dense,110,DeferredPrepass,Synthetic,False,1,depth_prepass,0.02373
05_synth_diversity_dense,110,DeferredPrepass,Synthetic,False,2,geometry,0.10527
05_synth_diversity_dense,110,DeferredPrepass,Synthetic,False,3,lighting,0.08573
05_synth_diversity_dense,110,DeferredPrepass,Synthetic,False,4,tonemap,0.02827
05_synth_diversity_dense,111,VisBuf,Synthetic,False,0,total,0.38247
05_synth_diversity_dense,111,VisBuf,Synthetic,False,1,visibility,0.03345
05_synth_diversity_dense,111,VisBuf,Synthetic,False,2,visutil_histogram,0.02532
05_synth_diversity_dense,111,VisBuf,Synthetic,False,3,visutil_prefix,0.00208
05_synth_diversity_dense,111,VisBuf,Synthetic,False,4,visutil_flatten,0.03245
05_synth_diversity_dense,111,VisBuf,Synthetic,False,5,gbuffer,0.13798
05_synth_diversity_dense,111,VisBuf,Synthetic,False,6,lighting,0.08828
05_synth_diversity_dense,111,VisBuf,Synthetic,False,7,tonemap,0.03097
05_synth_diversity_dense,112,DeferredPrepass,Synthetic,False,0,total,0.25663
05_synth_diversity_dense,112,DeferredPrepass,Synthetic,False,1,depth_prepass,0.02375
05_synth_diversity_dense,112,DeferredPrepass,Synthetic,False,2,geometry,0.10556
05_synth_diversity_dense,112,DeferredPrepass,Synthetic,False,3,lighting,0.08573
05_synth_diversity_dense,112,DeferredPrepass,Synthetic,False,4,tonemap,0.02853
05_synth_diversity_dense,113,VisBuf,Synthetic,False,0,total,0.3832
05_synth_diversity_dense,113,VisBuf,Synthetic,False,1,visibility,0.03376
05_synth_diversity_dense,113,VisBuf,Synthetic,False,2,visutil_histogram,0.02575
05_synth_diversity_dense,113,VisBuf,Synthetic,False,3,visutil_prefix,0.00212
05_synth_diversity_dense,113,VisBuf,Synthetic,False,4,visutil_flatten,0.03243
05_synth_diversity_dense,113,VisBuf,Synthetic,False,5,gbuffer,0.13086
05_synth_diversity_dense,113,VisBuf,Synthetic,False,6,lighting,0.08994
05_synth_diversity_dense,113,VisBuf,Synthetic,False,7,tonemap,0.03634
05_synth_diversity_dense,114,DeferredPrepass,Synthetic,False,0,total,0.25434
05_synth_diversity_dense,114,DeferredPrepass,Synthetic,False,1,depth_prepass,0.02379
05_synth_diversity_dense,114,DeferredPrepass,Synthetic,False,2,geometry,0.10353
05_synth_diversity_dense,114,DeferredPrepass,Synthetic,False,3,lighting,0.08577
05_synth_diversity_dense,114,DeferredPrepass,Synthetic,False,4,tonemap,0.02846
05_synth_diversity_dense,115,VisBuf,Synthetic,False,0,total,0.39648
05_synth_diversity_dense,115,VisBuf,Synthetic,False,1,visibility,0.03401
05_synth_diversity_dense,115,VisBuf,Synthetic,False,2,visutil_histogram,0.02615
05_synth_diversity_dense,115,VisBuf,Synthetic,False,3,visutil_prefix,0.00213
05_synth_diversity_dense,115,VisBuf,Synthetic,False,4,visutil_flatten,0.03297
05_synth_diversity_dense,115,VisBuf,Synthetic,False,5,gbuffer,0.14107
05_synth_diversity_dense,115,VisBuf,Synthetic,False,6,lighting,0.08973
05_synth_diversity_dense,115,VisBuf,Synthetic,False,7,tonemap,0.03785
05_synth_diversity_dense,116,DeferredPrepass,Synthetic,False,0,total,0.25395
05_synth_diversity_dense,116,DeferredPrepass,Synthetic,False,1,depth_prepass,0.02366
05_synth_diversity_dense,116,DeferredPrepass,Synthetic,False,2,geometry,0.10333
05_synth_diversity_dense,116,DeferredPrepass,Synthetic,False,3,lighting,0.08573
05_synth_diversity_dense,116,DeferredPrepass,Synthetic,False,4,tonemap,0.02841
05_synth_diversity_dense,117,VisBuf,Synthetic,False,0,total,0.39467
05_synth_diversity_dense,117,VisBuf,Synthetic,False,1,visibility,0.03398
05_synth_diversity_dense,117,VisBuf,Synthetic,False,2,visutil_histogram,0.02599
05_synth_diversity_dense,117,VisBuf,Synthetic,False,3,visutil_prefix,0.00213
05_synth_diversity_dense,117,VisBuf,Synthetic,False,4,visutil_flatten,0.03278
05_synth_diversity_dense,117,VisBuf,Synthetic,False,5,gbuffer,0.14012
05_synth_diversity_dense,117,VisBuf,Synthetic,False,6,lighting,0.08957
05_synth_diversity_dense,117,VisBuf,Synthetic,False,7,tonemap,0.03715
05_synth_diversity_dense,118,DeferredPrepass,Synthetic,False,0,total,0.25423
05_synth_diversity_dense,118,DeferredPrepass,Synthetic,False,1,depth_prepass,0.02367
05_synth_diversity_dense,118,DeferredPrepass,Synthetic,False,2,geometry,0.10366
05_synth_diversity_dense,118,DeferredPrepass,Synthetic,False,3,lighting,0.0857
05_synth_diversity_dense,118,DeferredPrepass,Synthetic,False,4,tonemap,0.02843
05_synth_diversity_dense,119,VisBuf,Synthetic,False,0,total,0.37235
05_synth_diversity_dense,119,VisBuf,Synthetic,False,1,visibility,0.03365
05_synth_diversity_dense,119,VisBuf,Synthetic,False,2,visutil_histogram,0.02539
05_synth_diversity_dense,119,VisBuf,Synthetic,False,3,visutil_prefix,0.00207
05_synth_diversity_dense,119,VisBuf,Synthetic,False,4,visutil_flatten,0.03278
05_synth_diversity_dense,119,VisBuf,Synthetic,False,5,gbuffer,0.1276
05_synth_diversity_dense,119,VisBuf,Synthetic,False,6,lighting,0.08879
05_synth_diversity_dense,119,VisBuf,Synthetic,False,7,tonemap,0.02984
05_synth_diversity_dense,120,DeferredPrepass,Synthetic,False,0,total,0.25429
05_synth_diversity_dense,120,DeferredPrepass,Synthetic,False,1,depth_prepass,0.0246
05_synth_diversity_dense,120,DeferredPrepass,Synthetic,False,2,geometry,0.10247
05_synth_diversity_dense,120,DeferredPrepass,Synthetic,False,3,lighting,0.08569
05_synth_diversity_dense,120,DeferredPrepass,Synthetic,False,4,tonemap,0.02854
05_synth_diversity_dense,121,VisBuf,Synthetic,False,0,total,0.39876
05_synth_diversity_dense,121,VisBuf,Synthetic,False,1,visibility,0.03421
05_synth_diversity_dense,121,VisBuf,Synthetic,False,2,visutil_histogram,0.02665
05_synth_diversity_dense,121,VisBuf,Synthetic,False,3,visutil_prefix,0.00214
05_synth_diversity_dense,121,VisBuf,Synthetic,False,4,visutil_flatten,0.03313
05_synth_diversity_dense,121,VisBuf,Synthetic,False,5,gbuffer,0.14141
05_synth_diversity_dense,121,VisBuf,Synthetic,False,6,lighting,0.0896
05_synth_diversity_dense,121,VisBuf,Synthetic,False,7,tonemap,0.03902
05_synth_diversity_dense,122,DeferredPrepass,Synthetic,False,0,total,0.25412
05_synth_diversity_dense,122,DeferredPrepass,Synthetic,False,1,depth_prepass,0.02466
05_synth_diversity_dense,122,DeferredPrepass,Synthetic,False,2,geometry,0.10246
05_synth_diversity_dense,122,DeferredPrepass,Synthetic,False,3,lighting,0.08571
05_synth_diversity_dense,122,DeferredPrepass,Synthetic,False,4,tonemap,0.02853
05_synth_diversity_dense,123,VisBuf,Synthetic,False,0,total,0.38087
05_synth_diversity_dense,123,VisBuf,Synthetic,False,1,visibility,0.03366
05_synth_diversity_dense,123,VisBuf,Synthetic,False,2,visutil_histogram,0.02556
05_synth_diversity_dense,123,VisBuf,Synthetic,False,3,visutil_prefix,0.00207
05_synth_diversity_dense,123,VisBuf,Synthetic,False,4,visutil_flatten,0.03317
05_synth_diversity_dense,123,VisBuf,Synthetic,False,5,gbuffer,0.13558
05_synth_diversity_dense,123,VisBuf,Synthetic,False,6,lighting,0.08821
05_synth_diversity_dense,123,VisBuf,Synthetic,False,7,tonemap,0.02982
05_synth_diversity_dense,124,DeferredPrepass,Synthetic,False,0,total,0.25371
05_synth_diversity_dense,124,DeferredPrepass,Synthetic,False,1,depth_prepass,0.02444
05_synth_diversity_dense,124,DeferredPrepass,Synthetic,False,2,geometry,0.1023
05_synth_diversity_dense,124,DeferredPrepass,Synthetic,False,3,lighting,0.0858
05_synth_diversity_dense,124,DeferredPrepass,Synthetic,False,4,tonemap,0.02846
05_synth_diversity_dense,125,VisBuf,Synthetic,False,0,total,0.37457
05_synth_diversity_dense,125,VisBuf,Synthetic,False,1,visibility,0.03376
05_synth_diversity_dense,125,VisBuf,Synthetic,False,2,visutil_histogram,0.02564
05_synth_diversity_dense,125,VisBuf,Synthetic,False,3,visutil_prefix,0.00207
05_synth_diversity_dense,125,VisBuf,Synthetic,False,4,visutil_flatten,0.03314
05_synth_diversity_dense,125,VisBuf,Synthetic,False,5,gbuffer,0.12911
05_synth_diversity_dense,125,VisBuf,Synthetic,False,6,lighting,0.08843
05_synth_diversity_dense,125,VisBuf,Synthetic,False,7,tonemap,0.02976
05_synth_diversity_dense,126,DeferredPrepass,Synthetic,False,0,total,0.25418
05_synth_diversity_dense,126,DeferredPrepass,Synthetic,False,1,depth_prepass,0.02529
05_synth_diversity_dense,126,DeferredPrepass,Synthetic,False,2,geometry,0.10116
05_synth_diversity_dense,126,DeferredPrepass,Synthetic,False,3,lighting,0.08571
05_synth_diversity_dense,126,DeferredPrepass,Synthetic,False,4,tonemap,0.02894
05_synth_diversity_dense,127,VisBuf,Synthetic,False,0,total,0.38741
05_synth_diversity_dense,127,VisBuf,Synthetic,False,1,visibility,0.03392
05_synth_diversity_dense,127,VisBuf,Synthetic,False,2,visutil_histogram,0.02623
05_synth_diversity_dense,127,VisBuf,Synthetic,False,3,visutil_prefix,0.0021
05_synth_diversity_dense,127,VisBuf,Synthetic,False,4,visutil_flatten,0.03349
05_synth_diversity_dense,127,VisBuf,Synthetic,False,5,gbuffer,0.13731
05_synth_diversity_dense,127,VisBuf,Synthetic,False,6,lighting,0.08917
05_synth_diversity_dense,127,VisBuf,Synthetic,False,7,tonemap,0.03313
05_synth_diversity_dense,128,DeferredPrepass,Synthetic,False,0,total,0.25372
05_synth_diversity_dense,128,DeferredPrepass,Synthetic,False,1,depth_prepass,0.02534
05_synth_diversity_dense,128,DeferredPrepass,Synthetic,False,2,geometry,0.10118
05_synth_diversity_dense,128,DeferredPrepass,Synthetic,False,3,lighting,0.08567
05_synth_diversity_dense,128,DeferredPrepass,Synthetic,False,4,tonemap,0.02854
05_synth_diversity_dense,129,VisBuf,Synthetic,False,0,total,0.38995
05_synth_diversity_dense,129,VisBuf,Synthetic,False,1,visibility,0.03392
05_synth_diversity_dense,129,VisBuf,Synthetic,False,2,visutil_histogram,0.02652
05_synth_diversity_dense,129,VisBuf,Synthetic,False,3,visutil_prefix,0.00211
05_synth_diversity_dense,129,VisBuf,Synthetic,False,4,visutil_flatten,0.03354
05_synth_diversity_dense,129,VisBuf,Synthetic,False,5,gbuffer,0.13835
05_synth_diversity_dense,129,VisBuf,Synthetic,False,6,lighting,0.08895
05_synth_diversity_dense,129,VisBuf,Synthetic,False,7,tonemap,0.03449
05_synth_diversity_dense,130,DeferredPrepass,Synthetic,False,0,total,0.25385
05_synth_diversity_dense,130,DeferredPrepass,Synthetic,False,1,depth_prepass,0.02545
05_synth_diversity_dense,130,DeferredPrepass,Synthetic,False,2,geometry,0.10127
05_synth_diversity_dense,130,DeferredPrepass,Synthetic,False,3,lighting,0.0857
05_synth_diversity_dense,130,DeferredPrepass,Synthetic,False,4,tonemap,0.02867
05_synth_diversity_dense,131,VisBuf,Synthetic,False,0,total,0.37595
05_synth_diversity_dense,131,VisBuf,Synthetic,False,1,visibility,0.03369
05_synth_diversity_dense,131,VisBuf,Synthetic,False,2,visutil_histogram,0.02607
05_synth_diversity_dense,131,VisBuf,Synthetic,False,3,visutil_prefix,0.00207
05_synth_diversity_dense,131,VisBuf,Synthetic,False,4,visutil_flatten,0.03353
05_synth_diversity_dense,131,VisBuf,Synthetic,False,5,gbuffer,0.13037
05_synth_diversity_dense,131,VisBuf,Synthetic,False,6,lighting,0.0884
05_synth_diversity_dense,131,VisBuf,Synthetic,False,7,tonemap,0.0298
05_synth_diversity_dense,132,DeferredPrepass,Synthetic,False,0,total,0.25346
05_synth_diversity_dense,132,DeferredPrepass,Synthetic,False,1,depth_prepass,0.02551
05_synth_diversity_dense,132,DeferredPrepass,Synthetic,False,2,geometry,0.1004
05_synth_diversity_dense,132,DeferredPrepass,Synthetic,False,3,lighting,0.08566
05_synth_diversity_dense,132,DeferredPrepass,Synthetic,False,4,tonemap,0.02907
05_synth_diversity_dense,133,VisBuf,Synthetic,False,0,total,0.38015
05_synth_diversity_dense,133,VisBuf,Synthetic,False,1,visibility,0.0338
05_synth_diversity_dense,133,VisBuf,Synthetic,False,2,visutil_histogram,0.02618
05_synth_diversity_dense,133,VisBuf,Synthetic,False,3,visutil_prefix,0.00207
05_synth_diversity_dense,133,VisBuf,Synthetic,False,4,visutil_flatten,0.0338
05_synth_diversity_dense,133,VisBuf,Synthetic,False,5,gbuffer,0.13456
05_synth_diversity_dense,133,VisBuf,Synthetic,False,6,lighting,0.08825
05_synth_diversity_dense,133,VisBuf,Synthetic,False,7,tonemap,0.0297
05_synth_diversity_dense,134,DeferredPrepass,Synthetic,False,0,total,0.25325
05_synth_diversity_dense,134,DeferredPrepass,Synthetic,False,1,depth_prepass,0.02555
05_synth_diversity_dense,134,DeferredPrepass,Synthetic,False,2,geometry,0.10041
05_synth_diversity_dense,134,DeferredPrepass,Synthetic,False,3,lighting,0.0856
05_synth_diversity_dense,134,DeferredPrepass,Synthetic,False,4,tonemap,0.02892
05_synth_diversity_dense,135,VisBuf,Synthetic,False,0,total,0.38904
05_synth_diversity_dense,135,VisBuf,Synthetic,False,1,visibility,0.03398
05_synth_diversity_dense,135,VisBuf,Synthetic,False,2,visutil_histogram,0.02666
05_synth_diversity_dense,135,VisBuf,Synthetic,False,3,visutil_prefix,0.0021
05_synth_diversity_dense,135,VisBuf,Synthetic,False,4,visutil_flatten,0.03383
05_synth_diversity_dense,135,VisBuf,Synthetic,False,5,gbuffer,0.1381
05_synth_diversity_dense,135,VisBuf,Synthetic,False,6,lighting,0.08892
05_synth_diversity_dense,135,VisBuf,Synthetic,False,7,tonemap,0.03352
05_synth_diversity_dense,136,DeferredPrepass,Synthetic,False,0,total,0.2533
05_synth_diversity_dense,136,DeferredPrepass,Synthetic,False,1,depth_prepass,0.02518
05_synth_diversity_dense,136,DeferredPrepass,Synthetic,False,2,geometry,0.10038
05_synth_diversity_dense,136,DeferredPrepass,Synthetic,False,3,lighting,0.0857
05_synth_diversity_dense,136,DeferredPrepass,Synthetic,False,4,tonemap,0.02919
05_synth_diversity_dense,137,VisBuf,Synthetic,False,0,total,0.3822
05_synth_diversity_dense,137,VisBuf,Synthetic,False,1,visibility,0.03396
05_synth_diversity_dense,137,VisBuf,Synthetic,False,2,visutil_histogram,0.02677
05_synth_diversity_dense,137,VisBuf,Synthetic,False,3,visutil_prefix,0.00208
05_synth_diversity_dense,137,VisBuf,Synthetic,False,4,visutil_flatten,0.03383
05_synth_diversity_dense,137,VisBuf,Synthetic,False,5,gbuffer,0.13296
05_synth_diversity_dense,137,VisBuf,Synthetic,False,6,lighting,0.08862
05_synth_diversity_dense,137,VisBuf,Synthetic,False,7,tonemap,0.03177
05_synth_diversity_dense,138,DeferredPrepass,Synthetic,False,0,total,0.25291
05_synth_diversity_dense,138,DeferredPrepass,Synthetic,False,1,depth_prepass,0.0256
05_synth_diversity_dense,138,DeferredPrepass,Synthetic,False,2,geometry,0.09996
05_synth_diversity_dense,138,DeferredPrepass,Synthetic,False,3,lighting,0.08562
05_synth_diversity_dense,138,DeferredPrepass,Synthetic,False,4,tonemap,0.029
05_synth_diversity_dense,139,VisBuf,Synthetic,False,0,total,0.39666
05_synth_diversity_dense,139,VisBuf,Synthetic,False,1,visibility,0.03423
05_synth_diversity_dense,139,VisBuf,Synthetic,False,2,visutil_histogram,0.0275
05_synth_diversity_dense,139,VisBuf,Synthetic,False,3,visutil_prefix,0.00213
05_synth_diversity_dense,139,VisBuf,Synthetic,False,4,visutil_flatten,0.03405
05_synth_diversity_dense,139,VisBuf,Synthetic,False,5,gbuffer,0.13959
05_synth_diversity_dense,139,VisBuf,Synthetic,False,6,lighting,0.08927
05_synth_diversity_dense,139,VisBuf,Synthetic,False,7,tonemap,0.03777
05_synth_diversity_dense,140,DeferredPrepass,Synthetic,False,0,total,0.25316
05_synth_diversity_dense,140,DeferredPrepass,Synthetic,False,1,depth_prepass,0.02573
05_synth_diversity_dense,140,DeferredPrepass,Synthetic,False,2,geometry,0.09999
05_synth_diversity_dense,140,DeferredPrepass,Synthetic,False,3,lighting,0.08566
05_synth_diversity_dense,140,DeferredPrepass,Synthetic,False,4,tonemap,0.02896
05_synth_diversity_dense,141,VisBuf,Synthetic,False,0,total,0.38082
05_synth_diversity_dense,141,VisBuf,Synthetic,False,1,visibility,0.03386
05_synth_diversity_dense,141,VisBuf,Synthetic,False,2,visutil_histogram,0.02645
05_synth_diversity_dense,141,VisBuf,Synthetic,False,3,visutil_prefix,0.00207
05_synth_diversity_dense,141,VisBuf,Synthetic,False,4,visutil_flatten,0.03404
05_synth_diversity_dense,141,VisBuf,Synthetic,False,5,gbuffer,0.13413
05_synth_diversity_dense,141,VisBuf,Synthetic,False,6,lighting,0.08838
05_synth_diversity_dense,141,VisBuf,Synthetic,False,7,tonemap,0.02968
05_synth_diversity_dense,142,DeferredPrepass,Synthetic,False,0,total,0.2528
05_synth_diversity_dense,142,DeferredPrepass,Synthetic,False,1,depth_prepass,0.02534
05_synth_diversity_dense,142,DeferredPrepass,Synthetic,False,2,geometry,0.09992
05_synth_diversity_dense,142,DeferredPrepass,Synthetic,False,3,lighting,0.08569
05_synth_diversity_dense,142,DeferredPrepass,Synthetic,False,4,tonemap,0.02898
05_synth_diversity_dense,143,VisBuf,Synthetic,False,0,total,0.39703
05_synth_diversity_dense,143,VisBuf,Synthetic,False,1,visibility,0.03441
05_synth_diversity_dense,143,VisBuf,Synthetic,False,2,visutil_histogram,0.02763
05_synth_diversity_dense,143,VisBuf,Synthetic,False,3,visutil_prefix,0.00214
05_synth_diversity_dense,143,VisBuf,Synthetic,False,4,visutil_flatten,0.03406
05_synth_diversity_dense,143,VisBuf,Synthetic,False,5,gbuffer,0.13877
05_synth_diversity_dense,143,VisBuf,Synthetic,False,6,lighting,0.08945
05_synth_diversity_dense,143,VisBuf,Synthetic,False,7,tonemap,0.03863
05_synth_diversity_dense,144,DeferredPrepass,Synthetic,False,0,total,0.25418
05_synth_diversity_dense,144,DeferredPrepass,Synthetic,False,1,depth_prepass,0.02573
05_synth_diversity_dense,144,DeferredPrepass,Synthetic,False,2,geometry,0.10021
05_synth_diversity_dense,144,DeferredPrepass,Synthetic,False,3,lighting,0.08581
05_synth_diversity_dense,144,DeferredPrepass,Synthetic,False,4,tonemap,0.02965
05_synth_diversity_dense,145,VisBuf,Synthetic,False,0,total,0.39067
05_synth_diversity_dense,145,VisBuf,Synthetic,False,1,visibility,0.03435
05_synth_diversity_dense,145,VisBuf,Synthetic,False,2,visutil_histogram,0.02728
05_synth_diversity_dense,145,VisBuf,Synthetic,False,3,visutil_prefix,0.00211
05_synth_diversity_dense,145,VisBuf,Synthetic,False,4,visutil_flatten,0.03418
05_synth_diversity_dense,145,VisBuf,Synthetic,False,5,gbuffer,0.13732
05_synth_diversity_dense,145,VisBuf,Synthetic,False,6,lighting,0.089
05_synth_diversity_dense,145,VisBuf,Synthetic,False,7,tonemap,0.03458
05_synth_diversity_dense,146,DeferredPrepass,Synthetic,False,0,total,0.25317
05_synth_diversity_dense,146,DeferredPrepass,Synthetic,False,1,depth_prepass,0.0255
05_synth_diversity_dense,146,DeferredPrepass,Synthetic,False,2,geometry,0.10023
05_synth_diversity_dense,146,DeferredPrepass,Synthetic,False,3,lighting,0.08568
05_synth_diversity_dense,146,DeferredPrepass,Synthetic,False,4,tonemap,0.02899
05_synth_diversity_dense,147,VisBuf,Synthetic,False,0,total,0.38516
05_synth_diversity_dense,147,VisBuf,Synthetic,False,1,visibility,0.03419
05_synth_diversity_dense,147,VisBuf,Synthetic,False,2,visutil_histogram,0.02687
05_synth_diversity_dense,147,VisBuf,Synthetic,False,3,visutil_prefix,0.00209
05_synth_diversity_dense,147,VisBuf,Synthetic,False,4,visutil_flatten,0.0342
05_synth_diversity_dense,147,VisBuf,Synthetic,False,5,gbuffer,0.13537
05_synth_diversity_dense,147,VisBuf,Synthetic,False,6,lighting,0.08884
05_synth_diversity_dense,147,VisBuf,Synthetic,False,7,tonemap,0.0316
05_synth_diversity_dense,148,DeferredPrepass,Synthetic,False,0,total,0.25338
05_synth_diversity_dense,148,DeferredPrepass,Synthetic,False,1,depth_prepass,0.0255
05_synth_diversity_dense,148,DeferredPrepass,Synthetic,False,2,geometry,0.10028
05_synth_diversity_dense,148,DeferredPrepass,Synthetic,False,3,lighting,0.08583
05_synth_diversity_dense,148,DeferredPrepass,Synthetic,False,4,tonemap,0.02894
05_synth_diversity_dense,149,VisBuf,Synthetic,False,0,total,0.38035
05_synth_diversity_dense,149,VisBuf,Synthetic,False,1,visibility,0.03405
05_synth_diversity_dense,149,VisBuf,Synthetic,False,2,visutil_histogram,0.02669
05_synth_diversity_dense,149,VisBuf,Synthetic,False,3,visutil_prefix,0.00207
05_synth_diversity_dense,149,VisBuf,Synthetic,False,4,visutil_flatten,0.03421
05_synth_diversity_dense,149,VisBuf,Synthetic,False,5,gbuffer,0.13326
05_synth_diversity_dense,149,VisBuf,Synthetic,False,6,lighting,0.08831
05_synth_diversity_dense,149,VisBuf,Synthetic,False,7,tonemap,0.02973
05_synth_diversity_dense,150,DeferredPrepass,Synthetic,False,0,total,0.2526
05_synth_diversity_dense,150,DeferredPrepass,Synthetic,False,1,depth_prepass,0.02535
05_synth_diversity_dense,150,DeferredPrepass,Synthetic,False,2,geometry,0.0999
05_synth_diversity_dense,150,DeferredPrepass,Synthetic,False,3,lighting,0.08563
05_synth_diversity_dense,150,DeferredPrepass,Synthetic,False,4,tonemap,0.02891
05_synth_diversity_dense,151,VisBuf,Synthetic,False,0,total,0.38094
05_synth_diversity_dense,151,VisBuf,Synthetic,False,1,visibility,0.03397
05_synth_diversity_dense,151,VisBuf,Synthetic,False,2,visutil_histogram,0.0268
05_synth_diversity_dense,151,VisBuf,Synthetic,False,3,visutil_prefix,0.00207
05_synth_diversity_dense,151,VisBuf,Synthetic,False,4,visutil_flatten,0.03431
05_synth_diversity_dense,151,VisBuf,Synthetic,False,5,gbuffer,0.13379
05_synth_diversity_dense,151,VisBuf,Synthetic,False,6,lighting,0.08832
05_synth_diversity_dense,151,VisBuf,Synthetic,False,7,tonemap,0.02975
05_synth_diversity_dense,152,DeferredPrepass,Synthetic,False,0,total,0.25318
05_synth_diversity_dense,152,DeferredPrepass,Synthetic,False,1,depth_prepass,0.02578
05_synth_diversity_dense,152,DeferredPrepass,Synthetic,False,2,geometry,0.09992
05_synth_diversity_dense,152,DeferredPrepass,Synthetic,False,3,lighting,0.08571
05_synth_diversity_dense,152,DeferredPrepass,Synthetic,False,4,tonemap,0.02899
05_synth_diversity_dense,153,VisBuf,Synthetic,False,0,total,0.38557
05_synth_diversity_dense,153,VisBuf,Synthetic,False,1,visibility,0.03405
05_synth_diversity_dense,153,VisBuf,Synthetic,False,2,visutil_histogram,0.0271
05_synth_diversity_dense,153,VisBuf,Synthetic,False,3,visutil_prefix,0.00209
05_synth_diversity_dense,153,VisBuf,Synthetic,False,4,visutil_flatten,0.03434
05_synth_diversity_dense,153,VisBuf,Synthetic,False,5,gbuffer,0.13563
05_synth_diversity_dense,153,VisBuf,Synthetic,False,6,lighting,0.08881
05_synth_diversity_dense,153,VisBuf,Synthetic,False,7,tonemap,0.0318
05_synth_diversity_dense,154,DeferredPrepass,Synthetic,False,0,total,0.25294
05_synth_diversity_dense,154,DeferredPrepass,Synthetic,False,1,depth_prepass,0.02597
05_synth_diversity_dense,154,DeferredPrepass,Synthetic,False,2,geometry,0.09983
05_synth_diversity_dense,154,DeferredPrepass,Synthetic,False,3,lighting,0.08576
05_synth_diversity_dense,154,DeferredPrepass,Synthetic,False,4,tonemap,0.0286
05_synth_diversity_dense,155,VisBuf,Synthetic,False,0,total,0.3985
05_synth_diversity_dense,155,VisBuf,Synthetic,False,1,visibility,0.03442
05_synth_diversity_dense,155,VisBuf,Synthetic,False,2,visutil_histogram,0.02799
05_synth_diversity_dense,155,VisBuf,Synthetic,False,3,visutil_prefix,0.00214
05_synth_diversity_dense,155,VisBuf,Synthetic,False,4,visutil_flatten,0.03433
05_synth_diversity_dense,155,VisBuf,Synthetic,False,5,gbuffer,0.13994
05_synth_diversity_dense,155,VisBuf,Synthetic,False,6,lighting,0.08966
05_synth_diversity_dense,155,VisBuf,Synthetic,False,7,tonemap,0.03839
06_synth_locality_diversity_phase_dense,0,DeferredPrepass,Synthetic,False,0,total,0.24407
06_synth_locality_diversity_phase_dense,0,DeferredPrepass,Synthetic,False,1,depth_prepass,0.02303
06_synth_locality_diversity_phase_dense,0,DeferredPrepass,Synthetic,False,2,geometry,0.09394
06_synth_locality_diversity_phase_dense,0,DeferredPrepass,Synthetic,False,3,lighting,0.08549
06_synth_locality_diversity_phase_dense,0,DeferredPrepass,Synthetic,False,4,tonemap,0.02862
06_synth_locality_diversity_phase_dense,1,VisBuf,Synthetic,False,0,total,0.33807
06_synth_locality_diversity_phase_dense,1,VisBuf,Synthetic,False,1,visibility,0.03257
06_synth_locality_diversity_phase_dense,1,VisBuf,Synthetic,False,2,visutil_histogram,0.02268
06_synth_locality_diversity_phase_dense,1,VisBuf,Synthetic,False,3,visutil_prefix,0.00206
06_synth_locality_diversity_phase_dense,1,VisBuf,Synthetic,False,4,visutil_flatten,0.03054
06_synth_locality_diversity_phase_dense,1,VisBuf,Synthetic,False,5,gbuffer,0.09963
06_synth_locality_diversity_phase_dense,1,VisBuf,Synthetic,False,6,lighting,0.08917
06_synth_locality_diversity_phase_dense,1,VisBuf,Synthetic,False,7,tonemap,0.03005
06_synth_locality_diversity_phase_dense,2,DeferredPrepass,Synthetic,False,0,total,0.24353
06_synth_locality_diversity_phase_dense,2,DeferredPrepass,Synthetic,False,1,depth_prepass,0.02295
06_synth_locality_diversity_phase_dense,2,DeferredPrepass,Synthetic,False,2,geometry,0.09402
06_synth_locality_diversity_phase_dense,2,DeferredPrepass,Synthetic,False,3,lighting,0.08567
06_synth_locality_diversity_phase_dense,2,DeferredPrepass,Synthetic,False,4,tonemap,0.028
06_synth_locality_diversity_phase_dense,3,VisBuf,Synthetic,False,0,total,0.33816
06_synth_locality_diversity_phase_dense,3,VisBuf,Synthetic,False,1,visibility,0.0326
06_synth_locality_diversity_phase_dense,3,VisBuf,Synthetic,False,2,visutil_histogram,0.02284
06_synth_locality_diversity_phase_dense,3,VisBuf,Synthetic,False,3,visutil_prefix,0.00205
06_synth_locality_diversity_phase_dense,3,VisBuf,Synthetic,False,4,visutil_flatten,0.0305
06_synth_locality_diversity_phase_dense,3,VisBuf,Synthetic,False,5,gbuffer,0.09962
06_synth_locality_diversity_phase_dense,3,VisBuf,Synthetic,False,6,lighting,0.08918
06_synth_locality_diversity_phase_dense,3,VisBuf,Synthetic,False,7,tonemap,0.03015
06_synth_locality_diversity_phase_dense,4,DeferredPrepass,Synthetic,False,0,total,0.26953
06_synth_locality_diversity_phase_dense,4,DeferredPrepass,Synthetic,False,1,depth_prepass,0.02231
06_synth_locality_diversity_phase_dense,4,DeferredPrepass,Synthetic,False,2,geometry,0.1197
06_synth_locality_diversity_phase_dense,4,DeferredPrepass,Synthetic,False,3,lighting,0.08577
06_synth_locality_diversity_phase_dense,4,DeferredPrepass,Synthetic,False,4,tonemap,0.02889
06_synth_locality_diversity_phase_dense,5,VisBuf,Synthetic,False,0,total,0.39157
06_synth_locality_diversity_phase_dense,5,VisBuf,Synthetic,False,1,visibility,0.03516
06_synth_locality_diversity_phase_dense,5,VisBuf,Synthetic,False,2,visutil_histogram,0.02592
06_synth_locality_diversity_phase_dense,5,VisBuf,Synthetic,False,3,visutil_prefix,0.00207
06_synth_locality_diversity_phase_dense,5,VisBuf,Synthetic,False,4,visutil_flatten,0.03357
06_synth_locality_diversity_phase_dense,5,VisBuf,Synthetic,False,5,gbuffer,0.14322
06_synth_locality_diversity_phase_dense,5,VisBuf,Synthetic,False,6,lighting,0.08798
06_synth_locality_diversity_phase_dense,5,VisBuf,Synthetic,False,7,tonemap,0.03111
06_synth_locality_diversity_phase_dense,6,DeferredPrepass,Synthetic,False,0,total,0.26835
06_synth_locality_diversity_phase_dense,6,DeferredPrepass,Synthetic,False,1,depth_prepass,0.02259
06_synth_locality_diversity_phase_dense,6,DeferredPrepass,Synthetic,False,2,geometry,0.11896
06_synth_locality_diversity_phase_dense,6,DeferredPrepass,Synthetic,False,3,lighting,0.08552
06_synth_locality_diversity_phase_dense,6,DeferredPrepass,Synthetic,False,4,tonemap,0.02844
06_synth_locality_diversity_phase_dense,7,VisBuf,Synthetic,False,0,total,0.39416
06_synth_locality_diversity_phase_dense,7,VisBuf,Synthetic,False,1,visibility,0.03503
06_synth_locality_diversity_phase_dense,7,VisBuf,Synthetic,False,2,visutil_histogram,0.02585
06_synth_locality_diversity_phase_dense,7,VisBuf,Synthetic,False,3,visutil_prefix,0.00209
06_synth_locality_diversity_phase_dense,7,VisBuf,Synthetic,False,4,visutil_flatten,0.03353
06_synth_locality_diversity_phase_dense,7,VisBuf,Synthetic,False,5,gbuffer,0.14397
06_synth_locality_diversity_phase_dense,7,VisBuf,Synthetic,False,6,lighting,0.08824
06_synth_locality_diversity_phase_dense,7,VisBuf,Synthetic,False,7,tonemap,0.0327
06_synth_locality_diversity_phase_dense,8,DeferredPrepass,Synthetic,False,0,total,0.27319
06_synth_locality_diversity_phase_dense,8,DeferredPrepass,Synthetic,False,1,depth_prepass,0.02311
06_synth_locality_diversity_phase_dense,8,DeferredPrepass,Synthetic,False,2,geometry,0.12216
06_synth_locality_diversity_phase_dense,8,DeferredPrepass,Synthetic,False,3,lighting,0.08569
06_synth_locality_diversity_phase_dense,8,DeferredPrepass,Synthetic,False,4,tonemap,0.0293
06_synth_locality_diversity_phase_dense,9,VisBuf,Synthetic,False,0,total,0.39218
06_synth_locality_diversity_phase_dense,9,VisBuf,Synthetic,False,1,visibility,0.03743
06_synth_locality_diversity_phase_dense,9,VisBuf,Synthetic,False,2,visutil_histogram,0.02641
06_synth_locality_diversity_phase_dense,9,VisBuf,Synthetic,False,3,visutil_prefix,0.00207
06_synth_locality_diversity_phase_dense,9,VisBuf,Synthetic,False,4,visutil_flatten,0.03484
06_synth_locality_diversity_phase_dense,9,VisBuf,Synthetic,False,5,gbuffer,0.14185
06_synth_locality_diversity_phase_dense,9,VisBuf,Synthetic,False,6,lighting,0.08838
06_synth_locality_diversity_phase_dense,9,VisBuf,Synthetic,False,7,tonemap,0.02954
06_synth_locality_diversity_phase_dense,10,DeferredPrepass,Synthetic,False,0,total,0.27373
06_synth_locality_diversity_phase_dense,10,DeferredPrepass,Synthetic,False,1,depth_prepass,0.02308
06_synth_locality_diversity_phase_dense,10,DeferredPrepass,Synthetic,False,2,geometry,0.12213
06_synth_locality_diversity_phase_dense,10,DeferredPrepass,Synthetic,False,3,lighting,0.0858
06_synth_locality_diversity_phase_dense,10,DeferredPrepass,Synthetic,False,4,tonemap,0.02991
06_synth_locality_diversity_phase_dense,11,VisBuf,Synthetic,False,0,total,0.40544
06_synth_locality_diversity_phase_dense,11,VisBuf,Synthetic,False,1,visibility,0.03784
06_synth_locality_diversity_phase_dense,11,VisBuf,Synthetic,False,2,visutil_histogram,0.02682
06_synth_locality_diversity_phase_dense,11,VisBuf,Synthetic,False,3,visutil_prefix,0.00212
06_synth_locality_diversity_phase_dense,11,VisBuf,Synthetic,False,4,visutil_flatten,0.03477
06_synth_locality_diversity_phase_dense,11,VisBuf,Synthetic,False,5,gbuffer,0.14701
06_synth_locality_diversity_phase_dense,11,VisBuf,Synthetic,False,6,lighting,0.08907
06_synth_locality_diversity_phase_dense,11,VisBuf,Synthetic,False,7,tonemap,0.03593
06_synth_locality_diversity_phase_dense,12,DeferredPrepass,Synthetic,False,0,total,0.27687
06_synth_locality_diversity_phase_dense,12,DeferredPrepass,Synthetic,False,1,depth_prepass,0.02234
06_synth_locality_diversity_phase_dense,12,DeferredPrepass,Synthetic,False,2,geometry,0.12599
06_synth_locality_diversity_phase_dense,12,DeferredPrepass,Synthetic,False,3,lighting,0.08584
06_synth_locality_diversity_phase_dense,12,DeferredPrepass,Synthetic,False,4,tonemap,0.0298
06_synth_locality_diversity_phase_dense,13,VisBuf,Synthetic,False,0,total,0.39989
06_synth_locality_diversity_phase_dense,13,VisBuf,Synthetic,False,1,visibility,0.03968
06_synth_locality_diversity_phase_dense,13,VisBuf,Synthetic,False,2,visutil_histogram,0.0267
06_synth_locality_diversity_phase_dense,13,VisBuf,Synthetic,False,3,visutil_prefix,0.00208
06_synth_locality_diversity_phase_dense,13,VisBuf,Synthetic,False,4,visutil_flatten,0.0353
06_synth_locality_diversity_phase_dense,13,VisBuf,Synthetic,False,5,gbuffer,0.14405
06_synth_locality_diversity_phase_dense,13,VisBuf,Synthetic,False,6,lighting,0.08855
06_synth_locality_diversity_phase_dense,13,VisBuf,Synthetic,False,7,tonemap,0.03109
06_synth_locality_diversity_phase_dense,14,DeferredPrepass,Synthetic,False,0,total,0.27733
06_synth_locality_diversity_phase_dense,14,DeferredPrepass,Synthetic,False,1,depth_prepass,0.02307
06_synth_locality_diversity_phase_dense,14,DeferredPrepass,Synthetic,False,2,geometry,0.12584
06_synth_locality_diversity_phase_dense,14,DeferredPrepass,Synthetic,False,3,lighting,0.08583
06_synth_locality_diversity_phase_dense,14,DeferredPrepass,Synthetic,False,4,tonemap,0.02968
06_synth_locality_diversity_phase_dense,15,VisBuf,Synthetic,False,0,total,0.39543
06_synth_locality_diversity_phase_dense,15,VisBuf,Synthetic,False,1,visibility,0.03955
06_synth_locality_diversity_phase_dense,15,VisBuf,Synthetic,False,2,visutil_histogram,0.02659
06_synth_locality_diversity_phase_dense,15,VisBuf,Synthetic,False,3,visutil_prefix,0.00206
06_synth_locality_diversity_phase_dense,15,VisBuf,Synthetic,False,4,visutil_flatten,0.03531
06_synth_locality_diversity_phase_dense,15,VisBuf,Synthetic,False,5,gbuffer,0.1417
06_synth_locality_diversity_phase_dense,15,VisBuf,Synthetic,False,6,lighting,0.08834
06_synth_locality_diversity_phase_dense,15,VisBuf,Synthetic,False,7,tonemap,0.02945
06_synth_locality_diversity_phase_dense,16,DeferredPrepass,Synthetic,False,0,total,0.28118
06_synth_locality_diversity_phase_dense,16,DeferredPrepass,Synthetic,False,1,depth_prepass,0.02172
06_synth_locality_diversity_phase_dense,16,DeferredPrepass,Synthetic,False,2,geometry,0.13081
06_synth_locality_diversity_phase_dense,16,DeferredPrepass,Synthetic,False,3,lighting,0.08582
06_synth_locality_diversity_phase_dense,16,DeferredPrepass,Synthetic,False,4,tonemap,0.02986
06_synth_locality_diversity_phase_dense,17,VisBuf,Synthetic,False,0,total,0.41578
06_synth_locality_diversity_phase_dense,17,VisBuf,Synthetic,False,1,visibility,0.04212
06_synth_locality_diversity_phase_dense,17,VisBuf,Synthetic,False,2,visutil_histogram,0.0269
06_synth_locality_diversity_phase_dense,17,VisBuf,Synthetic,False,3,visutil_prefix,0.00212
06_synth_locality_diversity_phase_dense,17,VisBuf,Synthetic,False,4,visutil_flatten,0.03551
06_synth_locality_diversity_phase_dense,17,VisBuf,Synthetic,False,5,gbuffer,0.15121
06_synth_locality_diversity_phase_dense,17,VisBuf,Synthetic,False,6,lighting,0.08949
06_synth_locality_diversity_phase_dense,17,VisBuf,Synthetic,False,7,tonemap,0.03618
06_synth_locality_diversity_phase_dense,18,DeferredPrepass,Synthetic,False,0,total,0.28192
06_synth_locality_diversity_phase_dense,18,DeferredPrepass,Synthetic,False,1,depth_prepass,0.02209
06_synth_locality_diversity_phase_dense,18,DeferredPrepass,Synthetic,False,2,geometry,0.13106
06_synth_locality_diversity_phase_dense,18,DeferredPrepass,Synthetic,False,3,lighting,0.08578
06_synth_locality_diversity_phase_dense,18,DeferredPrepass,Synthetic,False,4,tonemap,0.02999
06_synth_locality_diversity_phase_dense,19,VisBuf,Synthetic,False,0,total,0.39728
06_synth_locality_diversity_phase_dense,19,VisBuf,Synthetic,False,1,visibility,0.04158
06_synth_locality_diversity_phase_dense,19,VisBuf,Synthetic,False,2,visutil_histogram,0.02644
06_synth_locality_diversity_phase_dense,19,VisBuf,Synthetic,False,3,visutil_prefix,0.00206
06_synth_locality_diversity_phase_dense,19,VisBuf,Synthetic,False,4,visutil_flatten,0.03554
06_synth_locality_diversity_phase_dense,19,VisBuf,Synthetic,False,5,gbuffer,0.1419
06_synth_locality_diversity_phase_dense,19,VisBuf,Synthetic,False,6,lighting,0.08845
06_synth_locality_diversity_phase_dense,19,VisBuf,Synthetic,False,7,tonemap,0.02922
06_synth_locality_diversity_phase_dense,20,DeferredPrepass,Synthetic,False,0,total,0.2849
06_synth_locality_diversity_phase_dense,20,DeferredPrepass,Synthetic,False,1,depth_prepass,0.02097
06_synth_locality_diversity_phase_dense,20,DeferredPrepass,Synthetic,False,2,geometry,0.13549
06_synth_locality_diversity_phase_dense,20,DeferredPrepass,Synthetic,False,3,lighting,0.08572
06_synth_locality_diversity_phase_dense,20,DeferredPrepass,Synthetic,False,4,tonemap,0.02984
06_synth_locality_diversity_phase_dense,21,VisBuf,Synthetic,False,0,total,0.40002
06_synth_locality_diversity_phase_dense,21,VisBuf,Synthetic,False,1,visibility,0.04322
06_synth_locality_diversity_phase_dense,21,VisBuf,Synthetic,False,2,visutil_histogram,0.02632
06_synth_locality_diversity_phase_dense,21,VisBuf,Synthetic,False,3,visutil_prefix,0.00207
06_synth_locality_diversity_phase_dense,21,VisBuf,Synthetic,False,4,visutil_flatten,0.03562
06_synth_locality_diversity_phase_dense,21,VisBuf,Synthetic,False,5,gbuffer,0.14306
06_synth_locality_diversity_phase_dense,21,VisBuf,Synthetic,False,6,lighting,0.08846
06_synth_locality_diversity_phase_dense,21,VisBuf,Synthetic,False,7,tonemap,0.02915
06_synth_locality_diversity_phase_dense,22,DeferredPrepass,Synthetic,False,0,total,0.28511
06_synth_locality_diversity_phase_dense,22,DeferredPrepass,Synthetic,False,1,depth_prepass,0.02076
06_synth_locality_diversity_phase_dense,22,DeferredPrepass,Synthetic,False,2,geometry,0.13547
06_synth_locality_diversity_phase_dense,22,DeferredPrepass,Synthetic,False,3,lighting,0.08581
06_synth_locality_diversity_phase_dense,22,DeferredPrepass,Synthetic,False,4,tonemap,0.02996
06_synth_locality_diversity_phase_dense,23,VisBuf,Synthetic,False,0,total,0.39979
06_synth_locality_diversity_phase_dense,23,VisBuf,Synthetic,False,1,visibility,0.04324
06_synth_locality_diversity_phase_dense,23,VisBuf,Synthetic,False,2,visutil_histogram,0.02625
06_synth_locality_diversity_phase_dense,23,VisBuf,Synthetic,False,3,visutil_prefix,0.00206
06_synth_locality_diversity_phase_dense,23,VisBuf,Synthetic,False,4,visutil_flatten,0.03563
06_synth_locality_diversity_phase_dense,23,VisBuf,Synthetic,False,5,gbuffer,0.14257
06_synth_locality_diversity_phase_dense,23,VisBuf,Synthetic,False,6,lighting,0.0885
06_synth_locality_diversity_phase_dense,23,VisBuf,Synthetic,False,7,tonemap,0.02916
06_synth_locality_diversity_phase_dense,24,DeferredPrepass,Synthetic,False,0,total,0.28949
06_synth_locality_diversity_phase_dense,24,DeferredPrepass,Synthetic,False,1,depth_prepass,0.02062
06_synth_locality_diversity_phase_dense,24,DeferredPrepass,Synthetic,False,2,geometry,0.14002
06_synth_locality_diversity_phase_dense,24,DeferredPrepass,Synthetic,False,3,lighting,0.08581
06_synth_locality_diversity_phase_dense,24,DeferredPrepass,Synthetic,False,4,tonemap,0.02975
06_synth_locality_diversity_phase_dense,25,VisBuf,Synthetic,False,0,total,0.42574
06_synth_locality_diversity_phase_dense,25,VisBuf,Synthetic,False,1,visibility,0.04549
06_synth_locality_diversity_phase_dense,25,VisBuf,Synthetic,False,2,visutil_histogram,0.0266
06_synth_locality_diversity_phase_dense,25,VisBuf,Synthetic,False,3,visutil_prefix,0.00213
06_synth_locality_diversity_phase_dense,25,VisBuf,Synthetic,False,4,visutil_flatten,0.03562
06_synth_locality_diversity_phase_dense,25,VisBuf,Synthetic,False,5,gbuffer,0.15655
06_synth_locality_diversity_phase_dense,25,VisBuf,Synthetic,False,6,lighting,0.08962
06_synth_locality_diversity_phase_dense,25,VisBuf,Synthetic,False,7,tonemap,0.03717
06_synth_locality_diversity_phase_dense,26,DeferredPrepass,Synthetic,False,0,total,0.28927
06_synth_locality_diversity_phase_dense,26,DeferredPrepass,Synthetic,False,1,depth_prepass,0.02044
06_synth_locality_diversity_phase_dense,26,DeferredPrepass,Synthetic,False,2,geometry,0.14003
06_synth_locality_diversity_phase_dense,26,DeferredPrepass,Synthetic,False,3,lighting,0.08583
06_synth_locality_diversity_phase_dense,26,DeferredPrepass,Synthetic,False,4,tonemap,0.02977
06_synth_locality_diversity_phase_dense,27,VisBuf,Synthetic,False,0,total,0.4016
06_synth_locality_diversity_phase_dense,27,VisBuf,Synthetic,False,1,visibility,0.04456
06_synth_locality_diversity_phase_dense,27,VisBuf,Synthetic,False,2,visutil_histogram,0.02601
06_synth_locality_diversity_phase_dense,27,VisBuf,Synthetic,False,3,visutil_prefix,0.00206
06_synth_locality_diversity_phase_dense,27,VisBuf,Synthetic,False,4,visutil_flatten,0.03568
06_synth_locality_diversity_phase_dense,27,VisBuf,Synthetic,False,5,gbuffer,0.14295
06_synth_locality_diversity_phase_dense,27,VisBuf,Synthetic,False,6,lighting,0.08852
06_synth_locality_diversity_phase_dense,27,VisBuf,Synthetic,False,7,tonemap,0.02909
06_synth_locality_diversity_phase_dense,28,DeferredPrepass,Synthetic,False,0,total,0.291
06_synth_locality_diversity_phase_dense,28,DeferredPrepass,Synthetic,False,1,depth_prepass,0.01993
06_synth_locality_diversity_phase_dense,28,DeferredPrepass,Synthetic,False,2,geometry,0.14276
06_synth_locality_diversity_phase_dense,28,DeferredPrepass,Synthetic,False,3,lighting,0.08588
06_synth_locality_diversity_phase_dense,28,DeferredPrepass,Synthetic,False,4,tonemap,0.02936
06_synth_locality_diversity_phase_dense,29,VisBuf,Synthetic,False,0,total,0.40359
06_synth_locality_diversity_phase_dense,29,VisBuf,Synthetic,False,1,visibility,0.04541
06_synth_locality_diversity_phase_dense,29,VisBuf,Synthetic,False,2,visutil_histogram,0.02598
06_synth_locality_diversity_phase_dense,29,VisBuf,Synthetic,False,3,visutil_prefix,0.00207
06_synth_locality_diversity_phase_dense,29,VisBuf,Synthetic,False,4,visutil_flatten,0.03575
06_synth_locality_diversity_phase_dense,29,VisBuf,Synthetic,False,5,gbuffer,0.14437
06_synth_locality_diversity_phase_dense,29,VisBuf,Synthetic,False,6,lighting,0.08859
06_synth_locality_diversity_phase_dense,29,VisBuf,Synthetic,False,7,tonemap,0.02902
06_synth_locality_diversity_phase_dense,30,DeferredPrepass,Synthetic,False,0,total,0.29107
06_synth_locality_diversity_phase_dense,30,DeferredPrepass,Synthetic,False,1,depth_prepass,0.01985
06_synth_locality_diversity_phase_dense,30,DeferredPrepass,Synthetic,False,2,geometry,0.14266
06_synth_locality_diversity_phase_dense,30,DeferredPrepass,Synthetic,False,3,lighting,0.08607
06_synth_locality_diversity_phase_dense,30,DeferredPrepass,Synthetic,False,4,tonemap,0.02962
06_synth_locality_diversity_phase_dense,31,VisBuf,Synthetic,False,0,total,0.42666
06_synth_locality_diversity_phase_dense,31,VisBuf,Synthetic,False,1,visibility,0.04644
06_synth_locality_diversity_phase_dense,31,VisBuf,Synthetic,False,2,visutil_histogram,0.02643
06_synth_locality_diversity_phase_dense,31,VisBuf,Synthetic,False,3,visutil_prefix,0.00213
06_synth_locality_diversity_phase_dense,31,VisBuf,Synthetic,False,4,visutil_flatten,0.03564
06_synth_locality_diversity_phase_dense,31,VisBuf,Synthetic,False,5,gbuffer,0.15795
06_synth_locality_diversity_phase_dense,31,VisBuf,Synthetic,False,6,lighting,0.08958
06_synth_locality_diversity_phase_dense,31,VisBuf,Synthetic,False,7,tonemap,0.03619
06_synth_locality_diversity_phase_dense,32,DeferredPrepass,Synthetic,False,0,total,0.2925
06_synth_locality_diversity_phase_dense,32,DeferredPrepass,Synthetic,False,1,depth_prepass,0.0203
06_synth_locality_diversity_phase_dense,32,DeferredPrepass,Synthetic,False,2,geometry,0.14377
06_synth_locality_diversity_phase_dense,32,DeferredPrepass,Synthetic,False,3,lighting,0.08579
06_synth_locality_diversity_phase_dense,32,DeferredPrepass,Synthetic,False,4,tonemap,0.0295
06_synth_locality_diversity_phase_dense,33,VisBuf,Synthetic,False,0,total,0.40354
06_synth_locality_diversity_phase_dense,33,VisBuf,Synthetic,False,1,visibility,0.04576
06_synth_locality_diversity_phase_dense,33,VisBuf,Synthetic,False,2,visutil_histogram,0.02587
06_synth_locality_diversity_phase_dense,33,VisBuf,Synthetic,False,3,visutil_prefix,0.00206
06_synth_locality_diversity_phase_dense,33,VisBuf,Synthetic,False,4,visutil_flatten,0.03572
06_synth_locality_diversity_phase_dense,33,VisBuf,Synthetic,False,5,gbuffer,0.14464
06_synth_locality_diversity_phase_dense,33,VisBuf,Synthetic,False,6,lighting,0.08848
06_synth_locality_diversity_phase_dense,33,VisBuf,Synthetic,False,7,tonemap,0.02891
06_synth_locality_diversity_phase_dense,34,DeferredPrepass,Synthetic,False,0,total,0.29233
06_synth_locality_diversity_phase_dense,34,DeferredPrepass,Synthetic,False,1,depth_prepass,0.02042
06_synth_locality_diversity_phase_dense,34,DeferredPrepass,Synthetic,False,2,geometry,0.14362
06_synth_locality_diversity_phase_dense,34,DeferredPrepass,Synthetic,False,3,lighting,0.08583
06_synth_locality_diversity_phase_dense,34,DeferredPrepass,Synthetic,False,4,tonemap,0.0293
06_synth_locality_diversity_phase_dense,35,VisBuf,Synthetic,False,0,total,0.40358
06_synth_locality_diversity_phase_dense,35,VisBuf,Synthetic,False,1,visibility,0.04578
06_synth_locality_diversity_phase_dense,35,VisBuf,Synthetic,False,2,visutil_histogram,0.02585
06_synth_locality_diversity_phase_dense,35,VisBuf,Synthetic,False,3,visutil_prefix,0.00206
06_synth_locality_diversity_phase_dense,35,VisBuf,Synthetic,False,4,visutil_flatten,0.0357
06_synth_locality_diversity_phase_dense,35,VisBuf,Synthetic,False,5,gbuffer,0.14451
06_synth_locality_diversity_phase_dense,35,VisBuf,Synthetic,False,6,lighting,0.08853
06_synth_locality_diversity_phase_dense,35,VisBuf,Synthetic,False,7,tonemap,0.02896
06_synth_locality_diversity_phase_dense,36,DeferredPrepass,Synthetic,False,0,total,0.24277
06_synth_locality_diversity_phase_dense,36,DeferredPrepass,Synthetic,False,1,depth_prepass,0.02264
06_synth_locality_diversity_phase_dense,36,DeferredPrepass,Synthetic,False,2,geometry,0.09406
06_synth_locality_diversity_phase_dense,36,DeferredPrepass,Synthetic,False,3,lighting,0.08549
06_synth_locality_diversity_phase_dense,36,DeferredPrepass,Synthetic,False,4,tonemap,0.02761
06_synth_locality_diversity_phase_dense,37,VisBuf,Synthetic,False,0,total,0.33738
06_synth_locality_diversity_phase_dense,37,VisBuf,Synthetic,False,1,visibility,0.03252
06_synth_locality_diversity_phase_dense,37,VisBuf,Synthetic,False,2,visutil_histogram,0.02286
06_synth_locality_diversity_phase_dense,37,VisBuf,Synthetic,False,3,visutil_prefix,0.00206
06_synth_locality_diversity_phase_dense,37,VisBuf,Synthetic,False,4,visutil_flatten,0.03051
06_synth_locality_diversity_phase_dense,37,VisBuf,Synthetic,False,5,gbuffer,0.09933
06_synth_locality_diversity_phase_dense,37,VisBuf,Synthetic,False,6,lighting,0.08907
06_synth_locality_diversity_phase_dense,37,VisBuf,Synthetic,False,7,tonemap,0.03012
06_synth_locality_diversity_phase_dense,38,DeferredPrepass,Synthetic,False,0,total,0.24324
06_synth_locality_diversity_phase_dense,38,DeferredPrepass,Synthetic,False,1,depth_prepass,0.02304
06_synth_locality_diversity_phase_dense,38,DeferredPrepass,Synthetic,False,2,geometry,0.09411
06_synth_locality_diversity_phase_dense,38,DeferredPrepass,Synthetic,False,3,lighting,0.08556
06_synth_locality_diversity_phase_dense,38,DeferredPrepass,Synthetic,False,4,tonemap,0.0276
06_synth_locality_diversity_phase_dense,39,VisBuf,Synthetic,False,0,total,0.33724
06_synth_locality_diversity_phase_dense,39,VisBuf,Synthetic,False,1,visibility,0.03253
06_synth_locality_diversity_phase_dense,39,VisBuf,Synthetic,False,2,visutil_histogram,0.02283
06_synth_locality_diversity_phase_dense,39,VisBuf,Synthetic,False,3,visutil_prefix,0.00206
06_synth_locality_diversity_phase_dense,39,VisBuf,Synthetic,False,4,visutil_flatten,0.03049
06_synth_locality_diversity_phase_dense,39,VisBuf,Synthetic,False,5,gbuffer,0.09927
06_synth_locality_diversity_phase_dense,39,VisBuf,Synthetic,False,6,lighting,0.08908
06_synth_locality_diversity_phase_dense,39,VisBuf,Synthetic,False,7,tonemap,0.03002
06_synth_locality_diversity_phase_dense,40,DeferredPrepass,Synthetic,False,0,total,0.26814
06_synth_locality_diversity_phase_dense,40,DeferredPrepass,Synthetic,False,1,depth_prepass,0.02232
06_synth_locality_diversity_phase_dense,40,DeferredPrepass,Synthetic,False,2,geometry,0.11875
06_synth_locality_diversity_phase_dense,40,DeferredPrepass,Synthetic,False,3,lighting,0.08563
06_synth_locality_diversity_phase_dense,40,DeferredPrepass,Synthetic,False,4,tonemap,0.02865
06_synth_locality_diversity_phase_dense,41,VisBuf,Synthetic,False,0,total,0.40622
06_synth_locality_diversity_phase_dense,41,VisBuf,Synthetic,False,1,visibility,0.03555
06_synth_locality_diversity_phase_dense,41,VisBuf,Synthetic,False,2,visutil_histogram,0.02649
06_synth_locality_diversity_phase_dense,41,VisBuf,Synthetic,False,3,visutil_prefix,0.00213
06_synth_locality_diversity_phase_dense,41,VisBuf,Synthetic,False,4,visutil_flatten,0.03378
06_synth_locality_diversity_phase_dense,41,VisBuf,Synthetic,False,5,gbuffer,0.14828
06_synth_locality_diversity_phase_dense,41,VisBuf,Synthetic,False,6,lighting,0.08893
06_synth_locality_diversity_phase_dense,41,VisBuf,Synthetic,False,7,tonemap,0.03851
06_synth_locality_diversity_phase_dense,42,DeferredPrepass,Synthetic,False,0,total,0.26819
06_synth_locality_diversity_phase_dense,42,DeferredPrepass,Synthetic,False,1,depth_prepass,0.02248
06_synth_locality_diversity_phase_dense,42,DeferredPrepass,Synthetic,False,2,geometry,0.11866
06_synth_locality_diversity_phase_dense,42,DeferredPrepass,Synthetic,False,3,lighting,0.08569
06_synth_locality_diversity_phase_dense,42,DeferredPrepass,Synthetic,False,4,tonemap,0.02848
06_synth_locality_diversity_phase_dense,43,VisBuf,Synthetic,False,0,total,0.38837
06_synth_locality_diversity_phase_dense,43,VisBuf,Synthetic,False,1,visibility,0.03488
06_synth_locality_diversity_phase_dense,43,VisBuf,Synthetic,False,2,visutil_histogram,0.02556
06_synth_locality_diversity_phase_dense,43,VisBuf,Synthetic,False,3,visutil_prefix,0.00207
06_synth_locality_diversity_phase_dense,43,VisBuf,Synthetic,False,4,visutil_flatten,0.03353
06_synth_locality_diversity_phase_dense,43,VisBuf,Synthetic,False,5,gbuffer,0.14203
06_synth_locality_diversity_phase_dense,43,VisBuf,Synthetic,False,6,lighting,0.08778
06_synth_locality_diversity_phase_dense,43,VisBuf,Synthetic,False,7,tonemap,0.0296
06_synth_locality_diversity_phase_dense,44,DeferredPrepass,Synthetic,False,0,total,0.27321
06_synth_locality_diversity_phase_dense,44,DeferredPrepass,Synthetic,False,1,depth_prepass,0.02295
06_synth_locality_diversity_phase_dense,44,DeferredPrepass,Synthetic,False,2,geometry,0.12217
06_synth_locality_diversity_phase_dense,44,DeferredPrepass,Synthetic,False,3,lighting,0.0858
06_synth_locality_diversity_phase_dense,44,DeferredPrepass,Synthetic,False,4,tonemap,0.02941
06_synth_locality_diversity_phase_dense,45,VisBuf,Synthetic,False,0,total,0.39113
06_synth_locality_diversity_phase_dense,45,VisBuf,Synthetic,False,1,visibility,0.03732
06_synth_locality_diversity_phase_dense,45,VisBuf,Synthetic,False,2,visutil_histogram,0.02629
06_synth_locality_diversity_phase_dense,45,VisBuf,Synthetic,False,3,visutil_prefix,0.00206
06_synth_locality_diversity_phase_dense,45,VisBuf,Synthetic,False,4,visutil_flatten,0.03469
06_synth_locality_diversity_phase_dense,45,VisBuf,Synthetic,False,5,gbuffer,0.14197
06_synth_locality_diversity_phase_dense,45,VisBuf,Synthetic,False,6,lighting,0.08817
06_synth_locality_diversity_phase_dense,45,VisBuf,Synthetic,False,7,tonemap,0.02926
06_synth_locality_diversity_phase_dense,46,DeferredPrepass,Synthetic,False,0,total,0.27337
06_synth_locality_diversity_phase_dense,46,DeferredPrepass,Synthetic,False,1,depth_prepass,0.0232
06_synth_locality_diversity_phase_dense,46,DeferredPrepass,Synthetic,False,2,geometry,0.12206
06_synth_locality_diversity_phase_dense,46,DeferredPrepass,Synthetic,False,3,lighting,0.08579
06_synth_locality_diversity_phase_dense,46,DeferredPrepass,Synthetic,False,4,tonemap,0.0294
06_synth_locality_diversity_phase_dense,47,VisBuf,Synthetic,False,0,total,0.39244
06_synth_locality_diversity_phase_dense,47,VisBuf,Synthetic,False,1,visibility,0.03714
06_synth_locality_diversity_phase_dense,47,VisBuf,Synthetic,False,2,visutil_histogram,0.02635
06_synth_locality_diversity_phase_dense,47,VisBuf,Synthetic,False,3,visutil_prefix,0.00207
06_synth_locality_diversity_phase_dense,47,VisBuf,Synthetic,False,4,visutil_flatten,0.03485
06_synth_locality_diversity_phase_dense,47,VisBuf,Synthetic,False,5,gbuffer,0.14249
06_synth_locality_diversity_phase_dense,47,VisBuf,Synthetic,False,6,lighting,0.08821
06_synth_locality_diversity_phase_dense,47,VisBuf,Synthetic,False,7,tonemap,0.03018
06_synth_locality_diversity_phase_dense,48,DeferredPrepass,Synthetic,False,0,total,0.27637
06_synth_locality_diversity_phase_dense,48,DeferredPrepass,Synthetic,False,1,depth_prepass,0.02271
06_synth_locality_diversity_phase_dense,48,DeferredPrepass,Synthetic,False,2,geometry,0.12544
06_synth_locality_diversity_phase_dense,48,DeferredPrepass,Synthetic,False,3,lighting,0.08582
06_synth_locality_diversity_phase_dense,48,DeferredPrepass,Synthetic,False,4,tonemap,0.02946
06_synth_locality_diversity_phase_dense,49,VisBuf,Synthetic,False,0,total,0.4084
06_synth_locality_diversity_phase_dense,49,VisBuf,Synthetic,False,1,visibility,0.04005
06_synth_locality_diversity_phase_dense,49,VisBuf,Synthetic,False,2,visutil_histogram,0.02692
06_synth_locality_diversity_phase_dense,49,VisBuf,Synthetic,False,3,visutil_prefix,0.00211
06_synth_locality_diversity_phase_dense,49,VisBuf,Synthetic,False,4,visutil_flatten,0.03522
06_synth_locality_diversity_phase_dense,49,VisBuf,Synthetic,False,5,gbuffer,0.14744
06_synth_locality_diversity_phase_dense,49,VisBuf,Synthetic,False,6,lighting,0.08904
06_synth_locality_diversity_phase_dense,49,VisBuf,Synthetic,False,7,tonemap,0.03502
06_synth_locality_diversity_phase_dense,50,DeferredPrepass,Synthetic,False,0,total,0.27667
06_synth_locality_diversity_phase_dense,50,DeferredPrepass,Synthetic,False,1,depth_prepass,0.02297
06_synth_locality_diversity_phase_dense,50,DeferredPrepass,Synthetic,False,2,geometry,0.12536
06_synth_locality_diversity_phase_dense,50,DeferredPrepass,Synthetic,False,3,lighting,0.08579
06_synth_locality_diversity_phase_dense,50,DeferredPrepass,Synthetic,False,4,tonemap,0.02962
06_synth_locality_diversity_phase_dense,51,VisBuf,Synthetic,False,0,total,0.39409
06_synth_locality_diversity_phase_dense,51,VisBuf,Synthetic,False,1,visibility,0.03917
06_synth_locality_diversity_phase_dense,51,VisBuf,Synthetic,False,2,visutil_histogram,0.02649
06_synth_locality_diversity_phase_dense,51,VisBuf,Synthetic,False,3,visutil_prefix,0.00207
06_synth_locality_diversity_phase_dense,51,VisBuf,Synthetic,False,4,visutil_flatten,0.03529
06_synth_locality_diversity_phase_dense,51,VisBuf,Synthetic,False,5,gbuffer,0.14119
06_synth_locality_diversity_phase_dense,51,VisBuf,Synthetic,False,6,lighting,0.08831
06_synth_locality_diversity_phase_dense,51,VisBuf,Synthetic,False,7,tonemap,0.02948
06_synth_locality_diversity_phase_dense,52,DeferredPrepass,Synthetic,False,0,total,0.2804
06_synth_locality_diversity_phase_dense,52,DeferredPrepass,Synthetic,False,1,depth_prepass,0.02204
06_synth_locality_diversity_phase_dense,52,DeferredPrepass,Synthetic,False,2,geometry,0.13024
06_synth_locality_diversity_phase_dense,52,DeferredPrepass,Synthetic,False,3,lighting,0.08572
06_synth_locality_diversity_phase_dense,52,DeferredPrepass,Synthetic,False,4,tonemap,0.02957
06_synth_locality_diversity_phase_dense,53,VisBuf,Synthetic,False,0,total,0.41
06_synth_locality_diversity_phase_dense,53,VisBuf,Synthetic,False,1,visibility,0.04191
06_synth_locality_diversity_phase_dense,53,VisBuf,Synthetic,False,2,visutil_histogram,0.02683
06_synth_locality_diversity_phase_dense,53,VisBuf,Synthetic,False,3,visutil_prefix,0.00211
06_synth_locality_diversity_phase_dense,53,VisBuf,Synthetic,False,4,visutil_flatten,0.03549
06_synth_locality_diversity_phase_dense,53,VisBuf,Synthetic,False,5,gbuffer,0.14819
06_synth_locality_diversity_phase_dense,53,VisBuf,Synthetic,False,6,lighting,0.08903
06_synth_locality_diversity_phase_dense,53,VisBuf,Synthetic,False,7,tonemap,0.03439
06_synth_locality_diversity_phase_dense,54,DeferredPrepass,Synthetic,False,0,total,0.28036
06_synth_locality_diversity_phase_dense,54,DeferredPrepass,Synthetic,False,1,depth_prepass,0.022
06_synth_locality_diversity_phase_dense,54,DeferredPrepass,Synthetic,False,2,geometry,0.12972
06_synth_locality_diversity_phase_dense,54,DeferredPrepass,Synthetic,False,3,lighting,0.08582
06_synth_locality_diversity_phase_dense,54,DeferredPrepass,Synthetic,False,4,tonemap,0.02984
06_synth_locality_diversity_phase_dense,55,VisBuf,Synthetic,False,0,total,0.41638
06_synth_locality_diversity_phase_dense,55,VisBuf,Synthetic,False,1,visibility,0.04187
06_synth_locality_diversity_phase_dense,55,VisBuf,Synthetic,False,2,visutil_histogram,0.02704
06_synth_locality_diversity_phase_dense,55,VisBuf,Synthetic,False,3,visutil_prefix,0.00213
06_synth_locality_diversity_phase_dense,55,VisBuf,Synthetic,False,4,visutil_flatten,0.03547
06_synth_locality_diversity_phase_dense,55,VisBuf,Synthetic,False,5,gbuffer,0.151
06_synth_locality_diversity_phase_dense,55,VisBuf,Synthetic,False,6,lighting,0.08942
06_synth_locality_diversity_phase_dense,55,VisBuf,Synthetic,False,7,tonemap,0.03737
06_synth_locality_diversity_phase_dense,56,DeferredPrepass,Synthetic,False,0,total,0.28449
06_synth_locality_diversity_phase_dense,56,DeferredPrepass,Synthetic,False,1,depth_prepass,0.02089
06_synth_locality_diversity_phase_dense,56,DeferredPrepass,Synthetic,False,2,geometry,0.13492
06_synth_locality_diversity_phase_dense,56,DeferredPrepass,Synthetic,False,3,lighting,0.0858
06_synth_locality_diversity_phase_dense,56,DeferredPrepass,Synthetic,False,4,tonemap,0.02994
06_synth_locality_diversity_phase_dense,57,VisBuf,Synthetic,False,0,total,0.39926
06_synth_locality_diversity_phase_dense,57,VisBuf,Synthetic,False,1,visibility,0.04295
06_synth_locality_diversity_phase_dense,57,VisBuf,Synthetic,False,2,visutil_histogram,0.02633
06_synth_locality_diversity_phase_dense,57,VisBuf,Synthetic,False,3,visutil_prefix,0.00206
06_synth_locality_diversity_phase_dense,57,VisBuf,Synthetic,False,4,visutil_flatten,0.03561
06_synth_locality_diversity_phase_dense,57,VisBuf,Synthetic,False,5,gbuffer,0.1422
06_synth_locality_diversity_phase_dense,57,VisBuf,Synthetic,False,6,lighting,0.08852
06_synth_locality_diversity_phase_dense,57,VisBuf,Synthetic,False,7,tonemap,0.0292
06_synth_locality_diversity_phase_dense,58,DeferredPrepass,Synthetic,False,0,total,0.28364
06_synth_locality_diversity_phase_dense,58,DeferredPrepass,Synthetic,False,1,depth_prepass,0.02066
06_synth_locality_diversity_phase_dense,58,DeferredPrepass,Synthetic,False,2,geometry,0.13479
06_synth_locality_diversity_phase_dense,58,DeferredPrepass,Synthetic,False,3,lighting,0.08577
06_synth_locality_diversity_phase_dense,58,DeferredPrepass,Synthetic,False,4,tonemap,0.02954
06_synth_locality_diversity_phase_dense,59,VisBuf,Synthetic,False,0,total,0.4036
06_synth_locality_diversity_phase_dense,59,VisBuf,Synthetic,False,1,visibility,0.04314
06_synth_locality_diversity_phase_dense,59,VisBuf,Synthetic,False,2,visutil_histogram,0.02636
06_synth_locality_diversity_phase_dense,59,VisBuf,Synthetic,False,3,visutil_prefix,0.00207
06_synth_locality_diversity_phase_dense,59,VisBuf,Synthetic,False,4,visutil_flatten,0.0359
06_synth_locality_diversity_phase_dense,59,VisBuf,Synthetic,False,5,gbuffer,0.14432
06_synth_locality_diversity_phase_dense,59,VisBuf,Synthetic,False,6,lighting,0.08868
06_synth_locality_diversity_phase_dense,59,VisBuf,Synthetic,False,7,tonemap,0.03061
06_synth_locality_diversity_phase_dense,60,DeferredPrepass,Synthetic,False,0,total,0.28769
06_synth_locality_diversity_phase_dense,60,DeferredPrepass,Synthetic,False,1,depth_prepass,0.02039
06_synth_locality_diversity_phase_dense,60,DeferredPrepass,Synthetic,False,2,geometry,0.13869
06_synth_locality_diversity_phase_dense,60,DeferredPrepass,Synthetic,False,3,lighting,0.08592
06_synth_locality_diversity_phase_dense,60,DeferredPrepass,Synthetic,False,4,tonemap,0.02973
06_synth_locality_diversity_phase_dense,61,VisBuf,Synthetic,False,0,total,0.40129
06_synth_locality_diversity_phase_dense,61,VisBuf,Synthetic,False,1,visibility,0.04428
06_synth_locality_diversity_phase_dense,61,VisBuf,Synthetic,False,2,visutil_histogram,0.02616
06_synth_locality_diversity_phase_dense,61,VisBuf,Synthetic,False,3,visutil_prefix,0.00207
06_synth_locality_diversity_phase_dense,61,VisBuf,Synthetic,False,4,visutil_flatten,0.03571
06_synth_locality_diversity_phase_dense,61,VisBuf,Synthetic,False,5,gbuffer,0.14286
06_synth_locality_diversity_phase_dense,61,VisBuf,Synthetic,False,6,lighting,0.08858
06_synth_locality_diversity_phase_dense,61,VisBuf,Synthetic,False,7,tonemap,0.02915
06_synth_locality_diversity_phase_dense,62,DeferredPrepass,Synthetic,False,0,total,0.28842
06_synth_locality_diversity_phase_dense,62,DeferredPrepass,Synthetic,False,1,depth_prepass,0.02056
06_synth_locality_diversity_phase_dense,62,DeferredPrepass,Synthetic,False,2,geometry,0.13876
06_synth_locality_diversity_phase_dense,62,DeferredPrepass,Synthetic,False,3,lighting,0.08618
06_synth_locality_diversity_phase_dense,62,DeferredPrepass,Synthetic,False,4,tonemap,0.02986
06_synth_locality_diversity_phase_dense,63,VisBuf,Synthetic,False,0,total,0.40678
06_synth_locality_diversity_phase_dense,63,VisBuf,Synthetic,False,1,visibility,0.04445
06_synth_locality_diversity_phase_dense,63,VisBuf,Synthetic,False,2,visutil_histogram,0.02627
06_synth_locality_diversity_phase_dense,63,VisBuf,Synthetic,False,3,visutil_prefix,0.00208
06_synth_locality_diversity_phase_dense,63,VisBuf,Synthetic,False,4,visutil_flatten,0.03564
06_synth_locality_diversity_phase_dense,63,VisBuf,Synthetic,False,5,gbuffer,0.14584
06_synth_locality_diversity_phase_dense,63,VisBuf,Synthetic,False,6,lighting,0.08879
06_synth_locality_diversity_phase_dense,63,VisBuf,Synthetic,False,7,tonemap,0.03089
06_synth_locality_diversity_phase_dense,64,DeferredPrepass,Synthetic,False,0,total,0.29041
06_synth_locality_diversity_phase_dense,64,DeferredPrepass,Synthetic,False,1,depth_prepass,0.02026
06_synth_locality_diversity_phase_dense,64,DeferredPrepass,Synthetic,False,2,geometry,0.14143
06_synth_locality_diversity_phase_dense,64,DeferredPrepass,Synthetic,False,3,lighting,0.08586
06_synth_locality_diversity_phase_dense,64,DeferredPrepass,Synthetic,False,4,tonemap,0.02968
06_synth_locality_diversity_phase_dense,65,VisBuf,Synthetic,False,0,total,0.41944
06_synth_locality_diversity_phase_dense,65,VisBuf,Synthetic,False,1,visibility,0.04563
06_synth_locality_diversity_phase_dense,65,VisBuf,Synthetic,False,2,visutil_histogram,0.02638
06_synth_locality_diversity_phase_dense,65,VisBuf,Synthetic,False,3,visutil_prefix,0.00211
06_synth_locality_diversity_phase_dense,65,VisBuf,Synthetic,False,4,visutil_flatten,0.03567
06_synth_locality_diversity_phase_dense,65,VisBuf,Synthetic,False,5,gbuffer,0.15392
06_synth_locality_diversity_phase_dense,65,VisBuf,Synthetic,False,6,lighting,0.08909
06_synth_locality_diversity_phase_dense,65,VisBuf,Synthetic,False,7,tonemap,0.03417
06_synth_locality_diversity_phase_dense,66,DeferredPrepass,Synthetic,False,0,total,0.29065
06_synth_locality_diversity_phase_dense,66,DeferredPrepass,Synthetic,False,1,depth_prepass,0.02048
06_synth_locality_diversity_phase_dense,66,DeferredPrepass,Synthetic,False,2,geometry,0.14157
06_synth_locality_diversity_phase_dense,66,DeferredPrepass,Synthetic,False,3,lighting,0.08584
06_synth_locality_diversity_phase_dense,66,DeferredPrepass,Synthetic,False,4,tonemap,0.02963
06_synth_locality_diversity_phase_dense,67,VisBuf,Synthetic,False,0,total,0.41356
06_synth_locality_diversity_phase_dense,67,VisBuf,Synthetic,False,1,visibility,0.04552
06_synth_locality_diversity_phase_dense,67,VisBuf,Synthetic,False,2,visutil_histogram,0.02626
06_synth_locality_diversity_phase_dense,67,VisBuf,Synthetic,False,3,visutil_prefix,0.00209
06_synth_locality_diversity_phase_dense,67,VisBuf,Synthetic,False,4,visutil_flatten,0.03567
06_synth_locality_diversity_phase_dense,67,VisBuf,Synthetic,False,5,gbuffer,0.15015
06_synth_locality_diversity_phase_dense,67,VisBuf,Synthetic,False,6,lighting,0.08896
06_synth_locality_diversity_phase_dense,67,VisBuf,Synthetic,False,7,tonemap,0.03233
06_synth_locality_diversity_phase_dense,68,DeferredPrepass,Synthetic,False,0,total,0.29063
06_synth_locality_diversity_phase_dense,68,DeferredPrepass,Synthetic,False,1,depth_prepass,0.02001
06_synth_locality_diversity_phase_dense,68,DeferredPrepass,Synthetic,False,2,geometry,0.1424
06_synth_locality_diversity_phase_dense,68,DeferredPrepass,Synthetic,False,3,lighting,0.08594
06_synth_locality_diversity_phase_dense,68,DeferredPrepass,Synthetic,False,4,tonemap,0.02934
06_synth_locality_diversity_phase_dense,69,VisBuf,Synthetic,False,0,total,0.41461
06_synth_locality_diversity_phase_dense,69,VisBuf,Synthetic,False,1,visibility,0.04595
06_synth_locality_diversity_phase_dense,69,VisBuf,Synthetic,False,2,visutil_histogram,0.02615
06_synth_locality_diversity_phase_dense,69,VisBuf,Synthetic,False,3,visutil_prefix,0.00209
06_synth_locality_diversity_phase_dense,69,VisBuf,Synthetic,False,4,visutil_flatten,0.03572
06_synth_locality_diversity_phase_dense,69,VisBuf,Synthetic,False,5,gbuffer,0.15106
06_synth_locality_diversity_phase_dense,69,VisBuf,Synthetic,False,6,lighting,0.08888
06_synth_locality_diversity_phase_dense,69,VisBuf,Synthetic,False,7,tonemap,0.03243
06_synth_locality_diversity_phase_dense,70,DeferredPrepass,Synthetic,False,0,total,0.29124
06_synth_locality_diversity_phase_dense,70,DeferredPrepass,Synthetic,False,1,depth_prepass,0.02022
06_synth_locality_diversity_phase_dense,70,DeferredPrepass,Synthetic,False,2,geometry,0.14254
06_synth_locality_diversity_phase_dense,70,DeferredPrepass,Synthetic,False,3,lighting,0.08585
06_synth_locality_diversity_phase_dense,70,DeferredPrepass,Synthetic,False,4,tonemap,0.0294
06_synth_locality_diversity_phase_dense,71,VisBuf,Synthetic,False,0,total,0.42213
06_synth_locality_diversity_phase_dense,71,VisBuf,Synthetic,False,1,visibility,0.04632
06_synth_locality_diversity_phase_dense,71,VisBuf,Synthetic,False,2,visutil_histogram,0.0263
06_synth_locality_diversity_phase_dense,71,VisBuf,Synthetic,False,3,visutil_prefix,0.00211
06_synth_locality_diversity_phase_dense,71,VisBuf,Synthetic,False,4,visutil_flatten,0.03593
06_synth_locality_diversity_phase_dense,71,VisBuf,Synthetic,False,5,gbuffer,0.15512
06_synth_locality_diversity_phase_dense,71,VisBuf,Synthetic,False,6,lighting,0.08939
06_synth_locality_diversity_phase_dense,71,VisBuf,Synthetic,False,7,tonemap,0.03457
06_synth_locality_diversity_phase_dense,72,DeferredPrepass,Synthetic,False,0,total,0.24372
06_synth_locality_diversity_phase_dense,72,DeferredPrepass,Synthetic,False,1,depth_prepass,0.02299
06_synth_locality_diversity_phase_dense,72,DeferredPrepass,Synthetic,False,2,geometry,0.09401
06_synth_locality_diversity_phase_dense,72,DeferredPrepass,Synthetic,False,3,lighting,0.08564
06_synth_locality_diversity_phase_dense,72,DeferredPrepass,Synthetic,False,4,tonemap,0.02815
06_synth_locality_diversity_phase_dense,73,VisBuf,Synthetic,False,0,total,0.33801
06_synth_locality_diversity_phase_dense,73,VisBuf,Synthetic,False,1,visibility,0.03273
06_synth_locality_diversity_phase_dense,73,VisBuf,Synthetic,False,2,visutil_histogram,0.02285
06_synth_locality_diversity_phase_dense,73,VisBuf,Synthetic,False,3,visutil_prefix,0.00206
06_synth_locality_diversity_phase_dense,73,VisBuf,Synthetic,False,4,visutil_flatten,0.03048
06_synth_locality_diversity_phase_dense,73,VisBuf,Synthetic,False,5,gbuffer,0.09954
06_synth_locality_diversity_phase_dense,73,VisBuf,Synthetic,False,6,lighting,0.08912
06_synth_locality_diversity_phase_dense,73,VisBuf,Synthetic,False,7,tonemap,0.03003
06_synth_locality_diversity_phase_dense,74,DeferredPrepass,Synthetic,False,0,total,0.24295
06_synth_locality_diversity_phase_dense,74,DeferredPrepass,Synthetic,False,1,depth_prepass,0.02259
06_synth_locality_diversity_phase_dense,74,DeferredPrepass,Synthetic,False,2,geometry,0.09407
06_synth_locality_diversity_phase_dense,74,DeferredPrepass,Synthetic,False,3,lighting,0.08553
06_synth_locality_diversity_phase_dense,74,DeferredPrepass,Synthetic,False,4,tonemap,0.02768
06_synth_locality_diversity_phase_dense,75,VisBuf,Synthetic,False,0,total,0.3379
06_synth_locality_diversity_phase_dense,75,VisBuf,Synthetic,False,1,visibility,0.03258
06_synth_locality_diversity_phase_dense,75,VisBuf,Synthetic,False,2,visutil_histogram,0.02287
06_synth_locality_diversity_phase_dense,75,VisBuf,Synthetic,False,3,visutil_prefix,0.00206
06_synth_locality_diversity_phase_dense,75,VisBuf,Synthetic,False,4,visutil_flatten,0.03049
06_synth_locality_diversity_phase_dense,75,VisBuf,Synthetic,False,5,gbuffer,0.09954
06_synth_locality_diversity_phase_dense,75,VisBuf,Synthetic,False,6,lighting,0.08914
06_synth_locality_diversity_phase_dense,75,VisBuf,Synthetic,False,7,tonemap,0.03007
06_synth_locality_diversity_phase_dense,76,DeferredPrepass,Synthetic,False,0,total,0.26848
06_synth_locality_diversity_phase_dense,76,DeferredPrepass,Synthetic,False,1,depth_prepass,0.02255
06_synth_locality_diversity_phase_dense,76,DeferredPrepass,Synthetic,False,2,geometry,0.11868
06_synth_locality_diversity_phase_dense,76,DeferredPrepass,Synthetic,False,3,lighting,0.08566
06_synth_locality_diversity_phase_dense,76,DeferredPrepass,Synthetic,False,4,tonemap,0.02878
06_synth_locality_diversity_phase_dense,77,VisBuf,Synthetic,False,0,total,0.39899
06_synth_locality_diversity_phase_dense,77,VisBuf,Synthetic,False,1,visibility,0.03536
06_synth_locality_diversity_phase_dense,77,VisBuf,Synthetic,False,2,visutil_histogram,0.02603
06_synth_locality_diversity_phase_dense,77,VisBuf,Synthetic,False,3,visutil_prefix,0.00211
06_synth_locality_diversity_phase_dense,77,VisBuf,Synthetic,False,4,visutil_flatten,0.03331
06_synth_locality_diversity_phase_dense,77,VisBuf,Synthetic,False,5,gbuffer,0.14531
06_synth_locality_diversity_phase_dense,77,VisBuf,Synthetic,False,6,lighting,0.08858
06_synth_locality_diversity_phase_dense,77,VisBuf,Synthetic,False,7,tonemap,0.03544
06_synth_locality_diversity_phase_dense,78,DeferredPrepass,Synthetic,False,0,total,0.26781
06_synth_locality_diversity_phase_dense,78,DeferredPrepass,Synthetic,False,1,depth_prepass,0.02243
06_synth_locality_diversity_phase_dense,78,DeferredPrepass,Synthetic,False,2,geometry,0.11852
06_synth_locality_diversity_phase_dense,78,DeferredPrepass,Synthetic,False,3,lighting,0.08566
06_synth_locality_diversity_phase_dense,78,DeferredPrepass,Synthetic,False,4,tonemap,0.02837
06_synth_locality_diversity_phase_dense,79,VisBuf,Synthetic,False,0,total,0.38931
06_synth_locality_diversity_phase_dense,79,VisBuf,Synthetic,False,1,visibility,0.03494
06_synth_locality_diversity_phase_dense,79,VisBuf,Synthetic,False,2,visutil_histogram,0.02564
06_synth_locality_diversity_phase_dense,79,VisBuf,Synthetic,False,3,visutil_prefix,0.00207
06_synth_locality_diversity_phase_dense,79,VisBuf,Synthetic,False,4,visutil_flatten,0.03334
06_synth_locality_diversity_phase_dense,79,VisBuf,Synthetic,False,5,gbuffer,0.14173
06_synth_locality_diversity_phase_dense,79,VisBuf,Synthetic,False,6,lighting,0.08825
06_synth_locality_diversity_phase_dense,79,VisBuf,Synthetic,False,7,tonemap,0.03016
06_synth_locality_diversity_phase_dense,80,DeferredPrepass,Synthetic,False,0,total,0.27141
06_synth_locality_diversity_phase_dense,80,DeferredPrepass,Synthetic,False,1,depth_prepass,0.02255
06_synth_locality_diversity_phase_dense,80,DeferredPrepass,Synthetic,False,2,geometry,0.1211
06_synth_locality_diversity_phase_dense,80,DeferredPrepass,Synthetic,False,3,lighting,0.08566
06_synth_locality_diversity_phase_dense,80,DeferredPrepass,Synthetic,False,4,tonemap,0.02918
06_synth_locality_diversity_phase_dense,81,VisBuf,Synthetic,False,0,total,0.40556
06_synth_locality_diversity_phase_dense,81,VisBuf,Synthetic,False,1,visibility,0.03741
06_synth_locality_diversity_phase_dense,81,VisBuf,Synthetic,False,2,visutil_histogram,0.02718
06_synth_locality_diversity_phase_dense,81,VisBuf,Synthetic,False,3,visutil_prefix,0.00212
06_synth_locality_diversity_phase_dense,81,VisBuf,Synthetic,False,4,visutil_flatten,0.03452
06_synth_locality_diversity_phase_dense,81,VisBuf,Synthetic,False,5,gbuffer,0.14671
06_synth_locality_diversity_phase_dense,81,VisBuf,Synthetic,False,6,lighting,0.08931
06_synth_locality_diversity_phase_dense,81,VisBuf,Synthetic,False,7,tonemap,0.03665
06_synth_locality_diversity_phase_dense,82,DeferredPrepass,Synthetic,False,0,total,0.27184
06_synth_locality_diversity_phase_dense,82,DeferredPrepass,Synthetic,False,1,depth_prepass,0.02258
06_synth_locality_diversity_phase_dense,82,DeferredPrepass,Synthetic,False,2,geometry,0.1212
06_synth_locality_diversity_phase_dense,82,DeferredPrepass,Synthetic,False,3,lighting,0.08562
06_synth_locality_diversity_phase_dense,82,DeferredPrepass,Synthetic,False,4,tonemap,0.02952
06_synth_locality_diversity_phase_dense,83,VisBuf,Synthetic,False,0,total,0.3897
06_synth_locality_diversity_phase_dense,83,VisBuf,Synthetic,False,1,visibility,0.03684
06_synth_locality_diversity_phase_dense,83,VisBuf,Synthetic,False,2,visutil_histogram,0.02633
06_synth_locality_diversity_phase_dense,83,VisBuf,Synthetic,False,3,visutil_prefix,0.00206
06_synth_locality_diversity_phase_dense,83,VisBuf,Synthetic,False,4,visutil_flatten,0.03454
06_synth_locality_diversity_phase_dense,83,VisBuf,Synthetic,False,5,gbuffer,0.14092
06_synth_locality_diversity_phase_dense,83,VisBuf,Synthetic,False,6,lighting,0.08811
06_synth_locality_diversity_phase_dense,83,VisBuf,Synthetic,False,7,tonemap,0.02964
06_synth_locality_diversity_phase_dense,84,DeferredPrepass,Synthetic,False,0,total,0.27612
06_synth_locality_diversity_phase_dense,84,DeferredPrepass,Synthetic,False,1,depth_prepass,0.023
06_synth_locality_diversity_phase_dense,84,DeferredPrepass,Synthetic,False,2,geometry,0.12433
06_synth_locality_diversity_phase_dense,84,DeferredPrepass,Synthetic,False,3,lighting,0.08587
06_synth_locality_diversity_phase_dense,84,DeferredPrepass,Synthetic,False,4,tonemap,0.02966
06_synth_locality_diversity_phase_dense,85,VisBuf,Synthetic,False,0,total,0.39741
06_synth_locality_diversity_phase_dense,85,VisBuf,Synthetic,False,1,visibility,0.03926
06_synth_locality_diversity_phase_dense,85,VisBuf,Synthetic,False,2,visutil_histogram,0.0266
06_synth_locality_diversity_phase_dense,85,VisBuf,Synthetic,False,3,visutil_prefix,0.00208
06_synth_locality_diversity_phase_dense,85,VisBuf,Synthetic,False,4,visutil_flatten,0.03514
06_synth_locality_diversity_phase_dense,85,VisBuf,Synthetic,False,5,gbuffer,0.1425
06_synth_locality_diversity_phase_dense,85,VisBuf,Synthetic,False,6,lighting,0.08881
06_synth_locality_diversity_phase_dense,85,VisBuf,Synthetic,False,7,tonemap,0.03063
06_synth_locality_diversity_phase_dense,86,DeferredPrepass,Synthetic,False,0,total,0.27758
06_synth_locality_diversity_phase_dense,86,DeferredPrepass,Synthetic,False,1,depth_prepass,0.02275
06_synth_locality_diversity_phase_dense,86,DeferredPrepass,Synthetic,False,2,geometry,0.12453
06_synth_locality_diversity_phase_dense,86,DeferredPrepass,Synthetic,False,3,lighting,0.08613
06_synth_locality_diversity_phase_dense,86,DeferredPrepass,Synthetic,False,4,tonemap,0.02962
06_synth_locality_diversity_phase_dense,87,VisBuf,Synthetic,False,0,total,0.40073
06_synth_locality_diversity_phase_dense,87,VisBuf,Synthetic,False,1,visibility,0.03983
06_synth_locality_diversity_phase_dense,87,VisBuf,Synthetic,False,2,visutil_histogram,0.02671
06_synth_locality_diversity_phase_dense,87,VisBuf,Synthetic,False,3,visutil_prefix,0.0021
06_synth_locality_diversity_phase_dense,87,VisBuf,Synthetic,False,4,visutil_flatten,0.0353
06_synth_locality_diversity_phase_dense,87,VisBuf,Synthetic,False,5,gbuffer,0.1436
06_synth_locality_diversity_phase_dense,87,VisBuf,Synthetic,False,6,lighting,0.08878
06_synth_locality_diversity_phase_dense,87,VisBuf,Synthetic,False,7,tonemap,0.03194
06_synth_locality_diversity_phase_dense,88,DeferredPrepass,Synthetic,False,0,total,0.27822
06_synth_locality_diversity_phase_dense,88,DeferredPrepass,Synthetic,False,1,depth_prepass,0.02183
06_synth_locality_diversity_phase_dense,88,DeferredPrepass,Synthetic,False,2,geometry,0.12769
06_synth_locality_diversity_phase_dense,88,DeferredPrepass,Synthetic,False,3,lighting,0.08578
06_synth_locality_diversity_phase_dense,88,DeferredPrepass,Synthetic,False,4,tonemap,0.03003
06_synth_locality_diversity_phase_dense,89,VisBuf,Synthetic,False,0,total,0.406
06_synth_locality_diversity_phase_dense,89,VisBuf,Synthetic,False,1,visibility,0.0413
06_synth_locality_diversity_phase_dense,89,VisBuf,Synthetic,False,2,visutil_histogram,0.02672
06_synth_locality_diversity_phase_dense,89,VisBuf,Synthetic,False,3,visutil_prefix,0.0021
06_synth_locality_diversity_phase_dense,89,VisBuf,Synthetic,False,4,visutil_flatten,0.03545
06_synth_locality_diversity_phase_dense,89,VisBuf,Synthetic,False,5,gbuffer,0.14562
06_synth_locality_diversity_phase_dense,89,VisBuf,Synthetic,False,6,lighting,0.08921
06_synth_locality_diversity_phase_dense,89,VisBuf,Synthetic,False,7,tonemap,0.033
06_synth_locality_diversity_phase_dense,90,DeferredPrepass,Synthetic,False,0,total,0.27875
06_synth_locality_diversity_phase_dense,90,DeferredPrepass,Synthetic,False,1,depth_prepass,0.02197
06_synth_locality_diversity_phase_dense,90,DeferredPrepass,Synthetic,False,2,geometry,0.12833
06_synth_locality_diversity_phase_dense,90,DeferredPrepass,Synthetic,False,3,lighting,0.08581
06_synth_locality_diversity_phase_dense,90,DeferredPrepass,Synthetic,False,4,tonemap,0.0297
06_synth_locality_diversity_phase_dense,91,VisBuf,Synthetic,False,0,total,0.39706
06_synth_locality_diversity_phase_dense,91,VisBuf,Synthetic,False,1,visibility,0.04134
06_synth_locality_diversity_phase_dense,91,VisBuf,Synthetic,False,2,visutil_histogram,0.02648
06_synth_locality_diversity_phase_dense,91,VisBuf,Synthetic,False,3,visutil_prefix,0.00207
06_synth_locality_diversity_phase_dense,91,VisBuf,Synthetic,False,4,visutil_flatten,0.03552
06_synth_locality_diversity_phase_dense,91,VisBuf,Synthetic,False,5,gbuffer,0.14118
06_synth_locality_diversity_phase_dense,91,VisBuf,Synthetic,False,6,lighting,0.08842
06_synth_locality_diversity_phase_dense,91,VisBuf,Synthetic,False,7,tonemap,0.02934
06_synth_locality_diversity_phase_dense,92,DeferredPrepass,Synthetic,False,0,total,0.28194
06_synth_locality_diversity_phase_dense,92,DeferredPrepass,Synthetic,False,1,depth_prepass,0.02106
06_synth_locality_diversity_phase_dense,92,DeferredPrepass,Synthetic,False,2,geometry,0.13243
06_synth_locality_diversity_phase_dense,92,DeferredPrepass,Synthetic,False,3,lighting,0.08578
06_synth_locality_diversity_phase_dense,92,DeferredPrepass,Synthetic,False,4,tonemap,0.02974
06_synth_locality_diversity_phase_dense,93,VisBuf,Synthetic,False,0,total,0.41721
06_synth_locality_diversity_phase_dense,93,VisBuf,Synthetic,False,1,visibility,0.04308
06_synth_locality_diversity_phase_dense,93,VisBuf,Synthetic,False,2,visutil_histogram,0.02688
06_synth_locality_diversity_phase_dense,93,VisBuf,Synthetic,False,3,visutil_prefix,0.00212
06_synth_locality_diversity_phase_dense,93,VisBuf,Synthetic,False,4,visutil_flatten,0.03558
06_synth_locality_diversity_phase_dense,93,VisBuf,Synthetic,False,5,gbuffer,0.15113
06_synth_locality_diversity_phase_dense,93,VisBuf,Synthetic,False,6,lighting,0.08971
06_synth_locality_diversity_phase_dense,93,VisBuf,Synthetic,False,7,tonemap,0.03619
06_synth_locality_diversity_phase_dense,94,DeferredPrepass,Synthetic,False,0,total,0.28247
06_synth_locality_diversity_phase_dense,94,DeferredPrepass,Synthetic,False,1,depth_prepass,0.02141
06_synth_locality_diversity_phase_dense,94,DeferredPrepass,Synthetic,False,2,geometry,0.13254
06_synth_locality_diversity_phase_dense,94,DeferredPrepass,Synthetic,False,3,lighting,0.08579
06_synth_locality_diversity_phase_dense,94,DeferredPrepass,Synthetic,False,4,tonemap,0.02969
06_synth_locality_diversity_phase_dense,95,VisBuf,Synthetic,False,0,total,0.41626
06_synth_locality_diversity_phase_dense,95,VisBuf,Synthetic,False,1,visibility,0.043
06_synth_locality_diversity_phase_dense,95,VisBuf,Synthetic,False,2,visutil_histogram,0.02715
06_synth_locality_diversity_phase_dense,95,VisBuf,Synthetic,False,3,visutil_prefix,0.00212
06_synth_locality_diversity_phase_dense,95,VisBuf,Synthetic,False,4,visutil_flatten,0.0356
06_synth_locality_diversity_phase_dense,95,VisBuf,Synthetic,False,5,gbuffer,0.15074
06_synth_locality_diversity_phase_dense,95,VisBuf,Synthetic,False,6,lighting,0.08928
06_synth_locality_diversity_phase_dense,95,VisBuf,Synthetic,False,7,tonemap,0.03566
06_synth_locality_diversity_phase_dense,96,DeferredPrepass,Synthetic,False,0,total,0.28595
06_synth_locality_diversity_phase_dense,96,DeferredPrepass,Synthetic,False,1,depth_prepass,0.02106
06_synth_locality_diversity_phase_dense,96,DeferredPrepass,Synthetic,False,2,geometry,0.13617
06_synth_locality_diversity_phase_dense,96,DeferredPrepass,Synthetic,False,3,lighting,0.08594
06_synth_locality_diversity_phase_dense,96,DeferredPrepass,Synthetic,False,4,tonemap,0.02981
06_synth_locality_diversity_phase_dense,97,VisBuf,Synthetic,False,0,total,0.40034
06_synth_locality_diversity_phase_dense,97,VisBuf,Synthetic,False,1,visibility,0.04374
06_synth_locality_diversity_phase_dense,97,VisBuf,Synthetic,False,2,visutil_histogram,0.02624
06_synth_locality_diversity_phase_dense,97,VisBuf,Synthetic,False,3,visutil_prefix,0.00207
06_synth_locality_diversity_phase_dense,97,VisBuf,Synthetic,False,4,visutil_flatten,0.03566
06_synth_locality_diversity_phase_dense,97,VisBuf,Synthetic,False,5,gbuffer,0.14266
06_synth_locality_diversity_phase_dense,97,VisBuf,Synthetic,False,6,lighting,0.08852
06_synth_locality_diversity_phase_dense,97,VisBuf,Synthetic,False,7,tonemap,0.02913
06_synth_locality_diversity_phase_dense,98,DeferredPrepass,Synthetic,False,0,total,0.28566
06_synth_locality_diversity_phase_dense,98,DeferredPrepass,Synthetic,False,1,depth_prepass,0.0208
06_synth_locality_diversity_phase_dense,98,DeferredPrepass,Synthetic,False,2,geometry,0.13622
06_synth_locality_diversity_phase_dense,98,DeferredPrepass,Synthetic,False,3,lighting,0.08581
06_synth_locality_diversity_phase_dense,98,DeferredPrepass,Synthetic,False,4,tonemap,0.02993
06_synth_locality_diversity_phase_dense,99,VisBuf,Synthetic,False,0,total,0.40485
06_synth_locality_diversity_phase_dense,99,VisBuf,Synthetic,False,1,visibility,0.04386
06_synth_locality_diversity_phase_dense,99,VisBuf,Synthetic,False,2,visutil_histogram,0.02634
06_synth_locality_diversity_phase_dense,99,VisBuf,Synthetic,False,3,visutil_prefix,0.00208
06_synth_locality_diversity_phase_dense,99,VisBuf,Synthetic,False,4,visutil_flatten,0.03566
06_synth_locality_diversity_phase_dense,99,VisBuf,Synthetic,False,5,gbuffer,0.14503
06_synth_locality_diversity_phase_dense,99,VisBuf,Synthetic,False,6,lighting,0.08872
06_synth_locality_diversity_phase_dense,99,VisBuf,Synthetic,False,7,tonemap,0.03083
06_synth_locality_diversity_phase_dense,100,DeferredPrepass,Synthetic,False,0,total,0.28789
06_synth_locality_diversity_phase_dense,100,DeferredPrepass,Synthetic,False,1,depth_prepass,0.02061
06_synth_locality_diversity_phase_dense,100,DeferredPrepass,Synthetic,False,2,geometry,0.13878
06_synth_locality_diversity_phase_dense,100,DeferredPrepass,Synthetic,False,3,lighting,0.08581
06_synth_locality_diversity_phase_dense,100,DeferredPrepass,Synthetic,False,4,tonemap,0.02962
06_synth_locality_diversity_phase_dense,101,VisBuf,Synthetic,False,0,total,0.40091
06_synth_locality_diversity_phase_dense,101,VisBuf,Synthetic,False,1,visibility,0.0444
06_synth_locality_diversity_phase_dense,101,VisBuf,Synthetic,False,2,visutil_histogram,0.02616
06_synth_locality_diversity_phase_dense,101,VisBuf,Synthetic,False,3,visutil_prefix,0.00207
06_synth_locality_diversity_phase_dense,101,VisBuf,Synthetic,False,4,visutil_flatten,0.03572
06_synth_locality_diversity_phase_dense,101,VisBuf,Synthetic,False,5,gbuffer,0.14213
06_synth_locality_diversity_phase_dense,101,VisBuf,Synthetic,False,6,lighting,0.08859
06_synth_locality_diversity_phase_dense,101,VisBuf,Synthetic,False,7,tonemap,0.02919
06_synth_locality_diversity_phase_dense,102,DeferredPrepass,Synthetic,False,0,total,0.28719
06_synth_locality_diversity_phase_dense,102,DeferredPrepass,Synthetic,False,1,depth_prepass,0.02007
06_synth_locality_diversity_phase_dense,102,DeferredPrepass,Synthetic,False,2,geometry,0.13852
06_synth_locality_diversity_phase_dense,102,DeferredPrepass,Synthetic,False,3,lighting,0.08584
06_synth_locality_diversity_phase_dense,102,DeferredPrepass,Synthetic,False,4,tonemap,0.02974
06_synth_locality_diversity_phase_dense,103,VisBuf,Synthetic,False,0,total,0.40195
06_synth_locality_diversity_phase_dense,103,VisBuf,Synthetic,False,1,visibility,0.04438
06_synth_locality_diversity_phase_dense,103,VisBuf,Synthetic,False,2,visutil_histogram,0.02612
06_synth_locality_diversity_phase_dense,103,VisBuf,Synthetic,False,3,visutil_prefix,0.00207
06_synth_locality_diversity_phase_dense,103,VisBuf,Synthetic,False,4,visutil_flatten,0.03573
06_synth_locality_diversity_phase_dense,103,VisBuf,Synthetic,False,5,gbuffer,0.14287
06_synth_locality_diversity_phase_dense,103,VisBuf,Synthetic,False,6,lighting,0.08899
06_synth_locality_diversity_phase_dense,103,VisBuf,Synthetic,False,7,tonemap,0.02916
06_synth_locality_diversity_phase_dense,104,DeferredPrepass,Synthetic,False,0,total,0.2886
06_synth_locality_diversity_phase_dense,104,DeferredPrepass,Synthetic,False,1,depth_prepass,0.02073
06_synth_locality_diversity_phase_dense,104,DeferredPrepass,Synthetic,False,2,geometry,0.1394
06_synth_locality_diversity_phase_dense,104,DeferredPrepass,Synthetic,False,3,lighting,0.08593
06_synth_locality_diversity_phase_dense,104,DeferredPrepass,Synthetic,False,4,tonemap,0.0294
06_synth_locality_diversity_phase_dense,105,VisBuf,Synthetic,False,0,total,0.41932
06_synth_locality_diversity_phase_dense,105,VisBuf,Synthetic,False,1,visibility,0.04533
06_synth_locality_diversity_phase_dense,105,VisBuf,Synthetic,False,2,visutil_histogram,0.02651
06_synth_locality_diversity_phase_dense,105,VisBuf,Synthetic,False,3,visutil_prefix,0.00211
06_synth_locality_diversity_phase_dense,105,VisBuf,Synthetic,False,4,visutil_flatten,0.03578
06_synth_locality_diversity_phase_dense,105,VisBuf,Synthetic,False,5,gbuffer,0.15325
06_synth_locality_diversity_phase_dense,105,VisBuf,Synthetic,False,6,lighting,0.08913
06_synth_locality_diversity_phase_dense,105,VisBuf,Synthetic,False,7,tonemap,0.03471
06_synth_locality_diversity_phase_dense,106,DeferredPrepass,Synthetic,False,0,total,0.28852
06_synth_locality_diversity_phase_dense,106,DeferredPrepass,Synthetic,False,1,depth_prepass,0.02043
06_synth_locality_diversity_phase_dense,106,DeferredPrepass,Synthetic,False,2,geometry,0.13957
06_synth_locality_diversity_phase_dense,106,DeferredPrepass,Synthetic,False,3,lighting,0.0858
06_synth_locality_diversity_phase_dense,106,DeferredPrepass,Synthetic,False,4,tonemap,0.02975
06_synth_locality_diversity_phase_dense,107,VisBuf,Synthetic,False,0,total,0.40175
06_synth_locality_diversity_phase_dense,107,VisBuf,Synthetic,False,1,visibility,0.04472
06_synth_locality_diversity_phase_dense,107,VisBuf,Synthetic,False,2,visutil_histogram,0.02612
06_synth_locality_diversity_phase_dense,107,VisBuf,Synthetic,False,3,visutil_prefix,0.00207
06_synth_locality_diversity_phase_dense,107,VisBuf,Synthetic,False,4,visutil_flatten,0.03585
06_synth_locality_diversity_phase_dense,107,VisBuf,Synthetic,False,5,gbuffer,0.14244
06_synth_locality_diversity_phase_dense,107,VisBuf,Synthetic,False,6,lighting,0.08856
06_synth_locality_diversity_phase_dense,107,VisBuf,Synthetic,False,7,tonemap,0.02911
06_synth_locality_diversity_phase_dense,108,DeferredPrepass,Synthetic,False,0,total,0.24316
06_synth_locality_diversity_phase_dense,108,DeferredPrepass,Synthetic,False,1,depth_prepass,0.02264
06_synth_locality_diversity_phase_dense,108,DeferredPrepass,Synthetic,False,2,geometry,0.09407
06_synth_locality_diversity_phase_dense,108,DeferredPrepass,Synthetic,False,3,lighting,0.0856
06_synth_locality_diversity_phase_dense,108,DeferredPrepass,Synthetic,False,4,tonemap,0.0279
06_synth_locality_diversity_phase_dense,109,VisBuf,Synthetic,False,0,total,0.33813
06_synth_locality_diversity_phase_dense,109,VisBuf,Synthetic,False,1,visibility,0.03255
06_synth_locality_diversity_phase_dense,109,VisBuf,Synthetic,False,2,visutil_histogram,0.02285
06_synth_locality_diversity_phase_dense,109,VisBuf,Synthetic,False,3,visutil_prefix,0.00206
06_synth_locality_diversity_phase_dense,109,VisBuf,Synthetic,False,4,visutil_flatten,0.03048
06_synth_locality_diversity_phase_dense,109,VisBuf,Synthetic,False,5,gbuffer,0.09935
06_synth_locality_diversity_phase_dense,109,VisBuf,Synthetic,False,6,lighting,0.08937
06_synth_locality_diversity_phase_dense,109,VisBuf,Synthetic,False,7,tonemap,0.03017
06_synth_locality_diversity_phase_dense,110,DeferredPrepass,Synthetic,False,0,total,0.24362
06_synth_locality_diversity_phase_dense,110,DeferredPrepass,Synthetic,False,1,depth_prepass,0.02262
06_synth_locality_diversity_phase_dense,110,DeferredPrepass,Synthetic,False,2,geometry,0.09415
06_synth_locality_diversity_phase_dense,110,DeferredPrepass,Synthetic,False,3,lighting,0.08562
06_synth_locality_diversity_phase_dense,110,DeferredPrepass,Synthetic,False,4,tonemap,0.02826
06_synth_locality_diversity_phase_dense,111,VisBuf,Synthetic,False,0,total,0.33781
06_synth_locality_diversity_phase_dense,111,VisBuf,Synthetic,False,1,visibility,0.03258
06_synth_locality_diversity_phase_dense,111,VisBuf,Synthetic,False,2,visutil_histogram,0.02286
06_synth_locality_diversity_phase_dense,111,VisBuf,Synthetic,False,3,visutil_prefix,0.00206
06_synth_locality_diversity_phase_dense,111,VisBuf,Synthetic,False,4,visutil_flatten,0.03049
06_synth_locality_diversity_phase_dense,111,VisBuf,Synthetic,False,5,gbuffer,0.09932
06_synth_locality_diversity_phase_dense,111,VisBuf,Synthetic,False,6,lighting,0.08914
06_synth_locality_diversity_phase_dense,111,VisBuf,Synthetic,False,7,tonemap,0.03016
06_synth_locality_diversity_phase_dense,112,DeferredPrepass,Synthetic,False,0,total,0.2687
06_synth_locality_diversity_phase_dense,112,DeferredPrepass,Synthetic,False,1,depth_prepass,0.02278
06_synth_locality_diversity_phase_dense,112,DeferredPrepass,Synthetic,False,2,geometry,0.11845
06_synth_locality_diversity_phase_dense,112,DeferredPrepass,Synthetic,False,3,lighting,0.08576
06_synth_locality_diversity_phase_dense,112,DeferredPrepass,Synthetic,False,4,tonemap,0.02886
06_synth_locality_diversity_phase_dense,113,VisBuf,Synthetic,False,0,total,0.39169
06_synth_locality_diversity_phase_dense,113,VisBuf,Synthetic,False,1,visibility,0.03497
06_synth_locality_diversity_phase_dense,113,VisBuf,Synthetic,False,2,visutil_histogram,0.0255
06_synth_locality_diversity_phase_dense,113,VisBuf,Synthetic,False,3,visutil_prefix,0.00208
06_synth_locality_diversity_phase_dense,113,VisBuf,Synthetic,False,4,visutil_flatten,0.03307
06_synth_locality_diversity_phase_dense,113,VisBuf,Synthetic,False,5,gbuffer,0.14332
06_synth_locality_diversity_phase_dense,113,VisBuf,Synthetic,False,6,lighting,0.0881
06_synth_locality_diversity_phase_dense,113,VisBuf,Synthetic,False,7,tonemap,0.03187
06_synth_locality_diversity_phase_dense,114,DeferredPrepass,Synthetic,False,0,total,0.26789
06_synth_locality_diversity_phase_dense,114,DeferredPrepass,Synthetic,False,1,depth_prepass,0.02271
06_synth_locality_diversity_phase_dense,114,DeferredPrepass,Synthetic,False,2,geometry,0.11774
06_synth_locality_diversity_phase_dense,114,DeferredPrepass,Synthetic,False,3,lighting,0.08574
06_synth_locality_diversity_phase_dense,114,DeferredPrepass,Synthetic,False,4,tonemap,0.0289
06_synth_locality_diversity_phase_dense,115,VisBuf,Synthetic,False,0,total,0.4016
06_synth_locality_diversity_phase_dense,115,VisBuf,Synthetic,False,1,visibility,0.0352
06_synth_locality_diversity_phase_dense,115,VisBuf,Synthetic,False,2,visutil_histogram,0.02625
06_synth_locality_diversity_phase_dense,115,VisBuf,Synthetic,False,3,visutil_prefix,0.00212
06_synth_locality_diversity_phase_dense,115,VisBuf,Synthetic,False,4,visutil_flatten,0.0331
06_synth_locality_diversity_phase_dense,115,VisBuf,Synthetic,False,5,gbuffer,0.14711
06_synth_locality_diversity_phase_dense,115,VisBuf,Synthetic,False,6,lighting,0.08867
06_synth_locality_diversity_phase_dense,115,VisBuf,Synthetic,False,7,tonemap,0.03656
06_synth_locality_diversity_phase_dense,116,DeferredPrepass,Synthetic,False,0,total,0.27123
06_synth_locality_diversity_phase_dense,116,DeferredPrepass,Synthetic,False,1,depth_prepass,0.02288
06_synth_locality_diversity_phase_dense,116,DeferredPrepass,Synthetic,False,2,geometry,0.12038
06_synth_locality_diversity_phase_dense,116,DeferredPrepass,Synthetic,False,3,lighting,0.08575
06_synth_locality_diversity_phase_dense,116,DeferredPrepass,Synthetic,False,4,tonemap,0.02939
06_synth_locality_diversity_phase_dense,117,VisBuf,Synthetic,False,0,total,0.39235
06_synth_locality_diversity_phase_dense,117,VisBuf,Synthetic,False,1,visibility,0.03681
06_synth_locality_diversity_phase_dense,117,VisBuf,Synthetic,False,2,visutil_histogram,0.02621
06_synth_locality_diversity_phase_dense,117,VisBuf,Synthetic,False,3,visutil_prefix,0.00207
06_synth_locality_diversity_phase_dense,117,VisBuf,Synthetic,False,4,visutil_flatten,0.03437
06_synth_locality_diversity_phase_dense,117,VisBuf,Synthetic,False,5,gbuffer,0.14201
06_synth_locality_diversity_phase_dense,117,VisBuf,Synthetic,False,6,lighting,0.08819
06_synth_locality_diversity_phase_dense,117,VisBuf,Synthetic,False,7,tonemap,0.03027
06_synth_locality_diversity_phase_dense,118,DeferredPrepass,Synthetic,False,0,total,0.27044
06_synth_locality_diversity_phase_dense,118,DeferredPrepass,Synthetic,False,1,depth_prepass,0.02281
06_synth_locality_diversity_phase_dense,118,DeferredPrepass,Synthetic,False,2,geometry,0.11966
06_synth_locality_diversity_phase_dense,118,DeferredPrepass,Synthetic,False,3,lighting,0.08574
06_synth_locality_diversity_phase_dense,118,DeferredPrepass,Synthetic,False,4,tonemap,0.02905
06_synth_locality_diversity_phase_dense,119,VisBuf,Synthetic,False,0,total,0.38987
06_synth_locality_diversity_phase_dense,119,VisBuf,Synthetic,False,1,visibility,0.03668
06_synth_locality_diversity_phase_dense,119,VisBuf,Synthetic,False,2,visutil_histogram,0.02612
06_synth_locality_diversity_phase_dense,119,VisBuf,Synthetic,False,3,visutil_prefix,0.00207
06_synth_locality_diversity_phase_dense,119,VisBuf,Synthetic,False,4,visutil_flatten,0.03432
06_synth_locality_diversity_phase_dense,119,VisBuf,Synthetic,False,5,gbuffer,0.14098
06_synth_locality_diversity_phase_dense,119,VisBuf,Synthetic,False,6,lighting,0.08817
06_synth_locality_diversity_phase_dense,119,VisBuf,Synthetic,False,7,tonemap,0.0297
06_synth_locality_diversity_phase_dense,120,DeferredPrepass,Synthetic,False,0,total,0.27294
06_synth_locality_diversity_phase_dense,120,DeferredPrepass,Synthetic,False,1,depth_prepass,0.02243
06_synth_locality_diversity_phase_dense,120,DeferredPrepass,Synthetic,False,2,geometry,0.12251
06_synth_locality_diversity_phase_dense,120,DeferredPrepass,Synthetic,False,3,lighting,0.08558
06_synth_locality_diversity_phase_dense,120,DeferredPrepass,Synthetic,False,4,tonemap,0.02942
06_synth_locality_diversity_phase_dense,121,VisBuf,Synthetic,False,0,total,0.39946
06_synth_locality_diversity_phase_dense,121,VisBuf,Synthetic,False,1,visibility,0.03855
06_synth_locality_diversity_phase_dense,121,VisBuf,Synthetic,False,2,visutil_histogram,0.02659
06_synth_locality_diversity_phase_dense,121,VisBuf,Synthetic,False,3,visutil_prefix,0.00209
06_synth_locality_diversity_phase_dense,121,VisBuf,Synthetic,False,4,visutil_flatten,0.03498
06_synth_locality_diversity_phase_dense,121,VisBuf,Synthetic,False,5,gbuffer,0.1433
06_synth_locality_diversity_phase_dense,121,VisBuf,Synthetic,False,6,lighting,0.08892
06_synth_locality_diversity_phase_dense,121,VisBuf,Synthetic,False,7,tonemap,0.03178
06_synth_locality_diversity_phase_dense,122,DeferredPrepass,Synthetic,False,0,total,0.27317
06_synth_locality_diversity_phase_dense,122,DeferredPrepass,Synthetic,False,1,depth_prepass,0.02255
06_synth_locality_diversity_phase_dense,122,DeferredPrepass,Synthetic,False,2,geometry,0.1223
06_synth_locality_diversity_phase_dense,122,DeferredPrepass,Synthetic,False,3,lighting,0.08577
06_synth_locality_diversity_phase_dense,122,DeferredPrepass,Synthetic,False,4,tonemap,0.0296
06_synth_locality_diversity_phase_dense,123,VisBuf,Synthetic,False,0,total,0.40788
06_synth_locality_diversity_phase_dense,123,VisBuf,Synthetic,False,1,visibility,0.03906
06_synth_locality_diversity_phase_dense,123,VisBuf,Synthetic,False,2,visutil_histogram,0.0269
06_synth_locality_diversity_phase_dense,123,VisBuf,Synthetic,False,3,visutil_prefix,0.00211
06_synth_locality_diversity_phase_dense,123,VisBuf,Synthetic,False,4,visutil_flatten,0.03498
06_synth_locality_diversity_phase_dense,123,VisBuf,Synthetic,False,5,gbuffer,0.14648
06_synth_locality_diversity_phase_dense,123,VisBuf,Synthetic,False,6,lighting,0.08965
06_synth_locality_diversity_phase_dense,123,VisBuf,Synthetic,False,7,tonemap,0.03566
06_synth_locality_diversity_phase_dense,124,DeferredPrepass,Synthetic,False,0,total,0.27635
06_synth_locality_diversity_phase_dense,124,DeferredPrepass,Synthetic,False,1,depth_prepass,0.02236
06_synth_locality_diversity_phase_dense,124,DeferredPrepass,Synthetic,False,2,geometry,0.12589
06_synth_locality_diversity_phase_dense,124,DeferredPrepass,Synthetic,False,3,lighting,0.08568
06_synth_locality_diversity_phase_dense,124,DeferredPrepass,Synthetic,False,4,tonemap,0.0294
06_synth_locality_diversity_phase_dense,125,VisBuf,Synthetic,False,0,total,0.40421
06_synth_locality_diversity_phase_dense,125,VisBuf,Synthetic,False,1,visibility,0.04051
06_synth_locality_diversity_phase_dense,125,VisBuf,Synthetic,False,2,visutil_histogram,0.02673
06_synth_locality_diversity_phase_dense,125,VisBuf,Synthetic,False,3,visutil_prefix,0.00209
06_synth_locality_diversity_phase_dense,125,VisBuf,Synthetic,False,4,visutil_flatten,0.03538
06_synth_locality_diversity_phase_dense,125,VisBuf,Synthetic,False,5,gbuffer,0.14462
06_synth_locality_diversity_phase_dense,125,VisBuf,Synthetic,False,6,lighting,0.08914
06_synth_locality_diversity_phase_dense,125,VisBuf,Synthetic,False,7,tonemap,0.03277
06_synth_locality_diversity_phase_dense,126,DeferredPrepass,Synthetic,False,0,total,0.2762
06_synth_locality_diversity_phase_dense,126,DeferredPrepass,Synthetic,False,1,depth_prepass,0.0224
06_synth_locality_diversity_phase_dense,126,DeferredPrepass,Synthetic,False,2,geometry,0.12553
06_synth_locality_diversity_phase_dense,126,DeferredPrepass,Synthetic,False,3,lighting,0.08572
06_synth_locality_diversity_phase_dense,126,DeferredPrepass,Synthetic,False,4,tonemap,0.02957
06_synth_locality_diversity_phase_dense,127,VisBuf,Synthetic,False,0,total,0.39563
06_synth_locality_diversity_phase_dense,127,VisBuf,Synthetic,False,1,visibility,0.04023
06_synth_locality_diversity_phase_dense,127,VisBuf,Synthetic,False,2,visutil_histogram,0.02653
06_synth_locality_diversity_phase_dense,127,VisBuf,Synthetic,False,3,visutil_prefix,0.00207
06_synth_locality_diversity_phase_dense,127,VisBuf,Synthetic,False,4,visutil_flatten,0.0354
06_synth_locality_diversity_phase_dense,127,VisBuf,Synthetic,False,5,gbuffer,0.14064
06_synth_locality_diversity_phase_dense,127,VisBuf,Synthetic,False,6,lighting,0.08836
06_synth_locality_diversity_phase_dense,127,VisBuf,Synthetic,False,7,tonemap,0.0294
06_synth_locality_diversity_phase_dense,128,DeferredPrepass,Synthetic,False,0,total,0.27962
06_synth_locality_diversity_phase_dense,128,DeferredPrepass,Synthetic,False,1,depth_prepass,0.02176
06_synth_locality_diversity_phase_dense,128,DeferredPrepass,Synthetic,False,2,geometry,0.12932
06_synth_locality_diversity_phase_dense,128,DeferredPrepass,Synthetic,False,3,lighting,0.08577
06_synth_locality_diversity_phase_dense,128,DeferredPrepass,Synthetic,False,4,tonemap,0.02985
06_synth_locality_diversity_phase_dense,129,VisBuf,Synthetic,False,0,total,0.40047
06_synth_locality_diversity_phase_dense,129,VisBuf,Synthetic,False,1,visibility,0.04191
06_synth_locality_diversity_phase_dense,129,VisBuf,Synthetic,False,2,visutil_histogram,0.02656
06_synth_locality_diversity_phase_dense,129,VisBuf,Synthetic,False,3,visutil_prefix,0.00208
06_synth_locality_diversity_phase_dense,129,VisBuf,Synthetic,False,4,visutil_flatten,0.03559
06_synth_locality_diversity_phase_dense,129,VisBuf,Synthetic,False,5,gbuffer,0.14277
06_synth_locality_diversity_phase_dense,129,VisBuf,Synthetic,False,6,lighting,0.08885
06_synth_locality_diversity_phase_dense,129,VisBuf,Synthetic,False,7,tonemap,0.03052
06_synth_locality_diversity_phase_dense,130,DeferredPrepass,Synthetic,False,0,total,0.27961
06_synth_locality_diversity_phase_dense,130,DeferredPrepass,Synthetic,False,1,depth_prepass,0.02164
06_synth_locality_diversity_phase_dense,130,DeferredPrepass,Synthetic,False,2,geometry,0.12923
06_synth_locality_diversity_phase_dense,130,DeferredPrepass,Synthetic,False,3,lighting,0.08577
06_synth_locality_diversity_phase_dense,130,DeferredPrepass,Synthetic,False,4,tonemap,0.02997
06_synth_locality_diversity_phase_dense,131,VisBuf,Synthetic,False,0,total,0.39671
06_synth_locality_diversity_phase_dense,131,VisBuf,Synthetic,False,1,visibility,0.04161
06_synth_locality_diversity_phase_dense,131,VisBuf,Synthetic,False,2,visutil_histogram,0.02648
06_synth_locality_diversity_phase_dense,131,VisBuf,Synthetic,False,3,visutil_prefix,0.00207
06_synth_locality_diversity_phase_dense,131,VisBuf,Synthetic,False,4,visutil_flatten,0.03561
06_synth_locality_diversity_phase_dense,131,VisBuf,Synthetic,False,5,gbuffer,0.14105
06_synth_locality_diversity_phase_dense,131,VisBuf,Synthetic,False,6,lighting,0.08848
06_synth_locality_diversity_phase_dense,131,VisBuf,Synthetic,False,7,tonemap,0.02931
06_synth_locality_diversity_phase_dense,132,DeferredPrepass,Synthetic,False,0,total,0.28194
06_synth_locality_diversity_phase_dense,132,DeferredPrepass,Synthetic,False,1,depth_prepass,0.0209
06_synth_locality_diversity_phase_dense,132,DeferredPrepass,Synthetic,False,2,geometry,0.13251
06_synth_locality_diversity_phase_dense,132,DeferredPrepass,Synthetic,False,3,lighting,0.0858
06_synth_locality_diversity_phase_dense,132,DeferredPrepass,Synthetic,False,4,tonemap,0.0298
06_synth_locality_diversity_phase_dense,133,VisBuf,Synthetic,False,0,total,0.40228
06_synth_locality_diversity_phase_dense,133,VisBuf,Synthetic,False,1,visibility,0.04278
06_synth_locality_diversity_phase_dense,133,VisBuf,Synthetic,False,2,visutil_histogram,0.02652
06_synth_locality_diversity_phase_dense,133,VisBuf,Synthetic,False,3,visutil_prefix,0.00208
06_synth_locality_diversity_phase_dense,133,VisBuf,Synthetic,False,4,visutil_flatten,0.03575
06_synth_locality_diversity_phase_dense,133,VisBuf,Synthetic,False,5,gbuffer,0.14366
06_synth_locality_diversity_phase_dense,133,VisBuf,Synthetic,False,6,lighting,0.08871
06_synth_locality_diversity_phase_dense,133,VisBuf,Synthetic,False,7,tonemap,0.0305
06_synth_locality_diversity_phase_dense,134,DeferredPrepass,Synthetic,False,0,total,0.28245
06_synth_locality_diversity_phase_dense,134,DeferredPrepass,Synthetic,False,1,depth_prepass,0.02132
06_synth_locality_diversity_phase_dense,134,DeferredPrepass,Synthetic,False,2,geometry,0.13234
06_synth_locality_diversity_phase_dense,134,DeferredPrepass,Synthetic,False,3,lighting,0.08592
06_synth_locality_diversity_phase_dense,134,DeferredPrepass,Synthetic,False,4,tonemap,0.02989
06_synth_locality_diversity_phase_dense,135,VisBuf,Synthetic,False,0,total,0.39792
06_synth_locality_diversity_phase_dense,135,VisBuf,Synthetic,False,1,visibility,0.04268
06_synth_locality_diversity_phase_dense,135,VisBuf,Synthetic,False,2,visutil_histogram,0.02646
06_synth_locality_diversity_phase_dense,135,VisBuf,Synthetic,False,3,visutil_prefix,0.00207
06_synth_locality_diversity_phase_dense,135,VisBuf,Synthetic,False,4,visutil_flatten,0.03572
06_synth_locality_diversity_phase_dense,135,VisBuf,Synthetic,False,5,gbuffer,0.14073
06_synth_locality_diversity_phase_dense,135,VisBuf,Synthetic,False,6,lighting,0.0886
06_synth_locality_diversity_phase_dense,135,VisBuf,Synthetic,False,7,tonemap,0.02924
06_synth_locality_diversity_phase_dense,136,DeferredPrepass,Synthetic,False,0,total,0.28393
06_synth_locality_diversity_phase_dense,136,DeferredPrepass,Synthetic,False,1,depth_prepass,0.02074
06_synth_locality_diversity_phase_dense,136,DeferredPrepass,Synthetic,False,2,geometry,0.13481
06_synth_locality_diversity_phase_dense,136,DeferredPrepass,Synthetic,False,3,lighting,0.08583
06_synth_locality_diversity_phase_dense,136,DeferredPrepass,Synthetic,False,4,tonemap,0.02956
06_synth_locality_diversity_phase_dense,137,VisBuf,Synthetic,False,0,total,0.39895
06_synth_locality_diversity_phase_dense,137,VisBuf,Synthetic,False,1,visibility,0.04341
06_synth_locality_diversity_phase_dense,137,VisBuf,Synthetic,False,2,visutil_histogram,0.02636
06_synth_locality_diversity_phase_dense,137,VisBuf,Synthetic,False,3,visutil_prefix,0.00206
06_synth_locality_diversity_phase_dense,137,VisBuf,Synthetic,False,4,visutil_flatten,0.03578
06_synth_locality_diversity_phase_dense,137,VisBuf,Synthetic,False,5,gbuffer,0.14185
06_synth_locality_diversity_phase_dense,137,VisBuf,Synthetic,False,6,lighting,0.08852
06_synth_locality_diversity_phase_dense,137,VisBuf,Synthetic,False,7,tonemap,0.02923
06_synth_locality_diversity_phase_dense,138,DeferredPrepass,Synthetic,False,0,total,0.28392
06_synth_locality_diversity_phase_dense,138,DeferredPrepass,Synthetic,False,1,depth_prepass,0.02103
06_synth_locality_diversity_phase_dense,138,DeferredPrepass,Synthetic,False,2,geometry,0.13411
06_synth_locality_diversity_phase_dense,138,DeferredPrepass,Synthetic,False,3,lighting,0.08577
06_synth_locality_diversity_phase_dense,138,DeferredPrepass,Synthetic,False,4,tonemap,0.02995
06_synth_locality_diversity_phase_dense,139,VisBuf,Synthetic,False,0,total,0.39956
06_synth_locality_diversity_phase_dense,139,VisBuf,Synthetic,False,1,visibility,0.04332
06_synth_locality_diversity_phase_dense,139,VisBuf,Synthetic,False,2,visutil_histogram,0.02639
06_synth_locality_diversity_phase_dense,139,VisBuf,Synthetic,False,3,visutil_prefix,0.00206
06_synth_locality_diversity_phase_dense,139,VisBuf,Synthetic,False,4,visutil_flatten,0.03578
06_synth_locality_diversity_phase_dense,139,VisBuf,Synthetic,False,5,gbuffer,0.14174
06_synth_locality_diversity_phase_dense,139,VisBuf,Synthetic,False,6,lighting,0.08878
06_synth_locality_diversity_phase_dense,139,VisBuf,Synthetic,False,7,tonemap,0.02923
06_synth_locality_diversity_phase_dense,140,DeferredPrepass,Synthetic,False,0,total,0.28458
06_synth_locality_diversity_phase_dense,140,DeferredPrepass,Synthetic,False,1,depth_prepass,0.02061
06_synth_locality_diversity_phase_dense,140,DeferredPrepass,Synthetic,False,2,geometry,0.13537
06_synth_locality_diversity_phase_dense,140,DeferredPrepass,Synthetic,False,3,lighting,0.08581
06_synth_locality_diversity_phase_dense,140,DeferredPrepass,Synthetic,False,4,tonemap,0.02984
06_synth_locality_diversity_phase_dense,141,VisBuf,Synthetic,False,0,total,0.41675
06_synth_locality_diversity_phase_dense,141,VisBuf,Synthetic,False,1,visibility,0.04412
06_synth_locality_diversity_phase_dense,141,VisBuf,Synthetic,False,2,visutil_histogram,0.02672
06_synth_locality_diversity_phase_dense,141,VisBuf,Synthetic,False,3,visutil_prefix,0.00211
06_synth_locality_diversity_phase_dense,141,VisBuf,Synthetic,False,4,visutil_flatten,0.03583
06_synth_locality_diversity_phase_dense,141,VisBuf,Synthetic,False,5,gbuffer,0.15086
06_synth_locality_diversity_phase_dense,141,VisBuf,Synthetic,False,6,lighting,0.08926
06_synth_locality_diversity_phase_dense,141,VisBuf,Synthetic,False,7,tonemap,0.03553
06_synth_locality_diversity_phase_dense,142,DeferredPrepass,Synthetic,False,0,total,0.28415
06_synth_locality_diversity_phase_dense,142,DeferredPrepass,Synthetic,False,1,depth_prepass,0.02075
06_synth_locality_diversity_phase_dense,142,DeferredPrepass,Synthetic,False,2,geometry,0.13506
06_synth_locality_diversity_phase_dense,142,DeferredPrepass,Synthetic,False,3,lighting,0.08582
06_synth_locality_diversity_phase_dense,142,DeferredPrepass,Synthetic,False,4,tonemap,0.02952
06_synth_locality_diversity_phase_dense,143,VisBuf,Synthetic,False,0,total,0.39976
06_synth_locality_diversity_phase_dense,143,VisBuf,Synthetic,False,1,visibility,0.04347
06_synth_locality_diversity_phase_dense,143,VisBuf,Synthetic,False,2,visutil_histogram,0.02634
06_synth_locality_diversity_phase_dense,143,VisBuf,Synthetic,False,3,visutil_prefix,0.00206
06_synth_locality_diversity_phase_dense,143,VisBuf,Synthetic,False,4,visutil_flatten,0.03585
06_synth_locality_diversity_phase_dense,143,VisBuf,Synthetic,False,5,gbuffer,0.14221
06_synth_locality_diversity_phase_dense,143,VisBuf,Synthetic,False,6,lighting,0.08855
06_synth_locality_diversity_phase_dense,143,VisBuf,Synthetic,False,7,tonemap,0.02914
06_synth_locality_diversity_phase_dense,144,DeferredPrepass,Synthetic,False,0,total,0.24302
06_synth_locality_diversity_phase_dense,144,DeferredPrepass,Synthetic,False,1,depth_prepass,0.02303
06_synth_locality_diversity_phase_dense,144,DeferredPrepass,Synthetic,False,2,geometry,0.09393
06_synth_locality_diversity_phase_dense,144,DeferredPrepass,Synthetic,False,3,lighting,0.08544
06_synth_locality_diversity_phase_dense,144,DeferredPrepass,Synthetic,False,4,tonemap,0.02763
06_synth_locality_diversity_phase_dense,145,VisBuf,Synthetic,False,0,total,0.33672
06_synth_locality_diversity_phase_dense,145,VisBuf,Synthetic,False,1,visibility,0.03247
06_synth_locality_diversity_phase_dense,145,VisBuf,Synthetic,False,2,visutil_histogram,0.0226
06_synth_locality_diversity_phase_dense,145,VisBuf,Synthetic,False,3,visutil_prefix,0.00207
06_synth_locality_diversity_phase_dense,145,VisBuf,Synthetic,False,4,visutil_flatten,0.03046
06_synth_locality_diversity_phase_dense,145,VisBuf,Synthetic,False,5,gbuffer,0.09916
06_synth_locality_diversity_phase_dense,145,VisBuf,Synthetic,False,6,lighting,0.0886
06_synth_locality_diversity_phase_dense,145,VisBuf,Synthetic,False,7,tonemap,0.02986
06_synth_locality_diversity_phase_dense,146,DeferredPrepass,Synthetic,False,0,total,0.24296
06_synth_locality_diversity_phase_dense,146,DeferredPrepass,Synthetic,False,1,depth_prepass,0.0228
06_synth_locality_diversity_phase_dense,146,DeferredPrepass,Synthetic,False,2,geometry,0.09377
06_synth_locality_diversity_phase_dense,146,DeferredPrepass,Synthetic,False,3,lighting,0.08532
06_synth_locality_diversity_phase_dense,146,DeferredPrepass,Synthetic,False,4,tonemap,0.02802
06_synth_locality_diversity_phase_dense,147,VisBuf,Synthetic,False,0,total,0.33755
06_synth_locality_diversity_phase_dense,147,VisBuf,Synthetic,False,1,visibility,0.03246
06_synth_locality_diversity_phase_dense,147,VisBuf,Synthetic,False,2,visutil_histogram,0.02264
06_synth_locality_diversity_phase_dense,147,VisBuf,Synthetic,False,3,visutil_prefix,0.00206
06_synth_locality_diversity_phase_dense,147,VisBuf,Synthetic,False,4,visutil_flatten,0.03047
06_synth_locality_diversity_phase_dense,147,VisBuf,Synthetic,False,5,gbuffer,0.09921
06_synth_locality_diversity_phase_dense,147,VisBuf,Synthetic,False,6,lighting,0.08925
06_synth_locality_diversity_phase_dense,147,VisBuf,Synthetic,False,7,tonemap,0.03008
06_synth_locality_diversity_phase_dense,148,DeferredPrepass,Synthetic,False,0,total,0.26659
06_synth_locality_diversity_phase_dense,148,DeferredPrepass,Synthetic,False,1,depth_prepass,0.02264
06_synth_locality_diversity_phase_dense,148,DeferredPrepass,Synthetic,False,2,geometry,0.11713
06_synth_locality_diversity_phase_dense,148,DeferredPrepass,Synthetic,False,3,lighting,0.08534
06_synth_locality_diversity_phase_dense,148,DeferredPrepass,Synthetic,False,4,tonemap,0.02865
06_synth_locality_diversity_phase_dense,149,VisBuf,Synthetic,False,0,total,0.39815
06_synth_locality_diversity_phase_dense,149,VisBuf,Synthetic,False,1,visibility,0.03503
06_synth_locality_diversity_phase_dense,149,VisBuf,Synthetic,False,2,visutil_histogram,0.02596
06_synth_locality_diversity_phase_dense,149,VisBuf,Synthetic,False,3,visutil_prefix,0.00211
06_synth_locality_diversity_phase_dense,149,VisBuf,Synthetic,False,4,visutil_flatten,0.03282
06_synth_locality_diversity_phase_dense,149,VisBuf,Synthetic,False,5,gbuffer,0.14593
06_synth_locality_diversity_phase_dense,149,VisBuf,Synthetic,False,6,lighting,0.08824
06_synth_locality_diversity_phase_dense,149,VisBuf,Synthetic,False,7,tonemap,0.03583
06_synth_locality_diversity_phase_dense,150,DeferredPrepass,Synthetic,False,0,total,0.26676
06_synth_locality_diversity_phase_dense,150,DeferredPrepass,Synthetic,False,1,depth_prepass,0.02295
06_synth_locality_diversity_phase_dense,150,DeferredPrepass,Synthetic,False,2,geometry,0.11744
06_synth_locality_diversity_phase_dense,150,DeferredPrepass,Synthetic,False,3,lighting,0.0854
06_synth_locality_diversity_phase_dense,150,DeferredPrepass,Synthetic,False,4,tonemap,0.02816
06_synth_locality_diversity_phase_dense,151,VisBuf,Synthetic,False,0,total,0.39542
06_synth_locality_diversity_phase_dense,151,VisBuf,Synthetic,False,1,visibility,0.03464
06_synth_locality_diversity_phase_dense,151,VisBuf,Synthetic,False,2,visutil_histogram,0.0256
06_synth_locality_diversity_phase_dense,151,VisBuf,Synthetic,False,3,visutil_prefix,0.0021
06_synth_locality_diversity_phase_dense,151,VisBuf,Synthetic,False,4,visutil_flatten,0.03288
06_synth_locality_diversity_phase_dense,151,VisBuf,Synthetic,False,5,gbuffer,0.14507
06_synth_locality_diversity_phase_dense,151,VisBuf,Synthetic,False,6,lighting,0.08816
06_synth_locality_diversity_phase_dense,151,VisBuf,Synthetic,False,7,tonemap,0.03464
06_synth_locality_diversity_phase_dense,152,DeferredPrepass,Synthetic,False,0,total,0.26792
06_synth_locality_diversity_phase_dense,152,DeferredPrepass,Synthetic,False,1,depth_prepass,0.02292
06_synth_locality_diversity_phase_dense,152,DeferredPrepass,Synthetic,False,2,geometry,0.11779
06_synth_locality_diversity_phase_dense,152,DeferredPrepass,Synthetic,False,3,lighting,0.08541
06_synth_locality_diversity_phase_dense,152,DeferredPrepass,Synthetic,False,4,tonemap,0.029
06_synth_locality_diversity_phase_dense,153,VisBuf,Synthetic,False,0,total,0.39722
06_synth_locality_diversity_phase_dense,153,VisBuf,Synthetic,False,1,visibility,0.03642
06_synth_locality_diversity_phase_dense,153,VisBuf,Synthetic,False,2,visutil_histogram,0.02626
06_synth_locality_diversity_phase_dense,153,VisBuf,Synthetic,False,3,visutil_prefix,0.00209
06_synth_locality_diversity_phase_dense,153,VisBuf,Synthetic,False,4,visutil_flatten,0.03405
06_synth_locality_diversity_phase_dense,153,VisBuf,Synthetic,False,5,gbuffer,0.14416
06_synth_locality_diversity_phase_dense,153,VisBuf,Synthetic,False,6,lighting,0.0886
06_synth_locality_diversity_phase_dense,153,VisBuf,Synthetic,False,7,tonemap,0.03392
06_synth_locality_diversity_phase_dense,154,DeferredPrepass,Synthetic,False,0,total,0.26813
06_synth_locality_diversity_phase_dense,154,DeferredPrepass,Synthetic,False,1,depth_prepass,0.02284
06_synth_locality_diversity_phase_dense,154,DeferredPrepass,Synthetic,False,2,geometry,0.11807
06_synth_locality_diversity_phase_dense,154,DeferredPrepass,Synthetic,False,3,lighting,0.08541
06_synth_locality_diversity_phase_dense,154,DeferredPrepass,Synthetic,False,4,tonemap,0.02878
06_synth_locality_diversity_phase_dense,155,VisBuf,Synthetic,False,0,total,0.40054
06_synth_locality_diversity_phase_dense,155,VisBuf,Synthetic,False,1,visibility,0.03649
06_synth_locality_diversity_phase_dense,155,VisBuf,Synthetic,False,2,visutil_histogram,0.02649
06_synth_locality_diversity_phase_dense,155,VisBuf,Synthetic,False,3,visutil_prefix,0.0021
06_synth_locality_diversity_phase_dense,155,VisBuf,Synthetic,False,4,visutil_flatten,0.03409
06_synth_locality_diversity_phase_dense,155,VisBuf,Synthetic,False,5,gbuffer,0.14486
06_synth_locality_diversity_phase_dense,155,VisBuf,Synthetic,False,6,lighting,0.08858
06_synth_locality_diversity_phase_dense,155,VisBuf,Synthetic,False,7,tonemap,0.03615
06_synth_locality_diversity_phase_dense,156,DeferredPrepass,Synthetic,False,0,total,0.26965
06_synth_locality_diversity_phase_dense,156,DeferredPrepass,Synthetic,False,1,depth_prepass,0.02245
06_synth_locality_diversity_phase_dense,156,DeferredPrepass,Synthetic,False,2,geometry,0.11923
06_synth_locality_diversity_phase_dense,156,DeferredPrepass,Synthetic,False,3,lighting,0.08544
06_synth_locality_diversity_phase_dense,156,DeferredPrepass,Synthetic,False,4,tonemap,0.02959
06_synth_locality_diversity_phase_dense,157,VisBuf,Synthetic,False,0,total,0.39474
06_synth_locality_diversity_phase_dense,157,VisBuf,Synthetic,False,1,visibility,0.03777
06_synth_locality_diversity_phase_dense,157,VisBuf,Synthetic,False,2,visutil_histogram,0.0265
06_synth_locality_diversity_phase_dense,157,VisBuf,Synthetic,False,3,visutil_prefix,0.00208
06_synth_locality_diversity_phase_dense,157,VisBuf,Synthetic,False,4,visutil_flatten,0.03475
06_synth_locality_diversity_phase_dense,157,VisBuf,Synthetic,False,5,gbuffer,0.14238
06_synth_locality_diversity_phase_dense,157,VisBuf,Synthetic,False,6,lighting,0.08811
06_synth_locality_diversity_phase_dense,157,VisBuf,Synthetic,False,7,tonemap,0.03184
06_synth_locality_diversity_phase_dense,158,DeferredPrepass,Synthetic,False,0,total,0.27029
06_synth_locality_diversity_phase_dense,158,DeferredPrepass,Synthetic,False,1,depth_prepass,0.02251
06_synth_locality_diversity_phase_dense,158,DeferredPrepass,Synthetic,False,2,geometry,0.11965
06_synth_locality_diversity_phase_dense,158,DeferredPrepass,Synthetic,False,3,lighting,0.0854
06_synth_locality_diversity_phase_dense,158,DeferredPrepass,Synthetic,False,4,tonemap,0.02975
06_synth_locality_diversity_phase_dense,159,VisBuf,Synthetic,False,0,total,0.39247
06_synth_locality_diversity_phase_dense,159,VisBuf,Synthetic,False,1,visibility,0.03772
06_synth_locality_diversity_phase_dense,159,VisBuf,Synthetic,False,2,visutil_histogram,0.02647
06_synth_locality_diversity_phase_dense,159,VisBuf,Synthetic,False,3,visutil_prefix,0.00207
06_synth_locality_diversity_phase_dense,159,VisBuf,Synthetic,False,4,visutil_flatten,0.03479
06_synth_locality_diversity_phase_dense,159,VisBuf,Synthetic,False,5,gbuffer,0.14083
06_synth_locality_diversity_phase_dense,159,VisBuf,Synthetic,False,6,lighting,0.0884
06_synth_locality_diversity_phase_dense,159,VisBuf,Synthetic,False,7,tonemap,0.03082
06_synth_locality_diversity_phase_dense,160,DeferredPrepass,Synthetic,False,0,total,0.2714
06_synth_locality_diversity_phase_dense,160,DeferredPrepass,Synthetic,False,1,depth_prepass,0.02224
06_synth_locality_diversity_phase_dense,160,DeferredPrepass,Synthetic,False,2,geometry,0.12175
06_synth_locality_diversity_phase_dense,160,DeferredPrepass,Synthetic,False,3,lighting,0.08541
06_synth_locality_diversity_phase_dense,160,DeferredPrepass,Synthetic,False,4,tonemap,0.0291
06_synth_locality_diversity_phase_dense,161,VisBuf,Synthetic,False,0,total,0.39349
06_synth_locality_diversity_phase_dense,161,VisBuf,Synthetic,False,1,visibility,0.03903
06_synth_locality_diversity_phase_dense,161,VisBuf,Synthetic,False,2,visutil_histogram,0.02648
06_synth_locality_diversity_phase_dense,161,VisBuf,Synthetic,False,3,visutil_prefix,0.00206
06_synth_locality_diversity_phase_dense,161,VisBuf,Synthetic,False,4,visutil_flatten,0.03528
06_synth_locality_diversity_phase_dense,161,VisBuf,Synthetic,False,5,gbuffer,0.14035
06_synth_locality_diversity_phase_dense,161,VisBuf,Synthetic,False,6,lighting,0.08821
06_synth_locality_diversity_phase_dense,161,VisBuf,Synthetic,False,7,tonemap,0.02937
06_synth_locality_diversity_phase_dense,162,DeferredPrepass,Synthetic,False,0,total,0.27227
06_synth_locality_diversity_phase_dense,162,DeferredPrepass,Synthetic,False,1,depth_prepass,0.02224
06_synth_locality_diversity_phase_dense,162,DeferredPrepass,Synthetic,False,2,geometry,0.12194
06_synth_locality_diversity_phase_dense,162,DeferredPrepass,Synthetic,False,3,lighting,0.08544
06_synth_locality_diversity_phase_dense,162,DeferredPrepass,Synthetic,False,4,tonemap,0.02969
06_synth_locality_diversity_phase_dense,163,VisBuf,Synthetic,False,0,total,0.39215
06_synth_locality_diversity_phase_dense,163,VisBuf,Synthetic,False,1,visibility,0.03913
06_synth_locality_diversity_phase_dense,163,VisBuf,Synthetic,False,2,visutil_histogram,0.02648
06_synth_locality_diversity_phase_dense,163,VisBuf,Synthetic,False,3,visutil_prefix,0.00205
06_synth_locality_diversity_phase_dense,163,VisBuf,Synthetic,False,4,visutil_flatten,0.03522
06_synth_locality_diversity_phase_dense,163,VisBuf,Synthetic,False,5,gbuffer,0.13948
06_synth_locality_diversity_phase_dense,163,VisBuf,Synthetic,False,6,lighting,0.08793
06_synth_locality_diversity_phase_dense,163,VisBuf,Synthetic,False,7,tonemap,0.02947
06_synth_locality_diversity_phase_dense,164,DeferredPrepass,Synthetic,False,0,total,0.27531
06_synth_locality_diversity_phase_dense,164,DeferredPrepass,Synthetic,False,1,depth_prepass,0.02191
06_synth_locality_diversity_phase_dense,164,DeferredPrepass,Synthetic,False,2,geometry,0.12511
06_synth_locality_diversity_phase_dense,164,DeferredPrepass,Synthetic,False,3,lighting,0.08552
06_synth_locality_diversity_phase_dense,164,DeferredPrepass,Synthetic,False,4,tonemap,0.02989
06_synth_locality_diversity_phase_dense,165,VisBuf,Synthetic,False,0,total,0.39951
06_synth_locality_diversity_phase_dense,165,VisBuf,Synthetic,False,1,visibility,0.0403
06_synth_locality_diversity_phase_dense,165,VisBuf,Synthetic,False,2,visutil_histogram,0.02669
06_synth_locality_diversity_phase_dense,165,VisBuf,Synthetic,False,3,visutil_prefix,0.00208
06_synth_locality_diversity_phase_dense,165,VisBuf,Synthetic,False,4,visutil_flatten,0.03554
06_synth_locality_diversity_phase_dense,165,VisBuf,Synthetic,False,5,gbuffer,0.14195
06_synth_locality_diversity_phase_dense,165,VisBuf,Synthetic,False,6,lighting,0.08863
06_synth_locality_diversity_phase_dense,165,VisBuf,Synthetic,False,7,tonemap,0.0315
06_synth_locality_diversity_phase_dense,166,DeferredPrepass,Synthetic,False,0,total,0.27478
06_synth_locality_diversity_phase_dense,166,DeferredPrepass,Synthetic,False,1,depth_prepass,0.02209
06_synth_locality_diversity_phase_dense,166,DeferredPrepass,Synthetic,False,2,geometry,0.1249
06_synth_locality_diversity_phase_dense,166,DeferredPrepass,Synthetic,False,3,lighting,0.08542
06_synth_locality_diversity_phase_dense,166,DeferredPrepass,Synthetic,False,4,tonemap,0.02955
06_synth_locality_diversity_phase_dense,167,VisBuf,Synthetic,False,0,total,0.41129
06_synth_locality_diversity_phase_dense,167,VisBuf,Synthetic,False,1,visibility,0.04083
06_synth_locality_diversity_phase_dense,167,VisBuf,Synthetic,False,2,visutil_histogram,0.02701
06_synth_locality_diversity_phase_dense,167,VisBuf,Synthetic,False,3,visutil_prefix,0.00212
06_synth_locality_diversity_phase_dense,167,VisBuf,Synthetic,False,4,visutil_flatten,0.03554
06_synth_locality_diversity_phase_dense,167,VisBuf,Synthetic,False,5,gbuffer,0.14762
06_synth_locality_diversity_phase_dense,167,VisBuf,Synthetic,False,6,lighting,0.08916
06_synth_locality_diversity_phase_dense,167,VisBuf,Synthetic,False,7,tonemap,0.03656
06_synth_locality_diversity_phase_dense,168,DeferredPrepass,Synthetic,False,0,total,0.27651
06_synth_locality_diversity_phase_dense,168,DeferredPrepass,Synthetic,False,1,depth_prepass,0.02185
06_synth_locality_diversity_phase_dense,168,DeferredPrepass,Synthetic,False,2,geometry,0.12655
06_synth_locality_diversity_phase_dense,168,DeferredPrepass,Synthetic,False,3,lighting,0.08546
06_synth_locality_diversity_phase_dense,168,DeferredPrepass,Synthetic,False,4,tonemap,0.02976
06_synth_locality_diversity_phase_dense,169,VisBuf,Synthetic,False,0,total,0.39486
06_synth_locality_diversity_phase_dense,169,VisBuf,Synthetic,False,1,visibility,0.04099
06_synth_locality_diversity_phase_dense,169,VisBuf,Synthetic,False,2,visutil_histogram,0.02651
06_synth_locality_diversity_phase_dense,169,VisBuf,Synthetic,False,3,visutil_prefix,0.00206
06_synth_locality_diversity_phase_dense,169,VisBuf,Synthetic,False,4,visutil_flatten,0.03563
06_synth_locality_diversity_phase_dense,169,VisBuf,Synthetic,False,5,gbuffer,0.13997
06_synth_locality_diversity_phase_dense,169,VisBuf,Synthetic,False,6,lighting,0.0884
06_synth_locality_diversity_phase_dense,169,VisBuf,Synthetic,False,7,tonemap,0.02924
06_synth_locality_diversity_phase_dense,170,DeferredPrepass,Synthetic,False,0,total,0.2767
06_synth_locality_diversity_phase_dense,170,DeferredPrepass,Synthetic,False,1,depth_prepass,0.02161
06_synth_locality_diversity_phase_dense,170,DeferredPrepass,Synthetic,False,2,geometry,0.12667
06_synth_locality_diversity_phase_dense,170,DeferredPrepass,Synthetic,False,3,lighting,0.0855
06_synth_locality_diversity_phase_dense,170,DeferredPrepass,Synthetic,False,4,tonemap,0.02991
06_synth_locality_diversity_phase_dense,171,VisBuf,Synthetic,False,0,total,0.40422
06_synth_locality_diversity_phase_dense,171,VisBuf,Synthetic,False,1,visibility,0.04138
06_synth_locality_diversity_phase_dense,171,VisBuf,Synthetic,False,2,visutil_histogram,0.02679
06_synth_locality_diversity_phase_dense,171,VisBuf,Synthetic,False,3,visutil_prefix,0.00209
06_synth_locality_diversity_phase_dense,171,VisBuf,Synthetic,False,4,visutil_flatten,0.03568
06_synth_locality_diversity_phase_dense,171,VisBuf,Synthetic,False,5,gbuffer,0.14413
06_synth_locality_diversity_phase_dense,171,VisBuf,Synthetic,False,6,lighting,0.08894
06_synth_locality_diversity_phase_dense,171,VisBuf,Synthetic,False,7,tonemap,0.03311
06_synth_locality_diversity_phase_dense,172,DeferredPrepass,Synthetic,False,0,total,0.27801
06_synth_locality_diversity_phase_dense,172,DeferredPrepass,Synthetic,False,1,depth_prepass,0.02159
06_synth_locality_diversity_phase_dense,172,DeferredPrepass,Synthetic,False,2,geometry,0.12792
06_synth_locality_diversity_phase_dense,172,DeferredPrepass,Synthetic,False,3,lighting,0.08558
06_synth_locality_diversity_phase_dense,172,DeferredPrepass,Synthetic,False,4,tonemap,0.02987
06_synth_locality_diversity_phase_dense,173,VisBuf,Synthetic,False,0,total,0.40362
06_synth_locality_diversity_phase_dense,173,VisBuf,Synthetic,False,1,visibility,0.04185
06_synth_locality_diversity_phase_dense,173,VisBuf,Synthetic,False,2,visutil_histogram,0.02674
06_synth_locality_diversity_phase_dense,173,VisBuf,Synthetic,False,3,visutil_prefix,0.00208
06_synth_locality_diversity_phase_dense,173,VisBuf,Synthetic,False,4,visutil_flatten,0.0357
06_synth_locality_diversity_phase_dense,173,VisBuf,Synthetic,False,5,gbuffer,0.14387
06_synth_locality_diversity_phase_dense,173,VisBuf,Synthetic,False,6,lighting,0.08926
06_synth_locality_diversity_phase_dense,173,VisBuf,Synthetic,False,7,tonemap,0.03201
06_synth_locality_diversity_phase_dense,174,DeferredPrepass,Synthetic,False,0,total,0.27856
06_synth_locality_diversity_phase_dense,174,DeferredPrepass,Synthetic,False,1,depth_prepass,0.02175
06_synth_locality_diversity_phase_dense,174,DeferredPrepass,Synthetic,False,2,geometry,0.12858
06_synth_locality_diversity_phase_dense,174,DeferredPrepass,Synthetic,False,3,lighting,0.08546
06_synth_locality_diversity_phase_dense,174,DeferredPrepass,Synthetic,False,4,tonemap,0.02983
06_synth_locality_diversity_phase_dense,175,VisBuf,Synthetic,False,0,total,0.40453
06_synth_locality_diversity_phase_dense,175,VisBuf,Synthetic,False,1,visibility,0.04199
06_synth_locality_diversity_phase_dense,175,VisBuf,Synthetic,False,2,visutil_histogram,0.02668
06_synth_locality_diversity_phase_dense,175,VisBuf,Synthetic,False,3,visutil_prefix,0.00208
06_synth_locality_diversity_phase_dense,175,VisBuf,Synthetic,False,4,visutil_flatten,0.03573
06_synth_locality_diversity_phase_dense,175,VisBuf,Synthetic,False,5,gbuffer,0.145
06_synth_locality_diversity_phase_dense,175,VisBuf,Synthetic,False,6,lighting,0.08841
06_synth_locality_diversity_phase_dense,175,VisBuf,Synthetic,False,7,tonemap,0.03244
06_synth_locality_diversity_phase_dense,176,DeferredPrepass,Synthetic,False,0,total,0.27818
06_synth_locality_diversity_phase_dense,176,DeferredPrepass,Synthetic,False,1,depth_prepass,0.02136
06_synth_locality_diversity_phase_dense,176,DeferredPrepass,Synthetic,False,2,geometry,0.12854
06_synth_locality_diversity_phase_dense,176,DeferredPrepass,Synthetic,False,3,lighting,0.08548
06_synth_locality_diversity_phase_dense,176,DeferredPrepass,Synthetic,False,4,tonemap,0.02983
06_synth_locality_diversity_phase_dense,177,VisBuf,Synthetic,False,0,total,0.40681
06_synth_locality_diversity_phase_dense,177,VisBuf,Synthetic,False,1,visibility,0.0421
06_synth_locality_diversity_phase_dense,177,VisBuf,Synthetic,False,2,visutil_histogram,0.02707
06_synth_locality_diversity_phase_dense,177,VisBuf,Synthetic,False,3,visutil_prefix,0.00209
06_synth_locality_diversity_phase_dense,177,VisBuf,Synthetic,False,4,visutil_flatten,0.03578
06_synth_locality_diversity_phase_dense,177,VisBuf,Synthetic,False,5,gbuffer,0.14551
06_synth_locality_diversity_phase_dense,177,VisBuf,Synthetic,False,6,lighting,0.08889
06_synth_locality_diversity_phase_dense,177,VisBuf,Synthetic,False,7,tonemap,0.03336
06_synth_locality_diversity_phase_dense,178,DeferredPrepass,Synthetic,False,0,total,0.27941
06_synth_locality_diversity_phase_dense,178,DeferredPrepass,Synthetic,False,1,depth_prepass,0.02191
06_synth_locality_diversity_phase_dense,178,DeferredPrepass,Synthetic,False,2,geometry,0.12925
06_synth_locality_diversity_phase_dense,178,DeferredPrepass,Synthetic,False,3,lighting,0.08546
06_synth_locality_diversity_phase_dense,178,DeferredPrepass,Synthetic,False,4,tonemap,0.02956
06_synth_locality_diversity_phase_dense,179,VisBuf,Synthetic,False,0,total,0.40798
06_synth_locality_diversity_phase_dense,179,VisBuf,Synthetic,False,1,visibility,0.04217
06_synth_locality_diversity_phase_dense,179,VisBuf,Synthetic,False,2,visutil_histogram,0.02682
06_synth_locality_diversity_phase_dense,179,VisBuf,Synthetic,False,3,visutil_prefix,0.0021
06_synth_locality_diversity_phase_dense,179,VisBuf,Synthetic,False,4,visutil_flatten,0.03587
06_synth_locality_diversity_phase_dense,179,VisBuf,Synthetic,False,5,gbuffer,0.14562
06_synth_locality_diversity_phase_dense,179,VisBuf,Synthetic,False,6,lighting,0.08884
06_synth_locality_diversity_phase_dense,179,VisBuf,Synthetic,False,7,tonemap,0.03392
06_synth_locality_diversity_phase_dense,180,DeferredPrepass,Synthetic,False,0,total,0.24227
06_synth_locality_diversity_phase_dense,180,DeferredPrepass,Synthetic,False,1,depth_prepass,0.02254
06_synth_locality_diversity_phase_dense,180,DeferredPrepass,Synthetic,False,2,geometry,0.09381
06_synth_locality_diversity_phase_dense,180,DeferredPrepass,Synthetic,False,3,lighting,0.08523
06_synth_locality_diversity_phase_dense,180,DeferredPrepass,Synthetic,False,4,tonemap,0.02772
06_synth_locality_diversity_phase_dense,181,VisBuf,Synthetic,False,0,total,0.33672
06_synth_locality_diversity_phase_dense,181,VisBuf,Synthetic,False,1,visibility,0.03245
06_synth_locality_diversity_phase_dense,181,VisBuf,Synthetic,False,2,visutil_histogram,0.02276
06_synth_locality_diversity_phase_dense,181,VisBuf,Synthetic,False,3,visutil_prefix,0.00205
06_synth_locality_diversity_phase_dense,181,VisBuf,Synthetic,False,4,visutil_flatten,0.03044
06_synth_locality_diversity_phase_dense,181,VisBuf,Synthetic,False,5,gbuffer,0.09907
06_synth_locality_diversity_phase_dense,181,VisBuf,Synthetic,False,6,lighting,0.08872
06_synth_locality_diversity_phase_dense,181,VisBuf,Synthetic,False,7,tonemap,0.03007
06_synth_locality_diversity_phase_dense,182,DeferredPrepass,Synthetic,False,0,total,0.24231
06_synth_locality_diversity_phase_dense,182,DeferredPrepass,Synthetic,False,1,depth_prepass,0.02254
06_synth_locality_diversity_phase_dense,182,DeferredPrepass,Synthetic,False,2,geometry,0.09383
06_synth_locality_diversity_phase_dense,182,DeferredPrepass,Synthetic,False,3,lighting,0.0853
06_synth_locality_diversity_phase_dense,182,DeferredPrepass,Synthetic,False,4,tonemap,0.0277
06_synth_locality_diversity_phase_dense,183,VisBuf,Synthetic,False,0,total,0.33686
06_synth_locality_diversity_phase_dense,183,VisBuf,Synthetic,False,1,visibility,0.03243
06_synth_locality_diversity_phase_dense,183,VisBuf,Synthetic,False,2,visutil_histogram,0.02275
06_synth_locality_diversity_phase_dense,183,VisBuf,Synthetic,False,3,visutil_prefix,0.00205
06_synth_locality_diversity_phase_dense,183,VisBuf,Synthetic,False,4,visutil_flatten,0.03044
06_synth_locality_diversity_phase_dense,183,VisBuf,Synthetic,False,5,gbuffer,0.09928
06_synth_locality_diversity_phase_dense,183,VisBuf,Synthetic,False,6,lighting,0.08877
06_synth_locality_diversity_phase_dense,183,VisBuf,Synthetic,False,7,tonemap,0.02999
06_synth_locality_diversity_phase_dense,184,DeferredPrepass,Synthetic,False,0,total,0.26559
06_synth_locality_diversity_phase_dense,184,DeferredPrepass,Synthetic,False,1,depth_prepass,0.02288
06_synth_locality_diversity_phase_dense,184,DeferredPrepass,Synthetic,False,2,geometry,0.11639
06_synth_locality_diversity_phase_dense,184,DeferredPrepass,Synthetic,False,3,lighting,0.08535
06_synth_locality_diversity_phase_dense,184,DeferredPrepass,Synthetic,False,4,tonemap,0.02816
06_synth_locality_diversity_phase_dense,185,VisBuf,Synthetic,False,0,total,0.38336
06_synth_locality_diversity_phase_dense,185,VisBuf,Synthetic,False,1,visibility,0.03407
06_synth_locality_diversity_phase_dense,185,VisBuf,Synthetic,False,2,visutil_histogram,0.02469
06_synth_locality_diversity_phase_dense,185,VisBuf,Synthetic,False,3,visutil_prefix,0.00206
06_synth_locality_diversity_phase_dense,185,VisBuf,Synthetic,False,4,visutil_flatten,0.03255
06_synth_locality_diversity_phase_dense,185,VisBuf,Synthetic,False,5,gbuffer,0.14146
06_synth_locality_diversity_phase_dense,185,VisBuf,Synthetic,False,6,lighting,0.08737
06_synth_locality_diversity_phase_dense,185,VisBuf,Synthetic,False,7,tonemap,0.02966
06_synth_locality_diversity_phase_dense,186,DeferredPrepass,Synthetic,False,0,total,0.26493
06_synth_locality_diversity_phase_dense,186,DeferredPrepass,Synthetic,False,1,depth_prepass,0.02268
06_synth_locality_diversity_phase_dense,186,DeferredPrepass,Synthetic,False,2,geometry,0.11616
06_synth_locality_diversity_phase_dense,186,DeferredPrepass,Synthetic,False,3,lighting,0.0853
06_synth_locality_diversity_phase_dense,186,DeferredPrepass,Synthetic,False,4,tonemap,0.02805
06_synth_locality_diversity_phase_dense,187,VisBuf,Synthetic,False,0,total,0.40076
06_synth_locality_diversity_phase_dense,187,VisBuf,Synthetic,False,1,visibility,0.03459
06_synth_locality_diversity_phase_dense,187,VisBuf,Synthetic,False,2,visutil_histogram,0.02559
06_synth_locality_diversity_phase_dense,187,VisBuf,Synthetic,False,3,visutil_prefix,0.00212
06_synth_locality_diversity_phase_dense,187,VisBuf,Synthetic,False,4,visutil_flatten,0.0325
06_synth_locality_diversity_phase_dense,187,VisBuf,Synthetic,False,5,gbuffer,0.14716
06_synth_locality_diversity_phase_dense,187,VisBuf,Synthetic,False,6,lighting,0.08923
06_synth_locality_diversity_phase_dense,187,VisBuf,Synthetic,False,7,tonemap,0.0382
06_synth_locality_diversity_phase_dense,188,DeferredPrepass,Synthetic,False,0,total,0.2669
06_synth_locality_diversity_phase_dense,188,DeferredPrepass,Synthetic,False,1,depth_prepass,0.02338
06_synth_locality_diversity_phase_dense,188,DeferredPrepass,Synthetic,False,2,geometry,0.11612
06_synth_locality_diversity_phase_dense,188,DeferredPrepass,Synthetic,False,3,lighting,0.0854
06_synth_locality_diversity_phase_dense,188,DeferredPrepass,Synthetic,False,4,tonemap,0.02921
06_synth_locality_diversity_phase_dense,189,VisBuf,Synthetic,False,0,total,0.3938
06_synth_locality_diversity_phase_dense,189,VisBuf,Synthetic,False,1,visibility,0.03587
06_synth_locality_diversity_phase_dense,189,VisBuf,Synthetic,False,2,visutil_histogram,0.02603
06_synth_locality_diversity_phase_dense,189,VisBuf,Synthetic,False,3,visutil_prefix,0.00209
06_synth_locality_diversity_phase_dense,189,VisBuf,Synthetic,False,4,visutil_flatten,0.03373
06_synth_locality_diversity_phase_dense,189,VisBuf,Synthetic,False,5,gbuffer,0.14226
06_synth_locality_diversity_phase_dense,189,VisBuf,Synthetic,False,6,lighting,0.08814
06_synth_locality_diversity_phase_dense,189,VisBuf,Synthetic,False,7,tonemap,0.0333
06_synth_locality_diversity_phase_dense,190,DeferredPrepass,Synthetic,False,0,total,0.26675
06_synth_locality_diversity_phase_dense,190,DeferredPrepass,Synthetic,False,1,depth_prepass,0.0232
06_synth_locality_diversity_phase_dense,190,DeferredPrepass,Synthetic,False,2,geometry,0.11639
06_synth_locality_diversity_phase_dense,190,DeferredPrepass,Synthetic,False,3,lighting,0.08534
06_synth_locality_diversity_phase_dense,190,DeferredPrepass,Synthetic,False,4,tonemap,0.02897
06_synth_locality_diversity_phase_dense,191,VisBuf,Synthetic,False,0,total,0.38662
06_synth_locality_diversity_phase_dense,191,VisBuf,Synthetic,False,1,visibility,0.03545
06_synth_locality_diversity_phase_dense,191,VisBuf,Synthetic,False,2,visutil_histogram,0.02569
06_synth_locality_diversity_phase_dense,191,VisBuf,Synthetic,False,3,visutil_prefix,0.00206
06_synth_locality_diversity_phase_dense,191,VisBuf,Synthetic,False,4,visutil_flatten,0.03371
06_synth_locality_diversity_phase_dense,191,VisBuf,Synthetic,False,5,gbuffer,0.14018
06_synth_locality_diversity_phase_dense,191,VisBuf,Synthetic,False,6,lighting,0.08777
06_synth_locality_diversity_phase_dense,191,VisBuf,Synthetic,False,7,tonemap,0.02971
06_synth_locality_diversity_phase_dense,192,DeferredPrepass,Synthetic,False,0,total,0.26805
06_synth_locality_diversity_phase_dense,192,DeferredPrepass,Synthetic,False,1,depth_prepass,0.02299
06_synth_locality_diversity_phase_dense,192,DeferredPrepass,Synthetic,False,2,geometry,0.11685
06_synth_locality_diversity_phase_dense,192,DeferredPrepass,Synthetic,False,3,lighting,0.08554
06_synth_locality_diversity_phase_dense,192,DeferredPrepass,Synthetic,False,4,tonemap,0.02972
06_synth_locality_diversity_phase_dense,193,VisBuf,Synthetic,False,0,total,0.38767
06_synth_locality_diversity_phase_dense,193,VisBuf,Synthetic,False,1,visibility,0.037
06_synth_locality_diversity_phase_dense,193,VisBuf,Synthetic,False,2,visutil_histogram,0.02608
06_synth_locality_diversity_phase_dense,193,VisBuf,Synthetic,False,3,visutil_prefix,0.00205
06_synth_locality_diversity_phase_dense,193,VisBuf,Synthetic,False,4,visutil_flatten,0.03445
06_synth_locality_diversity_phase_dense,193,VisBuf,Synthetic,False,5,gbuffer,0.13923
06_synth_locality_diversity_phase_dense,193,VisBuf,Synthetic,False,6,lighting,0.0877
06_synth_locality_diversity_phase_dense,193,VisBuf,Synthetic,False,7,tonemap,0.02965
06_synth_locality_diversity_phase_dense,194,DeferredPrepass,Synthetic,False,0,total,0.26726
06_synth_locality_diversity_phase_dense,194,DeferredPrepass,Synthetic,False,1,depth_prepass,0.02232
06_synth_locality_diversity_phase_dense,194,DeferredPrepass,Synthetic,False,2,geometry,0.1173
06_synth_locality_diversity_phase_dense,194,DeferredPrepass,Synthetic,False,3,lighting,0.08541
06_synth_locality_diversity_phase_dense,194,DeferredPrepass,Synthetic,False,4,tonemap,0.02934
06_synth_locality_diversity_phase_dense,195,VisBuf,Synthetic,False,0,total,0.39122
06_synth_locality_diversity_phase_dense,195,VisBuf,Synthetic,False,1,visibility,0.03715
06_synth_locality_diversity_phase_dense,195,VisBuf,Synthetic,False,2,visutil_histogram,0.02626
06_synth_locality_diversity_phase_dense,195,VisBuf,Synthetic,False,3,visutil_prefix,0.00207
06_synth_locality_diversity_phase_dense,195,VisBuf,Synthetic,False,4,visutil_flatten,0.03449
06_synth_locality_diversity_phase_dense,195,VisBuf,Synthetic,False,5,gbuffer,0.14035
06_synth_locality_diversity_phase_dense,195,VisBuf,Synthetic,False,6,lighting,0.08797
06_synth_locality_diversity_phase_dense,195,VisBuf,Synthetic,False,7,tonemap,0.03097
06_synth_locality_diversity_phase_dense,196,DeferredPrepass,Synthetic,False,0,total,0.26917
06_synth_locality_diversity_phase_dense,196,DeferredPrepass,Synthetic,False,1,depth_prepass,0.02252
06_synth_locality_diversity_phase_dense,196,DeferredPrepass,Synthetic,False,2,geometry,0.11839
06_synth_locality_diversity_phase_dense,196,DeferredPrepass,Synthetic,False,3,lighting,0.08553
06_synth_locality_diversity_phase_dense,196,DeferredPrepass,Synthetic,False,4,tonemap,0.02984
06_synth_locality_diversity_phase_dense,197,VisBuf,Synthetic,False,0,total,0.3951
06_synth_locality_diversity_phase_dense,197,VisBuf,Synthetic,False,1,visibility,0.03819
06_synth_locality_diversity_phase_dense,197,VisBuf,Synthetic,False,2,visutil_histogram,0.02656
06_synth_locality_diversity_phase_dense,197,VisBuf,Synthetic,False,3,visutil_prefix,0.00207
06_synth_locality_diversity_phase_dense,197,VisBuf,Synthetic,False,4,visutil_flatten,0.03494
06_synth_locality_diversity_phase_dense,197,VisBuf,Synthetic,False,5,gbuffer,0.14084
06_synth_locality_diversity_phase_dense,197,VisBuf,Synthetic,False,6,lighting,0.08808
06_synth_locality_diversity_phase_dense,197,VisBuf,Synthetic,False,7,tonemap,0.0315
06_synth_locality_diversity_phase_dense,198,DeferredPrepass,Synthetic,False,0,total,0.26802
06_synth_locality_diversity_phase_dense,198,DeferredPrepass,Synthetic,False,1,depth_prepass,0.02227
06_synth_locality_diversity_phase_dense,198,DeferredPrepass,Synthetic,False,2,geometry,0.11801
06_synth_locality_diversity_phase_dense,198,DeferredPrepass,Synthetic,False,3,lighting,0.08532
06_synth_locality_diversity_phase_dense,198,DeferredPrepass,Synthetic,False,4,tonemap,0.02945
06_synth_locality_diversity_phase_dense,199,VisBuf,Synthetic,False,0,total,0.39054
06_synth_locality_diversity_phase_dense,199,VisBuf,Synthetic,False,1,visibility,0.03807
06_synth_locality_diversity_phase_dense,199,VisBuf,Synthetic,False,2,visutil_histogram,0.02636
06_synth_locality_diversity_phase_dense,199,VisBuf,Synthetic,False,3,visutil_prefix,0.00205
06_synth_locality_diversity_phase_dense,199,VisBuf,Synthetic,False,4,visutil_flatten,0.03498
06_synth_locality_diversity_phase_dense,199,VisBuf,Synthetic,False,5,gbuffer,0.13842
06_synth_locality_diversity_phase_dense,199,VisBuf,Synthetic,False,6,lighting,0.08823
06_synth_locality_diversity_phase_dense,199,VisBuf,Synthetic,False,7,tonemap,0.0295
06_synth_locality_diversity_phase_dense,200,DeferredPrepass,Synthetic,False,0,total,0.2706
06_synth_locality_diversity_phase_dense,200,DeferredPrepass,Synthetic,False,1,depth_prepass,0.0224
06_synth_locality_diversity_phase_dense,200,DeferredPrepass,Synthetic,False,2,geometry,0.1199
06_synth_locality_diversity_phase_dense,200,DeferredPrepass,Synthetic,False,3,lighting,0.08544
06_synth_locality_diversity_phase_dense,200,DeferredPrepass,Synthetic,False,4,tonemap,0.02966
06_synth_locality_diversity_phase_dense,201,VisBuf,Synthetic,False,0,total,0.39594
06_synth_locality_diversity_phase_dense,201,VisBuf,Synthetic,False,1,visibility,0.03909
06_synth_locality_diversity_phase_dense,201,VisBuf,Synthetic,False,2,visutil_histogram,0.02665
06_synth_locality_diversity_phase_dense,201,VisBuf,Synthetic,False,3,visutil_prefix,0.00207
06_synth_locality_diversity_phase_dense,201,VisBuf,Synthetic,False,4,visutil_flatten,0.03527
06_synth_locality_diversity_phase_dense,201,VisBuf,Synthetic,False,5,gbuffer,0.14088
06_synth_locality_diversity_phase_dense,201,VisBuf,Synthetic,False,6,lighting,0.08821
06_synth_locality_diversity_phase_dense,201,VisBuf,Synthetic,False,7,tonemap,0.03119
06_synth_locality_diversity_phase_dense,202,DeferredPrepass,Synthetic,False,0,total,0.27054
06_synth_locality_diversity_phase_dense,202,DeferredPrepass,Synthetic,False,1,depth_prepass,0.0225
06_synth_locality_diversity_phase_dense,202,DeferredPrepass,Synthetic,False,2,geometry,0.1201
06_synth_locality_diversity_phase_dense,202,DeferredPrepass,Synthetic,False,3,lighting,0.08539
06_synth_locality_diversity_phase_dense,202,DeferredPrepass,Synthetic,False,4,tonemap,0.02968
06_synth_locality_diversity_phase_dense,203,VisBuf,Synthetic,False,0,total,0.39492
06_synth_locality_diversity_phase_dense,203,VisBuf,Synthetic,False,1,visibility,0.03906
06_synth_locality_diversity_phase_dense,203,VisBuf,Synthetic,False,2,visutil_histogram,0.02662
06_synth_locality_diversity_phase_dense,203,VisBuf,Synthetic,False,3,visutil_prefix,0.00207
06_synth_locality_diversity_phase_dense,203,VisBuf,Synthetic,False,4,visutil_flatten,0.03527
06_synth_locality_diversity_phase_dense,203,VisBuf,Synthetic,False,5,gbuffer,0.1404
06_synth_locality_diversity_phase_dense,203,VisBuf,Synthetic,False,6,lighting,0.08813
06_synth_locality_diversity_phase_dense,203,VisBuf,Synthetic,False,7,tonemap,0.03086
06_synth_locality_diversity_phase_dense,204,DeferredPrepass,Synthetic,False,0,total,0.27214
06_synth_locality_diversity_phase_dense,204,DeferredPrepass,Synthetic,False,1,depth_prepass,0.02282
06_synth_locality_diversity_phase_dense,204,DeferredPrepass,Synthetic,False,2,geometry,0.12122
06_synth_locality_diversity_phase_dense,204,DeferredPrepass,Synthetic,False,3,lighting,0.0855
06_synth_locality_diversity_phase_dense,204,DeferredPrepass,Synthetic,False,4,tonemap,0.0297
06_synth_locality_diversity_phase_dense,205,VisBuf,Synthetic,False,0,total,0.40446
06_synth_locality_diversity_phase_dense,205,VisBuf,Synthetic,False,1,visibility,0.03994
06_synth_locality_diversity_phase_dense,205,VisBuf,Synthetic,False,2,visutil_histogram,0.02697
06_synth_locality_diversity_phase_dense,205,VisBuf,Synthetic,False,3,visutil_prefix,0.0021
06_synth_locality_diversity_phase_dense,205,VisBuf,Synthetic,False,4,visutil_flatten,0.03545
06_synth_locality_diversity_phase_dense,205,VisBuf,Synthetic,False,5,gbuffer,0.14461
06_synth_locality_diversity_phase_dense,205,VisBuf,Synthetic,False,6,lighting,0.08861
06_synth_locality_diversity_phase_dense,205,VisBuf,Synthetic,False,7,tonemap,0.03451
06_synth_locality_diversity_phase_dense,206,DeferredPrepass,Synthetic,False,0,total,0.27156
06_synth_locality_diversity_phase_dense,206,DeferredPrepass,Synthetic,False,1,depth_prepass,0.02259
06_synth_locality_diversity_phase_dense,206,DeferredPrepass,Synthetic,False,2,geometry,0.12101
06_synth_locality_diversity_phase_dense,206,DeferredPrepass,Synthetic,False,3,lighting,0.0854
06_synth_locality_diversity_phase_dense,206,DeferredPrepass,Synthetic,False,4,tonemap,0.02968
06_synth_locality_diversity_phase_dense,207,VisBuf,Synthetic,False,0,total,0.39189
06_synth_locality_diversity_phase_dense,207,VisBuf,Synthetic,False,1,visibility,0.03959
06_synth_locality_diversity_phase_dense,207,VisBuf,Synthetic,False,2,visutil_histogram,0.02666
06_synth_locality_diversity_phase_dense,207,VisBuf,Synthetic,False,3,visutil_prefix,0.00205
06_synth_locality_diversity_phase_dense,207,VisBuf,Synthetic,False,4,visutil_flatten,0.03554
06_synth_locality_diversity_phase_dense,207,VisBuf,Synthetic,False,5,gbuffer,0.13816
06_synth_locality_diversity_phase_dense,207,VisBuf,Synthetic,False,6,lighting,0.08801
06_synth_locality_diversity_phase_dense,207,VisBuf,Synthetic,False,7,tonemap,0.02942
06_synth_locality_diversity_phase_dense,208,DeferredPrepass,Synthetic,False,0,total,0.27262
06_synth_locality_diversity_phase_dense,208,DeferredPrepass,Synthetic,False,1,depth_prepass,0.02266
06_synth_locality_diversity_phase_dense,208,DeferredPrepass,Synthetic,False,2,geometry,0.12179
06_synth_locality_diversity_phase_dense,208,DeferredPrepass,Synthetic,False,3,lighting,0.08542
06_synth_locality_diversity_phase_dense,208,DeferredPrepass,Synthetic,False,4,tonemap,0.02981
06_synth_locality_diversity_phase_dense,209,VisBuf,Synthetic,False,0,total,0.3929
06_synth_locality_diversity_phase_dense,209,VisBuf,Synthetic,False,1,visibility,0.03991
06_synth_locality_diversity_phase_dense,209,VisBuf,Synthetic,False,2,visutil_histogram,0.02658
06_synth_locality_diversity_phase_dense,209,VisBuf,Synthetic,False,3,visutil_prefix,0.00206
06_synth_locality_diversity_phase_dense,209,VisBuf,Synthetic,False,4,visutil_flatten,0.0357
06_synth_locality_diversity_phase_dense,209,VisBuf,Synthetic,False,5,gbuffer,0.13851
06_synth_locality_diversity_phase_dense,209,VisBuf,Synthetic,False,6,lighting,0.08806
06_synth_locality_diversity_phase_dense,209,VisBuf,Synthetic,False,7,tonemap,0.02933
06_synth_locality_diversity_phase_dense,210,DeferredPrepass,Synthetic,False,0,total,0.27292
06_synth_locality_diversity_phase_dense,210,DeferredPrepass,Synthetic,False,1,depth_prepass,0.02266
06_synth_locality_diversity_phase_dense,210,DeferredPrepass,Synthetic,False,2,geometry,0.12215
06_synth_locality_diversity_phase_dense,210,DeferredPrepass,Synthetic,False,3,lighting,0.08541
06_synth_locality_diversity_phase_dense,210,DeferredPrepass,Synthetic,False,4,tonemap,0.02973
06_synth_locality_diversity_phase_dense,211,VisBuf,Synthetic,False,0,total,0.40859
06_synth_locality_diversity_phase_dense,211,VisBuf,Synthetic,False,1,visibility,0.04089
06_synth_locality_diversity_phase_dense,211,VisBuf,Synthetic,False,2,visutil_histogram,0.02714
06_synth_locality_diversity_phase_dense,211,VisBuf,Synthetic,False,3,visutil_prefix,0.0021
06_synth_locality_diversity_phase_dense,211,VisBuf,Synthetic,False,4,visutil_flatten,0.03565
06_synth_locality_diversity_phase_dense,211,VisBuf,Synthetic,False,5,gbuffer,0.14567
06_synth_locality_diversity_phase_dense,211,VisBuf,Synthetic,False,6,lighting,0.08915
06_synth_locality_diversity_phase_dense,211,VisBuf,Synthetic,False,7,tonemap,0.03538
06_synth_locality_diversity_phase_dense,212,DeferredPrepass,Synthetic,False,0,total,0.27298
06_synth_locality_diversity_phase_dense,212,DeferredPrepass,Synthetic,False,1,depth_prepass,0.02252
06_synth_locality_diversity_phase_dense,212,DeferredPrepass,Synthetic,False,2,geometry,0.12232
06_synth_locality_diversity_phase_dense,212,DeferredPrepass,Synthetic,False,3,lighting,0.08542
06_synth_locality_diversity_phase_dense,212,DeferredPrepass,Synthetic,False,4,tonemap,0.02973
06_synth_locality_diversity_phase_dense,213,VisBuf,Synthetic,False,0,total,0.41406
06_synth_locality_diversity_phase_dense,213,VisBuf,Synthetic,False,1,visibility,0.04081
06_synth_locality_diversity_phase_dense,213,VisBuf,Synthetic,False,2,visutil_histogram,0.0273
06_synth_locality_diversity_phase_dense,213,VisBuf,Synthetic,False,3,visutil_prefix,0.00213
06_synth_locality_diversity_phase_dense,213,VisBuf,Synthetic,False,4,visutil_flatten,0.03574
06_synth_locality_diversity_phase_dense,213,VisBuf,Synthetic,False,5,gbuffer,0.14867
06_synth_locality_diversity_phase_dense,213,VisBuf,Synthetic,False,6,lighting,0.0891
06_synth_locality_diversity_phase_dense,213,VisBuf,Synthetic,False,7,tonemap,0.03781
06_synth_locality_diversity_phase_dense,214,DeferredPrepass,Synthetic,False,0,total,0.27356
06_synth_locality_diversity_phase_dense,214,DeferredPrepass,Synthetic,False,1,depth_prepass,0.02274
06_synth_locality_diversity_phase_dense,214,DeferredPrepass,Synthetic,False,2,geometry,0.12259
06_synth_locality_diversity_phase_dense,214,DeferredPrepass,Synthetic,False,3,lighting,0.08544
06_synth_locality_diversity_phase_dense,214,DeferredPrepass,Synthetic,False,4,tonemap,0.02982
06_synth_locality_diversity_phase_dense,215,VisBuf,Synthetic,False,0,total,0.39293
06_synth_locality_diversity_phase_dense,215,VisBuf,Synthetic,False,1,visibility,0.04012
06_synth_locality_diversity_phase_dense,215,VisBuf,Synthetic,False,2,visutil_histogram,0.02668
06_synth_locality_diversity_phase_dense,215,VisBuf,Synthetic,False,3,visutil_prefix,0.00206
06_synth_locality_diversity_phase_dense,215,VisBuf,Synthetic,False,4,visutil_flatten,0.0358
06_synth_locality_diversity_phase_dense,215,VisBuf,Synthetic,False,5,gbuffer,0.13842
06_synth_locality_diversity_phase_dense,215,VisBuf,Synthetic,False,6,lighting,0.08813
06_synth_locality_diversity_phase_dense,215,VisBuf,Synthetic,False,7,tonemap,0.02929
06_synth_locality_diversity_phase_dense,216,DeferredPrepass,Synthetic,False,0,total,0.24349
06_synth_locality_diversity_phase_dense,216,DeferredPrepass,Synthetic,False,1,depth_prepass,0.02309
06_synth_locality_diversity_phase_dense,216,DeferredPrepass,Synthetic,False,2,geometry,0.09375
06_synth_locality_diversity_phase_dense,216,DeferredPrepass,Synthetic,False,3,lighting,0.0853
06_synth_locality_diversity_phase_dense,216,DeferredPrepass,Synthetic,False,4,tonemap,0.0282
06_synth_locality_diversity_phase_dense,217,VisBuf,Synthetic,False,0,total,0.33745
06_synth_locality_diversity_phase_dense,217,VisBuf,Synthetic,False,1,visibility,0.03244
06_synth_locality_diversity_phase_dense,217,VisBuf,Synthetic,False,2,visutil_histogram,0.02277
06_synth_locality_diversity_phase_dense,217,VisBuf,Synthetic,False,3,visutil_prefix,0.00205
06_synth_locality_diversity_phase_dense,217,VisBuf,Synthetic,False,4,visutil_flatten,0.03044
06_synth_locality_diversity_phase_dense,217,VisBuf,Synthetic,False,5,gbuffer,0.09935
06_synth_locality_diversity_phase_dense,217,VisBuf,Synthetic,False,6,lighting,0.08918
06_synth_locality_diversity_phase_dense,217,VisBuf,Synthetic,False,7,tonemap,0.03
06_synth_locality_diversity_phase_dense,218,DeferredPrepass,Synthetic,False,0,total,0.24263
06_synth_locality_diversity_phase_dense,218,DeferredPrepass,Synthetic,False,1,depth_prepass,0.02298
06_synth_locality_diversity_phase_dense,218,DeferredPrepass,Synthetic,False,2,geometry,0.09376
06_synth_locality_diversity_phase_dense,218,DeferredPrepass,Synthetic,False,3,lighting,0.08526
06_synth_locality_diversity_phase_dense,218,DeferredPrepass,Synthetic,False,4,tonemap,0.02759
06_synth_locality_diversity_phase_dense,219,VisBuf,Synthetic,False,0,total,0.33675
06_synth_locality_diversity_phase_dense,219,VisBuf,Synthetic,False,1,visibility,0.03241
06_synth_locality_diversity_phase_dense,219,VisBuf,Synthetic,False,2,visutil_histogram,0.02276
06_synth_locality_diversity_phase_dense,219,VisBuf,Synthetic,False,3,visutil_prefix,0.00205
06_synth_locality_diversity_phase_dense,219,VisBuf,Synthetic,False,4,visutil_flatten,0.03043
06_synth_locality_diversity_phase_dense,219,VisBuf,Synthetic,False,5,gbuffer,0.09926
06_synth_locality_diversity_phase_dense,219,VisBuf,Synthetic,False,6,lighting,0.08869
06_synth_locality_diversity_phase_dense,219,VisBuf,Synthetic,False,7,tonemap,0.02998
06_synth_locality_diversity_phase_dense,220,DeferredPrepass,Synthetic,False,0,total,0.26407
06_synth_locality_diversity_phase_dense,220,DeferredPrepass,Synthetic,False,1,depth_prepass,0.02311
06_synth_locality_diversity_phase_dense,220,DeferredPrepass,Synthetic,False,2,geometry,0.11494
06_synth_locality_diversity_phase_dense,220,DeferredPrepass,Synthetic,False,3,lighting,0.08521
06_synth_locality_diversity_phase_dense,220,DeferredPrepass,Synthetic,False,4,tonemap,0.02799
06_synth_locality_diversity_phase_dense,221,VisBuf,Synthetic,False,0,total,0.39182
06_synth_locality_diversity_phase_dense,221,VisBuf,Synthetic,False,1,visibility,0.03397
06_synth_locality_diversity_phase_dense,221,VisBuf,Synthetic,False,2,visutil_histogram,0.02489
06_synth_locality_diversity_phase_dense,221,VisBuf,Synthetic,False,3,visutil_prefix,0.00209
06_synth_locality_diversity_phase_dense,221,VisBuf,Synthetic,False,4,visutil_flatten,0.03203
06_synth_locality_diversity_phase_dense,221,VisBuf,Synthetic,False,5,gbuffer,0.14362
06_synth_locality_diversity_phase_dense,221,VisBuf,Synthetic,False,6,lighting,0.08796
06_synth_locality_diversity_phase_dense,221,VisBuf,Synthetic,False,7,tonemap,0.03503
06_synth_locality_diversity_phase_dense,222,DeferredPrepass,Synthetic,False,0,total,0.26474
06_synth_locality_diversity_phase_dense,222,DeferredPrepass,Synthetic,False,1,depth_prepass,0.02302
06_synth_locality_diversity_phase_dense,222,DeferredPrepass,Synthetic,False,2,geometry,0.11504
06_synth_locality_diversity_phase_dense,222,DeferredPrepass,Synthetic,False,3,lighting,0.08542
06_synth_locality_diversity_phase_dense,222,DeferredPrepass,Synthetic,False,4,tonemap,0.02847
06_synth_locality_diversity_phase_dense,223,VisBuf,Synthetic,False,0,total,0.38248
06_synth_locality_diversity_phase_dense,223,VisBuf,Synthetic,False,1,visibility,0.03373
06_synth_locality_diversity_phase_dense,223,VisBuf,Synthetic,False,2,visutil_histogram,0.02455
06_synth_locality_diversity_phase_dense,223,VisBuf,Synthetic,False,3,visutil_prefix,0.00206
06_synth_locality_diversity_phase_dense,223,VisBuf,Synthetic,False,4,visutil_flatten,0.03216
06_synth_locality_diversity_phase_dense,223,VisBuf,Synthetic,False,5,gbuffer,0.14074
06_synth_locality_diversity_phase_dense,223,VisBuf,Synthetic,False,6,lighting,0.08727
06_synth_locality_diversity_phase_dense,223,VisBuf,Synthetic,False,7,tonemap,0.02972
06_synth_locality_diversity_phase_dense,224,DeferredPrepass,Synthetic,False,0,total,0.26403
06_synth_locality_diversity_phase_dense,224,DeferredPrepass,Synthetic,False,1,depth_prepass,0.02364
06_synth_locality_diversity_phase_dense,224,DeferredPrepass,Synthetic,False,2,geometry,0.1139
06_synth_locality_diversity_phase_dense,224,DeferredPrepass,Synthetic,False,3,lighting,0.08537
06_synth_locality_diversity_phase_dense,224,DeferredPrepass,Synthetic,False,4,tonemap,0.02838
06_synth_locality_diversity_phase_dense,225,VisBuf,Synthetic,False,0,total,0.3861
06_synth_locality_diversity_phase_dense,225,VisBuf,Synthetic,False,1,visibility,0.03485
06_synth_locality_diversity_phase_dense,225,VisBuf,Synthetic,False,2,visutil_histogram,0.02526
06_synth_locality_diversity_phase_dense,225,VisBuf,Synthetic,False,3,visutil_prefix,0.00206
06_synth_locality_diversity_phase_dense,225,VisBuf,Synthetic,False,4,visutil_flatten,0.03316
06_synth_locality_diversity_phase_dense,225,VisBuf,Synthetic,False,5,gbuffer,0.14032
06_synth_locality_diversity_phase_dense,225,VisBuf,Synthetic,False,6,lighting,0.08785
06_synth_locality_diversity_phase_dense,225,VisBuf,Synthetic,False,7,tonemap,0.02974
06_synth_locality_diversity_phase_dense,226,DeferredPrepass,Synthetic,False,0,total,0.26423
06_synth_locality_diversity_phase_dense,226,DeferredPrepass,Synthetic,False,1,depth_prepass,0.02316
06_synth_locality_diversity_phase_dense,226,DeferredPrepass,Synthetic,False,2,geometry,0.11428
06_synth_locality_diversity_phase_dense,226,DeferredPrepass,Synthetic,False,3,lighting,0.08536
06_synth_locality_diversity_phase_dense,226,DeferredPrepass,Synthetic,False,4,tonemap,0.02865
06_synth_locality_diversity_phase_dense,227,VisBuf,Synthetic,False,0,total,0.40308
06_synth_locality_diversity_phase_dense,227,VisBuf,Synthetic,False,1,visibility,0.03549
06_synth_locality_diversity_phase_dense,227,VisBuf,Synthetic,False,2,visutil_histogram,0.02613
06_synth_locality_diversity_phase_dense,227,VisBuf,Synthetic,False,3,visutil_prefix,0.00213
06_synth_locality_diversity_phase_dense,227,VisBuf,Synthetic,False,4,visutil_flatten,0.03329
06_synth_locality_diversity_phase_dense,227,VisBuf,Synthetic,False,5,gbuffer,0.14586
06_synth_locality_diversity_phase_dense,227,VisBuf,Synthetic,False,6,lighting,0.08885
06_synth_locality_diversity_phase_dense,227,VisBuf,Synthetic,False,7,tonemap,0.03875
06_synth_locality_diversity_phase_dense,228,DeferredPrepass,Synthetic,False,0,total,0.26352
06_synth_locality_diversity_phase_dense,228,DeferredPrepass,Synthetic,False,1,depth_prepass,0.02303
06_synth_locality_diversity_phase_dense,228,DeferredPrepass,Synthetic,False,2,geometry,0.11317
06_synth_locality_diversity_phase_dense,228,DeferredPrepass,Synthetic,False,3,lighting,0.08542
06_synth_locality_diversity_phase_dense,228,DeferredPrepass,Synthetic,False,4,tonemap,0.02913
06_synth_locality_diversity_phase_dense,229,VisBuf,Synthetic,False,0,total,0.38898
06_synth_locality_diversity_phase_dense,229,VisBuf,Synthetic,False,1,visibility,0.03585
06_synth_locality_diversity_phase_dense,229,VisBuf,Synthetic,False,2,visutil_histogram,0.02586
06_synth_locality_diversity_phase_dense,229,VisBuf,Synthetic,False,3,visutil_prefix,0.00208
06_synth_locality_diversity_phase_dense,229,VisBuf,Synthetic,False,4,visutil_flatten,0.03399
06_synth_locality_diversity_phase_dense,229,VisBuf,Synthetic,False,5,gbuffer,0.14034
06_synth_locality_diversity_phase_dense,229,VisBuf,Synthetic,False,6,lighting,0.08791
06_synth_locality_diversity_phase_dense,229,VisBuf,Synthetic,False,7,tonemap,0.03103
06_synth_locality_diversity_phase_dense,230,DeferredPrepass,Synthetic,False,0,total,0.26392
06_synth_locality_diversity_phase_dense,230,DeferredPrepass,Synthetic,False,1,depth_prepass,0.02283
06_synth_locality_diversity_phase_dense,230,DeferredPrepass,Synthetic,False,2,geometry,0.11367
06_synth_locality_diversity_phase_dense,230,DeferredPrepass,Synthetic,False,3,lighting,0.08538
06_synth_locality_diversity_phase_dense,230,DeferredPrepass,Synthetic,False,4,tonemap,0.02907
06_synth_locality_diversity_phase_dense,231,VisBuf,Synthetic,False,0,total,0.39602
06_synth_locality_diversity_phase_dense,231,VisBuf,Synthetic,False,1,visibility,0.03629
06_synth_locality_diversity_phase_dense,231,VisBuf,Synthetic,False,2,visutil_histogram,0.02624
06_synth_locality_diversity_phase_dense,231,VisBuf,Synthetic,False,3,visutil_prefix,0.0021
06_synth_locality_diversity_phase_dense,231,VisBuf,Synthetic,False,4,visutil_flatten,0.03399
06_synth_locality_diversity_phase_dense,231,VisBuf,Synthetic,False,5,gbuffer,0.14287
06_synth_locality_diversity_phase_dense,231,VisBuf,Synthetic,False,6,lighting,0.08845
06_synth_locality_diversity_phase_dense,231,VisBuf,Synthetic,False,7,tonemap,0.03442
06_synth_locality_diversity_phase_dense,232,DeferredPrepass,Synthetic,False,0,total,0.26374
06_synth_locality_diversity_phase_dense,232,DeferredPrepass,Synthetic,False,1,depth_prepass,0.02289
06_synth_locality_diversity_phase_dense,232,DeferredPrepass,Synthetic,False,2,geometry,0.11326
06_synth_locality_diversity_phase_dense,232,DeferredPrepass,Synthetic,False,3,lighting,0.08535
06_synth_locality_diversity_phase_dense,232,DeferredPrepass,Synthetic,False,4,tonemap,0.02934
06_synth_locality_diversity_phase_dense,233,VisBuf,Synthetic,False,0,total,0.38615
06_synth_locality_diversity_phase_dense,233,VisBuf,Synthetic,False,1,visibility,0.03655
06_synth_locality_diversity_phase_dense,233,VisBuf,Synthetic,False,2,visutil_histogram,0.02621
06_synth_locality_diversity_phase_dense,233,VisBuf,Synthetic,False,3,visutil_prefix,0.00206
06_synth_locality_diversity_phase_dense,233,VisBuf,Synthetic,False,4,visutil_flatten,0.03448
06_synth_locality_diversity_phase_dense,233,VisBuf,Synthetic,False,5,gbuffer,0.13789
06_synth_locality_diversity_phase_dense,233,VisBuf,Synthetic,False,6,lighting,0.08776
06_synth_locality_diversity_phase_dense,233,VisBuf,Synthetic,False,7,tonemap,0.02959
06_synth_locality_diversity_phase_dense,234,DeferredPrepass,Synthetic,False,0,total,0.26345
06_synth_locality_diversity_phase_dense,234,DeferredPrepass,Synthetic,False,1,depth_prepass,0.02265
06_synth_locality_diversity_phase_dense,234,DeferredPrepass,Synthetic,False,2,geometry,0.11315
06_synth_locality_diversity_phase_dense,234,DeferredPrepass,Synthetic,False,3,lighting,0.08541
06_synth_locality_diversity_phase_dense,234,DeferredPrepass,Synthetic,False,4,tonemap,0.02931
06_synth_locality_diversity_phase_dense,235,VisBuf,Synthetic,False,0,total,0.38637
06_synth_locality_diversity_phase_dense,235,VisBuf,Synthetic,False,1,visibility,0.03657
06_synth_locality_diversity_phase_dense,235,VisBuf,Synthetic,False,2,visutil_histogram,0.02613
06_synth_locality_diversity_phase_dense,235,VisBuf,Synthetic,False,3,visutil_prefix,0.00207
06_synth_locality_diversity_phase_dense,235,VisBuf,Synthetic,False,4,visutil_flatten,0.03458
06_synth_locality_diversity_phase_dense,235,VisBuf,Synthetic,False,5,gbuffer,0.1382
06_synth_locality_diversity_phase_dense,235,VisBuf,Synthetic,False,6,lighting,0.08772
06_synth_locality_diversity_phase_dense,235,VisBuf,Synthetic,False,7,tonemap,0.02952
06_synth_locality_diversity_phase_dense,236,DeferredPrepass,Synthetic,False,0,total,0.26566
06_synth_locality_diversity_phase_dense,236,DeferredPrepass,Synthetic,False,1,depth_prepass,0.02345
06_synth_locality_diversity_phase_dense,236,DeferredPrepass,Synthetic,False,2,geometry,0.11406
06_synth_locality_diversity_phase_dense,236,DeferredPrepass,Synthetic,False,3,lighting,0.08547
06_synth_locality_diversity_phase_dense,236,DeferredPrepass,Synthetic,False,4,tonemap,0.0298
06_synth_locality_diversity_phase_dense,237,VisBuf,Synthetic,False,0,total,0.39319
06_synth_locality_diversity_phase_dense,237,VisBuf,Synthetic,False,1,visibility,0.03727
06_synth_locality_diversity_phase_dense,237,VisBuf,Synthetic,False,2,visutil_histogram,0.02661
06_synth_locality_diversity_phase_dense,237,VisBuf,Synthetic,False,3,visutil_prefix,0.00207
06_synth_locality_diversity_phase_dense,237,VisBuf,Synthetic,False,4,visutil_flatten,0.03487
06_synth_locality_diversity_phase_dense,237,VisBuf,Synthetic,False,5,gbuffer,0.14043
06_synth_locality_diversity_phase_dense,237,VisBuf,Synthetic,False,6,lighting,0.08811
06_synth_locality_diversity_phase_dense,237,VisBuf,Synthetic,False,7,tonemap,0.03192
06_synth_locality_diversity_phase_dense,238,DeferredPrepass,Synthetic,False,0,total,0.26533
06_synth_locality_diversity_phase_dense,238,DeferredPrepass,Synthetic,False,1,depth_prepass,0.02351
06_synth_locality_diversity_phase_dense,238,DeferredPrepass,Synthetic,False,2,geometry,0.1142
06_synth_locality_diversity_phase_dense,238,DeferredPrepass,Synthetic,False,3,lighting,0.08537
06_synth_locality_diversity_phase_dense,238,DeferredPrepass,Synthetic,False,4,tonemap,0.02938
06_synth_locality_diversity_phase_dense,239,VisBuf,Synthetic,False,0,total,0.40162
06_synth_locality_diversity_phase_dense,239,VisBuf,Synthetic,False,1,visibility,0.03759
06_synth_locality_diversity_phase_dense,239,VisBuf,Synthetic,False,2,visutil_histogram,0.02694
06_synth_locality_diversity_phase_dense,239,VisBuf,Synthetic,False,3,visutil_prefix,0.00211
06_synth_locality_diversity_phase_dense,239,VisBuf,Synthetic,False,4,visutil_flatten,0.0349
06_synth_locality_diversity_phase_dense,239,VisBuf,Synthetic,False,5,gbuffer,0.14294
06_synth_locality_diversity_phase_dense,239,VisBuf,Synthetic,False,6,lighting,0.0888
06_synth_locality_diversity_phase_dense,239,VisBuf,Synthetic,False,7,tonemap,0.03595
06_synth_locality_diversity_phase_dense,240,DeferredPrepass,Synthetic,False,0,total,0.26592
06_synth_locality_diversity_phase_dense,240,DeferredPrepass,Synthetic,False,1,depth_prepass,0.02372
06_synth_locality_diversity_phase_dense,240,DeferredPrepass,Synthetic,False,2,geometry,0.11439
06_synth_locality_diversity_phase_dense,240,DeferredPrepass,Synthetic,False,3,lighting,0.08538
06_synth_locality_diversity_phase_dense,240,DeferredPrepass,Synthetic,False,4,tonemap,0.0296
06_synth_locality_diversity_phase_dense,241,VisBuf,Synthetic,False,0,total,0.38935
06_synth_locality_diversity_phase_dense,241,VisBuf,Synthetic,False,1,visibility,0.03767
06_synth_locality_diversity_phase_dense,241,VisBuf,Synthetic,False,2,visutil_histogram,0.02655
06_synth_locality_diversity_phase_dense,241,VisBuf,Synthetic,False,3,visutil_prefix,0.00206
06_synth_locality_diversity_phase_dense,241,VisBuf,Synthetic,False,4,visutil_flatten,0.03526
06_synth_locality_diversity_phase_dense,241,VisBuf,Synthetic,False,5,gbuffer,0.13783
06_synth_locality_diversity_phase_dense,241,VisBuf,Synthetic,False,6,lighting,0.08791
06_synth_locality_diversity_phase_dense,241,VisBuf,Synthetic,False,7,tonemap,0.02947
06_synth_locality_diversity_phase_dense,242,DeferredPrepass,Synthetic,False,0,total,0.26521
06_synth_locality_diversity_phase_dense,242,DeferredPrepass,Synthetic,False,1,depth_prepass,0.02342
06_synth_locality_diversity_phase_dense,242,DeferredPrepass,Synthetic,False,2,geometry,0.11433
06_synth_locality_diversity_phase_dense,242,DeferredPrepass,Synthetic,False,3,lighting,0.08539
06_synth_locality_diversity_phase_dense,242,DeferredPrepass,Synthetic,False,4,tonemap,0.02921
06_synth_locality_diversity_phase_dense,243,VisBuf,Synthetic,False,0,total,0.38837
06_synth_locality_diversity_phase_dense,243,VisBuf,Synthetic,False,1,visibility,0.03755
06_synth_locality_diversity_phase_dense,243,VisBuf,Synthetic,False,2,visutil_histogram,0.02664
06_synth_locality_diversity_phase_dense,243,VisBuf,Synthetic,False,3,visutil_prefix,0.00206
06_synth_locality_diversity_phase_dense,243,VisBuf,Synthetic,False,4,visutil_flatten,0.03518
06_synth_locality_diversity_phase_dense,243,VisBuf,Synthetic,False,5,gbuffer,0.13693
06_synth_locality_diversity_phase_dense,243,VisBuf,Synthetic,False,6,lighting,0.08796
06_synth_locality_diversity_phase_dense,243,VisBuf,Synthetic,False,7,tonemap,0.02954
06_synth_locality_diversity_phase_dense,244,DeferredPrepass,Synthetic,False,0,total,0.2665
06_synth_locality_diversity_phase_dense,244,DeferredPrepass,Synthetic,False,1,depth_prepass,0.02359
06_synth_locality_diversity_phase_dense,244,DeferredPrepass,Synthetic,False,2,geometry,0.11471
06_synth_locality_diversity_phase_dense,244,DeferredPrepass,Synthetic,False,3,lighting,0.08546
06_synth_locality_diversity_phase_dense,244,DeferredPrepass,Synthetic,False,4,tonemap,0.02972
06_synth_locality_diversity_phase_dense,245,VisBuf,Synthetic,False,0,total,0.40237
06_synth_locality_diversity_phase_dense,245,VisBuf,Synthetic,False,1,visibility,0.03832
06_synth_locality_diversity_phase_dense,245,VisBuf,Synthetic,False,2,visutil_histogram,0.02713
06_synth_locality_diversity_phase_dense,245,VisBuf,Synthetic,False,3,visutil_prefix,0.0021
06_synth_locality_diversity_phase_dense,245,VisBuf,Synthetic,False,4,visutil_flatten,0.03537
06_synth_locality_diversity_phase_dense,245,VisBuf,Synthetic,False,5,gbuffer,0.14228
06_synth_locality_diversity_phase_dense,245,VisBuf,Synthetic,False,6,lighting,0.0889
06_synth_locality_diversity_phase_dense,245,VisBuf,Synthetic,False,7,tonemap,0.03541
06_synth_locality_diversity_phase_dense,246,DeferredPrepass,Synthetic,False,0,total,0.26639
06_synth_locality_diversity_phase_dense,246,DeferredPrepass,Synthetic,False,1,depth_prepass,0.02363
06_synth_locality_diversity_phase_dense,246,DeferredPrepass,Synthetic,False,2,geometry,0.11472
06_synth_locality_diversity_phase_dense,246,DeferredPrepass,Synthetic,False,3,lighting,0.08543
06_synth_locality_diversity_phase_dense,246,DeferredPrepass,Synthetic,False,4,tonemap,0.02966
06_synth_locality_diversity_phase_dense,247,VisBuf,Synthetic,False,0,total,0.3903
06_synth_locality_diversity_phase_dense,247,VisBuf,Synthetic,False,1,visibility,0.038
06_synth_locality_diversity_phase_dense,247,VisBuf,Synthetic,False,2,visutil_histogram,0.02673
06_synth_locality_diversity_phase_dense,247,VisBuf,Synthetic,False,3,visutil_prefix,0.00206
06_synth_locality_diversity_phase_dense,247,VisBuf,Synthetic,False,4,visutil_flatten,0.03542
06_synth_locality_diversity_phase_dense,247,VisBuf,Synthetic,False,5,gbuffer,0.13734
06_synth_locality_diversity_phase_dense,247,VisBuf,Synthetic,False,6,lighting,0.08836
06_synth_locality_diversity_phase_dense,247,VisBuf,Synthetic,False,7,tonemap,0.0295
06_synth_locality_diversity_phase_dense,248,DeferredPrepass,Synthetic,False,0,total,0.26657
06_synth_locality_diversity_phase_dense,248,DeferredPrepass,Synthetic,False,1,depth_prepass,0.02333
06_synth_locality_diversity_phase_dense,248,DeferredPrepass,Synthetic,False,2,geometry,0.11516
06_synth_locality_diversity_phase_dense,248,DeferredPrepass,Synthetic,False,3,lighting,0.08545
06_synth_locality_diversity_phase_dense,248,DeferredPrepass,Synthetic,False,4,tonemap,0.02962
06_synth_locality_diversity_phase_dense,249,VisBuf,Synthetic,False,0,total,0.38982
06_synth_locality_diversity_phase_dense,249,VisBuf,Synthetic,False,1,visibility,0.03812
06_synth_locality_diversity_phase_dense,249,VisBuf,Synthetic,False,2,visutil_histogram,0.02682
06_synth_locality_diversity_phase_dense,249,VisBuf,Synthetic,False,3,visutil_prefix,0.00206
06_synth_locality_diversity_phase_dense,249,VisBuf,Synthetic,False,4,visutil_flatten,0.03556
06_synth_locality_diversity_phase_dense,249,VisBuf,Synthetic,False,5,gbuffer,0.13664
06_synth_locality_diversity_phase_dense,249,VisBuf,Synthetic,False,6,lighting,0.08822
06_synth_locality_diversity_phase_dense,249,VisBuf,Synthetic,False,7,tonemap,0.02956
06_synth_locality_diversity_phase_dense,250,DeferredPrepass,Synthetic,False,0,total,0.26645
06_synth_locality_diversity_phase_dense,250,DeferredPrepass,Synthetic,False,1,depth_prepass,0.02323
06_synth_locality_diversity_phase_dense,250,DeferredPrepass,Synthetic,False,2,geometry,0.11505
06_synth_locality_diversity_phase_dense,250,DeferredPrepass,Synthetic,False,3,lighting,0.0854
06_synth_locality_diversity_phase_dense,250,DeferredPrepass,Synthetic,False,4,tonemap,0.02992
06_synth_locality_diversity_phase_dense,251,VisBuf,Synthetic,False,0,total,0.393
06_synth_locality_diversity_phase_dense,251,VisBuf,Synthetic,False,1,visibility,0.03824
06_synth_locality_diversity_phase_dense,251,VisBuf,Synthetic,False,2,visutil_histogram,0.02704
06_synth_locality_diversity_phase_dense,251,VisBuf,Synthetic,False,3,visutil_prefix,0.00208
06_synth_locality_diversity_phase_dense,251,VisBuf,Synthetic,False,4,visutil_flatten,0.03557
06_synth_locality_diversity_phase_dense,251,VisBuf,Synthetic,False,5,gbuffer,0.13793
06_synth_locality_diversity_phase_dense,251,VisBuf,Synthetic,False,6,lighting,0.08842
06_synth_locality_diversity_phase_dense,251,VisBuf,Synthetic,False,7,tonemap,0.0312
06_synth_locality_diversity_phase_dense,252,DeferredPrepass,Synthetic,False,0,total,0.24207
06_synth_locality_diversity_phase_dense,252,DeferredPrepass,Synthetic,False,1,depth_prepass,0.0225
06_synth_locality_diversity_phase_dense,252,DeferredPrepass,Synthetic,False,2,geometry,0.09382
06_synth_locality_diversity_phase_dense,252,DeferredPrepass,Synthetic,False,3,lighting,0.08514
06_synth_locality_diversity_phase_dense,252,DeferredPrepass,Synthetic,False,4,tonemap,0.02768
06_synth_locality_diversity_phase_dense,253,VisBuf,Synthetic,False,0,total,0.33686
06_synth_locality_diversity_phase_dense,253,VisBuf,Synthetic,False,1,visibility,0.03253
06_synth_locality_diversity_phase_dense,253,VisBuf,Synthetic,False,2,visutil_histogram,0.02269
06_synth_locality_diversity_phase_dense,253,VisBuf,Synthetic,False,3,visutil_prefix,0.00206
06_synth_locality_diversity_phase_dense,253,VisBuf,Synthetic,False,4,visutil_flatten,0.03049
06_synth_locality_diversity_phase_dense,253,VisBuf,Synthetic,False,5,gbuffer,0.09917
06_synth_locality_diversity_phase_dense,253,VisBuf,Synthetic,False,6,lighting,0.08894
06_synth_locality_diversity_phase_dense,253,VisBuf,Synthetic,False,7,tonemap,0.02984
06_synth_locality_diversity_phase_dense,254,DeferredPrepass,Synthetic,False,0,total,0.24207
06_synth_locality_diversity_phase_dense,254,DeferredPrepass,Synthetic,False,1,depth_prepass,0.0225
06_synth_locality_diversity_phase_dense,254,DeferredPrepass,Synthetic,False,2,geometry,0.09386
06_synth_locality_diversity_phase_dense,254,DeferredPrepass,Synthetic,False,3,lighting,0.08516
06_synth_locality_diversity_phase_dense,254,DeferredPrepass,Synthetic,False,4,tonemap,0.02756
06_synth_locality_diversity_phase_dense,255,VisBuf,Synthetic,False,0,total,0.33713
06_synth_locality_diversity_phase_dense,255,VisBuf,Synthetic,False,1,visibility,0.03248
06_synth_locality_diversity_phase_dense,255,VisBuf,Synthetic,False,2,visutil_histogram,0.02282
06_synth_locality_diversity_phase_dense,255,VisBuf,Synthetic,False,3,visutil_prefix,0.00205
06_synth_locality_diversity_phase_dense,255,VisBuf,Synthetic,False,4,visutil_flatten,0.03048
06_synth_locality_diversity_phase_dense,255,VisBuf,Synthetic,False,5,gbuffer,0.09917
06_synth_locality_diversity_phase_dense,255,VisBuf,Synthetic,False,6,lighting,0.08897
06_synth_locality_diversity_phase_dense,255,VisBuf,Synthetic,False,7,tonemap,0.03017
06_synth_locality_diversity_phase_dense,256,DeferredPrepass,Synthetic,False,0,total,0.26332
06_synth_locality_diversity_phase_dense,256,DeferredPrepass,Synthetic,False,1,depth_prepass,0.02312
06_synth_locality_diversity_phase_dense,256,DeferredPrepass,Synthetic,False,2,geometry,0.1137
06_synth_locality_diversity_phase_dense,256,DeferredPrepass,Synthetic,False,3,lighting,0.08548
06_synth_locality_diversity_phase_dense,256,DeferredPrepass,Synthetic,False,4,tonemap,0.02824
06_synth_locality_diversity_phase_dense,257,VisBuf,Synthetic,False,0,total,0.38181
06_synth_locality_diversity_phase_dense,257,VisBuf,Synthetic,False,1,visibility,0.03345
06_synth_locality_diversity_phase_dense,257,VisBuf,Synthetic,False,2,visutil_histogram,0.02407
06_synth_locality_diversity_phase_dense,257,VisBuf,Synthetic,False,3,visutil_prefix,0.00207
06_synth_locality_diversity_phase_dense,257,VisBuf,Synthetic,False,4,visutil_flatten,0.03174
06_synth_locality_diversity_phase_dense,257,VisBuf,Synthetic,False,5,gbuffer,0.14129
06_synth_locality_diversity_phase_dense,257,VisBuf,Synthetic,False,6,lighting,0.08778
06_synth_locality_diversity_phase_dense,257,VisBuf,Synthetic,False,7,tonemap,0.02981
06_synth_locality_diversity_phase_dense,258,DeferredPrepass,Synthetic,False,0,total,0.26295
06_synth_locality_diversity_phase_dense,258,DeferredPrepass,Synthetic,False,1,depth_prepass,0.02318
06_synth_locality_diversity_phase_dense,258,DeferredPrepass,Synthetic,False,2,geometry,0.11368
06_synth_locality_diversity_phase_dense,258,DeferredPrepass,Synthetic,False,3,lighting,0.08534
06_synth_locality_diversity_phase_dense,258,DeferredPrepass,Synthetic,False,4,tonemap,0.02792
06_synth_locality_diversity_phase_dense,259,VisBuf,Synthetic,False,0,total,0.39088
06_synth_locality_diversity_phase_dense,259,VisBuf,Synthetic,False,1,visibility,0.03409
06_synth_locality_diversity_phase_dense,259,VisBuf,Synthetic,False,2,visutil_histogram,0.02475
06_synth_locality_diversity_phase_dense,259,VisBuf,Synthetic,False,3,visutil_prefix,0.0021
06_synth_locality_diversity_phase_dense,259,VisBuf,Synthetic,False,4,visutil_flatten,0.03174
06_synth_locality_diversity_phase_dense,259,VisBuf,Synthetic,False,5,gbuffer,0.14425
06_synth_locality_diversity_phase_dense,259,VisBuf,Synthetic,False,6,lighting,0.08801
06_synth_locality_diversity_phase_dense,259,VisBuf,Synthetic,False,7,tonemap,0.03435
06_synth_locality_diversity_phase_dense,260,DeferredPrepass,Synthetic,False,0,total,0.26185
06_synth_locality_diversity_phase_dense,260,DeferredPrepass,Synthetic,False,1,depth_prepass,0.02365
06_synth_locality_diversity_phase_dense,260,DeferredPrepass,Synthetic,False,2,geometry,0.11135
06_synth_locality_diversity_phase_dense,260,DeferredPrepass,Synthetic,False,3,lighting,0.0853
06_synth_locality_diversity_phase_dense,260,DeferredPrepass,Synthetic,False,4,tonemap,0.02857
06_synth_locality_diversity_phase_dense,261,VisBuf,Synthetic,False,0,total,0.39264
06_synth_locality_diversity_phase_dense,261,VisBuf,Synthetic,False,1,visibility,0.03438
06_synth_locality_diversity_phase_dense,261,VisBuf,Synthetic,False,2,visutil_histogram,0.02519
06_synth_locality_diversity_phase_dense,261,VisBuf,Synthetic,False,3,visutil_prefix,0.0021
06_synth_locality_diversity_phase_dense,261,VisBuf,Synthetic,False,4,visutil_flatten,0.03272
06_synth_locality_diversity_phase_dense,261,VisBuf,Synthetic,False,5,gbuffer,0.14283
06_synth_locality_diversity_phase_dense,261,VisBuf,Synthetic,False,6,lighting,0.08838
06_synth_locality_diversity_phase_dense,261,VisBuf,Synthetic,False,7,tonemap,0.03502
06_synth_locality_diversity_phase_dense,262,DeferredPrepass,Synthetic,False,0,total,0.26231
06_synth_locality_diversity_phase_dense,262,DeferredPrepass,Synthetic,False,1,depth_prepass,0.02387
06_synth_locality_diversity_phase_dense,262,DeferredPrepass,Synthetic,False,2,geometry,0.11149
06_synth_locality_diversity_phase_dense,262,DeferredPrepass,Synthetic,False,3,lighting,0.08537
06_synth_locality_diversity_phase_dense,262,DeferredPrepass,Synthetic,False,4,tonemap,0.02879
06_synth_locality_diversity_phase_dense,263,VisBuf,Synthetic,False,0,total,0.3845
06_synth_locality_diversity_phase_dense,263,VisBuf,Synthetic,False,1,visibility,0.03434
06_synth_locality_diversity_phase_dense,263,VisBuf,Synthetic,False,2,visutil_histogram,0.02509
06_synth_locality_diversity_phase_dense,263,VisBuf,Synthetic,False,3,visutil_prefix,0.00207
06_synth_locality_diversity_phase_dense,263,VisBuf,Synthetic,False,4,visutil_flatten,0.03264
06_synth_locality_diversity_phase_dense,263,VisBuf,Synthetic,False,5,gbuffer,0.14014
06_synth_locality_diversity_phase_dense,263,VisBuf,Synthetic,False,6,lighting,0.08765
06_synth_locality_diversity_phase_dense,263,VisBuf,Synthetic,False,7,tonemap,0.03092
06_synth_locality_diversity_phase_dense,264,DeferredPrepass,Synthetic,False,0,total,0.26089
06_synth_locality_diversity_phase_dense,264,DeferredPrepass,Synthetic,False,1,depth_prepass,0.0239
06_synth_locality_diversity_phase_dense,264,DeferredPrepass,Synthetic,False,2,geometry,0.10963
06_synth_locality_diversity_phase_dense,264,DeferredPrepass,Synthetic,False,3,lighting,0.08548
06_synth_locality_diversity_phase_dense,264,DeferredPrepass,Synthetic,False,4,tonemap,0.02903
06_synth_locality_diversity_phase_dense,265,VisBuf,Synthetic,False,0,total,0.38503
06_synth_locality_diversity_phase_dense,265,VisBuf,Synthetic,False,1,visibility,0.03478
06_synth_locality_diversity_phase_dense,265,VisBuf,Synthetic,False,2,visutil_histogram,0.02545
06_synth_locality_diversity_phase_dense,265,VisBuf,Synthetic,False,3,visutil_prefix,0.00207
06_synth_locality_diversity_phase_dense,265,VisBuf,Synthetic,False,4,visutil_flatten,0.03327
06_synth_locality_diversity_phase_dense,265,VisBuf,Synthetic,False,5,gbuffer,0.13854
06_synth_locality_diversity_phase_dense,265,VisBuf,Synthetic,False,6,lighting,0.08805
06_synth_locality_diversity_phase_dense,265,VisBuf,Synthetic,False,7,tonemap,0.02995
06_synth_locality_diversity_phase_dense,266,DeferredPrepass,Synthetic,False,0,total,0.26025
06_synth_locality_diversity_phase_dense,266,DeferredPrepass,Synthetic,False,1,depth_prepass,0.02346
06_synth_locality_diversity_phase_dense,266,DeferredPrepass,Synthetic,False,2,geometry,0.10985
06_synth_locality_diversity_phase_dense,266,DeferredPrepass,Synthetic,False,3,lighting,0.08542
06_synth_locality_diversity_phase_dense,266,DeferredPrepass,Synthetic,False,4,tonemap,0.02875
06_synth_locality_diversity_phase_dense,267,VisBuf,Synthetic,False,0,total,0.39466
06_synth_locality_diversity_phase_dense,267,VisBuf,Synthetic,False,1,visibility,0.03495
06_synth_locality_diversity_phase_dense,267,VisBuf,Synthetic,False,2,visutil_histogram,0.02583
06_synth_locality_diversity_phase_dense,267,VisBuf,Synthetic,False,3,visutil_prefix,0.00211
06_synth_locality_diversity_phase_dense,267,VisBuf,Synthetic,False,4,visutil_flatten,0.03337
06_synth_locality_diversity_phase_dense,267,VisBuf,Synthetic,False,5,gbuffer,0.14232
06_synth_locality_diversity_phase_dense,267,VisBuf,Synthetic,False,6,lighting,0.08854
06_synth_locality_diversity_phase_dense,267,VisBuf,Synthetic,False,7,tonemap,0.03518
06_synth_locality_diversity_phase_dense,268,DeferredPrepass,Synthetic,False,0,total,0.25917
06_synth_locality_diversity_phase_dense,268,DeferredPrepass,Synthetic,False,1,depth_prepass,0.02322
06_synth_locality_diversity_phase_dense,268,DeferredPrepass,Synthetic,False,2,geometry,0.10849
06_synth_locality_diversity_phase_dense,268,DeferredPrepass,Synthetic,False,3,lighting,0.08553
06_synth_locality_diversity_phase_dense,268,DeferredPrepass,Synthetic,False,4,tonemap,0.02913
06_synth_locality_diversity_phase_dense,269,VisBuf,Synthetic,False,0,total,0.38415
06_synth_locality_diversity_phase_dense,269,VisBuf,Synthetic,False,1,visibility,0.03521
06_synth_locality_diversity_phase_dense,269,VisBuf,Synthetic,False,2,visutil_histogram,0.02588
06_synth_locality_diversity_phase_dense,269,VisBuf,Synthetic,False,3,visutil_prefix,0.00206
06_synth_locality_diversity_phase_dense,269,VisBuf,Synthetic,False,4,visutil_flatten,0.03388
06_synth_locality_diversity_phase_dense,269,VisBuf,Synthetic,False,5,gbuffer,0.1376
06_synth_locality_diversity_phase_dense,269,VisBuf,Synthetic,False,6,lighting,0.08783
06_synth_locality_diversity_phase_dense,269,VisBuf,Synthetic,False,7,tonemap,0.02979
06_synth_locality_diversity_phase_dense,270,DeferredPrepass,Synthetic,False,0,total,0.26026
06_synth_locality_diversity_phase_dense,270,DeferredPrepass,Synthetic,False,1,depth_prepass,0.02341
06_synth_locality_diversity_phase_dense,270,DeferredPrepass,Synthetic,False,2,geometry,0.10844
06_synth_locality_diversity_phase_dense,270,DeferredPrepass,Synthetic,False,3,lighting,0.08595
06_synth_locality_diversity_phase_dense,270,DeferredPrepass,Synthetic,False,4,tonemap,0.02949
06_synth_locality_diversity_phase_dense,271,VisBuf,Synthetic,False,0,total,0.39222
06_synth_locality_diversity_phase_dense,271,VisBuf,Synthetic,False,1,visibility,0.03529
06_synth_locality_diversity_phase_dense,271,VisBuf,Synthetic,False,2,visutil_histogram,0.0262
06_synth_locality_diversity_phase_dense,271,VisBuf,Synthetic,False,3,visutil_prefix,0.00209
06_synth_locality_diversity_phase_dense,271,VisBuf,Synthetic,False,4,visutil_flatten,0.03386
06_synth_locality_diversity_phase_dense,271,VisBuf,Synthetic,False,5,gbuffer,0.14007
06_synth_locality_diversity_phase_dense,271,VisBuf,Synthetic,False,6,lighting,0.08852
06_synth_locality_diversity_phase_dense,271,VisBuf,Synthetic,False,7,tonemap,0.03403
06_synth_locality_diversity_phase_dense,272,DeferredPrepass,Synthetic,False,0,total,0.25967
06_synth_locality_diversity_phase_dense,272,DeferredPrepass,Synthetic,False,1,depth_prepass,0.02399
06_synth_locality_diversity_phase_dense,272,DeferredPrepass,Synthetic,False,2,geometry,0.10796
06_synth_locality_diversity_phase_dense,272,DeferredPrepass,Synthetic,False,3,lighting,0.08553
06_synth_locality_diversity_phase_dense,272,DeferredPrepass,Synthetic,False,4,tonemap,0.02934
06_synth_locality_diversity_phase_dense,273,VisBuf,Synthetic,False,0,total,0.39178
06_synth_locality_diversity_phase_dense,273,VisBuf,Synthetic,False,1,visibility,0.03565
06_synth_locality_diversity_phase_dense,273,VisBuf,Synthetic,False,2,visutil_histogram,0.02648
06_synth_locality_diversity_phase_dense,273,VisBuf,Synthetic,False,3,visutil_prefix,0.00209
06_synth_locality_diversity_phase_dense,273,VisBuf,Synthetic,False,4,visutil_flatten,0.03431
06_synth_locality_diversity_phase_dense,273,VisBuf,Synthetic,False,5,gbuffer,0.13985
06_synth_locality_diversity_phase_dense,273,VisBuf,Synthetic,False,6,lighting,0.08856
06_synth_locality_diversity_phase_dense,273,VisBuf,Synthetic,False,7,tonemap,0.03334
06_synth_locality_diversity_phase_dense,274,DeferredPrepass,Synthetic,False,0,total,0.26002
06_synth_locality_diversity_phase_dense,274,DeferredPrepass,Synthetic,False,1,depth_prepass,0.02399
06_synth_locality_diversity_phase_dense,274,DeferredPrepass,Synthetic,False,2,geometry,0.10839
06_synth_locality_diversity_phase_dense,274,DeferredPrepass,Synthetic,False,3,lighting,0.08541
06_synth_locality_diversity_phase_dense,274,DeferredPrepass,Synthetic,False,4,tonemap,0.02934
06_synth_locality_diversity_phase_dense,275,VisBuf,Synthetic,False,0,total,0.38462
06_synth_locality_diversity_phase_dense,275,VisBuf,Synthetic,False,1,visibility,0.03557
06_synth_locality_diversity_phase_dense,275,VisBuf,Synthetic,False,2,visutil_histogram,0.02641
06_synth_locality_diversity_phase_dense,275,VisBuf,Synthetic,False,3,visutil_prefix,0.00206
06_synth_locality_diversity_phase_dense,275,VisBuf,Synthetic,False,4,visutil_flatten,0.03434
06_synth_locality_diversity_phase_dense,275,VisBuf,Synthetic,False,5,gbuffer,0.13719
06_synth_locality_diversity_phase_dense,275,VisBuf,Synthetic,False,6,lighting,0.08815
06_synth_locality_diversity_phase_dense,275,VisBuf,Synthetic,False,7,tonemap,0.0297
06_synth_locality_diversity_phase_dense,276,DeferredPrepass,Synthetic,False,0,total,0.26074
06_synth_locality_diversity_phase_dense,276,DeferredPrepass,Synthetic,False,1,depth_prepass,0.02521
06_synth_locality_diversity_phase_dense,276,DeferredPrepass,Synthetic,False,2,geometry,0.10783
06_synth_locality_diversity_phase_dense,276,DeferredPrepass,Synthetic,False,3,lighting,0.08562
06_synth_locality_diversity_phase_dense,276,DeferredPrepass,Synthetic,False,4,tonemap,0.02916
06_synth_locality_diversity_phase_dense,277,VisBuf,Synthetic,False,0,total,0.39013
06_synth_locality_diversity_phase_dense,277,VisBuf,Synthetic,False,1,visibility,0.03591
06_synth_locality_diversity_phase_dense,277,VisBuf,Synthetic,False,2,visutil_histogram,0.02666
06_synth_locality_diversity_phase_dense,277,VisBuf,Synthetic,False,3,visutil_prefix,0.00208
06_synth_locality_diversity_phase_dense,277,VisBuf,Synthetic,False,4,visutil_flatten,0.03466
06_synth_locality_diversity_phase_dense,277,VisBuf,Synthetic,False,5,gbuffer,0.13843
06_synth_locality_diversity_phase_dense,277,VisBuf,Synthetic,False,6,lighting,0.08845
06_synth_locality_diversity_phase_dense,277,VisBuf,Synthetic,False,7,tonemap,0.03219
06_synth_locality_diversity_phase_dense,278,DeferredPrepass,Synthetic,False,0,total,0.26009
06_synth_locality_diversity_phase_dense,278,DeferredPrepass,Synthetic,False,1,depth_prepass,0.02453
06_synth_locality_diversity_phase_dense,278,DeferredPrepass,Synthetic,False,2,geometry,0.10781
06_synth_locality_diversity_phase_dense,278,DeferredPrepass,Synthetic,False,3,lighting,0.08559
06_synth_locality_diversity_phase_dense,278,DeferredPrepass,Synthetic,False,4,tonemap,0.02942
06_synth_locality_diversity_phase_dense,279,VisBuf,Synthetic,False,0,total,0.38431
06_synth_locality_diversity_phase_dense,279,VisBuf,Synthetic,False,1,visibility,0.03574
06_synth_locality_diversity_phase_dense,279,VisBuf,Synthetic,False,2,visutil_histogram,0.02643
06_synth_locality_diversity_phase_dense,279,VisBuf,Synthetic,False,3,visutil_prefix,0.00207
06_synth_locality_diversity_phase_dense,279,VisBuf,Synthetic,False,4,visutil_flatten,0.03478
06_synth_locality_diversity_phase_dense,279,VisBuf,Synthetic,False,5,gbuffer,0.13574
06_synth_locality_diversity_phase_dense,279,VisBuf,Synthetic,False,6,lighting,0.08815
06_synth_locality_diversity_phase_dense,279,VisBuf,Synthetic,False,7,tonemap,0.02966
06_synth_locality_diversity_phase_dense,280,DeferredPrepass,Synthetic,False,0,total,0.26068
06_synth_locality_diversity_phase_dense,280,DeferredPrepass,Synthetic,False,1,depth_prepass,0.02482
06_synth_locality_diversity_phase_dense,280,DeferredPrepass,Synthetic,False,2,geometry,0.10773
06_synth_locality_diversity_phase_dense,280,DeferredPrepass,Synthetic,False,3,lighting,0.08572
06_synth_locality_diversity_phase_dense,280,DeferredPrepass,Synthetic,False,4,tonemap,0.02949
06_synth_locality_diversity_phase_dense,281,VisBuf,Synthetic,False,0,total,0.38611
06_synth_locality_diversity_phase_dense,281,VisBuf,Synthetic,False,1,visibility,0.03599
06_synth_locality_diversity_phase_dense,281,VisBuf,Synthetic,False,2,visutil_histogram,0.02669
06_synth_locality_diversity_phase_dense,281,VisBuf,Synthetic,False,3,visutil_prefix,0.00206
06_synth_locality_diversity_phase_dense,281,VisBuf,Synthetic,False,4,visutil_flatten,0.03495
06_synth_locality_diversity_phase_dense,281,VisBuf,Synthetic,False,5,gbuffer,0.13551
06_synth_locality_diversity_phase_dense,281,VisBuf,Synthetic,False,6,lighting,0.08813
06_synth_locality_diversity_phase_dense,281,VisBuf,Synthetic,False,7,tonemap,0.02975
06_synth_locality_diversity_phase_dense,282,DeferredPrepass,Synthetic,False,0,total,0.25998
06_synth_locality_diversity_phase_dense,282,DeferredPrepass,Synthetic,False,1,depth_prepass,0.02469
06_synth_locality_diversity_phase_dense,282,DeferredPrepass,Synthetic,False,2,geometry,0.10767
06_synth_locality_diversity_phase_dense,282,DeferredPrepass,Synthetic,False,3,lighting,0.08554
06_synth_locality_diversity_phase_dense,282,DeferredPrepass,Synthetic,False,4,tonemap,0.02919
06_synth_locality_diversity_phase_dense,283,VisBuf,Synthetic,False,0,total,0.39469
06_synth_locality_diversity_phase_dense,283,VisBuf,Synthetic,False,1,visibility,0.03614
06_synth_locality_diversity_phase_dense,283,VisBuf,Synthetic,False,2,visutil_histogram,0.02704
06_synth_locality_diversity_phase_dense,283,VisBuf,Synthetic,False,3,visutil_prefix,0.00209
06_synth_locality_diversity_phase_dense,283,VisBuf,Synthetic,False,4,visutil_flatten,0.03492
06_synth_locality_diversity_phase_dense,283,VisBuf,Synthetic,False,5,gbuffer,0.13913
06_synth_locality_diversity_phase_dense,283,VisBuf,Synthetic,False,6,lighting,0.08895
06_synth_locality_diversity_phase_dense,283,VisBuf,Synthetic,False,7,tonemap,0.03344
06_synth_locality_diversity_phase_dense,284,DeferredPrepass,Synthetic,False,0,total,0.2604
06_synth_locality_diversity_phase_dense,284,DeferredPrepass,Synthetic,False,1,depth_prepass,0.02424
06_synth_locality_diversity_phase_dense,284,DeferredPrepass,Synthetic,False,2,geometry,0.10785
06_synth_locality_diversity_phase_dense,284,DeferredPrepass,Synthetic,False,3,lighting,0.0857
06_synth_locality_diversity_phase_dense,284,DeferredPrepass,Synthetic,False,4,tonemap,0.02948
06_synth_locality_diversity_phase_dense,285,VisBuf,Synthetic,False,0,total,0.39998
06_synth_locality_diversity_phase_dense,285,VisBuf,Synthetic,False,1,visibility,0.03642
06_synth_locality_diversity_phase_dense,285,VisBuf,Synthetic,False,2,visutil_histogram,0.02731
06_synth_locality_diversity_phase_dense,285,VisBuf,Synthetic,False,3,visutil_prefix,0.00212
06_synth_locality_diversity_phase_dense,285,VisBuf,Synthetic,False,4,visutil_flatten,0.03518
06_synth_locality_diversity_phase_dense,285,VisBuf,Synthetic,False,5,gbuffer,0.14034
06_synth_locality_diversity_phase_dense,285,VisBuf,Synthetic,False,6,lighting,0.08944
06_synth_locality_diversity_phase_dense,285,VisBuf,Synthetic,False,7,tonemap,0.03596
06_synth_locality_diversity_phase_dense,286,DeferredPrepass,Synthetic,False,0,total,0.26117
06_synth_locality_diversity_phase_dense,286,DeferredPrepass,Synthetic,False,1,depth_prepass,0.02476
06_synth_locality_diversity_phase_dense,286,DeferredPrepass,Synthetic,False,2,geometry,0.10779
06_synth_locality_diversity_phase_dense,286,DeferredPrepass,Synthetic,False,3,lighting,0.08573
06_synth_locality_diversity_phase_dense,286,DeferredPrepass,Synthetic,False,4,tonemap,0.03004
06_synth_locality_diversity_phase_dense,287,VisBuf,Synthetic,False,0,total,0.39379
06_synth_locality_diversity_phase_dense,287,VisBuf,Synthetic,False,1,visibility,0.03633
06_synth_locality_diversity_phase_dense,287,VisBuf,Synthetic,False,2,visutil_histogram,0.02707
06_synth_locality_diversity_phase_dense,287,VisBuf,Synthetic,False,3,visutil_prefix,0.00209
06_synth_locality_diversity_phase_dense,287,VisBuf,Synthetic,False,4,visutil_flatten,0.03511
06_synth_locality_diversity_phase_dense,287,VisBuf,Synthetic,False,5,gbuffer,0.13835
06_synth_locality_diversity_phase_dense,287,VisBuf,Synthetic,False,6,lighting,0.08866
06_synth_locality_diversity_phase_dense,287,VisBuf,Synthetic,False,7,tonemap,0.03321
06_synth_locality_diversity_phase_dense,288,DeferredPrepass,Synthetic,False,0,total,0.24266
06_synth_locality_diversity_phase_dense,288,DeferredPrepass,Synthetic,False,1,depth_prepass,0.02257
06_synth_locality_diversity_phase_dense,288,DeferredPrepass,Synthetic,False,2,geometry,0.09402
06_synth_locality_diversity_phase_dense,288,DeferredPrepass,Synthetic,False,3,lighting,0.08543
06_synth_locality_diversity_phase_dense,288,DeferredPrepass,Synthetic,False,4,tonemap,0.02763
06_synth_locality_diversity_phase_dense,289,VisBuf,Synthetic,False,0,total,0.33758
06_synth_locality_diversity_phase_dense,289,VisBuf,Synthetic,False,1,visibility,0.03253
06_synth_locality_diversity_phase_dense,289,VisBuf,Synthetic,False,2,visutil_histogram,0.02269
06_synth_locality_diversity_phase_dense,289,VisBuf,Synthetic,False,3,visutil_prefix,0.00207
06_synth_locality_diversity_phase_dense,289,VisBuf,Synthetic,False,4,visutil_flatten,0.03056
06_synth_locality_diversity_phase_dense,289,VisBuf,Synthetic,False,5,gbuffer,0.09946
06_synth_locality_diversity_phase_dense,289,VisBuf,Synthetic,False,6,lighting,0.08906
06_synth_locality_diversity_phase_dense,289,VisBuf,Synthetic,False,7,tonemap,0.03007
06_synth_locality_diversity_phase_dense,290,DeferredPrepass,Synthetic,False,0,total,0.24365
06_synth_locality_diversity_phase_dense,290,DeferredPrepass,Synthetic,False,1,depth_prepass,0.02252
06_synth_locality_diversity_phase_dense,290,DeferredPrepass,Synthetic,False,2,geometry,0.09409
06_synth_locality_diversity_phase_dense,290,DeferredPrepass,Synthetic,False,3,lighting,0.08559
06_synth_locality_diversity_phase_dense,290,DeferredPrepass,Synthetic,False,4,tonemap,0.02826
06_synth_locality_diversity_phase_dense,291,VisBuf,Synthetic,False,0,total,0.33763
06_synth_locality_diversity_phase_dense,291,VisBuf,Synthetic,False,1,visibility,0.0325
06_synth_locality_diversity_phase_dense,291,VisBuf,Synthetic,False,2,visutil_histogram,0.02285
06_synth_locality_diversity_phase_dense,291,VisBuf,Synthetic,False,3,visutil_prefix,0.00206
06_synth_locality_diversity_phase_dense,291,VisBuf,Synthetic,False,4,visutil_flatten,0.03052
06_synth_locality_diversity_phase_dense,291,VisBuf,Synthetic,False,5,gbuffer,0.09893
06_synth_locality_diversity_phase_dense,291,VisBuf,Synthetic,False,6,lighting,0.08944
06_synth_locality_diversity_phase_dense,291,VisBuf,Synthetic,False,7,tonemap,0.03009
06_synth_locality_diversity_phase_dense,292,DeferredPrepass,Synthetic,False,0,total,0.26308
06_synth_locality_diversity_phase_dense,292,DeferredPrepass,Synthetic,False,1,depth_prepass,0.0236
06_synth_locality_diversity_phase_dense,292,DeferredPrepass,Synthetic,False,2,geometry,0.11267
06_synth_locality_diversity_phase_dense,292,DeferredPrepass,Synthetic,False,3,lighting,0.08569
06_synth_locality_diversity_phase_dense,292,DeferredPrepass,Synthetic,False,4,tonemap,0.0283
06_synth_locality_diversity_phase_dense,293,VisBuf,Synthetic,False,0,total,0.38141
06_synth_locality_diversity_phase_dense,293,VisBuf,Synthetic,False,1,visibility,0.03312
06_synth_locality_diversity_phase_dense,293,VisBuf,Synthetic,False,2,visutil_histogram,0.02382
06_synth_locality_diversity_phase_dense,293,VisBuf,Synthetic,False,3,visutil_prefix,0.00206
06_synth_locality_diversity_phase_dense,293,VisBuf,Synthetic,False,4,visutil_flatten,0.03129
06_synth_locality_diversity_phase_dense,293,VisBuf,Synthetic,False,5,gbuffer,0.14133
06_synth_locality_diversity_phase_dense,293,VisBuf,Synthetic,False,6,lighting,0.08735
06_synth_locality_diversity_phase_dense,293,VisBuf,Synthetic,False,7,tonemap,0.02988
06_synth_locality_diversity_phase_dense,294,DeferredPrepass,Synthetic,False,0,total,0.26224
06_synth_locality_diversity_phase_dense,294,DeferredPrepass,Synthetic,False,1,depth_prepass,0.02341
06_synth_locality_diversity_phase_dense,294,DeferredPrepass,Synthetic,False,2,geometry,0.11226
06_synth_locality_diversity_phase_dense,294,DeferredPrepass,Synthetic,False,3,lighting,0.08572
06_synth_locality_diversity_phase_dense,294,DeferredPrepass,Synthetic,False,4,tonemap,0.02805
06_synth_locality_diversity_phase_dense,295,VisBuf,Synthetic,False,0,total,0.39169
06_synth_locality_diversity_phase_dense,295,VisBuf,Synthetic,False,1,visibility,0.03335
06_synth_locality_diversity_phase_dense,295,VisBuf,Synthetic,False,2,visutil_histogram,0.02435
06_synth_locality_diversity_phase_dense,295,VisBuf,Synthetic,False,3,visutil_prefix,0.00211
06_synth_locality_diversity_phase_dense,295,VisBuf,Synthetic,False,4,visutil_flatten,0.03129
06_synth_locality_diversity_phase_dense,295,VisBuf,Synthetic,False,5,gbuffer,0.14432
06_synth_locality_diversity_phase_dense,295,VisBuf,Synthetic,False,6,lighting,0.0881
06_synth_locality_diversity_phase_dense,295,VisBuf,Synthetic,False,7,tonemap,0.03562
06_synth_locality_diversity_phase_dense,296,DeferredPrepass,Synthetic,False,0,total,0.26127
06_synth_locality_diversity_phase_dense,296,DeferredPrepass,Synthetic,False,1,depth_prepass,0.02405
06_synth_locality_diversity_phase_dense,296,DeferredPrepass,Synthetic,False,2,geometry,0.10917
06_synth_locality_diversity_phase_dense,296,DeferredPrepass,Synthetic,False,3,lighting,0.08576
06_synth_locality_diversity_phase_dense,296,DeferredPrepass,Synthetic,False,4,tonemap,0.02936
06_synth_locality_diversity_phase_dense,297,VisBuf,Synthetic,False,0,total,0.38416
06_synth_locality_diversity_phase_dense,297,VisBuf,Synthetic,False,1,visibility,0.0333
06_synth_locality_diversity_phase_dense,297,VisBuf,Synthetic,False,2,visutil_histogram,0.02442
06_synth_locality_diversity_phase_dense,297,VisBuf,Synthetic,False,3,visutil_prefix,0.00209
06_synth_locality_diversity_phase_dense,297,VisBuf,Synthetic,False,4,visutil_flatten,0.03197
06_synth_locality_diversity_phase_dense,297,VisBuf,Synthetic,False,5,gbuffer,0.14118
06_synth_locality_diversity_phase_dense,297,VisBuf,Synthetic,False,6,lighting,0.08787
06_synth_locality_diversity_phase_dense,297,VisBuf,Synthetic,False,7,tonemap,0.03191
06_synth_locality_diversity_phase_dense,298,DeferredPrepass,Synthetic,False,0,total,0.2597
06_synth_locality_diversity_phase_dense,298,DeferredPrepass,Synthetic,False,1,depth_prepass,0.02405
06_synth_locality_diversity_phase_dense,298,DeferredPrepass,Synthetic,False,2,geometry,0.10914
06_synth_locality_diversity_phase_dense,298,DeferredPrepass,Synthetic,False,3,lighting,0.08561
06_synth_locality_diversity_phase_dense,298,DeferredPrepass,Synthetic,False,4,tonemap,0.02806
06_synth_locality_diversity_phase_dense,299,VisBuf,Synthetic,False,0,total,0.38009
06_synth_locality_diversity_phase_dense,299,VisBuf,Synthetic,False,1,visibility,0.03315
06_synth_locality_diversity_phase_dense,299,VisBuf,Synthetic,False,2,visutil_histogram,0.0243
06_synth_locality_diversity_phase_dense,299,VisBuf,Synthetic,False,3,visutil_prefix,0.00206
06_synth_locality_diversity_phase_dense,299,VisBuf,Synthetic,False,4,visutil_flatten,0.03186
06_synth_locality_diversity_phase_dense,299,VisBuf,Synthetic,False,5,gbuffer,0.13995
06_synth_locality_diversity_phase_dense,299,VisBuf,Synthetic,False,6,lighting,0.08758
06_synth_locality_diversity_phase_dense,299,VisBuf,Synthetic,False,7,tonemap,0.02968
06_synth_locality_diversity_phase_dense,300,DeferredPrepass,Synthetic,False,0,total,0.2568
06_synth_locality_diversity_phase_dense,300,DeferredPrepass,Synthetic,False,1,depth_prepass,0.02439
06_synth_locality_diversity_phase_dense,300,DeferredPrepass,Synthetic,False,2,geometry,0.10584
06_synth_locality_diversity_phase_dense,300,DeferredPrepass,Synthetic,False,3,lighting,0.08563
06_synth_locality_diversity_phase_dense,300,DeferredPrepass,Synthetic,False,4,tonemap,0.02811
06_synth_locality_diversity_phase_dense,301,VisBuf,Synthetic,False,0,total,0.38021
06_synth_locality_diversity_phase_dense,301,VisBuf,Synthetic,False,1,visibility,0.03349
06_synth_locality_diversity_phase_dense,301,VisBuf,Synthetic,False,2,visutil_histogram,0.02484
06_synth_locality_diversity_phase_dense,301,VisBuf,Synthetic,False,3,visutil_prefix,0.00206
06_synth_locality_diversity_phase_dense,301,VisBuf,Synthetic,False,4,visutil_flatten,0.03229
06_synth_locality_diversity_phase_dense,301,VisBuf,Synthetic,False,5,gbuffer,0.13778
06_synth_locality_diversity_phase_dense,301,VisBuf,Synthetic,False,6,lighting,0.08771
06_synth_locality_diversity_phase_dense,301,VisBuf,Synthetic,False,7,tonemap,0.0301
06_synth_locality_diversity_phase_dense,302,DeferredPrepass,Synthetic,False,0,total,0.25627
06_synth_locality_diversity_phase_dense,302,DeferredPrepass,Synthetic,False,1,depth_prepass,0.02392
06_synth_locality_diversity_phase_dense,302,DeferredPrepass,Synthetic,False,2,geometry,0.10559
06_synth_locality_diversity_phase_dense,302,DeferredPrepass,Synthetic,False,3,lighting,0.08569
06_synth_locality_diversity_phase_dense,302,DeferredPrepass,Synthetic,False,4,tonemap,0.02823
06_synth_locality_diversity_phase_dense,303,VisBuf,Synthetic,False,0,total,0.39017
06_synth_locality_diversity_phase_dense,303,VisBuf,Synthetic,False,1,visibility,0.03406
06_synth_locality_diversity_phase_dense,303,VisBuf,Synthetic,False,2,visutil_histogram,0.02539
06_synth_locality_diversity_phase_dense,303,VisBuf,Synthetic,False,3,visutil_prefix,0.0021
06_synth_locality_diversity_phase_dense,303,VisBuf,Synthetic,False,4,visutil_flatten,0.0323
06_synth_locality_diversity_phase_dense,303,VisBuf,Synthetic,False,5,gbuffer,0.14088
06_synth_locality_diversity_phase_dense,303,VisBuf,Synthetic,False,6,lighting,0.08832
06_synth_locality_diversity_phase_dense,303,VisBuf,Synthetic,False,7,tonemap,0.03506
06_synth_locality_diversity_phase_dense,304,DeferredPrepass,Synthetic,False,0,total,0.2543
06_synth_locality_diversity_phase_dense,304,DeferredPrepass,Synthetic,False,1,depth_prepass,0.02409
06_synth_locality_diversity_phase_dense,304,DeferredPrepass,Synthetic,False,2,geometry,0.10351
06_synth_locality_diversity_phase_dense,304,DeferredPrepass,Synthetic,False,3,lighting,0.0856
06_synth_locality_diversity_phase_dense,304,DeferredPrepass,Synthetic,False,4,tonemap,0.02831
06_synth_locality_diversity_phase_dense,305,VisBuf,Synthetic,False,0,total,0.37949
06_synth_locality_diversity_phase_dense,305,VisBuf,Synthetic,False,1,visibility,0.03362
06_synth_locality_diversity_phase_dense,305,VisBuf,Synthetic,False,2,visutil_histogram,0.0255
06_synth_locality_diversity_phase_dense,305,VisBuf,Synthetic,False,3,visutil_prefix,0.00206
06_synth_locality_diversity_phase_dense,305,VisBuf,Synthetic,False,4,visutil_flatten,0.0327
06_synth_locality_diversity_phase_dense,305,VisBuf,Synthetic,False,5,gbuffer,0.13625
06_synth_locality_diversity_phase_dense,305,VisBuf,Synthetic,False,6,lighting,0.08778
06_synth_locality_diversity_phase_dense,305,VisBuf,Synthetic,False,7,tonemap,0.02995
06_synth_locality_diversity_phase_dense,306,DeferredPrepass,Synthetic,False,0,total,0.25378
06_synth_locality_diversity_phase_dense,306,DeferredPrepass,Synthetic,False,1,depth_prepass,0.02366
06_synth_locality_diversity_phase_dense,306,DeferredPrepass,Synthetic,False,2,geometry,0.10331
06_synth_locality_diversity_phase_dense,306,DeferredPrepass,Synthetic,False,3,lighting,0.08559
06_synth_locality_diversity_phase_dense,306,DeferredPrepass,Synthetic,False,4,tonemap,0.02835
06_synth_locality_diversity_phase_dense,307,VisBuf,Synthetic,False,0,total,0.37949
06_synth_locality_diversity_phase_dense,307,VisBuf,Synthetic,False,1,visibility,0.0337
06_synth_locality_diversity_phase_dense,307,VisBuf,Synthetic,False,2,visutil_histogram,0.02527
06_synth_locality_diversity_phase_dense,307,VisBuf,Synthetic,False,3,visutil_prefix,0.00206
06_synth_locality_diversity_phase_dense,307,VisBuf,Synthetic,False,4,visutil_flatten,0.03273
06_synth_locality_diversity_phase_dense,307,VisBuf,Synthetic,False,5,gbuffer,0.13614
06_synth_locality_diversity_phase_dense,307,VisBuf,Synthetic,False,6,lighting,0.0878
06_synth_locality_diversity_phase_dense,307,VisBuf,Synthetic,False,7,tonemap,0.03002
06_synth_locality_diversity_phase_dense,308,DeferredPrepass,Synthetic,False,0,total,0.25432
06_synth_locality_diversity_phase_dense,308,DeferredPrepass,Synthetic,False,1,depth_prepass,0.02461
06_synth_locality_diversity_phase_dense,308,DeferredPrepass,Synthetic,False,2,geometry,0.10194
06_synth_locality_diversity_phase_dense,308,DeferredPrepass,Synthetic,False,3,lighting,0.08573
06_synth_locality_diversity_phase_dense,308,DeferredPrepass,Synthetic,False,4,tonemap,0.02917
06_synth_locality_diversity_phase_dense,309,VisBuf,Synthetic,False,0,total,0.38522
06_synth_locality_diversity_phase_dense,309,VisBuf,Synthetic,False,1,visibility,0.03376
06_synth_locality_diversity_phase_dense,309,VisBuf,Synthetic,False,2,visutil_histogram,0.02609
06_synth_locality_diversity_phase_dense,309,VisBuf,Synthetic,False,3,visutil_prefix,0.00208
06_synth_locality_diversity_phase_dense,309,VisBuf,Synthetic,False,4,visutil_flatten,0.0332
06_synth_locality_diversity_phase_dense,309,VisBuf,Synthetic,False,5,gbuffer,0.13738
06_synth_locality_diversity_phase_dense,309,VisBuf,Synthetic,False,6,lighting,0.08811
06_synth_locality_diversity_phase_dense,309,VisBuf,Synthetic,False,7,tonemap,0.03229
06_synth_locality_diversity_phase_dense,310,DeferredPrepass,Synthetic,False,0,total,0.25386
06_synth_locality_diversity_phase_dense,310,DeferredPrepass,Synthetic,False,1,depth_prepass,0.02479
06_synth_locality_diversity_phase_dense,310,DeferredPrepass,Synthetic,False,2,geometry,0.10208
06_synth_locality_diversity_phase_dense,310,DeferredPrepass,Synthetic,False,3,lighting,0.08561
06_synth_locality_diversity_phase_dense,310,DeferredPrepass,Synthetic,False,4,tonemap,0.02855
06_synth_locality_diversity_phase_dense,311,VisBuf,Synthetic,False,0,total,0.39525
06_synth_locality_diversity_phase_dense,311,VisBuf,Synthetic,False,1,visibility,0.03412
06_synth_locality_diversity_phase_dense,311,VisBuf,Synthetic,False,2,visutil_histogram,0.02656
06_synth_locality_diversity_phase_dense,311,VisBuf,Synthetic,False,3,visutil_prefix,0.00212
06_synth_locality_diversity_phase_dense,311,VisBuf,Synthetic,False,4,visutil_flatten,0.03321
06_synth_locality_diversity_phase_dense,311,VisBuf,Synthetic,False,5,gbuffer,0.14075
06_synth_locality_diversity_phase_dense,311,VisBuf,Synthetic,False,6,lighting,0.08877
06_synth_locality_diversity_phase_dense,311,VisBuf,Synthetic,False,7,tonemap,0.03747
06_synth_locality_diversity_phase_dense,312,DeferredPrepass,Synthetic,False,0,total,0.2544
06_synth_locality_diversity_phase_dense,312,DeferredPrepass,Synthetic,False,1,depth_prepass,0.02574
06_synth_locality_diversity_phase_dense,312,DeferredPrepass,Synthetic,False,2,geometry,0.10067
06_synth_locality_diversity_phase_dense,312,DeferredPrepass,Synthetic,False,3,lighting,0.08574
06_synth_locality_diversity_phase_dense,312,DeferredPrepass,Synthetic,False,4,tonemap,0.02928
06_synth_locality_diversity_phase_dense,313,VisBuf,Synthetic,False,0,total,0.38026
06_synth_locality_diversity_phase_dense,313,VisBuf,Synthetic,False,1,visibility,0.0337
06_synth_locality_diversity_phase_dense,313,VisBuf,Synthetic,False,2,visutil_histogram,0.02619
06_synth_locality_diversity_phase_dense,313,VisBuf,Synthetic,False,3,visutil_prefix,0.00206
06_synth_locality_diversity_phase_dense,313,VisBuf,Synthetic,False,4,visutil_flatten,0.03357
06_synth_locality_diversity_phase_dense,313,VisBuf,Synthetic,False,5,gbuffer,0.13467
06_synth_locality_diversity_phase_dense,313,VisBuf,Synthetic,False,6,lighting,0.08824
06_synth_locality_diversity_phase_dense,313,VisBuf,Synthetic,False,7,tonemap,0.0299
06_synth_locality_diversity_phase_dense,314,DeferredPrepass,Synthetic,False,0,total,0.25338
06_synth_locality_diversity_phase_dense,314,DeferredPrepass,Synthetic,False,1,depth_prepass,0.02527
06_synth_locality_diversity_phase_dense,314,DeferredPrepass,Synthetic,False,2,geometry,0.10068
06_synth_locality_diversity_phase_dense,314,DeferredPrepass,Synthetic,False,3,lighting,0.08572
06_synth_locality_diversity_phase_dense,314,DeferredPrepass,Synthetic,False,4,tonemap,0.02892
06_synth_locality_diversity_phase_dense,315,VisBuf,Synthetic,False,0,total,0.37954
06_synth_locality_diversity_phase_dense,315,VisBuf,Synthetic,False,1,visibility,0.03365
06_synth_locality_diversity_phase_dense,315,VisBuf,Synthetic,False,2,visutil_histogram,0.02613
06_synth_locality_diversity_phase_dense,315,VisBuf,Synthetic,False,3,visutil_prefix,0.00206
06_synth_locality_diversity_phase_dense,315,VisBuf,Synthetic,False,4,visutil_flatten,0.03362
06_synth_locality_diversity_phase_dense,315,VisBuf,Synthetic,False,5,gbuffer,0.13478
06_synth_locality_diversity_phase_dense,315,VisBuf,Synthetic,False,6,lighting,0.08778
06_synth_locality_diversity_phase_dense,315,VisBuf,Synthetic,False,7,tonemap,0.02978
06_synth_locality_diversity_phase_dense,316,DeferredPrepass,Synthetic,False,0,total,0.25267
06_synth_locality_diversity_phase_dense,316,DeferredPrepass,Synthetic,False,1,depth_prepass,0.02566
06_synth_locality_diversity_phase_dense,316,DeferredPrepass,Synthetic,False,2,geometry,0.10007
06_synth_locality_diversity_phase_dense,316,DeferredPrepass,Synthetic,False,3,lighting,0.08559
06_synth_locality_diversity_phase_dense,316,DeferredPrepass,Synthetic,False,4,tonemap,0.02846
06_synth_locality_diversity_phase_dense,317,VisBuf,Synthetic,False,0,total,0.38974
06_synth_locality_diversity_phase_dense,317,VisBuf,Synthetic,False,1,visibility,0.03404
06_synth_locality_diversity_phase_dense,317,VisBuf,Synthetic,False,2,visutil_histogram,0.0271
06_synth_locality_diversity_phase_dense,317,VisBuf,Synthetic,False,3,visutil_prefix,0.0021
06_synth_locality_diversity_phase_dense,317,VisBuf,Synthetic,False,4,visutil_flatten,0.03395
06_synth_locality_diversity_phase_dense,317,VisBuf,Synthetic,False,5,gbuffer,0.1373
06_synth_locality_diversity_phase_dense,317,VisBuf,Synthetic,False,6,lighting,0.08841
06_synth_locality_diversity_phase_dense,317,VisBuf,Synthetic,False,7,tonemap,0.03455
06_synth_locality_diversity_phase_dense,318,DeferredPrepass,Synthetic,False,0,total,0.2528
06_synth_locality_diversity_phase_dense,318,DeferredPrepass,Synthetic,False,1,depth_prepass,0.02569
06_synth_locality_diversity_phase_dense,318,DeferredPrepass,Synthetic,False,2,geometry,0.10009
06_synth_locality_diversity_phase_dense,318,DeferredPrepass,Synthetic,False,3,lighting,0.08556
06_synth_locality_diversity_phase_dense,318,DeferredPrepass,Synthetic,False,4,tonemap,0.02862
06_synth_locality_diversity_phase_dense,319,VisBuf,Synthetic,False,0,total,0.38036
06_synth_locality_diversity_phase_dense,319,VisBuf,Synthetic,False,1,visibility,0.03391
06_synth_locality_diversity_phase_dense,319,VisBuf,Synthetic,False,2,visutil_histogram,0.02644
06_synth_locality_diversity_phase_dense,319,VisBuf,Synthetic,False,3,visutil_prefix,0.00206
06_synth_locality_diversity_phase_dense,319,VisBuf,Synthetic,False,4,visutil_flatten,0.03397
06_synth_locality_diversity_phase_dense,319,VisBuf,Synthetic,False,5,gbuffer,0.13411
06_synth_locality_diversity_phase_dense,319,VisBuf,Synthetic,False,6,lighting,0.0879
06_synth_locality_diversity_phase_dense,319,VisBuf,Synthetic,False,7,tonemap,0.02958
06_synth_locality_diversity_phase_dense,320,DeferredPrepass,Synthetic,False,0,total,0.25189
06_synth_locality_diversity_phase_dense,320,DeferredPrepass,Synthetic,False,1,depth_prepass,0.0252
06_synth_locality_diversity_phase_dense,320,DeferredPrepass,Synthetic,False,2,geometry,0.09988
06_synth_locality_diversity_phase_dense,320,DeferredPrepass,Synthetic,False,3,lighting,0.0855
06_synth_locality_diversity_phase_dense,320,DeferredPrepass,Synthetic,False,4,tonemap,0.02854
06_synth_locality_diversity_phase_dense,321,VisBuf,Synthetic,False,0,total,0.38026
06_synth_locality_diversity_phase_dense,321,VisBuf,Synthetic,False,1,visibility,0.03397
06_synth_locality_diversity_phase_dense,321,VisBuf,Synthetic,False,2,visutil_histogram,0.02689
06_synth_locality_diversity_phase_dense,321,VisBuf,Synthetic,False,3,visutil_prefix,0.00207
06_synth_locality_diversity_phase_dense,321,VisBuf,Synthetic,False,4,visutil_flatten,0.03425
06_synth_locality_diversity_phase_dense,321,VisBuf,Synthetic,False,5,gbuffer,0.1335
06_synth_locality_diversity_phase_dense,321,VisBuf,Synthetic,False,6,lighting,0.08794
06_synth_locality_diversity_phase_dense,321,VisBuf,Synthetic,False,7,tonemap,0.02978
06_synth_locality_diversity_phase_dense,322,DeferredPrepass,Synthetic,False,0,total,0.25249
06_synth_locality_diversity_phase_dense,322,DeferredPrepass,Synthetic,False,1,depth_prepass,0.02552
06_synth_locality_diversity_phase_dense,322,DeferredPrepass,Synthetic,False,2,geometry,0.09991
06_synth_locality_diversity_phase_dense,322,DeferredPrepass,Synthetic,False,3,lighting,0.08558
06_synth_locality_diversity_phase_dense,322,DeferredPrepass,Synthetic,False,4,tonemap,0.02864
06_synth_locality_diversity_phase_dense,323,VisBuf,Synthetic,False,0,total,0.39407
06_synth_locality_diversity_phase_dense,323,VisBuf,Synthetic,False,1,visibility,0.03427
06_synth_locality_diversity_phase_dense,323,VisBuf,Synthetic,False,2,visutil_histogram,0.02784
06_synth_locality_diversity_phase_dense,323,VisBuf,Synthetic,False,3,visutil_prefix,0.00212
06_synth_locality_diversity_phase_dense,323,VisBuf,Synthetic,False,4,visutil_flatten,0.03426
06_synth_locality_diversity_phase_dense,323,VisBuf,Synthetic,False,5,gbuffer,0.13821
06_synth_locality_diversity_phase_dense,323,VisBuf,Synthetic,False,6,lighting,0.08912
06_synth_locality_diversity_phase_dense,323,VisBuf,Synthetic,False,7,tonemap,0.03659
07_synth_material_class_matrix,0,DeferredPrepass,Synthetic,False,0,total,0.27349
07_synth_material_class_matrix,0,DeferredPrepass,Synthetic,False,1,depth_prepass,0.02129
07_synth_material_class_matrix,0,DeferredPrepass,Synthetic,False,2,geometry,0.1238
07_synth_material_class_matrix,0,DeferredPrepass,Synthetic,False,3,lighting,0.08574
07_synth_material_class_matrix,0,DeferredPrepass,Synthetic,False,4,tonemap,0.02969
07_synth_material_class_matrix,1,VisBuf,Synthetic,False,0,total,0.33264
07_synth_material_class_matrix,1,VisBuf,Synthetic,False,1,visibility,0.04041
07_synth_material_class_matrix,1,VisBuf,Synthetic,False,2,visutil_histogram,0.02289
07_synth_material_class_matrix,1,VisBuf,Synthetic,False,3,visutil_prefix,0.00217
07_synth_material_class_matrix,1,VisBuf,Synthetic,False,4,visutil_flatten,0.03075
07_synth_material_class_matrix,1,VisBuf,Synthetic,False,5,gbuffer,0.08279
07_synth_material_class_matrix,1,VisBuf,Synthetic,False,6,lighting,0.09124
07_synth_material_class_matrix,1,VisBuf,Synthetic,False,7,tonemap,0.02996
07_synth_material_class_matrix,2,DeferredPrepass,Synthetic,False,0,total,0.27439
07_synth_material_class_matrix,2,DeferredPrepass,Synthetic,False,1,depth_prepass,0.02184
07_synth_material_class_matrix,2,DeferredPrepass,Synthetic,False,2,geometry,0.12462
07_synth_material_class_matrix,2,DeferredPrepass,Synthetic,False,3,lighting,0.08566
07_synth_material_class_matrix,2,DeferredPrepass,Synthetic,False,4,tonemap,0.02885
07_synth_material_class_matrix,3,VisBuf,Synthetic,False,0,total,0.33311
07_synth_material_class_matrix,3,VisBuf,Synthetic,False,1,visibility,0.04059
07_synth_material_class_matrix,3,VisBuf,Synthetic,False,2,visutil_histogram,0.02287
07_synth_material_class_matrix,3,VisBuf,Synthetic,False,3,visutil_prefix,0.00217
07_synth_material_class_matrix,3,VisBuf,Synthetic,False,4,visutil_flatten,0.03076
07_synth_material_class_matrix,3,VisBuf,Synthetic,False,5,gbuffer,0.08304
07_synth_material_class_matrix,3,VisBuf,Synthetic,False,6,lighting,0.09113
07_synth_material_class_matrix,3,VisBuf,Synthetic,False,7,tonemap,0.03003
07_synth_material_class_matrix,4,DeferredPrepass,Synthetic,False,0,total,0.27308
07_synth_material_class_matrix,4,DeferredPrepass,Synthetic,False,1,depth_prepass,0.02162
07_synth_material_class_matrix,4,DeferredPrepass,Synthetic,False,2,geometry,0.12404
07_synth_material_class_matrix,4,DeferredPrepass,Synthetic,False,3,lighting,0.08564
07_synth_material_class_matrix,4,DeferredPrepass,Synthetic,False,4,tonemap,0.02868
07_synth_material_class_matrix,5,VisBuf,Synthetic,False,0,total,0.34336
07_synth_material_class_matrix,5,VisBuf,Synthetic,False,1,visibility,0.04046
07_synth_material_class_matrix,5,VisBuf,Synthetic,False,2,visutil_histogram,0.02423
07_synth_material_class_matrix,5,VisBuf,Synthetic,False,3,visutil_prefix,0.00217
07_synth_material_class_matrix,5,VisBuf,Synthetic,False,4,visutil_flatten,0.0329
07_synth_material_class_matrix,5,VisBuf,Synthetic,False,5,gbuffer,0.09043
07_synth_material_class_matrix,5,VisBuf,Synthetic,False,6,lighting,0.0903
07_synth_material_class_matrix,5,VisBuf,Synthetic,False,7,tonemap,0.02956
07_synth_material_class_matrix,6,DeferredPrepass,Synthetic,False,0,total,0.27345
07_synth_material_class_matrix,6,DeferredPrepass,Synthetic,False,1,depth_prepass,0.02155
07_synth_material_class_matrix,6,DeferredPrepass,Synthetic,False,2,geometry,0.12446
07_synth_material_class_matrix,6,DeferredPrepass,Synthetic,False,3,lighting,0.08561
07_synth_material_class_matrix,6,DeferredPrepass,Synthetic,False,4,tonemap,0.02876
07_synth_material_class_matrix,7,VisBuf,Synthetic,False,0,total,0.34363
07_synth_material_class_matrix,7,VisBuf,Synthetic,False,1,visibility,0.04062
07_synth_material_class_matrix,7,VisBuf,Synthetic,False,2,visutil_histogram,0.0243
07_synth_material_class_matrix,7,VisBuf,Synthetic,False,3,visutil_prefix,0.00217
07_synth_material_class_matrix,7,VisBuf,Synthetic,False,4,visutil_flatten,0.03292
07_synth_material_class_matrix,7,VisBuf,Synthetic,False,5,gbuffer,0.09056
07_synth_material_class_matrix,7,VisBuf,Synthetic,False,6,lighting,0.0903
07_synth_material_class_matrix,7,VisBuf,Synthetic,False,7,tonemap,0.02967
07_synth_material_class_matrix,8,DeferredPrepass,Synthetic,False,0,total,0.27382
07_synth_material_class_matrix,8,DeferredPrepass,Synthetic,False,1,depth_prepass,0.02183
07_synth_material_class_matrix,8,DeferredPrepass,Synthetic,False,2,geometry,0.12405
07_synth_material_class_matrix,8,DeferredPrepass,Synthetic,False,3,lighting,0.08568
07_synth_material_class_matrix,8,DeferredPrepass,Synthetic,False,4,tonemap,0.02906
07_synth_material_class_matrix,9,VisBuf,Synthetic,False,0,total,0.34613
07_synth_material_class_matrix,9,VisBuf,Synthetic,False,1,visibility,0.04047
07_synth_material_class_matrix,9,VisBuf,Synthetic,False,2,visutil_histogram,0.02444
07_synth_material_class_matrix,9,VisBuf,Synthetic,False,3,visutil_prefix,0.00217
07_synth_material_class_matrix,9,VisBuf,Synthetic,False,4,visutil_flatten,0.03331
07_synth_material_class_matrix,9,VisBuf,Synthetic,False,5,gbuffer,0.09345
07_synth_material_class_matrix,9,VisBuf,Synthetic,False,6,lighting,0.09009
07_synth_material_class_matrix,9,VisBuf,Synthetic,False,7,tonemap,0.02943
07_synth_material_class_matrix,10,DeferredPrepass,Synthetic,False,0,total,0.27384
07_synth_material_class_matrix,10,DeferredPrepass,Synthetic,False,1,depth_prepass,0.02175
07_synth_material_class_matrix,10,DeferredPrepass,Synthetic,False,2,geometry,0.12452
07_synth_material_class_matrix,10,DeferredPrepass,Synthetic,False,3,lighting,0.0856
07_synth_material_class_matrix,10,DeferredPrepass,Synthetic,False,4,tonemap,0.02882
07_synth_material_class_matrix,11,VisBuf,Synthetic,False,0,total,0.3462
07_synth_material_class_matrix,11,VisBuf,Synthetic,False,1,visibility,0.04067
07_synth_material_class_matrix,11,VisBuf,Synthetic,False,2,visutil_histogram,0.02454
07_synth_material_class_matrix,11,VisBuf,Synthetic,False,3,visutil_prefix,0.00217
07_synth_material_class_matrix,11,VisBuf,Synthetic,False,4,visutil_flatten,0.03332
07_synth_material_class_matrix,11,VisBuf,Synthetic,False,5,gbuffer,0.09345
07_synth_material_class_matrix,11,VisBuf,Synthetic,False,6,lighting,0.0901
07_synth_material_class_matrix,11,VisBuf,Synthetic,False,7,tonemap,0.02951
07_synth_material_class_matrix,12,DeferredPrepass,Synthetic,False,0,total,0.27363
07_synth_material_class_matrix,12,DeferredPrepass,Synthetic,False,1,depth_prepass,0.02185
07_synth_material_class_matrix,12,DeferredPrepass,Synthetic,False,2,geometry,0.12403
07_synth_material_class_matrix,12,DeferredPrepass,Synthetic,False,3,lighting,0.08568
07_synth_material_class_matrix,12,DeferredPrepass,Synthetic,False,4,tonemap,0.02896
07_synth_material_class_matrix,13,VisBuf,Synthetic,False,0,total,0.34721
07_synth_material_class_matrix,13,VisBuf,Synthetic,False,1,visibility,0.0405
07_synth_material_class_matrix,13,VisBuf,Synthetic,False,2,visutil_histogram,0.02449
07_synth_material_class_matrix,13,VisBuf,Synthetic,False,3,visutil_prefix,0.00216
07_synth_material_class_matrix,13,VisBuf,Synthetic,False,4,visutil_flatten,0.0334
07_synth_material_class_matrix,13,VisBuf,Synthetic,False,5,gbuffer,0.09427
07_synth_material_class_matrix,13,VisBuf,Synthetic,False,6,lighting,0.09
07_synth_material_class_matrix,13,VisBuf,Synthetic,False,7,tonemap,0.02957
07_synth_material_class_matrix,14,DeferredPrepass,Synthetic,False,0,total,0.27371
07_synth_material_class_matrix,14,DeferredPrepass,Synthetic,False,1,depth_prepass,0.02172
07_synth_material_class_matrix,14,DeferredPrepass,Synthetic,False,2,geometry,0.12449
07_synth_material_class_matrix,14,DeferredPrepass,Synthetic,False,3,lighting,0.08558
07_synth_material_class_matrix,14,DeferredPrepass,Synthetic,False,4,tonemap,0.02886
07_synth_material_class_matrix,15,VisBuf,Synthetic,False,0,total,0.34701
07_synth_material_class_matrix,15,VisBuf,Synthetic,False,1,visibility,0.04068
07_synth_material_class_matrix,15,VisBuf,Synthetic,False,2,visutil_histogram,0.02451
07_synth_material_class_matrix,15,VisBuf,Synthetic,False,3,visutil_prefix,0.00216
07_synth_material_class_matrix,15,VisBuf,Synthetic,False,4,visutil_flatten,0.03342
07_synth_material_class_matrix,15,VisBuf,Synthetic,False,5,gbuffer,0.09418
07_synth_material_class_matrix,15,VisBuf,Synthetic,False,6,lighting,0.09001
07_synth_material_class_matrix,15,VisBuf,Synthetic,False,7,tonemap,0.02951
07_synth_material_class_matrix,16,DeferredPrepass,Synthetic,False,0,total,0.27366
07_synth_material_class_matrix,16,DeferredPrepass,Synthetic,False,1,depth_prepass,0.02184
07_synth_material_class_matrix,16,DeferredPrepass,Synthetic,False,2,geometry,0.12405
07_synth_material_class_matrix,16,DeferredPrepass,Synthetic,False,3,lighting,0.0856
07_synth_material_class_matrix,16,DeferredPrepass,Synthetic,False,4,tonemap,0.02905
07_synth_material_class_matrix,17,VisBuf,Synthetic,False,0,total,0.35026
07_synth_material_class_matrix,17,VisBuf,Synthetic,False,1,visibility,0.04053
07_synth_material_class_matrix,17,VisBuf,Synthetic,False,2,visutil_histogram,0.02443
07_synth_material_class_matrix,17,VisBuf,Synthetic,False,3,visutil_prefix,0.00216
07_synth_material_class_matrix,17,VisBuf,Synthetic,False,4,visutil_flatten,0.03349
07_synth_material_class_matrix,17,VisBuf,Synthetic,False,5,gbuffer,0.09762
07_synth_material_class_matrix,17,VisBuf,Synthetic,False,6,lighting,0.08991
07_synth_material_class_matrix,17,VisBuf,Synthetic,False,7,tonemap,0.02947
07_synth_material_class_matrix,18,DeferredPrepass,Synthetic,False,0,total,0.27379
07_synth_material_class_matrix,18,DeferredPrepass,Synthetic,False,1,depth_prepass,0.02182
07_synth_material_class_matrix,18,DeferredPrepass,Synthetic,False,2,geometry,0.1245
07_synth_material_class_matrix,18,DeferredPrepass,Synthetic,False,3,lighting,0.08557
07_synth_material_class_matrix,18,DeferredPrepass,Synthetic,False,4,tonemap,0.02886
07_synth_material_class_matrix,19,VisBuf,Synthetic,False,0,total,0.35031
07_synth_material_class_matrix,19,VisBuf,Synthetic,False,1,visibility,0.04067
07_synth_material_class_matrix,19,VisBuf,Synthetic,False,2,visutil_histogram,0.02444
07_synth_material_class_matrix,19,VisBuf,Synthetic,False,3,visutil_prefix,0.00216
07_synth_material_class_matrix,19,VisBuf,Synthetic,False,4,visutil_flatten,0.03347
07_synth_material_class_matrix,19,VisBuf,Synthetic,False,5,gbuffer,0.09753
07_synth_material_class_matrix,19,VisBuf,Synthetic,False,6,lighting,0.08992
07_synth_material_class_matrix,19,VisBuf,Synthetic,False,7,tonemap,0.02951
07_synth_material_class_matrix,20,DeferredPrepass,Synthetic,False,0,total,0.277
07_synth_material_class_matrix,20,DeferredPrepass,Synthetic,False,1,depth_prepass,0.0216
07_synth_material_class_matrix,20,DeferredPrepass,Synthetic,False,2,geometry,0.12646
07_synth_material_class_matrix,20,DeferredPrepass,Synthetic,False,3,lighting,0.08579
07_synth_material_class_matrix,20,DeferredPrepass,Synthetic,False,4,tonemap,0.03009
07_synth_material_class_matrix,21,VisBuf,Synthetic,False,0,total,0.3363
07_synth_material_class_matrix,21,VisBuf,Synthetic,False,1,visibility,0.04111
07_synth_material_class_matrix,21,VisBuf,Synthetic,False,2,visutil_histogram,0.02314
07_synth_material_class_matrix,21,VisBuf,Synthetic,False,3,visutil_prefix,0.00218
07_synth_material_class_matrix,21,VisBuf,Synthetic,False,4,visutil_flatten,0.03122
07_synth_material_class_matrix,21,VisBuf,Synthetic,False,5,gbuffer,0.08418
07_synth_material_class_matrix,21,VisBuf,Synthetic,False,6,lighting,0.09123
07_synth_material_class_matrix,21,VisBuf,Synthetic,False,7,tonemap,0.03012
07_synth_material_class_matrix,22,DeferredPrepass,Synthetic,False,0,total,0.27737
07_synth_material_class_matrix,22,DeferredPrepass,Synthetic,False,1,depth_prepass,0.02161
07_synth_material_class_matrix,22,DeferredPrepass,Synthetic,False,2,geometry,0.12719
07_synth_material_class_matrix,22,DeferredPrepass,Synthetic,False,3,lighting,0.08575
07_synth_material_class_matrix,22,DeferredPrepass,Synthetic,False,4,tonemap,0.0297
07_synth_material_class_matrix,23,VisBuf,Synthetic,False,0,total,0.33669
07_synth_material_class_matrix,23,VisBuf,Synthetic,False,1,visibility,0.04134
07_synth_material_class_matrix,23,VisBuf,Synthetic,False,2,visutil_histogram,0.02311
07_synth_material_class_matrix,23,VisBuf,Synthetic,False,3,visutil_prefix,0.00218
07_synth_material_class_matrix,23,VisBuf,Synthetic,False,4,visutil_flatten,0.03118
07_synth_material_class_matrix,23,VisBuf,Synthetic,False,5,gbuffer,0.08431
07_synth_material_class_matrix,23,VisBuf,Synthetic,False,6,lighting,0.09123
07_synth_material_class_matrix,23,VisBuf,Synthetic,False,7,tonemap,0.03009
07_synth_material_class_matrix,24,DeferredPrepass,Synthetic,False,0,total,0.27588
07_synth_material_class_matrix,24,DeferredPrepass,Synthetic,False,1,depth_prepass,0.02122
07_synth_material_class_matrix,24,DeferredPrepass,Synthetic,False,2,geometry,0.1263
07_synth_material_class_matrix,24,DeferredPrepass,Synthetic,False,3,lighting,0.08574
07_synth_material_class_matrix,24,DeferredPrepass,Synthetic,False,4,tonemap,0.02947
07_synth_material_class_matrix,25,VisBuf,Synthetic,False,0,total,0.34558
07_synth_material_class_matrix,25,VisBuf,Synthetic,False,1,visibility,0.04109
07_synth_material_class_matrix,25,VisBuf,Synthetic,False,2,visutil_histogram,0.02445
07_synth_material_class_matrix,25,VisBuf,Synthetic,False,3,visutil_prefix,0.00218
07_synth_material_class_matrix,25,VisBuf,Synthetic,False,4,visutil_flatten,0.03311
07_synth_material_class_matrix,25,VisBuf,Synthetic,False,5,gbuffer,0.09211
07_synth_material_class_matrix,25,VisBuf,Synthetic,False,6,lighting,0.09036
07_synth_material_class_matrix,25,VisBuf,Synthetic,False,7,tonemap,0.02972
07_synth_material_class_matrix,26,DeferredPrepass,Synthetic,False,0,total,0.27667
07_synth_material_class_matrix,26,DeferredPrepass,Synthetic,False,1,depth_prepass,0.0212
07_synth_material_class_matrix,26,DeferredPrepass,Synthetic,False,2,geometry,0.12706
07_synth_material_class_matrix,26,DeferredPrepass,Synthetic,False,3,lighting,0.08574
07_synth_material_class_matrix,26,DeferredPrepass,Synthetic,False,4,tonemap,0.02946
07_synth_material_class_matrix,27,VisBuf,Synthetic,False,0,total,0.34599
07_synth_material_class_matrix,27,VisBuf,Synthetic,False,1,visibility,0.04138
07_synth_material_class_matrix,27,VisBuf,Synthetic,False,2,visutil_histogram,0.02452
07_synth_material_class_matrix,27,VisBuf,Synthetic,False,3,visutil_prefix,0.00218
07_synth_material_class_matrix,27,VisBuf,Synthetic,False,4,visutil_flatten,0.0332
07_synth_material_class_matrix,27,VisBuf,Synthetic,False,5,gbuffer,0.09213
07_synth_material_class_matrix,27,VisBuf,Synthetic,False,6,lighting,0.09033
07_synth_material_class_matrix,27,VisBuf,Synthetic,False,7,tonemap,0.02972
07_synth_material_class_matrix,28,DeferredPrepass,Synthetic,False,0,total,0.27596
07_synth_material_class_matrix,28,DeferredPrepass,Synthetic,False,1,depth_prepass,0.0213
07_synth_material_class_matrix,28,DeferredPrepass,Synthetic,False,2,geometry,0.12627
07_synth_material_class_matrix,28,DeferredPrepass,Synthetic,False,3,lighting,0.08567
07_synth_material_class_matrix,28,DeferredPrepass,Synthetic,False,4,tonemap,0.02958
07_synth_material_class_matrix,29,VisBuf,Synthetic,False,0,total,0.34793
07_synth_material_class_matrix,29,VisBuf,Synthetic,False,1,visibility,0.04109
07_synth_material_class_matrix,29,VisBuf,Synthetic,False,2,visutil_histogram,0.02469
07_synth_material_class_matrix,29,VisBuf,Synthetic,False,3,visutil_prefix,0.00218
07_synth_material_class_matrix,29,VisBuf,Synthetic,False,4,visutil_flatten,0.03358
07_synth_material_class_matrix,29,VisBuf,Synthetic,False,5,gbuffer,0.09468
07_synth_material_class_matrix,29,VisBuf,Synthetic,False,6,lighting,0.09015
07_synth_material_class_matrix,29,VisBuf,Synthetic,False,7,tonemap,0.02965
07_synth_material_class_matrix,30,DeferredPrepass,Synthetic,False,0,total,0.27715
07_synth_material_class_matrix,30,DeferredPrepass,Synthetic,False,1,depth_prepass,0.02125
07_synth_material_class_matrix,30,DeferredPrepass,Synthetic,False,2,geometry,0.12711
07_synth_material_class_matrix,30,DeferredPrepass,Synthetic,False,3,lighting,0.08577
07_synth_material_class_matrix,30,DeferredPrepass,Synthetic,False,4,tonemap,0.02984
07_synth_material_class_matrix,31,VisBuf,Synthetic,False,0,total,0.34894
07_synth_material_class_matrix,31,VisBuf,Synthetic,False,1,visibility,0.04134
07_synth_material_class_matrix,31,VisBuf,Synthetic,False,2,visutil_histogram,0.02468
07_synth_material_class_matrix,31,VisBuf,Synthetic,False,3,visutil_prefix,0.00218
07_synth_material_class_matrix,31,VisBuf,Synthetic,False,4,visutil_flatten,0.03358
07_synth_material_class_matrix,31,VisBuf,Synthetic,False,5,gbuffer,0.09527
07_synth_material_class_matrix,31,VisBuf,Synthetic,False,6,lighting,0.09011
07_synth_material_class_matrix,31,VisBuf,Synthetic,False,7,tonemap,0.02955
07_synth_material_class_matrix,32,DeferredPrepass,Synthetic,False,0,total,0.27609
07_synth_material_class_matrix,32,DeferredPrepass,Synthetic,False,1,depth_prepass,0.02148
07_synth_material_class_matrix,32,DeferredPrepass,Synthetic,False,2,geometry,0.12627
07_synth_material_class_matrix,32,DeferredPrepass,Synthetic,False,3,lighting,0.0857
07_synth_material_class_matrix,32,DeferredPrepass,Synthetic,False,4,tonemap,0.02942
07_synth_material_class_matrix,33,VisBuf,Synthetic,False,0,total,0.34879
07_synth_material_class_matrix,33,VisBuf,Synthetic,False,1,visibility,0.04106
07_synth_material_class_matrix,33,VisBuf,Synthetic,False,2,visutil_histogram,0.02467
07_synth_material_class_matrix,33,VisBuf,Synthetic,False,3,visutil_prefix,0.00217
07_synth_material_class_matrix,33,VisBuf,Synthetic,False,4,visutil_flatten,0.03369
07_synth_material_class_matrix,33,VisBuf,Synthetic,False,5,gbuffer,0.09559
07_synth_material_class_matrix,33,VisBuf,Synthetic,False,6,lighting,0.09012
07_synth_material_class_matrix,33,VisBuf,Synthetic,False,7,tonemap,0.02971
07_synth_material_class_matrix,34,DeferredPrepass,Synthetic,False,0,total,0.27719
07_synth_material_class_matrix,34,DeferredPrepass,Synthetic,False,1,depth_prepass,0.0214
07_synth_material_class_matrix,34,DeferredPrepass,Synthetic,False,2,geometry,0.12707
07_synth_material_class_matrix,34,DeferredPrepass,Synthetic,False,3,lighting,0.08569
07_synth_material_class_matrix,34,DeferredPrepass,Synthetic,False,4,tonemap,0.02976
07_synth_material_class_matrix,35,VisBuf,Synthetic,False,0,total,0.34942
07_synth_material_class_matrix,35,VisBuf,Synthetic,False,1,visibility,0.04137
07_synth_material_class_matrix,35,VisBuf,Synthetic,False,2,visutil_histogram,0.02454
07_synth_material_class_matrix,35,VisBuf,Synthetic,False,3,visutil_prefix,0.00217
07_synth_material_class_matrix,35,VisBuf,Synthetic,False,4,visutil_flatten,0.03365
07_synth_material_class_matrix,35,VisBuf,Synthetic,False,5,gbuffer,0.09563
07_synth_material_class_matrix,35,VisBuf,Synthetic,False,6,lighting,0.0904
07_synth_material_class_matrix,35,VisBuf,Synthetic,False,7,tonemap,0.02971
07_synth_material_class_matrix,36,DeferredPrepass,Synthetic,False,0,total,0.27631
07_synth_material_class_matrix,36,DeferredPrepass,Synthetic,False,1,depth_prepass,0.0215
07_synth_material_class_matrix,36,DeferredPrepass,Synthetic,False,2,geometry,0.1263
07_synth_material_class_matrix,36,DeferredPrepass,Synthetic,False,3,lighting,0.08574
07_synth_material_class_matrix,36,DeferredPrepass,Synthetic,False,4,tonemap,0.02971
07_synth_material_class_matrix,37,VisBuf,Synthetic,False,0,total,0.35133
07_synth_material_class_matrix,37,VisBuf,Synthetic,False,1,visibility,0.04103
07_synth_material_class_matrix,37,VisBuf,Synthetic,False,2,visutil_histogram,0.02457
07_synth_material_class_matrix,37,VisBuf,Synthetic,False,3,visutil_prefix,0.00217
07_synth_material_class_matrix,37,VisBuf,Synthetic,False,4,visutil_flatten,0.03376
07_synth_material_class_matrix,37,VisBuf,Synthetic,False,5,gbuffer,0.09852
07_synth_material_class_matrix,37,VisBuf,Synthetic,False,6,lighting,0.08992
07_synth_material_class_matrix,37,VisBuf,Synthetic,False,7,tonemap,0.02964
07_synth_material_class_matrix,38,DeferredPrepass,Synthetic,False,0,total,0.27712
07_synth_material_class_matrix,38,DeferredPrepass,Synthetic,False,1,depth_prepass,0.02136
07_synth_material_class_matrix,38,DeferredPrepass,Synthetic,False,2,geometry,0.12709
07_synth_material_class_matrix,38,DeferredPrepass,Synthetic,False,3,lighting,0.08565
07_synth_material_class_matrix,38,DeferredPrepass,Synthetic,False,4,tonemap,0.02967
07_synth_material_class_matrix,39,VisBuf,Synthetic,False,0,total,0.35188
07_synth_material_class_matrix,39,VisBuf,Synthetic,False,1,visibility,0.04136
07_synth_material_class_matrix,39,VisBuf,Synthetic,False,2,visutil_histogram,0.02454
07_synth_material_class_matrix,39,VisBuf,Synthetic,False,3,visutil_prefix,0.00217
07_synth_material_class_matrix,39,VisBuf,Synthetic,False,4,visutil_flatten,0.03375
07_synth_material_class_matrix,39,VisBuf,Synthetic,False,5,gbuffer,0.09852
07_synth_material_class_matrix,39,VisBuf,Synthetic,False,6,lighting,0.08995
07_synth_material_class_matrix,39,VisBuf,Synthetic,False,7,tonemap,0.02963
07_synth_material_class_matrix,40,DeferredPrepass,Synthetic,False,0,total,0.27585
07_synth_material_class_matrix,40,DeferredPrepass,Synthetic,False,1,depth_prepass,0.02144
07_synth_material_class_matrix,40,DeferredPrepass,Synthetic,False,2,geometry,0.12623
07_synth_material_class_matrix,40,DeferredPrepass,Synthetic,False,3,lighting,0.08557
07_synth_material_class_matrix,40,DeferredPrepass,Synthetic,False,4,tonemap,0.02955
07_synth_material_class_matrix,41,VisBuf,Synthetic,False,0,total,0.35688
07_synth_material_class_matrix,41,VisBuf,Synthetic,False,1,visibility,0.04107
07_synth_material_class_matrix,41,VisBuf,Synthetic,False,2,visutil_histogram,0.02456
07_synth_material_class_matrix,41,VisBuf,Synthetic,False,3,visutil_prefix,0.00217
07_synth_material_class_matrix,41,VisBuf,Synthetic,False,4,visutil_flatten,0.03379
07_synth_material_class_matrix,41,VisBuf,Synthetic,False,5,gbuffer,0.1044
07_synth_material_class_matrix,41,VisBuf,Synthetic,False,6,lighting,0.08956
07_synth_material_class_matrix,41,VisBuf,Synthetic,False,7,tonemap,0.02958
07_synth_material_class_matrix,42,DeferredPrepass,Synthetic,False,0,total,0.27655
07_synth_material_class_matrix,42,DeferredPrepass,Synthetic,False,1,depth_prepass,0.02139
07_synth_material_class_matrix,42,DeferredPrepass,Synthetic,False,2,geometry,0.12702
07_synth_material_class_matrix,42,DeferredPrepass,Synthetic,False,3,lighting,0.08558
07_synth_material_class_matrix,42,DeferredPrepass,Synthetic,False,4,tonemap,0.02944
07_synth_material_class_matrix,43,VisBuf,Synthetic,False,0,total,0.35738
07_synth_material_class_matrix,43,VisBuf,Synthetic,False,1,visibility,0.04138
07_synth_material_class_matrix,43,VisBuf,Synthetic,False,2,visutil_histogram,0.02454
07_synth_material_class_matrix,43,VisBuf,Synthetic,False,3,visutil_prefix,0.00217
07_synth_material_class_matrix,43,VisBuf,Synthetic,False,4,visutil_flatten,0.0338
07_synth_material_class_matrix,43,VisBuf,Synthetic,False,5,gbuffer,0.10455
07_synth_material_class_matrix,43,VisBuf,Synthetic,False,6,lighting,0.08957
07_synth_material_class_matrix,43,VisBuf,Synthetic,False,7,tonemap,0.02954
07_synth_material_class_matrix,44,DeferredPrepass,Synthetic,False,0,total,0.27614
07_synth_material_class_matrix,44,DeferredPrepass,Synthetic,False,1,depth_prepass,0.02156
07_synth_material_class_matrix,44,DeferredPrepass,Synthetic,False,2,geometry,0.12626
07_synth_material_class_matrix,44,DeferredPrepass,Synthetic,False,3,lighting,0.08568
07_synth_material_class_matrix,44,DeferredPrepass,Synthetic,False,4,tonemap,0.02954
07_synth_material_class_matrix,45,VisBuf,Synthetic,False,0,total,0.36144
07_synth_material_class_matrix,45,VisBuf,Synthetic,False,1,visibility,0.04111
07_synth_material_class_matrix,45,VisBuf,Synthetic,False,2,visutil_histogram,0.02457
07_synth_material_class_matrix,45,VisBuf,Synthetic,False,3,visutil_prefix,0.00211
07_synth_material_class_matrix,45,VisBuf,Synthetic,False,4,visutil_flatten,0.03382
07_synth_material_class_matrix,45,VisBuf,Synthetic,False,5,gbuffer,0.10895
07_synth_material_class_matrix,45,VisBuf,Synthetic,False,6,lighting,0.08941
07_synth_material_class_matrix,45,VisBuf,Synthetic,False,7,tonemap,0.02954
07_synth_material_class_matrix,46,DeferredPrepass,Synthetic,False,0,total,0.27733
07_synth_material_class_matrix,46,DeferredPrepass,Synthetic,False,1,depth_prepass,0.02145
07_synth_material_class_matrix,46,DeferredPrepass,Synthetic,False,2,geometry,0.12694
07_synth_material_class_matrix,46,DeferredPrepass,Synthetic,False,3,lighting,0.0861
07_synth_material_class_matrix,46,DeferredPrepass,Synthetic,False,4,tonemap,0.02973
07_synth_material_class_matrix,47,VisBuf,Synthetic,False,0,total,0.36192
07_synth_material_class_matrix,47,VisBuf,Synthetic,False,1,visibility,0.04137
07_synth_material_class_matrix,47,VisBuf,Synthetic,False,2,visutil_histogram,0.02457
07_synth_material_class_matrix,47,VisBuf,Synthetic,False,3,visutil_prefix,0.00211
07_synth_material_class_matrix,47,VisBuf,Synthetic,False,4,visutil_flatten,0.03383
07_synth_material_class_matrix,47,VisBuf,Synthetic,False,5,gbuffer,0.10896
07_synth_material_class_matrix,47,VisBuf,Synthetic,False,6,lighting,0.0894
07_synth_material_class_matrix,47,VisBuf,Synthetic,False,7,tonemap,0.02955
07_synth_material_class_matrix,48,DeferredPrepass,Synthetic,False,0,total,0.27792
07_synth_material_class_matrix,48,DeferredPrepass,Synthetic,False,1,depth_prepass,0.02128
07_synth_material_class_matrix,48,DeferredPrepass,Synthetic,False,2,geometry,0.12807
07_synth_material_class_matrix,48,DeferredPrepass,Synthetic,False,3,lighting,0.08554
07_synth_material_class_matrix,48,DeferredPrepass,Synthetic,False,4,tonemap,0.02989
07_synth_material_class_matrix,49,VisBuf,Synthetic,False,0,total,0.33766
07_synth_material_class_matrix,49,VisBuf,Synthetic,False,1,visibility,0.04148
07_synth_material_class_matrix,49,VisBuf,Synthetic,False,2,visutil_histogram,0.02355
07_synth_material_class_matrix,49,VisBuf,Synthetic,False,3,visutil_prefix,0.00217
07_synth_material_class_matrix,49,VisBuf,Synthetic,False,4,visutil_flatten,0.03178
07_synth_material_class_matrix,49,VisBuf,Synthetic,False,5,gbuffer,0.08543
07_synth_material_class_matrix,49,VisBuf,Synthetic,False,6,lighting,0.09119
07_synth_material_class_matrix,49,VisBuf,Synthetic,False,7,tonemap,0.02981
07_synth_material_class_matrix,50,DeferredPrepass,Synthetic,False,0,total,0.27798
07_synth_material_class_matrix,50,DeferredPrepass,Synthetic,False,1,depth_prepass,0.02143
07_synth_material_class_matrix,50,DeferredPrepass,Synthetic,False,2,geometry,0.12819
07_synth_material_class_matrix,50,DeferredPrepass,Synthetic,False,3,lighting,0.08551
07_synth_material_class_matrix,50,DeferredPrepass,Synthetic,False,4,tonemap,0.02982
07_synth_material_class_matrix,51,VisBuf,Synthetic,False,0,total,0.33808
07_synth_material_class_matrix,51,VisBuf,Synthetic,False,1,visibility,0.04159
07_synth_material_class_matrix,51,VisBuf,Synthetic,False,2,visutil_histogram,0.02354
07_synth_material_class_matrix,51,VisBuf,Synthetic,False,3,visutil_prefix,0.00217
07_synth_material_class_matrix,51,VisBuf,Synthetic,False,4,visutil_flatten,0.03179
07_synth_material_class_matrix,51,VisBuf,Synthetic,False,5,gbuffer,0.08557
07_synth_material_class_matrix,51,VisBuf,Synthetic,False,6,lighting,0.09125
07_synth_material_class_matrix,51,VisBuf,Synthetic,False,7,tonemap,0.0298
07_synth_material_class_matrix,52,DeferredPrepass,Synthetic,False,0,total,0.27844
07_synth_material_class_matrix,52,DeferredPrepass,Synthetic,False,1,depth_prepass,0.02124
07_synth_material_class_matrix,52,DeferredPrepass,Synthetic,False,2,geometry,0.12873
07_synth_material_class_matrix,52,DeferredPrepass,Synthetic,False,3,lighting,0.0855
07_synth_material_class_matrix,52,DeferredPrepass,Synthetic,False,4,tonemap,0.02984
07_synth_material_class_matrix,53,VisBuf,Synthetic,False,0,total,0.34747
07_synth_material_class_matrix,53,VisBuf,Synthetic,False,1,visibility,0.04147
07_synth_material_class_matrix,53,VisBuf,Synthetic,False,2,visutil_histogram,0.02482
07_synth_material_class_matrix,53,VisBuf,Synthetic,False,3,visutil_prefix,0.00216
07_synth_material_class_matrix,53,VisBuf,Synthetic,False,4,visutil_flatten,0.0337
07_synth_material_class_matrix,53,VisBuf,Synthetic,False,5,gbuffer,0.093
07_synth_material_class_matrix,53,VisBuf,Synthetic,False,6,lighting,0.0902
07_synth_material_class_matrix,53,VisBuf,Synthetic,False,7,tonemap,0.02958
07_synth_material_class_matrix,54,DeferredPrepass,Synthetic,False,0,total,0.27998
07_synth_material_class_matrix,54,DeferredPrepass,Synthetic,False,1,depth_prepass,0.0214
07_synth_material_class_matrix,54,DeferredPrepass,Synthetic,False,2,geometry,0.12939
07_synth_material_class_matrix,54,DeferredPrepass,Synthetic,False,3,lighting,0.08599
07_synth_material_class_matrix,54,DeferredPrepass,Synthetic,False,4,tonemap,0.02982
07_synth_material_class_matrix,55,VisBuf,Synthetic,False,0,total,0.34801
07_synth_material_class_matrix,55,VisBuf,Synthetic,False,1,visibility,0.04161
07_synth_material_class_matrix,55,VisBuf,Synthetic,False,2,visutil_histogram,0.02482
07_synth_material_class_matrix,55,VisBuf,Synthetic,False,3,visutil_prefix,0.00216
07_synth_material_class_matrix,55,VisBuf,Synthetic,False,4,visutil_flatten,0.03374
07_synth_material_class_matrix,55,VisBuf,Synthetic,False,5,gbuffer,0.09301
07_synth_material_class_matrix,55,VisBuf,Synthetic,False,6,lighting,0.09029
07_synth_material_class_matrix,55,VisBuf,Synthetic,False,7,tonemap,0.02969
07_synth_material_class_matrix,56,DeferredPrepass,Synthetic,False,0,total,0.27721
07_synth_material_class_matrix,56,DeferredPrepass,Synthetic,False,1,depth_prepass,0.02122
07_synth_material_class_matrix,56,DeferredPrepass,Synthetic,False,2,geometry,0.12794
07_synth_material_class_matrix,56,DeferredPrepass,Synthetic,False,3,lighting,0.08537
07_synth_material_class_matrix,56,DeferredPrepass,Synthetic,False,4,tonemap,0.02959
07_synth_material_class_matrix,57,VisBuf,Synthetic,False,0,total,0.35053
07_synth_material_class_matrix,57,VisBuf,Synthetic,False,1,visibility,0.0415
07_synth_material_class_matrix,57,VisBuf,Synthetic,False,2,visutil_histogram,0.02495
07_synth_material_class_matrix,57,VisBuf,Synthetic,False,3,visutil_prefix,0.00216
07_synth_material_class_matrix,57,VisBuf,Synthetic,False,4,visutil_flatten,0.0341
07_synth_material_class_matrix,57,VisBuf,Synthetic,False,5,gbuffer,0.09607
07_synth_material_class_matrix,57,VisBuf,Synthetic,False,6,lighting,0.09
07_synth_material_class_matrix,57,VisBuf,Synthetic,False,7,tonemap,0.02952
07_synth_material_class_matrix,58,DeferredPrepass,Synthetic,False,0,total,0.27753
07_synth_material_class_matrix,58,DeferredPrepass,Synthetic,False,1,depth_prepass,0.02136
07_synth_material_class_matrix,58,DeferredPrepass,Synthetic,False,2,geometry,0.12808
07_synth_material_class_matrix,58,DeferredPrepass,Synthetic,False,3,lighting,0.08547
07_synth_material_class_matrix,58,DeferredPrepass,Synthetic,False,4,tonemap,0.02958
07_synth_material_class_matrix,59,VisBuf,Synthetic,False,0,total,0.35064
07_synth_material_class_matrix,59,VisBuf,Synthetic,False,1,visibility,0.04158
07_synth_material_class_matrix,59,VisBuf,Synthetic,False,2,visutil_histogram,0.02497
07_synth_material_class_matrix,59,VisBuf,Synthetic,False,3,visutil_prefix,0.00216
07_synth_material_class_matrix,59,VisBuf,Synthetic,False,4,visutil_flatten,0.0341
07_synth_material_class_matrix,59,VisBuf,Synthetic,False,5,gbuffer,0.09622
07_synth_material_class_matrix,59,VisBuf,Synthetic,False,6,lighting,0.0899
07_synth_material_class_matrix,59,VisBuf,Synthetic,False,7,tonemap,0.02953
07_synth_material_class_matrix,60,DeferredPrepass,Synthetic,False,0,total,0.27739
07_synth_material_class_matrix,60,DeferredPrepass,Synthetic,False,1,depth_prepass,0.02135
07_synth_material_class_matrix,60,DeferredPrepass,Synthetic,False,2,geometry,0.12756
07_synth_material_class_matrix,60,DeferredPrepass,Synthetic,False,3,lighting,0.08546
07_synth_material_class_matrix,60,DeferredPrepass,Synthetic,False,4,tonemap,0.02992
07_synth_material_class_matrix,61,VisBuf,Synthetic,False,0,total,0.35156
07_synth_material_class_matrix,61,VisBuf,Synthetic,False,1,visibility,0.04153
07_synth_material_class_matrix,61,VisBuf,Synthetic,False,2,visutil_histogram,0.02492
07_synth_material_class_matrix,61,VisBuf,Synthetic,False,3,visutil_prefix,0.00216
07_synth_material_class_matrix,61,VisBuf,Synthetic,False,4,visutil_flatten,0.03418
07_synth_material_class_matrix,61,VisBuf,Synthetic,False,5,gbuffer,0.09712
07_synth_material_class_matrix,61,VisBuf,Synthetic,False,6,lighting,0.08998
07_synth_material_class_matrix,61,VisBuf,Synthetic,False,7,tonemap,0.02953
07_synth_material_class_matrix,62,DeferredPrepass,Synthetic,False,0,total,0.27737
07_synth_material_class_matrix,62,DeferredPrepass,Synthetic,False,1,depth_prepass,0.02148
07_synth_material_class_matrix,62,DeferredPrepass,Synthetic,False,2,geometry,0.12779
07_synth_material_class_matrix,62,DeferredPrepass,Synthetic,False,3,lighting,0.08534
07_synth_material_class_matrix,62,DeferredPrepass,Synthetic,False,4,tonemap,0.02976
07_synth_material_class_matrix,63,VisBuf,Synthetic,False,0,total,0.35148
07_synth_material_class_matrix,63,VisBuf,Synthetic,False,1,visibility,0.04158
07_synth_material_class_matrix,63,VisBuf,Synthetic,False,2,visutil_histogram,0.0249
07_synth_material_class_matrix,63,VisBuf,Synthetic,False,3,visutil_prefix,0.00216
07_synth_material_class_matrix,63,VisBuf,Synthetic,False,4,visutil_flatten,0.03434
07_synth_material_class_matrix,63,VisBuf,Synthetic,False,5,gbuffer,0.09712
07_synth_material_class_matrix,63,VisBuf,Synthetic,False,6,lighting,0.08974
07_synth_material_class_matrix,63,VisBuf,Synthetic,False,7,tonemap,0.02947
07_synth_material_class_matrix,64,DeferredPrepass,Synthetic,False,0,total,0.27763
07_synth_material_class_matrix,64,DeferredPrepass,Synthetic,False,1,depth_prepass,0.02161
07_synth_material_class_matrix,64,DeferredPrepass,Synthetic,False,2,geometry,0.1276
07_synth_material_class_matrix,64,DeferredPrepass,Synthetic,False,3,lighting,0.0855
07_synth_material_class_matrix,64,DeferredPrepass,Synthetic,False,4,tonemap,0.02982
07_synth_material_class_matrix,65,VisBuf,Synthetic,False,0,total,0.35383
07_synth_material_class_matrix,65,VisBuf,Synthetic,False,1,visibility,0.04145
07_synth_material_class_matrix,65,VisBuf,Synthetic,False,2,visutil_histogram,0.02484
07_synth_material_class_matrix,65,VisBuf,Synthetic,False,3,visutil_prefix,0.00216
07_synth_material_class_matrix,65,VisBuf,Synthetic,False,4,visutil_flatten,0.03425
07_synth_material_class_matrix,65,VisBuf,Synthetic,False,5,gbuffer,0.09986
07_synth_material_class_matrix,65,VisBuf,Synthetic,False,6,lighting,0.08975
07_synth_material_class_matrix,65,VisBuf,Synthetic,False,7,tonemap,0.0295
07_synth_material_class_matrix,66,DeferredPrepass,Synthetic,False,0,total,0.27829
07_synth_material_class_matrix,66,DeferredPrepass,Synthetic,False,1,depth_prepass,0.02194
07_synth_material_class_matrix,66,DeferredPrepass,Synthetic,False,2,geometry,0.12783
07_synth_material_class_matrix,66,DeferredPrepass,Synthetic,False,3,lighting,0.08554
07_synth_material_class_matrix,66,DeferredPrepass,Synthetic,False,4,tonemap,0.02987
07_synth_material_class_matrix,67,VisBuf,Synthetic,False,0,total,0.35386
07_synth_material_class_matrix,67,VisBuf,Synthetic,False,1,visibility,0.04154
07_synth_material_class_matrix,67,VisBuf,Synthetic,False,2,visutil_histogram,0.02487
07_synth_material_class_matrix,67,VisBuf,Synthetic,False,3,visutil_prefix,0.00216
07_synth_material_class_matrix,67,VisBuf,Synthetic,False,4,visutil_flatten,0.03427
07_synth_material_class_matrix,67,VisBuf,Synthetic,False,5,gbuffer,0.09978
07_synth_material_class_matrix,67,VisBuf,Synthetic,False,6,lighting,0.08973
07_synth_material_class_matrix,67,VisBuf,Synthetic,False,7,tonemap,0.02942
07_synth_material_class_matrix,68,DeferredPrepass,Synthetic,False,0,total,0.27759
07_synth_material_class_matrix,68,DeferredPrepass,Synthetic,False,1,depth_prepass,0.02173
07_synth_material_class_matrix,68,DeferredPrepass,Synthetic,False,2,geometry,0.12758
07_synth_material_class_matrix,68,DeferredPrepass,Synthetic,False,3,lighting,0.08544
07_synth_material_class_matrix,68,DeferredPrepass,Synthetic,False,4,tonemap,0.02982
07_synth_material_class_matrix,69,VisBuf,Synthetic,False,0,total,0.35847
07_synth_material_class_matrix,69,VisBuf,Synthetic,False,1,visibility,0.04142
07_synth_material_class_matrix,69,VisBuf,Synthetic,False,2,visutil_histogram,0.02481
07_synth_material_class_matrix,69,VisBuf,Synthetic,False,3,visutil_prefix,0.00216
07_synth_material_class_matrix,69,VisBuf,Synthetic,False,4,visutil_flatten,0.03427
07_synth_material_class_matrix,69,VisBuf,Synthetic,False,5,gbuffer,0.10488
07_synth_material_class_matrix,69,VisBuf,Synthetic,False,6,lighting,0.08948
07_synth_material_class_matrix,69,VisBuf,Synthetic,False,7,tonemap,0.02953
07_synth_material_class_matrix,70,DeferredPrepass,Synthetic,False,0,total,0.27798
07_synth_material_class_matrix,70,DeferredPrepass,Synthetic,False,1,depth_prepass,0.02183
07_synth_material_class_matrix,70,DeferredPrepass,Synthetic,False,2,geometry,0.12779
07_synth_material_class_matrix,70,DeferredPrepass,Synthetic,False,3,lighting,0.08552
07_synth_material_class_matrix,70,DeferredPrepass,Synthetic,False,4,tonemap,0.0298
07_synth_material_class_matrix,71,VisBuf,Synthetic,False,0,total,0.35874
07_synth_material_class_matrix,71,VisBuf,Synthetic,False,1,visibility,0.04147
07_synth_material_class_matrix,71,VisBuf,Synthetic,False,2,visutil_histogram,0.02482
07_synth_material_class_matrix,71,VisBuf,Synthetic,False,3,visutil_prefix,0.00216
07_synth_material_class_matrix,71,VisBuf,Synthetic,False,4,visutil_flatten,0.03426
07_synth_material_class_matrix,71,VisBuf,Synthetic,False,5,gbuffer,0.10486
07_synth_material_class_matrix,71,VisBuf,Synthetic,False,6,lighting,0.08968
07_synth_material_class_matrix,71,VisBuf,Synthetic,False,7,tonemap,0.02947
07_synth_material_class_matrix,72,DeferredPrepass,Synthetic,False,0,total,0.27804
07_synth_material_class_matrix,72,DeferredPrepass,Synthetic,False,1,depth_prepass,0.02185
07_synth_material_class_matrix,72,DeferredPrepass,Synthetic,False,2,geometry,0.12749
07_synth_material_class_matrix,72,DeferredPrepass,Synthetic,False,3,lighting,0.08546
07_synth_material_class_matrix,72,DeferredPrepass,Synthetic,False,4,tonemap,0.03004
07_synth_material_class_matrix,73,VisBuf,Synthetic,False,0,total,0.3626
07_synth_material_class_matrix,73,VisBuf,Synthetic,False,1,visibility,0.0413
07_synth_material_class_matrix,73,VisBuf,Synthetic,False,2,visutil_histogram,0.02478
07_synth_material_class_matrix,73,VisBuf,Synthetic,False,3,visutil_prefix,0.0021
07_synth_material_class_matrix,73,VisBuf,Synthetic,False,4,visutil_flatten,0.03422
07_synth_material_class_matrix,73,VisBuf,Synthetic,False,5,gbuffer,0.10962
07_synth_material_class_matrix,73,VisBuf,Synthetic,False,6,lighting,0.0894
07_synth_material_class_matrix,73,VisBuf,Synthetic,False,7,tonemap,0.02934
07_synth_material_class_matrix,74,DeferredPrepass,Synthetic,False,0,total,0.27779
07_synth_material_class_matrix,74,DeferredPrepass,Synthetic,False,1,depth_prepass,0.02182
07_synth_material_class_matrix,74,DeferredPrepass,Synthetic,False,2,geometry,0.12782
07_synth_material_class_matrix,74,DeferredPrepass,Synthetic,False,3,lighting,0.08546
07_synth_material_class_matrix,74,DeferredPrepass,Synthetic,False,4,tonemap,0.02974
07_synth_material_class_matrix,75,VisBuf,Synthetic,False,0,total,0.36296
07_synth_material_class_matrix,75,VisBuf,Synthetic,False,1,visibility,0.04153
07_synth_material_class_matrix,75,VisBuf,Synthetic,False,2,visutil_histogram,0.0248
07_synth_material_class_matrix,75,VisBuf,Synthetic,False,3,visutil_prefix,0.0021
07_synth_material_class_matrix,75,VisBuf,Synthetic,False,4,visutil_flatten,0.03429
07_synth_material_class_matrix,75,VisBuf,Synthetic,False,5,gbuffer,0.10958
07_synth_material_class_matrix,75,VisBuf,Synthetic,False,6,lighting,0.08918
07_synth_material_class_matrix,75,VisBuf,Synthetic,False,7,tonemap,0.02939
07_synth_material_class_matrix,76,DeferredPrepass,Synthetic,False,0,total,0.27713
07_synth_material_class_matrix,76,DeferredPrepass,Synthetic,False,1,depth_prepass,0.02136
07_synth_material_class_matrix,76,DeferredPrepass,Synthetic,False,2,geometry,0.12755
07_synth_material_class_matrix,76,DeferredPrepass,Synthetic,False,3,lighting,0.08544
07_synth_material_class_matrix,76,DeferredPrepass,Synthetic,False,4,tonemap,0.02985
07_synth_material_class_matrix,77,VisBuf,Synthetic,False,0,total,0.37722
07_synth_material_class_matrix,77,VisBuf,Synthetic,False,1,visibility,0.04133
07_synth_material_class_matrix,77,VisBuf,Synthetic,False,2,visutil_histogram,0.02493
07_synth_material_class_matrix,77,VisBuf,Synthetic,False,3,visutil_prefix,0.00213
07_synth_material_class_matrix,77,VisBuf,Synthetic,False,4,visutil_flatten,0.03423
07_synth_material_class_matrix,77,VisBuf,Synthetic,False,5,gbuffer,0.12473
07_synth_material_class_matrix,77,VisBuf,Synthetic,False,6,lighting,0.08866
07_synth_material_class_matrix,77,VisBuf,Synthetic,False,7,tonemap,0.02932
07_synth_material_class_matrix,78,DeferredPrepass,Synthetic,False,0,total,0.27785
07_synth_material_class_matrix,78,DeferredPrepass,Synthetic,False,1,depth_prepass,0.0219
07_synth_material_class_matrix,78,DeferredPrepass,Synthetic,False,2,geometry,0.12785
07_synth_material_class_matrix,78,DeferredPrepass,Synthetic,False,3,lighting,0.08549
07_synth_material_class_matrix,78,DeferredPrepass,Synthetic,False,4,tonemap,0.02968
07_synth_material_class_matrix,79,VisBuf,Synthetic,False,0,total,0.37773
07_synth_material_class_matrix,79,VisBuf,Synthetic,False,1,visibility,0.04154
07_synth_material_class_matrix,79,VisBuf,Synthetic,False,2,visutil_histogram,0.02492
07_synth_material_class_matrix,79,VisBuf,Synthetic,False,3,visutil_prefix,0.00213
07_synth_material_class_matrix,79,VisBuf,Synthetic,False,4,visutil_flatten,0.03426
07_synth_material_class_matrix,79,VisBuf,Synthetic,False,5,gbuffer,0.12474
07_synth_material_class_matrix,79,VisBuf,Synthetic,False,6,lighting,0.0885
07_synth_material_class_matrix,79,VisBuf,Synthetic,False,7,tonemap,0.02931
07_synth_material_class_matrix,80,DeferredPrepass,Synthetic,False,0,total,0.27792
07_synth_material_class_matrix,80,DeferredPrepass,Synthetic,False,1,depth_prepass,0.02167
07_synth_material_class_matrix,80,DeferredPrepass,Synthetic,False,2,geometry,0.12764
07_synth_material_class_matrix,80,DeferredPrepass,Synthetic,False,3,lighting,0.08554
07_synth_material_class_matrix,80,DeferredPrepass,Synthetic,False,4,tonemap,0.03013
07_synth_material_class_matrix,81,VisBuf,Synthetic,False,0,total,0.39038
07_synth_material_class_matrix,81,VisBuf,Synthetic,False,1,visibility,0.04139
07_synth_material_class_matrix,81,VisBuf,Synthetic,False,2,visutil_histogram,0.02487
07_synth_material_class_matrix,81,VisBuf,Synthetic,False,3,visutil_prefix,0.00206
07_synth_material_class_matrix,81,VisBuf,Synthetic,False,4,visutil_flatten,0.03424
07_synth_material_class_matrix,81,VisBuf,Synthetic,False,5,gbuffer,0.13819
07_synth_material_class_matrix,81,VisBuf,Synthetic,False,6,lighting,0.08818
07_synth_material_class_matrix,81,VisBuf,Synthetic,False,7,tonemap,0.02936
07_synth_material_class_matrix,82,DeferredPrepass,Synthetic,False,0,total,0.27758
07_synth_material_class_matrix,82,DeferredPrepass,Synthetic,False,1,depth_prepass,0.0217
07_synth_material_class_matrix,82,DeferredPrepass,Synthetic,False,2,geometry,0.12772
07_synth_material_class_matrix,82,DeferredPrepass,Synthetic,False,3,lighting,0.08544
07_synth_material_class_matrix,82,DeferredPrepass,Synthetic,False,4,tonemap,0.02975
07_synth_material_class_matrix,83,VisBuf,Synthetic,False,0,total,0.39016
07_synth_material_class_matrix,83,VisBuf,Synthetic,False,1,visibility,0.04143
07_synth_material_class_matrix,83,VisBuf,Synthetic,False,2,visutil_histogram,0.02484
07_synth_material_class_matrix,83,VisBuf,Synthetic,False,3,visutil_prefix,0.00206
07_synth_material_class_matrix,83,VisBuf,Synthetic,False,4,visutil_flatten,0.03424
07_synth_material_class_matrix,83,VisBuf,Synthetic,False,5,gbuffer,0.13793
07_synth_material_class_matrix,83,VisBuf,Synthetic,False,6,lighting,0.08809
07_synth_material_class_matrix,83,VisBuf,Synthetic,False,7,tonemap,0.02931
07_synth_material_class_matrix,84,DeferredPrepass,Synthetic,False,0,total,0.27818
07_synth_material_class_matrix,84,DeferredPrepass,Synthetic,False,1,depth_prepass,0.02131
07_synth_material_class_matrix,84,DeferredPrepass,Synthetic,False,2,geometry,0.12858
07_synth_material_class_matrix,84,DeferredPrepass,Synthetic,False,3,lighting,0.08553
07_synth_material_class_matrix,84,DeferredPrepass,Synthetic,False,4,tonemap,0.02974
07_synth_material_class_matrix,85,VisBuf,Synthetic,False,0,total,0.33792
07_synth_material_class_matrix,85,VisBuf,Synthetic,False,1,visibility,0.04137
07_synth_material_class_matrix,85,VisBuf,Synthetic,False,2,visutil_histogram,0.02449
07_synth_material_class_matrix,85,VisBuf,Synthetic,False,3,visutil_prefix,0.00215
07_synth_material_class_matrix,85,VisBuf,Synthetic,False,4,visutil_flatten,0.03253
07_synth_material_class_matrix,85,VisBuf,Synthetic,False,5,gbuffer,0.08566
07_synth_material_class_matrix,85,VisBuf,Synthetic,False,6,lighting,0.09092
07_synth_material_class_matrix,85,VisBuf,Synthetic,False,7,tonemap,0.02965
07_synth_material_class_matrix,86,DeferredPrepass,Synthetic,False,0,total,0.27809
07_synth_material_class_matrix,86,DeferredPrepass,Synthetic,False,1,depth_prepass,0.02117
07_synth_material_class_matrix,86,DeferredPrepass,Synthetic,False,2,geometry,0.12867
07_synth_material_class_matrix,86,DeferredPrepass,Synthetic,False,3,lighting,0.08546
07_synth_material_class_matrix,86,DeferredPrepass,Synthetic,False,4,tonemap,0.02982
07_synth_material_class_matrix,87,VisBuf,Synthetic,False,0,total,0.3379
07_synth_material_class_matrix,87,VisBuf,Synthetic,False,1,visibility,0.04139
07_synth_material_class_matrix,87,VisBuf,Synthetic,False,2,visutil_histogram,0.02435
07_synth_material_class_matrix,87,VisBuf,Synthetic,False,3,visutil_prefix,0.00215
07_synth_material_class_matrix,87,VisBuf,Synthetic,False,4,visutil_flatten,0.03254
07_synth_material_class_matrix,87,VisBuf,Synthetic,False,5,gbuffer,0.08578
07_synth_material_class_matrix,87,VisBuf,Synthetic,False,6,lighting,0.09094
07_synth_material_class_matrix,87,VisBuf,Synthetic,False,7,tonemap,0.02971
07_synth_material_class_matrix,88,DeferredPrepass,Synthetic,False,0,total,0.27805
07_synth_material_class_matrix,88,DeferredPrepass,Synthetic,False,1,depth_prepass,0.02118
07_synth_material_class_matrix,88,DeferredPrepass,Synthetic,False,2,geometry,0.12865
07_synth_material_class_matrix,88,DeferredPrepass,Synthetic,False,3,lighting,0.08546
07_synth_material_class_matrix,88,DeferredPrepass,Synthetic,False,4,tonemap,0.02975
07_synth_material_class_matrix,89,VisBuf,Synthetic,False,0,total,0.34838
07_synth_material_class_matrix,89,VisBuf,Synthetic,False,1,visibility,0.04147
07_synth_material_class_matrix,89,VisBuf,Synthetic,False,2,visutil_histogram,0.02552
07_synth_material_class_matrix,89,VisBuf,Synthetic,False,3,visutil_prefix,0.00215
07_synth_material_class_matrix,89,VisBuf,Synthetic,False,4,visutil_flatten,0.0344
07_synth_material_class_matrix,89,VisBuf,Synthetic,False,5,gbuffer,0.09357
07_synth_material_class_matrix,89,VisBuf,Synthetic,False,6,lighting,0.09003
07_synth_material_class_matrix,89,VisBuf,Synthetic,False,7,tonemap,0.02958
07_synth_material_class_matrix,90,DeferredPrepass,Synthetic,False,0,total,0.27844
07_synth_material_class_matrix,90,DeferredPrepass,Synthetic,False,1,depth_prepass,0.02112
07_synth_material_class_matrix,90,DeferredPrepass,Synthetic,False,2,geometry,0.12879
07_synth_material_class_matrix,90,DeferredPrepass,Synthetic,False,3,lighting,0.08547
07_synth_material_class_matrix,90,DeferredPrepass,Synthetic,False,4,tonemap,0.02975
07_synth_material_class_matrix,91,VisBuf,Synthetic,False,0,total,0.34894
07_synth_material_class_matrix,91,VisBuf,Synthetic,False,1,visibility,0.04142
07_synth_material_class_matrix,91,VisBuf,Synthetic,False,2,visutil_histogram,0.02547
07_synth_material_class_matrix,91,VisBuf,Synthetic,False,3,visutil_prefix,0.00215
07_synth_material_class_matrix,91,VisBuf,Synthetic,False,4,visutil_flatten,0.03441
07_synth_material_class_matrix,91,VisBuf,Synthetic,False,5,gbuffer,0.09395
07_synth_material_class_matrix,91,VisBuf,Synthetic,False,6,lighting,0.08995
07_synth_material_class_matrix,91,VisBuf,Synthetic,False,7,tonemap,0.02952
07_synth_material_class_matrix,92,DeferredPrepass,Synthetic,False,0,total,0.27686
07_synth_material_class_matrix,92,DeferredPrepass,Synthetic,False,1,depth_prepass,0.02117
07_synth_material_class_matrix,92,DeferredPrepass,Synthetic,False,2,geometry,0.12751
07_synth_material_class_matrix,92,DeferredPrepass,Synthetic,False,3,lighting,0.08546
07_synth_material_class_matrix,92,DeferredPrepass,Synthetic,False,4,tonemap,0.02977
07_synth_material_class_matrix,93,VisBuf,Synthetic,False,0,total,0.35282
07_synth_material_class_matrix,93,VisBuf,Synthetic,False,1,visibility,0.04138
07_synth_material_class_matrix,93,VisBuf,Synthetic,False,2,visutil_histogram,0.02569
07_synth_material_class_matrix,93,VisBuf,Synthetic,False,3,visutil_prefix,0.00215
07_synth_material_class_matrix,93,VisBuf,Synthetic,False,4,visutil_flatten,0.03478
07_synth_material_class_matrix,93,VisBuf,Synthetic,False,5,gbuffer,0.09701
07_synth_material_class_matrix,93,VisBuf,Synthetic,False,6,lighting,0.08969
07_synth_material_class_matrix,93,VisBuf,Synthetic,False,7,tonemap,0.02947
07_synth_material_class_matrix,94,DeferredPrepass,Synthetic,False,0,total,0.27732
07_synth_material_class_matrix,94,DeferredPrepass,Synthetic,False,1,depth_prepass,0.02109
07_synth_material_class_matrix,94,DeferredPrepass,Synthetic,False,2,geometry,0.12774
07_synth_material_class_matrix,94,DeferredPrepass,Synthetic,False,3,lighting,0.08569
07_synth_material_class_matrix,94,DeferredPrepass,Synthetic,False,4,tonemap,0.02981
07_synth_material_class_matrix,95,VisBuf,Synthetic,False,0,total,0.35171
07_synth_material_class_matrix,95,VisBuf,Synthetic,False,1,visibility,0.0414
07_synth_material_class_matrix,95,VisBuf,Synthetic,False,2,visutil_histogram,0.02573
07_synth_material_class_matrix,95,VisBuf,Synthetic,False,3,visutil_prefix,0.00215
07_synth_material_class_matrix,95,VisBuf,Synthetic,False,4,visutil_flatten,0.03478
07_synth_material_class_matrix,95,VisBuf,Synthetic,False,5,gbuffer,0.09652
07_synth_material_class_matrix,95,VisBuf,Synthetic,False,6,lighting,0.0898
07_synth_material_class_matrix,95,VisBuf,Synthetic,False,7,tonemap,0.02905
07_synth_material_class_matrix,96,DeferredPrepass,Synthetic,False,0,total,0.27704
07_synth_material_class_matrix,96,DeferredPrepass,Synthetic,False,1,depth_prepass,0.02124
07_synth_material_class_matrix,96,DeferredPrepass,Synthetic,False,2,geometry,0.12747
07_synth_material_class_matrix,96,DeferredPrepass,Synthetic,False,3,lighting,0.08554
07_synth_material_class_matrix,96,DeferredPrepass,Synthetic,False,4,tonemap,0.02979
07_synth_material_class_matrix,97,VisBuf,Synthetic,False,0,total,0.35377
07_synth_material_class_matrix,97,VisBuf,Synthetic,False,1,visibility,0.04136
07_synth_material_class_matrix,97,VisBuf,Synthetic,False,2,visutil_histogram,0.02567
07_synth_material_class_matrix,97,VisBuf,Synthetic,False,3,visutil_prefix,0.00216
07_synth_material_class_matrix,97,VisBuf,Synthetic,False,4,visutil_flatten,0.03502
07_synth_material_class_matrix,97,VisBuf,Synthetic,False,5,gbuffer,0.09739
07_synth_material_class_matrix,97,VisBuf,Synthetic,False,6,lighting,0.08981
07_synth_material_class_matrix,97,VisBuf,Synthetic,False,7,tonemap,0.02911
07_synth_material_class_matrix,98,DeferredPrepass,Synthetic,False,0,total,0.27681
07_synth_material_class_matrix,98,DeferredPrepass,Synthetic,False,1,depth_prepass,0.02106
07_synth_material_class_matrix,98,DeferredPrepass,Synthetic,False,2,geometry,0.1277
07_synth_material_class_matrix,98,DeferredPrepass,Synthetic,False,3,lighting,0.0855
07_synth_material_class_matrix,98,DeferredPrepass,Synthetic,False,4,tonemap,0.02964
07_synth_material_class_matrix,99,VisBuf,Synthetic,False,0,total,0.35369
07_synth_material_class_matrix,99,VisBuf,Synthetic,False,1,visibility,0.04141
07_synth_material_class_matrix,99,VisBuf,Synthetic,False,2,visutil_histogram,0.02553
07_synth_material_class_matrix,99,VisBuf,Synthetic,False,3,visutil_prefix,0.00216
07_synth_material_class_matrix,99,VisBuf,Synthetic,False,4,visutil_flatten,0.03502
07_synth_material_class_matrix,99,VisBuf,Synthetic,False,5,gbuffer,0.09748
07_synth_material_class_matrix,99,VisBuf,Synthetic,False,6,lighting,0.0898
07_synth_material_class_matrix,99,VisBuf,Synthetic,False,7,tonemap,0.02933
07_synth_material_class_matrix,100,DeferredPrepass,Synthetic,False,0,total,0.27681
07_synth_material_class_matrix,100,DeferredPrepass,Synthetic,False,1,depth_prepass,0.02115
07_synth_material_class_matrix,100,DeferredPrepass,Synthetic,False,2,geometry,0.12748
07_synth_material_class_matrix,100,DeferredPrepass,Synthetic,False,3,lighting,0.08549
07_synth_material_class_matrix,100,DeferredPrepass,Synthetic,False,4,tonemap,0.02976
07_synth_material_class_matrix,101,VisBuf,Synthetic,False,0,total,0.35737
07_synth_material_class_matrix,101,VisBuf,Synthetic,False,1,visibility,0.04137
07_synth_material_class_matrix,101,VisBuf,Synthetic,False,2,visutil_histogram,0.02558
07_synth_material_class_matrix,101,VisBuf,Synthetic,False,3,visutil_prefix,0.00215
07_synth_material_class_matrix,101,VisBuf,Synthetic,False,4,visutil_flatten,0.03509
07_synth_material_class_matrix,101,VisBuf,Synthetic,False,5,gbuffer,0.10144
07_synth_material_class_matrix,101,VisBuf,Synthetic,False,6,lighting,0.08951
07_synth_material_class_matrix,101,VisBuf,Synthetic,False,7,tonemap,0.02944
07_synth_material_class_matrix,102,DeferredPrepass,Synthetic,False,0,total,0.27734
07_synth_material_class_matrix,102,DeferredPrepass,Synthetic,False,1,depth_prepass,0.02166
07_synth_material_class_matrix,102,DeferredPrepass,Synthetic,False,2,geometry,0.12769
07_synth_material_class_matrix,102,DeferredPrepass,Synthetic,False,3,lighting,0.08549
07_synth_material_class_matrix,102,DeferredPrepass,Synthetic,False,4,tonemap,0.02954
07_synth_material_class_matrix,103,VisBuf,Synthetic,False,0,total,0.35739
07_synth_material_class_matrix,103,VisBuf,Synthetic,False,1,visibility,0.04142
07_synth_material_class_matrix,103,VisBuf,Synthetic,False,2,visutil_histogram,0.02553
07_synth_material_class_matrix,103,VisBuf,Synthetic,False,3,visutil_prefix,0.00215
07_synth_material_class_matrix,103,VisBuf,Synthetic,False,4,visutil_flatten,0.03509
07_synth_material_class_matrix,103,VisBuf,Synthetic,False,5,gbuffer,0.10129
07_synth_material_class_matrix,103,VisBuf,Synthetic,False,6,lighting,0.0895
07_synth_material_class_matrix,103,VisBuf,Synthetic,False,7,tonemap,0.02938
07_synth_material_class_matrix,104,DeferredPrepass,Synthetic,False,0,total,0.27739
07_synth_material_class_matrix,104,DeferredPrepass,Synthetic,False,1,depth_prepass,0.02159
07_synth_material_class_matrix,104,DeferredPrepass,Synthetic,False,2,geometry,0.12747
07_synth_material_class_matrix,104,DeferredPrepass,Synthetic,False,3,lighting,0.08551
07_synth_material_class_matrix,104,DeferredPrepass,Synthetic,False,4,tonemap,0.02981
07_synth_material_class_matrix,105,VisBuf,Synthetic,False,0,total,0.36154
07_synth_material_class_matrix,105,VisBuf,Synthetic,False,1,visibility,0.04142
07_synth_material_class_matrix,105,VisBuf,Synthetic,False,2,visutil_histogram,0.02557
07_synth_material_class_matrix,105,VisBuf,Synthetic,False,3,visutil_prefix,0.00216
07_synth_material_class_matrix,105,VisBuf,Synthetic,False,4,visutil_flatten,0.03513
07_synth_material_class_matrix,105,VisBuf,Synthetic,False,5,gbuffer,0.10546
07_synth_material_class_matrix,105,VisBuf,Synthetic,False,6,lighting,0.08959
07_synth_material_class_matrix,105,VisBuf,Synthetic,False,7,tonemap,0.02936
07_synth_material_class_matrix,106,DeferredPrepass,Synthetic,False,0,total,0.27769
07_synth_material_class_matrix,106,DeferredPrepass,Synthetic,False,1,depth_prepass,0.02166
07_synth_material_class_matrix,106,DeferredPrepass,Synthetic,False,2,geometry,0.12769
07_synth_material_class_matrix,106,DeferredPrepass,Synthetic,False,3,lighting,0.08549
07_synth_material_class_matrix,106,DeferredPrepass,Synthetic,False,4,tonemap,0.02987
07_synth_material_class_matrix,107,VisBuf,Synthetic,False,0,total,0.36073
07_synth_material_class_matrix,107,VisBuf,Synthetic,False,1,visibility,0.04145
07_synth_material_class_matrix,107,VisBuf,Synthetic,False,2,visutil_histogram,0.02547
07_synth_material_class_matrix,107,VisBuf,Synthetic,False,3,visutil_prefix,0.00216
07_synth_material_class_matrix,107,VisBuf,Synthetic,False,4,visutil_flatten,0.03513
07_synth_material_class_matrix,107,VisBuf,Synthetic,False,5,gbuffer,0.1049
07_synth_material_class_matrix,107,VisBuf,Synthetic,False,6,lighting,0.08935
07_synth_material_class_matrix,107,VisBuf,Synthetic,False,7,tonemap,0.02923
07_synth_material_class_matrix,108,DeferredPrepass,Synthetic,False,0,total,0.27698
07_synth_material_class_matrix,108,DeferredPrepass,Synthetic,False,1,depth_prepass,0.02133
07_synth_material_class_matrix,108,DeferredPrepass,Synthetic,False,2,geometry,0.12747
07_synth_material_class_matrix,108,DeferredPrepass,Synthetic,False,3,lighting,0.08549
07_synth_material_class_matrix,108,DeferredPrepass,Synthetic,False,4,tonemap,0.02977
07_synth_material_class_matrix,109,VisBuf,Synthetic,False,0,total,0.36614
07_synth_material_class_matrix,109,VisBuf,Synthetic,False,1,visibility,0.04138
07_synth_material_class_matrix,109,VisBuf,Synthetic,False,2,visutil_histogram,0.02558
07_synth_material_class_matrix,109,VisBuf,Synthetic,False,3,visutil_prefix,0.00209
07_synth_material_class_matrix,109,VisBuf,Synthetic,False,4,visutil_flatten,0.03517
07_synth_material_class_matrix,109,VisBuf,Synthetic,False,5,gbuffer,0.11
07_synth_material_class_matrix,109,VisBuf,Synthetic,False,6,lighting,0.08942
07_synth_material_class_matrix,109,VisBuf,Synthetic,False,7,tonemap,0.02938
07_synth_material_class_matrix,110,DeferredPrepass,Synthetic,False,0,total,0.27735
07_synth_material_class_matrix,110,DeferredPrepass,Synthetic,False,1,depth_prepass,0.02143
07_synth_material_class_matrix,110,DeferredPrepass,Synthetic,False,2,geometry,0.12767
07_synth_material_class_matrix,110,DeferredPrepass,Synthetic,False,3,lighting,0.08543
07_synth_material_class_matrix,110,DeferredPrepass,Synthetic,False,4,tonemap,0.02996
07_synth_material_class_matrix,111,VisBuf,Synthetic,False,0,total,0.36553
07_synth_material_class_matrix,111,VisBuf,Synthetic,False,1,visibility,0.0414
07_synth_material_class_matrix,111,VisBuf,Synthetic,False,2,visutil_histogram,0.0255
07_synth_material_class_matrix,111,VisBuf,Synthetic,False,3,visutil_prefix,0.00209
07_synth_material_class_matrix,111,VisBuf,Synthetic,False,4,visutil_flatten,0.03514
07_synth_material_class_matrix,111,VisBuf,Synthetic,False,5,gbuffer,0.10997
07_synth_material_class_matrix,111,VisBuf,Synthetic,False,6,lighting,0.08915
07_synth_material_class_matrix,111,VisBuf,Synthetic,False,7,tonemap,0.02934
07_synth_material_class_matrix,112,DeferredPrepass,Synthetic,False,0,total,0.2771
07_synth_material_class_matrix,112,DeferredPrepass,Synthetic,False,1,depth_prepass,0.0213
07_synth_material_class_matrix,112,DeferredPrepass,Synthetic,False,2,geometry,0.12751
07_synth_material_class_matrix,112,DeferredPrepass,Synthetic,False,3,lighting,0.08544
07_synth_material_class_matrix,112,DeferredPrepass,Synthetic,False,4,tonemap,0.02993
07_synth_material_class_matrix,113,VisBuf,Synthetic,False,0,total,0.38824
07_synth_material_class_matrix,113,VisBuf,Synthetic,False,1,visibility,0.04162
07_synth_material_class_matrix,113,VisBuf,Synthetic,False,2,visutil_histogram,0.02585
07_synth_material_class_matrix,113,VisBuf,Synthetic,False,3,visutil_prefix,0.00215
07_synth_material_class_matrix,113,VisBuf,Synthetic,False,4,visutil_flatten,0.0351
07_synth_material_class_matrix,113,VisBuf,Synthetic,False,5,gbuffer,0.12869
07_synth_material_class_matrix,113,VisBuf,Synthetic,False,6,lighting,0.08896
07_synth_material_class_matrix,113,VisBuf,Synthetic,False,7,tonemap,0.03284
07_synth_material_class_matrix,114,DeferredPrepass,Synthetic,False,0,total,0.27737
07_synth_material_class_matrix,114,DeferredPrepass,Synthetic,False,1,depth_prepass,0.02149
07_synth_material_class_matrix,114,DeferredPrepass,Synthetic,False,2,geometry,0.12767
07_synth_material_class_matrix,114,DeferredPrepass,Synthetic,False,3,lighting,0.08533
07_synth_material_class_matrix,114,DeferredPrepass,Synthetic,False,4,tonemap,0.02993
07_synth_material_class_matrix,115,VisBuf,Synthetic,False,0,total,0.37931
07_synth_material_class_matrix,115,VisBuf,Synthetic,False,1,visibility,0.04142
07_synth_material_class_matrix,115,VisBuf,Synthetic,False,2,visutil_histogram,0.02564
07_synth_material_class_matrix,115,VisBuf,Synthetic,False,3,visutil_prefix,0.00212
07_synth_material_class_matrix,115,VisBuf,Synthetic,False,4,visutil_flatten,0.03513
07_synth_material_class_matrix,115,VisBuf,Synthetic,False,5,gbuffer,0.12403
07_synth_material_class_matrix,115,VisBuf,Synthetic,False,6,lighting,0.08862
07_synth_material_class_matrix,115,VisBuf,Synthetic,False,7,tonemap,0.02932
07_synth_material_class_matrix,116,DeferredPrepass,Synthetic,False,0,total,0.27721
07_synth_material_class_matrix,116,DeferredPrepass,Synthetic,False,1,depth_prepass,0.02154
07_synth_material_class_matrix,116,DeferredPrepass,Synthetic,False,2,geometry,0.12749
07_synth_material_class_matrix,116,DeferredPrepass,Synthetic,False,3,lighting,0.08548
07_synth_material_class_matrix,116,DeferredPrepass,Synthetic,False,4,tonemap,0.02977
07_synth_material_class_matrix,117,VisBuf,Synthetic,False,0,total,0.39298
07_synth_material_class_matrix,117,VisBuf,Synthetic,False,1,visibility,0.04134
07_synth_material_class_matrix,117,VisBuf,Synthetic,False,2,visutil_histogram,0.02566
07_synth_material_class_matrix,117,VisBuf,Synthetic,False,3,visutil_prefix,0.00206
07_synth_material_class_matrix,117,VisBuf,Synthetic,False,4,visutil_flatten,0.0351
07_synth_material_class_matrix,117,VisBuf,Synthetic,False,5,gbuffer,0.13838
07_synth_material_class_matrix,117,VisBuf,Synthetic,False,6,lighting,0.08816
07_synth_material_class_matrix,117,VisBuf,Synthetic,False,7,tonemap,0.02936
07_synth_material_class_matrix,118,DeferredPrepass,Synthetic,False,0,total,0.27744
07_synth_material_class_matrix,118,DeferredPrepass,Synthetic,False,1,depth_prepass,0.02161
07_synth_material_class_matrix,118,DeferredPrepass,Synthetic,False,2,geometry,0.12769
07_synth_material_class_matrix,118,DeferredPrepass,Synthetic,False,3,lighting,0.08548
07_synth_material_class_matrix,118,DeferredPrepass,Synthetic,False,4,tonemap,0.02986
07_synth_material_class_matrix,119,VisBuf,Synthetic,False,0,total,0.39268
07_synth_material_class_matrix,119,VisBuf,Synthetic,False,1,visibility,0.04146
07_synth_material_class_matrix,119,VisBuf,Synthetic,False,2,visutil_histogram,0.0256
07_synth_material_class_matrix,119,VisBuf,Synthetic,False,3,visutil_prefix,0.00205
07_synth_material_class_matrix,119,VisBuf,Synthetic,False,4,visutil_flatten,0.03505
07_synth_material_class_matrix,119,VisBuf,Synthetic,False,5,gbuffer,0.13842
07_synth_material_class_matrix,119,VisBuf,Synthetic,False,6,lighting,0.08799
07_synth_material_class_matrix,119,VisBuf,Synthetic,False,7,tonemap,0.02923
07_synth_material_class_matrix,120,DeferredPrepass,Synthetic,False,0,total,0.27705
07_synth_material_class_matrix,120,DeferredPrepass,Synthetic,False,1,depth_prepass,0.02162
07_synth_material_class_matrix,120,DeferredPrepass,Synthetic,False,2,geometry,0.12747
07_synth_material_class_matrix,120,DeferredPrepass,Synthetic,False,3,lighting,0.08549
07_synth_material_class_matrix,120,DeferredPrepass,Synthetic,False,4,tonemap,0.02953
07_synth_material_class_matrix,121,VisBuf,Synthetic,False,0,total,0.41996
07_synth_material_class_matrix,121,VisBuf,Synthetic,False,1,visibility,0.04153
07_synth_material_class_matrix,121,VisBuf,Synthetic,False,2,visutil_histogram,0.02596
07_synth_material_class_matrix,121,VisBuf,Synthetic,False,3,visutil_prefix,0.00204
07_synth_material_class_matrix,121,VisBuf,Synthetic,False,4,visutil_flatten,0.03504
07_synth_material_class_matrix,121,VisBuf,Synthetic,False,5,gbuffer,0.16194
07_synth_material_class_matrix,121,VisBuf,Synthetic,False,6,lighting,0.08797
07_synth_material_class_matrix,121,VisBuf,Synthetic,False,7,tonemap,0.03248
07_synth_material_class_matrix,122,DeferredPrepass,Synthetic,False,0,total,0.27688
07_synth_material_class_matrix,122,DeferredPrepass,Synthetic,False,1,depth_prepass,0.02134
07_synth_material_class_matrix,122,DeferredPrepass,Synthetic,False,2,geometry,0.12766
07_synth_material_class_matrix,122,DeferredPrepass,Synthetic,False,3,lighting,0.08545
07_synth_material_class_matrix,122,DeferredPrepass,Synthetic,False,4,tonemap,0.02962
07_synth_material_class_matrix,123,VisBuf,Synthetic,False,0,total,0.43107
07_synth_material_class_matrix,123,VisBuf,Synthetic,False,1,visibility,0.04186
07_synth_material_class_matrix,123,VisBuf,Synthetic,False,2,visutil_histogram,0.02616
07_synth_material_class_matrix,123,VisBuf,Synthetic,False,3,visutil_prefix,0.00208
07_synth_material_class_matrix,123,VisBuf,Synthetic,False,4,visutil_flatten,0.03502
07_synth_material_class_matrix,123,VisBuf,Synthetic,False,5,gbuffer,0.16794
07_synth_material_class_matrix,123,VisBuf,Synthetic,False,6,lighting,0.08866
07_synth_material_class_matrix,123,VisBuf,Synthetic,False,7,tonemap,0.03651
07_synth_material_class_matrix,124,DeferredPrepass,Synthetic,False,0,total,0.27702
07_synth_material_class_matrix,124,DeferredPrepass,Synthetic,False,1,depth_prepass,0.0213
07_synth_material_class_matrix,124,DeferredPrepass,Synthetic,False,2,geometry,0.12746
07_synth_material_class_matrix,124,DeferredPrepass,Synthetic,False,3,lighting,0.08537
07_synth_material_class_matrix,124,DeferredPrepass,Synthetic,False,4,tonemap,0.0299
07_synth_material_class_matrix,125,VisBuf,Synthetic,False,0,total,0.43954
07_synth_material_class_matrix,125,VisBuf,Synthetic,False,1,visibility,0.04178
07_synth_material_class_matrix,125,VisBuf,Synthetic,False,2,visutil_histogram,0.02632
07_synth_material_class_matrix,125,VisBuf,Synthetic,False,3,visutil_prefix,0.0021
07_synth_material_class_matrix,125,VisBuf,Synthetic,False,4,visutil_flatten,0.03499
07_synth_material_class_matrix,125,VisBuf,Synthetic,False,5,gbuffer,0.17619
07_synth_material_class_matrix,125,VisBuf,Synthetic,False,6,lighting,0.08852
07_synth_material_class_matrix,125,VisBuf,Synthetic,False,7,tonemap,0.03665
07_synth_material_class_matrix,126,DeferredPrepass,Synthetic,False,0,total,0.27758
07_synth_material_class_matrix,126,DeferredPrepass,Synthetic,False,1,depth_prepass,0.02175
07_synth_material_class_matrix,126,DeferredPrepass,Synthetic,False,2,geometry,0.12766
07_synth_material_class_matrix,126,DeferredPrepass,Synthetic,False,3,lighting,0.08553
07_synth_material_class_matrix,126,DeferredPrepass,Synthetic,False,4,tonemap,0.02979
07_synth_material_class_matrix,127,VisBuf,Synthetic,False,0,total,0.4247
07_synth_material_class_matrix,127,VisBuf,Synthetic,False,1,visibility,0.04145
07_synth_material_class_matrix,127,VisBuf,Synthetic,False,2,visutil_histogram,0.0258
07_synth_material_class_matrix,127,VisBuf,Synthetic,False,3,visutil_prefix,0.00206
07_synth_material_class_matrix,127,VisBuf,Synthetic,False,4,visutil_flatten,0.03499
07_synth_material_class_matrix,127,VisBuf,Synthetic,False,5,gbuffer,0.16959
07_synth_material_class_matrix,127,VisBuf,Synthetic,False,6,lighting,0.08745
07_synth_material_class_matrix,127,VisBuf,Synthetic,False,7,tonemap,0.03041
07_synth_material_class_matrix,128,DeferredPrepass,Synthetic,False,0,total,0.27943
07_synth_material_class_matrix,128,DeferredPrepass,Synthetic,False,1,depth_prepass,0.02121
07_synth_material_class_matrix,128,DeferredPrepass,Synthetic,False,2,geometry,0.12988
07_synth_material_class_matrix,128,DeferredPrepass,Synthetic,False,3,lighting,0.08543
07_synth_material_class_matrix,128,DeferredPrepass,Synthetic,False,4,tonemap,0.02991
07_synth_material_class_matrix,129,VisBuf,Synthetic,False,0,total,0.34234
07_synth_material_class_matrix,129,VisBuf,Synthetic,False,1,visibility,0.0417
07_synth_material_class_matrix,129,VisBuf,Synthetic,False,2,visutil_histogram,0.02523
07_synth_material_class_matrix,129,VisBuf,Synthetic,False,3,visutil_prefix,0.00216
07_synth_material_class_matrix,129,VisBuf,Synthetic,False,4,visutil_flatten,0.03342
07_synth_material_class_matrix,129,VisBuf,Synthetic,False,5,gbuffer,0.08674
07_synth_material_class_matrix,129,VisBuf,Synthetic,False,6,lighting,0.09082
07_synth_material_class_matrix,129,VisBuf,Synthetic,False,7,tonemap,0.02957
07_synth_material_class_matrix,130,DeferredPrepass,Synthetic,False,0,total,0.27987
07_synth_material_class_matrix,130,DeferredPrepass,Synthetic,False,1,depth_prepass,0.0211
07_synth_material_class_matrix,130,DeferredPrepass,Synthetic,False,2,geometry,0.13049
07_synth_material_class_matrix,130,DeferredPrepass,Synthetic,False,3,lighting,0.08569
07_synth_material_class_matrix,130,DeferredPrepass,Synthetic,False,4,tonemap,0.02962
07_synth_material_class_matrix,131,VisBuf,Synthetic,False,0,total,0.34206
07_synth_material_class_matrix,131,VisBuf,Synthetic,False,1,visibility,0.04184
07_synth_material_class_matrix,131,VisBuf,Synthetic,False,2,visutil_histogram,0.02531
07_synth_material_class_matrix,131,VisBuf,Synthetic,False,3,visutil_prefix,0.00216
07_synth_material_class_matrix,131,VisBuf,Synthetic,False,4,visutil_flatten,0.03342
07_synth_material_class_matrix,131,VisBuf,Synthetic,False,5,gbuffer,0.08646
07_synth_material_class_matrix,131,VisBuf,Synthetic,False,6,lighting,0.09085
07_synth_material_class_matrix,131,VisBuf,Synthetic,False,7,tonemap,0.02954
07_synth_material_class_matrix,132,DeferredPrepass,Synthetic,False,0,total,0.27974
07_synth_material_class_matrix,132,DeferredPrepass,Synthetic,False,1,depth_prepass,0.0222
07_synth_material_class_matrix,132,DeferredPrepass,Synthetic,False,2,geometry,0.12919
07_synth_material_class_matrix,132,DeferredPrepass,Synthetic,False,3,lighting,0.08549
07_synth_material_class_matrix,132,DeferredPrepass,Synthetic,False,4,tonemap,0.02979
07_synth_material_class_matrix,133,VisBuf,Synthetic,False,0,total,0.35164
07_synth_material_class_matrix,133,VisBuf,Synthetic,False,1,visibility,0.04163
07_synth_material_class_matrix,133,VisBuf,Synthetic,False,2,visutil_histogram,0.02635
07_synth_material_class_matrix,133,VisBuf,Synthetic,False,3,visutil_prefix,0.00216
07_synth_material_class_matrix,133,VisBuf,Synthetic,False,4,visutil_flatten,0.03532
07_synth_material_class_matrix,133,VisBuf,Synthetic,False,5,gbuffer,0.09478
07_synth_material_class_matrix,133,VisBuf,Synthetic,False,6,lighting,0.08991
07_synth_material_class_matrix,133,VisBuf,Synthetic,False,7,tonemap,0.02942
07_synth_material_class_matrix,134,DeferredPrepass,Synthetic,False,0,total,0.28042
07_synth_material_class_matrix,134,DeferredPrepass,Synthetic,False,1,depth_prepass,0.02248
07_synth_material_class_matrix,134,DeferredPrepass,Synthetic,False,2,geometry,0.12994
07_synth_material_class_matrix,134,DeferredPrepass,Synthetic,False,3,lighting,0.08542
07_synth_material_class_matrix,134,DeferredPrepass,Synthetic,False,4,tonemap,0.02956
07_synth_material_class_matrix,135,VisBuf,Synthetic,False,0,total,0.35197
07_synth_material_class_matrix,135,VisBuf,Synthetic,False,1,visibility,0.04181
07_synth_material_class_matrix,135,VisBuf,Synthetic,False,2,visutil_histogram,0.02641
07_synth_material_class_matrix,135,VisBuf,Synthetic,False,3,visutil_prefix,0.00216
07_synth_material_class_matrix,135,VisBuf,Synthetic,False,4,visutil_flatten,0.0354
07_synth_material_class_matrix,135,VisBuf,Synthetic,False,5,gbuffer,0.09446
07_synth_material_class_matrix,135,VisBuf,Synthetic,False,6,lighting,0.0899
07_synth_material_class_matrix,135,VisBuf,Synthetic,False,7,tonemap,0.02942
07_synth_material_class_matrix,136,DeferredPrepass,Synthetic,False,0,total,0.27795
07_synth_material_class_matrix,136,DeferredPrepass,Synthetic,False,1,depth_prepass,0.02109
07_synth_material_class_matrix,136,DeferredPrepass,Synthetic,False,2,geometry,0.12847
07_synth_material_class_matrix,136,DeferredPrepass,Synthetic,False,3,lighting,0.08547
07_synth_material_class_matrix,136,DeferredPrepass,Synthetic,False,4,tonemap,0.02985
07_synth_material_class_matrix,137,VisBuf,Synthetic,False,0,total,0.35502
07_synth_material_class_matrix,137,VisBuf,Synthetic,False,1,visibility,0.04173
07_synth_material_class_matrix,137,VisBuf,Synthetic,False,2,visutil_histogram,0.02646
07_synth_material_class_matrix,137,VisBuf,Synthetic,False,3,visutil_prefix,0.00216
07_synth_material_class_matrix,137,VisBuf,Synthetic,False,4,visutil_flatten,0.03573
07_synth_material_class_matrix,137,VisBuf,Synthetic,False,5,gbuffer,0.09808
07_synth_material_class_matrix,137,VisBuf,Synthetic,False,6,lighting,0.08963
07_synth_material_class_matrix,137,VisBuf,Synthetic,False,7,tonemap,0.02941
07_synth_material_class_matrix,138,DeferredPrepass,Synthetic,False,0,total,0.279
07_synth_material_class_matrix,138,DeferredPrepass,Synthetic,False,1,depth_prepass,0.0214
07_synth_material_class_matrix,138,DeferredPrepass,Synthetic,False,2,geometry,0.12925
07_synth_material_class_matrix,138,DeferredPrepass,Synthetic,False,3,lighting,0.08548
07_synth_material_class_matrix,138,DeferredPrepass,Synthetic,False,4,tonemap,0.02978
07_synth_material_class_matrix,139,VisBuf,Synthetic,False,0,total,0.35585
07_synth_material_class_matrix,139,VisBuf,Synthetic,False,1,visibility,0.04179
07_synth_material_class_matrix,139,VisBuf,Synthetic,False,2,visutil_histogram,0.02649
07_synth_material_class_matrix,139,VisBuf,Synthetic,False,3,visutil_prefix,0.00216
07_synth_material_class_matrix,139,VisBuf,Synthetic,False,4,visutil_flatten,0.03573
07_synth_material_class_matrix,139,VisBuf,Synthetic,False,5,gbuffer,0.09828
07_synth_material_class_matrix,139,VisBuf,Synthetic,False,6,lighting,0.08991
07_synth_material_class_matrix,139,VisBuf,Synthetic,False,7,tonemap,0.0294
07_synth_material_class_matrix,140,DeferredPrepass,Synthetic,False,0,total,0.27847
07_synth_material_class_matrix,140,DeferredPrepass,Synthetic,False,1,depth_prepass,0.02134
07_synth_material_class_matrix,140,DeferredPrepass,Synthetic,False,2,geometry,0.12856
07_synth_material_class_matrix,140,DeferredPrepass,Synthetic,False,3,lighting,0.08545
07_synth_material_class_matrix,140,DeferredPrepass,Synthetic,False,4,tonemap,0.02986
07_synth_material_class_matrix,141,VisBuf,Synthetic,False,0,total,0.35664
07_synth_material_class_matrix,141,VisBuf,Synthetic,False,1,visibility,0.04174
07_synth_material_class_matrix,141,VisBuf,Synthetic,False,2,visutil_histogram,0.02646
07_synth_material_class_matrix,141,VisBuf,Synthetic,False,3,visutil_prefix,0.00216
07_synth_material_class_matrix,141,VisBuf,Synthetic,False,4,visutil_flatten,0.03582
07_synth_material_class_matrix,141,VisBuf,Synthetic,False,5,gbuffer,0.09993
07_synth_material_class_matrix,141,VisBuf,Synthetic,False,6,lighting,0.08954
07_synth_material_class_matrix,141,VisBuf,Synthetic,False,7,tonemap,0.02937
07_synth_material_class_matrix,142,DeferredPrepass,Synthetic,False,0,total,0.27911
07_synth_material_class_matrix,142,DeferredPrepass,Synthetic,False,1,depth_prepass,0.02161
07_synth_material_class_matrix,142,DeferredPrepass,Synthetic,False,2,geometry,0.12918
07_synth_material_class_matrix,142,DeferredPrepass,Synthetic,False,3,lighting,0.08545
07_synth_material_class_matrix,142,DeferredPrepass,Synthetic,False,4,tonemap,0.02973
07_synth_material_class_matrix,143,VisBuf,Synthetic,False,0,total,0.3574
07_synth_material_class_matrix,143,VisBuf,Synthetic,False,1,visibility,0.04188
07_synth_material_class_matrix,143,VisBuf,Synthetic,False,2,visutil_histogram,0.02643
07_synth_material_class_matrix,143,VisBuf,Synthetic,False,3,visutil_prefix,0.00216
07_synth_material_class_matrix,143,VisBuf,Synthetic,False,4,visutil_flatten,0.03582
07_synth_material_class_matrix,143,VisBuf,Synthetic,False,5,gbuffer,0.10002
07_synth_material_class_matrix,143,VisBuf,Synthetic,False,6,lighting,0.08955
07_synth_material_class_matrix,143,VisBuf,Synthetic,False,7,tonemap,0.02939
07_synth_material_class_matrix,144,DeferredPrepass,Synthetic,False,0,total,0.27835
07_synth_material_class_matrix,144,DeferredPrepass,Synthetic,False,1,depth_prepass,0.02153
07_synth_material_class_matrix,144,DeferredPrepass,Synthetic,False,2,geometry,0.1285
07_synth_material_class_matrix,144,DeferredPrepass,Synthetic,False,3,lighting,0.08555
07_synth_material_class_matrix,144,DeferredPrepass,Synthetic,False,4,tonemap,0.02984
07_synth_material_class_matrix,145,VisBuf,Synthetic,False,0,total,0.35986
07_synth_material_class_matrix,145,VisBuf,Synthetic,False,1,visibility,0.04173
07_synth_material_class_matrix,145,VisBuf,Synthetic,False,2,visutil_histogram,0.02649
07_synth_material_class_matrix,145,VisBuf,Synthetic,False,3,visutil_prefix,0.00216
07_synth_material_class_matrix,145,VisBuf,Synthetic,False,4,visutil_flatten,0.03589
07_synth_material_class_matrix,145,VisBuf,Synthetic,False,5,gbuffer,0.10254
07_synth_material_class_matrix,145,VisBuf,Synthetic,False,6,lighting,0.08956
07_synth_material_class_matrix,145,VisBuf,Synthetic,False,7,tonemap,0.02936
07_synth_material_class_matrix,146,DeferredPrepass,Synthetic,False,0,total,0.27936
07_synth_material_class_matrix,146,DeferredPrepass,Synthetic,False,1,depth_prepass,0.02172
07_synth_material_class_matrix,146,DeferredPrepass,Synthetic,False,2,geometry,0.12923
07_synth_material_class_matrix,146,DeferredPrepass,Synthetic,False,3,lighting,0.08546
07_synth_material_class_matrix,146,DeferredPrepass,Synthetic,False,4,tonemap,0.02981
07_synth_material_class_matrix,147,VisBuf,Synthetic,False,0,total,0.36043
07_synth_material_class_matrix,147,VisBuf,Synthetic,False,1,visibility,0.04182
07_synth_material_class_matrix,147,VisBuf,Synthetic,False,2,visutil_histogram,0.02638
07_synth_material_class_matrix,147,VisBuf,Synthetic,False,3,visutil_prefix,0.00215
07_synth_material_class_matrix,147,VisBuf,Synthetic,False,4,visutil_flatten,0.0359
07_synth_material_class_matrix,147,VisBuf,Synthetic,False,5,gbuffer,0.10339
07_synth_material_class_matrix,147,VisBuf,Synthetic,False,6,lighting,0.08972
07_synth_material_class_matrix,147,VisBuf,Synthetic,False,7,tonemap,0.0293
07_synth_material_class_matrix,148,DeferredPrepass,Synthetic,False,0,total,0.27879
07_synth_material_class_matrix,148,DeferredPrepass,Synthetic,False,1,depth_prepass,0.02181
07_synth_material_class_matrix,148,DeferredPrepass,Synthetic,False,2,geometry,0.1285
07_synth_material_class_matrix,148,DeferredPrepass,Synthetic,False,3,lighting,0.08557
07_synth_material_class_matrix,148,DeferredPrepass,Synthetic,False,4,tonemap,0.0299
07_synth_material_class_matrix,149,VisBuf,Synthetic,False,0,total,0.36264
07_synth_material_class_matrix,149,VisBuf,Synthetic,False,1,visibility,0.0417
07_synth_material_class_matrix,149,VisBuf,Synthetic,False,2,visutil_histogram,0.02636
07_synth_material_class_matrix,149,VisBuf,Synthetic,False,3,visutil_prefix,0.00216
07_synth_material_class_matrix,149,VisBuf,Synthetic,False,4,visutil_flatten,0.03595
07_synth_material_class_matrix,149,VisBuf,Synthetic,False,5,gbuffer,0.10639
07_synth_material_class_matrix,149,VisBuf,Synthetic,False,6,lighting,0.08939
07_synth_material_class_matrix,149,VisBuf,Synthetic,False,7,tonemap,0.02929
07_synth_material_class_matrix,150,DeferredPrepass,Synthetic,False,0,total,0.27919
07_synth_material_class_matrix,150,DeferredPrepass,Synthetic,False,1,depth_prepass,0.0216
07_synth_material_class_matrix,150,DeferredPrepass,Synthetic,False,2,geometry,0.12924
07_synth_material_class_matrix,150,DeferredPrepass,Synthetic,False,3,lighting,0.08546
07_synth_material_class_matrix,150,DeferredPrepass,Synthetic,False,4,tonemap,0.02986
07_synth_material_class_matrix,151,VisBuf,Synthetic,False,0,total,0.36368
07_synth_material_class_matrix,151,VisBuf,Synthetic,False,1,visibility,0.04181
07_synth_material_class_matrix,151,VisBuf,Synthetic,False,2,visutil_histogram,0.02635
07_synth_material_class_matrix,151,VisBuf,Synthetic,False,3,visutil_prefix,0.00216
07_synth_material_class_matrix,151,VisBuf,Synthetic,False,4,visutil_flatten,0.03594
07_synth_material_class_matrix,151,VisBuf,Synthetic,False,5,gbuffer,0.10708
07_synth_material_class_matrix,151,VisBuf,Synthetic,False,6,lighting,0.08926
07_synth_material_class_matrix,151,VisBuf,Synthetic,False,7,tonemap,0.02928
07_synth_material_class_matrix,152,DeferredPrepass,Synthetic,False,0,total,0.27784
07_synth_material_class_matrix,152,DeferredPrepass,Synthetic,False,1,depth_prepass,0.02128
07_synth_material_class_matrix,152,DeferredPrepass,Synthetic,False,2,geometry,0.1285
07_synth_material_class_matrix,152,DeferredPrepass,Synthetic,False,3,lighting,0.08545
07_synth_material_class_matrix,152,DeferredPrepass,Synthetic,False,4,tonemap,0.02972
07_synth_material_class_matrix,153,VisBuf,Synthetic,False,0,total,0.36802
07_synth_material_class_matrix,153,VisBuf,Synthetic,False,1,visibility,0.04176
07_synth_material_class_matrix,153,VisBuf,Synthetic,False,2,visutil_histogram,0.02638
07_synth_material_class_matrix,153,VisBuf,Synthetic,False,3,visutil_prefix,0.0021
07_synth_material_class_matrix,153,VisBuf,Synthetic,False,4,visutil_flatten,0.03593
07_synth_material_class_matrix,153,VisBuf,Synthetic,False,5,gbuffer,0.11187
07_synth_material_class_matrix,153,VisBuf,Synthetic,False,6,lighting,0.08903
07_synth_material_class_matrix,153,VisBuf,Synthetic,False,7,tonemap,0.02926
07_synth_material_class_matrix,154,DeferredPrepass,Synthetic,False,0,total,0.27907
07_synth_material_class_matrix,154,DeferredPrepass,Synthetic,False,1,depth_prepass,0.02152
07_synth_material_class_matrix,154,DeferredPrepass,Synthetic,False,2,geometry,0.12921
07_synth_material_class_matrix,154,DeferredPrepass,Synthetic,False,3,lighting,0.08545
07_synth_material_class_matrix,154,DeferredPrepass,Synthetic,False,4,tonemap,0.02994
07_synth_material_class_matrix,155,VisBuf,Synthetic,False,0,total,0.36809
07_synth_material_class_matrix,155,VisBuf,Synthetic,False,1,visibility,0.04186
07_synth_material_class_matrix,155,VisBuf,Synthetic,False,2,visutil_histogram,0.02637
07_synth_material_class_matrix,155,VisBuf,Synthetic,False,3,visutil_prefix,0.0021
07_synth_material_class_matrix,155,VisBuf,Synthetic,False,4,visutil_flatten,0.03593
07_synth_material_class_matrix,155,VisBuf,Synthetic,False,5,gbuffer,0.11131
07_synth_material_class_matrix,155,VisBuf,Synthetic,False,6,lighting,0.08926
07_synth_material_class_matrix,155,VisBuf,Synthetic,False,7,tonemap,0.02929
07_synth_material_class_matrix,156,DeferredPrepass,Synthetic,False,0,total,0.27803
07_synth_material_class_matrix,156,DeferredPrepass,Synthetic,False,1,depth_prepass,0.02148
07_synth_material_class_matrix,156,DeferredPrepass,Synthetic,False,2,geometry,0.12849
07_synth_material_class_matrix,156,DeferredPrepass,Synthetic,False,3,lighting,0.08549
07_synth_material_class_matrix,156,DeferredPrepass,Synthetic,False,4,tonemap,0.02979
07_synth_material_class_matrix,157,VisBuf,Synthetic,False,0,total,0.38061
07_synth_material_class_matrix,157,VisBuf,Synthetic,False,1,visibility,0.04165
07_synth_material_class_matrix,157,VisBuf,Synthetic,False,2,visutil_histogram,0.02648
07_synth_material_class_matrix,157,VisBuf,Synthetic,False,3,visutil_prefix,0.00213
07_synth_material_class_matrix,157,VisBuf,Synthetic,False,4,visutil_flatten,0.0359
07_synth_material_class_matrix,157,VisBuf,Synthetic,False,5,gbuffer,0.12477
07_synth_material_class_matrix,157,VisBuf,Synthetic,False,6,lighting,0.08854
07_synth_material_class_matrix,157,VisBuf,Synthetic,False,7,tonemap,0.0293
07_synth_material_class_matrix,158,DeferredPrepass,Synthetic,False,0,total,0.27983
07_synth_material_class_matrix,158,DeferredPrepass,Synthetic,False,1,depth_prepass,0.02201
07_synth_material_class_matrix,158,DeferredPrepass,Synthetic,False,2,geometry,0.12919
07_synth_material_class_matrix,158,DeferredPrepass,Synthetic,False,3,lighting,0.08557
07_synth_material_class_matrix,158,DeferredPrepass,Synthetic,False,4,tonemap,0.02984
07_synth_material_class_matrix,159,VisBuf,Synthetic,False,0,total,0.38078
07_synth_material_class_matrix,159,VisBuf,Synthetic,False,1,visibility,0.04178
07_synth_material_class_matrix,159,VisBuf,Synthetic,False,2,visutil_histogram,0.02647
07_synth_material_class_matrix,159,VisBuf,Synthetic,False,3,visutil_prefix,0.00212
07_synth_material_class_matrix,159,VisBuf,Synthetic,False,4,visutil_flatten,0.03592
07_synth_material_class_matrix,159,VisBuf,Synthetic,False,5,gbuffer,0.12464
07_synth_material_class_matrix,159,VisBuf,Synthetic,False,6,lighting,0.08884
07_synth_material_class_matrix,159,VisBuf,Synthetic,False,7,tonemap,0.02925
07_synth_material_class_matrix,160,DeferredPrepass,Synthetic,False,0,total,0.27809
07_synth_material_class_matrix,160,DeferredPrepass,Synthetic,False,1,depth_prepass,0.02131
07_synth_material_class_matrix,160,DeferredPrepass,Synthetic,False,2,geometry,0.12854
07_synth_material_class_matrix,160,DeferredPrepass,Synthetic,False,3,lighting,0.08544
07_synth_material_class_matrix,160,DeferredPrepass,Synthetic,False,4,tonemap,0.02988
07_synth_material_class_matrix,161,VisBuf,Synthetic,False,0,total,0.40434
07_synth_material_class_matrix,161,VisBuf,Synthetic,False,1,visibility,0.04204
07_synth_material_class_matrix,161,VisBuf,Synthetic,False,2,visutil_histogram,0.02667
07_synth_material_class_matrix,161,VisBuf,Synthetic,False,3,visutil_prefix,0.00209
07_synth_material_class_matrix,161,VisBuf,Synthetic,False,4,visutil_flatten,0.03586
07_synth_material_class_matrix,161,VisBuf,Synthetic,False,5,gbuffer,0.14468
07_synth_material_class_matrix,161,VisBuf,Synthetic,False,6,lighting,0.0886
07_synth_material_class_matrix,161,VisBuf,Synthetic,False,7,tonemap,0.03254
07_synth_material_class_matrix,162,DeferredPrepass,Synthetic,False,0,total,0.27894
07_synth_material_class_matrix,162,DeferredPrepass,Synthetic,False,1,depth_prepass,0.02164
07_synth_material_class_matrix,162,DeferredPrepass,Synthetic,False,2,geometry,0.1292
07_synth_material_class_matrix,162,DeferredPrepass,Synthetic,False,3,lighting,0.08553
07_synth_material_class_matrix,162,DeferredPrepass,Synthetic,False,4,tonemap,0.02951
07_synth_material_class_matrix,163,VisBuf,Synthetic,False,0,total,0.41016
07_synth_material_class_matrix,163,VisBuf,Synthetic,False,1,visibility,0.04249
07_synth_material_class_matrix,163,VisBuf,Synthetic,False,2,visutil_histogram,0.02686
07_synth_material_class_matrix,163,VisBuf,Synthetic,False,3,visutil_prefix,0.00211
07_synth_material_class_matrix,163,VisBuf,Synthetic,False,4,visutil_flatten,0.03586
07_synth_material_class_matrix,163,VisBuf,Synthetic,False,5,gbuffer,0.14701
07_synth_material_class_matrix,163,VisBuf,Synthetic,False,6,lighting,0.08884
07_synth_material_class_matrix,163,VisBuf,Synthetic,False,7,tonemap,0.03481
07_synth_material_class_matrix,164,DeferredPrepass,Synthetic,False,0,total,0.27827
07_synth_material_class_matrix,164,DeferredPrepass,Synthetic,False,1,depth_prepass,0.02142
07_synth_material_class_matrix,164,DeferredPrepass,Synthetic,False,2,geometry,0.12849
07_synth_material_class_matrix,164,DeferredPrepass,Synthetic,False,3,lighting,0.08544
07_synth_material_class_matrix,164,DeferredPrepass,Synthetic,False,4,tonemap,0.02996
07_synth_material_class_matrix,165,VisBuf,Synthetic,False,0,total,0.43228
07_synth_material_class_matrix,165,VisBuf,Synthetic,False,1,visibility,0.04222
07_synth_material_class_matrix,165,VisBuf,Synthetic,False,2,visutil_histogram,0.02707
07_synth_material_class_matrix,165,VisBuf,Synthetic,False,3,visutil_prefix,0.00207
07_synth_material_class_matrix,165,VisBuf,Synthetic,False,4,visutil_flatten,0.0358
07_synth_material_class_matrix,165,VisBuf,Synthetic,False,5,gbuffer,0.1678
07_synth_material_class_matrix,165,VisBuf,Synthetic,False,6,lighting,0.08892
07_synth_material_class_matrix,165,VisBuf,Synthetic,False,7,tonemap,0.0362
07_synth_material_class_matrix,166,DeferredPrepass,Synthetic,False,0,total,0.27899
07_synth_material_class_matrix,166,DeferredPrepass,Synthetic,False,1,depth_prepass,0.02153
07_synth_material_class_matrix,166,DeferredPrepass,Synthetic,False,2,geometry,0.12928
07_synth_material_class_matrix,166,DeferredPrepass,Synthetic,False,3,lighting,0.08546
07_synth_material_class_matrix,166,DeferredPrepass,Synthetic,False,4,tonemap,0.02986
07_synth_material_class_matrix,167,VisBuf,Synthetic,False,0,total,0.42558
07_synth_material_class_matrix,167,VisBuf,Synthetic,False,1,visibility,0.04216
07_synth_material_class_matrix,167,VisBuf,Synthetic,False,2,visutil_histogram,0.02683
07_synth_material_class_matrix,167,VisBuf,Synthetic,False,3,visutil_prefix,0.00205
07_synth_material_class_matrix,167,VisBuf,Synthetic,False,4,visutil_flatten,0.03582
07_synth_material_class_matrix,167,VisBuf,Synthetic,False,5,gbuffer,0.16472
07_synth_material_class_matrix,167,VisBuf,Synthetic,False,6,lighting,0.0882
07_synth_material_class_matrix,167,VisBuf,Synthetic,False,7,tonemap,0.03354
07_synth_material_class_matrix,168,DeferredPrepass,Synthetic,False,0,total,0.27804
07_synth_material_class_matrix,168,DeferredPrepass,Synthetic,False,1,depth_prepass,0.02127
07_synth_material_class_matrix,168,DeferredPrepass,Synthetic,False,2,geometry,0.1285
07_synth_material_class_matrix,168,DeferredPrepass,Synthetic,False,3,lighting,0.08544
07_synth_material_class_matrix,168,DeferredPrepass,Synthetic,False,4,tonemap,0.02992
07_synth_material_class_matrix,169,VisBuf,Synthetic,False,0,total,0.44288
07_synth_material_class_matrix,169,VisBuf,Synthetic,False,1,visibility,0.04218
07_synth_material_class_matrix,169,VisBuf,Synthetic,False,2,visutil_histogram,0.02716
07_synth_material_class_matrix,169,VisBuf,Synthetic,False,3,visutil_prefix,0.00211
07_synth_material_class_matrix,169,VisBuf,Synthetic,False,4,visutil_flatten,0.03574
07_synth_material_class_matrix,169,VisBuf,Synthetic,False,5,gbuffer,0.17834
07_synth_material_class_matrix,169,VisBuf,Synthetic,False,6,lighting,0.0886
07_synth_material_class_matrix,169,VisBuf,Synthetic,False,7,tonemap,0.03663
07_synth_material_class_matrix,170,DeferredPrepass,Synthetic,False,0,total,0.27928
07_synth_material_class_matrix,170,DeferredPrepass,Synthetic,False,1,depth_prepass,0.02188
07_synth_material_class_matrix,170,DeferredPrepass,Synthetic,False,2,geometry,0.1292
07_synth_material_class_matrix,170,DeferredPrepass,Synthetic,False,3,lighting,0.08546
07_synth_material_class_matrix,170,DeferredPrepass,Synthetic,False,4,tonemap,0.02967
07_synth_material_class_matrix,171,VisBuf,Synthetic,False,0,total,0.44488
07_synth_material_class_matrix,171,VisBuf,Synthetic,False,1,visibility,0.04237
07_synth_material_class_matrix,171,VisBuf,Synthetic,False,2,visutil_histogram,0.02715
07_synth_material_class_matrix,171,VisBuf,Synthetic,False,3,visutil_prefix,0.00211
07_synth_material_class_matrix,171,VisBuf,Synthetic,False,4,visutil_flatten,0.03576
07_synth_material_class_matrix,171,VisBuf,Synthetic,False,5,gbuffer,0.17924
07_synth_material_class_matrix,171,VisBuf,Synthetic,False,6,lighting,0.08862
07_synth_material_class_matrix,171,VisBuf,Synthetic,False,7,tonemap,0.0374
07_synth_material_class_matrix,172,DeferredPrepass,Synthetic,False,0,total,0.2782
07_synth_material_class_matrix,172,DeferredPrepass,Synthetic,False,1,depth_prepass,0.02133
07_synth_material_class_matrix,172,DeferredPrepass,Synthetic,False,2,geometry,0.12855
07_synth_material_class_matrix,172,DeferredPrepass,Synthetic,False,3,lighting,0.08545
07_synth_material_class_matrix,172,DeferredPrepass,Synthetic,False,4,tonemap,0.02991
07_synth_material_class_matrix,173,VisBuf,Synthetic,False,0,total,0.47124
07_synth_material_class_matrix,173,VisBuf,Synthetic,False,1,visibility,0.04206
07_synth_material_class_matrix,173,VisBuf,Synthetic,False,2,visutil_histogram,0.0271
07_synth_material_class_matrix,173,VisBuf,Synthetic,False,3,visutil_prefix,0.00211
07_synth_material_class_matrix,173,VisBuf,Synthetic,False,4,visutil_flatten,0.03575
07_synth_material_class_matrix,173,VisBuf,Synthetic,False,5,gbuffer,0.20822
07_synth_material_class_matrix,173,VisBuf,Synthetic,False,6,lighting,0.08875
07_synth_material_class_matrix,173,VisBuf,Synthetic,False,7,tonemap,0.03499
07_synth_material_class_matrix,174,DeferredPrepass,Synthetic,False,0,total,0.27896
07_synth_material_class_matrix,174,DeferredPrepass,Synthetic,False,1,depth_prepass,0.02162
07_synth_material_class_matrix,174,DeferredPrepass,Synthetic,False,2,geometry,0.12923
07_synth_material_class_matrix,174,DeferredPrepass,Synthetic,False,3,lighting,0.08542
07_synth_material_class_matrix,174,DeferredPrepass,Synthetic,False,4,tonemap,0.02977
07_synth_material_class_matrix,175,VisBuf,Synthetic,False,0,total,0.46705
07_synth_material_class_matrix,175,VisBuf,Synthetic,False,1,visibility,0.0421
07_synth_material_class_matrix,175,VisBuf,Synthetic,False,2,visutil_histogram,0.02698
07_synth_material_class_matrix,175,VisBuf,Synthetic,False,3,visutil_prefix,0.00213
07_synth_material_class_matrix,175,VisBuf,Synthetic,False,4,visutil_flatten,0.0358
07_synth_material_class_matrix,175,VisBuf,Synthetic,False,5,gbuffer,0.20629
07_synth_material_class_matrix,175,VisBuf,Synthetic,False,6,lighting,0.08813
07_synth_material_class_matrix,175,VisBuf,Synthetic,False,7,tonemap,0.03348
07_synth_material_class_matrix,176,DeferredPrepass,Synthetic,False,0,total,0.27808
07_synth_material_class_matrix,176,DeferredPrepass,Synthetic,False,1,depth_prepass,0.02161
07_synth_material_class_matrix,176,DeferredPrepass,Synthetic,False,2,geometry,0.12854
07_synth_material_class_matrix,176,DeferredPrepass,Synthetic,False,3,lighting,0.0855
07_synth_material_class_matrix,176,DeferredPrepass,Synthetic,False,4,tonemap,0.02953
07_synth_material_class_matrix,177,VisBuf,Synthetic,False,0,total,0.54202
07_synth_material_class_matrix,177,VisBuf,Synthetic,False,1,visibility,0.04173
07_synth_material_class_matrix,177,VisBuf,Synthetic,False,2,visutil_histogram,0.02682
07_synth_material_class_matrix,177,VisBuf,Synthetic,False,3,visutil_prefix,0.00244
07_synth_material_class_matrix,177,VisBuf,Synthetic,False,4,visutil_flatten,0.0357
07_synth_material_class_matrix,177,VisBuf,Synthetic,False,5,gbuffer,0.29125
07_synth_material_class_matrix,177,VisBuf,Synthetic,False,6,lighting,0.08525
07_synth_material_class_matrix,177,VisBuf,Synthetic,False,7,tonemap,0.02905
07_synth_material_class_matrix,178,DeferredPrepass,Synthetic,False,0,total,0.27943
07_synth_material_class_matrix,178,DeferredPrepass,Synthetic,False,1,depth_prepass,0.02196
07_synth_material_class_matrix,178,DeferredPrepass,Synthetic,False,2,geometry,0.12924
07_synth_material_class_matrix,178,DeferredPrepass,Synthetic,False,3,lighting,0.08547
07_synth_material_class_matrix,178,DeferredPrepass,Synthetic,False,4,tonemap,0.02981
07_synth_material_class_matrix,179,VisBuf,Synthetic,False,0,total,0.54356
07_synth_material_class_matrix,179,VisBuf,Synthetic,False,1,visibility,0.04188
07_synth_material_class_matrix,179,VisBuf,Synthetic,False,2,visutil_histogram,0.02682
07_synth_material_class_matrix,179,VisBuf,Synthetic,False,3,visutil_prefix,0.00252
07_synth_material_class_matrix,179,VisBuf,Synthetic,False,4,visutil_flatten,0.03576
07_synth_material_class_matrix,179,VisBuf,Synthetic,False,5,gbuffer,0.2909
07_synth_material_class_matrix,179,VisBuf,Synthetic,False,6,lighting,0.08632
07_synth_material_class_matrix,179,VisBuf,Synthetic,False,7,tonemap,0.02901
08_synth_workload_scaling_dense,0,DeferredPrepass,Synthetic,False,0,total,0.19657
08_synth_workload_scaling_dense,0,DeferredPrepass,Synthetic,False,1,depth_prepass,0.00609
08_synth_workload_scaling_dense,0,DeferredPrepass,Synthetic,False,2,geometry,0.06527
08_synth_workload_scaling_dense,0,DeferredPrepass,Synthetic,False,3,lighting,0.08513
08_synth_workload_scaling_dense,0,DeferredPrepass,Synthetic,False,4,tonemap,0.02738
08_synth_workload_scaling_dense,1,VisBuf,Synthetic,False,0,total,0.36407
08_synth_workload_scaling_dense,1,VisBuf,Synthetic,False,1,visibility,0.02016
08_synth_workload_scaling_dense,1,VisBuf,Synthetic,False,2,visutil_histogram,0.02648
08_synth_workload_scaling_dense,1,VisBuf,Synthetic,False,3,visutil_prefix,0.00206
08_synth_workload_scaling_dense,1,VisBuf,Synthetic,False,4,visutil_flatten,0.0337
08_synth_workload_scaling_dense,1,VisBuf,Synthetic,False,5,gbuffer,0.1309
08_synth_workload_scaling_dense,1,VisBuf,Synthetic,False,6,lighting,0.08692
08_synth_workload_scaling_dense,1,VisBuf,Synthetic,False,7,tonemap,0.0313
08_synth_workload_scaling_dense,2,DeferredPrepass,Synthetic,False,0,total,0.19616
08_synth_workload_scaling_dense,2,DeferredPrepass,Synthetic,False,1,depth_prepass,0.00601
08_synth_workload_scaling_dense,2,DeferredPrepass,Synthetic,False,2,geometry,0.06485
08_synth_workload_scaling_dense,2,DeferredPrepass,Synthetic,False,3,lighting,0.08508
08_synth_workload_scaling_dense,2,DeferredPrepass,Synthetic,False,4,tonemap,0.02743
08_synth_workload_scaling_dense,3,VisBuf,Synthetic,False,0,total,0.3619
08_synth_workload_scaling_dense,3,VisBuf,Synthetic,False,1,visibility,0.02012
08_synth_workload_scaling_dense,3,VisBuf,Synthetic,False,2,visutil_histogram,0.02622
08_synth_workload_scaling_dense,3,VisBuf,Synthetic,False,3,visutil_prefix,0.00204
08_synth_workload_scaling_dense,3,VisBuf,Synthetic,False,4,visutil_flatten,0.03368
08_synth_workload_scaling_dense,3,VisBuf,Synthetic,False,5,gbuffer,0.13071
08_synth_workload_scaling_dense,3,VisBuf,Synthetic,False,6,lighting,0.08671
08_synth_workload_scaling_dense,3,VisBuf,Synthetic,False,7,tonemap,0.02991
08_synth_workload_scaling_dense,4,DeferredPrepass,Synthetic,False,0,total,0.19644
08_synth_workload_scaling_dense,4,DeferredPrepass,Synthetic,False,1,depth_prepass,0.00579
08_synth_workload_scaling_dense,4,DeferredPrepass,Synthetic,False,2,geometry,0.06592
08_synth_workload_scaling_dense,4,DeferredPrepass,Synthetic,False,3,lighting,0.08497
08_synth_workload_scaling_dense,4,DeferredPrepass,Synthetic,False,4,tonemap,0.02706
08_synth_workload_scaling_dense,5,VisBuf,Synthetic,False,0,total,0.36247
08_synth_workload_scaling_dense,5,VisBuf,Synthetic,False,1,visibility,0.02012
08_synth_workload_scaling_dense,5,VisBuf,Synthetic,False,2,visutil_histogram,0.02635
08_synth_workload_scaling_dense,5,VisBuf,Synthetic,False,3,visutil_prefix,0.00205
08_synth_workload_scaling_dense,5,VisBuf,Synthetic,False,4,visutil_flatten,0.0337
08_synth_workload_scaling_dense,5,VisBuf,Synthetic,False,5,gbuffer,0.13107
08_synth_workload_scaling_dense,5,VisBuf,Synthetic,False,6,lighting,0.08689
08_synth_workload_scaling_dense,5,VisBuf,Synthetic,False,7,tonemap,0.02989
08_synth_workload_scaling_dense,6,DeferredPrepass,Synthetic,False,0,total,0.19599
08_synth_workload_scaling_dense,6,DeferredPrepass,Synthetic,False,1,depth_prepass,0.0058
08_synth_workload_scaling_dense,6,DeferredPrepass,Synthetic,False,2,geometry,0.06543
08_synth_workload_scaling_dense,6,DeferredPrepass,Synthetic,False,3,lighting,0.08495
08_synth_workload_scaling_dense,6,DeferredPrepass,Synthetic,False,4,tonemap,0.02713
08_synth_workload_scaling_dense,7,VisBuf,Synthetic,False,0,total,0.36206
08_synth_workload_scaling_dense,7,VisBuf,Synthetic,False,1,visibility,0.02013
08_synth_workload_scaling_dense,7,VisBuf,Synthetic,False,2,visutil_histogram,0.02626
08_synth_workload_scaling_dense,7,VisBuf,Synthetic,False,3,visutil_prefix,0.00204
08_synth_workload_scaling_dense,7,VisBuf,Synthetic,False,4,visutil_flatten,0.03369
08_synth_workload_scaling_dense,7,VisBuf,Synthetic,False,5,gbuffer,0.13085
08_synth_workload_scaling_dense,7,VisBuf,Synthetic,False,6,lighting,0.08668
08_synth_workload_scaling_dense,7,VisBuf,Synthetic,False,7,tonemap,0.02994
08_synth_workload_scaling_dense,8,DeferredPrepass,Synthetic,False,0,total,0.20441
08_synth_workload_scaling_dense,8,DeferredPrepass,Synthetic,False,1,depth_prepass,0.00624
08_synth_workload_scaling_dense,8,DeferredPrepass,Synthetic,False,2,geometry,0.07314
08_synth_workload_scaling_dense,8,DeferredPrepass,Synthetic,False,3,lighting,0.08501
08_synth_workload_scaling_dense,8,DeferredPrepass,Synthetic,False,4,tonemap,0.02716
08_synth_workload_scaling_dense,9,VisBuf,Synthetic,False,0,total,0.36256
08_synth_workload_scaling_dense,9,VisBuf,Synthetic,False,1,visibility,0.02013
08_synth_workload_scaling_dense,9,VisBuf,Synthetic,False,2,visutil_histogram,0.02699
08_synth_workload_scaling_dense,9,VisBuf,Synthetic,False,3,visutil_prefix,0.00204
08_synth_workload_scaling_dense,9,VisBuf,Synthetic,False,4,visutil_flatten,0.03393
08_synth_workload_scaling_dense,9,VisBuf,Synthetic,False,5,gbuffer,0.13133
08_synth_workload_scaling_dense,9,VisBuf,Synthetic,False,6,lighting,0.08664
08_synth_workload_scaling_dense,9,VisBuf,Synthetic,False,7,tonemap,0.02986
08_synth_workload_scaling_dense,10,DeferredPrepass,Synthetic,False,0,total,0.20384
08_synth_workload_scaling_dense,10,DeferredPrepass,Synthetic,False,1,depth_prepass,0.00586
08_synth_workload_scaling_dense,10,DeferredPrepass,Synthetic,False,2,geometry,0.0731
08_synth_workload_scaling_dense,10,DeferredPrepass,Synthetic,False,3,lighting,0.085
08_synth_workload_scaling_dense,10,DeferredPrepass,Synthetic,False,4,tonemap,0.02716
08_synth_workload_scaling_dense,11,VisBuf,Synthetic,False,0,total,0.36282
08_synth_workload_scaling_dense,11,VisBuf,Synthetic,False,1,visibility,0.02013
08_synth_workload_scaling_dense,11,VisBuf,Synthetic,False,2,visutil_histogram,0.02696
08_synth_workload_scaling_dense,11,VisBuf,Synthetic,False,3,visutil_prefix,0.00205
08_synth_workload_scaling_dense,11,VisBuf,Synthetic,False,4,visutil_flatten,0.03394
08_synth_workload_scaling_dense,11,VisBuf,Synthetic,False,5,gbuffer,0.13129
08_synth_workload_scaling_dense,11,VisBuf,Synthetic,False,6,lighting,0.0869
08_synth_workload_scaling_dense,11,VisBuf,Synthetic,False,7,tonemap,0.02987
08_synth_workload_scaling_dense,12,DeferredPrepass,Synthetic,False,0,total,0.20939
08_synth_workload_scaling_dense,12,DeferredPrepass,Synthetic,False,1,depth_prepass,0.00668
08_synth_workload_scaling_dense,12,DeferredPrepass,Synthetic,False,2,geometry,0.07741
08_synth_workload_scaling_dense,12,DeferredPrepass,Synthetic,False,3,lighting,0.08505
08_synth_workload_scaling_dense,12,DeferredPrepass,Synthetic,False,4,tonemap,0.02731
08_synth_workload_scaling_dense,13,VisBuf,Synthetic,False,0,total,0.36588
08_synth_workload_scaling_dense,13,VisBuf,Synthetic,False,1,visibility,0.02198
08_synth_workload_scaling_dense,13,VisBuf,Synthetic,False,2,visutil_histogram,0.02725
08_synth_workload_scaling_dense,13,VisBuf,Synthetic,False,3,visutil_prefix,0.00205
08_synth_workload_scaling_dense,13,VisBuf,Synthetic,False,4,visutil_flatten,0.03477
08_synth_workload_scaling_dense,13,VisBuf,Synthetic,False,5,gbuffer,0.13194
08_synth_workload_scaling_dense,13,VisBuf,Synthetic,False,6,lighting,0.08683
08_synth_workload_scaling_dense,13,VisBuf,Synthetic,False,7,tonemap,0.02992
08_synth_workload_scaling_dense,14,DeferredPrepass,Synthetic,False,0,total,0.20937
08_synth_workload_scaling_dense,14,DeferredPrepass,Synthetic,False,1,depth_prepass,0.0067
08_synth_workload_scaling_dense,14,DeferredPrepass,Synthetic,False,2,geometry,0.07755
08_synth_workload_scaling_dense,14,DeferredPrepass,Synthetic,False,3,lighting,0.08506
08_synth_workload_scaling_dense,14,DeferredPrepass,Synthetic,False,4,tonemap,0.02721
08_synth_workload_scaling_dense,15,VisBuf,Synthetic,False,0,total,0.36541
08_synth_workload_scaling_dense,15,VisBuf,Synthetic,False,1,visibility,0.02193
08_synth_workload_scaling_dense,15,VisBuf,Synthetic,False,2,visutil_histogram,0.02718
08_synth_workload_scaling_dense,15,VisBuf,Synthetic,False,3,visutil_prefix,0.00205
08_synth_workload_scaling_dense,15,VisBuf,Synthetic,False,4,visutil_flatten,0.03473
08_synth_workload_scaling_dense,15,VisBuf,Synthetic,False,5,gbuffer,0.13172
08_synth_workload_scaling_dense,15,VisBuf,Synthetic,False,6,lighting,0.08681
08_synth_workload_scaling_dense,15,VisBuf,Synthetic,False,7,tonemap,0.02989
08_synth_workload_scaling_dense,16,DeferredPrepass,Synthetic,False,0,total,0.20762
08_synth_workload_scaling_dense,16,DeferredPrepass,Synthetic,False,1,depth_prepass,0.00678
08_synth_workload_scaling_dense,16,DeferredPrepass,Synthetic,False,2,geometry,0.07576
08_synth_workload_scaling_dense,16,DeferredPrepass,Synthetic,False,3,lighting,0.08501
08_synth_workload_scaling_dense,16,DeferredPrepass,Synthetic,False,4,tonemap,0.02718
08_synth_workload_scaling_dense,17,VisBuf,Synthetic,False,0,total,0.36527
08_synth_workload_scaling_dense,17,VisBuf,Synthetic,False,1,visibility,0.02183
08_synth_workload_scaling_dense,17,VisBuf,Synthetic,False,2,visutil_histogram,0.02699
08_synth_workload_scaling_dense,17,VisBuf,Synthetic,False,3,visutil_prefix,0.00205
08_synth_workload_scaling_dense,17,VisBuf,Synthetic,False,4,visutil_flatten,0.03443
08_synth_workload_scaling_dense,17,VisBuf,Synthetic,False,5,gbuffer,0.13189
08_synth_workload_scaling_dense,17,VisBuf,Synthetic,False,6,lighting,0.08679
08_synth_workload_scaling_dense,17,VisBuf,Synthetic,False,7,tonemap,0.02987
08_synth_workload_scaling_dense,18,DeferredPrepass,Synthetic,False,0,total,0.20736
08_synth_workload_scaling_dense,18,DeferredPrepass,Synthetic,False,1,depth_prepass,0.00659
08_synth_workload_scaling_dense,18,DeferredPrepass,Synthetic,False,2,geometry,0.07509
08_synth_workload_scaling_dense,18,DeferredPrepass,Synthetic,False,3,lighting,0.08512
08_synth_workload_scaling_dense,18,DeferredPrepass,Synthetic,False,4,tonemap,0.02772
08_synth_workload_scaling_dense,19,VisBuf,Synthetic,False,0,total,0.36419
08_synth_workload_scaling_dense,19,VisBuf,Synthetic,False,1,visibility,0.02182
08_synth_workload_scaling_dense,19,VisBuf,Synthetic,False,2,visutil_histogram,0.027
08_synth_workload_scaling_dense,19,VisBuf,Synthetic,False,3,visutil_prefix,0.00205
08_synth_workload_scaling_dense,19,VisBuf,Synthetic,False,4,visutil_flatten,0.03447
08_synth_workload_scaling_dense,19,VisBuf,Synthetic,False,5,gbuffer,0.13076
08_synth_workload_scaling_dense,19,VisBuf,Synthetic,False,6,lighting,0.08688
08_synth_workload_scaling_dense,19,VisBuf,Synthetic,False,7,tonemap,0.02994
08_synth_workload_scaling_dense,20,DeferredPrepass,Synthetic,False,0,total,0.19956
08_synth_workload_scaling_dense,20,DeferredPrepass,Synthetic,False,1,depth_prepass,0.00699
08_synth_workload_scaling_dense,20,DeferredPrepass,Synthetic,False,2,geometry,0.0672
08_synth_workload_scaling_dense,20,DeferredPrepass,Synthetic,False,3,lighting,0.08497
08_synth_workload_scaling_dense,20,DeferredPrepass,Synthetic,False,4,tonemap,0.02752
08_synth_workload_scaling_dense,21,VisBuf,Synthetic,False,0,total,0.36308
08_synth_workload_scaling_dense,21,VisBuf,Synthetic,False,1,visibility,0.02152
08_synth_workload_scaling_dense,21,VisBuf,Synthetic,False,2,visutil_histogram,0.02639
08_synth_workload_scaling_dense,21,VisBuf,Synthetic,False,3,visutil_prefix,0.00205
08_synth_workload_scaling_dense,21,VisBuf,Synthetic,False,4,visutil_flatten,0.03358
08_synth_workload_scaling_dense,21,VisBuf,Synthetic,False,5,gbuffer,0.12991
08_synth_workload_scaling_dense,21,VisBuf,Synthetic,False,6,lighting,0.08698
08_synth_workload_scaling_dense,21,VisBuf,Synthetic,False,7,tonemap,0.02993
08_synth_workload_scaling_dense,22,DeferredPrepass,Synthetic,False,0,total,0.19913
08_synth_workload_scaling_dense,22,DeferredPrepass,Synthetic,False,1,depth_prepass,0.00661
08_synth_workload_scaling_dense,22,DeferredPrepass,Synthetic,False,2,geometry,0.06723
08_synth_workload_scaling_dense,22,DeferredPrepass,Synthetic,False,3,lighting,0.08501
08_synth_workload_scaling_dense,22,DeferredPrepass,Synthetic,False,4,tonemap,0.02755
08_synth_workload_scaling_dense,23,VisBuf,Synthetic,False,0,total,0.36157
08_synth_workload_scaling_dense,23,VisBuf,Synthetic,False,1,visibility,0.02155
08_synth_workload_scaling_dense,23,VisBuf,Synthetic,False,2,visutil_histogram,0.02631
08_synth_workload_scaling_dense,23,VisBuf,Synthetic,False,3,visutil_prefix,0.00205
08_synth_workload_scaling_dense,23,VisBuf,Synthetic,False,4,visutil_flatten,0.03359
08_synth_workload_scaling_dense,23,VisBuf,Synthetic,False,5,gbuffer,0.12834
08_synth_workload_scaling_dense,23,VisBuf,Synthetic,False,6,lighting,0.08707
08_synth_workload_scaling_dense,23,VisBuf,Synthetic,False,7,tonemap,0.02997
08_synth_workload_scaling_dense,24,DeferredPrepass,Synthetic,False,0,total,0.21651
08_synth_workload_scaling_dense,24,DeferredPrepass,Synthetic,False,1,depth_prepass,0.00687
08_synth_workload_scaling_dense,24,DeferredPrepass,Synthetic,False,2,geometry,0.08462
08_synth_workload_scaling_dense,24,DeferredPrepass,Synthetic,False,3,lighting,0.08509
08_synth_workload_scaling_dense,24,DeferredPrepass,Synthetic,False,4,tonemap,0.02725
08_synth_workload_scaling_dense,25,VisBuf,Synthetic,False,0,total,0.37045
08_synth_workload_scaling_dense,25,VisBuf,Synthetic,False,1,visibility,0.0237
08_synth_workload_scaling_dense,25,VisBuf,Synthetic,False,2,visutil_histogram,0.02731
08_synth_workload_scaling_dense,25,VisBuf,Synthetic,False,3,visutil_prefix,0.00206
08_synth_workload_scaling_dense,25,VisBuf,Synthetic,False,4,visutil_flatten,0.03537
08_synth_workload_scaling_dense,25,VisBuf,Synthetic,False,5,gbuffer,0.13239
08_synth_workload_scaling_dense,25,VisBuf,Synthetic,False,6,lighting,0.08746
08_synth_workload_scaling_dense,25,VisBuf,Synthetic,False,7,tonemap,0.0298
08_synth_workload_scaling_dense,26,DeferredPrepass,Synthetic,False,0,total,0.21695
08_synth_workload_scaling_dense,26,DeferredPrepass,Synthetic,False,1,depth_prepass,0.00701
08_synth_workload_scaling_dense,26,DeferredPrepass,Synthetic,False,2,geometry,0.08472
08_synth_workload_scaling_dense,26,DeferredPrepass,Synthetic,False,3,lighting,0.08511
08_synth_workload_scaling_dense,26,DeferredPrepass,Synthetic,False,4,tonemap,0.02736
08_synth_workload_scaling_dense,27,VisBuf,Synthetic,False,0,total,0.37023
08_synth_workload_scaling_dense,27,VisBuf,Synthetic,False,1,visibility,0.02377
08_synth_workload_scaling_dense,27,VisBuf,Synthetic,False,2,visutil_histogram,0.0273
08_synth_workload_scaling_dense,27,VisBuf,Synthetic,False,3,visutil_prefix,0.00206
08_synth_workload_scaling_dense,27,VisBuf,Synthetic,False,4,visutil_flatten,0.03536
08_synth_workload_scaling_dense,27,VisBuf,Synthetic,False,5,gbuffer,0.13202
08_synth_workload_scaling_dense,27,VisBuf,Synthetic,False,6,lighting,0.0875
08_synth_workload_scaling_dense,27,VisBuf,Synthetic,False,7,tonemap,0.02985
08_synth_workload_scaling_dense,28,DeferredPrepass,Synthetic,False,0,total,0.21709
08_synth_workload_scaling_dense,28,DeferredPrepass,Synthetic,False,1,depth_prepass,0.00704
08_synth_workload_scaling_dense,28,DeferredPrepass,Synthetic,False,2,geometry,0.08441
08_synth_workload_scaling_dense,28,DeferredPrepass,Synthetic,False,3,lighting,0.08519
08_synth_workload_scaling_dense,28,DeferredPrepass,Synthetic,False,4,tonemap,0.02778
08_synth_workload_scaling_dense,29,VisBuf,Synthetic,False,0,total,0.37108
08_synth_workload_scaling_dense,29,VisBuf,Synthetic,False,1,visibility,0.02361
08_synth_workload_scaling_dense,29,VisBuf,Synthetic,False,2,visutil_histogram,0.02722
08_synth_workload_scaling_dense,29,VisBuf,Synthetic,False,3,visutil_prefix,0.00205
08_synth_workload_scaling_dense,29,VisBuf,Synthetic,False,4,visutil_flatten,0.03504
08_synth_workload_scaling_dense,29,VisBuf,Synthetic,False,5,gbuffer,0.13263
08_synth_workload_scaling_dense,29,VisBuf,Synthetic,False,6,lighting,0.08747
08_synth_workload_scaling_dense,29,VisBuf,Synthetic,False,7,tonemap,0.0299
08_synth_workload_scaling_dense,30,DeferredPrepass,Synthetic,False,0,total,0.21729
08_synth_workload_scaling_dense,30,DeferredPrepass,Synthetic,False,1,depth_prepass,0.00726
08_synth_workload_scaling_dense,30,DeferredPrepass,Synthetic,False,2,geometry,0.08451
08_synth_workload_scaling_dense,30,DeferredPrepass,Synthetic,False,3,lighting,0.0851
08_synth_workload_scaling_dense,30,DeferredPrepass,Synthetic,False,4,tonemap,0.02753
08_synth_workload_scaling_dense,31,VisBuf,Synthetic,False,0,total,0.37032
08_synth_workload_scaling_dense,31,VisBuf,Synthetic,False,1,visibility,0.0236
08_synth_workload_scaling_dense,31,VisBuf,Synthetic,False,2,visutil_histogram,0.02724
08_synth_workload_scaling_dense,31,VisBuf,Synthetic,False,3,visutil_prefix,0.00205
08_synth_workload_scaling_dense,31,VisBuf,Synthetic,False,4,visutil_flatten,0.03504
08_synth_workload_scaling_dense,31,VisBuf,Synthetic,False,5,gbuffer,0.13231
08_synth_workload_scaling_dense,31,VisBuf,Synthetic,False,6,lighting,0.08741
08_synth_workload_scaling_dense,31,VisBuf,Synthetic,False,7,tonemap,0.02987
08_synth_workload_scaling_dense,32,DeferredPrepass,Synthetic,False,0,total,0.21572
08_synth_workload_scaling_dense,32,DeferredPrepass,Synthetic,False,1,depth_prepass,0.00762
08_synth_workload_scaling_dense,32,DeferredPrepass,Synthetic,False,2,geometry,0.08273
08_synth_workload_scaling_dense,32,DeferredPrepass,Synthetic,False,3,lighting,0.08507
08_synth_workload_scaling_dense,32,DeferredPrepass,Synthetic,False,4,tonemap,0.02734
08_synth_workload_scaling_dense,33,VisBuf,Synthetic,False,0,total,0.36795
08_synth_workload_scaling_dense,33,VisBuf,Synthetic,False,1,visibility,0.02301
08_synth_workload_scaling_dense,33,VisBuf,Synthetic,False,2,visutil_histogram,0.02707
08_synth_workload_scaling_dense,33,VisBuf,Synthetic,False,3,visutil_prefix,0.00206
08_synth_workload_scaling_dense,33,VisBuf,Synthetic,False,4,visutil_flatten,0.03419
08_synth_workload_scaling_dense,33,VisBuf,Synthetic,False,5,gbuffer,0.13208
08_synth_workload_scaling_dense,33,VisBuf,Synthetic,False,6,lighting,0.08738
08_synth_workload_scaling_dense,33,VisBuf,Synthetic,False,7,tonemap,0.02988
08_synth_workload_scaling_dense,34,DeferredPrepass,Synthetic,False,0,total,0.2158
08_synth_workload_scaling_dense,34,DeferredPrepass,Synthetic,False,1,depth_prepass,0.0076
08_synth_workload_scaling_dense,34,DeferredPrepass,Synthetic,False,2,geometry,0.08277
08_synth_workload_scaling_dense,34,DeferredPrepass,Synthetic,False,3,lighting,0.08514
08_synth_workload_scaling_dense,34,DeferredPrepass,Synthetic,False,4,tonemap,0.02737
08_synth_workload_scaling_dense,35,VisBuf,Synthetic,False,0,total,0.36781
08_synth_workload_scaling_dense,35,VisBuf,Synthetic,False,1,visibility,0.02307
08_synth_workload_scaling_dense,35,VisBuf,Synthetic,False,2,visutil_histogram,0.02701
08_synth_workload_scaling_dense,35,VisBuf,Synthetic,False,3,visutil_prefix,0.00206
08_synth_workload_scaling_dense,35,VisBuf,Synthetic,False,4,visutil_flatten,0.03422
08_synth_workload_scaling_dense,35,VisBuf,Synthetic,False,5,gbuffer,0.13208
08_synth_workload_scaling_dense,35,VisBuf,Synthetic,False,6,lighting,0.08735
08_synth_workload_scaling_dense,35,VisBuf,Synthetic,False,7,tonemap,0.02985
08_synth_workload_scaling_dense,36,DeferredPrepass,Synthetic,False,0,total,0.22141
08_synth_workload_scaling_dense,36,DeferredPrepass,Synthetic,False,1,depth_prepass,0.00851
08_synth_workload_scaling_dense,36,DeferredPrepass,Synthetic,False,2,geometry,0.08666
08_synth_workload_scaling_dense,36,DeferredPrepass,Synthetic,False,3,lighting,0.08526
08_synth_workload_scaling_dense,36,DeferredPrepass,Synthetic,False,4,tonemap,0.02816
08_synth_workload_scaling_dense,37,VisBuf,Synthetic,False,0,total,0.37607
08_synth_workload_scaling_dense,37,VisBuf,Synthetic,False,1,visibility,0.02661
08_synth_workload_scaling_dense,37,VisBuf,Synthetic,False,2,visutil_histogram,0.02809
08_synth_workload_scaling_dense,37,VisBuf,Synthetic,False,3,visutil_prefix,0.00206
08_synth_workload_scaling_dense,37,VisBuf,Synthetic,False,4,visutil_flatten,0.03666
08_synth_workload_scaling_dense,37,VisBuf,Synthetic,False,5,gbuffer,0.13359
08_synth_workload_scaling_dense,37,VisBuf,Synthetic,False,6,lighting,0.08765
08_synth_workload_scaling_dense,37,VisBuf,Synthetic,False,7,tonemap,0.02985
08_synth_workload_scaling_dense,38,DeferredPrepass,Synthetic,False,0,total,0.22093
08_synth_workload_scaling_dense,38,DeferredPrepass,Synthetic,False,1,depth_prepass,0.00837
08_synth_workload_scaling_dense,38,DeferredPrepass,Synthetic,False,2,geometry,0.08652
08_synth_workload_scaling_dense,38,DeferredPrepass,Synthetic,False,3,lighting,0.08521
08_synth_workload_scaling_dense,38,DeferredPrepass,Synthetic,False,4,tonemap,0.028
08_synth_workload_scaling_dense,39,VisBuf,Synthetic,False,0,total,0.37586
08_synth_workload_scaling_dense,39,VisBuf,Synthetic,False,1,visibility,0.02657
08_synth_workload_scaling_dense,39,VisBuf,Synthetic,False,2,visutil_histogram,0.02808
08_synth_workload_scaling_dense,39,VisBuf,Synthetic,False,3,visutil_prefix,0.00206
08_synth_workload_scaling_dense,39,VisBuf,Synthetic,False,4,visutil_flatten,0.03664
08_synth_workload_scaling_dense,39,VisBuf,Synthetic,False,5,gbuffer,0.13345
08_synth_workload_scaling_dense,39,VisBuf,Synthetic,False,6,lighting,0.08758
08_synth_workload_scaling_dense,39,VisBuf,Synthetic,False,7,tonemap,0.02989
08_synth_workload_scaling_dense,40,DeferredPrepass,Synthetic,False,0,total,0.22046
08_synth_workload_scaling_dense,40,DeferredPrepass,Synthetic,False,1,depth_prepass,0.00876
08_synth_workload_scaling_dense,40,DeferredPrepass,Synthetic,False,2,geometry,0.0847
08_synth_workload_scaling_dense,40,DeferredPrepass,Synthetic,False,3,lighting,0.08542
08_synth_workload_scaling_dense,40,DeferredPrepass,Synthetic,False,4,tonemap,0.02865
08_synth_workload_scaling_dense,41,VisBuf,Synthetic,False,0,total,0.37376
08_synth_workload_scaling_dense,41,VisBuf,Synthetic,False,1,visibility,0.02598
08_synth_workload_scaling_dense,41,VisBuf,Synthetic,False,2,visutil_histogram,0.02773
08_synth_workload_scaling_dense,41,VisBuf,Synthetic,False,3,visutil_prefix,0.00206
08_synth_workload_scaling_dense,41,VisBuf,Synthetic,False,4,visutil_flatten,0.03593
08_synth_workload_scaling_dense,41,VisBuf,Synthetic,False,5,gbuffer,0.13283
08_synth_workload_scaling_dense,41,VisBuf,Synthetic,False,6,lighting,0.08737
08_synth_workload_scaling_dense,41,VisBuf,Synthetic,False,7,tonemap,0.02993
08_synth_workload_scaling_dense,42,DeferredPrepass,Synthetic,False,0,total,0.21979
08_synth_workload_scaling_dense,42,DeferredPrepass,Synthetic,False,1,depth_prepass,0.00903
08_synth_workload_scaling_dense,42,DeferredPrepass,Synthetic,False,2,geometry,0.08467
08_synth_workload_scaling_dense,42,DeferredPrepass,Synthetic,False,3,lighting,0.08533
08_synth_workload_scaling_dense,42,DeferredPrepass,Synthetic,False,4,tonemap,0.02786
08_synth_workload_scaling_dense,43,VisBuf,Synthetic,False,0,total,0.37381
08_synth_workload_scaling_dense,43,VisBuf,Synthetic,False,1,visibility,0.02611
08_synth_workload_scaling_dense,43,VisBuf,Synthetic,False,2,visutil_histogram,0.02777
08_synth_workload_scaling_dense,43,VisBuf,Synthetic,False,3,visutil_prefix,0.00206
08_synth_workload_scaling_dense,43,VisBuf,Synthetic,False,4,visutil_flatten,0.03598
08_synth_workload_scaling_dense,43,VisBuf,Synthetic,False,5,gbuffer,0.13235
08_synth_workload_scaling_dense,43,VisBuf,Synthetic,False,6,lighting,0.08752
08_synth_workload_scaling_dense,43,VisBuf,Synthetic,False,7,tonemap,0.02985
08_synth_workload_scaling_dense,44,DeferredPrepass,Synthetic,False,0,total,0.20941
08_synth_workload_scaling_dense,44,DeferredPrepass,Synthetic,False,1,depth_prepass,0.01006
08_synth_workload_scaling_dense,44,DeferredPrepass,Synthetic,False,2,geometry,0.07408
08_synth_workload_scaling_dense,44,DeferredPrepass,Synthetic,False,3,lighting,0.08519
08_synth_workload_scaling_dense,44,DeferredPrepass,Synthetic,False,4,tonemap,0.02718
08_synth_workload_scaling_dense,45,VisBuf,Synthetic,False,0,total,0.36669
08_synth_workload_scaling_dense,45,VisBuf,Synthetic,False,1,visibility,0.02457
08_synth_workload_scaling_dense,45,VisBuf,Synthetic,False,2,visutil_histogram,0.02641
08_synth_workload_scaling_dense,45,VisBuf,Synthetic,False,3,visutil_prefix,0.00206
08_synth_workload_scaling_dense,45,VisBuf,Synthetic,False,4,visutil_flatten,0.03358
08_synth_workload_scaling_dense,45,VisBuf,Synthetic,False,5,gbuffer,0.13001
08_synth_workload_scaling_dense,45,VisBuf,Synthetic,False,6,lighting,0.08763
08_synth_workload_scaling_dense,45,VisBuf,Synthetic,False,7,tonemap,0.02996
08_synth_workload_scaling_dense,46,DeferredPrepass,Synthetic,False,0,total,0.20985
08_synth_workload_scaling_dense,46,DeferredPrepass,Synthetic,False,1,depth_prepass,0.01008
08_synth_workload_scaling_dense,46,DeferredPrepass,Synthetic,False,2,geometry,0.07425
08_synth_workload_scaling_dense,46,DeferredPrepass,Synthetic,False,3,lighting,0.08523
08_synth_workload_scaling_dense,46,DeferredPrepass,Synthetic,False,4,tonemap,0.02729
08_synth_workload_scaling_dense,47,VisBuf,Synthetic,False,0,total,0.36518
08_synth_workload_scaling_dense,47,VisBuf,Synthetic,False,1,visibility,0.02459
08_synth_workload_scaling_dense,47,VisBuf,Synthetic,False,2,visutil_histogram,0.02617
08_synth_workload_scaling_dense,47,VisBuf,Synthetic,False,3,visutil_prefix,0.00206
08_synth_workload_scaling_dense,47,VisBuf,Synthetic,False,4,visutil_flatten,0.03361
08_synth_workload_scaling_dense,47,VisBuf,Synthetic,False,5,gbuffer,0.12862
08_synth_workload_scaling_dense,47,VisBuf,Synthetic,False,6,lighting,0.08772
08_synth_workload_scaling_dense,47,VisBuf,Synthetic,False,7,tonemap,0.02995
08_synth_workload_scaling_dense,48,DeferredPrepass,Synthetic,False,0,total,0.23315
08_synth_workload_scaling_dense,48,DeferredPrepass,Synthetic,False,1,depth_prepass,0.01026
08_synth_workload_scaling_dense,48,DeferredPrepass,Synthetic,False,2,geometry,0.09624
08_synth_workload_scaling_dense,48,DeferredPrepass,Synthetic,False,3,lighting,0.08537
08_synth_workload_scaling_dense,48,DeferredPrepass,Synthetic,False,4,tonemap,0.0285
08_synth_workload_scaling_dense,49,VisBuf,Synthetic,False,0,total,0.38378
08_synth_workload_scaling_dense,49,VisBuf,Synthetic,False,1,visibility,0.03078
08_synth_workload_scaling_dense,49,VisBuf,Synthetic,False,2,visutil_histogram,0.02805
08_synth_workload_scaling_dense,49,VisBuf,Synthetic,False,3,visutil_prefix,0.00207
08_synth_workload_scaling_dense,49,VisBuf,Synthetic,False,4,visutil_flatten,0.03716
08_synth_workload_scaling_dense,49,VisBuf,Synthetic,False,5,gbuffer,0.13505
08_synth_workload_scaling_dense,49,VisBuf,Synthetic,False,6,lighting,0.08785
08_synth_workload_scaling_dense,49,VisBuf,Synthetic,False,7,tonemap,0.02975
08_synth_workload_scaling_dense,50,DeferredPrepass,Synthetic,False,0,total,0.23293
08_synth_workload_scaling_dense,50,DeferredPrepass,Synthetic,False,1,depth_prepass,0.01015
08_synth_workload_scaling_dense,50,DeferredPrepass,Synthetic,False,2,geometry,0.09614
08_synth_workload_scaling_dense,50,DeferredPrepass,Synthetic,False,3,lighting,0.08537
08_synth_workload_scaling_dense,50,DeferredPrepass,Synthetic,False,4,tonemap,0.0284
08_synth_workload_scaling_dense,51,VisBuf,Synthetic,False,0,total,0.38361
08_synth_workload_scaling_dense,51,VisBuf,Synthetic,False,1,visibility,0.03075
08_synth_workload_scaling_dense,51,VisBuf,Synthetic,False,2,visutil_histogram,0.02811
08_synth_workload_scaling_dense,51,VisBuf,Synthetic,False,3,visutil_prefix,0.00206
08_synth_workload_scaling_dense,51,VisBuf,Synthetic,False,4,visutil_flatten,0.03707
08_synth_workload_scaling_dense,51,VisBuf,Synthetic,False,5,gbuffer,0.13505
08_synth_workload_scaling_dense,51,VisBuf,Synthetic,False,6,lighting,0.0879
08_synth_workload_scaling_dense,51,VisBuf,Synthetic,False,7,tonemap,0.02973
08_synth_workload_scaling_dense,52,DeferredPrepass,Synthetic,False,0,total,0.22986
08_synth_workload_scaling_dense,52,DeferredPrepass,Synthetic,False,1,depth_prepass,0.0109
08_synth_workload_scaling_dense,52,DeferredPrepass,Synthetic,False,2,geometry,0.09248
08_synth_workload_scaling_dense,52,DeferredPrepass,Synthetic,False,3,lighting,0.08549
08_synth_workload_scaling_dense,52,DeferredPrepass,Synthetic,False,4,tonemap,0.02815
08_synth_workload_scaling_dense,53,VisBuf,Synthetic,False,0,total,0.37957
08_synth_workload_scaling_dense,53,VisBuf,Synthetic,False,1,visibility,0.02976
08_synth_workload_scaling_dense,53,VisBuf,Synthetic,False,2,visutil_histogram,0.02791
08_synth_workload_scaling_dense,53,VisBuf,Synthetic,False,3,visutil_prefix,0.00206
08_synth_workload_scaling_dense,53,VisBuf,Synthetic,False,4,visutil_flatten,0.03647
08_synth_workload_scaling_dense,53,VisBuf,Synthetic,False,5,gbuffer,0.13472
08_synth_workload_scaling_dense,53,VisBuf,Synthetic,False,6,lighting,0.08765
08_synth_workload_scaling_dense,53,VisBuf,Synthetic,False,7,tonemap,0.02983
08_synth_workload_scaling_dense,54,DeferredPrepass,Synthetic,False,0,total,0.22905
08_synth_workload_scaling_dense,54,DeferredPrepass,Synthetic,False,1,depth_prepass,0.01037
08_synth_workload_scaling_dense,54,DeferredPrepass,Synthetic,False,2,geometry,0.09207
08_synth_workload_scaling_dense,54,DeferredPrepass,Synthetic,False,3,lighting,0.08552
08_synth_workload_scaling_dense,54,DeferredPrepass,Synthetic,False,4,tonemap,0.02819
08_synth_workload_scaling_dense,55,VisBuf,Synthetic,False,0,total,0.37928
08_synth_workload_scaling_dense,55,VisBuf,Synthetic,False,1,visibility,0.02971
08_synth_workload_scaling_dense,55,VisBuf,Synthetic,False,2,visutil_histogram,0.02781
08_synth_workload_scaling_dense,55,VisBuf,Synthetic,False,3,visutil_prefix,0.00207
08_synth_workload_scaling_dense,55,VisBuf,Synthetic,False,4,visutil_flatten,0.03656
08_synth_workload_scaling_dense,55,VisBuf,Synthetic,False,5,gbuffer,0.13471
08_synth_workload_scaling_dense,55,VisBuf,Synthetic,False,6,lighting,0.08762
08_synth_workload_scaling_dense,55,VisBuf,Synthetic,False,7,tonemap,0.02984
08_synth_workload_scaling_dense,56,DeferredPrepass,Synthetic,False,0,total,0.22262
08_synth_workload_scaling_dense,56,DeferredPrepass,Synthetic,False,1,depth_prepass,0.01228
08_synth_workload_scaling_dense,56,DeferredPrepass,Synthetic,False,2,geometry,0.08445
08_synth_workload_scaling_dense,56,DeferredPrepass,Synthetic,False,3,lighting,0.08539
08_synth_workload_scaling_dense,56,DeferredPrepass,Synthetic,False,4,tonemap,0.02764
08_synth_workload_scaling_dense,57,VisBuf,Synthetic,False,0,total,0.3725
08_synth_workload_scaling_dense,57,VisBuf,Synthetic,False,1,visibility,0.02732
08_synth_workload_scaling_dense,57,VisBuf,Synthetic,False,2,visutil_histogram,0.02679
08_synth_workload_scaling_dense,57,VisBuf,Synthetic,False,3,visutil_prefix,0.00207
08_synth_workload_scaling_dense,57,VisBuf,Synthetic,False,4,visutil_flatten,0.03433
08_synth_workload_scaling_dense,57,VisBuf,Synthetic,False,5,gbuffer,0.13276
08_synth_workload_scaling_dense,57,VisBuf,Synthetic,False,6,lighting,0.08732
08_synth_workload_scaling_dense,57,VisBuf,Synthetic,False,7,tonemap,0.02987
08_synth_workload_scaling_dense,58,DeferredPrepass,Synthetic,False,0,total,0.22261
08_synth_workload_scaling_dense,58,DeferredPrepass,Synthetic,False,1,depth_prepass,0.01243
08_synth_workload_scaling_dense,58,DeferredPrepass,Synthetic,False,2,geometry,0.08428
08_synth_workload_scaling_dense,58,DeferredPrepass,Synthetic,False,3,lighting,0.08555
08_synth_workload_scaling_dense,58,DeferredPrepass,Synthetic,False,4,tonemap,0.02754
08_synth_workload_scaling_dense,59,VisBuf,Synthetic,False,0,total,0.37262
08_synth_workload_scaling_dense,59,VisBuf,Synthetic,False,1,visibility,0.02729
08_synth_workload_scaling_dense,59,VisBuf,Synthetic,False,2,visutil_histogram,0.02704
08_synth_workload_scaling_dense,59,VisBuf,Synthetic,False,3,visutil_prefix,0.00206
08_synth_workload_scaling_dense,59,VisBuf,Synthetic,False,4,visutil_flatten,0.03427
08_synth_workload_scaling_dense,59,VisBuf,Synthetic,False,5,gbuffer,0.13266
08_synth_workload_scaling_dense,59,VisBuf,Synthetic,False,6,lighting,0.08727
08_synth_workload_scaling_dense,59,VisBuf,Synthetic,False,7,tonemap,0.02996
08_synth_workload_scaling_dense,60,DeferredPrepass,Synthetic,False,0,total,0.26026
08_synth_workload_scaling_dense,60,DeferredPrepass,Synthetic,False,1,depth_prepass,0.01477
08_synth_workload_scaling_dense,60,DeferredPrepass,Synthetic,False,2,geometry,0.11692
08_synth_workload_scaling_dense,60,DeferredPrepass,Synthetic,False,3,lighting,0.08575
08_synth_workload_scaling_dense,60,DeferredPrepass,Synthetic,False,4,tonemap,0.0299
08_synth_workload_scaling_dense,61,VisBuf,Synthetic,False,0,total,0.40428
08_synth_workload_scaling_dense,61,VisBuf,Synthetic,False,1,visibility,0.03825
08_synth_workload_scaling_dense,61,VisBuf,Synthetic,False,2,visutil_histogram,0.02707
08_synth_workload_scaling_dense,61,VisBuf,Synthetic,False,3,visutil_prefix,0.0021
08_synth_workload_scaling_dense,61,VisBuf,Synthetic,False,4,visutil_flatten,0.03689
08_synth_workload_scaling_dense,61,VisBuf,Synthetic,False,5,gbuffer,0.14426
08_synth_workload_scaling_dense,61,VisBuf,Synthetic,False,6,lighting,0.08938
08_synth_workload_scaling_dense,61,VisBuf,Synthetic,False,7,tonemap,0.03426
08_synth_workload_scaling_dense,62,DeferredPrepass,Synthetic,False,0,total,0.2598
08_synth_workload_scaling_dense,62,DeferredPrepass,Synthetic,False,1,depth_prepass,0.01441
08_synth_workload_scaling_dense,62,DeferredPrepass,Synthetic,False,2,geometry,0.11686
08_synth_workload_scaling_dense,62,DeferredPrepass,Synthetic,False,3,lighting,0.08571
08_synth_workload_scaling_dense,62,DeferredPrepass,Synthetic,False,4,tonemap,0.02986
08_synth_workload_scaling_dense,63,VisBuf,Synthetic,False,0,total,0.39145
08_synth_workload_scaling_dense,63,VisBuf,Synthetic,False,1,visibility,0.03789
08_synth_workload_scaling_dense,63,VisBuf,Synthetic,False,2,visutil_histogram,0.0267
08_synth_workload_scaling_dense,63,VisBuf,Synthetic,False,3,visutil_prefix,0.00206
08_synth_workload_scaling_dense,63,VisBuf,Synthetic,False,4,visutil_flatten,0.03625
08_synth_workload_scaling_dense,63,VisBuf,Synthetic,False,5,gbuffer,0.13864
08_synth_workload_scaling_dense,63,VisBuf,Synthetic,False,6,lighting,0.08856
08_synth_workload_scaling_dense,63,VisBuf,Synthetic,False,7,tonemap,0.02929
08_synth_workload_scaling_dense,64,DeferredPrepass,Synthetic,False,0,total,0.25159
08_synth_workload_scaling_dense,64,DeferredPrepass,Synthetic,False,1,depth_prepass,0.01561
08_synth_workload_scaling_dense,64,DeferredPrepass,Synthetic,False,2,geometry,0.10802
08_synth_workload_scaling_dense,64,DeferredPrepass,Synthetic,False,3,lighting,0.0857
08_synth_workload_scaling_dense,64,DeferredPrepass,Synthetic,False,4,tonemap,0.02943
08_synth_workload_scaling_dense,65,VisBuf,Synthetic,False,0,total,0.38718
08_synth_workload_scaling_dense,65,VisBuf,Synthetic,False,1,visibility,0.03576
08_synth_workload_scaling_dense,65,VisBuf,Synthetic,False,2,visutil_histogram,0.02697
08_synth_workload_scaling_dense,65,VisBuf,Synthetic,False,3,visutil_prefix,0.00207
08_synth_workload_scaling_dense,65,VisBuf,Synthetic,False,4,visutil_flatten,0.03606
08_synth_workload_scaling_dense,65,VisBuf,Synthetic,False,5,gbuffer,0.13628
08_synth_workload_scaling_dense,65,VisBuf,Synthetic,False,6,lighting,0.08819
08_synth_workload_scaling_dense,65,VisBuf,Synthetic,False,7,tonemap,0.02962
08_synth_workload_scaling_dense,66,DeferredPrepass,Synthetic,False,0,total,0.25065
08_synth_workload_scaling_dense,66,DeferredPrepass,Synthetic,False,1,depth_prepass,0.01548
08_synth_workload_scaling_dense,66,DeferredPrepass,Synthetic,False,2,geometry,0.10767
08_synth_workload_scaling_dense,66,DeferredPrepass,Synthetic,False,3,lighting,0.08553
08_synth_workload_scaling_dense,66,DeferredPrepass,Synthetic,False,4,tonemap,0.02906
08_synth_workload_scaling_dense,67,VisBuf,Synthetic,False,0,total,0.3864
08_synth_workload_scaling_dense,67,VisBuf,Synthetic,False,1,visibility,0.03573
08_synth_workload_scaling_dense,67,VisBuf,Synthetic,False,2,visutil_histogram,0.02686
08_synth_workload_scaling_dense,67,VisBuf,Synthetic,False,3,visutil_prefix,0.00207
08_synth_workload_scaling_dense,67,VisBuf,Synthetic,False,4,visutil_flatten,0.03634
08_synth_workload_scaling_dense,67,VisBuf,Synthetic,False,5,gbuffer,0.13557
08_synth_workload_scaling_dense,67,VisBuf,Synthetic,False,6,lighting,0.08833
08_synth_workload_scaling_dense,67,VisBuf,Synthetic,False,7,tonemap,0.02931
08_synth_workload_scaling_dense,68,DeferredPrepass,Synthetic,False,0,total,0.23246
08_synth_workload_scaling_dense,68,DeferredPrepass,Synthetic,False,1,depth_prepass,0.01857
08_synth_workload_scaling_dense,68,DeferredPrepass,Synthetic,False,2,geometry,0.0877
08_synth_workload_scaling_dense,68,DeferredPrepass,Synthetic,False,3,lighting,0.08553
08_synth_workload_scaling_dense,68,DeferredPrepass,Synthetic,False,4,tonemap,0.02789
08_synth_workload_scaling_dense,69,VisBuf,Synthetic,False,0,total,0.37346
08_synth_workload_scaling_dense,69,VisBuf,Synthetic,False,1,visibility,0.03039
08_synth_workload_scaling_dense,69,VisBuf,Synthetic,False,2,visutil_histogram,0.02595
08_synth_workload_scaling_dense,69,VisBuf,Synthetic,False,3,visutil_prefix,0.00207
08_synth_workload_scaling_dense,69,VisBuf,Synthetic,False,4,visutil_flatten,0.03365
08_synth_workload_scaling_dense,69,VisBuf,Synthetic,False,5,gbuffer,0.1311
08_synth_workload_scaling_dense,69,VisBuf,Synthetic,False,6,lighting,0.08764
08_synth_workload_scaling_dense,69,VisBuf,Synthetic,False,7,tonemap,0.02998
08_synth_workload_scaling_dense,70,DeferredPrepass,Synthetic,False,0,total,0.23249
08_synth_workload_scaling_dense,70,DeferredPrepass,Synthetic,False,1,depth_prepass,0.01827
08_synth_workload_scaling_dense,70,DeferredPrepass,Synthetic,False,2,geometry,0.08773
08_synth_workload_scaling_dense,70,DeferredPrepass,Synthetic,False,3,lighting,0.0856
08_synth_workload_scaling_dense,70,DeferredPrepass,Synthetic,False,4,tonemap,0.02798
08_synth_workload_scaling_dense,71,VisBuf,Synthetic,False,0,total,0.37246
08_synth_workload_scaling_dense,71,VisBuf,Synthetic,False,1,visibility,0.03051
08_synth_workload_scaling_dense,71,VisBuf,Synthetic,False,2,visutil_histogram,0.02593
08_synth_workload_scaling_dense,71,VisBuf,Synthetic,False,3,visutil_prefix,0.00207
08_synth_workload_scaling_dense,71,VisBuf,Synthetic,False,4,visutil_flatten,0.03369
08_synth_workload_scaling_dense,71,VisBuf,Synthetic,False,5,gbuffer,0.12981
08_synth_workload_scaling_dense,71,VisBuf,Synthetic,False,6,lighting,0.08769
08_synth_workload_scaling_dense,71,VisBuf,Synthetic,False,7,tonemap,0.03007
08_synth_workload_scaling_dense,72,DeferredPrepass,Synthetic,False,0,total,0.29181
08_synth_workload_scaling_dense,72,DeferredPrepass,Synthetic,False,1,depth_prepass,0.01981
08_synth_workload_scaling_dense,72,DeferredPrepass,Synthetic,False,2,geometry,0.14375
08_synth_workload_scaling_dense,72,DeferredPrepass,Synthetic,False,3,lighting,0.0858
08_synth_workload_scaling_dense,72,DeferredPrepass,Synthetic,False,4,tonemap,0.02927
08_synth_workload_scaling_dense,73,VisBuf,Synthetic,False,0,total,0.42991
08_synth_workload_scaling_dense,73,VisBuf,Synthetic,False,1,visibility,0.0467
08_synth_workload_scaling_dense,73,VisBuf,Synthetic,False,2,visutil_histogram,0.02635
08_synth_workload_scaling_dense,73,VisBuf,Synthetic,False,3,visutil_prefix,0.00213
08_synth_workload_scaling_dense,73,VisBuf,Synthetic,False,4,visutil_flatten,0.03575
08_synth_workload_scaling_dense,73,VisBuf,Synthetic,False,5,gbuffer,0.16053
08_synth_workload_scaling_dense,73,VisBuf,Synthetic,False,6,lighting,0.08959
08_synth_workload_scaling_dense,73,VisBuf,Synthetic,False,7,tonemap,0.03665
08_synth_workload_scaling_dense,74,DeferredPrepass,Synthetic,False,0,total,0.29184
08_synth_workload_scaling_dense,74,DeferredPrepass,Synthetic,False,1,depth_prepass,0.02007
08_synth_workload_scaling_dense,74,DeferredPrepass,Synthetic,False,2,geometry,0.14364
08_synth_workload_scaling_dense,74,DeferredPrepass,Synthetic,False,3,lighting,0.08583
08_synth_workload_scaling_dense,74,DeferredPrepass,Synthetic,False,4,tonemap,0.02916
08_synth_workload_scaling_dense,75,VisBuf,Synthetic,False,0,total,0.41437
08_synth_workload_scaling_dense,75,VisBuf,Synthetic,False,1,visibility,0.04626
08_synth_workload_scaling_dense,75,VisBuf,Synthetic,False,2,visutil_histogram,0.02602
08_synth_workload_scaling_dense,75,VisBuf,Synthetic,False,3,visutil_prefix,0.0021
08_synth_workload_scaling_dense,75,VisBuf,Synthetic,False,4,visutil_flatten,0.0357
08_synth_workload_scaling_dense,75,VisBuf,Synthetic,False,5,gbuffer,0.15089
08_synth_workload_scaling_dense,75,VisBuf,Synthetic,False,6,lighting,0.08874
08_synth_workload_scaling_dense,75,VisBuf,Synthetic,False,7,tonemap,0.03224
08_synth_workload_scaling_dense,76,DeferredPrepass,Synthetic,False,0,total,0.27901
08_synth_workload_scaling_dense,76,DeferredPrepass,Synthetic,False,1,depth_prepass,0.02139
08_synth_workload_scaling_dense,76,DeferredPrepass,Synthetic,False,2,geometry,0.12896
08_synth_workload_scaling_dense,76,DeferredPrepass,Synthetic,False,3,lighting,0.08579
08_synth_workload_scaling_dense,76,DeferredPrepass,Synthetic,False,4,tonemap,0.02998
08_synth_workload_scaling_dense,77,VisBuf,Synthetic,False,0,total,0.40961
08_synth_workload_scaling_dense,77,VisBuf,Synthetic,False,1,visibility,0.04254
08_synth_workload_scaling_dense,77,VisBuf,Synthetic,False,2,visutil_histogram,0.02694
08_synth_workload_scaling_dense,77,VisBuf,Synthetic,False,3,visutil_prefix,0.00211
08_synth_workload_scaling_dense,77,VisBuf,Synthetic,False,4,visutil_flatten,0.03596
08_synth_workload_scaling_dense,77,VisBuf,Synthetic,False,5,gbuffer,0.14628
08_synth_workload_scaling_dense,77,VisBuf,Synthetic,False,6,lighting,0.08919
08_synth_workload_scaling_dense,77,VisBuf,Synthetic,False,7,tonemap,0.03421
08_synth_workload_scaling_dense,78,DeferredPrepass,Synthetic,False,0,total,0.27979
08_synth_workload_scaling_dense,78,DeferredPrepass,Synthetic,False,1,depth_prepass,0.02162
08_synth_workload_scaling_dense,78,DeferredPrepass,Synthetic,False,2,geometry,0.12959
08_synth_workload_scaling_dense,78,DeferredPrepass,Synthetic,False,3,lighting,0.08581
08_synth_workload_scaling_dense,78,DeferredPrepass,Synthetic,False,4,tonemap,0.02991
08_synth_workload_scaling_dense,79,VisBuf,Synthetic,False,0,total,0.40258
08_synth_workload_scaling_dense,79,VisBuf,Synthetic,False,1,visibility,0.04214
08_synth_workload_scaling_dense,79,VisBuf,Synthetic,False,2,visutil_histogram,0.02671
08_synth_workload_scaling_dense,79,VisBuf,Synthetic,False,3,visutil_prefix,0.00209
08_synth_workload_scaling_dense,79,VisBuf,Synthetic,False,4,visutil_flatten,0.03598
08_synth_workload_scaling_dense,79,VisBuf,Synthetic,False,5,gbuffer,0.14297
08_synth_workload_scaling_dense,79,VisBuf,Synthetic,False,6,lighting,0.08897
08_synth_workload_scaling_dense,79,VisBuf,Synthetic,False,7,tonemap,0.0314
08_synth_workload_scaling_dense,80,DeferredPrepass,Synthetic,False,0,total,0.25206
08_synth_workload_scaling_dense,80,DeferredPrepass,Synthetic,False,1,depth_prepass,0.02523
08_synth_workload_scaling_dense,80,DeferredPrepass,Synthetic,False,2,geometry,0.09988
08_synth_workload_scaling_dense,80,DeferredPrepass,Synthetic,False,3,lighting,0.08563
08_synth_workload_scaling_dense,80,DeferredPrepass,Synthetic,False,4,tonemap,0.02852
08_synth_workload_scaling_dense,81,VisBuf,Synthetic,False,0,total,0.39008
08_synth_workload_scaling_dense,81,VisBuf,Synthetic,False,1,visibility,0.0342
08_synth_workload_scaling_dense,81,VisBuf,Synthetic,False,2,visutil_histogram,0.02735
08_synth_workload_scaling_dense,81,VisBuf,Synthetic,False,3,visutil_prefix,0.00211
08_synth_workload_scaling_dense,81,VisBuf,Synthetic,False,4,visutil_flatten,0.03427
08_synth_workload_scaling_dense,81,VisBuf,Synthetic,False,5,gbuffer,0.13726
08_synth_workload_scaling_dense,81,VisBuf,Synthetic,False,6,lighting,0.08853
08_synth_workload_scaling_dense,81,VisBuf,Synthetic,False,7,tonemap,0.03437
08_synth_workload_scaling_dense,82,DeferredPrepass,Synthetic,False,0,total,0.25316
08_synth_workload_scaling_dense,82,DeferredPrepass,Synthetic,False,1,depth_prepass,0.02587
08_synth_workload_scaling_dense,82,DeferredPrepass,Synthetic,False,2,geometry,0.0999
08_synth_workload_scaling_dense,82,DeferredPrepass,Synthetic,False,3,lighting,0.08561
08_synth_workload_scaling_dense,82,DeferredPrepass,Synthetic,False,4,tonemap,0.0288
08_synth_workload_scaling_dense,83,VisBuf,Synthetic,False,0,total,0.39343
08_synth_workload_scaling_dense,83,VisBuf,Synthetic,False,1,visibility,0.03421
08_synth_workload_scaling_dense,83,VisBuf,Synthetic,False,2,visutil_histogram,0.02766
08_synth_workload_scaling_dense,83,VisBuf,Synthetic,False,3,visutil_prefix,0.00212
08_synth_workload_scaling_dense,83,VisBuf,Synthetic,False,4,visutil_flatten,0.03432
08_synth_workload_scaling_dense,83,VisBuf,Synthetic,False,5,gbuffer,0.13802
08_synth_workload_scaling_dense,83,VisBuf,Synthetic,False,6,lighting,0.08867
08_synth_workload_scaling_dense,83,VisBuf,Synthetic,False,7,tonemap,0.03663
08_synth_workload_scaling_dense,84,DeferredPrepass,Synthetic,False,0,total,0.37339
08_synth_workload_scaling_dense,84,DeferredPrepass,Synthetic,False,1,depth_prepass,0.0357
08_synth_workload_scaling_dense,84,DeferredPrepass,Synthetic,False,2,geometry,0.21208
08_synth_workload_scaling_dense,84,DeferredPrepass,Synthetic,False,3,lighting,0.08551
08_synth_workload_scaling_dense,84,DeferredPrepass,Synthetic,False,4,tonemap,0.02719
08_synth_workload_scaling_dense,85,VisBuf,Synthetic,False,0,total,0.47654
08_synth_workload_scaling_dense,85,VisBuf,Synthetic,False,1,visibility,0.06326
08_synth_workload_scaling_dense,85,VisBuf,Synthetic,False,2,visutil_histogram,0.02522
08_synth_workload_scaling_dense,85,VisBuf,Synthetic,False,3,visutil_prefix,0.00212
08_synth_workload_scaling_dense,85,VisBuf,Synthetic,False,4,visutil_flatten,0.03588
08_synth_workload_scaling_dense,85,VisBuf,Synthetic,False,5,gbuffer,0.19653
08_synth_workload_scaling_dense,85,VisBuf,Synthetic,False,6,lighting,0.08837
08_synth_workload_scaling_dense,85,VisBuf,Synthetic,False,7,tonemap,0.03282
08_synth_workload_scaling_dense,86,DeferredPrepass,Synthetic,False,0,total,0.37396
08_synth_workload_scaling_dense,86,DeferredPrepass,Synthetic,False,1,depth_prepass,0.03592
08_synth_workload_scaling_dense,86,DeferredPrepass,Synthetic,False,2,geometry,0.21213
08_synth_workload_scaling_dense,86,DeferredPrepass,Synthetic,False,3,lighting,0.08557
08_synth_workload_scaling_dense,86,DeferredPrepass,Synthetic,False,4,tonemap,0.02723
08_synth_workload_scaling_dense,87,VisBuf,Synthetic,False,0,total,0.4777
08_synth_workload_scaling_dense,87,VisBuf,Synthetic,False,1,visibility,0.06358
08_synth_workload_scaling_dense,87,VisBuf,Synthetic,False,2,visutil_histogram,0.02521
08_synth_workload_scaling_dense,87,VisBuf,Synthetic,False,3,visutil_prefix,0.00211
08_synth_workload_scaling_dense,87,VisBuf,Synthetic,False,4,visutil_flatten,0.03599
08_synth_workload_scaling_dense,87,VisBuf,Synthetic,False,5,gbuffer,0.19715
08_synth_workload_scaling_dense,87,VisBuf,Synthetic,False,6,lighting,0.08845
08_synth_workload_scaling_dense,87,VisBuf,Synthetic,False,7,tonemap,0.033
08_synth_workload_scaling_dense,88,DeferredPrepass,Synthetic,False,0,total,0.3318
08_synth_workload_scaling_dense,88,DeferredPrepass,Synthetic,False,1,depth_prepass,0.03343
08_synth_workload_scaling_dense,88,DeferredPrepass,Synthetic,False,2,geometry,0.17117
08_synth_workload_scaling_dense,88,DeferredPrepass,Synthetic,False,3,lighting,0.0857
08_synth_workload_scaling_dense,88,DeferredPrepass,Synthetic,False,4,tonemap,0.02846
08_synth_workload_scaling_dense,89,VisBuf,Synthetic,False,0,total,0.42473
08_synth_workload_scaling_dense,89,VisBuf,Synthetic,False,1,visibility,0.0533
08_synth_workload_scaling_dense,89,VisBuf,Synthetic,False,2,visutil_histogram,0.02611
08_synth_workload_scaling_dense,89,VisBuf,Synthetic,False,3,visutil_prefix,0.00208
08_synth_workload_scaling_dense,89,VisBuf,Synthetic,False,4,visutil_flatten,0.03605
08_synth_workload_scaling_dense,89,VisBuf,Synthetic,False,5,gbuffer,0.15586
08_synth_workload_scaling_dense,89,VisBuf,Synthetic,False,6,lighting,0.08874
08_synth_workload_scaling_dense,89,VisBuf,Synthetic,False,7,tonemap,0.0302
08_synth_workload_scaling_dense,90,DeferredPrepass,Synthetic,False,0,total,0.33249
08_synth_workload_scaling_dense,90,DeferredPrepass,Synthetic,False,1,depth_prepass,0.03348
08_synth_workload_scaling_dense,90,DeferredPrepass,Synthetic,False,2,geometry,0.1722
08_synth_workload_scaling_dense,90,DeferredPrepass,Synthetic,False,3,lighting,0.08556
08_synth_workload_scaling_dense,90,DeferredPrepass,Synthetic,False,4,tonemap,0.02832
08_synth_workload_scaling_dense,91,VisBuf,Synthetic,False,0,total,0.44787
08_synth_workload_scaling_dense,91,VisBuf,Synthetic,False,1,visibility,0.05433
08_synth_workload_scaling_dense,91,VisBuf,Synthetic,False,2,visutil_histogram,0.02643
08_synth_workload_scaling_dense,91,VisBuf,Synthetic,False,3,visutil_prefix,0.00212
08_synth_workload_scaling_dense,91,VisBuf,Synthetic,False,4,visutil_flatten,0.03601
08_synth_workload_scaling_dense,91,VisBuf,Synthetic,False,5,gbuffer,0.17247
08_synth_workload_scaling_dense,91,VisBuf,Synthetic,False,6,lighting,0.08928
08_synth_workload_scaling_dense,91,VisBuf,Synthetic,False,7,tonemap,0.03518
08_synth_workload_scaling_dense,92,DeferredPrepass,Synthetic,False,0,total,0.27733
08_synth_workload_scaling_dense,92,DeferredPrepass,Synthetic,False,1,depth_prepass,0.03405
08_synth_workload_scaling_dense,92,DeferredPrepass,Synthetic,False,2,geometry,0.11592
08_synth_workload_scaling_dense,92,DeferredPrepass,Synthetic,False,3,lighting,0.08557
08_synth_workload_scaling_dense,92,DeferredPrepass,Synthetic,False,4,tonemap,0.02892
08_synth_workload_scaling_dense,93,VisBuf,Synthetic,False,0,total,0.38241
08_synth_workload_scaling_dense,93,VisBuf,Synthetic,False,1,visibility,0.03812
08_synth_workload_scaling_dense,93,VisBuf,Synthetic,False,2,visutil_histogram,0.02588
08_synth_workload_scaling_dense,93,VisBuf,Synthetic,False,3,visutil_prefix,0.00207
08_synth_workload_scaling_dense,93,VisBuf,Synthetic,False,4,visutil_flatten,0.03362
08_synth_workload_scaling_dense,93,VisBuf,Synthetic,False,5,gbuffer,0.13222
08_synth_workload_scaling_dense,93,VisBuf,Synthetic,False,6,lighting,0.08826
08_synth_workload_scaling_dense,93,VisBuf,Synthetic,False,7,tonemap,0.03001
08_synth_workload_scaling_dense,94,DeferredPrepass,Synthetic,False,0,total,0.27767
08_synth_workload_scaling_dense,94,DeferredPrepass,Synthetic,False,1,depth_prepass,0.03397
08_synth_workload_scaling_dense,94,DeferredPrepass,Synthetic,False,2,geometry,0.11587
08_synth_workload_scaling_dense,94,DeferredPrepass,Synthetic,False,3,lighting,0.08557
08_synth_workload_scaling_dense,94,DeferredPrepass,Synthetic,False,4,tonemap,0.02926
08_synth_workload_scaling_dense,95,VisBuf,Synthetic,False,0,total,0.38892
08_synth_workload_scaling_dense,95,VisBuf,Synthetic,False,1,visibility,0.03832
08_synth_workload_scaling_dense,95,VisBuf,Synthetic,False,2,visutil_histogram,0.02641
08_synth_workload_scaling_dense,95,VisBuf,Synthetic,False,3,visutil_prefix,0.0021
08_synth_workload_scaling_dense,95,VisBuf,Synthetic,False,4,visutil_flatten,0.03365
08_synth_workload_scaling_dense,95,VisBuf,Synthetic,False,5,gbuffer,0.13354
08_synth_workload_scaling_dense,95,VisBuf,Synthetic,False,6,lighting,0.08928
08_synth_workload_scaling_dense,95,VisBuf,Synthetic,False,7,tonemap,0.03361
08_synth_workload_scaling_dense,96,DeferredPrepass,Synthetic,False,0,total,0.50998
08_synth_workload_scaling_dense,96,DeferredPrepass,Synthetic,False,1,depth_prepass,0.06233
08_synth_workload_scaling_dense,96,DeferredPrepass,Synthetic,False,2,geometry,0.31664
08_synth_workload_scaling_dense,96,DeferredPrepass,Synthetic,False,3,lighting,0.08573
08_synth_workload_scaling_dense,96,DeferredPrepass,Synthetic,False,4,tonemap,0.03178
08_synth_workload_scaling_dense,97,VisBuf,Synthetic,False,0,total,0.55708
08_synth_workload_scaling_dense,97,VisBuf,Synthetic,False,1,visibility,0.08468
08_synth_workload_scaling_dense,97,VisBuf,Synthetic,False,2,visutil_histogram,0.02491
08_synth_workload_scaling_dense,97,VisBuf,Synthetic,False,3,visutil_prefix,0.00216
08_synth_workload_scaling_dense,97,VisBuf,Synthetic,False,4,visutil_flatten,0.03658
08_synth_workload_scaling_dense,97,VisBuf,Synthetic,False,5,gbuffer,0.25737
08_synth_workload_scaling_dense,97,VisBuf,Synthetic,False,6,lighting,0.08796
08_synth_workload_scaling_dense,97,VisBuf,Synthetic,False,7,tonemap,0.03226
08_synth_workload_scaling_dense,98,DeferredPrepass,Synthetic,False,0,total,0.47869
08_synth_workload_scaling_dense,98,DeferredPrepass,Synthetic,False,1,depth_prepass,0.05362
08_synth_workload_scaling_dense,98,DeferredPrepass,Synthetic,False,2,geometry,0.29824
08_synth_workload_scaling_dense,98,DeferredPrepass,Synthetic,False,3,lighting,0.08559
08_synth_workload_scaling_dense,98,DeferredPrepass,Synthetic,False,4,tonemap,0.02782
08_synth_workload_scaling_dense,99,VisBuf,Synthetic,False,0,total,0.52231
08_synth_workload_scaling_dense,99,VisBuf,Synthetic,False,1,visibility,0.08121
08_synth_workload_scaling_dense,99,VisBuf,Synthetic,False,2,visutil_histogram,0.02471
08_synth_workload_scaling_dense,99,VisBuf,Synthetic,False,3,visutil_prefix,0.00216
08_synth_workload_scaling_dense,99,VisBuf,Synthetic,False,4,visutil_flatten,0.03664
08_synth_workload_scaling_dense,99,VisBuf,Synthetic,False,5,gbuffer,0.23086
08_synth_workload_scaling_dense,99,VisBuf,Synthetic,False,6,lighting,0.08681
08_synth_workload_scaling_dense,99,VisBuf,Synthetic,False,7,tonemap,0.02879
08_synth_workload_scaling_dense,100,DeferredPrepass,Synthetic,False,0,total,0.40549
08_synth_workload_scaling_dense,100,DeferredPrepass,Synthetic,False,1,depth_prepass,0.04835
08_synth_workload_scaling_dense,100,DeferredPrepass,Synthetic,False,2,geometry,0.2272
08_synth_workload_scaling_dense,100,DeferredPrepass,Synthetic,False,3,lighting,0.08603
08_synth_workload_scaling_dense,100,DeferredPrepass,Synthetic,False,4,tonemap,0.03009
08_synth_workload_scaling_dense,101,VisBuf,Synthetic,False,0,total,0.49912
08_synth_workload_scaling_dense,101,VisBuf,Synthetic,False,1,visibility,0.07015
08_synth_workload_scaling_dense,101,VisBuf,Synthetic,False,2,visutil_histogram,0.02599
08_synth_workload_scaling_dense,101,VisBuf,Synthetic,False,3,visutil_prefix,0.00214
08_synth_workload_scaling_dense,101,VisBuf,Synthetic,False,4,visutil_flatten,0.03629
08_synth_workload_scaling_dense,101,VisBuf,Synthetic,False,5,gbuffer,0.21023
08_synth_workload_scaling_dense,101,VisBuf,Synthetic,False,6,lighting,0.08862
08_synth_workload_scaling_dense,101,VisBuf,Synthetic,False,7,tonemap,0.03398
08_synth_workload_scaling_dense,102,DeferredPrepass,Synthetic,False,0,total,0.39522
08_synth_workload_scaling_dense,102,DeferredPrepass,Synthetic,False,1,depth_prepass,0.04515
08_synth_workload_scaling_dense,102,DeferredPrepass,Synthetic,False,2,geometry,0.22376
08_synth_workload_scaling_dense,102,DeferredPrepass,Synthetic,False,3,lighting,0.08556
08_synth_workload_scaling_dense,102,DeferredPrepass,Synthetic,False,4,tonemap,0.02728
08_synth_workload_scaling_dense,103,VisBuf,Synthetic,False,0,total,0.48926
08_synth_workload_scaling_dense,103,VisBuf,Synthetic,False,1,visibility,0.06914
08_synth_workload_scaling_dense,103,VisBuf,Synthetic,False,2,visutil_histogram,0.02587
08_synth_workload_scaling_dense,103,VisBuf,Synthetic,False,3,visutil_prefix,0.0021
08_synth_workload_scaling_dense,103,VisBuf,Synthetic,False,4,visutil_flatten,0.03651
08_synth_workload_scaling_dense,103,VisBuf,Synthetic,False,5,gbuffer,0.20187
08_synth_workload_scaling_dense,103,VisBuf,Synthetic,False,6,lighting,0.08907
08_synth_workload_scaling_dense,103,VisBuf,Synthetic,False,7,tonemap,0.03245
08_synth_workload_scaling_dense,104,DeferredPrepass,Synthetic,False,0,total,0.30231
08_synth_workload_scaling_dense,104,DeferredPrepass,Synthetic,False,1,depth_prepass,0.04016
08_synth_workload_scaling_dense,104,DeferredPrepass,Synthetic,False,2,geometry,0.13384
08_synth_workload_scaling_dense,104,DeferredPrepass,Synthetic,False,3,lighting,0.08562
08_synth_workload_scaling_dense,104,DeferredPrepass,Synthetic,False,4,tonemap,0.02977
08_synth_workload_scaling_dense,105,VisBuf,Synthetic,False,0,total,0.40988
08_synth_workload_scaling_dense,105,VisBuf,Synthetic,False,1,visibility,0.04436
08_synth_workload_scaling_dense,105,VisBuf,Synthetic,False,2,visutil_histogram,0.02766
08_synth_workload_scaling_dense,105,VisBuf,Synthetic,False,3,visutil_prefix,0.00213
08_synth_workload_scaling_dense,105,VisBuf,Synthetic,False,4,visutil_flatten,0.03428
08_synth_workload_scaling_dense,105,VisBuf,Synthetic,False,5,gbuffer,0.14279
08_synth_workload_scaling_dense,105,VisBuf,Synthetic,False,6,lighting,0.0898
08_synth_workload_scaling_dense,105,VisBuf,Synthetic,False,7,tonemap,0.03729
08_synth_workload_scaling_dense,106,DeferredPrepass,Synthetic,False,0,total,0.30485
08_synth_workload_scaling_dense,106,DeferredPrepass,Synthetic,False,1,depth_prepass,0.04103
08_synth_workload_scaling_dense,106,DeferredPrepass,Synthetic,False,2,geometry,0.13401
08_synth_workload_scaling_dense,106,DeferredPrepass,Synthetic,False,3,lighting,0.08605
08_synth_workload_scaling_dense,106,DeferredPrepass,Synthetic,False,4,tonemap,0.03018
08_synth_workload_scaling_dense,107,VisBuf,Synthetic,False,0,total,0.39975
08_synth_workload_scaling_dense,107,VisBuf,Synthetic,False,1,visibility,0.04391
08_synth_workload_scaling_dense,107,VisBuf,Synthetic,False,2,visutil_histogram,0.02697
08_synth_workload_scaling_dense,107,VisBuf,Synthetic,False,3,visutil_prefix,0.0021
08_synth_workload_scaling_dense,107,VisBuf,Synthetic,False,4,visutil_flatten,0.03432
08_synth_workload_scaling_dense,107,VisBuf,Synthetic,False,5,gbuffer,0.13942
08_synth_workload_scaling_dense,107,VisBuf,Synthetic,False,6,lighting,0.08891
08_synth_workload_scaling_dense,107,VisBuf,Synthetic,False,7,tonemap,0.03285
09_synth_resolution_scaling_dense,0,DeferredPrepass,Synthetic,False,0,total,0.13347
09_synth_resolution_scaling_dense,0,DeferredPrepass,Synthetic,False,1,depth_prepass,0.01382
09_synth_resolution_scaling_dense,0,DeferredPrepass,Synthetic,False,2,geometry,0.07536
09_synth_resolution_scaling_dense,0,DeferredPrepass,Synthetic,False,3,lighting,0.02436
09_synth_resolution_scaling_dense,0,DeferredPrepass,Synthetic,False,4,tonemap,0.0072
09_synth_resolution_scaling_dense,1,VisBuf,Synthetic,False,0,total,0.18818
09_synth_resolution_scaling_dense,1,VisBuf,Synthetic,False,1,visibility,0.0233
09_synth_resolution_scaling_dense,1,VisBuf,Synthetic,False,2,visutil_histogram,0.00856
09_synth_resolution_scaling_dense,1,VisBuf,Synthetic,False,3,visutil_prefix,0.00202
09_synth_resolution_scaling_dense,1,VisBuf,Synthetic,False,4,visutil_flatten,0.0118
09_synth_resolution_scaling_dense,1,VisBuf,Synthetic,False,5,gbuffer,0.07934
09_synth_resolution_scaling_dense,1,VisBuf,Synthetic,False,6,lighting,0.02434
09_synth_resolution_scaling_dense,1,VisBuf,Synthetic,False,7,tonemap,0.00731
09_synth_resolution_scaling_dense,2,DeferredPrepass,Synthetic,False,0,total,0.11913
09_synth_resolution_scaling_dense,2,DeferredPrepass,Synthetic,False,1,depth_prepass,0.01325
09_synth_resolution_scaling_dense,2,DeferredPrepass,Synthetic,False,2,geometry,0.06193
09_synth_resolution_scaling_dense,2,DeferredPrepass,Synthetic,False,3,lighting,0.0241
09_synth_resolution_scaling_dense,2,DeferredPrepass,Synthetic,False,4,tonemap,0.00721
09_synth_resolution_scaling_dense,3,VisBuf,Synthetic,False,0,total,0.18101
09_synth_resolution_scaling_dense,3,VisBuf,Synthetic,False,1,visibility,0.01972
09_synth_resolution_scaling_dense,3,VisBuf,Synthetic,False,2,visutil_histogram,0.00876
09_synth_resolution_scaling_dense,3,VisBuf,Synthetic,False,3,visutil_prefix,0.00195
09_synth_resolution_scaling_dense,3,VisBuf,Synthetic,False,4,visutil_flatten,0.01143
09_synth_resolution_scaling_dense,3,VisBuf,Synthetic,False,5,gbuffer,0.07591
09_synth_resolution_scaling_dense,3,VisBuf,Synthetic,False,6,lighting,0.02414
09_synth_resolution_scaling_dense,3,VisBuf,Synthetic,False,7,tonemap,0.00722
09_synth_resolution_scaling_dense,4,DeferredPrepass,Synthetic,False,0,total,0.09875
09_synth_resolution_scaling_dense,4,DeferredPrepass,Synthetic,False,1,depth_prepass,0.01244
09_synth_resolution_scaling_dense,4,DeferredPrepass,Synthetic,False,2,geometry,0.04217
09_synth_resolution_scaling_dense,4,DeferredPrepass,Synthetic,False,3,lighting,0.02428
09_synth_resolution_scaling_dense,4,DeferredPrepass,Synthetic,False,4,tonemap,0.00721
09_synth_resolution_scaling_dense,5,VisBuf,Synthetic,False,0,total,0.17132
09_synth_resolution_scaling_dense,5,VisBuf,Synthetic,False,1,visibility,0.01427
09_synth_resolution_scaling_dense,5,VisBuf,Synthetic,False,2,visutil_histogram,0.00846
09_synth_resolution_scaling_dense,5,VisBuf,Synthetic,False,3,visutil_prefix,0.0019
09_synth_resolution_scaling_dense,5,VisBuf,Synthetic,False,4,visutil_flatten,0.0108
09_synth_resolution_scaling_dense,5,VisBuf,Synthetic,False,5,gbuffer,0.07297
09_synth_resolution_scaling_dense,5,VisBuf,Synthetic,False,6,lighting,0.02386
09_synth_resolution_scaling_dense,5,VisBuf,Synthetic,False,7,tonemap,0.00722
09_synth_resolution_scaling_dense,6,DeferredPrepass,Synthetic,False,0,total,0.17589
09_synth_resolution_scaling_dense,6,DeferredPrepass,Synthetic,False,1,depth_prepass,0.01542
09_synth_resolution_scaling_dense,6,DeferredPrepass,Synthetic,False,2,geometry,0.09549
09_synth_resolution_scaling_dense,6,DeferredPrepass,Synthetic,False,3,lighting,0.04002
09_synth_resolution_scaling_dense,6,DeferredPrepass,Synthetic,False,4,tonemap,0.01193
09_synth_resolution_scaling_dense,7,VisBuf,Synthetic,False,0,total,0.24056
09_synth_resolution_scaling_dense,7,VisBuf,Synthetic,False,1,visibility,0.02968
09_synth_resolution_scaling_dense,7,VisBuf,Synthetic,False,2,visutil_histogram,0.01304
09_synth_resolution_scaling_dense,7,VisBuf,Synthetic,False,3,visutil_prefix,0.00207
09_synth_resolution_scaling_dense,7,VisBuf,Synthetic,False,4,visutil_flatten,0.01789
09_synth_resolution_scaling_dense,7,VisBuf,Synthetic,False,5,gbuffer,0.09357
09_synth_resolution_scaling_dense,7,VisBuf,Synthetic,False,6,lighting,0.04023
09_synth_resolution_scaling_dense,7,VisBuf,Synthetic,False,7,tonemap,0.01253
09_synth_resolution_scaling_dense,8,DeferredPrepass,Synthetic,False,0,total,0.1622
09_synth_resolution_scaling_dense,8,DeferredPrepass,Synthetic,False,1,depth_prepass,0.01607
09_synth_resolution_scaling_dense,8,DeferredPrepass,Synthetic,False,2,geometry,0.08167
09_synth_resolution_scaling_dense,8,DeferredPrepass,Synthetic,False,3,lighting,0.03987
09_synth_resolution_scaling_dense,8,DeferredPrepass,Synthetic,False,4,tonemap,0.01188
09_synth_resolution_scaling_dense,9,VisBuf,Synthetic,False,0,total,0.2335
09_synth_resolution_scaling_dense,9,VisBuf,Synthetic,False,1,visibility,0.02599
09_synth_resolution_scaling_dense,9,VisBuf,Synthetic,False,2,visutil_histogram,0.01326
09_synth_resolution_scaling_dense,9,VisBuf,Synthetic,False,3,visutil_prefix,0.00205
09_synth_resolution_scaling_dense,9,VisBuf,Synthetic,False,4,visutil_flatten,0.01786
09_synth_resolution_scaling_dense,9,VisBuf,Synthetic,False,5,gbuffer,0.09119
09_synth_resolution_scaling_dense,9,VisBuf,Synthetic,False,6,lighting,0.03979
09_synth_resolution_scaling_dense,9,VisBuf,Synthetic,False,7,tonemap,0.01222
09_synth_resolution_scaling_dense,10,DeferredPrepass,Synthetic,False,0,total,0.13966
09_synth_resolution_scaling_dense,10,DeferredPrepass,Synthetic,False,1,depth_prepass,0.01692
09_synth_resolution_scaling_dense,10,DeferredPrepass,Synthetic,False,2,geometry,0.05843
09_synth_resolution_scaling_dense,10,DeferredPrepass,Synthetic,False,3,lighting,0.03973
09_synth_resolution_scaling_dense,10,DeferredPrepass,Synthetic,False,4,tonemap,0.01186
09_synth_resolution_scaling_dense,11,VisBuf,Synthetic,False,0,total,0.22236
09_synth_resolution_scaling_dense,11,VisBuf,Synthetic,False,1,visibility,0.01938
09_synth_resolution_scaling_dense,11,VisBuf,Synthetic,False,2,visutil_histogram,0.01317
09_synth_resolution_scaling_dense,11,VisBuf,Synthetic,False,3,visutil_prefix,0.00199
09_synth_resolution_scaling_dense,11,VisBuf,Synthetic,False,4,visutil_flatten,0.0171
09_synth_resolution_scaling_dense,11,VisBuf,Synthetic,False,5,gbuffer,0.0873
09_synth_resolution_scaling_dense,11,VisBuf,Synthetic,False,6,lighting,0.03952
09_synth_resolution_scaling_dense,11,VisBuf,Synthetic,False,7,tonemap,0.0119
09_synth_resolution_scaling_dense,12,DeferredPrepass,Synthetic,False,0,total,0.22999
09_synth_resolution_scaling_dense,12,DeferredPrepass,Synthetic,False,1,depth_prepass,0.01741
09_synth_resolution_scaling_dense,12,DeferredPrepass,Synthetic,False,2,geometry,0.11847
09_synth_resolution_scaling_dense,12,DeferredPrepass,Synthetic,False,3,lighting,0.06072
09_synth_resolution_scaling_dense,12,DeferredPrepass,Synthetic,False,4,tonemap,0.02036
09_synth_resolution_scaling_dense,13,VisBuf,Synthetic,False,0,total,0.31355
09_synth_resolution_scaling_dense,13,VisBuf,Synthetic,False,1,visibility,0.03696
09_synth_resolution_scaling_dense,13,VisBuf,Synthetic,False,2,visutil_histogram,0.01878
09_synth_resolution_scaling_dense,13,VisBuf,Synthetic,False,3,visutil_prefix,0.00207
09_synth_resolution_scaling_dense,13,VisBuf,Synthetic,False,4,visutil_flatten,0.02577
09_synth_resolution_scaling_dense,13,VisBuf,Synthetic,False,5,gbuffer,0.1157
09_synth_resolution_scaling_dense,13,VisBuf,Synthetic,False,6,lighting,0.06274
09_synth_resolution_scaling_dense,13,VisBuf,Synthetic,False,7,tonemap,0.02013
09_synth_resolution_scaling_dense,14,DeferredPrepass,Synthetic,False,0,total,0.21665
09_synth_resolution_scaling_dense,14,DeferredPrepass,Synthetic,False,1,depth_prepass,0.01871
09_synth_resolution_scaling_dense,14,DeferredPrepass,Synthetic,False,2,geometry,0.10457
09_synth_resolution_scaling_dense,14,DeferredPrepass,Synthetic,False,3,lighting,0.06064
09_synth_resolution_scaling_dense,14,DeferredPrepass,Synthetic,False,4,tonemap,0.01988
09_synth_resolution_scaling_dense,15,VisBuf,Synthetic,False,0,total,0.30789
09_synth_resolution_scaling_dense,15,VisBuf,Synthetic,False,1,visibility,0.03332
09_synth_resolution_scaling_dense,15,VisBuf,Synthetic,False,2,visutil_histogram,0.01928
09_synth_resolution_scaling_dense,15,VisBuf,Synthetic,False,3,visutil_prefix,0.00207
09_synth_resolution_scaling_dense,15,VisBuf,Synthetic,False,4,visutil_flatten,0.02584
09_synth_resolution_scaling_dense,15,VisBuf,Synthetic,False,5,gbuffer,0.11267
09_synth_resolution_scaling_dense,15,VisBuf,Synthetic,False,6,lighting,0.06231
09_synth_resolution_scaling_dense,15,VisBuf,Synthetic,False,7,tonemap,0.02041
09_synth_resolution_scaling_dense,16,DeferredPrepass,Synthetic,False,0,total,0.19023
09_synth_resolution_scaling_dense,16,DeferredPrepass,Synthetic,False,1,depth_prepass,0.02097
09_synth_resolution_scaling_dense,16,DeferredPrepass,Synthetic,False,2,geometry,0.0786
09_synth_resolution_scaling_dense,16,DeferredPrepass,Synthetic,False,3,lighting,0.0603
09_synth_resolution_scaling_dense,16,DeferredPrepass,Synthetic,False,4,tonemap,0.01758
09_synth_resolution_scaling_dense,17,VisBuf,Synthetic,False,0,total,0.30112
09_synth_resolution_scaling_dense,17,VisBuf,Synthetic,False,1,visibility,0.02662
09_synth_resolution_scaling_dense,17,VisBuf,Synthetic,False,2,visutil_histogram,0.01949
09_synth_resolution_scaling_dense,17,VisBuf,Synthetic,False,3,visutil_prefix,0.0021
09_synth_resolution_scaling_dense,17,VisBuf,Synthetic,False,4,visutil_flatten,0.02497
09_synth_resolution_scaling_dense,17,VisBuf,Synthetic,False,5,gbuffer,0.11169
09_synth_resolution_scaling_dense,17,VisBuf,Synthetic,False,6,lighting,0.06133
09_synth_resolution_scaling_dense,17,VisBuf,Synthetic,False,7,tonemap,0.0225
09_synth_resolution_scaling_dense,18,DeferredPrepass,Synthetic,False,0,total,0.29255
09_synth_resolution_scaling_dense,18,DeferredPrepass,Synthetic,False,1,depth_prepass,0.02038
09_synth_resolution_scaling_dense,18,DeferredPrepass,Synthetic,False,2,geometry,0.14378
09_synth_resolution_scaling_dense,18,DeferredPrepass,Synthetic,False,3,lighting,0.08582
09_synth_resolution_scaling_dense,18,DeferredPrepass,Synthetic,False,4,tonemap,0.0294
09_synth_resolution_scaling_dense,19,VisBuf,Synthetic,False,0,total,0.4275
09_synth_resolution_scaling_dense,19,VisBuf,Synthetic,False,1,visibility,0.04669
09_synth_resolution_scaling_dense,19,VisBuf,Synthetic,False,2,visutil_histogram,0.02632
09_synth_resolution_scaling_dense,19,VisBuf,Synthetic,False,3,visutil_prefix,0.00212
09_synth_resolution_scaling_dense,19,VisBuf,Synthetic,False,4,visutil_flatten,0.03569
09_synth_resolution_scaling_dense,19,VisBuf,Synthetic,False,5,gbuffer,0.15923
09_synth_resolution_scaling_dense,19,VisBuf,Synthetic,False,6,lighting,0.08917
09_synth_resolution_scaling_dense,19,VisBuf,Synthetic,False,7,tonemap,0.03575
09_synth_resolution_scaling_dense,20,DeferredPrepass,Synthetic,False,0,total,0.27909
09_synth_resolution_scaling_dense,20,DeferredPrepass,Synthetic,False,1,depth_prepass,0.02164
09_synth_resolution_scaling_dense,20,DeferredPrepass,Synthetic,False,2,geometry,0.12896
09_synth_resolution_scaling_dense,20,DeferredPrepass,Synthetic,False,3,lighting,0.08577
09_synth_resolution_scaling_dense,20,DeferredPrepass,Synthetic,False,4,tonemap,0.02975
09_synth_resolution_scaling_dense,21,VisBuf,Synthetic,False,0,total,0.40645
09_synth_resolution_scaling_dense,21,VisBuf,Synthetic,False,1,visibility,0.04238
09_synth_resolution_scaling_dense,21,VisBuf,Synthetic,False,2,visutil_histogram,0.0268
09_synth_resolution_scaling_dense,21,VisBuf,Synthetic,False,3,visutil_prefix,0.00209
09_synth_resolution_scaling_dense,21,VisBuf,Synthetic,False,4,visutil_flatten,0.03586
09_synth_resolution_scaling_dense,21,VisBuf,Synthetic,False,5,gbuffer,0.14488
09_synth_resolution_scaling_dense,21,VisBuf,Synthetic,False,6,lighting,0.0892
09_synth_resolution_scaling_dense,21,VisBuf,Synthetic,False,7,tonemap,0.03272
09_synth_resolution_scaling_dense,22,DeferredPrepass,Synthetic,False,0,total,0.25244
09_synth_resolution_scaling_dense,22,DeferredPrepass,Synthetic,False,1,depth_prepass,0.02541
09_synth_resolution_scaling_dense,22,DeferredPrepass,Synthetic,False,2,geometry,0.09988
09_synth_resolution_scaling_dense,22,DeferredPrepass,Synthetic,False,3,lighting,0.0856
09_synth_resolution_scaling_dense,22,DeferredPrepass,Synthetic,False,4,tonemap,0.02877
09_synth_resolution_scaling_dense,23,VisBuf,Synthetic,False,0,total,0.38038
09_synth_resolution_scaling_dense,23,VisBuf,Synthetic,False,1,visibility,0.03396
09_synth_resolution_scaling_dense,23,VisBuf,Synthetic,False,2,visutil_histogram,0.02697
09_synth_resolution_scaling_dense,23,VisBuf,Synthetic,False,3,visutil_prefix,0.00207
09_synth_resolution_scaling_dense,23,VisBuf,Synthetic,False,4,visutil_flatten,0.03425
09_synth_resolution_scaling_dense,23,VisBuf,Synthetic,False,5,gbuffer,0.1336
09_synth_resolution_scaling_dense,23,VisBuf,Synthetic,False,6,lighting,0.0879
09_synth_resolution_scaling_dense,23,VisBuf,Synthetic,False,7,tonemap,0.02994
09_synth_resolution_scaling_dense,24,DeferredPrepass,Synthetic,False,0,total,0.44732
09_synth_resolution_scaling_dense,24,DeferredPrepass,Synthetic,False,1,depth_prepass,0.02462
09_synth_resolution_scaling_dense,24,DeferredPrepass,Synthetic,False,2,geometry,0.20226
09_synth_resolution_scaling_dense,24,DeferredPrepass,Synthetic,False,3,lighting,0.15058
09_synth_resolution_scaling_dense,24,DeferredPrepass,Synthetic,False,4,tonemap,0.05649
09_synth_resolution_scaling_dense,25,VisBuf,Synthetic,False,0,total,0.64367
09_synth_resolution_scaling_dense,25,VisBuf,Synthetic,False,1,visibility,0.06565
09_synth_resolution_scaling_dense,25,VisBuf,Synthetic,False,2,visutil_histogram,0.04468
09_synth_resolution_scaling_dense,25,VisBuf,Synthetic,False,3,visutil_prefix,0.00225
09_synth_resolution_scaling_dense,25,VisBuf,Synthetic,False,4,visutil_flatten,0.06166
09_synth_resolution_scaling_dense,25,VisBuf,Synthetic,False,5,gbuffer,0.22487
09_synth_resolution_scaling_dense,25,VisBuf,Synthetic,False,6,lighting,0.15103
09_synth_resolution_scaling_dense,25,VisBuf,Synthetic,False,7,tonemap,0.0615
09_synth_resolution_scaling_dense,26,DeferredPrepass,Synthetic,False,0,total,0.43315
09_synth_resolution_scaling_dense,26,DeferredPrepass,Synthetic,False,1,depth_prepass,0.02598
09_synth_resolution_scaling_dense,26,DeferredPrepass,Synthetic,False,2,geometry,0.1868
09_synth_resolution_scaling_dense,26,DeferredPrepass,Synthetic,False,3,lighting,0.15063
09_synth_resolution_scaling_dense,26,DeferredPrepass,Synthetic,False,4,tonemap,0.05642
09_synth_resolution_scaling_dense,27,VisBuf,Synthetic,False,0,total,0.62206
09_synth_resolution_scaling_dense,27,VisBuf,Synthetic,False,1,visibility,0.06134
09_synth_resolution_scaling_dense,27,VisBuf,Synthetic,False,2,visutil_histogram,0.04504
09_synth_resolution_scaling_dense,27,VisBuf,Synthetic,False,3,visutil_prefix,0.00217
09_synth_resolution_scaling_dense,27,VisBuf,Synthetic,False,4,visutil_flatten,0.0612
09_synth_resolution_scaling_dense,27,VisBuf,Synthetic,False,5,gbuffer,0.21485
09_synth_resolution_scaling_dense,27,VisBuf,Synthetic,False,6,lighting,0.14908
09_synth_resolution_scaling_dense,27,VisBuf,Synthetic,False,7,tonemap,0.05806
09_synth_resolution_scaling_dense,28,DeferredPrepass,Synthetic,False,0,total,0.40493
09_synth_resolution_scaling_dense,28,DeferredPrepass,Synthetic,False,1,depth_prepass,0.03108
09_synth_resolution_scaling_dense,28,DeferredPrepass,Synthetic,False,2,geometry,0.15306
09_synth_resolution_scaling_dense,28,DeferredPrepass,Synthetic,False,3,lighting,0.15104
09_synth_resolution_scaling_dense,28,DeferredPrepass,Synthetic,False,4,tonemap,0.05628
09_synth_resolution_scaling_dense,29,VisBuf,Synthetic,False,0,total,0.59742
09_synth_resolution_scaling_dense,29,VisBuf,Synthetic,False,1,visibility,0.05217
09_synth_resolution_scaling_dense,29,VisBuf,Synthetic,False,2,visutil_histogram,0.04389
09_synth_resolution_scaling_dense,29,VisBuf,Synthetic,False,3,visutil_prefix,0.00222
09_synth_resolution_scaling_dense,29,VisBuf,Synthetic,False,4,visutil_flatten,0.05695
09_synth_resolution_scaling_dense,29,VisBuf,Synthetic,False,5,gbuffer,0.20497
09_synth_resolution_scaling_dense,29,VisBuf,Synthetic,False,6,lighting,0.14921
09_synth_resolution_scaling_dense,29,VisBuf,Synthetic,False,7,tonemap,0.05761
09_synth_resolution_scaling_dense,30,DeferredPrepass,Synthetic,False,0,total,0.64594
09_synth_resolution_scaling_dense,30,DeferredPrepass,Synthetic,False,1,depth_prepass,0.02965
09_synth_resolution_scaling_dense,30,DeferredPrepass,Synthetic,False,2,geometry,0.27364
09_synth_resolution_scaling_dense,30,DeferredPrepass,Synthetic,False,3,lighting,0.2338
09_synth_resolution_scaling_dense,30,DeferredPrepass,Synthetic,False,4,tonemap,0.09481
09_synth_resolution_scaling_dense,31,VisBuf,Synthetic,False,0,total,0.92937
09_synth_resolution_scaling_dense,31,VisBuf,Synthetic,False,1,visibility,0.08923
09_synth_resolution_scaling_dense,31,VisBuf,Synthetic,False,2,visutil_histogram,0.07022
09_synth_resolution_scaling_dense,31,VisBuf,Synthetic,False,3,visutil_prefix,0.00248
09_synth_resolution_scaling_dense,31,VisBuf,Synthetic,False,4,visutil_flatten,0.09685
09_synth_resolution_scaling_dense,31,VisBuf,Synthetic,False,5,gbuffer,0.32034
09_synth_resolution_scaling_dense,31,VisBuf,Synthetic,False,6,lighting,0.22528
09_synth_resolution_scaling_dense,31,VisBuf,Synthetic,False,7,tonemap,0.0944
09_synth_resolution_scaling_dense,32,DeferredPrepass,Synthetic,False,0,total,0.62999
09_synth_resolution_scaling_dense,32,DeferredPrepass,Synthetic,False,1,depth_prepass,0.03146
09_synth_resolution_scaling_dense,32,DeferredPrepass,Synthetic,False,2,geometry,0.25707
09_synth_resolution_scaling_dense,32,DeferredPrepass,Synthetic,False,3,lighting,0.23188
09_synth_resolution_scaling_dense,32,DeferredPrepass,Synthetic,False,4,tonemap,0.09426
09_synth_resolution_scaling_dense,33,VisBuf,Synthetic,False,0,total,0.92713
09_synth_resolution_scaling_dense,33,VisBuf,Synthetic,False,1,visibility,0.08564
09_synth_resolution_scaling_dense,33,VisBuf,Synthetic,False,2,visutil_histogram,0.06978
09_synth_resolution_scaling_dense,33,VisBuf,Synthetic,False,3,visutil_prefix,0.00231
09_synth_resolution_scaling_dense,33,VisBuf,Synthetic,False,4,visutil_flatten,0.0949
09_synth_resolution_scaling_dense,33,VisBuf,Synthetic,False,5,gbuffer,0.32065
09_synth_resolution_scaling_dense,33,VisBuf,Synthetic,False,6,lighting,0.22367
09_synth_resolution_scaling_dense,33,VisBuf,Synthetic,False,7,tonemap,0.10092
09_synth_resolution_scaling_dense,34,DeferredPrepass,Synthetic,False,0,total,0.59943
09_synth_resolution_scaling_dense,34,DeferredPrepass,Synthetic,False,1,depth_prepass,0.03707
09_synth_resolution_scaling_dense,34,DeferredPrepass,Synthetic,False,2,geometry,0.22068
09_synth_resolution_scaling_dense,34,DeferredPrepass,Synthetic,False,3,lighting,0.23301
09_synth_resolution_scaling_dense,34,DeferredPrepass,Synthetic,False,4,tonemap,0.0943
09_synth_resolution_scaling_dense,35,VisBuf,Synthetic,False,0,total,0.8791
09_synth_resolution_scaling_dense,35,VisBuf,Synthetic,False,1,visibility,0.07459
09_synth_resolution_scaling_dense,35,VisBuf,Synthetic,False,2,visutil_histogram,0.06506
09_synth_resolution_scaling_dense,35,VisBuf,Synthetic,False,3,visutil_prefix,0.00231
09_synth_resolution_scaling_dense,35,VisBuf,Synthetic,False,4,visutil_flatten,0.08611
09_synth_resolution_scaling_dense,35,VisBuf,Synthetic,False,5,gbuffer,0.30362
09_synth_resolution_scaling_dense,35,VisBuf,Synthetic,False,6,lighting,0.22352
09_synth_resolution_scaling_dense,35,VisBuf,Synthetic,False,7,tonemap,0.09523
09_synth_resolution_scaling_dense,36,DeferredPrepass,Synthetic,False,0,total,0.87608
09_synth_resolution_scaling_dense,36,DeferredPrepass,Synthetic,False,1,depth_prepass,0.03592
09_synth_resolution_scaling_dense,36,DeferredPrepass,Synthetic,False,2,geometry,0.34906
09_synth_resolution_scaling_dense,36,DeferredPrepass,Synthetic,False,3,lighting,0.32526
09_synth_resolution_scaling_dense,36,DeferredPrepass,Synthetic,False,4,tonemap,0.14886
09_synth_resolution_scaling_dense,37,VisBuf,Synthetic,False,0,total,1.29032
09_synth_resolution_scaling_dense,37,VisBuf,Synthetic,False,1,visibility,0.11554
09_synth_resolution_scaling_dense,37,VisBuf,Synthetic,False,2,visutil_histogram,0.10241
09_synth_resolution_scaling_dense,37,VisBuf,Synthetic,False,3,visutil_prefix,0.00252
09_synth_resolution_scaling_dense,37,VisBuf,Synthetic,False,4,visutil_flatten,0.1416
09_synth_resolution_scaling_dense,37,VisBuf,Synthetic,False,5,gbuffer,0.43924
09_synth_resolution_scaling_dense,37,VisBuf,Synthetic,False,6,lighting,0.31307
09_synth_resolution_scaling_dense,37,VisBuf,Synthetic,False,7,tonemap,0.14754
09_synth_resolution_scaling_dense,38,DeferredPrepass,Synthetic,False,0,total,0.85883
09_synth_resolution_scaling_dense,38,DeferredPrepass,Synthetic,False,1,depth_prepass,0.03719
09_synth_resolution_scaling_dense,38,DeferredPrepass,Synthetic,False,2,geometry,0.33034
09_synth_resolution_scaling_dense,38,DeferredPrepass,Synthetic,False,3,lighting,0.3259
09_synth_resolution_scaling_dense,38,DeferredPrepass,Synthetic,False,4,tonemap,0.14891
09_synth_resolution_scaling_dense,39,VisBuf,Synthetic,False,0,total,1.27062
09_synth_resolution_scaling_dense,39,VisBuf,Synthetic,False,1,visibility,0.11033
09_synth_resolution_scaling_dense,39,VisBuf,Synthetic,False,2,visutil_histogram,0.09982
09_synth_resolution_scaling_dense,39,VisBuf,Synthetic,False,3,visutil_prefix,0.00276
09_synth_resolution_scaling_dense,39,VisBuf,Synthetic,False,4,visutil_flatten,0.13776
09_synth_resolution_scaling_dense,39,VisBuf,Synthetic,False,5,gbuffer,0.43152
09_synth_resolution_scaling_dense,39,VisBuf,Synthetic,False,6,lighting,0.31247
09_synth_resolution_scaling_dense,39,VisBuf,Synthetic,False,7,tonemap,0.14812
09_synth_resolution_scaling_dense,40,DeferredPrepass,Synthetic,False,0,total,0.82249
09_synth_resolution_scaling_dense,40,DeferredPrepass,Synthetic,False,1,depth_prepass,0.04253
09_synth_resolution_scaling_dense,40,DeferredPrepass,Synthetic,False,2,geometry,0.28947
09_synth_resolution_scaling_dense,40,DeferredPrepass,Synthetic,False,3,lighting,0.32562
09_synth_resolution_scaling_dense,40,DeferredPrepass,Synthetic,False,4,tonemap,0.14975
09_synth_resolution_scaling_dense,41,VisBuf,Synthetic,False,0,total,1.23173
09_synth_resolution_scaling_dense,41,VisBuf,Synthetic,False,1,visibility,0.09818
09_synth_resolution_scaling_dense,41,VisBuf,Synthetic,False,2,visutil_histogram,0.09035
09_synth_resolution_scaling_dense,41,VisBuf,Synthetic,False,3,visutil_prefix,0.00275
09_synth_resolution_scaling_dense,41,VisBuf,Synthetic,False,4,visutil_flatten,0.12391
09_synth_resolution_scaling_dense,41,VisBuf,Synthetic,False,5,gbuffer,0.42138
09_synth_resolution_scaling_dense,41,VisBuf,Synthetic,False,6,lighting,0.31291
09_synth_resolution_scaling_dense,41,VisBuf,Synthetic,False,7,tonemap,0.15242
10_synth_seed_robustness_dense,0,DeferredPrepass,Synthetic,False,0,total,0.27135
10_synth_seed_robustness_dense,0,DeferredPrepass,Synthetic,False,1,depth_prepass,0.02206
10_synth_seed_robustness_dense,0,DeferredPrepass,Synthetic,False,2,geometry,0.12179
10_synth_seed_robustness_dense,0,DeferredPrepass,Synthetic,False,3,lighting,0.0855
10_synth_seed_robustness_dense,0,DeferredPrepass,Synthetic,False,4,tonemap,0.02925
10_synth_seed_robustness_dense,1,VisBuf,Synthetic,False,0,total,0.40433
10_synth_seed_robustness_dense,1,VisBuf,Synthetic,False,1,visibility,0.03983
10_synth_seed_robustness_dense,1,VisBuf,Synthetic,False,2,visutil_histogram,0.02684
10_synth_seed_robustness_dense,1,VisBuf,Synthetic,False,3,visutil_prefix,0.0021
10_synth_seed_robustness_dense,1,VisBuf,Synthetic,False,4,visutil_flatten,0.03524
10_synth_seed_robustness_dense,1,VisBuf,Synthetic,False,5,gbuffer,0.14493
10_synth_seed_robustness_dense,1,VisBuf,Synthetic,False,6,lighting,0.08859
10_synth_seed_robustness_dense,1,VisBuf,Synthetic,False,7,tonemap,0.03437
10_synth_seed_robustness_dense,2,DeferredPrepass,Synthetic,False,0,total,0.27216
10_synth_seed_robustness_dense,2,DeferredPrepass,Synthetic,False,1,depth_prepass,0.02225
10_synth_seed_robustness_dense,2,DeferredPrepass,Synthetic,False,2,geometry,0.12194
10_synth_seed_robustness_dense,2,DeferredPrepass,Synthetic,False,3,lighting,0.08549
10_synth_seed_robustness_dense,2,DeferredPrepass,Synthetic,False,4,tonemap,0.02956
10_synth_seed_robustness_dense,3,VisBuf,Synthetic,False,0,total,0.3923
10_synth_seed_robustness_dense,3,VisBuf,Synthetic,False,1,visibility,0.03911
10_synth_seed_robustness_dense,3,VisBuf,Synthetic,False,2,visutil_histogram,0.0265
10_synth_seed_robustness_dense,3,VisBuf,Synthetic,False,3,visutil_prefix,0.00206
10_synth_seed_robustness_dense,3,VisBuf,Synthetic,False,4,visutil_flatten,0.03524
10_synth_seed_robustness_dense,3,VisBuf,Synthetic,False,5,gbuffer,0.13989
10_synth_seed_robustness_dense,3,VisBuf,Synthetic,False,6,lighting,0.08788
10_synth_seed_robustness_dense,3,VisBuf,Synthetic,False,7,tonemap,0.02941
10_synth_seed_robustness_dense,4,DeferredPrepass,Synthetic,False,0,total,0.27276
10_synth_seed_robustness_dense,4,DeferredPrepass,Synthetic,False,1,depth_prepass,0.02218
10_synth_seed_robustness_dense,4,DeferredPrepass,Synthetic,False,2,geometry,0.12193
10_synth_seed_robustness_dense,4,DeferredPrepass,Synthetic,False,3,lighting,0.08562
10_synth_seed_robustness_dense,4,DeferredPrepass,Synthetic,False,4,tonemap,0.03004
10_synth_seed_robustness_dense,5,VisBuf,Synthetic,False,0,total,0.38405
10_synth_seed_robustness_dense,5,VisBuf,Synthetic,False,1,visibility,0.03912
10_synth_seed_robustness_dense,5,VisBuf,Synthetic,False,2,visutil_histogram,0.02643
10_synth_seed_robustness_dense,5,VisBuf,Synthetic,False,3,visutil_prefix,0.00206
10_synth_seed_robustness_dense,5,VisBuf,Synthetic,False,4,visutil_flatten,0.03518
10_synth_seed_robustness_dense,5,VisBuf,Synthetic,False,5,gbuffer,0.13109
10_synth_seed_robustness_dense,5,VisBuf,Synthetic,False,6,lighting,0.0882
10_synth_seed_robustness_dense,5,VisBuf,Synthetic,False,7,tonemap,0.02949
10_synth_seed_robustness_dense,6,DeferredPrepass,Synthetic,False,0,total,0.26941
10_synth_seed_robustness_dense,6,DeferredPrepass,Synthetic,False,1,depth_prepass,0.02268
10_synth_seed_robustness_dense,6,DeferredPrepass,Synthetic,False,2,geometry,0.11813
10_synth_seed_robustness_dense,6,DeferredPrepass,Synthetic,False,3,lighting,0.08564
10_synth_seed_robustness_dense,6,DeferredPrepass,Synthetic,False,4,tonemap,0.03
10_synth_seed_robustness_dense,7,VisBuf,Synthetic,False,0,total,0.40621
10_synth_seed_robustness_dense,7,VisBuf,Synthetic,False,1,visibility,0.03941
10_synth_seed_robustness_dense,7,VisBuf,Synthetic,False,2,visutil_histogram,0.02694
10_synth_seed_robustness_dense,7,VisBuf,Synthetic,False,3,visutil_prefix,0.00212
10_synth_seed_robustness_dense,7,VisBuf,Synthetic,False,4,visutil_flatten,0.03518
10_synth_seed_robustness_dense,7,VisBuf,Synthetic,False,5,gbuffer,0.14438
10_synth_seed_robustness_dense,7,VisBuf,Synthetic,False,6,lighting,0.08917
10_synth_seed_robustness_dense,7,VisBuf,Synthetic,False,7,tonemap,0.03638
10_synth_seed_robustness_dense,8,DeferredPrepass,Synthetic,False,0,total,0.27262
10_synth_seed_robustness_dense,8,DeferredPrepass,Synthetic,False,1,depth_prepass,0.02249
10_synth_seed_robustness_dense,8,DeferredPrepass,Synthetic,False,2,geometry,0.12208
10_synth_seed_robustness_dense,8,DeferredPrepass,Synthetic,False,3,lighting,0.08545
10_synth_seed_robustness_dense,8,DeferredPrepass,Synthetic,False,4,tonemap,0.02962
10_synth_seed_robustness_dense,9,VisBuf,Synthetic,False,0,total,0.40837
10_synth_seed_robustness_dense,9,VisBuf,Synthetic,False,1,visibility,0.0396
10_synth_seed_robustness_dense,9,VisBuf,Synthetic,False,2,visutil_histogram,0.02703
10_synth_seed_robustness_dense,9,VisBuf,Synthetic,False,3,visutil_prefix,0.00212
10_synth_seed_robustness_dense,9,VisBuf,Synthetic,False,4,visutil_flatten,0.03519
10_synth_seed_robustness_dense,9,VisBuf,Synthetic,False,5,gbuffer,0.14559
10_synth_seed_robustness_dense,9,VisBuf,Synthetic,False,6,lighting,0.08937
10_synth_seed_robustness_dense,9,VisBuf,Synthetic,False,7,tonemap,0.03678
10_synth_seed_robustness_dense,10,DeferredPrepass,Synthetic,False,0,total,0.27198
10_synth_seed_robustness_dense,10,DeferredPrepass,Synthetic,False,1,depth_prepass,0.02239
10_synth_seed_robustness_dense,10,DeferredPrepass,Synthetic,False,2,geometry,0.1214
10_synth_seed_robustness_dense,10,DeferredPrepass,Synthetic,False,3,lighting,0.08554
10_synth_seed_robustness_dense,10,DeferredPrepass,Synthetic,False,4,tonemap,0.02978
10_synth_seed_robustness_dense,11,VisBuf,Synthetic,False,0,total,0.39173
10_synth_seed_robustness_dense,11,VisBuf,Synthetic,False,1,visibility,0.03895
10_synth_seed_robustness_dense,11,VisBuf,Synthetic,False,2,visutil_histogram,0.02642
10_synth_seed_robustness_dense,11,VisBuf,Synthetic,False,3,visutil_prefix,0.00206
10_synth_seed_robustness_dense,11,VisBuf,Synthetic,False,4,visutil_flatten,0.03521
10_synth_seed_robustness_dense,11,VisBuf,Synthetic,False,5,gbuffer,0.1393
10_synth_seed_robustness_dense,11,VisBuf,Synthetic,False,6,lighting,0.08786
10_synth_seed_robustness_dense,11,VisBuf,Synthetic,False,7,tonemap,0.02939
10_synth_seed_robustness_dense,12,DeferredPrepass,Synthetic,False,0,total,0.27196
10_synth_seed_robustness_dense,12,DeferredPrepass,Synthetic,False,1,depth_prepass,0.02225
10_synth_seed_robustness_dense,12,DeferredPrepass,Synthetic,False,2,geometry,0.12199
10_synth_seed_robustness_dense,12,DeferredPrepass,Synthetic,False,3,lighting,0.08547
10_synth_seed_robustness_dense,12,DeferredPrepass,Synthetic,False,4,tonemap,0.02935
10_synth_seed_robustness_dense,13,VisBuf,Synthetic,False,0,total,0.39177
10_synth_seed_robustness_dense,13,VisBuf,Synthetic,False,1,visibility,0.03912
10_synth_seed_robustness_dense,13,VisBuf,Synthetic,False,2,visutil_histogram,0.02649
10_synth_seed_robustness_dense,13,VisBuf,Synthetic,False,3,visutil_prefix,0.00206
10_synth_seed_robustness_dense,13,VisBuf,Synthetic,False,4,visutil_flatten,0.03519
10_synth_seed_robustness_dense,13,VisBuf,Synthetic,False,5,gbuffer,0.13926
10_synth_seed_robustness_dense,13,VisBuf,Synthetic,False,6,lighting,0.08789
10_synth_seed_robustness_dense,13,VisBuf,Synthetic,False,7,tonemap,0.02946
10_synth_seed_robustness_dense,14,DeferredPrepass,Synthetic,False,0,total,0.27158
10_synth_seed_robustness_dense,14,DeferredPrepass,Synthetic,False,1,depth_prepass,0.0224
10_synth_seed_robustness_dense,14,DeferredPrepass,Synthetic,False,2,geometry,0.1215
10_synth_seed_robustness_dense,14,DeferredPrepass,Synthetic,False,3,lighting,0.08545
10_synth_seed_robustness_dense,14,DeferredPrepass,Synthetic,False,4,tonemap,0.02938
10_synth_seed_robustness_dense,15,VisBuf,Synthetic,False,0,total,0.39453
10_synth_seed_robustness_dense,15,VisBuf,Synthetic,False,1,visibility,0.03927
10_synth_seed_robustness_dense,15,VisBuf,Synthetic,False,2,visutil_histogram,0.02676
10_synth_seed_robustness_dense,15,VisBuf,Synthetic,False,3,visutil_prefix,0.0021
10_synth_seed_robustness_dense,15,VisBuf,Synthetic,False,4,visutil_flatten,0.03532
10_synth_seed_robustness_dense,15,VisBuf,Synthetic,False,5,gbuffer,0.13619
10_synth_seed_robustness_dense,15,VisBuf,Synthetic,False,6,lighting,0.08857
10_synth_seed_robustness_dense,15,VisBuf,Synthetic,False,7,tonemap,0.03352
10_synth_seed_robustness_dense,16,DeferredPrepass,Synthetic,False,0,total,0.27171
10_synth_seed_robustness_dense,16,DeferredPrepass,Synthetic,False,1,depth_prepass,0.02225
10_synth_seed_robustness_dense,16,DeferredPrepass,Synthetic,False,2,geometry,0.12154
10_synth_seed_robustness_dense,16,DeferredPrepass,Synthetic,False,3,lighting,0.08542
10_synth_seed_robustness_dense,16,DeferredPrepass,Synthetic,False,4,tonemap,0.02963
10_synth_seed_robustness_dense,17,VisBuf,Synthetic,False,0,total,0.39904
10_synth_seed_robustness_dense,17,VisBuf,Synthetic,False,1,visibility,0.0393
10_synth_seed_robustness_dense,17,VisBuf,Synthetic,False,2,visutil_histogram,0.02672
10_synth_seed_robustness_dense,17,VisBuf,Synthetic,False,3,visutil_prefix,0.00209
10_synth_seed_robustness_dense,17,VisBuf,Synthetic,False,4,visutil_flatten,0.03518
10_synth_seed_robustness_dense,17,VisBuf,Synthetic,False,5,gbuffer,0.14085
10_synth_seed_robustness_dense,17,VisBuf,Synthetic,False,6,lighting,0.08841
10_synth_seed_robustness_dense,17,VisBuf,Synthetic,False,7,tonemap,0.03377
10_synth_seed_robustness_dense,18,DeferredPrepass,Synthetic,False,0,total,0.2712
10_synth_seed_robustness_dense,18,DeferredPrepass,Synthetic,False,1,depth_prepass,0.02235
10_synth_seed_robustness_dense,18,DeferredPrepass,Synthetic,False,2,geometry,0.12127
10_synth_seed_robustness_dense,18,DeferredPrepass,Synthetic,False,3,lighting,0.08541
10_synth_seed_robustness_dense,18,DeferredPrepass,Synthetic,False,4,tonemap,0.02936
10_synth_seed_robustness_dense,19,VisBuf,Synthetic,False,0,total,0.39216
10_synth_seed_robustness_dense,19,VisBuf,Synthetic,False,1,visibility,0.03895
10_synth_seed_robustness_dense,19,VisBuf,Synthetic,False,2,visutil_histogram,0.02646
10_synth_seed_robustness_dense,19,VisBuf,Synthetic,False,3,visutil_prefix,0.00206
10_synth_seed_robustness_dense,19,VisBuf,Synthetic,False,4,visutil_flatten,0.03521
10_synth_seed_robustness_dense,19,VisBuf,Synthetic,False,5,gbuffer,0.13993
10_synth_seed_robustness_dense,19,VisBuf,Synthetic,False,6,lighting,0.08772
10_synth_seed_robustness_dense,19,VisBuf,Synthetic,False,7,tonemap,0.02934
10_synth_seed_robustness_dense,20,DeferredPrepass,Synthetic,False,0,total,0.27179
10_synth_seed_robustness_dense,20,DeferredPrepass,Synthetic,False,1,depth_prepass,0.02207
10_synth_seed_robustness_dense,20,DeferredPrepass,Synthetic,False,2,geometry,0.12218
10_synth_seed_robustness_dense,20,DeferredPrepass,Synthetic,False,3,lighting,0.08547
10_synth_seed_robustness_dense,20,DeferredPrepass,Synthetic,False,4,tonemap,0.02924
10_synth_seed_robustness_dense,21,VisBuf,Synthetic,False,0,total,0.38468
10_synth_seed_robustness_dense,21,VisBuf,Synthetic,False,1,visibility,0.03904
10_synth_seed_robustness_dense,21,VisBuf,Synthetic,False,2,visutil_histogram,0.02645
10_synth_seed_robustness_dense,21,VisBuf,Synthetic,False,3,visutil_prefix,0.00206
10_synth_seed_robustness_dense,21,VisBuf,Synthetic,False,4,visutil_flatten,0.03514
10_synth_seed_robustness_dense,21,VisBuf,Synthetic,False,5,gbuffer,0.13161
10_synth_seed_robustness_dense,21,VisBuf,Synthetic,False,6,lighting,0.0882
10_synth_seed_robustness_dense,21,VisBuf,Synthetic,False,7,tonemap,0.02957
10_synth_seed_robustness_dense,22,DeferredPrepass,Synthetic,False,0,total,0.27213
10_synth_seed_robustness_dense,22,DeferredPrepass,Synthetic,False,1,depth_prepass,0.02221
10_synth_seed_robustness_dense,22,DeferredPrepass,Synthetic,False,2,geometry,0.12201
10_synth_seed_robustness_dense,22,DeferredPrepass,Synthetic,False,3,lighting,0.0855
10_synth_seed_robustness_dense,22,DeferredPrepass,Synthetic,False,4,tonemap,0.02952
10_synth_seed_robustness_dense,23,VisBuf,Synthetic,False,0,total,0.40103
10_synth_seed_robustness_dense,23,VisBuf,Synthetic,False,1,visibility,0.03925
10_synth_seed_robustness_dense,23,VisBuf,Synthetic,False,2,visutil_histogram,0.02674
10_synth_seed_robustness_dense,23,VisBuf,Synthetic,False,3,visutil_prefix,0.00209
10_synth_seed_robustness_dense,23,VisBuf,Synthetic,False,4,visutil_flatten,0.03516
10_synth_seed_robustness_dense,23,VisBuf,Synthetic,False,5,gbuffer,0.14345
10_synth_seed_robustness_dense,23,VisBuf,Synthetic,False,6,lighting,0.08829
10_synth_seed_robustness_dense,23,VisBuf,Synthetic,False,7,tonemap,0.03357
10_synth_seed_robustness_dense,24,DeferredPrepass,Synthetic,False,0,total,0.27181
10_synth_seed_robustness_dense,24,DeferredPrepass,Synthetic,False,1,depth_prepass,0.02216
10_synth_seed_robustness_dense,24,DeferredPrepass,Synthetic,False,2,geometry,0.12159
10_synth_seed_robustness_dense,24,DeferredPrepass,Synthetic,False,3,lighting,0.0855
10_synth_seed_robustness_dense,24,DeferredPrepass,Synthetic,False,4,tonemap,0.02953
10_synth_seed_robustness_dense,25,VisBuf,Synthetic,False,0,total,0.39389
10_synth_seed_robustness_dense,25,VisBuf,Synthetic,False,1,visibility,0.03936
10_synth_seed_robustness_dense,25,VisBuf,Synthetic,False,2,visutil_histogram,0.02673
10_synth_seed_robustness_dense,25,VisBuf,Synthetic,False,3,visutil_prefix,0.00209
10_synth_seed_robustness_dense,25,VisBuf,Synthetic,False,4,visutil_flatten,0.03525
10_synth_seed_robustness_dense,25,VisBuf,Synthetic,False,5,gbuffer,0.13585
10_synth_seed_robustness_dense,25,VisBuf,Synthetic,False,6,lighting,0.08866
10_synth_seed_robustness_dense,25,VisBuf,Synthetic,False,7,tonemap,0.03335
10_synth_seed_robustness_dense,26,DeferredPrepass,Synthetic,False,0,total,0.27206
10_synth_seed_robustness_dense,26,DeferredPrepass,Synthetic,False,1,depth_prepass,0.02232
10_synth_seed_robustness_dense,26,DeferredPrepass,Synthetic,False,2,geometry,0.12163
10_synth_seed_robustness_dense,26,DeferredPrepass,Synthetic,False,3,lighting,0.08552
10_synth_seed_robustness_dense,26,DeferredPrepass,Synthetic,False,4,tonemap,0.02957
10_synth_seed_robustness_dense,27,VisBuf,Synthetic,False,0,total,0.39568
10_synth_seed_robustness_dense,27,VisBuf,Synthetic,False,1,visibility,0.03901
10_synth_seed_robustness_dense,27,VisBuf,Synthetic,False,2,visutil_histogram,0.02649
10_synth_seed_robustness_dense,27,VisBuf,Synthetic,False,3,visutil_prefix,0.00207
10_synth_seed_robustness_dense,27,VisBuf,Synthetic,False,4,visutil_flatten,0.03518
10_synth_seed_robustness_dense,27,VisBuf,Synthetic,False,5,gbuffer,0.14088
10_synth_seed_robustness_dense,27,VisBuf,Synthetic,False,6,lighting,0.08807
10_synth_seed_robustness_dense,27,VisBuf,Synthetic,False,7,tonemap,0.03101
10_synth_seed_robustness_dense,28,DeferredPrepass,Synthetic,False,0,total,0.27204
10_synth_seed_robustness_dense,28,DeferredPrepass,Synthetic,False,1,depth_prepass,0.02254
10_synth_seed_robustness_dense,28,DeferredPrepass,Synthetic,False,2,geometry,0.12063
10_synth_seed_robustness_dense,28,DeferredPrepass,Synthetic,False,3,lighting,0.0856
10_synth_seed_robustness_dense,28,DeferredPrepass,Synthetic,False,4,tonemap,0.03016
10_synth_seed_robustness_dense,29,VisBuf,Synthetic,False,0,total,0.39193
10_synth_seed_robustness_dense,29,VisBuf,Synthetic,False,1,visibility,0.039
10_synth_seed_robustness_dense,29,VisBuf,Synthetic,False,2,visutil_histogram,0.02646
10_synth_seed_robustness_dense,29,VisBuf,Synthetic,False,3,visutil_prefix,0.00206
10_synth_seed_robustness_dense,29,VisBuf,Synthetic,False,4,visutil_flatten,0.03527
10_synth_seed_robustness_dense,29,VisBuf,Synthetic,False,5,gbuffer,0.13943
10_synth_seed_robustness_dense,29,VisBuf,Synthetic,False,6,lighting,0.08785
10_synth_seed_robustness_dense,29,VisBuf,Synthetic,False,7,tonemap,0.02938
10_synth_seed_robustness_dense,30,DeferredPrepass,Synthetic,False,0,total,0.27239
10_synth_seed_robustness_dense,30,DeferredPrepass,Synthetic,False,1,depth_prepass,0.02208
10_synth_seed_robustness_dense,30,DeferredPrepass,Synthetic,False,2,geometry,0.1223
10_synth_seed_robustness_dense,30,DeferredPrepass,Synthetic,False,3,lighting,0.08549
10_synth_seed_robustness_dense,30,DeferredPrepass,Synthetic,False,4,tonemap,0.02972
10_synth_seed_robustness_dense,31,VisBuf,Synthetic,False,0,total,0.39411
10_synth_seed_robustness_dense,31,VisBuf,Synthetic,False,1,visibility,0.03936
10_synth_seed_robustness_dense,31,VisBuf,Synthetic,False,2,visutil_histogram,0.02683
10_synth_seed_robustness_dense,31,VisBuf,Synthetic,False,3,visutil_prefix,0.00207
10_synth_seed_robustness_dense,31,VisBuf,Synthetic,False,4,visutil_flatten,0.03518
10_synth_seed_robustness_dense,31,VisBuf,Synthetic,False,5,gbuffer,0.13749
10_synth_seed_robustness_dense,31,VisBuf,Synthetic,False,6,lighting,0.08829
10_synth_seed_robustness_dense,31,VisBuf,Synthetic,False,7,tonemap,0.03189
10_synth_seed_robustness_dense,32,DeferredPrepass,Synthetic,False,0,total,0.27239
10_synth_seed_robustness_dense,32,DeferredPrepass,Synthetic,False,1,depth_prepass,0.02208
10_synth_seed_robustness_dense,32,DeferredPrepass,Synthetic,False,2,geometry,0.122
10_synth_seed_robustness_dense,32,DeferredPrepass,Synthetic,False,3,lighting,0.08552
10_synth_seed_robustness_dense,32,DeferredPrepass,Synthetic,False,4,tonemap,0.02975
10_synth_seed_robustness_dense,33,VisBuf,Synthetic,False,0,total,0.39113
10_synth_seed_robustness_dense,33,VisBuf,Synthetic,False,1,visibility,0.03913
10_synth_seed_robustness_dense,33,VisBuf,Synthetic,False,2,visutil_histogram,0.02654
10_synth_seed_robustness_dense,33,VisBuf,Synthetic,False,3,visutil_prefix,0.00206
10_synth_seed_robustness_dense,33,VisBuf,Synthetic,False,4,visutil_flatten,0.0352
10_synth_seed_robustness_dense,33,VisBuf,Synthetic,False,5,gbuffer,0.13704
10_synth_seed_robustness_dense,33,VisBuf,Synthetic,False,6,lighting,0.08807
10_synth_seed_robustness_dense,33,VisBuf,Synthetic,False,7,tonemap,0.03032
10_synth_seed_robustness_dense,34,DeferredPrepass,Synthetic,False,0,total,0.27164
10_synth_seed_robustness_dense,34,DeferredPrepass,Synthetic,False,1,depth_prepass,0.02217
10_synth_seed_robustness_dense,34,DeferredPrepass,Synthetic,False,2,geometry,0.12164
10_synth_seed_robustness_dense,34,DeferredPrepass,Synthetic,False,3,lighting,0.08551
10_synth_seed_robustness_dense,34,DeferredPrepass,Synthetic,False,4,tonemap,0.02946
10_synth_seed_robustness_dense,35,VisBuf,Synthetic,False,0,total,0.39111
10_synth_seed_robustness_dense,35,VisBuf,Synthetic,False,1,visibility,0.03878
10_synth_seed_robustness_dense,35,VisBuf,Synthetic,False,2,visutil_histogram,0.0264
10_synth_seed_robustness_dense,35,VisBuf,Synthetic,False,3,visutil_prefix,0.00206
10_synth_seed_robustness_dense,35,VisBuf,Synthetic,False,4,visutil_flatten,0.03512
10_synth_seed_robustness_dense,35,VisBuf,Synthetic,False,5,gbuffer,0.13856
10_synth_seed_robustness_dense,35,VisBuf,Synthetic,False,6,lighting,0.08786
10_synth_seed_robustness_dense,35,VisBuf,Synthetic,False,7,tonemap,0.02949
10_synth_seed_robustness_dense,36,DeferredPrepass,Synthetic,False,0,total,0.26872
10_synth_seed_robustness_dense,36,DeferredPrepass,Synthetic,False,1,depth_prepass,0.02246
10_synth_seed_robustness_dense,36,DeferredPrepass,Synthetic,False,2,geometry,0.11821
10_synth_seed_robustness_dense,36,DeferredPrepass,Synthetic,False,3,lighting,0.08557
10_synth_seed_robustness_dense,36,DeferredPrepass,Synthetic,False,4,tonemap,0.02953
10_synth_seed_robustness_dense,37,VisBuf,Synthetic,False,0,total,0.39153
10_synth_seed_robustness_dense,37,VisBuf,Synthetic,False,1,visibility,0.03899
10_synth_seed_robustness_dense,37,VisBuf,Synthetic,False,2,visutil_histogram,0.02645
10_synth_seed_robustness_dense,37,VisBuf,Synthetic,False,3,visutil_prefix,0.00206
10_synth_seed_robustness_dense,37,VisBuf,Synthetic,False,4,visutil_flatten,0.03523
10_synth_seed_robustness_dense,37,VisBuf,Synthetic,False,5,gbuffer,0.13913
10_synth_seed_robustness_dense,37,VisBuf,Synthetic,False,6,lighting,0.08786
10_synth_seed_robustness_dense,37,VisBuf,Synthetic,False,7,tonemap,0.02937
10_synth_seed_robustness_dense,38,DeferredPrepass,Synthetic,False,0,total,0.27212
10_synth_seed_robustness_dense,38,DeferredPrepass,Synthetic,False,1,depth_prepass,0.02235
10_synth_seed_robustness_dense,38,DeferredPrepass,Synthetic,False,2,geometry,0.12171
10_synth_seed_robustness_dense,38,DeferredPrepass,Synthetic,False,3,lighting,0.08552
10_synth_seed_robustness_dense,38,DeferredPrepass,Synthetic,False,4,tonemap,0.02969
10_synth_seed_robustness_dense,39,VisBuf,Synthetic,False,0,total,0.39322
10_synth_seed_robustness_dense,39,VisBuf,Synthetic,False,1,visibility,0.0392
10_synth_seed_robustness_dense,39,VisBuf,Synthetic,False,2,visutil_histogram,0.02656
10_synth_seed_robustness_dense,39,VisBuf,Synthetic,False,3,visutil_prefix,0.00207
10_synth_seed_robustness_dense,39,VisBuf,Synthetic,False,4,visutil_flatten,0.03529
10_synth_seed_robustness_dense,39,VisBuf,Synthetic,False,5,gbuffer,0.13885
10_synth_seed_robustness_dense,39,VisBuf,Synthetic,False,6,lighting,0.08845
10_synth_seed_robustness_dense,39,VisBuf,Synthetic,False,7,tonemap,0.0304
11_synth_linear_gbuffer_control,0,DeferredPrepass,Synthetic,False,0,total,0.24214
11_synth_linear_gbuffer_control,0,DeferredPrepass,Synthetic,False,1,depth_prepass,0.02245
11_synth_linear_gbuffer_control,0,DeferredPrepass,Synthetic,False,2,geometry,0.09387
11_synth_linear_gbuffer_control,0,DeferredPrepass,Synthetic,False,3,lighting,0.08534
11_synth_linear_gbuffer_control,0,DeferredPrepass,Synthetic,False,4,tonemap,0.02749
11_synth_linear_gbuffer_control,1,VisBuf,Synthetic,False,0,total,0.31797
11_synth_linear_gbuffer_control,1,VisBuf,Synthetic,False,1,visibility,0.03249
11_synth_linear_gbuffer_control,1,VisBuf,Synthetic,False,2,visutil_histogram,0.02277
11_synth_linear_gbuffer_control,1,VisBuf,Synthetic,False,3,visutil_prefix,0.00217
11_synth_linear_gbuffer_control,1,VisBuf,Synthetic,False,4,visutil_flatten,0.03058
11_synth_linear_gbuffer_control,1,VisBuf,Synthetic,False,5,gbuffer,0.0784
11_synth_linear_gbuffer_control,1,VisBuf,Synthetic,False,6,lighting,0.08961
11_synth_linear_gbuffer_control,1,VisBuf,Synthetic,False,7,tonemap,0.03
11_synth_linear_gbuffer_control,2,DeferredPrepass,Synthetic,True,0,total,0.24253
11_synth_linear_gbuffer_control,2,DeferredPrepass,Synthetic,True,1,depth_prepass,0.02288
11_synth_linear_gbuffer_control,2,DeferredPrepass,Synthetic,True,2,geometry,0.0935
11_synth_linear_gbuffer_control,2,DeferredPrepass,Synthetic,True,3,lighting,0.08523
11_synth_linear_gbuffer_control,2,DeferredPrepass,Synthetic,True,4,tonemap,0.02795
11_synth_linear_gbuffer_control,3,VisBuf,Synthetic,True,0,total,0.31543
11_synth_linear_gbuffer_control,3,VisBuf,Synthetic,True,1,visibility,0.03252
11_synth_linear_gbuffer_control,3,VisBuf,Synthetic,True,2,visutil_histogram,0.02282
11_synth_linear_gbuffer_control,3,VisBuf,Synthetic,True,3,visutil_prefix,0.00217
11_synth_linear_gbuffer_control,3,VisBuf,Synthetic,True,4,visutil_flatten,0.03053
11_synth_linear_gbuffer_control,3,VisBuf,Synthetic,True,5,gbuffer,0.07704
11_synth_linear_gbuffer_control,3,VisBuf,Synthetic,True,6,lighting,0.08874
11_synth_linear_gbuffer_control,3,VisBuf,Synthetic,True,7,tonemap,0.03007
11_synth_linear_gbuffer_control,4,DeferredPrepass,Synthetic,False,0,total,0.24307
11_synth_linear_gbuffer_control,4,DeferredPrepass,Synthetic,False,1,depth_prepass,0.02289
11_synth_linear_gbuffer_control,4,DeferredPrepass,Synthetic,False,2,geometry,0.09375
11_synth_linear_gbuffer_control,4,DeferredPrepass,Synthetic,False,3,lighting,0.0854
11_synth_linear_gbuffer_control,4,DeferredPrepass,Synthetic,False,4,tonemap,0.02802
11_synth_linear_gbuffer_control,5,VisBuf,Synthetic,False,0,total,0.31724
11_synth_linear_gbuffer_control,5,VisBuf,Synthetic,False,1,visibility,0.03249
11_synth_linear_gbuffer_control,5,VisBuf,Synthetic,False,2,visutil_histogram,0.02274
11_synth_linear_gbuffer_control,5,VisBuf,Synthetic,False,3,visutil_prefix,0.00217
11_synth_linear_gbuffer_control,5,VisBuf,Synthetic,False,4,visutil_flatten,0.03053
11_synth_linear_gbuffer_control,5,VisBuf,Synthetic,False,5,gbuffer,0.0785
11_synth_linear_gbuffer_control,5,VisBuf,Synthetic,False,6,lighting,0.08913
11_synth_linear_gbuffer_control,5,VisBuf,Synthetic,False,7,tonemap,0.03001
11_synth_linear_gbuffer_control,6,DeferredPrepass,Synthetic,True,0,total,0.24301
11_synth_linear_gbuffer_control,6,DeferredPrepass,Synthetic,True,1,depth_prepass,0.02298
11_synth_linear_gbuffer_control,6,DeferredPrepass,Synthetic,True,2,geometry,0.09377
11_synth_linear_gbuffer_control,6,DeferredPrepass,Synthetic,True,3,lighting,0.08516
11_synth_linear_gbuffer_control,6,DeferredPrepass,Synthetic,True,4,tonemap,0.02817
11_synth_linear_gbuffer_control,7,VisBuf,Synthetic,True,0,total,0.31551
11_synth_linear_gbuffer_control,7,VisBuf,Synthetic,True,1,visibility,0.03251
11_synth_linear_gbuffer_control,7,VisBuf,Synthetic,True,2,visutil_histogram,0.0228
11_synth_linear_gbuffer_control,7,VisBuf,Synthetic,True,3,visutil_prefix,0.00218
11_synth_linear_gbuffer_control,7,VisBuf,Synthetic,True,4,visutil_flatten,0.03053
11_synth_linear_gbuffer_control,7,VisBuf,Synthetic,True,5,gbuffer,0.07687
11_synth_linear_gbuffer_control,7,VisBuf,Synthetic,True,6,lighting,0.08877
11_synth_linear_gbuffer_control,7,VisBuf,Synthetic,True,7,tonemap,0.03016
11_synth_linear_gbuffer_control,8,DeferredPrepass,Synthetic,False,0,total,0.24292
11_synth_linear_gbuffer_control,8,DeferredPrepass,Synthetic,False,1,depth_prepass,0.02284
11_synth_linear_gbuffer_control,8,DeferredPrepass,Synthetic,False,2,geometry,0.09375
11_synth_linear_gbuffer_control,8,DeferredPrepass,Synthetic,False,3,lighting,0.0854
11_synth_linear_gbuffer_control,8,DeferredPrepass,Synthetic,False,4,tonemap,0.02793
11_synth_linear_gbuffer_control,9,VisBuf,Synthetic,False,0,total,0.31785
11_synth_linear_gbuffer_control,9,VisBuf,Synthetic,False,1,visibility,0.03254
11_synth_linear_gbuffer_control,9,VisBuf,Synthetic,False,2,visutil_histogram,0.0228
11_synth_linear_gbuffer_control,9,VisBuf,Synthetic,False,3,visutil_prefix,0.00217
11_synth_linear_gbuffer_control,9,VisBuf,Synthetic,False,4,visutil_flatten,0.03054
11_synth_linear_gbuffer_control,9,VisBuf,Synthetic,False,5,gbuffer,0.07852
11_synth_linear_gbuffer_control,9,VisBuf,Synthetic,False,6,lighting,0.08914
11_synth_linear_gbuffer_control,9,VisBuf,Synthetic,False,7,tonemap,0.03014
11_synth_linear_gbuffer_control,10,DeferredPrepass,Synthetic,True,0,total,0.24325
11_synth_linear_gbuffer_control,10,DeferredPrepass,Synthetic,True,1,depth_prepass,0.02294
11_synth_linear_gbuffer_control,10,DeferredPrepass,Synthetic,True,2,geometry,0.0937
11_synth_linear_gbuffer_control,10,DeferredPrepass,Synthetic,True,3,lighting,0.08557
11_synth_linear_gbuffer_control,10,DeferredPrepass,Synthetic,True,4,tonemap,0.02807
11_synth_linear_gbuffer_control,11,VisBuf,Synthetic,True,0,total,0.31577
11_synth_linear_gbuffer_control,11,VisBuf,Synthetic,True,1,visibility,0.03254
11_synth_linear_gbuffer_control,11,VisBuf,Synthetic,True,2,visutil_histogram,0.02282
11_synth_linear_gbuffer_control,11,VisBuf,Synthetic,True,3,visutil_prefix,0.00217
11_synth_linear_gbuffer_control,11,VisBuf,Synthetic,True,4,visutil_flatten,0.03054
11_synth_linear_gbuffer_control,11,VisBuf,Synthetic,True,5,gbuffer,0.07687
11_synth_linear_gbuffer_control,11,VisBuf,Synthetic,True,6,lighting,0.0892
11_synth_linear_gbuffer_control,11,VisBuf,Synthetic,True,7,tonemap,0.03015
11_synth_linear_gbuffer_control,12,DeferredPrepass,Synthetic,False,0,total,0.24305
11_synth_linear_gbuffer_control,12,DeferredPrepass,Synthetic,False,1,depth_prepass,0.02296
11_synth_linear_gbuffer_control,12,DeferredPrepass,Synthetic,False,2,geometry,0.09375
11_synth_linear_gbuffer_control,12,DeferredPrepass,Synthetic,False,3,lighting,0.08536
11_synth_linear_gbuffer_control,12,DeferredPrepass,Synthetic,False,4,tonemap,0.028
11_synth_linear_gbuffer_control,13,VisBuf,Synthetic,False,0,total,0.31722
11_synth_linear_gbuffer_control,13,VisBuf,Synthetic,False,1,visibility,0.03249
11_synth_linear_gbuffer_control,13,VisBuf,Synthetic,False,2,visutil_histogram,0.0228
11_synth_linear_gbuffer_control,13,VisBuf,Synthetic,False,3,visutil_prefix,0.00217
11_synth_linear_gbuffer_control,13,VisBuf,Synthetic,False,4,visutil_flatten,0.03051
11_synth_linear_gbuffer_control,13,VisBuf,Synthetic,False,5,gbuffer,0.07845
11_synth_linear_gbuffer_control,13,VisBuf,Synthetic,False,6,lighting,0.08902
11_synth_linear_gbuffer_control,13,VisBuf,Synthetic,False,7,tonemap,0.03015
11_synth_linear_gbuffer_control,14,DeferredPrepass,Synthetic,True,0,total,0.24294
11_synth_linear_gbuffer_control,14,DeferredPrepass,Synthetic,True,1,depth_prepass,0.02292
11_synth_linear_gbuffer_control,14,DeferredPrepass,Synthetic,True,2,geometry,0.09362
11_synth_linear_gbuffer_control,14,DeferredPrepass,Synthetic,True,3,lighting,0.08521
11_synth_linear_gbuffer_control,14,DeferredPrepass,Synthetic,True,4,tonemap,0.02817
11_synth_linear_gbuffer_control,15,VisBuf,Synthetic,True,0,total,0.3149
11_synth_linear_gbuffer_control,15,VisBuf,Synthetic,True,1,visibility,0.03244
11_synth_linear_gbuffer_control,15,VisBuf,Synthetic,True,2,visutil_histogram,0.02276
11_synth_linear_gbuffer_control,15,VisBuf,Synthetic,True,3,visutil_prefix,0.00218
11_synth_linear_gbuffer_control,15,VisBuf,Synthetic,True,4,visutil_flatten,0.03053
11_synth_linear_gbuffer_control,15,VisBuf,Synthetic,True,5,gbuffer,0.0768
11_synth_linear_gbuffer_control,15,VisBuf,Synthetic,True,6,lighting,0.08842
11_synth_linear_gbuffer_control,15,VisBuf,Synthetic,True,7,tonemap,0.03003
11_synth_linear_gbuffer_control,16,DeferredPrepass,Synthetic,False,0,total,0.29386
11_synth_linear_gbuffer_control,16,DeferredPrepass,Synthetic,False,1,depth_prepass,0.02026
11_synth_linear_gbuffer_control,16,DeferredPrepass,Synthetic,False,2,geometry,0.145
11_synth_linear_gbuffer_control,16,DeferredPrepass,Synthetic,False,3,lighting,0.0855
11_synth_linear_gbuffer_control,16,DeferredPrepass,Synthetic,False,4,tonemap,0.0298
11_synth_linear_gbuffer_control,17,VisBuf,Synthetic,False,0,total,0.34576
11_synth_linear_gbuffer_control,17,VisBuf,Synthetic,False,1,visibility,0.0455
11_synth_linear_gbuffer_control,17,VisBuf,Synthetic,False,2,visutil_histogram,0.02332
11_synth_linear_gbuffer_control,17,VisBuf,Synthetic,False,3,visutil_prefix,0.00216
11_synth_linear_gbuffer_control,17,VisBuf,Synthetic,False,4,visutil_flatten,0.03157
11_synth_linear_gbuffer_control,17,VisBuf,Synthetic,False,5,gbuffer,0.09043
11_synth_linear_gbuffer_control,17,VisBuf,Synthetic,False,6,lighting,0.0909
11_synth_linear_gbuffer_control,17,VisBuf,Synthetic,False,7,tonemap,0.02912
11_synth_linear_gbuffer_control,18,DeferredPrepass,Synthetic,True,0,total,0.29419
11_synth_linear_gbuffer_control,18,DeferredPrepass,Synthetic,True,1,depth_prepass,0.02031
11_synth_linear_gbuffer_control,18,DeferredPrepass,Synthetic,True,2,geometry,0.14526
11_synth_linear_gbuffer_control,18,DeferredPrepass,Synthetic,True,3,lighting,0.08543
11_synth_linear_gbuffer_control,18,DeferredPrepass,Synthetic,True,4,tonemap,0.02966
11_synth_linear_gbuffer_control,19,VisBuf,Synthetic,True,0,total,0.3436
11_synth_linear_gbuffer_control,19,VisBuf,Synthetic,True,1,visibility,0.04547
11_synth_linear_gbuffer_control,19,VisBuf,Synthetic,True,2,visutil_histogram,0.02327
11_synth_linear_gbuffer_control,19,VisBuf,Synthetic,True,3,visutil_prefix,0.00216
11_synth_linear_gbuffer_control,19,VisBuf,Synthetic,True,4,visutil_flatten,0.03147
11_synth_linear_gbuffer_control,19,VisBuf,Synthetic,True,5,gbuffer,0.08916
11_synth_linear_gbuffer_control,19,VisBuf,Synthetic,True,6,lighting,0.0902
11_synth_linear_gbuffer_control,19,VisBuf,Synthetic,True,7,tonemap,0.02913
11_synth_linear_gbuffer_control,20,DeferredPrepass,Synthetic,False,0,total,0.29411
11_synth_linear_gbuffer_control,20,DeferredPrepass,Synthetic,False,1,depth_prepass,0.02013
11_synth_linear_gbuffer_control,20,DeferredPrepass,Synthetic,False,2,geometry,0.14514
11_synth_linear_gbuffer_control,20,DeferredPrepass,Synthetic,False,3,lighting,0.0856
11_synth_linear_gbuffer_control,20,DeferredPrepass,Synthetic,False,4,tonemap,0.0298
11_synth_linear_gbuffer_control,21,VisBuf,Synthetic,False,0,total,0.34537
11_synth_linear_gbuffer_control,21,VisBuf,Synthetic,False,1,visibility,0.04542
11_synth_linear_gbuffer_control,21,VisBuf,Synthetic,False,2,visutil_histogram,0.0233
11_synth_linear_gbuffer_control,21,VisBuf,Synthetic,False,3,visutil_prefix,0.00216
11_synth_linear_gbuffer_control,21,VisBuf,Synthetic,False,4,visutil_flatten,0.03147
11_synth_linear_gbuffer_control,21,VisBuf,Synthetic,False,5,gbuffer,0.09026
11_synth_linear_gbuffer_control,21,VisBuf,Synthetic,False,6,lighting,0.09078
11_synth_linear_gbuffer_control,21,VisBuf,Synthetic,False,7,tonemap,0.02912
11_synth_linear_gbuffer_control,22,DeferredPrepass,Synthetic,True,0,total,0.2937
11_synth_linear_gbuffer_control,22,DeferredPrepass,Synthetic,True,1,depth_prepass,0.02015
11_synth_linear_gbuffer_control,22,DeferredPrepass,Synthetic,True,2,geometry,0.14518
11_synth_linear_gbuffer_control,22,DeferredPrepass,Synthetic,True,3,lighting,0.08538
11_synth_linear_gbuffer_control,22,DeferredPrepass,Synthetic,True,4,tonemap,0.02978
11_synth_linear_gbuffer_control,23,VisBuf,Synthetic,True,0,total,0.3438
11_synth_linear_gbuffer_control,23,VisBuf,Synthetic,True,1,visibility,0.04548
11_synth_linear_gbuffer_control,23,VisBuf,Synthetic,True,2,visutil_histogram,0.02328
11_synth_linear_gbuffer_control,23,VisBuf,Synthetic,True,3,visutil_prefix,0.00216
11_synth_linear_gbuffer_control,23,VisBuf,Synthetic,True,4,visutil_flatten,0.03143
11_synth_linear_gbuffer_control,23,VisBuf,Synthetic,True,5,gbuffer,0.08934
11_synth_linear_gbuffer_control,23,VisBuf,Synthetic,True,6,lighting,0.09018
11_synth_linear_gbuffer_control,23,VisBuf,Synthetic,True,7,tonemap,0.02908
11_synth_linear_gbuffer_control,24,DeferredPrepass,Synthetic,False,0,total,0.24725
11_synth_linear_gbuffer_control,24,DeferredPrepass,Synthetic,False,1,depth_prepass,0.02536
11_synth_linear_gbuffer_control,24,DeferredPrepass,Synthetic,False,2,geometry,0.09517
11_synth_linear_gbuffer_control,24,DeferredPrepass,Synthetic,False,3,lighting,0.08547
11_synth_linear_gbuffer_control,24,DeferredPrepass,Synthetic,False,4,tonemap,0.02831
11_synth_linear_gbuffer_control,25,VisBuf,Synthetic,False,0,total,0.32299
11_synth_linear_gbuffer_control,25,VisBuf,Synthetic,False,1,visibility,0.03251
11_synth_linear_gbuffer_control,25,VisBuf,Synthetic,False,2,visutil_histogram,0.02442
11_synth_linear_gbuffer_control,25,VisBuf,Synthetic,False,3,visutil_prefix,0.00216
11_synth_linear_gbuffer_control,25,VisBuf,Synthetic,False,4,visutil_flatten,0.03203
11_synth_linear_gbuffer_control,25,VisBuf,Synthetic,False,5,gbuffer,0.08014
11_synth_linear_gbuffer_control,25,VisBuf,Synthetic,False,6,lighting,0.08949
11_synth_linear_gbuffer_control,25,VisBuf,Synthetic,False,7,tonemap,0.03017
11_synth_linear_gbuffer_control,26,DeferredPrepass,Synthetic,True,0,total,0.24902
11_synth_linear_gbuffer_control,26,DeferredPrepass,Synthetic,True,1,depth_prepass,0.02586
11_synth_linear_gbuffer_control,26,DeferredPrepass,Synthetic,True,2,geometry,0.09506
11_synth_linear_gbuffer_control,26,DeferredPrepass,Synthetic,True,3,lighting,0.08554
11_synth_linear_gbuffer_control,26,DeferredPrepass,Synthetic,True,4,tonemap,0.02936
11_synth_linear_gbuffer_control,27,VisBuf,Synthetic,True,0,total,0.32091
11_synth_linear_gbuffer_control,27,VisBuf,Synthetic,True,1,visibility,0.03259
11_synth_linear_gbuffer_control,27,VisBuf,Synthetic,True,2,visutil_histogram,0.02441
11_synth_linear_gbuffer_control,27,VisBuf,Synthetic,True,3,visutil_prefix,0.00216
11_synth_linear_gbuffer_control,27,VisBuf,Synthetic,True,4,visutil_flatten,0.03203
11_synth_linear_gbuffer_control,27,VisBuf,Synthetic,True,5,gbuffer,0.0787
11_synth_linear_gbuffer_control,27,VisBuf,Synthetic,True,6,lighting,0.089
11_synth_linear_gbuffer_control,27,VisBuf,Synthetic,True,7,tonemap,0.03011
11_synth_linear_gbuffer_control,28,DeferredPrepass,Synthetic,False,0,total,0.24785
11_synth_linear_gbuffer_control,28,DeferredPrepass,Synthetic,False,1,depth_prepass,0.02571
11_synth_linear_gbuffer_control,28,DeferredPrepass,Synthetic,False,2,geometry,0.09505
11_synth_linear_gbuffer_control,28,DeferredPrepass,Synthetic,False,3,lighting,0.08536
11_synth_linear_gbuffer_control,28,DeferredPrepass,Synthetic,False,4,tonemap,0.02845
11_synth_linear_gbuffer_control,29,VisBuf,Synthetic,False,0,total,0.32277
11_synth_linear_gbuffer_control,29,VisBuf,Synthetic,False,1,visibility,0.03256
11_synth_linear_gbuffer_control,29,VisBuf,Synthetic,False,2,visutil_histogram,0.02427
11_synth_linear_gbuffer_control,29,VisBuf,Synthetic,False,3,visutil_prefix,0.00216
11_synth_linear_gbuffer_control,29,VisBuf,Synthetic,False,4,visutil_flatten,0.032
11_synth_linear_gbuffer_control,29,VisBuf,Synthetic,False,5,gbuffer,0.08024
11_synth_linear_gbuffer_control,29,VisBuf,Synthetic,False,6,lighting,0.08946
11_synth_linear_gbuffer_control,29,VisBuf,Synthetic,False,7,tonemap,0.03016
11_synth_linear_gbuffer_control,30,DeferredPrepass,Synthetic,True,0,total,0.24689
11_synth_linear_gbuffer_control,30,DeferredPrepass,Synthetic,True,1,depth_prepass,0.02534
11_synth_linear_gbuffer_control,30,DeferredPrepass,Synthetic,True,2,geometry,0.095
11_synth_linear_gbuffer_control,30,DeferredPrepass,Synthetic,True,3,lighting,0.08506
11_synth_linear_gbuffer_control,30,DeferredPrepass,Synthetic,True,4,tonemap,0.02838
11_synth_linear_gbuffer_control,31,VisBuf,Synthetic,True,0,total,0.32014
11_synth_linear_gbuffer_control,31,VisBuf,Synthetic,True,1,visibility,0.03253
11_synth_linear_gbuffer_control,31,VisBuf,Synthetic,True,2,visutil_histogram,0.0243
11_synth_linear_gbuffer_control,31,VisBuf,Synthetic,True,3,visutil_prefix,0.00216
11_synth_linear_gbuffer_control,31,VisBuf,Synthetic,True,4,visutil_flatten,0.03194
11_synth_linear_gbuffer_control,31,VisBuf,Synthetic,True,5,gbuffer,0.07865
11_synth_linear_gbuffer_control,31,VisBuf,Synthetic,True,6,lighting,0.08891
11_synth_linear_gbuffer_control,31,VisBuf,Synthetic,True,7,tonemap,0.02995
11_synth_linear_gbuffer_control,32,DeferredPrepass,Synthetic,False,0,total,0.29115
11_synth_linear_gbuffer_control,32,DeferredPrepass,Synthetic,False,1,depth_prepass,0.02018
11_synth_linear_gbuffer_control,32,DeferredPrepass,Synthetic,False,2,geometry,0.14326
11_synth_linear_gbuffer_control,32,DeferredPrepass,Synthetic,False,3,lighting,0.08555
11_synth_linear_gbuffer_control,32,DeferredPrepass,Synthetic,False,4,tonemap,0.02906
11_synth_linear_gbuffer_control,33,VisBuf,Synthetic,False,0,total,0.40485
11_synth_linear_gbuffer_control,33,VisBuf,Synthetic,False,1,visibility,0.04566
11_synth_linear_gbuffer_control,33,VisBuf,Synthetic,False,2,visutil_histogram,0.02582
11_synth_linear_gbuffer_control,33,VisBuf,Synthetic,False,3,visutil_prefix,0.00206
11_synth_linear_gbuffer_control,33,VisBuf,Synthetic,False,4,visutil_flatten,0.03563
11_synth_linear_gbuffer_control,33,VisBuf,Synthetic,False,5,gbuffer,0.14558
11_synth_linear_gbuffer_control,33,VisBuf,Synthetic,False,6,lighting,0.08815
11_synth_linear_gbuffer_control,33,VisBuf,Synthetic,False,7,tonemap,0.02951
11_synth_linear_gbuffer_control,34,DeferredPrepass,Synthetic,True,0,total,0.29116
11_synth_linear_gbuffer_control,34,DeferredPrepass,Synthetic,True,1,depth_prepass,0.0203
11_synth_linear_gbuffer_control,34,DeferredPrepass,Synthetic,True,2,geometry,0.14331
11_synth_linear_gbuffer_control,34,DeferredPrepass,Synthetic,True,3,lighting,0.0853
11_synth_linear_gbuffer_control,34,DeferredPrepass,Synthetic,True,4,tonemap,0.02935
11_synth_linear_gbuffer_control,35,VisBuf,Synthetic,True,0,total,0.40115
11_synth_linear_gbuffer_control,35,VisBuf,Synthetic,True,1,visibility,0.04565
11_synth_linear_gbuffer_control,35,VisBuf,Synthetic,True,2,visutil_histogram,0.02581
11_synth_linear_gbuffer_control,35,VisBuf,Synthetic,True,3,visutil_prefix,0.00205
11_synth_linear_gbuffer_control,35,VisBuf,Synthetic,True,4,visutil_flatten,0.03564
11_synth_linear_gbuffer_control,35,VisBuf,Synthetic,True,5,gbuffer,0.1427
11_synth_linear_gbuffer_control,35,VisBuf,Synthetic,True,6,lighting,0.08802
11_synth_linear_gbuffer_control,35,VisBuf,Synthetic,True,7,tonemap,0.02889
11_synth_linear_gbuffer_control,36,DeferredPrepass,Synthetic,False,0,total,0.29102
11_synth_linear_gbuffer_control,36,DeferredPrepass,Synthetic,False,1,depth_prepass,0.02009
11_synth_linear_gbuffer_control,36,DeferredPrepass,Synthetic,False,2,geometry,0.14313
11_synth_linear_gbuffer_control,36,DeferredPrepass,Synthetic,False,3,lighting,0.08551
11_synth_linear_gbuffer_control,36,DeferredPrepass,Synthetic,False,4,tonemap,0.02936
11_synth_linear_gbuffer_control,37,VisBuf,Synthetic,False,0,total,0.40255
11_synth_linear_gbuffer_control,37,VisBuf,Synthetic,False,1,visibility,0.04562
11_synth_linear_gbuffer_control,37,VisBuf,Synthetic,False,2,visutil_histogram,0.02577
11_synth_linear_gbuffer_control,37,VisBuf,Synthetic,False,3,visutil_prefix,0.00205
11_synth_linear_gbuffer_control,37,VisBuf,Synthetic,False,4,visutil_flatten,0.03562
11_synth_linear_gbuffer_control,37,VisBuf,Synthetic,False,5,gbuffer,0.14428
11_synth_linear_gbuffer_control,37,VisBuf,Synthetic,False,6,lighting,0.08813
11_synth_linear_gbuffer_control,37,VisBuf,Synthetic,False,7,tonemap,0.02889
11_synth_linear_gbuffer_control,38,DeferredPrepass,Synthetic,True,0,total,0.2906
11_synth_linear_gbuffer_control,38,DeferredPrepass,Synthetic,True,1,depth_prepass,0.02004
11_synth_linear_gbuffer_control,38,DeferredPrepass,Synthetic,True,2,geometry,0.14312
11_synth_linear_gbuffer_control,38,DeferredPrepass,Synthetic,True,3,lighting,0.08529
11_synth_linear_gbuffer_control,38,DeferredPrepass,Synthetic,True,4,tonemap,0.02922
11_synth_linear_gbuffer_control,39,VisBuf,Synthetic,True,0,total,0.40661
11_synth_linear_gbuffer_control,39,VisBuf,Synthetic,True,1,visibility,0.04582
11_synth_linear_gbuffer_control,39,VisBuf,Synthetic,True,2,visutil_histogram,0.02583
11_synth_linear_gbuffer_control,39,VisBuf,Synthetic,True,3,visutil_prefix,0.00206
11_synth_linear_gbuffer_control,39,VisBuf,Synthetic,True,4,visutil_flatten,0.03561
11_synth_linear_gbuffer_control,39,VisBuf,Synthetic,True,5,gbuffer,0.14634
11_synth_linear_gbuffer_control,39,VisBuf,Synthetic,True,6,lighting,0.08787
11_synth_linear_gbuffer_control,39,VisBuf,Synthetic,True,7,tonemap,0.03021
11_synth_linear_gbuffer_control,40,DeferredPrepass,Synthetic,False,0,total,0.25161
11_synth_linear_gbuffer_control,40,DeferredPrepass,Synthetic,False,1,depth_prepass,0.02511
11_synth_linear_gbuffer_control,40,DeferredPrepass,Synthetic,False,2,geometry,0.09957
11_synth_linear_gbuffer_control,40,DeferredPrepass,Synthetic,False,3,lighting,0.08537
11_synth_linear_gbuffer_control,40,DeferredPrepass,Synthetic,False,4,tonemap,0.02881
11_synth_linear_gbuffer_control,41,VisBuf,Synthetic,False,0,total,0.3893
11_synth_linear_gbuffer_control,41,VisBuf,Synthetic,False,1,visibility,0.03406
11_synth_linear_gbuffer_control,41,VisBuf,Synthetic,False,2,visutil_histogram,0.02748
11_synth_linear_gbuffer_control,41,VisBuf,Synthetic,False,3,visutil_prefix,0.0021
11_synth_linear_gbuffer_control,41,VisBuf,Synthetic,False,4,visutil_flatten,0.03415
11_synth_linear_gbuffer_control,41,VisBuf,Synthetic,False,5,gbuffer,0.13651
11_synth_linear_gbuffer_control,41,VisBuf,Synthetic,False,6,lighting,0.08837
11_synth_linear_gbuffer_control,41,VisBuf,Synthetic,False,7,tonemap,0.03472
11_synth_linear_gbuffer_control,42,DeferredPrepass,Synthetic,True,0,total,0.25154
11_synth_linear_gbuffer_control,42,DeferredPrepass,Synthetic,True,1,depth_prepass,0.02499
11_synth_linear_gbuffer_control,42,DeferredPrepass,Synthetic,True,2,geometry,0.09953
11_synth_linear_gbuffer_control,42,DeferredPrepass,Synthetic,True,3,lighting,0.08546
11_synth_linear_gbuffer_control,42,DeferredPrepass,Synthetic,True,4,tonemap,0.02879
11_synth_linear_gbuffer_control,43,VisBuf,Synthetic,True,0,total,0.37748
11_synth_linear_gbuffer_control,43,VisBuf,Synthetic,True,1,visibility,0.03391
11_synth_linear_gbuffer_control,43,VisBuf,Synthetic,True,2,visutil_histogram,0.02672
11_synth_linear_gbuffer_control,43,VisBuf,Synthetic,True,3,visutil_prefix,0.00205
11_synth_linear_gbuffer_control,43,VisBuf,Synthetic,True,4,visutil_flatten,0.03416
11_synth_linear_gbuffer_control,43,VisBuf,Synthetic,True,5,gbuffer,0.13165
11_synth_linear_gbuffer_control,43,VisBuf,Synthetic,True,6,lighting,0.08704
11_synth_linear_gbuffer_control,43,VisBuf,Synthetic,True,7,tonemap,0.02979
11_synth_linear_gbuffer_control,44,DeferredPrepass,Synthetic,False,0,total,0.25209
11_synth_linear_gbuffer_control,44,DeferredPrepass,Synthetic,False,1,depth_prepass,0.02544
11_synth_linear_gbuffer_control,44,DeferredPrepass,Synthetic,False,2,geometry,0.09957
11_synth_linear_gbuffer_control,44,DeferredPrepass,Synthetic,False,3,lighting,0.08545
11_synth_linear_gbuffer_control,44,DeferredPrepass,Synthetic,False,4,tonemap,0.02883
11_synth_linear_gbuffer_control,45,VisBuf,Synthetic,False,0,total,0.3794
11_synth_linear_gbuffer_control,45,VisBuf,Synthetic,False,1,visibility,0.0338
11_synth_linear_gbuffer_control,45,VisBuf,Synthetic,False,2,visutil_histogram,0.02683
11_synth_linear_gbuffer_control,45,VisBuf,Synthetic,False,3,visutil_prefix,0.00206
11_synth_linear_gbuffer_control,45,VisBuf,Synthetic,False,4,visutil_flatten,0.03419
11_synth_linear_gbuffer_control,45,VisBuf,Synthetic,False,5,gbuffer,0.13331
11_synth_linear_gbuffer_control,45,VisBuf,Synthetic,False,6,lighting,0.08741
11_synth_linear_gbuffer_control,45,VisBuf,Synthetic,False,7,tonemap,0.02983
11_synth_linear_gbuffer_control,46,DeferredPrepass,Synthetic,True,0,total,0.25198
11_synth_linear_gbuffer_control,46,DeferredPrepass,Synthetic,True,1,depth_prepass,0.02535
11_synth_linear_gbuffer_control,46,DeferredPrepass,Synthetic,True,2,geometry,0.09959
11_synth_linear_gbuffer_control,46,DeferredPrepass,Synthetic,True,3,lighting,0.08525
11_synth_linear_gbuffer_control,46,DeferredPrepass,Synthetic,True,4,tonemap,0.02898
11_synth_linear_gbuffer_control,47,VisBuf,Synthetic,True,0,total,0.38491
11_synth_linear_gbuffer_control,47,VisBuf,Synthetic,True,1,visibility,0.03399
11_synth_linear_gbuffer_control,47,VisBuf,Synthetic,True,2,visutil_histogram,0.02713
11_synth_linear_gbuffer_control,47,VisBuf,Synthetic,True,3,visutil_prefix,0.00208
11_synth_linear_gbuffer_control,47,VisBuf,Synthetic,True,4,visutil_flatten,0.03447
11_synth_linear_gbuffer_control,47,VisBuf,Synthetic,True,5,gbuffer,0.13442
11_synth_linear_gbuffer_control,47,VisBuf,Synthetic,True,6,lighting,0.08766
11_synth_linear_gbuffer_control,47,VisBuf,Synthetic,True,7,tonemap,0.0331
12_real_class_count_dense,0,DeferredPrepass,Sponza,False,0,total,1.23611
12_real_class_count_dense,0,DeferredPrepass,Sponza,False,1,depth_prepass,0.05004
12_real_class_count_dense,0,DeferredPrepass,Sponza,False,2,geometry,1.0246
12_real_class_count_dense,0,DeferredPrepass,Sponza,False,3,lighting,0.1049
12_real_class_count_dense,0,DeferredPrepass,Sponza,False,4,tonemap,0.03954
12_real_class_count_dense,1,VisBuf,Sponza,False,0,total,1.52953
12_real_class_count_dense,1,VisBuf,Sponza,False,1,visibility,0.09177
12_real_class_count_dense,1,VisBuf,Sponza,False,2,visutil_histogram,0.02771
12_real_class_count_dense,1,VisBuf,Sponza,False,3,visutil_prefix,0.00257
12_real_class_count_dense,1,VisBuf,Sponza,False,4,visutil_flatten,0.03876
12_real_class_count_dense,1,VisBuf,Sponza,False,5,gbuffer,1.20378
12_real_class_count_dense,1,VisBuf,Sponza,False,6,lighting,0.09911
12_real_class_count_dense,1,VisBuf,Sponza,False,7,tonemap,0.0377
12_real_class_count_dense,2,DeferredPrepass,Sponza,False,0,total,1.25391
12_real_class_count_dense,2,DeferredPrepass,Sponza,False,1,depth_prepass,0.05131
12_real_class_count_dense,2,DeferredPrepass,Sponza,False,2,geometry,1.04164
12_real_class_count_dense,2,DeferredPrepass,Sponza,False,3,lighting,0.1028
12_real_class_count_dense,2,DeferredPrepass,Sponza,False,4,tonemap,0.04009
12_real_class_count_dense,3,VisBuf,Sponza,False,0,total,1.42745
12_real_class_count_dense,3,VisBuf,Sponza,False,1,visibility,0.09188
12_real_class_count_dense,3,VisBuf,Sponza,False,2,visutil_histogram,0.02752
12_real_class_count_dense,3,VisBuf,Sponza,False,3,visutil_prefix,0.00257
12_real_class_count_dense,3,VisBuf,Sponza,False,4,visutil_flatten,0.03954
12_real_class_count_dense,3,VisBuf,Sponza,False,5,gbuffer,1.10443
12_real_class_count_dense,3,VisBuf,Sponza,False,6,lighting,0.09676
12_real_class_count_dense,3,VisBuf,Sponza,False,7,tonemap,0.03773
12_real_class_count_dense,4,DeferredPrepass,Sponza,False,0,total,1.17062
12_real_class_count_dense,4,DeferredPrepass,Sponza,False,1,depth_prepass,0.04755
12_real_class_count_dense,4,DeferredPrepass,Sponza,False,2,geometry,0.9712
12_real_class_count_dense,4,DeferredPrepass,Sponza,False,3,lighting,0.09573
12_real_class_count_dense,4,DeferredPrepass,Sponza,False,4,tonemap,0.03824
12_real_class_count_dense,5,VisBuf,Sponza,False,0,total,1.30647
12_real_class_count_dense,5,VisBuf,Sponza,False,1,visibility,0.09326
12_real_class_count_dense,5,VisBuf,Sponza,False,2,visutil_histogram,0.0278
12_real_class_count_dense,5,VisBuf,Sponza,False,3,visutil_prefix,0.00247
12_real_class_count_dense,5,VisBuf,Sponza,False,4,visutil_flatten,0.03998
12_real_class_count_dense,5,VisBuf,Sponza,False,5,gbuffer,0.97694
12_real_class_count_dense,5,VisBuf,Sponza,False,6,lighting,0.09922
12_real_class_count_dense,5,VisBuf,Sponza,False,7,tonemap,0.03822
12_real_class_count_dense,6,DeferredPrepass,Sponza,False,0,total,1.18582
12_real_class_count_dense,6,DeferredPrepass,Sponza,False,1,depth_prepass,0.04899
12_real_class_count_dense,6,DeferredPrepass,Sponza,False,2,geometry,0.98425
12_real_class_count_dense,6,DeferredPrepass,Sponza,False,3,lighting,0.09571
12_real_class_count_dense,6,DeferredPrepass,Sponza,False,4,tonemap,0.03899
12_real_class_count_dense,7,VisBuf,Sponza,False,0,total,1.28013
12_real_class_count_dense,7,VisBuf,Sponza,False,1,visibility,0.09464
12_real_class_count_dense,7,VisBuf,Sponza,False,2,visutil_histogram,0.02787
12_real_class_count_dense,7,VisBuf,Sponza,False,3,visutil_prefix,0.00252
12_real_class_count_dense,7,VisBuf,Sponza,False,4,visutil_flatten,0.04006
12_real_class_count_dense,7,VisBuf,Sponza,False,5,gbuffer,0.95341
12_real_class_count_dense,7,VisBuf,Sponza,False,6,lighting,0.09494
12_real_class_count_dense,7,VisBuf,Sponza,False,7,tonemap,0.03922
12_real_class_count_dense,8,DeferredPrepass,Sponza,False,0,total,1.17196
12_real_class_count_dense,8,DeferredPrepass,Sponza,False,1,depth_prepass,0.04793
12_real_class_count_dense,8,DeferredPrepass,Sponza,False,2,geometry,0.97465
12_real_class_count_dense,8,DeferredPrepass,Sponza,False,3,lighting,0.09439
12_real_class_count_dense,8,DeferredPrepass,Sponza,False,4,tonemap,0.03859
12_real_class_count_dense,9,VisBuf,Sponza,False,0,total,1.21713
12_real_class_count_dense,9,VisBuf,Sponza,False,1,visibility,0.0919
12_real_class_count_dense,9,VisBuf,Sponza,False,2,visutil_histogram,0.02787
12_real_class_count_dense,9,VisBuf,Sponza,False,3,visutil_prefix,0.00251
12_real_class_count_dense,9,VisBuf,Sponza,False,4,visutil_flatten,0.04023
12_real_class_count_dense,9,VisBuf,Sponza,False,5,gbuffer,0.8944
12_real_class_count_dense,9,VisBuf,Sponza,False,6,lighting,0.0936
12_real_class_count_dense,9,VisBuf,Sponza,False,7,tonemap,0.03807
12_real_class_count_dense,10,DeferredPrepass,Sponza,False,0,total,1.17698
12_real_class_count_dense,10,DeferredPrepass,Sponza,False,1,depth_prepass,0.04837
12_real_class_count_dense,10,DeferredPrepass,Sponza,False,2,geometry,0.97769
12_real_class_count_dense,10,DeferredPrepass,Sponza,False,3,lighting,0.09588
12_real_class_count_dense,10,DeferredPrepass,Sponza,False,4,tonemap,0.03862
12_real_class_count_dense,11,VisBuf,Sponza,False,0,total,1.20937
12_real_class_count_dense,11,VisBuf,Sponza,False,1,visibility,0.09213
12_real_class_count_dense,11,VisBuf,Sponza,False,2,visutil_histogram,0.02787
12_real_class_count_dense,11,VisBuf,Sponza,False,3,visutil_prefix,0.00251
12_real_class_count_dense,11,VisBuf,Sponza,False,4,visutil_flatten,0.04017
12_real_class_count_dense,11,VisBuf,Sponza,False,5,gbuffer,0.8868
12_real_class_count_dense,11,VisBuf,Sponza,False,6,lighting,0.09318
12_real_class_count_dense,11,VisBuf,Sponza,False,7,tonemap,0.03811
12_real_class_count_dense,12,DeferredPrepass,Sponza,False,0,total,1.19333
12_real_class_count_dense,12,DeferredPrepass,Sponza,False,1,depth_prepass,0.04899
12_real_class_count_dense,12,DeferredPrepass,Sponza,False,2,geometry,0.99225
12_real_class_count_dense,12,DeferredPrepass,Sponza,False,3,lighting,0.09579
12_real_class_count_dense,12,DeferredPrepass,Sponza,False,4,tonemap,0.039
12_real_class_count_dense,13,VisBuf,Sponza,False,0,total,1.21804
12_real_class_count_dense,13,VisBuf,Sponza,False,1,visibility,0.09192
12_real_class_count_dense,13,VisBuf,Sponza,False,2,visutil_histogram,0.02788
12_real_class_count_dense,13,VisBuf,Sponza,False,3,visutil_prefix,0.00248
12_real_class_count_dense,13,VisBuf,Sponza,False,4,visutil_flatten,0.04018
12_real_class_count_dense,13,VisBuf,Sponza,False,5,gbuffer,0.89518
12_real_class_count_dense,13,VisBuf,Sponza,False,6,lighting,0.0935
12_real_class_count_dense,13,VisBuf,Sponza,False,7,tonemap,0.03802
12_real_class_count_dense,14,DeferredPrepass,Sponza Ivy,False,0,total,1.29693
12_real_class_count_dense,14,DeferredPrepass,Sponza Ivy,False,1,depth_prepass,0.11656
12_real_class_count_dense,14,DeferredPrepass,Sponza Ivy,False,2,geometry,1.0262
12_real_class_count_dense,14,DeferredPrepass,Sponza Ivy,False,3,lighting,0.09691
12_real_class_count_dense,14,DeferredPrepass,Sponza Ivy,False,4,tonemap,0.03769
12_real_class_count_dense,15,VisBuf,Sponza Ivy,False,0,total,1.64778
12_real_class_count_dense,15,VisBuf,Sponza Ivy,False,1,visibility,0.19805
12_real_class_count_dense,15,VisBuf,Sponza Ivy,False,2,visutil_histogram,0.02867
12_real_class_count_dense,15,VisBuf,Sponza Ivy,False,3,visutil_prefix,0.00238
12_real_class_count_dense,15,VisBuf,Sponza Ivy,False,4,visutil_flatten,0.03929
12_real_class_count_dense,15,VisBuf,Sponza Ivy,False,5,gbuffer,1.21491
12_real_class_count_dense,15,VisBuf,Sponza Ivy,False,6,lighting,0.09858
12_real_class_count_dense,15,VisBuf,Sponza Ivy,False,7,tonemap,0.03774
12_real_class_count_dense,16,DeferredPrepass,Sponza Ivy,False,0,total,1.28144
12_real_class_count_dense,16,DeferredPrepass,Sponza Ivy,False,1,depth_prepass,0.1167
12_real_class_count_dense,16,DeferredPrepass,Sponza Ivy,False,2,geometry,1.00586
12_real_class_count_dense,16,DeferredPrepass,Sponza Ivy,False,3,lighting,0.0989
12_real_class_count_dense,16,DeferredPrepass,Sponza Ivy,False,4,tonemap,0.03751
12_real_class_count_dense,17,VisBuf,Sponza Ivy,False,0,total,1.52896
12_real_class_count_dense,17,VisBuf,Sponza Ivy,False,1,visibility,0.19815
12_real_class_count_dense,17,VisBuf,Sponza Ivy,False,2,visutil_histogram,0.02887
12_real_class_count_dense,17,VisBuf,Sponza Ivy,False,3,visutil_prefix,0.00259
12_real_class_count_dense,17,VisBuf,Sponza Ivy,False,4,visutil_flatten,0.0395
12_real_class_count_dense,17,VisBuf,Sponza Ivy,False,5,gbuffer,1.09675
12_real_class_count_dense,17,VisBuf,Sponza Ivy,False,6,lighting,0.09737
12_real_class_count_dense,17,VisBuf,Sponza Ivy,False,7,tonemap,0.03776
12_real_class_count_dense,18,DeferredPrepass,Sponza Ivy,False,0,total,1.30468
12_real_class_count_dense,18,DeferredPrepass,Sponza Ivy,False,1,depth_prepass,0.11952
12_real_class_count_dense,18,DeferredPrepass,Sponza Ivy,False,2,geometry,1.03055
12_real_class_count_dense,18,DeferredPrepass,Sponza Ivy,False,3,lighting,0.09721
12_real_class_count_dense,18,DeferredPrepass,Sponza Ivy,False,4,tonemap,0.03773
12_real_class_count_dense,19,VisBuf,Sponza Ivy,False,0,total,1.3876
12_real_class_count_dense,19,VisBuf,Sponza Ivy,False,1,visibility,0.19832
12_real_class_count_dense,19,VisBuf,Sponza Ivy,False,2,visutil_histogram,0.02912
12_real_class_count_dense,19,VisBuf,Sponza Ivy,False,3,visutil_prefix,0.00259
12_real_class_count_dense,19,VisBuf,Sponza Ivy,False,4,visutil_flatten,0.03992
12_real_class_count_dense,19,VisBuf,Sponza Ivy,False,5,gbuffer,0.95562
12_real_class_count_dense,19,VisBuf,Sponza Ivy,False,6,lighting,0.09608
12_real_class_count_dense,19,VisBuf,Sponza Ivy,False,7,tonemap,0.03771
12_real_class_count_dense,20,DeferredPrepass,Sponza Ivy,False,0,total,1.28986
12_real_class_count_dense,20,DeferredPrepass,Sponza Ivy,False,1,depth_prepass,0.12098
12_real_class_count_dense,20,DeferredPrepass,Sponza Ivy,False,2,geometry,1.01614
12_real_class_count_dense,20,DeferredPrepass,Sponza Ivy,False,3,lighting,0.09731
12_real_class_count_dense,20,DeferredPrepass,Sponza Ivy,False,4,tonemap,0.03784
12_real_class_count_dense,21,VisBuf,Sponza Ivy,False,0,total,1.38873
12_real_class_count_dense,21,VisBuf,Sponza Ivy,False,1,visibility,0.20831
12_real_class_count_dense,21,VisBuf,Sponza Ivy,False,2,visutil_histogram,0.02931
12_real_class_count_dense,21,VisBuf,Sponza Ivy,False,3,visutil_prefix,0.0026
12_real_class_count_dense,21,VisBuf,Sponza Ivy,False,4,visutil_flatten,0.04003
12_real_class_count_dense,21,VisBuf,Sponza Ivy,False,5,gbuffer,0.94409
12_real_class_count_dense,21,VisBuf,Sponza Ivy,False,6,lighting,0.09823
12_real_class_count_dense,21,VisBuf,Sponza Ivy,False,7,tonemap,0.0389
12_real_class_count_dense,22,DeferredPrepass,Sponza Ivy,False,0,total,1.29488
12_real_class_count_dense,22,DeferredPrepass,Sponza Ivy,False,1,depth_prepass,0.11711
12_real_class_count_dense,22,DeferredPrepass,Sponza Ivy,False,2,geometry,1.02371
12_real_class_count_dense,22,DeferredPrepass,Sponza Ivy,False,3,lighting,0.09676
12_real_class_count_dense,22,DeferredPrepass,Sponza Ivy,False,4,tonemap,0.03762
12_real_class_count_dense,23,VisBuf,Sponza Ivy,False,0,total,1.33059
12_real_class_count_dense,23,VisBuf,Sponza Ivy,False,1,visibility,0.1984
12_real_class_count_dense,23,VisBuf,Sponza Ivy,False,2,visutil_histogram,0.02945
12_real_class_count_dense,23,VisBuf,Sponza Ivy,False,3,visutil_prefix,0.00255
12_real_class_count_dense,23,VisBuf,Sponza Ivy,False,4,visutil_flatten,0.04048
12_real_class_count_dense,23,VisBuf,Sponza Ivy,False,5,gbuffer,0.89551
12_real_class_count_dense,23,VisBuf,Sponza Ivy,False,6,lighting,0.09735
12_real_class_count_dense,23,VisBuf,Sponza Ivy,False,7,tonemap,0.03802
12_real_class_count_dense,24,DeferredPrepass,Sponza Ivy,False,0,total,1.27796
12_real_class_count_dense,24,DeferredPrepass,Sponza Ivy,False,1,depth_prepass,0.11668
12_real_class_count_dense,24,DeferredPrepass,Sponza Ivy,False,2,geometry,1.00658
12_real_class_count_dense,24,DeferredPrepass,Sponza Ivy,False,3,lighting,0.09771
12_real_class_count_dense,24,DeferredPrepass,Sponza Ivy,False,4,tonemap,0.03802
12_real_class_count_dense,25,VisBuf,Sponza Ivy,False,0,total,1.38514
12_real_class_count_dense,25,VisBuf,Sponza Ivy,False,1,visibility,0.20525
12_real_class_count_dense,25,VisBuf,Sponza Ivy,False,2,visutil_histogram,0.02931
12_real_class_count_dense,25,VisBuf,Sponza Ivy,False,3,visutil_prefix,0.00258
12_real_class_count_dense,25,VisBuf,Sponza Ivy,False,4,visutil_flatten,0.04019
12_real_class_count_dense,25,VisBuf,Sponza Ivy,False,5,gbuffer,0.94332
12_real_class_count_dense,25,VisBuf,Sponza Ivy,False,6,lighting,0.09743
12_real_class_count_dense,25,VisBuf,Sponza Ivy,False,7,tonemap,0.0386
12_real_class_count_dense,26,DeferredPrepass,Sponza Ivy,False,0,total,1.2989
12_real_class_count_dense,26,DeferredPrepass,Sponza Ivy,False,1,depth_prepass,0.12098
12_real_class_count_dense,26,DeferredPrepass,Sponza Ivy,False,2,geometry,1.02237
12_real_class_count_dense,26,DeferredPrepass,Sponza Ivy,False,3,lighting,0.09794
12_real_class_count_dense,26,DeferredPrepass,Sponza Ivy,False,4,tonemap,0.0379
12_real_class_count_dense,27,VisBuf,Sponza Ivy,False,0,total,1.38034
12_real_class_count_dense,27,VisBuf,Sponza Ivy,False,1,visibility,0.20456
12_real_class_count_dense,27,VisBuf,Sponza Ivy,False,2,visutil_histogram,0.02931
12_real_class_count_dense,27,VisBuf,Sponza Ivy,False,3,visutil_prefix,0.00258
12_real_class_count_dense,27,VisBuf,Sponza Ivy,False,4,visutil_flatten,0.04011
12_real_class_count_dense,27,VisBuf,Sponza Ivy,False,5,gbuffer,0.94071
12_real_class_count_dense,27,VisBuf,Sponza Ivy,False,6,lighting,0.09713
12_real_class_count_dense,27,VisBuf,Sponza Ivy,False,7,tonemap,0.0385
12_real_class_count_dense,28,DeferredPrepass,Bistro,False,0,total,0.5525
12_real_class_count_dense,28,DeferredPrepass,Bistro,False,1,depth_prepass,0.13439
12_real_class_count_dense,28,DeferredPrepass,Bistro,False,2,geometry,0.25798
12_real_class_count_dense,28,DeferredPrepass,Bistro,False,3,lighting,0.10221
12_real_class_count_dense,28,DeferredPrepass,Bistro,False,4,tonemap,0.04308
12_real_class_count_dense,29,VisBuf,Bistro,False,0,total,0.66682
12_real_class_count_dense,29,VisBuf,Bistro,False,1,visibility,0.20187
12_real_class_count_dense,29,VisBuf,Bistro,False,2,visutil_histogram,0.02897
12_real_class_count_dense,29,VisBuf,Bistro,False,3,visutil_prefix,0.00224
12_real_class_count_dense,29,VisBuf,Bistro,False,4,visutil_flatten,0.03982
12_real_class_count_dense,29,VisBuf,Bistro,False,5,gbuffer,0.21964
12_real_class_count_dense,29,VisBuf,Bistro,False,6,lighting,0.10411
12_real_class_count_dense,29,VisBuf,Bistro,False,7,tonemap,0.03781
12_real_class_count_dense,30,DeferredPrepass,Bistro,False,0,total,0.53898
12_real_class_count_dense,30,DeferredPrepass,Bistro,False,1,depth_prepass,0.13126
12_real_class_count_dense,30,DeferredPrepass,Bistro,False,2,geometry,0.25321
12_real_class_count_dense,30,DeferredPrepass,Bistro,False,3,lighting,0.09951
12_real_class_count_dense,30,DeferredPrepass,Bistro,False,4,tonemap,0.04098
12_real_class_count_dense,31,VisBuf,Bistro,False,0,total,0.68032
12_real_class_count_dense,31,VisBuf,Bistro,False,1,visibility,0.20292
12_real_class_count_dense,31,VisBuf,Bistro,False,2,visutil_histogram,0.02991
12_real_class_count_dense,31,VisBuf,Bistro,False,3,visutil_prefix,0.00231
12_real_class_count_dense,31,VisBuf,Bistro,False,4,visutil_flatten,0.04119
12_real_class_count_dense,31,VisBuf,Bistro,False,5,gbuffer,0.23085
12_real_class_count_dense,31,VisBuf,Bistro,False,6,lighting,0.10335
12_real_class_count_dense,31,VisBuf,Bistro,False,7,tonemap,0.03857
12_real_class_count_dense,32,DeferredPrepass,Bistro,False,0,total,0.57236
12_real_class_count_dense,32,DeferredPrepass,Bistro,False,1,depth_prepass,0.13857
12_real_class_count_dense,32,DeferredPrepass,Bistro,False,2,geometry,0.26591
12_real_class_count_dense,32,DeferredPrepass,Bistro,False,3,lighting,0.10685
12_real_class_count_dense,32,DeferredPrepass,Bistro,False,4,tonemap,0.04639
12_real_class_count_dense,33,VisBuf,Bistro,False,0,total,0.68456
12_real_class_count_dense,33,VisBuf,Bistro,False,1,visibility,0.20017
12_real_class_count_dense,33,VisBuf,Bistro,False,2,visutil_histogram,0.03016
12_real_class_count_dense,33,VisBuf,Bistro,False,3,visutil_prefix,0.00226
12_real_class_count_dense,33,VisBuf,Bistro,False,4,visutil_flatten,0.04187
12_real_class_count_dense,33,VisBuf,Bistro,False,5,gbuffer,0.23919
12_real_class_count_dense,33,VisBuf,Bistro,False,6,lighting,0.10001
12_real_class_count_dense,33,VisBuf,Bistro,False,7,tonemap,0.03883
12_real_class_count_dense,34,DeferredPrepass,Bistro,False,0,total,0.5241
12_real_class_count_dense,34,DeferredPrepass,Bistro,False,1,depth_prepass,0.12744
12_real_class_count_dense,34,DeferredPrepass,Bistro,False,2,geometry,0.2452
12_real_class_count_dense,34,DeferredPrepass,Bistro,False,3,lighting,0.0975
12_real_class_count_dense,34,DeferredPrepass,Bistro,False,4,tonemap,0.03976
12_real_class_count_dense,35,VisBuf,Bistro,False,0,total,0.75187
12_real_class_count_dense,35,VisBuf,Bistro,False,1,visibility,0.21599
12_real_class_count_dense,35,VisBuf,Bistro,False,2,visutil_histogram,0.03076
12_real_class_count_dense,35,VisBuf,Bistro,False,3,visutil_prefix,0.00234
12_real_class_count_dense,35,VisBuf,Bistro,False,4,visutil_flatten,0.04218
12_real_class_count_dense,35,VisBuf,Bistro,False,5,gbuffer,0.26754
12_real_class_count_dense,35,VisBuf,Bistro,False,6,lighting,0.11496
12_real_class_count_dense,35,VisBuf,Bistro,False,7,tonemap,0.04625
12_real_class_count_dense,36,DeferredPrepass,Bistro,False,0,total,0.56007
12_real_class_count_dense,36,DeferredPrepass,Bistro,False,1,depth_prepass,0.13584
12_real_class_count_dense,36,DeferredPrepass,Bistro,False,2,geometry,0.2614
12_real_class_count_dense,36,DeferredPrepass,Bistro,False,3,lighting,0.10391
12_real_class_count_dense,36,DeferredPrepass,Bistro,False,4,tonemap,0.04448
12_real_class_count_dense,37,VisBuf,Bistro,False,0,total,0.71573
12_real_class_count_dense,37,VisBuf,Bistro,False,1,visibility,0.20851
12_real_class_count_dense,37,VisBuf,Bistro,False,2,visutil_histogram,0.0306
12_real_class_count_dense,37,VisBuf,Bistro,False,3,visutil_prefix,0.0023
12_real_class_count_dense,37,VisBuf,Bistro,False,4,visutil_flatten,0.0421
12_real_class_count_dense,37,VisBuf,Bistro,False,5,gbuffer,0.25718
12_real_class_count_dense,37,VisBuf,Bistro,False,6,lighting,0.10282
12_real_class_count_dense,37,VisBuf,Bistro,False,7,tonemap,0.04093
12_real_class_count_dense,38,DeferredPrepass,Bistro,False,0,total,0.57382
12_real_class_count_dense,38,DeferredPrepass,Bistro,False,1,depth_prepass,0.1386
12_real_class_count_dense,38,DeferredPrepass,Bistro,False,2,geometry,0.26659
12_real_class_count_dense,38,DeferredPrepass,Bistro,False,3,lighting,0.10678
12_real_class_count_dense,38,DeferredPrepass,Bistro,False,4,tonemap,0.04716
12_real_class_count_dense,39,VisBuf,Bistro,False,0,total,0.70675
12_real_class_count_dense,39,VisBuf,Bistro,False,1,visibility,0.20143
12_real_class_count_dense,39,VisBuf,Bistro,False,2,visutil_histogram,0.03067
12_real_class_count_dense,39,VisBuf,Bistro,False,3,visutil_prefix,0.00227
12_real_class_count_dense,39,VisBuf,Bistro,False,4,visutil_flatten,0.04208
12_real_class_count_dense,39,VisBuf,Bistro,False,5,gbuffer,0.2602
12_real_class_count_dense,39,VisBuf,Bistro,False,6,lighting,0.09983
12_real_class_count_dense,39,VisBuf,Bistro,False,7,tonemap,0.03935
12_real_class_count_dense,40,DeferredPrepass,Bistro,False,0,total,0.55733
12_real_class_count_dense,40,DeferredPrepass,Bistro,False,1,depth_prepass,0.13527
12_real_class_count_dense,40,DeferredPrepass,Bistro,False,2,geometry,0.26013
12_real_class_count_dense,40,DeferredPrepass,Bistro,False,3,lighting,0.10314
12_real_class_count_dense,40,DeferredPrepass,Bistro,False,4,tonemap,0.04416
12_real_class_count_dense,41,VisBuf,Bistro,False,0,total,0.7439
12_real_class_count_dense,41,VisBuf,Bistro,False,1,visibility,0.20922
12_real_class_count_dense,41,VisBuf,Bistro,False,2,visutil_histogram,0.03076
12_real_class_count_dense,41,VisBuf,Bistro,False,3,visutil_prefix,0.00231
12_real_class_count_dense,41,VisBuf,Bistro,False,4,visutil_flatten,0.04238
12_real_class_count_dense,41,VisBuf,Bistro,False,5,gbuffer,0.2849
12_real_class_count_dense,41,VisBuf,Bistro,False,6,lighting,0.10182
12_real_class_count_dense,41,VisBuf,Bistro,False,7,tonemap,0.04139
13_real_diversity_dense,0,DeferredPrepass,Sponza,False,0,total,1.21115
13_real_diversity_dense,0,DeferredPrepass,Sponza,False,1,depth_prepass,0.04935
13_real_diversity_dense,0,DeferredPrepass,Sponza,False,2,geometry,1.0034
13_real_diversity_dense,0,DeferredPrepass,Sponza,False,3,lighting,0.10136
13_real_diversity_dense,0,DeferredPrepass,Sponza,False,4,tonemap,0.03914
13_real_diversity_dense,1,VisBuf,Sponza,False,0,total,1.52945
13_real_diversity_dense,1,VisBuf,Sponza,False,1,visibility,0.09193
13_real_diversity_dense,1,VisBuf,Sponza,False,2,visutil_histogram,0.02726
13_real_diversity_dense,1,VisBuf,Sponza,False,3,visutil_prefix,0.00257
13_real_diversity_dense,1,VisBuf,Sponza,False,4,visutil_flatten,0.03882
13_real_diversity_dense,1,VisBuf,Sponza,False,5,gbuffer,1.20502
13_real_diversity_dense,1,VisBuf,Sponza,False,6,lighting,0.09884
13_real_diversity_dense,1,VisBuf,Sponza,False,7,tonemap,0.03775
13_real_diversity_dense,2,DeferredPrepass,Sponza,False,0,total,1.20471
13_real_diversity_dense,2,DeferredPrepass,Sponza,False,1,depth_prepass,0.04976
13_real_diversity_dense,2,DeferredPrepass,Sponza,False,2,geometry,1.00321
13_real_diversity_dense,2,DeferredPrepass,Sponza,False,3,lighting,0.09553
13_real_diversity_dense,2,DeferredPrepass,Sponza,False,4,tonemap,0.0392
13_real_diversity_dense,3,VisBuf,Sponza,False,0,total,1.55505
13_real_diversity_dense,3,VisBuf,Sponza,False,1,visibility,0.09194
13_real_diversity_dense,3,VisBuf,Sponza,False,2,visutil_histogram,0.02728
13_real_diversity_dense,3,VisBuf,Sponza,False,3,visutil_prefix,0.00256
13_real_diversity_dense,3,VisBuf,Sponza,False,4,visutil_flatten,0.03904
13_real_diversity_dense,3,VisBuf,Sponza,False,5,gbuffer,1.23076
13_real_diversity_dense,3,VisBuf,Sponza,False,6,lighting,0.09742
13_real_diversity_dense,3,VisBuf,Sponza,False,7,tonemap,0.03788
13_real_diversity_dense,4,DeferredPrepass,Sponza,False,0,total,1.15634
13_real_diversity_dense,4,DeferredPrepass,Sponza,False,1,depth_prepass,0.04718
13_real_diversity_dense,4,DeferredPrepass,Sponza,False,2,geometry,0.9583
13_real_diversity_dense,4,DeferredPrepass,Sponza,False,3,lighting,0.09495
13_real_diversity_dense,4,DeferredPrepass,Sponza,False,4,tonemap,0.03815
13_real_diversity_dense,5,VisBuf,Sponza,False,0,total,1.54703
13_real_diversity_dense,5,VisBuf,Sponza,False,1,visibility,0.09192
13_real_diversity_dense,5,VisBuf,Sponza,False,2,visutil_histogram,0.02732
13_real_diversity_dense,5,VisBuf,Sponza,False,3,visutil_prefix,0.00259
13_real_diversity_dense,5,VisBuf,Sponza,False,4,visutil_flatten,0.03902
13_real_diversity_dense,5,VisBuf,Sponza,False,5,gbuffer,1.22246
13_real_diversity_dense,5,VisBuf,Sponza,False,6,lighting,0.09813
13_real_diversity_dense,5,VisBuf,Sponza,False,7,tonemap,0.03775
13_real_diversity_dense,6,DeferredPrepass,Sponza,False,0,total,1.16441
13_real_diversity_dense,6,DeferredPrepass,Sponza,False,1,depth_prepass,0.04753
13_real_diversity_dense,6,DeferredPrepass,Sponza,False,2,geometry,0.96661
13_real_diversity_dense,6,DeferredPrepass,Sponza,False,3,lighting,0.09438
13_real_diversity_dense,6,DeferredPrepass,Sponza,False,4,tonemap,0.03828
13_real_diversity_dense,7,VisBuf,Sponza,False,0,total,1.44649
13_real_diversity_dense,7,VisBuf,Sponza,False,1,visibility,0.09271
13_real_diversity_dense,7,VisBuf,Sponza,False,2,visutil_histogram,0.02747
13_real_diversity_dense,7,VisBuf,Sponza,False,3,visutil_prefix,0.00259
13_real_diversity_dense,7,VisBuf,Sponza,False,4,visutil_flatten,0.03937
13_real_diversity_dense,7,VisBuf,Sponza,False,5,gbuffer,1.12027
13_real_diversity_dense,7,VisBuf,Sponza,False,6,lighting,0.09759
13_real_diversity_dense,7,VisBuf,Sponza,False,7,tonemap,0.03827
13_real_diversity_dense,8,DeferredPrepass,Sponza,False,0,total,1.24008
13_real_diversity_dense,8,DeferredPrepass,Sponza,False,1,depth_prepass,0.0504
13_real_diversity_dense,8,DeferredPrepass,Sponza,False,2,geometry,1.03071
13_real_diversity_dense,8,DeferredPrepass,Sponza,False,3,lighting,0.10185
13_real_diversity_dense,8,DeferredPrepass,Sponza,False,4,tonemap,0.03971
13_real_diversity_dense,9,VisBuf,Sponza,False,0,total,1.32625
13_real_diversity_dense,9,VisBuf,Sponza,False,1,visibility,0.09377
13_real_diversity_dense,9,VisBuf,Sponza,False,2,visutil_histogram,0.02786
13_real_diversity_dense,9,VisBuf,Sponza,False,3,visutil_prefix,0.00258
13_real_diversity_dense,9,VisBuf,Sponza,False,4,visutil_flatten,0.04005
13_real_diversity_dense,9,VisBuf,Sponza,False,5,gbuffer,0.99776
13_real_diversity_dense,9,VisBuf,Sponza,False,6,lighting,0.09818
13_real_diversity_dense,9,VisBuf,Sponza,False,7,tonemap,0.03858
13_real_diversity_dense,10,DeferredPrepass,Sponza,False,0,total,1.19006
13_real_diversity_dense,10,DeferredPrepass,Sponza,False,1,depth_prepass,0.0497
13_real_diversity_dense,10,DeferredPrepass,Sponza,False,2,geometry,0.98717
13_real_diversity_dense,10,DeferredPrepass,Sponza,False,3,lighting,0.0963
13_real_diversity_dense,10,DeferredPrepass,Sponza,False,4,tonemap,0.03903
13_real_diversity_dense,11,VisBuf,Sponza,False,0,total,1.2588
13_real_diversity_dense,11,VisBuf,Sponza,False,1,visibility,0.09209
13_real_diversity_dense,11,VisBuf,Sponza,False,2,visutil_histogram,0.02782
13_real_diversity_dense,11,VisBuf,Sponza,False,3,visutil_prefix,0.00253
13_real_diversity_dense,11,VisBuf,Sponza,False,4,visutil_flatten,0.04009
13_real_diversity_dense,11,VisBuf,Sponza,False,5,gbuffer,0.93743
13_real_diversity_dense,11,VisBuf,Sponza,False,6,lighting,0.09244
13_real_diversity_dense,11,VisBuf,Sponza,False,7,tonemap,0.03798
13_real_diversity_dense,12,DeferredPrepass,Sponza,False,0,total,1.18225
13_real_diversity_dense,12,DeferredPrepass,Sponza,False,1,depth_prepass,0.04826
13_real_diversity_dense,12,DeferredPrepass,Sponza,False,2,geometry,0.98294
13_real_diversity_dense,12,DeferredPrepass,Sponza,False,3,lighting,0.09435
13_real_diversity_dense,12,DeferredPrepass,Sponza,False,4,tonemap,0.03883
13_real_diversity_dense,13,VisBuf,Sponza,False,0,total,1.35588
13_real_diversity_dense,13,VisBuf,Sponza,False,1,visibility,0.09721
13_real_diversity_dense,13,VisBuf,Sponza,False,2,visutil_histogram,0.02799
13_real_diversity_dense,13,VisBuf,Sponza,False,3,visutil_prefix,0.00261
13_real_diversity_dense,13,VisBuf,Sponza,False,4,visutil_flatten,0.04009
13_real_diversity_dense,13,VisBuf,Sponza,False,5,gbuffer,1.0195
13_real_diversity_dense,13,VisBuf,Sponza,False,6,lighting,0.10018
13_real_diversity_dense,13,VisBuf,Sponza,False,7,tonemap,0.03994
13_real_diversity_dense,14,DeferredPrepass,Sponza,False,0,total,1.21181
13_real_diversity_dense,14,DeferredPrepass,Sponza,False,1,depth_prepass,0.04941
13_real_diversity_dense,14,DeferredPrepass,Sponza,False,2,geometry,1.00483
13_real_diversity_dense,14,DeferredPrepass,Sponza,False,3,lighting,0.10002
13_real_diversity_dense,14,DeferredPrepass,Sponza,False,4,tonemap,0.03928
13_real_diversity_dense,15,VisBuf,Sponza,False,0,total,1.23289
13_real_diversity_dense,15,VisBuf,Sponza,False,1,visibility,0.0923
13_real_diversity_dense,15,VisBuf,Sponza,False,2,visutil_histogram,0.02788
13_real_diversity_dense,15,VisBuf,Sponza,False,3,visutil_prefix,0.00252
13_real_diversity_dense,15,VisBuf,Sponza,False,4,visutil_flatten,0.04018
13_real_diversity_dense,15,VisBuf,Sponza,False,5,gbuffer,0.91148
13_real_diversity_dense,15,VisBuf,Sponza,False,6,lighting,0.09237
13_real_diversity_dense,15,VisBuf,Sponza,False,7,tonemap,0.03803
13_real_diversity_dense,16,DeferredPrepass,Sponza,False,0,total,1.16278
13_real_diversity_dense,16,DeferredPrepass,Sponza,False,1,depth_prepass,0.04752
13_real_diversity_dense,16,DeferredPrepass,Sponza,False,2,geometry,0.96514
13_real_diversity_dense,16,DeferredPrepass,Sponza,False,3,lighting,0.09401
13_real_diversity_dense,16,DeferredPrepass,Sponza,False,4,tonemap,0.03833
13_real_diversity_dense,17,VisBuf,Sponza,False,0,total,1.27779
13_real_diversity_dense,17,VisBuf,Sponza,False,1,visibility,0.09538
13_real_diversity_dense,17,VisBuf,Sponza,False,2,visutil_histogram,0.02801
13_real_diversity_dense,17,VisBuf,Sponza,False,3,visutil_prefix,0.00253
13_real_diversity_dense,17,VisBuf,Sponza,False,4,visutil_flatten,0.0402
13_real_diversity_dense,17,VisBuf,Sponza,False,5,gbuffer,0.94885
13_real_diversity_dense,17,VisBuf,Sponza,False,6,lighting,0.0948
13_real_diversity_dense,17,VisBuf,Sponza,False,7,tonemap,0.03952
13_real_diversity_dense,18,DeferredPrepass,Sponza,False,0,total,1.18078
13_real_diversity_dense,18,DeferredPrepass,Sponza,False,1,depth_prepass,0.0483
13_real_diversity_dense,18,DeferredPrepass,Sponza,False,2,geometry,0.98113
13_real_diversity_dense,18,DeferredPrepass,Sponza,False,3,lighting,0.09526
13_real_diversity_dense,18,DeferredPrepass,Sponza,False,4,tonemap,0.03873
13_real_diversity_dense,19,VisBuf,Sponza,False,0,total,1.28551
13_real_diversity_dense,19,VisBuf,Sponza,False,1,visibility,0.09612
13_real_diversity_dense,19,VisBuf,Sponza,False,2,visutil_histogram,0.02796
13_real_diversity_dense,19,VisBuf,Sponza,False,3,visutil_prefix,0.00251
13_real_diversity_dense,19,VisBuf,Sponza,False,4,visutil_flatten,0.04024
13_real_diversity_dense,19,VisBuf,Sponza,False,5,gbuffer,0.95404
13_real_diversity_dense,19,VisBuf,Sponza,False,6,lighting,0.09636
13_real_diversity_dense,19,VisBuf,Sponza,False,7,tonemap,0.04001
13_real_diversity_dense,20,DeferredPrepass,Sponza,False,0,total,1.17332
13_real_diversity_dense,20,DeferredPrepass,Sponza,False,1,depth_prepass,0.04827
13_real_diversity_dense,20,DeferredPrepass,Sponza,False,2,geometry,0.97362
13_real_diversity_dense,20,DeferredPrepass,Sponza,False,3,lighting,0.09491
13_real_diversity_dense,20,DeferredPrepass,Sponza,False,4,tonemap,0.03868
13_real_diversity_dense,21,VisBuf,Sponza,False,0,total,1.2278
13_real_diversity_dense,21,VisBuf,Sponza,False,1,visibility,0.09246
13_real_diversity_dense,21,VisBuf,Sponza,False,2,visutil_histogram,0.02789
13_real_diversity_dense,21,VisBuf,Sponza,False,3,visutil_prefix,0.00252
13_real_diversity_dense,21,VisBuf,Sponza,False,4,visutil_flatten,0.04021
13_real_diversity_dense,21,VisBuf,Sponza,False,5,gbuffer,0.9055
13_real_diversity_dense,21,VisBuf,Sponza,False,6,lighting,0.09328
13_real_diversity_dense,21,VisBuf,Sponza,False,7,tonemap,0.03794
13_real_diversity_dense,22,DeferredPrepass,Sponza,False,0,total,1.16074
13_real_diversity_dense,22,DeferredPrepass,Sponza,False,1,depth_prepass,0.04726
13_real_diversity_dense,22,DeferredPrepass,Sponza,False,2,geometry,0.964
13_real_diversity_dense,22,DeferredPrepass,Sponza,False,3,lighting,0.09445
13_real_diversity_dense,22,DeferredPrepass,Sponza,False,4,tonemap,0.03841
13_real_diversity_dense,23,VisBuf,Sponza,False,0,total,1.21175
13_real_diversity_dense,23,VisBuf,Sponza,False,1,visibility,0.09203
13_real_diversity_dense,23,VisBuf,Sponza,False,2,visutil_histogram,0.02788
13_real_diversity_dense,23,VisBuf,Sponza,False,3,visutil_prefix,0.00252
13_real_diversity_dense,23,VisBuf,Sponza,False,4,visutil_flatten,0.04021
13_real_diversity_dense,23,VisBuf,Sponza,False,5,gbuffer,0.89012
13_real_diversity_dense,23,VisBuf,Sponza,False,6,lighting,0.093
13_real_diversity_dense,23,VisBuf,Sponza,False,7,tonemap,0.03789
13_real_diversity_dense,24,DeferredPrepass,Sponza,False,0,total,1.13996
13_real_diversity_dense,24,DeferredPrepass,Sponza,False,1,depth_prepass,0.04636
13_real_diversity_dense,24,DeferredPrepass,Sponza,False,2,geometry,0.94389
13_real_diversity_dense,24,DeferredPrepass,Sponza,False,3,lighting,0.09433
13_real_diversity_dense,24,DeferredPrepass,Sponza,False,4,tonemap,0.03778
13_real_diversity_dense,25,VisBuf,Sponza,False,0,total,1.26749
13_real_diversity_dense,25,VisBuf,Sponza,False,1,visibility,0.09669
13_real_diversity_dense,25,VisBuf,Sponza,False,2,visutil_histogram,0.02802
13_real_diversity_dense,25,VisBuf,Sponza,False,3,visutil_prefix,0.00254
13_real_diversity_dense,25,VisBuf,Sponza,False,4,visutil_flatten,0.04025
13_real_diversity_dense,25,VisBuf,Sponza,False,5,gbuffer,0.93691
13_real_diversity_dense,25,VisBuf,Sponza,False,6,lighting,0.09511
13_real_diversity_dense,25,VisBuf,Sponza,False,7,tonemap,0.0401
13_real_diversity_dense,26,DeferredPrepass,Sponza Ivy,False,0,total,1.29134
13_real_diversity_dense,26,DeferredPrepass,Sponza Ivy,False,1,depth_prepass,0.11671
13_real_diversity_dense,26,DeferredPrepass,Sponza Ivy,False,2,geometry,1.0224
13_real_diversity_dense,26,DeferredPrepass,Sponza Ivy,False,3,lighting,0.09692
13_real_diversity_dense,26,DeferredPrepass,Sponza Ivy,False,4,tonemap,0.03766
13_real_diversity_dense,27,VisBuf,Sponza Ivy,False,0,total,1.6466
13_real_diversity_dense,27,VisBuf,Sponza Ivy,False,1,visibility,0.19841
13_real_diversity_dense,27,VisBuf,Sponza Ivy,False,2,visutil_histogram,0.02867
13_real_diversity_dense,27,VisBuf,Sponza Ivy,False,3,visutil_prefix,0.00264
13_real_diversity_dense,27,VisBuf,Sponza Ivy,False,4,visutil_flatten,0.03902
13_real_diversity_dense,27,VisBuf,Sponza Ivy,False,5,gbuffer,1.2142
13_real_diversity_dense,27,VisBuf,Sponza Ivy,False,6,lighting,0.09908
13_real_diversity_dense,27,VisBuf,Sponza Ivy,False,7,tonemap,0.0377
13_real_diversity_dense,28,DeferredPrepass,Sponza Ivy,False,0,total,1.30643
13_real_diversity_dense,28,DeferredPrepass,Sponza Ivy,False,1,depth_prepass,0.11899
13_real_diversity_dense,28,DeferredPrepass,Sponza Ivy,False,2,geometry,1.03263
13_real_diversity_dense,28,DeferredPrepass,Sponza Ivy,False,3,lighting,0.09597
13_real_diversity_dense,28,DeferredPrepass,Sponza Ivy,False,4,tonemap,0.03791
13_real_diversity_dense,29,VisBuf,Sponza Ivy,False,0,total,1.67908
13_real_diversity_dense,29,VisBuf,Sponza Ivy,False,1,visibility,0.19841
13_real_diversity_dense,29,VisBuf,Sponza Ivy,False,2,visutil_histogram,0.02867
13_real_diversity_dense,29,VisBuf,Sponza Ivy,False,3,visutil_prefix,0.00242
13_real_diversity_dense,29,VisBuf,Sponza Ivy,False,4,visutil_flatten,0.03908
13_real_diversity_dense,29,VisBuf,Sponza Ivy,False,5,gbuffer,1.24558
13_real_diversity_dense,29,VisBuf,Sponza Ivy,False,6,lighting,0.09768
13_real_diversity_dense,29,VisBuf,Sponza Ivy,False,7,tonemap,0.03781
13_real_diversity_dense,30,DeferredPrepass,Sponza Ivy,False,0,total,1.35657
13_real_diversity_dense,30,DeferredPrepass,Sponza Ivy,False,1,depth_prepass,0.12976
13_real_diversity_dense,30,DeferredPrepass,Sponza Ivy,False,2,geometry,1.07178
13_real_diversity_dense,30,DeferredPrepass,Sponza Ivy,False,3,lighting,0.09786
13_real_diversity_dense,30,DeferredPrepass,Sponza Ivy,False,4,tonemap,0.03851
13_real_diversity_dense,31,VisBuf,Sponza Ivy,False,0,total,1.68703
13_real_diversity_dense,31,VisBuf,Sponza Ivy,False,1,visibility,0.19899
13_real_diversity_dense,31,VisBuf,Sponza Ivy,False,2,visutil_histogram,0.02864
13_real_diversity_dense,31,VisBuf,Sponza Ivy,False,3,visutil_prefix,0.00269
13_real_diversity_dense,31,VisBuf,Sponza Ivy,False,4,visutil_flatten,0.03898
13_real_diversity_dense,31,VisBuf,Sponza Ivy,False,5,gbuffer,1.25419
13_real_diversity_dense,31,VisBuf,Sponza Ivy,False,6,lighting,0.09734
13_real_diversity_dense,31,VisBuf,Sponza Ivy,False,7,tonemap,0.0379
13_real_diversity_dense,32,DeferredPrepass,Sponza Ivy,False,0,total,1.29567
13_real_diversity_dense,32,DeferredPrepass,Sponza Ivy,False,1,depth_prepass,0.11672
13_real_diversity_dense,32,DeferredPrepass,Sponza Ivy,False,2,geometry,1.02467
13_real_diversity_dense,32,DeferredPrepass,Sponza Ivy,False,3,lighting,0.09737
13_real_diversity_dense,32,DeferredPrepass,Sponza Ivy,False,4,tonemap,0.03769
13_real_diversity_dense,33,VisBuf,Sponza Ivy,False,0,total,1.66596
13_real_diversity_dense,33,VisBuf,Sponza Ivy,False,1,visibility,0.20821
13_real_diversity_dense,33,VisBuf,Sponza Ivy,False,2,visutil_histogram,0.02892
13_real_diversity_dense,33,VisBuf,Sponza Ivy,False,3,visutil_prefix,0.00262
13_real_diversity_dense,33,VisBuf,Sponza Ivy,False,4,visutil_flatten,0.03944
13_real_diversity_dense,33,VisBuf,Sponza Ivy,False,5,gbuffer,1.22202
13_real_diversity_dense,33,VisBuf,Sponza Ivy,False,6,lighting,0.09847
13_real_diversity_dense,33,VisBuf,Sponza Ivy,False,7,tonemap,0.03867
13_real_diversity_dense,34,DeferredPrepass,Sponza Ivy,False,0,total,1.27584
13_real_diversity_dense,34,DeferredPrepass,Sponza Ivy,False,1,depth_prepass,0.11691
13_real_diversity_dense,34,DeferredPrepass,Sponza Ivy,False,2,geometry,1.00415
13_real_diversity_dense,34,DeferredPrepass,Sponza Ivy,False,3,lighting,0.09671
13_real_diversity_dense,34,DeferredPrepass,Sponza Ivy,False,4,tonemap,0.03764
13_real_diversity_dense,35,VisBuf,Sponza Ivy,False,0,total,1.48381
13_real_diversity_dense,35,VisBuf,Sponza Ivy,False,1,visibility,0.214
13_real_diversity_dense,35,VisBuf,Sponza Ivy,False,2,visutil_histogram,0.02922
13_real_diversity_dense,35,VisBuf,Sponza Ivy,False,3,visutil_prefix,0.00258
13_real_diversity_dense,35,VisBuf,Sponza Ivy,False,4,visutil_flatten,0.03972
13_real_diversity_dense,35,VisBuf,Sponza Ivy,False,5,gbuffer,1.03234
13_real_diversity_dense,35,VisBuf,Sponza Ivy,False,6,lighting,0.09885
13_real_diversity_dense,35,VisBuf,Sponza Ivy,False,7,tonemap,0.0392
13_real_diversity_dense,36,DeferredPrepass,Sponza Ivy,False,0,total,1.29318
13_real_diversity_dense,36,DeferredPrepass,Sponza Ivy,False,1,depth_prepass,0.11697
13_real_diversity_dense,36,DeferredPrepass,Sponza Ivy,False,2,geometry,1.0226
13_real_diversity_dense,36,DeferredPrepass,Sponza Ivy,False,3,lighting,0.09693
13_real_diversity_dense,36,DeferredPrepass,Sponza Ivy,False,4,tonemap,0.03763
13_real_diversity_dense,37,VisBuf,Sponza Ivy,False,0,total,1.46317
13_real_diversity_dense,37,VisBuf,Sponza Ivy,False,1,visibility,0.21435
13_real_diversity_dense,37,VisBuf,Sponza Ivy,False,2,visutil_histogram,0.02957
13_real_diversity_dense,37,VisBuf,Sponza Ivy,False,3,visutil_prefix,0.00257
13_real_diversity_dense,37,VisBuf,Sponza Ivy,False,4,visutil_flatten,0.03978
13_real_diversity_dense,37,VisBuf,Sponza Ivy,False,5,gbuffer,1.01177
13_real_diversity_dense,37,VisBuf,Sponza Ivy,False,6,lighting,0.0983
13_real_diversity_dense,37,VisBuf,Sponza Ivy,False,7,tonemap,0.03924
13_real_diversity_dense,38,DeferredPrepass,Sponza Ivy,False,0,total,1.29511
13_real_diversity_dense,38,DeferredPrepass,Sponza Ivy,False,1,depth_prepass,0.12048
13_real_diversity_dense,38,DeferredPrepass,Sponza Ivy,False,2,geometry,1.02159
13_real_diversity_dense,38,DeferredPrepass,Sponza Ivy,False,3,lighting,0.09669
13_real_diversity_dense,38,DeferredPrepass,Sponza Ivy,False,4,tonemap,0.0381
13_real_diversity_dense,39,VisBuf,Sponza Ivy,False,0,total,1.44646
13_real_diversity_dense,39,VisBuf,Sponza Ivy,False,1,visibility,0.20876
13_real_diversity_dense,39,VisBuf,Sponza Ivy,False,2,visutil_histogram,0.02931
13_real_diversity_dense,39,VisBuf,Sponza Ivy,False,3,visutil_prefix,0.00236
13_real_diversity_dense,39,VisBuf,Sponza Ivy,False,4,visutil_flatten,0.03999
13_real_diversity_dense,39,VisBuf,Sponza Ivy,False,5,gbuffer,0.99837
13_real_diversity_dense,39,VisBuf,Sponza Ivy,False,6,lighting,0.09886
13_real_diversity_dense,39,VisBuf,Sponza Ivy,False,7,tonemap,0.03884
13_real_diversity_dense,40,DeferredPrepass,Sponza Ivy,False,0,total,1.34151
13_real_diversity_dense,40,DeferredPrepass,Sponza Ivy,False,1,depth_prepass,0.12918
13_real_diversity_dense,40,DeferredPrepass,Sponza Ivy,False,2,geometry,1.05919
13_real_diversity_dense,40,DeferredPrepass,Sponza Ivy,False,3,lighting,0.09607
13_real_diversity_dense,40,DeferredPrepass,Sponza Ivy,False,4,tonemap,0.03859
13_real_diversity_dense,41,VisBuf,Sponza Ivy,False,0,total,1.46895
13_real_diversity_dense,41,VisBuf,Sponza Ivy,False,1,visibility,0.21506
13_real_diversity_dense,41,VisBuf,Sponza Ivy,False,2,visutil_histogram,0.02944
13_real_diversity_dense,41,VisBuf,Sponza Ivy,False,3,visutil_prefix,0.00255
13_real_diversity_dense,41,VisBuf,Sponza Ivy,False,4,visutil_flatten,0.04034
13_real_diversity_dense,41,VisBuf,Sponza Ivy,False,5,gbuffer,1.01517
13_real_diversity_dense,41,VisBuf,Sponza Ivy,False,6,lighting,0.09977
13_real_diversity_dense,41,VisBuf,Sponza Ivy,False,7,tonemap,0.03937
13_real_diversity_dense,42,DeferredPrepass,Sponza Ivy,False,0,total,1.29049
13_real_diversity_dense,42,DeferredPrepass,Sponza Ivy,False,1,depth_prepass,0.11673
13_real_diversity_dense,42,DeferredPrepass,Sponza Ivy,False,2,geometry,1.02122
13_real_diversity_dense,42,DeferredPrepass,Sponza Ivy,False,3,lighting,0.09687
13_real_diversity_dense,42,DeferredPrepass,Sponza Ivy,False,4,tonemap,0.03764
13_real_diversity_dense,43,VisBuf,Sponza Ivy,False,0,total,1.39932
13_real_diversity_dense,43,VisBuf,Sponza Ivy,False,1,visibility,0.20068
13_real_diversity_dense,43,VisBuf,Sponza Ivy,False,2,visutil_histogram,0.02923
13_real_diversity_dense,43,VisBuf,Sponza Ivy,False,3,visutil_prefix,0.00258
13_real_diversity_dense,43,VisBuf,Sponza Ivy,False,4,visutil_flatten,0.04008
13_real_diversity_dense,43,VisBuf,Sponza Ivy,False,5,gbuffer,0.96442
13_real_diversity_dense,43,VisBuf,Sponza Ivy,False,6,lighting,0.09656
13_real_diversity_dense,43,VisBuf,Sponza Ivy,False,7,tonemap,0.03813
13_real_diversity_dense,44,DeferredPrepass,Sponza Ivy,False,0,total,1.27641
13_real_diversity_dense,44,DeferredPrepass,Sponza Ivy,False,1,depth_prepass,0.11703
13_real_diversity_dense,44,DeferredPrepass,Sponza Ivy,False,2,geometry,1.00875
13_real_diversity_dense,44,DeferredPrepass,Sponza Ivy,False,3,lighting,0.09624
13_real_diversity_dense,44,DeferredPrepass,Sponza Ivy,False,4,tonemap,0.03761
13_real_diversity_dense,45,VisBuf,Sponza Ivy,False,0,total,1.39695
13_real_diversity_dense,45,VisBuf,Sponza Ivy,False,1,visibility,0.19841
13_real_diversity_dense,45,VisBuf,Sponza Ivy,False,2,visutil_histogram,0.02943
13_real_diversity_dense,45,VisBuf,Sponza Ivy,False,3,visutil_prefix,0.00258
13_real_diversity_dense,45,VisBuf,Sponza Ivy,False,4,visutil_flatten,0.04011
13_real_diversity_dense,45,VisBuf,Sponza Ivy,False,5,gbuffer,0.96408
13_real_diversity_dense,45,VisBuf,Sponza Ivy,False,6,lighting,0.09689
13_real_diversity_dense,45,VisBuf,Sponza Ivy,False,7,tonemap,0.03807
13_real_diversity_dense,46,DeferredPrepass,Sponza Ivy,False,0,total,1.29969
13_real_diversity_dense,46,DeferredPrepass,Sponza Ivy,False,1,depth_prepass,0.11959
13_real_diversity_dense,46,DeferredPrepass,Sponza Ivy,False,2,geometry,1.02765
13_real_diversity_dense,46,DeferredPrepass,Sponza Ivy,False,3,lighting,0.09702
13_real_diversity_dense,46,DeferredPrepass,Sponza Ivy,False,4,tonemap,0.03779
13_real_diversity_dense,47,VisBuf,Sponza Ivy,False,0,total,1.45546
13_real_diversity_dense,47,VisBuf,Sponza Ivy,False,1,visibility,0.21758
13_real_diversity_dense,47,VisBuf,Sponza Ivy,False,2,visutil_histogram,0.02956
13_real_diversity_dense,47,VisBuf,Sponza Ivy,False,3,visutil_prefix,0.00259
13_real_diversity_dense,47,VisBuf,Sponza Ivy,False,4,visutil_flatten,0.0401
13_real_diversity_dense,47,VisBuf,Sponza Ivy,False,5,gbuffer,0.99802
13_real_diversity_dense,47,VisBuf,Sponza Ivy,False,6,lighting,0.10044
13_real_diversity_dense,47,VisBuf,Sponza Ivy,False,7,tonemap,0.03983
13_real_diversity_dense,48,DeferredPrepass,Sponza Ivy,False,0,total,1.36249
13_real_diversity_dense,48,DeferredPrepass,Sponza Ivy,False,1,depth_prepass,0.13126
13_real_diversity_dense,48,DeferredPrepass,Sponza Ivy,False,2,geometry,1.07261
13_real_diversity_dense,48,DeferredPrepass,Sponza Ivy,False,3,lighting,0.09865
13_real_diversity_dense,48,DeferredPrepass,Sponza Ivy,False,4,tonemap,0.03863
13_real_diversity_dense,49,VisBuf,Sponza Ivy,False,0,total,1.37514
13_real_diversity_dense,49,VisBuf,Sponza Ivy,False,1,visibility,0.19867
13_real_diversity_dense,49,VisBuf,Sponza Ivy,False,2,visutil_histogram,0.02923
13_real_diversity_dense,49,VisBuf,Sponza Ivy,False,3,visutil_prefix,0.00255
13_real_diversity_dense,49,VisBuf,Sponza Ivy,False,4,visutil_flatten,0.04011
13_real_diversity_dense,49,VisBuf,Sponza Ivy,False,5,gbuffer,0.94254
13_real_diversity_dense,49,VisBuf,Sponza Ivy,False,6,lighting,0.09551
13_real_diversity_dense,49,VisBuf,Sponza Ivy,False,7,tonemap,0.03814
13_real_diversity_dense,50,DeferredPrepass,Sponza Ivy,False,0,total,1.29379
13_real_diversity_dense,50,DeferredPrepass,Sponza Ivy,False,1,depth_prepass,0.1167
13_real_diversity_dense,50,DeferredPrepass,Sponza Ivy,False,2,geometry,1.02278
13_real_diversity_dense,50,DeferredPrepass,Sponza Ivy,False,3,lighting,0.09694
13_real_diversity_dense,50,DeferredPrepass,Sponza Ivy,False,4,tonemap,0.03776
13_real_diversity_dense,51,VisBuf,Sponza Ivy,False,0,total,1.401
13_real_diversity_dense,51,VisBuf,Sponza Ivy,False,1,visibility,0.20755
13_real_diversity_dense,51,VisBuf,Sponza Ivy,False,2,visutil_histogram,0.02938
13_real_diversity_dense,51,VisBuf,Sponza Ivy,False,3,visutil_prefix,0.00261
13_real_diversity_dense,51,VisBuf,Sponza Ivy,False,4,visutil_flatten,0.04023
13_real_diversity_dense,51,VisBuf,Sponza Ivy,False,5,gbuffer,0.95636
13_real_diversity_dense,51,VisBuf,Sponza Ivy,False,6,lighting,0.09817
13_real_diversity_dense,51,VisBuf,Sponza Ivy,False,7,tonemap,0.03873
13_real_diversity_dense,52,DeferredPrepass,Bistro,False,0,total,0.51729
13_real_diversity_dense,52,DeferredPrepass,Bistro,False,1,depth_prepass,0.12569
13_real_diversity_dense,52,DeferredPrepass,Bistro,False,2,geometry,0.24057
13_real_diversity_dense,52,DeferredPrepass,Bistro,False,3,lighting,0.0973
13_real_diversity_dense,52,DeferredPrepass,Bistro,False,4,tonemap,0.03974
13_real_diversity_dense,53,VisBuf,Bistro,False,0,total,0.72346
13_real_diversity_dense,53,VisBuf,Bistro,False,1,visibility,0.21213
13_real_diversity_dense,53,VisBuf,Bistro,False,2,visutil_histogram,0.02977
13_real_diversity_dense,53,VisBuf,Bistro,False,3,visutil_prefix,0.00225
13_real_diversity_dense,53,VisBuf,Bistro,False,4,visutil_flatten,0.03987
13_real_diversity_dense,53,VisBuf,Bistro,False,5,gbuffer,0.25307
13_real_diversity_dense,53,VisBuf,Bistro,False,6,lighting,0.1123
13_real_diversity_dense,53,VisBuf,Bistro,False,7,tonemap,0.04226
13_real_diversity_dense,54,DeferredPrepass,Bistro,False,0,total,0.5286
13_real_diversity_dense,54,DeferredPrepass,Bistro,False,1,depth_prepass,0.12907
13_real_diversity_dense,54,DeferredPrepass,Bistro,False,2,geometry,0.24653
13_real_diversity_dense,54,DeferredPrepass,Bistro,False,3,lighting,0.09825
13_real_diversity_dense,54,DeferredPrepass,Bistro,False,4,tonemap,0.04077
13_real_diversity_dense,55,VisBuf,Bistro,False,0,total,0.6863
13_real_diversity_dense,55,VisBuf,Bistro,False,1,visibility,0.19204
13_real_diversity_dense,55,VisBuf,Bistro,False,2,visutil_histogram,0.02903
13_real_diversity_dense,55,VisBuf,Bistro,False,3,visutil_prefix,0.00251
13_real_diversity_dense,55,VisBuf,Bistro,False,4,visutil_flatten,0.03986
13_real_diversity_dense,55,VisBuf,Bistro,False,5,gbuffer,0.25762
13_real_diversity_dense,55,VisBuf,Bistro,False,6,lighting,0.1005
13_real_diversity_dense,55,VisBuf,Bistro,False,7,tonemap,0.03644
13_real_diversity_dense,56,DeferredPrepass,Bistro,False,0,total,0.55443
13_real_diversity_dense,56,DeferredPrepass,Bistro,False,1,depth_prepass,0.13448
13_real_diversity_dense,56,DeferredPrepass,Bistro,False,2,geometry,0.25897
13_real_diversity_dense,56,DeferredPrepass,Bistro,False,3,lighting,0.10219
13_real_diversity_dense,56,DeferredPrepass,Bistro,False,4,tonemap,0.04392
13_real_diversity_dense,57,VisBuf,Bistro,False,0,total,0.73376
13_real_diversity_dense,57,VisBuf,Bistro,False,1,visibility,0.21092
13_real_diversity_dense,57,VisBuf,Bistro,False,2,visutil_histogram,0.02969
13_real_diversity_dense,57,VisBuf,Bistro,False,3,visutil_prefix,0.00232
13_real_diversity_dense,57,VisBuf,Bistro,False,4,visutil_flatten,0.0404
13_real_diversity_dense,57,VisBuf,Bistro,False,5,gbuffer,0.27129
13_real_diversity_dense,57,VisBuf,Bistro,False,6,lighting,0.10711
13_real_diversity_dense,57,VisBuf,Bistro,False,7,tonemap,0.04105
13_real_diversity_dense,58,DeferredPrepass,Bistro,False,0,total,0.53736
13_real_diversity_dense,58,DeferredPrepass,Bistro,False,1,depth_prepass,0.13085
13_real_diversity_dense,58,DeferredPrepass,Bistro,False,2,geometry,0.2517
13_real_diversity_dense,58,DeferredPrepass,Bistro,False,3,lighting,0.09935
13_real_diversity_dense,58,DeferredPrepass,Bistro,False,4,tonemap,0.04146
13_real_diversity_dense,59,VisBuf,Bistro,False,0,total,0.75017
13_real_diversity_dense,59,VisBuf,Bistro,False,1,visibility,0.21256
13_real_diversity_dense,59,VisBuf,Bistro,False,2,visutil_histogram,0.03039
13_real_diversity_dense,59,VisBuf,Bistro,False,3,visutil_prefix,0.00233
13_real_diversity_dense,59,VisBuf,Bistro,False,4,visutil_flatten,0.04141
13_real_diversity_dense,59,VisBuf,Bistro,False,5,gbuffer,0.28091
13_real_diversity_dense,59,VisBuf,Bistro,False,6,lighting,0.10786
13_real_diversity_dense,59,VisBuf,Bistro,False,7,tonemap,0.0438
13_real_diversity_dense,60,DeferredPrepass,Bistro,False,0,total,0.53573
13_real_diversity_dense,60,DeferredPrepass,Bistro,False,1,depth_prepass,0.13058
13_real_diversity_dense,60,DeferredPrepass,Bistro,False,2,geometry,0.25025
13_real_diversity_dense,60,DeferredPrepass,Bistro,False,3,lighting,0.09993
13_real_diversity_dense,60,DeferredPrepass,Bistro,False,4,tonemap,0.04094
13_real_diversity_dense,61,VisBuf,Bistro,False,0,total,0.71607
13_real_diversity_dense,61,VisBuf,Bistro,False,1,visibility,0.20231
13_real_diversity_dense,61,VisBuf,Bistro,False,2,visutil_histogram,0.03002
13_real_diversity_dense,61,VisBuf,Bistro,False,3,visutil_prefix,0.00226
13_real_diversity_dense,61,VisBuf,Bistro,False,4,visutil_flatten,0.04138
13_real_diversity_dense,61,VisBuf,Bistro,False,5,gbuffer,0.2699
13_real_diversity_dense,61,VisBuf,Bistro,False,6,lighting,0.09998
13_real_diversity_dense,61,VisBuf,Bistro,False,7,tonemap,0.03906
13_real_diversity_dense,62,DeferredPrepass,Bistro,False,0,total,0.54724
13_real_diversity_dense,62,DeferredPrepass,Bistro,False,1,depth_prepass,0.13338
13_real_diversity_dense,62,DeferredPrepass,Bistro,False,2,geometry,0.25703
13_real_diversity_dense,62,DeferredPrepass,Bistro,False,3,lighting,0.10028
13_real_diversity_dense,62,DeferredPrepass,Bistro,False,4,tonemap,0.04216
13_real_diversity_dense,63,VisBuf,Bistro,False,0,total,0.75884
13_real_diversity_dense,63,VisBuf,Bistro,False,1,visibility,0.21373
13_real_diversity_dense,63,VisBuf,Bistro,False,2,visutil_histogram,0.03056
13_real_diversity_dense,63,VisBuf,Bistro,False,3,visutil_prefix,0.00229
13_real_diversity_dense,63,VisBuf,Bistro,False,4,visutil_flatten,0.04171
13_real_diversity_dense,63,VisBuf,Bistro,False,5,gbuffer,0.28797
13_real_diversity_dense,63,VisBuf,Bistro,False,6,lighting,0.10751
13_real_diversity_dense,63,VisBuf,Bistro,False,7,tonemap,0.04408
13_real_diversity_dense,64,DeferredPrepass,Bistro,False,0,total,0.57314
13_real_diversity_dense,64,DeferredPrepass,Bistro,False,1,depth_prepass,0.13908
13_real_diversity_dense,64,DeferredPrepass,Bistro,False,2,geometry,0.26585
13_real_diversity_dense,64,DeferredPrepass,Bistro,False,3,lighting,0.10657
13_real_diversity_dense,64,DeferredPrepass,Bistro,False,4,tonemap,0.04691
13_real_diversity_dense,65,VisBuf,Bistro,False,0,total,0.73993
13_real_diversity_dense,65,VisBuf,Bistro,False,1,visibility,0.21052
13_real_diversity_dense,65,VisBuf,Bistro,False,2,visutil_histogram,0.03062
13_real_diversity_dense,65,VisBuf,Bistro,False,3,visutil_prefix,0.00229
13_real_diversity_dense,65,VisBuf,Bistro,False,4,visutil_flatten,0.04221
13_real_diversity_dense,65,VisBuf,Bistro,False,5,gbuffer,0.27907
13_real_diversity_dense,65,VisBuf,Bistro,False,6,lighting,0.10292
13_real_diversity_dense,65,VisBuf,Bistro,False,7,tonemap,0.04175
13_real_diversity_dense,66,DeferredPrepass,Bistro,False,0,total,0.51329
13_real_diversity_dense,66,DeferredPrepass,Bistro,False,1,depth_prepass,0.12487
13_real_diversity_dense,66,DeferredPrepass,Bistro,False,2,geometry,0.23837
13_real_diversity_dense,66,DeferredPrepass,Bistro,False,3,lighting,0.09671
13_real_diversity_dense,66,DeferredPrepass,Bistro,False,4,tonemap,0.03915
13_real_diversity_dense,67,VisBuf,Bistro,False,0,total,0.74321
13_real_diversity_dense,67,VisBuf,Bistro,False,1,visibility,0.21018
13_real_diversity_dense,67,VisBuf,Bistro,False,2,visutil_histogram,0.03076
13_real_diversity_dense,67,VisBuf,Bistro,False,3,visutil_prefix,0.00229
13_real_diversity_dense,67,VisBuf,Bistro,False,4,visutil_flatten,0.04219
13_real_diversity_dense,67,VisBuf,Bistro,False,5,gbuffer,0.28285
13_real_diversity_dense,67,VisBuf,Bistro,False,6,lighting,0.10218
13_real_diversity_dense,67,VisBuf,Bistro,False,7,tonemap,0.04153
13_real_diversity_dense,68,DeferredPrepass,Bistro,False,0,total,0.57212
13_real_diversity_dense,68,DeferredPrepass,Bistro,False,1,depth_prepass,0.13893
13_real_diversity_dense,68,DeferredPrepass,Bistro,False,2,geometry,0.26565
13_real_diversity_dense,68,DeferredPrepass,Bistro,False,3,lighting,0.10559
13_real_diversity_dense,68,DeferredPrepass,Bistro,False,4,tonemap,0.04683
13_real_diversity_dense,69,VisBuf,Bistro,False,0,total,0.77533
13_real_diversity_dense,69,VisBuf,Bistro,False,1,visibility,0.21612
13_real_diversity_dense,69,VisBuf,Bistro,False,2,visutil_histogram,0.03092
13_real_diversity_dense,69,VisBuf,Bistro,False,3,visutil_prefix,0.00236
13_real_diversity_dense,69,VisBuf,Bistro,False,4,visutil_flatten,0.04225
13_real_diversity_dense,69,VisBuf,Bistro,False,5,gbuffer,0.29605
13_real_diversity_dense,69,VisBuf,Bistro,False,6,lighting,0.11065
13_real_diversity_dense,69,VisBuf,Bistro,False,7,tonemap,0.0457
13_real_diversity_dense,70,DeferredPrepass,Bistro,False,0,total,0.52498
13_real_diversity_dense,70,DeferredPrepass,Bistro,False,1,depth_prepass,0.12805
13_real_diversity_dense,70,DeferredPrepass,Bistro,False,2,geometry,0.24475
13_real_diversity_dense,70,DeferredPrepass,Bistro,False,3,lighting,0.09784
13_real_diversity_dense,70,DeferredPrepass,Bistro,False,4,tonemap,0.03996
13_real_diversity_dense,71,VisBuf,Bistro,False,0,total,0.72036
13_real_diversity_dense,71,VisBuf,Bistro,False,1,visibility,0.20079
13_real_diversity_dense,71,VisBuf,Bistro,False,2,visutil_histogram,0.03043
13_real_diversity_dense,71,VisBuf,Bistro,False,3,visutil_prefix,0.00227
13_real_diversity_dense,71,VisBuf,Bistro,False,4,visutil_flatten,0.04232
13_real_diversity_dense,71,VisBuf,Bistro,False,5,gbuffer,0.27281
13_real_diversity_dense,71,VisBuf,Bistro,False,6,lighting,0.09956
13_real_diversity_dense,71,VisBuf,Bistro,False,7,tonemap,0.03941
13_real_diversity_dense,72,DeferredPrepass,Bistro,False,0,total,0.57334
13_real_diversity_dense,72,DeferredPrepass,Bistro,False,1,depth_prepass,0.13865
13_real_diversity_dense,72,DeferredPrepass,Bistro,False,2,geometry,0.26632
13_real_diversity_dense,72,DeferredPrepass,Bistro,False,3,lighting,0.10608
13_real_diversity_dense,72,DeferredPrepass,Bistro,False,4,tonemap,0.04725
13_real_diversity_dense,73,VisBuf,Bistro,False,0,total,0.72436
13_real_diversity_dense,73,VisBuf,Bistro,False,1,visibility,0.20045
13_real_diversity_dense,73,VisBuf,Bistro,False,2,visutil_histogram,0.03054
13_real_diversity_dense,73,VisBuf,Bistro,False,3,visutil_prefix,0.00226
13_real_diversity_dense,73,VisBuf,Bistro,False,4,visutil_flatten,0.04225
13_real_diversity_dense,73,VisBuf,Bistro,False,5,gbuffer,0.27842
13_real_diversity_dense,73,VisBuf,Bistro,False,6,lighting,0.09961
13_real_diversity_dense,73,VisBuf,Bistro,False,7,tonemap,0.03892
13_real_diversity_dense,74,DeferredPrepass,Bistro,False,0,total,0.55101
13_real_diversity_dense,74,DeferredPrepass,Bistro,False,1,depth_prepass,0.13453
13_real_diversity_dense,74,DeferredPrepass,Bistro,False,2,geometry,0.25867
13_real_diversity_dense,74,DeferredPrepass,Bistro,False,3,lighting,0.10069
13_real_diversity_dense,74,DeferredPrepass,Bistro,False,4,tonemap,0.04257
13_real_diversity_dense,75,VisBuf,Bistro,False,0,total,0.76312
13_real_diversity_dense,75,VisBuf,Bistro,False,1,visibility,0.2131
13_real_diversity_dense,75,VisBuf,Bistro,False,2,visutil_histogram,0.03116
13_real_diversity_dense,75,VisBuf,Bistro,False,3,visutil_prefix,0.00234
13_real_diversity_dense,75,VisBuf,Bistro,False,4,visutil_flatten,0.04261
13_real_diversity_dense,75,VisBuf,Bistro,False,5,gbuffer,0.29217
13_real_diversity_dense,75,VisBuf,Bistro,False,6,lighting,0.10668
13_real_diversity_dense,75,VisBuf,Bistro,False,7,tonemap,0.04394
13_real_diversity_dense,76,DeferredPrepass,Bistro,False,0,total,0.5719
13_real_diversity_dense,76,DeferredPrepass,Bistro,False,1,depth_prepass,0.13816
13_real_diversity_dense,76,DeferredPrepass,Bistro,False,2,geometry,0.26519
13_real_diversity_dense,76,DeferredPrepass,Bistro,False,3,lighting,0.10667
13_real_diversity_dense,76,DeferredPrepass,Bistro,False,4,tonemap,0.04712
13_real_diversity_dense,77,VisBuf,Bistro,False,0,total,0.73503
13_real_diversity_dense,77,VisBuf,Bistro,False,1,visibility,0.20639
13_real_diversity_dense,77,VisBuf,Bistro,False,2,visutil_histogram,0.03075
13_real_diversity_dense,77,VisBuf,Bistro,False,3,visutil_prefix,0.0023
13_real_diversity_dense,77,VisBuf,Bistro,False,4,visutil_flatten,0.04259
13_real_diversity_dense,77,VisBuf,Bistro,False,5,gbuffer,0.28218
13_real_diversity_dense,77,VisBuf,Bistro,False,6,lighting,0.09988
13_real_diversity_dense,77,VisBuf,Bistro,False,7,tonemap,0.03993
14_real_full_camera_linear_control,0,DeferredPrepass,Sponza,False,0,total,1.17241
14_real_full_camera_linear_control,0,DeferredPrepass,Sponza,False,1,depth_prepass,0.15794
14_real_full_camera_linear_control,0,DeferredPrepass,Sponza,False,2,geometry,0.8705
14_real_full_camera_linear_control,0,DeferredPrepass,Sponza,False,3,lighting,0.09114
14_real_full_camera_linear_control,0,DeferredPrepass,Sponza,False,4,tonemap,0.03627
14_real_full_camera_linear_control,1,VisBuf,Sponza,False,0,total,1.76071
14_real_full_camera_linear_control,1,VisBuf,Sponza,False,1,visibility,0.2215
14_real_full_camera_linear_control,1,VisBuf,Sponza,False,2,visutil_histogram,0.0273
14_real_full_camera_linear_control,1,VisBuf,Sponza,False,3,visutil_prefix,0.00279
14_real_full_camera_linear_control,1,VisBuf,Sponza,False,4,visutil_flatten,0.03704
14_real_full_camera_linear_control,1,VisBuf,Sponza,False,5,gbuffer,1.31895
14_real_full_camera_linear_control,1,VisBuf,Sponza,False,6,lighting,0.09053
14_real_full_camera_linear_control,1,VisBuf,Sponza,False,7,tonemap,0.03588
14_real_full_camera_linear_control,2,DeferredPrepass,Sponza,True,0,total,1.17132
14_real_full_camera_linear_control,2,DeferredPrepass,Sponza,True,1,depth_prepass,0.1584
14_real_full_camera_linear_control,2,DeferredPrepass,Sponza,True,2,geometry,0.86944
14_real_full_camera_linear_control,2,DeferredPrepass,Sponza,True,3,lighting,0.09018
14_real_full_camera_linear_control,2,DeferredPrepass,Sponza,True,4,tonemap,0.03621
14_real_full_camera_linear_control,3,VisBuf,Sponza,True,0,total,1.75501
14_real_full_camera_linear_control,3,VisBuf,Sponza,True,1,visibility,0.22112
14_real_full_camera_linear_control,3,VisBuf,Sponza,True,2,visutil_histogram,0.02726
14_real_full_camera_linear_control,3,VisBuf,Sponza,True,3,visutil_prefix,0.00272
14_real_full_camera_linear_control,3,VisBuf,Sponza,True,4,visutil_flatten,0.03691
14_real_full_camera_linear_control,3,VisBuf,Sponza,True,5,gbuffer,1.31543
14_real_full_camera_linear_control,3,VisBuf,Sponza,True,6,lighting,0.08955
14_real_full_camera_linear_control,3,VisBuf,Sponza,True,7,tonemap,0.03573
14_real_full_camera_linear_control,4,DeferredPrepass,Sponza Ivy,False,0,total,1.68781
14_real_full_camera_linear_control,4,DeferredPrepass,Sponza Ivy,False,1,depth_prepass,0.40773
14_real_full_camera_linear_control,4,DeferredPrepass,Sponza Ivy,False,2,geometry,1.13281
14_real_full_camera_linear_control,4,DeferredPrepass,Sponza Ivy,False,3,lighting,0.08878
14_real_full_camera_linear_control,4,DeferredPrepass,Sponza Ivy,False,4,tonemap,0.03561
14_real_full_camera_linear_control,5,VisBuf,Sponza Ivy,False,0,total,2.07718
14_real_full_camera_linear_control,5,VisBuf,Sponza Ivy,False,1,visibility,0.53925
14_real_full_camera_linear_control,5,VisBuf,Sponza Ivy,False,2,visutil_histogram,0.02964
14_real_full_camera_linear_control,5,VisBuf,Sponza Ivy,False,3,visutil_prefix,0.00271
14_real_full_camera_linear_control,5,VisBuf,Sponza Ivy,False,4,visutil_flatten,0.03755
14_real_full_camera_linear_control,5,VisBuf,Sponza Ivy,False,5,gbuffer,1.31592
14_real_full_camera_linear_control,5,VisBuf,Sponza Ivy,False,6,lighting,0.08921
14_real_full_camera_linear_control,5,VisBuf,Sponza Ivy,False,7,tonemap,0.03594
14_real_full_camera_linear_control,6,DeferredPrepass,Sponza Ivy,True,0,total,1.6744
14_real_full_camera_linear_control,6,DeferredPrepass,Sponza Ivy,True,1,depth_prepass,0.40774
14_real_full_camera_linear_control,6,DeferredPrepass,Sponza Ivy,True,2,geometry,1.12024
14_real_full_camera_linear_control,6,DeferredPrepass,Sponza Ivy,True,3,lighting,0.08804
14_real_full_camera_linear_control,6,DeferredPrepass,Sponza Ivy,True,4,tonemap,0.03539
14_real_full_camera_linear_control,7,VisBuf,Sponza Ivy,True,0,total,2.07115
14_real_full_camera_linear_control,7,VisBuf,Sponza Ivy,True,1,visibility,0.53913
14_real_full_camera_linear_control,7,VisBuf,Sponza Ivy,True,2,visutil_histogram,0.02961
14_real_full_camera_linear_control,7,VisBuf,Sponza Ivy,True,3,visutil_prefix,0.00275
14_real_full_camera_linear_control,7,VisBuf,Sponza Ivy,True,4,visutil_flatten,0.03728
14_real_full_camera_linear_control,7,VisBuf,Sponza Ivy,True,5,gbuffer,1.31007
14_real_full_camera_linear_control,7,VisBuf,Sponza Ivy,True,6,lighting,0.08891
14_real_full_camera_linear_control,7,VisBuf,Sponza Ivy,True,7,tonemap,0.03584
14_real_full_camera_linear_control,8,DeferredPrepass,Bistro,False,0,total,0.53941
14_real_full_camera_linear_control,8,DeferredPrepass,Bistro,False,1,depth_prepass,0.14158
14_real_full_camera_linear_control,8,DeferredPrepass,Bistro,False,2,geometry,0.25038
14_real_full_camera_linear_control,8,DeferredPrepass,Bistro,False,3,lighting,0.09528
14_real_full_camera_linear_control,8,DeferredPrepass,Bistro,False,4,tonemap,0.03816
14_real_full_camera_linear_control,9,VisBuf,Bistro,False,0,total,0.66268
14_real_full_camera_linear_control,9,VisBuf,Bistro,False,1,visibility,0.21425
14_real_full_camera_linear_control,9,VisBuf,Bistro,False,2,visutil_histogram,0.02894
14_real_full_camera_linear_control,9,VisBuf,Bistro,False,3,visutil_prefix,0.0027
14_real_full_camera_linear_control,9,VisBuf,Bistro,False,4,visutil_flatten,0.0393
14_real_full_camera_linear_control,9,VisBuf,Bistro,False,5,gbuffer,0.21666
14_real_full_camera_linear_control,9,VisBuf,Bistro,False,6,lighting,0.09813
14_real_full_camera_linear_control,9,VisBuf,Bistro,False,7,tonemap,0.03599
14_real_full_camera_linear_control,10,DeferredPrepass,Bistro,True,0,total,0.53575
14_real_full_camera_linear_control,10,DeferredPrepass,Bistro,True,1,depth_prepass,0.1409
14_real_full_camera_linear_control,10,DeferredPrepass,Bistro,True,2,geometry,0.24927
14_real_full_camera_linear_control,10,DeferredPrepass,Bistro,True,3,lighting,0.09382
14_real_full_camera_linear_control,10,DeferredPrepass,Bistro,True,4,tonemap,0.03765
14_real_full_camera_linear_control,11,VisBuf,Bistro,True,0,total,0.66024
14_real_full_camera_linear_control,11,VisBuf,Bistro,True,1,visibility,0.21418
14_real_full_camera_linear_control,11,VisBuf,Bistro,True,2,visutil_histogram,0.02894
14_real_full_camera_linear_control,11,VisBuf,Bistro,True,3,visutil_prefix,0.00269
14_real_full_camera_linear_control,11,VisBuf,Bistro,True,4,visutil_flatten,0.03916
14_real_full_camera_linear_control,11,VisBuf,Bistro,True,5,gbuffer,0.21563
14_real_full_camera_linear_control,11,VisBuf,Bistro,True,6,lighting,0.09691
14_real_full_camera_linear_control,11,VisBuf,Bistro,True,7,tonemap,0.03591
15_real_texture_vfc_ablation,0,DeferredPrepass,Sponza,False,0,total,0.66088
15_real_texture_vfc_ablation,0,DeferredPrepass,Sponza,False,1,depth_prepass,0.20721
15_real_texture_vfc_ablation,0,DeferredPrepass,Sponza,False,2,geometry,0.3209
15_real_texture_vfc_ablation,0,DeferredPrepass,Sponza,False,3,lighting,0.08814
15_real_texture_vfc_ablation,0,DeferredPrepass,Sponza,False,4,tonemap,0.03045
15_real_texture_vfc_ablation,1,VisBuf,Sponza,False,0,total,0.77061
15_real_texture_vfc_ablation,1,VisBuf,Sponza,False,1,visibility,0.35754
15_real_texture_vfc_ablation,1,VisBuf,Sponza,False,2,visutil_histogram,0.03232
15_real_texture_vfc_ablation,1,VisBuf,Sponza,False,3,visutil_prefix,0.00242
15_real_texture_vfc_ablation,1,VisBuf,Sponza,False,4,visutil_flatten,0.03993
15_real_texture_vfc_ablation,1,VisBuf,Sponza,False,5,gbuffer,0.18702
15_real_texture_vfc_ablation,1,VisBuf,Sponza,False,6,lighting,0.08998
15_real_texture_vfc_ablation,1,VisBuf,Sponza,False,7,tonemap,0.03087
15_real_texture_vfc_ablation,2,DeferredPrepass,Sponza,False,0,total,0.33329
15_real_texture_vfc_ablation,2,DeferredPrepass,Sponza,False,1,depth_prepass,0.04657
15_real_texture_vfc_ablation,2,DeferredPrepass,Sponza,False,2,geometry,0.15524
15_real_texture_vfc_ablation,2,DeferredPrepass,Sponza,False,3,lighting,0.08655
15_real_texture_vfc_ablation,2,DeferredPrepass,Sponza,False,4,tonemap,0.03156
15_real_texture_vfc_ablation,3,VisBuf,Sponza,False,0,total,0.50043
15_real_texture_vfc_ablation,3,VisBuf,Sponza,False,1,visibility,0.09223
15_real_texture_vfc_ablation,3,VisBuf,Sponza,False,2,visutil_histogram,0.02725
15_real_texture_vfc_ablation,3,VisBuf,Sponza,False,3,visutil_prefix,0.00218
15_real_texture_vfc_ablation,3,VisBuf,Sponza,False,4,visutil_flatten,0.0398
15_real_texture_vfc_ablation,3,VisBuf,Sponza,False,5,gbuffer,0.18456
15_real_texture_vfc_ablation,3,VisBuf,Sponza,False,6,lighting,0.09148
15_real_texture_vfc_ablation,3,VisBuf,Sponza,False,7,tonemap,0.03071
15_real_texture_vfc_ablation,4,DeferredPrepass,Sponza,False,0,total,1.42027
15_real_texture_vfc_ablation,4,DeferredPrepass,Sponza,False,1,depth_prepass,0.21038
15_real_texture_vfc_ablation,4,DeferredPrepass,Sponza,False,2,geometry,1.06338
15_real_texture_vfc_ablation,4,DeferredPrepass,Sponza,False,3,lighting,0.09406
15_real_texture_vfc_ablation,4,DeferredPrepass,Sponza,False,4,tonemap,0.03724
15_real_texture_vfc_ablation,5,VisBuf,Sponza,False,0,total,1.89906
15_real_texture_vfc_ablation,5,VisBuf,Sponza,False,1,visibility,0.35746
15_real_texture_vfc_ablation,5,VisBuf,Sponza,False,2,visutil_histogram,0.03239
15_real_texture_vfc_ablation,5,VisBuf,Sponza,False,3,visutil_prefix,0.00282
15_real_texture_vfc_ablation,5,VisBuf,Sponza,False,4,visutil_flatten,0.03978
15_real_texture_vfc_ablation,5,VisBuf,Sponza,False,5,gbuffer,1.30447
15_real_texture_vfc_ablation,5,VisBuf,Sponza,False,6,lighting,0.0962
15_real_texture_vfc_ablation,5,VisBuf,Sponza,False,7,tonemap,0.03823
15_real_texture_vfc_ablation,6,DeferredPrepass,Sponza,False,0,total,1.15846
15_real_texture_vfc_ablation,6,DeferredPrepass,Sponza,False,1,depth_prepass,0.04747
15_real_texture_vfc_ablation,6,DeferredPrepass,Sponza,False,2,geometry,0.9614
15_real_texture_vfc_ablation,6,DeferredPrepass,Sponza,False,3,lighting,0.09382
15_real_texture_vfc_ablation,6,DeferredPrepass,Sponza,False,4,tonemap,0.03826
15_real_texture_vfc_ablation,7,VisBuf,Sponza,False,0,total,1.62599
15_real_texture_vfc_ablation,7,VisBuf,Sponza,False,1,visibility,0.09206
15_real_texture_vfc_ablation,7,VisBuf,Sponza,False,2,visutil_histogram,0.02776
15_real_texture_vfc_ablation,7,VisBuf,Sponza,False,3,visutil_prefix,0.00241
15_real_texture_vfc_ablation,7,VisBuf,Sponza,False,4,visutil_flatten,0.03935
15_real_texture_vfc_ablation,7,VisBuf,Sponza,False,5,gbuffer,1.30128
15_real_texture_vfc_ablation,7,VisBuf,Sponza,False,6,lighting,0.09675
15_real_texture_vfc_ablation,7,VisBuf,Sponza,False,7,tonemap,0.03818
15_real_texture_vfc_ablation,8,DeferredPrepass,Sponza Ivy,False,0,total,1.22126
15_real_texture_vfc_ablation,8,DeferredPrepass,Sponza Ivy,False,1,depth_prepass,0.45213
15_real_texture_vfc_ablation,8,DeferredPrepass,Sponza Ivy,False,2,geometry,0.63192
15_real_texture_vfc_ablation,8,DeferredPrepass,Sponza Ivy,False,3,lighting,0.08865
15_real_texture_vfc_ablation,8,DeferredPrepass,Sponza Ivy,False,4,tonemap,0.03073
15_real_texture_vfc_ablation,9,VisBuf,Sponza Ivy,False,0,total,1.16845
15_real_texture_vfc_ablation,9,VisBuf,Sponza Ivy,False,1,visibility,0.75791
15_real_texture_vfc_ablation,9,VisBuf,Sponza Ivy,False,2,visutil_histogram,0.03321
15_real_texture_vfc_ablation,9,VisBuf,Sponza Ivy,False,3,visutil_prefix,0.00268
15_real_texture_vfc_ablation,9,VisBuf,Sponza Ivy,False,4,visutil_flatten,0.04022
15_real_texture_vfc_ablation,9,VisBuf,Sponza Ivy,False,5,gbuffer,0.18425
15_real_texture_vfc_ablation,9,VisBuf,Sponza Ivy,False,6,lighting,0.08822
15_real_texture_vfc_ablation,9,VisBuf,Sponza Ivy,False,7,tonemap,0.03227
15_real_texture_vfc_ablation,10,DeferredPrepass,Sponza Ivy,False,0,total,0.59962
15_real_texture_vfc_ablation,10,DeferredPrepass,Sponza Ivy,False,1,depth_prepass,0.16381
15_real_texture_vfc_ablation,10,DeferredPrepass,Sponza Ivy,False,2,geometry,0.2978
15_real_texture_vfc_ablation,10,DeferredPrepass,Sponza Ivy,False,3,lighting,0.08842
15_real_texture_vfc_ablation,10,DeferredPrepass,Sponza Ivy,False,4,tonemap,0.03389
15_real_texture_vfc_ablation,11,VisBuf,Sponza Ivy,False,0,total,0.64227
15_real_texture_vfc_ablation,11,VisBuf,Sponza Ivy,False,1,visibility,0.22766
15_real_texture_vfc_ablation,11,VisBuf,Sponza Ivy,False,2,visutil_histogram,0.02909
15_real_texture_vfc_ablation,11,VisBuf,Sponza Ivy,False,3,visutil_prefix,0.0022
15_real_texture_vfc_ablation,11,VisBuf,Sponza Ivy,False,4,visutil_flatten,0.03981
15_real_texture_vfc_ablation,11,VisBuf,Sponza Ivy,False,5,gbuffer,0.18528
15_real_texture_vfc_ablation,11,VisBuf,Sponza Ivy,False,6,lighting,0.09347
15_real_texture_vfc_ablation,11,VisBuf,Sponza Ivy,False,7,tonemap,0.03251
15_real_texture_vfc_ablation,12,DeferredPrepass,Sponza Ivy,False,0,total,1.95632
15_real_texture_vfc_ablation,12,DeferredPrepass,Sponza Ivy,False,1,depth_prepass,0.44058
15_real_texture_vfc_ablation,12,DeferredPrepass,Sponza Ivy,False,2,geometry,1.35796
15_real_texture_vfc_ablation,12,DeferredPrepass,Sponza Ivy,False,3,lighting,0.09334
15_real_texture_vfc_ablation,12,DeferredPrepass,Sponza Ivy,False,4,tonemap,0.03735
15_real_texture_vfc_ablation,13,VisBuf,Sponza Ivy,False,0,total,2.2773
15_real_texture_vfc_ablation,13,VisBuf,Sponza Ivy,False,1,visibility,0.73041
15_real_texture_vfc_ablation,13,VisBuf,Sponza Ivy,False,2,visutil_histogram,0.03251
15_real_texture_vfc_ablation,13,VisBuf,Sponza Ivy,False,3,visutil_prefix,0.00289
15_real_texture_vfc_ablation,13,VisBuf,Sponza Ivy,False,4,visutil_flatten,0.04008
15_real_texture_vfc_ablation,13,VisBuf,Sponza Ivy,False,5,gbuffer,1.31006
15_real_texture_vfc_ablation,13,VisBuf,Sponza Ivy,False,6,lighting,0.09572
15_real_texture_vfc_ablation,13,VisBuf,Sponza Ivy,False,7,tonemap,0.03785
15_real_texture_vfc_ablation,14,DeferredPrepass,Sponza Ivy,False,0,total,1.28593
15_real_texture_vfc_ablation,14,DeferredPrepass,Sponza Ivy,False,1,depth_prepass,0.11701
15_real_texture_vfc_ablation,14,DeferredPrepass,Sponza Ivy,False,2,geometry,1.01484
15_real_texture_vfc_ablation,14,DeferredPrepass,Sponza Ivy,False,3,lighting,0.09719
15_real_texture_vfc_ablation,14,DeferredPrepass,Sponza Ivy,False,4,tonemap,0.03762
15_real_texture_vfc_ablation,15,VisBuf,Sponza Ivy,False,0,total,1.68663
15_real_texture_vfc_ablation,15,VisBuf,Sponza Ivy,False,1,visibility,0.19802
15_real_texture_vfc_ablation,15,VisBuf,Sponza Ivy,False,2,visutil_histogram,0.02883
15_real_texture_vfc_ablation,15,VisBuf,Sponza Ivy,False,3,visutil_prefix,0.00261
15_real_texture_vfc_ablation,15,VisBuf,Sponza Ivy,False,4,visutil_flatten,0.03929
15_real_texture_vfc_ablation,15,VisBuf,Sponza Ivy,False,5,gbuffer,1.25577
15_real_texture_vfc_ablation,15,VisBuf,Sponza Ivy,False,6,lighting,0.09648
15_real_texture_vfc_ablation,15,VisBuf,Sponza Ivy,False,7,tonemap,0.03775
15_real_texture_vfc_ablation,16,DeferredPrepass,Bistro,False,0,total,0.75077
15_real_texture_vfc_ablation,16,DeferredPrepass,Bistro,False,1,depth_prepass,0.23388
15_real_texture_vfc_ablation,16,DeferredPrepass,Bistro,False,2,geometry,0.37702
15_real_texture_vfc_ablation,16,DeferredPrepass,Bistro,False,3,lighting,0.0909
15_real_texture_vfc_ablation,16,DeferredPrepass,Bistro,False,4,tonemap,0.03456
15_real_texture_vfc_ablation,17,VisBuf,Bistro,False,0,total,0.87969
15_real_texture_vfc_ablation,17,VisBuf,Bistro,False,1,visibility,0.45443
15_real_texture_vfc_ablation,17,VisBuf,Bistro,False,2,visutil_histogram,0.03234
15_real_texture_vfc_ablation,17,VisBuf,Bistro,False,3,visutil_prefix,0.00252
15_real_texture_vfc_ablation,17,VisBuf,Bistro,False,4,visutil_flatten,0.04022
15_real_texture_vfc_ablation,17,VisBuf,Bistro,False,5,gbuffer,0.18453
15_real_texture_vfc_ablation,17,VisBuf,Bistro,False,6,lighting,0.09741
15_real_texture_vfc_ablation,17,VisBuf,Bistro,False,7,tonemap,0.03872
15_real_texture_vfc_ablation,18,DeferredPrepass,Bistro,False,0,total,0.5286
15_real_texture_vfc_ablation,18,DeferredPrepass,Bistro,False,1,depth_prepass,0.13651
15_real_texture_vfc_ablation,18,DeferredPrepass,Bistro,False,2,geometry,0.24401
15_real_texture_vfc_ablation,18,DeferredPrepass,Bistro,False,3,lighting,0.09213
15_real_texture_vfc_ablation,18,DeferredPrepass,Bistro,False,4,tonemap,0.04186
15_real_texture_vfc_ablation,19,VisBuf,Bistro,False,0,total,0.62853
15_real_texture_vfc_ablation,19,VisBuf,Bistro,False,1,visibility,0.20982
15_real_texture_vfc_ablation,19,VisBuf,Bistro,False,2,visutil_histogram,0.02929
15_real_texture_vfc_ablation,19,VisBuf,Bistro,False,3,visutil_prefix,0.00223
15_real_texture_vfc_ablation,19,VisBuf,Bistro,False,4,visutil_flatten,0.04004
15_real_texture_vfc_ablation,19,VisBuf,Bistro,False,5,gbuffer,0.18048
15_real_texture_vfc_ablation,19,VisBuf,Bistro,False,6,lighting,0.09698
15_real_texture_vfc_ablation,19,VisBuf,Bistro,False,7,tonemap,0.03712
15_real_texture_vfc_ablation,20,DeferredPrepass,Bistro,False,0,total,0.85914
15_real_texture_vfc_ablation,20,DeferredPrepass,Bistro,False,1,depth_prepass,0.26505
15_real_texture_vfc_ablation,20,DeferredPrepass,Bistro,False,2,geometry,0.4367
15_real_texture_vfc_ablation,20,DeferredPrepass,Bistro,False,3,lighting,0.1012
15_real_texture_vfc_ablation,20,DeferredPrepass,Bistro,False,4,tonemap,0.04103
15_real_texture_vfc_ablation,21,VisBuf,Bistro,False,0,total,0.92844
15_real_texture_vfc_ablation,21,VisBuf,Bistro,False,1,visibility,0.44036
15_real_texture_vfc_ablation,21,VisBuf,Bistro,False,2,visutil_histogram,0.03207
15_real_texture_vfc_ablation,21,VisBuf,Bistro,False,3,visutil_prefix,0.00256
15_real_texture_vfc_ablation,21,VisBuf,Bistro,False,4,visutil_flatten,0.04024
15_real_texture_vfc_ablation,21,VisBuf,Bistro,False,5,gbuffer,0.23698
15_real_texture_vfc_ablation,21,VisBuf,Bistro,False,6,lighting,0.10612
15_real_texture_vfc_ablation,21,VisBuf,Bistro,False,7,tonemap,0.04038
15_real_texture_vfc_ablation,22,DeferredPrepass,Bistro,False,0,total,0.52558
15_real_texture_vfc_ablation,22,DeferredPrepass,Bistro,False,1,depth_prepass,0.12834
15_real_texture_vfc_ablation,22,DeferredPrepass,Bistro,False,2,geometry,0.24512
15_real_texture_vfc_ablation,22,DeferredPrepass,Bistro,False,3,lighting,0.09773
15_real_texture_vfc_ablation,22,DeferredPrepass,Bistro,False,4,tonemap,0.04019
15_real_texture_vfc_ablation,23,VisBuf,Bistro,False,0,total,0.70544
15_real_texture_vfc_ablation,23,VisBuf,Bistro,False,1,visibility,0.21195
15_real_texture_vfc_ablation,23,VisBuf,Bistro,False,2,visutil_histogram,0.02941
15_real_texture_vfc_ablation,23,VisBuf,Bistro,False,3,visutil_prefix,0.00237
15_real_texture_vfc_ablation,23,VisBuf,Bistro,False,4,visutil_flatten,0.04004
15_real_texture_vfc_ablation,23,VisBuf,Bistro,False,5,gbuffer,0.23954
15_real_texture_vfc_ablation,23,VisBuf,Bistro,False,6,lighting,0.10983
15_real_texture_vfc_ablation,23,VisBuf,Bistro,False,7,tonemap,0.04126
16_real_software_raster_reference,0,SoftwareRasterStats,Sponza,False,0,total,240.22311
16_real_software_raster_reference,0,SoftwareRasterStats,Sponza,False,1,raster_stats,240.21826
16_real_software_raster_reference,1,SoftwareRasterStats,Sponza Ivy,False,0,total,304.93729
16_real_software_raster_reference,1,SoftwareRasterStats,Sponza Ivy,False,1,raster_stats,304.93265
16_real_software_raster_reference,2,SoftwareRasterStats,Bistro,False,0,total,456.94589
16_real_software_raster_reference,2,SoftwareRasterStats,Bistro,False,1,raster_stats,456.94159
