run-id,run-name,output-filepath,renderer-variant,visibility-debug-mode,donut-linear-gbuffer,variable,to-use-scene,to-load-texture,use-vfc,scene-variant,scene-importer,scene-path,warmup-frames,measure-frames,auto-terminate,vsync,camera-mode,camera-filepath,camera-keyframe-interval,to-set-start-frame,key-frame,profile-window-frames,capture-frames,capture-output-dir,capture-stride,capture-fps,window-width,window-height,seed,material-assign-strategy,material-assign-max-open,material-assign-locality,material-assign-diversity,camera-pos-x,camera-pos-y,camera-pos-z,camera-lookat-x,camera-lookat-y,camera-lookat-z,camera-near-z,camera-far-z,camera-fov,object-count,material-count,geometry-count,overdraw-count,to-remain-only-in-camera,z-min,z-max,xy-minmax,radius,geometry-div,gbuffer-cnt,texture-count,texture-size,texture-sampling-count,alu-calc-count,pass_name_0,pass_0_time_avg_ms,pass_name_1,pass_1_time_avg_ms,pass_name_2,pass_2_time_avg_ms,pass_name_3,pass_3_time_avg_ms,pass_name_4,pass_4_time_avg_ms,pass_name_5,pass_5_time_avg_ms,pass_name_6,pass_6_time_avg_ms,pass_name_7,pass_7_time_avg_ms,pass_name_8,pass_8_time_avg_ms,pass_name_9,pass_9_time_avg_ms,pass_name_10,pass_10_time_avg_ms,pass_name_11,pass_11_time_avg_ms,pass_name_12,pass_12_time_avg_ms,pass_name_13,pass_13_time_avg_ms,pass_name_14,pass_14_time_avg_ms,pass_name_15,pass_15_time_avg_ms,pass_name_16,pass_16_time_avg_ms,pass_name_17,pass_17_time_avg_ms,pass_name_18,pass_18_time_avg_ms,pass_name_19,pass_19_time_avg_ms,pass_name_20,pass_20_time_avg_ms,pass_name_21,pass_21_time_avg_ms,pass_name_22,pass_22_time_avg_ms,pass_name_23,pass_23_time_avg_ms,pass_name_24,pass_24_time_avg_ms,pass_name_25,pass_25_time_avg_ms,pass_name_26,pass_26_time_avg_ms,pass_name_27,pass_27_time_avg_ms,pass_name_28,pass_28_time_avg_ms,pass_name_29,pass_29_time_avg_ms,pass_name_30,pass_30_time_avg_ms,pass_name_31,pass_31_time_avg_ms,renderer_name,run_current_time,camera-mode-name,total_time_min_ms,total_time_median_ms,total_time_max_ms,total_time_avg_ms,total_time_p01_ms,total_time_p10_ms,total_time_p90_ms,total_time_p99_ms,source_material_count,active_material_bin_count,material_bin_compaction_ratio,variable-geometry-count,variable-overdraw-count,variable-waste-quad-count,variable-alu-op-count,param_renderer_variant,param_variable,param_to_use_scene,param_to_load_texture,param_use_vfc,param_scene_variant,param_scene_importer,param_scene_path,param_warmup_frames,param_measure_frames,param_vsync,param_camera_mode,param_camera_filepath,param_camera_keyframe_interval,param_to_set_start_frame,param_key_frame,param_profile_window_frames,param_capture_frames,param_capture_stride,param_capture_fps,param_window_width,param_window_height,param_seed,param_material_assign_strategy,param_material_assign_max_open,param_material_assign_locality,param_material_assign_diversity,param_geometry_div,param_camera_pos_x,param_camera_pos_y,param_camera_pos_z,param_camera_lookat_x,param_camera_lookat_y,param_camera_lookat_z,param_camera_near_z,param_camera_far_z,param_camera_fov,param_object_count,param_material_count,param_geometry_count,param_overdraw_count,param_to_remain_only_in_camera,param_z_min,param_z_max,param_xy_minmax,param_radius,param_gbuffer_cnt,param_texture_count,param_texture_size,param_texture_sampling_count,param_alu_calc_count,runner_experiment,runner_repeat,runner_run_index,runner_result_row,runner_status,runner_return_code,runner_error,runner_stderr,runner_skip_reason,runner_missing_assets
0,37_real_scene_resolution_16x9_to_8k,C:\Users\mgkim15\AppData\Local\Temp\tvbperf_x5cbps70\run_00000.csv,8,2,0,0,1,1,1,0,assimp,../../../../../assets/scenes/unpacked/main_sponza/NewSponza_Main_glTF_003.gltf,60,2500,1,0,2,../../../../../scripts/standard_camera.csv,10,0,0,60,0,captures,1,60,16,9,0,1,255,1,1,0,0,-10,0,0,0,0.1,1000,0.785,1,1,1,0,0,-1,1,1,0.5,1,1,1,256,1,100,total,0.18798,depth_prepass,0.08106,geometry,0.08693,lighting,0.00400,tonemap,0.00279,,0.00000,,0.00000,,0.00000,,0.00000,,0.00000,,0.00000,,0.00000,,0.00000,,0.00000,,0.00000,,0.00000,,0.00000,,0.00000,,0.00000,,0.00000,,0.00000,,0.00000,,0.00000,,0.00000,,0.00000,,0.00000,,0.00000,,0.00000,,0.00000,,0.00000,,0.00000,,0.00000,DonutDeferredPrepass,2026-07-30T12:25:37,playback,0.01859,0.14877,0.63318,0.18798,0.01926,0.02973,0.40064,0.42464,29,4,0.13793,4,0,1,100,8,0,1,1,1,0,assimp,../../../../../assets/scenes/unpacked/main_sponza/NewSponza_Main_glTF_003.gltf,60,2500,0,2,../../../../../scripts/standard_camera.csv,10,0,0,60,0,1,60,16,9,0,1,255,1.0,1.0,1,0.0,0.0,-10.0,0.0,0.0,0.0,0.1,1000.0,0.785,1,1,1,0,0,-1.0,1.0,1.0,0.5,1,1,256,1,100,37_real_scene_resolution_16x9_to_8k,0,0,0,success,0,,"Scene CPU cache disabled; rebuilding source scene.
[FrameCounter] frames{2620} measure_start{60} measure_end{2560} sample_count{2500} window_frames{60}
Saved CSV: C:\Users\mgkim15\AppData\Local\Temp\tvbperf_x5cbps70\run_00000.csv_0_result.csv
Log saved to: D:\project\TVBPerf\out\build\x64-Release\bin\Release\logs\log_2026-07-30_12-25-55.txt",,
1,37_real_scene_resolution_16x9_to_8k,C:\Users\mgkim15\AppData\Local\Temp\tvbperf_x5cbps70\run_00001.csv,9,2,0,1,1,1,1,0,assimp,../../../../../assets/scenes/unpacked/main_sponza/NewSponza_Main_glTF_003.gltf,60,2500,1,0,2,../../../../../scripts/standard_camera.csv,10,0,0,60,0,captures,1,60,16,9,0,1,255,1,1,0,0,-10,0,0,0,0.1,1000,0.785,1,1,1,0,0,-1,1,1,0.5,1,1,1,256,1,100,total,0.19904,visibility,0.13062,visutil_histogram,0.00311,visutil_prefix,0.00206,visutil_flatten,0.00251,gbuffer,0.02372,lighting,0.00328,tonemap,0.00277,,0.00000,,0.00000,,0.00000,,0.00000,,0.00000,,0.00000,,0.00000,,0.00000,,0.00000,,0.00000,,0.00000,,0.00000,,0.00000,,0.00000,,0.00000,,0.00000,,0.00000,,0.00000,,0.00000,,0.00000,,0.00000,,0.00000,,0.00000,,0.00000,DonutVisGBuffer,2026-07-30T12:25:55,playback,0.05952,0.16947,0.66522,0.19904,0.06128,0.07392,0.37955,0.39539,29,4,0.13793,4,0,1,100,9,1,1,1,1,0,assimp,../../../../../assets/scenes/unpacked/main_sponza/NewSponza_Main_glTF_003.gltf,60,2500,0,2,../../../../../scripts/standard_camera.csv,10,0,0,60,0,1,60,16,9,0,1,255,1.0,1.0,1,0.0,0.0,-10.0,0.0,0.0,0.0,0.1,1000.0,0.785,1,1,1,0,0,-1.0,1.0,1.0,0.5,1,1,256,1,100,37_real_scene_resolution_16x9_to_8k,0,1,0,success,0,,"Scene CPU cache disabled; rebuilding source scene.
[FrameCounter] frames{2620} measure_start{60} measure_end{2560} sample_count{2500} window_frames{60}
Saved CSV: C:\Users\mgkim15\AppData\Local\Temp\tvbperf_x5cbps70\run_00001.csv_1_result.csv
Log saved to: D:\project\TVBPerf\out\build\x64-Release\bin\Release\logs\log_2026-07-30_12-26-13.txt",,
2,37_real_scene_resolution_16x9_to_8k,C:\Users\mgkim15\AppData\Local\Temp\tvbperf_x5cbps70\run_00002.csv,8,2,0,2,1,1,1,0,assimp,../../../../../assets/scenes/unpacked/main_sponza/NewSponza_Main_glTF_003.gltf,60,2500,1,0,2,../../../../../scripts/standard_camera.csv,10,0,0,60,0,captures,1,60,64,36,0,1,255,1,1,0,0,-10,0,0,0,0.1,1000,0.785,1,1,1,0,0,-1,1,1,0.5,1,1,1,256,1,100,total,0.21369,depth_prepass,0.09242,geometry,0.10122,lighting,0.00403,tonemap,0.00279,,0.00000,,0.00000,,0.00000,,0.00000,,0.00000,,0.00000,,0.00000,,0.00000,,0.00000,,0.00000,,0.00000,,0.00000,,0.00000,,0.00000,,0.00000,,0.00000,,0.00000,,0.00000,,0.00000,,0.00000,,0.00000,,0.00000,,0.00000,,0.00000,,0.00000,,0.00000,,0.00000,DonutDeferredPrepass,2026-07-30T12:26:13,playback,0.01856,0.15994,0.65846,0.21369,0.01946,0.03117,0.48016,0.50003,29,4,0.13793,4,0,1,100,8,2,1,1,1,0,assimp,../../../../../assets/scenes/unpacked/main_sponza/NewSponza_Main_glTF_003.gltf,60,2500,0,2,../../../../../scripts/standard_camera.csv,10,0,0,60,0,1,60,64,36,0,1,255,1.0,1.0,1,0.0,0.0,-10.0,0.0,0.0,0.0,0.1,1000.0,0.785,1,1,1,0,0,-1.0,1.0,1.0,0.5,1,1,256,1,100,37_real_scene_resolution_16x9_to_8k,0,2,0,success,0,,"Scene CPU cache disabled; rebuilding source scene.
[FrameCounter] frames{2620} measure_start{60} measure_end{2560} sample_count{2500} window_frames{60}
Saved CSV: C:\Users\mgkim15\AppData\Local\Temp\tvbperf_x5cbps70\run_00002.csv_2_result.csv
Log saved to: D:\project\TVBPerf\out\build\x64-Release\bin\Release\logs\log_2026-07-30_12-26-30.txt",,
3,37_real_scene_resolution_16x9_to_8k,C:\Users\mgkim15\AppData\Local\Temp\tvbperf_x5cbps70\run_00003.csv,9,2,0,3,1,1,1,0,assimp,../../../../../assets/scenes/unpacked/main_sponza/NewSponza_Main_glTF_003.gltf,60,2500,1,0,2,../../../../../scripts/standard_camera.csv,10,0,0,60,0,captures,1,60,64,36,0,1,255,1,1,0,0,-10,0,0,0,0.1,1000,0.785,1,1,1,0,0,-1,1,1,0.5,1,1,1,256,1,100,total,0.20999,visibility,0.13840,visutil_histogram,0.00316,visutil_prefix,0.00200,visutil_flatten,0.00257,gbuffer,0.02658,lighting,0.00326,tonemap,0.00278,,0.00000,,0.00000,,0.00000,,0.00000,,0.00000,,0.00000,,0.00000,,0.00000,,0.00000,,0.00000,,0.00000,,0.00000,,0.00000,,0.00000,,0.00000,,0.00000,,0.00000,,0.00000,,0.00000,,0.00000,,0.00000,,0.00000,,0.00000,,0.00000,DonutVisGBuffer,2026-07-30T12:26:30,playback,0.06086,0.18186,0.55696,0.20999,0.06179,0.07430,0.40483,0.41280,29,4,0.13793,4,0,1,100,9,3,1,1,1,0,assimp,../../../../../assets/scenes/unpacked/main_sponza/NewSponza_Main_glTF_003.gltf,60,2500,0,2,../../../../../scripts/standard_camera.csv,10,0,0,60,0,1,60,64,36,0,1,255,1.0,1.0,1,0.0,0.0,-10.0,0.0,0.0,0.0,0.1,1000.0,0.785,1,1,1,0,0,-1.0,1.0,1.0,0.5,1,1,256,1,100,37_real_scene_resolution_16x9_to_8k,0,3,0,success,0,,"Scene CPU cache disabled; rebuilding source scene.
[FrameCounter] frames{2620} measure_start{60} measure_end{2560} sample_count{2500} window_frames{60}
Saved CSV: C:\Users\mgkim15\AppData\Local\Temp\tvbperf_x5cbps70\run_00003.csv_3_result.csv
Log saved to: D:\project\TVBPerf\out\build\x64-Release\bin\Release\logs\log_2026-07-30_12-26-48.txt",,
4,37_real_scene_resolution_16x9_to_8k,C:\Users\mgkim15\AppData\Local\Temp\tvbperf_x5cbps70\run_00004.csv,8,2,0,4,1,1,1,0,assimp,../../../../../assets/scenes/unpacked/main_sponza/NewSponza_Main_glTF_003.gltf,60,2500,1,0,2,../../../../../scripts/standard_camera.csv,10,0,0,60,0,captures,1,60,256,144,0,1,255,1,1,0,0,-10,0,0,0,0.1,1000,0.785,1,1,1,0,0,-1,1,1,0.5,1,1,1,256,1,100,total,0.23183,depth_prepass,0.09413,geometry,0.11637,lighting,0.00482,tonemap,0.00318,,0.00000,,0.00000,,0.00000,,0.00000,,0.00000,,0.00000,,0.00000,,0.00000,,0.00000,,0.00000,,0.00000,,0.00000,,0.00000,,0.00000,,0.00000,,0.00000,,0.00000,,0.00000,,0.00000,,0.00000,,0.00000,,0.00000,,0.00000,,0.00000,,0.00000,,0.00000,,0.00000,DonutDeferredPrepass,2026-07-30T12:26:48,playback,0.01926,0.19702,0.66406,0.23183,0.02045,0.03315,0.51062,0.52688,29,4,0.13793,4,0,1,100,8,4,1,1,1,0,assimp,../../../../../assets/scenes/unpacked/main_sponza/NewSponza_Main_glTF_003.gltf,60,2500,0,2,../../../../../scripts/standard_camera.csv,10,0,0,60,0,1,60,256,144,0,1,255,1.0,1.0,1,0.0,0.0,-10.0,0.0,0.0,0.0,0.1,1000.0,0.785,1,1,1,0,0,-1.0,1.0,1.0,0.5,1,1,256,1,100,37_real_scene_resolution_16x9_to_8k,0,4,0,success,0,,"Scene CPU cache disabled; rebuilding source scene.
[FrameCounter] frames{2620} measure_start{60} measure_end{2560} sample_count{2500} window_frames{60}
Saved CSV: C:\Users\mgkim15\AppData\Local\Temp\tvbperf_x5cbps70\run_00004.csv_4_result.csv
Log saved to: D:\project\TVBPerf\out\build\x64-Release\bin\Release\logs\log_2026-07-30_12-27-06.txt",,
5,37_real_scene_resolution_16x9_to_8k,C:\Users\mgkim15\AppData\Local\Temp\tvbperf_x5cbps70\run_00005.csv,9,2,0,5,1,1,1,0,assimp,../../../../../assets/scenes/unpacked/main_sponza/NewSponza_Main_glTF_003.gltf,60,2500,1,0,2,../../../../../scripts/standard_camera.csv,10,0,0,60,0,captures,1,60,256,144,0,1,255,1,1,0,0,-10,0,0,0,0.1,1000,0.785,1,1,1,0,0,-1,1,1,0.5,1,1,1,256,1,100,total,0.26617,visibility,0.14656,visutil_histogram,0.00366,visutil_prefix,0.00222,visutil_flatten,0.00304,gbuffer,0.07323,lighting,0.00403,tonemap,0.00316,,0.00000,,0.00000,,0.00000,,0.00000,,0.00000,,0.00000,,0.00000,,0.00000,,0.00000,,0.00000,,0.00000,,0.00000,,0.00000,,0.00000,,0.00000,,0.00000,,0.00000,,0.00000,,0.00000,,0.00000,,0.00000,,0.00000,,0.00000,,0.00000,DonutVisGBuffer,2026-07-30T12:27:06,playback,0.06134,0.27056,0.58368,0.26617,0.06224,0.07635,0.42896,0.44477,29,4,0.13793,4,0,1,100,9,5,1,1,1,0,assimp,../../../../../assets/scenes/unpacked/main_sponza/NewSponza_Main_glTF_003.gltf,60,2500,0,2,../../../../../scripts/standard_camera.csv,10,0,0,60,0,1,60,256,144,0,1,255,1.0,1.0,1,0.0,0.0,-10.0,0.0,0.0,0.0,0.1,1000.0,0.785,1,1,1,0,0,-1.0,1.0,1.0,0.5,1,1,256,1,100,37_real_scene_resolution_16x9_to_8k,0,5,0,success,0,,"Scene CPU cache disabled; rebuilding source scene.
[FrameCounter] frames{2620} measure_start{60} measure_end{2560} sample_count{2500} window_frames{60}
Saved CSV: C:\Users\mgkim15\AppData\Local\Temp\tvbperf_x5cbps70\run_00005.csv_5_result.csv
Log saved to: D:\project\TVBPerf\out\build\x64-Release\bin\Release\logs\log_2026-07-30_12-27-24.txt",,
6,37_real_scene_resolution_16x9_to_8k,C:\Users\mgkim15\AppData\Local\Temp\tvbperf_x5cbps70\run_00006.csv,8,2,0,6,1,1,1,0,assimp,../../../../../assets/scenes/unpacked/main_sponza/NewSponza_Main_glTF_003.gltf,60,2500,1,0,2,../../../../../scripts/standard_camera.csv,10,0,0,60,0,captures,1,60,1024,576,0,1,255,1,1,0,0,-10,0,0,0,0.1,1000,0.785,1,1,1,0,0,-1,1,1,0.5,1,1,1,256,1,100,total,0.40144,depth_prepass,0.09586,geometry,0.26180,lighting,0.02246,tonemap,0.00716,,0.00000,,0.00000,,0.00000,,0.00000,,0.00000,,0.00000,,0.00000,,0.00000,,0.00000,,0.00000,,0.00000,,0.00000,,0.00000,,0.00000,,0.00000,,0.00000,,0.00000,,0.00000,,0.00000,,0.00000,,0.00000,,0.00000,,0.00000,,0.00000,,0.00000,,0.00000,,0.00000,DonutDeferredPrepass,2026-07-30T12:27:24,playback,0.03792,0.39030,0.96355,0.40144,0.04112,0.05635,0.67011,0.70496,29,4,0.13793,4,0,1,100,8,6,1,1,1,0,assimp,../../../../../assets/scenes/unpacked/main_sponza/NewSponza_Main_glTF_003.gltf,60,2500,0,2,../../../../../scripts/standard_camera.csv,10,0,0,60,0,1,60,1024,576,0,1,255,1.0,1.0,1,0.0,0.0,-10.0,0.0,0.0,0.0,0.1,1000.0,0.785,1,1,1,0,0,-1.0,1.0,1.0,0.5,1,1,256,1,100,37_real_scene_resolution_16x9_to_8k,0,6,0,success,0,,"Scene CPU cache disabled; rebuilding source scene.
[FrameCounter] frames{2620} measure_start{60} measure_end{2560} sample_count{2500} window_frames{60}
Saved CSV: C:\Users\mgkim15\AppData\Local\Temp\tvbperf_x5cbps70\run_00006.csv_6_result.csv
Log saved to: D:\project\TVBPerf\out\build\x64-Release\bin\Release\logs\log_2026-07-30_12-27-42.txt",,
7,37_real_scene_resolution_16x9_to_8k,C:\Users\mgkim15\AppData\Local\Temp\tvbperf_x5cbps70\run_00007.csv,9,2,0,7,1,1,1,0,assimp,../../../../../assets/scenes/unpacked/main_sponza/NewSponza_Main_glTF_003.gltf,60,2500,1,0,2,../../../../../scripts/standard_camera.csv,10,0,0,60,0,captures,1,60,1024,576,0,1,255,1,1,0,0,-10,0,0,0,0.1,1000,0.785,1,1,1,0,0,-1,1,1,0.5,1,1,1,256,1,100,total,0.55186,visibility,0.15457,visutil_histogram,0.00898,visutil_prefix,0.00213,visutil_flatten,0.01056,gbuffer,0.31321,lighting,0.02246,tonemap,0.00790,,0.00000,,0.00000,,0.00000,,0.00000,,0.00000,,0.00000,,0.00000,,0.00000,,0.00000,,0.00000,,0.00000,,0.00000,,0.00000,,0.00000,,0.00000,,0.00000,,0.00000,,0.00000,,0.00000,,0.00000,,0.00000,,0.00000,,0.00000,,0.00000,DonutVisGBuffer,2026-07-30T12:27:42,playback,0.08902,0.61818,1.07334,0.55186,0.09014,0.10918,0.82586,0.95456,29,4,0.13793,4,0,1,100,9,7,1,1,1,0,assimp,../../../../../assets/scenes/unpacked/main_sponza/NewSponza_Main_glTF_003.gltf,60,2500,0,2,../../../../../scripts/standard_camera.csv,10,0,0,60,0,1,60,1024,576,0,1,255,1.0,1.0,1,0.0,0.0,-10.0,0.0,0.0,0.0,0.1,1000.0,0.785,1,1,1,0,0,-1.0,1.0,1.0,0.5,1,1,256,1,100,37_real_scene_resolution_16x9_to_8k,0,7,0,success,0,,"Scene CPU cache disabled; rebuilding source scene.
[FrameCounter] frames{2620} measure_start{60} measure_end{2560} sample_count{2500} window_frames{60}
Saved CSV: C:\Users\mgkim15\AppData\Local\Temp\tvbperf_x5cbps70\run_00007.csv_7_result.csv
Log saved to: D:\project\TVBPerf\out\build\x64-Release\bin\Release\logs\log_2026-07-30_12-28-01.txt",,
8,37_real_scene_resolution_16x9_to_8k,C:\Users\mgkim15\AppData\Local\Temp\tvbperf_x5cbps70\run_00008.csv,8,2,0,8,1,1,1,0,assimp,../../../../../assets/scenes/unpacked/main_sponza/NewSponza_Main_glTF_003.gltf,60,2500,1,0,2,../../../../../scripts/standard_camera.csv,10,0,0,60,0,captures,1,60,4096,2304,0,1,255,1,1,0,0,-10,0,0,0,0.1,1000,0.785,1,1,1,0,0,-1,1,1,0.5,1,1,1,256,1,100,total,1.89161,depth_prepass,0.14688,geometry,1.26224,lighting,0.31008,tonemap,0.15066,,0.00000,,0.00000,,0.00000,,0.00000,,0.00000,,0.00000,,0.00000,,0.00000,,0.00000,,0.00000,,0.00000,,0.00000,,0.00000,,0.00000,,0.00000,,0.00000,,0.00000,,0.00000,,0.00000,,0.00000,,0.00000,,0.00000,,0.00000,,0.00000,,0.00000,,0.00000,,0.00000,DonutDeferredPrepass,2026-07-30T12:28:01,playback,0.39901,1.99744,3.34624,1.89161,0.40160,0.48243,2.83418,3.12022,29,4,0.13793,4,0,1,100,8,8,1,1,1,0,assimp,../../../../../assets/scenes/unpacked/main_sponza/NewSponza_Main_glTF_003.gltf,60,2500,0,2,../../../../../scripts/standard_camera.csv,10,0,0,60,0,1,60,4096,2304,0,1,255,1.0,1.0,1,0.0,0.0,-10.0,0.0,0.0,0.0,0.1,1000.0,0.785,1,1,1,0,0,-1.0,1.0,1.0,0.5,1,1,256,1,100,37_real_scene_resolution_16x9_to_8k,0,8,0,success,0,,"Scene CPU cache disabled; rebuilding source scene.
[FrameCounter] frames{2620} measure_start{60} measure_end{2560} sample_count{2500} window_frames{60}
Saved CSV: C:\Users\mgkim15\AppData\Local\Temp\tvbperf_x5cbps70\run_00008.csv_8_result.csv
Log saved to: D:\project\TVBPerf\out\build\x64-Release\bin\Release\logs\log_2026-07-30_12-28-23.txt",,
9,37_real_scene_resolution_16x9_to_8k,C:\Users\mgkim15\AppData\Local\Temp\tvbperf_x5cbps70\run_00009.csv,9,2,0,9,1,1,1,0,assimp,../../../../../assets/scenes/unpacked/main_sponza/NewSponza_Main_glTF_003.gltf,60,2500,1,0,2,../../../../../scripts/standard_camera.csv,10,0,0,60,0,captures,1,60,4096,2304,0,1,255,1,1,0,0,-10,0,0,0,0.1,1000,0.785,1,1,1,0,0,-1,1,1,0.5,1,1,1,256,1,100,total,2.74180,visibility,0.28447,visutil_histogram,0.08285,visutil_prefix,0.00284,visutil_flatten,0.13760,gbuffer,1.74932,lighting,0.30643,tonemap,0.15051,,0.00000,,0.00000,,0.00000,,0.00000,,0.00000,,0.00000,,0.00000,,0.00000,,0.00000,,0.00000,,0.00000,,0.00000,,0.00000,,0.00000,,0.00000,,0.00000,,0.00000,,0.00000,,0.00000,,0.00000,,0.00000,,0.00000,,0.00000,,0.00000,DonutVisGBuffer,2026-07-30T12:28:23,playback,0.57299,2.83341,5.49107,2.74180,0.57715,0.68547,4.06384,5.19091,29,4,0.13793,4,0,1,100,9,9,1,1,1,0,assimp,../../../../../assets/scenes/unpacked/main_sponza/NewSponza_Main_glTF_003.gltf,60,2500,0,2,../../../../../scripts/standard_camera.csv,10,0,0,60,0,1,60,4096,2304,0,1,255,1.0,1.0,1,0.0,0.0,-10.0,0.0,0.0,0.0,0.1,1000.0,0.785,1,1,1,0,0,-1.0,1.0,1.0,0.5,1,1,256,1,100,37_real_scene_resolution_16x9_to_8k,0,9,0,success,0,,"Scene CPU cache disabled; rebuilding source scene.
[FrameCounter] frames{2620} measure_start{60} measure_end{2560} sample_count{2500} window_frames{60}
Saved CSV: C:\Users\mgkim15\AppData\Local\Temp\tvbperf_x5cbps70\run_00009.csv_9_result.csv
Log saved to: D:\project\TVBPerf\out\build\x64-Release\bin\Release\logs\log_2026-07-30_12-28-48.txt",,
10,37_real_scene_resolution_16x9_to_8k,C:\Users\mgkim15\AppData\Local\Temp\tvbperf_x5cbps70\run_00010.csv,8,2,0,10,1,1,1,0,assimp,../../../../../assets/scenes/unpacked/main_sponza/NewSponza_Main_glTF_003.gltf,60,2500,1,0,2,../../../../../scripts/standard_camera.csv,10,0,0,60,0,captures,1,60,8192,4608,0,1,255,1,1,0,0,-10,0,0,0,0.1,1000,0.785,1,1,1,0,0,-1,1,1,0.5,1,1,1,256,1,100,total,5.21628,depth_prepass,0.31233,geometry,2.97245,lighting,1.19859,tonemap,0.67503,,0.00000,,0.00000,,0.00000,,0.00000,,0.00000,,0.00000,,0.00000,,0.00000,,0.00000,,0.00000,,0.00000,,0.00000,,0.00000,,0.00000,,0.00000,,0.00000,,0.00000,,0.00000,,0.00000,,0.00000,,0.00000,,0.00000,,0.00000,,0.00000,,0.00000,,0.00000,,0.00000,DonutDeferredPrepass,2026-07-30T12:28:48,playback,1.45837,5.45040,8.32320,5.21628,1.46285,1.79379,7.39478,8.11770,29,4,0.13793,4,0,1,100,8,10,1,1,1,0,assimp,../../../../../assets/scenes/unpacked/main_sponza/NewSponza_Main_glTF_003.gltf,60,2500,0,2,../../../../../scripts/standard_camera.csv,10,0,0,60,0,1,60,8192,4608,0,1,255,1.0,1.0,1,0.0,0.0,-10.0,0.0,0.0,0.0,0.1,1000.0,0.785,1,1,1,0,0,-1.0,1.0,1.0,0.5,1,1,256,1,100,37_real_scene_resolution_16x9_to_8k,0,10,0,success,0,,"Scene CPU cache disabled; rebuilding source scene.
[FrameCounter] frames{2620} measure_start{60} measure_end{2560} sample_count{2500} window_frames{60}
Saved CSV: C:\Users\mgkim15\AppData\Local\Temp\tvbperf_x5cbps70\run_00010.csv_10_result.csv
Log saved to: D:\project\TVBPerf\out\build\x64-Release\bin\Release\logs\log_2026-07-30_12-29-18.txt",,
11,37_real_scene_resolution_16x9_to_8k,C:\Users\mgkim15\AppData\Local\Temp\tvbperf_x5cbps70\run_00011.csv,9,2,0,11,1,1,1,0,assimp,../../../../../assets/scenes/unpacked/main_sponza/NewSponza_Main_glTF_003.gltf,60,2500,1,0,2,../../../../../scripts/standard_camera.csv,10,0,0,60,0,captures,1,60,8192,4608,0,1,255,1,1,0,0,-10,0,0,0,0.1,1000,0.785,1,1,1,0,0,-1,1,1,0.5,1,1,1,256,1,100,total,7.56169,visibility,0.74777,visutil_histogram,0.35383,visutil_prefix,0.00304,visutil_flatten,0.59022,gbuffer,3.90696,lighting,1.22304,tonemap,0.67455,,0.00000,,0.00000,,0.00000,,0.00000,,0.00000,,0.00000,,0.00000,,0.00000,,0.00000,,0.00000,,0.00000,,0.00000,,0.00000,,0.00000,,0.00000,,0.00000,,0.00000,,0.00000,,0.00000,,0.00000,,0.00000,,0.00000,,0.00000,,0.00000,DonutVisGBuffer,2026-07-30T12:29:19,playback,2.03325,7.87706,12.74605,7.56169,2.03725,2.56275,10.04758,12.14618,29,4,0.13793,4,0,1,100,9,11,1,1,1,0,assimp,../../../../../assets/scenes/unpacked/main_sponza/NewSponza_Main_glTF_003.gltf,60,2500,0,2,../../../../../scripts/standard_camera.csv,10,0,0,60,0,1,60,8192,4608,0,1,255,1.0,1.0,1,0.0,0.0,-10.0,0.0,0.0,0.0,0.1,1000.0,0.785,1,1,1,0,0,-1.0,1.0,1.0,0.5,1,1,256,1,100,37_real_scene_resolution_16x9_to_8k,0,11,0,success,0,,"Scene CPU cache disabled; rebuilding source scene.
[FrameCounter] frames{2620} measure_start{60} measure_end{2560} sample_count{2500} window_frames{60}
Saved CSV: C:\Users\mgkim15\AppData\Local\Temp\tvbperf_x5cbps70\run_00011.csv_11_result.csv
Log saved to: D:\project\TVBPerf\out\build\x64-Release\bin\Release\logs\log_2026-07-30_12-29-55.txt",,
12,37_real_scene_resolution_16x9_to_8k,C:\Users\mgkim15\AppData\Local\Temp\tvbperf_x5cbps70\run_00012.csv,8,2,0,12,1,1,1,0,assimp,../../../../../assets/scenes/unpacked/Bistro_v5_2/BistroExterior.fbx,60,5500,1,0,2,../../../../../scripts/standard_camera_bistro.csv,10,0,0,60,0,captures,1,60,16,9,0,1,255,1,1,0,0,-10,0,0,0,0.1,1000,0.785,1,1,1,0,0,-1,1,1,0.5,1,1,1,256,1,100,total,0.13804,depth_prepass,0.05403,geometry,0.06425,lighting,0.00394,tonemap,0.00270,,0.00000,,0.00000,,0.00000,,0.00000,,0.00000,,0.00000,,0.00000,,0.00000,,0.00000,,0.00000,,0.00000,,0.00000,,0.00000,,0.00000,,0.00000,,0.00000,,0.00000,,0.00000,,0.00000,,0.00000,,0.00000,,0.00000,,0.00000,,0.00000,,0.00000,,0.00000,,0.00000,DonutDeferredPrepass,2026-07-30T12:29:55,playback,0.02915,0.11030,0.52227,0.13804,0.03158,0.04826,0.31606,0.37002,132,3,0.02273,4,0,1,100,8,12,1,1,1,0,assimp,../../../../../assets/scenes/unpacked/Bistro_v5_2/BistroExterior.fbx,60,5500,0,2,../../../../../scripts/standard_camera_bistro.csv,10,0,0,60,0,1,60,16,9,0,1,255,1.0,1.0,1,0.0,0.0,-10.0,0.0,0.0,0.0,0.1,1000.0,0.785,1,1,1,0,0,-1.0,1.0,1.0,0.5,1,1,256,1,100,37_real_scene_resolution_16x9_to_8k,0,12,0,success,0,,"Scene CPU cache disabled; rebuilding source scene.
[FrameCounter] frames{5620} measure_start{60} measure_end{5560} sample_count{5500} window_frames{60}
Saved CSV: C:\Users\mgkim15\AppData\Local\Temp\tvbperf_x5cbps70\run_00012.csv_12_result.csv
Log saved to: D:\project\TVBPerf\out\build\x64-Release\bin\Release\logs\log_2026-07-30_12-30-01.txt",,
13,37_real_scene_resolution_16x9_to_8k,C:\Users\mgkim15\AppData\Local\Temp\tvbperf_x5cbps70\run_00013.csv,9,2,0,13,1,1,1,0,assimp,../../../../../assets/scenes/unpacked/Bistro_v5_2/BistroExterior.fbx,60,5500,1,0,2,../../../../../scripts/standard_camera_bistro.csv,10,0,0,60,0,captures,1,60,16,9,0,1,255,1,1,0,0,-10,0,0,0,0.1,1000,0.785,1,1,1,0,0,-1,1,1,0.5,1,1,1,256,1,100,total,0.16524,visibility,0.09683,visutil_histogram,0.00305,visutil_prefix,0.00196,visutil_flatten,0.00251,gbuffer,0.02356,lighting,0.00320,tonemap,0.00272,,0.00000,,0.00000,,0.00000,,0.00000,,0.00000,,0.00000,,0.00000,,0.00000,,0.00000,,0.00000,,0.00000,,0.00000,,0.00000,,0.00000,,0.00000,,0.00000,,0.00000,,0.00000,,0.00000,,0.00000,,0.00000,,0.00000,,0.00000,,0.00000,DonutVisGBuffer,2026-07-30T12:30:01,playback,0.06947,0.13571,0.53674,0.16524,0.07344,0.08970,0.33248,0.37962,132,3,0.02273,4,0,1,100,9,13,1,1,1,0,assimp,../../../../../assets/scenes/unpacked/Bistro_v5_2/BistroExterior.fbx,60,5500,0,2,../../../../../scripts/standard_camera_bistro.csv,10,0,0,60,0,1,60,16,9,0,1,255,1.0,1.0,1,0.0,0.0,-10.0,0.0,0.0,0.0,0.1,1000.0,0.785,1,1,1,0,0,-1.0,1.0,1.0,0.5,1,1,256,1,100,37_real_scene_resolution_16x9_to_8k,0,13,0,success,0,,"Scene CPU cache disabled; rebuilding source scene.
[FrameCounter] frames{5620} measure_start{60} measure_end{5560} sample_count{5500} window_frames{60}
Saved CSV: C:\Users\mgkim15\AppData\Local\Temp\tvbperf_x5cbps70\run_00013.csv_13_result.csv
Log saved to: D:\project\TVBPerf\out\build\x64-Release\bin\Release\logs\log_2026-07-30_12-30-07.txt",,
14,37_real_scene_resolution_16x9_to_8k,C:\Users\mgkim15\AppData\Local\Temp\tvbperf_x5cbps70\run_00014.csv,8,2,0,14,1,1,1,0,assimp,../../../../../assets/scenes/unpacked/Bistro_v5_2/BistroExterior.fbx,60,5500,1,0,2,../../../../../scripts/standard_camera_bistro.csv,10,0,0,60,0,captures,1,60,64,36,0,1,255,1,1,0,0,-10,0,0,0,0.1,1000,0.785,1,1,1,0,0,-1,1,1,0.5,1,1,1,256,1,100,total,0.14767,depth_prepass,0.06032,geometry,0.06784,lighting,0.00389,tonemap,0.00260,,0.00000,,0.00000,,0.00000,,0.00000,,0.00000,,0.00000,,0.00000,,0.00000,,0.00000,,0.00000,,0.00000,,0.00000,,0.00000,,0.00000,,0.00000,,0.00000,,0.00000,,0.00000,,0.00000,,0.00000,,0.00000,,0.00000,,0.00000,,0.00000,,0.00000,,0.00000,,0.00000,DonutDeferredPrepass,2026-07-30T12:30:07,playback,0.02902,0.11933,0.61354,0.14767,0.03155,0.04880,0.34058,0.39837,132,3,0.02273,4,0,1,100,8,14,1,1,1,0,assimp,../../../../../assets/scenes/unpacked/Bistro_v5_2/BistroExterior.fbx,60,5500,0,2,../../../../../scripts/standard_camera_bistro.csv,10,0,0,60,0,1,60,64,36,0,1,255,1.0,1.0,1,0.0,0.0,-10.0,0.0,0.0,0.0,0.1,1000.0,0.785,1,1,1,0,0,-1.0,1.0,1.0,0.5,1,1,256,1,100,37_real_scene_resolution_16x9_to_8k,0,14,0,success,0,,"Scene CPU cache disabled; rebuilding source scene.
[FrameCounter] frames{5620} measure_start{60} measure_end{5560} sample_count{5500} window_frames{60}
Saved CSV: C:\Users\mgkim15\AppData\Local\Temp\tvbperf_x5cbps70\run_00014.csv_14_result.csv
Log saved to: D:\project\TVBPerf\out\build\x64-Release\bin\Release\logs\log_2026-07-30_12-30-12.txt",,
15,37_real_scene_resolution_16x9_to_8k,C:\Users\mgkim15\AppData\Local\Temp\tvbperf_x5cbps70\run_00015.csv,9,2,0,15,1,1,1,0,assimp,../../../../../assets/scenes/unpacked/Bistro_v5_2/BistroExterior.fbx,60,5500,1,0,2,../../../../../scripts/standard_camera_bistro.csv,10,0,0,60,0,captures,1,60,64,36,0,1,255,1,1,0,0,-10,0,0,0,0.1,1000,0.785,1,1,1,0,0,-1,1,1,0.5,1,1,1,256,1,100,total,0.16809,visibility,0.10004,visutil_histogram,0.00305,visutil_prefix,0.00198,visutil_flatten,0.00253,gbuffer,0.02365,lighting,0.00324,tonemap,0.00266,,0.00000,,0.00000,,0.00000,,0.00000,,0.00000,,0.00000,,0.00000,,0.00000,,0.00000,,0.00000,,0.00000,,0.00000,,0.00000,,0.00000,,0.00000,,0.00000,,0.00000,,0.00000,,0.00000,,0.00000,,0.00000,,0.00000,,0.00000,,0.00000,DonutVisGBuffer,2026-07-30T12:30:13,playback,0.06944,0.13984,0.59229,0.16809,0.07363,0.09005,0.33824,0.38755,132,3,0.02273,4,0,1,100,9,15,1,1,1,0,assimp,../../../../../assets/scenes/unpacked/Bistro_v5_2/BistroExterior.fbx,60,5500,0,2,../../../../../scripts/standard_camera_bistro.csv,10,0,0,60,0,1,60,64,36,0,1,255,1.0,1.0,1,0.0,0.0,-10.0,0.0,0.0,0.0,0.1,1000.0,0.785,1,1,1,0,0,-1.0,1.0,1.0,0.5,1,1,256,1,100,37_real_scene_resolution_16x9_to_8k,0,15,0,success,0,,"Scene CPU cache disabled; rebuilding source scene.
[FrameCounter] frames{5620} measure_start{60} measure_end{5560} sample_count{5500} window_frames{60}
Saved CSV: C:\Users\mgkim15\AppData\Local\Temp\tvbperf_x5cbps70\run_00015.csv_15_result.csv
Log saved to: D:\project\TVBPerf\out\build\x64-Release\bin\Release\logs\log_2026-07-30_12-30-18.txt",,
16,37_real_scene_resolution_16x9_to_8k,C:\Users\mgkim15\AppData\Local\Temp\tvbperf_x5cbps70\run_00016.csv,8,2,0,16,1,1,1,0,assimp,../../../../../assets/scenes/unpacked/Bistro_v5_2/BistroExterior.fbx,60,5500,1,0,2,../../../../../scripts/standard_camera_bistro.csv,10,0,0,60,0,captures,1,60,256,144,0,1,255,1,1,0,0,-10,0,0,0,0.1,1000,0.785,1,1,1,0,0,-1,1,1,0.5,1,1,1,256,1,100,total,0.15601,depth_prepass,0.06384,geometry,0.07159,lighting,0.00451,tonemap,0.00295,,0.00000,,0.00000,,0.00000,,0.00000,,0.00000,,0.00000,,0.00000,,0.00000,,0.00000,,0.00000,,0.00000,,0.00000,,0.00000,,0.00000,,0.00000,,0.00000,,0.00000,,0.00000,,0.00000,,0.00000,,0.00000,,0.00000,,0.00000,,0.00000,,0.00000,,0.00000,,0.00000,DonutDeferredPrepass,2026-07-30T12:30:18,playback,0.02960,0.12925,0.56954,0.15601,0.03248,0.04982,0.35770,0.42179,132,3,0.02273,4,0,1,100,8,16,1,1,1,0,assimp,../../../../../assets/scenes/unpacked/Bistro_v5_2/BistroExterior.fbx,60,5500,0,2,../../../../../scripts/standard_camera_bistro.csv,10,0,0,60,0,1,60,256,144,0,1,255,1.0,1.0,1,0.0,0.0,-10.0,0.0,0.0,0.0,0.1,1000.0,0.785,1,1,1,0,0,-1.0,1.0,1.0,0.5,1,1,256,1,100,37_real_scene_resolution_16x9_to_8k,0,16,0,success,0,,"Scene CPU cache disabled; rebuilding source scene.
[FrameCounter] frames{5620} measure_start{60} measure_end{5560} sample_count{5500} window_frames{60}
Saved CSV: C:\Users\mgkim15\AppData\Local\Temp\tvbperf_x5cbps70\run_00016.csv_16_result.csv
Log saved to: D:\project\TVBPerf\out\build\x64-Release\bin\Release\logs\log_2026-07-30_12-30-24.txt",,
17,37_real_scene_resolution_16x9_to_8k,C:\Users\mgkim15\AppData\Local\Temp\tvbperf_x5cbps70\run_00017.csv,9,2,0,17,1,1,1,0,assimp,../../../../../assets/scenes/unpacked/Bistro_v5_2/BistroExterior.fbx,60,5500,1,0,2,../../../../../scripts/standard_camera_bistro.csv,10,0,0,60,0,captures,1,60,256,144,0,1,255,1,1,0,0,-10,0,0,0,0.1,1000,0.785,1,1,1,0,0,-1,1,1,0.5,1,1,1,256,1,100,total,0.17951,visibility,0.10735,visutil_histogram,0.00319,visutil_prefix,0.00198,visutil_flatten,0.00277,gbuffer,0.02574,lighting,0.00385,tonemap,0.00297,,0.00000,,0.00000,,0.00000,,0.00000,,0.00000,,0.00000,,0.00000,,0.00000,,0.00000,,0.00000,,0.00000,,0.00000,,0.00000,,0.00000,,0.00000,,0.00000,,0.00000,,0.00000,,0.00000,,0.00000,,0.00000,,0.00000,,0.00000,,0.00000,DonutVisGBuffer,2026-07-30T12:30:24,playback,0.06963,0.15018,0.53670,0.17951,0.07594,0.09434,0.34861,0.39792,132,3,0.02273,4,0,1,100,9,17,1,1,1,0,assimp,../../../../../assets/scenes/unpacked/Bistro_v5_2/BistroExterior.fbx,60,5500,0,2,../../../../../scripts/standard_camera_bistro.csv,10,0,0,60,0,1,60,256,144,0,1,255,1.0,1.0,1,0.0,0.0,-10.0,0.0,0.0,0.0,0.1,1000.0,0.785,1,1,1,0,0,-1.0,1.0,1.0,0.5,1,1,256,1,100,37_real_scene_resolution_16x9_to_8k,0,17,0,success,0,,"Scene CPU cache disabled; rebuilding source scene.
[FrameCounter] frames{5620} measure_start{60} measure_end{5560} sample_count{5500} window_frames{60}
Saved CSV: C:\Users\mgkim15\AppData\Local\Temp\tvbperf_x5cbps70\run_00017.csv_17_result.csv
Log saved to: D:\project\TVBPerf\out\build\x64-Release\bin\Release\logs\log_2026-07-30_12-30-30.txt",,
18,37_real_scene_resolution_16x9_to_8k,C:\Users\mgkim15\AppData\Local\Temp\tvbperf_x5cbps70\run_00018.csv,8,2,0,18,1,1,1,0,assimp,../../../../../assets/scenes/unpacked/Bistro_v5_2/BistroExterior.fbx,60,5500,1,0,2,../../../../../scripts/standard_camera_bistro.csv,10,0,0,60,0,captures,1,60,1024,576,0,1,255,1,1,0,0,-10,0,0,0,0.1,1000,0.785,1,1,1,0,0,-1,1,1,0.5,1,1,1,256,1,100,total,0.20144,depth_prepass,0.06963,geometry,0.09035,lighting,0.02186,tonemap,0.00658,,0.00000,,0.00000,,0.00000,,0.00000,,0.00000,,0.00000,,0.00000,,0.00000,,0.00000,,0.00000,,0.00000,,0.00000,,0.00000,,0.00000,,0.00000,,0.00000,,0.00000,,0.00000,,0.00000,,0.00000,,0.00000,,0.00000,,0.00000,,0.00000,,0.00000,,0.00000,,0.00000,DonutDeferredPrepass,2026-07-30T12:30:30,playback,0.05069,0.16957,0.46317,0.20144,0.05370,0.10547,0.39002,0.45133,132,3,0.02273,4,0,1,100,8,18,1,1,1,0,assimp,../../../../../assets/scenes/unpacked/Bistro_v5_2/BistroExterior.fbx,60,5500,0,2,../../../../../scripts/standard_camera_bistro.csv,10,0,0,60,0,1,60,1024,576,0,1,255,1.0,1.0,1,0.0,0.0,-10.0,0.0,0.0,0.0,0.1,1000.0,0.785,1,1,1,0,0,-1.0,1.0,1.0,0.5,1,1,256,1,100,37_real_scene_resolution_16x9_to_8k,0,18,0,success,0,,"Scene CPU cache disabled; rebuilding source scene.
[FrameCounter] frames{5620} measure_start{60} measure_end{5560} sample_count{5500} window_frames{60}
Saved CSV: C:\Users\mgkim15\AppData\Local\Temp\tvbperf_x5cbps70\run_00018.csv_18_result.csv
Log saved to: D:\project\TVBPerf\out\build\x64-Release\bin\Release\logs\log_2026-07-30_12-30-36.txt",,
19,37_real_scene_resolution_16x9_to_8k,C:\Users\mgkim15\AppData\Local\Temp\tvbperf_x5cbps70\run_00019.csv,9,2,0,19,1,1,1,0,assimp,../../../../../assets/scenes/unpacked/Bistro_v5_2/BistroExterior.fbx,60,5500,1,0,2,../../../../../scripts/standard_camera_bistro.csv,10,0,0,60,0,captures,1,60,1024,576,0,1,255,1,1,0,0,-10,0,0,0,0.1,1000,0.785,1,1,1,0,0,-1,1,1,0.5,1,1,1,256,1,100,total,0.27115,visibility,0.12790,visutil_histogram,0.00919,visutil_prefix,0.00205,visutil_flatten,0.01081,gbuffer,0.06007,lighting,0.02267,tonemap,0.00719,,0.00000,,0.00000,,0.00000,,0.00000,,0.00000,,0.00000,,0.00000,,0.00000,,0.00000,,0.00000,,0.00000,,0.00000,,0.00000,,0.00000,,0.00000,,0.00000,,0.00000,,0.00000,,0.00000,,0.00000,,0.00000,,0.00000,,0.00000,,0.00000,DonutVisGBuffer,2026-07-30T12:30:36,playback,0.09696,0.25190,0.51213,0.27115,0.10605,0.16550,0.43155,0.48582,132,3,0.02273,4,0,1,100,9,19,1,1,1,0,assimp,../../../../../assets/scenes/unpacked/Bistro_v5_2/BistroExterior.fbx,60,5500,0,2,../../../../../scripts/standard_camera_bistro.csv,10,0,0,60,0,1,60,1024,576,0,1,255,1.0,1.0,1,0.0,0.0,-10.0,0.0,0.0,0.0,0.1,1000.0,0.785,1,1,1,0,0,-1.0,1.0,1.0,0.5,1,1,256,1,100,37_real_scene_resolution_16x9_to_8k,0,19,0,success,0,,"Scene CPU cache disabled; rebuilding source scene.
[FrameCounter] frames{5620} measure_start{60} measure_end{5560} sample_count{5500} window_frames{60}
Saved CSV: C:\Users\mgkim15\AppData\Local\Temp\tvbperf_x5cbps70\run_00019.csv_19_result.csv
Log saved to: D:\project\TVBPerf\out\build\x64-Release\bin\Release\logs\log_2026-07-30_12-30-43.txt",,
20,37_real_scene_resolution_16x9_to_8k,C:\Users\mgkim15\AppData\Local\Temp\tvbperf_x5cbps70\run_00020.csv,8,2,0,20,1,1,1,0,assimp,../../../../../assets/scenes/unpacked/Bistro_v5_2/BistroExterior.fbx,60,5500,1,0,2,../../../../../scripts/standard_camera_bistro.csv,10,0,0,60,0,captures,1,60,4096,2304,0,1,255,1,1,0,0,-10,0,0,0,0.1,1000,0.785,1,1,1,0,0,-1,1,1,0.5,1,1,1,256,1,100,total,1.08939,depth_prepass,0.17941,geometry,0.42977,lighting,0.31205,tonemap,0.15343,,0.00000,,0.00000,,0.00000,,0.00000,,0.00000,,0.00000,,0.00000,,0.00000,,0.00000,,0.00000,,0.00000,,0.00000,,0.00000,,0.00000,,0.00000,,0.00000,,0.00000,,0.00000,,0.00000,,0.00000,,0.00000,,0.00000,,0.00000,,0.00000,,0.00000,,0.00000,,0.00000,DonutDeferredPrepass,2026-07-30T12:30:43,playback,0.41642,1.11616,1.39853,1.08939,0.42278,0.91376,1.24211,1.34979,132,3,0.02273,4,0,1,100,8,20,1,1,1,0,assimp,../../../../../assets/scenes/unpacked/Bistro_v5_2/BistroExterior.fbx,60,5500,0,2,../../../../../scripts/standard_camera_bistro.csv,10,0,0,60,0,1,60,4096,2304,0,1,255,1.0,1.0,1,0.0,0.0,-10.0,0.0,0.0,0.0,0.1,1000.0,0.785,1,1,1,0,0,-1.0,1.0,1.0,0.5,1,1,256,1,100,37_real_scene_resolution_16x9_to_8k,0,20,0,success,0,,"Scene CPU cache disabled; rebuilding source scene.
[FrameCounter] frames{5620} measure_start{60} measure_end{5560} sample_count{5500} window_frames{60}
Saved CSV: C:\Users\mgkim15\AppData\Local\Temp\tvbperf_x5cbps70\run_00020.csv_20_result.csv
Log saved to: D:\project\TVBPerf\out\build\x64-Release\bin\Release\logs\log_2026-07-30_12-30-54.txt",,
21,37_real_scene_resolution_16x9_to_8k,C:\Users\mgkim15\AppData\Local\Temp\tvbperf_x5cbps70\run_00021.csv,9,2,0,21,1,1,1,0,assimp,../../../../../assets/scenes/unpacked/Bistro_v5_2/BistroExterior.fbx,60,5500,1,0,2,../../../../../scripts/standard_camera_bistro.csv,10,0,0,60,0,captures,1,60,4096,2304,0,1,255,1,1,0,0,-10,0,0,0,0.1,1000,0.785,1,1,1,0,0,-1,1,1,0.5,1,1,1,256,1,100,total,1.69956,visibility,0.34272,visutil_histogram,0.08893,visutil_prefix,0.00295,visutil_flatten,0.14749,gbuffer,0.62726,lighting,0.31120,tonemap,0.15333,,0.00000,,0.00000,,0.00000,,0.00000,,0.00000,,0.00000,,0.00000,,0.00000,,0.00000,,0.00000,,0.00000,,0.00000,,0.00000,,0.00000,,0.00000,,0.00000,,0.00000,,0.00000,,0.00000,,0.00000,,0.00000,,0.00000,,0.00000,,0.00000,DonutVisGBuffer,2026-07-30T12:30:55,playback,0.59680,1.78000,2.27974,1.69956,0.62019,1.39776,1.93731,2.03008,132,3,0.02273,4,0,1,100,9,21,1,1,1,0,assimp,../../../../../assets/scenes/unpacked/Bistro_v5_2/BistroExterior.fbx,60,5500,0,2,../../../../../scripts/standard_camera_bistro.csv,10,0,0,60,0,1,60,4096,2304,0,1,255,1.0,1.0,1,0.0,0.0,-10.0,0.0,0.0,0.0,0.1,1000.0,0.785,1,1,1,0,0,-1.0,1.0,1.0,0.5,1,1,256,1,100,37_real_scene_resolution_16x9_to_8k,0,21,0,success,0,,"Scene CPU cache disabled; rebuilding source scene.
[FrameCounter] frames{5620} measure_start{60} measure_end{5560} sample_count{5500} window_frames{60}
Saved CSV: C:\Users\mgkim15\AppData\Local\Temp\tvbperf_x5cbps70\run_00021.csv_21_result.csv
Log saved to: D:\project\TVBPerf\out\build\x64-Release\bin\Release\logs\log_2026-07-30_12-31-09.txt",,
22,37_real_scene_resolution_16x9_to_8k,C:\Users\mgkim15\AppData\Local\Temp\tvbperf_x5cbps70\run_00022.csv,8,2,0,22,1,1,1,0,assimp,../../../../../assets/scenes/unpacked/Bistro_v5_2/BistroExterior.fbx,60,5500,1,0,2,../../../../../scripts/standard_camera_bistro.csv,10,0,0,60,0,captures,1,60,8192,4608,0,1,255,1,1,0,0,-10,0,0,0,0.1,1000,0.785,1,1,1,0,0,-1,1,1,0.5,1,1,1,256,1,100,total,3.94586,depth_prepass,0.46042,geometry,1.52177,lighting,1.22943,tonemap,0.68356,,0.00000,,0.00000,,0.00000,,0.00000,,0.00000,,0.00000,,0.00000,,0.00000,,0.00000,,0.00000,,0.00000,,0.00000,,0.00000,,0.00000,,0.00000,,0.00000,,0.00000,,0.00000,,0.00000,,0.00000,,0.00000,,0.00000,,0.00000,,0.00000,,0.00000,,0.00000,,0.00000,DonutDeferredPrepass,2026-07-30T12:31:09,playback,1.47466,4.07738,5.15939,3.94586,1.67693,3.23773,4.52781,4.94042,132,3,0.02273,4,0,1,100,8,22,1,1,1,0,assimp,../../../../../assets/scenes/unpacked/Bistro_v5_2/BistroExterior.fbx,60,5500,0,2,../../../../../scripts/standard_camera_bistro.csv,10,0,0,60,0,1,60,8192,4608,0,1,255,1.0,1.0,1,0.0,0.0,-10.0,0.0,0.0,0.0,0.1,1000.0,0.785,1,1,1,0,0,-1.0,1.0,1.0,0.5,1,1,256,1,100,37_real_scene_resolution_16x9_to_8k,0,22,0,success,0,,"Scene CPU cache disabled; rebuilding source scene.
[FrameCounter] frames{5620} measure_start{60} measure_end{5560} sample_count{5500} window_frames{60}
Saved CSV: C:\Users\mgkim15\AppData\Local\Temp\tvbperf_x5cbps70\run_00022.csv_22_result.csv
Log saved to: D:\project\TVBPerf\out\build\x64-Release\bin\Release\logs\log_2026-07-30_12-31-37.txt",,
23,37_real_scene_resolution_16x9_to_8k,C:\Users\mgkim15\AppData\Local\Temp\tvbperf_x5cbps70\run_00023.csv,9,2,0,23,1,1,1,0,assimp,../../../../../assets/scenes/unpacked/Bistro_v5_2/BistroExterior.fbx,60,5500,1,0,2,../../../../../scripts/standard_camera_bistro.csv,10,0,0,60,0,captures,1,60,8192,4608,0,1,255,1,1,0,0,-10,0,0,0,0.1,1000,0.785,1,1,1,0,0,-1,1,1,0.5,1,1,1,256,1,100,total,6.46684,visibility,1.06991,visutil_histogram,0.38265,visutil_prefix,0.00300,visutil_flatten,0.63563,gbuffer,2.38958,lighting,1.24611,tonemap,0.68385,,0.00000,,0.00000,,0.00000,,0.00000,,0.00000,,0.00000,,0.00000,,0.00000,,0.00000,,0.00000,,0.00000,,0.00000,,0.00000,,0.00000,,0.00000,,0.00000,,0.00000,,0.00000,,0.00000,,0.00000,,0.00000,,0.00000,,0.00000,,0.00000,DonutVisGBuffer,2026-07-30T12:31:37,playback,2.05306,6.84038,8.20224,6.46684,2.25424,4.90010,7.45331,7.84410,132,3,0.02273,4,0,1,100,9,23,1,1,1,0,assimp,../../../../../assets/scenes/unpacked/Bistro_v5_2/BistroExterior.fbx,60,5500,0,2,../../../../../scripts/standard_camera_bistro.csv,10,0,0,60,0,1,60,8192,4608,0,1,255,1.0,1.0,1,0.0,0.0,-10.0,0.0,0.0,0.0,0.1,1000.0,0.785,1,1,1,0,0,-1.0,1.0,1.0,0.5,1,1,256,1,100,37_real_scene_resolution_16x9_to_8k,0,23,0,success,0,,"Scene CPU cache disabled; rebuilding source scene.
[FrameCounter] frames{5620} measure_start{60} measure_end{5560} sample_count{5500} window_frames{60}
Saved CSV: C:\Users\mgkim15\AppData\Local\Temp\tvbperf_x5cbps70\run_00023.csv_23_result.csv
Log saved to: D:\project\TVBPerf\out\build\x64-Release\bin\Release\logs\log_2026-07-30_12-32-18.txt",,
24,37_real_scene_resolution_16x9_to_8k,C:\Users\mgkim15\AppData\Local\Temp\tvbperf_x5cbps70\run_00024.csv,8,2,0,24,1,1,1,0,assimp,../../../../../assets/scenes/unpacked/Bistro_v5_2/BistroInterior_Wine.fbx,60,1734,1,0,2,../../../../../scripts/standard_camera_bistroin.csv,10,0,0,60,0,captures,1,60,16,9,0,1,255,1,1,0,0,-10,0,0,0,0.1,1000,0.785,1,1,1,0,0,-1,1,1,0.5,1,1,1,256,1,100,total,0.08112,depth_prepass,0.02898,geometry,0.03282,lighting,0.00376,tonemap,0.00248,,0.00000,,0.00000,,0.00000,,0.00000,,0.00000,,0.00000,,0.00000,,0.00000,,0.00000,,0.00000,,0.00000,,0.00000,,0.00000,,0.00000,,0.00000,,0.00000,,0.00000,,0.00000,,0.00000,,0.00000,,0.00000,,0.00000,,0.00000,,0.00000,,0.00000,,0.00000,,0.00000,DonutDeferredPrepass,2026-07-30T12:32:18,playback,0.02522,0.08541,0.30173,0.08112,0.02704,0.03610,0.12115,0.16144,74,4,0.05405,4,0,1,100,8,24,1,1,1,0,assimp,../../../../../assets/scenes/unpacked/Bistro_v5_2/BistroInterior_Wine.fbx,60,1734,0,2,../../../../../scripts/standard_camera_bistroin.csv,10,0,0,60,0,1,60,16,9,0,1,255,1.0,1.0,1,0.0,0.0,-10.0,0.0,0.0,0.0,0.1,1000.0,0.785,1,1,1,0,0,-1.0,1.0,1.0,0.5,1,1,256,1,100,37_real_scene_resolution_16x9_to_8k,0,24,0,success,0,,"Scene CPU cache disabled; rebuilding source scene.
[FrameCounter] frames{1854} measure_start{60} measure_end{1794} sample_count{1734} window_frames{60}
Saved CSV: C:\Users\mgkim15\AppData\Local\Temp\tvbperf_x5cbps70\run_00024.csv_24_result.csv
Log saved to: D:\project\TVBPerf\out\build\x64-Release\bin\Release\logs\log_2026-07-30_12-32-21.txt",,
25,37_real_scene_resolution_16x9_to_8k,C:\Users\mgkim15\AppData\Local\Temp\tvbperf_x5cbps70\run_00025.csv,9,2,0,25,1,1,1,0,assimp,../../../../../assets/scenes/unpacked/Bistro_v5_2/BistroInterior_Wine.fbx,60,1734,1,0,2,../../../../../scripts/standard_camera_bistroin.csv,10,0,0,60,0,captures,1,60,16,9,0,1,255,1,1,0,0,-10,0,0,0,0.1,1000,0.785,1,1,1,0,0,-1,1,1,0.5,1,1,1,256,1,100,total,0.10781,visibility,0.04131,visutil_histogram,0.00287,visutil_prefix,0.00194,visutil_flatten,0.00241,gbuffer,0.02280,lighting,0.00320,tonemap,0.00261,,0.00000,,0.00000,,0.00000,,0.00000,,0.00000,,0.00000,,0.00000,,0.00000,,0.00000,,0.00000,,0.00000,,0.00000,,0.00000,,0.00000,,0.00000,,0.00000,,0.00000,,0.00000,,0.00000,,0.00000,,0.00000,,0.00000,,0.00000,,0.00000,DonutVisGBuffer,2026-07-30T12:32:21,playback,0.06963,0.10858,0.23984,0.10781,0.06986,0.07754,0.13526,0.16374,74,4,0.05405,4,0,1,100,9,25,1,1,1,0,assimp,../../../../../assets/scenes/unpacked/Bistro_v5_2/BistroInterior_Wine.fbx,60,1734,0,2,../../../../../scripts/standard_camera_bistroin.csv,10,0,0,60,0,1,60,16,9,0,1,255,1.0,1.0,1,0.0,0.0,-10.0,0.0,0.0,0.0,0.1,1000.0,0.785,1,1,1,0,0,-1.0,1.0,1.0,0.5,1,1,256,1,100,37_real_scene_resolution_16x9_to_8k,0,25,0,success,0,,"Scene CPU cache disabled; rebuilding source scene.
[FrameCounter] frames{1854} measure_start{60} measure_end{1794} sample_count{1734} window_frames{60}
Saved CSV: C:\Users\mgkim15\AppData\Local\Temp\tvbperf_x5cbps70\run_00025.csv_25_result.csv
Log saved to: D:\project\TVBPerf\out\build\x64-Release\bin\Release\logs\log_2026-07-30_12-32-23.txt",,
26,37_real_scene_resolution_16x9_to_8k,C:\Users\mgkim15\AppData\Local\Temp\tvbperf_x5cbps70\run_00026.csv,8,2,0,26,1,1,1,0,assimp,../../../../../assets/scenes/unpacked/Bistro_v5_2/BistroInterior_Wine.fbx,60,1734,1,0,2,../../../../../scripts/standard_camera_bistroin.csv,10,0,0,60,0,captures,1,60,64,36,0,1,255,1,1,0,0,-10,0,0,0,0.1,1000,0.785,1,1,1,0,0,-1,1,1,0.5,1,1,1,256,1,100,total,0.08418,depth_prepass,0.03090,geometry,0.03411,lighting,0.00371,tonemap,0.00241,,0.00000,,0.00000,,0.00000,,0.00000,,0.00000,,0.00000,,0.00000,,0.00000,,0.00000,,0.00000,,0.00000,,0.00000,,0.00000,,0.00000,,0.00000,,0.00000,,0.00000,,0.00000,,0.00000,,0.00000,,0.00000,,0.00000,,0.00000,,0.00000,,0.00000,,0.00000,,0.00000,DonutDeferredPrepass,2026-07-30T12:32:23,playback,0.02598,0.08794,0.17834,0.08418,0.02717,0.03616,0.12765,0.17181,74,4,0.05405,4,0,1,100,8,26,1,1,1,0,assimp,../../../../../assets/scenes/unpacked/Bistro_v5_2/BistroInterior_Wine.fbx,60,1734,0,2,../../../../../scripts/standard_camera_bistroin.csv,10,0,0,60,0,1,60,64,36,0,1,255,1.0,1.0,1,0.0,0.0,-10.0,0.0,0.0,0.0,0.1,1000.0,0.785,1,1,1,0,0,-1.0,1.0,1.0,0.5,1,1,256,1,100,37_real_scene_resolution_16x9_to_8k,0,26,0,success,0,,"Scene CPU cache disabled; rebuilding source scene.
[FrameCounter] frames{1854} measure_start{60} measure_end{1794} sample_count{1734} window_frames{60}
Saved CSV: C:\Users\mgkim15\AppData\Local\Temp\tvbperf_x5cbps70\run_00026.csv_26_result.csv
Log saved to: D:\project\TVBPerf\out\build\x64-Release\bin\Release\logs\log_2026-07-30_12-32-26.txt",,
27,37_real_scene_resolution_16x9_to_8k,C:\Users\mgkim15\AppData\Local\Temp\tvbperf_x5cbps70\run_00027.csv,9,2,0,27,1,1,1,0,assimp,../../../../../assets/scenes/unpacked/Bistro_v5_2/BistroInterior_Wine.fbx,60,1734,1,0,2,../../../../../scripts/standard_camera_bistroin.csv,10,0,0,60,0,captures,1,60,64,36,0,1,255,1,1,0,0,-10,0,0,0,0.1,1000,0.785,1,1,1,0,0,-1,1,1,0.5,1,1,1,256,1,100,total,0.10906,visibility,0.04288,visutil_histogram,0.00284,visutil_prefix,0.00194,visutil_flatten,0.00243,gbuffer,0.02288,lighting,0.00320,tonemap,0.00257,,0.00000,,0.00000,,0.00000,,0.00000,,0.00000,,0.00000,,0.00000,,0.00000,,0.00000,,0.00000,,0.00000,,0.00000,,0.00000,,0.00000,,0.00000,,0.00000,,0.00000,,0.00000,,0.00000,,0.00000,,0.00000,,0.00000,,0.00000,,0.00000,DonutVisGBuffer,2026-07-30T12:32:26,playback,0.06963,0.11053,0.31178,0.10906,0.06979,0.07779,0.13722,0.16794,74,4,0.05405,4,0,1,100,9,27,1,1,1,0,assimp,../../../../../assets/scenes/unpacked/Bistro_v5_2/BistroInterior_Wine.fbx,60,1734,0,2,../../../../../scripts/standard_camera_bistroin.csv,10,0,0,60,0,1,60,64,36,0,1,255,1.0,1.0,1,0.0,0.0,-10.0,0.0,0.0,0.0,0.1,1000.0,0.785,1,1,1,0,0,-1.0,1.0,1.0,0.5,1,1,256,1,100,37_real_scene_resolution_16x9_to_8k,0,27,0,success,0,,"Scene CPU cache disabled; rebuilding source scene.
[FrameCounter] frames{1854} measure_start{60} measure_end{1794} sample_count{1734} window_frames{60}
Saved CSV: C:\Users\mgkim15\AppData\Local\Temp\tvbperf_x5cbps70\run_00027.csv_27_result.csv
Log saved to: D:\project\TVBPerf\out\build\x64-Release\bin\Release\logs\log_2026-07-30_12-32-28.txt",,
28,37_real_scene_resolution_16x9_to_8k,C:\Users\mgkim15\AppData\Local\Temp\tvbperf_x5cbps70\run_00028.csv,8,2,0,28,1,1,1,0,assimp,../../../../../assets/scenes/unpacked/Bistro_v5_2/BistroInterior_Wine.fbx,60,1734,1,0,2,../../../../../scripts/standard_camera_bistroin.csv,10,0,0,60,0,captures,1,60,256,144,0,1,255,1,1,0,0,-10,0,0,0,0.1,1000,0.785,1,1,1,0,0,-1,1,1,0.5,1,1,1,256,1,100,total,0.08612,depth_prepass,0.03122,geometry,0.03476,lighting,0.00428,tonemap,0.00271,,0.00000,,0.00000,,0.00000,,0.00000,,0.00000,,0.00000,,0.00000,,0.00000,,0.00000,,0.00000,,0.00000,,0.00000,,0.00000,,0.00000,,0.00000,,0.00000,,0.00000,,0.00000,,0.00000,,0.00000,,0.00000,,0.00000,,0.00000,,0.00000,,0.00000,,0.00000,,0.00000,DonutDeferredPrepass,2026-07-30T12:32:28,playback,0.02851,0.08954,0.30211,0.08612,0.03034,0.03718,0.12870,0.17862,74,4,0.05405,4,0,1,100,8,28,1,1,1,0,assimp,../../../../../assets/scenes/unpacked/Bistro_v5_2/BistroInterior_Wine.fbx,60,1734,0,2,../../../../../scripts/standard_camera_bistroin.csv,10,0,0,60,0,1,60,256,144,0,1,255,1.0,1.0,1,0.0,0.0,-10.0,0.0,0.0,0.0,0.1,1000.0,0.785,1,1,1,0,0,-1.0,1.0,1.0,0.5,1,1,256,1,100,37_real_scene_resolution_16x9_to_8k,0,28,0,success,0,,"Scene CPU cache disabled; rebuilding source scene.
[FrameCounter] frames{1854} measure_start{60} measure_end{1794} sample_count{1734} window_frames{60}
Saved CSV: C:\Users\mgkim15\AppData\Local\Temp\tvbperf_x5cbps70\run_00028.csv_28_result.csv
Log saved to: D:\project\TVBPerf\out\build\x64-Release\bin\Release\logs\log_2026-07-30_12-32-31.txt",,
29,37_real_scene_resolution_16x9_to_8k,C:\Users\mgkim15\AppData\Local\Temp\tvbperf_x5cbps70\run_00029.csv,9,2,0,29,1,1,1,0,assimp,../../../../../assets/scenes/unpacked/Bistro_v5_2/BistroInterior_Wine.fbx,60,1734,1,0,2,../../../../../scripts/standard_camera_bistroin.csv,10,0,0,60,0,captures,1,60,256,144,0,1,255,1,1,0,0,-10,0,0,0,0.1,1000,0.785,1,1,1,0,0,-1,1,1,0.5,1,1,1,256,1,100,total,0.11712,visibility,0.04548,visutil_histogram,0.00304,visutil_prefix,0.00192,visutil_flatten,0.00266,gbuffer,0.02484,lighting,0.00377,tonemap,0.00282,,0.00000,,0.00000,,0.00000,,0.00000,,0.00000,,0.00000,,0.00000,,0.00000,,0.00000,,0.00000,,0.00000,,0.00000,,0.00000,,0.00000,,0.00000,,0.00000,,0.00000,,0.00000,,0.00000,,0.00000,,0.00000,,0.00000,,0.00000,,0.00000,DonutVisGBuffer,2026-07-30T12:32:31,playback,0.07248,0.11866,0.28499,0.11712,0.07584,0.08387,0.14762,0.17946,74,4,0.05405,4,0,1,100,9,29,1,1,1,0,assimp,../../../../../assets/scenes/unpacked/Bistro_v5_2/BistroInterior_Wine.fbx,60,1734,0,2,../../../../../scripts/standard_camera_bistroin.csv,10,0,0,60,0,1,60,256,144,0,1,255,1.0,1.0,1,0.0,0.0,-10.0,0.0,0.0,0.0,0.1,1000.0,0.785,1,1,1,0,0,-1.0,1.0,1.0,0.5,1,1,256,1,100,37_real_scene_resolution_16x9_to_8k,0,29,0,success,0,,"Scene CPU cache disabled; rebuilding source scene.
[FrameCounter] frames{1854} measure_start{60} measure_end{1794} sample_count{1734} window_frames{60}
Saved CSV: C:\Users\mgkim15\AppData\Local\Temp\tvbperf_x5cbps70\run_00029.csv_29_result.csv
Log saved to: D:\project\TVBPerf\out\build\x64-Release\bin\Release\logs\log_2026-07-30_12-32-33.txt",,
30,37_real_scene_resolution_16x9_to_8k,C:\Users\mgkim15\AppData\Local\Temp\tvbperf_x5cbps70\run_00030.csv,8,2,0,30,1,1,1,0,assimp,../../../../../assets/scenes/unpacked/Bistro_v5_2/BistroInterior_Wine.fbx,60,1734,1,0,2,../../../../../scripts/standard_camera_bistroin.csv,10,0,0,60,0,captures,1,60,1024,576,0,1,255,1,1,0,0,-10,0,0,0,0.1,1000,0.785,1,1,1,0,0,-1,1,1,0.5,1,1,1,256,1,100,total,0.12427,depth_prepass,0.03185,geometry,0.05172,lighting,0.02161,tonemap,0.00588,,0.00000,,0.00000,,0.00000,,0.00000,,0.00000,,0.00000,,0.00000,,0.00000,,0.00000,,0.00000,,0.00000,,0.00000,,0.00000,,0.00000,,0.00000,,0.00000,,0.00000,,0.00000,,0.00000,,0.00000,,0.00000,,0.00000,,0.00000,,0.00000,,0.00000,,0.00000,,0.00000,DonutDeferredPrepass,2026-07-30T12:32:33,playback,0.07600,0.12304,0.34429,0.12427,0.07760,0.08474,0.16605,0.21386,74,4,0.05405,4,0,1,100,8,30,1,1,1,0,assimp,../../../../../assets/scenes/unpacked/Bistro_v5_2/BistroInterior_Wine.fbx,60,1734,0,2,../../../../../scripts/standard_camera_bistroin.csv,10,0,0,60,0,1,60,1024,576,0,1,255,1.0,1.0,1,0.0,0.0,-10.0,0.0,0.0,0.0,0.1,1000.0,0.785,1,1,1,0,0,-1.0,1.0,1.0,0.5,1,1,256,1,100,37_real_scene_resolution_16x9_to_8k,0,30,0,success,0,,"Scene CPU cache disabled; rebuilding source scene.
[FrameCounter] frames{1854} measure_start{60} measure_end{1794} sample_count{1734} window_frames{60}
Saved CSV: C:\Users\mgkim15\AppData\Local\Temp\tvbperf_x5cbps70\run_00030.csv_30_result.csv
Log saved to: D:\project\TVBPerf\out\build\x64-Release\bin\Release\logs\log_2026-07-30_12-32-36.txt",,
31,37_real_scene_resolution_16x9_to_8k,C:\Users\mgkim15\AppData\Local\Temp\tvbperf_x5cbps70\run_00031.csv,9,2,0,31,1,1,1,0,assimp,../../../../../assets/scenes/unpacked/Bistro_v5_2/BistroInterior_Wine.fbx,60,1734,1,0,2,../../../../../scripts/standard_camera_bistroin.csv,10,0,0,60,0,captures,1,60,1024,576,0,1,255,1,1,0,0,-10,0,0,0,0.1,1000,0.785,1,1,1,0,0,-1,1,1,0.5,1,1,1,256,1,100,total,0.20365,visibility,0.06158,visutil_histogram,0.00877,visutil_prefix,0.00200,visutil_flatten,0.01121,gbuffer,0.05920,lighting,0.02254,tonemap,0.00667,,0.00000,,0.00000,,0.00000,,0.00000,,0.00000,,0.00000,,0.00000,,0.00000,,0.00000,,0.00000,,0.00000,,0.00000,,0.00000,,0.00000,,0.00000,,0.00000,,0.00000,,0.00000,,0.00000,,0.00000,,0.00000,,0.00000,,0.00000,,0.00000,DonutVisGBuffer,2026-07-30T12:32:36,playback,0.14298,0.19722,0.48381,0.20365,0.14717,0.15334,0.25779,0.32928,74,4,0.05405,4,0,1,100,9,31,1,1,1,0,assimp,../../../../../assets/scenes/unpacked/Bistro_v5_2/BistroInterior_Wine.fbx,60,1734,0,2,../../../../../scripts/standard_camera_bistroin.csv,10,0,0,60,0,1,60,1024,576,0,1,255,1.0,1.0,1,0.0,0.0,-10.0,0.0,0.0,0.0,0.1,1000.0,0.785,1,1,1,0,0,-1.0,1.0,1.0,0.5,1,1,256,1,100,37_real_scene_resolution_16x9_to_8k,0,31,0,success,0,,"Scene CPU cache disabled; rebuilding source scene.
[FrameCounter] frames{1854} measure_start{60} measure_end{1794} sample_count{1734} window_frames{60}
Saved CSV: C:\Users\mgkim15\AppData\Local\Temp\tvbperf_x5cbps70\run_00031.csv_31_result.csv
Log saved to: D:\project\TVBPerf\out\build\x64-Release\bin\Release\logs\log_2026-07-30_12-32-39.txt",,
32,37_real_scene_resolution_16x9_to_8k,C:\Users\mgkim15\AppData\Local\Temp\tvbperf_x5cbps70\run_00032.csv,8,2,0,32,1,1,1,0,assimp,../../../../../assets/scenes/unpacked/Bistro_v5_2/BistroInterior_Wine.fbx,60,1734,1,0,2,../../../../../scripts/standard_camera_bistroin.csv,10,0,0,60,0,captures,1,60,4096,2304,0,1,255,1,1,0,0,-10,0,0,0,0.1,1000,0.785,1,1,1,0,0,-1,1,1,0.5,1,1,1,256,1,100,total,0.96938,depth_prepass,0.10045,geometry,0.38254,lighting,0.31252,tonemap,0.15647,,0.00000,,0.00000,,0.00000,,0.00000,,0.00000,,0.00000,,0.00000,,0.00000,,0.00000,,0.00000,,0.00000,,0.00000,,0.00000,,0.00000,,0.00000,,0.00000,,0.00000,,0.00000,,0.00000,,0.00000,,0.00000,,0.00000,,0.00000,,0.00000,,0.00000,,0.00000,,0.00000,DonutDeferredPrepass,2026-07-30T12:32:39,playback,0.64301,0.98016,1.28118,0.96938,0.64899,0.85952,1.09770,1.21152,74,4,0.05405,4,0,1,100,8,32,1,1,1,0,assimp,../../../../../assets/scenes/unpacked/Bistro_v5_2/BistroInterior_Wine.fbx,60,1734,0,2,../../../../../scripts/standard_camera_bistroin.csv,10,0,0,60,0,1,60,4096,2304,0,1,255,1.0,1.0,1,0.0,0.0,-10.0,0.0,0.0,0.0,0.1,1000.0,0.785,1,1,1,0,0,-1.0,1.0,1.0,0.5,1,1,256,1,100,37_real_scene_resolution_16x9_to_8k,0,32,0,success,0,,"Scene CPU cache disabled; rebuilding source scene.
[FrameCounter] frames{1854} measure_start{60} measure_end{1794} sample_count{1734} window_frames{60}
Saved CSV: C:\Users\mgkim15\AppData\Local\Temp\tvbperf_x5cbps70\run_00032.csv_32_result.csv
Log saved to: D:\project\TVBPerf\out\build\x64-Release\bin\Release\logs\log_2026-07-30_12-32-43.txt",,
33,37_real_scene_resolution_16x9_to_8k,C:\Users\mgkim15\AppData\Local\Temp\tvbperf_x5cbps70\run_00033.csv,9,2,0,33,1,1,1,0,assimp,../../../../../assets/scenes/unpacked/Bistro_v5_2/BistroInterior_Wine.fbx,60,1734,1,0,2,../../../../../scripts/standard_camera_bistroin.csv,10,0,0,60,0,captures,1,60,4096,2304,0,1,255,1,1,0,0,-10,0,0,0,0.1,1000,0.785,1,1,1,0,0,-1,1,1,0.5,1,1,1,256,1,100,total,1.66243,visibility,0.23297,visutil_histogram,0.09097,visutil_prefix,0.00290,visutil_flatten,0.15339,gbuffer,0.68642,lighting,0.31021,tonemap,0.15632,,0.00000,,0.00000,,0.00000,,0.00000,,0.00000,,0.00000,,0.00000,,0.00000,,0.00000,,0.00000,,0.00000,,0.00000,,0.00000,,0.00000,,0.00000,,0.00000,,0.00000,,0.00000,,0.00000,,0.00000,,0.00000,,0.00000,,0.00000,,0.00000,DonutVisGBuffer,2026-07-30T12:32:43,playback,0.99786,1.68486,2.59059,1.66243,1.01130,1.50941,1.83024,1.96627,74,4,0.05405,4,0,1,100,9,33,1,1,1,0,assimp,../../../../../assets/scenes/unpacked/Bistro_v5_2/BistroInterior_Wine.fbx,60,1734,0,2,../../../../../scripts/standard_camera_bistroin.csv,10,0,0,60,0,1,60,4096,2304,0,1,255,1.0,1.0,1,0.0,0.0,-10.0,0.0,0.0,0.0,0.1,1000.0,0.785,1,1,1,0,0,-1.0,1.0,1.0,0.5,1,1,256,1,100,37_real_scene_resolution_16x9_to_8k,0,33,0,success,0,,"Scene CPU cache disabled; rebuilding source scene.
[FrameCounter] frames{1854} measure_start{60} measure_end{1794} sample_count{1734} window_frames{60}
Saved CSV: C:\Users\mgkim15\AppData\Local\Temp\tvbperf_x5cbps70\run_00033.csv_33_result.csv
Log saved to: D:\project\TVBPerf\out\build\x64-Release\bin\Release\logs\log_2026-07-30_12-32-49.txt",,
34,37_real_scene_resolution_16x9_to_8k,C:\Users\mgkim15\AppData\Local\Temp\tvbperf_x5cbps70\run_00034.csv,8,2,0,34,1,1,1,0,assimp,../../../../../assets/scenes/unpacked/Bistro_v5_2/BistroInterior_Wine.fbx,60,1734,1,0,2,../../../../../scripts/standard_camera_bistroin.csv,10,0,0,60,0,captures,1,60,8192,4608,0,1,255,1,1,0,0,-10,0,0,0,0.1,1000,0.785,1,1,1,0,0,-1,1,1,0.5,1,1,1,256,1,100,total,3.61938,depth_prepass,0.27101,geometry,1.38325,lighting,1.23842,tonemap,0.69176,,0.00000,,0.00000,,0.00000,,0.00000,,0.00000,,0.00000,,0.00000,,0.00000,,0.00000,,0.00000,,0.00000,,0.00000,,0.00000,,0.00000,,0.00000,,0.00000,,0.00000,,0.00000,,0.00000,,0.00000,,0.00000,,0.00000,,0.00000,,0.00000,,0.00000,,0.00000,,0.00000,DonutDeferredPrepass,2026-07-30T12:32:49,playback,2.38742,3.64602,4.54176,3.61938,2.41891,3.26048,4.03066,4.42022,74,4,0.05405,4,0,1,100,8,34,1,1,1,0,assimp,../../../../../assets/scenes/unpacked/Bistro_v5_2/BistroInterior_Wine.fbx,60,1734,0,2,../../../../../scripts/standard_camera_bistroin.csv,10,0,0,60,0,1,60,8192,4608,0,1,255,1.0,1.0,1,0.0,0.0,-10.0,0.0,0.0,0.0,0.1,1000.0,0.785,1,1,1,0,0,-1.0,1.0,1.0,0.5,1,1,256,1,100,37_real_scene_resolution_16x9_to_8k,0,34,0,success,0,,"Scene CPU cache disabled; rebuilding source scene.
[FrameCounter] frames{1854} measure_start{60} measure_end{1794} sample_count{1734} window_frames{60}
Saved CSV: C:\Users\mgkim15\AppData\Local\Temp\tvbperf_x5cbps70\run_00034.csv_34_result.csv
Log saved to: D:\project\TVBPerf\out\build\x64-Release\bin\Release\logs\log_2026-07-30_12-32-58.txt",,
35,37_real_scene_resolution_16x9_to_8k,C:\Users\mgkim15\AppData\Local\Temp\tvbperf_x5cbps70\run_00035.csv,9,2,0,35,1,1,1,0,assimp,../../../../../assets/scenes/unpacked/Bistro_v5_2/BistroInterior_Wine.fbx,60,1734,1,0,2,../../../../../scripts/standard_camera_bistroin.csv,10,0,0,60,0,captures,1,60,8192,4608,0,1,255,1,1,0,0,-10,0,0,0,0.1,1000,0.785,1,1,1,0,0,-1,1,1,0.5,1,1,1,256,1,100,total,6.41912,visibility,0.74920,visutil_histogram,0.38391,visutil_prefix,0.00291,visutil_flatten,0.64326,gbuffer,2.62949,lighting,1.25785,tonemap,0.69227,,0.00000,,0.00000,,0.00000,,0.00000,,0.00000,,0.00000,,0.00000,,0.00000,,0.00000,,0.00000,,0.00000,,0.00000,,0.00000,,0.00000,,0.00000,,0.00000,,0.00000,,0.00000,,0.00000,,0.00000,,0.00000,,0.00000,,0.00000,,0.00000,DonutVisGBuffer,2026-07-30T12:32:58,playback,3.67722,6.54173,7.80451,6.41912,3.78010,5.84022,7.17546,7.60557,74,4,0.05405,4,0,1,100,9,35,1,1,1,0,assimp,../../../../../assets/scenes/unpacked/Bistro_v5_2/BistroInterior_Wine.fbx,60,1734,0,2,../../../../../scripts/standard_camera_bistroin.csv,10,0,0,60,0,1,60,8192,4608,0,1,255,1.0,1.0,1,0.0,0.0,-10.0,0.0,0.0,0.0,0.1,1000.0,0.785,1,1,1,0,0,-1.0,1.0,1.0,0.5,1,1,256,1,100,37_real_scene_resolution_16x9_to_8k,0,35,0,success,0,,"Scene CPU cache disabled; rebuilding source scene.
[FrameCounter] frames{1854} measure_start{60} measure_end{1794} sample_count{1734} window_frames{60}
Saved CSV: C:\Users\mgkim15\AppData\Local\Temp\tvbperf_x5cbps70\run_00035.csv_35_result.csv
Log saved to: D:\project\TVBPerf\out\build\x64-Release\bin\Release\logs\log_2026-07-30_12-33-13.txt",,
36,37_real_scene_resolution_16x9_to_8k,C:\Users\mgkim15\AppData\Local\Temp\tvbperf_x5cbps70\run_00036.csv,8,2,0,36,1,1,1,0,assimp,../../../../../assets/scenes/unpacked/San_Miguel/san-miguel.obj,60,2689,1,0,2,../../../../../scripts/standard_camera_sanmiguel.csv,10,0,0,60,0,captures,1,60,16,9,0,1,255,1,1,0,0,-10,0,0,0,0.1,1000,0.785,1,1,1,0,0,-1,1,1,0.5,1,1,1,256,1,100,total,0.62356,depth_prepass,0.25817,geometry,0.34360,lighting,0.00445,tonemap,0.00307,,0.00000,,0.00000,,0.00000,,0.00000,,0.00000,,0.00000,,0.00000,,0.00000,,0.00000,,0.00000,,0.00000,,0.00000,,0.00000,,0.00000,,0.00000,,0.00000,,0.00000,,0.00000,,0.00000,,0.00000,,0.00000,,0.00000,,0.00000,,0.00000,,0.00000,,0.00000,,0.00000,DonutDeferredPrepass,2026-07-30T12:33:13,playback,0.02358,0.59357,1.55478,0.62356,0.02422,0.18106,1.16806,1.28442,288,5,0.01736,4,0,1,100,8,36,1,1,1,0,assimp,../../../../../assets/scenes/unpacked/San_Miguel/san-miguel.obj,60,2689,0,2,../../../../../scripts/standard_camera_sanmiguel.csv,10,0,0,60,0,1,60,16,9,0,1,255,1.0,1.0,1,0.0,0.0,-10.0,0.0,0.0,0.0,0.1,1000.0,0.785,1,1,1,0,0,-1.0,1.0,1.0,0.5,1,1,256,1,100,37_real_scene_resolution_16x9_to_8k,0,36,0,success,0,,"Scene CPU cache disabled; rebuilding source scene.
[FrameCounter] frames{2809} measure_start{60} measure_end{2749} sample_count{2689} window_frames{60}
Saved CSV: C:\Users\mgkim15\AppData\Local\Temp\tvbperf_x5cbps70\run_00036.csv_36_result.csv
Log saved to: D:\project\TVBPerf\out\build\x64-Release\bin\Release\logs\log_2026-07-30_12-33-36.txt",,
37,37_real_scene_resolution_16x9_to_8k,C:\Users\mgkim15\AppData\Local\Temp\tvbperf_x5cbps70\run_00037.csv,9,2,0,37,1,1,1,0,assimp,../../../../../assets/scenes/unpacked/San_Miguel/san-miguel.obj,60,2689,1,0,2,../../../../../scripts/standard_camera_sanmiguel.csv,10,0,0,60,0,captures,1,60,16,9,0,1,255,1,1,0,0,-10,0,0,0,0.1,1000,0.785,1,1,1,0,0,-1,1,1,0.5,1,1,1,256,1,100,total,0.62264,visibility,0.55270,visutil_histogram,0.00440,visutil_prefix,0.00272,visutil_flatten,0.00323,gbuffer,0.02559,lighting,0.00417,tonemap,0.00301,,0.00000,,0.00000,,0.00000,,0.00000,,0.00000,,0.00000,,0.00000,,0.00000,,0.00000,,0.00000,,0.00000,,0.00000,,0.00000,,0.00000,,0.00000,,0.00000,,0.00000,,0.00000,,0.00000,,0.00000,,0.00000,,0.00000,,0.00000,,0.00000,DonutVisGBuffer,2026-07-30T12:33:36,playback,0.06557,0.60198,1.57114,0.62264,0.06733,0.22144,1.12701,1.19917,288,5,0.01736,4,0,1,100,9,37,1,1,1,0,assimp,../../../../../assets/scenes/unpacked/San_Miguel/san-miguel.obj,60,2689,0,2,../../../../../scripts/standard_camera_sanmiguel.csv,10,0,0,60,0,1,60,16,9,0,1,255,1.0,1.0,1,0.0,0.0,-10.0,0.0,0.0,0.0,0.1,1000.0,0.785,1,1,1,0,0,-1.0,1.0,1.0,0.5,1,1,256,1,100,37_real_scene_resolution_16x9_to_8k,0,37,0,success,0,,"Scene CPU cache disabled; rebuilding source scene.
[FrameCounter] frames{2809} measure_start{60} measure_end{2749} sample_count{2689} window_frames{60}
Saved CSV: C:\Users\mgkim15\AppData\Local\Temp\tvbperf_x5cbps70\run_00037.csv_37_result.csv
Log saved to: D:\project\TVBPerf\out\build\x64-Release\bin\Release\logs\log_2026-07-30_12-34-00.txt",,
38,37_real_scene_resolution_16x9_to_8k,C:\Users\mgkim15\AppData\Local\Temp\tvbperf_x5cbps70\run_00038.csv,8,2,0,38,1,1,1,0,assimp,../../../../../assets/scenes/unpacked/San_Miguel/san-miguel.obj,60,2689,1,0,2,../../../../../scripts/standard_camera_sanmiguel.csv,10,0,0,60,0,captures,1,60,64,36,0,1,255,1,1,0,0,-10,0,0,0,0.1,1000,0.785,1,1,1,0,0,-1,1,1,0.5,1,1,1,256,1,100,total,0.65734,depth_prepass,0.28040,geometry,0.35549,lighting,0.00436,tonemap,0.00300,,0.00000,,0.00000,,0.00000,,0.00000,,0.00000,,0.00000,,0.00000,,0.00000,,0.00000,,0.00000,,0.00000,,0.00000,,0.00000,,0.00000,,0.00000,,0.00000,,0.00000,,0.00000,,0.00000,,0.00000,,0.00000,,0.00000,,0.00000,,0.00000,,0.00000,,0.00000,,0.00000,DonutDeferredPrepass,2026-07-30T12:34:00,playback,0.02381,0.61440,1.80803,0.65734,0.02454,0.18374,1.26150,1.39792,288,5,0.01736,4,0,1,100,8,38,1,1,1,0,assimp,../../../../../assets/scenes/unpacked/San_Miguel/san-miguel.obj,60,2689,0,2,../../../../../scripts/standard_camera_sanmiguel.csv,10,0,0,60,0,1,60,64,36,0,1,255,1.0,1.0,1,0.0,0.0,-10.0,0.0,0.0,0.0,0.1,1000.0,0.785,1,1,1,0,0,-1.0,1.0,1.0,0.5,1,1,256,1,100,37_real_scene_resolution_16x9_to_8k,0,38,0,success,0,,"Scene CPU cache disabled; rebuilding source scene.
[FrameCounter] frames{2809} measure_start{60} measure_end{2749} sample_count{2689} window_frames{60}
Saved CSV: C:\Users\mgkim15\AppData\Local\Temp\tvbperf_x5cbps70\run_00038.csv_38_result.csv
Log saved to: D:\project\TVBPerf\out\build\x64-Release\bin\Release\logs\log_2026-07-30_12-34-23.txt",,
39,37_real_scene_resolution_16x9_to_8k,C:\Users\mgkim15\AppData\Local\Temp\tvbperf_x5cbps70\run_00039.csv,9,2,0,39,1,1,1,0,assimp,../../../../../assets/scenes/unpacked/San_Miguel/san-miguel.obj,60,2689,1,0,2,../../../../../scripts/standard_camera_sanmiguel.csv,10,0,0,60,0,captures,1,60,64,36,0,1,255,1,1,0,0,-10,0,0,0,0.1,1000,0.785,1,1,1,0,0,-1,1,1,0.5,1,1,1,256,1,100,total,0.63466,visibility,0.56397,visutil_histogram,0.00443,visutil_prefix,0.00279,visutil_flatten,0.00323,gbuffer,0.02619,lighting,0.00401,tonemap,0.00309,,0.00000,,0.00000,,0.00000,,0.00000,,0.00000,,0.00000,,0.00000,,0.00000,,0.00000,,0.00000,,0.00000,,0.00000,,0.00000,,0.00000,,0.00000,,0.00000,,0.00000,,0.00000,,0.00000,,0.00000,,0.00000,,0.00000,,0.00000,,0.00000,DonutVisGBuffer,2026-07-30T12:34:23,playback,0.06566,0.61165,1.59888,0.63466,0.06758,0.22714,1.15318,1.22963,288,5,0.01736,4,0,1,100,9,39,1,1,1,0,assimp,../../../../../assets/scenes/unpacked/San_Miguel/san-miguel.obj,60,2689,0,2,../../../../../scripts/standard_camera_sanmiguel.csv,10,0,0,60,0,1,60,64,36,0,1,255,1.0,1.0,1,0.0,0.0,-10.0,0.0,0.0,0.0,0.1,1000.0,0.785,1,1,1,0,0,-1.0,1.0,1.0,0.5,1,1,256,1,100,37_real_scene_resolution_16x9_to_8k,0,39,0,success,0,,"Scene CPU cache disabled; rebuilding source scene.
[FrameCounter] frames{2809} measure_start{60} measure_end{2749} sample_count{2689} window_frames{60}
Saved CSV: C:\Users\mgkim15\AppData\Local\Temp\tvbperf_x5cbps70\run_00039.csv_39_result.csv
Log saved to: D:\project\TVBPerf\out\build\x64-Release\bin\Release\logs\log_2026-07-30_12-34-46.txt",,
40,37_real_scene_resolution_16x9_to_8k,C:\Users\mgkim15\AppData\Local\Temp\tvbperf_x5cbps70\run_00040.csv,8,2,0,40,1,1,1,0,assimp,../../../../../assets/scenes/unpacked/San_Miguel/san-miguel.obj,60,2689,1,0,2,../../../../../scripts/standard_camera_sanmiguel.csv,10,0,0,60,0,captures,1,60,256,144,0,1,255,1,1,0,0,-10,0,0,0,0.1,1000,0.785,1,1,1,0,0,-1,1,1,0.5,1,1,1,256,1,100,total,0.68120,depth_prepass,0.29118,geometry,0.36716,lighting,0.00544,tonemap,0.00342,,0.00000,,0.00000,,0.00000,,0.00000,,0.00000,,0.00000,,0.00000,,0.00000,,0.00000,,0.00000,,0.00000,,0.00000,,0.00000,,0.00000,,0.00000,,0.00000,,0.00000,,0.00000,,0.00000,,0.00000,,0.00000,,0.00000,,0.00000,,0.00000,,0.00000,,0.00000,,0.00000,DonutDeferredPrepass,2026-07-30T12:34:46,playback,0.02560,0.63334,1.76419,0.68120,0.02707,0.19424,1.30486,1.46307,288,5,0.01736,4,0,1,100,8,40,1,1,1,0,assimp,../../../../../assets/scenes/unpacked/San_Miguel/san-miguel.obj,60,2689,0,2,../../../../../scripts/standard_camera_sanmiguel.csv,10,0,0,60,0,1,60,256,144,0,1,255,1.0,1.0,1,0.0,0.0,-10.0,0.0,0.0,0.0,0.1,1000.0,0.785,1,1,1,0,0,-1.0,1.0,1.0,0.5,1,1,256,1,100,37_real_scene_resolution_16x9_to_8k,0,40,0,success,0,,"Scene CPU cache disabled; rebuilding source scene.
[FrameCounter] frames{2809} measure_start{60} measure_end{2749} sample_count{2689} window_frames{60}
Saved CSV: C:\Users\mgkim15\AppData\Local\Temp\tvbperf_x5cbps70\run_00040.csv_40_result.csv
Log saved to: D:\project\TVBPerf\out\build\x64-Release\bin\Release\logs\log_2026-07-30_12-35-10.txt",,
41,37_real_scene_resolution_16x9_to_8k,C:\Users\mgkim15\AppData\Local\Temp\tvbperf_x5cbps70\run_00041.csv,9,2,0,41,1,1,1,0,assimp,../../../../../assets/scenes/unpacked/San_Miguel/san-miguel.obj,60,2689,1,0,2,../../../../../scripts/standard_camera_sanmiguel.csv,10,0,0,60,0,captures,1,60,256,144,0,1,255,1,1,0,0,-10,0,0,0,0.1,1000,0.785,1,1,1,0,0,-1,1,1,0.5,1,1,1,256,1,100,total,0.65583,visibility,0.57859,visutil_histogram,0.00452,visutil_prefix,0.00270,visutil_flatten,0.00338,gbuffer,0.03186,lighting,0.00446,tonemap,0.00344,,0.00000,,0.00000,,0.00000,,0.00000,,0.00000,,0.00000,,0.00000,,0.00000,,0.00000,,0.00000,,0.00000,,0.00000,,0.00000,,0.00000,,0.00000,,0.00000,,0.00000,,0.00000,,0.00000,,0.00000,,0.00000,,0.00000,,0.00000,,0.00000,DonutVisGBuffer,2026-07-30T12:35:10,playback,0.06800,0.63200,1.57709,0.65583,0.07203,0.23616,1.18710,1.27834,288,5,0.01736,4,0,1,100,9,41,1,1,1,0,assimp,../../../../../assets/scenes/unpacked/San_Miguel/san-miguel.obj,60,2689,0,2,../../../../../scripts/standard_camera_sanmiguel.csv,10,0,0,60,0,1,60,256,144,0,1,255,1.0,1.0,1,0.0,0.0,-10.0,0.0,0.0,0.0,0.1,1000.0,0.785,1,1,1,0,0,-1.0,1.0,1.0,0.5,1,1,256,1,100,37_real_scene_resolution_16x9_to_8k,0,41,0,success,0,,"Scene CPU cache disabled; rebuilding source scene.
[FrameCounter] frames{2809} measure_start{60} measure_end{2749} sample_count{2689} window_frames{60}
Saved CSV: C:\Users\mgkim15\AppData\Local\Temp\tvbperf_x5cbps70\run_00041.csv_41_result.csv
Log saved to: D:\project\TVBPerf\out\build\x64-Release\bin\Release\logs\log_2026-07-30_12-35-33.txt",,
42,37_real_scene_resolution_16x9_to_8k,C:\Users\mgkim15\AppData\Local\Temp\tvbperf_x5cbps70\run_00042.csv,8,2,0,42,1,1,1,0,assimp,../../../../../assets/scenes/unpacked/San_Miguel/san-miguel.obj,60,2689,1,0,2,../../../../../scripts/standard_camera_sanmiguel.csv,10,0,0,60,0,captures,1,60,1024,576,0,1,255,1,1,0,0,-10,0,0,0,0.1,1000,0.785,1,1,1,0,0,-1,1,1,0.5,1,1,1,256,1,100,total,0.74127,depth_prepass,0.30181,geometry,0.39519,lighting,0.02263,tonemap,0.00710,,0.00000,,0.00000,,0.00000,,0.00000,,0.00000,,0.00000,,0.00000,,0.00000,,0.00000,,0.00000,,0.00000,,0.00000,,0.00000,,0.00000,,0.00000,,0.00000,,0.00000,,0.00000,,0.00000,,0.00000,,0.00000,,0.00000,,0.00000,,0.00000,,0.00000,,0.00000,,0.00000,DonutDeferredPrepass,2026-07-30T12:35:33,playback,0.05440,0.69786,1.67914,0.74127,0.06157,0.24160,1.36106,1.52243,288,5,0.01736,4,0,1,100,8,42,1,1,1,0,assimp,../../../../../assets/scenes/unpacked/San_Miguel/san-miguel.obj,60,2689,0,2,../../../../../scripts/standard_camera_sanmiguel.csv,10,0,0,60,0,1,60,1024,576,0,1,255,1.0,1.0,1,0.0,0.0,-10.0,0.0,0.0,0.0,0.1,1000.0,0.785,1,1,1,0,0,-1.0,1.0,1.0,0.5,1,1,256,1,100,37_real_scene_resolution_16x9_to_8k,0,42,0,success,0,,"Scene CPU cache disabled; rebuilding source scene.
[FrameCounter] frames{2809} measure_start{60} measure_end{2749} sample_count{2689} window_frames{60}
Saved CSV: C:\Users\mgkim15\AppData\Local\Temp\tvbperf_x5cbps70\run_00042.csv_42_result.csv
Log saved to: D:\project\TVBPerf\out\build\x64-Release\bin\Release\logs\log_2026-07-30_12-35-57.txt",,
43,37_real_scene_resolution_16x9_to_8k,C:\Users\mgkim15\AppData\Local\Temp\tvbperf_x5cbps70\run_00043.csv,9,2,0,43,1,1,1,0,assimp,../../../../../assets/scenes/unpacked/San_Miguel/san-miguel.obj,60,2689,1,0,2,../../../../../scripts/standard_camera_sanmiguel.csv,10,0,0,60,0,captures,1,60,1024,576,0,1,255,1,1,0,0,-10,0,0,0,0.1,1000,0.785,1,1,1,0,0,-1,1,1,0.5,1,1,1,256,1,100,total,0.77224,visibility,0.61125,visutil_histogram,0.01112,visutil_prefix,0.00238,visutil_flatten,0.01182,gbuffer,0.07436,lighting,0.02338,tonemap,0.00776,,0.00000,,0.00000,,0.00000,,0.00000,,0.00000,,0.00000,,0.00000,,0.00000,,0.00000,,0.00000,,0.00000,,0.00000,,0.00000,,0.00000,,0.00000,,0.00000,,0.00000,,0.00000,,0.00000,,0.00000,,0.00000,,0.00000,,0.00000,,0.00000,DonutVisGBuffer,2026-07-30T12:35:57,playback,0.11434,0.75632,1.55405,0.77224,0.12589,0.32966,1.30541,1.43270,288,5,0.01736,4,0,1,100,9,43,1,1,1,0,assimp,../../../../../assets/scenes/unpacked/San_Miguel/san-miguel.obj,60,2689,0,2,../../../../../scripts/standard_camera_sanmiguel.csv,10,0,0,60,0,1,60,1024,576,0,1,255,1.0,1.0,1,0.0,0.0,-10.0,0.0,0.0,0.0,0.1,1000.0,0.785,1,1,1,0,0,-1.0,1.0,1.0,0.5,1,1,256,1,100,37_real_scene_resolution_16x9_to_8k,0,43,0,success,0,,"Scene CPU cache disabled; rebuilding source scene.
[FrameCounter] frames{2809} measure_start{60} measure_end{2749} sample_count{2689} window_frames{60}
Saved CSV: C:\Users\mgkim15\AppData\Local\Temp\tvbperf_x5cbps70\run_00043.csv_43_result.csv
Log saved to: D:\project\TVBPerf\out\build\x64-Release\bin\Release\logs\log_2026-07-30_12-36-21.txt",,
44,37_real_scene_resolution_16x9_to_8k,C:\Users\mgkim15\AppData\Local\Temp\tvbperf_x5cbps70\run_00044.csv,8,2,0,44,1,1,1,0,assimp,../../../../../assets/scenes/unpacked/San_Miguel/san-miguel.obj,60,2689,1,0,2,../../../../../scripts/standard_camera_sanmiguel.csv,10,0,0,60,0,captures,1,60,4096,2304,0,1,255,1,1,0,0,-10,0,0,0,0.1,1000,0.785,1,1,1,0,0,-1,1,1,0.5,1,1,1,256,1,100,total,1.63396,depth_prepass,0.36331,geometry,0.76202,lighting,0.31593,tonemap,0.16996,,0.00000,,0.00000,,0.00000,,0.00000,,0.00000,,0.00000,,0.00000,,0.00000,,0.00000,,0.00000,,0.00000,,0.00000,,0.00000,,0.00000,,0.00000,,0.00000,,0.00000,,0.00000,,0.00000,,0.00000,,0.00000,,0.00000,,0.00000,,0.00000,,0.00000,,0.00000,,0.00000,DonutDeferredPrepass,2026-07-30T12:36:22,playback,0.60947,1.63478,5.79862,1.63396,0.70851,0.99302,2.21021,2.55674,288,5,0.01736,4,0,1,100,8,44,1,1,1,0,assimp,../../../../../assets/scenes/unpacked/San_Miguel/san-miguel.obj,60,2689,0,2,../../../../../scripts/standard_camera_sanmiguel.csv,10,0,0,60,0,1,60,4096,2304,0,1,255,1.0,1.0,1,0.0,0.0,-10.0,0.0,0.0,0.0,0.1,1000.0,0.785,1,1,1,0,0,-1.0,1.0,1.0,0.5,1,1,256,1,100,37_real_scene_resolution_16x9_to_8k,0,44,0,success,0,,"Scene CPU cache disabled; rebuilding source scene.
[FrameCounter] frames{2809} measure_start{60} measure_end{2749} sample_count{2689} window_frames{60}
Saved CSV: C:\Users\mgkim15\AppData\Local\Temp\tvbperf_x5cbps70\run_00044.csv_44_result.csv
Log saved to: D:\project\TVBPerf\out\build\x64-Release\bin\Release\logs\log_2026-07-30_12-36-47.txt",,
45,37_real_scene_resolution_16x9_to_8k,C:\Users\mgkim15\AppData\Local\Temp\tvbperf_x5cbps70\run_00045.csv,9,2,0,45,1,1,1,0,assimp,../../../../../assets/scenes/unpacked/San_Miguel/san-miguel.obj,60,2689,1,0,2,../../../../../scripts/standard_camera_sanmiguel.csv,10,0,0,60,0,captures,1,60,4096,2304,0,1,255,1,1,0,0,-10,0,0,0,0.1,1000,0.785,1,1,1,0,0,-1,1,1,0.5,1,1,1,256,1,100,total,2.24784,visibility,0.80088,visutil_histogram,0.10075,visutil_prefix,0.00301,visutil_flatten,0.16086,gbuffer,0.66464,lighting,0.31768,tonemap,0.17001,,0.00000,,0.00000,,0.00000,,0.00000,,0.00000,,0.00000,,0.00000,,0.00000,,0.00000,,0.00000,,0.00000,,0.00000,,0.00000,,0.00000,,0.00000,,0.00000,,0.00000,,0.00000,,0.00000,,0.00000,,0.00000,,0.00000,,0.00000,,0.00000,DonutVisGBuffer,2026-07-30T12:36:47,playback,0.95690,2.28522,3.40470,2.24784,1.11226,1.60902,2.79379,3.16653,288,5,0.01736,4,0,1,100,9,45,1,1,1,0,assimp,../../../../../assets/scenes/unpacked/San_Miguel/san-miguel.obj,60,2689,0,2,../../../../../scripts/standard_camera_sanmiguel.csv,10,0,0,60,0,1,60,4096,2304,0,1,255,1.0,1.0,1,0.0,0.0,-10.0,0.0,0.0,0.0,0.1,1000.0,0.785,1,1,1,0,0,-1.0,1.0,1.0,0.5,1,1,256,1,100,37_real_scene_resolution_16x9_to_8k,0,45,0,success,0,,"Scene CPU cache disabled; rebuilding source scene.
[FrameCounter] frames{2809} measure_start{60} measure_end{2749} sample_count{2689} window_frames{60}
Saved CSV: C:\Users\mgkim15\AppData\Local\Temp\tvbperf_x5cbps70\run_00045.csv_45_result.csv
Log saved to: D:\project\TVBPerf\out\build\x64-Release\bin\Release\logs\log_2026-07-30_12-37-16.txt",,
46,37_real_scene_resolution_16x9_to_8k,C:\Users\mgkim15\AppData\Local\Temp\tvbperf_x5cbps70\run_00046.csv,8,2,0,46,1,1,1,0,assimp,../../../../../assets/scenes/unpacked/San_Miguel/san-miguel.obj,60,2689,1,0,2,../../../../../scripts/standard_camera_sanmiguel.csv,10,0,0,60,0,captures,1,60,8192,4608,0,1,255,1,1,0,0,-10,0,0,0,0.1,1000,0.785,1,1,1,0,0,-1,1,1,0.5,1,1,1,256,1,100,total,4.65227,depth_prepass,0.59295,geometry,2.03429,lighting,1.22876,tonemap,0.74461,,0.00000,,0.00000,,0.00000,,0.00000,,0.00000,,0.00000,,0.00000,,0.00000,,0.00000,,0.00000,,0.00000,,0.00000,,0.00000,,0.00000,,0.00000,,0.00000,,0.00000,,0.00000,,0.00000,,0.00000,,0.00000,,0.00000,,0.00000,,0.00000,,0.00000,,0.00000,,0.00000,DonutDeferredPrepass,2026-07-30T12:37:16,playback,2.24851,4.68403,7.16317,4.65227,2.78003,3.40669,5.74486,6.66000,288,5,0.01736,4,0,1,100,8,46,1,1,1,0,assimp,../../../../../assets/scenes/unpacked/San_Miguel/san-miguel.obj,60,2689,0,2,../../../../../scripts/standard_camera_sanmiguel.csv,10,0,0,60,0,1,60,8192,4608,0,1,255,1.0,1.0,1,0.0,0.0,-10.0,0.0,0.0,0.0,0.1,1000.0,0.785,1,1,1,0,0,-1.0,1.0,1.0,0.5,1,1,256,1,100,37_real_scene_resolution_16x9_to_8k,0,46,0,success,0,,"Scene CPU cache disabled; rebuilding source scene.
[FrameCounter] frames{2809} measure_start{60} measure_end{2749} sample_count{2689} window_frames{60}
Saved CSV: C:\Users\mgkim15\AppData\Local\Temp\tvbperf_x5cbps70\run_00046.csv_46_result.csv
Log saved to: D:\project\TVBPerf\out\build\x64-Release\bin\Release\logs\log_2026-07-30_12-37-50.txt",,
47,37_real_scene_resolution_16x9_to_8k,C:\Users\mgkim15\AppData\Local\Temp\tvbperf_x5cbps70\run_00047.csv,9,2,0,47,1,1,1,0,assimp,../../../../../assets/scenes/unpacked/San_Miguel/san-miguel.obj,60,2689,1,0,2,../../../../../scripts/standard_camera_sanmiguel.csv,10,0,0,60,0,captures,1,60,8192,4608,0,1,255,1,1,0,0,-10,0,0,0,0.1,1000,0.785,1,1,1,0,0,-1,1,1,0.5,1,1,1,256,1,100,total,6.97562,visibility,1.40345,visutil_histogram,0.40298,visutil_prefix,0.00296,visutil_flatten,0.68582,gbuffer,2.42078,lighting,1.25263,tonemap,0.74490,,0.00000,,0.00000,,0.00000,,0.00000,,0.00000,,0.00000,,0.00000,,0.00000,,0.00000,,0.00000,,0.00000,,0.00000,,0.00000,,0.00000,,0.00000,,0.00000,,0.00000,,0.00000,,0.00000,,0.00000,,0.00000,,0.00000,,0.00000,,0.00000,DonutVisGBuffer,2026-07-30T12:37:50,playback,3.60170,7.11024,8.68765,6.97562,4.37686,5.90947,7.86816,8.31238,288,5,0.01736,4,0,1,100,9,47,1,1,1,0,assimp,../../../../../assets/scenes/unpacked/San_Miguel/san-miguel.obj,60,2689,0,2,../../../../../scripts/standard_camera_sanmiguel.csv,10,0,0,60,0,1,60,8192,4608,0,1,255,1.0,1.0,1,0.0,0.0,-10.0,0.0,0.0,0.0,0.1,1000.0,0.785,1,1,1,0,0,-1.0,1.0,1.0,0.5,1,1,256,1,100,37_real_scene_resolution_16x9_to_8k,0,47,0,success,0,,"Scene CPU cache disabled; rebuilding source scene.
[FrameCounter] frames{2809} measure_start{60} measure_end{2749} sample_count{2689} window_frames{60}
Saved CSV: C:\Users\mgkim15\AppData\Local\Temp\tvbperf_x5cbps70\run_00047.csv_47_result.csv
Log saved to: D:\project\TVBPerf\out\build\x64-Release\bin\Release\logs\log_2026-07-30_12-38-32.txt",,
48,37_real_scene_resolution_16x9_to_8k,C:\Users\mgkim15\AppData\Local\Temp\tvbperf_x5cbps70\run_00048.csv,8,2,0,48,1,1,1,0,assimp,../../../../../assets/scenes/unpacked/SunTemple_v4/SunTemple.fbx,60,2976,1,0,2,../../../../../scripts/standard_camera_suntemple.csv,10,0,0,60,0,captures,1,60,16,9,0,1,255,1,1,0,0,-10,0,0,0,0.1,1000,0.785,1,1,1,0,0,-1,1,1,0.5,1,1,1,256,1,100,total,0.05445,depth_prepass,0.01733,geometry,0.01827,lighting,0.00366,tonemap,0.00247,,0.00000,,0.00000,,0.00000,,0.00000,,0.00000,,0.00000,,0.00000,,0.00000,,0.00000,,0.00000,,0.00000,,0.00000,,0.00000,,0.00000,,0.00000,,0.00000,,0.00000,,0.00000,,0.00000,,0.00000,,0.00000,,0.00000,,0.00000,,0.00000,,0.00000,,0.00000,,0.00000,DonutDeferredPrepass,2026-07-30T12:38:32,playback,0.02480,0.04896,0.09786,0.05445,0.02547,0.03050,0.09437,0.09638,48,2,0.04167,4,0,1,100,8,48,1,1,1,0,assimp,../../../../../assets/scenes/unpacked/SunTemple_v4/SunTemple.fbx,60,2976,0,2,../../../../../scripts/standard_camera_suntemple.csv,10,0,0,60,0,1,60,16,9,0,1,255,1.0,1.0,1,0.0,0.0,-10.0,0.0,0.0,0.0,0.1,1000.0,0.785,1,1,1,0,0,-1.0,1.0,1.0,0.5,1,1,256,1,100,37_real_scene_resolution_16x9_to_8k,0,48,0,success,0,,"Scene CPU cache disabled; rebuilding source scene.
[FrameCounter] frames{3096} measure_start{60} measure_end{3036} sample_count{2976} window_frames{60}
Saved CSV: C:\Users\mgkim15\AppData\Local\Temp\tvbperf_x5cbps70\run_00048.csv_48_result.csv
Log saved to: D:\project\TVBPerf\out\build\x64-Release\bin\Release\logs\log_2026-07-30_12-38-34.txt",,
49,37_real_scene_resolution_16x9_to_8k,C:\Users\mgkim15\AppData\Local\Temp\tvbperf_x5cbps70\run_00049.csv,9,2,0,49,1,1,1,0,assimp,../../../../../assets/scenes/unpacked/SunTemple_v4/SunTemple.fbx,60,2976,1,0,2,../../../../../scripts/standard_camera_suntemple.csv,10,0,0,60,0,captures,1,60,16,9,0,1,255,1,1,0,0,-10,0,0,0,0.1,1000,0.785,1,1,1,0,0,-1,1,1,0.5,1,1,1,256,1,100,total,0.09029,visibility,0.02447,visutil_histogram,0.00275,visutil_prefix,0.00193,visutil_flatten,0.00239,gbuffer,0.02210,lighting,0.00315,tonemap,0.00263,,0.00000,,0.00000,,0.00000,,0.00000,,0.00000,,0.00000,,0.00000,,0.00000,,0.00000,,0.00000,,0.00000,,0.00000,,0.00000,,0.00000,,0.00000,,0.00000,,0.00000,,0.00000,,0.00000,,0.00000,,0.00000,,0.00000,,0.00000,,0.00000,DonutVisGBuffer,2026-07-30T12:38:34,playback,0.06701,0.08646,0.13478,0.09029,0.06976,0.07299,0.11622,0.11898,48,2,0.04167,4,0,1,100,9,49,1,1,1,0,assimp,../../../../../assets/scenes/unpacked/SunTemple_v4/SunTemple.fbx,60,2976,0,2,../../../../../scripts/standard_camera_suntemple.csv,10,0,0,60,0,1,60,16,9,0,1,255,1.0,1.0,1,0.0,0.0,-10.0,0.0,0.0,0.0,0.1,1000.0,0.785,1,1,1,0,0,-1.0,1.0,1.0,0.5,1,1,256,1,100,37_real_scene_resolution_16x9_to_8k,0,49,0,success,0,,"Scene CPU cache disabled; rebuilding source scene.
[FrameCounter] frames{3096} measure_start{60} measure_end{3036} sample_count{2976} window_frames{60}
Saved CSV: C:\Users\mgkim15\AppData\Local\Temp\tvbperf_x5cbps70\run_00049.csv_49_result.csv
Log saved to: D:\project\TVBPerf\out\build\x64-Release\bin\Release\logs\log_2026-07-30_12-38-36.txt",,
50,37_real_scene_resolution_16x9_to_8k,C:\Users\mgkim15\AppData\Local\Temp\tvbperf_x5cbps70\run_00050.csv,8,2,0,50,1,1,1,0,assimp,../../../../../assets/scenes/unpacked/SunTemple_v4/SunTemple.fbx,60,2976,1,0,2,../../../../../scripts/standard_camera_suntemple.csv,10,0,0,60,0,captures,1,60,64,36,0,1,255,1,1,0,0,-10,0,0,0,0.1,1000,0.785,1,1,1,0,0,-1,1,1,0.5,1,1,1,256,1,100,total,0.05552,depth_prepass,0.01798,geometry,0.01888,lighting,0.00366,tonemap,0.00239,,0.00000,,0.00000,,0.00000,,0.00000,,0.00000,,0.00000,,0.00000,,0.00000,,0.00000,,0.00000,,0.00000,,0.00000,,0.00000,,0.00000,,0.00000,,0.00000,,0.00000,,0.00000,,0.00000,,0.00000,,0.00000,,0.00000,,0.00000,,0.00000,,0.00000,,0.00000,,0.00000,DonutDeferredPrepass,2026-07-30T12:38:36,playback,0.02496,0.04883,0.24691,0.05552,0.02570,0.03066,0.09840,0.10173,48,2,0.04167,4,0,1,100,8,50,1,1,1,0,assimp,../../../../../assets/scenes/unpacked/SunTemple_v4/SunTemple.fbx,60,2976,0,2,../../../../../scripts/standard_camera_suntemple.csv,10,0,0,60,0,1,60,64,36,0,1,255,1.0,1.0,1,0.0,0.0,-10.0,0.0,0.0,0.0,0.1,1000.0,0.785,1,1,1,0,0,-1.0,1.0,1.0,0.5,1,1,256,1,100,37_real_scene_resolution_16x9_to_8k,0,50,0,success,0,,"Scene CPU cache disabled; rebuilding source scene.
[FrameCounter] frames{3096} measure_start{60} measure_end{3036} sample_count{2976} window_frames{60}
Saved CSV: C:\Users\mgkim15\AppData\Local\Temp\tvbperf_x5cbps70\run_00050.csv_50_result.csv
Log saved to: D:\project\TVBPerf\out\build\x64-Release\bin\Release\logs\log_2026-07-30_12-38-38.txt",,
51,37_real_scene_resolution_16x9_to_8k,C:\Users\mgkim15\AppData\Local\Temp\tvbperf_x5cbps70\run_00051.csv,9,2,0,51,1,1,1,0,assimp,../../../../../assets/scenes/unpacked/SunTemple_v4/SunTemple.fbx,60,2976,1,0,2,../../../../../scripts/standard_camera_suntemple.csv,10,0,0,60,0,captures,1,60,64,36,0,1,255,1,1,0,0,-10,0,0,0,0.1,1000,0.785,1,1,1,0,0,-1,1,1,0.5,1,1,1,256,1,100,total,0.09151,visibility,0.02552,visutil_histogram,0.00282,visutil_prefix,0.00192,visutil_flatten,0.00241,gbuffer,0.02242,lighting,0.00312,tonemap,0.00260,,0.00000,,0.00000,,0.00000,,0.00000,,0.00000,,0.00000,,0.00000,,0.00000,,0.00000,,0.00000,,0.00000,,0.00000,,0.00000,,0.00000,,0.00000,,0.00000,,0.00000,,0.00000,,0.00000,,0.00000,,0.00000,,0.00000,,0.00000,,0.00000,DonutVisGBuffer,2026-07-30T12:38:38,playback,0.06915,0.08790,0.28627,0.09151,0.06986,0.07363,0.11834,0.12096,48,2,0.04167,4,0,1,100,9,51,1,1,1,0,assimp,../../../../../assets/scenes/unpacked/SunTemple_v4/SunTemple.fbx,60,2976,0,2,../../../../../scripts/standard_camera_suntemple.csv,10,0,0,60,0,1,60,64,36,0,1,255,1.0,1.0,1,0.0,0.0,-10.0,0.0,0.0,0.0,0.1,1000.0,0.785,1,1,1,0,0,-1.0,1.0,1.0,0.5,1,1,256,1,100,37_real_scene_resolution_16x9_to_8k,0,51,0,success,0,,"Scene CPU cache disabled; rebuilding source scene.
[FrameCounter] frames{3096} measure_start{60} measure_end{3036} sample_count{2976} window_frames{60}
Saved CSV: C:\Users\mgkim15\AppData\Local\Temp\tvbperf_x5cbps70\run_00051.csv_51_result.csv
Log saved to: D:\project\TVBPerf\out\build\x64-Release\bin\Release\logs\log_2026-07-30_12-38-40.txt",,
52,37_real_scene_resolution_16x9_to_8k,C:\Users\mgkim15\AppData\Local\Temp\tvbperf_x5cbps70\run_00052.csv,8,2,0,52,1,1,1,0,assimp,../../../../../assets/scenes/unpacked/SunTemple_v4/SunTemple.fbx,60,2976,1,0,2,../../../../../scripts/standard_camera_suntemple.csv,10,0,0,60,0,captures,1,60,256,144,0,1,255,1,1,0,0,-10,0,0,0,0.1,1000,0.785,1,1,1,0,0,-1,1,1,0.5,1,1,1,256,1,100,total,0.05675,depth_prepass,0.01793,geometry,0.01945,lighting,0.00419,tonemap,0.00274,,0.00000,,0.00000,,0.00000,,0.00000,,0.00000,,0.00000,,0.00000,,0.00000,,0.00000,,0.00000,,0.00000,,0.00000,,0.00000,,0.00000,,0.00000,,0.00000,,0.00000,,0.00000,,0.00000,,0.00000,,0.00000,,0.00000,,0.00000,,0.00000,,0.00000,,0.00000,,0.00000,DonutDeferredPrepass,2026-07-30T12:38:40,playback,0.02701,0.04979,0.26480,0.05675,0.02861,0.03274,0.09869,0.10227,48,2,0.04167,4,0,1,100,8,52,1,1,1,0,assimp,../../../../../assets/scenes/unpacked/SunTemple_v4/SunTemple.fbx,60,2976,0,2,../../../../../scripts/standard_camera_suntemple.csv,10,0,0,60,0,1,60,256,144,0,1,255,1.0,1.0,1,0.0,0.0,-10.0,0.0,0.0,0.0,0.1,1000.0,0.785,1,1,1,0,0,-1.0,1.0,1.0,0.5,1,1,256,1,100,37_real_scene_resolution_16x9_to_8k,0,52,0,success,0,,"Scene CPU cache disabled; rebuilding source scene.
[FrameCounter] frames{3096} measure_start{60} measure_end{3036} sample_count{2976} window_frames{60}
Saved CSV: C:\Users\mgkim15\AppData\Local\Temp\tvbperf_x5cbps70\run_00052.csv_52_result.csv
Log saved to: D:\project\TVBPerf\out\build\x64-Release\bin\Release\logs\log_2026-07-30_12-38-42.txt",,
53,37_real_scene_resolution_16x9_to_8k,C:\Users\mgkim15\AppData\Local\Temp\tvbperf_x5cbps70\run_00053.csv,9,2,0,53,1,1,1,0,assimp,../../../../../assets/scenes/unpacked/SunTemple_v4/SunTemple.fbx,60,2976,1,0,2,../../../../../scripts/standard_camera_suntemple.csv,10,0,0,60,0,captures,1,60,256,144,0,1,255,1,1,0,0,-10,0,0,0,0.1,1000,0.785,1,1,1,0,0,-1,1,1,0.5,1,1,1,256,1,100,total,0.09626,visibility,0.02726,visutil_histogram,0.00290,visutil_prefix,0.00192,visutil_flatten,0.00264,gbuffer,0.02382,lighting,0.00363,tonemap,0.00285,,0.00000,,0.00000,,0.00000,,0.00000,,0.00000,,0.00000,,0.00000,,0.00000,,0.00000,,0.00000,,0.00000,,0.00000,,0.00000,,0.00000,,0.00000,,0.00000,,0.00000,,0.00000,,0.00000,,0.00000,,0.00000,,0.00000,,0.00000,,0.00000,DonutVisGBuffer,2026-07-30T12:38:42,playback,0.07002,0.09229,0.24688,0.09626,0.07245,0.07667,0.12483,0.12726,48,2,0.04167,4,0,1,100,9,53,1,1,1,0,assimp,../../../../../assets/scenes/unpacked/SunTemple_v4/SunTemple.fbx,60,2976,0,2,../../../../../scripts/standard_camera_suntemple.csv,10,0,0,60,0,1,60,256,144,0,1,255,1.0,1.0,1,0.0,0.0,-10.0,0.0,0.0,0.0,0.1,1000.0,0.785,1,1,1,0,0,-1.0,1.0,1.0,0.5,1,1,256,1,100,37_real_scene_resolution_16x9_to_8k,0,53,0,success,0,,"Scene CPU cache disabled; rebuilding source scene.
[FrameCounter] frames{3096} measure_start{60} measure_end{3036} sample_count{2976} window_frames{60}
Saved CSV: C:\Users\mgkim15\AppData\Local\Temp\tvbperf_x5cbps70\run_00053.csv_53_result.csv
Log saved to: D:\project\TVBPerf\out\build\x64-Release\bin\Release\logs\log_2026-07-30_12-38-44.txt",,
54,37_real_scene_resolution_16x9_to_8k,C:\Users\mgkim15\AppData\Local\Temp\tvbperf_x5cbps70\run_00054.csv,8,2,0,54,1,1,1,0,assimp,../../../../../assets/scenes/unpacked/SunTemple_v4/SunTemple.fbx,60,2976,1,0,2,../../../../../scripts/standard_camera_suntemple.csv,10,0,0,60,0,captures,1,60,1024,576,0,1,255,1,1,0,0,-10,0,0,0,0.1,1000,0.785,1,1,1,0,0,-1,1,1,0.5,1,1,1,256,1,100,total,0.09907,depth_prepass,0.02254,geometry,0.03676,lighting,0.02144,tonemap,0.00581,,0.00000,,0.00000,,0.00000,,0.00000,,0.00000,,0.00000,,0.00000,,0.00000,,0.00000,,0.00000,,0.00000,,0.00000,,0.00000,,0.00000,,0.00000,,0.00000,,0.00000,,0.00000,,0.00000,,0.00000,,0.00000,,0.00000,,0.00000,,0.00000,,0.00000,,0.00000,,0.00000,DonutDeferredPrepass,2026-07-30T12:38:44,playback,0.06384,0.09594,0.13955,0.09907,0.06701,0.07866,0.12547,0.12925,48,2,0.04167,4,0,1,100,8,54,1,1,1,0,assimp,../../../../../assets/scenes/unpacked/SunTemple_v4/SunTemple.fbx,60,2976,0,2,../../../../../scripts/standard_camera_suntemple.csv,10,0,0,60,0,1,60,1024,576,0,1,255,1.0,1.0,1,0.0,0.0,-10.0,0.0,0.0,0.0,0.1,1000.0,0.785,1,1,1,0,0,-1.0,1.0,1.0,0.5,1,1,256,1,100,37_real_scene_resolution_16x9_to_8k,0,54,0,success,0,,"Scene CPU cache disabled; rebuilding source scene.
[FrameCounter] frames{3096} measure_start{60} measure_end{3036} sample_count{2976} window_frames{60}
Saved CSV: C:\Users\mgkim15\AppData\Local\Temp\tvbperf_x5cbps70\run_00054.csv_54_result.csv
Log saved to: D:\project\TVBPerf\out\build\x64-Release\bin\Release\logs\log_2026-07-30_12-38-47.txt",,
55,37_real_scene_resolution_16x9_to_8k,C:\Users\mgkim15\AppData\Local\Temp\tvbperf_x5cbps70\run_00055.csv,9,2,0,55,1,1,1,0,assimp,../../../../../assets/scenes/unpacked/SunTemple_v4/SunTemple.fbx,60,2976,1,0,2,../../../../../scripts/standard_camera_suntemple.csv,10,0,0,60,0,captures,1,60,1024,576,0,1,255,1,1,0,0,-10,0,0,0,0.1,1000,0.785,1,1,1,0,0,-1,1,1,0.5,1,1,1,256,1,100,total,0.17012,visibility,0.03725,visutil_histogram,0.00831,visutil_prefix,0.00194,visutil_flatten,0.01053,gbuffer,0.05294,lighting,0.02217,tonemap,0.00617,,0.00000,,0.00000,,0.00000,,0.00000,,0.00000,,0.00000,,0.00000,,0.00000,,0.00000,,0.00000,,0.00000,,0.00000,,0.00000,,0.00000,,0.00000,,0.00000,,0.00000,,0.00000,,0.00000,,0.00000,,0.00000,,0.00000,,0.00000,,0.00000,DonutVisGBuffer,2026-07-30T12:38:47,playback,0.12822,0.16736,0.22925,0.17012,0.13283,0.14922,0.19526,0.21168,48,2,0.04167,4,0,1,100,9,55,1,1,1,0,assimp,../../../../../assets/scenes/unpacked/SunTemple_v4/SunTemple.fbx,60,2976,0,2,../../../../../scripts/standard_camera_suntemple.csv,10,0,0,60,0,1,60,1024,576,0,1,255,1.0,1.0,1,0.0,0.0,-10.0,0.0,0.0,0.0,0.1,1000.0,0.785,1,1,1,0,0,-1.0,1.0,1.0,0.5,1,1,256,1,100,37_real_scene_resolution_16x9_to_8k,0,55,0,success,0,,"Scene CPU cache disabled; rebuilding source scene.
[FrameCounter] frames{3096} measure_start{60} measure_end{3036} sample_count{2976} window_frames{60}
Saved CSV: C:\Users\mgkim15\AppData\Local\Temp\tvbperf_x5cbps70\run_00055.csv_55_result.csv
Log saved to: D:\project\TVBPerf\out\build\x64-Release\bin\Release\logs\log_2026-07-30_12-38-50.txt",,
56,37_real_scene_resolution_16x9_to_8k,C:\Users\mgkim15\AppData\Local\Temp\tvbperf_x5cbps70\run_00056.csv,8,2,0,56,1,1,1,0,assimp,../../../../../assets/scenes/unpacked/SunTemple_v4/SunTemple.fbx,60,2976,1,0,2,../../../../../scripts/standard_camera_suntemple.csv,10,0,0,60,0,captures,1,60,4096,2304,0,1,255,1,1,0,0,-10,0,0,0,0.1,1000,0.785,1,1,1,0,0,-1,1,1,0.5,1,1,1,256,1,100,total,0.90593,depth_prepass,0.09308,geometry,0.32842,lighting,0.31441,tonemap,0.15487,,0.00000,,0.00000,,0.00000,,0.00000,,0.00000,,0.00000,,0.00000,,0.00000,,0.00000,,0.00000,,0.00000,,0.00000,,0.00000,,0.00000,,0.00000,,0.00000,,0.00000,,0.00000,,0.00000,,0.00000,,0.00000,,0.00000,,0.00000,,0.00000,,0.00000,,0.00000,,0.00000,DonutDeferredPrepass,2026-07-30T12:38:50,playback,0.68790,0.90518,1.23197,0.90593,0.69827,0.80493,1.00579,1.05466,48,2,0.04167,4,0,1,100,8,56,1,1,1,0,assimp,../../../../../assets/scenes/unpacked/SunTemple_v4/SunTemple.fbx,60,2976,0,2,../../../../../scripts/standard_camera_suntemple.csv,10,0,0,60,0,1,60,4096,2304,0,1,255,1.0,1.0,1,0.0,0.0,-10.0,0.0,0.0,0.0,0.1,1000.0,0.785,1,1,1,0,0,-1.0,1.0,1.0,0.5,1,1,256,1,100,37_real_scene_resolution_16x9_to_8k,0,56,0,success,0,,"Scene CPU cache disabled; rebuilding source scene.
[FrameCounter] frames{3096} measure_start{60} measure_end{3036} sample_count{2976} window_frames{60}
Saved CSV: C:\Users\mgkim15\AppData\Local\Temp\tvbperf_x5cbps70\run_00056.csv_56_result.csv
Log saved to: D:\project\TVBPerf\out\build\x64-Release\bin\Release\logs\log_2026-07-30_12-38-55.txt",,
57,37_real_scene_resolution_16x9_to_8k,C:\Users\mgkim15\AppData\Local\Temp\tvbperf_x5cbps70\run_00057.csv,9,2,0,57,1,1,1,0,assimp,../../../../../assets/scenes/unpacked/SunTemple_v4/SunTemple.fbx,60,2976,1,0,2,../../../../../scripts/standard_camera_suntemple.csv,10,0,0,60,0,captures,1,60,4096,2304,0,1,255,1,1,0,0,-10,0,0,0,0.1,1000,0.785,1,1,1,0,0,-1,1,1,0.5,1,1,1,256,1,100,total,1.58935,visibility,0.25562,visutil_histogram,0.08338,visutil_prefix,0.00283,visutil_flatten,0.14776,gbuffer,0.60414,lighting,0.31442,tonemap,0.15506,,0.00000,,0.00000,,0.00000,,0.00000,,0.00000,,0.00000,,0.00000,,0.00000,,0.00000,,0.00000,,0.00000,,0.00000,,0.00000,,0.00000,,0.00000,,0.00000,,0.00000,,0.00000,,0.00000,,0.00000,,0.00000,,0.00000,,0.00000,,0.00000,DonutVisGBuffer,2026-07-30T12:38:55,playback,1.11059,1.61149,2.10394,1.58935,1.16125,1.35216,1.77917,1.90378,48,2,0.04167,4,0,1,100,9,57,1,1,1,0,assimp,../../../../../assets/scenes/unpacked/SunTemple_v4/SunTemple.fbx,60,2976,0,2,../../../../../scripts/standard_camera_suntemple.csv,10,0,0,60,0,1,60,4096,2304,0,1,255,1.0,1.0,1,0.0,0.0,-10.0,0.0,0.0,0.0,0.1,1000.0,0.785,1,1,1,0,0,-1.0,1.0,1.0,0.5,1,1,256,1,100,37_real_scene_resolution_16x9_to_8k,0,57,0,success,0,,"Scene CPU cache disabled; rebuilding source scene.
[FrameCounter] frames{3096} measure_start{60} measure_end{3036} sample_count{2976} window_frames{60}
Saved CSV: C:\Users\mgkim15\AppData\Local\Temp\tvbperf_x5cbps70\run_00057.csv_57_result.csv
Log saved to: D:\project\TVBPerf\out\build\x64-Release\bin\Release\logs\log_2026-07-30_12-39-02.txt",,
58,37_real_scene_resolution_16x9_to_8k,C:\Users\mgkim15\AppData\Local\Temp\tvbperf_x5cbps70\run_00058.csv,8,2,0,58,1,1,1,0,assimp,../../../../../assets/scenes/unpacked/SunTemple_v4/SunTemple.fbx,60,2976,1,0,2,../../../../../scripts/standard_camera_suntemple.csv,10,0,0,60,0,captures,1,60,8192,4608,0,1,255,1,1,0,0,-10,0,0,0,0.1,1000,0.785,1,1,1,0,0,-1,1,1,0.5,1,1,1,256,1,100,total,3.47584,depth_prepass,0.26546,geometry,1.23474,lighting,1.23683,tonemap,0.68516,,0.00000,,0.00000,,0.00000,,0.00000,,0.00000,,0.00000,,0.00000,,0.00000,,0.00000,,0.00000,,0.00000,,0.00000,,0.00000,,0.00000,,0.00000,,0.00000,,0.00000,,0.00000,,0.00000,,0.00000,,0.00000,,0.00000,,0.00000,,0.00000,,0.00000,,0.00000,,0.00000,DonutDeferredPrepass,2026-07-30T12:39:02,playback,2.53158,3.48074,4.51168,3.47584,2.69485,3.03770,3.87984,4.29203,48,2,0.04167,4,0,1,100,8,58,1,1,1,0,assimp,../../../../../assets/scenes/unpacked/SunTemple_v4/SunTemple.fbx,60,2976,0,2,../../../../../scripts/standard_camera_suntemple.csv,10,0,0,60,0,1,60,8192,4608,0,1,255,1.0,1.0,1,0.0,0.0,-10.0,0.0,0.0,0.0,0.1,1000.0,0.785,1,1,1,0,0,-1.0,1.0,1.0,0.5,1,1,256,1,100,37_real_scene_resolution_16x9_to_8k,0,58,0,success,0,,"Scene CPU cache disabled; rebuilding source scene.
[FrameCounter] frames{3096} measure_start{60} measure_end{3036} sample_count{2976} window_frames{60}
Saved CSV: C:\Users\mgkim15\AppData\Local\Temp\tvbperf_x5cbps70\run_00058.csv_58_result.csv
Log saved to: D:\project\TVBPerf\out\build\x64-Release\bin\Release\logs\log_2026-07-30_12-39-15.txt",,
59,37_real_scene_resolution_16x9_to_8k,C:\Users\mgkim15\AppData\Local\Temp\tvbperf_x5cbps70\run_00059.csv,9,2,0,59,1,1,1,0,assimp,../../../../../assets/scenes/unpacked/SunTemple_v4/SunTemple.fbx,60,2976,1,0,2,../../../../../scripts/standard_camera_suntemple.csv,10,0,0,60,0,captures,1,60,8192,4608,0,1,255,1,1,0,0,-10,0,0,0,0.1,1000,0.785,1,1,1,0,0,-1,1,1,0.5,1,1,1,256,1,100,total,6.38211,visibility,0.91400,visutil_histogram,0.37591,visutil_prefix,0.00294,visutil_flatten,0.64011,gbuffer,2.44046,lighting,1.25957,tonemap,0.68658,,0.00000,,0.00000,,0.00000,,0.00000,,0.00000,,0.00000,,0.00000,,0.00000,,0.00000,,0.00000,,0.00000,,0.00000,,0.00000,,0.00000,,0.00000,,0.00000,,0.00000,,0.00000,,0.00000,,0.00000,,0.00000,,0.00000,,0.00000,,0.00000,DonutVisGBuffer,2026-07-30T12:39:15,playback,4.35984,6.51043,8.40390,6.38211,4.55642,5.29498,7.26634,7.78803,48,2,0.04167,4,0,1,100,9,59,1,1,1,0,assimp,../../../../../assets/scenes/unpacked/SunTemple_v4/SunTemple.fbx,60,2976,0,2,../../../../../scripts/standard_camera_suntemple.csv,10,0,0,60,0,1,60,8192,4608,0,1,255,1.0,1.0,1,0.0,0.0,-10.0,0.0,0.0,0.0,0.1,1000.0,0.785,1,1,1,0,0,-1.0,1.0,1.0,0.5,1,1,256,1,100,37_real_scene_resolution_16x9_to_8k,0,59,0,success,0,,"Scene CPU cache disabled; rebuilding source scene.
[FrameCounter] frames{3096} measure_start{60} measure_end{3036} sample_count{2976} window_frames{60}
Saved CSV: C:\Users\mgkim15\AppData\Local\Temp\tvbperf_x5cbps70\run_00059.csv_59_result.csv
Log saved to: D:\project\TVBPerf\out\build\x64-Release\bin\Release\logs\log_2026-07-30_12-39-37.txt",,
60,37_real_scene_resolution_16x9_to_8k,C:\Users\mgkim15\AppData\Local\Temp\tvbperf_x5cbps70\run_00060.csv,8,2,0,60,1,1,1,0,assimp,../../../../../assets/scenes/unpacked/ZeroDay_v1/MEASURE_ONE/MEASURE_ONE.fbx,60,834,1,0,2,../../../../../scripts/standard_camera_zeroday.csv,10,0,0,60,0,captures,1,60,16,9,0,1,255,1,1,0,0,-10,0,0,0,0.1,1000,0.785,1,1,1,0,0,-1,1,1,0.5,1,1,1,256,1,100,total,0.42668,depth_prepass,0.15530,geometry,0.24983,lighting,0.00444,tonemap,0.00304,,0.00000,,0.00000,,0.00000,,0.00000,,0.00000,,0.00000,,0.00000,,0.00000,,0.00000,,0.00000,,0.00000,,0.00000,,0.00000,,0.00000,,0.00000,,0.00000,,0.00000,,0.00000,,0.00000,,0.00000,,0.00000,,0.00000,,0.00000,,0.00000,,0.00000,,0.00000,,0.00000,DonutDeferredPrepass,2026-07-30T12:39:37,playback,0.02982,0.46845,0.97411,0.42668,0.03056,0.03645,0.81741,0.83142,166,4,0.02410,4,0,1,100,8,60,1,1,1,0,assimp,../../../../../assets/scenes/unpacked/ZeroDay_v1/MEASURE_ONE/MEASURE_ONE.fbx,60,834,0,2,../../../../../scripts/standard_camera_zeroday.csv,10,0,0,60,0,1,60,16,9,0,1,255,1.0,1.0,1,0.0,0.0,-10.0,0.0,0.0,0.0,0.1,1000.0,0.785,1,1,1,0,0,-1.0,1.0,1.0,0.5,1,1,256,1,100,37_real_scene_resolution_16x9_to_8k,0,60,0,success,0,,"Scene CPU cache disabled; rebuilding source scene.
[FrameCounter] frames{954} measure_start{60} measure_end{894} sample_count{834} window_frames{60}
Saved CSV: C:\Users\mgkim15\AppData\Local\Temp\tvbperf_x5cbps70\run_00060.csv_60_result.csv
Log saved to: D:\project\TVBPerf\out\build\x64-Release\bin\Release\logs\log_2026-07-30_12-39-46.txt",,
61,37_real_scene_resolution_16x9_to_8k,C:\Users\mgkim15\AppData\Local\Temp\tvbperf_x5cbps70\run_00061.csv,9,2,0,61,1,1,1,0,assimp,../../../../../assets/scenes/unpacked/ZeroDay_v1/MEASURE_ONE/MEASURE_ONE.fbx,60,834,1,0,2,../../../../../scripts/standard_camera_zeroday.csv,10,0,0,60,0,captures,1,60,16,9,0,1,255,1,1,0,0,-10,0,0,0,0.1,1000,0.785,1,1,1,0,0,-1,1,1,0.5,1,1,1,256,1,100,total,0.43524,visibility,0.36256,visutil_histogram,0.00388,visutil_prefix,0.00216,visutil_flatten,0.00288,gbuffer,0.02510,lighting,0.00350,tonemap,0.00306,,0.00000,,0.00000,,0.00000,,0.00000,,0.00000,,0.00000,,0.00000,,0.00000,,0.00000,,0.00000,,0.00000,,0.00000,,0.00000,,0.00000,,0.00000,,0.00000,,0.00000,,0.00000,,0.00000,,0.00000,,0.00000,,0.00000,,0.00000,,0.00000,DonutVisGBuffer,2026-07-30T12:39:47,playback,0.07210,0.48352,0.99347,0.43524,0.07398,0.07997,0.80288,0.81354,166,4,0.02410,4,0,1,100,9,61,1,1,1,0,assimp,../../../../../assets/scenes/unpacked/ZeroDay_v1/MEASURE_ONE/MEASURE_ONE.fbx,60,834,0,2,../../../../../scripts/standard_camera_zeroday.csv,10,0,0,60,0,1,60,16,9,0,1,255,1.0,1.0,1,0.0,0.0,-10.0,0.0,0.0,0.0,0.1,1000.0,0.785,1,1,1,0,0,-1.0,1.0,1.0,0.5,1,1,256,1,100,37_real_scene_resolution_16x9_to_8k,0,61,0,success,0,,"Scene CPU cache disabled; rebuilding source scene.
[FrameCounter] frames{954} measure_start{60} measure_end{894} sample_count{834} window_frames{60}
Saved CSV: C:\Users\mgkim15\AppData\Local\Temp\tvbperf_x5cbps70\run_00061.csv_61_result.csv
Log saved to: D:\project\TVBPerf\out\build\x64-Release\bin\Release\logs\log_2026-07-30_12-39-56.txt",,
62,37_real_scene_resolution_16x9_to_8k,C:\Users\mgkim15\AppData\Local\Temp\tvbperf_x5cbps70\run_00062.csv,8,2,0,62,1,1,1,0,assimp,../../../../../assets/scenes/unpacked/ZeroDay_v1/MEASURE_ONE/MEASURE_ONE.fbx,60,834,1,0,2,../../../../../scripts/standard_camera_zeroday.csv,10,0,0,60,0,captures,1,60,64,36,0,1,255,1,1,0,0,-10,0,0,0,0.1,1000,0.785,1,1,1,0,0,-1,1,1,0.5,1,1,1,256,1,100,total,0.45029,depth_prepass,0.17384,geometry,0.25574,lighting,0.00415,tonemap,0.00298,,0.00000,,0.00000,,0.00000,,0.00000,,0.00000,,0.00000,,0.00000,,0.00000,,0.00000,,0.00000,,0.00000,,0.00000,,0.00000,,0.00000,,0.00000,,0.00000,,0.00000,,0.00000,,0.00000,,0.00000,,0.00000,,0.00000,,0.00000,,0.00000,,0.00000,,0.00000,,0.00000,DonutDeferredPrepass,2026-07-30T12:39:56,playback,0.03021,0.50077,1.00070,0.45029,0.03085,0.03642,0.85402,0.86669,166,4,0.02410,4,0,1,100,8,62,1,1,1,0,assimp,../../../../../assets/scenes/unpacked/ZeroDay_v1/MEASURE_ONE/MEASURE_ONE.fbx,60,834,0,2,../../../../../scripts/standard_camera_zeroday.csv,10,0,0,60,0,1,60,64,36,0,1,255,1.0,1.0,1,0.0,0.0,-10.0,0.0,0.0,0.0,0.1,1000.0,0.785,1,1,1,0,0,-1.0,1.0,1.0,0.5,1,1,256,1,100,37_real_scene_resolution_16x9_to_8k,0,62,0,success,0,,"Scene CPU cache disabled; rebuilding source scene.
[FrameCounter] frames{954} measure_start{60} measure_end{894} sample_count{834} window_frames{60}
Saved CSV: C:\Users\mgkim15\AppData\Local\Temp\tvbperf_x5cbps70\run_00062.csv_62_result.csv
Log saved to: D:\project\TVBPerf\out\build\x64-Release\bin\Release\logs\log_2026-07-30_12-40-06.txt",,
63,37_real_scene_resolution_16x9_to_8k,C:\Users\mgkim15\AppData\Local\Temp\tvbperf_x5cbps70\run_00063.csv,9,2,0,63,1,1,1,0,assimp,../../../../../assets/scenes/unpacked/ZeroDay_v1/MEASURE_ONE/MEASURE_ONE.fbx,60,834,1,0,2,../../../../../scripts/standard_camera_zeroday.csv,10,0,0,60,0,captures,1,60,64,36,0,1,255,1,1,0,0,-10,0,0,0,0.1,1000,0.785,1,1,1,0,0,-1,1,1,0.5,1,1,1,256,1,100,total,0.44541,visibility,0.37245,visutil_histogram,0.00391,visutil_prefix,0.00213,visutil_flatten,0.00292,gbuffer,0.02646,lighting,0.00345,tonemap,0.00305,,0.00000,,0.00000,,0.00000,,0.00000,,0.00000,,0.00000,,0.00000,,0.00000,,0.00000,,0.00000,,0.00000,,0.00000,,0.00000,,0.00000,,0.00000,,0.00000,,0.00000,,0.00000,,0.00000,,0.00000,,0.00000,,0.00000,,0.00000,,0.00000,DonutVisGBuffer,2026-07-30T12:40:06,playback,0.07357,0.49600,1.01216,0.44541,0.07389,0.07984,0.81539,0.82970,166,4,0.02410,4,0,1,100,9,63,1,1,1,0,assimp,../../../../../assets/scenes/unpacked/ZeroDay_v1/MEASURE_ONE/MEASURE_ONE.fbx,60,834,0,2,../../../../../scripts/standard_camera_zeroday.csv,10,0,0,60,0,1,60,64,36,0,1,255,1.0,1.0,1,0.0,0.0,-10.0,0.0,0.0,0.0,0.1,1000.0,0.785,1,1,1,0,0,-1.0,1.0,1.0,0.5,1,1,256,1,100,37_real_scene_resolution_16x9_to_8k,0,63,0,success,0,,"Scene CPU cache disabled; rebuilding source scene.
[FrameCounter] frames{954} measure_start{60} measure_end{894} sample_count{834} window_frames{60}
Saved CSV: C:\Users\mgkim15\AppData\Local\Temp\tvbperf_x5cbps70\run_00063.csv_63_result.csv
Log saved to: D:\project\TVBPerf\out\build\x64-Release\bin\Release\logs\log_2026-07-30_12-40-15.txt",,
64,37_real_scene_resolution_16x9_to_8k,C:\Users\mgkim15\AppData\Local\Temp\tvbperf_x5cbps70\run_00064.csv,8,2,0,64,1,1,1,0,assimp,../../../../../assets/scenes/unpacked/ZeroDay_v1/MEASURE_ONE/MEASURE_ONE.fbx,60,834,1,0,2,../../../../../scripts/standard_camera_zeroday.csv,10,0,0,60,0,captures,1,60,256,144,0,1,255,1,1,0,0,-10,0,0,0,0.1,1000,0.785,1,1,1,0,0,-1,1,1,0.5,1,1,1,256,1,100,total,0.48088,depth_prepass,0.18997,geometry,0.26855,lighting,0.00517,tonemap,0.00318,,0.00000,,0.00000,,0.00000,,0.00000,,0.00000,,0.00000,,0.00000,,0.00000,,0.00000,,0.00000,,0.00000,,0.00000,,0.00000,,0.00000,,0.00000,,0.00000,,0.00000,,0.00000,,0.00000,,0.00000,,0.00000,,0.00000,,0.00000,,0.00000,,0.00000,,0.00000,,0.00000,DonutDeferredPrepass,2026-07-30T12:40:15,playback,0.03232,0.52678,1.11091,0.48088,0.03290,0.03872,0.92461,0.93434,166,4,0.02410,4,0,1,100,8,64,1,1,1,0,assimp,../../../../../assets/scenes/unpacked/ZeroDay_v1/MEASURE_ONE/MEASURE_ONE.fbx,60,834,0,2,../../../../../scripts/standard_camera_zeroday.csv,10,0,0,60,0,1,60,256,144,0,1,255,1.0,1.0,1,0.0,0.0,-10.0,0.0,0.0,0.0,0.1,1000.0,0.785,1,1,1,0,0,-1.0,1.0,1.0,0.5,1,1,256,1,100,37_real_scene_resolution_16x9_to_8k,0,64,0,success,0,,"Scene CPU cache disabled; rebuilding source scene.
[FrameCounter] frames{954} measure_start{60} measure_end{894} sample_count{834} window_frames{60}
Saved CSV: C:\Users\mgkim15\AppData\Local\Temp\tvbperf_x5cbps70\run_00064.csv_64_result.csv
Log saved to: D:\project\TVBPerf\out\build\x64-Release\bin\Release\logs\log_2026-07-30_12-40-25.txt",,
65,37_real_scene_resolution_16x9_to_8k,C:\Users\mgkim15\AppData\Local\Temp\tvbperf_x5cbps70\run_00065.csv,9,2,0,65,1,1,1,0,assimp,../../../../../assets/scenes/unpacked/ZeroDay_v1/MEASURE_ONE/MEASURE_ONE.fbx,60,834,1,0,2,../../../../../scripts/standard_camera_zeroday.csv,10,0,0,60,0,captures,1,60,256,144,0,1,255,1,1,0,0,-10,0,0,0,0.1,1000,0.785,1,1,1,0,0,-1,1,1,0.5,1,1,1,256,1,100,total,0.46782,visibility,0.39194,visutil_histogram,0.00407,visutil_prefix,0.00215,visutil_flatten,0.00316,gbuffer,0.02817,lighting,0.00404,tonemap,0.00331,,0.00000,,0.00000,,0.00000,,0.00000,,0.00000,,0.00000,,0.00000,,0.00000,,0.00000,,0.00000,,0.00000,,0.00000,,0.00000,,0.00000,,0.00000,,0.00000,,0.00000,,0.00000,,0.00000,,0.00000,,0.00000,,0.00000,,0.00000,,0.00000,DonutVisGBuffer,2026-07-30T12:40:25,playback,0.07414,0.50854,1.04547,0.46782,0.07619,0.08451,0.86035,0.88026,166,4,0.02410,4,0,1,100,9,65,1,1,1,0,assimp,../../../../../assets/scenes/unpacked/ZeroDay_v1/MEASURE_ONE/MEASURE_ONE.fbx,60,834,0,2,../../../../../scripts/standard_camera_zeroday.csv,10,0,0,60,0,1,60,256,144,0,1,255,1.0,1.0,1,0.0,0.0,-10.0,0.0,0.0,0.0,0.1,1000.0,0.785,1,1,1,0,0,-1.0,1.0,1.0,0.5,1,1,256,1,100,37_real_scene_resolution_16x9_to_8k,0,65,0,success,0,,"Scene CPU cache disabled; rebuilding source scene.
[FrameCounter] frames{954} measure_start{60} measure_end{894} sample_count{834} window_frames{60}
Saved CSV: C:\Users\mgkim15\AppData\Local\Temp\tvbperf_x5cbps70\run_00065.csv_65_result.csv
Log saved to: D:\project\TVBPerf\out\build\x64-Release\bin\Release\logs\log_2026-07-30_12-40-34.txt",,
66,37_real_scene_resolution_16x9_to_8k,C:\Users\mgkim15\AppData\Local\Temp\tvbperf_x5cbps70\run_00066.csv,8,2,0,66,1,1,1,0,assimp,../../../../../assets/scenes/unpacked/ZeroDay_v1/MEASURE_ONE/MEASURE_ONE.fbx,60,834,1,0,2,../../../../../scripts/standard_camera_zeroday.csv,10,0,0,60,0,captures,1,60,1024,576,0,1,255,1,1,0,0,-10,0,0,0,0.1,1000,0.785,1,1,1,0,0,-1,1,1,0.5,1,1,1,256,1,100,total,0.52132,depth_prepass,0.19639,geometry,0.28185,lighting,0.02233,tonemap,0.00683,,0.00000,,0.00000,,0.00000,,0.00000,,0.00000,,0.00000,,0.00000,,0.00000,,0.00000,,0.00000,,0.00000,,0.00000,,0.00000,,0.00000,,0.00000,,0.00000,,0.00000,,0.00000,,0.00000,,0.00000,,0.00000,,0.00000,,0.00000,,0.00000,,0.00000,,0.00000,,0.00000,DonutDeferredPrepass,2026-07-30T12:40:34,playback,0.07229,0.55741,1.18429,0.52132,0.07277,0.09248,0.98157,1.12506,166,4,0.02410,4,0,1,100,8,66,1,1,1,0,assimp,../../../../../assets/scenes/unpacked/ZeroDay_v1/MEASURE_ONE/MEASURE_ONE.fbx,60,834,0,2,../../../../../scripts/standard_camera_zeroday.csv,10,0,0,60,0,1,60,1024,576,0,1,255,1.0,1.0,1,0.0,0.0,-10.0,0.0,0.0,0.0,0.1,1000.0,0.785,1,1,1,0,0,-1.0,1.0,1.0,0.5,1,1,256,1,100,37_real_scene_resolution_16x9_to_8k,0,66,0,success,0,,"Scene CPU cache disabled; rebuilding source scene.
[FrameCounter] frames{954} measure_start{60} measure_end{894} sample_count{834} window_frames{60}
Saved CSV: C:\Users\mgkim15\AppData\Local\Temp\tvbperf_x5cbps70\run_00066.csv_66_result.csv
Log saved to: D:\project\TVBPerf\out\build\x64-Release\bin\Release\logs\log_2026-07-30_12-40-44.txt",,
67,37_real_scene_resolution_16x9_to_8k,C:\Users\mgkim15\AppData\Local\Temp\tvbperf_x5cbps70\run_00067.csv,9,2,0,67,1,1,1,0,assimp,../../../../../assets/scenes/unpacked/ZeroDay_v1/MEASURE_ONE/MEASURE_ONE.fbx,60,834,1,0,2,../../../../../scripts/standard_camera_zeroday.csv,10,0,0,60,0,captures,1,60,1024,576,0,1,255,1,1,0,0,-10,0,0,0,0.1,1000,0.785,1,1,1,0,0,-1,1,1,0.5,1,1,1,256,1,100,total,0.57278,visibility,0.42634,visutil_histogram,0.01052,visutil_prefix,0.00220,visutil_flatten,0.01119,gbuffer,0.06220,lighting,0.02267,tonemap,0.00731,,0.00000,,0.00000,,0.00000,,0.00000,,0.00000,,0.00000,,0.00000,,0.00000,,0.00000,,0.00000,,0.00000,,0.00000,,0.00000,,0.00000,,0.00000,,0.00000,,0.00000,,0.00000,,0.00000,,0.00000,,0.00000,,0.00000,,0.00000,,0.00000,DonutVisGBuffer,2026-07-30T12:40:44,playback,0.14672,0.60893,1.17264,0.57278,0.14973,0.15674,0.98704,1.04624,166,4,0.02410,4,0,1,100,9,67,1,1,1,0,assimp,../../../../../assets/scenes/unpacked/ZeroDay_v1/MEASURE_ONE/MEASURE_ONE.fbx,60,834,0,2,../../../../../scripts/standard_camera_zeroday.csv,10,0,0,60,0,1,60,1024,576,0,1,255,1.0,1.0,1,0.0,0.0,-10.0,0.0,0.0,0.0,0.1,1000.0,0.785,1,1,1,0,0,-1.0,1.0,1.0,0.5,1,1,256,1,100,37_real_scene_resolution_16x9_to_8k,0,67,0,success,0,,"Scene CPU cache disabled; rebuilding source scene.
[FrameCounter] frames{954} measure_start{60} measure_end{894} sample_count{834} window_frames{60}
Saved CSV: C:\Users\mgkim15\AppData\Local\Temp\tvbperf_x5cbps70\run_00067.csv_67_result.csv
Log saved to: D:\project\TVBPerf\out\build\x64-Release\bin\Release\logs\log_2026-07-30_12-40-53.txt",,
68,37_real_scene_resolution_16x9_to_8k,C:\Users\mgkim15\AppData\Local\Temp\tvbperf_x5cbps70\run_00068.csv,8,2,0,68,1,1,1,0,assimp,../../../../../assets/scenes/unpacked/ZeroDay_v1/MEASURE_ONE/MEASURE_ONE.fbx,60,834,1,0,2,../../../../../scripts/standard_camera_zeroday.csv,10,0,0,60,0,captures,1,60,4096,2304,0,1,255,1,1,0,0,-10,0,0,0,0.1,1000,0.785,1,1,1,0,0,-1,1,1,0.5,1,1,1,256,1,100,total,1.29002,depth_prepass,0.23456,geometry,0.59798,lighting,0.30297,tonemap,0.13881,,0.00000,,0.00000,,0.00000,,0.00000,,0.00000,,0.00000,,0.00000,,0.00000,,0.00000,,0.00000,,0.00000,,0.00000,,0.00000,,0.00000,,0.00000,,0.00000,,0.00000,,0.00000,,0.00000,,0.00000,,0.00000,,0.00000,,0.00000,,0.00000,,0.00000,,0.00000,,0.00000,DonutDeferredPrepass,2026-07-30T12:40:53,playback,0.74742,1.18835,2.00595,1.29002,0.77760,0.92979,1.79917,1.83869,166,4,0.02410,4,0,1,100,8,68,1,1,1,0,assimp,../../../../../assets/scenes/unpacked/ZeroDay_v1/MEASURE_ONE/MEASURE_ONE.fbx,60,834,0,2,../../../../../scripts/standard_camera_zeroday.csv,10,0,0,60,0,1,60,4096,2304,0,1,255,1.0,1.0,1,0.0,0.0,-10.0,0.0,0.0,0.0,0.1,1000.0,0.785,1,1,1,0,0,-1.0,1.0,1.0,0.5,1,1,256,1,100,37_real_scene_resolution_16x9_to_8k,0,68,0,success,0,,"Scene CPU cache disabled; rebuilding source scene.
[FrameCounter] frames{954} measure_start{60} measure_end{894} sample_count{834} window_frames{60}
Saved CSV: C:\Users\mgkim15\AppData\Local\Temp\tvbperf_x5cbps70\run_00068.csv_68_result.csv
Log saved to: D:\project\TVBPerf\out\build\x64-Release\bin\Release\logs\log_2026-07-30_12-41-03.txt",,
69,37_real_scene_resolution_16x9_to_8k,C:\Users\mgkim15\AppData\Local\Temp\tvbperf_x5cbps70\run_00069.csv,9,2,0,69,1,1,1,0,assimp,../../../../../assets/scenes/unpacked/ZeroDay_v1/MEASURE_ONE/MEASURE_ONE.fbx,60,834,1,0,2,../../../../../scripts/standard_camera_zeroday.csv,10,0,0,60,0,captures,1,60,4096,2304,0,1,255,1,1,0,0,-10,0,0,0,0.1,1000,0.785,1,1,1,0,0,-1,1,1,0.5,1,1,1,256,1,100,total,1.91044,visibility,0.57943,visutil_histogram,0.09685,visutil_prefix,0.00289,visutil_flatten,0.14982,gbuffer,0.62558,lighting,0.29194,tonemap,0.13820,,0.00000,,0.00000,,0.00000,,0.00000,,0.00000,,0.00000,,0.00000,,0.00000,,0.00000,,0.00000,,0.00000,,0.00000,,0.00000,,0.00000,,0.00000,,0.00000,,0.00000,,0.00000,,0.00000,,0.00000,,0.00000,,0.00000,,0.00000,,0.00000,DonutVisGBuffer,2026-07-30T12:41:04,playback,1.38570,1.84845,2.77805,1.91044,1.39482,1.50794,2.44973,2.62691,166,4,0.02410,4,0,1,100,9,69,1,1,1,0,assimp,../../../../../assets/scenes/unpacked/ZeroDay_v1/MEASURE_ONE/MEASURE_ONE.fbx,60,834,0,2,../../../../../scripts/standard_camera_zeroday.csv,10,0,0,60,0,1,60,4096,2304,0,1,255,1.0,1.0,1,0.0,0.0,-10.0,0.0,0.0,0.0,0.1,1000.0,0.785,1,1,1,0,0,-1.0,1.0,1.0,0.5,1,1,256,1,100,37_real_scene_resolution_16x9_to_8k,0,69,0,success,0,,"Scene CPU cache disabled; rebuilding source scene.
[FrameCounter] frames{954} measure_start{60} measure_end{894} sample_count{834} window_frames{60}
Saved CSV: C:\Users\mgkim15\AppData\Local\Temp\tvbperf_x5cbps70\run_00069.csv_69_result.csv
Log saved to: D:\project\TVBPerf\out\build\x64-Release\bin\Release\logs\log_2026-07-30_12-41-14.txt",,
70,37_real_scene_resolution_16x9_to_8k,C:\Users\mgkim15\AppData\Local\Temp\tvbperf_x5cbps70\run_00070.csv,8,2,0,70,1,1,1,0,assimp,../../../../../assets/scenes/unpacked/ZeroDay_v1/MEASURE_ONE/MEASURE_ONE.fbx,60,834,1,0,2,../../../../../scripts/standard_camera_zeroday.csv,10,0,0,60,0,captures,1,60,8192,4608,0,1,255,1,1,0,0,-10,0,0,0,0.1,1000,0.785,1,1,1,0,0,-1,1,1,0.5,1,1,1,256,1,100,total,4.04152,depth_prepass,0.46766,geometry,1.74743,lighting,1.19047,tonemap,0.60325,,0.00000,,0.00000,,0.00000,,0.00000,,0.00000,,0.00000,,0.00000,,0.00000,,0.00000,,0.00000,,0.00000,,0.00000,,0.00000,,0.00000,,0.00000,,0.00000,,0.00000,,0.00000,,0.00000,,0.00000,,0.00000,,0.00000,,0.00000,,0.00000,,0.00000,,0.00000,,0.00000,DonutDeferredPrepass,2026-07-30T12:41:14,playback,2.52256,4.09235,5.65722,4.04152,2.69715,2.99770,4.90515,5.21782,166,4,0.02410,4,0,1,100,8,70,1,1,1,0,assimp,../../../../../assets/scenes/unpacked/ZeroDay_v1/MEASURE_ONE/MEASURE_ONE.fbx,60,834,0,2,../../../../../scripts/standard_camera_zeroday.csv,10,0,0,60,0,1,60,8192,4608,0,1,255,1.0,1.0,1,0.0,0.0,-10.0,0.0,0.0,0.0,0.1,1000.0,0.785,1,1,1,0,0,-1.0,1.0,1.0,0.5,1,1,256,1,100,37_real_scene_resolution_16x9_to_8k,0,70,0,success,0,,"Scene CPU cache disabled; rebuilding source scene.
[FrameCounter] frames{954} measure_start{60} measure_end{894} sample_count{834} window_frames{60}
Saved CSV: C:\Users\mgkim15\AppData\Local\Temp\tvbperf_x5cbps70\run_00070.csv_70_result.csv
Log saved to: D:\project\TVBPerf\out\build\x64-Release\bin\Release\logs\log_2026-07-30_12-41-27.txt",,
71,37_real_scene_resolution_16x9_to_8k,C:\Users\mgkim15\AppData\Local\Temp\tvbperf_x5cbps70\run_00071.csv,9,2,0,71,1,1,1,0,assimp,../../../../../assets/scenes/unpacked/ZeroDay_v1/MEASURE_ONE/MEASURE_ONE.fbx,60,834,1,0,2,../../../../../scripts/standard_camera_zeroday.csv,10,0,0,60,0,captures,1,60,8192,4608,0,1,255,1,1,0,0,-10,0,0,0,0.1,1000,0.785,1,1,1,0,0,-1,1,1,0.5,1,1,1,256,1,100,total,6.36606,visibility,1.14395,visutil_histogram,0.38645,visutil_prefix,0.00335,visutil_flatten,0.64317,gbuffer,2.36797,lighting,1.16790,tonemap,0.60273,,0.00000,,0.00000,,0.00000,,0.00000,,0.00000,,0.00000,,0.00000,,0.00000,,0.00000,,0.00000,,0.00000,,0.00000,,0.00000,,0.00000,,0.00000,,0.00000,,0.00000,,0.00000,,0.00000,,0.00000,,0.00000,,0.00000,,0.00000,,0.00000,DonutVisGBuffer,2026-07-30T12:41:27,playback,3.77619,6.63277,8.01930,6.36606,3.98016,4.36464,7.43075,7.89478,166,4,0.02410,4,0,1,100,9,71,1,1,1,0,assimp,../../../../../assets/scenes/unpacked/ZeroDay_v1/MEASURE_ONE/MEASURE_ONE.fbx,60,834,0,2,../../../../../scripts/standard_camera_zeroday.csv,10,0,0,60,0,1,60,8192,4608,0,1,255,1.0,1.0,1,0.0,0.0,-10.0,0.0,0.0,0.0,0.1,1000.0,0.785,1,1,1,0,0,-1.0,1.0,1.0,0.5,1,1,256,1,100,37_real_scene_resolution_16x9_to_8k,0,71,0,success,0,,"Scene CPU cache disabled; rebuilding source scene.
[FrameCounter] frames{954} measure_start{60} measure_end{894} sample_count{834} window_frames{60}
Saved CSV: C:\Users\mgkim15\AppData\Local\Temp\tvbperf_x5cbps70\run_00071.csv_71_result.csv
Log saved to: D:\project\TVBPerf\out\build\x64-Release\bin\Release\logs\log_2026-07-30_12-41-42.txt",,
