frame,triangle_count,total_fragments,covered_pixels,overdraw_extra,avg_overdraw,max_overdraw,rasterized_triangles,skipped_triangles,quad_instances,quad_covered_lanes,quad_waste_lanes,quad_efficiency
60,5974419,3871526,1313280,2558246,2.947982,10,175910,5798509,1279650,3871526,1247074,0.756364
61,5974419,3889049,1319040,2570009,2.948394,10,176620,5797799,1284879,3889049,1250467,0.756696
62,5974419,3908280,1326720,2581560,2.945821,10,177344,5797075,1293209,3908280,1264556,0.755539
63,5974419,3927243,1332480,2594763,2.947319,10,177703,5796716,1297880,3927243,1264277,0.756473
64,5974419,3946978,1338240,2608738,2.949380,10,178228,5796191,1306605,3946978,1279442,0.755197
65,5980059,3965656,1344000,2621656,2.950637,10,178763,5801296,1311143,3965656,1278916,0.756145
66,5980059,3986671,1351680,2634991,2.949419,11,179733,5800326,1319040,3986671,1289489,0.755601
67,5980059,4003223,1357440,2645783,2.949098,10,180140,5799919,1325022,4003223,1296865,0.755313
68,5980059,4022946,1363200,2659746,2.951105,10,180829,5799230,1330387,4022946,1298602,0.755973
69,5980059,4045056,1370880,2674176,2.950700,10,181461,5798598,1337163,4045056,1303596,0.756276
70,5980059,4064112,1376640,2687472,2.952197,10,181754,5798305,1344500,4064112,1313888,0.755692
71,5980059,4082633,1382400,2700233,2.953294,10,182768,5797291,1348972,4082633,1313255,0.756619
72,5980059,4102624,1390080,2712544,2.951358,10,183062,5796997,1356790,4102624,1324536,0.755943
73,5980059,4122149,1395840,2726309,2.953167,10,183911,5796148,1362853,4122149,1329263,0.756162
74,5980059,4141247,1401600,2739647,2.954657,10,184420,5795639,1369555,4141247,1336973,0.755948
75,5980059,4160292,1407360,2752932,2.956097,10,184785,5795274,1374683,4160292,1338440,0.756591
76,5980059,4181041,1415040,2766001,2.954716,10,185624,5794435,1382744,4181041,1349935,0.755932
77,5980059,4199602,1421142,2778460,2.955090,10,186100,5793959,1387841,4199602,1351762,0.756499
78,5980059,4216131,1427736,2788395,2.953019,10,186966,5793093,1393147,4216131,1356457,0.756584
79,5980059,4240877,1436297,2804580,2.952646,10,187475,5792584,1403208,4240877,1371955,0.755568
80,5980059,4259303,1443326,2815977,2.951033,10,187886,5792173,1404601,4259303,1359101,0.758098
81,5980059,4278872,1450480,2828392,2.949970,10,188751,5791308,1414351,4278872,1378532,0.756331
82,5980059,4297397,1457799,2839598,2.947867,10,189342,5790717,1417544,4297397,1372779,0.757895
83,5980059,4317070,1466997,2850073,2.942794,10,189854,5790205,1425311,4317070,1384174,0.757215
84,5980059,4336637,1474559,2862078,2.940972,10,190224,5789835,1431759,4336637,1390399,0.757222
85,5980059,4356370,1482289,2874081,2.938948,10,190506,5789553,1434575,4356370,1381930,0.759174
86,5980059,4377378,1491695,2885683,2.934499,10,191085,5788974,1442874,4377378,1394118,0.758448
87,5980059,4395784,1499597,2896187,2.931310,10,191733,5788326,1447733,4395784,1395148,0.759081
88,6056698,4413950,1507530,2906420,2.927935,10,192326,5864372,1453461,4413950,1399894,0.759214
89,6056698,4434146,1515622,2918524,2.925628,10,192767,5863931,1461187,4434146,1410602,0.758655
90,6056698,4456345,1525465,2930880,2.921303,10,193414,5863284,1466738,4456345,1410607,0.759567
91,6056698,4476643,1533835,2942808,2.918595,10,194435,5862263,1475202,4476643,1424165,0.758649
92,6056698,4496608,1542396,2954212,2.915340,10,195625,5861073,1480231,4496608,1424316,0.759444
93,6056698,4515473,1552480,2962993,2.908555,10,196087,5860611,1490431,4515473,1446251,0.757411
94,6056698,4534797,1561194,2973603,2.904698,10,196574,5860124,1492540,4534797,1435363,0.759577
95,6056698,4555699,1570066,2985633,2.901597,10,197332,5859366,1498381,4555699,1437825,0.760104
96,6056698,4574959,1578987,2995972,2.897401,10,197862,5858836,1504485,4574959,1442981,0.760220
97,6056698,4596841,1589413,3007428,2.892163,10,199041,5857657,1512467,4596841,1453027,0.759825
98,6056698,4617109,1598499,3018610,2.888403,10,199399,5857299,1519966,4617109,1462755,0.759410
99,6056698,4637366,1607676,3029690,2.884515,10,200042,5856656,1522270,4637366,1451714,0.761587
100,6056698,4660539,1618210,3042329,2.880058,10,200750,5855948,1531163,4660539,1464113,0.760948
101,6056698,4679970,1627470,3052500,2.875611,10,200849,5855849,1537829,4679970,1471346,0.760808
102,6056698,4700203,1636851,3063352,2.871491,11,201848,5854850,1542049,4700203,1467993,0.762006
103,6056698,4720566,1647505,3073061,2.865282,10,202338,5854360,1551214,4720566,1484290,0.760786
104,6056698,4742189,1656980,3085209,2.861947,10,202533,5854165,1555647,4742189,1480399,0.762093
105,6056698,4761326,1666454,3094872,2.857160,10,203192,5853506,1558926,4761326,1474378,0.763559
106,6056698,4778665,1675972,3102693,2.851280,10,203016,5853682,1568800,4778665,1496535,0.761516
107,6056698,4799461,1686316,3113145,2.846122,11,203925,5852773,1571474,4799461,1486435,0.763529
108,6056698,4818182,1695048,3123134,2.842505,11,204575,5852123,1580119,4818182,1502294,0.762313
109,6056698,4838991,1703625,3135366,2.840409,11,204912,5851786,1583883,4838991,1496541,0.763786
110,6056698,4857784,1713240,3144544,2.835437,11,205446,5851252,1591293,4857784,1507388,0.763182
111,6056698,4876360,1721519,3154841,2.832591,11,205669,5851029,1596783,4876360,1510772,0.763466
112,6258254,4892348,1729665,3162683,2.828495,11,206226,6052028,1599744,4892348,1506628,0.764552
113,6288072,4910627,1737697,3172930,2.825940,11,207325,6080747,1606035,4910627,1513513,0.764402
114,6288072,4931283,1746749,3184534,2.823121,10,208040,6080032,1612072,4931283,1517005,0.764743
115,6288072,4950138,1754537,3195601,2.821336,10,208957,6079115,1620811,4950138,1533106,0.763528
116,6288072,4969677,1762220,3207457,2.820123,10,209627,6078445,1624621,4969677,1528807,0.764744
117,6288072,4990810,1770923,3219887,2.818197,10,210351,6077721,1630132,4990810,1529718,0.765400
118,6288072,5010884,1778406,3232478,2.817627,12,211852,6076220,1641784,5010884,1556252,0.763024
119,6288072,5032682,1785803,3246879,2.818162,11,212657,6075415,1643679,5032682,1542034,0.765460
120,6288072,5054316,1793113,3261203,2.818738,11,213550,6074522,1652909,5054316,1557320,0.764458
121,6288072,5238841,1865394,3373447,2.808437,11,223306,6064766,1713742,5238841,1616127,0.764240
122,6289112,5368027,1922581,3445446,2.792094,11,233010,6056102,1757952,5368027,1663781,0.763392
123,6297487,5491894,1970413,3521481,2.787179,12,241925,6055562,1806307,5491894,1733334,0.760100
124,6298947,5595556,2009960,3585596,2.783914,12,248901,6050046,1840592,5595556,1766812,0.760021
125,6300622,5713235,2044198,3669037,2.794854,12,256314,6044308,1882928,5713235,1818477,0.758557
126,6300632,5817995,2073600,3744395,2.805746,12,258497,6042135,1915753,5817995,1845017,0.759231
127,6300632,5867874,2073600,3794274,2.829800,12,261381,6039251,1938035,5867874,1884266,0.756936
128,6300632,5913991,2073600,3840391,2.852040,13,263158,6037474,1956442,5913991,1911777,0.755707
129,6357514,5966141,2073600,3892541,2.877190,12,265098,6092416,1980544,5966141,1956035,0.753094
130,6368686,6034948,2073600,3961348,2.910372,13,268634,6100052,2005626,6034948,1987556,0.752252
131,6368686,6021109,2073599,3947510,2.903700,13,267815,6100871,1992399,6021109,1948487,0.755510
132,6368686,5997046,2073600,3923446,2.892094,14,266782,6101904,1989854,5997046,1962370,0.753453
133,6363100,5975368,2073600,3901768,2.881640,13,266220,6096880,1981358,5975368,1950064,0.753949
134,6363100,5966568,2073600,3892968,2.877396,12,264413,6098687,1978298,5966568,1946624,0.754003
135,6357514,5948655,2073600,3875055,2.868757,13,264192,6093322,1969926,5948655,1931049,0.754934
136,6357512,5931573,2073599,3857974,2.860521,13,263243,6094269,1964209,5931573,1925263,0.754957
137,6357488,5917670,2073598,3844072,2.853817,13,261866,6095622,1963361,5917670,1935774,0.753513
138,6300608,5902908,2073600,3829308,2.846696,12,260919,6039689,1954631,5902908,1915616,0.754990
139,6300608,5892497,2073600,3818897,2.841675,13,261598,6039010,1950901,5892497,1911107,0.755099
140,6300288,5887690,2073600,3814090,2.839357,12,260694,6039594,1950322,5887690,1913598,0.754707
141,6300288,5882925,2073600,3809325,2.837059,12,260111,6040177,1950419,5882925,1918751,0.754059
142,6300288,5881445,2073600,3807845,2.836345,13,259672,6040616,1945980,5881445,1902475,0.755589
143,6300288,5875112,2073599,3801513,2.833292,13,258289,6041999,1944500,5875112,1902888,0.755350
144,6272470,5884117,2073600,3810517,2.837634,12,258838,6013632,1944793,5884117,1895055,0.756394
145,6272470,5884928,2073600,3811328,2.838025,12,258416,6014054,1946733,5884928,1902004,0.755744
146,6272470,5878550,2073600,3804950,2.834949,12,257131,6015339,1944905,5878550,1901070,0.755635
147,6272470,5878654,2073600,3805054,2.834999,11,257671,6014799,1938575,5878654,1875646,0.758115
148,6272402,5883845,2073600,3810245,2.837502,12,256944,6015458,1940903,5883845,1879767,0.757875
149,6272402,5889230,2073600,3815630,2.840099,11,256389,6016013,1946189,5889230,1895526,0.756508
150,6270727,5896059,2073600,3822459,2.843393,12,255740,6014987,1944600,5896059,1882341,0.758004
151,6264393,5898089,2073599,3824490,2.844373,11,254217,6010176,1942020,5898089,1869991,0.759272
152,6264393,5899660,2073598,3826062,2.845132,11,251832,6012561,1939621,5899660,1858824,0.760414
153,6264393,5915678,2073600,3842078,2.852854,12,250725,6013668,1942441,5915678,1854086,0.761372
154,6264393,5920250,2073600,3846650,2.855059,11,248149,6016244,1939116,5920250,1836214,0.763267
155,6227483,5926238,2073599,3852639,2.857948,11,245044,5982439,1928085,5926238,1786102,0.768410
156,6227115,5938487,2073600,3864887,2.863854,11,243211,5983904,1926662,5938487,1768161,0.770567
157,6227115,5913918,2073600,3840318,2.852005,11,238123,5988992,1917416,5913918,1755746,0.771079
158,6227115,5920516,2073599,3846917,2.855188,11,234772,5992343,1907451,5920516,1709288,0.775972
159,6226727,5932542,2073599,3858943,2.860988,12,230975,5995752,1907199,5932542,1696254,0.777651
160,6222320,5945859,2073600,3872259,2.867409,11,224666,5997654,1905893,5945859,1677713,0.779931
161,6216734,5896692,2073600,3823092,2.843698,10,217964,5998770,1881729,5896692,1630224,0.783414
162,6181321,5870625,2073600,3797025,2.831127,10,210602,5970719,1867402,5870625,1598983,0.785935
163,6180281,5826304,2073600,3752704,2.809753,11,202924,5977357,1836857,5826304,1521124,0.792972
164,6174695,5789100,2073599,3715501,2.791813,10,196839,5977856,1825800,5789100,1514100,0.792680
165,6174695,5700133,2073600,3626533,2.748907,10,190525,5984170,1791929,5700133,1467583,0.795251
166,6174695,5556570,2073600,3482970,2.679673,10,183980,5990715,1742817,5556570,1414698,0.797067
167,6147665,5412242,2073599,3338643,2.610072,9,177842,5969823,1699968,5412242,1387630,0.795933
168,6141857,5325524,2073600,3251924,2.568250,10,171833,5970024,1670437,5325524,1356224,0.797026
169,5910483,5213006,2073599,3139407,2.513989,10,167220,5743263,1633398,5213006,1320586,0.797877
170,5910483,5059924,2073600,2986324,2.440164,10,163549,5746934,1589625,5059924,1298576,0.795773
171,5906303,4972080,2073600,2898480,2.397801,10,160397,5745906,1565355,4972080,1289340,0.794082
172,5906303,4900971,2073599,2827372,2.363510,9,157314,5748989,1547662,4900971,1289677,0.791673
173,5900495,4896871,2073600,2823271,2.361531,9,153994,5746501,1540268,4896871,1264201,0.794808
174,5896755,4899284,2073600,2825684,2.362695,9,150247,5746508,1539442,4899284,1258484,0.795627
175,5808656,4899621,2073600,2826021,2.362857,9,146985,5661671,1537374,4899621,1249875,0.796752
176,5784500,4904555,2073600,2830955,2.365237,9,144135,5640365,1533246,4904555,1228429,0.799701
177,5784500,4911178,2073600,2837578,2.368431,9,142284,5642216,1531558,4911178,1215054,0.801664
178,5756682,4918421,2073600,2844821,2.371924,9,140286,5616396,1534491,4918421,1219543,0.801311
179,5732526,4923670,2073600,2850070,2.374455,11,138355,5594171,1531334,4923670,1201666,0.803820
180,5726886,4931722,2073600,2858122,2.378338,10,136325,5590561,1535528,4931722,1210390,0.802936
181,5726886,4929944,2073599,2856345,2.377482,10,135336,5591550,1528105,4929944,1182476,0.806545
182,5720552,4936416,2073600,2862816,2.380602,10,135220,5585332,1536223,4936416,1208476,0.803336
183,5720552,4940209,2073600,2866609,2.382431,10,134324,5586228,1534226,4940209,1196695,0.805000
184,5720548,4941729,2073599,2868130,2.383165,11,133665,5586883,1533880,4941729,1193791,0.805430
185,5720548,4945899,2073600,2872299,2.385175,10,133046,5587502,1533104,4945899,1186517,0.806517
186,5720540,4947340,2073600,2873740,2.385870,10,132313,5588227,1533156,4947340,1185284,0.806725
187,5715320,4954043,2073600,2880443,2.389103,10,132361,5582959,1536269,4954043,1191033,0.806181
188,5715320,4956779,2073600,2883179,2.390422,10,131311,5584009,1534354,4956779,1180637,0.807633
189,5657907,4960776,2073600,2887176,2.392350,10,130948,5526959,1537437,4960776,1188972,0.806663
190,5657907,4967150,2073600,2893550,2.395423,10,130605,5527302,1534846,4967150,1172234,0.809063
191,5657907,4971093,2073600,2897493,2.397325,10,129770,5528137,1540714,4971093,1191763,0.806622
192,5657907,4970655,2073600,2897055,2.397114,11,128979,5528928,1537397,4970655,1178933,0.808291
193,5657907,4978061,2073600,2904461,2.400685,10,127491,5530416,1534656,4978061,1160563,0.810941
194,5619313,4980785,2073600,2907185,2.401999,10,127145,5492168,1538755,4980785,1174235,0.809223
195,5619321,4987776,2073600,2914176,2.405370,10,125850,5493471,1534855,4987776,1151644,0.812418
196,5619283,4997011,2073600,2923411,2.409824,11,125231,5494052,1534986,4997011,1142933,0.813853
197,5619283,5007539,2073600,2933939,2.414901,12,124529,5494754,1540617,5007539,1154929,0.812587
198,5616803,5012066,2073600,2938466,2.417084,10,123630,5493173,1539027,5012066,1144042,0.814161
199,5615026,5020060,2073600,2946460,2.420939,10,122400,5492626,1539178,5020060,1136652,0.815380
200,5615026,5026202,2073600,2952602,2.423901,9,122009,5493017,1543963,5026202,1149650,0.813848
201,5615026,5036816,2073600,2963216,2.429020,9,121107,5493919,1543984,5036816,1139120,0.815555
202,5615026,5045317,2073600,2971717,2.433120,9,120684,5494342,1544799,5045317,1133879,0.816501
203,5615026,5057020,2073600,2983420,2.438764,10,119918,5495108,1547469,5057020,1132856,0.816982
204,5615026,5066060,2073600,2992460,2.443123,9,118165,5496861,1547540,5066060,1124100,0.818405
205,5615026,5088287,2073600,3014687,2.453842,9,118137,5496889,1553788,5088287,1126865,0.818691
206,5615026,5101026,2073600,3027426,2.459986,9,116581,5498445,1553232,5101026,1111902,0.821034
207,5639182,5112860,2073600,3039260,2.465693,10,115981,5523201,1556411,5112860,1112784,0.821258
208,5639182,5131031,2073599,3057432,2.474457,9,114606,5524576,1560864,5131031,1112425,0.821825
209,5639182,5151602,2073600,3078002,2.484376,10,114644,5524538,1568465,5151602,1122258,0.821122
210,5639182,5172013,2073600,3098413,2.494219,9,113197,5525985,1569678,5172013,1106699,0.823738
211,5637502,5142027,2073600,3068427,2.479758,10,111405,5526097,1556174,5142027,1082669,0.826069
212,5637502,5074620,2073600,3001020,2.447251,11,108735,5528767,1538414,5074620,1079036,0.824651
213,5637066,4997653,2073600,2924053,2.410134,9,105861,5531205,1514427,4997653,1060055,0.825007
214,5631472,4793535,2073600,2719935,2.311697,8,103050,5528422,1460654,4793535,1049081,0.820443
215,5631472,4526380,2073600,2452780,2.182861,9,99126,5532346,1382227,4526380,1002528,0.818675
216,5631472,4419753,2073600,2346153,2.131440,8,96381,5535091,1351137,4419753,984795,0.817784
217,5631472,4389881,2073600,2316281,2.117034,9,93388,5538084,1338403,4389881,963731,0.819985
218,5631472,4371601,2073600,2298001,2.108218,8,90197,5541275,1330278,4371601,949511,0.821558
219,5631472,4369372,2073599,2295773,2.107144,8,87575,5543897,1325987,4369372,934576,0.823796
220,5640532,4371660,2073600,2298060,2.108247,8,85484,5555048,1322010,4371660,916380,0.826707
221,5574266,4319200,2073600,2245600,2.082948,9,82858,5491408,1304916,4319200,900464,0.827486
222,5566800,4334757,2073600,2261157,2.090450,10,81400,5485400,1310323,4334757,906535,0.827040
223,5539282,4325438,2073599,2251839,2.085957,11,80413,5458869,1308259,4325438,907598,0.826564
224,5559539,4318777,2073599,2245178,2.082745,11,79639,5479900,1307271,4318777,910307,0.825915
225,5575061,4329482,2073600,2255882,2.087906,12,78312,5496749,1308595,4329482,904898,0.827124
226,5641703,4336735,2073600,2263135,2.091404,11,77439,5564264,1306924,4336735,890961,0.829569
227,5494152,4299586,2073598,2225988,2.073491,11,73907,5420245,1288364,4299586,853870,0.834311
228,560704,4186555,2073600,2112955,2.018979,10,75502,485202,1255878,4186555,836957,0.833392
229,550648,4088116,2073600,2014516,1.971507,10,74503,476145,1224904,4088116,811500,0.834375
230,523376,4120563,2073600,2046963,1.987154,9,72606,450770,1230718,4120563,802309,0.837024
231,549755,4207653,2073600,2134053,2.029154,10,75142,474613,1260297,4207653,833535,0.834655
232,544456,4182051,2073600,2108451,2.016807,9,82381,462075,1263497,4182051,871937,0.827475
233,560072,4131032,2073600,2057432,1.992203,9,81681,478391,1251337,4131032,874316,0.825324
234,649187,4083362,2073503,2009859,1.969306,9,83969,565218,1241455,4083362,882458,0.822294
235,689157,4056750,2073260,1983490,1.956701,10,105418,583739,1255045,4056750,963430,0.808089
236,691958,4230693,2073302,2157391,2.040558,16,111480,580478,1314704,4230693,1028123,0.804495
237,754643,4404436,2073325,2331111,2.124335,18,112651,641992,1364901,4404436,1055168,0.806732
238,758082,4614312,2073314,2540998,2.225573,20,113376,644706,1428613,4614312,1100140,0.807481
239,786402,4565736,2073341,2492395,2.202115,19,111239,675163,1409737,4565736,1073212,0.809679
240,764104,4379357,2073347,2306010,2.112216,18,110900,653204,1355555,4379357,1042863,0.807669
241,773065,4217078,2073362,2143716,2.033932,20,110195,662870,1304887,4217078,1002470,0.807939
242,754300,4341068,2073375,2267693,2.093721,19,112773,641527,1342085,4341068,1027272,0.808643
243,781302,4603315,2073368,2529947,2.220211,19,118707,662595,1420771,4603315,1079769,0.810003
244,781302,4872547,2073323,2799224,2.350115,20,131441,649861,1513398,4872547,1181045,0.804902
245,781306,5018855,2073300,2945555,2.420709,18,133906,647400,1555366,5018855,1202609,0.806700
246,787118,4992782,2073359,2919423,2.408064,18,135732,651386,1552543,4992782,1217390,0.803968
247,807314,4990431,2073340,2917091,2.406953,18,134528,672786,1552837,4990431,1220917,0.803438
248,807326,4906373,2073340,2833033,2.366410,17,131824,675502,1527611,4906373,1204071,0.802949
249,768847,4907735,2073344,2834391,2.367063,17,131799,637048,1532249,4907735,1221261,0.800740
250,762887,4973872,2073355,2900517,2.398949,16,131721,631166,1549919,4973872,1225804,0.802279
251,757249,4858846,2073340,2785506,2.343487,17,127616,629633,1509989,4858846,1181110,0.804451
252,699836,4745174,2073326,2671848,2.288677,16,124526,575310,1473420,4745174,1148506,0.805129
253,699838,4708764,2073284,2635480,2.271162,17,121927,577911,1457563,4708764,1121488,0.807643
254,699840,4703062,2073273,2629789,2.268424,17,116349,583491,1446305,4703062,1082158,0.812944
255,673453,4695446,2073249,2622197,2.264777,17,116083,557370,1438268,4695446,1057626,0.816163
256,679221,4648042,2073233,2574809,2.241929,17,116087,563134,1421029,4648042,1036074,0.817725
257,672651,4736457,2073183,2663274,2.284630,17,116035,556616,1444123,4736457,1040035,0.819954
258,690249,4878999,2073326,2805673,2.353223,17,112592,577657,1479878,4878999,1040513,0.824223
259,690259,4954484,2073400,2881084,2.389546,17,100037,590222,1495452,4954484,1027324,0.828259
260,554538,4952373,2073600,2878773,2.388297,13,91212,463326,1486784,4952373,994763,0.832732
261,506709,4927370,2073600,2853770,2.376239,11,87448,419261,1478169,4927370,985306,0.833357
262,469809,4910385,2073599,2836786,2.368049,11,88836,380973,1478209,4910385,1002451,0.830462
263,469004,4880368,2073600,2806768,2.353573,11,87811,381193,1471586,4880368,1005976,0.829100
264,469004,4801117,2073600,2727517,2.315353,11,84328,384676,1447784,4801117,990019,0.829046
265,469004,4714971,2073600,2641371,2.273809,11,83333,385671,1424639,4714971,983585,0.827398
266,469004,4646103,2073600,2572503,2.240598,11,82050,386954,1405552,4646103,976105,0.826384
267,464826,4622919,2073600,2549319,2.229417,11,80626,384200,1399066,4622919,973345,0.826072
268,440670,4598137,2073600,2524537,2.217466,11,79023,361647,1389195,4598137,958643,0.827482
269,417628,4648914,2073599,2575315,2.241954,11,76983,340645,1398918,4648914,946758,0.830805
270,320156,4648566,2073599,2574967,2.241786,11,75619,244537,1393552,4648566,925642,0.833942
271,320156,4660312,2073600,2586712,2.247450,11,75300,244856,1396865,4660312,927148,0.834066
272,296750,4672745,2073600,2599145,2.253446,11,74932,221818,1400241,4672745,928219,0.834275
273,296750,4681905,2073600,2608305,2.257863,11,74682,222068,1402557,4681905,928323,0.834530
274,255542,4687010,2073600,2613410,2.260325,10,74529,181013,1404864,4687010,932446,0.834068
275,253142,4688393,2073600,2614793,2.260992,10,74447,178695,1404626,4688393,930111,0.834456
276,249741,4684240,2073600,2610640,2.258989,10,74112,175629,1403832,4684240,931088,0.834188
277,249741,4686527,2073600,2612927,2.260092,10,73939,175802,1404224,4686527,930369,0.834362
278,225451,4697006,2073600,2623406,2.265146,10,73919,151532,1407557,4697006,933222,0.834248
279,225443,4716117,2073600,2642517,2.274362,10,73639,151804,1412501,4716117,933887,0.834710
280,219803,4742571,2073600,2668971,2.287120,10,73469,146334,1420075,4742571,937729,0.834916
281,219803,4727700,2073600,2654100,2.279948,10,71744,148059,1411450,4727700,918100,0.837384
282,200423,4729981,2073600,2656381,2.281048,9,68751,131672,1404748,4729981,889011,0.841785
283,194837,4747952,2073600,2674352,2.289715,9,66840,127997,1403129,4747952,864564,0.845958
284,214179,4767001,2073600,2693401,2.298901,9,64953,149226,1402628,4767001,843511,0.849655
285,214177,4788317,2073600,2714717,2.309181,9,63262,150915,1400642,4788317,814251,0.854665
286,216567,4804473,2073600,2730873,2.316972,9,61049,155518,1398411,4804473,789171,0.858916
287,222153,4815814,2073599,2742215,2.322442,9,57232,164921,1392533,4815814,754318,0.864578
288,222153,4827398,2073600,2753798,2.328028,9,54932,167221,1388443,4827398,726374,0.869211
289,222153,4831520,2073599,2757921,2.330017,9,53221,168932,1383126,4831520,700984,0.873297
290,222151,4821681,2073599,2748082,2.325272,9,51725,170426,1373827,4821681,673627,0.877418
291,222151,4869016,2073600,2795416,2.348098,9,49582,172569,1378077,4869016,643292,0.883299
292,222151,4901531,2073600,2827931,2.363778,8,46584,175567,1374916,4901531,598133,0.891242
293,222151,4904418,2073600,2830818,2.365171,8,45368,176783,1369496,4904418,573566,0.895296
294,223455,4849736,2073600,2776136,2.338800,11,45170,178285,1354103,4849736,566676,0.895378
295,229095,4843573,2073600,2769973,2.335828,12,45571,183524,1351496,4843573,562411,0.895965
296,229095,4936919,2073600,2863319,2.380844,13,45756,183339,1376258,4936919,568113,0.896801
297,223287,5069232,2073600,2995632,2.444653,12,46007,177280,1412293,5069232,579940,0.897341
298,223285,5218870,2073600,3145270,2.516816,13,46096,177189,1453113,5218870,593582,0.897878
299,264493,5363551,2073600,3289951,2.586589,15,46372,218121,1492733,5363551,607381,0.898277
300,359108,5476178,2073600,3402578,2.640904,15,47152,311956,1526307,5476178,629050,0.896965
301,412459,5621567,2073599,3547968,2.711019,14,48501,363958,1568990,5621567,654393,0.895730
302,545109,5722738,2073600,3649138,2.759808,14,54250,490859,1608257,5722738,710290,0.889587
303,545249,5792912,2073600,3719312,2.793650,16,65433,479816,1644333,5792912,784420,0.880739
304,545593,5813171,2073600,3739571,2.803420,17,75982,469611,1664032,5813171,842957,0.873356
305,545591,5769223,2073600,3695623,2.782226,17,85129,460462,1662673,5769223,881469,0.867462
306,545591,5660479,2073600,3586879,2.729783,17,90954,454637,1645467,5660479,921389,0.860011
307,545591,5489077,2073600,3415477,2.647124,16,91019,454572,1610390,5489077,952483,0.852135
308,545581,5425340,2073600,3351740,2.616387,16,90666,454915,1598843,5425340,970032,0.848323
309,551759,5293326,2073599,3219727,2.552724,15,90301,461458,1568591,5293326,981038,0.843643
310,561209,5076366,2073571,3002795,2.448127,15,89783,471426,1513531,5076366,977758,0.838497
311,561595,4903552,2073576,2829976,2.364780,15,89689,471906,1467062,4903552,964696,0.835607
312,561593,4858888,2073600,2785288,2.343214,15,87906,473687,1449795,4858888,940292,0.837858
313,558873,4892268,2073599,2818669,2.359312,15,86815,472058,1456552,4892268,933940,0.839700
314,558873,4933605,2073600,2860005,2.379246,15,85967,472906,1464549,4933605,924591,0.842171
315,562592,4971488,2073600,2897888,2.397515,15,84322,478270,1472077,4971488,916820,0.844298
316,585626,4990152,2073600,2916552,2.406516,16,83285,502341,1471796,4990152,897032,0.847630
317,585626,5038096,2073600,2964496,2.429637,17,87228,498398,1485304,5038096,903120,0.847991
318,585626,5092584,2073600,3018984,2.455914,18,87608,498018,1497259,5092584,896452,0.850318
319,585662,5101123,2073600,3027523,2.460032,16,85895,499767,1493271,5101123,871961,0.854018
320,585662,5037730,2073600,2964130,2.429461,16,83969,501693,1469613,5037730,840722,0.856982
321,585662,5028312,2073600,2954712,2.424919,15,83755,501907,1464848,5028312,831080,0.858163
322,585662,5015521,2073600,2941921,2.418750,15,83748,501914,1459456,5015521,822303,0.859142
323,558594,4974916,2073600,2901316,2.399169,14,83714,474880,1448962,4974916,820932,0.858359
324,558594,4932579,2073599,2858980,2.378753,14,83928,474666,1437347,4932579,816809,0.857931
325,558224,4916493,2073600,2842893,2.370994,14,84121,474103,1433553,4916493,817719,0.857396
326,538844,4934336,2073600,2860736,2.379599,14,84245,454599,1437255,4934336,814684,0.858292
327,538844,4978447,2073600,2904847,2.400871,14,84652,454192,1448927,4978447,817261,0.858989
328,533036,5042200,2073600,2968600,2.431617,16,84948,448088,1467639,5042200,828356,0.858896
329,533036,5111361,2073600,3037761,2.464970,15,85291,447745,1486417,5111361,834307,0.859678
330,533036,5178494,2073600,3104894,2.497345,15,85388,447648,1503887,5178494,837054,0.860852
331,533036,5215759,2073600,3142159,2.515316,14,85678,447358,1515624,5215759,846737,0.860332
332,533036,5224454,2073600,3150854,2.519509,14,86105,446931,1518282,5224454,848674,0.860258
333,533028,5233900,2073600,3160300,2.524064,15,86459,446569,1521673,5233900,852792,0.859892
334,533026,5244286,2073600,3170686,2.529073,14,86781,446245,1526335,5244286,861054,0.858967
335,533026,5251270,2073599,3177671,2.532442,16,87158,445868,1530396,5251270,870314,0.857829
336,533026,5253597,2073600,3179997,2.533563,16,87376,445650,1534459,5253597,884239,0.855936
337,533026,5248661,2073600,3175061,2.531183,17,87794,445232,1534851,5248661,890743,0.854914
338,533026,5233896,2073600,3160296,2.524062,17,88055,444971,1531891,5233896,893668,0.854156
339,533026,5203389,2073600,3129789,2.509350,15,88501,444525,1526974,5203389,904507,0.851912
340,533026,5174805,2073600,3101205,2.495566,14,88631,444395,1522575,5174805,915495,0.849680
341,533024,5169886,2073600,3096286,2.493193,15,88746,444278,1522878,5169886,921626,0.848703
342,533024,5154952,2073600,3081352,2.485992,15,88825,444199,1519461,5154952,922892,0.848155
343,527438,5113547,2073600,3039947,2.466024,15,89038,438400,1509856,5113547,925877,0.846694
344,527438,5049774,2073600,2976174,2.435269,15,88841,438597,1494262,5049774,927274,0.844861
345,527438,5036710,2073600,2963110,2.428969,15,88835,438603,1492619,5036710,933766,0.843603
346,521798,4966599,2073598,2893001,2.395160,15,88849,432949,1476422,4966599,939089,0.840986
347,519398,4968904,2073600,2895304,2.396269,15,88788,430610,1476796,4968904,938280,0.841163
348,519398,4930695,2073600,2857095,2.377843,16,88395,431003,1464146,4930695,925889,0.841906
349,461985,4875538,2073600,2801938,2.351243,16,86767,375218,1444235,4875538,901402,0.843965
350,461985,4854184,2073600,2780584,2.340945,15,84543,377442,1432580,4854184,876136,0.847105
351,461985,4886896,2073599,2813297,2.356722,14,82500,379485,1434794,4886896,852280,0.851498
352,461985,4932517,2073600,2858917,2.378722,13,80898,381087,1442965,4932517,839343,0.854580
353,420465,4981532,2073600,2907932,2.402359,14,79140,341325,1451711,4981532,825312,0.857873
354,420465,5033369,2073600,2959769,2.427358,13,77143,343322,1460638,5033369,809183,0.861502
355,420457,5082572,2073599,3008973,2.451087,12,74981,345476,1468383,5082572,790960,0.865335
356,418329,5112027,2073600,3038427,2.465291,12,71536,346793,1467043,5112027,756145,0.871145
357,418329,5150592,2073600,3076992,2.483889,13,68223,350106,1469358,5150592,726840,0.876334
358,418329,5207528,2073600,3133928,2.511346,13,66152,352177,1476970,5207528,700352,0.881455
359,418329,5270255,2073600,3196655,2.541597,13,64112,354217,1486758,5270255,676777,0.886199
360,418329,5340072,2073600,3266472,2.575266,14,62253,356076,1499825,5340072,659228,0.890116
361,418329,5367687,2073600,3294087,2.588584,12,62810,355519,1502582,5367687,642641,0.893077
362,418329,5343908,2073599,3270309,2.577117,13,62613,355716,1489897,5343908,615680,0.896691
363,418327,5312942,2073599,3239343,2.562184,13,63602,354725,1477920,5312942,598738,0.898719
364,418327,5282571,2073600,3208971,2.547536,13,65625,352702,1469356,5282571,594853,0.898790
365,391297,5208491,2073600,3134891,2.511811,13,67292,324005,1450730,5208491,594429,0.897564
366,391297,5155392,2073599,3081793,2.486205,12,68990,322307,1437299,5155392,593804,0.896715
367,391295,5168764,2073600,3095164,2.492652,14,70604,320691,1440979,5168764,595152,0.896745
368,329221,5230032,2073600,3156432,2.522199,14,71124,258097,1457306,5230032,599192,0.897209
369,323413,5301981,2073600,3228381,2.556897,14,71443,251970,1475410,5301981,599659,0.898391
370,323413,5367330,2073600,3293730,2.588411,12,71261,252152,1489728,5367330,591582,0.900723
371,323411,5423791,2073600,3350191,2.615640,13,71800,251611,1503246,5423791,589193,0.902013
372,299255,5440260,2073600,3366660,2.623582,11,72129,227126,1507377,5440260,589248,0.902273
373,299255,5423871,2073600,3350271,2.615679,12,72321,226934,1501920,5423871,583809,0.902823
374,299255,5395847,2073600,3322247,2.602164,12,72778,226477,1494418,5395847,581825,0.902667
375,299255,5372881,2073600,3299281,2.591088,11,73052,226203,1488739,5372881,582075,0.902254
376,299255,5359055,2073600,3285455,2.584421,11,73486,225769,1485994,5359055,584921,0.901594
377,299255,5349733,2073600,3276133,2.579925,11,73759,225496,1483180,5349733,582987,0.901734
378,299255,5332773,2073600,3259173,2.571746,11,74180,225075,1478416,5332773,580891,0.901771
379,299255,5308033,2073600,3234433,2.559815,10,74501,224754,1471247,5308033,576955,0.901962
380,299255,5273650,2073600,3200050,2.543234,10,74827,224428,1463259,5273650,579386,0.901011
381,299255,5277502,2073600,3203902,2.545092,10,74903,224352,1464693,5277502,581270,0.900786
382,299255,5259904,2061493,3198411,2.551502,10,75448,223807,1462480,5259904,590016,0.899141
383,299255,4842026,1664924,3177102,2.908256,10,75976,223279,1357013,4842026,586026,0.892038
384,299255,4881754,1696377,3185377,2.877753,10,76768,222487,1367228,4881754,587158,0.892637
385,299255,4940668,1728834,3211834,2.857804,11,77085,222170,1383543,4940668,593504,0.892756
386,299255,4984322,1762521,3221801,2.827950,12,77173,222082,1394802,4984322,594886,0.893374
387,299255,4998346,1797585,3200761,2.780590,10,77419,221836,1399325,4998346,598954,0.892992
388,299255,4991857,1834128,3157729,2.721651,10,77372,221883,1397715,4991857,599003,0.892860
389,299255,4965378,1872348,3093030,2.651953,10,77330,221925,1391709,4965378,601458,0.891957
390,299255,4913408,1912463,3000945,2.569152,10,77294,221961,1377956,4913408,598416,0.891430
391,299255,5182763,2022404,3160359,2.562674,9,77712,221543,1449018,5182763,613309,0.894185
392,299261,5362779,2073600,3289179,2.586217,10,78732,220529,1498195,5362779,630001,0.894873
393,299261,5476956,2073600,3403356,2.641279,11,80954,218307,1533076,5476956,655348,0.893132
394,299261,5569460,2073600,3495860,2.685889,10,81253,218008,1559465,5569460,668400,0.892848
395,299261,5653474,2073600,3579874,2.726405,11,81994,217267,1585435,5653474,688266,0.891470
396,299261,5724824,2073599,3651225,2.760815,10,83702,215559,1609795,5724824,714356,0.889061
397,299261,5751893,2073599,3678294,2.773869,11,84780,214481,1621094,5751893,732483,0.887039
398,299261,5762527,2073600,3688927,2.778996,11,85910,213351,1626018,5762527,741545,0.885988
399,299261,5691266,2073600,3617666,2.744631,10,87570,211691,1612342,5691266,758102,0.882453
400,299261,5580933,2073600,3507333,2.691422,10,90064,209197,1589883,5580933,778599,0.877570
401,299261,5549081,2073597,3475484,2.676065,10,91519,207742,1581624,5549081,777415,0.877118
402,295081,5515059,2073598,3441461,2.659657,11,93139,201942,1574852,5515059,784349,0.875488
403,296858,5476950,2073598,3403352,2.641279,11,94874,201984,1568874,5476950,798546,0.872752
404,299342,5438988,2073598,3365390,2.622971,11,95916,203426,1563272,5438988,814100,0.869808
405,299342,5400985,2073598,3327387,2.604644,12,97786,201556,1558155,5400985,831635,0.866567
406,299342,5364910,2073597,3291313,2.587248,11,100422,198920,1554657,5364910,853718,0.862716
407,299342,5324182,2073599,3250583,2.567604,10,102606,196736,1550346,5324182,877202,0.858547
408,299342,5281364,2073599,3207765,2.546955,10,104284,195058,1544063,5281364,894888,0.855108
409,293162,4905692,2073597,2832095,2.365789,11,106147,187015,1454843,4905692,913680,0.842993
410,293162,4557943,2073597,2484346,2.198085,10,107797,185365,1373046,4557943,934241,0.829896
411,293162,4557312,2073597,2483715,2.197781,9,107728,185434,1372126,4557312,931192,0.830338
412,293162,4555219,2073597,2481622,2.196772,10,107310,185852,1369856,4555219,924205,0.831332
413,293162,4551730,2073598,2478132,2.195088,10,106914,186248,1367534,4551730,918406,0.832105
414,293162,4549241,2073598,2475643,2.193888,9,106767,186395,1365410,4549241,912399,0.832944
415,293162,4547557,2073597,2473960,2.193077,9,106648,186514,1364208,4547557,909275,0.833369
416,293162,4542333,2073598,2468735,2.190556,9,106276,186886,1360561,4542333,899911,0.834643
417,293162,4533697,2073598,2460099,2.186391,9,105984,187178,1355603,4533697,888715,0.836103
418,293162,4516760,2073597,2443163,2.178225,9,105112,188050,1347292,4516760,872408,0.838118
419,293162,4501074,2073598,2427476,2.170659,9,103977,189185,1340335,4501074,860266,0.839543
420,293162,4487811,2073597,2414214,2.164264,9,102337,190825,1333596,4487811,846573,0.841299
421,290678,4536383,2073598,2462785,2.187687,10,102418,188260,1344763,4536383,842669,0.843342
422,288901,4533797,2073596,2460201,2.186442,10,100915,187986,1340248,4533797,827195,0.845701
423,288901,4511729,2073595,2438134,2.175800,11,99332,189569,1330559,4511729,810507,0.847713
424,288901,4503228,2073595,2429633,2.171701,12,98188,190713,1323992,4503228,792740,0.850313
425,288895,4515502,2073595,2441907,2.177620,13,97891,191004,1326043,4515502,788670,0.851311
426,288895,4482865,2073562,2409303,2.161915,15,97748,191147,1316503,4482865,783147,0.851283
427,264931,4381430,2073396,2308034,2.113166,23,97953,166978,1289818,4381430,777842,0.849234
428,264611,4255218,2073210,2182008,2.052478,18,99870,164741,1259674,4255218,783478,0.844508
429,264611,4154520,2072513,2082007,2.004581,17,101809,162802,1239889,4154520,805036,0.837680
430,264611,4113429,2072433,2040996,1.984831,17,102423,162188,1235877,4113429,830079,0.832087
431,264611,4043130,2072377,1970753,1.950963,12,103349,161262,1225563,4043130,859122,0.824750
432,264611,4009497,2072341,1937156,1.934767,11,103557,161054,1222261,4009497,879547,0.820098
433,264611,3995616,2072274,1923342,1.928131,10,103851,160760,1222901,3995616,895988,0.816831
434,264611,3894265,2072272,1821993,1.879225,10,103971,160640,1200055,3894265,905955,0.811268
435,264611,3737081,2072223,1664858,1.803416,10,103220,161391,1158912,3737081,898567,0.806162
436,264243,3595451,2072210,1523241,1.735080,7,101654,162589,1115083,3595451,864881,0.806095
437,264243,3527973,2072116,1455857,1.702594,7,100249,163994,1093014,3527973,844083,0.806937
438,264243,3483179,2072075,1411104,1.681010,7,98890,165353,1075992,3483179,820789,0.809295
439,264243,3425833,2072042,1353791,1.653361,7,97423,166820,1055468,3425833,796039,0.811449
440,264243,3376266,2072038,1304228,1.629442,7,94525,169718,1035417,3376266,765402,0.815195
441,264243,3314709,2071967,1242742,1.599789,7,92314,171929,1012121,3314709,733775,0.818753
442,264243,3255285,2071937,1183348,1.571131,7,90134,174109,989794,3255285,703891,0.822213
443,264235,3178668,2071872,1106796,1.534201,7,88134,176101,962975,3178668,673232,0.825221
444,264235,3111845,2071880,1039965,1.501943,7,87865,176370,944700,3111845,666955,0.823501
445,264235,3061788,2071775,990013,1.477857,7,87655,176580,929845,3061788,657592,0.823198
446,264235,3026479,2071785,954694,1.460807,7,87602,176633,918605,3026479,647941,0.823662
447,264235,3008845,2071703,937142,1.452353,6,87639,176596,914459,3008845,648991,0.822575
448,264235,3001643,2071665,929978,1.448904,6,87856,176379,916555,3001643,664577,0.818730
449,264235,2992544,2071577,920967,1.444573,7,88205,176030,916270,2992544,672536,0.816502
450,254547,2963720,2071534,892186,1.430689,6,88293,166254,908259,2963720,669316,0.815770
451,254545,2904050,2071297,832753,1.402044,6,85198,169347,883515,2904050,630010,0.821732
452,221396,3003066,2070951,932115,1.450090,6,85093,136303,906975,3003066,624834,0.827770
453,211968,3081589,2071490,1010099,1.487620,6,59413,152555,896578,3081589,504723,0.859264
454,211968,3146091,2071567,1074524,1.518701,5,28847,183121,875191,3146091,354673,0.898687
455,211964,3128358,2073550,1054808,1.508697,6,22244,189720,855894,3128358,295218,0.913769
456,123221,3099265,2073599,1025666,1.494631,5,21858,101363,847001,3099265,288739,0.914776
457,123221,3037697,2073600,964097,1.464939,5,21427,101794,828612,3037697,276751,0.916502
458,123541,2968483,2073598,894885,1.431561,6,21915,101626,808465,2968483,265377,0.917938
459,148995,2959852,2073599,886253,1.427398,5,21573,127422,804798,2959852,259340,0.919439
460,151479,3106762,2073600,1033162,1.498246,5,6903,144576,819067,3106762,169506,0.948262
461,125092,3150190,2073600,1076590,1.519189,5,8324,116768,836533,3150190,195942,0.941442
462,125092,3224782,2073600,1151182,1.555161,6,9170,115922,863687,3224782,229966,0.933435
463,125092,3297031,2073600,1223431,1.590003,6,10438,114654,889335,3297031,260309,0.926825
464,125092,3373733,2073600,1300133,1.626993,7,10975,114117,915085,3373733,286607,0.921699
465,125092,3453961,2073600,1380361,1.665683,7,11640,113452,941447,3453961,311827,0.917195
466,125092,3483704,2073600,1410104,1.680027,7,12419,112673,956438,3483704,342048,0.910593
467,125092,3501414,2073600,1427814,1.688568,6,13719,111373,968538,3501414,372738,0.903788
468,125092,3512284,2073599,1438685,1.693811,7,14504,110588,977356,3512284,397140,0.898415
469,125092,3520591,2073600,1446991,1.697816,7,15057,110035,983648,3520591,414001,0.894779
470,124285,3528223,2073600,1454623,1.701496,7,15897,108388,993122,3528223,444265,0.888165
471,125092,3511533,2073600,1437933,1.693448,7,13454,111638,972322,3511533,377755,0.902873
472,125092,3331369,2073600,1257769,1.606563,6,11113,113979,909371,3331369,306115,0.915844
473,151479,3154288,2073600,1080688,1.521165,6,26279,125200,875934,3154288,349448,0.900264
474,149282,2988357,2073597,914760,1.441146,5,23869,125413,820182,2988357,292371,0.910882
475,123541,3006281,2073599,932682,1.449789,5,22030,101511,822011,3006281,281763,0.914307
476,221404,3077083,2071898,1005185,1.485152,5,27241,194163,851640,3077083,329477,0.903282
477,221404,3130973,2071806,1059167,1.511229,5,81944,139460,928435,3130973,582767,0.843078
478,254923,3116810,2072057,1044753,1.504211,6,84811,170112,932751,3116810,614194,0.835381
479,264611,3218081,2072249,1145832,1.552941,6,86862,177749,966751,3218081,648923,0.832190
480,264611,3398920,2072400,1326520,1.640089,7,89086,175525,1028951,3398920,716884,0.825822
481,264611,3454824,2072378,1382446,1.667082,7,90997,173614,1051939,3454824,752932,0.821061
482,264611,3519536,2072380,1447156,1.698306,7,92897,171714,1077423,3519536,790156,0.816656
483,264611,3584475,2072333,1512142,1.729681,7,95562,169049,1104971,3584475,835409,0.810988
484,264611,3673376,2072271,1601105,1.772633,7,98302,166309,1139290,3673376,883784,0.806067
485,264611,3754194,2072232,1681962,1.811667,7,101807,162804,1171982,3754194,933734,0.800822
486,270791,3801453,2072187,1729266,1.834513,7,103703,167088,1190443,3801453,960319,0.798327
487,270791,3808244,2072112,1736132,1.837856,7,101296,169495,1190282,3808244,952884,0.799862
488,270791,3831161,2072091,1759070,1.848935,7,91981,178810,1185203,3831161,909651,0.808123
489,247158,3853776,2072018,1781758,1.859914,7,89660,157498,1187985,3853776,898164,0.810990
490,244404,3860167,2071962,1788205,1.863049,7,86237,158167,1186592,3860167,886201,0.813289
491,244404,3845152,2071969,1773183,1.855796,7,79679,164725,1177208,3845152,863680,0.816583
492,244404,3826991,2072001,1754990,1.847002,7,73488,170916,1166093,3826991,837381,0.820473
493,243597,3799651,2072100,1727551,1.833720,7,67876,175721,1151286,3799651,805493,0.825088
494,242181,3760937,2072190,1688747,1.814958,7,60853,181328,1133336,3760937,772407,0.829617
495,241696,3724332,2072240,1652092,1.797249,8,55224,186472,1116955,3724332,743488,0.833590
496,241696,3695974,2072372,1623602,1.783451,7,49792,191904,1102513,3695974,714078,0.838079
497,241734,3669497,2072523,1596974,1.770546,7,44838,196896,1088992,3669497,686471,0.842407
498,241734,3645794,2072584,1573210,1.759057,7,39577,202157,1076587,3645794,660554,0.846609
499,241734,3625658,2072654,1553004,1.749283,7,34141,207593,1063795,3625658,629522,0.852057
500,241730,3608872,2072718,1536154,1.741130,7,30071,211659,1052671,3608872,601812,0.857075
501,241734,3541176,2072803,1468373,1.708400,8,25865,215869,1028633,3541176,573356,0.860651
502,241696,3470530,2072835,1397695,1.674291,8,21640,220056,1002549,3470530,539666,0.865427
503,159721,3391346,2073562,1317784,1.635517,8,19469,140252,976016,3391346,512718,0.868671
504,159721,3307601,2073563,1234038,1.595129,7,18107,141614,951133,3307601,496931,0.869384
505,159707,3190810,2073566,1117244,1.538803,7,17138,142569,918255,3190810,482210,0.868716
506,159707,3098229,2073569,1024660,1.494153,7,17694,142013,896040,3098229,485931,0.864423
507,159707,3002952,2073572,929380,1.448202,8,16845,142862,869399,3002952,474644,0.863514
508,159707,2935136,2073600,861536,1.415478,7,15680,144027,848098,2935136,457256,0.865211
509,159707,2887321,2073600,813721,1.392419,7,14948,144759,833412,2887321,446327,0.866115
510,150019,2863497,2073600,789897,1.380930,8,15015,135004,828015,2863497,448563,0.864567
511,150019,2866767,2073600,793167,1.382507,7,15512,134507,831743,2866767,460205,0.861675
512,150019,2869513,2073599,795914,1.383832,7,15877,134142,833535,2869513,464627,0.860646
513,150019,2882632,2073598,809034,1.390160,8,16138,133881,838134,2882632,469904,0.859836
514,150019,2878345,2073600,804745,1.388091,8,15711,134308,835148,2878345,462247,0.861627
515,150017,2846423,2073600,772823,1.372696,8,14803,135214,823009,2846423,445613,0.864639
516,119735,2800930,2073599,727331,1.350758,8,13412,106323,807942,2800930,430838,0.866687
517,119735,2775014,2073600,701414,1.338259,9,12512,107223,798640,2775014,419546,0.868669
518,116956,2767955,2073599,694356,1.334855,8,12233,104723,795628,2767955,414557,0.869739
519,116956,2757384,2073599,683785,1.329758,8,11209,105747,789626,2757384,401120,0.873003
520,116956,2737516,2073600,663916,1.320176,8,10108,106848,781683,2737516,389216,0.875520
521,116956,2735262,2073600,661662,1.319089,7,9778,107178,780218,2735262,385610,0.876442
522,116956,2733660,2073600,660060,1.318316,7,9501,107455,779541,2733660,384504,0.876689
523,116956,2732643,2073599,659044,1.317826,7,9449,107507,779136,2732643,383901,0.876818
524,116956,2731994,2073600,658394,1.317513,7,9353,107603,778655,2731994,382626,0.877152
525,116956,2731961,2073599,658362,1.317497,7,9279,107677,778338,2731961,381391,0.877498
526,116956,2732312,2073600,658712,1.317666,7,9122,107834,778228,2732312,380600,0.877735
527,116956,2733085,2073599,659486,1.318039,8,8970,107986,778079,2733085,379231,0.878152
528,116956,2734751,2073600,661151,1.318842,7,8936,108020,777984,2734751,377185,0.878794
529,116956,2735723,2073600,662123,1.319311,7,8909,108047,778239,2735723,377233,0.878818
530,116956,2735691,2073599,662092,1.319296,8,8804,108152,777774,2735691,375405,0.879334
531,116956,2743751,2073597,670154,1.323184,7,8739,108217,780225,2743751,377149,0.879154
532,116956,2751477,2073600,677877,1.326908,7,8755,108201,782632,2751477,379051,0.878918
533,116956,2758663,2073599,685064,1.330374,7,8807,108149,785079,2758663,381653,0.878467
534,116956,2765601,2073599,692002,1.333720,7,8785,108171,786983,2765601,382331,0.878545
535,116956,2772237,2073599,698638,1.336920,7,8711,108245,788602,2772237,382171,0.878845
536,116956,2777230,2073600,703630,1.339328,7,8655,108301,789363,2777230,380222,0.879579
537,116956,2780600,2073598,707002,1.340954,7,8581,108375,790153,2780600,380012,0.879766
538,116956,2782285,2073600,708685,1.341766,7,8508,108448,790834,2782285,381051,0.879541
539,116956,2782988,2073599,709389,1.342105,7,8455,108501,790818,2782988,380284,0.879781
540,116956,2782650,2073600,709050,1.341942,7,8414,108542,790415,2782650,379010,0.880123
541,116956,2775347,2073600,701747,1.338420,7,7818,109138,786347,2775347,370041,0.882354
542,116956,2751173,2073599,677574,1.326762,8,6909,110047,776157,2751173,353455,0.886152
543,116956,2711853,2073599,638254,1.307800,7,6282,110674,762086,2711853,336491,0.889615
544,110320,2659402,2073600,585802,1.282505,7,5582,104738,744871,2659402,320082,0.892571
545,110320,2595445,2073600,521845,1.251661,6,4869,105451,724118,2595445,301027,0.896071
546,109952,2548576,2073600,474976,1.229059,7,4544,105408,708887,2548576,286972,0.898795
547,109952,2509773,2073598,436175,1.210347,6,4022,105930,694725,2509773,269127,0.903153
548,109952,2485448,2073599,411849,1.198616,6,3757,106195,686131,2485448,259076,0.905603
549,109952,2479713,2073599,406114,1.195850,4,3608,106344,683775,2479713,255387,0.906626
550,107284,2478001,2073600,404401,1.195024,4,3576,103708,683375,2478001,255499,0.906530
551,107284,2477094,2073599,403495,1.194587,4,3559,103725,683111,2477094,255350,0.906549
552,107284,2476986,2073600,403386,1.194534,4,3528,103756,682880,2476986,254534,0.906816
553,107284,2477446,2073600,403846,1.194756,4,3530,103754,683008,2477446,254586,0.906814
554,107284,2477743,2073599,404144,1.194900,4,3492,103792,682956,2477743,254081,0.906992
555,107144,2478153,2073599,404554,1.195098,4,3500,103644,683044,2478153,254023,0.907025
556,107144,2478669,2073599,405070,1.195346,4,3493,103651,683482,2478669,255259,0.906633
557,107144,2479039,2073598,405441,1.195525,4,3494,103650,683608,2479039,255393,0.906601
558,107144,2479318,2073600,405718,1.195659,4,3484,103660,683487,2479318,254630,0.906864
559,107144,2479491,2073600,405891,1.195742,4,3473,103671,683578,2479491,254821,0.906806
560,107144,2479488,2073600,405888,1.195741,4,3430,103714,683296,2479488,253696,0.907179
561,109812,2487354,2073600,413754,1.199534,6,3631,106181,686313,2487354,257898,0.906057
562,109812,2511539,2073599,437940,1.211198,8,3915,105897,695736,2511539,271405,0.902476
563,110180,2546715,2073599,473116,1.228162,7,4313,105867,708467,2546715,287153,0.898671
564,110180,2602164,2073599,528565,1.254902,8,4728,105452,726307,2602164,303064,0.895683
565,113047,2642024,2073598,568426,1.274125,7,5000,108047,738896,2642024,313560,0.893909
566,113047,2662295,2073600,588695,1.283900,8,5356,107691,745725,2662295,320605,0.892519
567,113047,2668052,2073598,594454,1.286678,7,5917,107130,748377,2668052,325456,0.891279
568,113047,2671340,2073599,597741,1.288263,6,6664,106383,749908,2671340,328292,0.890556
569,113047,2678778,2073599,605179,1.291850,7,7174,105873,752651,2678778,331826,0.889781
570,113047,2688587,2073599,614988,1.296580,6,7569,105478,756262,2688587,336461,0.888775
571,113047,2698803,2073600,625203,1.301506,7,7602,105445,759398,2698803,338789,0.888468
572,113047,2712184,2073600,638584,1.307959,7,7763,105284,763818,2712184,343088,0.887706
573,113047,2727858,2073599,654259,1.315519,6,7915,105132,769186,2727858,348886,0.886605
574,113047,2745659,2073600,672059,1.324103,6,8139,104908,774614,2745659,352797,0.886138
575,113047,2764348,2073600,690748,1.333115,7,8312,104735,780768,2764348,358724,0.885137
576,113047,2782627,2073599,709028,1.341931,7,8536,104511,786476,2782627,363277,0.884524
577,113187,2799795,2073598,726197,1.350211,7,8760,104427,791758,2799795,367237,0.884044
578,113187,2815513,2073600,741913,1.357790,7,8917,104270,796856,2815513,371911,0.883319
579,113187,2829405,2073600,755805,1.364489,7,8872,104315,800493,2829405,372567,0.883645
580,113187,2840678,2073599,767079,1.369926,7,8765,104422,803737,2840678,374270,0.883584
581,113187,2839914,2073600,766314,1.369557,7,8589,104598,802198,2839914,368878,0.885041
582,113187,2838600,2073600,765000,1.368924,7,8331,104856,800821,2838600,364684,0.886153
583,113187,2838410,2073598,764812,1.368833,7,8167,105020,799468,2838410,359462,0.887593
584,113187,2838608,2073599,765009,1.368928,7,8027,105160,798983,2838608,357324,0.888194
585,113047,2838254,2073600,764654,1.368757,8,8054,104993,798183,2838254,354478,0.888973
586,113047,2837330,2073600,763730,1.368311,8,8048,104999,797316,2837330,351934,0.889650
587,113047,2836500,2073598,762902,1.367912,7,8025,105022,796299,2836500,348696,0.890526
588,113047,2836630,2073600,763030,1.367974,8,8028,105019,795871,2836630,346854,0.891046
589,113047,2837679,2073600,764079,1.368479,7,8017,105030,796117,2837679,346789,0.891100
590,113047,2839490,2073599,765891,1.369353,7,8138,104909,796454,2839490,346326,0.891291
591,113047,2840000,2073600,766400,1.369599,7,8157,104890,796902,2840000,347608,0.890950
592,113047,2840597,2073600,766997,1.369887,7,8209,104838,797065,2840597,347663,0.890955
593,113047,2841325,2073599,767726,1.370238,7,8265,104782,797182,2841325,347403,0.891053
594,113047,2841838,2073600,768238,1.370485,7,8332,104715,797474,2841838,348058,0.890887
595,113047,2842326,2073600,768726,1.370720,7,8324,104723,797586,2842326,348018,0.890915
596,113047,2842809,2073599,769210,1.370954,7,8375,104672,797923,2842809,348883,0.890690
597,113047,2843345,2073599,769746,1.371213,7,8432,104615,798192,2843345,349423,0.890558
598,113047,2843809,2073600,770209,1.371436,7,8429,104618,798344,2843809,349567,0.890534
599,113047,2844200,2073600,770600,1.371624,7,8546,104501,798527,2844200,349908,0.890452
600,113047,2844610,2073599,771011,1.371823,7,8552,104495,798825,2844610,350690,0.890248
601,113047,2852682,2073598,779084,1.375716,7,8508,104539,800966,2852682,351182,0.890388
602,113047,2860548,2073599,786949,1.379509,7,8529,104518,803220,2860548,352332,0.890338
603,113047,2868631,2073600,795031,1.383406,7,8527,104520,805182,2868631,352097,0.890678
604,113047,2876471,2073599,802872,1.387188,7,8626,104421,807090,2876471,351889,0.891001
605,113187,2883689,2073600,810089,1.390668,7,8623,104564,809428,2883689,354023,0.890656
606,113187,2890395,2073599,816796,1.393903,7,8657,104530,811296,2890395,354789,0.890672
607,113187,2897327,2073599,823728,1.397246,7,8615,104572,813602,2897327,357081,0.890278
608,113187,2905221,2073600,831621,1.401052,7,8607,104580,816141,2905221,359343,0.889926
609,113187,2913007,2073599,839408,1.404807,7,8529,104658,818369,2913007,360469,0.889882
610,113187,2920455,2073599,846856,1.408399,7,8639,104548,820724,2920455,362441,0.889597
611,113099,2962236,2073600,888636,1.428547,7,9172,103927,835757,2962236,380792,0.886094
612,119735,2988520,2073600,914920,1.441223,7,9219,110516,845621,2988520,393964,0.883528
613,150017,2989426,2073549,915877,1.441695,7,10203,139814,849993,2989426,410546,0.879250
614,150019,2938630,2073520,865110,1.417218,8,10261,139758,836364,2938630,406826,0.878394
615,150033,2925515,2073522,851993,1.410892,7,10352,139681,832702,2925515,405293,0.878320
616,152785,2929914,2073529,856385,1.413008,7,10957,141828,835892,2929914,413654,0.876284
617,204478,2967213,2072337,894876,1.431820,7,14550,189928,853876,2967213,448291,0.868748
618,204478,3007470,2072303,935167,1.451269,7,20748,183730,877772,3007470,503618,0.856564
619,224277,3001339,2072209,929130,1.448377,8,26828,197449,884484,3001339,536597,0.848330
620,224277,2956345,2072032,884313,1.426785,8,34316,189961,880145,2956345,564235,0.839732
621,218097,2833857,2071738,762119,1.367865,8,34816,183281,840337,2833857,527491,0.843072
622,218544,2758600,2071787,686813,1.331508,6,29246,189298,803843,2758600,456772,0.857941
623,219630,2791466,2071776,719690,1.347378,6,23789,195841,797295,2791466,397714,0.875293
624,220433,2837004,2073498,763506,1.368221,6,20651,199782,796426,2837004,348700,0.890542
625,211824,2891633,2073598,818035,1.394500,6,21089,190735,804528,2891633,326479,0.898550
626,123221,3026268,2073600,952668,1.459427,6,22293,100928,840754,3026268,336748,0.899867
627,123221,3181321,2073600,1107721,1.534202,6,22474,100747,880323,3181321,339971,0.903453
628,123221,3221085,2073600,1147485,1.553378,6,21196,102025,881659,3221085,305551,0.913359
629,123221,3205086,2073600,1131486,1.545663,5,19944,103277,870980,3205086,278834,0.919965
630,122972,3044943,2073600,971343,1.468433,4,19271,103701,825125,3044943,255557,0.922570
631,122972,3021914,2073599,948315,1.457328,4,19030,103942,818369,3021914,251562,0.923151
632,115395,2987535,2073599,913936,1.440749,4,16490,98905,802031,2987535,220589,0.931241
633,115395,2974745,2073600,901145,1.434580,4,10197,105198,784479,2974745,163171,0.948000
634,115395,3004548,2073600,930948,1.448953,4,3895,111500,776463,3004548,101304,0.967383
635,117172,3047543,2073600,973943,1.469687,4,862,116310,778797,3047543,67645,0.978285
636,94506,3116914,2073600,1043314,1.503141,4,598,93908,796848,3116914,70478,0.977889
637,90785,3200126,2073599,1126527,1.543271,4,1367,89418,823998,3200126,95866,0.970914
638,53885,3288922,2073600,1215322,1.586093,5,2268,51617,855366,3288922,132542,0.961262
639,53885,3376169,2073599,1302570,1.628169,5,3109,50776,885446,3376169,165615,0.953240
640,53891,3465871,2073600,1392271,1.671427,5,3679,50212,914121,3465871,190613,0.947870
641,53891,3505412,2073599,1431813,1.690497,7,4256,49635,926609,3505412,201024,0.945764
642,53891,3527857,2073600,1454257,1.701320,6,4563,49328,935637,3527857,214691,0.942635
643,53891,3534795,2073600,1461195,1.704666,6,5138,48753,942071,3534795,233489,0.938038
644,53891,3530138,2073600,1456538,1.702420,6,5535,48356,944793,3530138,249034,0.934104
645,53891,3520371,2073599,1446772,1.697711,6,5726,48165,944731,3520371,258553,0.931580
646,53891,3508650,2073600,1435050,1.692057,6,5911,47980,944284,3508650,268486,0.928918
647,53891,3491982,2073600,1418382,1.684019,6,6859,47032,943708,3491982,282850,0.925070
648,53891,3475668,2073600,1402068,1.676152,6,7630,46261,943913,3475668,299984,0.920548
649,53891,3455168,2073600,1381568,1.666265,7,8044,45847,942868,3455168,316304,0.916132
650,53891,3430528,2073600,1356928,1.654383,6,8339,45552,938825,3430528,324772,0.913516
651,53891,3324390,2073600,1250790,1.603197,6,9109,44782,913355,3324390,329030,0.909939
652,152865,3181848,2073599,1108249,1.534457,6,9990,142875,878166,3181848,330816,0.905822
653,152865,3065681,2073600,992081,1.478434,6,11944,140921,852264,3065681,343375,0.899276
654,176805,3017345,2073600,943745,1.455124,6,14206,162599,846312,3017345,367903,0.891322
655,183469,3006048,2073600,932448,1.449676,6,16634,166835,849552,3006048,392160,0.884598
656,240579,3083823,2073600,1010223,1.487183,6,19170,221409,878691,3083823,430941,0.877391
657,246637,3370238,2073600,1296638,1.625308,8,24193,222444,971010,3370238,513802,0.867715
658,259878,3703181,2073600,1629581,1.785870,9,28433,231445,1075216,3703181,597683,0.861032
659,308968,4144980,2073600,2071380,1.998929,11,34863,274105,1212151,4144980,703624,0.854881
660,449501,4492414,2073600,2418814,2.166481,11,51680,397821,1335714,4492414,850442,0.840826
661,569759,4709508,2073600,2635908,2.271175,12,63198,506561,1417745,4709508,961472,0.830458
662,630140,4825866,2073600,2752266,2.327289,14,71608,558532,1470796,4825866,1057318,0.820281
663,679030,4922617,2073600,2849017,2.373947,14,87181,591849,1519792,4922617,1156551,0.809752
664,5882522,4990370,2073600,2916770,2.406621,15,104705,5777817,1556350,4990370,1235030,0.801614
665,5919674,4997932,2073600,2924332,2.410268,16,111631,5808043,1561403,4997932,1247680,0.800231
666,6023176,4971100,2073600,2897500,2.397328,17,126677,5896499,1561491,4971100,1274864,0.795890
667,6171897,4957470,2073600,2883870,2.390755,14,158334,6013563,1577815,4957470,1353790,0.785496
668,6135873,4932847,2073600,2859247,2.378881,14,173742,5962131,1582284,4932847,1396289,0.779387
669,6167412,4948607,2073600,2875007,2.386481,14,179111,5988301,1585436,4948607,1393137,0.780323
670,6347358,5049601,2073600,2976001,2.435186,14,193463,6153895,1618563,5049601,1424651,0.779951
671,6433582,5102524,2073600,3028924,2.460708,14,213218,6220364,1645248,5102524,1478468,0.775343
672,6446390,5138809,2073600,3065209,2.478207,14,234537,6211853,1668571,5138809,1535475,0.769942
673,6498483,5162962,2073600,3089362,2.489854,14,245694,6252789,1681262,5162962,1562086,0.767721
674,6564530,5181049,2073600,3107449,2.498577,16,255077,6309453,1694874,5181049,1598447,0.764223
675,6563483,5276383,2073600,3202783,2.544552,15,270309,6293174,1737541,5276383,1673781,0.759174
676,6658894,5439682,2073600,3366082,2.623303,16,274397,6384497,1789323,5439682,1717610,0.760020
677,6733018,5603562,2073600,3529962,2.702335,16,292014,6441004,1853048,5603562,1808630,0.755993
678,6749339,5791109,2073600,3717509,2.792780,16,300984,6448355,1915656,5791109,1871515,0.755761
679,6755147,5951715,2073600,3878115,2.870233,16,304307,6450840,1963355,5951715,1901705,0.757850
680,6894989,6112881,2073600,4039281,2.947956,15,310775,6584214,2016486,6112881,1953063,0.757863
681,6894989,6229299,2073600,4155699,3.004099,16,316388,6578601,2054655,6229299,1989321,0.757950
682,6894989,6333759,2073600,4260159,3.054475,16,321752,6573237,2088583,6333759,2020573,0.758141
683,6895367,6447087,2073600,4373487,3.109128,17,329039,6566328,2127393,6447087,2062485,0.757628
684,6895367,6550380,2073600,4476780,3.158941,15,335408,6559959,2161624,6550380,2096116,0.757576
685,6895367,6582290,2073600,4508690,3.174330,15,340790,6554577,2176336,6582290,2123054,0.756121
686,6895369,6622017,2073600,4548417,3.193488,16,346680,6548689,2195144,6622017,2158559,0.754167
687,6895748,6663211,2073599,4589612,3.213356,16,351286,6544462,2213705,6663211,2191609,0.752495
688,6862712,6643810,2073600,4570210,3.203998,16,354066,6508646,2209836,6643810,2195534,0.751618
689,6862714,6526921,2073600,4453321,3.147628,16,355682,6507032,2184941,6526921,2212843,0.746807
690,6862714,6329070,2073600,4255470,3.052214,14,358011,6504703,2135546,6329070,2213114,0.740919
691,6862714,6110404,2073599,4036805,2.946763,13,358183,6504531,2078332,6110404,2202924,0.735013
692,6862714,6044801,2073600,3971201,2.915124,15,360013,6502701,2062508,6044801,2205231,0.732700
693,6862714,6050844,2073600,3977244,2.918038,16,361238,6501476,2064651,6050844,2207760,0.732672
694,6862714,6065324,2073598,3991726,2.925024,15,363503,6499211,2070742,6065324,2217644,0.732265
695,6862646,6090378,2073600,4016778,2.937104,14,364188,6498458,2078036,6090378,2221766,0.732708
696,6862646,6124529,2073600,4050929,2.953573,15,366429,6496217,2091110,6124529,2239911,0.732210
697,6856312,6156364,2073600,4082764,2.968926,15,367641,6488671,2101110,6156364,2248076,0.732513
698,6856312,6188431,2073600,4114831,2.984390,15,368880,6487432,2109557,6188431,2249797,0.733380
699,6856312,6224027,2073600,4150427,3.001556,15,370374,6485938,2121991,6224027,2263937,0.733277
700,6856312,6257645,2073600,4184045,3.017769,15,372192,6484120,2133458,6257645,2276187,0.733275
701,6856312,6325537,2073600,4251937,3.050510,16,376565,6479747,2157525,6325537,2304563,0.732962
702,6856312,6397064,2073600,4323464,3.085004,16,381266,6475046,2181963,6397064,2330788,0.732948
703,6844458,6467384,2073600,4393784,3.118916,15,384628,6459830,2209027,6467384,2368724,0.731927
704,6812690,6541618,2073599,4468019,3.154717,15,387520,6425170,2233561,6541618,2392626,0.732196
705,6812690,6617547,2073600,4543947,3.191332,16,391586,6421104,2258594,6617547,2416829,0.732485
706,6812690,6672579,2073599,4598980,3.217873,15,396256,6416434,2279097,6672579,2443809,0.731932
707,6788534,6725031,2073600,4651431,3.243167,15,400722,6387812,2299822,6725031,2474257,0.731038
708,6788534,6750989,2073599,4677390,3.255687,15,404408,6384126,2310060,6750989,2489251,0.730608
709,6788534,6758421,2073600,4684821,3.259269,15,408888,6379646,2319669,6758421,2520255,0.728382
710,6788534,6749809,2073600,4676209,3.255116,14,411222,6377312,2322293,6749809,2539363,0.726632
711,6817006,6809790,2073600,4736190,3.284042,13,420792,6396214,2354037,6809790,2606358,0.723203
712,6824758,6865931,2073600,4792331,3.311116,13,430358,6394400,2384907,6865931,2673697,0.719727
713,6913218,6918810,2073600,4845210,3.336617,13,439076,6474142,2412918,6918810,2732862,0.716851
714,6916584,6964406,2073600,4890806,3.358606,14,447956,6468628,2436359,6964406,2781030,0.714633
715,6916576,7005252,2073600,4931652,3.378304,13,455623,6460953,2457221,7005252,2823632,0.712721
716,6918350,7039107,2073599,4965508,3.394633,14,462597,6455753,2476729,7039107,2867809,0.710525
717,6916667,7094746,2073600,5021146,3.421463,14,470723,6445944,2499077,7094746,2901562,0.709737
718,6917635,7154147,2073599,5080548,3.450111,14,479628,6438007,2525249,7154147,2946849,0.708262
719,6912139,7211866,2073599,5138267,3.477946,14,488460,6423679,2551181,7211866,2992858,0.706718
720,7176530,7273520,2073600,5199920,3.507677,13,498921,6677609,2581152,7273520,3051088,0.704484
721,7176546,7306867,2073600,5233267,3.523759,14,504707,6671839,2598497,7306867,3087121,0.702990
722,7177022,7351412,2073600,5277812,3.545241,13,510679,6666343,2617274,7351412,3117684,0.702201
723,7248616,7409725,2073600,5336125,3.573363,14,516253,6732363,2644626,7409725,3168779,0.700451
724,7248616,7468533,2073600,5394933,3.601723,13,521441,6727175,2666161,7468533,3196111,0.700308
725,7248614,7525124,2073599,5451525,3.629016,13,525768,6722846,2688083,7525124,3227208,0.699860
726,7250030,7575771,2073600,5502171,3.653439,13,529576,6720454,2710266,7575771,3265293,0.698803
727,7250030,7621504,2073600,5547904,3.675494,15,533888,6716142,2727709,7621504,3289332,0.698526
728,7250030,7664196,2073600,5590596,3.696082,14,536085,6713945,2743632,7664196,3310332,0.698362
729,7250030,7705306,2073599,5631707,3.715909,14,538016,6712014,2759053,7705306,3330906,0.698184
730,7250020,7742771,2073599,5669172,3.733977,14,541214,6708806,2774037,7742771,3353377,0.697789
731,7268318,7772064,2073600,5698464,3.748102,13,545254,6723064,2787802,7772064,3379144,0.696971
732,7268127,7783271,2073599,5709672,3.753508,14,548346,6719781,2796557,7783271,3402957,0.695790
733,7241099,7788934,2073599,5715335,3.756239,13,554536,6686563,2803865,7788934,3426526,0.694482
734,7241051,7790411,2073599,5716812,3.756952,13,563319,6677732,2814096,7790411,3465973,0.692088
735,7240600,7789264,2073600,5715664,3.756397,13,570705,6669895,2821257,7789264,3495764,0.690230
736,7240600,7789533,2073598,5715935,3.756530,13,577570,6663030,2829475,7789533,3528367,0.688249
737,7240600,7790946,2073600,5717346,3.757208,14,584625,6655975,2837592,7790946,3559422,0.686405
738,7240600,7791967,2073599,5718368,3.757702,13,589913,6650687,2845326,7791967,3589337,0.684629
739,7229140,7787769,2073600,5714169,3.755676,14,593837,6635303,2848622,7787769,3606719,0.683468
740,7229132,7787758,2073600,5714158,3.755670,13,597479,6631653,2852658,7787758,3622874,0.682500
741,7229132,7786459,2073599,5712860,3.755046,14,599193,6629939,2853912,7786459,3629189,0.682086
742,7273342,7783469,2073600,5709869,3.753602,14,601615,6671727,2856157,7783469,3641159,0.681289
743,7311722,7777620,2073600,5704020,3.750781,13,608956,6702766,2861000,7777620,3666380,0.679624
744,7396270,7767351,2073600,5693751,3.745829,14,616809,6779461,2868873,7767351,3708141,0.676864
745,7396268,7759209,2073168,5686041,3.742682,14,624879,6771389,2874038,7759209,3736943,0.674940
746,7442917,7741672,2069443,5672229,3.740945,14,626026,6816891,2869829,7741672,3737644,0.674402
747,7437882,7721843,2064795,5657048,3.739763,13,624637,6813245,2862681,7721843,3728881,0.674354
748,7437878,7699386,2059633,5639753,3.738232,14,620415,6817463,2852208,7699386,3709446,0.674862
749,7432658,7670855,2054323,5616532,3.734006,14,617481,6815177,2840103,7670855,3689557,0.675227
750,7381462,7645177,2049050,5596127,3.731084,14,616761,6764701,2831109,7645177,3679259,0.675104
751,7400110,7634125,2047112,5587013,3.729217,14,618210,6781900,2828176,7634125,3678579,0.674828
752,7397750,7625427,2045189,5580238,3.728471,13,620280,6777470,2829114,7625427,3691029,0.673835
753,7397750,7612218,2043212,5569006,3.725613,13,623502,6774248,2827957,7612218,3699610,0.672943
754,7403558,7599132,2041297,5557835,3.722698,16,626679,6776879,2825241,7599132,3701832,0.672432
755,7378726,7593347,2039450,5553897,3.723233,13,631295,6747431,2828619,7593347,3721129,0.671118
756,7443396,7587618,2037590,5550028,3.723820,13,634603,6808793,2830954,7587618,3736198,0.670058
757,7512703,7582092,2035750,5546342,3.724471,14,635846,6876857,2829724,7582092,3736804,0.669861
758,7515403,7578554,2033877,5544677,3.726161,14,635977,6879426,2828034,7578554,3733582,0.669949
759,7518767,7632983,2032029,5600954,3.756336,14,634849,6883918,2838941,7632983,3722781,0.672168
760,7518767,7627544,2030162,5597382,3.757111,14,633548,6885219,2836376,7627544,3717960,0.672297
761,7518767,7674744,2028292,5646452,3.783846,14,630982,6887785,2842813,7674744,3696508,0.674925
762,7518767,7680516,2026412,5654104,3.790205,13,628825,6889942,2842336,7680516,3688828,0.675546
763,7546781,7683462,2024539,5658923,3.795166,14,626818,6919963,2839679,7683462,3675254,0.676438
764,7546781,7679745,2022692,5657053,3.796794,14,624308,6922473,2836098,7679745,3664647,0.676964
765,7546781,7676995,2020876,5656119,3.798845,14,622025,6924756,2831333,7676995,3648337,0.677860
766,7548526,7674636,2019109,5655527,3.801001,14,618780,6929746,2826413,7674636,3631016,0.678832
767,7554112,7677973,2017370,5660603,3.805932,15,615850,6938262,2823222,7677973,3614915,0.679895
768,7566916,7695088,2015640,5679448,3.817690,14,613572,6953344,2826073,7695088,3609204,0.680723
769,7594734,7716732,2013947,5702785,3.831646,14,611512,6983222,2831687,7716732,3610016,0.681284
770,7594734,7739804,2012250,5727554,3.846343,15,610516,6984218,2839400,7739804,3617796,0.681465
771,7594736,7746631,2011752,5734879,3.850689,14,610583,6984153,2841093,7746631,3617741,0.681659
772,7601070,7751553,2011256,5740297,3.854086,14,610157,6990913,2844398,7751553,3626039,0.681300
773,7601070,7756692,2010757,5745935,3.857598,14,610254,6990816,2845805,7756692,3626528,0.681415
774,7601070,7759660,2010323,5749337,3.859907,14,610802,6990268,2846763,7759660,3627392,0.681446
775,7602753,7760961,2009789,5751172,3.861580,15,610021,6992732,2847693,7760961,3629811,0.681338
776,7602761,7762503,2009322,5753181,3.863245,16,611171,6991590,2850407,7762503,3639125,0.680824
777,7602761,7761718,2008850,5752868,3.863762,14,610672,6992089,2848766,7761718,3633346,0.681147
778,7585273,7762714,2008364,5754350,3.865193,15,610761,6974512,2849131,7762714,3633810,0.681148
779,7579465,7762879,2007894,5754985,3.866180,14,610642,6968823,2848861,7762879,3632565,0.681227
780,7579465,7763849,2007405,5756444,3.867605,15,610940,6968525,2850234,7763849,3637087,0.680983
781,7584925,7748777,2002423,5746354,3.869700,15,610890,6974035,2843824,7748777,3626519,0.681193
782,7542422,7740225,1997396,5742829,3.875158,14,611907,6930515,2840950,7740225,3623575,0.681130
783,7424874,7733090,1992425,5740665,3.881245,14,612818,6812056,2839599,7733090,3625306,0.680826
784,7417226,7723615,1987361,5736254,3.886367,14,612252,6804974,2835386,7723615,3617929,0.681002
785,7355814,7718618,1982388,5736230,3.893596,15,612497,6743317,2831151,7718618,3605986,0.681580
786,7354992,7720789,1977329,5743460,3.904656,14,611405,6743587,2830732,7720789,3602139,0.681872
787,7322313,7724340,1972290,5752050,3.916432,14,611754,6710559,2832669,7724340,3606336,0.681719
788,7322313,7723204,1967245,5755959,3.925898,15,610450,6711863,2832047,7723204,3604984,0.681769
789,7304581,7731296,1962148,5769148,3.940221,15,608044,6696537,2828880,7731296,3584224,0.683247
790,7332399,7733882,1957098,5776784,3.951709,15,606075,6726324,2827875,7733882,3577618,0.683719
791,7298823,7723575,1952314,5771261,3.956113,15,600189,6698634,2817734,7723575,3547361,0.685265
792,7295864,7703698,1947480,5756218,3.955726,16,593768,6702096,2803977,7703698,3512210,0.686855
793,7284676,7679822,1942635,5737187,3.953302,15,587296,6697380,2789465,7679822,3478038,0.688288
794,7361428,7657741,1937734,5720007,3.951905,14,581451,6779977,2777781,7657741,3453383,0.689196
795,7378974,7632408,1932787,5699621,3.948913,15,574916,6804058,2766177,7632408,3432300,0.689798
796,7359594,7610136,1927838,5682298,3.947498,16,572390,6787204,2756468,7610136,3415736,0.690207
797,7359594,7576038,1922838,5653200,3.940029,15,564845,6794749,2741527,7576038,3390070,0.690859
798,7361778,7541183,1917783,5623400,3.932240,14,556162,6805616,2721916,7541183,3346481,0.692636
799,7361762,7504738,1912688,5592050,3.923660,15,546521,6815241,2703044,7504738,3307438,0.694101
800,7350594,7459160,1907576,5551584,3.910282,15,534636,6815958,2682019,7459160,3268916,0.695293
801,7350534,7444636,1908736,5535900,3.900296,16,535671,6814863,2674958,7444636,3255196,0.695771
802,7350534,7425359,1909866,5515493,3.887895,15,536747,6813787,2669578,7425359,3252953,0.695368
803,7350534,7404015,1911054,5492961,3.874310,15,537898,6812636,2662432,7404015,3245713,0.695230
804,7280451,7385582,1912228,5473354,3.862292,15,539546,6740905,2658269,7385582,3247494,0.694586
805,7274865,7369522,1913404,5456118,3.851524,15,540850,6734015,2653767,7369522,3245546,0.694251
806,7274863,7359153,1914575,5444578,3.843753,15,542167,6732696,2651321,7359153,3246131,0.693914
807,7274863,7349815,1915739,5434076,3.836543,15,543966,6730897,2648584,7349815,3244521,0.693749
808,7274863,7340509,1916921,5423588,3.829323,15,545938,6728925,2647492,7340509,3249459,0.693157
809,7274859,7332494,1918092,5414402,3.822806,14,547931,6726928,2646642,7332494,3254074,0.692622
810,7247041,7323125,1919285,5403840,3.815548,16,549810,6697231,2644874,7323125,3256371,0.692200
811,7247041,7345293,1924140,5421153,3.817442,14,560393,6686648,2660426,7345293,3296411,0.690237
812,7244789,7364936,1929052,5435884,3.817904,14,569232,6675557,2670915,7364936,3318724,0.689365
813,7243114,7382982,1933966,5449016,3.817535,15,577939,6665175,2682599,7382982,3347414,0.688044
814,7243114,7405471,1938946,5466525,3.819328,15,585521,6657593,2695240,7405471,3375489,0.686903
815,7243122,7421807,1943909,5477898,3.817981,15,592345,6650777,2703832,7421807,3393521,0.686230
816,7243130,7434420,1948933,5485487,3.814610,15,597076,6646054,2709550,7434420,3403780,0.685946
817,7243130,7328088,1953990,5374098,3.750320,16,601094,6642036,2684483,7328088,3409844,0.682449
818,7226296,7331872,1959057,5372815,3.742552,16,605675,6620621,2687215,7331872,3416988,0.682107
819,7224848,7331482,1964165,5367317,3.732620,16,610845,6614003,2687672,7331482,3419206,0.681955
820,7223143,7319961,1969303,5350658,3.717031,15,614125,6609018,2685652,7319961,3422647,0.681395
821,7223143,7159918,1977287,5182631,3.621082,15,618077,6605066,2646930,7159918,3427802,0.676247
822,7226102,7149946,1985296,5164650,3.601451,17,622917,6603185,2645478,7149946,3431966,0.675676
823,7286472,7175387,1993317,5182070,3.599722,16,630674,6655798,2662359,7175387,3474049,0.673781
824,7393874,7204360,2001396,5202964,3.599667,16,635154,6758720,2675756,7204360,3498664,0.673114
825,7394250,7220861,2009473,5211388,3.593410,16,638827,6755423,2684461,7220861,3516983,0.672468
826,7395002,7223939,2017594,5206345,3.580472,15,642432,6752570,2688694,7223939,3530837,0.671696
827,7395754,7226975,2025718,5201257,3.567612,15,644081,6751673,2690836,7226975,3536369,0.671443
828,7413197,7245232,2033895,5211337,3.562245,15,645655,6767542,2699476,7245232,3552672,0.670985
829,7375365,7276260,2041926,5234334,3.563430,16,647846,6727519,2710377,7276260,3565248,0.671148
830,7468567,7314790,2049761,5265029,3.568606,15,649579,6818988,2723236,7314790,3578154,0.671516
831,7409117,7345340,2056055,5289285,3.572541,15,651222,6757895,2731606,7345340,3581084,0.672255
832,7403433,7379029,2062304,5316725,3.578051,15,652546,6750887,2741849,7379029,3588367,0.672815
833,7451871,7414240,2068312,5345928,3.584682,15,653122,6798749,2752157,7414240,3594388,0.673494
834,7461937,7452813,2072730,5380083,3.595651,16,652505,6809432,2762825,7452813,3598487,0.674383
835,7461929,7481916,2073593,5408323,3.608189,15,646279,6815650,2768256,7481916,3591108,0.675689
836,7465577,7503514,2073600,5429914,3.618593,15,642787,6822790,2771710,7503514,3583326,0.676795
837,7497028,7530298,2073600,5456698,3.631509,15,637936,6859092,2774930,7530298,3569422,0.678422
838,7502836,7550626,2073600,5477026,3.641313,15,633486,6869350,2777615,7550626,3559834,0.679596
839,7452786,7573410,2073599,5499811,3.652302,14,631527,6821259,2781786,7573410,3553734,0.680625
840,7453279,7595876,2073600,5522276,3.663135,14,629741,6823538,2787034,7595876,3552260,0.681358
841,7488023,7628463,2073599,5554864,3.678852,15,627909,6860114,2793834,7628463,3546873,0.682616
842,7488023,7665610,2073600,5592010,3.696764,15,625262,6862761,2801864,7665610,3541846,0.683974
843,7482175,7707250,2073600,5633650,3.716845,14,622123,6860052,2809531,7707250,3530874,0.685813
844,7509207,7746185,2073599,5672586,3.735623,14,618507,6890700,2818131,7746185,3526339,0.687174
845,7510629,7784753,2073596,5711157,3.754228,15,614337,6896292,2823224,7784753,3508143,0.689350
846,7511799,7814499,2073593,5740906,3.768579,14,609822,6901977,2827084,7814499,3493837,0.691039
847,7512766,7829779,2073596,5756183,3.775942,14,604585,6908181,2830713,7829779,3493073,0.691502
848,7494468,7848791,2073600,5775191,3.785104,14,600266,6894202,2830555,7848791,3473429,0.693220
849,7494470,7865588,2073600,5791988,3.793204,14,594784,6899686,2832840,7865588,3465772,0.694143
850,7426420,7887123,2073600,5813523,3.803589,16,588056,6838364,2832484,7887123,3442813,0.696131
851,7286600,7906770,2073600,5833170,3.813064,15,585137,6701463,2834357,7906770,3430658,0.697404
852,7286516,7933339,2073600,5859739,3.825877,14,583649,6702867,2841785,7933339,3433801,0.697919
853,7286516,7965206,2073600,5891606,3.841245,14,582534,6703982,2849151,7965206,3431398,0.698910
854,7292368,7998716,2073599,5925117,3.857407,13,581316,6711052,2855341,7998716,3422648,0.700329
855,7292368,8033124,2073600,5959524,3.873999,15,580989,6711379,2865134,8033124,3427412,0.700938
856,7292368,8066523,2073599,5992924,3.890107,14,579989,6712379,2872579,8066523,3423793,0.702028
857,7292376,8100377,2073598,6026779,3.906436,14,578376,6714000,2881440,8100377,3425383,0.702806
858,7292380,8137505,2073597,6063908,3.924343,14,577695,6714685,2890829,8137505,3425811,0.703735
859,7290188,8175335,2073599,6101736,3.942582,14,576821,6713367,2900744,8175335,3427641,0.704589
860,7291270,8208069,2073599,6134470,3.958369,15,575725,6715545,2909075,8208069,3428231,0.705385
861,7268247,8205607,2073595,6132012,3.957189,15,575126,6693121,2907085,8205607,3422733,0.705656
862,7287273,8200778,2073598,6127180,3.954854,15,575254,6712019,2905583,8200778,3421554,0.705605
863,7287269,8191427,2073596,6117831,3.950349,17,575468,6711801,2903097,8191427,3420961,0.705404
864,7293603,8183692,2073598,6110094,3.946615,17,576219,6717384,2899558,8183692,3414540,0.705598
865,7288385,8177862,2073597,6104265,3.943805,15,576767,6711618,2898993,8177862,3418110,0.705233
866,7283104,8174612,2073597,6101015,3.942238,17,578180,6704924,2899329,8174612,3422704,0.704871
867,7283100,8159054,2073598,6085456,3.934733,18,577512,6705588,2891803,8159054,3408158,0.705360
868,7283168,8141299,2073596,6067703,3.926174,16,576174,6706994,2884408,8141299,3396333,0.705630
869,7301466,8125318,2073598,6051720,3.918463,17,575022,6726444,2878085,8125318,3387022,0.705792
870,7303660,8111409,2073597,6037812,3.911758,16,574737,6728923,2871118,8111409,3373063,0.706294
871,7303664,8097546,2073598,6023948,3.905070,16,575271,6728393,2867805,8097546,3373674,0.705901
872,7303664,8079848,2073598,6006250,3.896535,16,574666,6728998,2863011,8079848,3372196,0.705538
873,7303664,8063617,2073598,5990019,3.888708,16,573422,6730242,2857369,8063617,3365859,0.705511
874,7303664,8053842,2073596,5980246,3.883998,15,572834,6730830,2855338,8053842,3367510,0.705157
875,7303664,8046053,2073598,5972455,3.880238,14,572071,6731593,2850748,8046053,3356939,0.705609
876,7303656,8041354,2073598,5967756,3.877972,15,573247,6730409,2849826,8041354,3357950,0.705425
877,7318044,8036043,2073597,5962446,3.875412,15,575271,6742773,2850390,8036043,3365517,0.704820
878,7318040,8029908,2073598,5956310,3.872452,14,578410,6739630,2852121,8029908,3378576,0.703854
879,7318038,8023630,2073597,5950033,3.869426,15,581408,6736630,2855387,8023630,3397918,0.702499
880,7316649,8021106,2073598,5947508,3.868207,15,582278,6734371,2855616,8021106,3401358,0.702222
881,7289619,8032592,2073598,5958994,3.873746,15,582445,6707174,2859520,8032592,3405488,0.702268
882,7289619,8042616,2073597,5969019,3.878582,15,581777,6707842,2861119,8042616,3401860,0.702751
883,7289619,8047897,2073599,5974298,3.881125,15,581134,6708485,2860178,8047897,3392815,0.703444
884,7289619,8057756,2073598,5984158,3.885881,15,580853,6708766,2861697,8057756,3389032,0.703932
885,7307917,8067162,2073598,5993564,3.890418,15,580369,6727548,2863374,8067162,3386334,0.704341
886,7310109,8077774,2073600,6004174,3.895531,15,580859,6729250,2864406,8077774,3379850,0.705013
887,7309076,8089424,2073597,6015827,3.901155,15,581180,6727896,2867556,8089424,3380800,0.705254
888,7270696,8101006,2073598,6027408,3.906739,16,580885,6689811,2869692,8101006,3377762,0.705738
889,7270696,8113066,2073600,6039466,3.912551,16,580989,6689707,2872339,8113066,3376290,0.706138
890,7272371,8127331,2073597,6053734,3.919436,15,581907,6690464,2877514,8127331,3382725,0.706107
891,7327221,8228386,2073597,6154789,3.968170,15,580033,6747188,2906727,8228386,3398522,0.707702
892,7371345,8292131,2073598,6218533,3.998910,14,576060,6795285,2922303,8292131,3397081,0.709383
893,7377571,8349719,2073600,6276119,4.026678,14,572110,6805461,2937394,8349719,3399857,0.710640
894,7378618,8403135,2073597,6329538,4.052444,14,565226,6813392,2948024,8403135,3388961,0.712607
895,7378618,8513423,2073600,6439823,4.105625,14,562297,6816321,2975270,8513423,3387657,0.715349
896,7378998,8576024,2073600,6502424,4.135814,14,560706,6818292,2993471,8576024,3397860,0.716227
897,7395920,8748120,2073600,6674520,4.218808,14,560785,6835135,3044270,8748120,3428960,0.718409
898,7423738,8747822,2073600,6674222,4.218664,15,565012,6858726,3051111,8747822,3456622,0.716773
899,7425421,8868560,2073600,6794960,4.276890,15,571242,6854179,3091093,8868560,3495812,0.717267
900,7444801,8886813,2073600,6813213,4.285693,16,579875,6864926,3102603,8886813,3523599,0.716077
901,7444803,8889769,2073599,6816170,4.287121,16,579753,6865050,3103712,8889769,3525079,0.716059
902,7445901,8956646,2073598,6883048,4.319374,15,581514,6864387,3125301,8956646,3544558,0.716463
903,7445901,8966021,2073600,6892421,4.323891,15,582417,6863484,3129729,8966021,3552895,0.716198
904,7445901,8955103,2073599,6881504,4.318628,16,585147,6860754,3130878,8955103,3568409,0.715063
905,7445901,8941938,2073600,6868338,4.312277,16,586331,6859570,3129773,8941938,3577154,0.714264
906,7445899,8927836,2073600,6854236,4.305476,17,584783,6861116,3124391,8927836,3569728,0.714366
907,7445899,8931368,2073600,6857768,4.307180,17,582467,6863432,3126299,8931368,3573828,0.714213
908,7445899,8934756,2073600,6861156,4.308814,16,580470,6865429,3125571,8934756,3567528,0.714650
909,7445899,8934832,2073600,6861232,4.308850,19,577330,6868569,3121254,8934832,3550184,0.715644
910,7445899,8938128,2073600,6864528,4.310440,17,575160,6870739,3117533,8938128,3532004,0.716763
911,7445899,9243250,2073599,7169651,4.457588,16,572889,6873010,3188325,9243250,3510050,0.724773
912,7445899,9243284,2073600,7169684,4.457602,17,569270,6876629,3180162,9243284,3477364,0.726636
913,7445901,9400795,2073600,7327195,4.533562,17,565859,6880042,3213094,9400795,3451581,0.731444
914,7448623,9393992,2073599,7320393,4.530284,17,562285,6886338,3203428,9393992,3419720,0.733120
915,7448623,9376760,2073600,7303160,4.521971,16,558814,6889809,3193002,9376760,3395248,0.734165
916,7448623,9357275,2073600,7283675,4.512575,17,555872,6892751,3180235,9357275,3363665,0.735580
917,7448623,9339540,2073600,7265940,4.504022,16,553812,6894811,3169118,9339540,3336932,0.736762
918,7449523,9321189,2073600,7247589,4.495172,17,552163,6897360,3158315,9321189,3312071,0.737829
919,7455725,9308021,2073600,7234421,4.488822,17,549462,6906263,3150201,9308021,3292783,0.738685
920,7455727,9293965,2073600,7220365,4.482043,16,547933,6907794,3141136,9293965,3270579,0.739698
921,7461291,9282862,2073600,7209262,4.476689,16,545261,6916030,3132444,9282862,3246914,0.740864
922,7470237,9265632,2073599,7192033,4.468382,16,543140,6927097,3125066,9265632,3234632,0.741235
923,7470237,9239634,2073600,7166034,4.455842,18,541354,6928883,3113193,9239634,3213138,0.741974
924,7470237,9206944,2073600,7133344,4.440077,19,538841,6931396,3098099,9206944,3185452,0.742951
925,7476537,9177905,2073600,7104305,4.426073,18,537179,6939358,3086546,9177905,3168279,0.743380
926,7477031,9249067,2073600,7175467,4.460391,18,534381,6942650,3099693,9249067,3149705,0.745966
927,7482146,9271882,2073600,7198282,4.471394,18,531401,6950745,3101205,9271882,3132938,0.747442
928,7482514,9258639,2073600,7185039,4.465007,17,527489,6955025,3091133,9258639,3105893,0.748806
929,7538222,9232229,2073600,7158629,4.452271,19,523544,7014678,3078158,9232229,3080403,0.749818
930,7538828,9195566,2073599,7121967,4.434592,17,520331,7018497,3063425,9195566,3058134,0.750432
931,7589203,9140603,2073600,7067003,4.408084,17,517359,7071844,3043135,9140603,3031937,0.750920
932,7616243,9073150,2073600,6999550,4.375555,17,513559,7102684,3018610,9073150,3001290,0.751434
933,7619810,8999033,2073600,6925433,4.339811,17,510888,7108922,2994534,8999033,2979103,0.751288
934,7718353,8926106,2073600,6852506,4.304642,17,507380,7210973,2969981,8926106,2953818,0.751361
935,7728951,8845959,2073599,6772360,4.265993,17,503656,7225295,2943330,8845959,2927361,0.751356
936,7730454,8762879,2073599,6689280,4.225927,18,500665,7229789,2917186,8762879,2905865,0.750970
937,7730454,8682164,2073600,6608564,4.187000,18,497892,7232562,2892375,8682164,2887336,0.750436
938,7730814,8607752,2073600,6534152,4.151115,19,495123,7235691,2869194,8607752,2869024,0.750015
939,7792683,8531889,2073600,6458289,4.114530,20,493047,7299636,2846001,8531889,2852115,0.749463
940,7796399,8458625,2073600,6385025,4.079198,17,491813,7304586,2825862,8458625,2844823,0.748323
941,7836611,8812114,2073600,6738514,4.249669,19,493971,7342640,2921591,8812114,2874250,0.754051
942,7836617,12249273,2073600,10175673,5.907250,19,495443,7341174,3799443,12249273,2948499,0.805991
943,7836621,12097743,2073600,10024143,5.834174,19,497229,7339392,3766644,12097743,2968833,0.802952
944,7836621,11963583,2073600,9889983,5.769475,20,497711,7338910,3737685,11963583,2987157,0.800200
945,7836621,11843110,2073600,9769510,5.711376,21,497910,7338711,3712087,11843110,3005238,0.797605
946,7836621,11737158,2073600,9663558,5.660281,19,499165,7337456,3689838,11737158,3022194,0.795235
947,7901291,11640100,2073600,9566500,5.613474,19,499569,7401722,3671809,11640100,3047136,0.792532
948,7967838,11555422,2073600,9481822,5.572638,19,500832,7467006,3657363,11555422,3074030,0.789874
949,7967844,11490980,2073600,9417380,5.541561,19,501825,7466019,3647281,11490980,3098144,0.787640
950,7967844,11429595,2073600,9355995,5.511957,19,503054,7464790,3637687,11429595,3121153,0.785499
951,7967484,11424922,2073600,9351322,5.509704,19,503036,7464448,3638335,11424922,3128418,0.785038
952,7944818,11419839,2073600,9346239,5.507253,19,503697,7441121,3639466,11419839,3138025,0.784445
953,7944458,11414179,2073600,9340579,5.504523,19,505054,7439404,3639286,11414179,3142965,0.784095
954,7944458,11409494,2073600,9335894,5.502264,20,505935,7438523,3639278,11409494,3147618,0.783775
955,7944458,11408567,2073600,9334967,5.501817,19,507062,7437396,3642353,11408567,3160845,0.783049
956,7944458,11408113,2073600,9334513,5.501598,20,508858,7435600,3643889,11408113,3167443,0.782688
957,7944458,11404031,2073600,9330431,5.499629,20,509368,7435090,3644525,11404031,3174069,0.782271
958,7944458,11401648,2073600,9328048,5.498480,20,510394,7434064,3645391,11401648,3179916,0.781922
959,7944458,11395881,2073600,9322281,5.495699,21,511274,7433184,3646330,11395881,3189439,0.781325
960,7944458,11383075,2073600,9309475,5.489523,20,513084,7431374,3645263,11383075,3197977,0.780676
961,7890596,11280085,2073600,9206485,5.439856,21,516463,7374133,3625886,11280085,3223459,0.777747
962,7813179,11291942,2073600,9218342,5.445574,20,520565,7292614,3639417,11291942,3265726,0.775670
963,7801325,11448023,2073600,9374423,5.520844,19,526026,7275299,3701977,11448023,3359885,0.773102
964,7800947,11516238,2073600,9442638,5.553741,19,531565,7269382,3740497,11516238,3445750,0.769700
965,7800939,11271946,2073600,9198346,5.435931,19,535596,7265343,3688790,11271946,3483214,0.763932
966,7785982,11010798,2073600,8937198,5.309991,21,538520,7247462,3631634,11010798,3515738,0.757978
967,7780396,10773361,2073600,8699761,5.195487,20,540145,7240251,3580299,10773361,3547835,0.752267
968,7774810,10682617,2073600,8609017,5.151725,20,540448,7234362,3568118,10682617,3589855,0.748477
969,7774810,10599518,2073600,8525918,5.111650,23,542000,7232810,3557688,10599518,3631234,0.744832
970,7772090,10517430,2073599,8443831,5.072066,20,542437,7229653,3547264,10517430,3671626,0.741235
971,7905612,10442715,2073595,8369120,5.036044,19,542251,7363361,3540080,10442715,3717605,0.737463
972,7904315,10246293,2072656,8173637,4.943557,19,542066,7362249,3498245,10246293,3746687,0.732245
973,7963820,9586380,2070040,7516340,4.631012,19,538779,7425041,3319152,9586380,3690228,0.722050
974,7922058,9366388,2066106,7300282,4.533353,19,540411,7381647,3261160,9366388,3678252,0.718026
975,7883670,9242923,2060117,7182806,4.486601,19,544102,7339568,3229687,9242923,3675825,0.715466
976,7883506,9109933,2052402,7057531,4.438669,20,548871,7334635,3197614,9109933,3680523,0.712245
977,7883502,8958698,2043274,6915424,4.384482,19,554198,7329304,3157876,8958698,3672806,0.709234
978,7879850,8822587,2033348,6789239,4.338946,19,559267,7320583,3123593,8822587,3671785,0.706125
979,7879848,8683841,2024542,6659299,4.289287,21,563837,7316011,3085909,8683841,3659795,0.703508
980,7879848,8547556,2017886,6529670,4.235896,19,566890,7312958,3050295,8547556,3653624,0.700552
981,7878384,8445530,2013835,6431695,4.193755,18,567825,7310559,3019289,8445530,3631626,0.699298
982,7854496,8375428,2009701,6365727,4.167500,20,569200,7285296,2997499,8375428,3614568,0.698535
983,7854496,8343278,2005480,6337798,4.160240,19,572566,7281930,2994579,8343278,3635038,0.696532
984,7848162,8312624,2001186,6311438,4.153849,18,578013,7270149,2991782,8312624,3654504,0.694621
985,7848162,8278032,1996821,6281211,4.145605,18,582713,7265449,2989978,8278032,3681880,0.692148
986,7747374,8243995,1992388,6251607,4.137746,19,587942,7159432,2986006,8243995,3700029,0.690219
987,7714841,8205322,1987885,6217437,4.127664,20,592135,7122706,2982066,8205322,3722942,0.687889
988,7680831,8162210,1983119,6179091,4.115845,21,595660,7085171,2974926,8162210,3737494,0.685917
989,7652629,8118555,1977538,6141017,4.105385,24,600210,7052419,2970034,8118555,3761581,0.683372
990,7652383,8074183,1971769,6102414,4.094893,26,603324,7049059,2961053,8074183,3770029,0.681699
991,7650708,8093962,1977399,6116563,4.093237,26,603474,7047234,2964933,8093962,3765770,0.682474
992,7596807,8112697,1982920,6129777,4.091288,26,603015,6993792,2969236,8112697,3764247,0.683063
993,7596747,8130036,1987559,6142477,4.090463,25,602829,6993918,2972403,8130036,3759576,0.683793
994,7596747,8144455,1991863,6152592,4.088863,26,601946,6994801,2974673,8144455,3754237,0.684483
995,7595072,8158131,1996049,6162082,4.087140,25,600248,6994824,2975940,8158131,3745629,0.685341
996,7595072,8172617,2000130,6172487,4.086043,25,599119,6995953,2976504,8172617,3733399,0.686428
997,7594580,8187140,2004097,6183043,4.085201,26,598143,6996437,2978661,8187140,3727504,0.687149
998,7578132,8202155,2007950,6194205,4.084840,25,596719,6981413,2979391,8202155,3715409,0.688241
999,7572324,8217591,2011694,6205897,4.084911,25,595708,6976616,2982247,8217591,3711397,0.688876
1000,7572324,8230243,2015324,6214919,4.083831,25,593966,6978358,2981998,8230243,3697749,0.689994
1001,7560888,8234761,2016271,6218490,4.084154,24,593962,6966926,2984201,8234761,3702043,0.689863
1002,7560888,8237595,2017209,6220386,4.083660,25,593342,6967546,2983195,8237595,3695185,0.690333
1003,7560888,8240512,2018148,6222364,4.083205,25,593003,6967885,2984262,8240512,3696536,0.690331
1004,7555302,8243478,2019067,6224411,4.082815,24,592356,6962946,2983236,8243478,3689466,0.690817
1005,7555302,8245990,2019978,6226012,4.082218,25,592210,6963092,2984465,8245990,3691870,0.690743
1006,7549568,8249555,2020882,6228673,4.082156,24,592488,6957080,2984362,8249555,3687893,0.691065
1007,7549568,8250218,2021780,6228438,4.080670,25,591271,6958297,2982718,8250218,3680654,0.691502
1008,7549568,8252699,2022665,6230034,4.080112,25,591200,6958368,2983142,8252699,3679869,0.691611
1009,7549568,8254887,2023543,6231344,4.079423,25,591196,6958372,2983599,8254887,3679509,0.691689
1010,7549568,8254989,2024416,6230573,4.077714,24,590776,6958792,2980414,8254989,3666667,0.692436
1011,7549568,8288358,2027954,6260404,4.087054,20,589501,6960067,2988070,8288358,3663922,0.693454
1012,7549568,8320879,2031399,6289480,4.096132,20,588614,6960954,2995250,8320879,3660121,0.694506
1013,7549568,8208935,2034729,6174206,4.034412,19,587014,6962554,2963477,8208935,3644973,0.692509
1014,7555302,8239006,2037970,6201036,4.042751,19,585623,6969679,2968752,8239006,3636002,0.693811
1015,7560888,8250540,2037231,6213309,4.049879,19,583829,6977059,2967913,8250540,3621112,0.694978
1016,7560888,8232569,2040881,6191688,4.033831,19,582870,6978018,2961137,8232569,3611979,0.695051
1017,7560888,8155954,2044377,6111577,3.989457,19,580943,6979945,2937786,8155954,3595190,0.694056
1018,7572282,8186013,2047703,6138310,3.997656,19,579020,6993262,2941369,8186013,3579463,0.695766
1019,7578132,8122263,2050822,6071441,3.960491,18,576876,7001256,2921285,8122263,3562877,0.695093
1020,7578132,7958288,2050943,5907345,3.880307,19,575539,7002593,2875501,7958288,3543716,0.691904
1021,7578132,7987995,2053767,5934228,3.889436,18,575914,7002218,2881661,7987995,3538649,0.693003
1022,7566798,8015929,2056392,5959537,3.898055,18,575353,6991445,2886462,8015929,3529919,0.694269
1023,7566798,8041108,2058983,5982125,3.905379,19,574503,6992295,2889884,8041108,3518428,0.695625
1024,7566798,8062879,2061320,6001559,3.911513,18,574882,6991916,2893650,8062879,3511721,0.696601
1025,7566796,8077100,2063554,6013546,3.914169,17,574620,6992176,2895142,8077100,3503468,0.697470
1026,7579495,8085730,2065822,6019908,3.914050,17,574189,7005306,2893233,8085730,3487202,0.698676
1027,7579495,8092668,2068026,6024642,3.913233,17,574126,7005369,2893065,8092668,3479592,0.699316
1028,7579495,8099500,2070090,6029410,3.912632,17,573872,7005623,2889906,8099500,3460124,0.700672
1029,7539283,8115789,2071846,6043943,3.917178,18,573234,6966049,2890016,8115789,3444275,0.702054
1030,7539283,8130714,2073074,6057640,3.922057,19,572345,6966938,2889051,8130714,3425490,0.703580
1031,7537922,8078283,2072443,6005840,3.897952,20,577263,6960659,2880269,8078283,3442793,0.701174
1032,7532324,8022633,2071614,5951019,3.872649,24,584198,6948126,2874995,8022633,3477347,0.697621
1033,7538747,7818211,2070826,5747385,3.775407,30,596035,6942712,2836976,7818211,3529693,0.688956
1034,7538743,7777940,2070436,5707504,3.756668,37,610803,6927940,2843001,7777940,3594064,0.683955
1035,7459999,7791030,2069450,5721580,3.764783,41,624172,6835827,2860685,7791030,3651710,0.680871
1036,7452318,7992665,2067855,5924810,3.865196,41,630342,6821976,2916089,7992665,3671691,0.685221
1037,7446370,7864568,2065316,5799252,3.807925,40,628126,6818244,2880312,7864568,3656680,0.682614
1038,7410662,7713045,2061304,5651741,3.741828,39,624014,6786648,2836513,7713045,3633007,0.679800
1039,7282338,7541489,2055548,5485941,3.668846,37,611456,6670882,2772765,7541489,3549571,0.679961
1040,7213172,7398362,2051297,5347065,3.606675,41,583363,6629809,2709635,7398362,3440178,0.682598
1041,7207322,7427109,2053649,5373460,3.616543,42,575752,6631570,2702922,7427109,3384579,0.686952
1042,7201514,7450996,2055946,5395050,3.624120,43,566863,6634651,2693775,7450996,3324104,0.691501
1043,7229332,7474655,2058244,5416411,3.631569,43,557950,6671382,2683631,7474655,3259869,0.696319
1044,7229332,7503349,2060395,5442954,3.641704,41,548533,6680799,2675480,7503349,3198571,0.701122
1045,7229332,7536734,2062392,5474342,3.654365,36,540005,6689327,2668104,7536734,3135682,0.706188
1046,7229334,7571519,2064201,5507318,3.668014,36,532010,6697324,2662768,7571519,3079553,0.710869
1047,7229328,7600971,2065755,5535216,3.679512,32,521059,6708269,2653547,7600971,3013217,0.716114
1048,7228958,7629539,2067025,5562514,3.691072,32,508930,6720028,2642473,7629539,2940353,0.721818
1049,7162417,7679044,2067960,5611084,3.713343,30,496683,6665734,2636438,7679044,2866708,0.728165
1050,7162409,7781341,2068747,5712594,3.761379,31,482847,6679562,2644393,7781341,2796231,0.735645
1051,7163457,7968984,2069585,5899399,3.850523,30,474285,6689172,2679665,7968984,2749676,0.743468
1052,7157871,8478489,2070332,6408157,4.095232,30,466963,6690908,2799858,8478489,2720943,0.757046
1053,7156564,8827114,2071022,6756092,4.262202,29,459218,6697346,2875431,8827114,2674610,0.767460
1054,7156564,8781105,2073600,6707505,4.234715,31,452316,6704248,2847052,8781105,2607103,0.771070
1055,7156564,7950615,2073567,5877048,3.834270,31,445806,6710758,2609577,7950615,2487693,0.761677
1056,7120961,7865805,2072669,5793136,3.795013,29,439235,6681726,2568276,7865805,2407299,0.765670
1057,7071551,7893927,2073058,5820869,3.807866,29,431734,6639817,2561489,7893927,2352029,0.770443
1058,7044028,7948404,2073329,5875075,3.833643,27,425215,6618813,2561188,7948404,2296348,0.775851
1059,7004825,8026586,2073508,5953078,3.871018,25,419254,6585571,2568919,8026586,2249090,0.781125
1060,7004825,8105161,2073596,6031565,3.908746,23,412538,6592287,2576891,8105161,2202403,0.786331
1061,7011821,8193368,2073600,6119768,3.951277,23,406815,6605006,2589682,8193368,2165360,0.790963
1062,7012381,7886252,2073481,5812771,3.803388,24,401375,6611006,2506134,7886252,2138284,0.786695
1063,6941692,7718679,2073440,5645239,3.722644,24,396911,6544781,2461635,7718679,2127861,0.783898
1064,6940109,7742705,2073390,5669315,3.734322,22,392965,6547144,2465037,7742705,2117443,0.785252
1065,6990498,7708846,2073340,5635506,3.718081,16,389016,6601482,2454987,7708846,2111102,0.785019
1066,6995868,7701522,2073286,5628236,3.714645,17,386976,6608892,2455431,7701522,2120202,0.784131
1067,6922561,7690319,2073227,5617092,3.709347,17,387389,6535172,2455290,7690319,2130841,0.783036
1068,6810339,7690841,2073169,5617672,3.709703,17,387972,6422367,2459396,7690841,2146743,0.781781
1069,6810339,7705924,2073130,5632794,3.717048,17,388435,6421904,2467187,7705924,2162824,0.780841
1070,6810251,7723436,2073409,5650027,3.724994,17,389518,6420733,2476160,7723436,2181204,0.779780
1071,6810259,7736564,2073600,5662964,3.730982,16,389393,6420866,2483525,7736564,2197536,0.778789
1072,6809699,7750818,2073600,5677218,3.737856,16,390149,6419550,2489885,7750818,2208722,0.778231
1073,6826337,7767294,2073600,5693694,3.745802,17,390662,6435675,2497246,7767294,2221690,0.777586
1074,6832143,7785240,2073600,5711640,3.754456,17,390965,6441178,2505547,7785240,2236948,0.776800
1075,6781758,7806416,2073600,5732816,3.764668,18,392022,6389736,2514570,7806416,2251864,0.776118
1076,6781698,7835090,2073599,5761491,3.778498,17,392014,6389684,2524969,7835090,2264786,0.775761
1077,6781698,7869089,2073600,5795489,3.794892,17,390965,6390733,2536361,7869089,2276355,0.775628
1078,6781574,7904998,2073600,5831398,3.812210,16,389475,6392099,2547871,7904998,2286486,0.775647
1079,6781574,7942156,2073600,5868556,3.830129,17,388494,6393080,2561211,7942156,2302688,0.775234
1080,6781604,7976653,2073600,5903053,3.846766,16,386739,6394865,2572534,7976653,2313483,0.775175
1081,6777168,8017294,2073600,5943694,3.866365,16,380049,6397119,2582002,8017294,2310714,0.776267
1082,6769324,8057532,2073600,5983932,3.885770,15,374745,6394579,2593983,8057532,2318400,0.776560
1083,6769324,8096596,2073600,6022996,3.904608,17,371106,6398218,2605886,8096596,2326948,0.776760
1084,6742294,8134189,2073600,6060589,3.922738,16,367813,6374481,2619680,8134189,2344531,0.776258
1085,6742294,8170028,2073600,6096428,3.940021,16,366109,6376185,2633721,8170028,2364856,0.775521
1086,6742294,8199289,2073600,6125689,3.954132,16,363887,6378407,2646664,8199289,2387367,0.774493
1087,6736514,8215687,2073600,6142087,3.962040,16,362020,6374494,2656458,8215687,2410145,0.773181
1088,6736514,8212841,2073600,6139241,3.960668,19,359878,6376636,2660604,8212841,2429575,0.771708
1089,6739874,7492256,2073600,5418656,3.613164,18,357371,6382503,2482412,7492256,2437392,0.754534
1090,6734204,7503339,2073598,5429741,3.618512,16,354818,6379386,2486438,7503339,2442413,0.754427
1091,6734204,7551096,2073597,5477499,3.641545,16,351391,6382813,2493693,7551096,2423676,0.757019
1092,6670983,7619127,2073599,5545528,3.674349,17,349272,6321711,2504719,7619127,2399749,0.760477
1093,6670983,7690872,2073600,5617272,3.708947,16,347120,6323863,2522567,7690872,2399396,0.762207
1094,6670983,7754133,2073599,5680534,3.739456,17,345818,6325165,2536289,7754133,2391023,0.764319
1095,6670983,7815946,2073600,5742346,3.769264,17,344403,6326580,2550566,7815946,2386318,0.766099
1096,6670983,7893253,2073600,5819653,3.806546,16,345460,6325523,2571195,7893253,2391527,0.767469
1097,6670983,7980491,2073600,5906891,3.848616,17,345625,6325358,2593266,7980491,2392573,0.769348
1098,6670983,8065494,2073600,5991894,3.889609,18,346049,6324934,2614339,8065494,2391862,0.771275
1099,6670983,8061919,2073600,5988319,3.887885,17,347019,6323964,2613812,8061919,2393329,0.771088
1100,6670983,8165472,2073600,6091872,3.937824,19,347485,6323498,2637677,8165472,2385236,0.773926
1101,6670983,8190057,2073600,6116457,3.949680,17,348254,6322729,2642235,8190057,2378883,0.774918
1102,6670979,8201221,2073600,6127621,3.955064,16,349003,6321976,2644059,8201221,2375015,0.775439
1103,6665427,8137662,2073600,6064062,3.924413,17,350017,6315410,2626724,8137662,2369234,0.774507
1104,6648508,8092832,2073600,6019232,3.902793,15,351714,6296794,2617318,8092832,2376440,0.773008
1105,6648504,8043205,2073600,5969605,3.878860,16,353537,6294967,2606672,8043205,2383483,0.771406
1106,6648504,7987164,2073600,5913564,3.851834,14,355964,6292540,2596311,7987164,2398080,0.769088
1107,6648504,7908827,2073600,5835227,3.814056,15,358340,6290164,2577335,7908827,2400513,0.767152
1108,6711725,7815440,2073600,5741840,3.769020,14,361280,6350445,2555539,7815440,2406716,0.764559
1109,6717505,7724096,2073600,5650496,3.724969,14,366100,6351405,2533532,7724096,2410032,0.762187
1110,6769369,7640362,2073600,5566762,3.684588,15,374341,6395028,2518066,7640362,2431902,0.758555
1111,6751457,7621347,2073600,5547747,3.675418,14,373119,6378338,2511247,7621347,2423641,0.758721
1112,6751449,7604581,2073600,5530981,3.667333,14,372976,6378473,2504882,7604581,2414947,0.758976
1113,6751449,7588277,2073600,5514677,3.659470,15,373343,6378106,2500229,7588277,2412639,0.758758
1114,6745809,7572528,2073600,5498928,3.651875,14,374127,6371682,2496615,7572528,2413932,0.758280
1115,6740089,7555885,2073600,5482285,3.643849,15,375776,6364313,2491778,7555885,2411227,0.758082
1116,6800982,7541063,2073600,5467463,3.636701,15,377236,6423746,2488719,7541063,2413813,0.757525
1117,6800980,7526659,2073599,5453060,3.629756,15,378844,6422136,2485274,7526659,2414437,0.757126
1118,6800980,7512027,2073600,5438427,3.622698,15,380627,6420353,2481146,7512027,2412557,0.756911
1119,6800980,7498145,2073600,5424545,3.616004,14,382523,6418457,2478709,7498145,2416691,0.756255
1120,6816840,7484318,2073599,5410719,3.609337,14,385355,6431485,2477455,7484318,2425502,0.755243
1121,6885807,7500502,2073600,5426902,3.617140,15,413012,6472795,2502322,7500502,2508786,0.749354
1122,6919181,7526955,2073599,5453356,3.629899,14,439976,6479205,2531271,7526955,2598129,0.743397
1123,6999059,7553745,2073600,5480145,3.642817,14,469238,6529821,2564095,7553745,2702635,0.736492
1124,6999421,7585904,2073600,5512304,3.658326,15,502482,6496939,2601571,7585904,2820380,0.728973
1125,7010122,7621840,2073600,5548240,3.675656,15,526349,6483773,2635153,7621840,2918772,0.723093
1126,7056099,7637538,2073600,5563938,3.683226,15,543796,6512303,2658969,7637538,2998338,0.718092
1127,7121681,7676462,2073600,5602862,3.701997,14,556857,6564824,2683625,7676462,3058038,0.715121
1128,7122049,7702299,2073600,5628699,3.714457,14,560692,6561357,2695425,7702299,3079401,0.714386
1129,7199836,7718938,2073600,5645338,3.722482,15,560603,6639233,2700776,7718938,3084166,0.714511
1130,7241687,7733579,2073600,5659979,3.729542,15,562540,6679147,2706877,7733579,3093929,0.714253
1131,7247539,7736495,2073598,5662897,3.730952,15,570550,6676989,2718980,7736495,3139425,0.711342
1132,7247923,7741549,2073600,5667949,3.733386,15,579548,6668375,2732636,7741549,3188995,0.708249
1133,7286671,7758541,2073600,5684941,3.741580,16,582932,6703739,2743314,7758541,3214715,0.707041
1134,7288030,7781738,2073600,5708138,3.752767,17,586474,6701556,2755083,7781738,3238594,0.706126
1135,7323215,7800357,2073600,5726757,3.761746,16,587342,6735873,2762779,7800357,3250759,0.705843
1136,7302880,7801879,2073600,5728279,3.762480,16,591301,6711579,2768678,7801879,3272833,0.704477
1137,7301207,7770394,2073600,5696794,3.747296,16,597162,6704045,2768351,7770394,3303010,0.701717
1138,7294813,7735744,2073599,5662145,3.730588,15,602002,6692811,2766710,7735744,3331096,0.699002
1139,7294445,7722358,2073600,5648758,3.724131,15,603378,6691067,2766524,7722358,3343738,0.697839
1140,7344826,7721638,2073600,5648038,3.723784,15,602900,6741926,2766864,7721638,3345818,0.697689
1141,7240106,7740954,2073600,5667354,3.733099,14,592672,6647434,2760793,7740954,3302218,0.700972
1142,7160393,7731835,2073600,5658235,3.728701,16,587291,6573102,2756172,7731835,3292853,0.701320
1143,7018158,7656994,2073600,5583394,3.692609,15,570174,6447984,2712870,7656994,3194486,0.705617
1144,6966356,7579963,2073600,5506363,3.655461,15,559433,6406923,2682642,7579963,3150605,0.706390
1145,6883053,7447323,2073600,5373723,3.591495,15,480892,6402161,2570649,7447323,2835273,0.724265
1146,6763565,7353170,2073599,5279571,3.546091,15,392280,6371285,2466797,7353170,2514018,0.745214
1147,6648504,7416977,2073600,5343377,3.576860,15,377106,6271398,2472233,7416977,2471955,0.750028
1148,6646827,7470689,2073600,5397089,3.602763,15,371612,6275215,2477923,7470689,2441003,0.753725
1149,6679251,7646958,2073600,5573358,3.687769,14,314551,6364700,2470452,7646958,2234850,0.773842
1150,6605172,7791399,2073600,5717799,3.757426,14,278105,6327067,2480852,7791399,2132009,0.785154
1151,6533578,7774227,2073600,5700627,3.749145,14,279091,6254487,2479979,7774227,2145689,0.783699
1152,6533574,7766951,2073600,5693351,3.745636,14,280761,6252813,2481951,7766951,2160853,0.782343
1153,6534742,7759361,2073600,5685761,3.741976,14,283127,6251615,2485484,7759361,2182575,0.780468
1154,6516804,7753957,2073600,5680357,3.739370,14,285728,6231076,2488987,7753957,2201991,0.778827
1155,6432202,7752011,2073600,5678411,3.738431,13,288371,6143831,2494313,7752011,2225241,0.776969
1156,6437784,7754198,2073600,5680598,3.739486,13,289901,6147883,2499777,7754198,2244910,0.775489
1157,6435592,7759116,2073600,5685516,3.741858,13,291240,6144352,2505694,7759116,2263660,0.774148
1158,6417294,7761114,2073600,5687514,3.742821,13,292483,6124811,2508969,7761114,2274762,0.773337
1159,6416818,7748638,2073600,5675038,3.736805,12,292331,6124487,2505054,7748638,2271578,0.773300
1160,6421925,7733283,2073600,5659683,3.729400,12,292391,6129534,2499004,7733283,2262733,0.773637
1161,6421925,7706202,2073600,5632602,3.716340,12,290648,6131277,2488186,7706202,2246542,0.774279
1162,6421925,7677588,2073600,5603988,3.702541,13,288716,6133209,2476365,7677588,2227872,0.775086
1163,6421925,7647777,2073600,5574177,3.688164,13,286157,6135768,2463853,7647777,2207635,0.775998
1164,6421925,7626373,2073600,5552773,3.677842,13,284471,6137454,2454243,7626373,2190599,0.776856
1165,6421925,7610350,2073600,5536750,3.670115,12,283531,6138394,2447966,7610350,2181514,0.777212
1166,6398899,7601083,2073600,5527483,3.665646,12,282808,6116091,2443954,7601083,2174733,0.777539
1167,6398899,7599507,2073600,5525907,3.664886,12,281751,6117148,2442301,7599507,2169697,0.777904
1168,6398899,7603349,2073600,5529749,3.666739,13,280726,6118173,2442087,7603349,2164999,0.778366
1169,6398899,7604588,2073600,5530988,3.667336,13,279211,6119688,2439948,7604588,2155204,0.779175
1170,6398899,7607528,2073600,5533928,3.668754,13,277806,6121093,2439011,7607528,2148516,0.779776
1171,6348442,7645776,2073600,5572176,3.687199,13,277541,6070901,2451521,7645776,2160308,0.779697
1172,6345033,7692195,2073600,5618595,3.709585,13,277201,6067832,2465237,7692195,2168753,0.780066
1173,6339896,7743508,2073600,5669908,3.734331,13,276698,6063198,2480389,7743508,2178048,0.780473
1174,6334310,7792674,2073600,5719074,3.758041,14,276027,6058283,2495741,7792674,2190290,0.780597
1175,6330950,7837768,2073600,5764168,3.779788,14,275067,6055883,2509112,7837768,2198680,0.780930
1176,6330950,7882405,2073600,5808805,3.801314,14,273597,6057353,2522656,7882405,2208219,0.781161
1177,6330950,7930768,2073600,5857168,3.824637,14,272448,6058502,2535763,7930768,2212284,0.781892
1178,6330950,7985134,2073600,5911534,3.850856,14,270481,6060469,2549561,7985134,2213110,0.782991
1179,6330950,8041191,2073600,5967591,3.877889,13,268876,6062074,2564961,8041191,2218653,0.783754
1180,6330950,8099729,2073600,6026129,3.906119,14,267159,6063791,2581714,8099729,2227127,0.784336
1181,6280086,8160535,2073600,6086935,3.935443,14,265060,6015026,2597328,8160535,2228777,0.785474
1182,6280086,8221932,2073600,6148332,3.965052,14,263410,6016676,2614522,8221932,2236156,0.786179
1183,6280086,8281181,2073600,6207581,3.993625,13,261406,6018680,2631622,8281181,2245307,0.786699
1184,6262538,8332887,2073600,6259287,4.018560,14,258828,6003710,2644836,8332887,2246457,0.787656
1185,6262534,8374012,2073600,6300412,4.038393,14,256292,6006242,2654646,8374012,2244572,0.788619
1186,6260974,8405028,2073600,6331428,4.053351,13,252893,6008081,2659624,8405028,2233468,0.790058
1187,6260974,8420980,2073600,6347380,4.061044,13,250002,6010972,2659841,8420980,2218384,0.791493
1188,6260974,8408903,2073600,6335303,4.055219,14,246868,6014106,2652518,8408903,2201169,0.792540
1189,6260974,8382264,2073600,6308664,4.042373,12,243933,6017041,2643486,8382264,2191680,0.792728
1190,6260200,8365124,2073600,6291524,4.034107,12,240576,6019624,2636861,8365124,2182320,0.793095
1191,6260184,8380603,2073600,6307003,4.041572,13,237698,6022486,2637148,8380603,2167989,0.794476
1192,6227660,8398410,2073600,6324810,4.050159,13,235300,5992360,2637261,8398410,2150634,0.796130
1193,6227660,8415697,2073600,6342097,4.058496,13,233441,5994219,2639940,8415697,2144063,0.796959
1194,6227248,8414898,2073600,6341298,4.058111,13,232019,5995229,2636152,8414898,2129710,0.798029
1195,6223969,8378902,2073600,6305302,4.040751,14,228624,5995345,2622906,8378902,2112722,0.798628
1196,6223961,8332820,2073600,6259220,4.018528,13,224471,5999490,2607115,8332820,2095640,0.799046
1197,6223865,8263193,2073600,6189593,3.984950,13,220600,6003265,2583755,8263193,2071827,0.799533
1198,6223865,8091414,2073600,6017814,3.902109,13,214897,6008968,2527867,8091414,2020054,0.800221
1199,6216599,7766994,2073600,5693394,3.745657,13,207078,6009521,2426875,7766994,1940506,0.800102
1200,6216599,7603008,2073600,5529408,3.666574,13,198161,6018438,2369617,7603008,1875460,0.802135
1201,6216599,7491715,2073600,5418115,3.612903,14,172448,6044151,2299494,7491715,1706261,0.814496
1202,1035269,7337787,2073600,5264187,3.538670,13,149302,885967,2218159,7337787,1534849,0.827013
1203,828868,7147289,2073600,5073689,3.446802,13,127807,701061,2127653,7147289,1363323,0.839809
1204,724580,7067163,2073600,4993563,3.408161,14,115800,608780,2084892,7067163,1272405,0.847426
1205,724210,7014273,2073600,4940673,3.382655,13,104979,619231,2051726,7014273,1192631,0.854680
1206,615325,6914657,2073600,4841057,3.334615,14,99808,515517,2010479,6914657,1127259,0.859827
1207,609369,6654088,2073600,4580488,3.208954,14,94983,514386,1930875,6654088,1069412,0.861538
1208,521182,6411814,2073600,4338214,3.092117,13,81949,439233,1848942,6411814,983954,0.866957
1209,474491,6189249,2073600,4115649,2.984784,13,73236,401255,1779581,6189249,929075,0.869481
1210,423289,5936525,2073600,3862925,2.862908,13,69698,353591,1708777,5936525,898583,0.868534
1211,423293,5767776,2073600,3694176,2.781528,12,69228,354065,1664836,5767776,891568,0.866118
1212,434753,5723199,2073600,3649599,2.760030,12,68819,365934,1653852,5723199,892209,0.865132
1213,440727,5722493,2073600,3648893,2.759690,10,68487,372240,1651911,5722493,885151,0.866041
1214,468545,5728524,2073600,3654924,2.762598,11,67650,400895,1652290,5728524,880636,0.866755
1215,468545,5730188,2073600,3656588,2.763401,11,65479,403066,1646590,5730188,856172,0.870008
1216,419831,5765099,2073600,3691499,2.780237,11,65629,354202,1654290,5765099,852061,0.871235
1217,419831,5792685,2073600,3719085,2.793540,12,67118,352713,1661196,5792685,852099,0.871764
1218,425419,5827964,2073600,3754364,2.810554,12,70055,355364,1672171,5827964,860720,0.871317
1219,413959,5859782,2073600,3786182,2.825898,12,72269,341690,1680887,5859782,863766,0.871531
1220,413959,5897358,2073600,3823758,2.844019,12,73448,340511,1690743,5897358,865614,0.872007
1221,420737,5907658,2073600,3834058,2.848986,12,74221,346516,1692467,5907658,862210,0.872640
1222,462052,5930657,2073600,3857057,2.860078,11,78218,383834,1700890,5930657,872903,0.871699
1223,497478,5954992,2073600,3881392,2.871813,12,86830,410648,1713198,5954992,897800,0.868988
1224,488678,5955810,2073600,3882210,2.872208,11,89911,398767,1710679,5955810,886906,0.870387
1225,595242,5986964,2073600,3913364,2.887232,11,89739,505503,1718536,5986964,887180,0.870940
1226,5830807,6054233,2073600,3980633,2.919673,13,103017,5727790,1758821,6054233,981051,0.860553
1227,5991136,6462899,2073600,4389299,3.116753,13,121466,5869670,1898425,6462899,1130801,0.851087
1228,6078689,6816528,2073600,4742928,3.287292,13,143391,5935298,2022975,6816528,1275372,0.842389
1229,6069429,7083032,2073600,5009432,3.415814,14,169262,5900167,2123700,7083032,1411768,0.833808
1230,6118343,7304028,2073600,5230428,3.522390,14,202896,5915447,2223752,7304028,1590980,0.821138
1231,6118353,7325766,2073600,5252166,3.532873,15,205802,5912551,2234447,7325766,1612022,0.819640
1232,6118345,7336904,2073600,5263304,3.538245,14,207267,5911078,2240509,7336904,1625132,0.818665
1233,6117379,7343902,2073599,5270303,3.541621,14,208751,5908628,2245000,7343902,1636098,0.817806
1234,6117379,7347791,2073600,5274191,3.543495,13,209717,5907662,2246545,7347791,1638389,0.817677
1235,6117379,7354938,2073600,5281338,3.546942,15,211170,5906209,2250712,7354938,1647910,0.816957
1236,6117371,7368059,2073600,5294459,3.553269,14,212542,5904829,2255954,7368059,1655757,0.816513
1237,6117371,7364510,2073600,5290910,3.551558,14,214589,5902782,2259397,7364510,1673078,0.814876
1238,6117371,6941369,2073600,4867769,3.347497,14,216834,5900537,2156362,6941369,1684079,0.804755
1239,6117371,6687390,2073600,4613790,3.225014,14,218816,5898555,2097979,6687390,1704526,0.796885
1240,6116564,6781299,2073600,4707699,3.270302,14,220625,5895939,2125211,6781299,1719545,0.797721
1241,6116564,6867483,2073600,4793883,3.311865,14,218707,5897857,2146699,6867483,1719313,0.799772
1242,6115148,6945591,2073600,4871991,3.349533,14,216435,5898713,2163833,6945591,1709741,0.802464
1243,6115148,7021267,2073600,4947667,3.386028,15,214887,5900261,2182295,7021267,1707913,0.804344
1244,6064759,7075548,2073599,5001949,3.412207,15,213039,5851720,2195186,7075548,1705196,0.805803
1245,6059173,7098687,2073600,5025087,3.423364,15,210484,5848689,2199063,7098687,1697565,0.807013
1246,6059173,7143870,2073599,5070271,3.445155,16,208220,5850953,2207727,7143870,1687038,0.808962
1247,6059173,7155821,2073600,5082221,3.450917,15,205761,5853412,2207664,7155821,1674835,0.810339
1248,6059173,7160643,2073600,5087043,3.453242,15,203407,5855766,2205300,7160643,1660557,0.811754
1249,6059173,7163769,2073600,5090169,3.454750,15,200645,5858528,2201446,7163769,1642015,0.813530
1250,6059173,7180012,2073600,5106412,3.462583,15,198127,5861046,2201697,7180012,1626776,0.815282
1251,6059173,7224434,2073600,5150834,3.484006,15,199810,5859363,2213908,7224434,1631198,0.815801
1252,6059173,7280533,2073600,5206933,3.511060,15,200906,5858267,2229144,7280533,1636043,0.816517
1253,6059173,7322027,2073600,5248427,3.531070,16,201681,5857492,2239213,7322027,1634825,0.817478
1254,6059173,7364333,2073600,5290733,3.551472,15,202530,5856643,2249620,7364333,1634147,0.818397
1255,6059173,7411647,2073600,5338047,3.574290,14,203152,5856021,2261048,7411647,1632545,0.819492
1256,6060848,7454804,2073600,5381204,3.595102,13,203150,5857698,2269836,7454804,1624540,0.821073
1257,6060848,7493152,2073600,5419552,3.613596,15,203821,5857027,2277169,7493152,1615524,0.822639
1258,6060848,7500787,2073600,5427187,3.617278,14,203902,5856946,2276115,7500787,1603673,0.823859
1259,6055741,7517983,2073600,5444383,3.625571,14,203992,5851749,2279151,7517983,1598621,0.824647
1260,6055741,7510644,2073600,5437044,3.622031,15,204007,5851734,2273230,7510644,1582276,0.825988
1261,6055373,7526425,2073600,5452825,3.629642,15,210325,5845048,2282329,7526425,1602891,0.824424
1262,6027555,7597918,2073600,5524318,3.664119,15,216522,5811033,2307489,7597918,1632038,0.823180
1263,6027555,7618208,2073600,5544608,3.673904,15,221595,5805960,2318105,7618208,1654212,0.821599
1264,5996980,7637582,2073600,5563982,3.683247,14,225977,5771003,2331069,7637582,1686694,0.819107
1265,6041035,7653177,2073600,5579577,3.690768,16,229556,5811479,2340618,7653177,1709295,0.817431
1266,6041027,7665934,2073600,5592334,3.696920,14,236638,5804389,2353465,7665934,1747926,0.814324
1267,6041095,7676130,2073600,5602530,3.701837,15,246927,5794168,2365197,7676130,1784658,0.811363
1268,6041455,7667864,2073600,5594264,3.697851,15,258155,5783300,2374480,7667864,1830056,0.807320
1269,6041455,7649779,2073600,5576179,3.689130,15,270648,5770807,2382864,7649779,1881677,0.802582
1270,6041499,7656039,2073600,5582439,3.692148,14,282499,5759000,2396329,7656039,1929277,0.798726
1271,6035605,7553210,2073600,5479610,3.642559,14,272376,5763229,2360142,7553210,1887358,0.800080
1272,6035597,7491500,2073600,5417900,3.612799,14,262796,5772801,2335701,7491500,1851304,0.801847
1273,6035597,7484905,2073600,5411305,3.609619,14,252892,5782705,2326662,7484905,1821743,0.804254
1274,6034018,7489697,2073600,5416097,3.611929,15,244720,5789298,2322775,7489697,1801403,0.806115
1275,6034014,7405724,2073600,5332124,3.571433,14,235437,5798577,2295262,7405724,1775324,0.806632
1276,5995634,7444649,2073600,5371049,3.590205,13,227530,5768104,2301755,7444649,1762371,0.808584
1277,5984774,7277518,2073600,5203918,3.509606,14,221177,5763597,2255499,7277518,1744478,0.806642
1278,5984774,7337757,2073600,5264157,3.538656,14,213753,5771021,2265269,7337757,1723319,0.809811
1279,5934385,7246198,2073600,5172598,3.494501,14,207268,5727117,2237721,7246198,1704686,0.809551
1280,5931426,7282232,2073600,5208632,3.511879,14,201503,5729923,2240945,7282232,1681548,0.812406
1281,5931426,7273826,2073600,5200226,3.507825,14,200133,5731293,2236490,7273826,1672134,0.813085
1282,5931426,7258448,2073600,5184848,3.500409,14,198440,5732986,2226529,7258448,1647668,0.814996
1283,5874013,7258631,2073600,5185031,3.500497,14,196604,5677409,2221058,7258631,1625601,0.817024
1284,5861960,7269258,2073600,5195658,3.505622,14,195047,5666913,2219101,7269258,1607146,0.818942
1285,5861952,7253244,2073600,5179644,3.497899,14,193700,5668252,2209382,7253244,1584284,0.820732
1286,5820744,7241049,2073600,5167449,3.492018,14,192432,5628312,2202215,7241049,1567811,0.822019
1287,5820744,7221601,2073600,5148001,3.482639,14,191974,5628770,2194233,7221601,1555331,0.822793
1288,5820742,7178421,2073600,5104821,3.461816,14,190949,5629793,2178635,7178421,1536119,0.823729
1289,5814915,7116403,2073600,5042803,3.431907,14,189567,5625348,2157079,7116403,1511913,0.824773
1290,5814915,7080584,2073600,5006984,3.414633,14,189252,5625663,2147257,7080584,1508444,0.824375
1291,5847270,7277540,2073600,5203940,3.509616,14,223199,5624071,2236602,7277540,1668868,0.813459
1292,5910137,7568425,2073600,5494825,3.649896,15,259666,5650471,2359188,7568425,1868327,0.802016
1293,5945761,7768367,2073600,5694767,3.746319,15,296206,5649555,2463597,7768367,2086021,0.788316
1294,5946208,7708329,2073600,5634729,3.717365,15,321125,5625083,2474300,7708329,2188871,0.778839
1295,5960201,7745077,2073600,5671477,3.735087,15,322406,5637795,2477646,7745077,2165507,0.781496
1296,6074317,7876403,2073600,5802803,3.798420,14,334481,5739836,2525200,7876403,2224397,0.779780
1297,6074689,8038081,2073600,5964481,3.876389,15,365320,5709369,2608905,8038081,2397539,0.770254
1298,6132104,8238539,2073600,6164939,3.973061,15,399913,5732191,2697624,8238539,2551957,0.763500
1299,6137744,8440281,2073600,6366681,4.070352,16,426444,5711300,2778752,8440281,2674727,0.759359
1300,6131888,8691179,2073600,6617579,4.191348,16,453308,5678580,2867839,8691179,2780177,0.757642
1301,6131888,8866402,2073600,6792802,4.275850,16,469493,5662395,2922106,8866402,2822022,0.758563
1302,6131888,8984358,2073600,6910758,4.332734,17,470114,5661774,2946070,8984358,2799922,0.762402
1303,6102395,9084206,2073600,7010606,4.380886,15,470190,5632205,2969984,9084206,2795730,0.764668
1304,6095993,9236222,2073600,7162622,4.454197,14,466434,5629559,3007287,9236222,2792926,0.767820
1305,6101871,9439794,2073600,7366194,4.552370,15,463335,5638536,3054905,9439794,2779826,0.772511
1306,6188083,9680949,2073600,7607349,4.668668,14,462473,5725610,3111807,9680949,2766279,0.777759
1307,6194039,9769737,2073600,7696137,4.711486,15,468884,5725155,3139367,9769737,2787731,0.778002
1308,6195009,9848013,2073600,7774413,4.749235,15,470797,5724212,3162629,9848013,2802503,0.778467
1309,6195383,9994428,2073600,7920828,4.819844,15,474354,5721029,3207540,9994428,2835732,0.778979
1310,6195751,9956638,2073600,7883038,4.801619,15,479346,5716405,3205787,9956638,2866510,0.776458
1311,6195015,9832204,2073600,7758604,4.741611,15,471712,5723303,3164454,9832204,2825612,0.776769
1312,6195007,9673968,2073600,7600368,4.665301,14,466069,5728938,3120670,9673968,2808712,0.774991
1313,6194999,9461703,2073599,7388104,4.562938,15,460415,5734584,3061553,9461703,2784509,0.772623
1314,6194999,9089629,2073599,7016030,4.383504,14,454603,5740396,2960983,9089629,2754303,0.767450
1315,6192507,8415701,2073600,6342101,4.058498,14,447970,5744537,2782733,8415701,2715231,0.756064
1316,6192507,7532727,2073600,5459127,3.632681,14,441362,5751145,2553923,7532727,2682965,0.737368
1317,6183372,7395800,2073599,5322201,3.566649,14,435712,5747660,2514081,7395800,2660524,0.735438
1318,6183372,7277625,2073600,5204025,3.509657,14,428970,5754402,2477168,7277625,2631047,0.734470
1319,6177522,7263363,2073600,5189763,3.502779,15,421981,5755541,2467809,7263363,2607873,0.735811
1320,6126773,7264977,2073600,5191377,3.503558,14,414823,5711950,2465470,7264977,2596903,0.736673
1321,6126773,7266659,2073600,5193059,3.504369,13,405827,5720946,2459834,7266659,2572677,0.738531
1322,6125873,7272066,2073600,5198466,3.506976,13,396968,5728905,2458596,7272066,2562318,0.739453
1323,6029203,7277014,2073600,5203414,3.509362,14,388440,5640763,2455629,7277014,2545502,0.740850
1324,5964144,7280378,2073600,5206778,3.510985,15,379301,5584843,2450771,7280378,2522706,0.742662
1325,5952918,7285490,2073600,5211890,3.513450,16,371320,5581598,2448693,7285490,2509282,0.743814
1326,5909572,7289458,2073600,5215858,3.515364,15,365032,5544540,2448217,7289458,2503410,0.744364
1327,5909570,7280002,2073600,5206402,3.510803,13,359207,5550363,2443655,7280002,2494618,0.744786
1328,5853688,7263801,2073600,5190201,3.502990,13,353910,5499778,2436662,7263801,2482847,0.745261
1329,5853688,7262300,2073600,5188700,3.502267,12,347211,5506477,2433266,7262300,2470764,0.746147
1330,5736766,7273114,2073600,5199514,3.507482,13,340687,5396079,2432978,7273114,2458798,0.747347
1331,5735091,7283945,2073600,5210345,3.512705,13,333970,5401121,2431037,7283945,2440203,0.749057
1332,5727197,7304856,2073600,5231256,3.522789,12,328055,5399142,2436417,7304856,2440812,0.749549
1333,5726829,7330978,2073600,5257378,3.535387,12,320474,5406355,2440942,7330978,2432790,0.750835
1334,5726751,7361381,2073600,5287781,3.550049,12,310438,5416313,2443418,7361381,2412291,0.753185
1335,5726751,7403280,2073600,5329680,3.570255,12,300329,5426422,2447506,7403280,2386744,0.756207
1336,5726751,7460202,2073600,5386602,3.597705,12,287269,5439482,2453436,7460202,2353542,0.760179
1337,5720641,7528003,2073600,5454403,3.630403,12,273321,5447320,2460651,7528003,2314601,0.764839
1338,5714831,7593705,2073600,5520105,3.662088,13,258949,5455882,2465179,7593705,2267011,0.770097
1339,5714831,7656511,2073600,5582911,3.692376,13,238971,5475860,2463290,7656511,2196649,0.777061
1340,5714831,7717138,2073600,5643538,3.721614,12,216957,5497874,2454697,7717138,2101650,0.785956
1341,5630229,7767521,2073600,5693921,3.745911,12,200510,5429719,2451847,7767521,2039867,0.792007
1342,5601349,7854504,2073600,5780904,3.787859,11,190620,5410729,2469783,7854504,2024628,0.795060
1343,5589721,7971797,2073600,5898197,3.844424,12,181091,5408630,2500421,7971797,2029887,0.797045
1344,5513082,8124565,2073600,6050965,3.918097,15,172078,5341004,2541428,8124565,2041147,0.799213
1345,5513074,8325047,2073600,6251447,4.014780,12,161963,5351111,2595918,8325047,2058625,0.801744
1346,5508190,8672192,2073600,6598592,4.182191,14,152809,5355381,2693354,8672192,2101224,0.804962
1347,5506717,8973841,2073600,6900241,4.327663,15,143093,5363624,2768048,8973841,2098351,0.810485
1348,5434247,9348353,2073600,7274753,4.508272,14,130878,5303369,2848067,9348353,2043915,0.820588
1349,5434245,9353000,2073600,7279400,4.510513,14,113796,5320449,2788233,9353000,1799932,0.838614
1350,5402566,8395517,2073600,6321917,4.048764,12,99751,5302815,2470454,8395517,1486299,0.849593
1351,5431238,9085314,2073600,7011714,4.381421,14,100563,5330675,2628140,9085314,1427246,0.864234
1352,5431238,10041948,2073600,7968348,4.842760,14,100702,5330536,2860714,10041948,1400908,0.877574
1353,5503991,10807290,2073600,8733690,5.211849,13,100789,5403202,3042439,10807290,1362466,0.888045
1354,5480051,11014463,2073600,8940863,5.311759,12,102537,5377514,3107179,11014463,1414253,0.886211
1355,5479077,10924766,2073600,8851166,5.268502,14,106864,5372213,3106402,10924766,1500842,0.879214
1356,5479077,10883381,2073600,8809781,5.248544,13,111492,5367585,3117245,10883381,1585599,0.872837
1357,5478993,11768326,2073600,9694726,5.675312,12,112605,5366388,3375947,11768326,1735462,0.871483
1358,5428594,10910047,2073600,8836447,5.261404,12,116374,5312220,3153270,10910047,1703033,0.864979
1359,5428594,10545619,2073600,8472019,5.085657,14,120479,5308115,3079431,10545619,1772105,0.856134
1360,5401566,10210217,2073600,8136617,4.923909,15,123557,5278009,3006933,10210217,1817515,0.848890
1361,5398969,10076101,2073600,8002501,4.859231,14,129340,5269629,2990786,10076101,1887043,0.842262
1362,5398985,9690439,2073600,7616839,4.673244,15,129372,5269613,2884718,9690439,1848433,0.839808
1363,5394083,9302694,2073600,7229094,4.486253,12,123140,5270943,2758832,9302694,1732634,0.842992
1364,5393237,8879321,2073600,6805721,4.282080,12,118320,5274917,2623775,8879321,1615779,0.846044
1365,5391508,8570173,2073600,6496573,4.132992,12,116200,5275308,2533669,8570173,1564503,0.845629
1366,5393183,8336876,2073600,6263276,4.020484,13,114286,5278897,2464963,8336876,1522976,0.845538
1367,5444047,8133203,2073600,6059603,3.922262,13,111766,5332281,2401462,8133203,1472645,0.846693
1368,5471865,7999977,2073600,5926377,3.858014,11,111783,5360082,2365734,7999977,1462959,0.845401
1369,5425639,7904660,2073600,5831060,3.812047,12,112738,5312901,2344572,7904660,1473628,0.842868
1370,5419781,7806365,2073600,5732765,3.764644,12,112580,5307201,2319237,7806365,1470583,0.841480
1371,5413535,7791528,2073600,5717928,3.757488,12,113946,5299589,2321439,7791528,1494228,0.839084
1372,5414999,7826271,2073600,5752671,3.774243,11,115775,5299224,2337761,7826271,1524773,0.836941
1373,5431833,7853288,2073600,5779688,3.787272,11,117900,5313933,2347404,7853288,1536328,0.836380
1374,5509275,7827863,2073600,5754263,3.775011,12,117359,5391916,2334164,7827863,1508793,0.838401
1375,5481457,7753105,2073600,5679505,3.738959,12,120470,5360987,2316362,7753105,1512343,0.836776
1376,5483649,7610683,2073600,5537083,3.670275,11,124026,5359623,2284447,7610683,1527105,0.832880
1377,5548519,7418344,2073600,5344744,3.577519,12,122291,5426228,2229775,7418344,1500756,0.831737
1378,5548519,7235935,2073600,5162335,3.489552,13,121338,5427181,2179457,7235935,1481893,0.830016
1379,5476151,7106234,2073600,5032634,3.427003,13,122481,5353670,2153108,7106234,1506198,0.825114
1380,5469395,6954377,2073600,4880777,3.353770,12,121705,5347690,2114622,6954377,1504111,0.822177
1381,5412145,6762508,2073598,4688910,3.261244,11,118567,5293578,2061651,6762508,1484096,0.820035
1382,5384317,6583955,2073600,4510355,3.175133,11,115201,5269116,2015853,6583955,1479457,0.816522
1383,5278863,6386013,2073600,4312413,3.079674,12,112460,5166403,1965302,6386013,1475195,0.812345
1384,5275268,6165739,2073599,4092140,2.973448,14,109786,5165482,1904817,6165739,1453529,0.809230
1385,5273593,5971354,2073600,3897754,2.879704,14,106350,5167243,1849706,5971354,1427470,0.807068
1386,5273533,5748917,2073599,3675318,2.772434,15,101138,5172395,1772614,5748917,1341539,0.810797
1387,5273533,5550945,2073600,3477345,2.676960,14,94819,5178714,1694766,5550945,1228119,0.818836
1388,5273533,5446790,2073600,3373190,2.626731,11,91099,5182434,1647451,5446790,1143014,0.826548
1389,5273154,5389122,2073600,3315522,2.598921,11,88433,5184721,1615581,5389122,1073202,0.833929
1390,5273094,5362723,2073599,3289124,2.586191,11,84898,5188196,1593066,5362723,1009541,0.841573
1391,5244254,5283825,2073600,3210225,2.548141,10,75656,5168598,1549489,5283825,914131,0.852511
1392,5187540,5313794,2073599,3240195,2.562595,10,68405,5119135,1533800,5313794,821406,0.866116
1393,5187480,5323543,2073599,3249944,2.567296,9,61005,5126475,1511583,5323543,722789,0.880458
1394,5187480,5331109,2073600,3257509,2.570944,9,53249,5134231,1491890,5331109,636451,0.893348
1395,5187480,5282802,2073600,3209202,2.547648,9,39798,5147682,1449730,5282802,516118,0.910998
1396,5158985,5202494,2073600,3128894,2.508919,8,28756,5130229,1399029,5202494,393622,0.929662
1397,5221463,5052273,2073600,2978673,2.436474,9,19964,5201499,1335238,5052273,288679,0.945950
1398,5221469,4930718,2073600,2857118,2.377854,8,9476,5211993,1271211,4930718,154126,0.969689
1399,5221469,4802443,2073600,2728843,2.315993,7,3243,5218226,1215353,4802443,58969,0.987870
1400,5203171,4690474,2073600,2616874,2.261996,5,634,5202537,1178205,4690474,22346,0.995258
1401,5220005,4881093,2073600,2807493,2.353922,7,5824,5214181,1241865,4881093,86367,0.982613
1402,5221469,5172169,2073600,3098569,2.494294,9,20720,5200749,1351600,5172169,234231,0.956675
1403,5252660,5446821,2073600,3373221,2.626746,9,48657,5204003,1471817,5446821,440447,0.925187
1404,5254456,5636227,2073600,3562627,2.718088,10,83976,5170480,1572936,5636227,655517,0.895813
1405,5254510,5772725,2073600,3699125,2.783914,12,113201,5141309,1650926,5772725,830979,0.874165
1406,5303389,5971851,2073600,3898251,2.879944,11,153117,5150272,1759920,5971851,1067829,0.848313
1407,5375021,6169170,2073600,4095570,2.975101,14,185983,5189038,1856158,6169170,1255462,0.830906
1408,5376691,6354952,2073600,4281352,3.064695,13,211658,5165033,1933693,6354952,1379820,0.821608
1409,5509615,6511288,2073600,4437688,3.140089,15,230433,5279182,1998304,6511288,1481928,0.814602
1410,5537435,6663921,2073600,4590321,3.213696,15,252972,5284463,2069276,6663921,1613183,0.805103
1411,5540382,6763516,2073600,4689916,3.261726,17,267086,5273296,2113541,6763516,1690648,0.800022
1412,5542111,6813999,2073600,4740399,3.286072,19,282936,5259175,2146333,6813999,1771333,0.793679
1413,5549843,6883046,2073599,4809447,3.319372,17,313505,5236338,2201885,6883046,1924494,0.781495
1414,5583213,6945864,2073600,4872264,3.349664,13,330584,5252629,2239573,6945864,2012428,0.775356
1415,5543391,7066323,2073599,4992724,3.407758,14,348527,5194864,2294575,7066323,2111977,0.769895
1416,5568312,7244111,2073600,5170511,3.493495,14,369283,5199029,2367015,7244111,2223949,0.765110
1417,5646736,7433941,2073600,5360341,3.585041,14,385917,5260819,2434200,7433941,2302859,0.763489
1418,5678893,7646207,2073600,5572607,3.687407,13,410652,5268241,2513851,7646207,2409197,0.760408
1419,5686547,7861177,2073600,5787577,3.791077,14,432090,5254457,2586170,7861177,2483503,0.759925
1420,5748068,8064148,2073600,5990548,3.888960,14,453123,5294945,2657868,8064148,2567324,0.758517
1421,5772394,8242390,2073600,6168790,3.974918,14,480886,5291508,2733043,8242390,2689782,0.753957
1422,5951669,8377782,2073600,6304182,4.040211,14,508055,5443614,2795691,8377782,2804982,0.749169
1423,5952118,8471133,2073600,6397533,4.085230,14,536374,5415744,2852460,8471133,2938707,0.742441
1424,5959192,8534131,2073599,6460532,4.115613,17,570044,5389148,2908005,8534131,3097889,0.733676
1425,5993640,8612111,2073600,6538511,4.153217,17,597577,5396063,2958219,8612111,3220765,0.727812
1426,6115326,8747456,2073600,6673856,4.218488,17,622239,5493087,3020249,8747456,3333540,0.724067
1427,6205303,8888455,2073600,6814855,4.286485,18,642526,5562777,3074380,8888455,3409065,0.722784
1428,6323216,9011458,2073600,6937858,4.345803,18,659352,5663864,3120376,9011458,3470046,0.721985
1429,6436350,9084138,2073600,7010538,4.380854,19,677600,5758750,3158912,9084138,3551510,0.718929
1430,6469113,9132400,2073600,7058800,4.404128,18,697860,5771253,3191318,9132400,3632872,0.715410
1431,6519498,9117491,2073600,7043891,4.396938,16,703858,5815640,3185847,9117491,3625897,0.715468
1432,6523878,9094779,2073600,7021179,4.385985,16,706915,5816963,3179551,9094779,3623425,0.715099
1433,6559824,9069994,2073600,6996394,4.374033,17,711807,5848017,3171094,9069994,3614382,0.715052
1434,6560316,9031578,2073600,6957978,4.355506,16,713352,5846964,3159287,9031578,3605570,0.714685
1435,6617729,8972234,2073554,6898680,4.326984,17,712369,5905360,3140836,8972234,3591110,0.714160
1436,6618097,8908011,2070051,6837960,4.303281,17,709524,5908573,3119251,8908011,3568993,0.713954
1437,6684640,8887182,2070978,6816204,4.291297,17,706737,5977903,3110536,8887182,3554962,0.714281
1438,6684646,8869113,2071743,6797370,4.280991,18,704385,5980261,3100348,8869113,3532279,0.715171
1439,6684646,8826318,2072363,6753955,4.259060,16,703712,5980934,3086363,8826318,3519134,0.714945
1440,6690646,8765900,2072857,6693043,4.228898,17,703193,5987453,3068589,8765900,3508456,0.714164
1441,6718582,8691402,2073187,6618215,4.192290,17,707362,6011220,3053960,8691402,3524438,0.711486
1442,6764012,8604843,2073366,6531477,4.150180,17,711009,6053003,3037688,8604843,3545909,0.708174
1443,6792592,8510364,2073364,6437000,4.104616,16,714992,6077600,3018602,8510364,3564044,0.704827
1444,6794239,8401840,2073389,6328451,4.052226,16,714570,6079669,2992878,8401840,3569672,0.701819
1445,6770288,8278265,2073463,6204802,3.992483,15,711340,6058948,2961846,8278265,3569119,0.698742
1446,6770292,8146821,2073499,6073322,3.929021,16,705382,6064910,2926840,8146821,3560539,0.695872
1447,6796377,8012788,2073485,5939303,3.864406,17,694789,6101588,2885365,8012788,3528672,0.694261
1448,6807818,8093102,2073517,6019585,3.903080,17,685877,6121941,2901340,8093102,3512258,0.697359
1449,6807824,7966442,2073533,5892909,3.841965,15,674000,6133824,2863580,7966442,3487878,0.695497
1450,6807824,8154174,2073585,6080589,3.932404,15,661716,6146108,2906259,8154174,3470862,0.701432
1451,6807824,8167869,2073583,6094286,3.939012,17,671894,6135930,2917145,8167869,3500711,0.699988
1452,6814160,8176775,2073582,6103193,3.943309,17,682538,6131622,2928522,8176775,3537313,0.698029
1453,6815979,8188389,2073580,6114809,3.948914,18,693288,6122691,2941285,8188389,3576751,0.695987
1454,6927032,8649694,2073600,6576094,4.171342,18,703280,6223752,3067777,8649694,3621414,0.704883
1455,6995082,8671278,2073600,6597678,4.181751,17,710012,6285070,3082121,8671278,3657206,0.703353
1456,7062127,8673483,2073599,6599884,4.182816,16,708572,6353555,3084642,8673483,3665085,0.702957
1457,7126797,8819264,2073600,6745664,4.253117,18,706123,6420674,3122597,8819264,3671124,0.706084
1458,7126803,8810567,2073600,6736967,4.248923,17,704765,6422038,3122873,8810567,3680925,0.705325
1459,7177192,8756508,2073600,6682908,4.222853,19,702447,6474745,3110112,8756508,3683940,0.703874
1460,7177192,8701986,2073597,6628389,4.196566,19,699730,6477462,3096562,8701986,3684262,0.702552
1461,7126803,8555635,2073599,6482036,4.125983,19,698345,6428458,3062514,8555635,3694421,0.698416
1462,7126803,8434572,2073599,6360973,4.067600,19,699636,6427167,3035539,8434572,3707584,0.694652
1463,7126803,8324483,2073599,6250884,4.014510,19,695663,6431140,3010016,8324483,3715581,0.691399
1464,7115354,8212851,2072621,6140230,3.962544,19,693670,6421684,2986907,8212851,3734777,0.687404
1465,7109020,8094806,2067748,6027058,3.914793,20,690745,6418275,2962302,8094806,3754402,0.683152
1466,7109018,7983366,2059191,5924175,3.876943,22,689405,6419613,2940344,7983366,3778010,0.678778
1467,7046646,7876213,2047535,5828678,3.846681,22,688778,6357868,2918777,7876213,3798895,0.674616
1468,6926329,7772193,2033798,5738395,3.821517,22,682048,6244281,2895444,7772193,3809583,0.671071
1469,6919008,7642442,2012467,5629975,3.797549,21,671219,6247789,2863731,7642442,3812482,0.667175
1470,6808435,7200041,1977518,5222523,3.640948,25,652628,6155807,2739505,7200041,3757979,0.657057
1471,6782861,6879149,1925683,4953466,3.572316,24,635075,6147786,2639528,6879149,3678963,0.651551
1472,6730844,6601158,1864663,4736495,3.540135,26,610031,6120813,2540078,6601158,3559154,0.649700
1473,6611100,6321519,1800487,4521032,3.511005,22,584679,6026421,2438222,6321519,3431369,0.648169
1474,6591476,6048270,1736421,4311849,3.483182,22,561594,6029882,2339458,6048270,3309562,0.646332
1475,6591460,5775514,1673368,4102146,3.451431,20,539810,6051650,2240633,5775514,3187018,0.644407
1476,6463496,5507721,1611292,3896429,3.418202,19,520995,5942501,2145304,5507721,3073495,0.641835
1477,6445570,5236518,1550060,3686458,3.378268,17,500497,5945073,2048125,5236518,2955982,0.639184
1478,6296880,4961895,1489599,3472296,3.331027,16,476139,5820741,1947153,4961895,2826717,0.637071
1479,6209563,4690452,1429840,3260612,3.280403,16,453674,5755889,1848449,4690452,2703344,0.634377
1480,6174228,4423124,1370768,3052356,3.226749,15,432647,5741581,1752587,4423124,2587224,0.630942
1481,6259952,4626534,1405533,3221001,3.291658,16,448184,5811768,1825344,4626534,2674842,0.633652
1482,6296888,4808547,1440728,3367819,3.337581,20,465356,5831532,1893635,4808547,2765993,0.634830
1483,6451904,5111559,1476419,3635140,3.462133,21,481966,5969938,1992735,5111559,2859381,0.641274
1484,6591422,5274303,1512642,3761661,3.486815,22,494862,6096560,2052496,5274303,2935681,0.642425
1485,6591460,5429138,1549630,3879508,3.503506,22,508729,6082731,2112953,5429138,3022674,0.642364
1486,6618380,5587569,1587902,3999667,3.518837,22,525005,6093375,2173577,5587569,3106739,0.642670
1487,6778875,5750994,1627181,4123813,3.534330,22,541932,6236943,2235546,5750994,3191190,0.643131
1488,6868871,5914204,1667140,4247064,3.547515,22,555986,6312885,2298087,5914204,3278144,0.643383
1489,6966293,6119104,1737110,4381994,3.522577,24,575757,6390536,2375031,6119104,3381020,0.644108
1490,7046199,6348253,1777982,4570271,3.570482,24,588891,6457308,2453058,6348253,3463979,0.646973
1491,7054210,6400039,1775199,4624840,3.605252,22,587690,6466520,2465565,6400039,3462221,0.648942
1492,7087164,6479233,1772204,4707029,3.656031,23,585743,6501421,2483977,6479233,3456675,0.652103
1493,7087172,6453031,1768970,4684061,3.647903,22,583982,6503190,2475256,6453031,3447993,0.651754
1494,7087540,6425694,1765419,4660275,3.639756,22,581831,6505709,2466826,6425694,3441610,0.651211
1495,7115358,6397421,1761611,4635810,3.631574,22,579678,6535680,2456836,6397421,3429923,0.650982
1496,7115360,6368466,1757510,4610956,3.623573,23,577037,6538323,2447140,6368466,3420094,0.650603
1497,7115360,6339872,1753118,4586754,3.616341,24,575121,6540239,2437198,6339872,3408920,0.650324
1498,7115360,6310655,1748375,4562280,3.609440,23,572994,6542366,2427150,6310655,3397945,0.650007
1499,7153742,6280898,1743279,4537619,3.602922,25,570883,6582859,2417257,6280898,3388130,0.649589
1500,7158849,6251669,1737781,4513888,3.597501,24,569140,6589709,2407137,6251669,3376879,0.649285
1501,7165183,6211279,1729460,4481819,3.591456,25,566866,6598317,2393549,6211279,3362917,0.648752
1502,7165191,6169913,1719730,4450183,3.587722,28,565035,6600156,2378887,6169913,3345635,0.648403
1503,7166570,6147431,1708508,4438923,3.598128,34,563037,6603533,2367696,6147431,3323353,0.649094
1504,7166570,6236514,1695593,4540921,3.678073,33,560595,6605975,2385912,6236514,3307134,0.653473
1505,7216967,6189361,1680905,4508456,3.682160,32,558289,6658678,2370960,6189361,3294479,0.652622
1506,7216967,6189065,1664359,4524706,3.718588,28,556151,6660816,2366106,6189065,3275359,0.653929
1507,7216967,6141571,1647650,4493921,3.727473,26,554514,6662453,2351509,6141571,3264465,0.652939
1508,7222555,6093742,1631246,4462496,3.735636,25,553080,6669475,2335739,6093742,3249214,0.652228
1509,7222555,6185972,1730327,4455645,3.575031,25,551522,6671033,2356532,6185972,3240156,0.656258
1510,7228723,6151708,1725139,4426569,3.565920,25,550445,6678278,2344728,6151708,3227204,0.655908
1511,7230411,6174998,1732375,4442623,3.564470,25,553319,6677092,2355196,6174998,3245786,0.655465
1512,7253434,6199513,1739818,4459695,3.563311,24,555254,6698180,2364353,6199513,3257899,0.655519
1513,7259168,6225876,1747324,4478552,3.563092,25,557138,6702030,2374483,6225876,3272056,0.655498
1514,7279428,6253398,1754851,4498547,3.563492,27,558903,6720525,2385092,6253398,3286970,0.655467
1515,7364065,6283174,1762375,4520799,3.565174,23,560752,6803313,2395512,6283174,3298874,0.655723
1516,7441860,6317257,1769799,4547458,3.569477,23,562548,6879312,2407081,6317257,3311067,0.656112
1517,7446781,6350620,1777049,4573571,3.573689,24,564286,6882495,2419376,6350620,3326884,0.656225
1518,7480451,6387009,1783937,4603072,3.580288,22,565374,6915077,2432899,6387009,3344587,0.656317
1519,7487153,6422336,1790193,4632143,3.587510,24,567601,6919552,2446476,6422336,3363568,0.656284
1520,7494710,6454750,1795242,4659508,3.595476,23,568959,6925751,2458658,6454750,3379882,0.656329
1521,7494710,6457945,1797672,4660273,3.592393,23,568521,6926189,2459321,6457945,3379339,0.656476
1522,7494710,6460286,1799867,4660419,3.589313,24,568045,6926665,2459641,6460286,3378278,0.656629
1523,7522528,6462426,1801837,4660589,3.586576,25,567546,6954982,2458632,6462426,3372102,0.657116
1524,7522528,6464703,1803554,4661149,3.584424,25,566777,6955751,2459802,6464703,3374505,0.657035
1525,7572919,6466018,1804988,4661030,3.582305,25,565894,7007025,2458945,6466018,3369762,0.657398
1526,7572919,6467831,1806126,4661705,3.581052,24,565626,7007293,2458648,6467831,3366761,0.657661
1527,7613131,6468592,1806942,4661650,3.579856,25,565310,7047821,2458601,6468592,3365812,0.657751
1528,7619465,6469090,1807420,4661670,3.579185,26,565687,7053778,2458049,6469090,3363106,0.657950
1529,7619465,6469396,1807498,4661898,3.579200,25,565844,7053621,2458035,6469396,3362744,0.657985
1530,7619831,6469038,1807145,4661893,3.579701,24,566003,7053828,2457711,6469038,3361806,0.658035
1531,7658213,6484217,1809982,4674235,3.582476,25,567191,7091022,2462979,6484217,3367699,0.658168
1532,7677593,6498670,1812709,4685961,3.585060,25,568313,7109280,2468846,6498670,3376714,0.658068
1533,7677593,6512985,1815328,4697657,3.587773,25,569511,7108082,2474261,6512985,3384059,0.658074
1534,7677593,6527942,1817879,4710063,3.590966,25,571035,7106558,2479766,6527942,3391122,0.658121
1535,7678952,6543122,1820311,4722811,3.594508,26,571691,7107261,2485111,6543122,3397322,0.658232
1536,7678952,6558499,1822652,4735847,3.598328,25,572241,7106711,2489938,6558499,3401253,0.658500
1537,7681702,6575081,1824920,4750161,3.602942,25,573057,7108645,2496245,6575081,3409899,0.658497
1538,7687296,6591886,1827087,4764799,3.607867,24,573431,7113865,2502138,6591886,3416666,0.658625
1539,7687296,6609691,1829190,4780501,3.613452,23,574569,7112727,2508524,6609691,3424405,0.658723
1540,7687296,6627230,1831196,4796034,3.619072,22,574867,7112429,2514356,6627230,3430194,0.658939
1541,7727140,6647115,1833052,4814063,3.626256,22,575898,7151242,2521274,6647115,3437981,0.659103
1542,7749570,6665811,1834683,4831128,3.633222,22,577339,7172231,2528497,6665811,3448177,0.659069
1543,7749570,6683646,1836158,4847488,3.640017,24,578318,7171252,2535104,6683646,3456770,0.659110
1544,7819976,6701616,1837460,4864156,3.647217,22,579850,7240126,2542484,6701616,3468320,0.658963
1545,7821593,6718801,1838581,4880220,3.654340,23,581510,7240083,2548999,6718801,3477195,0.658965
1546,7828216,6734106,1839519,4894587,3.660797,22,581445,7246771,2553103,6734106,3478306,0.659404
1547,7830796,6749616,1840243,4909373,3.667785,21,582028,7248768,2559361,6749616,3487828,0.659307
1548,7830800,6763450,1840775,4922675,3.674240,25,582588,7248212,2564276,6763450,3493654,0.659392
1549,7834209,6777096,1841112,4935984,3.680980,25,583368,7250841,2569465,6777096,3500764,0.659388
1550,7834209,6790304,1841283,4949021,3.687811,25,583368,7250841,2574681,6790304,3508420,0.659334
1551,7884666,6802815,1841248,4961567,3.694676,23,583637,7301029,2579095,6802815,3513565,0.659419
1552,7917546,6815490,1841088,4974402,3.701882,25,584254,7333292,2583454,6815490,3518326,0.659533
1553,7940224,6827410,1840796,4986614,3.708944,22,585011,7355213,2588606,6827410,3527014,0.659371
1554,7945331,6837757,1840391,4997366,3.715383,22,585634,7359697,2592843,6837757,3533615,0.659291
1555,7945331,6847936,1839872,5008064,3.721963,22,586111,7359220,2596925,6847936,3539764,0.659235
1556,7945691,6857099,1839246,5017853,3.728212,24,586212,7359479,2601227,6857099,3547809,0.659025
1557,7945699,6866669,1838510,5028159,3.734910,23,586567,7359132,2604823,6866669,3552623,0.659034
1558,7945759,6874327,1837696,5036631,3.740731,22,586668,7359091,2608372,6874327,3559161,0.658871
1559,7947802,6883159,1836802,5046357,3.747360,22,587606,7360196,2612237,6883159,3565789,0.658742
1560,7947802,6892222,1835860,5056362,3.754220,23,588336,7359466,2616392,6892222,3573346,0.658562
1561,7951152,6900580,1834822,5065758,3.760899,22,588447,7362705,2620299,6900580,3580616,0.658377
1562,8029363,6911640,1833717,5077923,3.769197,22,589239,7440124,2626095,6911640,3592740,0.657977
1563,8031699,6923667,1832546,5091121,3.778168,22,590767,7440932,2631017,6923667,3600401,0.657889
1564,8031735,6938158,1831322,5106836,3.788606,22,592639,7439096,2639830,6938158,3621162,0.657065
1565,8031735,6954556,1830021,5124535,3.800260,22,594573,7437162,2647095,6954556,3633824,0.656810
1566,8038489,6973319,1828655,5144664,3.813360,23,596111,7442378,2655564,6973319,3648937,0.656482
1567,8077033,6993867,1827231,5166636,3.827577,24,597330,7479703,2663987,6993867,3662081,0.656335
1568,8077033,7014785,1825744,5189041,3.842151,24,598798,7478235,2671600,7014785,3671615,0.656422
1569,8096413,7037419,1824188,5213231,3.857836,25,600122,7496291,2681310,7037419,3687821,0.656155
1570,8096413,7060853,1822566,5238287,3.874127,27,601686,7494727,2690545,7060853,3701327,0.656080
1571,8096413,7084510,1820890,5263620,3.890685,27,602977,7493436,2699793,7084510,3714662,0.656023
1572,8097450,7104132,1819136,5284996,3.905223,30,603457,7493993,2707474,7104132,3725764,0.655974
1573,8097450,7121656,1817315,5304341,3.918779,33,603902,7493548,2714675,7121656,3737044,0.655848
1574,8099850,7137239,1815445,5321794,3.931399,28,604038,7495812,2720895,7137239,3746341,0.655780
1575,8113855,7152198,1813535,5338663,3.943788,29,603893,7509962,2726200,7152198,3752602,0.655876
1576,8114595,7165425,1811581,5353844,3.955343,33,604529,7510066,2731497,7165425,3760563,0.655815
1577,8114595,7174680,1809590,5365090,3.964810,31,604485,7510110,2735178,7174680,3766032,0.655778
1578,8168084,7181828,1807562,5374266,3.973213,30,605018,7563066,2738613,7181828,3772624,0.655608
1579,8168092,7185058,1805498,5379560,3.979544,31,605375,7562717,2740534,7185058,3777078,0.655443
1580,8174837,7186751,1803393,5383358,3.985127,33,605381,7569456,2740450,7186751,3775049,0.655618
1581,8174469,7144669,1794136,5350533,3.982234,33,605761,7568708,2729138,7144669,3771883,0.654480
1582,8169188,7100657,1784700,5315957,3.978628,29,606345,7562843,2716792,7100657,3766511,0.653405
1583,8169180,7054568,1774836,5279732,3.974772,31,606510,7562670,2704139,7054568,3761988,0.652201
1584,8169180,7006698,1764506,5242192,3.970912,31,606212,7562968,2689649,7006698,3751898,0.651265
1585,8169180,6956447,1753787,5202660,3.966529,29,606205,7562975,2674099,6956447,3739949,0.650354
1586,8169180,6904878,1742654,5162224,3.962277,29,605880,7563300,2660053,6904878,3735334,0.648942
1587,8167505,6849606,1731153,5118453,3.956673,28,604963,7562542,2641577,6849606,3716702,0.648250
1588,8161919,6792588,1718897,5073691,3.951713,28,603798,7558121,2623384,6792588,3700948,0.647312
1589,8115691,6733774,1705933,5027841,3.947268,28,602266,7513425,2603801,6733774,3681430,0.646533
1590,8107705,6673541,1692349,4981192,3.943360,29,600114,7507591,2583860,6673541,3661899,0.645695
1591,8107705,6604466,1677498,4926968,3.937093,27,597722,7509983,2560789,6604466,3638690,0.644769
1592,8107703,6535311,1661957,4873354,3.932298,24,594402,7513301,2539039,6535311,3620845,0.643483
1593,8107703,6465757,1645888,4819869,3.928431,24,591455,7516248,2515503,6465757,3596255,0.642591
1594,8107695,6395311,1629456,4765855,3.924814,23,588167,7519528,2491940,6395311,3572449,0.641600
1595,8087219,6324333,1612590,4711743,3.921848,24,584370,7502849,2467178,6324333,3544379,0.640847
1596,8087219,6252718,1595382,4657336,3.919261,25,580863,7506356,2442070,6252718,3515562,0.640104
1597,8087219,6181041,1577906,4603135,3.917243,25,576848,7510371,2416706,6181041,3485783,0.639408
1598,8086343,6109910,1560362,4549548,3.915700,25,572909,7513434,2391986,6109910,3458034,0.638581
1599,8086343,6038281,1542781,4495500,3.913894,26,568435,7517908,2364652,6038281,3420327,0.638390
1600,8086343,5968183,1525166,4443017,3.913137,26,564723,7521620,2339880,5968183,3391337,0.637659
1601,8086343,5960930,1522931,4437999,3.914117,26,564047,7522296,2336688,5960930,3385822,0.637754
1602,8087439,5953595,1520668,4432927,3.915118,26,563442,7523997,2335022,5953595,3386493,0.637424
1603,8087439,5948450,1518376,4430074,3.917640,26,562829,7524610,2333160,5948450,3384190,0.637381
1604,8087449,5942067,1516049,4426018,3.919443,26,562266,7525183,2330858,5942067,3381365,0.637326
1605,8087451,5936691,1513701,4422990,3.921971,27,561837,7525614,2327708,5936691,3374141,0.637611
1606,8088327,5931602,1511308,4420294,3.924813,26,560964,7527363,2324940,5931602,3368158,0.637823
1607,8088327,5924947,1508884,4416063,3.926708,27,560375,7527952,2322109,5924947,3363489,0.637884
1608,8088327,5916269,1506442,4409827,3.927313,26,558890,7529437,2317843,5916269,3355103,0.638122
1609,8088327,5908382,1503972,4404410,3.928519,23,557277,7531050,2312939,5908382,3343374,0.638623
1610,8093913,5900048,1501471,4398577,3.929512,23,555924,7537989,2309778,5900048,3339064,0.638595
1611,8093913,5909832,1503829,4406003,3.929856,25,555176,7538737,2311765,5909832,3337228,0.639104
1612,8164802,5920148,1506158,4413990,3.930629,23,554315,7610487,2312281,5920148,3328976,0.640077
1613,8164802,5930287,1508453,4421834,3.931370,24,553615,7611187,2314558,5930287,3327945,0.640542
1614,8164802,5940357,1510724,4429633,3.932126,23,553223,7611579,2316091,5940357,3324007,0.641205
1615,8166485,5950543,1512954,4437589,3.933063,23,552954,7613531,2317059,5950543,3317693,0.642036
1616,8222676,5959179,1515160,4444019,3.933036,24,552320,7670356,2317991,5959179,3312785,0.642709
1617,8229794,5966229,1517328,4448901,3.932063,25,551415,7678379,2318925,5966229,3309471,0.643211
1618,8265598,5971920,1519463,4452457,3.930283,24,550665,7714933,2318285,5971920,3301220,0.644002
1619,8265598,5976699,1521573,4455126,3.927974,24,550062,7715536,2317709,5976699,3294137,0.644677
1620,8265600,5980063,1523638,4456425,3.924858,23,549072,7716528,2317166,5980063,3288601,0.645191
1621,8265960,5982129,1525599,4456530,3.921167,23,548040,7717920,2315973,5982129,3281763,0.645747
1622,8292998,5982530,1527524,4455006,3.916488,24,547726,7745272,2314188,5982530,3274222,0.646288
1623,8293376,5979647,1529430,4450217,3.909723,23,546604,7746772,2311564,5979647,3266609,0.646710
1624,8293384,5974892,1531305,4443587,3.901830,25,545836,7747548,2308001,5974892,3257112,0.647193
1625,8293384,5968537,1533157,4435380,3.892972,26,544800,7748584,2304410,5968537,3249103,0.647512
1626,8300086,5960790,1534968,4425822,3.883332,24,543618,7756468,2298843,5960790,3234582,0.648238
1627,8350475,5950608,1536700,4413908,3.872329,26,541991,7808484,2294178,5950608,3226104,0.648447
1628,8350477,5940426,1538534,4401892,3.861095,28,540544,7809933,2288075,5940426,3211874,0.649064
1629,8350477,5929867,1540279,4389588,3.849866,29,539144,7811333,2282797,5929867,3201321,0.649408
1630,8355367,5919198,1541995,4377203,3.838662,28,538151,7817216,2277952,5919198,3192610,0.649618
1631,8355367,5907070,1543692,4363378,3.826586,28,536612,7818755,2272214,5907070,3181786,0.649924
1632,8402012,5894005,1545356,4348649,3.814011,31,535371,7866641,2266254,5894005,3171011,0.650192
1633,8402012,5879889,1547004,4332885,3.800823,31,534218,7867794,2260403,5879889,3161723,0.650314
1634,8402012,5864686,1548597,4316089,3.787096,31,533004,7869008,2254362,5864686,3152762,0.650371
1635,8402012,5849210,1550191,4299019,3.773219,35,532230,7869782,2246991,5849210,3138754,0.650783
1636,8402012,5833733,1551754,4281979,3.759444,34,531818,7870194,2241333,5833733,3131599,0.650699
1637,8402906,5818003,1553287,4264716,3.745607,35,531169,7871737,2235045,5818003,3122177,0.650770
1638,8402906,5801039,1554780,4246259,3.731100,40,530125,7872781,2228696,5801039,3113745,0.650721
1639,8405392,5784683,1556249,4228434,3.717068,36,529527,7875865,2221829,5784683,3102633,0.650892
1640,8405392,5767411,1557689,4209722,3.702543,35,529031,7876361,2214891,5767411,3092153,0.650981
1641,8405392,5758402,1565910,4192492,3.677352,35,527973,7877419,2210139,5758402,3082154,0.651362
1642,8437352,5747505,1573719,4173786,3.652180,35,527705,7909647,2203684,5747505,3067231,0.652034
1643,8437352,5734004,1581096,4152908,3.626601,35,527188,7910164,2197656,5734004,3056620,0.652286
1644,8442940,5720143,1588081,4132062,3.601921,36,527079,7915861,2192165,5720143,3048517,0.652339
1645,8453672,5706081,1594614,4111467,3.578346,32,526642,7927030,2184858,5706081,3033351,0.652912
1646,8483648,5692713,1600643,4092070,3.556516,32,525992,7957656,2179476,5692713,3025191,0.652991
1647,8484018,5680149,1606306,4073843,3.536156,31,525465,7958553,2172946,5680149,3011635,0.653508
1648,8485795,5667143,1611457,4055686,3.516782,29,524525,7961270,2165692,5667143,2995625,0.654195
1649,8525067,5654302,1616158,4038144,3.498607,29,523175,8001892,2160155,5654302,2986318,0.654386
1650,8534833,5641094,1620397,4020697,3.481304,28,521502,8013331,2154287,5641094,2976054,0.654636
1651,8534865,5633096,1626761,4006335,3.462768,28,520133,8014732,2148832,5633096,2962232,0.655367
1652,8538334,5625060,1632825,3992235,3.444986,31,518655,8019679,2142894,5625060,2946516,0.656246
1653,8538342,5616235,1638506,3977729,3.427656,28,516418,8021924,2138027,5616235,2935873,0.656708
1654,8561376,5607153,1643712,3963441,3.411275,27,513994,8047382,2130880,5607153,2916367,0.657845
1655,8561376,5597390,1648329,3949061,3.395797,30,511481,8049895,2124675,5597390,2901310,0.658617
1656,8561378,5587007,1652565,3934442,3.380809,30,508635,8052743,2117065,5587007,2881253,0.659759
1657,8561378,5575892,1656325,3919567,3.366424,28,505582,8055796,2110015,5575892,2864168,0.660646
1658,8561378,5562879,1659762,3903117,3.351612,30,502322,8059056,2100761,5562879,2840165,0.662008
1659,8561706,5547812,1662865,3884947,3.336297,30,498148,8063558,2090314,5547812,2813444,0.663514
1660,8561730,5532157,1665756,3866401,3.321109,30,493876,8067854,2081537,5532157,2793991,0.664432
1661,8565133,5513042,1664404,3848638,3.312322,31,491685,8073448,2073392,5513042,2780526,0.664737
1662,8609670,5493294,1662684,3830610,3.303871,30,489140,8120530,2064896,5493294,2766290,0.665081
1663,8609670,5473107,1660509,3812598,3.296042,28,486332,8123338,2055513,5473107,2748945,0.665662
1664,8632336,5453416,1657873,3795543,3.289405,29,484020,8148316,2047649,5453416,2737180,0.665814
1665,8637922,5433125,1654840,3778285,3.283172,29,481422,8156500,2038050,5433125,2719075,0.666461
1666,8637922,5413011,1651397,3761614,3.277837,28,478999,8158923,2029669,5413011,2705665,0.666736
1667,8637922,5391460,1647493,3743967,3.272524,25,475997,8161925,2020085,5391460,2688880,0.667232
1668,8637922,5369288,1643442,3725846,3.267099,26,472600,8165322,2009758,5369288,2669744,0.667902
1669,8637930,5348265,1639268,3708997,3.262593,25,470193,8167737,2001596,5348265,2658119,0.668000
1670,8638300,5326084,1635027,3691057,3.257490,24,466479,8171821,1990479,5326084,2635832,0.668945
1671,8638300,5301537,1627731,3673806,3.257011,24,464919,8173381,1982058,5301537,2626695,0.668691
1672,8638300,5276741,1620377,3656364,3.256490,25,463001,8175299,1973298,5276741,2616451,0.668518
1673,8638300,5250959,1613117,3637842,3.255163,26,461044,8177256,1963820,5250959,2604321,0.668462
1674,8638300,5225286,1605511,3619775,3.254594,26,459573,8178727,1954275,5225286,2591814,0.668443
1675,8638308,5199362,1597993,3601369,3.253683,26,457536,8180772,1944872,5199362,2580126,0.668342
1676,8638308,5173771,1590428,3583343,3.253068,28,455755,8182553,1935688,5173771,2568981,0.668208
1677,8638308,5147903,1582813,3565090,3.252376,28,454171,8184137,1926193,5147903,2556869,0.668145
1678,8638308,5122053,1575146,3546907,3.251796,28,452117,8186191,1916162,5122053,2542595,0.668270
1679,8638308,5095902,1567438,3528464,3.251103,28,450224,8188084,1905459,5095902,2525934,0.668592
1680,8638308,5070069,1559678,3510391,3.250715,29,448139,8190169,1895959,5070069,2513767,0.668536
1681,8638308,5046274,1553778,3492496,3.247745,31,450758,8187550,1890709,5046274,2516562,0.667246
1682,8638308,5023949,1547966,3475983,3.245516,28,453017,8185291,1885721,5023949,2518935,0.666051
1683,8638308,5004480,1542224,3462256,3.244976,29,455799,8182509,1883454,5004480,2529336,0.664269
1684,8638308,4985427,1536062,3449365,3.245590,29,458581,8179727,1880689,4985427,2537329,0.662713
1685,8638306,4966507,1529825,3436682,3.246454,27,461689,8176617,1878047,4966507,2545681,0.661127
1686,8638306,4947199,1523445,3423754,3.247376,25,463952,8174354,1874863,4947199,2552253,0.659675
1687,8638306,4925258,1516863,3408395,3.247003,25,465732,8172574,1870104,4925258,2555158,0.658420
1688,8638306,4901470,1510006,3391464,3.245994,22,467246,8171060,1864970,4901470,2558410,0.657044
1689,8638306,4876599,1502665,3373934,3.245300,21,468291,8170015,1859103,4876599,2559813,0.655773
1690,8638306,4850105,1494924,3355181,3.244382,22,468984,8169322,1852229,4850105,2558811,0.654631
1691,8638306,4826074,1485621,3340453,3.248523,23,467724,8170582,1844909,4826074,2553562,0.653972
1692,8638306,4801477,1476247,3325230,3.252489,24,467269,8171037,1836367,4801477,2543991,0.653665
1693,8638306,4777252,1466826,3310426,3.256863,24,466699,8171607,1829001,4777252,2538752,0.652987
1694,8638306,4751441,1457376,3294065,3.260271,26,464813,8173493,1819463,4751441,2526411,0.652863
1695,8638304,4727177,1447914,3279263,3.264819,27,464454,8173850,1811203,4727177,2517635,0.652491
1696,8638304,4702002,1438523,3263479,3.268632,27,463042,8175262,1802761,4702002,2509042,0.652056
1697,8638304,4677019,1429117,3247902,3.272663,27,461803,8176501,1794137,4677019,2499529,0.651709
1698,8638304,4651664,1419735,3231929,3.276431,28,460402,8177902,1785503,4651664,2490348,0.651310
1699,8644484,4626304,1413735,3212569,3.272398,28,459249,8185235,1776423,4626304,2479388,0.651070
1700,8644484,4601334,1408117,3193217,3.267721,28,457537,8186947,1767936,4601334,2470410,0.650665
1701,8644484,4594194,1414095,3180099,3.248858,28,456403,8188081,1764169,4594194,2462482,0.651042
1702,8644490,4588840,1420205,3168635,3.231111,28,456153,8188337,1761730,4588840,2458080,0.651184
1703,8644490,4583395,1424440,3158955,3.217682,29,455353,8189137,1758311,4583395,2449849,0.651676
1704,8644490,4579166,1426916,3152250,3.209135,28,454990,8189500,1756429,4579166,2446550,0.651772
1705,8644490,4574945,1429129,3145816,3.201212,28,454355,8190135,1753290,4574945,2438215,0.652337
1706,8644490,4570312,1430579,3139733,3.194729,27,453847,8190643,1751566,4570312,2435952,0.652318
1707,8644490,4566623,1431298,3135325,3.190547,28,453684,8190806,1750149,4566623,2433973,0.652319
1708,8644490,4561622,1431213,3130409,3.187242,26,453494,8190996,1748400,4561622,2431978,0.652257
1709,8644490,4556793,1430402,3126391,3.185673,24,452871,8191619,1745952,4556793,2427015,0.652480
1710,8644490,4552001,1428849,3123152,3.185782,24,452375,8192115,1744110,4552001,2424439,0.652482
1711,8663606,4535377,1421185,3114192,3.191264,27,451787,8211819,1738531,4535377,2418747,0.652185
1712,8663606,4518978,1413425,3105553,3.197183,25,450340,8213266,1732756,4518978,2412046,0.651993
1713,8663606,4502566,1405550,3097016,3.203419,25,449654,8213952,1726664,4502566,2404090,0.651917
1714,8663606,4485605,1397560,3088045,3.209597,26,448287,8215319,1721301,4485605,2399599,0.651485
1715,8663606,4468424,1389473,3078951,3.215913,24,446933,8216673,1714742,4468424,2390544,0.651472
1716,8663606,4457094,1386790,3070304,3.213965,25,446135,8217471,1710974,4457094,2386802,0.651251
1717,8663606,4446906,1385527,3061379,3.209541,24,444996,8218610,1707240,4446906,2382054,0.651183
1718,8663606,4437316,1384186,3053130,3.205722,23,444055,8219551,1703756,4437316,2377708,0.651108
1719,8663606,4427240,1382717,3044523,3.201841,23,443296,8220310,1698907,4427240,2368388,0.651484
1720,8693888,4417088,1381153,3035935,3.198116,23,442436,8251452,1694520,4417088,2360992,0.651672
1721,8693888,4406667,1379810,3026857,3.193677,24,441288,8252600,1690647,4406667,2355921,0.651624
1722,8693888,4395997,1378433,3017564,3.189126,24,440008,8253880,1686021,4395997,2348087,0.651830
1723,8693888,4384793,1377044,3007749,3.184207,21,438533,8255355,1680590,4384793,2337567,0.652270
1724,8693896,4373852,1375583,2998269,3.179635,23,437252,8256644,1676066,4373852,2330412,0.652399
1725,8693896,4363053,1374100,2988953,3.175208,23,436149,8257747,1671176,4363053,2321651,0.652692
1726,8694264,4351895,1372551,2979344,3.170662,23,435052,8259212,1666765,4351895,2315165,0.652746
1727,8694266,4340895,1370887,2970008,3.166486,24,433788,8260478,1662489,4340895,2309061,0.652770
1728,8694266,4329585,1369255,2960330,3.162001,24,432119,8262147,1657055,4329585,2298635,0.653205
1729,8694266,4318275,1367560,2950715,3.157649,25,430946,8263320,1652305,4318275,2290945,0.653371
1730,8694266,4306673,1365863,2940810,3.153078,26,429740,8264526,1647672,4306673,2284015,0.653448
1731,8694266,4294894,1364577,2930317,3.147418,27,428686,8265580,1642993,4294894,2277078,0.653517
1732,8694266,4282315,1363288,2919027,3.141167,26,427117,8267149,1637226,4282315,2266589,0.653898
1733,8697020,4269456,1361924,2907532,3.134871,28,425504,8271516,1632207,4269456,2259372,0.653939
1734,8697251,4256736,1360488,2896248,3.128830,28,424597,8272654,1627314,4256736,2252520,0.653951
1735,8697251,4243217,1358965,2884252,3.122389,29,423290,8273961,1621993,4243217,2244755,0.654013
1736,8697253,4230023,1357300,2872723,3.116498,29,422029,8275224,1616911,4230023,2237621,0.654028
1737,8719919,4216117,1355584,2860533,3.110185,29,420831,8299088,1611545,4216117,2230063,0.654049
1738,8719919,4202094,1353764,2848330,3.104008,30,419675,8300244,1605742,4202094,2220874,0.654229
1739,8719919,4187404,1351858,2835546,3.097518,30,418177,8301742,1600126,4187404,2213100,0.654230
1740,8722786,4173463,1349920,2823543,3.091637,30,417267,8305519,1594923,4173463,2206229,0.654179
1741,8722786,4158238,1348626,2809612,3.083314,30,415918,8306868,1589181,4158238,2198486,0.654148
1742,8723753,4142709,1346931,2795778,3.075665,29,415007,8308746,1583531,4142709,2191415,0.654030
1743,8723769,4126486,1344687,2781799,3.068733,29,413882,8309887,1577287,4126486,2182662,0.654048
1744,8723775,4110559,1342106,2768453,3.062768,28,412165,8311610,1571086,4110559,2173785,0.654095
1745,8723915,4092967,1339006,2753961,3.056720,28,409778,8314137,1563874,4092967,2162529,0.654299
1746,8730551,4075078,1335514,2739564,3.051318,29,407214,8323337,1556204,4075078,2149738,0.654650
1747,8730589,4055889,1331623,2724266,3.045824,28,404142,8326447,1547677,4055889,2134819,0.655158
1748,8730589,4036124,1327313,2708811,3.040823,27,400803,8329786,1539760,4036124,2122916,0.655317
1749,8812558,4014937,1322526,2692411,3.035810,27,397089,8415469,1530266,4014937,2106127,0.655921
1750,8812558,3992156,1317396,2674760,3.030339,23,393075,8419483,1519872,3992156,2087332,0.656660
1751,8812558,3970911,1311088,2659823,3.028714,22,391484,8421074,1512193,3970911,2077861,0.656482
1752,8812562,3949057,1304604,2644453,3.027016,21,389783,8422779,1504377,3949057,2068451,0.656261
1753,8812562,3926852,1298150,2628702,3.024960,22,387654,8424908,1496638,3926852,2059700,0.655946
1754,8812562,3904511,1291688,2612823,3.022797,22,385861,8426701,1488091,3904511,2047853,0.655960
1755,8812562,3882534,1285192,2597342,3.020976,22,384387,8428175,1480941,3882534,2041230,0.655417
1756,8812562,3860629,1278719,2581910,3.019138,20,382930,8429632,1473219,3860629,2032247,0.655135
1757,8812562,3838653,1272234,2566419,3.017254,20,381383,8431179,1465055,3838653,2021567,0.655036
1758,8812564,3816061,1265666,2550395,3.015062,20,379770,8432794,1456911,3816061,2011583,0.654821
1759,8812564,3793117,1259192,2533925,3.012342,19,377248,8435316,1448152,3793117,1999491,0.654820
1760,8812564,3770993,1252674,2518319,3.010355,20,375689,8436875,1440588,3770993,1991359,0.654419
1761,8812564,3750805,1246458,2504347,3.009171,19,374369,8438195,1433554,3750805,1983411,0.654109
1762,8812564,3730629,1240263,2490366,3.007934,18,373135,8439429,1426237,3730629,1974319,0.653929
1763,8812564,3710095,1234136,2475959,3.006229,19,371929,8440635,1418946,3710095,1965689,0.653671
1764,8812564,3689382,1228044,2461338,3.004275,19,370017,8442547,1411296,3689382,1955802,0.653545
1765,8812564,3669064,1221999,2447065,3.002510,19,368721,8443843,1404187,3669064,1947684,0.653236
1766,8812564,3648916,1216024,2432892,3.000694,19,367091,8445473,1396692,3648916,1937852,0.653135
1767,8812564,3628410,1210022,2418388,2.998631,19,365564,8447000,1389475,3628410,1929490,0.652838
1768,8812564,3607812,1204106,2403706,2.996258,19,363979,8448585,1382006,3607812,1920212,0.652640
1769,8812566,3587443,1198184,2389259,2.994067,19,362886,8449680,1374819,3587443,1911833,0.652348
1770,8812566,3566654,1192292,2374362,2.991427,20,361061,8451505,1367355,3566654,1902766,0.652108
1771,8812566,3546634,1186139,2360495,2.990066,19,361116,8451450,1361727,3546634,1900274,0.651128
1772,8812566,3525999,1179975,2346024,2.988198,18,360765,8451801,1355416,3525999,1895665,0.650354
1773,8812566,3505579,1173826,2331753,2.986455,19,360603,8451963,1348418,3505579,1888093,0.649943
1774,8812566,3485592,1167658,2317934,2.985114,19,360296,8452270,1342759,3485592,1885444,0.648961
1775,8812566,3465558,1161475,2304083,2.983756,20,360456,8452110,1337002,3465558,1882450,0.648009
1776,8812566,3444930,1155287,2289643,2.981882,20,359529,8453037,1329881,3444930,1874594,0.647601
1777,8812566,3424563,1149113,2275450,2.980179,19,358998,8453568,1323354,3424563,1868853,0.646948
1778,8812566,3404791,1142952,2261839,2.978945,19,358936,8453630,1317343,3404791,1864581,0.646147
1779,8812566,3384319,1136769,2247550,2.977139,19,358389,8454177,1310697,3384319,1858469,0.645519
1780,8812566,3364706,1130591,2234115,2.976059,19,357956,8454610,1304934,3364706,1855030,0.644612
1781,8812566,3345402,1124771,2220631,2.974296,19,357305,8455261,1298242,3345402,1847566,0.644218
1782,8812566,3326293,1118982,2207311,2.972606,19,356467,8456099,1291958,3326293,1841539,0.643653
1783,8812566,3307090,1113136,2193954,2.970967,19,355787,8456779,1285496,3307090,1834894,0.643154
1784,8812566,3288598,1107342,2181256,2.969812,20,354934,8457632,1279420,3288598,1829082,0.642595
1785,8812566,3269682,1101553,2168129,2.968248,19,353902,8458664,1272720,3269682,1821198,0.642263
1786,8812566,3251178,1095728,2155450,2.967140,22,353341,8459225,1267294,3251178,1817998,0.641362
1787,8812568,3232181,1089986,2142195,2.965342,19,352066,8460502,1260810,3232181,1811059,0.640894
1788,8812568,3213536,1084198,2129338,2.963975,18,351442,8461126,1254142,3213536,1803032,0.640585
1789,8812568,3195039,1078467,2116572,2.962575,19,350444,8462124,1247555,3195039,1795181,0.640260
1790,8812568,3176273,1072738,2103535,2.960903,19,349343,8463225,1241595,3176273,1790107,0.639555
1791,8812568,3157945,1068375,2089570,2.955839,19,346397,8466171,1233291,3157945,1775219,0.640146
1792,8812568,3139331,1063628,2075703,2.951531,21,343238,8469330,1225363,3139331,1762121,0.640490
1793,8812570,3118640,1058328,2060312,2.946761,19,338973,8473597,1216092,3118640,1745728,0.641119
1794,8812570,3097259,1052418,2044841,2.942993,22,334375,8478195,1205845,3097259,1726121,0.642135
1795,8812570,3075020,1045966,2029054,2.939885,20,330057,8482513,1195381,3075020,1706504,0.643105
1796,8812572,3050871,1038792,2012079,2.936941,20,324865,8487707,1183829,3050871,1684445,0.644280
1797,8812572,3026691,1031181,1995510,2.935169,20,320025,8492547,1173536,3026691,1667453,0.644780
1798,8812572,3001894,1023223,1978671,2.933763,21,314934,8497638,1161926,3001894,1645810,0.645888
1799,8812574,2977773,1014901,1962872,2.934053,20,310368,8502206,1150933,2977773,1625959,0.646817
1800,8812574,2953451,1006155,1947296,2.935384,18,305633,8506941,1139883,2953451,1606081,0.647753
1801,8812574,2934836,999515,1935321,2.936260,19,303282,8509292,1132845,2934836,1596544,0.647669
1802,8812574,2916075,992840,1923235,2.937105,20,301325,8511249,1125319,2916075,1585201,0.647833
1803,8812576,2896716,986072,1910644,2.937631,20,298941,8513635,1117230,2896716,1572204,0.648192
1804,8812576,2877667,979338,1898329,2.938380,18,296580,8515996,1109280,2877667,1559453,0.648544
1805,8812570,2858822,972286,1886536,2.940310,18,294208,8518362,1102372,2858822,1550666,0.648334
1806,8744564,2839783,965310,1874473,2.941835,18,292166,8452398,1094660,2839783,1538857,0.648554
1807,8744564,2820779,958265,1862514,2.943631,19,289769,8454795,1087634,2820779,1529757,0.648375
1808,8744564,2801388,951132,1850256,2.945320,20,287530,8457034,1079661,2801388,1517256,0.648673
1809,8744564,2782563,943978,1838585,2.947699,20,285526,8459038,1072291,2782563,1506601,0.648743
1810,8744564,2763135,936739,1826396,2.949738,19,283035,8461529,1064525,2763135,1494965,0.648913
1811,8744564,2749118,931974,1817144,2.949780,19,282671,8461893,1060231,2749118,1491806,0.648236
1812,8744564,2735362,927210,1808152,2.950100,19,282294,8462270,1056363,2735362,1490090,0.647354
1813,8744564,2721760,922470,1799290,2.950513,20,282064,8462500,1051236,2721760,1483184,0.647276
1814,8744564,2707974,917737,1790237,2.950708,18,281412,8463152,1047190,2707974,1480786,0.646486
1815,8744564,2694424,913069,1781355,2.950953,19,281152,8463412,1042924,2694424,1477272,0.645882
1816,8744564,2680740,908324,1772416,2.951304,18,280771,8463793,1038803,2680740,1474472,0.645151
1817,8744564,2667245,903690,1763555,2.951504,19,280279,8464285,1034376,2667245,1470259,0.644651
1818,8744564,2653693,899038,1754655,2.951703,18,279798,8464766,1029732,2653693,1465235,0.644268
1819,8812570,2640360,894436,1745924,2.951983,19,279629,8532941,1025671,2640360,1462324,0.643569
1820,8812570,2627105,889842,1737263,2.952327,19,278994,8533576,1021677,2627105,1459603,0.642841
1821,8812570,2614086,885400,1728686,2.952435,18,278798,8533772,1017523,2614086,1456006,0.642267
1822,8812570,2601024,880931,1720093,2.952585,18,278059,8534511,1013077,2601024,1451284,0.641862
1823,8812576,2588103,876537,1711566,2.952645,19,277873,8534703,1009004,2588103,1447913,0.641252
1824,8812576,2575362,872162,1703200,2.952848,18,277513,8535063,1005016,2575362,1444702,0.640627
1825,8812576,2562219,867772,1694447,2.952641,19,276479,8536097,1000608,2562219,1440213,0.640166
1826,8812576,2549906,863441,1686465,2.953191,18,276534,8536042,996637,2549906,1436642,0.639628
1827,8812576,2537313,859104,1678209,2.953441,17,276240,8536336,992633,2537313,1433219,0.639036
1828,8812576,2524276,854764,1669512,2.953185,18,275048,8537528,988125,2524276,1428224,0.638653
1829,8812576,2511564,850492,1661072,2.953072,18,274870,8537706,984226,2511564,1425340,0.637954
1830,8812576,2498870,846255,1652615,2.952857,18,274161,8538415,979708,2498870,1419962,0.637657
1831,8812576,2492451,844785,1647666,2.950397,17,276312,8536264,979809,2492451,1426785,0.635953
1832,8812576,2485665,843198,1642467,2.947902,19,278647,8533929,979752,2485665,1433343,0.634259
1833,8812576,2478858,841521,1637337,2.945688,18,281068,8531508,979348,2478858,1438534,0.632783
1834,8812576,2471502,839607,1631895,2.943641,17,283251,8529325,979384,2471502,1446034,0.630882
1835,8812576,2463354,837216,1626138,2.942316,18,285454,8527122,978450,2463354,1450446,0.629402
1836,8812576,2454099,834437,1619662,2.941024,18,287115,8525461,976162,2454099,1450549,0.628507
1837,8812576,2444722,831447,1613275,2.940322,17,288585,8523991,975049,2444722,1455474,0.626820
1838,8812576,2434063,828275,1605788,2.938714,18,289314,8523262,971817,2434063,1453205,0.626163
1839,8812576,2423395,824952,1598443,2.937619,18,290113,8522463,969856,2423395,1456029,0.624679
1840,8812576,2411924,821457,1590467,2.936154,18,291071,8521505,966985,2411924,1456016,0.623568
1841,8812576,2399160,817046,1582114,2.936383,19,290548,8522028,962187,2399160,1449588,0.623361
1842,8812576,2385749,812640,1573109,2.935801,19,289521,8523055,957961,2385749,1446095,0.622611
1843,8812576,2372542,808268,1564274,2.935341,18,288626,8523950,952638,2372542,1438010,0.622624
1844,8812576,2359223,803901,1555322,2.934718,18,287646,8524930,947886,2359223,1432321,0.622233
1845,8812576,2346455,799574,1546881,2.934631,19,286772,8525804,943377,2346455,1427053,0.621823
1846,8812576,2333220,795236,1537984,2.933997,18,285683,8526893,939076,2333220,1423084,0.621148
1847,8812576,2320666,790950,1529716,2.934024,17,284860,8527716,934560,2320666,1417574,0.620791
1848,8812576,2307924,786704,1521220,2.933662,19,283904,8528672,930018,2307924,1412148,0.620398
1849,8812576,2295192,782448,1512744,2.933348,18,282772,8529804,925101,2295192,1405212,0.620254
1850,8812576,2282161,778256,1503905,2.932404,16,281615,8530961,920027,2282161,1397947,0.620134
1851,8812576,2273762,775589,1498173,2.931658,17,281580,8530996,917318,2273762,1395510,0.619677
1852,8812576,2265065,772815,1492250,2.930928,17,281442,8531134,915288,2265065,1396087,0.618675
1853,8812576,2255853,769935,1485918,2.929927,18,281263,8531313,912042,2255853,1392315,0.618352
1854,8812576,2246419,766936,1479483,2.929083,18,280633,8531943,908679,2246419,1388297,0.618045
1855,8812576,2236097,763831,1472266,2.927476,17,279658,8532918,904897,2236097,1383491,0.617777
1856,8812576,2225994,760386,1465608,2.927453,18,279251,8533325,901819,2225994,1381282,0.617084
1857,8812576,2214673,756725,1457948,2.926655,18,277874,8534702,897475,2214673,1375227,0.616918
1858,8812576,2203346,753072,1450274,2.925811,17,276670,8535906,893179,2203346,1369370,0.616715
1859,8812576,2192182,749449,1442733,2.925058,19,275305,8537271,888314,2192182,1361074,0.616950
1860,8812576,2181435,745898,1435537,2.924575,18,274394,8538182,884213,2181435,1355417,0.616773
1861,8812576,2180201,745620,1434581,2.924011,17,274141,8538435,884239,2180201,1356755,0.616406
1862,8812576,2178861,745357,1433504,2.923245,17,274452,8538124,883941,2178861,1356903,0.616235
1863,8812576,2177344,745068,1432276,2.922343,17,274066,8538510,882637,2177344,1353204,0.616716
1864,8812576,2176379,744796,1431583,2.922114,18,273982,8538594,882843,2176379,1354993,0.616298
1865,8812576,2174542,744490,1430052,2.920848,19,273632,8538944,881886,2174542,1353002,0.616446
1866,8812576,2173594,744124,1429470,2.921010,19,274193,8538383,881801,2173594,1353610,0.616237
1867,8812576,2172476,743726,1428750,2.921070,18,273957,8538619,881463,2172476,1353376,0.616156
1868,8812576,2170925,743360,1427565,2.920422,18,273938,8538638,880786,2170925,1352219,0.616190
1869,8812576,2169341,742909,1426432,2.920063,18,273762,8538814,880441,2169341,1352423,0.615981
1870,8812576,2167940,742462,1425478,2.919934,17,273688,8538888,880329,2167940,1353376,0.615662
1871,8812576,2170031,743032,1426999,2.920508,17,273941,8538635,881013,2170031,1354021,0.615777
1872,8812576,2171743,743605,1428138,2.920560,18,274140,8538436,881579,2171743,1354573,0.615867
1873,8812576,2173716,744140,1429576,2.921112,18,274644,8537932,882719,2173716,1357160,0.615631
1874,8812574,2176217,744656,1431561,2.922446,16,275109,8537465,884063,2176217,1360035,0.615402
1875,8812574,2177443,745109,1432334,2.922315,19,274892,8537682,884251,2177443,1359561,0.615618
1876,8812574,2179546,745568,1433978,2.923336,20,275620,8536954,885113,2179546,1360906,0.615612
1877,8812574,2181470,745934,1435536,2.924481,18,276082,8536492,885911,2181470,1362174,0.615601
1878,8812574,2183024,746297,1436727,2.925141,19,275988,8536586,886514,2183024,1363032,0.615620
1879,8812572,2184999,746642,1438357,2.926435,18,276434,8536138,887674,2184999,1365697,0.615372
1880,8812572,2186520,746932,1439588,2.927335,18,276848,8535724,888286,2186520,1366624,0.615376
1881,8812572,2193480,749006,1444474,2.928521,18,277628,8534944,891047,2193480,1370708,0.615422
1882,8812572,2200156,751061,1449095,2.929397,18,278075,8534497,893424,2200156,1373540,0.615653
1883,8812572,2207207,753114,1454093,2.930774,18,278982,8533590,896039,2207207,1376949,0.615823
1884,8812572,2214250,755166,1459084,2.932137,17,279987,8532585,899122,2214250,1382238,0.615670
1885,8812572,2221099,757240,1463859,2.933151,18,280624,8531948,901791,2221099,1386065,0.615747
1886,8812570,2228049,759299,1468750,2.934350,17,281733,8530837,904821,2228049,1391235,0.615605
1887,8812570,2234855,761366,1473489,2.935323,18,282099,8530471,907047,2234855,1393333,0.615970
1888,8812570,2242260,763380,1478880,2.937279,18,283277,8529293,909827,2242260,1397048,0.616123
1889,8812570,2249477,765416,1484061,2.938895,19,284250,8528320,913137,2249477,1403071,0.615865
1890,8812570,2256433,767471,1488962,2.940089,18,284964,8527606,915685,2256433,1406307,0.616051
1891,8812570,2265140,770054,1495086,2.941534,18,285878,8526692,919032,2265140,1410988,0.616175
1892,8812570,2274168,772683,1501485,2.943210,18,287021,8525549,922868,2274168,1417304,0.616060
1893,8812570,2283129,775367,1507762,2.944579,18,288101,8524469,926579,2283129,1423187,0.616010
1894,8812568,2292056,778046,1514010,2.945913,19,289070,8523498,929774,2292056,1427040,0.616294
1895,8812568,2301835,780872,1520963,2.947775,18,290153,8522415,932835,2301835,1429505,0.616892
1896,8812568,2311816,783750,1528066,2.949685,19,291536,8521032,937248,2311816,1437176,0.616650
1897,8812568,2321465,786643,1534822,2.951104,18,292757,8519811,940926,2321465,1442239,0.616803
1898,8812568,2331457,789577,1541880,2.952792,19,293879,8518689,945160,2331457,1449183,0.616683
1899,8812568,2341951,792618,1549333,2.954703,18,295397,8517171,949176,2341951,1454753,0.616838
1900,8812568,2352597,795747,1556850,2.956464,18,296452,8516116,953136,2352597,1459947,0.617068
1901,8812568,2359714,797762,1561952,2.957917,19,297252,8515316,956074,2359714,1464582,0.617032
1902,8812566,2367000,799772,1567228,2.959593,20,297929,8514637,959069,2367000,1469276,0.617005
1903,8812566,2374445,801831,1572614,2.961279,18,298704,8513862,961865,2374445,1473015,0.617146
1904,8812566,2381832,803830,1578002,2.963104,18,299600,8512966,964873,2381832,1477660,0.617136
1905,8812566,2389624,805884,1583740,2.965221,18,300552,8512014,967871,2389624,1481860,0.617237
1906,8812566,2396616,807832,1588784,2.966726,18,301100,8511466,970464,2396616,1485240,0.617389
1907,8812566,2404539,809864,1594675,2.969065,18,302222,8510344,973756,2404539,1490485,0.617336
1908,8812564,2411734,811828,1599906,2.970745,19,302928,8509636,976427,2411734,1493974,0.617490
1909,8812564,2419873,813820,1606053,2.973474,18,304020,8508544,980089,2419873,1500483,0.617258
1910,8812564,2427056,815725,1611331,2.975336,18,304752,8507812,982316,2427056,1502208,0.617687
1911,8812564,2438040,819280,1618760,2.975832,18,306139,8506425,986842,2438040,1509328,0.617637
1912,8812564,2449480,822874,1626606,2.976738,18,307387,8505177,991487,2449480,1516468,0.617628
1913,8812564,2461062,826518,1634544,2.977627,18,308426,8504138,995860,2461062,1522378,0.617823
1914,8812564,2472720,830229,1642491,2.978359,18,309939,8502625,1000326,2472720,1528584,0.617979
1915,8812564,2484560,833959,1650601,2.979235,18,311326,8501238,1005066,2484560,1535704,0.618009
1916,8812564,2496757,837774,1658983,2.980227,18,312798,8499766,1009604,2496757,1541659,0.618252
1917,8812564,2508650,841577,1667073,2.980892,18,314294,8498270,1014436,2508650,1549094,0.618238
1918,8812564,2520871,845523,1675348,2.981434,17,315168,8497396,1018929,2520871,1554845,0.618510
1919,8812564,2533812,849466,1684346,2.982829,17,316940,8495624,1024491,2533812,1564152,0.618310
1920,8812564,2546971,853489,1693482,2.984187,17,318567,8493997,1028999,2546971,1569025,0.618798
1921,8812564,2561604,858303,1703301,2.984498,18,320331,8492233,1035568,2561604,1580668,0.618406
1922,8812564,2575872,863174,1712698,2.984186,18,321540,8491024,1040803,2575872,1587340,0.618722
1923,8812564,2591124,868077,1723047,2.984901,19,323188,8489376,1046432,2591124,1594604,0.619038
1924,8812564,2606523,873077,1733446,2.985445,19,325070,8487494,1052457,2606523,1603305,0.619152
1925,8812564,2622106,878160,1743946,2.985909,18,326623,8485941,1058214,2622106,1610750,0.619465
1926,8812564,2637575,883225,1754350,2.986300,19,328469,8484095,1064544,2637575,1620601,0.619414
1927,8812566,2653422,888357,1765065,2.986887,19,329792,8482774,1070150,2653422,1627178,0.619872
1928,8812566,2669742,893615,1776127,2.987575,19,331719,8480847,1076711,2669742,1637102,0.619884
1929,8812566,2685667,898880,1786787,2.987793,19,333152,8479414,1082526,2685667,1644437,0.620232
1930,8812566,2702400,903972,1798428,2.989473,20,335126,8477440,1088951,2702400,1653404,0.620414
1931,8812566,2719817,909385,1810432,2.990831,19,336998,8475568,1096054,2719817,1664399,0.620366
1932,8812566,2736596,914713,1821883,2.991754,19,338158,8474408,1101415,2736596,1669064,0.621155
1933,8812564,2754467,920126,1834341,2.993576,19,339740,8472824,1108387,2754467,1679081,0.621278
1934,8812564,2772206,925515,1846691,2.995312,19,341807,8470757,1115409,2772206,1689430,0.621343
1935,8812564,2789984,930873,1859111,2.997169,18,343311,8469253,1121936,2789984,1697760,0.621690
1936,8812564,2807748,936306,1871442,2.998750,18,344678,8467886,1128363,2807748,1705704,0.622084
1937,8812564,2825758,941758,1884000,3.000514,21,346355,8466209,1135273,2825758,1715334,0.622264
1938,8812564,2843943,947225,1896718,3.002394,19,347962,8464602,1141993,2843943,1724029,0.622583
1939,8812564,2862374,952666,1909708,3.004593,19,349470,8463094,1148605,2862374,1732046,0.623011
1940,8812564,2880836,958149,1922687,3.006668,20,351360,8461204,1155966,2880836,1743028,0.623036
1941,8812562,2899696,963685,1936011,3.008967,20,353197,8459365,1162748,2899696,1751296,0.623458
1942,8812562,2918716,969194,1949522,3.011488,19,354957,8457605,1170101,2918716,1761688,0.623603
1943,8812562,2937537,974749,1962788,3.013634,20,356699,8455863,1176943,2937537,1770235,0.623976
1944,8812562,2956929,980277,1976652,3.016422,20,358380,8454182,1184669,2956929,1781747,0.623999
1945,8812562,2976275,985908,1990367,3.018816,18,360182,8452380,1191796,2976275,1790909,0.624326
1946,8812562,2995928,991490,2004438,3.021642,19,361664,8450898,1199121,2995928,1800556,0.624609
1947,8812562,3015729,997103,2018626,3.024491,19,363662,8448900,1206630,3015729,1810791,0.624825
1948,8812562,3035647,1002728,2032919,3.027388,19,365579,8446983,1213800,3035647,1819553,0.625236
1949,8812562,3055247,1008378,2046869,3.029863,22,367172,8445390,1220847,3055247,1828141,0.625641
1950,8812560,3075425,1014045,2061380,3.032829,17,368916,8443644,1228594,3075425,1838951,0.625802
1951,8812560,3095998,1019716,2076282,3.036138,18,370914,8441646,1236401,3095998,1849606,0.626010
1952,8812560,3116481,1025334,2091147,3.039479,18,372873,8439687,1243781,3116481,1858643,0.626413
1953,8812560,3136929,1031078,2105851,3.042378,19,374427,8438133,1251030,3136929,1867191,0.626869
1954,8812560,3157760,1036741,2121019,3.045852,20,376236,8436324,1259044,3157760,1878416,0.627015
1955,8812560,3178514,1042463,2136051,3.049043,18,378113,8434447,1266756,3178514,1888510,0.627294
1956,8812560,3199028,1048126,2150902,3.052141,18,379676,8432884,1274359,3199028,1898408,0.627576
1957,8812560,3220326,1053811,2166515,3.055886,18,381834,8430726,1282500,3220326,1909674,0.627744
1958,8812558,3241223,1059488,2181735,3.059235,17,383880,8428678,1290259,3241223,1919813,0.628018
1959,8812558,3262374,1065189,2197185,3.062718,18,385728,8426830,1298097,3262374,1930014,0.628299
1960,8812558,3283790,1070838,2212952,3.066561,19,387598,8424960,1306000,3283790,1940210,0.628597
1961,8812558,3305358,1076166,2229192,3.071420,18,389358,8423200,1313484,3305358,1948578,0.629120
1962,8812558,3327489,1081490,2245999,3.076764,19,391673,8420885,1322285,3327489,1961651,0.629117
1963,8812558,3349036,1086811,2262225,3.081526,19,393266,8419292,1330051,3349036,1971168,0.629494
1964,8812558,3371251,1092131,2279120,3.086856,18,395597,8416961,1338090,3371251,1981109,0.629863
1965,8812556,3393510,1097428,2296082,3.092239,18,397412,8415144,1346649,3393510,1993086,0.629992
1966,8812556,3415542,1102706,2312836,3.097419,19,399347,8413209,1354648,3415542,2003050,0.630338
1967,8812556,3438184,1108017,2330167,3.103007,19,401482,8411074,1363087,3438184,2014164,0.630588
1968,8812556,3460713,1113301,2347412,3.108515,19,403140,8409416,1370984,3460713,2023223,0.631064
1969,8812556,3483881,1118641,2365240,3.114387,18,405400,8407156,1379073,3483881,2032411,0.631562
1970,8812556,3506876,1123924,2382952,3.120207,18,407510,8405046,1387812,3506876,2044372,0.631727
1971,8812554,3529786,1129678,2400108,3.124595,18,409353,8403201,1396269,3529786,2055290,0.632003
1972,8812554,3552990,1135430,2417560,3.129202,17,411341,8401213,1404370,3552990,2064490,0.632488
1973,8812554,3576616,1141235,2435381,3.133987,19,413343,8399211,1413065,3576616,2075644,0.632776
1974,8812554,3600314,1147034,2453280,3.138803,18,415421,8397133,1421439,3600314,2085442,0.633216
1975,8812554,3623749,1152865,2470884,3.143255,18,417171,8395383,1429206,3623749,2093075,0.633875
1976,8812554,3648341,1159030,2489311,3.147754,19,418706,8393848,1438032,3648341,2103787,0.634259
1977,8812554,3673233,1165621,2507612,3.151310,19,420807,8391747,1446618,3673233,2113239,0.634797
1978,8812554,3699049,1172259,2526790,3.155488,19,423260,8389294,1456414,3699049,2126607,0.634958
1979,8812552,3724075,1178937,2545138,3.158841,19,425031,8387521,1465512,3724075,2137973,0.635286
1980,8812552,3749866,1185596,2564270,3.162853,18,427295,8385257,1475109,3749866,2150570,0.635524
1981,8812552,3775955,1192381,2583574,3.166735,18,429026,8383526,1484290,3775955,2161205,0.635987
1982,8812552,3802435,1199175,2603260,3.170876,18,431000,8381552,1493989,3802435,2173521,0.636289
1983,8812552,3829007,1205978,2623029,3.175022,18,433253,8379299,1503377,3829007,2184501,0.636734
1984,8812552,3855738,1212838,2642900,3.179104,19,434781,8377771,1513302,3855738,2197470,0.636974
1985,8812552,3882965,1219695,2663270,3.183554,19,437126,8375426,1522880,3882965,2208555,0.637438
1986,8812552,3910161,1226506,2683655,3.188049,19,438952,8373600,1533040,3910161,2221999,0.637648
1987,8812550,3938123,1233367,2704756,3.192986,18,441341,8371209,1542620,3938123,2232357,0.638220
1988,8812550,3965834,1240235,2725599,3.197647,19,443171,8369379,1553290,3965834,2247326,0.638296
1989,8812548,3993545,1247079,2746466,3.202319,19,445177,8367371,1562712,3993545,2257303,0.638881
1990,8812548,4021851,1253888,2767963,3.207504,19,447344,8365204,1572770,4021851,2269229,0.639294
1991,8812548,4049263,1260630,2788633,3.212095,19,448956,8363592,1582236,4049263,2279681,0.639801
1992,8812548,4077078,1267370,2809708,3.216960,18,450984,8361564,1592620,4077078,2293402,0.639995
1993,8812548,4105543,1274134,2831409,3.222222,18,452671,8359877,1602226,4105543,2303361,0.640600
1994,8812548,4134255,1280875,2853380,3.227680,18,454560,8357988,1612405,4134255,2315365,0.641008
1995,8812546,4162414,1287670,2874744,3.232516,19,456403,8356143,1622943,4162414,2329358,0.641183
1996,8812546,4191140,1294493,2896647,3.237669,19,458200,8354346,1632339,4191140,2338216,0.641892
1997,8812544,4220196,1301327,2918869,3.242994,19,460279,8352265,1643027,4220196,2351912,0.642137
1998,8812544,4249512,1308210,2941302,3.248341,19,461927,8350617,1652841,4249512,2361852,0.642759
1999,8812544,4278946,1315105,2963841,3.253692,18,463581,8348963,1663319,4278946,2374330,0.643134
2000,8812544,4308788,1321988,2986800,3.259325,19,465150,8347394,1673576,4308788,2385516,0.643650
2001,8812544,4339063,1328935,3010128,3.265068,19,467192,8345352,1683843,4339063,2396309,0.644220
2002,8812544,4369660,1335932,3033728,3.270870,20,468890,8343654,1694637,4369660,2408888,0.644631
2003,8812544,4400525,1342930,3057595,3.276809,19,470702,8341842,1705556,4400525,2421699,0.645028
2004,8812542,4431803,1349965,3081838,3.282902,18,472814,8339728,1716236,4431803,2433141,0.645570
2005,8812540,4462838,1356997,3105841,3.288760,20,474418,8338122,1727256,4462838,2446186,0.645943
2006,8812540,4494582,1364060,3130522,3.295003,19,476231,8336309,1737838,4494582,2456770,0.646577
2007,8812540,4526536,1371153,3155383,3.301263,19,478129,8334411,1749030,4526536,2469584,0.647007
2008,8812540,4558592,1378225,3180367,3.307582,20,479771,8332769,1759981,4558592,2481332,0.647534
2009,8812540,4590683,1385315,3205368,3.313819,19,481485,8331055,1771360,4590683,2494757,0.647904
2010,8812540,4623100,1392461,3230639,3.320093,19,483330,8329210,1782447,4623100,2506688,0.648420
2011,8812540,4655797,1399616,3256181,3.326482,19,484747,8327793,1793181,4655797,2516927,0.649097
2012,8812538,4689593,1406796,3282797,3.333527,19,486975,8325563,1805392,4689593,2531975,0.649387
2013,8812536,4722132,1413983,3308149,3.339596,19,488104,8324432,1815869,4722132,2541344,0.650120
2014,8812536,4756369,1421181,3335188,3.346772,20,490453,8322083,1828458,4756369,2557463,0.650325
2015,8812536,4789896,1428405,3361491,3.353318,19,491699,8320837,1839196,4789896,2566888,0.651086
2016,8812536,4823809,1435664,3388145,3.359985,19,493544,8318992,1851079,4823809,2580507,0.651486
2017,8812536,4857835,1442933,3414902,3.366639,20,495066,8317470,1862186,4857835,2590909,0.652168
2018,8812536,4892027,1450207,3441820,3.373330,20,496943,8315593,1874014,4892027,2604029,0.652613
2019,8812536,4926632,1457517,3469115,3.380154,20,498619,8313917,1885876,4926632,2616872,0.653096
2020,8812534,4961198,1464847,3496351,3.386837,20,499656,8312878,1897266,4961198,2627866,0.653730
2021,8812532,4996390,1472232,3524158,3.393752,20,501691,8310841,1908731,4996390,2638534,0.654413
2022,8812532,5031567,1479654,3551913,3.400502,19,503252,8309280,1920776,5031567,2651537,0.654887
2023,8812532,5066339,1487084,3579255,3.406895,19,504219,8308313,1932349,5066339,2663057,0.655464
2024,8812532,5102203,1494591,3607612,3.413779,19,505826,8306706,1944590,5102203,2676157,0.655948
2025,8812532,5137991,1502112,3635879,3.420511,19,507313,8305219,1956256,5137991,2687033,0.656610
2026,8812532,5173498,1509663,3663835,3.426922,19,508793,8303739,1968138,5173498,2699054,0.657156
2027,8812532,5209011,1517253,3691758,3.433186,18,510332,8302200,1979803,5209011,2710201,0.657769
2028,8812530,5245156,1524869,3720287,3.439742,19,511457,8301073,1991474,5245156,2720740,0.658451
2029,8812528,5281131,1532490,3748641,3.446111,20,512988,8299540,2003909,5281131,2734505,0.658854
2030,8812528,5316828,1540136,3776692,3.452181,19,514243,8298285,2015229,5316828,2744088,0.659581
2031,8812528,5352071,1547786,3804285,3.457888,19,514987,8297541,2026270,5352071,2753009,0.660335
2032,8812528,5387890,1555492,3832398,3.463785,19,516292,8296236,2037810,5387890,2763350,0.660990
2033,8812528,5423718,1563259,3860459,3.469494,20,517361,8295167,2049240,5423718,2773242,0.661674
2034,8812528,5460082,1571093,3888989,3.475340,20,518008,8294520,2060943,5460082,2783690,0.662328
2035,8812528,5496184,1579043,3917141,3.480706,20,518710,8293818,2072026,5496184,2791920,0.663141
2036,8812528,5532922,1587095,3945827,3.486195,20,519915,8292613,2084388,5532922,2804630,0.663615
2037,8812524,5569463,1595267,3974196,3.491242,20,520271,8292253,2095149,5569463,2811133,0.664566
2038,8812524,5606364,1603517,4002847,3.496292,21,520685,8291839,2106605,5606364,2820056,0.665332
2039,8812524,5643349,1611863,4031486,3.501134,21,521057,8291467,2117785,5643349,2827791,0.666185
2040,8812524,5680474,1620343,4060131,3.505723,20,521019,8291505,2128506,5680474,2833550,0.667190
2041,8812522,5737056,1630890,4106166,3.517746,20,534934,8277588,2159266,5737056,2900008,0.664237
2042,8812522,5779945,1638721,4141224,3.527107,20,544414,8268108,2183174,5779945,2952751,0.661874
2043,8812520,5805619,1643062,4162557,3.533414,20,551013,8261507,2198503,5805619,2988393,0.660179
2044,8812518,5811900,1644061,4167839,3.535088,20,554702,8257816,2205316,5811900,3009364,0.658851
2045,8809647,5805625,1641555,4164070,3.536662,20,557938,8251709,2208715,5805625,3029235,0.657127
2046,8720668,5782148,1635405,4146743,3.535606,20,559394,8161274,2204882,5782148,3037380,0.655607
2047,8657574,5746733,1624958,4121775,3.536542,20,558715,8098859,2194840,5746733,3032627,0.654573
2048,8618433,5711593,1612895,4098698,3.541206,20,555332,8063101,2183960,5711593,3024247,0.653812
2049,8614544,5676096,1599842,4076254,3.547910,21,551815,8062729,2171669,5676096,3010580,0.653426
2050,8562352,5638210,1585841,4052369,3.555344,21,550707,8011645,2161363,5638210,3007242,0.652159
2051,8562352,5648353,1582880,4065473,3.568403,20,552907,8009445,2166982,5648353,3019575,0.651638
2052,8547328,5658131,1579656,4078475,3.581875,22,554720,7992608,2172186,5658131,3030613,0.651202
2053,8520298,5666673,1576000,4090673,3.595605,21,555984,7964314,2176785,5666673,3040467,0.650808
2054,8519930,5673674,1570569,4103105,3.612496,21,556655,7963275,2180801,5673674,3049530,0.650412
2055,8507934,5676616,1562135,4114481,3.633883,21,557214,7950720,2182635,5676616,3053924,0.650202
2056,8507934,5675421,1549746,4125675,3.662162,22,558134,7949800,2184843,5675421,3063951,0.649408
2057,8507928,5673212,1536751,4136461,3.691692,21,558683,7949245,2186330,5673212,3072108,0.648714
2058,8501698,5670531,1523632,4146899,3.721720,22,559527,7942171,2187764,5670531,3080525,0.647982
2059,8496808,5668617,1510405,4158212,3.753044,22,560116,7936692,2189083,5668617,3087715,0.647373
2060,8496798,5666628,1497147,4169481,3.784951,20,560302,7936496,2190348,5666628,3094764,0.646773
2061,8496798,5703740,1499438,4204302,3.803919,21,562612,7934186,2204707,5703740,3115088,0.646768
2062,8491212,5741010,1501757,4239253,3.822862,23,564910,7926302,2218242,5741010,3131958,0.647023
2063,8464182,5779008,1504131,4274877,3.842091,20,567064,7897118,2232041,5779008,3149156,0.647278
2064,8464182,5816786,1506554,4310232,3.860987,22,569036,7895146,2245595,5816786,3165594,0.647577
2065,8464182,5855841,1509020,4346821,3.880559,21,571036,7893146,2260164,5855841,3184815,0.647723
2066,8464182,5894866,1511538,4383328,3.899913,22,573282,7890900,2273475,5894866,3199034,0.648222
2067,8464182,5934142,1514119,4420023,3.919205,23,574994,7889188,2287788,5934142,3217010,0.648458
2068,8464182,5974891,1516739,4458152,3.939301,24,576904,7887278,2302214,5974891,3233965,0.648820
2069,8464182,6015416,1519412,4496004,3.959042,23,578885,7885297,2317301,6015416,3253788,0.648968
2070,8458374,6055768,1522142,4533626,3.978451,24,580592,7877782,2330401,6055768,3265836,0.649649
2071,8458374,6107656,1528790,4578866,3.995092,24,583377,7874997,2348496,6107656,3286328,0.650167
2072,8458374,6160442,1535471,4624971,4.012086,25,585606,7872768,2366938,6160442,3307310,0.650676
2073,8458374,6213883,1542240,4671643,4.029128,27,588119,7870255,2385864,6213883,3329573,0.651115
2074,8458366,6267525,1549072,4718453,4.045987,28,590107,7868259,2404261,6267525,3349519,0.651710
2075,8458366,6322418,1555931,4766487,4.063431,29,592942,7865424,2423425,6322418,3371282,0.652219
2076,8458366,6376859,1562869,4813990,4.080226,29,594999,7863367,2441620,6376859,3389621,0.652933
2077,8458366,6432428,1569854,4862574,4.097469,29,597946,7860420,2460445,6432428,3409352,0.653584
2078,8457472,6488206,1576891,4911315,4.114556,29,599989,7857483,2479569,6488206,3430070,0.654167
2079,8457472,6544540,1583981,4960559,4.131704,29,602718,7854754,2498883,6544540,3450992,0.654747
2080,8457472,6601225,1591158,5010067,4.148692,30,605457,7852015,2518957,6601225,3474603,0.655155
2081,8457472,6646137,1595820,5050317,4.164716,29,607291,7850181,2534093,6646137,3490235,0.655672
2082,8451138,6690207,1600510,5089697,4.180047,28,609681,7841457,2549298,6690207,3506985,0.656083
2083,8451138,6732818,1605214,5127604,4.194343,29,611686,7839452,2564761,6732818,3526226,0.656281
2084,8451138,6775152,1609930,5165222,4.208352,29,613698,7837440,2579160,6775152,3541488,0.656721
2085,8451138,6816040,1614636,5201404,4.221410,28,614983,7836155,2592305,6816040,3553180,0.657334
2086,8451136,6856162,1619360,5236802,4.233871,28,616649,7834487,2605150,6856162,3564438,0.657943
2087,8450768,6895574,1624117,5271457,4.245737,27,617527,7833241,2617627,6895574,3574934,0.658571
2088,8448217,6935634,1628829,5306805,4.258049,26,618817,7829400,2629890,6935634,3583926,0.659308
2089,8448201,6974345,1633537,5340808,4.269475,27,618667,7829534,2641452,6974345,3591463,0.660086
2090,8396267,7012475,1638406,5374069,4.280059,25,617808,7778459,2652440,7012475,3597285,0.660946
2091,8395887,7001586,1630467,5371119,4.294221,25,615474,7780413,2647883,7001586,3589946,0.661055
2092,8297535,6989145,1622606,5366539,4.307358,25,613105,7684430,2642068,6989145,3579127,0.661333
2093,8291141,6973970,1614840,5359130,4.318676,25,609960,7681181,2635357,6973970,3567458,0.661577
2094,8289466,6955879,1607176,5348703,4.328013,25,606557,7682909,2627316,6955879,3553385,0.661881
2095,8231608,6933585,1599554,5334031,4.334699,25,602131,7629477,2617569,6933585,3536691,0.662216
2096,8207442,6909842,1592020,5317822,4.340298,26,598725,7608717,2605968,6909842,3514030,0.662886
2097,8180412,6883216,1584541,5298675,4.343981,24,593587,7586825,2594069,6883216,3493060,0.663361
2098,8174596,6853790,1577125,5276665,4.345749,25,588268,7586328,2580898,6853790,3469802,0.663896
2099,8072838,6822736,1569793,5252943,4.346265,25,583061,7489777,2567674,6822736,3447960,0.664291
2100,8063289,6788960,1562489,5226471,4.344965,25,577431,7485858,2552946,6788960,3422824,0.664816
2101,8062913,6768843,1558318,5210525,4.343685,25,575185,7487728,2546250,6768843,3416157,0.664589
2102,8035027,6746294,1554173,5192121,4.340761,26,572922,7462105,2538284,6746294,3406842,0.664454
2103,7998127,6722300,1550030,5172270,4.336884,27,570926,7427201,2530037,6722300,3397848,0.664249
2104,7948306,6695190,1545921,5149269,4.330875,28,567880,7380426,2520178,6695190,3385522,0.664158
2105,7945896,6667767,1541840,5125927,4.324552,29,565659,7380237,2511633,6667767,3378765,0.663688
2106,7939582,6638663,1537867,5100796,4.316799,29,562551,7377031,2500494,6638663,3363313,0.663735
2107,7848250,6608661,1533912,5074749,4.308370,29,559932,7288318,2490165,6608661,3351999,0.663476
2108,7828961,6576985,1529969,5047016,4.298770,28,557056,7271905,2479597,6576985,3341403,0.663110
2109,7821412,6544312,1525991,5018321,4.288565,28,554351,7267061,2467848,6544312,3327080,0.662957
2110,7821084,6510152,1522013,4988139,4.277330,29,551834,7269250,2456629,6510152,3316364,0.662509
2111,7821084,6555441,1533976,5021465,4.273496,31,553269,7267815,2472065,6555441,3332819,0.662952
2112,7821404,6601140,1545940,5055200,4.269985,28,555492,7265912,2488456,6601140,3352684,0.663176
2113,7821404,6645048,1557896,5087152,4.265399,28,557518,7263886,2504184,6645048,3371688,0.663395
2114,7835059,6688876,1569848,5119028,4.260843,30,559417,7275642,2519949,6688876,3390920,0.663592
2115,7840909,6732145,1581799,5150346,4.256005,28,560958,7279951,2535188,6732145,3408607,0.663870
2116,7848448,6775592,1593731,5181861,4.251403,27,562623,7285825,2549721,6775592,3423292,0.664346
2117,7862020,6817431,1605683,5211748,4.245814,26,563161,7298859,2564257,6817431,3439597,0.664659
2118,7856170,6859619,1617596,5242023,4.240626,24,564907,7291263,2579152,6859619,3456989,0.664910
2119,7856170,6901680,1629529,5272151,4.235383,23,565982,7290188,2593562,6901680,3472568,0.665270
2120,7857847,6942977,1641436,5301541,4.229819,22,566950,7290897,2608086,6942977,3489367,0.665524
2121,7857847,7044004,1664445,5379559,4.232044,24,567086,7290761,2638776,7044004,3511100,0.667355
2122,7950611,7144930,1687561,5457369,4.233880,23,566586,7384025,2670410,7144930,3536710,0.668898
2123,7950619,7246553,1710804,5535749,4.235759,22,565909,7384710,2701052,7246553,3557655,0.670716
2124,7951355,7348399,1734157,5614242,4.237447,24,565506,7385849,2732582,7348399,3581929,0.672294
2125,7989735,7450383,1757331,5693052,4.239601,23,563721,7426014,2762573,7450383,3599909,0.674225
2126,7989735,7548768,1779548,5769220,4.241958,23,560318,7429417,2789970,7548768,3611112,0.676420
2127,7989735,7644656,1801047,5843609,4.244562,24,556550,7433185,2815442,7644656,3617112,0.678815
2128,7990115,7739384,1822130,5917254,4.247438,23,552249,7437866,2840088,7739384,3620968,0.681263
2129,8014271,7830915,1843082,5987833,4.248815,25,547134,7467137,2862479,7830915,3619001,0.683928
2130,8012604,7922339,1863723,6058616,4.250814,23,542023,7470581,2885335,7922339,3619001,0.686431
2131,7985544,7786235,1855092,5931143,4.197223,23,518096,7467448,2825324,7786235,3515061,0.688968
2132,7868569,7659894,1846335,5813559,4.148702,23,495788,7372781,2770426,7659894,3421810,0.691220
2133,7849300,7535770,1837476,5698294,4.101153,25,471784,7377516,2713728,7535770,3319142,0.694227
2134,7837846,7403871,1828331,5575540,4.049524,19,443533,7394313,2650737,7403871,3199077,0.698284
2135,7787059,7281150,1818940,5462210,4.002963,18,418994,7368065,2591767,7281150,3085918,0.702335
2136,7579946,7168187,1809197,5358990,3.962082,18,400200,7179746,2540151,7168187,2992417,0.705488
2137,7443040,7073183,1799258,5273925,3.931167,18,384576,7058464,2495949,7073183,2910613,0.708466
2138,7300146,6996692,1789699,5206993,3.909424,18,370416,6929730,2459601,6996692,2841712,0.711161
2139,7262524,6935993,1780556,5155437,3.895409,18,361109,6901415,2432013,6935993,2792059,0.712989
2140,7097593,6885416,1771950,5113466,3.885785,19,354353,6743240,2409232,6885416,2751512,0.714482
2141,7081628,6765859,1748341,5017518,3.869874,19,341849,6739779,2361230,6765859,2679061,0.716349
2142,7034650,6633740,1725288,4908452,3.845004,18,325579,6709071,2304691,6633740,2585024,0.719591
2143,6969190,6492092,1702732,4789360,3.812750,17,307459,6661731,2243388,6492092,2481460,0.723470
2144,6907705,6339566,1680704,4658862,3.771971,18,291603,6616102,2180239,6339566,2381390,0.726935
2145,6803382,6188666,1659177,4529489,3.729961,19,278627,6524755,2120448,6188666,2293126,0.729641
2146,6765218,6041472,1638157,4403315,3.687969,18,263359,6501859,2058968,6041472,2194400,0.733556
2147,6759556,5896137,1617585,4278552,3.645025,17,245389,6514167,1996202,5896137,2088671,0.738419
2148,6717348,5747224,1597592,4149632,3.597429,16,225404,6491944,1931832,5747224,1980104,0.743753
2149,6509374,5602327,1578082,4024245,3.550086,16,204116,6305258,1867640,5602327,1868233,0.749921
2150,6413029,5460415,1559083,3901332,3.502325,16,186920,6226109,1807027,5460415,1767693,0.755442
2151,6407443,5456097,1560542,3895555,3.496283,16,183290,6224153,1802848,5456097,1755295,0.756594
2152,6406064,5455529,1562017,3893512,3.492618,18,179670,6226394,1799005,5455529,1740491,0.758131
2153,6406064,5457109,1563552,3893557,3.490200,17,175707,6230357,1795176,5457109,1723595,0.759969
2154,6393834,5460525,1565069,3895456,3.489000,18,172051,6221783,1792335,5460525,1708815,0.761650
2155,6393824,5465445,1566649,3898796,3.488621,19,168700,6225124,1790659,5465445,1697191,0.763049
2156,6234660,5472000,1568259,3903741,3.489220,18,165707,6068953,1789671,5472000,1686684,0.764386
2157,6226993,5480792,1569899,3910893,3.491175,17,162527,6064466,1789439,5480792,1676964,0.765714
2158,6221769,5489990,1571599,3918391,3.493251,17,159736,6062033,1789769,5489990,1669086,0.766857
2159,6204927,5500094,1573292,3926802,3.495914,17,157022,6047905,1790345,5500094,1661286,0.768022
2160,5994464,5510883,1575015,3935868,3.498940,16,154079,5840385,1790827,5510883,1652425,0.769321
2161,1088828,5522103,1580112,3941991,3.494754,16,151801,937027,1792205,5522103,1646717,0.770295
2162,1047397,5533597,1585145,3948452,3.490909,15,149446,897951,1792784,5533597,1637539,0.771649
2163,1047397,5548537,1590084,3958453,3.489462,14,147378,900019,1794381,5548537,1628987,0.773043
2164,1047397,5567864,1594966,3972898,3.490898,15,145226,902171,1796844,5567864,1619512,0.774673
2165,1047391,5591564,1599715,3991849,3.495350,15,142931,904460,1801112,5591564,1612884,0.776127
2166,1041805,5615756,1604416,4011340,3.500187,15,140507,901298,1804825,5615756,1603544,0.777881
2167,1041805,5640258,1609022,4031236,3.505395,15,137750,904055,1808928,5640258,1595454,0.779503
2168,972753,5665714,1613564,4052150,3.511304,17,135269,837484,1812369,5665714,1583762,0.781534
2169,972745,5689901,1617978,4071923,3.516674,15,132340,840405,1815718,5689901,1572971,0.783423
2170,922356,5713012,1622344,4090668,3.521455,17,129752,792604,1818554,5713012,1561204,0.785378
2171,1014029,5942371,1666550,4275821,3.565672,17,139508,874521,1895459,5942371,1639465,0.783764
2172,1063589,6178027,1711092,4466935,3.610576,17,153140,910449,1976325,6178027,1727273,0.781504
2173,1147432,6411711,1755964,4655747,3.651391,17,165576,981856,2055574,6411711,1810585,0.779796
2174,6068573,6644662,1801214,4843448,3.688991,17,177251,5891322,2135661,6644662,1897982,0.777823
2175,6290218,6877284,1846853,5030431,3.723785,17,189162,6101056,2215241,6877284,1983680,0.776133
2176,6444107,7105665,1892888,5212777,3.753875,16,198041,6246066,2290639,7105665,2056891,0.775511
2177,6473843,7332338,1936337,5396001,3.786706,16,205409,6268434,2363499,7332338,2121658,0.775581
2178,6488104,7534872,1972425,5562447,3.820106,18,213680,6274424,2427589,7534872,2175484,0.775962
2179,6536127,7700435,2001555,5698880,3.847226,16,217395,6318732,2473904,7700435,2195181,0.778166
2180,6594215,7843169,2024467,5818702,3.874190,17,219023,6375192,2513902,7843169,2212439,0.779980
2181,6616720,7968047,2037291,5930756,3.911099,16,221947,6394773,2550305,7968047,2233173,0.781088
2182,6618497,8082977,2047428,6035549,3.947869,17,227493,6391004,2587135,8082977,2265563,0.781074
2183,6688158,8185281,2056618,6128663,3.979971,16,231477,6456681,2619084,8185281,2291055,0.781311
2184,6740942,8277227,2064699,6212528,4.008927,18,234235,6506707,2647583,8277227,2313105,0.781583
2185,6813047,8362961,2070308,6292653,4.039477,19,237953,6575094,2673763,8362961,2332091,0.781947
2186,6821297,8444836,2073148,6371688,4.073436,20,241964,6579333,2700191,8444836,2355928,0.781874
2187,6829447,8516706,2073600,6443106,4.107208,21,247490,6581957,2725143,8516706,2383866,0.781308
2188,6830927,8572564,2073600,6498964,4.134145,23,252195,6578732,2745177,8572564,2408144,0.780693
2189,6832602,8610705,2073600,6537105,4.152539,23,257534,6575068,2760004,8610705,2429311,0.779954
2190,6833338,8626137,2073600,6552537,4.159981,24,262003,6571335,2768369,8626137,2447339,0.778991
2191,6832244,8566284,2073600,6492684,4.131117,22,262191,6570053,2752175,8566284,2442416,0.778138
2192,6834835,8486238,2073600,6412638,4.092514,23,261253,6573582,2729763,8486238,2432814,0.777195
2193,6834827,8412670,2073600,6339070,4.057036,20,259022,6575805,2707725,8412670,2418230,0.776729
2194,6841161,8344067,2073600,6270467,4.023952,17,256651,6584510,2686846,8344067,2403317,0.776381
2195,6777493,8251616,2072982,6178634,3.980554,16,254939,6522554,2659847,8251616,2387772,0.775572
2196,6780625,8178853,2070930,6107923,3.949362,15,252846,6527779,2638808,8178853,2376379,0.774862
2197,6808487,8157874,2068095,6089779,3.944632,18,250073,6558414,2629894,8157874,2361702,0.775495
2198,6775476,8141698,2064512,6077186,3.943643,20,247493,6527983,2622323,8141698,2347594,0.776191
2199,6774414,8154130,2058734,6095396,3.960750,21,246696,6527718,2625461,8154130,2347714,0.776447
2200,6742086,8163586,2051293,6112293,3.979727,21,244829,6497257,2626980,8163586,2344334,0.776898
2201,6790038,8211208,2047265,6163943,4.010818,21,252338,6537700,2650476,8211208,2390696,0.774503
2202,6782471,8223073,2043455,6179618,4.024103,16,261403,6521068,2665130,8223073,2437447,0.771358
2203,6801493,8150157,2040067,6110090,3.995044,17,267302,6534191,2648586,8150157,2444187,0.769293
2204,6885091,8034050,2037296,5996754,3.943487,18,271697,6613394,2616987,8034050,2433898,0.767490
2205,6929072,7899083,2034951,5864132,3.881707,18,276133,6652939,2580325,7899083,2422217,0.765319
2206,7019221,7820126,2032969,5787157,3.846653,20,288415,6730806,2566019,7820126,2443950,0.761893
2207,7121406,7784515,2031361,5753154,3.832167,19,311078,6810328,2571502,7784515,2501493,0.756806
2208,7172442,7771490,2030132,5741358,3.828071,19,337319,6835123,2587226,7771490,2577414,0.750948
2209,7199466,7769081,2029279,5739802,3.828493,17,361874,6837592,2609179,7769081,2667635,0.744399
2210,7241995,7784622,2028803,5755819,3.837052,16,387002,6854993,2637014,7784622,2763434,0.738015
2211,7235529,7727763,2020689,5707074,3.824321,19,367788,6867741,2603471,7727763,2686121,0.742063
2212,7191009,7675129,2011941,5663188,3.814788,18,351943,6839066,2572861,7675129,2616315,0.745778
2213,7074407,7622430,2002550,5619880,3.806362,18,336565,6737842,2542207,7622430,2546398,0.749588
2214,7023656,7565690,1992519,5573171,3.797048,21,320114,6703542,2510598,7565690,2476702,0.753375
2215,7009687,7495116,1981847,5513269,3.781884,20,301659,6708028,2474447,7495116,2402672,0.757252
2216,7073226,7423514,1970529,5452985,3.767270,19,287433,6785793,2443082,7423514,2348814,0.759646
2217,7010161,7355391,1958546,5396845,3.755537,17,275608,6734553,2414888,7355391,2304161,0.761463
2218,6965683,7293948,1945905,5348043,3.748358,16,263715,6701968,2388486,7293948,2259996,0.763449
2219,6847923,7239011,1932583,5306428,3.745770,17,253485,6594438,2366156,7239011,2225613,0.764849
2220,6842269,7183525,1918568,5264957,3.744212,17,241033,6601236,2342670,7183525,2187155,0.766596
2221,6736557,7089742,1887150,5202592,3.756851,18,226403,6510154,2306710,7089742,2137098,0.768382
2222,6640407,6971247,1852706,5118541,3.762738,18,213799,6426608,2263281,6971247,2081877,0.770038
2223,6586650,6825183,1815023,5010160,3.760384,16,194210,6392440,2205127,6825183,1995325,0.773786
2224,6544218,6639543,1773814,4865729,3.743089,16,175461,6368757,2133559,6639543,1894693,0.777989
2225,6505733,6387808,1728700,4659108,3.695151,18,153568,6352165,2038938,6387808,1767944,0.783227
2226,6411421,6058856,1679175,4379681,3.608234,21,123323,6288098,1907382,6058856,1570672,0.794132
2227,6281632,5689398,1625536,4063862,3.500014,23,97012,6184620,1762827,5689398,1361910,0.806857
2228,879899,5329558,1572244,3757314,3.389778,23,76472,803427,1630611,5329558,1192886,0.817111
2229,678853,4996038,1519945,3476093,3.286986,23,60163,618690,1514503,4996038,1061974,0.824699
2230,551392,4679099,1468626,3210473,3.186039,23,47732,503660,1406829,4679099,948217,0.831497
2231,551392,4697692,1476366,3221326,3.181929,24,46089,505303,1408000,4697692,934308,0.834107
2232,523574,4717752,1484287,3233465,3.178463,23,44590,478984,1409993,4717752,922220,0.836485
2233,523574,4739582,1492398,3247184,3.175816,22,43079,480495,1412647,4739582,911006,0.838777
2234,523574,4763447,1500701,3262746,3.174148,22,41640,481934,1413950,4763447,892353,0.842223
2235,517240,4792200,1509207,3282993,3.175310,20,40131,477109,1417808,4792200,879032,0.845002
2236,517240,4824372,1517920,3306452,3.178278,19,38753,478487,1422978,4824372,867540,0.847584
2237,516764,4859989,1526856,3333133,3.183004,18,37233,479531,1428333,4859989,853343,0.850640
2238,516704,4897268,1536015,3361253,3.188294,16,35887,480817,1433866,4897268,838196,0.853857
2239,511484,4935220,1545411,3389809,3.193468,15,34506,476978,1439980,4935220,824700,0.856821
2240,463599,4975056,1555054,3420002,3.199282,15,33124,430475,1446281,4975056,810068,0.859974
2241,468823,5045264,1557458,3487806,3.239422,15,33069,435754,1466784,5045264,821872,0.859919
2242,502975,5121925,1560417,3561508,3.282408,14,32872,470103,1487897,5121925,829663,0.860598
2243,561947,5205032,1563905,3641127,3.328228,14,33419,528528,1512416,5205032,844632,0.860384
2244,551355,5291967,1567906,3724061,3.375181,14,35094,516261,1537683,5291967,858765,0.860380
2245,553030,5388995,1572400,3816595,3.427242,14,37716,515314,1567649,5388995,881601,0.859407
2246,564468,4203195,1582762,2620433,2.655608,13,39976,524492,1276034,4203195,900941,0.823488
2247,591926,4292067,1610875,2681192,2.664432,13,41050,550876,1303951,4292067,923737,0.822897
2248,626276,4386373,1646377,2739996,2.664258,12,41791,584485,1332610,4386373,944067,0.822891
2249,572735,4489746,1686377,2803369,2.662362,13,42566,530169,1363669,4489746,964930,0.823100
2250,574410,4601634,1728105,2873529,2.662821,14,44533,529877,1398386,4601634,991910,0.822669
2251,574034,4513405,1695760,2817645,2.661582,13,42078,531956,1369303,4513405,963807,0.824033
2252,517310,4428524,1662193,2766331,2.664266,15,39685,477625,1341645,4428524,938056,0.825204
2253,442755,4345902,1628842,2717060,2.668093,14,37148,405607,1315617,4345902,916566,0.825830
2254,436928,4271244,1598751,2672493,2.671613,15,35336,401592,1291154,4271244,893372,0.827021
2255,436481,3539604,1568512,1971092,2.256664,15,33498,402983,1101515,3539604,866456,0.803349
2256,430139,3260725,1536994,1723731,2.121495,16,30579,399560,1025286,3260725,840419,0.795077
2257,405831,3218081,1508443,1709638,2.133379,17,27851,377980,1008856,3218081,817343,0.797458
2258,404765,3182179,1481638,1700541,2.147744,17,25764,379001,995969,3182179,801697,0.798765
2259,404703,3147228,1453143,1694085,2.165807,17,23842,380861,982663,3147228,783424,0.800689
2260,374225,3115036,1426058,1688978,2.184368,17,21333,352892,969495,3115036,762944,0.803263
2261,310026,2981916,1365696,1616220,2.183441,17,17673,292353,924733,2981916,717016,0.806156
2262,295623,2849372,1304826,1544546,2.183718,17,15721,279902,881529,2849372,676744,0.808077
2263,293702,2691615,1241545,1450070,2.167956,17,13970,279732,832007,2691615,636413,0.808772
2264,236760,2595552,1175077,1420475,2.208836,18,12440,224320,799411,2595552,602092,0.811708
2265,206953,2505529,1106720,1398809,2.263923,18,11484,195469,769553,2505529,572683,0.813956
2266,174264,2418586,1038475,1380111,2.328979,19,10571,163693,740846,2418586,544798,0.816157
2267,174264,2331948,970511,1361437,2.402804,20,9690,164574,712271,2331948,517136,0.818490
2268,174204,1975147,897778,1077369,2.200039,21,8879,165325,615037,1975147,485001,0.802857
2269,174204,1867001,817894,1049107,2.282693,20,8207,165997,581950,1867001,460799,0.802045
2270,174133,1752764,734086,1018678,2.387682,22,7480,166653,547103,1752764,435648,0.800930
2271,174133,1684664,679657,1005007,2.478697,25,6801,167332,524533,1684664,413468,0.802935
2272,174117,1611628,622103,989525,2.590613,24,6102,168015,500893,1611628,391944,0.804377
2273,174117,1523158,552161,970997,2.758540,28,5429,168688,472971,1523158,368726,0.805101
2274,174117,1429987,474316,955671,3.014840,31,4796,169321,444594,1429987,348389,0.804097
2275,174117,1113284,405450,707834,2.745798,44,4227,169890,358793,1113284,321888,0.775715
2276,174117,1074624,337171,737453,3.187178,45,3645,170472,341970,1074624,293256,0.785613
2277,174117,1028790,270109,758681,3.808796,41,3095,171022,323175,1028790,263910,0.795846
2278,174117,975509,219298,756211,4.448326,41,2636,171481,302884,975509,236027,0.805184
2279,174117,915638,194015,721623,4.719419,29,2227,171890,281200,915638,209162,0.814045
2280,174117,836050,171314,664736,4.880220,24,1835,172282,254413,836050,181602,0.821548
2281,174111,751037,154991,596046,4.845681,18,1584,172527,227591,751037,159327,0.824985
2282,106105,640692,139350,501342,4.597718,13,1437,104668,195221,640692,140192,0.820470
2283,106105,542579,124344,418235,4.363532,11,1329,104776,166449,542579,123217,0.814933
2284,106105,461865,109977,351888,4.199651,10,1194,104911,142438,461865,107887,0.810642
2285,106105,393318,96348,296970,4.082264,9,1076,105029,121703,393318,93494,0.807946
2286,106105,331655,83451,248204,3.974248,8,971,105134,102895,331655,79925,0.805809
2287,106105,273656,71343,202313,3.835779,7,862,105243,85069,273656,66620,0.804218
2288,106105,220722,59980,160742,3.679927,7,775,105330,68831,220722,54602,0.801681
2289,106105,174539,49431,125108,3.530962,7,703,105402,54545,174539,43641,0.799977
2290,106105,133872,39597,94275,3.380862,7,592,105513,41886,133872,33672,0.799026
2291,106105,107092,33161,73931,3.229456,6,531,105574,33495,107092,26888,0.799313
2292,106105,83091,27051,56040,3.071642,5,452,105653,26056,83091,21133,0.797235
2293,106105,62727,21445,41282,2.925017,5,398,105707,19744,62727,16249,0.794254
2294,106105,45126,16377,28749,2.755450,5,348,105757,14359,45126,12310,0.785674
2295,106105,30234,11693,18541,2.585650,5,286,105819,9733,30234,8698,0.776585
2296,106105,18539,7782,10757,2.382292,4,222,105883,6102,18539,5869,0.759546
2297,106105,9417,4552,4865,2.068761,4,156,105949,3217,9417,3451,0.731815
2298,106105,3328,2101,1227,1.584008,4,83,106022,1195,3328,1452,0.696234
2299,106105,766,589,177,1.300509,2,27,106078,285,766,374,0.671930
2300,106105,0,0,0,0.000000,0,0,106105,0,0,0,0.000000
2301,106105,0,0,0,0.000000,0,0,106105,0,0,0,0.000000
2302,106099,0,0,0,0.000000,0,0,106099,0,0,0,0.000000
2303,66896,0,0,0,0.000000,0,0,66896,0,0,0,0.000000
2304,66896,0,0,0,0.000000,0,0,66896,0,0,0,0.000000
2305,66896,0,0,0,0.000000,0,0,66896,0,0,0,0.000000
2306,66896,0,0,0,0.000000,0,0,66896,0,0,0,0.000000
2307,66896,0,0,0,0.000000,0,0,66896,0,0,0,0.000000
2308,66896,0,0,0,0.000000,0,0,66896,0,0,0,0.000000
2309,66896,0,0,0,0.000000,0,0,66896,0,0,0,0.000000
2310,66890,0,0,0,0.000000,0,0,66890,0,0,0,0.000000
2311,66890,0,0,0,0.000000,0,0,66890,0,0,0,0.000000
2312,349,0,0,0,0.000000,0,0,349,0,0,0,0.000000
2313,349,0,0,0,0.000000,0,0,349,0,0,0,0.000000
2314,349,0,0,0,0.000000,0,0,349,0,0,0,0.000000
2315,88,0,0,0,0.000000,0,0,88,0,0,0,0.000000
2316,88,0,0,0,0.000000,0,0,88,0,0,0,0.000000
2317,88,0,0,0,0.000000,0,0,88,0,0,0,0.000000
2318,88,0,0,0,0.000000,0,0,88,0,0,0,0.000000
2319,88,0,0,0,0.000000,0,0,88,0,0,0,0.000000
2320,88,0,0,0,0.000000,0,0,88,0,0,0,0.000000
2321,349,0,0,0,0.000000,0,0,349,0,0,0,0.000000
2322,349,951,951,0,1.000000,1,1,348,254,951,65,0.936024
2323,349,7863,7863,0,1.000000,1,4,345,2023,7863,229,0.971700
2324,349,17477,17477,0,1.000000,1,4,345,4493,17477,495,0.972457
2325,349,27024,27024,0,1.000000,1,4,345,6945,27024,756,0.972786
2326,68361,45018,36595,8423,1.230168,5,885,67476,13432,45018,8710,0.837887
2327,134908,91305,50469,40836,1.809130,6,1459,133449,29708,91305,27527,0.768354
2328,134908,142525,65635,76890,2.171479,5,1622,133286,47152,142525,46083,0.755668
2329,134908,196323,81807,114516,2.399831,5,1776,133132,65249,196323,64673,0.752207
2330,134908,252527,98947,153580,2.552144,6,1923,132985,83930,252527,83193,0.752195
2331,134908,250036,98551,151485,2.537123,5,1904,133004,83007,250036,81992,0.753057
2332,134908,247370,98156,149214,2.520172,5,1886,133022,81903,247370,80242,0.755070
2333,134908,244821,97755,147066,2.504435,5,1850,133058,80799,244821,78375,0.757500
2334,134908,242107,97374,144733,2.486362,5,1830,133078,79705,242107,76713,0.759385
2335,134908,239379,96975,142404,2.468461,5,1805,133103,78605,239379,75041,0.761335
2336,134908,236614,96590,140024,2.449674,5,1775,133133,77507,236614,73414,0.763202
2337,134908,233822,96212,137610,2.430279,5,1754,133154,76361,233822,71622,0.765515
2338,134908,230995,95827,135168,2.410542,5,1729,133179,75227,230995,69913,0.767660
2339,134908,228184,95459,132725,2.390387,5,1709,133199,74115,228184,68276,0.769696
2340,134908,225241,95104,130137,2.368365,5,1686,133222,72957,225241,66587,0.771828
2341,134908,211767,91608,120159,2.311665,5,1622,133286,68245,211767,61213,0.775760
2342,134902,198519,88268,110251,2.249048,5,1581,133321,63863,198519,56933,0.777128
2343,68361,185753,85375,100378,2.175731,5,1535,66826,59443,185753,52019,0.781223
2344,68361,173564,83028,90536,2.090427,5,1463,66898,55258,173564,47468,0.785244
2345,68361,161668,80845,80823,1.999728,5,1388,66973,51165,161668,42992,0.789935
2346,68361,149960,78824,71136,1.902466,5,1329,67032,47161,149960,38684,0.794936
2347,68361,138338,76940,61398,1.797998,5,1297,67064,43158,138338,34294,0.801346
2348,68361,126578,74794,51784,1.692355,5,1219,67142,39222,126578,30310,0.806805
2349,68361,114935,72227,42708,1.591302,5,1148,67213,35265,114935,26125,0.814795
2350,68361,103688,69218,34470,1.497992,5,1036,67325,31469,103688,22188,0.823731
2351,68361,97275,67420,29855,1.442821,5,962,67399,29243,97275,19697,0.831609
2352,68361,90978,65386,25592,1.391399,5,881,67480,27101,90978,17426,0.839249
2353,68361,85086,63351,21735,1.343089,5,785,67576,25072,85086,15202,0.848417
2354,68361,79581,61331,18250,1.297566,5,726,67635,23239,79581,13375,0.856115
2355,68361,74393,59322,15071,1.254054,5,645,67716,21531,74393,11731,0.863789
2356,68361,69571,57337,12234,1.213370,5,568,67793,19958,69571,10261,0.871468
2357,68361,65100,55371,9729,1.175706,5,518,67843,18505,65100,8920,0.879492
2358,68361,60970,53415,7555,1.141440,5,455,67906,17085,60970,7370,0.892157
2359,68361,57176,51492,5684,1.110386,5,386,67975,15772,57176,5912,0.906290
2360,68361,53660,49575,4085,1.082400,4,311,68050,14671,53660,5024,0.914389
2361,349,24115,24115,0,1.000000,1,8,341,6351,24115,1289,0.949260
2362,0,0,0,0,0.000000,0,0,0,0,0,0,0.000000
2363,0,0,0,0,0.000000,0,0,0,0,0,0,0.000000
2364,0,0,0,0,0.000000,0,0,0,0,0,0,0.000000
2365,0,0,0,0,0.000000,0,0,0,0,0,0,0.000000
2366,0,0,0,0,0.000000,0,0,0,0,0,0,0.000000
2367,0,0,0,0,0.000000,0,0,0,0,0,0,0.000000
2368,0,0,0,0,0.000000,0,0,0,0,0,0,0.000000
2369,0,0,0,0,0.000000,0,0,0,0,0,0,0.000000
2370,0,0,0,0,0.000000,0,0,0,0,0,0,0.000000
2371,0,0,0,0,0.000000,0,0,0,0,0,0,0.000000
2372,0,0,0,0,0.000000,0,0,0,0,0,0,0.000000
2373,0,0,0,0,0.000000,0,0,0,0,0,0,0.000000
2374,0,0,0,0,0.000000,0,0,0,0,0,0,0.000000
2375,0,0,0,0,0.000000,0,0,0,0,0,0,0.000000
2376,0,0,0,0,0.000000,0,0,0,0,0,0,0.000000
2377,0,0,0,0,0.000000,0,0,0,0,0,0,0.000000
2378,0,0,0,0,0.000000,0,0,0,0,0,0,0.000000
2379,0,0,0,0,0.000000,0,0,0,0,0,0,0.000000
2380,0,0,0,0,0.000000,0,0,0,0,0,0,0.000000
2381,0,0,0,0,0.000000,0,0,0,0,0,0,0.000000
2382,0,0,0,0,0.000000,0,0,0,0,0,0,0.000000
2383,0,0,0,0,0.000000,0,0,0,0,0,0,0.000000
2384,0,0,0,0,0.000000,0,0,0,0,0,0,0.000000
2385,0,0,0,0,0.000000,0,0,0,0,0,0,0.000000
2386,0,0,0,0,0.000000,0,0,0,0,0,0,0.000000
2387,0,0,0,0,0.000000,0,0,0,0,0,0,0.000000
2388,0,0,0,0,0.000000,0,0,0,0,0,0,0.000000
2389,0,0,0,0,0.000000,0,0,0,0,0,0,0.000000
2390,0,0,0,0,0.000000,0,0,0,0,0,0,0.000000
2391,0,0,0,0,0.000000,0,0,0,0,0,0,0.000000
2392,0,0,0,0,0.000000,0,0,0,0,0,0,0.000000
2393,0,0,0,0,0.000000,0,0,0,0,0,0,0.000000
2394,0,0,0,0,0.000000,0,0,0,0,0,0,0.000000
2395,0,0,0,0,0.000000,0,0,0,0,0,0,0.000000
2396,0,0,0,0,0.000000,0,0,0,0,0,0,0.000000
2397,0,0,0,0,0.000000,0,0,0,0,0,0,0.000000
2398,0,0,0,0,0.000000,0,0,0,0,0,0,0.000000
2399,0,0,0,0,0.000000,0,0,0,0,0,0,0.000000
2400,0,0,0,0,0.000000,0,0,0,0,0,0,0.000000
2401,0,0,0,0,0.000000,0,0,0,0,0,0,0.000000
2402,0,0,0,0,0.000000,0,0,0,0,0,0,0.000000
2403,0,0,0,0,0.000000,0,0,0,0,0,0,0.000000
2404,0,0,0,0,0.000000,0,0,0,0,0,0,0.000000
2405,0,0,0,0,0.000000,0,0,0,0,0,0,0.000000
2406,0,0,0,0,0.000000,0,0,0,0,0,0,0.000000
2407,0,0,0,0,0.000000,0,0,0,0,0,0,0.000000
2408,0,0,0,0,0.000000,0,0,0,0,0,0,0.000000
2409,0,0,0,0,0.000000,0,0,0,0,0,0,0.000000
2410,0,0,0,0,0.000000,0,0,0,0,0,0,0.000000
2411,0,0,0,0,0.000000,0,0,0,0,0,0,0.000000
2412,0,0,0,0,0.000000,0,0,0,0,0,0,0.000000
2413,0,0,0,0,0.000000,0,0,0,0,0,0,0.000000
2414,0,0,0,0,0.000000,0,0,0,0,0,0,0.000000
2415,0,0,0,0,0.000000,0,0,0,0,0,0,0.000000
2416,0,0,0,0,0.000000,0,0,0,0,0,0,0.000000
2417,0,0,0,0,0.000000,0,0,0,0,0,0,0.000000
2418,0,0,0,0,0.000000,0,0,0,0,0,0,0.000000
2419,0,0,0,0,0.000000,0,0,0,0,0,0,0.000000
2420,0,0,0,0,0.000000,0,0,0,0,0,0,0.000000
2421,0,0,0,0,0.000000,0,0,0,0,0,0,0.000000
2422,0,0,0,0,0.000000,0,0,0,0,0,0,0.000000
2423,0,0,0,0,0.000000,0,0,0,0,0,0,0.000000
2424,0,0,0,0,0.000000,0,0,0,0,0,0,0.000000
2425,0,0,0,0,0.000000,0,0,0,0,0,0,0.000000
2426,0,0,0,0,0.000000,0,0,0,0,0,0,0.000000
2427,0,0,0,0,0.000000,0,0,0,0,0,0,0.000000
2428,0,0,0,0,0.000000,0,0,0,0,0,0,0.000000
2429,0,0,0,0,0.000000,0,0,0,0,0,0,0.000000
2430,0,0,0,0,0.000000,0,0,0,0,0,0,0.000000
2431,0,0,0,0,0.000000,0,0,0,0,0,0,0.000000
2432,0,0,0,0,0.000000,0,0,0,0,0,0,0.000000
2433,0,0,0,0,0.000000,0,0,0,0,0,0,0.000000
2434,0,0,0,0,0.000000,0,0,0,0,0,0,0.000000
2435,0,0,0,0,0.000000,0,0,0,0,0,0,0.000000
2436,0,0,0,0,0.000000,0,0,0,0,0,0,0.000000
2437,0,0,0,0,0.000000,0,0,0,0,0,0,0.000000
2438,0,0,0,0,0.000000,0,0,0,0,0,0,0.000000
2439,0,0,0,0,0.000000,0,0,0,0,0,0,0.000000
2440,0,0,0,0,0.000000,0,0,0,0,0,0,0.000000
2441,0,0,0,0,0.000000,0,0,0,0,0,0,0.000000
2442,0,0,0,0,0.000000,0,0,0,0,0,0,0.000000
2443,0,0,0,0,0.000000,0,0,0,0,0,0,0.000000
2444,0,0,0,0,0.000000,0,0,0,0,0,0,0.000000
2445,0,0,0,0,0.000000,0,0,0,0,0,0,0.000000
2446,0,0,0,0,0.000000,0,0,0,0,0,0,0.000000
2447,0,0,0,0,0.000000,0,0,0,0,0,0,0.000000
2448,0,0,0,0,0.000000,0,0,0,0,0,0,0.000000
2449,0,0,0,0,0.000000,0,0,0,0,0,0,0.000000
2450,0,0,0,0,0.000000,0,0,0,0,0,0,0.000000
2451,0,0,0,0,0.000000,0,0,0,0,0,0,0.000000
2452,0,0,0,0,0.000000,0,0,0,0,0,0,0.000000
2453,0,0,0,0,0.000000,0,0,0,0,0,0,0.000000
2454,0,0,0,0,0.000000,0,0,0,0,0,0,0.000000
2455,0,0,0,0,0.000000,0,0,0,0,0,0,0.000000
2456,0,0,0,0,0.000000,0,0,0,0,0,0,0.000000
2457,0,0,0,0,0.000000,0,0,0,0,0,0,0.000000
2458,0,0,0,0,0.000000,0,0,0,0,0,0,0.000000
2459,0,0,0,0,0.000000,0,0,0,0,0,0,0.000000
2460,0,0,0,0,0.000000,0,0,0,0,0,0,0.000000
2461,0,0,0,0,0.000000,0,0,0,0,0,0,0.000000
2462,0,0,0,0,0.000000,0,0,0,0,0,0,0.000000
2463,0,0,0,0,0.000000,0,0,0,0,0,0,0.000000
2464,0,0,0,0,0.000000,0,0,0,0,0,0,0.000000
2465,0,0,0,0,0.000000,0,0,0,0,0,0,0.000000
2466,0,0,0,0,0.000000,0,0,0,0,0,0,0.000000
2467,0,0,0,0,0.000000,0,0,0,0,0,0,0.000000
2468,0,0,0,0,0.000000,0,0,0,0,0,0,0.000000
2469,0,0,0,0,0.000000,0,0,0,0,0,0,0.000000
2470,0,0,0,0,0.000000,0,0,0,0,0,0,0.000000
2471,0,0,0,0,0.000000,0,0,0,0,0,0,0.000000
2472,0,0,0,0,0.000000,0,0,0,0,0,0,0.000000
2473,0,0,0,0,0.000000,0,0,0,0,0,0,0.000000
2474,0,0,0,0,0.000000,0,0,0,0,0,0,0.000000
2475,0,0,0,0,0.000000,0,0,0,0,0,0,0.000000
2476,0,0,0,0,0.000000,0,0,0,0,0,0,0.000000
2477,0,0,0,0,0.000000,0,0,0,0,0,0,0.000000
2478,0,0,0,0,0.000000,0,0,0,0,0,0,0.000000
2479,0,0,0,0,0.000000,0,0,0,0,0,0,0.000000
2480,0,0,0,0,0.000000,0,0,0,0,0,0,0.000000
2481,0,0,0,0,0.000000,0,0,0,0,0,0,0.000000
2482,0,0,0,0,0.000000,0,0,0,0,0,0,0.000000
2483,0,0,0,0,0.000000,0,0,0,0,0,0,0.000000
2484,0,0,0,0,0.000000,0,0,0,0,0,0,0.000000
2485,0,0,0,0,0.000000,0,0,0,0,0,0,0.000000
2486,0,0,0,0,0.000000,0,0,0,0,0,0,0.000000
2487,0,0,0,0,0.000000,0,0,0,0,0,0,0.000000
2488,0,0,0,0,0.000000,0,0,0,0,0,0,0.000000
2489,0,0,0,0,0.000000,0,0,0,0,0,0,0.000000
2490,0,0,0,0,0.000000,0,0,0,0,0,0,0.000000
2491,0,0,0,0,0.000000,0,0,0,0,0,0,0.000000
2492,0,0,0,0,0.000000,0,0,0,0,0,0,0.000000
2493,0,0,0,0,0.000000,0,0,0,0,0,0,0.000000
2494,0,0,0,0,0.000000,0,0,0,0,0,0,0.000000
2495,0,0,0,0,0.000000,0,0,0,0,0,0,0.000000
2496,0,0,0,0,0.000000,0,0,0,0,0,0,0.000000
2497,0,0,0,0,0.000000,0,0,0,0,0,0,0.000000
2498,0,0,0,0,0.000000,0,0,0,0,0,0,0.000000
2499,0,0,0,0,0.000000,0,0,0,0,0,0,0.000000
2500,0,0,0,0,0.000000,0,0,0,0,0,0,0.000000
2501,0,0,0,0,0.000000,0,0,0,0,0,0,0.000000
2502,0,0,0,0,0.000000,0,0,0,0,0,0,0.000000
2503,0,0,0,0,0.000000,0,0,0,0,0,0,0.000000
2504,0,0,0,0,0.000000,0,0,0,0,0,0,0.000000
2505,0,0,0,0,0.000000,0,0,0,0,0,0,0.000000
2506,0,0,0,0,0.000000,0,0,0,0,0,0,0.000000
2507,0,0,0,0,0.000000,0,0,0,0,0,0,0.000000
2508,0,0,0,0,0.000000,0,0,0,0,0,0,0.000000
2509,0,0,0,0,0.000000,0,0,0,0,0,0,0.000000
2510,0,0,0,0,0.000000,0,0,0,0,0,0,0.000000
2511,0,0,0,0,0.000000,0,0,0,0,0,0,0.000000
2512,0,0,0,0,0.000000,0,0,0,0,0,0,0.000000
2513,0,0,0,0,0.000000,0,0,0,0,0,0,0.000000
2514,0,0,0,0,0.000000,0,0,0,0,0,0,0.000000
2515,0,0,0,0,0.000000,0,0,0,0,0,0,0.000000
2516,0,0,0,0,0.000000,0,0,0,0,0,0,0.000000
2517,0,0,0,0,0.000000,0,0,0,0,0,0,0.000000
2518,0,0,0,0,0.000000,0,0,0,0,0,0,0.000000
2519,0,0,0,0,0.000000,0,0,0,0,0,0,0.000000
2520,0,0,0,0,0.000000,0,0,0,0,0,0,0.000000
2521,0,0,0,0,0.000000,0,0,0,0,0,0,0.000000
2522,0,0,0,0,0.000000,0,0,0,0,0,0,0.000000
2523,0,0,0,0,0.000000,0,0,0,0,0,0,0.000000
2524,0,0,0,0,0.000000,0,0,0,0,0,0,0.000000
2525,0,0,0,0,0.000000,0,0,0,0,0,0,0.000000
2526,0,0,0,0,0.000000,0,0,0,0,0,0,0.000000
2527,0,0,0,0,0.000000,0,0,0,0,0,0,0.000000
2528,0,0,0,0,0.000000,0,0,0,0,0,0,0.000000
2529,0,0,0,0,0.000000,0,0,0,0,0,0,0.000000
2530,0,0,0,0,0.000000,0,0,0,0,0,0,0.000000
2531,0,0,0,0,0.000000,0,0,0,0,0,0,0.000000
2532,0,0,0,0,0.000000,0,0,0,0,0,0,0.000000
2533,0,0,0,0,0.000000,0,0,0,0,0,0,0.000000
2534,0,0,0,0,0.000000,0,0,0,0,0,0,0.000000
2535,0,0,0,0,0.000000,0,0,0,0,0,0,0.000000
2536,0,0,0,0,0.000000,0,0,0,0,0,0,0.000000
2537,0,0,0,0,0.000000,0,0,0,0,0,0,0.000000
2538,0,0,0,0,0.000000,0,0,0,0,0,0,0.000000
2539,0,0,0,0,0.000000,0,0,0,0,0,0,0.000000
2540,0,0,0,0,0.000000,0,0,0,0,0,0,0.000000
2541,0,0,0,0,0.000000,0,0,0,0,0,0,0.000000
2542,0,0,0,0,0.000000,0,0,0,0,0,0,0.000000
2543,0,0,0,0,0.000000,0,0,0,0,0,0,0.000000
2544,0,0,0,0,0.000000,0,0,0,0,0,0,0.000000
2545,0,0,0,0,0.000000,0,0,0,0,0,0,0.000000
2546,0,0,0,0,0.000000,0,0,0,0,0,0,0.000000
2547,0,0,0,0,0.000000,0,0,0,0,0,0,0.000000
2548,0,0,0,0,0.000000,0,0,0,0,0,0,0.000000
2549,0,0,0,0,0.000000,0,0,0,0,0,0,0.000000
2550,0,0,0,0,0.000000,0,0,0,0,0,0,0.000000
2551,0,0,0,0,0.000000,0,0,0,0,0,0,0.000000
2552,0,0,0,0,0.000000,0,0,0,0,0,0,0.000000
2553,0,0,0,0,0.000000,0,0,0,0,0,0,0.000000
2554,0,0,0,0,0.000000,0,0,0,0,0,0,0.000000
2555,0,0,0,0,0.000000,0,0,0,0,0,0,0.000000
2556,0,0,0,0,0.000000,0,0,0,0,0,0,0.000000
2557,0,0,0,0,0.000000,0,0,0,0,0,0,0.000000
2558,0,0,0,0,0.000000,0,0,0,0,0,0,0.000000
2559,0,0,0,0,0.000000,0,0,0,0,0,0,0.000000
