run-id,run-name,output-filepath,renderer-variant,visibility-debug-mode,donut-linear-gbuffer,variable,to-use-scene,to-load-texture,use-vfc,scene-variant,scene-importer,scene-path,warmup-frames,measure-frames,auto-terminate,vsync,camera-mode,camera-filepath,camera-keyframe-interval,to-set-start-frame,key-frame,profile-window-frames,capture-frames,capture-output-dir,capture-stride,capture-fps,window-width,window-height,seed,material-assign-strategy,material-assign-max-open,material-assign-locality,material-assign-diversity,camera-pos-x,camera-pos-y,camera-pos-z,camera-lookat-x,camera-lookat-y,camera-lookat-z,camera-near-z,camera-far-z,camera-fov,object-count,material-count,geometry-count,overdraw-count,to-remain-only-in-camera,z-min,z-max,xy-minmax,radius,geometry-div,gbuffer-cnt,texture-count,texture-size,texture-sampling-count,alu-calc-count,pass_name_0,pass_0_time_avg_ms,pass_name_1,pass_1_time_avg_ms,pass_name_2,pass_2_time_avg_ms,pass_name_3,pass_3_time_avg_ms,pass_name_4,pass_4_time_avg_ms,pass_name_5,pass_5_time_avg_ms,pass_name_6,pass_6_time_avg_ms,pass_name_7,pass_7_time_avg_ms,pass_name_8,pass_8_time_avg_ms,pass_name_9,pass_9_time_avg_ms,pass_name_10,pass_10_time_avg_ms,pass_name_11,pass_11_time_avg_ms,pass_name_12,pass_12_time_avg_ms,pass_name_13,pass_13_time_avg_ms,pass_name_14,pass_14_time_avg_ms,pass_name_15,pass_15_time_avg_ms,pass_name_16,pass_16_time_avg_ms,pass_name_17,pass_17_time_avg_ms,pass_name_18,pass_18_time_avg_ms,pass_name_19,pass_19_time_avg_ms,pass_name_20,pass_20_time_avg_ms,pass_name_21,pass_21_time_avg_ms,pass_name_22,pass_22_time_avg_ms,pass_name_23,pass_23_time_avg_ms,pass_name_24,pass_24_time_avg_ms,pass_name_25,pass_25_time_avg_ms,pass_name_26,pass_26_time_avg_ms,pass_name_27,pass_27_time_avg_ms,pass_name_28,pass_28_time_avg_ms,pass_name_29,pass_29_time_avg_ms,pass_name_30,pass_30_time_avg_ms,pass_name_31,pass_31_time_avg_ms,renderer_name,run_current_time,camera-mode-name,total_time_min_ms,total_time_median_ms,total_time_max_ms,total_time_avg_ms,total_time_p01_ms,total_time_p10_ms,total_time_p90_ms,total_time_p99_ms,variable-geometry-count,variable-overdraw-count,variable-waste-quad-count,variable-alu-op-count,param_renderer_variant,param_visibility_debug_mode,param_donut_linear_gbuffer,param_variable,param_to_use_scene,param_to_load_texture,param_use_vfc,param_scene_variant,param_scene_importer,param_scene_path,param_warmup_frames,param_measure_frames,param_vsync,param_camera_mode,param_camera_filepath,param_camera_keyframe_interval,param_to_set_start_frame,param_key_frame,param_profile_window_frames,param_capture_frames,param_capture_stride,param_capture_fps,param_window_width,param_window_height,param_seed,param_material_assign_strategy,param_material_assign_max_open,param_material_assign_locality,param_material_assign_diversity,param_geometry_div,param_camera_pos_x,param_camera_pos_y,param_camera_pos_z,param_camera_lookat_x,param_camera_lookat_y,param_camera_lookat_z,param_camera_near_z,param_camera_far_z,param_camera_fov,param_object_count,param_material_count,param_geometry_count,param_overdraw_count,param_to_remain_only_in_camera,param_z_min,param_z_max,param_xy_minmax,param_radius,param_gbuffer_cnt,param_texture_count,param_texture_size,param_texture_sampling_count,param_alu_calc_count,runner_experiment,runner_repeat,runner_run_index,runner_result_row,runner_status,runner_return_code,runner_error,runner_stderr,runner_skip_reason,runner_missing_assets
0,07_synth_material_class_matrix,C:\Users\mkkim\AppData\Local\Temp\tvbperf_ny7670fu\run_00000.csv,8,2,0,0,0,0,0,1,auto,unused,120,600,1,0,0,../../../../../scripts/standard_camera.csv,10,0,0,60,0,captures,1,60,1920,1080,0,0,1,0.5,1,0,0,-3,0,0,0,0.1,1000,0.785,1,16,1,0,0,-1,1,1,0.5,128,1,1,256,1,100,total,0.27349,depth_prepass,0.02129,geometry,0.12380,lighting,0.08574,tonemap,0.02969,,0.00000,,0.00000,,0.00000,,0.00000,,0.00000,,0.00000,,0.00000,,0.00000,,0.00000,,0.00000,,0.00000,,0.00000,,0.00000,,0.00000,,0.00000,,0.00000,,0.00000,,0.00000,,0.00000,,0.00000,,0.00000,,0.00000,,0.00000,,0.00000,,0.00000,,0.00000,,0.00000,DonutDeferredPrepass,2026-07-30T01:32:55,free,0.27101,0.27338,0.28166,0.27349,0.27171,0.27222,0.27475,0.28029,16641,0,128,100,8,2,0,0,0,0,0,1,auto,unused,120,600,0,0,../../../../../scripts/standard_camera.csv,10,0,0,60,0,1,60,1920,1080,0,0,1,0.5,1.0,128,0.0,0.0,-3.0,0.0,0.0,0.0,0.1,1000.0,0.785,1,16,1,0,0,-1.0,1.0,1.0,0.5,1,1,256,1,100,07_synth_material_class_matrix,0,0,0,success,0,,"Scene CPU cache disabled; rebuilding source scene.
Log saved to: C:\Users\mkkim\myfolder\mydev1\VisibilityBufferInfo\out\build\x64-Release\bin\Release\logs\log_2026-07-30_01-32-57.txt",,
1,07_synth_material_class_matrix,C:\Users\mkkim\AppData\Local\Temp\tvbperf_ny7670fu\run_00001.csv,9,2,0,1,0,0,0,1,auto,unused,120,600,1,0,0,../../../../../scripts/standard_camera.csv,10,0,0,60,0,captures,1,60,1920,1080,0,0,1,0.5,1,0,0,-3,0,0,0,0.1,1000,0.785,1,16,1,0,0,-1,1,1,0.5,128,1,1,256,1,100,total,0.33264,visibility,0.04041,visutil_histogram,0.02289,visutil_prefix,0.00217,visutil_flatten,0.03075,gbuffer,0.08279,lighting,0.09124,tonemap,0.02996,,0.00000,,0.00000,,0.00000,,0.00000,,0.00000,,0.00000,,0.00000,,0.00000,,0.00000,,0.00000,,0.00000,,0.00000,,0.00000,,0.00000,,0.00000,,0.00000,,0.00000,,0.00000,,0.00000,,0.00000,,0.00000,,0.00000,,0.00000,,0.00000,DonutVisGBuffer,2026-07-30T01:32:57,free,0.32736,0.33248,0.34054,0.33264,0.32870,0.33078,0.33414,0.34022,16641,0,128,100,9,2,0,1,0,0,0,1,auto,unused,120,600,0,0,../../../../../scripts/standard_camera.csv,10,0,0,60,0,1,60,1920,1080,0,0,1,0.5,1.0,128,0.0,0.0,-3.0,0.0,0.0,0.0,0.1,1000.0,0.785,1,16,1,0,0,-1.0,1.0,1.0,0.5,1,1,256,1,100,07_synth_material_class_matrix,0,1,0,success,0,,"Scene CPU cache disabled; rebuilding source scene.
Log saved to: C:\Users\mkkim\myfolder\mydev1\VisibilityBufferInfo\out\build\x64-Release\bin\Release\logs\log_2026-07-30_01-32-58.txt",,
2,07_synth_material_class_matrix,C:\Users\mkkim\AppData\Local\Temp\tvbperf_ny7670fu\run_00002.csv,8,2,0,2,0,0,0,1,auto,unused,120,600,1,0,0,../../../../../scripts/standard_camera.csv,10,0,0,60,0,captures,1,60,1920,1080,1,0,1,0.5,1,0,0,-3,0,0,0,0.1,1000,0.785,1,16,1,0,0,-1,1,1,0.5,128,1,1,256,1,100,total,0.27439,depth_prepass,0.02184,geometry,0.12462,lighting,0.08566,tonemap,0.02885,,0.00000,,0.00000,,0.00000,,0.00000,,0.00000,,0.00000,,0.00000,,0.00000,,0.00000,,0.00000,,0.00000,,0.00000,,0.00000,,0.00000,,0.00000,,0.00000,,0.00000,,0.00000,,0.00000,,0.00000,,0.00000,,0.00000,,0.00000,,0.00000,,0.00000,,0.00000,,0.00000,DonutDeferredPrepass,2026-07-30T01:32:58,free,0.27130,0.27402,0.41789,0.27439,0.27197,0.27290,0.27533,0.28070,16641,0,128,100,8,2,0,2,0,0,0,1,auto,unused,120,600,0,0,../../../../../scripts/standard_camera.csv,10,0,0,60,0,1,60,1920,1080,1,0,1,0.5,1.0,128,0.0,0.0,-3.0,0.0,0.0,0.0,0.1,1000.0,0.785,1,16,1,0,0,-1.0,1.0,1.0,0.5,1,1,256,1,100,07_synth_material_class_matrix,0,2,0,success,0,,"Scene CPU cache disabled; rebuilding source scene.
Log saved to: C:\Users\mkkim\myfolder\mydev1\VisibilityBufferInfo\out\build\x64-Release\bin\Release\logs\log_2026-07-30_01-33-00.txt",,
3,07_synth_material_class_matrix,C:\Users\mkkim\AppData\Local\Temp\tvbperf_ny7670fu\run_00003.csv,9,2,0,3,0,0,0,1,auto,unused,120,600,1,0,0,../../../../../scripts/standard_camera.csv,10,0,0,60,0,captures,1,60,1920,1080,1,0,1,0.5,1,0,0,-3,0,0,0,0.1,1000,0.785,1,16,1,0,0,-1,1,1,0.5,128,1,1,256,1,100,total,0.33311,visibility,0.04059,visutil_histogram,0.02287,visutil_prefix,0.00217,visutil_flatten,0.03076,gbuffer,0.08304,lighting,0.09113,tonemap,0.03003,,0.00000,,0.00000,,0.00000,,0.00000,,0.00000,,0.00000,,0.00000,,0.00000,,0.00000,,0.00000,,0.00000,,0.00000,,0.00000,,0.00000,,0.00000,,0.00000,,0.00000,,0.00000,,0.00000,,0.00000,,0.00000,,0.00000,,0.00000,,0.00000,DonutVisGBuffer,2026-07-30T01:33:00,free,0.32906,0.33338,0.34118,0.33311,0.32950,0.33120,0.33427,0.33987,16641,0,128,100,9,2,0,3,0,0,0,1,auto,unused,120,600,0,0,../../../../../scripts/standard_camera.csv,10,0,0,60,0,1,60,1920,1080,1,0,1,0.5,1.0,128,0.0,0.0,-3.0,0.0,0.0,0.0,0.1,1000.0,0.785,1,16,1,0,0,-1.0,1.0,1.0,0.5,1,1,256,1,100,07_synth_material_class_matrix,0,3,0,success,0,,"Scene CPU cache disabled; rebuilding source scene.
Log saved to: C:\Users\mkkim\myfolder\mydev1\VisibilityBufferInfo\out\build\x64-Release\bin\Release\logs\log_2026-07-30_01-33-01.txt",,
4,07_synth_material_class_matrix,C:\Users\mkkim\AppData\Local\Temp\tvbperf_ny7670fu\run_00004.csv,8,2,0,4,0,0,0,1,auto,unused,120,600,1,0,0,../../../../../scripts/standard_camera.csv,10,0,0,60,0,captures,1,60,1920,1080,0,0,2,0.5,1,0,0,-3,0,0,0,0.1,1000,0.785,1,16,1,0,0,-1,1,1,0.5,128,1,1,256,1,100,total,0.27308,depth_prepass,0.02162,geometry,0.12404,lighting,0.08564,tonemap,0.02868,,0.00000,,0.00000,,0.00000,,0.00000,,0.00000,,0.00000,,0.00000,,0.00000,,0.00000,,0.00000,,0.00000,,0.00000,,0.00000,,0.00000,,0.00000,,0.00000,,0.00000,,0.00000,,0.00000,,0.00000,,0.00000,,0.00000,,0.00000,,0.00000,,0.00000,,0.00000,,0.00000,DonutDeferredPrepass,2026-07-30T01:33:01,free,0.27101,0.27293,0.28022,0.27308,0.27149,0.27213,0.27389,0.27946,16641,0,128,100,8,2,0,4,0,0,0,1,auto,unused,120,600,0,0,../../../../../scripts/standard_camera.csv,10,0,0,60,0,1,60,1920,1080,0,0,2,0.5,1.0,128,0.0,0.0,-3.0,0.0,0.0,0.0,0.1,1000.0,0.785,1,16,1,0,0,-1.0,1.0,1.0,0.5,1,1,256,1,100,07_synth_material_class_matrix,0,4,0,success,0,,"Scene CPU cache disabled; rebuilding source scene.
Log saved to: C:\Users\mkkim\myfolder\mydev1\VisibilityBufferInfo\out\build\x64-Release\bin\Release\logs\log_2026-07-30_01-33-02.txt",,
5,07_synth_material_class_matrix,C:\Users\mkkim\AppData\Local\Temp\tvbperf_ny7670fu\run_00005.csv,9,2,0,5,0,0,0,1,auto,unused,120,600,1,0,0,../../../../../scripts/standard_camera.csv,10,0,0,60,0,captures,1,60,1920,1080,0,0,2,0.5,1,0,0,-3,0,0,0,0.1,1000,0.785,1,16,1,0,0,-1,1,1,0.5,128,1,1,256,1,100,total,0.34336,visibility,0.04046,visutil_histogram,0.02423,visutil_prefix,0.00217,visutil_flatten,0.03290,gbuffer,0.09043,lighting,0.09030,tonemap,0.02956,,0.00000,,0.00000,,0.00000,,0.00000,,0.00000,,0.00000,,0.00000,,0.00000,,0.00000,,0.00000,,0.00000,,0.00000,,0.00000,,0.00000,,0.00000,,0.00000,,0.00000,,0.00000,,0.00000,,0.00000,,0.00000,,0.00000,,0.00000,,0.00000,DonutVisGBuffer,2026-07-30T01:33:02,free,0.33680,0.34339,0.35229,0.34336,0.34048,0.34150,0.34435,0.35146,16641,0,128,100,9,2,0,5,0,0,0,1,auto,unused,120,600,0,0,../../../../../scripts/standard_camera.csv,10,0,0,60,0,1,60,1920,1080,0,0,2,0.5,1.0,128,0.0,0.0,-3.0,0.0,0.0,0.0,0.1,1000.0,0.785,1,16,1,0,0,-1.0,1.0,1.0,0.5,1,1,256,1,100,07_synth_material_class_matrix,0,5,0,success,0,,"Scene CPU cache disabled; rebuilding source scene.
Log saved to: C:\Users\mkkim\myfolder\mydev1\VisibilityBufferInfo\out\build\x64-Release\bin\Release\logs\log_2026-07-30_01-33-04.txt",,
6,07_synth_material_class_matrix,C:\Users\mkkim\AppData\Local\Temp\tvbperf_ny7670fu\run_00006.csv,8,2,0,6,0,0,0,1,auto,unused,120,600,1,0,0,../../../../../scripts/standard_camera.csv,10,0,0,60,0,captures,1,60,1920,1080,1,0,2,0.5,1,0,0,-3,0,0,0,0.1,1000,0.785,1,16,1,0,0,-1,1,1,0.5,128,1,1,256,1,100,total,0.27345,depth_prepass,0.02155,geometry,0.12446,lighting,0.08561,tonemap,0.02876,,0.00000,,0.00000,,0.00000,,0.00000,,0.00000,,0.00000,,0.00000,,0.00000,,0.00000,,0.00000,,0.00000,,0.00000,,0.00000,,0.00000,,0.00000,,0.00000,,0.00000,,0.00000,,0.00000,,0.00000,,0.00000,,0.00000,,0.00000,,0.00000,,0.00000,,0.00000,,0.00000,DonutDeferredPrepass,2026-07-30T01:33:04,free,0.27104,0.27328,0.28061,0.27345,0.27181,0.27242,0.27434,0.28003,16641,0,128,100,8,2,0,6,0,0,0,1,auto,unused,120,600,0,0,../../../../../scripts/standard_camera.csv,10,0,0,60,0,1,60,1920,1080,1,0,2,0.5,1.0,128,0.0,0.0,-3.0,0.0,0.0,0.0,0.1,1000.0,0.785,1,16,1,0,0,-1.0,1.0,1.0,0.5,1,1,256,1,100,07_synth_material_class_matrix,0,6,0,success,0,,"Scene CPU cache disabled; rebuilding source scene.
Log saved to: C:\Users\mkkim\myfolder\mydev1\VisibilityBufferInfo\out\build\x64-Release\bin\Release\logs\log_2026-07-30_01-33-05.txt",,
7,07_synth_material_class_matrix,C:\Users\mkkim\AppData\Local\Temp\tvbperf_ny7670fu\run_00007.csv,9,2,0,7,0,0,0,1,auto,unused,120,600,1,0,0,../../../../../scripts/standard_camera.csv,10,0,0,60,0,captures,1,60,1920,1080,1,0,2,0.5,1,0,0,-3,0,0,0,0.1,1000,0.785,1,16,1,0,0,-1,1,1,0.5,128,1,1,256,1,100,total,0.34363,visibility,0.04062,visutil_histogram,0.02430,visutil_prefix,0.00217,visutil_flatten,0.03292,gbuffer,0.09056,lighting,0.09030,tonemap,0.02967,,0.00000,,0.00000,,0.00000,,0.00000,,0.00000,,0.00000,,0.00000,,0.00000,,0.00000,,0.00000,,0.00000,,0.00000,,0.00000,,0.00000,,0.00000,,0.00000,,0.00000,,0.00000,,0.00000,,0.00000,,0.00000,,0.00000,,0.00000,,0.00000,DonutVisGBuffer,2026-07-30T01:33:05,free,0.33920,0.34358,0.35139,0.34363,0.34096,0.34240,0.34509,0.34928,16641,0,128,100,9,2,0,7,0,0,0,1,auto,unused,120,600,0,0,../../../../../scripts/standard_camera.csv,10,0,0,60,0,1,60,1920,1080,1,0,2,0.5,1.0,128,0.0,0.0,-3.0,0.0,0.0,0.0,0.1,1000.0,0.785,1,16,1,0,0,-1.0,1.0,1.0,0.5,1,1,256,1,100,07_synth_material_class_matrix,0,7,0,success,0,,"Scene CPU cache disabled; rebuilding source scene.
Log saved to: C:\Users\mkkim\myfolder\mydev1\VisibilityBufferInfo\out\build\x64-Release\bin\Release\logs\log_2026-07-30_01-33-06.txt",,
8,07_synth_material_class_matrix,C:\Users\mkkim\AppData\Local\Temp\tvbperf_ny7670fu\run_00008.csv,8,2,0,8,0,0,0,1,auto,unused,120,600,1,0,0,../../../../../scripts/standard_camera.csv,10,0,0,60,0,captures,1,60,1920,1080,0,0,4,0.5,1,0,0,-3,0,0,0,0.1,1000,0.785,1,16,1,0,0,-1,1,1,0.5,128,1,1,256,1,100,total,0.27382,depth_prepass,0.02183,geometry,0.12405,lighting,0.08568,tonemap,0.02906,,0.00000,,0.00000,,0.00000,,0.00000,,0.00000,,0.00000,,0.00000,,0.00000,,0.00000,,0.00000,,0.00000,,0.00000,,0.00000,,0.00000,,0.00000,,0.00000,,0.00000,,0.00000,,0.00000,,0.00000,,0.00000,,0.00000,,0.00000,,0.00000,,0.00000,,0.00000,,0.00000,DonutDeferredPrepass,2026-07-30T01:33:06,free,0.27165,0.27366,0.28227,0.27382,0.27206,0.27274,0.27488,0.28054,16641,0,128,100,8,2,0,8,0,0,0,1,auto,unused,120,600,0,0,../../../../../scripts/standard_camera.csv,10,0,0,60,0,1,60,1920,1080,0,0,4,0.5,1.0,128,0.0,0.0,-3.0,0.0,0.0,0.0,0.1,1000.0,0.785,1,16,1,0,0,-1.0,1.0,1.0,0.5,1,1,256,1,100,07_synth_material_class_matrix,0,8,0,success,0,,"Scene CPU cache disabled; rebuilding source scene.
Log saved to: C:\Users\mkkim\myfolder\mydev1\VisibilityBufferInfo\out\build\x64-Release\bin\Release\logs\log_2026-07-30_01-33-08.txt",,
9,07_synth_material_class_matrix,C:\Users\mkkim\AppData\Local\Temp\tvbperf_ny7670fu\run_00009.csv,9,2,0,9,0,0,0,1,auto,unused,120,600,1,0,0,../../../../../scripts/standard_camera.csv,10,0,0,60,0,captures,1,60,1920,1080,0,0,4,0.5,1,0,0,-3,0,0,0,0.1,1000,0.785,1,16,1,0,0,-1,1,1,0.5,128,1,1,256,1,100,total,0.34613,visibility,0.04047,visutil_histogram,0.02444,visutil_prefix,0.00217,visutil_flatten,0.03331,gbuffer,0.09345,lighting,0.09009,tonemap,0.02943,,0.00000,,0.00000,,0.00000,,0.00000,,0.00000,,0.00000,,0.00000,,0.00000,,0.00000,,0.00000,,0.00000,,0.00000,,0.00000,,0.00000,,0.00000,,0.00000,,0.00000,,0.00000,,0.00000,,0.00000,,0.00000,,0.00000,,0.00000,,0.00000,DonutVisGBuffer,2026-07-30T01:33:08,free,0.34262,0.34573,0.35606,0.34613,0.34314,0.34458,0.34787,0.35149,16641,0,128,100,9,2,0,9,0,0,0,1,auto,unused,120,600,0,0,../../../../../scripts/standard_camera.csv,10,0,0,60,0,1,60,1920,1080,0,0,4,0.5,1.0,128,0.0,0.0,-3.0,0.0,0.0,0.0,0.1,1000.0,0.785,1,16,1,0,0,-1.0,1.0,1.0,0.5,1,1,256,1,100,07_synth_material_class_matrix,0,9,0,success,0,,"Scene CPU cache disabled; rebuilding source scene.
Log saved to: C:\Users\mkkim\myfolder\mydev1\VisibilityBufferInfo\out\build\x64-Release\bin\Release\logs\log_2026-07-30_01-33-09.txt",,
10,07_synth_material_class_matrix,C:\Users\mkkim\AppData\Local\Temp\tvbperf_ny7670fu\run_00010.csv,8,2,0,10,0,0,0,1,auto,unused,120,600,1,0,0,../../../../../scripts/standard_camera.csv,10,0,0,60,0,captures,1,60,1920,1080,1,0,4,0.5,1,0,0,-3,0,0,0,0.1,1000,0.785,1,16,1,0,0,-1,1,1,0.5,128,1,1,256,1,100,total,0.27384,depth_prepass,0.02175,geometry,0.12452,lighting,0.08560,tonemap,0.02882,,0.00000,,0.00000,,0.00000,,0.00000,,0.00000,,0.00000,,0.00000,,0.00000,,0.00000,,0.00000,,0.00000,,0.00000,,0.00000,,0.00000,,0.00000,,0.00000,,0.00000,,0.00000,,0.00000,,0.00000,,0.00000,,0.00000,,0.00000,,0.00000,,0.00000,,0.00000,,0.00000,DonutDeferredPrepass,2026-07-30T01:33:09,free,0.27139,0.27370,0.28186,0.27384,0.27190,0.27258,0.27504,0.27955,16641,0,128,100,8,2,0,10,0,0,0,1,auto,unused,120,600,0,0,../../../../../scripts/standard_camera.csv,10,0,0,60,0,1,60,1920,1080,1,0,4,0.5,1.0,128,0.0,0.0,-3.0,0.0,0.0,0.0,0.1,1000.0,0.785,1,16,1,0,0,-1.0,1.0,1.0,0.5,1,1,256,1,100,07_synth_material_class_matrix,0,10,0,success,0,,"Scene CPU cache disabled; rebuilding source scene.
Log saved to: C:\Users\mkkim\myfolder\mydev1\VisibilityBufferInfo\out\build\x64-Release\bin\Release\logs\log_2026-07-30_01-33-10.txt",,
11,07_synth_material_class_matrix,C:\Users\mkkim\AppData\Local\Temp\tvbperf_ny7670fu\run_00011.csv,9,2,0,11,0,0,0,1,auto,unused,120,600,1,0,0,../../../../../scripts/standard_camera.csv,10,0,0,60,0,captures,1,60,1920,1080,1,0,4,0.5,1,0,0,-3,0,0,0,0.1,1000,0.785,1,16,1,0,0,-1,1,1,0.5,128,1,1,256,1,100,total,0.34620,visibility,0.04067,visutil_histogram,0.02454,visutil_prefix,0.00217,visutil_flatten,0.03332,gbuffer,0.09345,lighting,0.09010,tonemap,0.02951,,0.00000,,0.00000,,0.00000,,0.00000,,0.00000,,0.00000,,0.00000,,0.00000,,0.00000,,0.00000,,0.00000,,0.00000,,0.00000,,0.00000,,0.00000,,0.00000,,0.00000,,0.00000,,0.00000,,0.00000,,0.00000,,0.00000,,0.00000,,0.00000,DonutVisGBuffer,2026-07-30T01:33:10,free,0.34253,0.34573,0.35382,0.34620,0.34317,0.34467,0.34784,0.35322,16641,0,128,100,9,2,0,11,0,0,0,1,auto,unused,120,600,0,0,../../../../../scripts/standard_camera.csv,10,0,0,60,0,1,60,1920,1080,1,0,4,0.5,1.0,128,0.0,0.0,-3.0,0.0,0.0,0.0,0.1,1000.0,0.785,1,16,1,0,0,-1.0,1.0,1.0,0.5,1,1,256,1,100,07_synth_material_class_matrix,0,11,0,success,0,,"Scene CPU cache disabled; rebuilding source scene.
Log saved to: C:\Users\mkkim\myfolder\mydev1\VisibilityBufferInfo\out\build\x64-Release\bin\Release\logs\log_2026-07-30_01-33-12.txt",,
12,07_synth_material_class_matrix,C:\Users\mkkim\AppData\Local\Temp\tvbperf_ny7670fu\run_00012.csv,8,2,0,12,0,0,0,1,auto,unused,120,600,1,0,0,../../../../../scripts/standard_camera.csv,10,0,0,60,0,captures,1,60,1920,1080,0,0,8,0.5,1,0,0,-3,0,0,0,0.1,1000,0.785,1,16,1,0,0,-1,1,1,0.5,128,1,1,256,1,100,total,0.27363,depth_prepass,0.02185,geometry,0.12403,lighting,0.08568,tonemap,0.02896,,0.00000,,0.00000,,0.00000,,0.00000,,0.00000,,0.00000,,0.00000,,0.00000,,0.00000,,0.00000,,0.00000,,0.00000,,0.00000,,0.00000,,0.00000,,0.00000,,0.00000,,0.00000,,0.00000,,0.00000,,0.00000,,0.00000,,0.00000,,0.00000,,0.00000,,0.00000,,0.00000,DonutDeferredPrepass,2026-07-30T01:33:12,free,0.27133,0.27357,0.28224,0.27363,0.27181,0.27232,0.27472,0.28022,16641,0,128,100,8,2,0,12,0,0,0,1,auto,unused,120,600,0,0,../../../../../scripts/standard_camera.csv,10,0,0,60,0,1,60,1920,1080,0,0,8,0.5,1.0,128,0.0,0.0,-3.0,0.0,0.0,0.0,0.1,1000.0,0.785,1,16,1,0,0,-1.0,1.0,1.0,0.5,1,1,256,1,100,07_synth_material_class_matrix,0,12,0,success,0,,"Scene CPU cache disabled; rebuilding source scene.
Log saved to: C:\Users\mkkim\myfolder\mydev1\VisibilityBufferInfo\out\build\x64-Release\bin\Release\logs\log_2026-07-30_01-33-13.txt",,
13,07_synth_material_class_matrix,C:\Users\mkkim\AppData\Local\Temp\tvbperf_ny7670fu\run_00013.csv,9,2,0,13,0,0,0,1,auto,unused,120,600,1,0,0,../../../../../scripts/standard_camera.csv,10,0,0,60,0,captures,1,60,1920,1080,0,0,8,0.5,1,0,0,-3,0,0,0,0.1,1000,0.785,1,16,1,0,0,-1,1,1,0.5,128,1,1,256,1,100,total,0.34721,visibility,0.04050,visutil_histogram,0.02449,visutil_prefix,0.00216,visutil_flatten,0.03340,gbuffer,0.09427,lighting,0.09000,tonemap,0.02957,,0.00000,,0.00000,,0.00000,,0.00000,,0.00000,,0.00000,,0.00000,,0.00000,,0.00000,,0.00000,,0.00000,,0.00000,,0.00000,,0.00000,,0.00000,,0.00000,,0.00000,,0.00000,,0.00000,,0.00000,,0.00000,,0.00000,,0.00000,,0.00000,DonutVisGBuffer,2026-07-30T01:33:13,free,0.34294,0.34736,0.35645,0.34721,0.34435,0.34518,0.34960,0.35398,16641,0,128,100,9,2,0,13,0,0,0,1,auto,unused,120,600,0,0,../../../../../scripts/standard_camera.csv,10,0,0,60,0,1,60,1920,1080,0,0,8,0.5,1.0,128,0.0,0.0,-3.0,0.0,0.0,0.0,0.1,1000.0,0.785,1,16,1,0,0,-1.0,1.0,1.0,0.5,1,1,256,1,100,07_synth_material_class_matrix,0,13,0,success,0,,"Scene CPU cache disabled; rebuilding source scene.
Log saved to: C:\Users\mkkim\myfolder\mydev1\VisibilityBufferInfo\out\build\x64-Release\bin\Release\logs\log_2026-07-30_01-33-15.txt",,
14,07_synth_material_class_matrix,C:\Users\mkkim\AppData\Local\Temp\tvbperf_ny7670fu\run_00014.csv,8,2,0,14,0,0,0,1,auto,unused,120,600,1,0,0,../../../../../scripts/standard_camera.csv,10,0,0,60,0,captures,1,60,1920,1080,1,0,8,0.5,1,0,0,-3,0,0,0,0.1,1000,0.785,1,16,1,0,0,-1,1,1,0.5,128,1,1,256,1,100,total,0.27371,depth_prepass,0.02172,geometry,0.12449,lighting,0.08558,tonemap,0.02886,,0.00000,,0.00000,,0.00000,,0.00000,,0.00000,,0.00000,,0.00000,,0.00000,,0.00000,,0.00000,,0.00000,,0.00000,,0.00000,,0.00000,,0.00000,,0.00000,,0.00000,,0.00000,,0.00000,,0.00000,,0.00000,,0.00000,,0.00000,,0.00000,,0.00000,,0.00000,,0.00000,DonutDeferredPrepass,2026-07-30T01:33:15,free,0.27149,0.27366,0.28093,0.27371,0.27174,0.27242,0.27482,0.28048,16641,0,128,100,8,2,0,14,0,0,0,1,auto,unused,120,600,0,0,../../../../../scripts/standard_camera.csv,10,0,0,60,0,1,60,1920,1080,1,0,8,0.5,1.0,128,0.0,0.0,-3.0,0.0,0.0,0.0,0.1,1000.0,0.785,1,16,1,0,0,-1.0,1.0,1.0,0.5,1,1,256,1,100,07_synth_material_class_matrix,0,14,0,success,0,,"Scene CPU cache disabled; rebuilding source scene.
Log saved to: C:\Users\mkkim\myfolder\mydev1\VisibilityBufferInfo\out\build\x64-Release\bin\Release\logs\log_2026-07-30_01-33-16.txt",,
15,07_synth_material_class_matrix,C:\Users\mkkim\AppData\Local\Temp\tvbperf_ny7670fu\run_00015.csv,9,2,0,15,0,0,0,1,auto,unused,120,600,1,0,0,../../../../../scripts/standard_camera.csv,10,0,0,60,0,captures,1,60,1920,1080,1,0,8,0.5,1,0,0,-3,0,0,0,0.1,1000,0.785,1,16,1,0,0,-1,1,1,0.5,128,1,1,256,1,100,total,0.34701,visibility,0.04068,visutil_histogram,0.02451,visutil_prefix,0.00216,visutil_flatten,0.03342,gbuffer,0.09418,lighting,0.09001,tonemap,0.02951,,0.00000,,0.00000,,0.00000,,0.00000,,0.00000,,0.00000,,0.00000,,0.00000,,0.00000,,0.00000,,0.00000,,0.00000,,0.00000,,0.00000,,0.00000,,0.00000,,0.00000,,0.00000,,0.00000,,0.00000,,0.00000,,0.00000,,0.00000,,0.00000,DonutVisGBuffer,2026-07-30T01:33:16,free,0.34170,0.34717,0.35565,0.34701,0.34352,0.34502,0.34893,0.35338,16641,0,128,100,9,2,0,15,0,0,0,1,auto,unused,120,600,0,0,../../../../../scripts/standard_camera.csv,10,0,0,60,0,1,60,1920,1080,1,0,8,0.5,1.0,128,0.0,0.0,-3.0,0.0,0.0,0.0,0.1,1000.0,0.785,1,16,1,0,0,-1.0,1.0,1.0,0.5,1,1,256,1,100,07_synth_material_class_matrix,0,15,0,success,0,,"Scene CPU cache disabled; rebuilding source scene.
Log saved to: C:\Users\mkkim\myfolder\mydev1\VisibilityBufferInfo\out\build\x64-Release\bin\Release\logs\log_2026-07-30_01-33-18.txt",,
16,07_synth_material_class_matrix,C:\Users\mkkim\AppData\Local\Temp\tvbperf_ny7670fu\run_00016.csv,8,2,0,16,0,0,0,1,auto,unused,120,600,1,0,0,../../../../../scripts/standard_camera.csv,10,0,0,60,0,captures,1,60,1920,1080,0,0,16,0.5,1,0,0,-3,0,0,0,0.1,1000,0.785,1,16,1,0,0,-1,1,1,0.5,128,1,1,256,1,100,total,0.27366,depth_prepass,0.02184,geometry,0.12405,lighting,0.08560,tonemap,0.02905,,0.00000,,0.00000,,0.00000,,0.00000,,0.00000,,0.00000,,0.00000,,0.00000,,0.00000,,0.00000,,0.00000,,0.00000,,0.00000,,0.00000,,0.00000,,0.00000,,0.00000,,0.00000,,0.00000,,0.00000,,0.00000,,0.00000,,0.00000,,0.00000,,0.00000,,0.00000,,0.00000,DonutDeferredPrepass,2026-07-30T01:33:18,free,0.27130,0.27363,0.28096,0.27366,0.27168,0.27238,0.27475,0.28003,16641,0,128,100,8,2,0,16,0,0,0,1,auto,unused,120,600,0,0,../../../../../scripts/standard_camera.csv,10,0,0,60,0,1,60,1920,1080,0,0,16,0.5,1.0,128,0.0,0.0,-3.0,0.0,0.0,0.0,0.1,1000.0,0.785,1,16,1,0,0,-1.0,1.0,1.0,0.5,1,1,256,1,100,07_synth_material_class_matrix,0,16,0,success,0,,"Scene CPU cache disabled; rebuilding source scene.
Log saved to: C:\Users\mkkim\myfolder\mydev1\VisibilityBufferInfo\out\build\x64-Release\bin\Release\logs\log_2026-07-30_01-33-19.txt",,
17,07_synth_material_class_matrix,C:\Users\mkkim\AppData\Local\Temp\tvbperf_ny7670fu\run_00017.csv,9,2,0,17,0,0,0,1,auto,unused,120,600,1,0,0,../../../../../scripts/standard_camera.csv,10,0,0,60,0,captures,1,60,1920,1080,0,0,16,0.5,1,0,0,-3,0,0,0,0.1,1000,0.785,1,16,1,0,0,-1,1,1,0.5,128,1,1,256,1,100,total,0.35026,visibility,0.04053,visutil_histogram,0.02443,visutil_prefix,0.00216,visutil_flatten,0.03349,gbuffer,0.09762,lighting,0.08991,tonemap,0.02947,,0.00000,,0.00000,,0.00000,,0.00000,,0.00000,,0.00000,,0.00000,,0.00000,,0.00000,,0.00000,,0.00000,,0.00000,,0.00000,,0.00000,,0.00000,,0.00000,,0.00000,,0.00000,,0.00000,,0.00000,,0.00000,,0.00000,,0.00000,,0.00000,DonutVisGBuffer,2026-07-30T01:33:19,free,0.34659,0.34979,0.37091,0.35026,0.34717,0.34858,0.35203,0.35853,16641,0,128,100,9,2,0,17,0,0,0,1,auto,unused,120,600,0,0,../../../../../scripts/standard_camera.csv,10,0,0,60,0,1,60,1920,1080,0,0,16,0.5,1.0,128,0.0,0.0,-3.0,0.0,0.0,0.0,0.1,1000.0,0.785,1,16,1,0,0,-1.0,1.0,1.0,0.5,1,1,256,1,100,07_synth_material_class_matrix,0,17,0,success,0,,"Scene CPU cache disabled; rebuilding source scene.
Log saved to: C:\Users\mkkim\myfolder\mydev1\VisibilityBufferInfo\out\build\x64-Release\bin\Release\logs\log_2026-07-30_01-33-21.txt",,
18,07_synth_material_class_matrix,C:\Users\mkkim\AppData\Local\Temp\tvbperf_ny7670fu\run_00018.csv,8,2,0,18,0,0,0,1,auto,unused,120,600,1,0,0,../../../../../scripts/standard_camera.csv,10,0,0,60,0,captures,1,60,1920,1080,1,0,16,0.5,1,0,0,-3,0,0,0,0.1,1000,0.785,1,16,1,0,0,-1,1,1,0.5,128,1,1,256,1,100,total,0.27379,depth_prepass,0.02182,geometry,0.12450,lighting,0.08557,tonemap,0.02886,,0.00000,,0.00000,,0.00000,,0.00000,,0.00000,,0.00000,,0.00000,,0.00000,,0.00000,,0.00000,,0.00000,,0.00000,,0.00000,,0.00000,,0.00000,,0.00000,,0.00000,,0.00000,,0.00000,,0.00000,,0.00000,,0.00000,,0.00000,,0.00000,,0.00000,,0.00000,,0.00000,DonutDeferredPrepass,2026-07-30T01:33:21,free,0.27162,0.27366,0.28157,0.27379,0.27190,0.27254,0.27488,0.28038,16641,0,128,100,8,2,0,18,0,0,0,1,auto,unused,120,600,0,0,../../../../../scripts/standard_camera.csv,10,0,0,60,0,1,60,1920,1080,1,0,16,0.5,1.0,128,0.0,0.0,-3.0,0.0,0.0,0.0,0.1,1000.0,0.785,1,16,1,0,0,-1.0,1.0,1.0,0.5,1,1,256,1,100,07_synth_material_class_matrix,0,18,0,success,0,,"Scene CPU cache disabled; rebuilding source scene.
Log saved to: C:\Users\mkkim\myfolder\mydev1\VisibilityBufferInfo\out\build\x64-Release\bin\Release\logs\log_2026-07-30_01-33-22.txt",,
19,07_synth_material_class_matrix,C:\Users\mkkim\AppData\Local\Temp\tvbperf_ny7670fu\run_00019.csv,9,2,0,19,0,0,0,1,auto,unused,120,600,1,0,0,../../../../../scripts/standard_camera.csv,10,0,0,60,0,captures,1,60,1920,1080,1,0,16,0.5,1,0,0,-3,0,0,0,0.1,1000,0.785,1,16,1,0,0,-1,1,1,0.5,128,1,1,256,1,100,total,0.35031,visibility,0.04067,visutil_histogram,0.02444,visutil_prefix,0.00216,visutil_flatten,0.03347,gbuffer,0.09753,lighting,0.08992,tonemap,0.02951,,0.00000,,0.00000,,0.00000,,0.00000,,0.00000,,0.00000,,0.00000,,0.00000,,0.00000,,0.00000,,0.00000,,0.00000,,0.00000,,0.00000,,0.00000,,0.00000,,0.00000,,0.00000,,0.00000,,0.00000,,0.00000,,0.00000,,0.00000,,0.00000,DonutVisGBuffer,2026-07-30T01:33:22,free,0.34659,0.34986,0.35962,0.35031,0.34691,0.34845,0.35213,0.35696,16641,0,128,100,9,2,0,19,0,0,0,1,auto,unused,120,600,0,0,../../../../../scripts/standard_camera.csv,10,0,0,60,0,1,60,1920,1080,1,0,16,0.5,1.0,128,0.0,0.0,-3.0,0.0,0.0,0.0,0.1,1000.0,0.785,1,16,1,0,0,-1.0,1.0,1.0,0.5,1,1,256,1,100,07_synth_material_class_matrix,0,19,0,success,0,,"Scene CPU cache disabled; rebuilding source scene.
Log saved to: C:\Users\mkkim\myfolder\mydev1\VisibilityBufferInfo\out\build\x64-Release\bin\Release\logs\log_2026-07-30_01-33-24.txt",,
20,07_synth_material_class_matrix,C:\Users\mkkim\AppData\Local\Temp\tvbperf_ny7670fu\run_00020.csv,8,2,0,20,0,0,0,1,auto,unused,120,600,1,0,0,../../../../../scripts/standard_camera.csv,10,0,0,60,0,captures,1,60,1920,1080,0,0,1,0.5,1,0,0,-3,0,0,0,0.1,1000,0.785,1,32,1,0,0,-1,1,1,0.5,128,1,1,256,1,100,total,0.27700,depth_prepass,0.02160,geometry,0.12646,lighting,0.08579,tonemap,0.03009,,0.00000,,0.00000,,0.00000,,0.00000,,0.00000,,0.00000,,0.00000,,0.00000,,0.00000,,0.00000,,0.00000,,0.00000,,0.00000,,0.00000,,0.00000,,0.00000,,0.00000,,0.00000,,0.00000,,0.00000,,0.00000,,0.00000,,0.00000,,0.00000,,0.00000,,0.00000,,0.00000,DonutDeferredPrepass,2026-07-30T01:33:24,free,0.27440,0.27693,0.28560,0.27700,0.27510,0.27568,0.27821,0.28390,16641,0,128,100,8,2,0,20,0,0,0,1,auto,unused,120,600,0,0,../../../../../scripts/standard_camera.csv,10,0,0,60,0,1,60,1920,1080,0,0,1,0.5,1.0,128,0.0,0.0,-3.0,0.0,0.0,0.0,0.1,1000.0,0.785,1,32,1,0,0,-1.0,1.0,1.0,0.5,1,1,256,1,100,07_synth_material_class_matrix,0,20,0,success,0,,"Scene CPU cache disabled; rebuilding source scene.
Log saved to: C:\Users\mkkim\myfolder\mydev1\VisibilityBufferInfo\out\build\x64-Release\bin\Release\logs\log_2026-07-30_01-33-25.txt",,
21,07_synth_material_class_matrix,C:\Users\mkkim\AppData\Local\Temp\tvbperf_ny7670fu\run_00021.csv,9,2,0,21,0,0,0,1,auto,unused,120,600,1,0,0,../../../../../scripts/standard_camera.csv,10,0,0,60,0,captures,1,60,1920,1080,0,0,1,0.5,1,0,0,-3,0,0,0,0.1,1000,0.785,1,32,1,0,0,-1,1,1,0.5,128,1,1,256,1,100,total,0.33630,visibility,0.04111,visutil_histogram,0.02314,visutil_prefix,0.00218,visutil_flatten,0.03122,gbuffer,0.08418,lighting,0.09123,tonemap,0.03012,,0.00000,,0.00000,,0.00000,,0.00000,,0.00000,,0.00000,,0.00000,,0.00000,,0.00000,,0.00000,,0.00000,,0.00000,,0.00000,,0.00000,,0.00000,,0.00000,,0.00000,,0.00000,,0.00000,,0.00000,,0.00000,,0.00000,,0.00000,,0.00000,DonutVisGBuffer,2026-07-30T01:33:25,free,0.33181,0.33597,0.36867,0.33630,0.33296,0.33418,0.33802,0.34358,16641,0,128,100,9,2,0,21,0,0,0,1,auto,unused,120,600,0,0,../../../../../scripts/standard_camera.csv,10,0,0,60,0,1,60,1920,1080,0,0,1,0.5,1.0,128,0.0,0.0,-3.0,0.0,0.0,0.0,0.1,1000.0,0.785,1,32,1,0,0,-1.0,1.0,1.0,0.5,1,1,256,1,100,07_synth_material_class_matrix,0,21,0,success,0,,"Scene CPU cache disabled; rebuilding source scene.
Log saved to: C:\Users\mkkim\myfolder\mydev1\VisibilityBufferInfo\out\build\x64-Release\bin\Release\logs\log_2026-07-30_01-33-26.txt",,
22,07_synth_material_class_matrix,C:\Users\mkkim\AppData\Local\Temp\tvbperf_ny7670fu\run_00022.csv,8,2,0,22,0,0,0,1,auto,unused,120,600,1,0,0,../../../../../scripts/standard_camera.csv,10,0,0,60,0,captures,1,60,1920,1080,1,0,1,0.5,1,0,0,-3,0,0,0,0.1,1000,0.785,1,32,1,0,0,-1,1,1,0.5,128,1,1,256,1,100,total,0.27737,depth_prepass,0.02161,geometry,0.12719,lighting,0.08575,tonemap,0.02970,,0.00000,,0.00000,,0.00000,,0.00000,,0.00000,,0.00000,,0.00000,,0.00000,,0.00000,,0.00000,,0.00000,,0.00000,,0.00000,,0.00000,,0.00000,,0.00000,,0.00000,,0.00000,,0.00000,,0.00000,,0.00000,,0.00000,,0.00000,,0.00000,,0.00000,,0.00000,,0.00000,DonutDeferredPrepass,2026-07-30T01:33:26,free,0.27478,0.27725,0.30195,0.27737,0.27523,0.27590,0.27853,0.28458,16641,0,128,100,8,2,0,22,0,0,0,1,auto,unused,120,600,0,0,../../../../../scripts/standard_camera.csv,10,0,0,60,0,1,60,1920,1080,1,0,1,0.5,1.0,128,0.0,0.0,-3.0,0.0,0.0,0.0,0.1,1000.0,0.785,1,32,1,0,0,-1.0,1.0,1.0,0.5,1,1,256,1,100,07_synth_material_class_matrix,0,22,0,success,0,,"Scene CPU cache disabled; rebuilding source scene.
Log saved to: C:\Users\mkkim\myfolder\mydev1\VisibilityBufferInfo\out\build\x64-Release\bin\Release\logs\log_2026-07-30_01-33-28.txt",,
23,07_synth_material_class_matrix,C:\Users\mkkim\AppData\Local\Temp\tvbperf_ny7670fu\run_00023.csv,9,2,0,23,0,0,0,1,auto,unused,120,600,1,0,0,../../../../../scripts/standard_camera.csv,10,0,0,60,0,captures,1,60,1920,1080,1,0,1,0.5,1,0,0,-3,0,0,0,0.1,1000,0.785,1,32,1,0,0,-1,1,1,0.5,128,1,1,256,1,100,total,0.33669,visibility,0.04134,visutil_histogram,0.02311,visutil_prefix,0.00218,visutil_flatten,0.03118,gbuffer,0.08431,lighting,0.09123,tonemap,0.03009,,0.00000,,0.00000,,0.00000,,0.00000,,0.00000,,0.00000,,0.00000,,0.00000,,0.00000,,0.00000,,0.00000,,0.00000,,0.00000,,0.00000,,0.00000,,0.00000,,0.00000,,0.00000,,0.00000,,0.00000,,0.00000,,0.00000,,0.00000,,0.00000,DonutVisGBuffer,2026-07-30T01:33:28,free,0.33197,0.33616,0.34534,0.33669,0.33331,0.33520,0.33821,0.34435,16641,0,128,100,9,2,0,23,0,0,0,1,auto,unused,120,600,0,0,../../../../../scripts/standard_camera.csv,10,0,0,60,0,1,60,1920,1080,1,0,1,0.5,1.0,128,0.0,0.0,-3.0,0.0,0.0,0.0,0.1,1000.0,0.785,1,32,1,0,0,-1.0,1.0,1.0,0.5,1,1,256,1,100,07_synth_material_class_matrix,0,23,0,success,0,,"Scene CPU cache disabled; rebuilding source scene.
Log saved to: C:\Users\mkkim\myfolder\mydev1\VisibilityBufferInfo\out\build\x64-Release\bin\Release\logs\log_2026-07-30_01-33-29.txt",,
24,07_synth_material_class_matrix,C:\Users\mkkim\AppData\Local\Temp\tvbperf_ny7670fu\run_00024.csv,8,2,0,24,0,0,0,1,auto,unused,120,600,1,0,0,../../../../../scripts/standard_camera.csv,10,0,0,60,0,captures,1,60,1920,1080,0,0,2,0.5,1,0,0,-3,0,0,0,0.1,1000,0.785,1,32,1,0,0,-1,1,1,0.5,128,1,1,256,1,100,total,0.27588,depth_prepass,0.02122,geometry,0.12630,lighting,0.08574,tonemap,0.02947,,0.00000,,0.00000,,0.00000,,0.00000,,0.00000,,0.00000,,0.00000,,0.00000,,0.00000,,0.00000,,0.00000,,0.00000,,0.00000,,0.00000,,0.00000,,0.00000,,0.00000,,0.00000,,0.00000,,0.00000,,0.00000,,0.00000,,0.00000,,0.00000,,0.00000,,0.00000,,0.00000,DonutDeferredPrepass,2026-07-30T01:33:29,free,0.27379,0.27571,0.28362,0.27588,0.27466,0.27517,0.27648,0.28285,16641,0,128,100,8,2,0,24,0,0,0,1,auto,unused,120,600,0,0,../../../../../scripts/standard_camera.csv,10,0,0,60,0,1,60,1920,1080,0,0,2,0.5,1.0,128,0.0,0.0,-3.0,0.0,0.0,0.0,0.1,1000.0,0.785,1,32,1,0,0,-1.0,1.0,1.0,0.5,1,1,256,1,100,07_synth_material_class_matrix,0,24,0,success,0,,"Scene CPU cache disabled; rebuilding source scene.
Log saved to: C:\Users\mkkim\myfolder\mydev1\VisibilityBufferInfo\out\build\x64-Release\bin\Release\logs\log_2026-07-30_01-33-30.txt",,
25,07_synth_material_class_matrix,C:\Users\mkkim\AppData\Local\Temp\tvbperf_ny7670fu\run_00025.csv,9,2,0,25,0,0,0,1,auto,unused,120,600,1,0,0,../../../../../scripts/standard_camera.csv,10,0,0,60,0,captures,1,60,1920,1080,0,0,2,0.5,1,0,0,-3,0,0,0,0.1,1000,0.785,1,32,1,0,0,-1,1,1,0.5,128,1,1,256,1,100,total,0.34558,visibility,0.04109,visutil_histogram,0.02445,visutil_prefix,0.00218,visutil_flatten,0.03311,gbuffer,0.09211,lighting,0.09036,tonemap,0.02972,,0.00000,,0.00000,,0.00000,,0.00000,,0.00000,,0.00000,,0.00000,,0.00000,,0.00000,,0.00000,,0.00000,,0.00000,,0.00000,,0.00000,,0.00000,,0.00000,,0.00000,,0.00000,,0.00000,,0.00000,,0.00000,,0.00000,,0.00000,,0.00000,DonutVisGBuffer,2026-07-30T01:33:30,free,0.34170,0.34554,0.46979,0.34558,0.34256,0.34336,0.34771,0.35213,16641,0,128,100,9,2,0,25,0,0,0,1,auto,unused,120,600,0,0,../../../../../scripts/standard_camera.csv,10,0,0,60,0,1,60,1920,1080,0,0,2,0.5,1.0,128,0.0,0.0,-3.0,0.0,0.0,0.0,0.1,1000.0,0.785,1,32,1,0,0,-1.0,1.0,1.0,0.5,1,1,256,1,100,07_synth_material_class_matrix,0,25,0,success,0,,"Scene CPU cache disabled; rebuilding source scene.
Log saved to: C:\Users\mkkim\myfolder\mydev1\VisibilityBufferInfo\out\build\x64-Release\bin\Release\logs\log_2026-07-30_01-33-32.txt",,
26,07_synth_material_class_matrix,C:\Users\mkkim\AppData\Local\Temp\tvbperf_ny7670fu\run_00026.csv,8,2,0,26,0,0,0,1,auto,unused,120,600,1,0,0,../../../../../scripts/standard_camera.csv,10,0,0,60,0,captures,1,60,1920,1080,1,0,2,0.5,1,0,0,-3,0,0,0,0.1,1000,0.785,1,32,1,0,0,-1,1,1,0.5,128,1,1,256,1,100,total,0.27667,depth_prepass,0.02120,geometry,0.12706,lighting,0.08574,tonemap,0.02946,,0.00000,,0.00000,,0.00000,,0.00000,,0.00000,,0.00000,,0.00000,,0.00000,,0.00000,,0.00000,,0.00000,,0.00000,,0.00000,,0.00000,,0.00000,,0.00000,,0.00000,,0.00000,,0.00000,,0.00000,,0.00000,,0.00000,,0.00000,,0.00000,,0.00000,,0.00000,,0.00000,DonutDeferredPrepass,2026-07-30T01:33:32,free,0.27504,0.27651,0.28429,0.27667,0.27542,0.27590,0.27725,0.28326,16641,0,128,100,8,2,0,26,0,0,0,1,auto,unused,120,600,0,0,../../../../../scripts/standard_camera.csv,10,0,0,60,0,1,60,1920,1080,1,0,2,0.5,1.0,128,0.0,0.0,-3.0,0.0,0.0,0.0,0.1,1000.0,0.785,1,32,1,0,0,-1.0,1.0,1.0,0.5,1,1,256,1,100,07_synth_material_class_matrix,0,26,0,success,0,,"Scene CPU cache disabled; rebuilding source scene.
Log saved to: C:\Users\mkkim\myfolder\mydev1\VisibilityBufferInfo\out\build\x64-Release\bin\Release\logs\log_2026-07-30_01-33-33.txt",,
27,07_synth_material_class_matrix,C:\Users\mkkim\AppData\Local\Temp\tvbperf_ny7670fu\run_00027.csv,9,2,0,27,0,0,0,1,auto,unused,120,600,1,0,0,../../../../../scripts/standard_camera.csv,10,0,0,60,0,captures,1,60,1920,1080,1,0,2,0.5,1,0,0,-3,0,0,0,0.1,1000,0.785,1,32,1,0,0,-1,1,1,0.5,128,1,1,256,1,100,total,0.34599,visibility,0.04138,visutil_histogram,0.02452,visutil_prefix,0.00218,visutil_flatten,0.03320,gbuffer,0.09213,lighting,0.09033,tonemap,0.02972,,0.00000,,0.00000,,0.00000,,0.00000,,0.00000,,0.00000,,0.00000,,0.00000,,0.00000,,0.00000,,0.00000,,0.00000,,0.00000,,0.00000,,0.00000,,0.00000,,0.00000,,0.00000,,0.00000,,0.00000,,0.00000,,0.00000,,0.00000,,0.00000,DonutVisGBuffer,2026-07-30T01:33:33,free,0.34198,0.34582,0.35488,0.34599,0.34275,0.34368,0.34800,0.35181,16641,0,128,100,9,2,0,27,0,0,0,1,auto,unused,120,600,0,0,../../../../../scripts/standard_camera.csv,10,0,0,60,0,1,60,1920,1080,1,0,2,0.5,1.0,128,0.0,0.0,-3.0,0.0,0.0,0.0,0.1,1000.0,0.785,1,32,1,0,0,-1.0,1.0,1.0,0.5,1,1,256,1,100,07_synth_material_class_matrix,0,27,0,success,0,,"Scene CPU cache disabled; rebuilding source scene.
Log saved to: C:\Users\mkkim\myfolder\mydev1\VisibilityBufferInfo\out\build\x64-Release\bin\Release\logs\log_2026-07-30_01-33-35.txt",,
28,07_synth_material_class_matrix,C:\Users\mkkim\AppData\Local\Temp\tvbperf_ny7670fu\run_00028.csv,8,2,0,28,0,0,0,1,auto,unused,120,600,1,0,0,../../../../../scripts/standard_camera.csv,10,0,0,60,0,captures,1,60,1920,1080,0,0,4,0.5,1,0,0,-3,0,0,0,0.1,1000,0.785,1,32,1,0,0,-1,1,1,0.5,128,1,1,256,1,100,total,0.27596,depth_prepass,0.02130,geometry,0.12627,lighting,0.08567,tonemap,0.02958,,0.00000,,0.00000,,0.00000,,0.00000,,0.00000,,0.00000,,0.00000,,0.00000,,0.00000,,0.00000,,0.00000,,0.00000,,0.00000,,0.00000,,0.00000,,0.00000,,0.00000,,0.00000,,0.00000,,0.00000,,0.00000,,0.00000,,0.00000,,0.00000,,0.00000,,0.00000,,0.00000,DonutDeferredPrepass,2026-07-30T01:33:35,free,0.27386,0.27581,0.28416,0.27596,0.27440,0.27501,0.27670,0.28237,16641,0,128,100,8,2,0,28,0,0,0,1,auto,unused,120,600,0,0,../../../../../scripts/standard_camera.csv,10,0,0,60,0,1,60,1920,1080,0,0,4,0.5,1.0,128,0.0,0.0,-3.0,0.0,0.0,0.0,0.1,1000.0,0.785,1,32,1,0,0,-1.0,1.0,1.0,0.5,1,1,256,1,100,07_synth_material_class_matrix,0,28,0,success,0,,"Scene CPU cache disabled; rebuilding source scene.
Log saved to: C:\Users\mkkim\myfolder\mydev1\VisibilityBufferInfo\out\build\x64-Release\bin\Release\logs\log_2026-07-30_01-33-36.txt",,
29,07_synth_material_class_matrix,C:\Users\mkkim\AppData\Local\Temp\tvbperf_ny7670fu\run_00029.csv,9,2,0,29,0,0,0,1,auto,unused,120,600,1,0,0,../../../../../scripts/standard_camera.csv,10,0,0,60,0,captures,1,60,1920,1080,0,0,4,0.5,1,0,0,-3,0,0,0,0.1,1000,0.785,1,32,1,0,0,-1,1,1,0.5,128,1,1,256,1,100,total,0.34793,visibility,0.04109,visutil_histogram,0.02469,visutil_prefix,0.00218,visutil_flatten,0.03358,gbuffer,0.09468,lighting,0.09015,tonemap,0.02965,,0.00000,,0.00000,,0.00000,,0.00000,,0.00000,,0.00000,,0.00000,,0.00000,,0.00000,,0.00000,,0.00000,,0.00000,,0.00000,,0.00000,,0.00000,,0.00000,,0.00000,,0.00000,,0.00000,,0.00000,,0.00000,,0.00000,,0.00000,,0.00000,DonutVisGBuffer,2026-07-30T01:33:36,free,0.34326,0.34768,0.35629,0.34793,0.34483,0.34573,0.34998,0.35434,16641,0,128,100,9,2,0,29,0,0,0,1,auto,unused,120,600,0,0,../../../../../scripts/standard_camera.csv,10,0,0,60,0,1,60,1920,1080,0,0,4,0.5,1.0,128,0.0,0.0,-3.0,0.0,0.0,0.0,0.1,1000.0,0.785,1,32,1,0,0,-1.0,1.0,1.0,0.5,1,1,256,1,100,07_synth_material_class_matrix,0,29,0,success,0,,"Scene CPU cache disabled; rebuilding source scene.
Log saved to: C:\Users\mkkim\myfolder\mydev1\VisibilityBufferInfo\out\build\x64-Release\bin\Release\logs\log_2026-07-30_01-33-37.txt",,
30,07_synth_material_class_matrix,C:\Users\mkkim\AppData\Local\Temp\tvbperf_ny7670fu\run_00030.csv,8,2,0,30,0,0,0,1,auto,unused,120,600,1,0,0,../../../../../scripts/standard_camera.csv,10,0,0,60,0,captures,1,60,1920,1080,1,0,4,0.5,1,0,0,-3,0,0,0,0.1,1000,0.785,1,32,1,0,0,-1,1,1,0.5,128,1,1,256,1,100,total,0.27715,depth_prepass,0.02125,geometry,0.12711,lighting,0.08577,tonemap,0.02984,,0.00000,,0.00000,,0.00000,,0.00000,,0.00000,,0.00000,,0.00000,,0.00000,,0.00000,,0.00000,,0.00000,,0.00000,,0.00000,,0.00000,,0.00000,,0.00000,,0.00000,,0.00000,,0.00000,,0.00000,,0.00000,,0.00000,,0.00000,,0.00000,,0.00000,,0.00000,,0.00000,DonutDeferredPrepass,2026-07-30T01:33:37,free,0.27510,0.27699,0.28438,0.27715,0.27542,0.27622,0.27789,0.28397,16641,0,128,100,8,2,0,30,0,0,0,1,auto,unused,120,600,0,0,../../../../../scripts/standard_camera.csv,10,0,0,60,0,1,60,1920,1080,1,0,4,0.5,1.0,128,0.0,0.0,-3.0,0.0,0.0,0.0,0.1,1000.0,0.785,1,32,1,0,0,-1.0,1.0,1.0,0.5,1,1,256,1,100,07_synth_material_class_matrix,0,30,0,success,0,,"Scene CPU cache disabled; rebuilding source scene.
Log saved to: C:\Users\mkkim\myfolder\mydev1\VisibilityBufferInfo\out\build\x64-Release\bin\Release\logs\log_2026-07-30_01-33-39.txt",,
31,07_synth_material_class_matrix,C:\Users\mkkim\AppData\Local\Temp\tvbperf_ny7670fu\run_00031.csv,9,2,0,31,0,0,0,1,auto,unused,120,600,1,0,0,../../../../../scripts/standard_camera.csv,10,0,0,60,0,captures,1,60,1920,1080,1,0,4,0.5,1,0,0,-3,0,0,0,0.1,1000,0.785,1,32,1,0,0,-1,1,1,0.5,128,1,1,256,1,100,total,0.34894,visibility,0.04134,visutil_histogram,0.02468,visutil_prefix,0.00218,visutil_flatten,0.03358,gbuffer,0.09527,lighting,0.09011,tonemap,0.02955,,0.00000,,0.00000,,0.00000,,0.00000,,0.00000,,0.00000,,0.00000,,0.00000,,0.00000,,0.00000,,0.00000,,0.00000,,0.00000,,0.00000,,0.00000,,0.00000,,0.00000,,0.00000,,0.00000,,0.00000,,0.00000,,0.00000,,0.00000,,0.00000,DonutVisGBuffer,2026-07-30T01:33:39,free,0.34362,0.34909,0.35811,0.34894,0.34512,0.34688,0.35126,0.35603,16641,0,128,100,9,2,0,31,0,0,0,1,auto,unused,120,600,0,0,../../../../../scripts/standard_camera.csv,10,0,0,60,0,1,60,1920,1080,1,0,4,0.5,1.0,128,0.0,0.0,-3.0,0.0,0.0,0.0,0.1,1000.0,0.785,1,32,1,0,0,-1.0,1.0,1.0,0.5,1,1,256,1,100,07_synth_material_class_matrix,0,31,0,success,0,,"Scene CPU cache disabled; rebuilding source scene.
Log saved to: C:\Users\mkkim\myfolder\mydev1\VisibilityBufferInfo\out\build\x64-Release\bin\Release\logs\log_2026-07-30_01-33-40.txt",,
32,07_synth_material_class_matrix,C:\Users\mkkim\AppData\Local\Temp\tvbperf_ny7670fu\run_00032.csv,8,2,0,32,0,0,0,1,auto,unused,120,600,1,0,0,../../../../../scripts/standard_camera.csv,10,0,0,60,0,captures,1,60,1920,1080,0,0,8,0.5,1,0,0,-3,0,0,0,0.1,1000,0.785,1,32,1,0,0,-1,1,1,0.5,128,1,1,256,1,100,total,0.27609,depth_prepass,0.02148,geometry,0.12627,lighting,0.08570,tonemap,0.02942,,0.00000,,0.00000,,0.00000,,0.00000,,0.00000,,0.00000,,0.00000,,0.00000,,0.00000,,0.00000,,0.00000,,0.00000,,0.00000,,0.00000,,0.00000,,0.00000,,0.00000,,0.00000,,0.00000,,0.00000,,0.00000,,0.00000,,0.00000,,0.00000,,0.00000,,0.00000,,0.00000,DonutDeferredPrepass,2026-07-30T01:33:40,free,0.27344,0.27584,0.28371,0.27609,0.27411,0.27501,0.27734,0.28301,16641,0,128,100,8,2,0,32,0,0,0,1,auto,unused,120,600,0,0,../../../../../scripts/standard_camera.csv,10,0,0,60,0,1,60,1920,1080,0,0,8,0.5,1.0,128,0.0,0.0,-3.0,0.0,0.0,0.0,0.1,1000.0,0.785,1,32,1,0,0,-1.0,1.0,1.0,0.5,1,1,256,1,100,07_synth_material_class_matrix,0,32,0,success,0,,"Scene CPU cache disabled; rebuilding source scene.
Log saved to: C:\Users\mkkim\myfolder\mydev1\VisibilityBufferInfo\out\build\x64-Release\bin\Release\logs\log_2026-07-30_01-33-41.txt",,
33,07_synth_material_class_matrix,C:\Users\mkkim\AppData\Local\Temp\tvbperf_ny7670fu\run_00033.csv,9,2,0,33,0,0,0,1,auto,unused,120,600,1,0,0,../../../../../scripts/standard_camera.csv,10,0,0,60,0,captures,1,60,1920,1080,0,0,8,0.5,1,0,0,-3,0,0,0,0.1,1000,0.785,1,32,1,0,0,-1,1,1,0.5,128,1,1,256,1,100,total,0.34879,visibility,0.04106,visutil_histogram,0.02467,visutil_prefix,0.00217,visutil_flatten,0.03369,gbuffer,0.09559,lighting,0.09012,tonemap,0.02971,,0.00000,,0.00000,,0.00000,,0.00000,,0.00000,,0.00000,,0.00000,,0.00000,,0.00000,,0.00000,,0.00000,,0.00000,,0.00000,,0.00000,,0.00000,,0.00000,,0.00000,,0.00000,,0.00000,,0.00000,,0.00000,,0.00000,,0.00000,,0.00000,DonutVisGBuffer,2026-07-30T01:33:41,free,0.34461,0.34810,0.36045,0.34879,0.34522,0.34704,0.35062,0.35466,16641,0,128,100,9,2,0,33,0,0,0,1,auto,unused,120,600,0,0,../../../../../scripts/standard_camera.csv,10,0,0,60,0,1,60,1920,1080,0,0,8,0.5,1.0,128,0.0,0.0,-3.0,0.0,0.0,0.0,0.1,1000.0,0.785,1,32,1,0,0,-1.0,1.0,1.0,0.5,1,1,256,1,100,07_synth_material_class_matrix,0,33,0,success,0,,"Scene CPU cache disabled; rebuilding source scene.
Log saved to: C:\Users\mkkim\myfolder\mydev1\VisibilityBufferInfo\out\build\x64-Release\bin\Release\logs\log_2026-07-30_01-33-43.txt",,
34,07_synth_material_class_matrix,C:\Users\mkkim\AppData\Local\Temp\tvbperf_ny7670fu\run_00034.csv,8,2,0,34,0,0,0,1,auto,unused,120,600,1,0,0,../../../../../scripts/standard_camera.csv,10,0,0,60,0,captures,1,60,1920,1080,1,0,8,0.5,1,0,0,-3,0,0,0,0.1,1000,0.785,1,32,1,0,0,-1,1,1,0.5,128,1,1,256,1,100,total,0.27719,depth_prepass,0.02140,geometry,0.12707,lighting,0.08569,tonemap,0.02976,,0.00000,,0.00000,,0.00000,,0.00000,,0.00000,,0.00000,,0.00000,,0.00000,,0.00000,,0.00000,,0.00000,,0.00000,,0.00000,,0.00000,,0.00000,,0.00000,,0.00000,,0.00000,,0.00000,,0.00000,,0.00000,,0.00000,,0.00000,,0.00000,,0.00000,,0.00000,,0.00000,DonutDeferredPrepass,2026-07-30T01:33:43,free,0.27488,0.27696,0.28480,0.27719,0.27546,0.27616,0.27837,0.28352,16641,0,128,100,8,2,0,34,0,0,0,1,auto,unused,120,600,0,0,../../../../../scripts/standard_camera.csv,10,0,0,60,0,1,60,1920,1080,1,0,8,0.5,1.0,128,0.0,0.0,-3.0,0.0,0.0,0.0,0.1,1000.0,0.785,1,32,1,0,0,-1.0,1.0,1.0,0.5,1,1,256,1,100,07_synth_material_class_matrix,0,34,0,success,0,,"Scene CPU cache disabled; rebuilding source scene.
Log saved to: C:\Users\mkkim\myfolder\mydev1\VisibilityBufferInfo\out\build\x64-Release\bin\Release\logs\log_2026-07-30_01-33-44.txt",,
35,07_synth_material_class_matrix,C:\Users\mkkim\AppData\Local\Temp\tvbperf_ny7670fu\run_00035.csv,9,2,0,35,0,0,0,1,auto,unused,120,600,1,0,0,../../../../../scripts/standard_camera.csv,10,0,0,60,0,captures,1,60,1920,1080,1,0,8,0.5,1,0,0,-3,0,0,0,0.1,1000,0.785,1,32,1,0,0,-1,1,1,0.5,128,1,1,256,1,100,total,0.34942,visibility,0.04137,visutil_histogram,0.02454,visutil_prefix,0.00217,visutil_flatten,0.03365,gbuffer,0.09563,lighting,0.09040,tonemap,0.02971,,0.00000,,0.00000,,0.00000,,0.00000,,0.00000,,0.00000,,0.00000,,0.00000,,0.00000,,0.00000,,0.00000,,0.00000,,0.00000,,0.00000,,0.00000,,0.00000,,0.00000,,0.00000,,0.00000,,0.00000,,0.00000,,0.00000,,0.00000,,0.00000,DonutVisGBuffer,2026-07-30T01:33:44,free,0.34432,0.34950,0.35987,0.34942,0.34560,0.34723,0.35194,0.35654,16641,0,128,100,9,2,0,35,0,0,0,1,auto,unused,120,600,0,0,../../../../../scripts/standard_camera.csv,10,0,0,60,0,1,60,1920,1080,1,0,8,0.5,1.0,128,0.0,0.0,-3.0,0.0,0.0,0.0,0.1,1000.0,0.785,1,32,1,0,0,-1.0,1.0,1.0,0.5,1,1,256,1,100,07_synth_material_class_matrix,0,35,0,success,0,,"Scene CPU cache disabled; rebuilding source scene.
Log saved to: C:\Users\mkkim\myfolder\mydev1\VisibilityBufferInfo\out\build\x64-Release\bin\Release\logs\log_2026-07-30_01-33-46.txt",,
36,07_synth_material_class_matrix,C:\Users\mkkim\AppData\Local\Temp\tvbperf_ny7670fu\run_00036.csv,8,2,0,36,0,0,0,1,auto,unused,120,600,1,0,0,../../../../../scripts/standard_camera.csv,10,0,0,60,0,captures,1,60,1920,1080,0,0,16,0.5,1,0,0,-3,0,0,0,0.1,1000,0.785,1,32,1,0,0,-1,1,1,0.5,128,1,1,256,1,100,total,0.27631,depth_prepass,0.02150,geometry,0.12630,lighting,0.08574,tonemap,0.02971,,0.00000,,0.00000,,0.00000,,0.00000,,0.00000,,0.00000,,0.00000,,0.00000,,0.00000,,0.00000,,0.00000,,0.00000,,0.00000,,0.00000,,0.00000,,0.00000,,0.00000,,0.00000,,0.00000,,0.00000,,0.00000,,0.00000,,0.00000,,0.00000,,0.00000,,0.00000,,0.00000,DonutDeferredPrepass,2026-07-30T01:33:46,free,0.27382,0.27619,0.28378,0.27631,0.27440,0.27504,0.27754,0.28230,16641,0,128,100,8,2,0,36,0,0,0,1,auto,unused,120,600,0,0,../../../../../scripts/standard_camera.csv,10,0,0,60,0,1,60,1920,1080,0,0,16,0.5,1.0,128,0.0,0.0,-3.0,0.0,0.0,0.0,0.1,1000.0,0.785,1,32,1,0,0,-1.0,1.0,1.0,0.5,1,1,256,1,100,07_synth_material_class_matrix,0,36,0,success,0,,"Scene CPU cache disabled; rebuilding source scene.
Log saved to: C:\Users\mkkim\myfolder\mydev1\VisibilityBufferInfo\out\build\x64-Release\bin\Release\logs\log_2026-07-30_01-33-47.txt",,
37,07_synth_material_class_matrix,C:\Users\mkkim\AppData\Local\Temp\tvbperf_ny7670fu\run_00037.csv,9,2,0,37,0,0,0,1,auto,unused,120,600,1,0,0,../../../../../scripts/standard_camera.csv,10,0,0,60,0,captures,1,60,1920,1080,0,0,16,0.5,1,0,0,-3,0,0,0,0.1,1000,0.785,1,32,1,0,0,-1,1,1,0.5,128,1,1,256,1,100,total,0.35133,visibility,0.04103,visutil_histogram,0.02457,visutil_prefix,0.00217,visutil_flatten,0.03376,gbuffer,0.09852,lighting,0.08992,tonemap,0.02964,,0.00000,,0.00000,,0.00000,,0.00000,,0.00000,,0.00000,,0.00000,,0.00000,,0.00000,,0.00000,,0.00000,,0.00000,,0.00000,,0.00000,,0.00000,,0.00000,,0.00000,,0.00000,,0.00000,,0.00000,,0.00000,,0.00000,,0.00000,,0.00000,DonutVisGBuffer,2026-07-30T01:33:47,free,0.34659,0.35142,0.36272,0.35133,0.34864,0.34938,0.35376,0.35808,16641,0,128,100,9,2,0,37,0,0,0,1,auto,unused,120,600,0,0,../../../../../scripts/standard_camera.csv,10,0,0,60,0,1,60,1920,1080,0,0,16,0.5,1.0,128,0.0,0.0,-3.0,0.0,0.0,0.0,0.1,1000.0,0.785,1,32,1,0,0,-1.0,1.0,1.0,0.5,1,1,256,1,100,07_synth_material_class_matrix,0,37,0,success,0,,"Scene CPU cache disabled; rebuilding source scene.
Log saved to: C:\Users\mkkim\myfolder\mydev1\VisibilityBufferInfo\out\build\x64-Release\bin\Release\logs\log_2026-07-30_01-33-49.txt",,
38,07_synth_material_class_matrix,C:\Users\mkkim\AppData\Local\Temp\tvbperf_ny7670fu\run_00038.csv,8,2,0,38,0,0,0,1,auto,unused,120,600,1,0,0,../../../../../scripts/standard_camera.csv,10,0,0,60,0,captures,1,60,1920,1080,1,0,16,0.5,1,0,0,-3,0,0,0,0.1,1000,0.785,1,32,1,0,0,-1,1,1,0.5,128,1,1,256,1,100,total,0.27712,depth_prepass,0.02136,geometry,0.12709,lighting,0.08565,tonemap,0.02967,,0.00000,,0.00000,,0.00000,,0.00000,,0.00000,,0.00000,,0.00000,,0.00000,,0.00000,,0.00000,,0.00000,,0.00000,,0.00000,,0.00000,,0.00000,,0.00000,,0.00000,,0.00000,,0.00000,,0.00000,,0.00000,,0.00000,,0.00000,,0.00000,,0.00000,,0.00000,,0.00000,DonutDeferredPrepass,2026-07-30T01:33:49,free,0.27491,0.27686,0.40013,0.27712,0.27507,0.27574,0.27786,0.28346,16641,0,128,100,8,2,0,38,0,0,0,1,auto,unused,120,600,0,0,../../../../../scripts/standard_camera.csv,10,0,0,60,0,1,60,1920,1080,1,0,16,0.5,1.0,128,0.0,0.0,-3.0,0.0,0.0,0.0,0.1,1000.0,0.785,1,32,1,0,0,-1.0,1.0,1.0,0.5,1,1,256,1,100,07_synth_material_class_matrix,0,38,0,success,0,,"Scene CPU cache disabled; rebuilding source scene.
Log saved to: C:\Users\mkkim\myfolder\mydev1\VisibilityBufferInfo\out\build\x64-Release\bin\Release\logs\log_2026-07-30_01-33-50.txt",,
39,07_synth_material_class_matrix,C:\Users\mkkim\AppData\Local\Temp\tvbperf_ny7670fu\run_00039.csv,9,2,0,39,0,0,0,1,auto,unused,120,600,1,0,0,../../../../../scripts/standard_camera.csv,10,0,0,60,0,captures,1,60,1920,1080,1,0,16,0.5,1,0,0,-3,0,0,0,0.1,1000,0.785,1,32,1,0,0,-1,1,1,0.5,128,1,1,256,1,100,total,0.35188,visibility,0.04136,visutil_histogram,0.02454,visutil_prefix,0.00217,visutil_flatten,0.03375,gbuffer,0.09852,lighting,0.08995,tonemap,0.02963,,0.00000,,0.00000,,0.00000,,0.00000,,0.00000,,0.00000,,0.00000,,0.00000,,0.00000,,0.00000,,0.00000,,0.00000,,0.00000,,0.00000,,0.00000,,0.00000,,0.00000,,0.00000,,0.00000,,0.00000,,0.00000,,0.00000,,0.00000,,0.00000,DonutVisGBuffer,2026-07-30T01:33:50,free,0.34678,0.35181,0.36246,0.35188,0.34797,0.34954,0.35411,0.35808,16641,0,128,100,9,2,0,39,0,0,0,1,auto,unused,120,600,0,0,../../../../../scripts/standard_camera.csv,10,0,0,60,0,1,60,1920,1080,1,0,16,0.5,1.0,128,0.0,0.0,-3.0,0.0,0.0,0.0,0.1,1000.0,0.785,1,32,1,0,0,-1.0,1.0,1.0,0.5,1,1,256,1,100,07_synth_material_class_matrix,0,39,0,success,0,,"Scene CPU cache disabled; rebuilding source scene.
Log saved to: C:\Users\mkkim\myfolder\mydev1\VisibilityBufferInfo\out\build\x64-Release\bin\Release\logs\log_2026-07-30_01-33-52.txt",,
40,07_synth_material_class_matrix,C:\Users\mkkim\AppData\Local\Temp\tvbperf_ny7670fu\run_00040.csv,8,2,0,40,0,0,0,1,auto,unused,120,600,1,0,0,../../../../../scripts/standard_camera.csv,10,0,0,60,0,captures,1,60,1920,1080,0,0,24,0.5,1,0,0,-3,0,0,0,0.1,1000,0.785,1,32,1,0,0,-1,1,1,0.5,128,1,1,256,1,100,total,0.27585,depth_prepass,0.02144,geometry,0.12623,lighting,0.08557,tonemap,0.02955,,0.00000,,0.00000,,0.00000,,0.00000,,0.00000,,0.00000,,0.00000,,0.00000,,0.00000,,0.00000,,0.00000,,0.00000,,0.00000,,0.00000,,0.00000,,0.00000,,0.00000,,0.00000,,0.00000,,0.00000,,0.00000,,0.00000,,0.00000,,0.00000,,0.00000,,0.00000,,0.00000,DonutDeferredPrepass,2026-07-30T01:33:52,free,0.27299,0.27578,0.28480,0.27585,0.27363,0.27446,0.27702,0.28272,16641,0,128,100,8,2,0,40,0,0,0,1,auto,unused,120,600,0,0,../../../../../scripts/standard_camera.csv,10,0,0,60,0,1,60,1920,1080,0,0,24,0.5,1.0,128,0.0,0.0,-3.0,0.0,0.0,0.0,0.1,1000.0,0.785,1,32,1,0,0,-1.0,1.0,1.0,0.5,1,1,256,1,100,07_synth_material_class_matrix,0,40,0,success,0,,"Scene CPU cache disabled; rebuilding source scene.
Log saved to: C:\Users\mkkim\myfolder\mydev1\VisibilityBufferInfo\out\build\x64-Release\bin\Release\logs\log_2026-07-30_01-33-53.txt",,
41,07_synth_material_class_matrix,C:\Users\mkkim\AppData\Local\Temp\tvbperf_ny7670fu\run_00041.csv,9,2,0,41,0,0,0,1,auto,unused,120,600,1,0,0,../../../../../scripts/standard_camera.csv,10,0,0,60,0,captures,1,60,1920,1080,0,0,24,0.5,1,0,0,-3,0,0,0,0.1,1000,0.785,1,32,1,0,0,-1,1,1,0.5,128,1,1,256,1,100,total,0.35688,visibility,0.04107,visutil_histogram,0.02456,visutil_prefix,0.00217,visutil_flatten,0.03379,gbuffer,0.10440,lighting,0.08956,tonemap,0.02958,,0.00000,,0.00000,,0.00000,,0.00000,,0.00000,,0.00000,,0.00000,,0.00000,,0.00000,,0.00000,,0.00000,,0.00000,,0.00000,,0.00000,,0.00000,,0.00000,,0.00000,,0.00000,,0.00000,,0.00000,,0.00000,,0.00000,,0.00000,,0.00000,DonutVisGBuffer,2026-07-30T01:33:53,free,0.35056,0.35648,0.36592,0.35688,0.35312,0.35469,0.35978,0.36320,16641,0,128,100,9,2,0,41,0,0,0,1,auto,unused,120,600,0,0,../../../../../scripts/standard_camera.csv,10,0,0,60,0,1,60,1920,1080,0,0,24,0.5,1.0,128,0.0,0.0,-3.0,0.0,0.0,0.0,0.1,1000.0,0.785,1,32,1,0,0,-1.0,1.0,1.0,0.5,1,1,256,1,100,07_synth_material_class_matrix,0,41,0,success,0,,"Scene CPU cache disabled; rebuilding source scene.
Log saved to: C:\Users\mkkim\myfolder\mydev1\VisibilityBufferInfo\out\build\x64-Release\bin\Release\logs\log_2026-07-30_01-33-55.txt",,
42,07_synth_material_class_matrix,C:\Users\mkkim\AppData\Local\Temp\tvbperf_ny7670fu\run_00042.csv,8,2,0,42,0,0,0,1,auto,unused,120,600,1,0,0,../../../../../scripts/standard_camera.csv,10,0,0,60,0,captures,1,60,1920,1080,1,0,24,0.5,1,0,0,-3,0,0,0,0.1,1000,0.785,1,32,1,0,0,-1,1,1,0.5,128,1,1,256,1,100,total,0.27655,depth_prepass,0.02139,geometry,0.12702,lighting,0.08558,tonemap,0.02944,,0.00000,,0.00000,,0.00000,,0.00000,,0.00000,,0.00000,,0.00000,,0.00000,,0.00000,,0.00000,,0.00000,,0.00000,,0.00000,,0.00000,,0.00000,,0.00000,,0.00000,,0.00000,,0.00000,,0.00000,,0.00000,,0.00000,,0.00000,,0.00000,,0.00000,,0.00000,,0.00000,DonutDeferredPrepass,2026-07-30T01:33:55,free,0.27334,0.27645,0.28528,0.27655,0.27402,0.27514,0.27789,0.28406,16641,0,128,100,8,2,0,42,0,0,0,1,auto,unused,120,600,0,0,../../../../../scripts/standard_camera.csv,10,0,0,60,0,1,60,1920,1080,1,0,24,0.5,1.0,128,0.0,0.0,-3.0,0.0,0.0,0.0,0.1,1000.0,0.785,1,32,1,0,0,-1.0,1.0,1.0,0.5,1,1,256,1,100,07_synth_material_class_matrix,0,42,0,success,0,,"Scene CPU cache disabled; rebuilding source scene.
Log saved to: C:\Users\mkkim\myfolder\mydev1\VisibilityBufferInfo\out\build\x64-Release\bin\Release\logs\log_2026-07-30_01-33-57.txt",,
43,07_synth_material_class_matrix,C:\Users\mkkim\AppData\Local\Temp\tvbperf_ny7670fu\run_00043.csv,9,2,0,43,0,0,0,1,auto,unused,120,600,1,0,0,../../../../../scripts/standard_camera.csv,10,0,0,60,0,captures,1,60,1920,1080,1,0,24,0.5,1,0,0,-3,0,0,0,0.1,1000,0.785,1,32,1,0,0,-1,1,1,0.5,128,1,1,256,1,100,total,0.35738,visibility,0.04138,visutil_histogram,0.02454,visutil_prefix,0.00217,visutil_flatten,0.03380,gbuffer,0.10455,lighting,0.08957,tonemap,0.02954,,0.00000,,0.00000,,0.00000,,0.00000,,0.00000,,0.00000,,0.00000,,0.00000,,0.00000,,0.00000,,0.00000,,0.00000,,0.00000,,0.00000,,0.00000,,0.00000,,0.00000,,0.00000,,0.00000,,0.00000,,0.00000,,0.00000,,0.00000,,0.00000,DonutVisGBuffer,2026-07-30T01:33:57,free,0.35309,0.35738,0.36659,0.35738,0.35357,0.35523,0.36003,0.36445,16641,0,128,100,9,2,0,43,0,0,0,1,auto,unused,120,600,0,0,../../../../../scripts/standard_camera.csv,10,0,0,60,0,1,60,1920,1080,1,0,24,0.5,1.0,128,0.0,0.0,-3.0,0.0,0.0,0.0,0.1,1000.0,0.785,1,32,1,0,0,-1.0,1.0,1.0,0.5,1,1,256,1,100,07_synth_material_class_matrix,0,43,0,success,0,,"Scene CPU cache disabled; rebuilding source scene.
Log saved to: C:\Users\mkkim\myfolder\mydev1\VisibilityBufferInfo\out\build\x64-Release\bin\Release\logs\log_2026-07-30_01-33-59.txt",,
44,07_synth_material_class_matrix,C:\Users\mkkim\AppData\Local\Temp\tvbperf_ny7670fu\run_00044.csv,8,2,0,44,0,0,0,1,auto,unused,120,600,1,0,0,../../../../../scripts/standard_camera.csv,10,0,0,60,0,captures,1,60,1920,1080,0,0,32,0.5,1,0,0,-3,0,0,0,0.1,1000,0.785,1,32,1,0,0,-1,1,1,0.5,128,1,1,256,1,100,total,0.27614,depth_prepass,0.02156,geometry,0.12626,lighting,0.08568,tonemap,0.02954,,0.00000,,0.00000,,0.00000,,0.00000,,0.00000,,0.00000,,0.00000,,0.00000,,0.00000,,0.00000,,0.00000,,0.00000,,0.00000,,0.00000,,0.00000,,0.00000,,0.00000,,0.00000,,0.00000,,0.00000,,0.00000,,0.00000,,0.00000,,0.00000,,0.00000,,0.00000,,0.00000,DonutDeferredPrepass,2026-07-30T01:33:59,free,0.27376,0.27606,0.28346,0.27614,0.27398,0.27488,0.27734,0.28250,16641,0,128,100,8,2,0,44,0,0,0,1,auto,unused,120,600,0,0,../../../../../scripts/standard_camera.csv,10,0,0,60,0,1,60,1920,1080,0,0,32,0.5,1.0,128,0.0,0.0,-3.0,0.0,0.0,0.0,0.1,1000.0,0.785,1,32,1,0,0,-1.0,1.0,1.0,0.5,1,1,256,1,100,07_synth_material_class_matrix,0,44,0,success,0,,"Scene CPU cache disabled; rebuilding source scene.
Log saved to: C:\Users\mkkim\myfolder\mydev1\VisibilityBufferInfo\out\build\x64-Release\bin\Release\logs\log_2026-07-30_01-34-00.txt",,
45,07_synth_material_class_matrix,C:\Users\mkkim\AppData\Local\Temp\tvbperf_ny7670fu\run_00045.csv,9,2,0,45,0,0,0,1,auto,unused,120,600,1,0,0,../../../../../scripts/standard_camera.csv,10,0,0,60,0,captures,1,60,1920,1080,0,0,32,0.5,1,0,0,-3,0,0,0,0.1,1000,0.785,1,32,1,0,0,-1,1,1,0.5,128,1,1,256,1,100,total,0.36144,visibility,0.04111,visutil_histogram,0.02457,visutil_prefix,0.00211,visutil_flatten,0.03382,gbuffer,0.10895,lighting,0.08941,tonemap,0.02954,,0.00000,,0.00000,,0.00000,,0.00000,,0.00000,,0.00000,,0.00000,,0.00000,,0.00000,,0.00000,,0.00000,,0.00000,,0.00000,,0.00000,,0.00000,,0.00000,,0.00000,,0.00000,,0.00000,,0.00000,,0.00000,,0.00000,,0.00000,,0.00000,DonutVisGBuffer,2026-07-30T01:34:00,free,0.35613,0.36170,0.37002,0.36144,0.35744,0.35926,0.36413,0.36653,16641,0,128,100,9,2,0,45,0,0,0,1,auto,unused,120,600,0,0,../../../../../scripts/standard_camera.csv,10,0,0,60,0,1,60,1920,1080,0,0,32,0.5,1.0,128,0.0,0.0,-3.0,0.0,0.0,0.0,0.1,1000.0,0.785,1,32,1,0,0,-1.0,1.0,1.0,0.5,1,1,256,1,100,07_synth_material_class_matrix,0,45,0,success,0,,"Scene CPU cache disabled; rebuilding source scene.
Log saved to: C:\Users\mkkim\myfolder\mydev1\VisibilityBufferInfo\out\build\x64-Release\bin\Release\logs\log_2026-07-30_01-34-02.txt",,
46,07_synth_material_class_matrix,C:\Users\mkkim\AppData\Local\Temp\tvbperf_ny7670fu\run_00046.csv,8,2,0,46,0,0,0,1,auto,unused,120,600,1,0,0,../../../../../scripts/standard_camera.csv,10,0,0,60,0,captures,1,60,1920,1080,1,0,32,0.5,1,0,0,-3,0,0,0,0.1,1000,0.785,1,32,1,0,0,-1,1,1,0.5,128,1,1,256,1,100,total,0.27733,depth_prepass,0.02145,geometry,0.12694,lighting,0.08610,tonemap,0.02973,,0.00000,,0.00000,,0.00000,,0.00000,,0.00000,,0.00000,,0.00000,,0.00000,,0.00000,,0.00000,,0.00000,,0.00000,,0.00000,,0.00000,,0.00000,,0.00000,,0.00000,,0.00000,,0.00000,,0.00000,,0.00000,,0.00000,,0.00000,,0.00000,,0.00000,,0.00000,,0.00000,DonutDeferredPrepass,2026-07-30T01:34:02,free,0.27402,0.27677,0.42608,0.27733,0.27450,0.27530,0.27818,0.28346,16641,0,128,100,8,2,0,46,0,0,0,1,auto,unused,120,600,0,0,../../../../../scripts/standard_camera.csv,10,0,0,60,0,1,60,1920,1080,1,0,32,0.5,1.0,128,0.0,0.0,-3.0,0.0,0.0,0.0,0.1,1000.0,0.785,1,32,1,0,0,-1.0,1.0,1.0,0.5,1,1,256,1,100,07_synth_material_class_matrix,0,46,0,success,0,,"Scene CPU cache disabled; rebuilding source scene.
Log saved to: C:\Users\mkkim\myfolder\mydev1\VisibilityBufferInfo\out\build\x64-Release\bin\Release\logs\log_2026-07-30_01-34-03.txt",,
47,07_synth_material_class_matrix,C:\Users\mkkim\AppData\Local\Temp\tvbperf_ny7670fu\run_00047.csv,9,2,0,47,0,0,0,1,auto,unused,120,600,1,0,0,../../../../../scripts/standard_camera.csv,10,0,0,60,0,captures,1,60,1920,1080,1,0,32,0.5,1,0,0,-3,0,0,0,0.1,1000,0.785,1,32,1,0,0,-1,1,1,0.5,128,1,1,256,1,100,total,0.36192,visibility,0.04137,visutil_histogram,0.02457,visutil_prefix,0.00211,visutil_flatten,0.03383,gbuffer,0.10896,lighting,0.08940,tonemap,0.02955,,0.00000,,0.00000,,0.00000,,0.00000,,0.00000,,0.00000,,0.00000,,0.00000,,0.00000,,0.00000,,0.00000,,0.00000,,0.00000,,0.00000,,0.00000,,0.00000,,0.00000,,0.00000,,0.00000,,0.00000,,0.00000,,0.00000,,0.00000,,0.00000,DonutVisGBuffer,2026-07-30T01:34:03,free,0.35574,0.36179,0.48790,0.36192,0.35766,0.35946,0.36416,0.36909,16641,0,128,100,9,2,0,47,0,0,0,1,auto,unused,120,600,0,0,../../../../../scripts/standard_camera.csv,10,0,0,60,0,1,60,1920,1080,1,0,32,0.5,1.0,128,0.0,0.0,-3.0,0.0,0.0,0.0,0.1,1000.0,0.785,1,32,1,0,0,-1.0,1.0,1.0,0.5,1,1,256,1,100,07_synth_material_class_matrix,0,47,0,success,0,,"Scene CPU cache disabled; rebuilding source scene.
Log saved to: C:\Users\mkkim\myfolder\mydev1\VisibilityBufferInfo\out\build\x64-Release\bin\Release\logs\log_2026-07-30_01-34-06.txt",,
48,07_synth_material_class_matrix,C:\Users\mkkim\AppData\Local\Temp\tvbperf_ny7670fu\run_00048.csv,8,2,0,48,0,0,0,1,auto,unused,120,600,1,0,0,../../../../../scripts/standard_camera.csv,10,0,0,60,0,captures,1,60,1920,1080,0,0,1,0.5,1,0,0,-3,0,0,0,0.1,1000,0.785,1,64,1,0,0,-1,1,1,0.5,128,1,1,256,1,100,total,0.27792,depth_prepass,0.02128,geometry,0.12807,lighting,0.08554,tonemap,0.02989,,0.00000,,0.00000,,0.00000,,0.00000,,0.00000,,0.00000,,0.00000,,0.00000,,0.00000,,0.00000,,0.00000,,0.00000,,0.00000,,0.00000,,0.00000,,0.00000,,0.00000,,0.00000,,0.00000,,0.00000,,0.00000,,0.00000,,0.00000,,0.00000,,0.00000,,0.00000,,0.00000,DonutDeferredPrepass,2026-07-30T01:34:06,free,0.27542,0.27782,0.28662,0.27792,0.27571,0.27658,0.27894,0.28541,16641,0,128,100,8,2,0,48,0,0,0,1,auto,unused,120,600,0,0,../../../../../scripts/standard_camera.csv,10,0,0,60,0,1,60,1920,1080,0,0,1,0.5,1.0,128,0.0,0.0,-3.0,0.0,0.0,0.0,0.1,1000.0,0.785,1,64,1,0,0,-1.0,1.0,1.0,0.5,1,1,256,1,100,07_synth_material_class_matrix,0,48,0,success,0,,"Scene CPU cache disabled; rebuilding source scene.
Log saved to: C:\Users\mkkim\myfolder\mydev1\VisibilityBufferInfo\out\build\x64-Release\bin\Release\logs\log_2026-07-30_01-34-07.txt",,
49,07_synth_material_class_matrix,C:\Users\mkkim\AppData\Local\Temp\tvbperf_ny7670fu\run_00049.csv,9,2,0,49,0,0,0,1,auto,unused,120,600,1,0,0,../../../../../scripts/standard_camera.csv,10,0,0,60,0,captures,1,60,1920,1080,0,0,1,0.5,1,0,0,-3,0,0,0,0.1,1000,0.785,1,64,1,0,0,-1,1,1,0.5,128,1,1,256,1,100,total,0.33766,visibility,0.04148,visutil_histogram,0.02355,visutil_prefix,0.00217,visutil_flatten,0.03178,gbuffer,0.08543,lighting,0.09119,tonemap,0.02981,,0.00000,,0.00000,,0.00000,,0.00000,,0.00000,,0.00000,,0.00000,,0.00000,,0.00000,,0.00000,,0.00000,,0.00000,,0.00000,,0.00000,,0.00000,,0.00000,,0.00000,,0.00000,,0.00000,,0.00000,,0.00000,,0.00000,,0.00000,,0.00000,DonutVisGBuffer,2026-07-30T01:34:07,free,0.33440,0.33760,0.34685,0.33766,0.33475,0.33574,0.33965,0.34368,16641,0,128,100,9,2,0,49,0,0,0,1,auto,unused,120,600,0,0,../../../../../scripts/standard_camera.csv,10,0,0,60,0,1,60,1920,1080,0,0,1,0.5,1.0,128,0.0,0.0,-3.0,0.0,0.0,0.0,0.1,1000.0,0.785,1,64,1,0,0,-1.0,1.0,1.0,0.5,1,1,256,1,100,07_synth_material_class_matrix,0,49,0,success,0,,"Scene CPU cache disabled; rebuilding source scene.
Log saved to: C:\Users\mkkim\myfolder\mydev1\VisibilityBufferInfo\out\build\x64-Release\bin\Release\logs\log_2026-07-30_01-34-09.txt",,
50,07_synth_material_class_matrix,C:\Users\mkkim\AppData\Local\Temp\tvbperf_ny7670fu\run_00050.csv,8,2,0,50,0,0,0,1,auto,unused,120,600,1,0,0,../../../../../scripts/standard_camera.csv,10,0,0,60,0,captures,1,60,1920,1080,1,0,1,0.5,1,0,0,-3,0,0,0,0.1,1000,0.785,1,64,1,0,0,-1,1,1,0.5,128,1,1,256,1,100,total,0.27798,depth_prepass,0.02143,geometry,0.12819,lighting,0.08551,tonemap,0.02982,,0.00000,,0.00000,,0.00000,,0.00000,,0.00000,,0.00000,,0.00000,,0.00000,,0.00000,,0.00000,,0.00000,,0.00000,,0.00000,,0.00000,,0.00000,,0.00000,,0.00000,,0.00000,,0.00000,,0.00000,,0.00000,,0.00000,,0.00000,,0.00000,,0.00000,,0.00000,,0.00000,DonutDeferredPrepass,2026-07-30T01:34:09,free,0.27523,0.27782,0.28682,0.27798,0.27574,0.27677,0.27914,0.28451,16641,0,128,100,8,2,0,50,0,0,0,1,auto,unused,120,600,0,0,../../../../../scripts/standard_camera.csv,10,0,0,60,0,1,60,1920,1080,1,0,1,0.5,1.0,128,0.0,0.0,-3.0,0.0,0.0,0.0,0.1,1000.0,0.785,1,64,1,0,0,-1.0,1.0,1.0,0.5,1,1,256,1,100,07_synth_material_class_matrix,0,50,0,success,0,,"Scene CPU cache disabled; rebuilding source scene.
Log saved to: C:\Users\mkkim\myfolder\mydev1\VisibilityBufferInfo\out\build\x64-Release\bin\Release\logs\log_2026-07-30_01-34-10.txt",,
51,07_synth_material_class_matrix,C:\Users\mkkim\AppData\Local\Temp\tvbperf_ny7670fu\run_00051.csv,9,2,0,51,0,0,0,1,auto,unused,120,600,1,0,0,../../../../../scripts/standard_camera.csv,10,0,0,60,0,captures,1,60,1920,1080,1,0,1,0.5,1,0,0,-3,0,0,0,0.1,1000,0.785,1,64,1,0,0,-1,1,1,0.5,128,1,1,256,1,100,total,0.33808,visibility,0.04159,visutil_histogram,0.02354,visutil_prefix,0.00217,visutil_flatten,0.03179,gbuffer,0.08557,lighting,0.09125,tonemap,0.02980,,0.00000,,0.00000,,0.00000,,0.00000,,0.00000,,0.00000,,0.00000,,0.00000,,0.00000,,0.00000,,0.00000,,0.00000,,0.00000,,0.00000,,0.00000,,0.00000,,0.00000,,0.00000,,0.00000,,0.00000,,0.00000,,0.00000,,0.00000,,0.00000,DonutVisGBuffer,2026-07-30T01:34:10,free,0.33437,0.33766,0.47827,0.33808,0.33498,0.33590,0.33978,0.34506,16641,0,128,100,9,2,0,51,0,0,0,1,auto,unused,120,600,0,0,../../../../../scripts/standard_camera.csv,10,0,0,60,0,1,60,1920,1080,1,0,1,0.5,1.0,128,0.0,0.0,-3.0,0.0,0.0,0.0,0.1,1000.0,0.785,1,64,1,0,0,-1.0,1.0,1.0,0.5,1,1,256,1,100,07_synth_material_class_matrix,0,51,0,success,0,,"Scene CPU cache disabled; rebuilding source scene.
Log saved to: C:\Users\mkkim\myfolder\mydev1\VisibilityBufferInfo\out\build\x64-Release\bin\Release\logs\log_2026-07-30_01-34-11.txt",,
52,07_synth_material_class_matrix,C:\Users\mkkim\AppData\Local\Temp\tvbperf_ny7670fu\run_00052.csv,8,2,0,52,0,0,0,1,auto,unused,120,600,1,0,0,../../../../../scripts/standard_camera.csv,10,0,0,60,0,captures,1,60,1920,1080,0,0,2,0.5,1,0,0,-3,0,0,0,0.1,1000,0.785,1,64,1,0,0,-1,1,1,0.5,128,1,1,256,1,100,total,0.27844,depth_prepass,0.02124,geometry,0.12873,lighting,0.08550,tonemap,0.02984,,0.00000,,0.00000,,0.00000,,0.00000,,0.00000,,0.00000,,0.00000,,0.00000,,0.00000,,0.00000,,0.00000,,0.00000,,0.00000,,0.00000,,0.00000,,0.00000,,0.00000,,0.00000,,0.00000,,0.00000,,0.00000,,0.00000,,0.00000,,0.00000,,0.00000,,0.00000,,0.00000,DonutDeferredPrepass,2026-07-30T01:34:11,free,0.27590,0.27824,0.30538,0.27844,0.27693,0.27744,0.27926,0.28576,16641,0,128,100,8,2,0,52,0,0,0,1,auto,unused,120,600,0,0,../../../../../scripts/standard_camera.csv,10,0,0,60,0,1,60,1920,1080,0,0,2,0.5,1.0,128,0.0,0.0,-3.0,0.0,0.0,0.0,0.1,1000.0,0.785,1,64,1,0,0,-1.0,1.0,1.0,0.5,1,1,256,1,100,07_synth_material_class_matrix,0,52,0,success,0,,"Scene CPU cache disabled; rebuilding source scene.
Log saved to: C:\Users\mkkim\myfolder\mydev1\VisibilityBufferInfo\out\build\x64-Release\bin\Release\logs\log_2026-07-30_01-34-13.txt",,
53,07_synth_material_class_matrix,C:\Users\mkkim\AppData\Local\Temp\tvbperf_ny7670fu\run_00053.csv,9,2,0,53,0,0,0,1,auto,unused,120,600,1,0,0,../../../../../scripts/standard_camera.csv,10,0,0,60,0,captures,1,60,1920,1080,0,0,2,0.5,1,0,0,-3,0,0,0,0.1,1000,0.785,1,64,1,0,0,-1,1,1,0.5,128,1,1,256,1,100,total,0.34747,visibility,0.04147,visutil_histogram,0.02482,visutil_prefix,0.00216,visutil_flatten,0.03370,gbuffer,0.09300,lighting,0.09020,tonemap,0.02958,,0.00000,,0.00000,,0.00000,,0.00000,,0.00000,,0.00000,,0.00000,,0.00000,,0.00000,,0.00000,,0.00000,,0.00000,,0.00000,,0.00000,,0.00000,,0.00000,,0.00000,,0.00000,,0.00000,,0.00000,,0.00000,,0.00000,,0.00000,,0.00000,DonutVisGBuffer,2026-07-30T01:34:13,free,0.34243,0.34765,0.35552,0.34747,0.34358,0.34541,0.34973,0.35171,16641,0,128,100,9,2,0,53,0,0,0,1,auto,unused,120,600,0,0,../../../../../scripts/standard_camera.csv,10,0,0,60,0,1,60,1920,1080,0,0,2,0.5,1.0,128,0.0,0.0,-3.0,0.0,0.0,0.0,0.1,1000.0,0.785,1,64,1,0,0,-1.0,1.0,1.0,0.5,1,1,256,1,100,07_synth_material_class_matrix,0,53,0,success,0,,"Scene CPU cache disabled; rebuilding source scene.
Log saved to: C:\Users\mkkim\myfolder\mydev1\VisibilityBufferInfo\out\build\x64-Release\bin\Release\logs\log_2026-07-30_01-34-14.txt",,
54,07_synth_material_class_matrix,C:\Users\mkkim\AppData\Local\Temp\tvbperf_ny7670fu\run_00054.csv,8,2,0,54,0,0,0,1,auto,unused,120,600,1,0,0,../../../../../scripts/standard_camera.csv,10,0,0,60,0,captures,1,60,1920,1080,1,0,2,0.5,1,0,0,-3,0,0,0,0.1,1000,0.785,1,64,1,0,0,-1,1,1,0.5,128,1,1,256,1,100,total,0.27998,depth_prepass,0.02140,geometry,0.12939,lighting,0.08599,tonemap,0.02982,,0.00000,,0.00000,,0.00000,,0.00000,,0.00000,,0.00000,,0.00000,,0.00000,,0.00000,,0.00000,,0.00000,,0.00000,,0.00000,,0.00000,,0.00000,,0.00000,,0.00000,,0.00000,,0.00000,,0.00000,,0.00000,,0.00000,,0.00000,,0.00000,,0.00000,,0.00000,,0.00000,DonutDeferredPrepass,2026-07-30T01:34:14,free,0.27530,0.27872,0.52973,0.27998,0.27728,0.27802,0.27981,0.29722,16641,0,128,100,8,2,0,54,0,0,0,1,auto,unused,120,600,0,0,../../../../../scripts/standard_camera.csv,10,0,0,60,0,1,60,1920,1080,1,0,2,0.5,1.0,128,0.0,0.0,-3.0,0.0,0.0,0.0,0.1,1000.0,0.785,1,64,1,0,0,-1.0,1.0,1.0,0.5,1,1,256,1,100,07_synth_material_class_matrix,0,54,0,success,0,,"Scene CPU cache disabled; rebuilding source scene.
Log saved to: C:\Users\mkkim\myfolder\mydev1\VisibilityBufferInfo\out\build\x64-Release\bin\Release\logs\log_2026-07-30_01-34-16.txt",,
55,07_synth_material_class_matrix,C:\Users\mkkim\AppData\Local\Temp\tvbperf_ny7670fu\run_00055.csv,9,2,0,55,0,0,0,1,auto,unused,120,600,1,0,0,../../../../../scripts/standard_camera.csv,10,0,0,60,0,captures,1,60,1920,1080,1,0,2,0.5,1,0,0,-3,0,0,0,0.1,1000,0.785,1,64,1,0,0,-1,1,1,0.5,128,1,1,256,1,100,total,0.34801,visibility,0.04161,visutil_histogram,0.02482,visutil_prefix,0.00216,visutil_flatten,0.03374,gbuffer,0.09301,lighting,0.09029,tonemap,0.02969,,0.00000,,0.00000,,0.00000,,0.00000,,0.00000,,0.00000,,0.00000,,0.00000,,0.00000,,0.00000,,0.00000,,0.00000,,0.00000,,0.00000,,0.00000,,0.00000,,0.00000,,0.00000,,0.00000,,0.00000,,0.00000,,0.00000,,0.00000,,0.00000,DonutVisGBuffer,2026-07-30T01:34:16,free,0.34368,0.34784,0.35734,0.34801,0.34480,0.34592,0.34986,0.35421,16641,0,128,100,9,2,0,55,0,0,0,1,auto,unused,120,600,0,0,../../../../../scripts/standard_camera.csv,10,0,0,60,0,1,60,1920,1080,1,0,2,0.5,1.0,128,0.0,0.0,-3.0,0.0,0.0,0.0,0.1,1000.0,0.785,1,64,1,0,0,-1.0,1.0,1.0,0.5,1,1,256,1,100,07_synth_material_class_matrix,0,55,0,success,0,,"Scene CPU cache disabled; rebuilding source scene.
Log saved to: C:\Users\mkkim\myfolder\mydev1\VisibilityBufferInfo\out\build\x64-Release\bin\Release\logs\log_2026-07-30_01-34-17.txt",,
56,07_synth_material_class_matrix,C:\Users\mkkim\AppData\Local\Temp\tvbperf_ny7670fu\run_00056.csv,8,2,0,56,0,0,0,1,auto,unused,120,600,1,0,0,../../../../../scripts/standard_camera.csv,10,0,0,60,0,captures,1,60,1920,1080,0,0,4,0.5,1,0,0,-3,0,0,0,0.1,1000,0.785,1,64,1,0,0,-1,1,1,0.5,128,1,1,256,1,100,total,0.27721,depth_prepass,0.02122,geometry,0.12794,lighting,0.08537,tonemap,0.02959,,0.00000,,0.00000,,0.00000,,0.00000,,0.00000,,0.00000,,0.00000,,0.00000,,0.00000,,0.00000,,0.00000,,0.00000,,0.00000,,0.00000,,0.00000,,0.00000,,0.00000,,0.00000,,0.00000,,0.00000,,0.00000,,0.00000,,0.00000,,0.00000,,0.00000,,0.00000,,0.00000,DonutDeferredPrepass,2026-07-30T01:34:17,free,0.27517,0.27706,0.28477,0.27721,0.27568,0.27638,0.27779,0.28438,16641,0,128,100,8,2,0,56,0,0,0,1,auto,unused,120,600,0,0,../../../../../scripts/standard_camera.csv,10,0,0,60,0,1,60,1920,1080,0,0,4,0.5,1.0,128,0.0,0.0,-3.0,0.0,0.0,0.0,0.1,1000.0,0.785,1,64,1,0,0,-1.0,1.0,1.0,0.5,1,1,256,1,100,07_synth_material_class_matrix,0,56,0,success,0,,"Scene CPU cache disabled; rebuilding source scene.
Log saved to: C:\Users\mkkim\myfolder\mydev1\VisibilityBufferInfo\out\build\x64-Release\bin\Release\logs\log_2026-07-30_01-34-19.txt",,
57,07_synth_material_class_matrix,C:\Users\mkkim\AppData\Local\Temp\tvbperf_ny7670fu\run_00057.csv,9,2,0,57,0,0,0,1,auto,unused,120,600,1,0,0,../../../../../scripts/standard_camera.csv,10,0,0,60,0,captures,1,60,1920,1080,0,0,4,0.5,1,0,0,-3,0,0,0,0.1,1000,0.785,1,64,1,0,0,-1,1,1,0.5,128,1,1,256,1,100,total,0.35053,visibility,0.04150,visutil_histogram,0.02495,visutil_prefix,0.00216,visutil_flatten,0.03410,gbuffer,0.09607,lighting,0.09000,tonemap,0.02952,,0.00000,,0.00000,,0.00000,,0.00000,,0.00000,,0.00000,,0.00000,,0.00000,,0.00000,,0.00000,,0.00000,,0.00000,,0.00000,,0.00000,,0.00000,,0.00000,,0.00000,,0.00000,,0.00000,,0.00000,,0.00000,,0.00000,,0.00000,,0.00000,DonutVisGBuffer,2026-07-30T01:34:19,free,0.34458,0.35056,0.35862,0.35053,0.34675,0.34880,0.35194,0.35773,16641,0,128,100,9,2,0,57,0,0,0,1,auto,unused,120,600,0,0,../../../../../scripts/standard_camera.csv,10,0,0,60,0,1,60,1920,1080,0,0,4,0.5,1.0,128,0.0,0.0,-3.0,0.0,0.0,0.0,0.1,1000.0,0.785,1,64,1,0,0,-1.0,1.0,1.0,0.5,1,1,256,1,100,07_synth_material_class_matrix,0,57,0,success,0,,"Scene CPU cache disabled; rebuilding source scene.
Log saved to: C:\Users\mkkim\myfolder\mydev1\VisibilityBufferInfo\out\build\x64-Release\bin\Release\logs\log_2026-07-30_01-34-20.txt",,
58,07_synth_material_class_matrix,C:\Users\mkkim\AppData\Local\Temp\tvbperf_ny7670fu\run_00058.csv,8,2,0,58,0,0,0,1,auto,unused,120,600,1,0,0,../../../../../scripts/standard_camera.csv,10,0,0,60,0,captures,1,60,1920,1080,1,0,4,0.5,1,0,0,-3,0,0,0,0.1,1000,0.785,1,64,1,0,0,-1,1,1,0.5,128,1,1,256,1,100,total,0.27753,depth_prepass,0.02136,geometry,0.12808,lighting,0.08547,tonemap,0.02958,,0.00000,,0.00000,,0.00000,,0.00000,,0.00000,,0.00000,,0.00000,,0.00000,,0.00000,,0.00000,,0.00000,,0.00000,,0.00000,,0.00000,,0.00000,,0.00000,,0.00000,,0.00000,,0.00000,,0.00000,,0.00000,,0.00000,,0.00000,,0.00000,,0.00000,,0.00000,,0.00000,DonutDeferredPrepass,2026-07-30T01:34:20,free,0.27536,0.27738,0.28595,0.27753,0.27610,0.27674,0.27808,0.28464,16641,0,128,100,8,2,0,58,0,0,0,1,auto,unused,120,600,0,0,../../../../../scripts/standard_camera.csv,10,0,0,60,0,1,60,1920,1080,1,0,4,0.5,1.0,128,0.0,0.0,-3.0,0.0,0.0,0.0,0.1,1000.0,0.785,1,64,1,0,0,-1.0,1.0,1.0,0.5,1,1,256,1,100,07_synth_material_class_matrix,0,58,0,success,0,,"Scene CPU cache disabled; rebuilding source scene.
Log saved to: C:\Users\mkkim\myfolder\mydev1\VisibilityBufferInfo\out\build\x64-Release\bin\Release\logs\log_2026-07-30_01-34-22.txt",,
59,07_synth_material_class_matrix,C:\Users\mkkim\AppData\Local\Temp\tvbperf_ny7670fu\run_00059.csv,9,2,0,59,0,0,0,1,auto,unused,120,600,1,0,0,../../../../../scripts/standard_camera.csv,10,0,0,60,0,captures,1,60,1920,1080,1,0,4,0.5,1,0,0,-3,0,0,0,0.1,1000,0.785,1,64,1,0,0,-1,1,1,0.5,128,1,1,256,1,100,total,0.35064,visibility,0.04158,visutil_histogram,0.02497,visutil_prefix,0.00216,visutil_flatten,0.03410,gbuffer,0.09622,lighting,0.08990,tonemap,0.02953,,0.00000,,0.00000,,0.00000,,0.00000,,0.00000,,0.00000,,0.00000,,0.00000,,0.00000,,0.00000,,0.00000,,0.00000,,0.00000,,0.00000,,0.00000,,0.00000,,0.00000,,0.00000,,0.00000,,0.00000,,0.00000,,0.00000,,0.00000,,0.00000,DonutVisGBuffer,2026-07-30T01:34:22,free,0.34630,0.35046,0.36058,0.35064,0.34717,0.34899,0.35206,0.35786,16641,0,128,100,9,2,0,59,0,0,0,1,auto,unused,120,600,0,0,../../../../../scripts/standard_camera.csv,10,0,0,60,0,1,60,1920,1080,1,0,4,0.5,1.0,128,0.0,0.0,-3.0,0.0,0.0,0.0,0.1,1000.0,0.785,1,64,1,0,0,-1.0,1.0,1.0,0.5,1,1,256,1,100,07_synth_material_class_matrix,0,59,0,success,0,,"Scene CPU cache disabled; rebuilding source scene.
Log saved to: C:\Users\mkkim\myfolder\mydev1\VisibilityBufferInfo\out\build\x64-Release\bin\Release\logs\log_2026-07-30_01-34-23.txt",,
60,07_synth_material_class_matrix,C:\Users\mkkim\AppData\Local\Temp\tvbperf_ny7670fu\run_00060.csv,8,2,0,60,0,0,0,1,auto,unused,120,600,1,0,0,../../../../../scripts/standard_camera.csv,10,0,0,60,0,captures,1,60,1920,1080,0,0,8,0.5,1,0,0,-3,0,0,0,0.1,1000,0.785,1,64,1,0,0,-1,1,1,0.5,128,1,1,256,1,100,total,0.27739,depth_prepass,0.02135,geometry,0.12756,lighting,0.08546,tonemap,0.02992,,0.00000,,0.00000,,0.00000,,0.00000,,0.00000,,0.00000,,0.00000,,0.00000,,0.00000,,0.00000,,0.00000,,0.00000,,0.00000,,0.00000,,0.00000,,0.00000,,0.00000,,0.00000,,0.00000,,0.00000,,0.00000,,0.00000,,0.00000,,0.00000,,0.00000,,0.00000,,0.00000,DonutDeferredPrepass,2026-07-30T01:34:23,free,0.27514,0.27715,0.28499,0.27739,0.27581,0.27645,0.27859,0.28390,16641,0,128,100,8,2,0,60,0,0,0,1,auto,unused,120,600,0,0,../../../../../scripts/standard_camera.csv,10,0,0,60,0,1,60,1920,1080,0,0,8,0.5,1.0,128,0.0,0.0,-3.0,0.0,0.0,0.0,0.1,1000.0,0.785,1,64,1,0,0,-1.0,1.0,1.0,0.5,1,1,256,1,100,07_synth_material_class_matrix,0,60,0,success,0,,"Scene CPU cache disabled; rebuilding source scene.
Log saved to: C:\Users\mkkim\myfolder\mydev1\VisibilityBufferInfo\out\build\x64-Release\bin\Release\logs\log_2026-07-30_01-34-25.txt",,
61,07_synth_material_class_matrix,C:\Users\mkkim\AppData\Local\Temp\tvbperf_ny7670fu\run_00061.csv,9,2,0,61,0,0,0,1,auto,unused,120,600,1,0,0,../../../../../scripts/standard_camera.csv,10,0,0,60,0,captures,1,60,1920,1080,0,0,8,0.5,1,0,0,-3,0,0,0,0.1,1000,0.785,1,64,1,0,0,-1,1,1,0.5,128,1,1,256,1,100,total,0.35156,visibility,0.04153,visutil_histogram,0.02492,visutil_prefix,0.00216,visutil_flatten,0.03418,gbuffer,0.09712,lighting,0.08998,tonemap,0.02953,,0.00000,,0.00000,,0.00000,,0.00000,,0.00000,,0.00000,,0.00000,,0.00000,,0.00000,,0.00000,,0.00000,,0.00000,,0.00000,,0.00000,,0.00000,,0.00000,,0.00000,,0.00000,,0.00000,,0.00000,,0.00000,,0.00000,,0.00000,,0.00000,DonutVisGBuffer,2026-07-30T01:34:25,free,0.34688,0.35168,0.36230,0.35156,0.34730,0.34950,0.35382,0.35859,16641,0,128,100,9,2,0,61,0,0,0,1,auto,unused,120,600,0,0,../../../../../scripts/standard_camera.csv,10,0,0,60,0,1,60,1920,1080,0,0,8,0.5,1.0,128,0.0,0.0,-3.0,0.0,0.0,0.0,0.1,1000.0,0.785,1,64,1,0,0,-1.0,1.0,1.0,0.5,1,1,256,1,100,07_synth_material_class_matrix,0,61,0,success,0,,"Scene CPU cache disabled; rebuilding source scene.
Log saved to: C:\Users\mkkim\myfolder\mydev1\VisibilityBufferInfo\out\build\x64-Release\bin\Release\logs\log_2026-07-30_01-34-26.txt",,
62,07_synth_material_class_matrix,C:\Users\mkkim\AppData\Local\Temp\tvbperf_ny7670fu\run_00062.csv,8,2,0,62,0,0,0,1,auto,unused,120,600,1,0,0,../../../../../scripts/standard_camera.csv,10,0,0,60,0,captures,1,60,1920,1080,1,0,8,0.5,1,0,0,-3,0,0,0,0.1,1000,0.785,1,64,1,0,0,-1,1,1,0.5,128,1,1,256,1,100,total,0.27737,depth_prepass,0.02148,geometry,0.12779,lighting,0.08534,tonemap,0.02976,,0.00000,,0.00000,,0.00000,,0.00000,,0.00000,,0.00000,,0.00000,,0.00000,,0.00000,,0.00000,,0.00000,,0.00000,,0.00000,,0.00000,,0.00000,,0.00000,,0.00000,,0.00000,,0.00000,,0.00000,,0.00000,,0.00000,,0.00000,,0.00000,,0.00000,,0.00000,,0.00000,DonutDeferredPrepass,2026-07-30T01:34:26,free,0.27530,0.27722,0.28534,0.27737,0.27584,0.27651,0.27840,0.28358,16641,0,128,100,8,2,0,62,0,0,0,1,auto,unused,120,600,0,0,../../../../../scripts/standard_camera.csv,10,0,0,60,0,1,60,1920,1080,1,0,8,0.5,1.0,128,0.0,0.0,-3.0,0.0,0.0,0.0,0.1,1000.0,0.785,1,64,1,0,0,-1.0,1.0,1.0,0.5,1,1,256,1,100,07_synth_material_class_matrix,0,62,0,success,0,,"Scene CPU cache disabled; rebuilding source scene.
Log saved to: C:\Users\mkkim\myfolder\mydev1\VisibilityBufferInfo\out\build\x64-Release\bin\Release\logs\log_2026-07-30_01-34-28.txt",,
63,07_synth_material_class_matrix,C:\Users\mkkim\AppData\Local\Temp\tvbperf_ny7670fu\run_00063.csv,9,2,0,63,0,0,0,1,auto,unused,120,600,1,0,0,../../../../../scripts/standard_camera.csv,10,0,0,60,0,captures,1,60,1920,1080,1,0,8,0.5,1,0,0,-3,0,0,0,0.1,1000,0.785,1,64,1,0,0,-1,1,1,0.5,128,1,1,256,1,100,total,0.35148,visibility,0.04158,visutil_histogram,0.02490,visutil_prefix,0.00216,visutil_flatten,0.03434,gbuffer,0.09712,lighting,0.08974,tonemap,0.02947,,0.00000,,0.00000,,0.00000,,0.00000,,0.00000,,0.00000,,0.00000,,0.00000,,0.00000,,0.00000,,0.00000,,0.00000,,0.00000,,0.00000,,0.00000,,0.00000,,0.00000,,0.00000,,0.00000,,0.00000,,0.00000,,0.00000,,0.00000,,0.00000,DonutVisGBuffer,2026-07-30T01:34:28,free,0.34576,0.35149,0.48000,0.35148,0.34710,0.34925,0.35357,0.35946,16641,0,128,100,9,2,0,63,0,0,0,1,auto,unused,120,600,0,0,../../../../../scripts/standard_camera.csv,10,0,0,60,0,1,60,1920,1080,1,0,8,0.5,1.0,128,0.0,0.0,-3.0,0.0,0.0,0.0,0.1,1000.0,0.785,1,64,1,0,0,-1.0,1.0,1.0,0.5,1,1,256,1,100,07_synth_material_class_matrix,0,63,0,success,0,,"Scene CPU cache disabled; rebuilding source scene.
Log saved to: C:\Users\mkkim\myfolder\mydev1\VisibilityBufferInfo\out\build\x64-Release\bin\Release\logs\log_2026-07-30_01-34-30.txt",,
64,07_synth_material_class_matrix,C:\Users\mkkim\AppData\Local\Temp\tvbperf_ny7670fu\run_00064.csv,8,2,0,64,0,0,0,1,auto,unused,120,600,1,0,0,../../../../../scripts/standard_camera.csv,10,0,0,60,0,captures,1,60,1920,1080,0,0,16,0.5,1,0,0,-3,0,0,0,0.1,1000,0.785,1,64,1,0,0,-1,1,1,0.5,128,1,1,256,1,100,total,0.27763,depth_prepass,0.02161,geometry,0.12760,lighting,0.08550,tonemap,0.02982,,0.00000,,0.00000,,0.00000,,0.00000,,0.00000,,0.00000,,0.00000,,0.00000,,0.00000,,0.00000,,0.00000,,0.00000,,0.00000,,0.00000,,0.00000,,0.00000,,0.00000,,0.00000,,0.00000,,0.00000,,0.00000,,0.00000,,0.00000,,0.00000,,0.00000,,0.00000,,0.00000,DonutDeferredPrepass,2026-07-30T01:34:30,free,0.27507,0.27738,0.30557,0.27763,0.27578,0.27642,0.27872,0.28419,16641,0,128,100,8,2,0,64,0,0,0,1,auto,unused,120,600,0,0,../../../../../scripts/standard_camera.csv,10,0,0,60,0,1,60,1920,1080,0,0,16,0.5,1.0,128,0.0,0.0,-3.0,0.0,0.0,0.0,0.1,1000.0,0.785,1,64,1,0,0,-1.0,1.0,1.0,0.5,1,1,256,1,100,07_synth_material_class_matrix,0,64,0,success,0,,"Scene CPU cache disabled; rebuilding source scene.
Log saved to: C:\Users\mkkim\myfolder\mydev1\VisibilityBufferInfo\out\build\x64-Release\bin\Release\logs\log_2026-07-30_01-34-31.txt",,
65,07_synth_material_class_matrix,C:\Users\mkkim\AppData\Local\Temp\tvbperf_ny7670fu\run_00065.csv,9,2,0,65,0,0,0,1,auto,unused,120,600,1,0,0,../../../../../scripts/standard_camera.csv,10,0,0,60,0,captures,1,60,1920,1080,0,0,16,0.5,1,0,0,-3,0,0,0,0.1,1000,0.785,1,64,1,0,0,-1,1,1,0.5,128,1,1,256,1,100,total,0.35383,visibility,0.04145,visutil_histogram,0.02484,visutil_prefix,0.00216,visutil_flatten,0.03425,gbuffer,0.09986,lighting,0.08975,tonemap,0.02950,,0.00000,,0.00000,,0.00000,,0.00000,,0.00000,,0.00000,,0.00000,,0.00000,,0.00000,,0.00000,,0.00000,,0.00000,,0.00000,,0.00000,,0.00000,,0.00000,,0.00000,,0.00000,,0.00000,,0.00000,,0.00000,,0.00000,,0.00000,,0.00000,DonutVisGBuffer,2026-07-30T01:34:31,free,0.34870,0.35373,0.36358,0.35383,0.34938,0.35146,0.35600,0.36176,16641,0,128,100,9,2,0,65,0,0,0,1,auto,unused,120,600,0,0,../../../../../scripts/standard_camera.csv,10,0,0,60,0,1,60,1920,1080,0,0,16,0.5,1.0,128,0.0,0.0,-3.0,0.0,0.0,0.0,0.1,1000.0,0.785,1,64,1,0,0,-1.0,1.0,1.0,0.5,1,1,256,1,100,07_synth_material_class_matrix,0,65,0,success,0,,"Scene CPU cache disabled; rebuilding source scene.
Log saved to: C:\Users\mkkim\myfolder\mydev1\VisibilityBufferInfo\out\build\x64-Release\bin\Release\logs\log_2026-07-30_01-34-33.txt",,
66,07_synth_material_class_matrix,C:\Users\mkkim\AppData\Local\Temp\tvbperf_ny7670fu\run_00066.csv,8,2,0,66,0,0,0,1,auto,unused,120,600,1,0,0,../../../../../scripts/standard_camera.csv,10,0,0,60,0,captures,1,60,1920,1080,1,0,16,0.5,1,0,0,-3,0,0,0,0.1,1000,0.785,1,64,1,0,0,-1,1,1,0.5,128,1,1,256,1,100,total,0.27829,depth_prepass,0.02194,geometry,0.12783,lighting,0.08554,tonemap,0.02987,,0.00000,,0.00000,,0.00000,,0.00000,,0.00000,,0.00000,,0.00000,,0.00000,,0.00000,,0.00000,,0.00000,,0.00000,,0.00000,,0.00000,,0.00000,,0.00000,,0.00000,,0.00000,,0.00000,,0.00000,,0.00000,,0.00000,,0.00000,,0.00000,,0.00000,,0.00000,,0.00000,DonutDeferredPrepass,2026-07-30T01:34:33,free,0.27514,0.27814,0.30704,0.27829,0.27590,0.27690,0.27933,0.28589,16641,0,128,100,8,2,0,66,0,0,0,1,auto,unused,120,600,0,0,../../../../../scripts/standard_camera.csv,10,0,0,60,0,1,60,1920,1080,1,0,16,0.5,1.0,128,0.0,0.0,-3.0,0.0,0.0,0.0,0.1,1000.0,0.785,1,64,1,0,0,-1.0,1.0,1.0,0.5,1,1,256,1,100,07_synth_material_class_matrix,0,66,0,success,0,,"Scene CPU cache disabled; rebuilding source scene.
Log saved to: C:\Users\mkkim\myfolder\mydev1\VisibilityBufferInfo\out\build\x64-Release\bin\Release\logs\log_2026-07-30_01-34-35.txt",,
67,07_synth_material_class_matrix,C:\Users\mkkim\AppData\Local\Temp\tvbperf_ny7670fu\run_00067.csv,9,2,0,67,0,0,0,1,auto,unused,120,600,1,0,0,../../../../../scripts/standard_camera.csv,10,0,0,60,0,captures,1,60,1920,1080,1,0,16,0.5,1,0,0,-3,0,0,0,0.1,1000,0.785,1,64,1,0,0,-1,1,1,0.5,128,1,1,256,1,100,total,0.35386,visibility,0.04154,visutil_histogram,0.02487,visutil_prefix,0.00216,visutil_flatten,0.03427,gbuffer,0.09978,lighting,0.08973,tonemap,0.02942,,0.00000,,0.00000,,0.00000,,0.00000,,0.00000,,0.00000,,0.00000,,0.00000,,0.00000,,0.00000,,0.00000,,0.00000,,0.00000,,0.00000,,0.00000,,0.00000,,0.00000,,0.00000,,0.00000,,0.00000,,0.00000,,0.00000,,0.00000,,0.00000,DonutVisGBuffer,2026-07-30T01:34:35,free,0.34874,0.35373,0.36195,0.35386,0.34963,0.35155,0.35587,0.35949,16641,0,128,100,9,2,0,67,0,0,0,1,auto,unused,120,600,0,0,../../../../../scripts/standard_camera.csv,10,0,0,60,0,1,60,1920,1080,1,0,16,0.5,1.0,128,0.0,0.0,-3.0,0.0,0.0,0.0,0.1,1000.0,0.785,1,64,1,0,0,-1.0,1.0,1.0,0.5,1,1,256,1,100,07_synth_material_class_matrix,0,67,0,success,0,,"Scene CPU cache disabled; rebuilding source scene.
Log saved to: C:\Users\mkkim\myfolder\mydev1\VisibilityBufferInfo\out\build\x64-Release\bin\Release\logs\log_2026-07-30_01-34-37.txt",,
68,07_synth_material_class_matrix,C:\Users\mkkim\AppData\Local\Temp\tvbperf_ny7670fu\run_00068.csv,8,2,0,68,0,0,0,1,auto,unused,120,600,1,0,0,../../../../../scripts/standard_camera.csv,10,0,0,60,0,captures,1,60,1920,1080,0,0,24,0.5,1,0,0,-3,0,0,0,0.1,1000,0.785,1,64,1,0,0,-1,1,1,0.5,128,1,1,256,1,100,total,0.27759,depth_prepass,0.02173,geometry,0.12758,lighting,0.08544,tonemap,0.02982,,0.00000,,0.00000,,0.00000,,0.00000,,0.00000,,0.00000,,0.00000,,0.00000,,0.00000,,0.00000,,0.00000,,0.00000,,0.00000,,0.00000,,0.00000,,0.00000,,0.00000,,0.00000,,0.00000,,0.00000,,0.00000,,0.00000,,0.00000,,0.00000,,0.00000,,0.00000,,0.00000,DonutDeferredPrepass,2026-07-30T01:34:37,free,0.27482,0.27741,0.28653,0.27759,0.27549,0.27635,0.27878,0.28451,16641,0,128,100,8,2,0,68,0,0,0,1,auto,unused,120,600,0,0,../../../../../scripts/standard_camera.csv,10,0,0,60,0,1,60,1920,1080,0,0,24,0.5,1.0,128,0.0,0.0,-3.0,0.0,0.0,0.0,0.1,1000.0,0.785,1,64,1,0,0,-1.0,1.0,1.0,0.5,1,1,256,1,100,07_synth_material_class_matrix,0,68,0,success,0,,"Scene CPU cache disabled; rebuilding source scene.
Log saved to: C:\Users\mkkim\myfolder\mydev1\VisibilityBufferInfo\out\build\x64-Release\bin\Release\logs\log_2026-07-30_01-34-39.txt",,
69,07_synth_material_class_matrix,C:\Users\mkkim\AppData\Local\Temp\tvbperf_ny7670fu\run_00069.csv,9,2,0,69,0,0,0,1,auto,unused,120,600,1,0,0,../../../../../scripts/standard_camera.csv,10,0,0,60,0,captures,1,60,1920,1080,0,0,24,0.5,1,0,0,-3,0,0,0,0.1,1000,0.785,1,64,1,0,0,-1,1,1,0.5,128,1,1,256,1,100,total,0.35847,visibility,0.04142,visutil_histogram,0.02481,visutil_prefix,0.00216,visutil_flatten,0.03427,gbuffer,0.10488,lighting,0.08948,tonemap,0.02953,,0.00000,,0.00000,,0.00000,,0.00000,,0.00000,,0.00000,,0.00000,,0.00000,,0.00000,,0.00000,,0.00000,,0.00000,,0.00000,,0.00000,,0.00000,,0.00000,,0.00000,,0.00000,,0.00000,,0.00000,,0.00000,,0.00000,,0.00000,,0.00000,DonutVisGBuffer,2026-07-30T01:34:39,free,0.35334,0.35811,0.36813,0.35847,0.35398,0.35584,0.36045,0.36534,16641,0,128,100,9,2,0,69,0,0,0,1,auto,unused,120,600,0,0,../../../../../scripts/standard_camera.csv,10,0,0,60,0,1,60,1920,1080,0,0,24,0.5,1.0,128,0.0,0.0,-3.0,0.0,0.0,0.0,0.1,1000.0,0.785,1,64,1,0,0,-1.0,1.0,1.0,0.5,1,1,256,1,100,07_synth_material_class_matrix,0,69,0,success,0,,"Scene CPU cache disabled; rebuilding source scene.
Log saved to: C:\Users\mkkim\myfolder\mydev1\VisibilityBufferInfo\out\build\x64-Release\bin\Release\logs\log_2026-07-30_01-34-41.txt",,
70,07_synth_material_class_matrix,C:\Users\mkkim\AppData\Local\Temp\tvbperf_ny7670fu\run_00070.csv,8,2,0,70,0,0,0,1,auto,unused,120,600,1,0,0,../../../../../scripts/standard_camera.csv,10,0,0,60,0,captures,1,60,1920,1080,1,0,24,0.5,1,0,0,-3,0,0,0,0.1,1000,0.785,1,64,1,0,0,-1,1,1,0.5,128,1,1,256,1,100,total,0.27798,depth_prepass,0.02183,geometry,0.12779,lighting,0.08552,tonemap,0.02980,,0.00000,,0.00000,,0.00000,,0.00000,,0.00000,,0.00000,,0.00000,,0.00000,,0.00000,,0.00000,,0.00000,,0.00000,,0.00000,,0.00000,,0.00000,,0.00000,,0.00000,,0.00000,,0.00000,,0.00000,,0.00000,,0.00000,,0.00000,,0.00000,,0.00000,,0.00000,,0.00000,DonutDeferredPrepass,2026-07-30T01:34:41,free,0.27533,0.27782,0.28576,0.27798,0.27606,0.27670,0.27914,0.28422,16641,0,128,100,8,2,0,70,0,0,0,1,auto,unused,120,600,0,0,../../../../../scripts/standard_camera.csv,10,0,0,60,0,1,60,1920,1080,1,0,24,0.5,1.0,128,0.0,0.0,-3.0,0.0,0.0,0.0,0.1,1000.0,0.785,1,64,1,0,0,-1.0,1.0,1.0,0.5,1,1,256,1,100,07_synth_material_class_matrix,0,70,0,success,0,,"Scene CPU cache disabled; rebuilding source scene.
Log saved to: C:\Users\mkkim\myfolder\mydev1\VisibilityBufferInfo\out\build\x64-Release\bin\Release\logs\log_2026-07-30_01-34-43.txt",,
71,07_synth_material_class_matrix,C:\Users\mkkim\AppData\Local\Temp\tvbperf_ny7670fu\run_00071.csv,9,2,0,71,0,0,0,1,auto,unused,120,600,1,0,0,../../../../../scripts/standard_camera.csv,10,0,0,60,0,captures,1,60,1920,1080,1,0,24,0.5,1,0,0,-3,0,0,0,0.1,1000,0.785,1,64,1,0,0,-1,1,1,0.5,128,1,1,256,1,100,total,0.35874,visibility,0.04147,visutil_histogram,0.02482,visutil_prefix,0.00216,visutil_flatten,0.03426,gbuffer,0.10486,lighting,0.08968,tonemap,0.02947,,0.00000,,0.00000,,0.00000,,0.00000,,0.00000,,0.00000,,0.00000,,0.00000,,0.00000,,0.00000,,0.00000,,0.00000,,0.00000,,0.00000,,0.00000,,0.00000,,0.00000,,0.00000,,0.00000,,0.00000,,0.00000,,0.00000,,0.00000,,0.00000,DonutVisGBuffer,2026-07-30T01:34:43,free,0.35334,0.35824,0.36835,0.35874,0.35453,0.35597,0.36173,0.36618,16641,0,128,100,9,2,0,71,0,0,0,1,auto,unused,120,600,0,0,../../../../../scripts/standard_camera.csv,10,0,0,60,0,1,60,1920,1080,1,0,24,0.5,1.0,128,0.0,0.0,-3.0,0.0,0.0,0.0,0.1,1000.0,0.785,1,64,1,0,0,-1.0,1.0,1.0,0.5,1,1,256,1,100,07_synth_material_class_matrix,0,71,0,success,0,,"Scene CPU cache disabled; rebuilding source scene.
Log saved to: C:\Users\mkkim\myfolder\mydev1\VisibilityBufferInfo\out\build\x64-Release\bin\Release\logs\log_2026-07-30_01-34-45.txt",,
72,07_synth_material_class_matrix,C:\Users\mkkim\AppData\Local\Temp\tvbperf_ny7670fu\run_00072.csv,8,2,0,72,0,0,0,1,auto,unused,120,600,1,0,0,../../../../../scripts/standard_camera.csv,10,0,0,60,0,captures,1,60,1920,1080,0,0,32,0.5,1,0,0,-3,0,0,0,0.1,1000,0.785,1,64,1,0,0,-1,1,1,0.5,128,1,1,256,1,100,total,0.27804,depth_prepass,0.02185,geometry,0.12749,lighting,0.08546,tonemap,0.03004,,0.00000,,0.00000,,0.00000,,0.00000,,0.00000,,0.00000,,0.00000,,0.00000,,0.00000,,0.00000,,0.00000,,0.00000,,0.00000,,0.00000,,0.00000,,0.00000,,0.00000,,0.00000,,0.00000,,0.00000,,0.00000,,0.00000,,0.00000,,0.00000,,0.00000,,0.00000,,0.00000,DonutDeferredPrepass,2026-07-30T01:34:45,free,0.27456,0.27782,0.40170,0.27804,0.27552,0.27654,0.27891,0.28512,16641,0,128,100,8,2,0,72,0,0,0,1,auto,unused,120,600,0,0,../../../../../scripts/standard_camera.csv,10,0,0,60,0,1,60,1920,1080,0,0,32,0.5,1.0,128,0.0,0.0,-3.0,0.0,0.0,0.0,0.1,1000.0,0.785,1,64,1,0,0,-1.0,1.0,1.0,0.5,1,1,256,1,100,07_synth_material_class_matrix,0,72,0,success,0,,"Scene CPU cache disabled; rebuilding source scene.
Log saved to: C:\Users\mkkim\myfolder\mydev1\VisibilityBufferInfo\out\build\x64-Release\bin\Release\logs\log_2026-07-30_01-34-47.txt",,
73,07_synth_material_class_matrix,C:\Users\mkkim\AppData\Local\Temp\tvbperf_ny7670fu\run_00073.csv,9,2,0,73,0,0,0,1,auto,unused,120,600,1,0,0,../../../../../scripts/standard_camera.csv,10,0,0,60,0,captures,1,60,1920,1080,0,0,32,0.5,1,0,0,-3,0,0,0,0.1,1000,0.785,1,64,1,0,0,-1,1,1,0.5,128,1,1,256,1,100,total,0.36260,visibility,0.04130,visutil_histogram,0.02478,visutil_prefix,0.00210,visutil_flatten,0.03422,gbuffer,0.10962,lighting,0.08940,tonemap,0.02934,,0.00000,,0.00000,,0.00000,,0.00000,,0.00000,,0.00000,,0.00000,,0.00000,,0.00000,,0.00000,,0.00000,,0.00000,,0.00000,,0.00000,,0.00000,,0.00000,,0.00000,,0.00000,,0.00000,,0.00000,,0.00000,,0.00000,,0.00000,,0.00000,DonutVisGBuffer,2026-07-30T01:34:47,free,0.35699,0.36224,0.37155,0.36260,0.35795,0.35971,0.36509,0.36819,16641,0,128,100,9,2,0,73,0,0,0,1,auto,unused,120,600,0,0,../../../../../scripts/standard_camera.csv,10,0,0,60,0,1,60,1920,1080,0,0,32,0.5,1.0,128,0.0,0.0,-3.0,0.0,0.0,0.0,0.1,1000.0,0.785,1,64,1,0,0,-1.0,1.0,1.0,0.5,1,1,256,1,100,07_synth_material_class_matrix,0,73,0,success,0,,"Scene CPU cache disabled; rebuilding source scene.
Log saved to: C:\Users\mkkim\myfolder\mydev1\VisibilityBufferInfo\out\build\x64-Release\bin\Release\logs\log_2026-07-30_01-34-49.txt",,
74,07_synth_material_class_matrix,C:\Users\mkkim\AppData\Local\Temp\tvbperf_ny7670fu\run_00074.csv,8,2,0,74,0,0,0,1,auto,unused,120,600,1,0,0,../../../../../scripts/standard_camera.csv,10,0,0,60,0,captures,1,60,1920,1080,1,0,32,0.5,1,0,0,-3,0,0,0,0.1,1000,0.785,1,64,1,0,0,-1,1,1,0.5,128,1,1,256,1,100,total,0.27779,depth_prepass,0.02182,geometry,0.12782,lighting,0.08546,tonemap,0.02974,,0.00000,,0.00000,,0.00000,,0.00000,,0.00000,,0.00000,,0.00000,,0.00000,,0.00000,,0.00000,,0.00000,,0.00000,,0.00000,,0.00000,,0.00000,,0.00000,,0.00000,,0.00000,,0.00000,,0.00000,,0.00000,,0.00000,,0.00000,,0.00000,,0.00000,,0.00000,,0.00000,DonutDeferredPrepass,2026-07-30T01:34:49,free,0.27494,0.27754,0.30333,0.27779,0.27555,0.27638,0.27894,0.28573,16641,0,128,100,8,2,0,74,0,0,0,1,auto,unused,120,600,0,0,../../../../../scripts/standard_camera.csv,10,0,0,60,0,1,60,1920,1080,1,0,32,0.5,1.0,128,0.0,0.0,-3.0,0.0,0.0,0.0,0.1,1000.0,0.785,1,64,1,0,0,-1.0,1.0,1.0,0.5,1,1,256,1,100,07_synth_material_class_matrix,0,74,0,success,0,,"Scene CPU cache disabled; rebuilding source scene.
Log saved to: C:\Users\mkkim\myfolder\mydev1\VisibilityBufferInfo\out\build\x64-Release\bin\Release\logs\log_2026-07-30_01-34-51.txt",,
75,07_synth_material_class_matrix,C:\Users\mkkim\AppData\Local\Temp\tvbperf_ny7670fu\run_00075.csv,9,2,0,75,0,0,0,1,auto,unused,120,600,1,0,0,../../../../../scripts/standard_camera.csv,10,0,0,60,0,captures,1,60,1920,1080,1,0,32,0.5,1,0,0,-3,0,0,0,0.1,1000,0.785,1,64,1,0,0,-1,1,1,0.5,128,1,1,256,1,100,total,0.36296,visibility,0.04153,visutil_histogram,0.02480,visutil_prefix,0.00210,visutil_flatten,0.03429,gbuffer,0.10958,lighting,0.08918,tonemap,0.02939,,0.00000,,0.00000,,0.00000,,0.00000,,0.00000,,0.00000,,0.00000,,0.00000,,0.00000,,0.00000,,0.00000,,0.00000,,0.00000,,0.00000,,0.00000,,0.00000,,0.00000,,0.00000,,0.00000,,0.00000,,0.00000,,0.00000,,0.00000,,0.00000,DonutVisGBuffer,2026-07-30T01:34:51,free,0.35709,0.36317,0.37325,0.36296,0.35792,0.36096,0.36502,0.36957,16641,0,128,100,9,2,0,75,0,0,0,1,auto,unused,120,600,0,0,../../../../../scripts/standard_camera.csv,10,0,0,60,0,1,60,1920,1080,1,0,32,0.5,1.0,128,0.0,0.0,-3.0,0.0,0.0,0.0,0.1,1000.0,0.785,1,64,1,0,0,-1.0,1.0,1.0,0.5,1,1,256,1,100,07_synth_material_class_matrix,0,75,0,success,0,,"Scene CPU cache disabled; rebuilding source scene.
Log saved to: C:\Users\mkkim\myfolder\mydev1\VisibilityBufferInfo\out\build\x64-Release\bin\Release\logs\log_2026-07-30_01-34-53.txt",,
76,07_synth_material_class_matrix,C:\Users\mkkim\AppData\Local\Temp\tvbperf_ny7670fu\run_00076.csv,8,2,0,76,0,0,0,1,auto,unused,120,600,1,0,0,../../../../../scripts/standard_camera.csv,10,0,0,60,0,captures,1,60,1920,1080,0,0,48,0.5,1,0,0,-3,0,0,0,0.1,1000,0.785,1,64,1,0,0,-1,1,1,0.5,128,1,1,256,1,100,total,0.27713,depth_prepass,0.02136,geometry,0.12755,lighting,0.08544,tonemap,0.02985,,0.00000,,0.00000,,0.00000,,0.00000,,0.00000,,0.00000,,0.00000,,0.00000,,0.00000,,0.00000,,0.00000,,0.00000,,0.00000,,0.00000,,0.00000,,0.00000,,0.00000,,0.00000,,0.00000,,0.00000,,0.00000,,0.00000,,0.00000,,0.00000,,0.00000,,0.00000,,0.00000,DonutDeferredPrepass,2026-07-30T01:34:53,free,0.27450,0.27696,0.28442,0.27713,0.27546,0.27613,0.27827,0.28368,16641,0,128,100,8,2,0,76,0,0,0,1,auto,unused,120,600,0,0,../../../../../scripts/standard_camera.csv,10,0,0,60,0,1,60,1920,1080,0,0,48,0.5,1.0,128,0.0,0.0,-3.0,0.0,0.0,0.0,0.1,1000.0,0.785,1,64,1,0,0,-1.0,1.0,1.0,0.5,1,1,256,1,100,07_synth_material_class_matrix,0,76,0,success,0,,"Scene CPU cache disabled; rebuilding source scene.
Log saved to: C:\Users\mkkim\myfolder\mydev1\VisibilityBufferInfo\out\build\x64-Release\bin\Release\logs\log_2026-07-30_01-34-55.txt",,
77,07_synth_material_class_matrix,C:\Users\mkkim\AppData\Local\Temp\tvbperf_ny7670fu\run_00077.csv,9,2,0,77,0,0,0,1,auto,unused,120,600,1,0,0,../../../../../scripts/standard_camera.csv,10,0,0,60,0,captures,1,60,1920,1080,0,0,48,0.5,1,0,0,-3,0,0,0,0.1,1000,0.785,1,64,1,0,0,-1,1,1,0.5,128,1,1,256,1,100,total,0.37722,visibility,0.04133,visutil_histogram,0.02493,visutil_prefix,0.00213,visutil_flatten,0.03423,gbuffer,0.12473,lighting,0.08866,tonemap,0.02932,,0.00000,,0.00000,,0.00000,,0.00000,,0.00000,,0.00000,,0.00000,,0.00000,,0.00000,,0.00000,,0.00000,,0.00000,,0.00000,,0.00000,,0.00000,,0.00000,,0.00000,,0.00000,,0.00000,,0.00000,,0.00000,,0.00000,,0.00000,,0.00000,DonutVisGBuffer,2026-07-30T01:34:55,free,0.37082,0.37654,0.51037,0.37722,0.37216,0.37408,0.37978,0.38451,16641,0,128,100,9,2,0,77,0,0,0,1,auto,unused,120,600,0,0,../../../../../scripts/standard_camera.csv,10,0,0,60,0,1,60,1920,1080,0,0,48,0.5,1.0,128,0.0,0.0,-3.0,0.0,0.0,0.0,0.1,1000.0,0.785,1,64,1,0,0,-1.0,1.0,1.0,0.5,1,1,256,1,100,07_synth_material_class_matrix,0,77,0,success,0,,"Scene CPU cache disabled; rebuilding source scene.
Log saved to: C:\Users\mkkim\myfolder\mydev1\VisibilityBufferInfo\out\build\x64-Release\bin\Release\logs\log_2026-07-30_01-34-58.txt",,
78,07_synth_material_class_matrix,C:\Users\mkkim\AppData\Local\Temp\tvbperf_ny7670fu\run_00078.csv,8,2,0,78,0,0,0,1,auto,unused,120,600,1,0,0,../../../../../scripts/standard_camera.csv,10,0,0,60,0,captures,1,60,1920,1080,1,0,48,0.5,1,0,0,-3,0,0,0,0.1,1000,0.785,1,64,1,0,0,-1,1,1,0.5,128,1,1,256,1,100,total,0.27785,depth_prepass,0.02190,geometry,0.12785,lighting,0.08549,tonemap,0.02968,,0.00000,,0.00000,,0.00000,,0.00000,,0.00000,,0.00000,,0.00000,,0.00000,,0.00000,,0.00000,,0.00000,,0.00000,,0.00000,,0.00000,,0.00000,,0.00000,,0.00000,,0.00000,,0.00000,,0.00000,,0.00000,,0.00000,,0.00000,,0.00000,,0.00000,,0.00000,,0.00000,DonutDeferredPrepass,2026-07-30T01:34:58,free,0.27491,0.27766,0.30704,0.27785,0.27571,0.27651,0.27894,0.28557,16641,0,128,100,8,2,0,78,0,0,0,1,auto,unused,120,600,0,0,../../../../../scripts/standard_camera.csv,10,0,0,60,0,1,60,1920,1080,1,0,48,0.5,1.0,128,0.0,0.0,-3.0,0.0,0.0,0.0,0.1,1000.0,0.785,1,64,1,0,0,-1.0,1.0,1.0,0.5,1,1,256,1,100,07_synth_material_class_matrix,0,78,0,success,0,,"Scene CPU cache disabled; rebuilding source scene.
Log saved to: C:\Users\mkkim\myfolder\mydev1\VisibilityBufferInfo\out\build\x64-Release\bin\Release\logs\log_2026-07-30_01-34-59.txt",,
79,07_synth_material_class_matrix,C:\Users\mkkim\AppData\Local\Temp\tvbperf_ny7670fu\run_00079.csv,9,2,0,79,0,0,0,1,auto,unused,120,600,1,0,0,../../../../../scripts/standard_camera.csv,10,0,0,60,0,captures,1,60,1920,1080,1,0,48,0.5,1,0,0,-3,0,0,0,0.1,1000,0.785,1,64,1,0,0,-1,1,1,0.5,128,1,1,256,1,100,total,0.37773,visibility,0.04154,visutil_histogram,0.02492,visutil_prefix,0.00213,visutil_flatten,0.03426,gbuffer,0.12474,lighting,0.08850,tonemap,0.02931,,0.00000,,0.00000,,0.00000,,0.00000,,0.00000,,0.00000,,0.00000,,0.00000,,0.00000,,0.00000,,0.00000,,0.00000,,0.00000,,0.00000,,0.00000,,0.00000,,0.00000,,0.00000,,0.00000,,0.00000,,0.00000,,0.00000,,0.00000,,0.00000,DonutVisGBuffer,2026-07-30T01:35:00,free,0.37162,0.37792,0.39075,0.37773,0.37376,0.37571,0.38026,0.38438,16641,0,128,100,9,2,0,79,0,0,0,1,auto,unused,120,600,0,0,../../../../../scripts/standard_camera.csv,10,0,0,60,0,1,60,1920,1080,1,0,48,0.5,1.0,128,0.0,0.0,-3.0,0.0,0.0,0.0,0.1,1000.0,0.785,1,64,1,0,0,-1.0,1.0,1.0,0.5,1,1,256,1,100,07_synth_material_class_matrix,0,79,0,success,0,,"Scene CPU cache disabled; rebuilding source scene.
Log saved to: C:\Users\mkkim\myfolder\mydev1\VisibilityBufferInfo\out\build\x64-Release\bin\Release\logs\log_2026-07-30_01-35-03.txt",,
80,07_synth_material_class_matrix,C:\Users\mkkim\AppData\Local\Temp\tvbperf_ny7670fu\run_00080.csv,8,2,0,80,0,0,0,1,auto,unused,120,600,1,0,0,../../../../../scripts/standard_camera.csv,10,0,0,60,0,captures,1,60,1920,1080,0,0,64,0.5,1,0,0,-3,0,0,0,0.1,1000,0.785,1,64,1,0,0,-1,1,1,0.5,128,1,1,256,1,100,total,0.27792,depth_prepass,0.02167,geometry,0.12764,lighting,0.08554,tonemap,0.03013,,0.00000,,0.00000,,0.00000,,0.00000,,0.00000,,0.00000,,0.00000,,0.00000,,0.00000,,0.00000,,0.00000,,0.00000,,0.00000,,0.00000,,0.00000,,0.00000,,0.00000,,0.00000,,0.00000,,0.00000,,0.00000,,0.00000,,0.00000,,0.00000,,0.00000,,0.00000,,0.00000,DonutDeferredPrepass,2026-07-30T01:35:03,free,0.27562,0.27770,0.29066,0.27792,0.27584,0.27658,0.27923,0.28579,16641,0,128,100,8,2,0,80,0,0,0,1,auto,unused,120,600,0,0,../../../../../scripts/standard_camera.csv,10,0,0,60,0,1,60,1920,1080,0,0,64,0.5,1.0,128,0.0,0.0,-3.0,0.0,0.0,0.0,0.1,1000.0,0.785,1,64,1,0,0,-1.0,1.0,1.0,0.5,1,1,256,1,100,07_synth_material_class_matrix,0,80,0,success,0,,"Scene CPU cache disabled; rebuilding source scene.
Log saved to: C:\Users\mkkim\myfolder\mydev1\VisibilityBufferInfo\out\build\x64-Release\bin\Release\logs\log_2026-07-30_01-35-05.txt",,
81,07_synth_material_class_matrix,C:\Users\mkkim\AppData\Local\Temp\tvbperf_ny7670fu\run_00081.csv,9,2,0,81,0,0,0,1,auto,unused,120,600,1,0,0,../../../../../scripts/standard_camera.csv,10,0,0,60,0,captures,1,60,1920,1080,0,0,64,0.5,1,0,0,-3,0,0,0,0.1,1000,0.785,1,64,1,0,0,-1,1,1,0.5,128,1,1,256,1,100,total,0.39038,visibility,0.04139,visutil_histogram,0.02487,visutil_prefix,0.00206,visutil_flatten,0.03424,gbuffer,0.13819,lighting,0.08818,tonemap,0.02936,,0.00000,,0.00000,,0.00000,,0.00000,,0.00000,,0.00000,,0.00000,,0.00000,,0.00000,,0.00000,,0.00000,,0.00000,,0.00000,,0.00000,,0.00000,,0.00000,,0.00000,,0.00000,,0.00000,,0.00000,,0.00000,,0.00000,,0.00000,,0.00000,DonutVisGBuffer,2026-07-30T01:35:05,free,0.38166,0.39037,0.51946,0.39038,0.38451,0.38662,0.39283,0.39898,16641,0,128,100,9,2,0,81,0,0,0,1,auto,unused,120,600,0,0,../../../../../scripts/standard_camera.csv,10,0,0,60,0,1,60,1920,1080,0,0,64,0.5,1.0,128,0.0,0.0,-3.0,0.0,0.0,0.0,0.1,1000.0,0.785,1,64,1,0,0,-1.0,1.0,1.0,0.5,1,1,256,1,100,07_synth_material_class_matrix,0,81,0,success,0,,"Scene CPU cache disabled; rebuilding source scene.
Log saved to: C:\Users\mkkim\myfolder\mydev1\VisibilityBufferInfo\out\build\x64-Release\bin\Release\logs\log_2026-07-30_01-35-08.txt",,
82,07_synth_material_class_matrix,C:\Users\mkkim\AppData\Local\Temp\tvbperf_ny7670fu\run_00082.csv,8,2,0,82,0,0,0,1,auto,unused,120,600,1,0,0,../../../../../scripts/standard_camera.csv,10,0,0,60,0,captures,1,60,1920,1080,1,0,64,0.5,1,0,0,-3,0,0,0,0.1,1000,0.785,1,64,1,0,0,-1,1,1,0.5,128,1,1,256,1,100,total,0.27758,depth_prepass,0.02170,geometry,0.12772,lighting,0.08544,tonemap,0.02975,,0.00000,,0.00000,,0.00000,,0.00000,,0.00000,,0.00000,,0.00000,,0.00000,,0.00000,,0.00000,,0.00000,,0.00000,,0.00000,,0.00000,,0.00000,,0.00000,,0.00000,,0.00000,,0.00000,,0.00000,,0.00000,,0.00000,,0.00000,,0.00000,,0.00000,,0.00000,,0.00000,DonutDeferredPrepass,2026-07-30T01:35:08,free,0.27542,0.27738,0.28582,0.27758,0.27574,0.27632,0.27878,0.28413,16641,0,128,100,8,2,0,82,0,0,0,1,auto,unused,120,600,0,0,../../../../../scripts/standard_camera.csv,10,0,0,60,0,1,60,1920,1080,1,0,64,0.5,1.0,128,0.0,0.0,-3.0,0.0,0.0,0.0,0.1,1000.0,0.785,1,64,1,0,0,-1.0,1.0,1.0,0.5,1,1,256,1,100,07_synth_material_class_matrix,0,82,0,success,0,,"Scene CPU cache disabled; rebuilding source scene.
Log saved to: C:\Users\mkkim\myfolder\mydev1\VisibilityBufferInfo\out\build\x64-Release\bin\Release\logs\log_2026-07-30_01-35-10.txt",,
83,07_synth_material_class_matrix,C:\Users\mkkim\AppData\Local\Temp\tvbperf_ny7670fu\run_00083.csv,9,2,0,83,0,0,0,1,auto,unused,120,600,1,0,0,../../../../../scripts/standard_camera.csv,10,0,0,60,0,captures,1,60,1920,1080,1,0,64,0.5,1,0,0,-3,0,0,0,0.1,1000,0.785,1,64,1,0,0,-1,1,1,0.5,128,1,1,256,1,100,total,0.39016,visibility,0.04143,visutil_histogram,0.02484,visutil_prefix,0.00206,visutil_flatten,0.03424,gbuffer,0.13793,lighting,0.08809,tonemap,0.02931,,0.00000,,0.00000,,0.00000,,0.00000,,0.00000,,0.00000,,0.00000,,0.00000,,0.00000,,0.00000,,0.00000,,0.00000,,0.00000,,0.00000,,0.00000,,0.00000,,0.00000,,0.00000,,0.00000,,0.00000,,0.00000,,0.00000,,0.00000,,0.00000,DonutVisGBuffer,2026-07-30T01:35:10,free,0.38208,0.39034,0.39875,0.39016,0.38454,0.38656,0.39280,0.39651,16641,0,128,100,9,2,0,83,0,0,0,1,auto,unused,120,600,0,0,../../../../../scripts/standard_camera.csv,10,0,0,60,0,1,60,1920,1080,1,0,64,0.5,1.0,128,0.0,0.0,-3.0,0.0,0.0,0.0,0.1,1000.0,0.785,1,64,1,0,0,-1.0,1.0,1.0,0.5,1,1,256,1,100,07_synth_material_class_matrix,0,83,0,success,0,,"Scene CPU cache disabled; rebuilding source scene.
Log saved to: C:\Users\mkkim\myfolder\mydev1\VisibilityBufferInfo\out\build\x64-Release\bin\Release\logs\log_2026-07-30_01-35-13.txt",,
84,07_synth_material_class_matrix,C:\Users\mkkim\AppData\Local\Temp\tvbperf_ny7670fu\run_00084.csv,8,2,0,84,0,0,0,1,auto,unused,120,600,1,0,0,../../../../../scripts/standard_camera.csv,10,0,0,60,0,captures,1,60,1920,1080,0,0,1,0.5,1,0,0,-3,0,0,0,0.1,1000,0.785,1,128,1,0,0,-1,1,1,0.5,128,1,1,256,1,100,total,0.27818,depth_prepass,0.02131,geometry,0.12858,lighting,0.08553,tonemap,0.02974,,0.00000,,0.00000,,0.00000,,0.00000,,0.00000,,0.00000,,0.00000,,0.00000,,0.00000,,0.00000,,0.00000,,0.00000,,0.00000,,0.00000,,0.00000,,0.00000,,0.00000,,0.00000,,0.00000,,0.00000,,0.00000,,0.00000,,0.00000,,0.00000,,0.00000,,0.00000,,0.00000,DonutDeferredPrepass,2026-07-30T01:35:13,free,0.27590,0.27811,0.28714,0.27818,0.27629,0.27696,0.27926,0.28442,16641,0,128,100,8,2,0,84,0,0,0,1,auto,unused,120,600,0,0,../../../../../scripts/standard_camera.csv,10,0,0,60,0,1,60,1920,1080,0,0,1,0.5,1.0,128,0.0,0.0,-3.0,0.0,0.0,0.0,0.1,1000.0,0.785,1,128,1,0,0,-1.0,1.0,1.0,0.5,1,1,256,1,100,07_synth_material_class_matrix,0,84,0,success,0,,"Scene CPU cache disabled; rebuilding source scene.
Log saved to: C:\Users\mkkim\myfolder\mydev1\VisibilityBufferInfo\out\build\x64-Release\bin\Release\logs\log_2026-07-30_01-35-14.txt",,
85,07_synth_material_class_matrix,C:\Users\mkkim\AppData\Local\Temp\tvbperf_ny7670fu\run_00085.csv,9,2,0,85,0,0,0,1,auto,unused,120,600,1,0,0,../../../../../scripts/standard_camera.csv,10,0,0,60,0,captures,1,60,1920,1080,0,0,1,0.5,1,0,0,-3,0,0,0,0.1,1000,0.785,1,128,1,0,0,-1,1,1,0.5,128,1,1,256,1,100,total,0.33792,visibility,0.04137,visutil_histogram,0.02449,visutil_prefix,0.00215,visutil_flatten,0.03253,gbuffer,0.08566,lighting,0.09092,tonemap,0.02965,,0.00000,,0.00000,,0.00000,,0.00000,,0.00000,,0.00000,,0.00000,,0.00000,,0.00000,,0.00000,,0.00000,,0.00000,,0.00000,,0.00000,,0.00000,,0.00000,,0.00000,,0.00000,,0.00000,,0.00000,,0.00000,,0.00000,,0.00000,,0.00000,DonutVisGBuffer,2026-07-30T01:35:14,free,0.33408,0.33763,0.34544,0.33792,0.33469,0.33584,0.33974,0.34406,16641,0,128,100,9,2,0,85,0,0,0,1,auto,unused,120,600,0,0,../../../../../scripts/standard_camera.csv,10,0,0,60,0,1,60,1920,1080,0,0,1,0.5,1.0,128,0.0,0.0,-3.0,0.0,0.0,0.0,0.1,1000.0,0.785,1,128,1,0,0,-1.0,1.0,1.0,0.5,1,1,256,1,100,07_synth_material_class_matrix,0,85,0,success,0,,"Scene CPU cache disabled; rebuilding source scene.
Log saved to: C:\Users\mkkim\myfolder\mydev1\VisibilityBufferInfo\out\build\x64-Release\bin\Release\logs\log_2026-07-30_01-35-16.txt",,
86,07_synth_material_class_matrix,C:\Users\mkkim\AppData\Local\Temp\tvbperf_ny7670fu\run_00086.csv,8,2,0,86,0,0,0,1,auto,unused,120,600,1,0,0,../../../../../scripts/standard_camera.csv,10,0,0,60,0,captures,1,60,1920,1080,1,0,1,0.5,1,0,0,-3,0,0,0,0.1,1000,0.785,1,128,1,0,0,-1,1,1,0.5,128,1,1,256,1,100,total,0.27809,depth_prepass,0.02117,geometry,0.12867,lighting,0.08546,tonemap,0.02982,,0.00000,,0.00000,,0.00000,,0.00000,,0.00000,,0.00000,,0.00000,,0.00000,,0.00000,,0.00000,,0.00000,,0.00000,,0.00000,,0.00000,,0.00000,,0.00000,,0.00000,,0.00000,,0.00000,,0.00000,,0.00000,,0.00000,,0.00000,,0.00000,,0.00000,,0.00000,,0.00000,DonutDeferredPrepass,2026-07-30T01:35:16,free,0.27558,0.27798,0.28573,0.27809,0.27616,0.27677,0.27910,0.28522,16641,0,128,100,8,2,0,86,0,0,0,1,auto,unused,120,600,0,0,../../../../../scripts/standard_camera.csv,10,0,0,60,0,1,60,1920,1080,1,0,1,0.5,1.0,128,0.0,0.0,-3.0,0.0,0.0,0.0,0.1,1000.0,0.785,1,128,1,0,0,-1.0,1.0,1.0,0.5,1,1,256,1,100,07_synth_material_class_matrix,0,86,0,success,0,,"Scene CPU cache disabled; rebuilding source scene.
Log saved to: C:\Users\mkkim\myfolder\mydev1\VisibilityBufferInfo\out\build\x64-Release\bin\Release\logs\log_2026-07-30_01-35-17.txt",,
87,07_synth_material_class_matrix,C:\Users\mkkim\AppData\Local\Temp\tvbperf_ny7670fu\run_00087.csv,9,2,0,87,0,0,0,1,auto,unused,120,600,1,0,0,../../../../../scripts/standard_camera.csv,10,0,0,60,0,captures,1,60,1920,1080,1,0,1,0.5,1,0,0,-3,0,0,0,0.1,1000,0.785,1,128,1,0,0,-1,1,1,0.5,128,1,1,256,1,100,total,0.33790,visibility,0.04139,visutil_histogram,0.02435,visutil_prefix,0.00215,visutil_flatten,0.03254,gbuffer,0.08578,lighting,0.09094,tonemap,0.02971,,0.00000,,0.00000,,0.00000,,0.00000,,0.00000,,0.00000,,0.00000,,0.00000,,0.00000,,0.00000,,0.00000,,0.00000,,0.00000,,0.00000,,0.00000,,0.00000,,0.00000,,0.00000,,0.00000,,0.00000,,0.00000,,0.00000,,0.00000,,0.00000,DonutVisGBuffer,2026-07-30T01:35:17,free,0.33408,0.33763,0.34595,0.33790,0.33501,0.33626,0.33971,0.34525,16641,0,128,100,9,2,0,87,0,0,0,1,auto,unused,120,600,0,0,../../../../../scripts/standard_camera.csv,10,0,0,60,0,1,60,1920,1080,1,0,1,0.5,1.0,128,0.0,0.0,-3.0,0.0,0.0,0.0,0.1,1000.0,0.785,1,128,1,0,0,-1.0,1.0,1.0,0.5,1,1,256,1,100,07_synth_material_class_matrix,0,87,0,success,0,,"Scene CPU cache disabled; rebuilding source scene.
Log saved to: C:\Users\mkkim\myfolder\mydev1\VisibilityBufferInfo\out\build\x64-Release\bin\Release\logs\log_2026-07-30_01-35-19.txt",,
88,07_synth_material_class_matrix,C:\Users\mkkim\AppData\Local\Temp\tvbperf_ny7670fu\run_00088.csv,8,2,0,88,0,0,0,1,auto,unused,120,600,1,0,0,../../../../../scripts/standard_camera.csv,10,0,0,60,0,captures,1,60,1920,1080,0,0,2,0.5,1,0,0,-3,0,0,0,0.1,1000,0.785,1,128,1,0,0,-1,1,1,0.5,128,1,1,256,1,100,total,0.27805,depth_prepass,0.02118,geometry,0.12865,lighting,0.08546,tonemap,0.02975,,0.00000,,0.00000,,0.00000,,0.00000,,0.00000,,0.00000,,0.00000,,0.00000,,0.00000,,0.00000,,0.00000,,0.00000,,0.00000,,0.00000,,0.00000,,0.00000,,0.00000,,0.00000,,0.00000,,0.00000,,0.00000,,0.00000,,0.00000,,0.00000,,0.00000,,0.00000,,0.00000,DonutDeferredPrepass,2026-07-30T01:35:19,free,0.27600,0.27795,0.28634,0.27805,0.27670,0.27722,0.27872,0.28467,16641,0,128,100,8,2,0,88,0,0,0,1,auto,unused,120,600,0,0,../../../../../scripts/standard_camera.csv,10,0,0,60,0,1,60,1920,1080,0,0,2,0.5,1.0,128,0.0,0.0,-3.0,0.0,0.0,0.0,0.1,1000.0,0.785,1,128,1,0,0,-1.0,1.0,1.0,0.5,1,1,256,1,100,07_synth_material_class_matrix,0,88,0,success,0,,"Scene CPU cache disabled; rebuilding source scene.
Log saved to: C:\Users\mkkim\myfolder\mydev1\VisibilityBufferInfo\out\build\x64-Release\bin\Release\logs\log_2026-07-30_01-35-21.txt",,
89,07_synth_material_class_matrix,C:\Users\mkkim\AppData\Local\Temp\tvbperf_ny7670fu\run_00089.csv,9,2,0,89,0,0,0,1,auto,unused,120,600,1,0,0,../../../../../scripts/standard_camera.csv,10,0,0,60,0,captures,1,60,1920,1080,0,0,2,0.5,1,0,0,-3,0,0,0,0.1,1000,0.785,1,128,1,0,0,-1,1,1,0.5,128,1,1,256,1,100,total,0.34838,visibility,0.04147,visutil_histogram,0.02552,visutil_prefix,0.00215,visutil_flatten,0.03440,gbuffer,0.09357,lighting,0.09003,tonemap,0.02958,,0.00000,,0.00000,,0.00000,,0.00000,,0.00000,,0.00000,,0.00000,,0.00000,,0.00000,,0.00000,,0.00000,,0.00000,,0.00000,,0.00000,,0.00000,,0.00000,,0.00000,,0.00000,,0.00000,,0.00000,,0.00000,,0.00000,,0.00000,,0.00000,DonutVisGBuffer,2026-07-30T01:35:21,free,0.34499,0.34781,0.35802,0.34838,0.34563,0.34691,0.34992,0.35494,16641,0,128,100,9,2,0,89,0,0,0,1,auto,unused,120,600,0,0,../../../../../scripts/standard_camera.csv,10,0,0,60,0,1,60,1920,1080,0,0,2,0.5,1.0,128,0.0,0.0,-3.0,0.0,0.0,0.0,0.1,1000.0,0.785,1,128,1,0,0,-1.0,1.0,1.0,0.5,1,1,256,1,100,07_synth_material_class_matrix,0,89,0,success,0,,"Scene CPU cache disabled; rebuilding source scene.
Log saved to: C:\Users\mkkim\myfolder\mydev1\VisibilityBufferInfo\out\build\x64-Release\bin\Release\logs\log_2026-07-30_01-35-23.txt",,
90,07_synth_material_class_matrix,C:\Users\mkkim\AppData\Local\Temp\tvbperf_ny7670fu\run_00090.csv,8,2,0,90,0,0,0,1,auto,unused,120,600,1,0,0,../../../../../scripts/standard_camera.csv,10,0,0,60,0,captures,1,60,1920,1080,1,0,2,0.5,1,0,0,-3,0,0,0,0.1,1000,0.785,1,128,1,0,0,-1,1,1,0.5,128,1,1,256,1,100,total,0.27844,depth_prepass,0.02112,geometry,0.12879,lighting,0.08547,tonemap,0.02975,,0.00000,,0.00000,,0.00000,,0.00000,,0.00000,,0.00000,,0.00000,,0.00000,,0.00000,,0.00000,,0.00000,,0.00000,,0.00000,,0.00000,,0.00000,,0.00000,,0.00000,,0.00000,,0.00000,,0.00000,,0.00000,,0.00000,,0.00000,,0.00000,,0.00000,,0.00000,,0.00000,DonutDeferredPrepass,2026-07-30T01:35:23,free,0.27677,0.27811,0.39920,0.27844,0.27706,0.27754,0.27885,0.28477,16641,0,128,100,8,2,0,90,0,0,0,1,auto,unused,120,600,0,0,../../../../../scripts/standard_camera.csv,10,0,0,60,0,1,60,1920,1080,1,0,2,0.5,1.0,128,0.0,0.0,-3.0,0.0,0.0,0.0,0.1,1000.0,0.785,1,128,1,0,0,-1.0,1.0,1.0,0.5,1,1,256,1,100,07_synth_material_class_matrix,0,90,0,success,0,,"Scene CPU cache disabled; rebuilding source scene.
Log saved to: C:\Users\mkkim\myfolder\mydev1\VisibilityBufferInfo\out\build\x64-Release\bin\Release\logs\log_2026-07-30_01-35-24.txt",,
91,07_synth_material_class_matrix,C:\Users\mkkim\AppData\Local\Temp\tvbperf_ny7670fu\run_00091.csv,9,2,0,91,0,0,0,1,auto,unused,120,600,1,0,0,../../../../../scripts/standard_camera.csv,10,0,0,60,0,captures,1,60,1920,1080,1,0,2,0.5,1,0,0,-3,0,0,0,0.1,1000,0.785,1,128,1,0,0,-1,1,1,0.5,128,1,1,256,1,100,total,0.34894,visibility,0.04142,visutil_histogram,0.02547,visutil_prefix,0.00215,visutil_flatten,0.03441,gbuffer,0.09395,lighting,0.08995,tonemap,0.02952,,0.00000,,0.00000,,0.00000,,0.00000,,0.00000,,0.00000,,0.00000,,0.00000,,0.00000,,0.00000,,0.00000,,0.00000,,0.00000,,0.00000,,0.00000,,0.00000,,0.00000,,0.00000,,0.00000,,0.00000,,0.00000,,0.00000,,0.00000,,0.00000,DonutVisGBuffer,2026-07-30T01:35:24,free,0.34509,0.34826,0.47459,0.34894,0.34650,0.34733,0.35005,0.35552,16641,0,128,100,9,2,0,91,0,0,0,1,auto,unused,120,600,0,0,../../../../../scripts/standard_camera.csv,10,0,0,60,0,1,60,1920,1080,1,0,2,0.5,1.0,128,0.0,0.0,-3.0,0.0,0.0,0.0,0.1,1000.0,0.785,1,128,1,0,0,-1.0,1.0,1.0,0.5,1,1,256,1,100,07_synth_material_class_matrix,0,91,0,success,0,,"Scene CPU cache disabled; rebuilding source scene.
Log saved to: C:\Users\mkkim\myfolder\mydev1\VisibilityBufferInfo\out\build\x64-Release\bin\Release\logs\log_2026-07-30_01-35-26.txt",,
92,07_synth_material_class_matrix,C:\Users\mkkim\AppData\Local\Temp\tvbperf_ny7670fu\run_00092.csv,8,2,0,92,0,0,0,1,auto,unused,120,600,1,0,0,../../../../../scripts/standard_camera.csv,10,0,0,60,0,captures,1,60,1920,1080,0,0,4,0.5,1,0,0,-3,0,0,0,0.1,1000,0.785,1,128,1,0,0,-1,1,1,0.5,128,1,1,256,1,100,total,0.27686,depth_prepass,0.02117,geometry,0.12751,lighting,0.08546,tonemap,0.02977,,0.00000,,0.00000,,0.00000,,0.00000,,0.00000,,0.00000,,0.00000,,0.00000,,0.00000,,0.00000,,0.00000,,0.00000,,0.00000,,0.00000,,0.00000,,0.00000,,0.00000,,0.00000,,0.00000,,0.00000,,0.00000,,0.00000,,0.00000,,0.00000,,0.00000,,0.00000,,0.00000,DonutDeferredPrepass,2026-07-30T01:35:27,free,0.27520,0.27670,0.28486,0.27686,0.27574,0.27616,0.27738,0.28378,16641,0,128,100,8,2,0,92,0,0,0,1,auto,unused,120,600,0,0,../../../../../scripts/standard_camera.csv,10,0,0,60,0,1,60,1920,1080,0,0,4,0.5,1.0,128,0.0,0.0,-3.0,0.0,0.0,0.0,0.1,1000.0,0.785,1,128,1,0,0,-1.0,1.0,1.0,0.5,1,1,256,1,100,07_synth_material_class_matrix,0,92,0,success,0,,"Scene CPU cache disabled; rebuilding source scene.
Log saved to: C:\Users\mkkim\myfolder\mydev1\VisibilityBufferInfo\out\build\x64-Release\bin\Release\logs\log_2026-07-30_01-35-28.txt",,
93,07_synth_material_class_matrix,C:\Users\mkkim\AppData\Local\Temp\tvbperf_ny7670fu\run_00093.csv,9,2,0,93,0,0,0,1,auto,unused,120,600,1,0,0,../../../../../scripts/standard_camera.csv,10,0,0,60,0,captures,1,60,1920,1080,0,0,4,0.5,1,0,0,-3,0,0,0,0.1,1000,0.785,1,128,1,0,0,-1,1,1,0.5,128,1,1,256,1,100,total,0.35282,visibility,0.04138,visutil_histogram,0.02569,visutil_prefix,0.00215,visutil_flatten,0.03478,gbuffer,0.09701,lighting,0.08969,tonemap,0.02947,,0.00000,,0.00000,,0.00000,,0.00000,,0.00000,,0.00000,,0.00000,,0.00000,,0.00000,,0.00000,,0.00000,,0.00000,,0.00000,,0.00000,,0.00000,,0.00000,,0.00000,,0.00000,,0.00000,,0.00000,,0.00000,,0.00000,,0.00000,,0.00000,DonutVisGBuffer,2026-07-30T01:35:28,free,0.34845,0.35312,0.36195,0.35282,0.34906,0.35072,0.35504,0.35974,16641,0,128,100,9,2,0,93,0,0,0,1,auto,unused,120,600,0,0,../../../../../scripts/standard_camera.csv,10,0,0,60,0,1,60,1920,1080,0,0,4,0.5,1.0,128,0.0,0.0,-3.0,0.0,0.0,0.0,0.1,1000.0,0.785,1,128,1,0,0,-1.0,1.0,1.0,0.5,1,1,256,1,100,07_synth_material_class_matrix,0,93,0,success,0,,"Scene CPU cache disabled; rebuilding source scene.
Log saved to: C:\Users\mkkim\myfolder\mydev1\VisibilityBufferInfo\out\build\x64-Release\bin\Release\logs\log_2026-07-30_01-35-30.txt",,
94,07_synth_material_class_matrix,C:\Users\mkkim\AppData\Local\Temp\tvbperf_ny7670fu\run_00094.csv,8,2,0,94,0,0,0,1,auto,unused,120,600,1,0,0,../../../../../scripts/standard_camera.csv,10,0,0,60,0,captures,1,60,1920,1080,1,0,4,0.5,1,0,0,-3,0,0,0,0.1,1000,0.785,1,128,1,0,0,-1,1,1,0.5,128,1,1,256,1,100,total,0.27732,depth_prepass,0.02109,geometry,0.12774,lighting,0.08569,tonemap,0.02981,,0.00000,,0.00000,,0.00000,,0.00000,,0.00000,,0.00000,,0.00000,,0.00000,,0.00000,,0.00000,,0.00000,,0.00000,,0.00000,,0.00000,,0.00000,,0.00000,,0.00000,,0.00000,,0.00000,,0.00000,,0.00000,,0.00000,,0.00000,,0.00000,,0.00000,,0.00000,,0.00000,DonutDeferredPrepass,2026-07-30T01:35:30,free,0.27520,0.27696,0.40042,0.27732,0.27562,0.27629,0.27773,0.28422,16641,0,128,100,8,2,0,94,0,0,0,1,auto,unused,120,600,0,0,../../../../../scripts/standard_camera.csv,10,0,0,60,0,1,60,1920,1080,1,0,4,0.5,1.0,128,0.0,0.0,-3.0,0.0,0.0,0.0,0.1,1000.0,0.785,1,128,1,0,0,-1.0,1.0,1.0,0.5,1,1,256,1,100,07_synth_material_class_matrix,0,94,0,success,0,,"Scene CPU cache disabled; rebuilding source scene.
Log saved to: C:\Users\mkkim\myfolder\mydev1\VisibilityBufferInfo\out\build\x64-Release\bin\Release\logs\log_2026-07-30_01-35-32.txt",,
95,07_synth_material_class_matrix,C:\Users\mkkim\AppData\Local\Temp\tvbperf_ny7670fu\run_00095.csv,9,2,0,95,0,0,0,1,auto,unused,120,600,1,0,0,../../../../../scripts/standard_camera.csv,10,0,0,60,0,captures,1,60,1920,1080,1,0,4,0.5,1,0,0,-3,0,0,0,0.1,1000,0.785,1,128,1,0,0,-1,1,1,0.5,128,1,1,256,1,100,total,0.35171,visibility,0.04140,visutil_histogram,0.02573,visutil_prefix,0.00215,visutil_flatten,0.03478,gbuffer,0.09652,lighting,0.08980,tonemap,0.02905,,0.00000,,0.00000,,0.00000,,0.00000,,0.00000,,0.00000,,0.00000,,0.00000,,0.00000,,0.00000,,0.00000,,0.00000,,0.00000,,0.00000,,0.00000,,0.00000,,0.00000,,0.00000,,0.00000,,0.00000,,0.00000,,0.00000,,0.00000,,0.00000,DonutVisGBuffer,2026-07-30T01:35:32,free,0.34675,0.35139,0.36166,0.35171,0.34813,0.34909,0.35360,0.35872,16641,0,128,100,9,2,0,95,0,0,0,1,auto,unused,120,600,0,0,../../../../../scripts/standard_camera.csv,10,0,0,60,0,1,60,1920,1080,1,0,4,0.5,1.0,128,0.0,0.0,-3.0,0.0,0.0,0.0,0.1,1000.0,0.785,1,128,1,0,0,-1.0,1.0,1.0,0.5,1,1,256,1,100,07_synth_material_class_matrix,0,95,0,success,0,,"Scene CPU cache disabled; rebuilding source scene.
Log saved to: C:\Users\mkkim\myfolder\mydev1\VisibilityBufferInfo\out\build\x64-Release\bin\Release\logs\log_2026-07-30_01-35-34.txt",,
96,07_synth_material_class_matrix,C:\Users\mkkim\AppData\Local\Temp\tvbperf_ny7670fu\run_00096.csv,8,2,0,96,0,0,0,1,auto,unused,120,600,1,0,0,../../../../../scripts/standard_camera.csv,10,0,0,60,0,captures,1,60,1920,1080,0,0,8,0.5,1,0,0,-3,0,0,0,0.1,1000,0.785,1,128,1,0,0,-1,1,1,0.5,128,1,1,256,1,100,total,0.27704,depth_prepass,0.02124,geometry,0.12747,lighting,0.08554,tonemap,0.02979,,0.00000,,0.00000,,0.00000,,0.00000,,0.00000,,0.00000,,0.00000,,0.00000,,0.00000,,0.00000,,0.00000,,0.00000,,0.00000,,0.00000,,0.00000,,0.00000,,0.00000,,0.00000,,0.00000,,0.00000,,0.00000,,0.00000,,0.00000,,0.00000,,0.00000,,0.00000,,0.00000,DonutDeferredPrepass,2026-07-30T01:35:34,free,0.27472,0.27680,0.28547,0.27704,0.27526,0.27597,0.27821,0.28368,16641,0,128,100,8,2,0,96,0,0,0,1,auto,unused,120,600,0,0,../../../../../scripts/standard_camera.csv,10,0,0,60,0,1,60,1920,1080,0,0,8,0.5,1.0,128,0.0,0.0,-3.0,0.0,0.0,0.0,0.1,1000.0,0.785,1,128,1,0,0,-1.0,1.0,1.0,0.5,1,1,256,1,100,07_synth_material_class_matrix,0,96,0,success,0,,"Scene CPU cache disabled; rebuilding source scene.
Log saved to: C:\Users\mkkim\myfolder\mydev1\VisibilityBufferInfo\out\build\x64-Release\bin\Release\logs\log_2026-07-30_01-35-35.txt",,
97,07_synth_material_class_matrix,C:\Users\mkkim\AppData\Local\Temp\tvbperf_ny7670fu\run_00097.csv,9,2,0,97,0,0,0,1,auto,unused,120,600,1,0,0,../../../../../scripts/standard_camera.csv,10,0,0,60,0,captures,1,60,1920,1080,0,0,8,0.5,1,0,0,-3,0,0,0,0.1,1000,0.785,1,128,1,0,0,-1,1,1,0.5,128,1,1,256,1,100,total,0.35377,visibility,0.04136,visutil_histogram,0.02567,visutil_prefix,0.00216,visutil_flatten,0.03502,gbuffer,0.09739,lighting,0.08981,tonemap,0.02911,,0.00000,,0.00000,,0.00000,,0.00000,,0.00000,,0.00000,,0.00000,,0.00000,,0.00000,,0.00000,,0.00000,,0.00000,,0.00000,,0.00000,,0.00000,,0.00000,,0.00000,,0.00000,,0.00000,,0.00000,,0.00000,,0.00000,,0.00000,,0.00000,DonutVisGBuffer,2026-07-30T01:35:36,free,0.34902,0.35341,0.47382,0.35377,0.35043,0.35136,0.35555,0.35958,16641,0,128,100,9,2,0,97,0,0,0,1,auto,unused,120,600,0,0,../../../../../scripts/standard_camera.csv,10,0,0,60,0,1,60,1920,1080,0,0,8,0.5,1.0,128,0.0,0.0,-3.0,0.0,0.0,0.0,0.1,1000.0,0.785,1,128,1,0,0,-1.0,1.0,1.0,0.5,1,1,256,1,100,07_synth_material_class_matrix,0,97,0,success,0,,"Scene CPU cache disabled; rebuilding source scene.
Log saved to: C:\Users\mkkim\myfolder\mydev1\VisibilityBufferInfo\out\build\x64-Release\bin\Release\logs\log_2026-07-30_01-35-38.txt",,
98,07_synth_material_class_matrix,C:\Users\mkkim\AppData\Local\Temp\tvbperf_ny7670fu\run_00098.csv,8,2,0,98,0,0,0,1,auto,unused,120,600,1,0,0,../../../../../scripts/standard_camera.csv,10,0,0,60,0,captures,1,60,1920,1080,1,0,8,0.5,1,0,0,-3,0,0,0,0.1,1000,0.785,1,128,1,0,0,-1,1,1,0.5,128,1,1,256,1,100,total,0.27681,depth_prepass,0.02106,geometry,0.12770,lighting,0.08550,tonemap,0.02964,,0.00000,,0.00000,,0.00000,,0.00000,,0.00000,,0.00000,,0.00000,,0.00000,,0.00000,,0.00000,,0.00000,,0.00000,,0.00000,,0.00000,,0.00000,,0.00000,,0.00000,,0.00000,,0.00000,,0.00000,,0.00000,,0.00000,,0.00000,,0.00000,,0.00000,,0.00000,,0.00000,DonutDeferredPrepass,2026-07-30T01:35:38,free,0.27472,0.27664,0.29664,0.27681,0.27491,0.27571,0.27770,0.28413,16641,0,128,100,8,2,0,98,0,0,0,1,auto,unused,120,600,0,0,../../../../../scripts/standard_camera.csv,10,0,0,60,0,1,60,1920,1080,1,0,8,0.5,1.0,128,0.0,0.0,-3.0,0.0,0.0,0.0,0.1,1000.0,0.785,1,128,1,0,0,-1.0,1.0,1.0,0.5,1,1,256,1,100,07_synth_material_class_matrix,0,98,0,success,0,,"Scene CPU cache disabled; rebuilding source scene.
Log saved to: C:\Users\mkkim\myfolder\mydev1\VisibilityBufferInfo\out\build\x64-Release\bin\Release\logs\log_2026-07-30_01-35-39.txt",,
99,07_synth_material_class_matrix,C:\Users\mkkim\AppData\Local\Temp\tvbperf_ny7670fu\run_00099.csv,9,2,0,99,0,0,0,1,auto,unused,120,600,1,0,0,../../../../../scripts/standard_camera.csv,10,0,0,60,0,captures,1,60,1920,1080,1,0,8,0.5,1,0,0,-3,0,0,0,0.1,1000,0.785,1,128,1,0,0,-1,1,1,0.5,128,1,1,256,1,100,total,0.35369,visibility,0.04141,visutil_histogram,0.02553,visutil_prefix,0.00216,visutil_flatten,0.03502,gbuffer,0.09748,lighting,0.08980,tonemap,0.02933,,0.00000,,0.00000,,0.00000,,0.00000,,0.00000,,0.00000,,0.00000,,0.00000,,0.00000,,0.00000,,0.00000,,0.00000,,0.00000,,0.00000,,0.00000,,0.00000,,0.00000,,0.00000,,0.00000,,0.00000,,0.00000,,0.00000,,0.00000,,0.00000,DonutVisGBuffer,2026-07-30T01:35:39,free,0.34960,0.35354,0.36467,0.35369,0.35062,0.35152,0.35578,0.36022,16641,0,128,100,9,2,0,99,0,0,0,1,auto,unused,120,600,0,0,../../../../../scripts/standard_camera.csv,10,0,0,60,0,1,60,1920,1080,1,0,8,0.5,1.0,128,0.0,0.0,-3.0,0.0,0.0,0.0,0.1,1000.0,0.785,1,128,1,0,0,-1.0,1.0,1.0,0.5,1,1,256,1,100,07_synth_material_class_matrix,0,99,0,success,0,,"Scene CPU cache disabled; rebuilding source scene.
Log saved to: C:\Users\mkkim\myfolder\mydev1\VisibilityBufferInfo\out\build\x64-Release\bin\Release\logs\log_2026-07-30_01-35-42.txt",,
100,07_synth_material_class_matrix,C:\Users\mkkim\AppData\Local\Temp\tvbperf_ny7670fu\run_00100.csv,8,2,0,100,0,0,0,1,auto,unused,120,600,1,0,0,../../../../../scripts/standard_camera.csv,10,0,0,60,0,captures,1,60,1920,1080,0,0,16,0.5,1,0,0,-3,0,0,0,0.1,1000,0.785,1,128,1,0,0,-1,1,1,0.5,128,1,1,256,1,100,total,0.27681,depth_prepass,0.02115,geometry,0.12748,lighting,0.08549,tonemap,0.02976,,0.00000,,0.00000,,0.00000,,0.00000,,0.00000,,0.00000,,0.00000,,0.00000,,0.00000,,0.00000,,0.00000,,0.00000,,0.00000,,0.00000,,0.00000,,0.00000,,0.00000,,0.00000,,0.00000,,0.00000,,0.00000,,0.00000,,0.00000,,0.00000,,0.00000,,0.00000,,0.00000,DonutDeferredPrepass,2026-07-30T01:35:42,free,0.27446,0.27664,0.28413,0.27681,0.27517,0.27581,0.27776,0.28298,16641,0,128,100,8,2,0,100,0,0,0,1,auto,unused,120,600,0,0,../../../../../scripts/standard_camera.csv,10,0,0,60,0,1,60,1920,1080,0,0,16,0.5,1.0,128,0.0,0.0,-3.0,0.0,0.0,0.0,0.1,1000.0,0.785,1,128,1,0,0,-1.0,1.0,1.0,0.5,1,1,256,1,100,07_synth_material_class_matrix,0,100,0,success,0,,"Scene CPU cache disabled; rebuilding source scene.
Log saved to: C:\Users\mkkim\myfolder\mydev1\VisibilityBufferInfo\out\build\x64-Release\bin\Release\logs\log_2026-07-30_01-35-43.txt",,
101,07_synth_material_class_matrix,C:\Users\mkkim\AppData\Local\Temp\tvbperf_ny7670fu\run_00101.csv,9,2,0,101,0,0,0,1,auto,unused,120,600,1,0,0,../../../../../scripts/standard_camera.csv,10,0,0,60,0,captures,1,60,1920,1080,0,0,16,0.5,1,0,0,-3,0,0,0,0.1,1000,0.785,1,128,1,0,0,-1,1,1,0.5,128,1,1,256,1,100,total,0.35737,visibility,0.04137,visutil_histogram,0.02558,visutil_prefix,0.00215,visutil_flatten,0.03509,gbuffer,0.10144,lighting,0.08951,tonemap,0.02944,,0.00000,,0.00000,,0.00000,,0.00000,,0.00000,,0.00000,,0.00000,,0.00000,,0.00000,,0.00000,,0.00000,,0.00000,,0.00000,,0.00000,,0.00000,,0.00000,,0.00000,,0.00000,,0.00000,,0.00000,,0.00000,,0.00000,,0.00000,,0.00000,DonutVisGBuffer,2026-07-30T01:35:43,free,0.35242,0.35741,0.36851,0.35737,0.35379,0.35526,0.35981,0.36406,16641,0,128,100,9,2,0,101,0,0,0,1,auto,unused,120,600,0,0,../../../../../scripts/standard_camera.csv,10,0,0,60,0,1,60,1920,1080,0,0,16,0.5,1.0,128,0.0,0.0,-3.0,0.0,0.0,0.0,0.1,1000.0,0.785,1,128,1,0,0,-1.0,1.0,1.0,0.5,1,1,256,1,100,07_synth_material_class_matrix,0,101,0,success,0,,"Scene CPU cache disabled; rebuilding source scene.
Log saved to: C:\Users\mkkim\myfolder\mydev1\VisibilityBufferInfo\out\build\x64-Release\bin\Release\logs\log_2026-07-30_01-35-45.txt",,
102,07_synth_material_class_matrix,C:\Users\mkkim\AppData\Local\Temp\tvbperf_ny7670fu\run_00102.csv,8,2,0,102,0,0,0,1,auto,unused,120,600,1,0,0,../../../../../scripts/standard_camera.csv,10,0,0,60,0,captures,1,60,1920,1080,1,0,16,0.5,1,0,0,-3,0,0,0,0.1,1000,0.785,1,128,1,0,0,-1,1,1,0.5,128,1,1,256,1,100,total,0.27734,depth_prepass,0.02166,geometry,0.12769,lighting,0.08549,tonemap,0.02954,,0.00000,,0.00000,,0.00000,,0.00000,,0.00000,,0.00000,,0.00000,,0.00000,,0.00000,,0.00000,,0.00000,,0.00000,,0.00000,,0.00000,,0.00000,,0.00000,,0.00000,,0.00000,,0.00000,,0.00000,,0.00000,,0.00000,,0.00000,,0.00000,,0.00000,,0.00000,,0.00000,DonutDeferredPrepass,2026-07-30T01:35:46,free,0.27498,0.27709,0.28557,0.27734,0.27533,0.27603,0.27856,0.28413,16641,0,128,100,8,2,0,102,0,0,0,1,auto,unused,120,600,0,0,../../../../../scripts/standard_camera.csv,10,0,0,60,0,1,60,1920,1080,1,0,16,0.5,1.0,128,0.0,0.0,-3.0,0.0,0.0,0.0,0.1,1000.0,0.785,1,128,1,0,0,-1.0,1.0,1.0,0.5,1,1,256,1,100,07_synth_material_class_matrix,0,102,0,success,0,,"Scene CPU cache disabled; rebuilding source scene.
Log saved to: C:\Users\mkkim\myfolder\mydev1\VisibilityBufferInfo\out\build\x64-Release\bin\Release\logs\log_2026-07-30_01-35-47.txt",,
103,07_synth_material_class_matrix,C:\Users\mkkim\AppData\Local\Temp\tvbperf_ny7670fu\run_00103.csv,9,2,0,103,0,0,0,1,auto,unused,120,600,1,0,0,../../../../../scripts/standard_camera.csv,10,0,0,60,0,captures,1,60,1920,1080,1,0,16,0.5,1,0,0,-3,0,0,0,0.1,1000,0.785,1,128,1,0,0,-1,1,1,0.5,128,1,1,256,1,100,total,0.35739,visibility,0.04142,visutil_histogram,0.02553,visutil_prefix,0.00215,visutil_flatten,0.03509,gbuffer,0.10129,lighting,0.08950,tonemap,0.02938,,0.00000,,0.00000,,0.00000,,0.00000,,0.00000,,0.00000,,0.00000,,0.00000,,0.00000,,0.00000,,0.00000,,0.00000,,0.00000,,0.00000,,0.00000,,0.00000,,0.00000,,0.00000,,0.00000,,0.00000,,0.00000,,0.00000,,0.00000,,0.00000,DonutVisGBuffer,2026-07-30T01:35:47,free,0.35280,0.35754,0.36829,0.35739,0.35379,0.35520,0.35981,0.36368,16641,0,128,100,9,2,0,103,0,0,0,1,auto,unused,120,600,0,0,../../../../../scripts/standard_camera.csv,10,0,0,60,0,1,60,1920,1080,1,0,16,0.5,1.0,128,0.0,0.0,-3.0,0.0,0.0,0.0,0.1,1000.0,0.785,1,128,1,0,0,-1.0,1.0,1.0,0.5,1,1,256,1,100,07_synth_material_class_matrix,0,103,0,success,0,,"Scene CPU cache disabled; rebuilding source scene.
Log saved to: C:\Users\mkkim\myfolder\mydev1\VisibilityBufferInfo\out\build\x64-Release\bin\Release\logs\log_2026-07-30_01-35-50.txt",,
104,07_synth_material_class_matrix,C:\Users\mkkim\AppData\Local\Temp\tvbperf_ny7670fu\run_00104.csv,8,2,0,104,0,0,0,1,auto,unused,120,600,1,0,0,../../../../../scripts/standard_camera.csv,10,0,0,60,0,captures,1,60,1920,1080,0,0,24,0.5,1,0,0,-3,0,0,0,0.1,1000,0.785,1,128,1,0,0,-1,1,1,0.5,128,1,1,256,1,100,total,0.27739,depth_prepass,0.02159,geometry,0.12747,lighting,0.08551,tonemap,0.02981,,0.00000,,0.00000,,0.00000,,0.00000,,0.00000,,0.00000,,0.00000,,0.00000,,0.00000,,0.00000,,0.00000,,0.00000,,0.00000,,0.00000,,0.00000,,0.00000,,0.00000,,0.00000,,0.00000,,0.00000,,0.00000,,0.00000,,0.00000,,0.00000,,0.00000,,0.00000,,0.00000,DonutDeferredPrepass,2026-07-30T01:35:50,free,0.27501,0.27725,0.28509,0.27739,0.27555,0.27616,0.27850,0.28464,16641,0,128,100,8,2,0,104,0,0,0,1,auto,unused,120,600,0,0,../../../../../scripts/standard_camera.csv,10,0,0,60,0,1,60,1920,1080,0,0,24,0.5,1.0,128,0.0,0.0,-3.0,0.0,0.0,0.0,0.1,1000.0,0.785,1,128,1,0,0,-1.0,1.0,1.0,0.5,1,1,256,1,100,07_synth_material_class_matrix,0,104,0,success,0,,"Scene CPU cache disabled; rebuilding source scene.
Log saved to: C:\Users\mkkim\myfolder\mydev1\VisibilityBufferInfo\out\build\x64-Release\bin\Release\logs\log_2026-07-30_01-35-51.txt",,
105,07_synth_material_class_matrix,C:\Users\mkkim\AppData\Local\Temp\tvbperf_ny7670fu\run_00105.csv,9,2,0,105,0,0,0,1,auto,unused,120,600,1,0,0,../../../../../scripts/standard_camera.csv,10,0,0,60,0,captures,1,60,1920,1080,0,0,24,0.5,1,0,0,-3,0,0,0,0.1,1000,0.785,1,128,1,0,0,-1,1,1,0.5,128,1,1,256,1,100,total,0.36154,visibility,0.04142,visutil_histogram,0.02557,visutil_prefix,0.00216,visutil_flatten,0.03513,gbuffer,0.10546,lighting,0.08959,tonemap,0.02936,,0.00000,,0.00000,,0.00000,,0.00000,,0.00000,,0.00000,,0.00000,,0.00000,,0.00000,,0.00000,,0.00000,,0.00000,,0.00000,,0.00000,,0.00000,,0.00000,,0.00000,,0.00000,,0.00000,,0.00000,,0.00000,,0.00000,,0.00000,,0.00000,DonutVisGBuffer,2026-07-30T01:35:52,free,0.35648,0.36150,0.52765,0.36154,0.35744,0.35933,0.36381,0.36970,16641,0,128,100,9,2,0,105,0,0,0,1,auto,unused,120,600,0,0,../../../../../scripts/standard_camera.csv,10,0,0,60,0,1,60,1920,1080,0,0,24,0.5,1.0,128,0.0,0.0,-3.0,0.0,0.0,0.0,0.1,1000.0,0.785,1,128,1,0,0,-1.0,1.0,1.0,0.5,1,1,256,1,100,07_synth_material_class_matrix,0,105,0,success,0,,"Scene CPU cache disabled; rebuilding source scene.
Log saved to: C:\Users\mkkim\myfolder\mydev1\VisibilityBufferInfo\out\build\x64-Release\bin\Release\logs\log_2026-07-30_01-35-54.txt",,
106,07_synth_material_class_matrix,C:\Users\mkkim\AppData\Local\Temp\tvbperf_ny7670fu\run_00106.csv,8,2,0,106,0,0,0,1,auto,unused,120,600,1,0,0,../../../../../scripts/standard_camera.csv,10,0,0,60,0,captures,1,60,1920,1080,1,0,24,0.5,1,0,0,-3,0,0,0,0.1,1000,0.785,1,128,1,0,0,-1,1,1,0.5,128,1,1,256,1,100,total,0.27769,depth_prepass,0.02166,geometry,0.12769,lighting,0.08549,tonemap,0.02987,,0.00000,,0.00000,,0.00000,,0.00000,,0.00000,,0.00000,,0.00000,,0.00000,,0.00000,,0.00000,,0.00000,,0.00000,,0.00000,,0.00000,,0.00000,,0.00000,,0.00000,,0.00000,,0.00000,,0.00000,,0.00000,,0.00000,,0.00000,,0.00000,,0.00000,,0.00000,,0.00000,DonutDeferredPrepass,2026-07-30T01:35:54,free,0.27491,0.27750,0.28605,0.27769,0.27546,0.27626,0.27891,0.28368,16641,0,128,100,8,2,0,106,0,0,0,1,auto,unused,120,600,0,0,../../../../../scripts/standard_camera.csv,10,0,0,60,0,1,60,1920,1080,1,0,24,0.5,1.0,128,0.0,0.0,-3.0,0.0,0.0,0.0,0.1,1000.0,0.785,1,128,1,0,0,-1.0,1.0,1.0,0.5,1,1,256,1,100,07_synth_material_class_matrix,0,106,0,success,0,,"Scene CPU cache disabled; rebuilding source scene.
Log saved to: C:\Users\mkkim\myfolder\mydev1\VisibilityBufferInfo\out\build\x64-Release\bin\Release\logs\log_2026-07-30_01-35-56.txt",,
107,07_synth_material_class_matrix,C:\Users\mkkim\AppData\Local\Temp\tvbperf_ny7670fu\run_00107.csv,9,2,0,107,0,0,0,1,auto,unused,120,600,1,0,0,../../../../../scripts/standard_camera.csv,10,0,0,60,0,captures,1,60,1920,1080,1,0,24,0.5,1,0,0,-3,0,0,0,0.1,1000,0.785,1,128,1,0,0,-1,1,1,0.5,128,1,1,256,1,100,total,0.36073,visibility,0.04145,visutil_histogram,0.02547,visutil_prefix,0.00216,visutil_flatten,0.03513,gbuffer,0.10490,lighting,0.08935,tonemap,0.02923,,0.00000,,0.00000,,0.00000,,0.00000,,0.00000,,0.00000,,0.00000,,0.00000,,0.00000,,0.00000,,0.00000,,0.00000,,0.00000,,0.00000,,0.00000,,0.00000,,0.00000,,0.00000,,0.00000,,0.00000,,0.00000,,0.00000,,0.00000,,0.00000,DonutVisGBuffer,2026-07-30T01:35:56,free,0.35648,0.36035,0.36909,0.36073,0.35744,0.35894,0.36237,0.36723,16641,0,128,100,9,2,0,107,0,0,0,1,auto,unused,120,600,0,0,../../../../../scripts/standard_camera.csv,10,0,0,60,0,1,60,1920,1080,1,0,24,0.5,1.0,128,0.0,0.0,-3.0,0.0,0.0,0.0,0.1,1000.0,0.785,1,128,1,0,0,-1.0,1.0,1.0,0.5,1,1,256,1,100,07_synth_material_class_matrix,0,107,0,success,0,,"Scene CPU cache disabled; rebuilding source scene.
Log saved to: C:\Users\mkkim\myfolder\mydev1\VisibilityBufferInfo\out\build\x64-Release\bin\Release\logs\log_2026-07-30_01-35-58.txt",,
108,07_synth_material_class_matrix,C:\Users\mkkim\AppData\Local\Temp\tvbperf_ny7670fu\run_00108.csv,8,2,0,108,0,0,0,1,auto,unused,120,600,1,0,0,../../../../../scripts/standard_camera.csv,10,0,0,60,0,captures,1,60,1920,1080,0,0,32,0.5,1,0,0,-3,0,0,0,0.1,1000,0.785,1,128,1,0,0,-1,1,1,0.5,128,1,1,256,1,100,total,0.27698,depth_prepass,0.02133,geometry,0.12747,lighting,0.08549,tonemap,0.02977,,0.00000,,0.00000,,0.00000,,0.00000,,0.00000,,0.00000,,0.00000,,0.00000,,0.00000,,0.00000,,0.00000,,0.00000,,0.00000,,0.00000,,0.00000,,0.00000,,0.00000,,0.00000,,0.00000,,0.00000,,0.00000,,0.00000,,0.00000,,0.00000,,0.00000,,0.00000,,0.00000,DonutDeferredPrepass,2026-07-30T01:35:58,free,0.27450,0.27680,0.28483,0.27698,0.27488,0.27571,0.27811,0.28374,16641,0,128,100,8,2,0,108,0,0,0,1,auto,unused,120,600,0,0,../../../../../scripts/standard_camera.csv,10,0,0,60,0,1,60,1920,1080,0,0,32,0.5,1.0,128,0.0,0.0,-3.0,0.0,0.0,0.0,0.1,1000.0,0.785,1,128,1,0,0,-1.0,1.0,1.0,0.5,1,1,256,1,100,07_synth_material_class_matrix,0,108,0,success,0,,"Scene CPU cache disabled; rebuilding source scene.
Log saved to: C:\Users\mkkim\myfolder\mydev1\VisibilityBufferInfo\out\build\x64-Release\bin\Release\logs\log_2026-07-30_01-36-00.txt",,
109,07_synth_material_class_matrix,C:\Users\mkkim\AppData\Local\Temp\tvbperf_ny7670fu\run_00109.csv,9,2,0,109,0,0,0,1,auto,unused,120,600,1,0,0,../../../../../scripts/standard_camera.csv,10,0,0,60,0,captures,1,60,1920,1080,0,0,32,0.5,1,0,0,-3,0,0,0,0.1,1000,0.785,1,128,1,0,0,-1,1,1,0.5,128,1,1,256,1,100,total,0.36614,visibility,0.04138,visutil_histogram,0.02558,visutil_prefix,0.00209,visutil_flatten,0.03517,gbuffer,0.11000,lighting,0.08942,tonemap,0.02938,,0.00000,,0.00000,,0.00000,,0.00000,,0.00000,,0.00000,,0.00000,,0.00000,,0.00000,,0.00000,,0.00000,,0.00000,,0.00000,,0.00000,,0.00000,,0.00000,,0.00000,,0.00000,,0.00000,,0.00000,,0.00000,,0.00000,,0.00000,,0.00000,DonutVisGBuffer,2026-07-30T01:36:00,free,0.36093,0.36592,0.37744,0.36614,0.36288,0.36384,0.36816,0.37235,16641,0,128,100,9,2,0,109,0,0,0,1,auto,unused,120,600,0,0,../../../../../scripts/standard_camera.csv,10,0,0,60,0,1,60,1920,1080,0,0,32,0.5,1.0,128,0.0,0.0,-3.0,0.0,0.0,0.0,0.1,1000.0,0.785,1,128,1,0,0,-1.0,1.0,1.0,0.5,1,1,256,1,100,07_synth_material_class_matrix,0,109,0,success,0,,"Scene CPU cache disabled; rebuilding source scene.
Log saved to: C:\Users\mkkim\myfolder\mydev1\VisibilityBufferInfo\out\build\x64-Release\bin\Release\logs\log_2026-07-30_01-36-03.txt",,
110,07_synth_material_class_matrix,C:\Users\mkkim\AppData\Local\Temp\tvbperf_ny7670fu\run_00110.csv,8,2,0,110,0,0,0,1,auto,unused,120,600,1,0,0,../../../../../scripts/standard_camera.csv,10,0,0,60,0,captures,1,60,1920,1080,1,0,32,0.5,1,0,0,-3,0,0,0,0.1,1000,0.785,1,128,1,0,0,-1,1,1,0.5,128,1,1,256,1,100,total,0.27735,depth_prepass,0.02143,geometry,0.12767,lighting,0.08543,tonemap,0.02996,,0.00000,,0.00000,,0.00000,,0.00000,,0.00000,,0.00000,,0.00000,,0.00000,,0.00000,,0.00000,,0.00000,,0.00000,,0.00000,,0.00000,,0.00000,,0.00000,,0.00000,,0.00000,,0.00000,,0.00000,,0.00000,,0.00000,,0.00000,,0.00000,,0.00000,,0.00000,,0.00000,DonutDeferredPrepass,2026-07-30T01:36:03,free,0.27507,0.27712,0.28538,0.27735,0.27542,0.27613,0.27846,0.28442,16641,0,128,100,8,2,0,110,0,0,0,1,auto,unused,120,600,0,0,../../../../../scripts/standard_camera.csv,10,0,0,60,0,1,60,1920,1080,1,0,32,0.5,1.0,128,0.0,0.0,-3.0,0.0,0.0,0.0,0.1,1000.0,0.785,1,128,1,0,0,-1.0,1.0,1.0,0.5,1,1,256,1,100,07_synth_material_class_matrix,0,110,0,success,0,,"Scene CPU cache disabled; rebuilding source scene.
Log saved to: C:\Users\mkkim\myfolder\mydev1\VisibilityBufferInfo\out\build\x64-Release\bin\Release\logs\log_2026-07-30_01-36-05.txt",,
111,07_synth_material_class_matrix,C:\Users\mkkim\AppData\Local\Temp\tvbperf_ny7670fu\run_00111.csv,9,2,0,111,0,0,0,1,auto,unused,120,600,1,0,0,../../../../../scripts/standard_camera.csv,10,0,0,60,0,captures,1,60,1920,1080,1,0,32,0.5,1,0,0,-3,0,0,0,0.1,1000,0.785,1,128,1,0,0,-1,1,1,0.5,128,1,1,256,1,100,total,0.36553,visibility,0.04140,visutil_histogram,0.02550,visutil_prefix,0.00209,visutil_flatten,0.03514,gbuffer,0.10997,lighting,0.08915,tonemap,0.02934,,0.00000,,0.00000,,0.00000,,0.00000,,0.00000,,0.00000,,0.00000,,0.00000,,0.00000,,0.00000,,0.00000,,0.00000,,0.00000,,0.00000,,0.00000,,0.00000,,0.00000,,0.00000,,0.00000,,0.00000,,0.00000,,0.00000,,0.00000,,0.00000,DonutVisGBuffer,2026-07-30T01:36:05,free,0.36112,0.36570,0.37411,0.36553,0.36176,0.36362,0.36778,0.37171,16641,0,128,100,9,2,0,111,0,0,0,1,auto,unused,120,600,0,0,../../../../../scripts/standard_camera.csv,10,0,0,60,0,1,60,1920,1080,1,0,32,0.5,1.0,128,0.0,0.0,-3.0,0.0,0.0,0.0,0.1,1000.0,0.785,1,128,1,0,0,-1.0,1.0,1.0,0.5,1,1,256,1,100,07_synth_material_class_matrix,0,111,0,success,0,,"Scene CPU cache disabled; rebuilding source scene.
Log saved to: C:\Users\mkkim\myfolder\mydev1\VisibilityBufferInfo\out\build\x64-Release\bin\Release\logs\log_2026-07-30_01-36-07.txt",,
112,07_synth_material_class_matrix,C:\Users\mkkim\AppData\Local\Temp\tvbperf_ny7670fu\run_00112.csv,8,2,0,112,0,0,0,1,auto,unused,120,600,1,0,0,../../../../../scripts/standard_camera.csv,10,0,0,60,0,captures,1,60,1920,1080,0,0,48,0.5,1,0,0,-3,0,0,0,0.1,1000,0.785,1,128,1,0,0,-1,1,1,0.5,128,1,1,256,1,100,total,0.27710,depth_prepass,0.02130,geometry,0.12751,lighting,0.08544,tonemap,0.02993,,0.00000,,0.00000,,0.00000,,0.00000,,0.00000,,0.00000,,0.00000,,0.00000,,0.00000,,0.00000,,0.00000,,0.00000,,0.00000,,0.00000,,0.00000,,0.00000,,0.00000,,0.00000,,0.00000,,0.00000,,0.00000,,0.00000,,0.00000,,0.00000,,0.00000,,0.00000,,0.00000,DonutDeferredPrepass,2026-07-30T01:36:08,free,0.27482,0.27690,0.29258,0.27710,0.27514,0.27578,0.27824,0.28448,16641,0,128,100,8,2,0,112,0,0,0,1,auto,unused,120,600,0,0,../../../../../scripts/standard_camera.csv,10,0,0,60,0,1,60,1920,1080,0,0,48,0.5,1.0,128,0.0,0.0,-3.0,0.0,0.0,0.0,0.1,1000.0,0.785,1,128,1,0,0,-1.0,1.0,1.0,0.5,1,1,256,1,100,07_synth_material_class_matrix,0,112,0,success,0,,"Scene CPU cache disabled; rebuilding source scene.
Log saved to: C:\Users\mkkim\myfolder\mydev1\VisibilityBufferInfo\out\build\x64-Release\bin\Release\logs\log_2026-07-30_01-36-09.txt",,
113,07_synth_material_class_matrix,C:\Users\mkkim\AppData\Local\Temp\tvbperf_ny7670fu\run_00113.csv,9,2,0,113,0,0,0,1,auto,unused,120,600,1,0,0,../../../../../scripts/standard_camera.csv,10,0,0,60,0,captures,1,60,1920,1080,0,0,48,0.5,1,0,0,-3,0,0,0,0.1,1000,0.785,1,128,1,0,0,-1,1,1,0.5,128,1,1,256,1,100,total,0.38824,visibility,0.04162,visutil_histogram,0.02585,visutil_prefix,0.00215,visutil_flatten,0.03510,gbuffer,0.12869,lighting,0.08896,tonemap,0.03284,,0.00000,,0.00000,,0.00000,,0.00000,,0.00000,,0.00000,,0.00000,,0.00000,,0.00000,,0.00000,,0.00000,,0.00000,,0.00000,,0.00000,,0.00000,,0.00000,,0.00000,,0.00000,,0.00000,,0.00000,,0.00000,,0.00000,,0.00000,,0.00000,DonutVisGBuffer,2026-07-30T01:36:09,free,0.37482,0.38019,0.58208,0.38824,0.37536,0.37760,0.41395,0.42496,16641,0,128,100,9,2,0,113,0,0,0,1,auto,unused,120,600,0,0,../../../../../scripts/standard_camera.csv,10,0,0,60,0,1,60,1920,1080,0,0,48,0.5,1.0,128,0.0,0.0,-3.0,0.0,0.0,0.0,0.1,1000.0,0.785,1,128,1,0,0,-1.0,1.0,1.0,0.5,1,1,256,1,100,07_synth_material_class_matrix,0,113,0,success,0,,"Scene CPU cache disabled; rebuilding source scene.
Log saved to: C:\Users\mkkim\myfolder\mydev1\VisibilityBufferInfo\out\build\x64-Release\bin\Release\logs\log_2026-07-30_01-36-13.txt",,
114,07_synth_material_class_matrix,C:\Users\mkkim\AppData\Local\Temp\tvbperf_ny7670fu\run_00114.csv,8,2,0,114,0,0,0,1,auto,unused,120,600,1,0,0,../../../../../scripts/standard_camera.csv,10,0,0,60,0,captures,1,60,1920,1080,1,0,48,0.5,1,0,0,-3,0,0,0,0.1,1000,0.785,1,128,1,0,0,-1,1,1,0.5,128,1,1,256,1,100,total,0.27737,depth_prepass,0.02149,geometry,0.12767,lighting,0.08533,tonemap,0.02993,,0.00000,,0.00000,,0.00000,,0.00000,,0.00000,,0.00000,,0.00000,,0.00000,,0.00000,,0.00000,,0.00000,,0.00000,,0.00000,,0.00000,,0.00000,,0.00000,,0.00000,,0.00000,,0.00000,,0.00000,,0.00000,,0.00000,,0.00000,,0.00000,,0.00000,,0.00000,,0.00000,DonutDeferredPrepass,2026-07-30T01:36:13,free,0.27469,0.27741,0.28560,0.27737,0.27514,0.27603,0.27846,0.28406,16641,0,128,100,8,2,0,114,0,0,0,1,auto,unused,120,600,0,0,../../../../../scripts/standard_camera.csv,10,0,0,60,0,1,60,1920,1080,1,0,48,0.5,1.0,128,0.0,0.0,-3.0,0.0,0.0,0.0,0.1,1000.0,0.785,1,128,1,0,0,-1.0,1.0,1.0,0.5,1,1,256,1,100,07_synth_material_class_matrix,0,114,0,success,0,,"Scene CPU cache disabled; rebuilding source scene.
Log saved to: C:\Users\mkkim\myfolder\mydev1\VisibilityBufferInfo\out\build\x64-Release\bin\Release\logs\log_2026-07-30_01-36-14.txt",,
115,07_synth_material_class_matrix,C:\Users\mkkim\AppData\Local\Temp\tvbperf_ny7670fu\run_00115.csv,9,2,0,115,0,0,0,1,auto,unused,120,600,1,0,0,../../../../../scripts/standard_camera.csv,10,0,0,60,0,captures,1,60,1920,1080,1,0,48,0.5,1,0,0,-3,0,0,0,0.1,1000,0.785,1,128,1,0,0,-1,1,1,0.5,128,1,1,256,1,100,total,0.37931,visibility,0.04142,visutil_histogram,0.02564,visutil_prefix,0.00212,visutil_flatten,0.03513,gbuffer,0.12403,lighting,0.08862,tonemap,0.02932,,0.00000,,0.00000,,0.00000,,0.00000,,0.00000,,0.00000,,0.00000,,0.00000,,0.00000,,0.00000,,0.00000,,0.00000,,0.00000,,0.00000,,0.00000,,0.00000,,0.00000,,0.00000,,0.00000,,0.00000,,0.00000,,0.00000,,0.00000,,0.00000,DonutVisGBuffer,2026-07-30T01:36:14,free,0.37386,0.37904,0.38851,0.37931,0.37542,0.37715,0.38205,0.38598,16641,0,128,100,9,2,0,115,0,0,0,1,auto,unused,120,600,0,0,../../../../../scripts/standard_camera.csv,10,0,0,60,0,1,60,1920,1080,1,0,48,0.5,1.0,128,0.0,0.0,-3.0,0.0,0.0,0.0,0.1,1000.0,0.785,1,128,1,0,0,-1.0,1.0,1.0,0.5,1,1,256,1,100,07_synth_material_class_matrix,0,115,0,success,0,,"Scene CPU cache disabled; rebuilding source scene.
Log saved to: C:\Users\mkkim\myfolder\mydev1\VisibilityBufferInfo\out\build\x64-Release\bin\Release\logs\log_2026-07-30_01-36-17.txt",,
116,07_synth_material_class_matrix,C:\Users\mkkim\AppData\Local\Temp\tvbperf_ny7670fu\run_00116.csv,8,2,0,116,0,0,0,1,auto,unused,120,600,1,0,0,../../../../../scripts/standard_camera.csv,10,0,0,60,0,captures,1,60,1920,1080,0,0,64,0.5,1,0,0,-3,0,0,0,0.1,1000,0.785,1,128,1,0,0,-1,1,1,0.5,128,1,1,256,1,100,total,0.27721,depth_prepass,0.02154,geometry,0.12749,lighting,0.08548,tonemap,0.02977,,0.00000,,0.00000,,0.00000,,0.00000,,0.00000,,0.00000,,0.00000,,0.00000,,0.00000,,0.00000,,0.00000,,0.00000,,0.00000,,0.00000,,0.00000,,0.00000,,0.00000,,0.00000,,0.00000,,0.00000,,0.00000,,0.00000,,0.00000,,0.00000,,0.00000,,0.00000,,0.00000,DonutDeferredPrepass,2026-07-30T01:36:17,free,0.27488,0.27702,0.29507,0.27721,0.27526,0.27597,0.27827,0.28365,16641,0,128,100,8,2,0,116,0,0,0,1,auto,unused,120,600,0,0,../../../../../scripts/standard_camera.csv,10,0,0,60,0,1,60,1920,1080,0,0,64,0.5,1.0,128,0.0,0.0,-3.0,0.0,0.0,0.0,0.1,1000.0,0.785,1,128,1,0,0,-1.0,1.0,1.0,0.5,1,1,256,1,100,07_synth_material_class_matrix,0,116,0,success,0,,"Scene CPU cache disabled; rebuilding source scene.
Log saved to: C:\Users\mkkim\myfolder\mydev1\VisibilityBufferInfo\out\build\x64-Release\bin\Release\logs\log_2026-07-30_01-36-19.txt",,
117,07_synth_material_class_matrix,C:\Users\mkkim\AppData\Local\Temp\tvbperf_ny7670fu\run_00117.csv,9,2,0,117,0,0,0,1,auto,unused,120,600,1,0,0,../../../../../scripts/standard_camera.csv,10,0,0,60,0,captures,1,60,1920,1080,0,0,64,0.5,1,0,0,-3,0,0,0,0.1,1000,0.785,1,128,1,0,0,-1,1,1,0.5,128,1,1,256,1,100,total,0.39298,visibility,0.04134,visutil_histogram,0.02566,visutil_prefix,0.00206,visutil_flatten,0.03510,gbuffer,0.13838,lighting,0.08816,tonemap,0.02936,,0.00000,,0.00000,,0.00000,,0.00000,,0.00000,,0.00000,,0.00000,,0.00000,,0.00000,,0.00000,,0.00000,,0.00000,,0.00000,,0.00000,,0.00000,,0.00000,,0.00000,,0.00000,,0.00000,,0.00000,,0.00000,,0.00000,,0.00000,,0.00000,DonutVisGBuffer,2026-07-30T01:36:19,free,0.38445,0.39264,0.41818,0.39298,0.38752,0.39024,0.39613,0.40253,16641,0,128,100,9,2,0,117,0,0,0,1,auto,unused,120,600,0,0,../../../../../scripts/standard_camera.csv,10,0,0,60,0,1,60,1920,1080,0,0,64,0.5,1.0,128,0.0,0.0,-3.0,0.0,0.0,0.0,0.1,1000.0,0.785,1,128,1,0,0,-1.0,1.0,1.0,0.5,1,1,256,1,100,07_synth_material_class_matrix,0,117,0,success,0,,"Scene CPU cache disabled; rebuilding source scene.
Log saved to: C:\Users\mkkim\myfolder\mydev1\VisibilityBufferInfo\out\build\x64-Release\bin\Release\logs\log_2026-07-30_01-36-22.txt",,
118,07_synth_material_class_matrix,C:\Users\mkkim\AppData\Local\Temp\tvbperf_ny7670fu\run_00118.csv,8,2,0,118,0,0,0,1,auto,unused,120,600,1,0,0,../../../../../scripts/standard_camera.csv,10,0,0,60,0,captures,1,60,1920,1080,1,0,64,0.5,1,0,0,-3,0,0,0,0.1,1000,0.785,1,128,1,0,0,-1,1,1,0.5,128,1,1,256,1,100,total,0.27744,depth_prepass,0.02161,geometry,0.12769,lighting,0.08548,tonemap,0.02986,,0.00000,,0.00000,,0.00000,,0.00000,,0.00000,,0.00000,,0.00000,,0.00000,,0.00000,,0.00000,,0.00000,,0.00000,,0.00000,,0.00000,,0.00000,,0.00000,,0.00000,,0.00000,,0.00000,,0.00000,,0.00000,,0.00000,,0.00000,,0.00000,,0.00000,,0.00000,,0.00000,DonutDeferredPrepass,2026-07-30T01:36:22,free,0.27507,0.27725,0.29619,0.27744,0.27536,0.27613,0.27856,0.28381,16641,0,128,100,8,2,0,118,0,0,0,1,auto,unused,120,600,0,0,../../../../../scripts/standard_camera.csv,10,0,0,60,0,1,60,1920,1080,1,0,64,0.5,1.0,128,0.0,0.0,-3.0,0.0,0.0,0.0,0.1,1000.0,0.785,1,128,1,0,0,-1.0,1.0,1.0,0.5,1,1,256,1,100,07_synth_material_class_matrix,0,118,0,success,0,,"Scene CPU cache disabled; rebuilding source scene.
Log saved to: C:\Users\mkkim\myfolder\mydev1\VisibilityBufferInfo\out\build\x64-Release\bin\Release\logs\log_2026-07-30_01-36-23.txt",,
119,07_synth_material_class_matrix,C:\Users\mkkim\AppData\Local\Temp\tvbperf_ny7670fu\run_00119.csv,9,2,0,119,0,0,0,1,auto,unused,120,600,1,0,0,../../../../../scripts/standard_camera.csv,10,0,0,60,0,captures,1,60,1920,1080,1,0,64,0.5,1,0,0,-3,0,0,0,0.1,1000,0.785,1,128,1,0,0,-1,1,1,0.5,128,1,1,256,1,100,total,0.39268,visibility,0.04146,visutil_histogram,0.02560,visutil_prefix,0.00205,visutil_flatten,0.03505,gbuffer,0.13842,lighting,0.08799,tonemap,0.02923,,0.00000,,0.00000,,0.00000,,0.00000,,0.00000,,0.00000,,0.00000,,0.00000,,0.00000,,0.00000,,0.00000,,0.00000,,0.00000,,0.00000,,0.00000,,0.00000,,0.00000,,0.00000,,0.00000,,0.00000,,0.00000,,0.00000,,0.00000,,0.00000,DonutVisGBuffer,2026-07-30T01:36:24,free,0.38342,0.39254,0.40522,0.39268,0.38621,0.38970,0.39626,0.39987,16641,0,128,100,9,2,0,119,0,0,0,1,auto,unused,120,600,0,0,../../../../../scripts/standard_camera.csv,10,0,0,60,0,1,60,1920,1080,1,0,64,0.5,1.0,128,0.0,0.0,-3.0,0.0,0.0,0.0,0.1,1000.0,0.785,1,128,1,0,0,-1.0,1.0,1.0,0.5,1,1,256,1,100,07_synth_material_class_matrix,0,119,0,success,0,,"Scene CPU cache disabled; rebuilding source scene.
Log saved to: C:\Users\mkkim\myfolder\mydev1\VisibilityBufferInfo\out\build\x64-Release\bin\Release\logs\log_2026-07-30_01-36-27.txt",,
120,07_synth_material_class_matrix,C:\Users\mkkim\AppData\Local\Temp\tvbperf_ny7670fu\run_00120.csv,8,2,0,120,0,0,0,1,auto,unused,120,600,1,0,0,../../../../../scripts/standard_camera.csv,10,0,0,60,0,captures,1,60,1920,1080,0,0,96,0.5,1,0,0,-3,0,0,0,0.1,1000,0.785,1,128,1,0,0,-1,1,1,0.5,128,1,1,256,1,100,total,0.27705,depth_prepass,0.02162,geometry,0.12747,lighting,0.08549,tonemap,0.02953,,0.00000,,0.00000,,0.00000,,0.00000,,0.00000,,0.00000,,0.00000,,0.00000,,0.00000,,0.00000,,0.00000,,0.00000,,0.00000,,0.00000,,0.00000,,0.00000,,0.00000,,0.00000,,0.00000,,0.00000,,0.00000,,0.00000,,0.00000,,0.00000,,0.00000,,0.00000,,0.00000,DonutDeferredPrepass,2026-07-30T01:36:27,free,0.27402,0.27696,0.28509,0.27705,0.27491,0.27568,0.27824,0.28269,16641,0,128,100,8,2,0,120,0,0,0,1,auto,unused,120,600,0,0,../../../../../scripts/standard_camera.csv,10,0,0,60,0,1,60,1920,1080,0,0,96,0.5,1.0,128,0.0,0.0,-3.0,0.0,0.0,0.0,0.1,1000.0,0.785,1,128,1,0,0,-1.0,1.0,1.0,0.5,1,1,256,1,100,07_synth_material_class_matrix,0,120,0,success,0,,"Scene CPU cache disabled; rebuilding source scene.
Log saved to: C:\Users\mkkim\myfolder\mydev1\VisibilityBufferInfo\out\build\x64-Release\bin\Release\logs\log_2026-07-30_01-36-29.txt",,
121,07_synth_material_class_matrix,C:\Users\mkkim\AppData\Local\Temp\tvbperf_ny7670fu\run_00121.csv,9,2,0,121,0,0,0,1,auto,unused,120,600,1,0,0,../../../../../scripts/standard_camera.csv,10,0,0,60,0,captures,1,60,1920,1080,0,0,96,0.5,1,0,0,-3,0,0,0,0.1,1000,0.785,1,128,1,0,0,-1,1,1,0.5,128,1,1,256,1,100,total,0.41996,visibility,0.04153,visutil_histogram,0.02596,visutil_prefix,0.00204,visutil_flatten,0.03504,gbuffer,0.16194,lighting,0.08797,tonemap,0.03248,,0.00000,,0.00000,,0.00000,,0.00000,,0.00000,,0.00000,,0.00000,,0.00000,,0.00000,,0.00000,,0.00000,,0.00000,,0.00000,,0.00000,,0.00000,,0.00000,,0.00000,,0.00000,,0.00000,,0.00000,,0.00000,,0.00000,,0.00000,,0.00000,DonutVisGBuffer,2026-07-30T01:36:29,free,0.39651,0.41286,0.46624,0.41996,0.40202,0.40675,0.44816,0.45594,16641,0,128,100,9,2,0,121,0,0,0,1,auto,unused,120,600,0,0,../../../../../scripts/standard_camera.csv,10,0,0,60,0,1,60,1920,1080,0,0,96,0.5,1.0,128,0.0,0.0,-3.0,0.0,0.0,0.0,0.1,1000.0,0.785,1,128,1,0,0,-1.0,1.0,1.0,0.5,1,1,256,1,100,07_synth_material_class_matrix,0,121,0,success,0,,"Scene CPU cache disabled; rebuilding source scene.
Log saved to: C:\Users\mkkim\myfolder\mydev1\VisibilityBufferInfo\out\build\x64-Release\bin\Release\logs\log_2026-07-30_01-36-34.txt",,
122,07_synth_material_class_matrix,C:\Users\mkkim\AppData\Local\Temp\tvbperf_ny7670fu\run_00122.csv,8,2,0,122,0,0,0,1,auto,unused,120,600,1,0,0,../../../../../scripts/standard_camera.csv,10,0,0,60,0,captures,1,60,1920,1080,1,0,96,0.5,1,0,0,-3,0,0,0,0.1,1000,0.785,1,128,1,0,0,-1,1,1,0.5,128,1,1,256,1,100,total,0.27688,depth_prepass,0.02134,geometry,0.12766,lighting,0.08545,tonemap,0.02962,,0.00000,,0.00000,,0.00000,,0.00000,,0.00000,,0.00000,,0.00000,,0.00000,,0.00000,,0.00000,,0.00000,,0.00000,,0.00000,,0.00000,,0.00000,,0.00000,,0.00000,,0.00000,,0.00000,,0.00000,,0.00000,,0.00000,,0.00000,,0.00000,,0.00000,,0.00000,,0.00000,DonutDeferredPrepass,2026-07-30T01:36:34,free,0.27424,0.27670,0.28470,0.27688,0.27501,0.27558,0.27808,0.28349,16641,0,128,100,8,2,0,122,0,0,0,1,auto,unused,120,600,0,0,../../../../../scripts/standard_camera.csv,10,0,0,60,0,1,60,1920,1080,1,0,96,0.5,1.0,128,0.0,0.0,-3.0,0.0,0.0,0.0,0.1,1000.0,0.785,1,128,1,0,0,-1.0,1.0,1.0,0.5,1,1,256,1,100,07_synth_material_class_matrix,0,122,0,success,0,,"Scene CPU cache disabled; rebuilding source scene.
Log saved to: C:\Users\mkkim\myfolder\mydev1\VisibilityBufferInfo\out\build\x64-Release\bin\Release\logs\log_2026-07-30_01-36-35.txt",,
123,07_synth_material_class_matrix,C:\Users\mkkim\AppData\Local\Temp\tvbperf_ny7670fu\run_00123.csv,9,2,0,123,0,0,0,1,auto,unused,120,600,1,0,0,../../../../../scripts/standard_camera.csv,10,0,0,60,0,captures,1,60,1920,1080,1,0,96,0.5,1,0,0,-3,0,0,0,0.1,1000,0.785,1,128,1,0,0,-1,1,1,0.5,128,1,1,256,1,100,total,0.43107,visibility,0.04186,visutil_histogram,0.02616,visutil_prefix,0.00208,visutil_flatten,0.03502,gbuffer,0.16794,lighting,0.08866,tonemap,0.03651,,0.00000,,0.00000,,0.00000,,0.00000,,0.00000,,0.00000,,0.00000,,0.00000,,0.00000,,0.00000,,0.00000,,0.00000,,0.00000,,0.00000,,0.00000,,0.00000,,0.00000,,0.00000,,0.00000,,0.00000,,0.00000,,0.00000,,0.00000,,0.00000,DonutVisGBuffer,2026-07-30T01:36:35,free,0.39821,0.44093,0.62077,0.43107,0.40256,0.40864,0.45162,0.46243,16641,0,128,100,9,2,0,123,0,0,0,1,auto,unused,120,600,0,0,../../../../../scripts/standard_camera.csv,10,0,0,60,0,1,60,1920,1080,1,0,96,0.5,1.0,128,0.0,0.0,-3.0,0.0,0.0,0.0,0.1,1000.0,0.785,1,128,1,0,0,-1.0,1.0,1.0,0.5,1,1,256,1,100,07_synth_material_class_matrix,0,123,0,success,0,,"Scene CPU cache disabled; rebuilding source scene.
Log saved to: C:\Users\mkkim\myfolder\mydev1\VisibilityBufferInfo\out\build\x64-Release\bin\Release\logs\log_2026-07-30_01-36-39.txt",,
124,07_synth_material_class_matrix,C:\Users\mkkim\AppData\Local\Temp\tvbperf_ny7670fu\run_00124.csv,8,2,0,124,0,0,0,1,auto,unused,120,600,1,0,0,../../../../../scripts/standard_camera.csv,10,0,0,60,0,captures,1,60,1920,1080,0,0,128,0.5,1,0,0,-3,0,0,0,0.1,1000,0.785,1,128,1,0,0,-1,1,1,0.5,128,1,1,256,1,100,total,0.27702,depth_prepass,0.02130,geometry,0.12746,lighting,0.08537,tonemap,0.02990,,0.00000,,0.00000,,0.00000,,0.00000,,0.00000,,0.00000,,0.00000,,0.00000,,0.00000,,0.00000,,0.00000,,0.00000,,0.00000,,0.00000,,0.00000,,0.00000,,0.00000,,0.00000,,0.00000,,0.00000,,0.00000,,0.00000,,0.00000,,0.00000,,0.00000,,0.00000,,0.00000,DonutDeferredPrepass,2026-07-30T01:36:40,free,0.27491,0.27683,0.28509,0.27702,0.27510,0.27571,0.27821,0.28413,16641,0,128,100,8,2,0,124,0,0,0,1,auto,unused,120,600,0,0,../../../../../scripts/standard_camera.csv,10,0,0,60,0,1,60,1920,1080,0,0,128,0.5,1.0,128,0.0,0.0,-3.0,0.0,0.0,0.0,0.1,1000.0,0.785,1,128,1,0,0,-1.0,1.0,1.0,0.5,1,1,256,1,100,07_synth_material_class_matrix,0,124,0,success,0,,"Scene CPU cache disabled; rebuilding source scene.
Log saved to: C:\Users\mkkim\myfolder\mydev1\VisibilityBufferInfo\out\build\x64-Release\bin\Release\logs\log_2026-07-30_01-36-41.txt",,
125,07_synth_material_class_matrix,C:\Users\mkkim\AppData\Local\Temp\tvbperf_ny7670fu\run_00125.csv,9,2,0,125,0,0,0,1,auto,unused,120,600,1,0,0,../../../../../scripts/standard_camera.csv,10,0,0,60,0,captures,1,60,1920,1080,0,0,128,0.5,1,0,0,-3,0,0,0,0.1,1000,0.785,1,128,1,0,0,-1,1,1,0.5,128,1,1,256,1,100,total,0.43954,visibility,0.04178,visutil_histogram,0.02632,visutil_prefix,0.00210,visutil_flatten,0.03499,gbuffer,0.17619,lighting,0.08852,tonemap,0.03665,,0.00000,,0.00000,,0.00000,,0.00000,,0.00000,,0.00000,,0.00000,,0.00000,,0.00000,,0.00000,,0.00000,,0.00000,,0.00000,,0.00000,,0.00000,,0.00000,,0.00000,,0.00000,,0.00000,,0.00000,,0.00000,,0.00000,,0.00000,,0.00000,DonutVisGBuffer,2026-07-30T01:36:41,free,0.41059,0.44707,0.65344,0.43954,0.41302,0.41728,0.46138,0.47069,16641,0,128,100,9,2,0,125,0,0,0,1,auto,unused,120,600,0,0,../../../../../scripts/standard_camera.csv,10,0,0,60,0,1,60,1920,1080,0,0,128,0.5,1.0,128,0.0,0.0,-3.0,0.0,0.0,0.0,0.1,1000.0,0.785,1,128,1,0,0,-1.0,1.0,1.0,0.5,1,1,256,1,100,07_synth_material_class_matrix,0,125,0,success,0,,"Scene CPU cache disabled; rebuilding source scene.
Log saved to: C:\Users\mkkim\myfolder\mydev1\VisibilityBufferInfo\out\build\x64-Release\bin\Release\logs\log_2026-07-30_01-36-46.txt",,
126,07_synth_material_class_matrix,C:\Users\mkkim\AppData\Local\Temp\tvbperf_ny7670fu\run_00126.csv,8,2,0,126,0,0,0,1,auto,unused,120,600,1,0,0,../../../../../scripts/standard_camera.csv,10,0,0,60,0,captures,1,60,1920,1080,1,0,128,0.5,1,0,0,-3,0,0,0,0.1,1000,0.785,1,128,1,0,0,-1,1,1,0.5,128,1,1,256,1,100,total,0.27758,depth_prepass,0.02175,geometry,0.12766,lighting,0.08553,tonemap,0.02979,,0.00000,,0.00000,,0.00000,,0.00000,,0.00000,,0.00000,,0.00000,,0.00000,,0.00000,,0.00000,,0.00000,,0.00000,,0.00000,,0.00000,,0.00000,,0.00000,,0.00000,,0.00000,,0.00000,,0.00000,,0.00000,,0.00000,,0.00000,,0.00000,,0.00000,,0.00000,,0.00000,DonutDeferredPrepass,2026-07-30T01:36:46,free,0.27510,0.27738,0.28570,0.27758,0.27549,0.27629,0.27875,0.28454,16641,0,128,100,8,2,0,126,0,0,0,1,auto,unused,120,600,0,0,../../../../../scripts/standard_camera.csv,10,0,0,60,0,1,60,1920,1080,1,0,128,0.5,1.0,128,0.0,0.0,-3.0,0.0,0.0,0.0,0.1,1000.0,0.785,1,128,1,0,0,-1.0,1.0,1.0,0.5,1,1,256,1,100,07_synth_material_class_matrix,0,126,0,success,0,,"Scene CPU cache disabled; rebuilding source scene.
Log saved to: C:\Users\mkkim\myfolder\mydev1\VisibilityBufferInfo\out\build\x64-Release\bin\Release\logs\log_2026-07-30_01-36-47.txt",,
127,07_synth_material_class_matrix,C:\Users\mkkim\AppData\Local\Temp\tvbperf_ny7670fu\run_00127.csv,9,2,0,127,0,0,0,1,auto,unused,120,600,1,0,0,../../../../../scripts/standard_camera.csv,10,0,0,60,0,captures,1,60,1920,1080,1,0,128,0.5,1,0,0,-3,0,0,0,0.1,1000,0.785,1,128,1,0,0,-1,1,1,0.5,128,1,1,256,1,100,total,0.42470,visibility,0.04145,visutil_histogram,0.02580,visutil_prefix,0.00206,visutil_flatten,0.03499,gbuffer,0.16959,lighting,0.08745,tonemap,0.03041,,0.00000,,0.00000,,0.00000,,0.00000,,0.00000,,0.00000,,0.00000,,0.00000,,0.00000,,0.00000,,0.00000,,0.00000,,0.00000,,0.00000,,0.00000,,0.00000,,0.00000,,0.00000,,0.00000,,0.00000,,0.00000,,0.00000,,0.00000,,0.00000,DonutVisGBuffer,2026-07-30T01:36:47,free,0.40592,0.42099,0.64454,0.42470,0.41066,0.41494,0.43565,0.46563,16641,0,128,100,9,2,0,127,0,0,0,1,auto,unused,120,600,0,0,../../../../../scripts/standard_camera.csv,10,0,0,60,0,1,60,1920,1080,1,0,128,0.5,1.0,128,0.0,0.0,-3.0,0.0,0.0,0.0,0.1,1000.0,0.785,1,128,1,0,0,-1.0,1.0,1.0,0.5,1,1,256,1,100,07_synth_material_class_matrix,0,127,0,success,0,,"Scene CPU cache disabled; rebuilding source scene.
Log saved to: C:\Users\mkkim\myfolder\mydev1\VisibilityBufferInfo\out\build\x64-Release\bin\Release\logs\log_2026-07-30_01-36-52.txt",,
128,07_synth_material_class_matrix,C:\Users\mkkim\AppData\Local\Temp\tvbperf_ny7670fu\run_00128.csv,8,2,0,128,0,0,0,1,auto,unused,120,600,1,0,0,../../../../../scripts/standard_camera.csv,10,0,0,60,0,captures,1,60,1920,1080,0,0,1,0.5,1,0,0,-3,0,0,0,0.1,1000,0.785,1,255,1,0,0,-1,1,1,0.5,128,1,1,256,1,100,total,0.27943,depth_prepass,0.02121,geometry,0.12988,lighting,0.08543,tonemap,0.02991,,0.00000,,0.00000,,0.00000,,0.00000,,0.00000,,0.00000,,0.00000,,0.00000,,0.00000,,0.00000,,0.00000,,0.00000,,0.00000,,0.00000,,0.00000,,0.00000,,0.00000,,0.00000,,0.00000,,0.00000,,0.00000,,0.00000,,0.00000,,0.00000,,0.00000,,0.00000,,0.00000,DonutDeferredPrepass,2026-07-30T01:36:52,free,0.27648,0.27930,0.28762,0.27943,0.27699,0.27802,0.28077,0.28640,16641,0,128,100,8,2,0,128,0,0,0,1,auto,unused,120,600,0,0,../../../../../scripts/standard_camera.csv,10,0,0,60,0,1,60,1920,1080,0,0,1,0.5,1.0,128,0.0,0.0,-3.0,0.0,0.0,0.0,0.1,1000.0,0.785,1,255,1,0,0,-1.0,1.0,1.0,0.5,1,1,256,1,100,07_synth_material_class_matrix,0,128,0,success,0,,"Scene CPU cache disabled; rebuilding source scene.
Log saved to: C:\Users\mkkim\myfolder\mydev1\VisibilityBufferInfo\out\build\x64-Release\bin\Release\logs\log_2026-07-30_01-36-54.txt",,
129,07_synth_material_class_matrix,C:\Users\mkkim\AppData\Local\Temp\tvbperf_ny7670fu\run_00129.csv,9,2,0,129,0,0,0,1,auto,unused,120,600,1,0,0,../../../../../scripts/standard_camera.csv,10,0,0,60,0,captures,1,60,1920,1080,0,0,1,0.5,1,0,0,-3,0,0,0,0.1,1000,0.785,1,255,1,0,0,-1,1,1,0.5,128,1,1,256,1,100,total,0.34234,visibility,0.04170,visutil_histogram,0.02523,visutil_prefix,0.00216,visutil_flatten,0.03342,gbuffer,0.08674,lighting,0.09082,tonemap,0.02957,,0.00000,,0.00000,,0.00000,,0.00000,,0.00000,,0.00000,,0.00000,,0.00000,,0.00000,,0.00000,,0.00000,,0.00000,,0.00000,,0.00000,,0.00000,,0.00000,,0.00000,,0.00000,,0.00000,,0.00000,,0.00000,,0.00000,,0.00000,,0.00000,DonutVisGBuffer,2026-07-30T01:36:54,free,0.33856,0.34179,0.35203,0.34234,0.34035,0.34099,0.34381,0.34806,16641,0,128,100,9,2,0,129,0,0,0,1,auto,unused,120,600,0,0,../../../../../scripts/standard_camera.csv,10,0,0,60,0,1,60,1920,1080,0,0,1,0.5,1.0,128,0.0,0.0,-3.0,0.0,0.0,0.0,0.1,1000.0,0.785,1,255,1,0,0,-1.0,1.0,1.0,0.5,1,1,256,1,100,07_synth_material_class_matrix,0,129,0,success,0,,"Scene CPU cache disabled; rebuilding source scene.
Log saved to: C:\Users\mkkim\myfolder\mydev1\VisibilityBufferInfo\out\build\x64-Release\bin\Release\logs\log_2026-07-30_01-36-56.txt",,
130,07_synth_material_class_matrix,C:\Users\mkkim\AppData\Local\Temp\tvbperf_ny7670fu\run_00130.csv,8,2,0,130,0,0,0,1,auto,unused,120,600,1,0,0,../../../../../scripts/standard_camera.csv,10,0,0,60,0,captures,1,60,1920,1080,1,0,1,0.5,1,0,0,-3,0,0,0,0.1,1000,0.785,1,255,1,0,0,-1,1,1,0.5,128,1,1,256,1,100,total,0.27987,depth_prepass,0.02110,geometry,0.13049,lighting,0.08569,tonemap,0.02962,,0.00000,,0.00000,,0.00000,,0.00000,,0.00000,,0.00000,,0.00000,,0.00000,,0.00000,,0.00000,,0.00000,,0.00000,,0.00000,,0.00000,,0.00000,,0.00000,,0.00000,,0.00000,,0.00000,,0.00000,,0.00000,,0.00000,,0.00000,,0.00000,,0.00000,,0.00000,,0.00000,DonutDeferredPrepass,2026-07-30T01:36:56,free,0.27670,0.27958,0.41251,0.27987,0.27779,0.27850,0.28051,0.28666,16641,0,128,100,8,2,0,130,0,0,0,1,auto,unused,120,600,0,0,../../../../../scripts/standard_camera.csv,10,0,0,60,0,1,60,1920,1080,1,0,1,0.5,1.0,128,0.0,0.0,-3.0,0.0,0.0,0.0,0.1,1000.0,0.785,1,255,1,0,0,-1.0,1.0,1.0,0.5,1,1,256,1,100,07_synth_material_class_matrix,0,130,0,success,0,,"Scene CPU cache disabled; rebuilding source scene.
Log saved to: C:\Users\mkkim\myfolder\mydev1\VisibilityBufferInfo\out\build\x64-Release\bin\Release\logs\log_2026-07-30_01-36-58.txt",,
131,07_synth_material_class_matrix,C:\Users\mkkim\AppData\Local\Temp\tvbperf_ny7670fu\run_00131.csv,9,2,0,131,0,0,0,1,auto,unused,120,600,1,0,0,../../../../../scripts/standard_camera.csv,10,0,0,60,0,captures,1,60,1920,1080,1,0,1,0.5,1,0,0,-3,0,0,0,0.1,1000,0.785,1,255,1,0,0,-1,1,1,0.5,128,1,1,256,1,100,total,0.34206,visibility,0.04184,visutil_histogram,0.02531,visutil_prefix,0.00216,visutil_flatten,0.03342,gbuffer,0.08646,lighting,0.09085,tonemap,0.02954,,0.00000,,0.00000,,0.00000,,0.00000,,0.00000,,0.00000,,0.00000,,0.00000,,0.00000,,0.00000,,0.00000,,0.00000,,0.00000,,0.00000,,0.00000,,0.00000,,0.00000,,0.00000,,0.00000,,0.00000,,0.00000,,0.00000,,0.00000,,0.00000,DonutVisGBuffer,2026-07-30T01:36:58,free,0.33875,0.34160,0.34989,0.34206,0.33930,0.34070,0.34368,0.34829,16641,0,128,100,9,2,0,131,0,0,0,1,auto,unused,120,600,0,0,../../../../../scripts/standard_camera.csv,10,0,0,60,0,1,60,1920,1080,1,0,1,0.5,1.0,128,0.0,0.0,-3.0,0.0,0.0,0.0,0.1,1000.0,0.785,1,255,1,0,0,-1.0,1.0,1.0,0.5,1,1,256,1,100,07_synth_material_class_matrix,0,131,0,success,0,,"Scene CPU cache disabled; rebuilding source scene.
Log saved to: C:\Users\mkkim\myfolder\mydev1\VisibilityBufferInfo\out\build\x64-Release\bin\Release\logs\log_2026-07-30_01-37-00.txt",,
132,07_synth_material_class_matrix,C:\Users\mkkim\AppData\Local\Temp\tvbperf_ny7670fu\run_00132.csv,8,2,0,132,0,0,0,1,auto,unused,120,600,1,0,0,../../../../../scripts/standard_camera.csv,10,0,0,60,0,captures,1,60,1920,1080,0,0,2,0.5,1,0,0,-3,0,0,0,0.1,1000,0.785,1,255,1,0,0,-1,1,1,0.5,128,1,1,256,1,100,total,0.27974,depth_prepass,0.02220,geometry,0.12919,lighting,0.08549,tonemap,0.02979,,0.00000,,0.00000,,0.00000,,0.00000,,0.00000,,0.00000,,0.00000,,0.00000,,0.00000,,0.00000,,0.00000,,0.00000,,0.00000,,0.00000,,0.00000,,0.00000,,0.00000,,0.00000,,0.00000,,0.00000,,0.00000,,0.00000,,0.00000,,0.00000,,0.00000,,0.00000,,0.00000,DonutDeferredPrepass,2026-07-30T01:37:00,free,0.27802,0.27958,0.28922,0.27974,0.27840,0.27901,0.28022,0.28688,16641,0,128,100,8,2,0,132,0,0,0,1,auto,unused,120,600,0,0,../../../../../scripts/standard_camera.csv,10,0,0,60,0,1,60,1920,1080,0,0,2,0.5,1.0,128,0.0,0.0,-3.0,0.0,0.0,0.0,0.1,1000.0,0.785,1,255,1,0,0,-1.0,1.0,1.0,0.5,1,1,256,1,100,07_synth_material_class_matrix,0,132,0,success,0,,"Scene CPU cache disabled; rebuilding source scene.
Log saved to: C:\Users\mkkim\myfolder\mydev1\VisibilityBufferInfo\out\build\x64-Release\bin\Release\logs\log_2026-07-30_01-37-02.txt",,
133,07_synth_material_class_matrix,C:\Users\mkkim\AppData\Local\Temp\tvbperf_ny7670fu\run_00133.csv,9,2,0,133,0,0,0,1,auto,unused,120,600,1,0,0,../../../../../scripts/standard_camera.csv,10,0,0,60,0,captures,1,60,1920,1080,0,0,2,0.5,1,0,0,-3,0,0,0,0.1,1000,0.785,1,255,1,0,0,-1,1,1,0.5,128,1,1,256,1,100,total,0.35164,visibility,0.04163,visutil_histogram,0.02635,visutil_prefix,0.00216,visutil_flatten,0.03532,gbuffer,0.09478,lighting,0.08991,tonemap,0.02942,,0.00000,,0.00000,,0.00000,,0.00000,,0.00000,,0.00000,,0.00000,,0.00000,,0.00000,,0.00000,,0.00000,,0.00000,,0.00000,,0.00000,,0.00000,,0.00000,,0.00000,,0.00000,,0.00000,,0.00000,,0.00000,,0.00000,,0.00000,,0.00000,DonutVisGBuffer,2026-07-30T01:37:02,free,0.34746,0.35158,0.36013,0.35164,0.34890,0.34973,0.35366,0.35789,16641,0,128,100,9,2,0,133,0,0,0,1,auto,unused,120,600,0,0,../../../../../scripts/standard_camera.csv,10,0,0,60,0,1,60,1920,1080,0,0,2,0.5,1.0,128,0.0,0.0,-3.0,0.0,0.0,0.0,0.1,1000.0,0.785,1,255,1,0,0,-1.0,1.0,1.0,0.5,1,1,256,1,100,07_synth_material_class_matrix,0,133,0,success,0,,"Scene CPU cache disabled; rebuilding source scene.
Log saved to: C:\Users\mkkim\myfolder\mydev1\VisibilityBufferInfo\out\build\x64-Release\bin\Release\logs\log_2026-07-30_01-37-04.txt",,
134,07_synth_material_class_matrix,C:\Users\mkkim\AppData\Local\Temp\tvbperf_ny7670fu\run_00134.csv,8,2,0,134,0,0,0,1,auto,unused,120,600,1,0,0,../../../../../scripts/standard_camera.csv,10,0,0,60,0,captures,1,60,1920,1080,1,0,2,0.5,1,0,0,-3,0,0,0,0.1,1000,0.785,1,255,1,0,0,-1,1,1,0.5,128,1,1,256,1,100,total,0.28042,depth_prepass,0.02248,geometry,0.12994,lighting,0.08542,tonemap,0.02956,,0.00000,,0.00000,,0.00000,,0.00000,,0.00000,,0.00000,,0.00000,,0.00000,,0.00000,,0.00000,,0.00000,,0.00000,,0.00000,,0.00000,,0.00000,,0.00000,,0.00000,,0.00000,,0.00000,,0.00000,,0.00000,,0.00000,,0.00000,,0.00000,,0.00000,,0.00000,,0.00000,DonutDeferredPrepass,2026-07-30T01:37:04,free,0.27834,0.28029,0.28838,0.28042,0.27894,0.27962,0.28096,0.28762,16641,0,128,100,8,2,0,134,0,0,0,1,auto,unused,120,600,0,0,../../../../../scripts/standard_camera.csv,10,0,0,60,0,1,60,1920,1080,1,0,2,0.5,1.0,128,0.0,0.0,-3.0,0.0,0.0,0.0,0.1,1000.0,0.785,1,255,1,0,0,-1.0,1.0,1.0,0.5,1,1,256,1,100,07_synth_material_class_matrix,0,134,0,success,0,,"Scene CPU cache disabled; rebuilding source scene.
Log saved to: C:\Users\mkkim\myfolder\mydev1\VisibilityBufferInfo\out\build\x64-Release\bin\Release\logs\log_2026-07-30_01-37-06.txt",,
135,07_synth_material_class_matrix,C:\Users\mkkim\AppData\Local\Temp\tvbperf_ny7670fu\run_00135.csv,9,2,0,135,0,0,0,1,auto,unused,120,600,1,0,0,../../../../../scripts/standard_camera.csv,10,0,0,60,0,captures,1,60,1920,1080,1,0,2,0.5,1,0,0,-3,0,0,0,0.1,1000,0.785,1,255,1,0,0,-1,1,1,0.5,128,1,1,256,1,100,total,0.35197,visibility,0.04181,visutil_histogram,0.02641,visutil_prefix,0.00216,visutil_flatten,0.03540,gbuffer,0.09446,lighting,0.08990,tonemap,0.02942,,0.00000,,0.00000,,0.00000,,0.00000,,0.00000,,0.00000,,0.00000,,0.00000,,0.00000,,0.00000,,0.00000,,0.00000,,0.00000,,0.00000,,0.00000,,0.00000,,0.00000,,0.00000,,0.00000,,0.00000,,0.00000,,0.00000,,0.00000,,0.00000,DonutVisGBuffer,2026-07-30T01:37:06,free,0.34816,0.35171,0.36243,0.35197,0.34874,0.34954,0.35398,0.35869,16641,0,128,100,9,2,0,135,0,0,0,1,auto,unused,120,600,0,0,../../../../../scripts/standard_camera.csv,10,0,0,60,0,1,60,1920,1080,1,0,2,0.5,1.0,128,0.0,0.0,-3.0,0.0,0.0,0.0,0.1,1000.0,0.785,1,255,1,0,0,-1.0,1.0,1.0,0.5,1,1,256,1,100,07_synth_material_class_matrix,0,135,0,success,0,,"Scene CPU cache disabled; rebuilding source scene.
Log saved to: C:\Users\mkkim\myfolder\mydev1\VisibilityBufferInfo\out\build\x64-Release\bin\Release\logs\log_2026-07-30_01-37-08.txt",,
136,07_synth_material_class_matrix,C:\Users\mkkim\AppData\Local\Temp\tvbperf_ny7670fu\run_00136.csv,8,2,0,136,0,0,0,1,auto,unused,120,600,1,0,0,../../../../../scripts/standard_camera.csv,10,0,0,60,0,captures,1,60,1920,1080,0,0,4,0.5,1,0,0,-3,0,0,0,0.1,1000,0.785,1,255,1,0,0,-1,1,1,0.5,128,1,1,256,1,100,total,0.27795,depth_prepass,0.02109,geometry,0.12847,lighting,0.08547,tonemap,0.02985,,0.00000,,0.00000,,0.00000,,0.00000,,0.00000,,0.00000,,0.00000,,0.00000,,0.00000,,0.00000,,0.00000,,0.00000,,0.00000,,0.00000,,0.00000,,0.00000,,0.00000,,0.00000,,0.00000,,0.00000,,0.00000,,0.00000,,0.00000,,0.00000,,0.00000,,0.00000,,0.00000,DonutDeferredPrepass,2026-07-30T01:37:08,free,0.27600,0.27786,0.28643,0.27795,0.27610,0.27709,0.27850,0.28499,16641,0,128,100,8,2,0,136,0,0,0,1,auto,unused,120,600,0,0,../../../../../scripts/standard_camera.csv,10,0,0,60,0,1,60,1920,1080,0,0,4,0.5,1.0,128,0.0,0.0,-3.0,0.0,0.0,0.0,0.1,1000.0,0.785,1,255,1,0,0,-1.0,1.0,1.0,0.5,1,1,256,1,100,07_synth_material_class_matrix,0,136,0,success,0,,"Scene CPU cache disabled; rebuilding source scene.
Log saved to: C:\Users\mkkim\myfolder\mydev1\VisibilityBufferInfo\out\build\x64-Release\bin\Release\logs\log_2026-07-30_01-37-10.txt",,
137,07_synth_material_class_matrix,C:\Users\mkkim\AppData\Local\Temp\tvbperf_ny7670fu\run_00137.csv,9,2,0,137,0,0,0,1,auto,unused,120,600,1,0,0,../../../../../scripts/standard_camera.csv,10,0,0,60,0,captures,1,60,1920,1080,0,0,4,0.5,1,0,0,-3,0,0,0,0.1,1000,0.785,1,255,1,0,0,-1,1,1,0.5,128,1,1,256,1,100,total,0.35502,visibility,0.04173,visutil_histogram,0.02646,visutil_prefix,0.00216,visutil_flatten,0.03573,gbuffer,0.09808,lighting,0.08963,tonemap,0.02941,,0.00000,,0.00000,,0.00000,,0.00000,,0.00000,,0.00000,,0.00000,,0.00000,,0.00000,,0.00000,,0.00000,,0.00000,,0.00000,,0.00000,,0.00000,,0.00000,,0.00000,,0.00000,,0.00000,,0.00000,,0.00000,,0.00000,,0.00000,,0.00000,DonutVisGBuffer,2026-07-30T01:37:10,free,0.35053,0.35514,0.36547,0.35502,0.35149,0.35290,0.35766,0.36195,16641,0,128,100,9,2,0,137,0,0,0,1,auto,unused,120,600,0,0,../../../../../scripts/standard_camera.csv,10,0,0,60,0,1,60,1920,1080,0,0,4,0.5,1.0,128,0.0,0.0,-3.0,0.0,0.0,0.0,0.1,1000.0,0.785,1,255,1,0,0,-1.0,1.0,1.0,0.5,1,1,256,1,100,07_synth_material_class_matrix,0,137,0,success,0,,"Scene CPU cache disabled; rebuilding source scene.
Log saved to: C:\Users\mkkim\myfolder\mydev1\VisibilityBufferInfo\out\build\x64-Release\bin\Release\logs\log_2026-07-30_01-37-12.txt",,
138,07_synth_material_class_matrix,C:\Users\mkkim\AppData\Local\Temp\tvbperf_ny7670fu\run_00138.csv,8,2,0,138,0,0,0,1,auto,unused,120,600,1,0,0,../../../../../scripts/standard_camera.csv,10,0,0,60,0,captures,1,60,1920,1080,1,0,4,0.5,1,0,0,-3,0,0,0,0.1,1000,0.785,1,255,1,0,0,-1,1,1,0.5,128,1,1,256,1,100,total,0.27900,depth_prepass,0.02140,geometry,0.12925,lighting,0.08548,tonemap,0.02978,,0.00000,,0.00000,,0.00000,,0.00000,,0.00000,,0.00000,,0.00000,,0.00000,,0.00000,,0.00000,,0.00000,,0.00000,,0.00000,,0.00000,,0.00000,,0.00000,,0.00000,,0.00000,,0.00000,,0.00000,,0.00000,,0.00000,,0.00000,,0.00000,,0.00000,,0.00000,,0.00000,DonutDeferredPrepass,2026-07-30T01:37:12,free,0.27718,0.27875,0.29965,0.27900,0.27750,0.27811,0.27952,0.28582,16641,0,128,100,8,2,0,138,0,0,0,1,auto,unused,120,600,0,0,../../../../../scripts/standard_camera.csv,10,0,0,60,0,1,60,1920,1080,1,0,4,0.5,1.0,128,0.0,0.0,-3.0,0.0,0.0,0.0,0.1,1000.0,0.785,1,255,1,0,0,-1.0,1.0,1.0,0.5,1,1,256,1,100,07_synth_material_class_matrix,0,138,0,success,0,,"Scene CPU cache disabled; rebuilding source scene.
Log saved to: C:\Users\mkkim\myfolder\mydev1\VisibilityBufferInfo\out\build\x64-Release\bin\Release\logs\log_2026-07-30_01-37-14.txt",,
139,07_synth_material_class_matrix,C:\Users\mkkim\AppData\Local\Temp\tvbperf_ny7670fu\run_00139.csv,9,2,0,139,0,0,0,1,auto,unused,120,600,1,0,0,../../../../../scripts/standard_camera.csv,10,0,0,60,0,captures,1,60,1920,1080,1,0,4,0.5,1,0,0,-3,0,0,0,0.1,1000,0.785,1,255,1,0,0,-1,1,1,0.5,128,1,1,256,1,100,total,0.35585,visibility,0.04179,visutil_histogram,0.02649,visutil_prefix,0.00216,visutil_flatten,0.03573,gbuffer,0.09828,lighting,0.08991,tonemap,0.02940,,0.00000,,0.00000,,0.00000,,0.00000,,0.00000,,0.00000,,0.00000,,0.00000,,0.00000,,0.00000,,0.00000,,0.00000,,0.00000,,0.00000,,0.00000,,0.00000,,0.00000,,0.00000,,0.00000,,0.00000,,0.00000,,0.00000,,0.00000,,0.00000,DonutVisGBuffer,2026-07-30T01:37:14,free,0.35155,0.35574,0.36448,0.35585,0.35277,0.35338,0.35795,0.36198,16641,0,128,100,9,2,0,139,0,0,0,1,auto,unused,120,600,0,0,../../../../../scripts/standard_camera.csv,10,0,0,60,0,1,60,1920,1080,1,0,4,0.5,1.0,128,0.0,0.0,-3.0,0.0,0.0,0.0,0.1,1000.0,0.785,1,255,1,0,0,-1.0,1.0,1.0,0.5,1,1,256,1,100,07_synth_material_class_matrix,0,139,0,success,0,,"Scene CPU cache disabled; rebuilding source scene.
Log saved to: C:\Users\mkkim\myfolder\mydev1\VisibilityBufferInfo\out\build\x64-Release\bin\Release\logs\log_2026-07-30_01-37-16.txt",,
140,07_synth_material_class_matrix,C:\Users\mkkim\AppData\Local\Temp\tvbperf_ny7670fu\run_00140.csv,8,2,0,140,0,0,0,1,auto,unused,120,600,1,0,0,../../../../../scripts/standard_camera.csv,10,0,0,60,0,captures,1,60,1920,1080,0,0,8,0.5,1,0,0,-3,0,0,0,0.1,1000,0.785,1,255,1,0,0,-1,1,1,0.5,128,1,1,256,1,100,total,0.27847,depth_prepass,0.02134,geometry,0.12856,lighting,0.08545,tonemap,0.02986,,0.00000,,0.00000,,0.00000,,0.00000,,0.00000,,0.00000,,0.00000,,0.00000,,0.00000,,0.00000,,0.00000,,0.00000,,0.00000,,0.00000,,0.00000,,0.00000,,0.00000,,0.00000,,0.00000,,0.00000,,0.00000,,0.00000,,0.00000,,0.00000,,0.00000,,0.00000,,0.00000,DonutDeferredPrepass,2026-07-30T01:37:16,free,0.27571,0.27798,0.41648,0.27847,0.27648,0.27709,0.27939,0.28531,16641,0,128,100,8,2,0,140,0,0,0,1,auto,unused,120,600,0,0,../../../../../scripts/standard_camera.csv,10,0,0,60,0,1,60,1920,1080,0,0,8,0.5,1.0,128,0.0,0.0,-3.0,0.0,0.0,0.0,0.1,1000.0,0.785,1,255,1,0,0,-1.0,1.0,1.0,0.5,1,1,256,1,100,07_synth_material_class_matrix,0,140,0,success,0,,"Scene CPU cache disabled; rebuilding source scene.
Log saved to: C:\Users\mkkim\myfolder\mydev1\VisibilityBufferInfo\out\build\x64-Release\bin\Release\logs\log_2026-07-30_01-37-18.txt",,
141,07_synth_material_class_matrix,C:\Users\mkkim\AppData\Local\Temp\tvbperf_ny7670fu\run_00141.csv,9,2,0,141,0,0,0,1,auto,unused,120,600,1,0,0,../../../../../scripts/standard_camera.csv,10,0,0,60,0,captures,1,60,1920,1080,0,0,8,0.5,1,0,0,-3,0,0,0,0.1,1000,0.785,1,255,1,0,0,-1,1,1,0.5,128,1,1,256,1,100,total,0.35664,visibility,0.04174,visutil_histogram,0.02646,visutil_prefix,0.00216,visutil_flatten,0.03582,gbuffer,0.09993,lighting,0.08954,tonemap,0.02937,,0.00000,,0.00000,,0.00000,,0.00000,,0.00000,,0.00000,,0.00000,,0.00000,,0.00000,,0.00000,,0.00000,,0.00000,,0.00000,,0.00000,,0.00000,,0.00000,,0.00000,,0.00000,,0.00000,,0.00000,,0.00000,,0.00000,,0.00000,,0.00000,DonutVisGBuffer,2026-07-30T01:37:18,free,0.35242,0.35610,0.36765,0.35664,0.35293,0.35466,0.35926,0.36400,16641,0,128,100,9,2,0,141,0,0,0,1,auto,unused,120,600,0,0,../../../../../scripts/standard_camera.csv,10,0,0,60,0,1,60,1920,1080,0,0,8,0.5,1.0,128,0.0,0.0,-3.0,0.0,0.0,0.0,0.1,1000.0,0.785,1,255,1,0,0,-1.0,1.0,1.0,0.5,1,1,256,1,100,07_synth_material_class_matrix,0,141,0,success,0,,"Scene CPU cache disabled; rebuilding source scene.
Log saved to: C:\Users\mkkim\myfolder\mydev1\VisibilityBufferInfo\out\build\x64-Release\bin\Release\logs\log_2026-07-30_01-37-21.txt",,
142,07_synth_material_class_matrix,C:\Users\mkkim\AppData\Local\Temp\tvbperf_ny7670fu\run_00142.csv,8,2,0,142,0,0,0,1,auto,unused,120,600,1,0,0,../../../../../scripts/standard_camera.csv,10,0,0,60,0,captures,1,60,1920,1080,1,0,8,0.5,1,0,0,-3,0,0,0,0.1,1000,0.785,1,255,1,0,0,-1,1,1,0.5,128,1,1,256,1,100,total,0.27911,depth_prepass,0.02161,geometry,0.12918,lighting,0.08545,tonemap,0.02973,,0.00000,,0.00000,,0.00000,,0.00000,,0.00000,,0.00000,,0.00000,,0.00000,,0.00000,,0.00000,,0.00000,,0.00000,,0.00000,,0.00000,,0.00000,,0.00000,,0.00000,,0.00000,,0.00000,,0.00000,,0.00000,,0.00000,,0.00000,,0.00000,,0.00000,,0.00000,,0.00000,DonutDeferredPrepass,2026-07-30T01:37:21,free,0.27664,0.27888,0.28688,0.27911,0.27728,0.27805,0.28029,0.28554,16641,0,128,100,8,2,0,142,0,0,0,1,auto,unused,120,600,0,0,../../../../../scripts/standard_camera.csv,10,0,0,60,0,1,60,1920,1080,1,0,8,0.5,1.0,128,0.0,0.0,-3.0,0.0,0.0,0.0,0.1,1000.0,0.785,1,255,1,0,0,-1.0,1.0,1.0,0.5,1,1,256,1,100,07_synth_material_class_matrix,0,142,0,success,0,,"Scene CPU cache disabled; rebuilding source scene.
Log saved to: C:\Users\mkkim\myfolder\mydev1\VisibilityBufferInfo\out\build\x64-Release\bin\Release\logs\log_2026-07-30_01-37-23.txt",,
143,07_synth_material_class_matrix,C:\Users\mkkim\AppData\Local\Temp\tvbperf_ny7670fu\run_00143.csv,9,2,0,143,0,0,0,1,auto,unused,120,600,1,0,0,../../../../../scripts/standard_camera.csv,10,0,0,60,0,captures,1,60,1920,1080,1,0,8,0.5,1,0,0,-3,0,0,0,0.1,1000,0.785,1,255,1,0,0,-1,1,1,0.5,128,1,1,256,1,100,total,0.35740,visibility,0.04188,visutil_histogram,0.02643,visutil_prefix,0.00216,visutil_flatten,0.03582,gbuffer,0.10002,lighting,0.08955,tonemap,0.02939,,0.00000,,0.00000,,0.00000,,0.00000,,0.00000,,0.00000,,0.00000,,0.00000,,0.00000,,0.00000,,0.00000,,0.00000,,0.00000,,0.00000,,0.00000,,0.00000,,0.00000,,0.00000,,0.00000,,0.00000,,0.00000,,0.00000,,0.00000,,0.00000,DonutVisGBuffer,2026-07-30T01:37:23,free,0.35261,0.35757,0.36826,0.35740,0.35312,0.35523,0.35987,0.36550,16641,0,128,100,9,2,0,143,0,0,0,1,auto,unused,120,600,0,0,../../../../../scripts/standard_camera.csv,10,0,0,60,0,1,60,1920,1080,1,0,8,0.5,1.0,128,0.0,0.0,-3.0,0.0,0.0,0.0,0.1,1000.0,0.785,1,255,1,0,0,-1.0,1.0,1.0,0.5,1,1,256,1,100,07_synth_material_class_matrix,0,143,0,success,0,,"Scene CPU cache disabled; rebuilding source scene.
Log saved to: C:\Users\mkkim\myfolder\mydev1\VisibilityBufferInfo\out\build\x64-Release\bin\Release\logs\log_2026-07-30_01-37-25.txt",,
144,07_synth_material_class_matrix,C:\Users\mkkim\AppData\Local\Temp\tvbperf_ny7670fu\run_00144.csv,8,2,0,144,0,0,0,1,auto,unused,120,600,1,0,0,../../../../../scripts/standard_camera.csv,10,0,0,60,0,captures,1,60,1920,1080,0,0,16,0.5,1,0,0,-3,0,0,0,0.1,1000,0.785,1,255,1,0,0,-1,1,1,0.5,128,1,1,256,1,100,total,0.27835,depth_prepass,0.02153,geometry,0.12850,lighting,0.08555,tonemap,0.02984,,0.00000,,0.00000,,0.00000,,0.00000,,0.00000,,0.00000,,0.00000,,0.00000,,0.00000,,0.00000,,0.00000,,0.00000,,0.00000,,0.00000,,0.00000,,0.00000,,0.00000,,0.00000,,0.00000,,0.00000,,0.00000,,0.00000,,0.00000,,0.00000,,0.00000,,0.00000,,0.00000,DonutDeferredPrepass,2026-07-30T01:37:25,free,0.27574,0.27821,0.28570,0.27835,0.27635,0.27699,0.27958,0.28490,16641,0,128,100,8,2,0,144,0,0,0,1,auto,unused,120,600,0,0,../../../../../scripts/standard_camera.csv,10,0,0,60,0,1,60,1920,1080,0,0,16,0.5,1.0,128,0.0,0.0,-3.0,0.0,0.0,0.0,0.1,1000.0,0.785,1,255,1,0,0,-1.0,1.0,1.0,0.5,1,1,256,1,100,07_synth_material_class_matrix,0,144,0,success,0,,"Scene CPU cache disabled; rebuilding source scene.
Log saved to: C:\Users\mkkim\myfolder\mydev1\VisibilityBufferInfo\out\build\x64-Release\bin\Release\logs\log_2026-07-30_01-37-27.txt",,
145,07_synth_material_class_matrix,C:\Users\mkkim\AppData\Local\Temp\tvbperf_ny7670fu\run_00145.csv,9,2,0,145,0,0,0,1,auto,unused,120,600,1,0,0,../../../../../scripts/standard_camera.csv,10,0,0,60,0,captures,1,60,1920,1080,0,0,16,0.5,1,0,0,-3,0,0,0,0.1,1000,0.785,1,255,1,0,0,-1,1,1,0.5,128,1,1,256,1,100,total,0.35986,visibility,0.04173,visutil_histogram,0.02649,visutil_prefix,0.00216,visutil_flatten,0.03589,gbuffer,0.10254,lighting,0.08956,tonemap,0.02936,,0.00000,,0.00000,,0.00000,,0.00000,,0.00000,,0.00000,,0.00000,,0.00000,,0.00000,,0.00000,,0.00000,,0.00000,,0.00000,,0.00000,,0.00000,,0.00000,,0.00000,,0.00000,,0.00000,,0.00000,,0.00000,,0.00000,,0.00000,,0.00000,DonutVisGBuffer,2026-07-30T01:37:27,free,0.35366,0.35958,0.57494,0.35986,0.35507,0.35718,0.36195,0.36749,16641,0,128,100,9,2,0,145,0,0,0,1,auto,unused,120,600,0,0,../../../../../scripts/standard_camera.csv,10,0,0,60,0,1,60,1920,1080,0,0,16,0.5,1.0,128,0.0,0.0,-3.0,0.0,0.0,0.0,0.1,1000.0,0.785,1,255,1,0,0,-1.0,1.0,1.0,0.5,1,1,256,1,100,07_synth_material_class_matrix,0,145,0,success,0,,"Scene CPU cache disabled; rebuilding source scene.
Log saved to: C:\Users\mkkim\myfolder\mydev1\VisibilityBufferInfo\out\build\x64-Release\bin\Release\logs\log_2026-07-30_01-37-29.txt",,
146,07_synth_material_class_matrix,C:\Users\mkkim\AppData\Local\Temp\tvbperf_ny7670fu\run_00146.csv,8,2,0,146,0,0,0,1,auto,unused,120,600,1,0,0,../../../../../scripts/standard_camera.csv,10,0,0,60,0,captures,1,60,1920,1080,1,0,16,0.5,1,0,0,-3,0,0,0,0.1,1000,0.785,1,255,1,0,0,-1,1,1,0.5,128,1,1,256,1,100,total,0.27936,depth_prepass,0.02172,geometry,0.12923,lighting,0.08546,tonemap,0.02981,,0.00000,,0.00000,,0.00000,,0.00000,,0.00000,,0.00000,,0.00000,,0.00000,,0.00000,,0.00000,,0.00000,,0.00000,,0.00000,,0.00000,,0.00000,,0.00000,,0.00000,,0.00000,,0.00000,,0.00000,,0.00000,,0.00000,,0.00000,,0.00000,,0.00000,,0.00000,,0.00000,DonutDeferredPrepass,2026-07-30T01:37:29,free,0.27702,0.27907,0.28758,0.27936,0.27760,0.27824,0.28054,0.28685,16641,0,128,100,8,2,0,146,0,0,0,1,auto,unused,120,600,0,0,../../../../../scripts/standard_camera.csv,10,0,0,60,0,1,60,1920,1080,1,0,16,0.5,1.0,128,0.0,0.0,-3.0,0.0,0.0,0.0,0.1,1000.0,0.785,1,255,1,0,0,-1.0,1.0,1.0,0.5,1,1,256,1,100,07_synth_material_class_matrix,0,146,0,success,0,,"Scene CPU cache disabled; rebuilding source scene.
Log saved to: C:\Users\mkkim\myfolder\mydev1\VisibilityBufferInfo\out\build\x64-Release\bin\Release\logs\log_2026-07-30_01-37-31.txt",,
147,07_synth_material_class_matrix,C:\Users\mkkim\AppData\Local\Temp\tvbperf_ny7670fu\run_00147.csv,9,2,0,147,0,0,0,1,auto,unused,120,600,1,0,0,../../../../../scripts/standard_camera.csv,10,0,0,60,0,captures,1,60,1920,1080,1,0,16,0.5,1,0,0,-3,0,0,0,0.1,1000,0.785,1,255,1,0,0,-1,1,1,0.5,128,1,1,256,1,100,total,0.36043,visibility,0.04182,visutil_histogram,0.02638,visutil_prefix,0.00215,visutil_flatten,0.03590,gbuffer,0.10339,lighting,0.08972,tonemap,0.02930,,0.00000,,0.00000,,0.00000,,0.00000,,0.00000,,0.00000,,0.00000,,0.00000,,0.00000,,0.00000,,0.00000,,0.00000,,0.00000,,0.00000,,0.00000,,0.00000,,0.00000,,0.00000,,0.00000,,0.00000,,0.00000,,0.00000,,0.00000,,0.00000,DonutVisGBuffer,2026-07-30T01:37:31,free,0.35533,0.35994,0.37146,0.36043,0.35648,0.35760,0.36358,0.36730,16641,0,128,100,9,2,0,147,0,0,0,1,auto,unused,120,600,0,0,../../../../../scripts/standard_camera.csv,10,0,0,60,0,1,60,1920,1080,1,0,16,0.5,1.0,128,0.0,0.0,-3.0,0.0,0.0,0.0,0.1,1000.0,0.785,1,255,1,0,0,-1.0,1.0,1.0,0.5,1,1,256,1,100,07_synth_material_class_matrix,0,147,0,success,0,,"Scene CPU cache disabled; rebuilding source scene.
Log saved to: C:\Users\mkkim\myfolder\mydev1\VisibilityBufferInfo\out\build\x64-Release\bin\Release\logs\log_2026-07-30_01-37-33.txt",,
148,07_synth_material_class_matrix,C:\Users\mkkim\AppData\Local\Temp\tvbperf_ny7670fu\run_00148.csv,8,2,0,148,0,0,0,1,auto,unused,120,600,1,0,0,../../../../../scripts/standard_camera.csv,10,0,0,60,0,captures,1,60,1920,1080,0,0,24,0.5,1,0,0,-3,0,0,0,0.1,1000,0.785,1,255,1,0,0,-1,1,1,0.5,128,1,1,256,1,100,total,0.27879,depth_prepass,0.02181,geometry,0.12850,lighting,0.08557,tonemap,0.02990,,0.00000,,0.00000,,0.00000,,0.00000,,0.00000,,0.00000,,0.00000,,0.00000,,0.00000,,0.00000,,0.00000,,0.00000,,0.00000,,0.00000,,0.00000,,0.00000,,0.00000,,0.00000,,0.00000,,0.00000,,0.00000,,0.00000,,0.00000,,0.00000,,0.00000,,0.00000,,0.00000,DonutDeferredPrepass,2026-07-30T01:37:34,free,0.27606,0.27869,0.28602,0.27879,0.27664,0.27741,0.27994,0.28534,16641,0,128,100,8,2,0,148,0,0,0,1,auto,unused,120,600,0,0,../../../../../scripts/standard_camera.csv,10,0,0,60,0,1,60,1920,1080,0,0,24,0.5,1.0,128,0.0,0.0,-3.0,0.0,0.0,0.0,0.1,1000.0,0.785,1,255,1,0,0,-1.0,1.0,1.0,0.5,1,1,256,1,100,07_synth_material_class_matrix,0,148,0,success,0,,"Scene CPU cache disabled; rebuilding source scene.
Log saved to: C:\Users\mkkim\myfolder\mydev1\VisibilityBufferInfo\out\build\x64-Release\bin\Release\logs\log_2026-07-30_01-37-36.txt",,
149,07_synth_material_class_matrix,C:\Users\mkkim\AppData\Local\Temp\tvbperf_ny7670fu\run_00149.csv,9,2,0,149,0,0,0,1,auto,unused,120,600,1,0,0,../../../../../scripts/standard_camera.csv,10,0,0,60,0,captures,1,60,1920,1080,0,0,24,0.5,1,0,0,-3,0,0,0,0.1,1000,0.785,1,255,1,0,0,-1,1,1,0.5,128,1,1,256,1,100,total,0.36264,visibility,0.04170,visutil_histogram,0.02636,visutil_prefix,0.00216,visutil_flatten,0.03595,gbuffer,0.10639,lighting,0.08939,tonemap,0.02929,,0.00000,,0.00000,,0.00000,,0.00000,,0.00000,,0.00000,,0.00000,,0.00000,,0.00000,,0.00000,,0.00000,,0.00000,,0.00000,,0.00000,,0.00000,,0.00000,,0.00000,,0.00000,,0.00000,,0.00000,,0.00000,,0.00000,,0.00000,,0.00000,DonutVisGBuffer,2026-07-30T01:37:36,free,0.35744,0.36208,0.38563,0.36264,0.35875,0.35990,0.36550,0.37155,16641,0,128,100,9,2,0,149,0,0,0,1,auto,unused,120,600,0,0,../../../../../scripts/standard_camera.csv,10,0,0,60,0,1,60,1920,1080,0,0,24,0.5,1.0,128,0.0,0.0,-3.0,0.0,0.0,0.0,0.1,1000.0,0.785,1,255,1,0,0,-1.0,1.0,1.0,0.5,1,1,256,1,100,07_synth_material_class_matrix,0,149,0,success,0,,"Scene CPU cache disabled; rebuilding source scene.
Log saved to: C:\Users\mkkim\myfolder\mydev1\VisibilityBufferInfo\out\build\x64-Release\bin\Release\logs\log_2026-07-30_01-37-38.txt",,
150,07_synth_material_class_matrix,C:\Users\mkkim\AppData\Local\Temp\tvbperf_ny7670fu\run_00150.csv,8,2,0,150,0,0,0,1,auto,unused,120,600,1,0,0,../../../../../scripts/standard_camera.csv,10,0,0,60,0,captures,1,60,1920,1080,1,0,24,0.5,1,0,0,-3,0,0,0,0.1,1000,0.785,1,255,1,0,0,-1,1,1,0.5,128,1,1,256,1,100,total,0.27919,depth_prepass,0.02160,geometry,0.12924,lighting,0.08546,tonemap,0.02986,,0.00000,,0.00000,,0.00000,,0.00000,,0.00000,,0.00000,,0.00000,,0.00000,,0.00000,,0.00000,,0.00000,,0.00000,,0.00000,,0.00000,,0.00000,,0.00000,,0.00000,,0.00000,,0.00000,,0.00000,,0.00000,,0.00000,,0.00000,,0.00000,,0.00000,,0.00000,,0.00000,DonutDeferredPrepass,2026-07-30T01:37:38,free,0.27622,0.27910,0.28813,0.27919,0.27715,0.27792,0.28016,0.28653,16641,0,128,100,8,2,0,150,0,0,0,1,auto,unused,120,600,0,0,../../../../../scripts/standard_camera.csv,10,0,0,60,0,1,60,1920,1080,1,0,24,0.5,1.0,128,0.0,0.0,-3.0,0.0,0.0,0.0,0.1,1000.0,0.785,1,255,1,0,0,-1.0,1.0,1.0,0.5,1,1,256,1,100,07_synth_material_class_matrix,0,150,0,success,0,,"Scene CPU cache disabled; rebuilding source scene.
Log saved to: C:\Users\mkkim\myfolder\mydev1\VisibilityBufferInfo\out\build\x64-Release\bin\Release\logs\log_2026-07-30_01-37-40.txt",,
151,07_synth_material_class_matrix,C:\Users\mkkim\AppData\Local\Temp\tvbperf_ny7670fu\run_00151.csv,9,2,0,151,0,0,0,1,auto,unused,120,600,1,0,0,../../../../../scripts/standard_camera.csv,10,0,0,60,0,captures,1,60,1920,1080,1,0,24,0.5,1,0,0,-3,0,0,0,0.1,1000,0.785,1,255,1,0,0,-1,1,1,0.5,128,1,1,256,1,100,total,0.36368,visibility,0.04181,visutil_histogram,0.02635,visutil_prefix,0.00216,visutil_flatten,0.03594,gbuffer,0.10708,lighting,0.08926,tonemap,0.02928,,0.00000,,0.00000,,0.00000,,0.00000,,0.00000,,0.00000,,0.00000,,0.00000,,0.00000,,0.00000,,0.00000,,0.00000,,0.00000,,0.00000,,0.00000,,0.00000,,0.00000,,0.00000,,0.00000,,0.00000,,0.00000,,0.00000,,0.00000,,0.00000,DonutVisGBuffer,2026-07-30T01:37:40,free,0.35738,0.36378,0.37386,0.36368,0.35939,0.36144,0.36598,0.37014,16641,0,128,100,9,2,0,151,0,0,0,1,auto,unused,120,600,0,0,../../../../../scripts/standard_camera.csv,10,0,0,60,0,1,60,1920,1080,1,0,24,0.5,1.0,128,0.0,0.0,-3.0,0.0,0.0,0.0,0.1,1000.0,0.785,1,255,1,0,0,-1.0,1.0,1.0,0.5,1,1,256,1,100,07_synth_material_class_matrix,0,151,0,success,0,,"Scene CPU cache disabled; rebuilding source scene.
Log saved to: C:\Users\mkkim\myfolder\mydev1\VisibilityBufferInfo\out\build\x64-Release\bin\Release\logs\log_2026-07-30_01-37-43.txt",,
152,07_synth_material_class_matrix,C:\Users\mkkim\AppData\Local\Temp\tvbperf_ny7670fu\run_00152.csv,8,2,0,152,0,0,0,1,auto,unused,120,600,1,0,0,../../../../../scripts/standard_camera.csv,10,0,0,60,0,captures,1,60,1920,1080,0,0,32,0.5,1,0,0,-3,0,0,0,0.1,1000,0.785,1,255,1,0,0,-1,1,1,0.5,128,1,1,256,1,100,total,0.27784,depth_prepass,0.02128,geometry,0.12850,lighting,0.08545,tonemap,0.02972,,0.00000,,0.00000,,0.00000,,0.00000,,0.00000,,0.00000,,0.00000,,0.00000,,0.00000,,0.00000,,0.00000,,0.00000,,0.00000,,0.00000,,0.00000,,0.00000,,0.00000,,0.00000,,0.00000,,0.00000,,0.00000,,0.00000,,0.00000,,0.00000,,0.00000,,0.00000,,0.00000,DonutDeferredPrepass,2026-07-30T01:37:43,free,0.27507,0.27766,0.28598,0.27784,0.27587,0.27651,0.27904,0.28480,16641,0,128,100,8,2,0,152,0,0,0,1,auto,unused,120,600,0,0,../../../../../scripts/standard_camera.csv,10,0,0,60,0,1,60,1920,1080,0,0,32,0.5,1.0,128,0.0,0.0,-3.0,0.0,0.0,0.0,0.1,1000.0,0.785,1,255,1,0,0,-1.0,1.0,1.0,0.5,1,1,256,1,100,07_synth_material_class_matrix,0,152,0,success,0,,"Scene CPU cache disabled; rebuilding source scene.
Log saved to: C:\Users\mkkim\myfolder\mydev1\VisibilityBufferInfo\out\build\x64-Release\bin\Release\logs\log_2026-07-30_01-37-45.txt",,
153,07_synth_material_class_matrix,C:\Users\mkkim\AppData\Local\Temp\tvbperf_ny7670fu\run_00153.csv,9,2,0,153,0,0,0,1,auto,unused,120,600,1,0,0,../../../../../scripts/standard_camera.csv,10,0,0,60,0,captures,1,60,1920,1080,0,0,32,0.5,1,0,0,-3,0,0,0,0.1,1000,0.785,1,255,1,0,0,-1,1,1,0.5,128,1,1,256,1,100,total,0.36802,visibility,0.04176,visutil_histogram,0.02638,visutil_prefix,0.00210,visutil_flatten,0.03593,gbuffer,0.11187,lighting,0.08903,tonemap,0.02926,,0.00000,,0.00000,,0.00000,,0.00000,,0.00000,,0.00000,,0.00000,,0.00000,,0.00000,,0.00000,,0.00000,,0.00000,,0.00000,,0.00000,,0.00000,,0.00000,,0.00000,,0.00000,,0.00000,,0.00000,,0.00000,,0.00000,,0.00000,,0.00000,DonutVisGBuffer,2026-07-30T01:37:45,free,0.36285,0.36787,0.37827,0.36802,0.36384,0.36566,0.37021,0.37606,16641,0,128,100,9,2,0,153,0,0,0,1,auto,unused,120,600,0,0,../../../../../scripts/standard_camera.csv,10,0,0,60,0,1,60,1920,1080,0,0,32,0.5,1.0,128,0.0,0.0,-3.0,0.0,0.0,0.0,0.1,1000.0,0.785,1,255,1,0,0,-1.0,1.0,1.0,0.5,1,1,256,1,100,07_synth_material_class_matrix,0,153,0,success,0,,"Scene CPU cache disabled; rebuilding source scene.
Log saved to: C:\Users\mkkim\myfolder\mydev1\VisibilityBufferInfo\out\build\x64-Release\bin\Release\logs\log_2026-07-30_01-37-48.txt",,
154,07_synth_material_class_matrix,C:\Users\mkkim\AppData\Local\Temp\tvbperf_ny7670fu\run_00154.csv,8,2,0,154,0,0,0,1,auto,unused,120,600,1,0,0,../../../../../scripts/standard_camera.csv,10,0,0,60,0,captures,1,60,1920,1080,1,0,32,0.5,1,0,0,-3,0,0,0,0.1,1000,0.785,1,255,1,0,0,-1,1,1,0.5,128,1,1,256,1,100,total,0.27907,depth_prepass,0.02152,geometry,0.12921,lighting,0.08545,tonemap,0.02994,,0.00000,,0.00000,,0.00000,,0.00000,,0.00000,,0.00000,,0.00000,,0.00000,,0.00000,,0.00000,,0.00000,,0.00000,,0.00000,,0.00000,,0.00000,,0.00000,,0.00000,,0.00000,,0.00000,,0.00000,,0.00000,,0.00000,,0.00000,,0.00000,,0.00000,,0.00000,,0.00000,DonutDeferredPrepass,2026-07-30T01:37:48,free,0.27558,0.27888,0.28739,0.27907,0.27702,0.27773,0.28032,0.28634,16641,0,128,100,8,2,0,154,0,0,0,1,auto,unused,120,600,0,0,../../../../../scripts/standard_camera.csv,10,0,0,60,0,1,60,1920,1080,1,0,32,0.5,1.0,128,0.0,0.0,-3.0,0.0,0.0,0.0,0.1,1000.0,0.785,1,255,1,0,0,-1.0,1.0,1.0,0.5,1,1,256,1,100,07_synth_material_class_matrix,0,154,0,success,0,,"Scene CPU cache disabled; rebuilding source scene.
Log saved to: C:\Users\mkkim\myfolder\mydev1\VisibilityBufferInfo\out\build\x64-Release\bin\Release\logs\log_2026-07-30_01-37-50.txt",,
155,07_synth_material_class_matrix,C:\Users\mkkim\AppData\Local\Temp\tvbperf_ny7670fu\run_00155.csv,9,2,0,155,0,0,0,1,auto,unused,120,600,1,0,0,../../../../../scripts/standard_camera.csv,10,0,0,60,0,captures,1,60,1920,1080,1,0,32,0.5,1,0,0,-3,0,0,0,0.1,1000,0.785,1,255,1,0,0,-1,1,1,0.5,128,1,1,256,1,100,total,0.36809,visibility,0.04186,visutil_histogram,0.02637,visutil_prefix,0.00210,visutil_flatten,0.03593,gbuffer,0.11131,lighting,0.08926,tonemap,0.02929,,0.00000,,0.00000,,0.00000,,0.00000,,0.00000,,0.00000,,0.00000,,0.00000,,0.00000,,0.00000,,0.00000,,0.00000,,0.00000,,0.00000,,0.00000,,0.00000,,0.00000,,0.00000,,0.00000,,0.00000,,0.00000,,0.00000,,0.00000,,0.00000,DonutVisGBuffer,2026-07-30T01:37:50,free,0.36144,0.36790,0.48758,0.36809,0.36326,0.36544,0.37021,0.37478,16641,0,128,100,9,2,0,155,0,0,0,1,auto,unused,120,600,0,0,../../../../../scripts/standard_camera.csv,10,0,0,60,0,1,60,1920,1080,1,0,32,0.5,1.0,128,0.0,0.0,-3.0,0.0,0.0,0.0,0.1,1000.0,0.785,1,255,1,0,0,-1.0,1.0,1.0,0.5,1,1,256,1,100,07_synth_material_class_matrix,0,155,0,success,0,,"Scene CPU cache disabled; rebuilding source scene.
Log saved to: C:\Users\mkkim\myfolder\mydev1\VisibilityBufferInfo\out\build\x64-Release\bin\Release\logs\log_2026-07-30_01-37-53.txt",,
156,07_synth_material_class_matrix,C:\Users\mkkim\AppData\Local\Temp\tvbperf_ny7670fu\run_00156.csv,8,2,0,156,0,0,0,1,auto,unused,120,600,1,0,0,../../../../../scripts/standard_camera.csv,10,0,0,60,0,captures,1,60,1920,1080,0,0,48,0.5,1,0,0,-3,0,0,0,0.1,1000,0.785,1,255,1,0,0,-1,1,1,0.5,128,1,1,256,1,100,total,0.27803,depth_prepass,0.02148,geometry,0.12849,lighting,0.08549,tonemap,0.02979,,0.00000,,0.00000,,0.00000,,0.00000,,0.00000,,0.00000,,0.00000,,0.00000,,0.00000,,0.00000,,0.00000,,0.00000,,0.00000,,0.00000,,0.00000,,0.00000,,0.00000,,0.00000,,0.00000,,0.00000,,0.00000,,0.00000,,0.00000,,0.00000,,0.00000,,0.00000,,0.00000,DonutDeferredPrepass,2026-07-30T01:37:53,free,0.27574,0.27782,0.28653,0.27803,0.27610,0.27670,0.27930,0.28474,16641,0,128,100,8,2,0,156,0,0,0,1,auto,unused,120,600,0,0,../../../../../scripts/standard_camera.csv,10,0,0,60,0,1,60,1920,1080,0,0,48,0.5,1.0,128,0.0,0.0,-3.0,0.0,0.0,0.0,0.1,1000.0,0.785,1,255,1,0,0,-1.0,1.0,1.0,0.5,1,1,256,1,100,07_synth_material_class_matrix,0,156,0,success,0,,"Scene CPU cache disabled; rebuilding source scene.
Log saved to: C:\Users\mkkim\myfolder\mydev1\VisibilityBufferInfo\out\build\x64-Release\bin\Release\logs\log_2026-07-30_01-37-55.txt",,
157,07_synth_material_class_matrix,C:\Users\mkkim\AppData\Local\Temp\tvbperf_ny7670fu\run_00157.csv,9,2,0,157,0,0,0,1,auto,unused,120,600,1,0,0,../../../../../scripts/standard_camera.csv,10,0,0,60,0,captures,1,60,1920,1080,0,0,48,0.5,1,0,0,-3,0,0,0,0.1,1000,0.785,1,255,1,0,0,-1,1,1,0.5,128,1,1,256,1,100,total,0.38061,visibility,0.04165,visutil_histogram,0.02648,visutil_prefix,0.00213,visutil_flatten,0.03590,gbuffer,0.12477,lighting,0.08854,tonemap,0.02930,,0.00000,,0.00000,,0.00000,,0.00000,,0.00000,,0.00000,,0.00000,,0.00000,,0.00000,,0.00000,,0.00000,,0.00000,,0.00000,,0.00000,,0.00000,,0.00000,,0.00000,,0.00000,,0.00000,,0.00000,,0.00000,,0.00000,,0.00000,,0.00000,DonutVisGBuffer,2026-07-30T01:37:55,free,0.37523,0.38029,0.39184,0.38061,0.37619,0.37798,0.38352,0.38858,16641,0,128,100,9,2,0,157,0,0,0,1,auto,unused,120,600,0,0,../../../../../scripts/standard_camera.csv,10,0,0,60,0,1,60,1920,1080,0,0,48,0.5,1.0,128,0.0,0.0,-3.0,0.0,0.0,0.0,0.1,1000.0,0.785,1,255,1,0,0,-1.0,1.0,1.0,0.5,1,1,256,1,100,07_synth_material_class_matrix,0,157,0,success,0,,"Scene CPU cache disabled; rebuilding source scene.
Log saved to: C:\Users\mkkim\myfolder\mydev1\VisibilityBufferInfo\out\build\x64-Release\bin\Release\logs\log_2026-07-30_01-37-58.txt",,
158,07_synth_material_class_matrix,C:\Users\mkkim\AppData\Local\Temp\tvbperf_ny7670fu\run_00158.csv,8,2,0,158,0,0,0,1,auto,unused,120,600,1,0,0,../../../../../scripts/standard_camera.csv,10,0,0,60,0,captures,1,60,1920,1080,1,0,48,0.5,1,0,0,-3,0,0,0,0.1,1000,0.785,1,255,1,0,0,-1,1,1,0.5,128,1,1,256,1,100,total,0.27983,depth_prepass,0.02201,geometry,0.12919,lighting,0.08557,tonemap,0.02984,,0.00000,,0.00000,,0.00000,,0.00000,,0.00000,,0.00000,,0.00000,,0.00000,,0.00000,,0.00000,,0.00000,,0.00000,,0.00000,,0.00000,,0.00000,,0.00000,,0.00000,,0.00000,,0.00000,,0.00000,,0.00000,,0.00000,,0.00000,,0.00000,,0.00000,,0.00000,,0.00000,DonutDeferredPrepass,2026-07-30T01:37:58,free,0.27686,0.27974,0.28906,0.27983,0.27770,0.27843,0.28099,0.28685,16641,0,128,100,8,2,0,158,0,0,0,1,auto,unused,120,600,0,0,../../../../../scripts/standard_camera.csv,10,0,0,60,0,1,60,1920,1080,1,0,48,0.5,1.0,128,0.0,0.0,-3.0,0.0,0.0,0.0,0.1,1000.0,0.785,1,255,1,0,0,-1.0,1.0,1.0,0.5,1,1,256,1,100,07_synth_material_class_matrix,0,158,0,success,0,,"Scene CPU cache disabled; rebuilding source scene.
Log saved to: C:\Users\mkkim\myfolder\mydev1\VisibilityBufferInfo\out\build\x64-Release\bin\Release\logs\log_2026-07-30_01-38-00.txt",,
159,07_synth_material_class_matrix,C:\Users\mkkim\AppData\Local\Temp\tvbperf_ny7670fu\run_00159.csv,9,2,0,159,0,0,0,1,auto,unused,120,600,1,0,0,../../../../../scripts/standard_camera.csv,10,0,0,60,0,captures,1,60,1920,1080,1,0,48,0.5,1,0,0,-3,0,0,0,0.1,1000,0.785,1,255,1,0,0,-1,1,1,0.5,128,1,1,256,1,100,total,0.38078,visibility,0.04178,visutil_histogram,0.02647,visutil_prefix,0.00212,visutil_flatten,0.03592,gbuffer,0.12464,lighting,0.08884,tonemap,0.02925,,0.00000,,0.00000,,0.00000,,0.00000,,0.00000,,0.00000,,0.00000,,0.00000,,0.00000,,0.00000,,0.00000,,0.00000,,0.00000,,0.00000,,0.00000,,0.00000,,0.00000,,0.00000,,0.00000,,0.00000,,0.00000,,0.00000,,0.00000,,0.00000,DonutVisGBuffer,2026-07-30T01:38:00,free,0.37523,0.38035,0.38877,0.38078,0.37632,0.37814,0.38301,0.38656,16641,0,128,100,9,2,0,159,0,0,0,1,auto,unused,120,600,0,0,../../../../../scripts/standard_camera.csv,10,0,0,60,0,1,60,1920,1080,1,0,48,0.5,1.0,128,0.0,0.0,-3.0,0.0,0.0,0.0,0.1,1000.0,0.785,1,255,1,0,0,-1.0,1.0,1.0,0.5,1,1,256,1,100,07_synth_material_class_matrix,0,159,0,success,0,,"Scene CPU cache disabled; rebuilding source scene.
Log saved to: C:\Users\mkkim\myfolder\mydev1\VisibilityBufferInfo\out\build\x64-Release\bin\Release\logs\log_2026-07-30_01-38-03.txt",,
160,07_synth_material_class_matrix,C:\Users\mkkim\AppData\Local\Temp\tvbperf_ny7670fu\run_00160.csv,8,2,0,160,0,0,0,1,auto,unused,120,600,1,0,0,../../../../../scripts/standard_camera.csv,10,0,0,60,0,captures,1,60,1920,1080,0,0,64,0.5,1,0,0,-3,0,0,0,0.1,1000,0.785,1,255,1,0,0,-1,1,1,0.5,128,1,1,256,1,100,total,0.27809,depth_prepass,0.02131,geometry,0.12854,lighting,0.08544,tonemap,0.02988,,0.00000,,0.00000,,0.00000,,0.00000,,0.00000,,0.00000,,0.00000,,0.00000,,0.00000,,0.00000,,0.00000,,0.00000,,0.00000,,0.00000,,0.00000,,0.00000,,0.00000,,0.00000,,0.00000,,0.00000,,0.00000,,0.00000,,0.00000,,0.00000,,0.00000,,0.00000,,0.00000,DonutDeferredPrepass,2026-07-30T01:38:03,free,0.27530,0.27798,0.28698,0.27809,0.27603,0.27680,0.27923,0.28483,16641,0,128,100,8,2,0,160,0,0,0,1,auto,unused,120,600,0,0,../../../../../scripts/standard_camera.csv,10,0,0,60,0,1,60,1920,1080,0,0,64,0.5,1.0,128,0.0,0.0,-3.0,0.0,0.0,0.0,0.1,1000.0,0.785,1,255,1,0,0,-1.0,1.0,1.0,0.5,1,1,256,1,100,07_synth_material_class_matrix,0,160,0,success,0,,"Scene CPU cache disabled; rebuilding source scene.
Log saved to: C:\Users\mkkim\myfolder\mydev1\VisibilityBufferInfo\out\build\x64-Release\bin\Release\logs\log_2026-07-30_01-38-05.txt",,
161,07_synth_material_class_matrix,C:\Users\mkkim\AppData\Local\Temp\tvbperf_ny7670fu\run_00161.csv,9,2,0,161,0,0,0,1,auto,unused,120,600,1,0,0,../../../../../scripts/standard_camera.csv,10,0,0,60,0,captures,1,60,1920,1080,0,0,64,0.5,1,0,0,-3,0,0,0,0.1,1000,0.785,1,255,1,0,0,-1,1,1,0.5,128,1,1,256,1,100,total,0.40434,visibility,0.04204,visutil_histogram,0.02667,visutil_prefix,0.00209,visutil_flatten,0.03586,gbuffer,0.14468,lighting,0.08860,tonemap,0.03254,,0.00000,,0.00000,,0.00000,,0.00000,,0.00000,,0.00000,,0.00000,,0.00000,,0.00000,,0.00000,,0.00000,,0.00000,,0.00000,,0.00000,,0.00000,,0.00000,,0.00000,,0.00000,,0.00000,,0.00000,,0.00000,,0.00000,,0.00000,,0.00000,DonutVisGBuffer,2026-07-30T01:38:05,free,0.38813,0.39638,0.59706,0.40434,0.38982,0.39242,0.43302,0.43747,16641,0,128,100,9,2,0,161,0,0,0,1,auto,unused,120,600,0,0,../../../../../scripts/standard_camera.csv,10,0,0,60,0,1,60,1920,1080,0,0,64,0.5,1.0,128,0.0,0.0,-3.0,0.0,0.0,0.0,0.1,1000.0,0.785,1,255,1,0,0,-1.0,1.0,1.0,0.5,1,1,256,1,100,07_synth_material_class_matrix,0,161,0,success,0,,"Scene CPU cache disabled; rebuilding source scene.
Log saved to: C:\Users\mkkim\myfolder\mydev1\VisibilityBufferInfo\out\build\x64-Release\bin\Release\logs\log_2026-07-30_01-38-09.txt",,
162,07_synth_material_class_matrix,C:\Users\mkkim\AppData\Local\Temp\tvbperf_ny7670fu\run_00162.csv,8,2,0,162,0,0,0,1,auto,unused,120,600,1,0,0,../../../../../scripts/standard_camera.csv,10,0,0,60,0,captures,1,60,1920,1080,1,0,64,0.5,1,0,0,-3,0,0,0,0.1,1000,0.785,1,255,1,0,0,-1,1,1,0.5,128,1,1,256,1,100,total,0.27894,depth_prepass,0.02164,geometry,0.12920,lighting,0.08553,tonemap,0.02951,,0.00000,,0.00000,,0.00000,,0.00000,,0.00000,,0.00000,,0.00000,,0.00000,,0.00000,,0.00000,,0.00000,,0.00000,,0.00000,,0.00000,,0.00000,,0.00000,,0.00000,,0.00000,,0.00000,,0.00000,,0.00000,,0.00000,,0.00000,,0.00000,,0.00000,,0.00000,,0.00000,DonutDeferredPrepass,2026-07-30T01:38:09,free,0.27587,0.27872,0.31597,0.27894,0.27667,0.27741,0.28006,0.28563,16641,0,128,100,8,2,0,162,0,0,0,1,auto,unused,120,600,0,0,../../../../../scripts/standard_camera.csv,10,0,0,60,0,1,60,1920,1080,1,0,64,0.5,1.0,128,0.0,0.0,-3.0,0.0,0.0,0.0,0.1,1000.0,0.785,1,255,1,0,0,-1.0,1.0,1.0,0.5,1,1,256,1,100,07_synth_material_class_matrix,0,162,0,success,0,,"Scene CPU cache disabled; rebuilding source scene.
Log saved to: C:\Users\mkkim\myfolder\mydev1\VisibilityBufferInfo\out\build\x64-Release\bin\Release\logs\log_2026-07-30_01-38-10.txt",,
163,07_synth_material_class_matrix,C:\Users\mkkim\AppData\Local\Temp\tvbperf_ny7670fu\run_00163.csv,9,2,0,163,0,0,0,1,auto,unused,120,600,1,0,0,../../../../../scripts/standard_camera.csv,10,0,0,60,0,captures,1,60,1920,1080,1,0,64,0.5,1,0,0,-3,0,0,0,0.1,1000,0.785,1,255,1,0,0,-1,1,1,0.5,128,1,1,256,1,100,total,0.41016,visibility,0.04249,visutil_histogram,0.02686,visutil_prefix,0.00211,visutil_flatten,0.03586,gbuffer,0.14701,lighting,0.08884,tonemap,0.03481,,0.00000,,0.00000,,0.00000,,0.00000,,0.00000,,0.00000,,0.00000,,0.00000,,0.00000,,0.00000,,0.00000,,0.00000,,0.00000,,0.00000,,0.00000,,0.00000,,0.00000,,0.00000,,0.00000,,0.00000,,0.00000,,0.00000,,0.00000,,0.00000,DonutVisGBuffer,2026-07-30T01:38:10,free,0.38794,0.39840,0.47888,0.41016,0.39046,0.39283,0.43286,0.44378,16641,0,128,100,9,2,0,163,0,0,0,1,auto,unused,120,600,0,0,../../../../../scripts/standard_camera.csv,10,0,0,60,0,1,60,1920,1080,1,0,64,0.5,1.0,128,0.0,0.0,-3.0,0.0,0.0,0.0,0.1,1000.0,0.785,1,255,1,0,0,-1.0,1.0,1.0,0.5,1,1,256,1,100,07_synth_material_class_matrix,0,163,0,success,0,,"Scene CPU cache disabled; rebuilding source scene.
Log saved to: C:\Users\mkkim\myfolder\mydev1\VisibilityBufferInfo\out\build\x64-Release\bin\Release\logs\log_2026-07-30_01-38-15.txt",,
164,07_synth_material_class_matrix,C:\Users\mkkim\AppData\Local\Temp\tvbperf_ny7670fu\run_00164.csv,8,2,0,164,0,0,0,1,auto,unused,120,600,1,0,0,../../../../../scripts/standard_camera.csv,10,0,0,60,0,captures,1,60,1920,1080,0,0,96,0.5,1,0,0,-3,0,0,0,0.1,1000,0.785,1,255,1,0,0,-1,1,1,0.5,128,1,1,256,1,100,total,0.27827,depth_prepass,0.02142,geometry,0.12849,lighting,0.08544,tonemap,0.02996,,0.00000,,0.00000,,0.00000,,0.00000,,0.00000,,0.00000,,0.00000,,0.00000,,0.00000,,0.00000,,0.00000,,0.00000,,0.00000,,0.00000,,0.00000,,0.00000,,0.00000,,0.00000,,0.00000,,0.00000,,0.00000,,0.00000,,0.00000,,0.00000,,0.00000,,0.00000,,0.00000,DonutDeferredPrepass,2026-07-30T01:38:15,free,0.27514,0.27814,0.28640,0.27827,0.27587,0.27693,0.27942,0.28506,16641,0,128,100,8,2,0,164,0,0,0,1,auto,unused,120,600,0,0,../../../../../scripts/standard_camera.csv,10,0,0,60,0,1,60,1920,1080,0,0,96,0.5,1.0,128,0.0,0.0,-3.0,0.0,0.0,0.0,0.1,1000.0,0.785,1,255,1,0,0,-1.0,1.0,1.0,0.5,1,1,256,1,100,07_synth_material_class_matrix,0,164,0,success,0,,"Scene CPU cache disabled; rebuilding source scene.
Log saved to: C:\Users\mkkim\myfolder\mydev1\VisibilityBufferInfo\out\build\x64-Release\bin\Release\logs\log_2026-07-30_01-38-16.txt",,
165,07_synth_material_class_matrix,C:\Users\mkkim\AppData\Local\Temp\tvbperf_ny7670fu\run_00165.csv,9,2,0,165,0,0,0,1,auto,unused,120,600,1,0,0,../../../../../scripts/standard_camera.csv,10,0,0,60,0,captures,1,60,1920,1080,0,0,96,0.5,1,0,0,-3,0,0,0,0.1,1000,0.785,1,255,1,0,0,-1,1,1,0.5,128,1,1,256,1,100,total,0.43228,visibility,0.04222,visutil_histogram,0.02707,visutil_prefix,0.00207,visutil_flatten,0.03580,gbuffer,0.16780,lighting,0.08892,tonemap,0.03620,,0.00000,,0.00000,,0.00000,,0.00000,,0.00000,,0.00000,,0.00000,,0.00000,,0.00000,,0.00000,,0.00000,,0.00000,,0.00000,,0.00000,,0.00000,,0.00000,,0.00000,,0.00000,,0.00000,,0.00000,,0.00000,,0.00000,,0.00000,,0.00000,DonutVisGBuffer,2026-07-30T01:38:17,free,0.40234,0.42941,0.62560,0.43228,0.40592,0.41050,0.45398,0.46842,16641,0,128,100,9,2,0,165,0,0,0,1,auto,unused,120,600,0,0,../../../../../scripts/standard_camera.csv,10,0,0,60,0,1,60,1920,1080,0,0,96,0.5,1.0,128,0.0,0.0,-3.0,0.0,0.0,0.0,0.1,1000.0,0.785,1,255,1,0,0,-1.0,1.0,1.0,0.5,1,1,256,1,100,07_synth_material_class_matrix,0,165,0,success,0,,"Scene CPU cache disabled; rebuilding source scene.
Log saved to: C:\Users\mkkim\myfolder\mydev1\VisibilityBufferInfo\out\build\x64-Release\bin\Release\logs\log_2026-07-30_01-38-21.txt",,
166,07_synth_material_class_matrix,C:\Users\mkkim\AppData\Local\Temp\tvbperf_ny7670fu\run_00166.csv,8,2,0,166,0,0,0,1,auto,unused,120,600,1,0,0,../../../../../scripts/standard_camera.csv,10,0,0,60,0,captures,1,60,1920,1080,1,0,96,0.5,1,0,0,-3,0,0,0,0.1,1000,0.785,1,255,1,0,0,-1,1,1,0.5,128,1,1,256,1,100,total,0.27899,depth_prepass,0.02153,geometry,0.12928,lighting,0.08546,tonemap,0.02986,,0.00000,,0.00000,,0.00000,,0.00000,,0.00000,,0.00000,,0.00000,,0.00000,,0.00000,,0.00000,,0.00000,,0.00000,,0.00000,,0.00000,,0.00000,,0.00000,,0.00000,,0.00000,,0.00000,,0.00000,,0.00000,,0.00000,,0.00000,,0.00000,,0.00000,,0.00000,,0.00000,DonutDeferredPrepass,2026-07-30T01:38:21,free,0.27600,0.27869,0.29312,0.27899,0.27690,0.27770,0.28013,0.28621,16641,0,128,100,8,2,0,166,0,0,0,1,auto,unused,120,600,0,0,../../../../../scripts/standard_camera.csv,10,0,0,60,0,1,60,1920,1080,1,0,96,0.5,1.0,128,0.0,0.0,-3.0,0.0,0.0,0.0,0.1,1000.0,0.785,1,255,1,0,0,-1.0,1.0,1.0,0.5,1,1,256,1,100,07_synth_material_class_matrix,0,166,0,success,0,,"Scene CPU cache disabled; rebuilding source scene.
Log saved to: C:\Users\mkkim\myfolder\mydev1\VisibilityBufferInfo\out\build\x64-Release\bin\Release\logs\log_2026-07-30_01-38-23.txt",,
167,07_synth_material_class_matrix,C:\Users\mkkim\AppData\Local\Temp\tvbperf_ny7670fu\run_00167.csv,9,2,0,167,0,0,0,1,auto,unused,120,600,1,0,0,../../../../../scripts/standard_camera.csv,10,0,0,60,0,captures,1,60,1920,1080,1,0,96,0.5,1,0,0,-3,0,0,0,0.1,1000,0.785,1,255,1,0,0,-1,1,1,0.5,128,1,1,256,1,100,total,0.42558,visibility,0.04216,visutil_histogram,0.02683,visutil_prefix,0.00205,visutil_flatten,0.03582,gbuffer,0.16472,lighting,0.08820,tonemap,0.03354,,0.00000,,0.00000,,0.00000,,0.00000,,0.00000,,0.00000,,0.00000,,0.00000,,0.00000,,0.00000,,0.00000,,0.00000,,0.00000,,0.00000,,0.00000,,0.00000,,0.00000,,0.00000,,0.00000,,0.00000,,0.00000,,0.00000,,0.00000,,0.00000,DonutVisGBuffer,2026-07-30T01:38:23,free,0.40259,0.41498,0.64029,0.42558,0.40627,0.41024,0.45293,0.46470,16641,0,128,100,9,2,0,167,0,0,0,1,auto,unused,120,600,0,0,../../../../../scripts/standard_camera.csv,10,0,0,60,0,1,60,1920,1080,1,0,96,0.5,1.0,128,0.0,0.0,-3.0,0.0,0.0,0.0,0.1,1000.0,0.785,1,255,1,0,0,-1.0,1.0,1.0,0.5,1,1,256,1,100,07_synth_material_class_matrix,0,167,0,success,0,,"Scene CPU cache disabled; rebuilding source scene.
Log saved to: C:\Users\mkkim\myfolder\mydev1\VisibilityBufferInfo\out\build\x64-Release\bin\Release\logs\log_2026-07-30_01-38-27.txt",,
168,07_synth_material_class_matrix,C:\Users\mkkim\AppData\Local\Temp\tvbperf_ny7670fu\run_00168.csv,8,2,0,168,0,0,0,1,auto,unused,120,600,1,0,0,../../../../../scripts/standard_camera.csv,10,0,0,60,0,captures,1,60,1920,1080,0,0,128,0.5,1,0,0,-3,0,0,0,0.1,1000,0.785,1,255,1,0,0,-1,1,1,0.5,128,1,1,256,1,100,total,0.27804,depth_prepass,0.02127,geometry,0.12850,lighting,0.08544,tonemap,0.02992,,0.00000,,0.00000,,0.00000,,0.00000,,0.00000,,0.00000,,0.00000,,0.00000,,0.00000,,0.00000,,0.00000,,0.00000,,0.00000,,0.00000,,0.00000,,0.00000,,0.00000,,0.00000,,0.00000,,0.00000,,0.00000,,0.00000,,0.00000,,0.00000,,0.00000,,0.00000,,0.00000,DonutDeferredPrepass,2026-07-30T01:38:27,free,0.27504,0.27795,0.28598,0.27804,0.27558,0.27664,0.27920,0.28474,16641,0,128,100,8,2,0,168,0,0,0,1,auto,unused,120,600,0,0,../../../../../scripts/standard_camera.csv,10,0,0,60,0,1,60,1920,1080,0,0,128,0.5,1.0,128,0.0,0.0,-3.0,0.0,0.0,0.0,0.1,1000.0,0.785,1,255,1,0,0,-1.0,1.0,1.0,0.5,1,1,256,1,100,07_synth_material_class_matrix,0,168,0,success,0,,"Scene CPU cache disabled; rebuilding source scene.
Log saved to: C:\Users\mkkim\myfolder\mydev1\VisibilityBufferInfo\out\build\x64-Release\bin\Release\logs\log_2026-07-30_01-38-29.txt",,
169,07_synth_material_class_matrix,C:\Users\mkkim\AppData\Local\Temp\tvbperf_ny7670fu\run_00169.csv,9,2,0,169,0,0,0,1,auto,unused,120,600,1,0,0,../../../../../scripts/standard_camera.csv,10,0,0,60,0,captures,1,60,1920,1080,0,0,128,0.5,1,0,0,-3,0,0,0,0.1,1000,0.785,1,255,1,0,0,-1,1,1,0.5,128,1,1,256,1,100,total,0.44288,visibility,0.04218,visutil_histogram,0.02716,visutil_prefix,0.00211,visutil_flatten,0.03574,gbuffer,0.17834,lighting,0.08860,tonemap,0.03663,,0.00000,,0.00000,,0.00000,,0.00000,,0.00000,,0.00000,,0.00000,,0.00000,,0.00000,,0.00000,,0.00000,,0.00000,,0.00000,,0.00000,,0.00000,,0.00000,,0.00000,,0.00000,,0.00000,,0.00000,,0.00000,,0.00000,,0.00000,,0.00000,DonutVisGBuffer,2026-07-30T01:38:29,free,0.41232,0.45267,0.58950,0.44288,0.41498,0.41926,0.46477,0.47229,16641,0,128,100,9,2,0,169,0,0,0,1,auto,unused,120,600,0,0,../../../../../scripts/standard_camera.csv,10,0,0,60,0,1,60,1920,1080,0,0,128,0.5,1.0,128,0.0,0.0,-3.0,0.0,0.0,0.0,0.1,1000.0,0.785,1,255,1,0,0,-1.0,1.0,1.0,0.5,1,1,256,1,100,07_synth_material_class_matrix,0,169,0,success,0,,"Scene CPU cache disabled; rebuilding source scene.
Log saved to: C:\Users\mkkim\myfolder\mydev1\VisibilityBufferInfo\out\build\x64-Release\bin\Release\logs\log_2026-07-30_01-38-34.txt",,
170,07_synth_material_class_matrix,C:\Users\mkkim\AppData\Local\Temp\tvbperf_ny7670fu\run_00170.csv,8,2,0,170,0,0,0,1,auto,unused,120,600,1,0,0,../../../../../scripts/standard_camera.csv,10,0,0,60,0,captures,1,60,1920,1080,1,0,128,0.5,1,0,0,-3,0,0,0,0.1,1000,0.785,1,255,1,0,0,-1,1,1,0.5,128,1,1,256,1,100,total,0.27928,depth_prepass,0.02188,geometry,0.12920,lighting,0.08546,tonemap,0.02967,,0.00000,,0.00000,,0.00000,,0.00000,,0.00000,,0.00000,,0.00000,,0.00000,,0.00000,,0.00000,,0.00000,,0.00000,,0.00000,,0.00000,,0.00000,,0.00000,,0.00000,,0.00000,,0.00000,,0.00000,,0.00000,,0.00000,,0.00000,,0.00000,,0.00000,,0.00000,,0.00000,DonutDeferredPrepass,2026-07-30T01:38:34,free,0.27629,0.27901,0.29149,0.27928,0.27706,0.27798,0.28042,0.28627,16641,0,128,100,8,2,0,170,0,0,0,1,auto,unused,120,600,0,0,../../../../../scripts/standard_camera.csv,10,0,0,60,0,1,60,1920,1080,1,0,128,0.5,1.0,128,0.0,0.0,-3.0,0.0,0.0,0.0,0.1,1000.0,0.785,1,255,1,0,0,-1.0,1.0,1.0,0.5,1,1,256,1,100,07_synth_material_class_matrix,0,170,0,success,0,,"Scene CPU cache disabled; rebuilding source scene.
Log saved to: C:\Users\mkkim\myfolder\mydev1\VisibilityBufferInfo\out\build\x64-Release\bin\Release\logs\log_2026-07-30_01-38-36.txt",,
171,07_synth_material_class_matrix,C:\Users\mkkim\AppData\Local\Temp\tvbperf_ny7670fu\run_00171.csv,9,2,0,171,0,0,0,1,auto,unused,120,600,1,0,0,../../../../../scripts/standard_camera.csv,10,0,0,60,0,captures,1,60,1920,1080,1,0,128,0.5,1,0,0,-3,0,0,0,0.1,1000,0.785,1,255,1,0,0,-1,1,1,0.5,128,1,1,256,1,100,total,0.44488,visibility,0.04237,visutil_histogram,0.02715,visutil_prefix,0.00211,visutil_flatten,0.03576,gbuffer,0.17924,lighting,0.08862,tonemap,0.03740,,0.00000,,0.00000,,0.00000,,0.00000,,0.00000,,0.00000,,0.00000,,0.00000,,0.00000,,0.00000,,0.00000,,0.00000,,0.00000,,0.00000,,0.00000,,0.00000,,0.00000,,0.00000,,0.00000,,0.00000,,0.00000,,0.00000,,0.00000,,0.00000,DonutVisGBuffer,2026-07-30T01:38:36,free,0.41485,0.45379,0.65923,0.44488,0.41667,0.42077,0.46544,0.47754,16641,0,128,100,9,2,0,171,0,0,0,1,auto,unused,120,600,0,0,../../../../../scripts/standard_camera.csv,10,0,0,60,0,1,60,1920,1080,1,0,128,0.5,1.0,128,0.0,0.0,-3.0,0.0,0.0,0.0,0.1,1000.0,0.785,1,255,1,0,0,-1.0,1.0,1.0,0.5,1,1,256,1,100,07_synth_material_class_matrix,0,171,0,success,0,,"Scene CPU cache disabled; rebuilding source scene.
Log saved to: C:\Users\mkkim\myfolder\mydev1\VisibilityBufferInfo\out\build\x64-Release\bin\Release\logs\log_2026-07-30_01-38-41.txt",,
172,07_synth_material_class_matrix,C:\Users\mkkim\AppData\Local\Temp\tvbperf_ny7670fu\run_00172.csv,8,2,0,172,0,0,0,1,auto,unused,120,600,1,0,0,../../../../../scripts/standard_camera.csv,10,0,0,60,0,captures,1,60,1920,1080,0,0,192,0.5,1,0,0,-3,0,0,0,0.1,1000,0.785,1,255,1,0,0,-1,1,1,0.5,128,1,1,256,1,100,total,0.27820,depth_prepass,0.02133,geometry,0.12855,lighting,0.08545,tonemap,0.02991,,0.00000,,0.00000,,0.00000,,0.00000,,0.00000,,0.00000,,0.00000,,0.00000,,0.00000,,0.00000,,0.00000,,0.00000,,0.00000,,0.00000,,0.00000,,0.00000,,0.00000,,0.00000,,0.00000,,0.00000,,0.00000,,0.00000,,0.00000,,0.00000,,0.00000,,0.00000,,0.00000,DonutDeferredPrepass,2026-07-30T01:38:41,free,0.27494,0.27802,0.28803,0.27820,0.27619,0.27686,0.27933,0.28522,16641,0,128,100,8,2,0,172,0,0,0,1,auto,unused,120,600,0,0,../../../../../scripts/standard_camera.csv,10,0,0,60,0,1,60,1920,1080,0,0,192,0.5,1.0,128,0.0,0.0,-3.0,0.0,0.0,0.0,0.1,1000.0,0.785,1,255,1,0,0,-1.0,1.0,1.0,0.5,1,1,256,1,100,07_synth_material_class_matrix,0,172,0,success,0,,"Scene CPU cache disabled; rebuilding source scene.
Log saved to: C:\Users\mkkim\myfolder\mydev1\VisibilityBufferInfo\out\build\x64-Release\bin\Release\logs\log_2026-07-30_01-38-43.txt",,
173,07_synth_material_class_matrix,C:\Users\mkkim\AppData\Local\Temp\tvbperf_ny7670fu\run_00173.csv,9,2,0,173,0,0,0,1,auto,unused,120,600,1,0,0,../../../../../scripts/standard_camera.csv,10,0,0,60,0,captures,1,60,1920,1080,0,0,192,0.5,1,0,0,-3,0,0,0,0.1,1000,0.785,1,255,1,0,0,-1,1,1,0.5,128,1,1,256,1,100,total,0.47124,visibility,0.04206,visutil_histogram,0.02710,visutil_prefix,0.00211,visutil_flatten,0.03575,gbuffer,0.20822,lighting,0.08875,tonemap,0.03499,,0.00000,,0.00000,,0.00000,,0.00000,,0.00000,,0.00000,,0.00000,,0.00000,,0.00000,,0.00000,,0.00000,,0.00000,,0.00000,,0.00000,,0.00000,,0.00000,,0.00000,,0.00000,,0.00000,,0.00000,,0.00000,,0.00000,,0.00000,,0.00000,DonutVisGBuffer,2026-07-30T01:38:43,free,0.44227,0.46000,0.68720,0.47124,0.44550,0.45120,0.49590,0.51680,16641,0,128,100,9,2,0,173,0,0,0,1,auto,unused,120,600,0,0,../../../../../scripts/standard_camera.csv,10,0,0,60,0,1,60,1920,1080,0,0,192,0.5,1.0,128,0.0,0.0,-3.0,0.0,0.0,0.0,0.1,1000.0,0.785,1,255,1,0,0,-1.0,1.0,1.0,0.5,1,1,256,1,100,07_synth_material_class_matrix,0,173,0,success,0,,"Scene CPU cache disabled; rebuilding source scene.
Log saved to: C:\Users\mkkim\myfolder\mydev1\VisibilityBufferInfo\out\build\x64-Release\bin\Release\logs\log_2026-07-30_01-38-49.txt",,
174,07_synth_material_class_matrix,C:\Users\mkkim\AppData\Local\Temp\tvbperf_ny7670fu\run_00174.csv,8,2,0,174,0,0,0,1,auto,unused,120,600,1,0,0,../../../../../scripts/standard_camera.csv,10,0,0,60,0,captures,1,60,1920,1080,1,0,192,0.5,1,0,0,-3,0,0,0,0.1,1000,0.785,1,255,1,0,0,-1,1,1,0.5,128,1,1,256,1,100,total,0.27896,depth_prepass,0.02162,geometry,0.12923,lighting,0.08542,tonemap,0.02977,,0.00000,,0.00000,,0.00000,,0.00000,,0.00000,,0.00000,,0.00000,,0.00000,,0.00000,,0.00000,,0.00000,,0.00000,,0.00000,,0.00000,,0.00000,,0.00000,,0.00000,,0.00000,,0.00000,,0.00000,,0.00000,,0.00000,,0.00000,,0.00000,,0.00000,,0.00000,,0.00000,DonutDeferredPrepass,2026-07-30T01:38:49,free,0.27658,0.27891,0.28794,0.27896,0.27696,0.27763,0.28010,0.28525,16641,0,128,100,8,2,0,174,0,0,0,1,auto,unused,120,600,0,0,../../../../../scripts/standard_camera.csv,10,0,0,60,0,1,60,1920,1080,1,0,192,0.5,1.0,128,0.0,0.0,-3.0,0.0,0.0,0.0,0.1,1000.0,0.785,1,255,1,0,0,-1.0,1.0,1.0,0.5,1,1,256,1,100,07_synth_material_class_matrix,0,174,0,success,0,,"Scene CPU cache disabled; rebuilding source scene.
Log saved to: C:\Users\mkkim\myfolder\mydev1\VisibilityBufferInfo\out\build\x64-Release\bin\Release\logs\log_2026-07-30_01-38-51.txt",,
175,07_synth_material_class_matrix,C:\Users\mkkim\AppData\Local\Temp\tvbperf_ny7670fu\run_00175.csv,9,2,0,175,0,0,0,1,auto,unused,120,600,1,0,0,../../../../../scripts/standard_camera.csv,10,0,0,60,0,captures,1,60,1920,1080,1,0,192,0.5,1,0,0,-3,0,0,0,0.1,1000,0.785,1,255,1,0,0,-1,1,1,0.5,128,1,1,256,1,100,total,0.46705,visibility,0.04210,visutil_histogram,0.02698,visutil_prefix,0.00213,visutil_flatten,0.03580,gbuffer,0.20629,lighting,0.08813,tonemap,0.03348,,0.00000,,0.00000,,0.00000,,0.00000,,0.00000,,0.00000,,0.00000,,0.00000,,0.00000,,0.00000,,0.00000,,0.00000,,0.00000,,0.00000,,0.00000,,0.00000,,0.00000,,0.00000,,0.00000,,0.00000,,0.00000,,0.00000,,0.00000,,0.00000,DonutVisGBuffer,2026-07-30T01:38:51,free,0.42506,0.45757,0.65658,0.46705,0.44323,0.44966,0.49443,0.51037,16641,0,128,100,9,2,0,175,0,0,0,1,auto,unused,120,600,0,0,../../../../../scripts/standard_camera.csv,10,0,0,60,0,1,60,1920,1080,1,0,192,0.5,1.0,128,0.0,0.0,-3.0,0.0,0.0,0.0,0.1,1000.0,0.785,1,255,1,0,0,-1.0,1.0,1.0,0.5,1,1,256,1,100,07_synth_material_class_matrix,0,175,0,success,0,,"Scene CPU cache disabled; rebuilding source scene.
Log saved to: C:\Users\mkkim\myfolder\mydev1\VisibilityBufferInfo\out\build\x64-Release\bin\Release\logs\log_2026-07-30_01-38-58.txt",,
176,07_synth_material_class_matrix,C:\Users\mkkim\AppData\Local\Temp\tvbperf_ny7670fu\run_00176.csv,8,2,0,176,0,0,0,1,auto,unused,120,600,1,0,0,../../../../../scripts/standard_camera.csv,10,0,0,60,0,captures,1,60,1920,1080,0,0,255,0.5,1,0,0,-3,0,0,0,0.1,1000,0.785,1,255,1,0,0,-1,1,1,0.5,128,1,1,256,1,100,total,0.27808,depth_prepass,0.02161,geometry,0.12854,lighting,0.08550,tonemap,0.02953,,0.00000,,0.00000,,0.00000,,0.00000,,0.00000,,0.00000,,0.00000,,0.00000,,0.00000,,0.00000,,0.00000,,0.00000,,0.00000,,0.00000,,0.00000,,0.00000,,0.00000,,0.00000,,0.00000,,0.00000,,0.00000,,0.00000,,0.00000,,0.00000,,0.00000,,0.00000,,0.00000,DonutDeferredPrepass,2026-07-30T01:38:58,free,0.27574,0.27786,0.29046,0.27808,0.27587,0.27680,0.27933,0.28576,16641,0,128,100,8,2,0,176,0,0,0,1,auto,unused,120,600,0,0,../../../../../scripts/standard_camera.csv,10,0,0,60,0,1,60,1920,1080,0,0,255,0.5,1.0,128,0.0,0.0,-3.0,0.0,0.0,0.0,0.1,1000.0,0.785,1,255,1,0,0,-1.0,1.0,1.0,0.5,1,1,256,1,100,07_synth_material_class_matrix,0,176,0,success,0,,"Scene CPU cache disabled; rebuilding source scene.
Log saved to: C:\Users\mkkim\myfolder\mydev1\VisibilityBufferInfo\out\build\x64-Release\bin\Release\logs\log_2026-07-30_01-38-59.txt",,
177,07_synth_material_class_matrix,C:\Users\mkkim\AppData\Local\Temp\tvbperf_ny7670fu\run_00177.csv,9,2,0,177,0,0,0,1,auto,unused,120,600,1,0,0,../../../../../scripts/standard_camera.csv,10,0,0,60,0,captures,1,60,1920,1080,0,0,255,0.5,1,0,0,-3,0,0,0,0.1,1000,0.785,1,255,1,0,0,-1,1,1,0.5,128,1,1,256,1,100,total,0.54202,visibility,0.04173,visutil_histogram,0.02682,visutil_prefix,0.00244,visutil_flatten,0.03570,gbuffer,0.29125,lighting,0.08525,tonemap,0.02905,,0.00000,,0.00000,,0.00000,,0.00000,,0.00000,,0.00000,,0.00000,,0.00000,,0.00000,,0.00000,,0.00000,,0.00000,,0.00000,,0.00000,,0.00000,,0.00000,,0.00000,,0.00000,,0.00000,,0.00000,,0.00000,,0.00000,,0.00000,,0.00000,DonutVisGBuffer,2026-07-30T01:38:59,free,0.48774,0.54774,0.56861,0.54202,0.49664,0.51942,0.55834,0.56646,16641,0,128,100,9,2,0,177,0,0,0,1,auto,unused,120,600,0,0,../../../../../scripts/standard_camera.csv,10,0,0,60,0,1,60,1920,1080,0,0,255,0.5,1.0,128,0.0,0.0,-3.0,0.0,0.0,0.0,0.1,1000.0,0.785,1,255,1,0,0,-1.0,1.0,1.0,0.5,1,1,256,1,100,07_synth_material_class_matrix,0,177,0,success,0,,"Scene CPU cache disabled; rebuilding source scene.
Log saved to: C:\Users\mkkim\myfolder\mydev1\VisibilityBufferInfo\out\build\x64-Release\bin\Release\logs\log_2026-07-30_01-39-08.txt",,
178,07_synth_material_class_matrix,C:\Users\mkkim\AppData\Local\Temp\tvbperf_ny7670fu\run_00178.csv,8,2,0,178,0,0,0,1,auto,unused,120,600,1,0,0,../../../../../scripts/standard_camera.csv,10,0,0,60,0,captures,1,60,1920,1080,1,0,255,0.5,1,0,0,-3,0,0,0,0.1,1000,0.785,1,255,1,0,0,-1,1,1,0.5,128,1,1,256,1,100,total,0.27943,depth_prepass,0.02196,geometry,0.12924,lighting,0.08547,tonemap,0.02981,,0.00000,,0.00000,,0.00000,,0.00000,,0.00000,,0.00000,,0.00000,,0.00000,,0.00000,,0.00000,,0.00000,,0.00000,,0.00000,,0.00000,,0.00000,,0.00000,,0.00000,,0.00000,,0.00000,,0.00000,,0.00000,,0.00000,,0.00000,,0.00000,,0.00000,,0.00000,,0.00000,DonutDeferredPrepass,2026-07-30T01:39:08,free,0.27683,0.27917,0.29347,0.27943,0.27750,0.27821,0.28058,0.28608,16641,0,128,100,8,2,0,178,0,0,0,1,auto,unused,120,600,0,0,../../../../../scripts/standard_camera.csv,10,0,0,60,0,1,60,1920,1080,1,0,255,0.5,1.0,128,0.0,0.0,-3.0,0.0,0.0,0.0,0.1,1000.0,0.785,1,255,1,0,0,-1.0,1.0,1.0,0.5,1,1,256,1,100,07_synth_material_class_matrix,0,178,0,success,0,,"Scene CPU cache disabled; rebuilding source scene.
Log saved to: C:\Users\mkkim\myfolder\mydev1\VisibilityBufferInfo\out\build\x64-Release\bin\Release\logs\log_2026-07-30_01-39-09.txt",,
179,07_synth_material_class_matrix,C:\Users\mkkim\AppData\Local\Temp\tvbperf_ny7670fu\run_00179.csv,9,2,0,179,0,0,0,1,auto,unused,120,600,1,0,0,../../../../../scripts/standard_camera.csv,10,0,0,60,0,captures,1,60,1920,1080,1,0,255,0.5,1,0,0,-3,0,0,0,0.1,1000,0.785,1,255,1,0,0,-1,1,1,0.5,128,1,1,256,1,100,total,0.54356,visibility,0.04188,visutil_histogram,0.02682,visutil_prefix,0.00252,visutil_flatten,0.03576,gbuffer,0.29090,lighting,0.08632,tonemap,0.02901,,0.00000,,0.00000,,0.00000,,0.00000,,0.00000,,0.00000,,0.00000,,0.00000,,0.00000,,0.00000,,0.00000,,0.00000,,0.00000,,0.00000,,0.00000,,0.00000,,0.00000,,0.00000,,0.00000,,0.00000,,0.00000,,0.00000,,0.00000,,0.00000,DonutVisGBuffer,2026-07-30T01:39:09,free,0.48774,0.54698,0.71101,0.54356,0.49878,0.52266,0.56006,0.56858,16641,0,128,100,9,2,0,179,0,0,0,1,auto,unused,120,600,0,0,../../../../../scripts/standard_camera.csv,10,0,0,60,0,1,60,1920,1080,1,0,255,0.5,1.0,128,0.0,0.0,-3.0,0.0,0.0,0.0,0.1,1000.0,0.785,1,255,1,0,0,-1.0,1.0,1.0,0.5,1,1,256,1,100,07_synth_material_class_matrix,0,179,0,success,0,,"Scene CPU cache disabled; rebuilding source scene.
Log saved to: C:\Users\mkkim\myfolder\mydev1\VisibilityBufferInfo\out\build\x64-Release\bin\Release\logs\log_2026-07-30_01-39-18.txt",,
