config,scene,renderer_name,runner_status,runner_run_index,runner_repeat,total_time_avg_ms,total_time_median_ms,total_time_p90_ms,total_time_p99_ms,param_alu_calc_count,param_camera_far_z,param_camera_filepath,param_camera_fov,param_camera_keyframe_interval,param_camera_lookat_x,param_camera_lookat_y,param_camera_lookat_z,param_camera_mode,param_camera_near_z,param_camera_pos_x,param_camera_pos_y,param_camera_pos_z,param_capture_fps,param_capture_frames,param_capture_stride,param_gbuffer_cnt,param_geometry_count,param_geometry_div,param_key_frame,param_material_assign_diversity,param_material_assign_locality,param_material_assign_max_open,param_material_assign_strategy,param_material_count,param_measure_frames,param_object_count,param_overdraw_count,param_profile_window_frames,param_radius,param_renderer_variant,param_scene_importer,param_scene_path,param_scene_variant,param_seed,param_texture_count,param_texture_sampling_count,param_texture_size,param_to_load_texture,param_to_remain_only_in_camera,param_to_set_start_frame,param_to_use_scene,param_use_vfc,param_variable,param_vsync,param_warmup_frames,param_window_height,param_window_width,param_xy_minmax,param_z_max,param_z_min,pass_name_0,pass_0_time_avg_ms,pass_name_1,pass_1_time_avg_ms,pass_name_2,pass_2_time_avg_ms,pass_name_3,pass_3_time_avg_ms,pass_name_4,pass_4_time_avg_ms,pass_name_5,pass_5_time_avg_ms,pass_name_6,pass_6_time_avg_ms,pass_name_7,pass_7_time_avg_ms,pass_name_8,pass_8_time_avg_ms,pass_name_9,pass_9_time_avg_ms,pass_name_10,pass_10_time_avg_ms,pass_name_11,pass_11_time_avg_ms,pass_name_12,pass_12_time_avg_ms,pass_name_13,pass_13_time_avg_ms,pass_name_14,pass_14_time_avg_ms,pass_name_15,pass_15_time_avg_ms,pass_name_16,pass_16_time_avg_ms,pass_name_17,pass_17_time_avg_ms,pass_name_18,pass_18_time_avg_ms,pass_name_19,pass_19_time_avg_ms,pass_name_20,pass_20_time_avg_ms,pass_name_21,pass_21_time_avg_ms,pass_name_22,pass_22_time_avg_ms,pass_name_23,pass_23_time_avg_ms,pass_name_24,pass_24_time_avg_ms,pass_name_25,pass_25_time_avg_ms,pass_name_26,pass_26_time_avg_ms,pass_name_27,pass_27_time_avg_ms,pass_name_28,pass_28_time_avg_ms,pass_name_29,pass_29_time_avg_ms,pass_name_30,pass_30_time_avg_ms,pass_name_31,pass_31_time_avg_ms
00_smoke_synthetic_material_grid.json,Synthetic,DonutVisGBuffer,success,0,0,0.17132,0.17155,0.17258,0.17462,100,1000,../../../../../scripts/standard_camera.csv,0.785,10,0.0,0.0,0.0,0,0.1,0.0,0.0,-3,60,0,1,1,1,64,0,1.0,1.0,1,0,1,180,1,0,60,0.5,9,auto,unused,1,0,1,1,256,0,0,0,0,0,0,0,60,720,1280,1.0,1.0,-1.0,total,0.17132,visibility,0.01485,visutil_histogram,0.01104,visutil_prefix,0.00204,visutil_flatten,0.01475,gbuffer,0.04489,lighting,0.03927,tonemap,0.01190,,0.00000,,0.00000,,0.00000,,0.00000,,0.00000,,0.00000,,0.00000,,0.00000,,0.00000,,0.00000,,0.00000,,0.00000,,0.00000,,0.00000,,0.00000,,0.00000,,0.00000,,0.00000,,0.00000,,0.00000,,0.00000,,0.00000,,0.00000,,0.00000
00_smoke_synthetic_material_grid.json,Synthetic,DonutVisGBuffer,success,1,0,0.17728,0.17670,0.17882,0.18422,100,1000,../../../../../scripts/standard_camera.csv,0.785,10,0.0,0.0,0.0,0,0.1,0.0,0.0,-3,60,0,1,1,1,64,0,1.0,1.0,8,0,1,180,1,0,60,0.5,9,auto,unused,1,0,1,1,256,0,0,0,0,0,1,0,60,720,1280,1.0,1.0,-1.0,total,0.17728,visibility,0.01483,visutil_histogram,0.01139,visutil_prefix,0.00207,visutil_flatten,0.01506,gbuffer,0.05036,lighting,0.03931,tonemap,0.01191,,0.00000,,0.00000,,0.00000,,0.00000,,0.00000,,0.00000,,0.00000,,0.00000,,0.00000,,0.00000,,0.00000,,0.00000,,0.00000,,0.00000,,0.00000,,0.00000,,0.00000,,0.00000,,0.00000,,0.00000,,0.00000,,0.00000,,0.00000,,0.00000
00_smoke_synthetic_material_grid.json,Synthetic,DonutVisGBuffer,success,2,0,0.18151,0.18077,0.18288,0.18694,100,1000,../../../../../scripts/standard_camera.csv,0.785,10,0.0,0.0,0.0,0,0.1,0.0,0.0,-3,60,0,1,1,1,64,0,1.0,0.0,8,0,1,180,1,0,60,0.5,9,auto,unused,1,0,1,1,256,0,0,0,0,0,2,0,60,720,1280,1.0,1.0,-1.0,total,0.18151,visibility,0.01831,visutil_histogram,0.01207,visutil_prefix,0.00209,visutil_flatten,0.01622,gbuffer,0.05025,lighting,0.03942,tonemap,0.01190,,0.00000,,0.00000,,0.00000,,0.00000,,0.00000,,0.00000,,0.00000,,0.00000,,0.00000,,0.00000,,0.00000,,0.00000,,0.00000,,0.00000,,0.00000,,0.00000,,0.00000,,0.00000,,0.00000,,0.00000,,0.00000,,0.00000,,0.00000,,0.00000
00_smoke_synthetic_material_grid.json,Synthetic,DonutVisGBuffer,success,3,0,0.21334,0.21334,0.21549,0.21962,100,1000,../../../../../scripts/standard_camera.csv,0.785,10,0.0,0.0,0.0,0,0.1,0.0,0.0,-3,60,0,1,1,1,64,0,1.0,1.0,64,0,1,180,1,0,60,0.5,9,auto,unused,1,0,1,1,256,0,0,0,0,0,3,0,60,720,1280,1.0,1.0,-1.0,total,0.21334,visibility,0.01463,visutil_histogram,0.01232,visutil_prefix,0.00192,visutil_flatten,0.01612,gbuffer,0.08656,lighting,0.03925,tonemap,0.01186,,0.00000,,0.00000,,0.00000,,0.00000,,0.00000,,0.00000,,0.00000,,0.00000,,0.00000,,0.00000,,0.00000,,0.00000,,0.00000,,0.00000,,0.00000,,0.00000,,0.00000,,0.00000,,0.00000,,0.00000,,0.00000,,0.00000,,0.00000,,0.00000
00_smoke_synthetic_material_grid.json,Synthetic,DonutVisGBuffer,success,4,0,0.22142,0.22157,0.22381,0.22893,100,1000,../../../../../scripts/standard_camera.csv,0.785,10,0.0,0.0,0.0,0,0.1,0.0,0.0,-3,60,0,1,1,1,64,0,1.0,0.0,64,0,1,180,1,0,60,0.5,9,auto,unused,1,0,1,1,256,0,0,0,0,0,4,0,60,720,1280,1.0,1.0,-1.0,total,0.22142,visibility,0.01882,visutil_histogram,0.01253,visutil_prefix,0.00196,visutil_flatten,0.01694,gbuffer,0.08771,lighting,0.03927,tonemap,0.01192,,0.00000,,0.00000,,0.00000,,0.00000,,0.00000,,0.00000,,0.00000,,0.00000,,0.00000,,0.00000,,0.00000,,0.00000,,0.00000,,0.00000,,0.00000,,0.00000,,0.00000,,0.00000,,0.00000,,0.00000,,0.00000,,0.00000,,0.00000,,0.00000
00_smoke_synthetic_material_grid.json,Synthetic,DonutVisGBuffer,success,5,0,0.49312,0.38330,0.99350,1.24528,100,1000,../../../../../scripts/standard_camera.csv,0.785,10,0.0,0.0,0.0,0,0.1,0.0,0.0,-3,60,0,1,1,1,64,0,1.0,0.0,255,0,1,180,1,0,60,0.5,9,auto,unused,1,0,1,1,256,0,0,0,0,0,5,0,60,720,1280,1.0,1.0,-1.0,total,0.49312,visibility,0.02801,visutil_histogram,0.01456,visutil_prefix,0.00243,visutil_flatten,0.01831,gbuffer,0.34090,lighting,0.04195,tonemap,0.01262,,0.00000,,0.00000,,0.00000,,0.00000,,0.00000,,0.00000,,0.00000,,0.00000,,0.00000,,0.00000,,0.00000,,0.00000,,0.00000,,0.00000,,0.00000,,0.00000,,0.00000,,0.00000,,0.00000,,0.00000,,0.00000,,0.00000,,0.00000,,0.00000
01_smoke_real_pbr_feature.json,Sponza,DonutVisGBuffer,success,0,0,1.43706,1.28691,2.32176,2.53549,100,1000.0,../../../../../scripts/standard_camera.csv,0.785,10,0.0,0.0,0.0,2,0.1,0.0,0.0,-10.0,60,0,1,1,1,1,0,1.0,1.0,255,1,1,300,1,0,60,0.5,9,assimp,../../../../../assets/scenes/unpacked/main_sponza/NewSponza_Main_glTF_003.gltf,0,0,1,1,256,1,0,0,1,1,0,0,60,720,1280,1.0,1.0,-1.0,total,1.43706,visibility,0.13474,visutil_histogram,0.01511,visutil_prefix,0.00217,visutil_flatten,0.01946,gbuffer,1.17380,lighting,0.04782,tonemap,0.01226,,0.00000,,0.00000,,0.00000,,0.00000,,0.00000,,0.00000,,0.00000,,0.00000,,0.00000,,0.00000,,0.00000,,0.00000,,0.00000,,0.00000,,0.00000,,0.00000,,0.00000,,0.00000,,0.00000,,0.00000,,0.00000,,0.00000,,0.00000,,0.00000
01_smoke_real_pbr_feature.json,Bistro,DonutVisGBuffer,success,1,0,0.43757,0.45562,0.50093,0.60550,100,1000.0,../../../../../scripts/standard_camera_bistro.csv,0.785,10,0.0,0.0,0.0,2,0.1,0.0,0.0,-10.0,60,0,1,1,1,1,0,1.0,1.0,255,1,1,300,1,0,60,0.5,9,assimp,../../../../../assets/scenes/unpacked/Bistro_v5_2/BistroExterior.fbx,0,0,1,1,256,1,0,0,1,1,1,0,60,720,1280,1.0,1.0,-1.0,total,0.43757,visibility,0.20855,visutil_histogram,0.01564,visutil_prefix,0.00217,visutil_flatten,0.01932,gbuffer,0.10221,lighting,0.04435,tonemap,0.01275,,0.00000,,0.00000,,0.00000,,0.00000,,0.00000,,0.00000,,0.00000,,0.00000,,0.00000,,0.00000,,0.00000,,0.00000,,0.00000,,0.00000,,0.00000,,0.00000,,0.00000,,0.00000,,0.00000,,0.00000,,0.00000,,0.00000,,0.00000,,0.00000
01_smoke_real_pbr_feature.json,SponzaIvy,DonutVisGBuffer,success,2,0,1.47238,1.53069,2.05587,2.22800,100,1000.0,../../../../../scripts/standard_camera.csv,0.785,10,0.0,0.0,0.0,2,0.1,0.0,0.0,-10.0,60,0,1,1,1,1,0,1.0,1.0,255,1,1,300,1,0,60,0.5,9,assimp,../../../../../assets/scenes/unpacked/main_sponza_ivy/NewSponza_Main_Ivy_glTF.gltf,0,0,1,1,256,1,0,0,1,1,2,0,60,720,1280,1.0,1.0,-1.0,total,1.47238,visibility,0.33646,visutil_histogram,0.01585,visutil_prefix,0.00218,visutil_flatten,0.01935,gbuffer,1.00944,lighting,0.04540,tonemap,0.01216,,0.00000,,0.00000,,0.00000,,0.00000,,0.00000,,0.00000,,0.00000,,0.00000,,0.00000,,0.00000,,0.00000,,0.00000,,0.00000,,0.00000,,0.00000,,0.00000,,0.00000,,0.00000,,0.00000,,0.00000,,0.00000,,0.00000,,0.00000,,0.00000
10_synth_locality_fixed64.json,Synthetic,DonutVisGBuffer,success,0,0,0.37686,0.37654,0.38035,0.38294,100,1000,../../../../../scripts/standard_camera.csv,0.785,10,0.0,0.0,0.0,0,0.1,0.0,0.0,-3,60,0,1,1,1,64,0,1.0,0.0,64,0,1,600,1,0,60,0.5,9,auto,unused,1,0,1,1,256,0,0,0,0,0,0,0,120,1080,1920,1.0,1.0,-1.0,total,0.37686,visibility,0.03188,visutil_histogram,0.02613,visutil_prefix,0.00204,visutil_flatten,0.03537,gbuffer,0.13237,lighting,0.08717,tonemap,0.02940,,0.00000,,0.00000,,0.00000,,0.00000,,0.00000,,0.00000,,0.00000,,0.00000,,0.00000,,0.00000,,0.00000,,0.00000,,0.00000,,0.00000,,0.00000,,0.00000,,0.00000,,0.00000,,0.00000,,0.00000,,0.00000,,0.00000,,0.00000,,0.00000
10_synth_locality_fixed64.json,Synthetic,DonutVisGBuffer,success,1,0,0.37703,0.37677,0.38035,0.38259,100,1000,../../../../../scripts/standard_camera.csv,0.785,10,0.0,0.0,0.0,0,0.1,0.0,0.0,-3,60,0,1,1,1,64,0,1.0,0.0,64,0,1,600,1,0,60,0.5,9,auto,unused,1,1,1,1,256,0,0,0,0,0,0,0,120,1080,1920,1.0,1.0,-1.0,total,0.37703,visibility,0.03197,visutil_histogram,0.02616,visutil_prefix,0.00205,visutil_flatten,0.03541,gbuffer,0.13242,lighting,0.08733,tonemap,0.02916,,0.00000,,0.00000,,0.00000,,0.00000,,0.00000,,0.00000,,0.00000,,0.00000,,0.00000,,0.00000,,0.00000,,0.00000,,0.00000,,0.00000,,0.00000,,0.00000,,0.00000,,0.00000,,0.00000,,0.00000,,0.00000,,0.00000,,0.00000,,0.00000
10_synth_locality_fixed64.json,Synthetic,DonutVisGBuffer,success,2,0,0.37768,0.37798,0.38048,0.38282,100,1000,../../../../../scripts/standard_camera.csv,0.785,10,0.0,0.0,0.0,0,0.1,0.0,0.0,-3,60,0,1,1,1,64,0,1.0,0.0,64,0,1,600,1,0,60,0.5,9,auto,unused,1,2,1,1,256,0,0,0,0,0,0,0,120,1080,1920,1.0,1.0,-1.0,total,0.37768,visibility,0.03205,visutil_histogram,0.02618,visutil_prefix,0.00205,visutil_flatten,0.03541,gbuffer,0.13237,lighting,0.08733,tonemap,0.02919,,0.00000,,0.00000,,0.00000,,0.00000,,0.00000,,0.00000,,0.00000,,0.00000,,0.00000,,0.00000,,0.00000,,0.00000,,0.00000,,0.00000,,0.00000,,0.00000,,0.00000,,0.00000,,0.00000,,0.00000,,0.00000,,0.00000,,0.00000,,0.00000
10_synth_locality_fixed64.json,Synthetic,DonutVisGBuffer,success,3,0,0.37626,0.37610,0.37885,0.38253,100,1000,../../../../../scripts/standard_camera.csv,0.785,10,0.0,0.0,0.0,0,0.1,0.0,0.0,-3,60,0,1,1,1,64,0,1.0,0.25,64,0,1,600,1,0,60,0.5,9,auto,unused,1,0,1,1,256,0,0,0,0,0,0,0,120,1080,1920,1.0,1.0,-1.0,total,0.37626,visibility,0.03168,visutil_histogram,0.02615,visutil_prefix,0.00205,visutil_flatten,0.03530,gbuffer,0.13216,lighting,0.08734,tonemap,0.02919,,0.00000,,0.00000,,0.00000,,0.00000,,0.00000,,0.00000,,0.00000,,0.00000,,0.00000,,0.00000,,0.00000,,0.00000,,0.00000,,0.00000,,0.00000,,0.00000,,0.00000,,0.00000,,0.00000,,0.00000,,0.00000,,0.00000,,0.00000,,0.00000
10_synth_locality_fixed64.json,Synthetic,DonutVisGBuffer,success,4,0,0.37594,0.37600,0.37875,0.38230,100,1000,../../../../../scripts/standard_camera.csv,0.785,10,0.0,0.0,0.0,0,0.1,0.0,0.0,-3,60,0,1,1,1,64,0,1.0,0.25,64,0,1,600,1,0,60,0.5,9,auto,unused,1,1,1,1,256,0,0,0,0,0,0,0,120,1080,1920,1.0,1.0,-1.0,total,0.37594,visibility,0.03147,visutil_histogram,0.02608,visutil_prefix,0.00205,visutil_flatten,0.03527,gbuffer,0.13229,lighting,0.08734,tonemap,0.02922,,0.00000,,0.00000,,0.00000,,0.00000,,0.00000,,0.00000,,0.00000,,0.00000,,0.00000,,0.00000,,0.00000,,0.00000,,0.00000,,0.00000,,0.00000,,0.00000,,0.00000,,0.00000,,0.00000,,0.00000,,0.00000,,0.00000,,0.00000,,0.00000
10_synth_locality_fixed64.json,Synthetic,DonutVisGBuffer,success,5,0,0.37611,0.37616,0.37875,0.38262,100,1000,../../../../../scripts/standard_camera.csv,0.785,10,0.0,0.0,0.0,0,0.1,0.0,0.0,-3,60,0,1,1,1,64,0,1.0,0.25,64,0,1,600,1,0,60,0.5,9,auto,unused,1,2,1,1,256,0,0,0,0,0,0,0,120,1080,1920,1.0,1.0,-1.0,total,0.37611,visibility,0.03149,visutil_histogram,0.02612,visutil_prefix,0.00205,visutil_flatten,0.03528,gbuffer,0.13226,lighting,0.08742,tonemap,0.02921,,0.00000,,0.00000,,0.00000,,0.00000,,0.00000,,0.00000,,0.00000,,0.00000,,0.00000,,0.00000,,0.00000,,0.00000,,0.00000,,0.00000,,0.00000,,0.00000,,0.00000,,0.00000,,0.00000,,0.00000,,0.00000,,0.00000,,0.00000,,0.00000
10_synth_locality_fixed64.json,Synthetic,DonutVisGBuffer,success,6,0,0.37356,0.37386,0.37667,0.38006,100,1000,../../../../../scripts/standard_camera.csv,0.785,10,0.0,0.0,0.0,0,0.1,0.0,0.0,-3,60,0,1,1,1,64,0,1.0,0.5,64,0,1,600,1,0,60,0.5,9,auto,unused,1,0,1,1,256,0,0,0,0,0,0,0,120,1080,1920,1.0,1.0,-1.0,total,0.37356,visibility,0.03045,visutil_histogram,0.02579,visutil_prefix,0.00205,visutil_flatten,0.03477,gbuffer,0.13161,lighting,0.08731,tonemap,0.02927,,0.00000,,0.00000,,0.00000,,0.00000,,0.00000,,0.00000,,0.00000,,0.00000,,0.00000,,0.00000,,0.00000,,0.00000,,0.00000,,0.00000,,0.00000,,0.00000,,0.00000,,0.00000,,0.00000,,0.00000,,0.00000,,0.00000,,0.00000,,0.00000
10_synth_locality_fixed64.json,Synthetic,DonutVisGBuffer,success,7,0,0.37429,0.37421,0.37731,0.38048,100,1000,../../../../../scripts/standard_camera.csv,0.785,10,0.0,0.0,0.0,0,0.1,0.0,0.0,-3,60,0,1,1,1,64,0,1.0,0.5,64,0,1,600,1,0,60,0.5,9,auto,unused,1,1,1,1,256,0,0,0,0,0,0,0,120,1080,1920,1.0,1.0,-1.0,total,0.37429,visibility,0.03048,visutil_histogram,0.02583,visutil_prefix,0.00205,visutil_flatten,0.03480,gbuffer,0.13168,lighting,0.08768,tonemap,0.02925,,0.00000,,0.00000,,0.00000,,0.00000,,0.00000,,0.00000,,0.00000,,0.00000,,0.00000,,0.00000,,0.00000,,0.00000,,0.00000,,0.00000,,0.00000,,0.00000,,0.00000,,0.00000,,0.00000,,0.00000,,0.00000,,0.00000,,0.00000,,0.00000
10_synth_locality_fixed64.json,Synthetic,DonutVisGBuffer,success,8,0,0.37417,0.37418,0.37779,0.38240,100,1000,../../../../../scripts/standard_camera.csv,0.785,10,0.0,0.0,0.0,0,0.1,0.0,0.0,-3,60,0,1,1,1,64,0,1.0,0.5,64,0,1,600,1,0,60,0.5,9,auto,unused,1,2,1,1,256,0,0,0,0,0,0,0,120,1080,1920,1.0,1.0,-1.0,total,0.37417,visibility,0.03057,visutil_histogram,0.02583,visutil_prefix,0.00205,visutil_flatten,0.03479,gbuffer,0.13169,lighting,0.08741,tonemap,0.02926,,0.00000,,0.00000,,0.00000,,0.00000,,0.00000,,0.00000,,0.00000,,0.00000,,0.00000,,0.00000,,0.00000,,0.00000,,0.00000,,0.00000,,0.00000,,0.00000,,0.00000,,0.00000,,0.00000,,0.00000,,0.00000,,0.00000,,0.00000,,0.00000
10_synth_locality_fixed64.json,Synthetic,DonutVisGBuffer,success,9,0,0.37067,0.37037,0.37392,0.37626,100,1000,../../../../../scripts/standard_camera.csv,0.785,10,0.0,0.0,0.0,0,0.1,0.0,0.0,-3,60,0,1,1,1,64,0,1.0,0.75,64,0,1,600,1,0,60,0.5,9,auto,unused,1,0,1,1,256,0,0,0,0,0,0,0,120,1080,1920,1.0,1.0,-1.0,total,0.37067,visibility,0.02919,visutil_histogram,0.02528,visutil_prefix,0.00205,visutil_flatten,0.03387,gbuffer,0.13121,lighting,0.08726,tonemap,0.02941,,0.00000,,0.00000,,0.00000,,0.00000,,0.00000,,0.00000,,0.00000,,0.00000,,0.00000,,0.00000,,0.00000,,0.00000,,0.00000,,0.00000,,0.00000,,0.00000,,0.00000,,0.00000,,0.00000,,0.00000,,0.00000,,0.00000,,0.00000,,0.00000
10_synth_locality_fixed64.json,Synthetic,DonutVisGBuffer,success,10,0,0.37067,0.37053,0.37309,0.37664,100,1000,../../../../../scripts/standard_camera.csv,0.785,10,0.0,0.0,0.0,0,0.1,0.0,0.0,-3,60,0,1,1,1,64,0,1.0,0.75,64,0,1,600,1,0,60,0.5,9,auto,unused,1,1,1,1,256,0,0,0,0,0,0,0,120,1080,1920,1.0,1.0,-1.0,total,0.37067,visibility,0.02920,visutil_histogram,0.02522,visutil_prefix,0.00205,visutil_flatten,0.03381,gbuffer,0.13105,lighting,0.08720,tonemap,0.02948,,0.00000,,0.00000,,0.00000,,0.00000,,0.00000,,0.00000,,0.00000,,0.00000,,0.00000,,0.00000,,0.00000,,0.00000,,0.00000,,0.00000,,0.00000,,0.00000,,0.00000,,0.00000,,0.00000,,0.00000,,0.00000,,0.00000,,0.00000,,0.00000
10_synth_locality_fixed64.json,Synthetic,DonutVisGBuffer,success,11,0,0.37053,0.37034,0.37318,0.37654,100,1000,../../../../../scripts/standard_camera.csv,0.785,10,0.0,0.0,0.0,0,0.1,0.0,0.0,-3,60,0,1,1,1,64,0,1.0,0.75,64,0,1,600,1,0,60,0.5,9,auto,unused,1,2,1,1,256,0,0,0,0,0,0,0,120,1080,1920,1.0,1.0,-1.0,total,0.37053,visibility,0.02919,visutil_histogram,0.02533,visutil_prefix,0.00205,visutil_flatten,0.03385,gbuffer,0.13100,lighting,0.08731,tonemap,0.02939,,0.00000,,0.00000,,0.00000,,0.00000,,0.00000,,0.00000,,0.00000,,0.00000,,0.00000,,0.00000,,0.00000,,0.00000,,0.00000,,0.00000,,0.00000,,0.00000,,0.00000,,0.00000,,0.00000,,0.00000,,0.00000,,0.00000,,0.00000,,0.00000
10_synth_locality_fixed64.json,Synthetic,DonutVisGBuffer,success,12,0,0.36468,0.36448,0.36806,0.37136,100,1000,../../../../../scripts/standard_camera.csv,0.785,10,0.0,0.0,0.0,0,0.1,0.0,0.0,-3,60,0,1,1,1,64,0,1.0,1.0,64,0,1,600,1,0,60,0.5,9,auto,unused,1,0,1,1,256,0,0,0,0,0,0,0,120,1080,1920,1.0,1.0,-1.0,total,0.36468,visibility,0.02730,visutil_histogram,0.02465,visutil_prefix,0.00205,visutil_flatten,0.03236,gbuffer,0.12987,lighting,0.08718,tonemap,0.02952,,0.00000,,0.00000,,0.00000,,0.00000,,0.00000,,0.00000,,0.00000,,0.00000,,0.00000,,0.00000,,0.00000,,0.00000,,0.00000,,0.00000,,0.00000,,0.00000,,0.00000,,0.00000,,0.00000,,0.00000,,0.00000,,0.00000,,0.00000,,0.00000
10_synth_locality_fixed64.json,Synthetic,DonutVisGBuffer,success,13,0,0.36448,0.36442,0.36787,0.37110,100,1000,../../../../../scripts/standard_camera.csv,0.785,10,0.0,0.0,0.0,0,0.1,0.0,0.0,-3,60,0,1,1,1,64,0,1.0,1.0,64,0,1,600,1,0,60,0.5,9,auto,unused,1,1,1,1,256,0,0,0,0,0,0,0,120,1080,1920,1.0,1.0,-1.0,total,0.36448,visibility,0.02733,visutil_histogram,0.02459,visutil_prefix,0.00205,visutil_flatten,0.03231,gbuffer,0.12984,lighting,0.08717,tonemap,0.02963,,0.00000,,0.00000,,0.00000,,0.00000,,0.00000,,0.00000,,0.00000,,0.00000,,0.00000,,0.00000,,0.00000,,0.00000,,0.00000,,0.00000,,0.00000,,0.00000,,0.00000,,0.00000,,0.00000,,0.00000,,0.00000,,0.00000,,0.00000,,0.00000
10_synth_locality_fixed64.json,Synthetic,DonutVisGBuffer,success,14,0,0.36546,0.36579,0.36851,0.37168,100,1000,../../../../../scripts/standard_camera.csv,0.785,10,0.0,0.0,0.0,0,0.1,0.0,0.0,-3,60,0,1,1,1,64,0,1.0,1.0,64,0,1,600,1,0,60,0.5,9,auto,unused,1,2,1,1,256,0,0,0,0,0,0,0,120,1080,1920,1.0,1.0,-1.0,total,0.36546,visibility,0.02734,visutil_histogram,0.02475,visutil_prefix,0.00205,visutil_flatten,0.03232,gbuffer,0.13006,lighting,0.08754,tonemap,0.02945,,0.00000,,0.00000,,0.00000,,0.00000,,0.00000,,0.00000,,0.00000,,0.00000,,0.00000,,0.00000,,0.00000,,0.00000,,0.00000,,0.00000,,0.00000,,0.00000,,0.00000,,0.00000,,0.00000,,0.00000,,0.00000,,0.00000,,0.00000,,0.00000
11_synth_diversity_fixed64.json,Synthetic,DonutVisGBuffer,success,0,0,0.32962,0.32950,0.33194,0.33501,100,1000,../../../../../scripts/standard_camera.csv,0.785,10,0.0,0.0,0.0,0,0.1,0.0,0.0,-3,60,0,1,1,1,64,0,0.0,0.0,64,0,1,600,1,0,60,0.5,9,auto,unused,1,0,1,1,256,0,0,0,0,0,0,0,120,1080,1920,1.0,1.0,-1.0,total,0.32962,visibility,0.02692,visutil_histogram,0.02275,visutil_prefix,0.00205,visutil_flatten,0.03052,gbuffer,0.09840,lighting,0.08833,tonemap,0.02972,,0.00000,,0.00000,,0.00000,,0.00000,,0.00000,,0.00000,,0.00000,,0.00000,,0.00000,,0.00000,,0.00000,,0.00000,,0.00000,,0.00000,,0.00000,,0.00000,,0.00000,,0.00000,,0.00000,,0.00000,,0.00000,,0.00000,,0.00000,,0.00000
11_synth_diversity_fixed64.json,Synthetic,DonutVisGBuffer,success,1,0,0.32962,0.32957,0.33190,0.33405,100,1000,../../../../../scripts/standard_camera.csv,0.785,10,0.0,0.0,0.0,0,0.1,0.0,0.0,-3,60,0,1,1,1,64,0,0.0,0.0,64,0,1,600,1,0,60,0.5,9,auto,unused,1,1,1,1,256,0,0,0,0,0,0,0,120,1080,1920,1.0,1.0,-1.0,total,0.32962,visibility,0.02692,visutil_histogram,0.02285,visutil_prefix,0.00206,visutil_flatten,0.03051,gbuffer,0.09818,lighting,0.08821,tonemap,0.02973,,0.00000,,0.00000,,0.00000,,0.00000,,0.00000,,0.00000,,0.00000,,0.00000,,0.00000,,0.00000,,0.00000,,0.00000,,0.00000,,0.00000,,0.00000,,0.00000,,0.00000,,0.00000,,0.00000,,0.00000,,0.00000,,0.00000,,0.00000,,0.00000
11_synth_diversity_fixed64.json,Synthetic,DonutVisGBuffer,success,2,0,0.32982,0.32966,0.33194,0.33402,100,1000,../../../../../scripts/standard_camera.csv,0.785,10,0.0,0.0,0.0,0,0.1,0.0,0.0,-3,60,0,1,1,1,64,0,0.0,0.0,64,0,1,600,1,0,60,0.5,9,auto,unused,1,2,1,1,256,0,0,0,0,0,0,0,120,1080,1920,1.0,1.0,-1.0,total,0.32982,visibility,0.02694,visutil_histogram,0.02284,visutil_prefix,0.00205,visutil_flatten,0.03048,gbuffer,0.09827,lighting,0.08831,tonemap,0.02972,,0.00000,,0.00000,,0.00000,,0.00000,,0.00000,,0.00000,,0.00000,,0.00000,,0.00000,,0.00000,,0.00000,,0.00000,,0.00000,,0.00000,,0.00000,,0.00000,,0.00000,,0.00000,,0.00000,,0.00000,,0.00000,,0.00000,,0.00000,,0.00000
11_synth_diversity_fixed64.json,Synthetic,DonutVisGBuffer,success,3,0,0.32983,0.32966,0.33200,0.33581,100,1000,../../../../../scripts/standard_camera.csv,0.785,10,0.0,0.0,0.0,0,0.1,0.0,0.0,-3,60,0,1,1,1,64,0,0.0,1.0,64,0,1,600,1,0,60,0.5,9,auto,unused,1,0,1,1,256,0,0,0,0,0,0,0,120,1080,1920,1.0,1.0,-1.0,total,0.32983,visibility,0.02693,visutil_histogram,0.02277,visutil_prefix,0.00206,visutil_flatten,0.03053,gbuffer,0.09842,lighting,0.08832,tonemap,0.02975,,0.00000,,0.00000,,0.00000,,0.00000,,0.00000,,0.00000,,0.00000,,0.00000,,0.00000,,0.00000,,0.00000,,0.00000,,0.00000,,0.00000,,0.00000,,0.00000,,0.00000,,0.00000,,0.00000,,0.00000,,0.00000,,0.00000,,0.00000,,0.00000
11_synth_diversity_fixed64.json,Synthetic,DonutVisGBuffer,success,4,0,0.33010,0.32982,0.33200,0.33414,100,1000,../../../../../scripts/standard_camera.csv,0.785,10,0.0,0.0,0.0,0,0.1,0.0,0.0,-3,60,0,1,1,1,64,0,0.0,1.0,64,0,1,600,1,0,60,0.5,9,auto,unused,1,1,1,1,256,0,0,0,0,0,0,0,120,1080,1920,1.0,1.0,-1.0,total,0.33010,visibility,0.02694,visutil_histogram,0.02286,visutil_prefix,0.00206,visutil_flatten,0.03047,gbuffer,0.09831,lighting,0.08836,tonemap,0.02977,,0.00000,,0.00000,,0.00000,,0.00000,,0.00000,,0.00000,,0.00000,,0.00000,,0.00000,,0.00000,,0.00000,,0.00000,,0.00000,,0.00000,,0.00000,,0.00000,,0.00000,,0.00000,,0.00000,,0.00000,,0.00000,,0.00000,,0.00000,,0.00000
11_synth_diversity_fixed64.json,Synthetic,DonutVisGBuffer,success,5,0,0.32981,0.32970,0.33187,0.33373,100,1000,../../../../../scripts/standard_camera.csv,0.785,10,0.0,0.0,0.0,0,0.1,0.0,0.0,-3,60,0,1,1,1,64,0,0.0,1.0,64,0,1,600,1,0,60,0.5,9,auto,unused,1,2,1,1,256,0,0,0,0,0,0,0,120,1080,1920,1.0,1.0,-1.0,total,0.32981,visibility,0.02689,visutil_histogram,0.02285,visutil_prefix,0.00206,visutil_flatten,0.03047,gbuffer,0.09831,lighting,0.08836,tonemap,0.02972,,0.00000,,0.00000,,0.00000,,0.00000,,0.00000,,0.00000,,0.00000,,0.00000,,0.00000,,0.00000,,0.00000,,0.00000,,0.00000,,0.00000,,0.00000,,0.00000,,0.00000,,0.00000,,0.00000,,0.00000,,0.00000,,0.00000,,0.00000,,0.00000
11_synth_diversity_fixed64.json,Synthetic,DonutVisGBuffer,success,6,0,0.37367,0.37270,0.38080,0.38640,100,1000,../../../../../scripts/standard_camera.csv,0.785,10,0.0,0.0,0.0,0,0.1,0.0,0.0,-3,60,0,1,1,1,64,0,0.25,0.0,64,0,1,600,1,0,60,0.5,9,auto,unused,1,0,1,1,256,0,0,0,0,0,0,0,120,1080,1920,1.0,1.0,-1.0,total,0.37367,visibility,0.02890,visutil_histogram,0.02502,visutil_prefix,0.00205,visutil_flatten,0.03339,gbuffer,0.13505,lighting,0.08726,tonemap,0.02946,,0.00000,,0.00000,,0.00000,,0.00000,,0.00000,,0.00000,,0.00000,,0.00000,,0.00000,,0.00000,,0.00000,,0.00000,,0.00000,,0.00000,,0.00000,,0.00000,,0.00000,,0.00000,,0.00000,,0.00000,,0.00000,,0.00000,,0.00000,,0.00000
11_synth_diversity_fixed64.json,Synthetic,DonutVisGBuffer,success,7,0,0.37578,0.37462,0.38285,0.38867,100,1000,../../../../../scripts/standard_camera.csv,0.785,10,0.0,0.0,0.0,0,0.1,0.0,0.0,-3,60,0,1,1,1,64,0,0.25,0.0,64,0,1,600,1,0,60,0.5,9,auto,unused,1,1,1,1,256,0,0,0,0,0,0,0,120,1080,1920,1.0,1.0,-1.0,total,0.37578,visibility,0.02898,visutil_histogram,0.02509,visutil_prefix,0.00205,visutil_flatten,0.03342,gbuffer,0.13683,lighting,0.08731,tonemap,0.02944,,0.00000,,0.00000,,0.00000,,0.00000,,0.00000,,0.00000,,0.00000,,0.00000,,0.00000,,0.00000,,0.00000,,0.00000,,0.00000,,0.00000,,0.00000,,0.00000,,0.00000,,0.00000,,0.00000,,0.00000,,0.00000,,0.00000,,0.00000,,0.00000
11_synth_diversity_fixed64.json,Synthetic,DonutVisGBuffer,success,8,0,0.37502,0.37434,0.38262,0.38710,100,1000,../../../../../scripts/standard_camera.csv,0.785,10,0.0,0.0,0.0,0,0.1,0.0,0.0,-3,60,0,1,1,1,64,0,0.25,0.0,64,0,1,600,1,0,60,0.5,9,auto,unused,1,2,1,1,256,0,0,0,0,0,0,0,120,1080,1920,1.0,1.0,-1.0,total,0.37502,visibility,0.02878,visutil_histogram,0.02503,visutil_prefix,0.00205,visutil_flatten,0.03338,gbuffer,0.13715,lighting,0.08714,tonemap,0.02940,,0.00000,,0.00000,,0.00000,,0.00000,,0.00000,,0.00000,,0.00000,,0.00000,,0.00000,,0.00000,,0.00000,,0.00000,,0.00000,,0.00000,,0.00000,,0.00000,,0.00000,,0.00000,,0.00000,,0.00000,,0.00000,,0.00000,,0.00000,,0.00000
11_synth_diversity_fixed64.json,Synthetic,DonutVisGBuffer,success,9,0,0.36802,0.36733,0.37651,0.38125,100,1000,../../../../../scripts/standard_camera.csv,0.785,10,0.0,0.0,0.0,0,0.1,0.0,0.0,-3,60,0,1,1,1,64,0,0.25,1.0,64,0,1,600,1,0,60,0.5,9,auto,unused,1,0,1,1,256,0,0,0,0,0,0,0,120,1080,1920,1.0,1.0,-1.0,total,0.36802,visibility,0.02726,visutil_histogram,0.02362,visutil_prefix,0.00205,visutil_flatten,0.03135,gbuffer,0.13429,lighting,0.08716,tonemap,0.02955,,0.00000,,0.00000,,0.00000,,0.00000,,0.00000,,0.00000,,0.00000,,0.00000,,0.00000,,0.00000,,0.00000,,0.00000,,0.00000,,0.00000,,0.00000,,0.00000,,0.00000,,0.00000,,0.00000,,0.00000,,0.00000,,0.00000,,0.00000,,0.00000
11_synth_diversity_fixed64.json,Synthetic,DonutVisGBuffer,success,10,0,0.36931,0.36845,0.37651,0.38118,100,1000,../../../../../scripts/standard_camera.csv,0.785,10,0.0,0.0,0.0,0,0.1,0.0,0.0,-3,60,0,1,1,1,64,0,0.25,1.0,64,0,1,600,1,0,60,0.5,9,auto,unused,1,1,1,1,256,0,0,0,0,0,0,0,120,1080,1920,1.0,1.0,-1.0,total,0.36931,visibility,0.02718,visutil_histogram,0.02367,visutil_prefix,0.00205,visutil_flatten,0.03133,gbuffer,0.13581,lighting,0.08713,tonemap,0.02951,,0.00000,,0.00000,,0.00000,,0.00000,,0.00000,,0.00000,,0.00000,,0.00000,,0.00000,,0.00000,,0.00000,,0.00000,,0.00000,,0.00000,,0.00000,,0.00000,,0.00000,,0.00000,,0.00000,,0.00000,,0.00000,,0.00000,,0.00000,,0.00000
11_synth_diversity_fixed64.json,Synthetic,DonutVisGBuffer,success,11,0,0.36955,0.36848,0.37693,0.38243,100,1000,../../../../../scripts/standard_camera.csv,0.785,10,0.0,0.0,0.0,0,0.1,0.0,0.0,-3,60,0,1,1,1,64,0,0.25,1.0,64,0,1,600,1,0,60,0.5,9,auto,unused,1,2,1,1,256,0,0,0,0,0,0,0,120,1080,1920,1.0,1.0,-1.0,total,0.36955,visibility,0.02713,visutil_histogram,0.02359,visutil_prefix,0.00205,visutil_flatten,0.03130,gbuffer,0.13631,lighting,0.08705,tonemap,0.02948,,0.00000,,0.00000,,0.00000,,0.00000,,0.00000,,0.00000,,0.00000,,0.00000,,0.00000,,0.00000,,0.00000,,0.00000,,0.00000,,0.00000,,0.00000,,0.00000,,0.00000,,0.00000,,0.00000,,0.00000,,0.00000,,0.00000,,0.00000,,0.00000
11_synth_diversity_fixed64.json,Synthetic,DonutVisGBuffer,success,12,0,0.37574,0.37581,0.38042,0.38458,100,1000,../../../../../scripts/standard_camera.csv,0.785,10,0.0,0.0,0.0,0,0.1,0.0,0.0,-3,60,0,1,1,1,64,0,0.5,0.0,64,0,1,600,1,0,60,0.5,9,auto,unused,1,0,1,1,256,0,0,0,0,0,0,0,120,1080,1920,1.0,1.0,-1.0,total,0.37574,visibility,0.03040,visutil_histogram,0.02575,visutil_prefix,0.00205,visutil_flatten,0.03462,gbuffer,0.13406,lighting,0.08757,tonemap,0.02936,,0.00000,,0.00000,,0.00000,,0.00000,,0.00000,,0.00000,,0.00000,,0.00000,,0.00000,,0.00000,,0.00000,,0.00000,,0.00000,,0.00000,,0.00000,,0.00000,,0.00000,,0.00000,,0.00000,,0.00000,,0.00000,,0.00000,,0.00000,,0.00000
11_synth_diversity_fixed64.json,Synthetic,DonutVisGBuffer,success,13,0,0.37690,0.37645,0.38230,0.38634,100,1000,../../../../../scripts/standard_camera.csv,0.785,10,0.0,0.0,0.0,0,0.1,0.0,0.0,-3,60,0,1,1,1,64,0,0.5,0.0,64,0,1,600,1,0,60,0.5,9,auto,unused,1,1,1,1,256,0,0,0,0,0,0,0,120,1080,1920,1.0,1.0,-1.0,total,0.37690,visibility,0.03044,visutil_histogram,0.02581,visutil_prefix,0.00205,visutil_flatten,0.03470,gbuffer,0.13500,lighting,0.08754,tonemap,0.02931,,0.00000,,0.00000,,0.00000,,0.00000,,0.00000,,0.00000,,0.00000,,0.00000,,0.00000,,0.00000,,0.00000,,0.00000,,0.00000,,0.00000,,0.00000,,0.00000,,0.00000,,0.00000,,0.00000,,0.00000,,0.00000,,0.00000,,0.00000,,0.00000
11_synth_diversity_fixed64.json,Synthetic,DonutVisGBuffer,success,14,0,0.37563,0.37520,0.38048,0.38448,100,1000,../../../../../scripts/standard_camera.csv,0.785,10,0.0,0.0,0.0,0,0.1,0.0,0.0,-3,60,0,1,1,1,64,0,0.5,0.0,64,0,1,600,1,0,60,0.5,9,auto,unused,1,2,1,1,256,0,0,0,0,0,0,0,120,1080,1920,1.0,1.0,-1.0,total,0.37563,visibility,0.03023,visutil_histogram,0.02569,visutil_prefix,0.00205,visutil_flatten,0.03458,gbuffer,0.13516,lighting,0.08751,tonemap,0.02934,,0.00000,,0.00000,,0.00000,,0.00000,,0.00000,,0.00000,,0.00000,,0.00000,,0.00000,,0.00000,,0.00000,,0.00000,,0.00000,,0.00000,,0.00000,,0.00000,,0.00000,,0.00000,,0.00000,,0.00000,,0.00000,,0.00000,,0.00000,,0.00000
11_synth_diversity_fixed64.json,Synthetic,DonutVisGBuffer,success,15,0,0.36561,0.36477,0.37062,0.37520,100,1000,../../../../../scripts/standard_camera.csv,0.785,10,0.0,0.0,0.0,0,0.1,0.0,0.0,-3,60,0,1,1,1,64,0,0.5,1.0,64,0,1,600,1,0,60,0.5,9,auto,unused,1,0,1,1,256,0,0,0,0,0,0,0,120,1080,1920,1.0,1.0,-1.0,total,0.36561,visibility,0.02732,visutil_histogram,0.02403,visutil_prefix,0.00205,visutil_flatten,0.03162,gbuffer,0.13174,lighting,0.08725,tonemap,0.02968,,0.00000,,0.00000,,0.00000,,0.00000,,0.00000,,0.00000,,0.00000,,0.00000,,0.00000,,0.00000,,0.00000,,0.00000,,0.00000,,0.00000,,0.00000,,0.00000,,0.00000,,0.00000,,0.00000,,0.00000,,0.00000,,0.00000,,0.00000,,0.00000
11_synth_diversity_fixed64.json,Synthetic,DonutVisGBuffer,success,16,0,0.36685,0.36634,0.37222,0.37536,100,1000,../../../../../scripts/standard_camera.csv,0.785,10,0.0,0.0,0.0,0,0.1,0.0,0.0,-3,60,0,1,1,1,64,0,0.5,1.0,64,0,1,600,1,0,60,0.5,9,auto,unused,1,1,1,1,256,0,0,0,0,0,0,0,120,1080,1920,1.0,1.0,-1.0,total,0.36685,visibility,0.02744,visutil_histogram,0.02405,visutil_prefix,0.00205,visutil_flatten,0.03165,gbuffer,0.13286,lighting,0.08729,tonemap,0.02962,,0.00000,,0.00000,,0.00000,,0.00000,,0.00000,,0.00000,,0.00000,,0.00000,,0.00000,,0.00000,,0.00000,,0.00000,,0.00000,,0.00000,,0.00000,,0.00000,,0.00000,,0.00000,,0.00000,,0.00000,,0.00000,,0.00000,,0.00000,,0.00000
11_synth_diversity_fixed64.json,Synthetic,DonutVisGBuffer,success,17,0,0.36703,0.36656,0.37261,0.37664,100,1000,../../../../../scripts/standard_camera.csv,0.785,10,0.0,0.0,0.0,0,0.1,0.0,0.0,-3,60,0,1,1,1,64,0,0.5,1.0,64,0,1,600,1,0,60,0.5,9,auto,unused,1,2,1,1,256,0,0,0,0,0,0,0,120,1080,1920,1.0,1.0,-1.0,total,0.36703,visibility,0.02736,visutil_histogram,0.02397,visutil_prefix,0.00205,visutil_flatten,0.03164,gbuffer,0.13313,lighting,0.08717,tonemap,0.02973,,0.00000,,0.00000,,0.00000,,0.00000,,0.00000,,0.00000,,0.00000,,0.00000,,0.00000,,0.00000,,0.00000,,0.00000,,0.00000,,0.00000,,0.00000,,0.00000,,0.00000,,0.00000,,0.00000,,0.00000,,0.00000,,0.00000,,0.00000,,0.00000
11_synth_diversity_fixed64.json,Synthetic,DonutVisGBuffer,success,18,0,0.37787,0.37805,0.38106,0.38454,100,1000,../../../../../scripts/standard_camera.csv,0.785,10,0.0,0.0,0.0,0,0.1,0.0,0.0,-3,60,0,1,1,1,64,0,0.75,0.0,64,0,1,600,1,0,60,0.5,9,auto,unused,1,0,1,1,256,0,0,0,0,0,0,0,120,1080,1920,1.0,1.0,-1.0,total,0.37787,visibility,0.03151,visutil_histogram,0.02612,visutil_prefix,0.00205,visutil_flatten,0.03528,gbuffer,0.13360,lighting,0.08766,tonemap,0.02927,,0.00000,,0.00000,,0.00000,,0.00000,,0.00000,,0.00000,,0.00000,,0.00000,,0.00000,,0.00000,,0.00000,,0.00000,,0.00000,,0.00000,,0.00000,,0.00000,,0.00000,,0.00000,,0.00000,,0.00000,,0.00000,,0.00000,,0.00000,,0.00000
11_synth_diversity_fixed64.json,Synthetic,DonutVisGBuffer,success,19,0,0.37821,0.37818,0.38214,0.38627,100,1000,../../../../../scripts/standard_camera.csv,0.785,10,0.0,0.0,0.0,0,0.1,0.0,0.0,-3,60,0,1,1,1,64,0,0.75,0.0,64,0,1,600,1,0,60,0.5,9,auto,unused,1,1,1,1,256,0,0,0,0,0,0,0,120,1080,1920,1.0,1.0,-1.0,total,0.37821,visibility,0.03166,visutil_histogram,0.02614,visutil_prefix,0.00205,visutil_flatten,0.03530,gbuffer,0.13393,lighting,0.08772,tonemap,0.02926,,0.00000,,0.00000,,0.00000,,0.00000,,0.00000,,0.00000,,0.00000,,0.00000,,0.00000,,0.00000,,0.00000,,0.00000,,0.00000,,0.00000,,0.00000,,0.00000,,0.00000,,0.00000,,0.00000,,0.00000,,0.00000,,0.00000,,0.00000,,0.00000
11_synth_diversity_fixed64.json,Synthetic,DonutVisGBuffer,success,20,0,0.37793,0.37808,0.38093,0.38454,100,1000,../../../../../scripts/standard_camera.csv,0.785,10,0.0,0.0,0.0,0,0.1,0.0,0.0,-3,60,0,1,1,1,64,0,0.75,0.0,64,0,1,600,1,0,60,0.5,9,auto,unused,1,2,1,1,256,0,0,0,0,0,0,0,120,1080,1920,1.0,1.0,-1.0,total,0.37793,visibility,0.03144,visutil_histogram,0.02610,visutil_prefix,0.00205,visutil_flatten,0.03527,gbuffer,0.13396,lighting,0.08761,tonemap,0.02922,,0.00000,,0.00000,,0.00000,,0.00000,,0.00000,,0.00000,,0.00000,,0.00000,,0.00000,,0.00000,,0.00000,,0.00000,,0.00000,,0.00000,,0.00000,,0.00000,,0.00000,,0.00000,,0.00000,,0.00000,,0.00000,,0.00000,,0.00000,,0.00000
11_synth_diversity_fixed64.json,Synthetic,DonutVisGBuffer,success,21,0,0.36581,0.36544,0.36867,0.37421,100,1000,../../../../../scripts/standard_camera.csv,0.785,10,0.0,0.0,0.0,0,0.1,0.0,0.0,-3,60,0,1,1,1,64,0,0.75,1.0,64,0,1,600,1,0,60,0.5,9,auto,unused,1,0,1,1,256,0,0,0,0,0,0,0,120,1080,1920,1.0,1.0,-1.0,total,0.36581,visibility,0.02750,visutil_histogram,0.02441,visutil_prefix,0.00206,visutil_flatten,0.03218,gbuffer,0.13109,lighting,0.08731,tonemap,0.02957,,0.00000,,0.00000,,0.00000,,0.00000,,0.00000,,0.00000,,0.00000,,0.00000,,0.00000,,0.00000,,0.00000,,0.00000,,0.00000,,0.00000,,0.00000,,0.00000,,0.00000,,0.00000,,0.00000,,0.00000,,0.00000,,0.00000,,0.00000,,0.00000
11_synth_diversity_fixed64.json,Synthetic,DonutVisGBuffer,success,22,0,0.36631,0.36624,0.36966,0.37267,100,1000,../../../../../scripts/standard_camera.csv,0.785,10,0.0,0.0,0.0,0,0.1,0.0,0.0,-3,60,0,1,1,1,64,0,0.75,1.0,64,0,1,600,1,0,60,0.5,9,auto,unused,1,1,1,1,256,0,0,0,0,0,0,0,120,1080,1920,1.0,1.0,-1.0,total,0.36631,visibility,0.02753,visutil_histogram,0.02438,visutil_prefix,0.00205,visutil_flatten,0.03221,gbuffer,0.13144,lighting,0.08752,tonemap,0.02952,,0.00000,,0.00000,,0.00000,,0.00000,,0.00000,,0.00000,,0.00000,,0.00000,,0.00000,,0.00000,,0.00000,,0.00000,,0.00000,,0.00000,,0.00000,,0.00000,,0.00000,,0.00000,,0.00000,,0.00000,,0.00000,,0.00000,,0.00000,,0.00000
11_synth_diversity_fixed64.json,Synthetic,DonutVisGBuffer,success,23,0,0.36644,0.36640,0.37030,0.37334,100,1000,../../../../../scripts/standard_camera.csv,0.785,10,0.0,0.0,0.0,0,0.1,0.0,0.0,-3,60,0,1,1,1,64,0,0.75,1.0,64,0,1,600,1,0,60,0.5,9,auto,unused,1,2,1,1,256,0,0,0,0,0,0,0,120,1080,1920,1.0,1.0,-1.0,total,0.36644,visibility,0.02757,visutil_histogram,0.02442,visutil_prefix,0.00205,visutil_flatten,0.03220,gbuffer,0.13133,lighting,0.08731,tonemap,0.02956,,0.00000,,0.00000,,0.00000,,0.00000,,0.00000,,0.00000,,0.00000,,0.00000,,0.00000,,0.00000,,0.00000,,0.00000,,0.00000,,0.00000,,0.00000,,0.00000,,0.00000,,0.00000,,0.00000,,0.00000,,0.00000,,0.00000,,0.00000,,0.00000
11_synth_diversity_fixed64.json,Synthetic,DonutVisGBuffer,success,24,0,0.37879,0.37843,0.38218,0.38461,100,1000,../../../../../scripts/standard_camera.csv,0.785,10,0.0,0.0,0.0,0,0.1,0.0,0.0,-3,60,0,1,1,1,64,0,1.0,0.0,64,0,1,600,1,0,60,0.5,9,auto,unused,1,0,1,1,256,0,0,0,0,0,0,0,120,1080,1920,1.0,1.0,-1.0,total,0.37879,visibility,0.03208,visutil_histogram,0.02618,visutil_prefix,0.00206,visutil_flatten,0.03544,gbuffer,0.13314,lighting,0.08772,tonemap,0.02919,,0.00000,,0.00000,,0.00000,,0.00000,,0.00000,,0.00000,,0.00000,,0.00000,,0.00000,,0.00000,,0.00000,,0.00000,,0.00000,,0.00000,,0.00000,,0.00000,,0.00000,,0.00000,,0.00000,,0.00000,,0.00000,,0.00000,,0.00000,,0.00000
11_synth_diversity_fixed64.json,Synthetic,DonutVisGBuffer,success,25,0,0.37890,0.37862,0.38150,0.38451,100,1000,../../../../../scripts/standard_camera.csv,0.785,10,0.0,0.0,0.0,0,0.1,0.0,0.0,-3,60,0,1,1,1,64,0,1.0,0.0,64,0,1,600,1,0,60,0.5,9,auto,unused,1,1,1,1,256,0,0,0,0,0,0,0,120,1080,1920,1.0,1.0,-1.0,total,0.37890,visibility,0.03207,visutil_histogram,0.02623,visutil_prefix,0.00205,visutil_flatten,0.03551,gbuffer,0.13309,lighting,0.08774,tonemap,0.02925,,0.00000,,0.00000,,0.00000,,0.00000,,0.00000,,0.00000,,0.00000,,0.00000,,0.00000,,0.00000,,0.00000,,0.00000,,0.00000,,0.00000,,0.00000,,0.00000,,0.00000,,0.00000,,0.00000,,0.00000,,0.00000,,0.00000,,0.00000,,0.00000
11_synth_diversity_fixed64.json,Synthetic,DonutVisGBuffer,success,26,0,0.37923,0.37949,0.38234,0.38454,100,1000,../../../../../scripts/standard_camera.csv,0.785,10,0.0,0.0,0.0,0,0.1,0.0,0.0,-3,60,0,1,1,1,64,0,1.0,0.0,64,0,1,600,1,0,60,0.5,9,auto,unused,1,2,1,1,256,0,0,0,0,0,0,0,120,1080,1920,1.0,1.0,-1.0,total,0.37923,visibility,0.03216,visutil_histogram,0.02626,visutil_prefix,0.00206,visutil_flatten,0.03550,gbuffer,0.13321,lighting,0.08774,tonemap,0.02922,,0.00000,,0.00000,,0.00000,,0.00000,,0.00000,,0.00000,,0.00000,,0.00000,,0.00000,,0.00000,,0.00000,,0.00000,,0.00000,,0.00000,,0.00000,,0.00000,,0.00000,,0.00000,,0.00000,,0.00000,,0.00000,,0.00000,,0.00000,,0.00000
11_synth_diversity_fixed64.json,Synthetic,DonutVisGBuffer,success,27,0,0.36531,0.36534,0.36848,0.37059,100,1000,../../../../../scripts/standard_camera.csv,0.785,10,0.0,0.0,0.0,0,0.1,0.0,0.0,-3,60,0,1,1,1,64,0,1.0,1.0,64,0,1,600,1,0,60,0.5,9,auto,unused,1,0,1,1,256,0,0,0,0,0,0,0,120,1080,1920,1.0,1.0,-1.0,total,0.36531,visibility,0.02735,visutil_histogram,0.02469,visutil_prefix,0.00206,visutil_flatten,0.03239,gbuffer,0.12999,lighting,0.08739,tonemap,0.02956,,0.00000,,0.00000,,0.00000,,0.00000,,0.00000,,0.00000,,0.00000,,0.00000,,0.00000,,0.00000,,0.00000,,0.00000,,0.00000,,0.00000,,0.00000,,0.00000,,0.00000,,0.00000,,0.00000,,0.00000,,0.00000,,0.00000,,0.00000,,0.00000
11_synth_diversity_fixed64.json,Synthetic,DonutVisGBuffer,success,28,0,0.36510,0.36490,0.36822,0.37062,100,1000,../../../../../scripts/standard_camera.csv,0.785,10,0.0,0.0,0.0,0,0.1,0.0,0.0,-3,60,0,1,1,1,64,0,1.0,1.0,64,0,1,600,1,0,60,0.5,9,auto,unused,1,1,1,1,256,0,0,0,0,0,0,0,120,1080,1920,1.0,1.0,-1.0,total,0.36510,visibility,0.02735,visutil_histogram,0.02462,visutil_prefix,0.00206,visutil_flatten,0.03235,gbuffer,0.13000,lighting,0.08728,tonemap,0.02961,,0.00000,,0.00000,,0.00000,,0.00000,,0.00000,,0.00000,,0.00000,,0.00000,,0.00000,,0.00000,,0.00000,,0.00000,,0.00000,,0.00000,,0.00000,,0.00000,,0.00000,,0.00000,,0.00000,,0.00000,,0.00000,,0.00000,,0.00000,,0.00000
11_synth_diversity_fixed64.json,Synthetic,DonutVisGBuffer,success,29,0,0.36556,0.36598,0.36838,0.37062,100,1000,../../../../../scripts/standard_camera.csv,0.785,10,0.0,0.0,0.0,0,0.1,0.0,0.0,-3,60,0,1,1,1,64,0,1.0,1.0,64,0,1,600,1,0,60,0.5,9,auto,unused,1,2,1,1,256,0,0,0,0,0,0,0,120,1080,1920,1.0,1.0,-1.0,total,0.36556,visibility,0.02744,visutil_histogram,0.02473,visutil_prefix,0.00206,visutil_flatten,0.03236,gbuffer,0.13009,lighting,0.08733,tonemap,0.02949,,0.00000,,0.00000,,0.00000,,0.00000,,0.00000,,0.00000,,0.00000,,0.00000,,0.00000,,0.00000,,0.00000,,0.00000,,0.00000,,0.00000,,0.00000,,0.00000,,0.00000,,0.00000,,0.00000,,0.00000,,0.00000,,0.00000,,0.00000,,0.00000
12_synth_locality_diversity_map_fixed64.json,Synthetic,DonutVisGBuffer,success,0,0,0.33002,0.32982,0.33216,0.33533,100,1000,../../../../../scripts/standard_camera.csv,0.785,10,0.0,0.0,0.0,0,0.1,0.0,0.0,-3,60,0,1,1,1,64,0,0.0,0.0,64,0,1,360,1,0,60,0.5,9,auto,unused,1,0,1,1,256,0,0,0,0,0,0,0,120,1080,1920,1.0,1.0,-1.0,total,0.33002,visibility,0.02692,visutil_histogram,0.02274,visutil_prefix,0.00206,visutil_flatten,0.03047,gbuffer,0.09856,lighting,0.08843,tonemap,0.02979,,0.00000,,0.00000,,0.00000,,0.00000,,0.00000,,0.00000,,0.00000,,0.00000,,0.00000,,0.00000,,0.00000,,0.00000,,0.00000,,0.00000,,0.00000,,0.00000,,0.00000,,0.00000,,0.00000,,0.00000,,0.00000,,0.00000,,0.00000,,0.00000
12_synth_locality_diversity_map_fixed64.json,Synthetic,DonutVisGBuffer,success,1,0,0.33010,0.32992,0.33200,0.33430,100,1000,../../../../../scripts/standard_camera.csv,0.785,10,0.0,0.0,0.0,0,0.1,0.0,0.0,-3,60,0,1,1,1,64,0,0.0,0.0,64,0,1,360,1,0,60,0.5,9,auto,unused,1,1,1,1,256,0,0,0,0,0,0,0,120,1080,1920,1.0,1.0,-1.0,total,0.33010,visibility,0.02692,visutil_histogram,0.02287,visutil_prefix,0.00206,visutil_flatten,0.03048,gbuffer,0.09835,lighting,0.08842,tonemap,0.02978,,0.00000,,0.00000,,0.00000,,0.00000,,0.00000,,0.00000,,0.00000,,0.00000,,0.00000,,0.00000,,0.00000,,0.00000,,0.00000,,0.00000,,0.00000,,0.00000,,0.00000,,0.00000,,0.00000,,0.00000,,0.00000,,0.00000,,0.00000,,0.00000
12_synth_locality_diversity_map_fixed64.json,Synthetic,DonutVisGBuffer,success,2,0,0.32980,0.32966,0.33187,0.33395,100,1000,../../../../../scripts/standard_camera.csv,0.785,10,0.0,0.0,0.0,0,0.1,0.0,0.0,-3,60,0,1,1,1,64,0,0.0,0.0,64,0,1,360,1,0,60,0.5,9,auto,unused,1,2,1,1,256,0,0,0,0,0,0,0,120,1080,1920,1.0,1.0,-1.0,total,0.32980,visibility,0.02692,visutil_histogram,0.02286,visutil_prefix,0.00205,visutil_flatten,0.03053,gbuffer,0.09815,lighting,0.08835,tonemap,0.02973,,0.00000,,0.00000,,0.00000,,0.00000,,0.00000,,0.00000,,0.00000,,0.00000,,0.00000,,0.00000,,0.00000,,0.00000,,0.00000,,0.00000,,0.00000,,0.00000,,0.00000,,0.00000,,0.00000,,0.00000,,0.00000,,0.00000,,0.00000,,0.00000
12_synth_locality_diversity_map_fixed64.json,Synthetic,DonutVisGBuffer,success,3,0,0.37428,0.37325,0.38157,0.38688,100,1000,../../../../../scripts/standard_camera.csv,0.785,10,0.0,0.0,0.0,0,0.1,0.0,0.0,-3,60,0,1,1,1,64,0,0.25,0.0,64,0,1,360,1,0,60,0.5,9,auto,unused,1,0,1,1,256,0,0,0,0,0,0,0,120,1080,1920,1.0,1.0,-1.0,total,0.37428,visibility,0.02894,visutil_histogram,0.02504,visutil_prefix,0.00206,visutil_flatten,0.03339,gbuffer,0.13525,lighting,0.08736,tonemap,0.02950,,0.00000,,0.00000,,0.00000,,0.00000,,0.00000,,0.00000,,0.00000,,0.00000,,0.00000,,0.00000,,0.00000,,0.00000,,0.00000,,0.00000,,0.00000,,0.00000,,0.00000,,0.00000,,0.00000,,0.00000,,0.00000,,0.00000,,0.00000,,0.00000
12_synth_locality_diversity_map_fixed64.json,Synthetic,DonutVisGBuffer,success,4,0,0.37602,0.37482,0.38416,0.38845,100,1000,../../../../../scripts/standard_camera.csv,0.785,10,0.0,0.0,0.0,0,0.1,0.0,0.0,-3,60,0,1,1,1,64,0,0.25,0.0,64,0,1,360,1,0,60,0.5,9,auto,unused,1,1,1,1,256,0,0,0,0,0,0,0,120,1080,1920,1.0,1.0,-1.0,total,0.37602,visibility,0.02896,visutil_histogram,0.02509,visutil_prefix,0.00205,visutil_flatten,0.03342,gbuffer,0.13705,lighting,0.08725,tonemap,0.02947,,0.00000,,0.00000,,0.00000,,0.00000,,0.00000,,0.00000,,0.00000,,0.00000,,0.00000,,0.00000,,0.00000,,0.00000,,0.00000,,0.00000,,0.00000,,0.00000,,0.00000,,0.00000,,0.00000,,0.00000,,0.00000,,0.00000,,0.00000,,0.00000
12_synth_locality_diversity_map_fixed64.json,Synthetic,DonutVisGBuffer,success,5,0,0.37518,0.37446,0.38288,0.38851,100,1000,../../../../../scripts/standard_camera.csv,0.785,10,0.0,0.0,0.0,0,0.1,0.0,0.0,-3,60,0,1,1,1,64,0,0.25,0.0,64,0,1,360,1,0,60,0.5,9,auto,unused,1,2,1,1,256,0,0,0,0,0,0,0,120,1080,1920,1.0,1.0,-1.0,total,0.37518,visibility,0.02877,visutil_histogram,0.02504,visutil_prefix,0.00205,visutil_flatten,0.03338,gbuffer,0.13711,lighting,0.08726,tonemap,0.02942,,0.00000,,0.00000,,0.00000,,0.00000,,0.00000,,0.00000,,0.00000,,0.00000,,0.00000,,0.00000,,0.00000,,0.00000,,0.00000,,0.00000,,0.00000,,0.00000,,0.00000,,0.00000,,0.00000,,0.00000,,0.00000,,0.00000,,0.00000,,0.00000
12_synth_locality_diversity_map_fixed64.json,Synthetic,DonutVisGBuffer,success,6,0,0.37543,0.37517,0.38016,0.38493,100,1000,../../../../../scripts/standard_camera.csv,0.785,10,0.0,0.0,0.0,0,0.1,0.0,0.0,-3,60,0,1,1,1,64,0,0.5,0.0,64,0,1,360,1,0,60,0.5,9,auto,unused,1,0,1,1,256,0,0,0,0,0,0,0,120,1080,1920,1.0,1.0,-1.0,total,0.37543,visibility,0.03036,visutil_histogram,0.02575,visutil_prefix,0.00206,visutil_flatten,0.03461,gbuffer,0.13377,lighting,0.08760,tonemap,0.02936,,0.00000,,0.00000,,0.00000,,0.00000,,0.00000,,0.00000,,0.00000,,0.00000,,0.00000,,0.00000,,0.00000,,0.00000,,0.00000,,0.00000,,0.00000,,0.00000,,0.00000,,0.00000,,0.00000,,0.00000,,0.00000,,0.00000,,0.00000,,0.00000
12_synth_locality_diversity_map_fixed64.json,Synthetic,DonutVisGBuffer,success,7,0,0.37724,0.37654,0.38253,0.38650,100,1000,../../../../../scripts/standard_camera.csv,0.785,10,0.0,0.0,0.0,0,0.1,0.0,0.0,-3,60,0,1,1,1,64,0,0.5,0.0,64,0,1,360,1,0,60,0.5,9,auto,unused,1,1,1,1,256,0,0,0,0,0,0,0,120,1080,1920,1.0,1.0,-1.0,total,0.37724,visibility,0.03042,visutil_histogram,0.02581,visutil_prefix,0.00206,visutil_flatten,0.03471,gbuffer,0.13514,lighting,0.08754,tonemap,0.02934,,0.00000,,0.00000,,0.00000,,0.00000,,0.00000,,0.00000,,0.00000,,0.00000,,0.00000,,0.00000,,0.00000,,0.00000,,0.00000,,0.00000,,0.00000,,0.00000,,0.00000,,0.00000,,0.00000,,0.00000,,0.00000,,0.00000,,0.00000,,0.00000
12_synth_locality_diversity_map_fixed64.json,Synthetic,DonutVisGBuffer,success,8,0,0.37590,0.37565,0.38074,0.38515,100,1000,../../../../../scripts/standard_camera.csv,0.785,10,0.0,0.0,0.0,0,0.1,0.0,0.0,-3,60,0,1,1,1,64,0,0.5,0.0,64,0,1,360,1,0,60,0.5,9,auto,unused,1,2,1,1,256,0,0,0,0,0,0,0,120,1080,1920,1.0,1.0,-1.0,total,0.37590,visibility,0.03022,visutil_histogram,0.02569,visutil_prefix,0.00205,visutil_flatten,0.03457,gbuffer,0.13554,lighting,0.08749,tonemap,0.02930,,0.00000,,0.00000,,0.00000,,0.00000,,0.00000,,0.00000,,0.00000,,0.00000,,0.00000,,0.00000,,0.00000,,0.00000,,0.00000,,0.00000,,0.00000,,0.00000,,0.00000,,0.00000,,0.00000,,0.00000,,0.00000,,0.00000,,0.00000,,0.00000
12_synth_locality_diversity_map_fixed64.json,Synthetic,DonutVisGBuffer,success,9,0,0.37759,0.37805,0.38074,0.38448,100,1000,../../../../../scripts/standard_camera.csv,0.785,10,0.0,0.0,0.0,0,0.1,0.0,0.0,-3,60,0,1,1,1,64,0,0.75,0.0,64,0,1,360,1,0,60,0.5,9,auto,unused,1,0,1,1,256,0,0,0,0,0,0,0,120,1080,1920,1.0,1.0,-1.0,total,0.37759,visibility,0.03151,visutil_histogram,0.02613,visutil_prefix,0.00206,visutil_flatten,0.03528,gbuffer,0.13354,lighting,0.08764,tonemap,0.02927,,0.00000,,0.00000,,0.00000,,0.00000,,0.00000,,0.00000,,0.00000,,0.00000,,0.00000,,0.00000,,0.00000,,0.00000,,0.00000,,0.00000,,0.00000,,0.00000,,0.00000,,0.00000,,0.00000,,0.00000,,0.00000,,0.00000,,0.00000,,0.00000
12_synth_locality_diversity_map_fixed64.json,Synthetic,DonutVisGBuffer,success,10,0,0.37824,0.37821,0.38224,0.38627,100,1000,../../../../../scripts/standard_camera.csv,0.785,10,0.0,0.0,0.0,0,0.1,0.0,0.0,-3,60,0,1,1,1,64,0,0.75,0.0,64,0,1,360,1,0,60,0.5,9,auto,unused,1,1,1,1,256,0,0,0,0,0,0,0,120,1080,1920,1.0,1.0,-1.0,total,0.37824,visibility,0.03163,visutil_histogram,0.02615,visutil_prefix,0.00206,visutil_flatten,0.03529,gbuffer,0.13410,lighting,0.08765,tonemap,0.02925,,0.00000,,0.00000,,0.00000,,0.00000,,0.00000,,0.00000,,0.00000,,0.00000,,0.00000,,0.00000,,0.00000,,0.00000,,0.00000,,0.00000,,0.00000,,0.00000,,0.00000,,0.00000,,0.00000,,0.00000,,0.00000,,0.00000,,0.00000,,0.00000
12_synth_locality_diversity_map_fixed64.json,Synthetic,DonutVisGBuffer,success,11,0,0.37805,0.37811,0.38192,0.38454,100,1000,../../../../../scripts/standard_camera.csv,0.785,10,0.0,0.0,0.0,0,0.1,0.0,0.0,-3,60,0,1,1,1,64,0,0.75,0.0,64,0,1,360,1,0,60,0.5,9,auto,unused,1,2,1,1,256,0,0,0,0,0,0,0,120,1080,1920,1.0,1.0,-1.0,total,0.37805,visibility,0.03144,visutil_histogram,0.02611,visutil_prefix,0.00205,visutil_flatten,0.03526,gbuffer,0.13402,lighting,0.08762,tonemap,0.02923,,0.00000,,0.00000,,0.00000,,0.00000,,0.00000,,0.00000,,0.00000,,0.00000,,0.00000,,0.00000,,0.00000,,0.00000,,0.00000,,0.00000,,0.00000,,0.00000,,0.00000,,0.00000,,0.00000,,0.00000,,0.00000,,0.00000,,0.00000,,0.00000
12_synth_locality_diversity_map_fixed64.json,Synthetic,DonutVisGBuffer,success,12,0,0.37891,0.37869,0.38208,0.38502,100,1000,../../../../../scripts/standard_camera.csv,0.785,10,0.0,0.0,0.0,0,0.1,0.0,0.0,-3,60,0,1,1,1,64,0,1.0,0.0,64,0,1,360,1,0,60,0.5,9,auto,unused,1,0,1,1,256,0,0,0,0,0,0,0,120,1080,1920,1.0,1.0,-1.0,total,0.37891,visibility,0.03204,visutil_histogram,0.02621,visutil_prefix,0.00206,visutil_flatten,0.03548,gbuffer,0.13322,lighting,0.08775,tonemap,0.02923,,0.00000,,0.00000,,0.00000,,0.00000,,0.00000,,0.00000,,0.00000,,0.00000,,0.00000,,0.00000,,0.00000,,0.00000,,0.00000,,0.00000,,0.00000,,0.00000,,0.00000,,0.00000,,0.00000,,0.00000,,0.00000,,0.00000,,0.00000,,0.00000
12_synth_locality_diversity_map_fixed64.json,Synthetic,DonutVisGBuffer,success,13,0,0.37881,0.37850,0.38208,0.38445,100,1000,../../../../../scripts/standard_camera.csv,0.785,10,0.0,0.0,0.0,0,0.1,0.0,0.0,-3,60,0,1,1,1,64,0,1.0,0.0,64,0,1,360,1,0,60,0.5,9,auto,unused,1,1,1,1,256,0,0,0,0,0,0,0,120,1080,1920,1.0,1.0,-1.0,total,0.37881,visibility,0.03208,visutil_histogram,0.02622,visutil_prefix,0.00206,visutil_flatten,0.03552,gbuffer,0.13301,lighting,0.08777,tonemap,0.02923,,0.00000,,0.00000,,0.00000,,0.00000,,0.00000,,0.00000,,0.00000,,0.00000,,0.00000,,0.00000,,0.00000,,0.00000,,0.00000,,0.00000,,0.00000,,0.00000,,0.00000,,0.00000,,0.00000,,0.00000,,0.00000,,0.00000,,0.00000,,0.00000
12_synth_locality_diversity_map_fixed64.json,Synthetic,DonutVisGBuffer,success,14,0,0.37925,0.37882,0.38227,0.38490,100,1000,../../../../../scripts/standard_camera.csv,0.785,10,0.0,0.0,0.0,0,0.1,0.0,0.0,-3,60,0,1,1,1,64,0,1.0,0.0,64,0,1,360,1,0,60,0.5,9,auto,unused,1,2,1,1,256,0,0,0,0,0,0,0,120,1080,1920,1.0,1.0,-1.0,total,0.37925,visibility,0.03217,visutil_histogram,0.02625,visutil_prefix,0.00205,visutil_flatten,0.03550,gbuffer,0.13333,lighting,0.08773,tonemap,0.02924,,0.00000,,0.00000,,0.00000,,0.00000,,0.00000,,0.00000,,0.00000,,0.00000,,0.00000,,0.00000,,0.00000,,0.00000,,0.00000,,0.00000,,0.00000,,0.00000,,0.00000,,0.00000,,0.00000,,0.00000,,0.00000,,0.00000,,0.00000,,0.00000
12_synth_locality_diversity_map_fixed64.json,Synthetic,DonutVisGBuffer,success,15,0,0.32982,0.32970,0.33194,0.33549,100,1000,../../../../../scripts/standard_camera.csv,0.785,10,0.0,0.0,0.0,0,0.1,0.0,0.0,-3,60,0,1,1,1,64,0,0.0,0.25,64,0,1,360,1,0,60,0.5,9,auto,unused,1,0,1,1,256,0,0,0,0,0,0,0,120,1080,1920,1.0,1.0,-1.0,total,0.32982,visibility,0.02692,visutil_histogram,0.02277,visutil_prefix,0.00206,visutil_flatten,0.03053,gbuffer,0.09845,lighting,0.08835,tonemap,0.02977,,0.00000,,0.00000,,0.00000,,0.00000,,0.00000,,0.00000,,0.00000,,0.00000,,0.00000,,0.00000,,0.00000,,0.00000,,0.00000,,0.00000,,0.00000,,0.00000,,0.00000,,0.00000,,0.00000,,0.00000,,0.00000,,0.00000,,0.00000,,0.00000
12_synth_locality_diversity_map_fixed64.json,Synthetic,DonutVisGBuffer,success,16,0,0.33000,0.32979,0.33200,0.33411,100,1000,../../../../../scripts/standard_camera.csv,0.785,10,0.0,0.0,0.0,0,0.1,0.0,0.0,-3,60,0,1,1,1,64,0,0.0,0.25,64,0,1,360,1,0,60,0.5,9,auto,unused,1,1,1,1,256,0,0,0,0,0,0,0,120,1080,1920,1.0,1.0,-1.0,total,0.33000,visibility,0.02697,visutil_histogram,0.02288,visutil_prefix,0.00206,visutil_flatten,0.03052,gbuffer,0.09828,lighting,0.08837,tonemap,0.02975,,0.00000,,0.00000,,0.00000,,0.00000,,0.00000,,0.00000,,0.00000,,0.00000,,0.00000,,0.00000,,0.00000,,0.00000,,0.00000,,0.00000,,0.00000,,0.00000,,0.00000,,0.00000,,0.00000,,0.00000,,0.00000,,0.00000,,0.00000,,0.00000
12_synth_locality_diversity_map_fixed64.json,Synthetic,DonutVisGBuffer,success,17,0,0.32996,0.32973,0.33197,0.33411,100,1000,../../../../../scripts/standard_camera.csv,0.785,10,0.0,0.0,0.0,0,0.1,0.0,0.0,-3,60,0,1,1,1,64,0,0.0,0.25,64,0,1,360,1,0,60,0.5,9,auto,unused,1,2,1,1,256,0,0,0,0,0,0,0,120,1080,1920,1.0,1.0,-1.0,total,0.32996,visibility,0.02694,visutil_histogram,0.02286,visutil_prefix,0.00206,visutil_flatten,0.03053,gbuffer,0.09822,lighting,0.08839,tonemap,0.02976,,0.00000,,0.00000,,0.00000,,0.00000,,0.00000,,0.00000,,0.00000,,0.00000,,0.00000,,0.00000,,0.00000,,0.00000,,0.00000,,0.00000,,0.00000,,0.00000,,0.00000,,0.00000,,0.00000,,0.00000,,0.00000,,0.00000,,0.00000,,0.00000
12_synth_locality_diversity_map_fixed64.json,Synthetic,DonutVisGBuffer,success,18,0,0.37266,0.37216,0.37923,0.38528,100,1000,../../../../../scripts/standard_camera.csv,0.785,10,0.0,0.0,0.0,0,0.1,0.0,0.0,-3,60,0,1,1,1,64,0,0.25,0.25,64,0,1,360,1,0,60,0.5,9,auto,unused,1,0,1,1,256,0,0,0,0,0,0,0,120,1080,1920,1.0,1.0,-1.0,total,0.37266,visibility,0.02881,visutil_histogram,0.02494,visutil_prefix,0.00206,visutil_flatten,0.03327,gbuffer,0.13455,lighting,0.08739,tonemap,0.02952,,0.00000,,0.00000,,0.00000,,0.00000,,0.00000,,0.00000,,0.00000,,0.00000,,0.00000,,0.00000,,0.00000,,0.00000,,0.00000,,0.00000,,0.00000,,0.00000,,0.00000,,0.00000,,0.00000,,0.00000,,0.00000,,0.00000,,0.00000,,0.00000
12_synth_locality_diversity_map_fixed64.json,Synthetic,DonutVisGBuffer,success,19,0,0.37534,0.37450,0.38291,0.38752,100,1000,../../../../../scripts/standard_camera.csv,0.785,10,0.0,0.0,0.0,0,0.1,0.0,0.0,-3,60,0,1,1,1,64,0,0.25,0.25,64,0,1,360,1,0,60,0.5,9,auto,unused,1,1,1,1,256,0,0,0,0,0,0,0,120,1080,1920,1.0,1.0,-1.0,total,0.37534,visibility,0.02891,visutil_histogram,0.02496,visutil_prefix,0.00205,visutil_flatten,0.03323,gbuffer,0.13700,lighting,0.08734,tonemap,0.02952,,0.00000,,0.00000,,0.00000,,0.00000,,0.00000,,0.00000,,0.00000,,0.00000,,0.00000,,0.00000,,0.00000,,0.00000,,0.00000,,0.00000,,0.00000,,0.00000,,0.00000,,0.00000,,0.00000,,0.00000,,0.00000,,0.00000,,0.00000,,0.00000
12_synth_locality_diversity_map_fixed64.json,Synthetic,DonutVisGBuffer,success,20,0,0.37474,0.37414,0.38237,0.38637,100,1000,../../../../../scripts/standard_camera.csv,0.785,10,0.0,0.0,0.0,0,0.1,0.0,0.0,-3,60,0,1,1,1,64,0,0.25,0.25,64,0,1,360,1,0,60,0.5,9,auto,unused,1,2,1,1,256,0,0,0,0,0,0,0,120,1080,1920,1.0,1.0,-1.0,total,0.37474,visibility,0.02877,visutil_histogram,0.02494,visutil_prefix,0.00206,visutil_flatten,0.03323,gbuffer,0.13685,lighting,0.08730,tonemap,0.02947,,0.00000,,0.00000,,0.00000,,0.00000,,0.00000,,0.00000,,0.00000,,0.00000,,0.00000,,0.00000,,0.00000,,0.00000,,0.00000,,0.00000,,0.00000,,0.00000,,0.00000,,0.00000,,0.00000,,0.00000,,0.00000,,0.00000,,0.00000,,0.00000
12_synth_locality_diversity_map_fixed64.json,Synthetic,DonutVisGBuffer,success,21,0,0.37405,0.37405,0.37942,0.38429,100,1000,../../../../../scripts/standard_camera.csv,0.785,10,0.0,0.0,0.0,0,0.1,0.0,0.0,-3,60,0,1,1,1,64,0,0.5,0.25,64,0,1,360,1,0,60,0.5,9,auto,unused,1,0,1,1,256,0,0,0,0,0,0,0,120,1080,1920,1.0,1.0,-1.0,total,0.37405,visibility,0.03023,visutil_histogram,0.02568,visutil_prefix,0.00206,visutil_flatten,0.03447,gbuffer,0.13349,lighting,0.08749,tonemap,0.02938,,0.00000,,0.00000,,0.00000,,0.00000,,0.00000,,0.00000,,0.00000,,0.00000,,0.00000,,0.00000,,0.00000,,0.00000,,0.00000,,0.00000,,0.00000,,0.00000,,0.00000,,0.00000,,0.00000,,0.00000,,0.00000,,0.00000,,0.00000,,0.00000
12_synth_locality_diversity_map_fixed64.json,Synthetic,DonutVisGBuffer,success,22,0,0.37530,0.37456,0.38058,0.38525,100,1000,../../../../../scripts/standard_camera.csv,0.785,10,0.0,0.0,0.0,0,0.1,0.0,0.0,-3,60,0,1,1,1,64,0,0.5,0.25,64,0,1,360,1,0,60,0.5,9,auto,unused,1,1,1,1,256,0,0,0,0,0,0,0,120,1080,1920,1.0,1.0,-1.0,total,0.37530,visibility,0.03024,visutil_histogram,0.02570,visutil_prefix,0.00206,visutil_flatten,0.03449,gbuffer,0.13478,lighting,0.08754,tonemap,0.02937,,0.00000,,0.00000,,0.00000,,0.00000,,0.00000,,0.00000,,0.00000,,0.00000,,0.00000,,0.00000,,0.00000,,0.00000,,0.00000,,0.00000,,0.00000,,0.00000,,0.00000,,0.00000,,0.00000,,0.00000,,0.00000,,0.00000,,0.00000,,0.00000
12_synth_locality_diversity_map_fixed64.json,Synthetic,DonutVisGBuffer,success,23,0,0.37517,0.37459,0.38051,0.38442,100,1000,../../../../../scripts/standard_camera.csv,0.785,10,0.0,0.0,0.0,0,0.1,0.0,0.0,-3,60,0,1,1,1,64,0,0.5,0.25,64,0,1,360,1,0,60,0.5,9,auto,unused,1,2,1,1,256,0,0,0,0,0,0,0,120,1080,1920,1.0,1.0,-1.0,total,0.37517,visibility,0.03008,visutil_histogram,0.02563,visutil_prefix,0.00205,visutil_flatten,0.03440,gbuffer,0.13511,lighting,0.08754,tonemap,0.02935,,0.00000,,0.00000,,0.00000,,0.00000,,0.00000,,0.00000,,0.00000,,0.00000,,0.00000,,0.00000,,0.00000,,0.00000,,0.00000,,0.00000,,0.00000,,0.00000,,0.00000,,0.00000,,0.00000,,0.00000,,0.00000,,0.00000,,0.00000,,0.00000
12_synth_locality_diversity_map_fixed64.json,Synthetic,DonutVisGBuffer,success,24,0,0.37712,0.37677,0.38035,0.38435,100,1000,../../../../../scripts/standard_camera.csv,0.785,10,0.0,0.0,0.0,0,0.1,0.0,0.0,-3,60,0,1,1,1,64,0,0.75,0.25,64,0,1,360,1,0,60,0.5,9,auto,unused,1,0,1,1,256,0,0,0,0,0,0,0,120,1080,1920,1.0,1.0,-1.0,total,0.37712,visibility,0.03127,visutil_histogram,0.02605,visutil_prefix,0.00206,visutil_flatten,0.03513,gbuffer,0.13309,lighting,0.08762,tonemap,0.02929,,0.00000,,0.00000,,0.00000,,0.00000,,0.00000,,0.00000,,0.00000,,0.00000,,0.00000,,0.00000,,0.00000,,0.00000,,0.00000,,0.00000,,0.00000,,0.00000,,0.00000,,0.00000,,0.00000,,0.00000,,0.00000,,0.00000,,0.00000,,0.00000
12_synth_locality_diversity_map_fixed64.json,Synthetic,DonutVisGBuffer,success,25,0,0.37733,0.37667,0.38077,0.38410,100,1000,../../../../../scripts/standard_camera.csv,0.785,10,0.0,0.0,0.0,0,0.1,0.0,0.0,-3,60,0,1,1,1,64,0,0.75,0.25,64,0,1,360,1,0,60,0.5,9,auto,unused,1,1,1,1,256,0,0,0,0,0,0,0,120,1080,1920,1.0,1.0,-1.0,total,0.37733,visibility,0.03126,visutil_histogram,0.02605,visutil_prefix,0.00206,visutil_flatten,0.03510,gbuffer,0.13333,lighting,0.08767,tonemap,0.02931,,0.00000,,0.00000,,0.00000,,0.00000,,0.00000,,0.00000,,0.00000,,0.00000,,0.00000,,0.00000,,0.00000,,0.00000,,0.00000,,0.00000,,0.00000,,0.00000,,0.00000,,0.00000,,0.00000,,0.00000,,0.00000,,0.00000,,0.00000,,0.00000
12_synth_locality_diversity_map_fixed64.json,Synthetic,DonutVisGBuffer,success,26,0,0.37784,0.37808,0.38096,0.38486,100,1000,../../../../../scripts/standard_camera.csv,0.785,10,0.0,0.0,0.0,0,0.1,0.0,0.0,-3,60,0,1,1,1,64,0,0.75,0.25,64,0,1,360,1,0,60,0.5,9,auto,unused,1,2,1,1,256,0,0,0,0,0,0,0,120,1080,1920,1.0,1.0,-1.0,total,0.37784,visibility,0.03108,visutil_histogram,0.02601,visutil_prefix,0.00206,visutil_flatten,0.03507,gbuffer,0.13391,lighting,0.08763,tonemap,0.02928,,0.00000,,0.00000,,0.00000,,0.00000,,0.00000,,0.00000,,0.00000,,0.00000,,0.00000,,0.00000,,0.00000,,0.00000,,0.00000,,0.00000,,0.00000,,0.00000,,0.00000,,0.00000,,0.00000,,0.00000,,0.00000,,0.00000,,0.00000,,0.00000
12_synth_locality_diversity_map_fixed64.json,Synthetic,DonutVisGBuffer,success,27,0,0.37810,0.37792,0.38070,0.38365,100,1000,../../../../../scripts/standard_camera.csv,0.785,10,0.0,0.0,0.0,0,0.1,0.0,0.0,-3,60,0,1,1,1,64,0,1.0,0.25,64,0,1,360,1,0,60,0.5,9,auto,unused,1,0,1,1,256,0,0,0,0,0,0,0,120,1080,1920,1.0,1.0,-1.0,total,0.37810,visibility,0.03176,visutil_histogram,0.02622,visutil_prefix,0.00205,visutil_flatten,0.03538,gbuffer,0.13289,lighting,0.08809,tonemap,0.02927,,0.00000,,0.00000,,0.00000,,0.00000,,0.00000,,0.00000,,0.00000,,0.00000,,0.00000,,0.00000,,0.00000,,0.00000,,0.00000,,0.00000,,0.00000,,0.00000,,0.00000,,0.00000,,0.00000,,0.00000,,0.00000,,0.00000,,0.00000,,0.00000
12_synth_locality_diversity_map_fixed64.json,Synthetic,DonutVisGBuffer,success,28,0,0.37732,0.37693,0.38035,0.38426,100,1000,../../../../../scripts/standard_camera.csv,0.785,10,0.0,0.0,0.0,0,0.1,0.0,0.0,-3,60,0,1,1,1,64,0,1.0,0.25,64,0,1,360,1,0,60,0.5,9,auto,unused,1,1,1,1,256,0,0,0,0,0,0,0,120,1080,1920,1.0,1.0,-1.0,total,0.37732,visibility,0.03157,visutil_histogram,0.02613,visutil_prefix,0.00206,visutil_flatten,0.03533,gbuffer,0.13307,lighting,0.08769,tonemap,0.02928,,0.00000,,0.00000,,0.00000,,0.00000,,0.00000,,0.00000,,0.00000,,0.00000,,0.00000,,0.00000,,0.00000,,0.00000,,0.00000,,0.00000,,0.00000,,0.00000,,0.00000,,0.00000,,0.00000,,0.00000,,0.00000,,0.00000,,0.00000,,0.00000
12_synth_locality_diversity_map_fixed64.json,Synthetic,DonutVisGBuffer,success,29,0,0.37728,0.37674,0.38026,0.38314,100,1000,../../../../../scripts/standard_camera.csv,0.785,10,0.0,0.0,0.0,0,0.1,0.0,0.0,-3,60,0,1,1,1,64,0,1.0,0.25,64,0,1,360,1,0,60,0.5,9,auto,unused,1,2,1,1,256,0,0,0,0,0,0,0,120,1080,1920,1.0,1.0,-1.0,total,0.37728,visibility,0.03161,visutil_histogram,0.02617,visutil_prefix,0.00206,visutil_flatten,0.03533,gbuffer,0.13292,lighting,0.08769,tonemap,0.02925,,0.00000,,0.00000,,0.00000,,0.00000,,0.00000,,0.00000,,0.00000,,0.00000,,0.00000,,0.00000,,0.00000,,0.00000,,0.00000,,0.00000,,0.00000,,0.00000,,0.00000,,0.00000,,0.00000,,0.00000,,0.00000,,0.00000,,0.00000,,0.00000
12_synth_locality_diversity_map_fixed64.json,Synthetic,DonutVisGBuffer,success,30,0,0.33014,0.32982,0.33222,0.33443,100,1000,../../../../../scripts/standard_camera.csv,0.785,10,0.0,0.0,0.0,0,0.1,0.0,0.0,-3,60,0,1,1,1,64,0,0.0,0.5,64,0,1,360,1,0,60,0.5,9,auto,unused,1,0,1,1,256,0,0,0,0,0,0,0,120,1080,1920,1.0,1.0,-1.0,total,0.33014,visibility,0.02698,visutil_histogram,0.02275,visutil_prefix,0.00206,visutil_flatten,0.03053,gbuffer,0.09841,lighting,0.08846,tonemap,0.02980,,0.00000,,0.00000,,0.00000,,0.00000,,0.00000,,0.00000,,0.00000,,0.00000,,0.00000,,0.00000,,0.00000,,0.00000,,0.00000,,0.00000,,0.00000,,0.00000,,0.00000,,0.00000,,0.00000,,0.00000,,0.00000,,0.00000,,0.00000,,0.00000
12_synth_locality_diversity_map_fixed64.json,Synthetic,DonutVisGBuffer,success,31,0,0.33110,0.33104,0.33251,0.33565,100,1000,../../../../../scripts/standard_camera.csv,0.785,10,0.0,0.0,0.0,0,0.1,0.0,0.0,-3,60,0,1,1,1,64,0,0.0,0.5,64,0,1,360,1,0,60,0.5,9,auto,unused,1,1,1,1,256,0,0,0,0,0,0,0,120,1080,1920,1.0,1.0,-1.0,total,0.33110,visibility,0.02696,visutil_histogram,0.02292,visutil_prefix,0.00206,visutil_flatten,0.03051,gbuffer,0.09833,lighting,0.08882,tonemap,0.02975,,0.00000,,0.00000,,0.00000,,0.00000,,0.00000,,0.00000,,0.00000,,0.00000,,0.00000,,0.00000,,0.00000,,0.00000,,0.00000,,0.00000,,0.00000,,0.00000,,0.00000,,0.00000,,0.00000,,0.00000,,0.00000,,0.00000,,0.00000,,0.00000
12_synth_locality_diversity_map_fixed64.json,Synthetic,DonutVisGBuffer,success,32,0,0.33002,0.32976,0.33206,0.33402,100,1000,../../../../../scripts/standard_camera.csv,0.785,10,0.0,0.0,0.0,0,0.1,0.0,0.0,-3,60,0,1,1,1,64,0,0.0,0.5,64,0,1,360,1,0,60,0.5,9,auto,unused,1,2,1,1,256,0,0,0,0,0,0,0,120,1080,1920,1.0,1.0,-1.0,total,0.33002,visibility,0.02693,visutil_histogram,0.02286,visutil_prefix,0.00206,visutil_flatten,0.03052,gbuffer,0.09821,lighting,0.08845,tonemap,0.02974,,0.00000,,0.00000,,0.00000,,0.00000,,0.00000,,0.00000,,0.00000,,0.00000,,0.00000,,0.00000,,0.00000,,0.00000,,0.00000,,0.00000,,0.00000,,0.00000,,0.00000,,0.00000,,0.00000,,0.00000,,0.00000,,0.00000,,0.00000,,0.00000
12_synth_locality_diversity_map_fixed64.json,Synthetic,DonutVisGBuffer,success,33,0,0.37208,0.37091,0.38019,0.38502,100,1000,../../../../../scripts/standard_camera.csv,0.785,10,0.0,0.0,0.0,0,0.1,0.0,0.0,-3,60,0,1,1,1,64,0,0.25,0.5,64,0,1,360,1,0,60,0.5,9,auto,unused,1,0,1,1,256,0,0,0,0,0,0,0,120,1080,1920,1.0,1.0,-1.0,total,0.37208,visibility,0.02863,visutil_histogram,0.02472,visutil_prefix,0.00205,visutil_flatten,0.03288,gbuffer,0.13445,lighting,0.08732,tonemap,0.02952,,0.00000,,0.00000,,0.00000,,0.00000,,0.00000,,0.00000,,0.00000,,0.00000,,0.00000,,0.00000,,0.00000,,0.00000,,0.00000,,0.00000,,0.00000,,0.00000,,0.00000,,0.00000,,0.00000,,0.00000,,0.00000,,0.00000,,0.00000,,0.00000
12_synth_locality_diversity_map_fixed64.json,Synthetic,DonutVisGBuffer,success,34,0,0.37412,0.37274,0.38211,0.38624,100,1000,../../../../../scripts/standard_camera.csv,0.785,10,0.0,0.0,0.0,0,0.1,0.0,0.0,-3,60,0,1,1,1,64,0,0.25,0.5,64,0,1,360,1,0,60,0.5,9,auto,unused,1,1,1,1,256,0,0,0,0,0,0,0,120,1080,1920,1.0,1.0,-1.0,total,0.37412,visibility,0.02858,visutil_histogram,0.02471,visutil_prefix,0.00206,visutil_flatten,0.03285,gbuffer,0.13652,lighting,0.08733,tonemap,0.02955,,0.00000,,0.00000,,0.00000,,0.00000,,0.00000,,0.00000,,0.00000,,0.00000,,0.00000,,0.00000,,0.00000,,0.00000,,0.00000,,0.00000,,0.00000,,0.00000,,0.00000,,0.00000,,0.00000,,0.00000,,0.00000,,0.00000,,0.00000,,0.00000
12_synth_locality_diversity_map_fixed64.json,Synthetic,DonutVisGBuffer,success,35,0,0.37423,0.37254,0.38221,0.38685,100,1000,../../../../../scripts/standard_camera.csv,0.785,10,0.0,0.0,0.0,0,0.1,0.0,0.0,-3,60,0,1,1,1,64,0,0.25,0.5,64,0,1,360,1,0,60,0.5,9,auto,unused,1,2,1,1,256,0,0,0,0,0,0,0,120,1080,1920,1.0,1.0,-1.0,total,0.37423,visibility,0.02843,visutil_histogram,0.02478,visutil_prefix,0.00205,visutil_flatten,0.03333,gbuffer,0.13644,lighting,0.08725,tonemap,0.02942,,0.00000,,0.00000,,0.00000,,0.00000,,0.00000,,0.00000,,0.00000,,0.00000,,0.00000,,0.00000,,0.00000,,0.00000,,0.00000,,0.00000,,0.00000,,0.00000,,0.00000,,0.00000,,0.00000,,0.00000,,0.00000,,0.00000,,0.00000,,0.00000
12_synth_locality_diversity_map_fixed64.json,Synthetic,DonutVisGBuffer,success,36,0,0.37352,0.37274,0.37856,0.38291,100,1000,../../../../../scripts/standard_camera.csv,0.785,10,0.0,0.0,0.0,0,0.1,0.0,0.0,-3,60,0,1,1,1,64,0,0.5,0.5,64,0,1,360,1,0,60,0.5,9,auto,unused,1,0,1,1,256,0,0,0,0,0,0,0,120,1080,1920,1.0,1.0,-1.0,total,0.37352,visibility,0.02968,visutil_histogram,0.02537,visutil_prefix,0.00205,visutil_flatten,0.03397,gbuffer,0.13342,lighting,0.08754,tonemap,0.02946,,0.00000,,0.00000,,0.00000,,0.00000,,0.00000,,0.00000,,0.00000,,0.00000,,0.00000,,0.00000,,0.00000,,0.00000,,0.00000,,0.00000,,0.00000,,0.00000,,0.00000,,0.00000,,0.00000,,0.00000,,0.00000,,0.00000,,0.00000,,0.00000
12_synth_locality_diversity_map_fixed64.json,Synthetic,DonutVisGBuffer,success,37,0,0.37477,0.37434,0.38013,0.38365,100,1000,../../../../../scripts/standard_camera.csv,0.785,10,0.0,0.0,0.0,0,0.1,0.0,0.0,-3,60,0,1,1,1,64,0,0.5,0.5,64,0,1,360,1,0,60,0.5,9,auto,unused,1,1,1,1,256,0,0,0,0,0,0,0,120,1080,1920,1.0,1.0,-1.0,total,0.37477,visibility,0.02960,visutil_histogram,0.02544,visutil_prefix,0.00205,visutil_flatten,0.03403,gbuffer,0.13494,lighting,0.08744,tonemap,0.02938,,0.00000,,0.00000,,0.00000,,0.00000,,0.00000,,0.00000,,0.00000,,0.00000,,0.00000,,0.00000,,0.00000,,0.00000,,0.00000,,0.00000,,0.00000,,0.00000,,0.00000,,0.00000,,0.00000,,0.00000,,0.00000,,0.00000,,0.00000,,0.00000
12_synth_locality_diversity_map_fixed64.json,Synthetic,DonutVisGBuffer,success,38,0,0.37429,0.37379,0.37914,0.38246,100,1000,../../../../../scripts/standard_camera.csv,0.785,10,0.0,0.0,0.0,0,0.1,0.0,0.0,-3,60,0,1,1,1,64,0,0.5,0.5,64,0,1,360,1,0,60,0.5,9,auto,unused,1,2,1,1,256,0,0,0,0,0,0,0,120,1080,1920,1.0,1.0,-1.0,total,0.37429,visibility,0.02955,visutil_histogram,0.02534,visutil_prefix,0.00205,visutil_flatten,0.03395,gbuffer,0.13447,lighting,0.08747,tonemap,0.02943,,0.00000,,0.00000,,0.00000,,0.00000,,0.00000,,0.00000,,0.00000,,0.00000,,0.00000,,0.00000,,0.00000,,0.00000,,0.00000,,0.00000,,0.00000,,0.00000,,0.00000,,0.00000,,0.00000,,0.00000,,0.00000,,0.00000,,0.00000,,0.00000
12_synth_locality_diversity_map_fixed64.json,Synthetic,DonutVisGBuffer,success,39,0,0.37409,0.37424,0.37792,0.38192,100,1000,../../../../../scripts/standard_camera.csv,0.785,10,0.0,0.0,0.0,0,0.1,0.0,0.0,-3,60,0,1,1,1,64,0,0.75,0.5,64,0,1,360,1,0,60,0.5,9,auto,unused,1,0,1,1,256,0,0,0,0,0,0,0,120,1080,1920,1.0,1.0,-1.0,total,0.37409,visibility,0.03033,visutil_histogram,0.02573,visutil_prefix,0.00206,visutil_flatten,0.03462,gbuffer,0.13257,lighting,0.08755,tonemap,0.02934,,0.00000,,0.00000,,0.00000,,0.00000,,0.00000,,0.00000,,0.00000,,0.00000,,0.00000,,0.00000,,0.00000,,0.00000,,0.00000,,0.00000,,0.00000,,0.00000,,0.00000,,0.00000,,0.00000,,0.00000,,0.00000,,0.00000,,0.00000,,0.00000
12_synth_locality_diversity_map_fixed64.json,Synthetic,DonutVisGBuffer,success,40,0,0.37499,0.37459,0.37856,0.38253,100,1000,../../../../../scripts/standard_camera.csv,0.785,10,0.0,0.0,0.0,0,0.1,0.0,0.0,-3,60,0,1,1,1,64,0,0.75,0.5,64,0,1,360,1,0,60,0.5,9,auto,unused,1,1,1,1,256,0,0,0,0,0,0,0,120,1080,1920,1.0,1.0,-1.0,total,0.37499,visibility,0.03043,visutil_histogram,0.02572,visutil_prefix,0.00205,visutil_flatten,0.03462,gbuffer,0.13339,lighting,0.08760,tonemap,0.02936,,0.00000,,0.00000,,0.00000,,0.00000,,0.00000,,0.00000,,0.00000,,0.00000,,0.00000,,0.00000,,0.00000,,0.00000,,0.00000,,0.00000,,0.00000,,0.00000,,0.00000,,0.00000,,0.00000,,0.00000,,0.00000,,0.00000,,0.00000,,0.00000
12_synth_locality_diversity_map_fixed64.json,Synthetic,DonutVisGBuffer,success,41,0,0.37487,0.37456,0.37840,0.38205,100,1000,../../../../../scripts/standard_camera.csv,0.785,10,0.0,0.0,0.0,0,0.1,0.0,0.0,-3,60,0,1,1,1,64,0,0.75,0.5,64,0,1,360,1,0,60,0.5,9,auto,unused,1,2,1,1,256,0,0,0,0,0,0,0,120,1080,1920,1.0,1.0,-1.0,total,0.37487,visibility,0.03037,visutil_histogram,0.02579,visutil_prefix,0.00205,visutil_flatten,0.03458,gbuffer,0.13345,lighting,0.08753,tonemap,0.02932,,0.00000,,0.00000,,0.00000,,0.00000,,0.00000,,0.00000,,0.00000,,0.00000,,0.00000,,0.00000,,0.00000,,0.00000,,0.00000,,0.00000,,0.00000,,0.00000,,0.00000,,0.00000,,0.00000,,0.00000,,0.00000,,0.00000,,0.00000,,0.00000
12_synth_locality_diversity_map_fixed64.json,Synthetic,DonutVisGBuffer,success,42,0,0.37538,0.37546,0.37843,0.38051,100,1000,../../../../../scripts/standard_camera.csv,0.785,10,0.0,0.0,0.0,0,0.1,0.0,0.0,-3,60,0,1,1,1,64,0,1.0,0.5,64,0,1,360,1,0,60,0.5,9,auto,unused,1,0,1,1,256,0,0,0,0,0,0,0,120,1080,1920,1.0,1.0,-1.0,total,0.37538,visibility,0.03056,visutil_histogram,0.02584,visutil_prefix,0.00206,visutil_flatten,0.03485,gbuffer,0.13221,lighting,0.08761,tonemap,0.02932,,0.00000,,0.00000,,0.00000,,0.00000,,0.00000,,0.00000,,0.00000,,0.00000,,0.00000,,0.00000,,0.00000,,0.00000,,0.00000,,0.00000,,0.00000,,0.00000,,0.00000,,0.00000,,0.00000,,0.00000,,0.00000,,0.00000,,0.00000,,0.00000
12_synth_locality_diversity_map_fixed64.json,Synthetic,DonutVisGBuffer,success,43,0,0.37590,0.37619,0.37862,0.38128,100,1000,../../../../../scripts/standard_camera.csv,0.785,10,0.0,0.0,0.0,0,0.1,0.0,0.0,-3,60,0,1,1,1,64,0,1.0,0.5,64,0,1,360,1,0,60,0.5,9,auto,unused,1,1,1,1,256,0,0,0,0,0,0,0,120,1080,1920,1.0,1.0,-1.0,total,0.37590,visibility,0.03062,visutil_histogram,0.02587,visutil_prefix,0.00205,visutil_flatten,0.03488,gbuffer,0.13248,lighting,0.08762,tonemap,0.02937,,0.00000,,0.00000,,0.00000,,0.00000,,0.00000,,0.00000,,0.00000,,0.00000,,0.00000,,0.00000,,0.00000,,0.00000,,0.00000,,0.00000,,0.00000,,0.00000,,0.00000,,0.00000,,0.00000,,0.00000,,0.00000,,0.00000,,0.00000,,0.00000
12_synth_locality_diversity_map_fixed64.json,Synthetic,DonutVisGBuffer,success,44,0,0.37515,0.37478,0.37834,0.38083,100,1000,../../../../../scripts/standard_camera.csv,0.785,10,0.0,0.0,0.0,0,0.1,0.0,0.0,-3,60,0,1,1,1,64,0,1.0,0.5,64,0,1,360,1,0,60,0.5,9,auto,unused,1,2,1,1,256,0,0,0,0,0,0,0,120,1080,1920,1.0,1.0,-1.0,total,0.37515,visibility,0.03061,visutil_histogram,0.02586,visutil_prefix,0.00205,visutil_flatten,0.03484,gbuffer,0.13215,lighting,0.08760,tonemap,0.02934,,0.00000,,0.00000,,0.00000,,0.00000,,0.00000,,0.00000,,0.00000,,0.00000,,0.00000,,0.00000,,0.00000,,0.00000,,0.00000,,0.00000,,0.00000,,0.00000,,0.00000,,0.00000,,0.00000,,0.00000,,0.00000,,0.00000,,0.00000,,0.00000
12_synth_locality_diversity_map_fixed64.json,Synthetic,DonutVisGBuffer,success,45,0,0.33052,0.32998,0.33344,0.33590,100,1000,../../../../../scripts/standard_camera.csv,0.785,10,0.0,0.0,0.0,0,0.1,0.0,0.0,-3,60,0,1,1,1,64,0,0.0,0.75,64,0,1,360,1,0,60,0.5,9,auto,unused,1,0,1,1,256,0,0,0,0,0,0,0,120,1080,1920,1.0,1.0,-1.0,total,0.33052,visibility,0.02691,visutil_histogram,0.02284,visutil_prefix,0.00206,visutil_flatten,0.03054,gbuffer,0.09830,lighting,0.08877,tonemap,0.02975,,0.00000,,0.00000,,0.00000,,0.00000,,0.00000,,0.00000,,0.00000,,0.00000,,0.00000,,0.00000,,0.00000,,0.00000,,0.00000,,0.00000,,0.00000,,0.00000,,0.00000,,0.00000,,0.00000,,0.00000,,0.00000,,0.00000,,0.00000,,0.00000
12_synth_locality_diversity_map_fixed64.json,Synthetic,DonutVisGBuffer,success,46,0,0.33015,0.32986,0.33200,0.33402,100,1000,../../../../../scripts/standard_camera.csv,0.785,10,0.0,0.0,0.0,0,0.1,0.0,0.0,-3,60,0,1,1,1,64,0,0.0,0.75,64,0,1,360,1,0,60,0.5,9,auto,unused,1,1,1,1,256,0,0,0,0,0,0,0,120,1080,1920,1.0,1.0,-1.0,total,0.33015,visibility,0.02695,visutil_histogram,0.02286,visutil_prefix,0.00206,visutil_flatten,0.03047,gbuffer,0.09836,lighting,0.08838,tonemap,0.02976,,0.00000,,0.00000,,0.00000,,0.00000,,0.00000,,0.00000,,0.00000,,0.00000,,0.00000,,0.00000,,0.00000,,0.00000,,0.00000,,0.00000,,0.00000,,0.00000,,0.00000,,0.00000,,0.00000,,0.00000,,0.00000,,0.00000,,0.00000,,0.00000
12_synth_locality_diversity_map_fixed64.json,Synthetic,DonutVisGBuffer,success,47,0,0.32984,0.32966,0.33203,0.33392,100,1000,../../../../../scripts/standard_camera.csv,0.785,10,0.0,0.0,0.0,0,0.1,0.0,0.0,-3,60,0,1,1,1,64,0,0.0,0.75,64,0,1,360,1,0,60,0.5,9,auto,unused,1,2,1,1,256,0,0,0,0,0,0,0,120,1080,1920,1.0,1.0,-1.0,total,0.32984,visibility,0.02693,visutil_histogram,0.02286,visutil_prefix,0.00206,visutil_flatten,0.03053,gbuffer,0.09824,lighting,0.08830,tonemap,0.02976,,0.00000,,0.00000,,0.00000,,0.00000,,0.00000,,0.00000,,0.00000,,0.00000,,0.00000,,0.00000,,0.00000,,0.00000,,0.00000,,0.00000,,0.00000,,0.00000,,0.00000,,0.00000,,0.00000,,0.00000,,0.00000,,0.00000,,0.00000,,0.00000
12_synth_locality_diversity_map_fixed64.json,Synthetic,DonutVisGBuffer,success,48,0,0.37079,0.37008,0.37850,0.38486,100,1000,../../../../../scripts/standard_camera.csv,0.785,10,0.0,0.0,0.0,0,0.1,0.0,0.0,-3,60,0,1,1,1,64,0,0.25,0.75,64,0,1,360,1,0,60,0.5,9,auto,unused,1,0,1,1,256,0,0,0,0,0,0,0,120,1080,1920,1.0,1.0,-1.0,total,0.37079,visibility,0.02792,visutil_histogram,0.02429,visutil_prefix,0.00205,visutil_flatten,0.03226,gbuffer,0.13481,lighting,0.08763,tonemap,0.02956,,0.00000,,0.00000,,0.00000,,0.00000,,0.00000,,0.00000,,0.00000,,0.00000,,0.00000,,0.00000,,0.00000,,0.00000,,0.00000,,0.00000,,0.00000,,0.00000,,0.00000,,0.00000,,0.00000,,0.00000,,0.00000,,0.00000,,0.00000,,0.00000
12_synth_locality_diversity_map_fixed64.json,Synthetic,DonutVisGBuffer,success,49,0,0.37216,0.37190,0.37904,0.38400,100,1000,../../../../../scripts/standard_camera.csv,0.785,10,0.0,0.0,0.0,0,0.1,0.0,0.0,-3,60,0,1,1,1,64,0,0.25,0.75,64,0,1,360,1,0,60,0.5,9,auto,unused,1,1,1,1,256,0,0,0,0,0,0,0,120,1080,1920,1.0,1.0,-1.0,total,0.37216,visibility,0.02798,visutil_histogram,0.02431,visutil_prefix,0.00205,visutil_flatten,0.03230,gbuffer,0.13669,lighting,0.08717,tonemap,0.02953,,0.00000,,0.00000,,0.00000,,0.00000,,0.00000,,0.00000,,0.00000,,0.00000,,0.00000,,0.00000,,0.00000,,0.00000,,0.00000,,0.00000,,0.00000,,0.00000,,0.00000,,0.00000,,0.00000,,0.00000,,0.00000,,0.00000,,0.00000,,0.00000
12_synth_locality_diversity_map_fixed64.json,Synthetic,DonutVisGBuffer,success,50,0,0.37124,0.37056,0.37843,0.38157,100,1000,../../../../../scripts/standard_camera.csv,0.785,10,0.0,0.0,0.0,0,0.1,0.0,0.0,-3,60,0,1,1,1,64,0,0.25,0.75,64,0,1,360,1,0,60,0.5,9,auto,unused,1,2,1,1,256,0,0,0,0,0,0,0,120,1080,1920,1.0,1.0,-1.0,total,0.37124,visibility,0.02782,visutil_histogram,0.02428,visutil_prefix,0.00205,visutil_flatten,0.03231,gbuffer,0.13615,lighting,0.08711,tonemap,0.02947,,0.00000,,0.00000,,0.00000,,0.00000,,0.00000,,0.00000,,0.00000,,0.00000,,0.00000,,0.00000,,0.00000,,0.00000,,0.00000,,0.00000,,0.00000,,0.00000,,0.00000,,0.00000,,0.00000,,0.00000,,0.00000,,0.00000,,0.00000,,0.00000
12_synth_locality_diversity_map_fixed64.json,Synthetic,DonutVisGBuffer,success,51,0,0.37074,0.37046,0.37626,0.38045,100,1000,../../../../../scripts/standard_camera.csv,0.785,10,0.0,0.0,0.0,0,0.1,0.0,0.0,-3,60,0,1,1,1,64,0,0.5,0.75,64,0,1,360,1,0,60,0.5,9,auto,unused,1,0,1,1,256,0,0,0,0,0,0,0,120,1080,1920,1.0,1.0,-1.0,total,0.37074,visibility,0.02860,visutil_histogram,0.02484,visutil_prefix,0.00205,visutil_flatten,0.03309,gbuffer,0.13292,lighting,0.08727,tonemap,0.02954,,0.00000,,0.00000,,0.00000,,0.00000,,0.00000,,0.00000,,0.00000,,0.00000,,0.00000,,0.00000,,0.00000,,0.00000,,0.00000,,0.00000,,0.00000,,0.00000,,0.00000,,0.00000,,0.00000,,0.00000,,0.00000,,0.00000,,0.00000,,0.00000
12_synth_locality_diversity_map_fixed64.json,Synthetic,DonutVisGBuffer,success,52,0,0.37188,0.37184,0.37754,0.38064,100,1000,../../../../../scripts/standard_camera.csv,0.785,10,0.0,0.0,0.0,0,0.1,0.0,0.0,-3,60,0,1,1,1,64,0,0.5,0.75,64,0,1,360,1,0,60,0.5,9,auto,unused,1,1,1,1,256,0,0,0,0,0,0,0,120,1080,1920,1.0,1.0,-1.0,total,0.37188,visibility,0.02862,visutil_histogram,0.02491,visutil_prefix,0.00205,visutil_flatten,0.03315,gbuffer,0.13412,lighting,0.08734,tonemap,0.02951,,0.00000,,0.00000,,0.00000,,0.00000,,0.00000,,0.00000,,0.00000,,0.00000,,0.00000,,0.00000,,0.00000,,0.00000,,0.00000,,0.00000,,0.00000,,0.00000,,0.00000,,0.00000,,0.00000,,0.00000,,0.00000,,0.00000,,0.00000,,0.00000
12_synth_locality_diversity_map_fixed64.json,Synthetic,DonutVisGBuffer,success,53,0,0.37192,0.37149,0.37693,0.38061,100,1000,../../../../../scripts/standard_camera.csv,0.785,10,0.0,0.0,0.0,0,0.1,0.0,0.0,-3,60,0,1,1,1,64,0,0.5,0.75,64,0,1,360,1,0,60,0.5,9,auto,unused,1,2,1,1,256,0,0,0,0,0,0,0,120,1080,1920,1.0,1.0,-1.0,total,0.37192,visibility,0.02857,visutil_histogram,0.02480,visutil_prefix,0.00205,visutil_flatten,0.03308,gbuffer,0.13412,lighting,0.08725,tonemap,0.02952,,0.00000,,0.00000,,0.00000,,0.00000,,0.00000,,0.00000,,0.00000,,0.00000,,0.00000,,0.00000,,0.00000,,0.00000,,0.00000,,0.00000,,0.00000,,0.00000,,0.00000,,0.00000,,0.00000,,0.00000,,0.00000,,0.00000,,0.00000,,0.00000
12_synth_locality_diversity_map_fixed64.json,Synthetic,DonutVisGBuffer,success,54,0,0.37142,0.37114,0.37478,0.37789,100,1000,../../../../../scripts/standard_camera.csv,0.785,10,0.0,0.0,0.0,0,0.1,0.0,0.0,-3,60,0,1,1,1,64,0,0.75,0.75,64,0,1,360,1,0,60,0.5,9,auto,unused,1,0,1,1,256,0,0,0,0,0,0,0,120,1080,1920,1.0,1.0,-1.0,total,0.37142,visibility,0.02908,visutil_histogram,0.02519,visutil_prefix,0.00205,visutil_flatten,0.03369,gbuffer,0.13171,lighting,0.08747,tonemap,0.02945,,0.00000,,0.00000,,0.00000,,0.00000,,0.00000,,0.00000,,0.00000,,0.00000,,0.00000,,0.00000,,0.00000,,0.00000,,0.00000,,0.00000,,0.00000,,0.00000,,0.00000,,0.00000,,0.00000,,0.00000,,0.00000,,0.00000,,0.00000,,0.00000
12_synth_locality_diversity_map_fixed64.json,Synthetic,DonutVisGBuffer,success,55,0,0.37206,0.37216,0.37510,0.37872,100,1000,../../../../../scripts/standard_camera.csv,0.785,10,0.0,0.0,0.0,0,0.1,0.0,0.0,-3,60,0,1,1,1,64,0,0.75,0.75,64,0,1,360,1,0,60,0.5,9,auto,unused,1,1,1,1,256,0,0,0,0,0,0,0,120,1080,1920,1.0,1.0,-1.0,total,0.37206,visibility,0.02919,visutil_histogram,0.02515,visutil_prefix,0.00205,visutil_flatten,0.03364,gbuffer,0.13231,lighting,0.08741,tonemap,0.02944,,0.00000,,0.00000,,0.00000,,0.00000,,0.00000,,0.00000,,0.00000,,0.00000,,0.00000,,0.00000,,0.00000,,0.00000,,0.00000,,0.00000,,0.00000,,0.00000,,0.00000,,0.00000,,0.00000,,0.00000,,0.00000,,0.00000,,0.00000,,0.00000
12_synth_locality_diversity_map_fixed64.json,Synthetic,DonutVisGBuffer,success,56,0,0.37189,0.37203,0.37482,0.37840,100,1000,../../../../../scripts/standard_camera.csv,0.785,10,0.0,0.0,0.0,0,0.1,0.0,0.0,-3,60,0,1,1,1,64,0,0.75,0.75,64,0,1,360,1,0,60,0.5,9,auto,unused,1,2,1,1,256,0,0,0,0,0,0,0,120,1080,1920,1.0,1.0,-1.0,total,0.37189,visibility,0.02909,visutil_histogram,0.02520,visutil_prefix,0.00205,visutil_flatten,0.03370,gbuffer,0.13234,lighting,0.08737,tonemap,0.02939,,0.00000,,0.00000,,0.00000,,0.00000,,0.00000,,0.00000,,0.00000,,0.00000,,0.00000,,0.00000,,0.00000,,0.00000,,0.00000,,0.00000,,0.00000,,0.00000,,0.00000,,0.00000,,0.00000,,0.00000,,0.00000,,0.00000,,0.00000,,0.00000
12_synth_locality_diversity_map_fixed64.json,Synthetic,DonutVisGBuffer,success,57,0,0.37092,0.37062,0.37427,0.37648,100,1000,../../../../../scripts/standard_camera.csv,0.785,10,0.0,0.0,0.0,0,0.1,0.0,0.0,-3,60,0,1,1,1,64,0,1.0,0.75,64,0,1,360,1,0,60,0.5,9,auto,unused,1,0,1,1,256,0,0,0,0,0,0,0,120,1080,1920,1.0,1.0,-1.0,total,0.37092,visibility,0.02923,visutil_histogram,0.02530,visutil_prefix,0.00205,visutil_flatten,0.03391,gbuffer,0.13114,lighting,0.08748,tonemap,0.02945,,0.00000,,0.00000,,0.00000,,0.00000,,0.00000,,0.00000,,0.00000,,0.00000,,0.00000,,0.00000,,0.00000,,0.00000,,0.00000,,0.00000,,0.00000,,0.00000,,0.00000,,0.00000,,0.00000,,0.00000,,0.00000,,0.00000,,0.00000,,0.00000
12_synth_locality_diversity_map_fixed64.json,Synthetic,DonutVisGBuffer,success,58,0,0.37097,0.37066,0.37424,0.37635,100,1000,../../../../../scripts/standard_camera.csv,0.785,10,0.0,0.0,0.0,0,0.1,0.0,0.0,-3,60,0,1,1,1,64,0,1.0,0.75,64,0,1,360,1,0,60,0.5,9,auto,unused,1,1,1,1,256,0,0,0,0,0,0,0,120,1080,1920,1.0,1.0,-1.0,total,0.37097,visibility,0.02922,visutil_histogram,0.02525,visutil_prefix,0.00205,visutil_flatten,0.03385,gbuffer,0.13107,lighting,0.08744,tonemap,0.02952,,0.00000,,0.00000,,0.00000,,0.00000,,0.00000,,0.00000,,0.00000,,0.00000,,0.00000,,0.00000,,0.00000,,0.00000,,0.00000,,0.00000,,0.00000,,0.00000,,0.00000,,0.00000,,0.00000,,0.00000,,0.00000,,0.00000,,0.00000,,0.00000
12_synth_locality_diversity_map_fixed64.json,Synthetic,DonutVisGBuffer,success,59,0,0.37069,0.37040,0.37398,0.37606,100,1000,../../../../../scripts/standard_camera.csv,0.785,10,0.0,0.0,0.0,0,0.1,0.0,0.0,-3,60,0,1,1,1,64,0,1.0,0.75,64,0,1,360,1,0,60,0.5,9,auto,unused,1,2,1,1,256,0,0,0,0,0,0,0,120,1080,1920,1.0,1.0,-1.0,total,0.37069,visibility,0.02921,visutil_histogram,0.02534,visutil_prefix,0.00205,visutil_flatten,0.03387,gbuffer,0.13105,lighting,0.08736,tonemap,0.02938,,0.00000,,0.00000,,0.00000,,0.00000,,0.00000,,0.00000,,0.00000,,0.00000,,0.00000,,0.00000,,0.00000,,0.00000,,0.00000,,0.00000,,0.00000,,0.00000,,0.00000,,0.00000,,0.00000,,0.00000,,0.00000,,0.00000,,0.00000,,0.00000
12_synth_locality_diversity_map_fixed64.json,Synthetic,DonutVisGBuffer,success,60,0,0.32968,0.32957,0.33210,0.33536,100,1000,../../../../../scripts/standard_camera.csv,0.785,10,0.0,0.0,0.0,0,0.1,0.0,0.0,-3,60,0,1,1,1,64,0,0.0,1.0,64,0,1,360,1,0,60,0.5,9,auto,unused,1,0,1,1,256,0,0,0,0,0,0,0,120,1080,1920,1.0,1.0,-1.0,total,0.32968,visibility,0.02691,visutil_histogram,0.02275,visutil_prefix,0.00206,visutil_flatten,0.03052,gbuffer,0.09833,lighting,0.08822,tonemap,0.02974,,0.00000,,0.00000,,0.00000,,0.00000,,0.00000,,0.00000,,0.00000,,0.00000,,0.00000,,0.00000,,0.00000,,0.00000,,0.00000,,0.00000,,0.00000,,0.00000,,0.00000,,0.00000,,0.00000,,0.00000,,0.00000,,0.00000,,0.00000,,0.00000
12_synth_locality_diversity_map_fixed64.json,Synthetic,DonutVisGBuffer,success,61,0,0.32983,0.32966,0.33200,0.33408,100,1000,../../../../../scripts/standard_camera.csv,0.785,10,0.0,0.0,0.0,0,0.1,0.0,0.0,-3,60,0,1,1,1,64,0,0.0,1.0,64,0,1,360,1,0,60,0.5,9,auto,unused,1,1,1,1,256,0,0,0,0,0,0,0,120,1080,1920,1.0,1.0,-1.0,total,0.32983,visibility,0.02693,visutil_histogram,0.02283,visutil_prefix,0.00205,visutil_flatten,0.03045,gbuffer,0.09832,lighting,0.08826,tonemap,0.02972,,0.00000,,0.00000,,0.00000,,0.00000,,0.00000,,0.00000,,0.00000,,0.00000,,0.00000,,0.00000,,0.00000,,0.00000,,0.00000,,0.00000,,0.00000,,0.00000,,0.00000,,0.00000,,0.00000,,0.00000,,0.00000,,0.00000,,0.00000,,0.00000
12_synth_locality_diversity_map_fixed64.json,Synthetic,DonutVisGBuffer,success,62,0,0.32951,0.32954,0.33187,0.33402,100,1000,../../../../../scripts/standard_camera.csv,0.785,10,0.0,0.0,0.0,0,0.1,0.0,0.0,-3,60,0,1,1,1,64,0,0.0,1.0,64,0,1,360,1,0,60,0.5,9,auto,unused,1,2,1,1,256,0,0,0,0,0,0,0,120,1080,1920,1.0,1.0,-1.0,total,0.32951,visibility,0.02691,visutil_histogram,0.02283,visutil_prefix,0.00206,visutil_flatten,0.03050,gbuffer,0.09818,lighting,0.08808,tonemap,0.02972,,0.00000,,0.00000,,0.00000,,0.00000,,0.00000,,0.00000,,0.00000,,0.00000,,0.00000,,0.00000,,0.00000,,0.00000,,0.00000,,0.00000,,0.00000,,0.00000,,0.00000,,0.00000,,0.00000,,0.00000,,0.00000,,0.00000,,0.00000,,0.00000
12_synth_locality_diversity_map_fixed64.json,Synthetic,DonutVisGBuffer,success,63,0,0.36726,0.36646,0.37478,0.38061,100,1000,../../../../../scripts/standard_camera.csv,0.785,10,0.0,0.0,0.0,0,0.1,0.0,0.0,-3,60,0,1,1,1,64,0,0.25,1.0,64,0,1,360,1,0,60,0.5,9,auto,unused,1,0,1,1,256,0,0,0,0,0,0,0,120,1080,1920,1.0,1.0,-1.0,total,0.36726,visibility,0.02720,visutil_histogram,0.02361,visutil_prefix,0.00205,visutil_flatten,0.03134,gbuffer,0.13382,lighting,0.08704,tonemap,0.02951,,0.00000,,0.00000,,0.00000,,0.00000,,0.00000,,0.00000,,0.00000,,0.00000,,0.00000,,0.00000,,0.00000,,0.00000,,0.00000,,0.00000,,0.00000,,0.00000,,0.00000,,0.00000,,0.00000,,0.00000,,0.00000,,0.00000,,0.00000,,0.00000
12_synth_locality_diversity_map_fixed64.json,Synthetic,DonutVisGBuffer,success,64,0,0.36926,0.36813,0.37693,0.38115,100,1000,../../../../../scripts/standard_camera.csv,0.785,10,0.0,0.0,0.0,0,0.1,0.0,0.0,-3,60,0,1,1,1,64,0,0.25,1.0,64,0,1,360,1,0,60,0.5,9,auto,unused,1,1,1,1,256,0,0,0,0,0,0,0,120,1080,1920,1.0,1.0,-1.0,total,0.36926,visibility,0.02711,visutil_histogram,0.02363,visutil_prefix,0.00205,visutil_flatten,0.03130,gbuffer,0.13616,lighting,0.08692,tonemap,0.02943,,0.00000,,0.00000,,0.00000,,0.00000,,0.00000,,0.00000,,0.00000,,0.00000,,0.00000,,0.00000,,0.00000,,0.00000,,0.00000,,0.00000,,0.00000,,0.00000,,0.00000,,0.00000,,0.00000,,0.00000,,0.00000,,0.00000,,0.00000,,0.00000
12_synth_locality_diversity_map_fixed64.json,Synthetic,DonutVisGBuffer,success,65,0,0.37002,0.36890,0.37718,0.38282,100,1000,../../../../../scripts/standard_camera.csv,0.785,10,0.0,0.0,0.0,0,0.1,0.0,0.0,-3,60,0,1,1,1,64,0,0.25,1.0,64,0,1,360,1,0,60,0.5,9,auto,unused,1,2,1,1,256,0,0,0,0,0,0,0,120,1080,1920,1.0,1.0,-1.0,total,0.37002,visibility,0.02710,visutil_histogram,0.02360,visutil_prefix,0.00205,visutil_flatten,0.03133,gbuffer,0.13668,lighting,0.08693,tonemap,0.02951,,0.00000,,0.00000,,0.00000,,0.00000,,0.00000,,0.00000,,0.00000,,0.00000,,0.00000,,0.00000,,0.00000,,0.00000,,0.00000,,0.00000,,0.00000,,0.00000,,0.00000,,0.00000,,0.00000,,0.00000,,0.00000,,0.00000,,0.00000,,0.00000
12_synth_locality_diversity_map_fixed64.json,Synthetic,DonutVisGBuffer,success,66,0,0.36475,0.36438,0.37024,0.37334,100,1000,../../../../../scripts/standard_camera.csv,0.785,10,0.0,0.0,0.0,0,0.1,0.0,0.0,-3,60,0,1,1,1,64,0,0.5,1.0,64,0,1,360,1,0,60,0.5,9,auto,unused,1,0,1,1,256,0,0,0,0,0,0,0,120,1080,1920,1.0,1.0,-1.0,total,0.36475,visibility,0.02728,visutil_histogram,0.02401,visutil_prefix,0.00205,visutil_flatten,0.03159,gbuffer,0.13105,lighting,0.08710,tonemap,0.02960,,0.00000,,0.00000,,0.00000,,0.00000,,0.00000,,0.00000,,0.00000,,0.00000,,0.00000,,0.00000,,0.00000,,0.00000,,0.00000,,0.00000,,0.00000,,0.00000,,0.00000,,0.00000,,0.00000,,0.00000,,0.00000,,0.00000,,0.00000,,0.00000
12_synth_locality_diversity_map_fixed64.json,Synthetic,DonutVisGBuffer,success,67,0,0.36645,0.36634,0.37222,0.37686,100,1000,../../../../../scripts/standard_camera.csv,0.785,10,0.0,0.0,0.0,0,0.1,0.0,0.0,-3,60,0,1,1,1,64,0,0.5,1.0,64,0,1,360,1,0,60,0.5,9,auto,unused,1,1,1,1,256,0,0,0,0,0,0,0,120,1080,1920,1.0,1.0,-1.0,total,0.36645,visibility,0.02736,visutil_histogram,0.02402,visutil_prefix,0.00205,visutil_flatten,0.03162,gbuffer,0.13278,lighting,0.08706,tonemap,0.02962,,0.00000,,0.00000,,0.00000,,0.00000,,0.00000,,0.00000,,0.00000,,0.00000,,0.00000,,0.00000,,0.00000,,0.00000,,0.00000,,0.00000,,0.00000,,0.00000,,0.00000,,0.00000,,0.00000,,0.00000,,0.00000,,0.00000,,0.00000,,0.00000
12_synth_locality_diversity_map_fixed64.json,Synthetic,DonutVisGBuffer,success,68,0,0.36611,0.36544,0.37123,0.37555,100,1000,../../../../../scripts/standard_camera.csv,0.785,10,0.0,0.0,0.0,0,0.1,0.0,0.0,-3,60,0,1,1,1,64,0,0.5,1.0,64,0,1,360,1,0,60,0.5,9,auto,unused,1,2,1,1,256,0,0,0,0,0,0,0,120,1080,1920,1.0,1.0,-1.0,total,0.36611,visibility,0.02731,visutil_histogram,0.02395,visutil_prefix,0.00205,visutil_flatten,0.03159,gbuffer,0.13245,lighting,0.08690,tonemap,0.02973,,0.00000,,0.00000,,0.00000,,0.00000,,0.00000,,0.00000,,0.00000,,0.00000,,0.00000,,0.00000,,0.00000,,0.00000,,0.00000,,0.00000,,0.00000,,0.00000,,0.00000,,0.00000,,0.00000,,0.00000,,0.00000,,0.00000,,0.00000,,0.00000
12_synth_locality_diversity_map_fixed64.json,Synthetic,DonutVisGBuffer,success,69,0,0.36468,0.36435,0.36848,0.37187,100,1000,../../../../../scripts/standard_camera.csv,0.785,10,0.0,0.0,0.0,0,0.1,0.0,0.0,-3,60,0,1,1,1,64,0,0.75,1.0,64,0,1,360,1,0,60,0.5,9,auto,unused,1,0,1,1,256,0,0,0,0,0,0,0,120,1080,1920,1.0,1.0,-1.0,total,0.36468,visibility,0.02746,visutil_histogram,0.02432,visutil_prefix,0.00205,visutil_flatten,0.03209,gbuffer,0.13060,lighting,0.08714,tonemap,0.02951,,0.00000,,0.00000,,0.00000,,0.00000,,0.00000,,0.00000,,0.00000,,0.00000,,0.00000,,0.00000,,0.00000,,0.00000,,0.00000,,0.00000,,0.00000,,0.00000,,0.00000,,0.00000,,0.00000,,0.00000,,0.00000,,0.00000,,0.00000,,0.00000
12_synth_locality_diversity_map_fixed64.json,Synthetic,DonutVisGBuffer,success,70,0,0.36504,0.36490,0.36848,0.37114,100,1000,../../../../../scripts/standard_camera.csv,0.785,10,0.0,0.0,0.0,0,0.1,0.0,0.0,-3,60,0,1,1,1,64,0,0.75,1.0,64,0,1,360,1,0,60,0.5,9,auto,unused,1,1,1,1,256,0,0,0,0,0,0,0,120,1080,1920,1.0,1.0,-1.0,total,0.36504,visibility,0.02744,visutil_histogram,0.02435,visutil_prefix,0.00205,visutil_flatten,0.03214,gbuffer,0.13102,lighting,0.08712,tonemap,0.02952,,0.00000,,0.00000,,0.00000,,0.00000,,0.00000,,0.00000,,0.00000,,0.00000,,0.00000,,0.00000,,0.00000,,0.00000,,0.00000,,0.00000,,0.00000,,0.00000,,0.00000,,0.00000,,0.00000,,0.00000,,0.00000,,0.00000,,0.00000,,0.00000
12_synth_locality_diversity_map_fixed64.json,Synthetic,DonutVisGBuffer,success,71,0,0.36517,0.36490,0.36874,0.37235,100,1000,../../../../../scripts/standard_camera.csv,0.785,10,0.0,0.0,0.0,0,0.1,0.0,0.0,-3,60,0,1,1,1,64,0,0.75,1.0,64,0,1,360,1,0,60,0.5,9,auto,unused,1,2,1,1,256,0,0,0,0,0,0,0,120,1080,1920,1.0,1.0,-1.0,total,0.36517,visibility,0.02751,visutil_histogram,0.02438,visutil_prefix,0.00205,visutil_flatten,0.03213,gbuffer,0.13102,lighting,0.08703,tonemap,0.02956,,0.00000,,0.00000,,0.00000,,0.00000,,0.00000,,0.00000,,0.00000,,0.00000,,0.00000,,0.00000,,0.00000,,0.00000,,0.00000,,0.00000,,0.00000,,0.00000,,0.00000,,0.00000,,0.00000,,0.00000,,0.00000,,0.00000,,0.00000,,0.00000
12_synth_locality_diversity_map_fixed64.json,Synthetic,DonutVisGBuffer,success,72,0,0.36430,0.36416,0.36781,0.37021,100,1000,../../../../../scripts/standard_camera.csv,0.785,10,0.0,0.0,0.0,0,0.1,0.0,0.0,-3,60,0,1,1,1,64,0,1.0,1.0,64,0,1,360,1,0,60,0.5,9,auto,unused,1,0,1,1,256,0,0,0,0,0,0,0,120,1080,1920,1.0,1.0,-1.0,total,0.36430,visibility,0.02728,visutil_histogram,0.02464,visutil_prefix,0.00205,visutil_flatten,0.03232,gbuffer,0.12991,lighting,0.08714,tonemap,0.02948,,0.00000,,0.00000,,0.00000,,0.00000,,0.00000,,0.00000,,0.00000,,0.00000,,0.00000,,0.00000,,0.00000,,0.00000,,0.00000,,0.00000,,0.00000,,0.00000,,0.00000,,0.00000,,0.00000,,0.00000,,0.00000,,0.00000,,0.00000,,0.00000
12_synth_locality_diversity_map_fixed64.json,Synthetic,DonutVisGBuffer,success,73,0,0.36462,0.36384,0.36653,0.37366,100,1000,../../../../../scripts/standard_camera.csv,0.785,10,0.0,0.0,0.0,0,0.1,0.0,0.0,-3,60,0,1,1,1,64,0,1.0,1.0,64,0,1,360,1,0,60,0.5,9,auto,unused,1,1,1,1,256,0,0,0,0,0,0,0,120,1080,1920,1.0,1.0,-1.0,total,0.36462,visibility,0.02733,visutil_histogram,0.02457,visutil_prefix,0.00204,visutil_flatten,0.03227,gbuffer,0.13025,lighting,0.08742,tonemap,0.02954,,0.00000,,0.00000,,0.00000,,0.00000,,0.00000,,0.00000,,0.00000,,0.00000,,0.00000,,0.00000,,0.00000,,0.00000,,0.00000,,0.00000,,0.00000,,0.00000,,0.00000,,0.00000,,0.00000,,0.00000,,0.00000,,0.00000,,0.00000,,0.00000
12_synth_locality_diversity_map_fixed64.json,Synthetic,DonutVisGBuffer,success,74,0,0.36402,0.36406,0.36666,0.36928,100,1000,../../../../../scripts/standard_camera.csv,0.785,10,0.0,0.0,0.0,0,0.1,0.0,0.0,-3,60,0,1,1,1,64,0,1.0,1.0,64,0,1,360,1,0,60,0.5,9,auto,unused,1,2,1,1,256,0,0,0,0,0,0,0,120,1080,1920,1.0,1.0,-1.0,total,0.36402,visibility,0.02727,visutil_histogram,0.02467,visutil_prefix,0.00205,visutil_flatten,0.03227,gbuffer,0.12961,lighting,0.08700,tonemap,0.02943,,0.00000,,0.00000,,0.00000,,0.00000,,0.00000,,0.00000,,0.00000,,0.00000,,0.00000,,0.00000,,0.00000,,0.00000,,0.00000,,0.00000,,0.00000,,0.00000,,0.00000,,0.00000,,0.00000,,0.00000,,0.00000,,0.00000,,0.00000,,0.00000
13_synth_open_bin_count_diagnostic.json,Synthetic,DonutVisGBuffer,success,0,0,0.30919,0.30906,0.31120,0.31360,100,1000,../../../../../scripts/standard_camera.csv,0.785,10,0.0,0.0,0.0,0,0.1,0.0,0.0,-3,60,0,1,1,1,64,0,1.0,0.0,1,0,1,480,1,0,60,0.5,9,auto,unused,1,0,1,1,256,0,0,0,0,0,0,0,120,1080,1920,1.0,1.0,-1.0,total,0.30919,visibility,0.02689,visutil_histogram,0.02305,visutil_prefix,0.00216,visutil_flatten,0.03047,gbuffer,0.07736,lighting,0.08863,tonemap,0.02978,,0.00000,,0.00000,,0.00000,,0.00000,,0.00000,,0.00000,,0.00000,,0.00000,,0.00000,,0.00000,,0.00000,,0.00000,,0.00000,,0.00000,,0.00000,,0.00000,,0.00000,,0.00000,,0.00000,,0.00000,,0.00000,,0.00000,,0.00000,,0.00000
13_synth_open_bin_count_diagnostic.json,Synthetic,DonutVisGBuffer,success,1,0,0.31057,0.30928,0.31155,0.31741,100,1000,../../../../../scripts/standard_camera.csv,0.785,10,0.0,0.0,0.0,0,0.1,0.0,0.0,-3,60,0,1,1,1,64,0,1.0,0.0,1,0,1,480,1,0,60,0.5,9,auto,unused,1,1,1,1,256,0,0,0,0,0,0,0,120,1080,1920,1.0,1.0,-1.0,total,0.31057,visibility,0.02692,visutil_histogram,0.02281,visutil_prefix,0.00216,visutil_flatten,0.03049,gbuffer,0.07810,lighting,0.08875,tonemap,0.02977,,0.00000,,0.00000,,0.00000,,0.00000,,0.00000,,0.00000,,0.00000,,0.00000,,0.00000,,0.00000,,0.00000,,0.00000,,0.00000,,0.00000,,0.00000,,0.00000,,0.00000,,0.00000,,0.00000,,0.00000,,0.00000,,0.00000,,0.00000,,0.00000
13_synth_open_bin_count_diagnostic.json,Synthetic,DonutVisGBuffer,success,2,0,0.30986,0.30944,0.31158,0.31382,100,1000,../../../../../scripts/standard_camera.csv,0.785,10,0.0,0.0,0.0,0,0.1,0.0,0.0,-3,60,0,1,1,1,64,0,1.0,0.0,1,0,1,480,1,0,60,0.5,9,auto,unused,1,2,1,1,256,0,0,0,0,0,0,0,120,1080,1920,1.0,1.0,-1.0,total,0.30986,visibility,0.02692,visutil_histogram,0.02280,visutil_prefix,0.00216,visutil_flatten,0.03045,gbuffer,0.07759,lighting,0.08881,tonemap,0.02982,,0.00000,,0.00000,,0.00000,,0.00000,,0.00000,,0.00000,,0.00000,,0.00000,,0.00000,,0.00000,,0.00000,,0.00000,,0.00000,,0.00000,,0.00000,,0.00000,,0.00000,,0.00000,,0.00000,,0.00000,,0.00000,,0.00000,,0.00000,,0.00000
13_synth_open_bin_count_diagnostic.json,Synthetic,DonutVisGBuffer,success,3,0,0.31056,0.31005,0.31312,0.31386,100,1000,../../../../../scripts/standard_camera.csv,0.785,10,0.0,0.0,0.0,0,0.1,0.0,0.0,-3,60,0,1,1,1,64,0,1.0,1.0,1,0,1,480,1,0,60,0.5,9,auto,unused,1,0,1,1,256,0,0,0,0,0,0,0,120,1080,1920,1.0,1.0,-1.0,total,0.31056,visibility,0.02700,visutil_histogram,0.02283,visutil_prefix,0.00217,visutil_flatten,0.03052,gbuffer,0.07760,lighting,0.08901,tonemap,0.02979,,0.00000,,0.00000,,0.00000,,0.00000,,0.00000,,0.00000,,0.00000,,0.00000,,0.00000,,0.00000,,0.00000,,0.00000,,0.00000,,0.00000,,0.00000,,0.00000,,0.00000,,0.00000,,0.00000,,0.00000,,0.00000,,0.00000,,0.00000,,0.00000
13_synth_open_bin_count_diagnostic.json,Synthetic,DonutVisGBuffer,success,4,0,0.31058,0.31094,0.31318,0.31507,100,1000,../../../../../scripts/standard_camera.csv,0.785,10,0.0,0.0,0.0,0,0.1,0.0,0.0,-3,60,0,1,1,1,64,0,1.0,1.0,1,0,1,480,1,0,60,0.5,9,auto,unused,1,1,1,1,256,0,0,0,0,0,0,0,120,1080,1920,1.0,1.0,-1.0,total,0.31058,visibility,0.02697,visutil_histogram,0.02288,visutil_prefix,0.00216,visutil_flatten,0.03052,gbuffer,0.07761,lighting,0.08925,tonemap,0.02980,,0.00000,,0.00000,,0.00000,,0.00000,,0.00000,,0.00000,,0.00000,,0.00000,,0.00000,,0.00000,,0.00000,,0.00000,,0.00000,,0.00000,,0.00000,,0.00000,,0.00000,,0.00000,,0.00000,,0.00000,,0.00000,,0.00000,,0.00000,,0.00000
13_synth_open_bin_count_diagnostic.json,Synthetic,DonutVisGBuffer,success,5,0,0.30980,0.30941,0.31184,0.31389,100,1000,../../../../../scripts/standard_camera.csv,0.785,10,0.0,0.0,0.0,0,0.1,0.0,0.0,-3,60,0,1,1,1,64,0,1.0,1.0,1,0,1,480,1,0,60,0.5,9,auto,unused,1,2,1,1,256,0,0,0,0,0,0,0,120,1080,1920,1.0,1.0,-1.0,total,0.30980,visibility,0.02694,visutil_histogram,0.02281,visutil_prefix,0.00217,visutil_flatten,0.03049,gbuffer,0.07759,lighting,0.08869,tonemap,0.02981,,0.00000,,0.00000,,0.00000,,0.00000,,0.00000,,0.00000,,0.00000,,0.00000,,0.00000,,0.00000,,0.00000,,0.00000,,0.00000,,0.00000,,0.00000,,0.00000,,0.00000,,0.00000,,0.00000,,0.00000,,0.00000,,0.00000,,0.00000,,0.00000
13_synth_open_bin_count_diagnostic.json,Synthetic,DonutVisGBuffer,success,6,0,0.31938,0.31917,0.32134,0.32349,100,1000,../../../../../scripts/standard_camera.csv,0.785,10,0.0,0.0,0.0,0,0.1,0.0,0.0,-3,60,0,1,1,1,64,0,1.0,0.0,2,0,1,480,1,0,60,0.5,9,auto,unused,1,0,1,1,256,0,0,0,0,0,0,0,120,1080,1920,1.0,1.0,-1.0,total,0.31938,visibility,0.02893,visutil_histogram,0.02408,visutil_prefix,0.00216,visutil_flatten,0.03258,gbuffer,0.08214,lighting,0.08867,tonemap,0.02952,,0.00000,,0.00000,,0.00000,,0.00000,,0.00000,,0.00000,,0.00000,,0.00000,,0.00000,,0.00000,,0.00000,,0.00000,,0.00000,,0.00000,,0.00000,,0.00000,,0.00000,,0.00000,,0.00000,,0.00000,,0.00000,,0.00000,,0.00000,,0.00000
13_synth_open_bin_count_diagnostic.json,Synthetic,DonutVisGBuffer,success,7,0,0.31944,0.31920,0.32150,0.32362,100,1000,../../../../../scripts/standard_camera.csv,0.785,10,0.0,0.0,0.0,0,0.1,0.0,0.0,-3,60,0,1,1,1,64,0,1.0,0.0,2,0,1,480,1,0,60,0.5,9,auto,unused,1,1,1,1,256,0,0,0,0,0,0,0,120,1080,1920,1.0,1.0,-1.0,total,0.31944,visibility,0.02890,visutil_histogram,0.02408,visutil_prefix,0.00216,visutil_flatten,0.03254,gbuffer,0.08214,lighting,0.08866,tonemap,0.02954,,0.00000,,0.00000,,0.00000,,0.00000,,0.00000,,0.00000,,0.00000,,0.00000,,0.00000,,0.00000,,0.00000,,0.00000,,0.00000,,0.00000,,0.00000,,0.00000,,0.00000,,0.00000,,0.00000,,0.00000,,0.00000,,0.00000,,0.00000,,0.00000
13_synth_open_bin_count_diagnostic.json,Synthetic,DonutVisGBuffer,success,8,0,0.31917,0.31910,0.32125,0.32374,100,1000,../../../../../scripts/standard_camera.csv,0.785,10,0.0,0.0,0.0,0,0.1,0.0,0.0,-3,60,0,1,1,1,64,0,1.0,0.0,2,0,1,480,1,0,60,0.5,9,auto,unused,1,2,1,1,256,0,0,0,0,0,0,0,120,1080,1920,1.0,1.0,-1.0,total,0.31917,visibility,0.02887,visutil_histogram,0.02407,visutil_prefix,0.00217,visutil_flatten,0.03251,gbuffer,0.08207,lighting,0.08855,tonemap,0.02954,,0.00000,,0.00000,,0.00000,,0.00000,,0.00000,,0.00000,,0.00000,,0.00000,,0.00000,,0.00000,,0.00000,,0.00000,,0.00000,,0.00000,,0.00000,,0.00000,,0.00000,,0.00000,,0.00000,,0.00000,,0.00000,,0.00000,,0.00000,,0.00000
13_synth_open_bin_count_diagnostic.json,Synthetic,DonutVisGBuffer,success,9,0,0.31185,0.31146,0.31373,0.31565,100,1000,../../../../../scripts/standard_camera.csv,0.785,10,0.0,0.0,0.0,0,0.1,0.0,0.0,-3,60,0,1,1,1,64,0,1.0,1.0,2,0,1,480,1,0,60,0.5,9,auto,unused,1,0,1,1,256,0,0,0,0,0,0,0,120,1080,1920,1.0,1.0,-1.0,total,0.31185,visibility,0.02699,visutil_histogram,0.02276,visutil_prefix,0.00216,visutil_flatten,0.03051,gbuffer,0.07996,lighting,0.08860,tonemap,0.02974,,0.00000,,0.00000,,0.00000,,0.00000,,0.00000,,0.00000,,0.00000,,0.00000,,0.00000,,0.00000,,0.00000,,0.00000,,0.00000,,0.00000,,0.00000,,0.00000,,0.00000,,0.00000,,0.00000,,0.00000,,0.00000,,0.00000,,0.00000,,0.00000
13_synth_open_bin_count_diagnostic.json,Synthetic,DonutVisGBuffer,success,10,0,0.31179,0.31130,0.31466,0.31715,100,1000,../../../../../scripts/standard_camera.csv,0.785,10,0.0,0.0,0.0,0,0.1,0.0,0.0,-3,60,0,1,1,1,64,0,1.0,1.0,2,0,1,480,1,0,60,0.5,9,auto,unused,1,1,1,1,256,0,0,0,0,0,0,0,120,1080,1920,1.0,1.0,-1.0,total,0.31179,visibility,0.02694,visutil_histogram,0.02269,visutil_prefix,0.00216,visutil_flatten,0.03053,gbuffer,0.07994,lighting,0.08866,tonemap,0.02973,,0.00000,,0.00000,,0.00000,,0.00000,,0.00000,,0.00000,,0.00000,,0.00000,,0.00000,,0.00000,,0.00000,,0.00000,,0.00000,,0.00000,,0.00000,,0.00000,,0.00000,,0.00000,,0.00000,,0.00000,,0.00000,,0.00000,,0.00000,,0.00000
13_synth_open_bin_count_diagnostic.json,Synthetic,DonutVisGBuffer,success,11,0,0.31190,0.31146,0.31424,0.31718,100,1000,../../../../../scripts/standard_camera.csv,0.785,10,0.0,0.0,0.0,0,0.1,0.0,0.0,-3,60,0,1,1,1,64,0,1.0,1.0,2,0,1,480,1,0,60,0.5,9,auto,unused,1,2,1,1,256,0,0,0,0,0,0,0,120,1080,1920,1.0,1.0,-1.0,total,0.31190,visibility,0.02696,visutil_histogram,0.02269,visutil_prefix,0.00216,visutil_flatten,0.03052,gbuffer,0.07992,lighting,0.08867,tonemap,0.02975,,0.00000,,0.00000,,0.00000,,0.00000,,0.00000,,0.00000,,0.00000,,0.00000,,0.00000,,0.00000,,0.00000,,0.00000,,0.00000,,0.00000,,0.00000,,0.00000,,0.00000,,0.00000,,0.00000,,0.00000,,0.00000,,0.00000,,0.00000,,0.00000
13_synth_open_bin_count_diagnostic.json,Synthetic,DonutVisGBuffer,success,12,0,0.32587,0.32541,0.32755,0.32947,100,1000,../../../../../scripts/standard_camera.csv,0.785,10,0.0,0.0,0.0,0,0.1,0.0,0.0,-3,60,0,1,1,1,64,0,1.0,0.0,4,0,1,480,1,0,60,0.5,9,auto,unused,1,0,1,1,256,0,0,0,0,0,0,0,120,1080,1920,1.0,1.0,-1.0,total,0.32587,visibility,0.03028,visutil_histogram,0.02477,visutil_prefix,0.00217,visutil_flatten,0.03349,gbuffer,0.08492,lighting,0.08852,tonemap,0.02951,,0.00000,,0.00000,,0.00000,,0.00000,,0.00000,,0.00000,,0.00000,,0.00000,,0.00000,,0.00000,,0.00000,,0.00000,,0.00000,,0.00000,,0.00000,,0.00000,,0.00000,,0.00000,,0.00000,,0.00000,,0.00000,,0.00000,,0.00000,,0.00000
13_synth_open_bin_count_diagnostic.json,Synthetic,DonutVisGBuffer,success,13,0,0.32555,0.32531,0.32733,0.32902,100,1000,../../../../../scripts/standard_camera.csv,0.785,10,0.0,0.0,0.0,0,0.1,0.0,0.0,-3,60,0,1,1,1,64,0,1.0,0.0,4,0,1,480,1,0,60,0.5,9,auto,unused,1,1,1,1,256,0,0,0,0,0,0,0,120,1080,1920,1.0,1.0,-1.0,total,0.32555,visibility,0.03014,visutil_histogram,0.02473,visutil_prefix,0.00217,visutil_flatten,0.03346,gbuffer,0.08474,lighting,0.08842,tonemap,0.02947,,0.00000,,0.00000,,0.00000,,0.00000,,0.00000,,0.00000,,0.00000,,0.00000,,0.00000,,0.00000,,0.00000,,0.00000,,0.00000,,0.00000,,0.00000,,0.00000,,0.00000,,0.00000,,0.00000,,0.00000,,0.00000,,0.00000,,0.00000,,0.00000
13_synth_open_bin_count_diagnostic.json,Synthetic,DonutVisGBuffer,success,14,0,0.32567,0.32538,0.32742,0.32922,100,1000,../../../../../scripts/standard_camera.csv,0.785,10,0.0,0.0,0.0,0,0.1,0.0,0.0,-3,60,0,1,1,1,64,0,1.0,0.0,4,0,1,480,1,0,60,0.5,9,auto,unused,1,2,1,1,256,0,0,0,0,0,0,0,120,1080,1920,1.0,1.0,-1.0,total,0.32567,visibility,0.03012,visutil_histogram,0.02472,visutil_prefix,0.00217,visutil_flatten,0.03349,gbuffer,0.08493,lighting,0.08847,tonemap,0.02948,,0.00000,,0.00000,,0.00000,,0.00000,,0.00000,,0.00000,,0.00000,,0.00000,,0.00000,,0.00000,,0.00000,,0.00000,,0.00000,,0.00000,,0.00000,,0.00000,,0.00000,,0.00000,,0.00000,,0.00000,,0.00000,,0.00000,,0.00000,,0.00000
13_synth_open_bin_count_diagnostic.json,Synthetic,DonutVisGBuffer,success,15,0,0.31510,0.31501,0.31760,0.31978,100,1000,../../../../../scripts/standard_camera.csv,0.785,10,0.0,0.0,0.0,0,0.1,0.0,0.0,-3,60,0,1,1,1,64,0,1.0,1.0,4,0,1,480,1,0,60,0.5,9,auto,unused,1,0,1,1,256,0,0,0,0,0,0,0,120,1080,1920,1.0,1.0,-1.0,total,0.31510,visibility,0.02696,visutil_histogram,0.02287,visutil_prefix,0.00217,visutil_flatten,0.03055,gbuffer,0.08277,lighting,0.08860,tonemap,0.02977,,0.00000,,0.00000,,0.00000,,0.00000,,0.00000,,0.00000,,0.00000,,0.00000,,0.00000,,0.00000,,0.00000,,0.00000,,0.00000,,0.00000,,0.00000,,0.00000,,0.00000,,0.00000,,0.00000,,0.00000,,0.00000,,0.00000,,0.00000,,0.00000
13_synth_open_bin_count_diagnostic.json,Synthetic,DonutVisGBuffer,success,16,0,0.31595,0.31562,0.31901,0.31994,100,1000,../../../../../scripts/standard_camera.csv,0.785,10,0.0,0.0,0.0,0,0.1,0.0,0.0,-3,60,0,1,1,1,64,0,1.0,1.0,4,0,1,480,1,0,60,0.5,9,auto,unused,1,1,1,1,256,0,0,0,0,0,0,0,120,1080,1920,1.0,1.0,-1.0,total,0.31595,visibility,0.02695,visutil_histogram,0.02302,visutil_prefix,0.00217,visutil_flatten,0.03058,gbuffer,0.08274,lighting,0.08892,tonemap,0.02976,,0.00000,,0.00000,,0.00000,,0.00000,,0.00000,,0.00000,,0.00000,,0.00000,,0.00000,,0.00000,,0.00000,,0.00000,,0.00000,,0.00000,,0.00000,,0.00000,,0.00000,,0.00000,,0.00000,,0.00000,,0.00000,,0.00000,,0.00000,,0.00000
13_synth_open_bin_count_diagnostic.json,Synthetic,DonutVisGBuffer,success,17,0,0.31504,0.31504,0.31757,0.31965,100,1000,../../../../../scripts/standard_camera.csv,0.785,10,0.0,0.0,0.0,0,0.1,0.0,0.0,-3,60,0,1,1,1,64,0,1.0,1.0,4,0,1,480,1,0,60,0.5,9,auto,unused,1,2,1,1,256,0,0,0,0,0,0,0,120,1080,1920,1.0,1.0,-1.0,total,0.31504,visibility,0.02697,visutil_histogram,0.02283,visutil_prefix,0.00216,visutil_flatten,0.03057,gbuffer,0.08286,lighting,0.08841,tonemap,0.02976,,0.00000,,0.00000,,0.00000,,0.00000,,0.00000,,0.00000,,0.00000,,0.00000,,0.00000,,0.00000,,0.00000,,0.00000,,0.00000,,0.00000,,0.00000,,0.00000,,0.00000,,0.00000,,0.00000,,0.00000,,0.00000,,0.00000,,0.00000,,0.00000
13_synth_open_bin_count_diagnostic.json,Synthetic,DonutVisGBuffer,success,18,0,0.32902,0.32909,0.33136,0.33344,100,1000,../../../../../scripts/standard_camera.csv,0.785,10,0.0,0.0,0.0,0,0.1,0.0,0.0,-3,60,0,1,1,1,64,0,1.0,0.0,8,0,1,480,1,0,60,0.5,9,auto,unused,1,0,1,1,256,0,0,0,0,0,0,0,120,1080,1920,1.0,1.0,-1.0,total,0.32902,visibility,0.03100,visutil_histogram,0.02504,visutil_prefix,0.00216,visutil_flatten,0.03391,gbuffer,0.08727,lighting,0.08846,tonemap,0.02940,,0.00000,,0.00000,,0.00000,,0.00000,,0.00000,,0.00000,,0.00000,,0.00000,,0.00000,,0.00000,,0.00000,,0.00000,,0.00000,,0.00000,,0.00000,,0.00000,,0.00000,,0.00000,,0.00000,,0.00000,,0.00000,,0.00000,,0.00000,,0.00000
13_synth_open_bin_count_diagnostic.json,Synthetic,DonutVisGBuffer,success,19,0,0.32901,0.32912,0.33149,0.33350,100,1000,../../../../../scripts/standard_camera.csv,0.785,10,0.0,0.0,0.0,0,0.1,0.0,0.0,-3,60,0,1,1,1,64,0,1.0,0.0,8,0,1,480,1,0,60,0.5,9,auto,unused,1,1,1,1,256,0,0,0,0,0,0,0,120,1080,1920,1.0,1.0,-1.0,total,0.32901,visibility,0.03098,visutil_histogram,0.02505,visutil_prefix,0.00217,visutil_flatten,0.03393,gbuffer,0.08726,lighting,0.08850,tonemap,0.02942,,0.00000,,0.00000,,0.00000,,0.00000,,0.00000,,0.00000,,0.00000,,0.00000,,0.00000,,0.00000,,0.00000,,0.00000,,0.00000,,0.00000,,0.00000,,0.00000,,0.00000,,0.00000,,0.00000,,0.00000,,0.00000,,0.00000,,0.00000,,0.00000
13_synth_open_bin_count_diagnostic.json,Synthetic,DonutVisGBuffer,success,20,0,0.32897,0.32909,0.33142,0.33382,100,1000,../../../../../scripts/standard_camera.csv,0.785,10,0.0,0.0,0.0,0,0.1,0.0,0.0,-3,60,0,1,1,1,64,0,1.0,0.0,8,0,1,480,1,0,60,0.5,9,auto,unused,1,2,1,1,256,0,0,0,0,0,0,0,120,1080,1920,1.0,1.0,-1.0,total,0.32897,visibility,0.03100,visutil_histogram,0.02499,visutil_prefix,0.00216,visutil_flatten,0.03388,gbuffer,0.08741,lighting,0.08851,tonemap,0.02943,,0.00000,,0.00000,,0.00000,,0.00000,,0.00000,,0.00000,,0.00000,,0.00000,,0.00000,,0.00000,,0.00000,,0.00000,,0.00000,,0.00000,,0.00000,,0.00000,,0.00000,,0.00000,,0.00000,,0.00000,,0.00000,,0.00000,,0.00000,,0.00000
13_synth_open_bin_count_diagnostic.json,Synthetic,DonutVisGBuffer,success,21,0,0.31906,0.31930,0.32131,0.32320,100,1000,../../../../../scripts/standard_camera.csv,0.785,10,0.0,0.0,0.0,0,0.1,0.0,0.0,-3,60,0,1,1,1,64,0,1.0,1.0,8,0,1,480,1,0,60,0.5,9,auto,unused,1,0,1,1,256,0,0,0,0,0,0,0,120,1080,1920,1.0,1.0,-1.0,total,0.31906,visibility,0.02708,visutil_histogram,0.02306,visutil_prefix,0.00216,visutil_flatten,0.03075,gbuffer,0.08479,lighting,0.08850,tonemap,0.02968,,0.00000,,0.00000,,0.00000,,0.00000,,0.00000,,0.00000,,0.00000,,0.00000,,0.00000,,0.00000,,0.00000,,0.00000,,0.00000,,0.00000,,0.00000,,0.00000,,0.00000,,0.00000,,0.00000,,0.00000,,0.00000,,0.00000,,0.00000,,0.00000
13_synth_open_bin_count_diagnostic.json,Synthetic,DonutVisGBuffer,success,22,0,0.31894,0.31926,0.32131,0.32355,100,1000,../../../../../scripts/standard_camera.csv,0.785,10,0.0,0.0,0.0,0,0.1,0.0,0.0,-3,60,0,1,1,1,64,0,1.0,1.0,8,0,1,480,1,0,60,0.5,9,auto,unused,1,1,1,1,256,0,0,0,0,0,0,0,120,1080,1920,1.0,1.0,-1.0,total,0.31894,visibility,0.02702,visutil_histogram,0.02309,visutil_prefix,0.00216,visutil_flatten,0.03074,gbuffer,0.08473,lighting,0.08843,tonemap,0.02981,,0.00000,,0.00000,,0.00000,,0.00000,,0.00000,,0.00000,,0.00000,,0.00000,,0.00000,,0.00000,,0.00000,,0.00000,,0.00000,,0.00000,,0.00000,,0.00000,,0.00000,,0.00000,,0.00000,,0.00000,,0.00000,,0.00000,,0.00000,,0.00000
13_synth_open_bin_count_diagnostic.json,Synthetic,DonutVisGBuffer,success,23,0,0.31871,0.31907,0.32141,0.32355,100,1000,../../../../../scripts/standard_camera.csv,0.785,10,0.0,0.0,0.0,0,0.1,0.0,0.0,-3,60,0,1,1,1,64,0,1.0,1.0,8,0,1,480,1,0,60,0.5,9,auto,unused,1,2,1,1,256,0,0,0,0,0,0,0,120,1080,1920,1.0,1.0,-1.0,total,0.31871,visibility,0.02699,visutil_histogram,0.02295,visutil_prefix,0.00216,visutil_flatten,0.03074,gbuffer,0.08493,lighting,0.08841,tonemap,0.02980,,0.00000,,0.00000,,0.00000,,0.00000,,0.00000,,0.00000,,0.00000,,0.00000,,0.00000,,0.00000,,0.00000,,0.00000,,0.00000,,0.00000,,0.00000,,0.00000,,0.00000,,0.00000,,0.00000,,0.00000,,0.00000,,0.00000,,0.00000,,0.00000
13_synth_open_bin_count_diagnostic.json,Synthetic,DonutVisGBuffer,success,24,0,0.33565,0.33552,0.33782,0.33984,100,1000,../../../../../scripts/standard_camera.csv,0.785,10,0.0,0.0,0.0,0,0.1,0.0,0.0,-3,60,0,1,1,1,64,0,1.0,0.0,16,0,1,480,1,0,60,0.5,9,auto,unused,1,0,1,1,256,0,0,0,0,0,0,0,120,1080,1920,1.0,1.0,-1.0,total,0.33565,visibility,0.03146,visutil_histogram,0.02538,visutil_prefix,0.00215,visutil_flatten,0.03420,gbuffer,0.09276,lighting,0.08846,tonemap,0.02938,,0.00000,,0.00000,,0.00000,,0.00000,,0.00000,,0.00000,,0.00000,,0.00000,,0.00000,,0.00000,,0.00000,,0.00000,,0.00000,,0.00000,,0.00000,,0.00000,,0.00000,,0.00000,,0.00000,,0.00000,,0.00000,,0.00000,,0.00000,,0.00000
13_synth_open_bin_count_diagnostic.json,Synthetic,DonutVisGBuffer,success,25,0,0.33582,0.33552,0.33798,0.34048,100,1000,../../../../../scripts/standard_camera.csv,0.785,10,0.0,0.0,0.0,0,0.1,0.0,0.0,-3,60,0,1,1,1,64,0,1.0,0.0,16,0,1,480,1,0,60,0.5,9,auto,unused,1,1,1,1,256,0,0,0,0,0,0,0,120,1080,1920,1.0,1.0,-1.0,total,0.33582,visibility,0.03145,visutil_histogram,0.02534,visutil_prefix,0.00215,visutil_flatten,0.03424,gbuffer,0.09296,lighting,0.08847,tonemap,0.02936,,0.00000,,0.00000,,0.00000,,0.00000,,0.00000,,0.00000,,0.00000,,0.00000,,0.00000,,0.00000,,0.00000,,0.00000,,0.00000,,0.00000,,0.00000,,0.00000,,0.00000,,0.00000,,0.00000,,0.00000,,0.00000,,0.00000,,0.00000,,0.00000
13_synth_open_bin_count_diagnostic.json,Synthetic,DonutVisGBuffer,success,26,0,0.33559,0.33542,0.33789,0.34006,100,1000,../../../../../scripts/standard_camera.csv,0.785,10,0.0,0.0,0.0,0,0.1,0.0,0.0,-3,60,0,1,1,1,64,0,1.0,0.0,16,0,1,480,1,0,60,0.5,9,auto,unused,1,2,1,1,256,0,0,0,0,0,0,0,120,1080,1920,1.0,1.0,-1.0,total,0.33559,visibility,0.03139,visutil_histogram,0.02535,visutil_prefix,0.00215,visutil_flatten,0.03420,gbuffer,0.09281,lighting,0.08840,tonemap,0.02937,,0.00000,,0.00000,,0.00000,,0.00000,,0.00000,,0.00000,,0.00000,,0.00000,,0.00000,,0.00000,,0.00000,,0.00000,,0.00000,,0.00000,,0.00000,,0.00000,,0.00000,,0.00000,,0.00000,,0.00000,,0.00000,,0.00000,,0.00000,,0.00000
13_synth_open_bin_count_diagnostic.json,Synthetic,DonutVisGBuffer,success,27,0,0.32629,0.32586,0.32822,0.33021,100,1000,../../../../../scripts/standard_camera.csv,0.785,10,0.0,0.0,0.0,0,0.1,0.0,0.0,-3,60,0,1,1,1,64,0,1.0,1.0,16,0,1,480,1,0,60,0.5,9,auto,unused,1,0,1,1,256,0,0,0,0,0,0,0,120,1080,1920,1.0,1.0,-1.0,total,0.32629,visibility,0.02705,visutil_histogram,0.02324,visutil_prefix,0.00215,visutil_flatten,0.03097,gbuffer,0.09179,lighting,0.08809,tonemap,0.02976,,0.00000,,0.00000,,0.00000,,0.00000,,0.00000,,0.00000,,0.00000,,0.00000,,0.00000,,0.00000,,0.00000,,0.00000,,0.00000,,0.00000,,0.00000,,0.00000,,0.00000,,0.00000,,0.00000,,0.00000,,0.00000,,0.00000,,0.00000,,0.00000
13_synth_open_bin_count_diagnostic.json,Synthetic,DonutVisGBuffer,success,28,0,0.32594,0.32592,0.32810,0.33002,100,1000,../../../../../scripts/standard_camera.csv,0.785,10,0.0,0.0,0.0,0,0.1,0.0,0.0,-3,60,0,1,1,1,64,0,1.0,1.0,16,0,1,480,1,0,60,0.5,9,auto,unused,1,1,1,1,256,0,0,0,0,0,0,0,120,1080,1920,1.0,1.0,-1.0,total,0.32594,visibility,0.02697,visutil_histogram,0.02330,visutil_prefix,0.00215,visutil_flatten,0.03098,gbuffer,0.09159,lighting,0.08799,tonemap,0.02971,,0.00000,,0.00000,,0.00000,,0.00000,,0.00000,,0.00000,,0.00000,,0.00000,,0.00000,,0.00000,,0.00000,,0.00000,,0.00000,,0.00000,,0.00000,,0.00000,,0.00000,,0.00000,,0.00000,,0.00000,,0.00000,,0.00000,,0.00000,,0.00000
13_synth_open_bin_count_diagnostic.json,Synthetic,DonutVisGBuffer,success,29,0,0.32623,0.32576,0.32794,0.32995,100,1000,../../../../../scripts/standard_camera.csv,0.785,10,0.0,0.0,0.0,0,0.1,0.0,0.0,-3,60,0,1,1,1,64,0,1.0,1.0,16,0,1,480,1,0,60,0.5,9,auto,unused,1,2,1,1,256,0,0,0,0,0,0,0,120,1080,1920,1.0,1.0,-1.0,total,0.32623,visibility,0.02704,visutil_histogram,0.02325,visutil_prefix,0.00215,visutil_flatten,0.03096,gbuffer,0.09151,lighting,0.08796,tonemap,0.02977,,0.00000,,0.00000,,0.00000,,0.00000,,0.00000,,0.00000,,0.00000,,0.00000,,0.00000,,0.00000,,0.00000,,0.00000,,0.00000,,0.00000,,0.00000,,0.00000,,0.00000,,0.00000,,0.00000,,0.00000,,0.00000,,0.00000,,0.00000,,0.00000
13_synth_open_bin_count_diagnostic.json,Synthetic,DonutVisGBuffer,success,30,0,0.34713,0.34730,0.34960,0.35194,100,1000,../../../../../scripts/standard_camera.csv,0.785,10,0.0,0.0,0.0,0,0.1,0.0,0.0,-3,60,0,1,1,1,64,0,1.0,0.0,32,0,1,480,1,0,60,0.5,9,auto,unused,1,0,1,1,256,0,0,0,0,0,0,0,120,1080,1920,1.0,1.0,-1.0,total,0.34713,visibility,0.03175,visutil_histogram,0.02562,visutil_prefix,0.00210,visutil_flatten,0.03463,gbuffer,0.10462,lighting,0.08818,tonemap,0.02929,,0.00000,,0.00000,,0.00000,,0.00000,,0.00000,,0.00000,,0.00000,,0.00000,,0.00000,,0.00000,,0.00000,,0.00000,,0.00000,,0.00000,,0.00000,,0.00000,,0.00000,,0.00000,,0.00000,,0.00000,,0.00000,,0.00000,,0.00000,,0.00000
13_synth_open_bin_count_diagnostic.json,Synthetic,DonutVisGBuffer,success,31,0,0.34748,0.34742,0.34970,0.35184,100,1000,../../../../../scripts/standard_camera.csv,0.785,10,0.0,0.0,0.0,0,0.1,0.0,0.0,-3,60,0,1,1,1,64,0,1.0,0.0,32,0,1,480,1,0,60,0.5,9,auto,unused,1,1,1,1,256,0,0,0,0,0,0,0,120,1080,1920,1.0,1.0,-1.0,total,0.34748,visibility,0.03181,visutil_histogram,0.02563,visutil_prefix,0.00210,visutil_flatten,0.03463,gbuffer,0.10455,lighting,0.08826,tonemap,0.02921,,0.00000,,0.00000,,0.00000,,0.00000,,0.00000,,0.00000,,0.00000,,0.00000,,0.00000,,0.00000,,0.00000,,0.00000,,0.00000,,0.00000,,0.00000,,0.00000,,0.00000,,0.00000,,0.00000,,0.00000,,0.00000,,0.00000,,0.00000,,0.00000
13_synth_open_bin_count_diagnostic.json,Synthetic,DonutVisGBuffer,success,32,0,0.34729,0.34742,0.34976,0.35190,100,1000,../../../../../scripts/standard_camera.csv,0.785,10,0.0,0.0,0.0,0,0.1,0.0,0.0,-3,60,0,1,1,1,64,0,1.0,0.0,32,0,1,480,1,0,60,0.5,9,auto,unused,1,2,1,1,256,0,0,0,0,0,0,0,120,1080,1920,1.0,1.0,-1.0,total,0.34729,visibility,0.03177,visutil_histogram,0.02561,visutil_prefix,0.00209,visutil_flatten,0.03464,gbuffer,0.10456,lighting,0.08802,tonemap,0.02928,,0.00000,,0.00000,,0.00000,,0.00000,,0.00000,,0.00000,,0.00000,,0.00000,,0.00000,,0.00000,,0.00000,,0.00000,,0.00000,,0.00000,,0.00000,,0.00000,,0.00000,,0.00000,,0.00000,,0.00000,,0.00000,,0.00000,,0.00000,,0.00000
13_synth_open_bin_count_diagnostic.json,Synthetic,DonutVisGBuffer,success,33,0,0.33555,0.33552,0.33766,0.33974,100,1000,../../../../../scripts/standard_camera.csv,0.785,10,0.0,0.0,0.0,0,0.1,0.0,0.0,-3,60,0,1,1,1,64,0,1.0,1.0,32,0,1,480,1,0,60,0.5,9,auto,unused,1,0,1,1,256,0,0,0,0,0,0,0,120,1080,1920,1.0,1.0,-1.0,total,0.33555,visibility,0.02732,visutil_histogram,0.02387,visutil_prefix,0.00209,visutil_flatten,0.03140,gbuffer,0.10143,lighting,0.08763,tonemap,0.02960,,0.00000,,0.00000,,0.00000,,0.00000,,0.00000,,0.00000,,0.00000,,0.00000,,0.00000,,0.00000,,0.00000,,0.00000,,0.00000,,0.00000,,0.00000,,0.00000,,0.00000,,0.00000,,0.00000,,0.00000,,0.00000,,0.00000,,0.00000,,0.00000
13_synth_open_bin_count_diagnostic.json,Synthetic,DonutVisGBuffer,success,34,0,0.33591,0.33574,0.33802,0.34016,100,1000,../../../../../scripts/standard_camera.csv,0.785,10,0.0,0.0,0.0,0,0.1,0.0,0.0,-3,60,0,1,1,1,64,0,1.0,1.0,32,0,1,480,1,0,60,0.5,9,auto,unused,1,1,1,1,256,0,0,0,0,0,0,0,120,1080,1920,1.0,1.0,-1.0,total,0.33591,visibility,0.02730,visutil_histogram,0.02399,visutil_prefix,0.00209,visutil_flatten,0.03145,gbuffer,0.10150,lighting,0.08756,tonemap,0.02966,,0.00000,,0.00000,,0.00000,,0.00000,,0.00000,,0.00000,,0.00000,,0.00000,,0.00000,,0.00000,,0.00000,,0.00000,,0.00000,,0.00000,,0.00000,,0.00000,,0.00000,,0.00000,,0.00000,,0.00000,,0.00000,,0.00000,,0.00000,,0.00000
13_synth_open_bin_count_diagnostic.json,Synthetic,DonutVisGBuffer,success,35,0,0.33592,0.33578,0.33795,0.34016,100,1000,../../../../../scripts/standard_camera.csv,0.785,10,0.0,0.0,0.0,0,0.1,0.0,0.0,-3,60,0,1,1,1,64,0,1.0,1.0,32,0,1,480,1,0,60,0.5,9,auto,unused,1,2,1,1,256,0,0,0,0,0,0,0,120,1080,1920,1.0,1.0,-1.0,total,0.33592,visibility,0.02720,visutil_histogram,0.02388,visutil_prefix,0.00210,visutil_flatten,0.03142,gbuffer,0.10155,lighting,0.08757,tonemap,0.02968,,0.00000,,0.00000,,0.00000,,0.00000,,0.00000,,0.00000,,0.00000,,0.00000,,0.00000,,0.00000,,0.00000,,0.00000,,0.00000,,0.00000,,0.00000,,0.00000,,0.00000,,0.00000,,0.00000,,0.00000,,0.00000,,0.00000,,0.00000,,0.00000
13_synth_open_bin_count_diagnostic.json,Synthetic,DonutVisGBuffer,success,36,0,0.37777,0.37789,0.38042,0.38413,100,1000,../../../../../scripts/standard_camera.csv,0.785,10,0.0,0.0,0.0,0,0.1,0.0,0.0,-3,60,0,1,1,1,64,0,1.0,0.0,64,0,1,480,1,0,60,0.5,9,auto,unused,1,0,1,1,256,0,0,0,0,0,0,0,120,1080,1920,1.0,1.0,-1.0,total,0.37777,visibility,0.03195,visutil_histogram,0.02615,visutil_prefix,0.00205,visutil_flatten,0.03540,gbuffer,0.13275,lighting,0.08747,tonemap,0.02918,,0.00000,,0.00000,,0.00000,,0.00000,,0.00000,,0.00000,,0.00000,,0.00000,,0.00000,,0.00000,,0.00000,,0.00000,,0.00000,,0.00000,,0.00000,,0.00000,,0.00000,,0.00000,,0.00000,,0.00000,,0.00000,,0.00000,,0.00000,,0.00000
13_synth_open_bin_count_diagnostic.json,Synthetic,DonutVisGBuffer,success,37,0,0.37758,0.37789,0.38048,0.38416,100,1000,../../../../../scripts/standard_camera.csv,0.785,10,0.0,0.0,0.0,0,0.1,0.0,0.0,-3,60,0,1,1,1,64,0,1.0,0.0,64,0,1,480,1,0,60,0.5,9,auto,unused,1,1,1,1,256,0,0,0,0,0,0,0,120,1080,1920,1.0,1.0,-1.0,total,0.37758,visibility,0.03193,visutil_histogram,0.02617,visutil_prefix,0.00205,visutil_flatten,0.03544,gbuffer,0.13279,lighting,0.08745,tonemap,0.02916,,0.00000,,0.00000,,0.00000,,0.00000,,0.00000,,0.00000,,0.00000,,0.00000,,0.00000,,0.00000,,0.00000,,0.00000,,0.00000,,0.00000,,0.00000,,0.00000,,0.00000,,0.00000,,0.00000,,0.00000,,0.00000,,0.00000,,0.00000,,0.00000
13_synth_open_bin_count_diagnostic.json,Synthetic,DonutVisGBuffer,success,38,0,0.37833,0.37830,0.38080,0.38317,100,1000,../../../../../scripts/standard_camera.csv,0.785,10,0.0,0.0,0.0,0,0.1,0.0,0.0,-3,60,0,1,1,1,64,0,1.0,0.0,64,0,1,480,1,0,60,0.5,9,auto,unused,1,2,1,1,256,0,0,0,0,0,0,0,120,1080,1920,1.0,1.0,-1.0,total,0.37833,visibility,0.03207,visutil_histogram,0.02619,visutil_prefix,0.00205,visutil_flatten,0.03544,gbuffer,0.13290,lighting,0.08748,tonemap,0.02920,,0.00000,,0.00000,,0.00000,,0.00000,,0.00000,,0.00000,,0.00000,,0.00000,,0.00000,,0.00000,,0.00000,,0.00000,,0.00000,,0.00000,,0.00000,,0.00000,,0.00000,,0.00000,,0.00000,,0.00000,,0.00000,,0.00000,,0.00000,,0.00000
13_synth_open_bin_count_diagnostic.json,Synthetic,DonutVisGBuffer,success,39,0,0.36527,0.36461,0.36822,0.37069,100,1000,../../../../../scripts/standard_camera.csv,0.785,10,0.0,0.0,0.0,0,0.1,0.0,0.0,-3,60,0,1,1,1,64,0,1.0,1.0,64,0,1,480,1,0,60,0.5,9,auto,unused,1,0,1,1,256,0,0,0,0,0,0,0,120,1080,1920,1.0,1.0,-1.0,total,0.36527,visibility,0.02731,visutil_histogram,0.02471,visutil_prefix,0.00205,visutil_flatten,0.03235,gbuffer,0.12973,lighting,0.08785,tonemap,0.02952,,0.00000,,0.00000,,0.00000,,0.00000,,0.00000,,0.00000,,0.00000,,0.00000,,0.00000,,0.00000,,0.00000,,0.00000,,0.00000,,0.00000,,0.00000,,0.00000,,0.00000,,0.00000,,0.00000,,0.00000,,0.00000,,0.00000,,0.00000,,0.00000
13_synth_open_bin_count_diagnostic.json,Synthetic,DonutVisGBuffer,success,40,0,0.36412,0.36426,0.36698,0.37005,100,1000,../../../../../scripts/standard_camera.csv,0.785,10,0.0,0.0,0.0,0,0.1,0.0,0.0,-3,60,0,1,1,1,64,0,1.0,1.0,64,0,1,480,1,0,60,0.5,9,auto,unused,1,1,1,1,256,0,0,0,0,0,0,0,120,1080,1920,1.0,1.0,-1.0,total,0.36412,visibility,0.02731,visutil_histogram,0.02458,visutil_prefix,0.00205,visutil_flatten,0.03230,gbuffer,0.12967,lighting,0.08713,tonemap,0.02960,,0.00000,,0.00000,,0.00000,,0.00000,,0.00000,,0.00000,,0.00000,,0.00000,,0.00000,,0.00000,,0.00000,,0.00000,,0.00000,,0.00000,,0.00000,,0.00000,,0.00000,,0.00000,,0.00000,,0.00000,,0.00000,,0.00000,,0.00000,,0.00000
13_synth_open_bin_count_diagnostic.json,Synthetic,DonutVisGBuffer,success,41,0,0.36459,0.36432,0.36806,0.37027,100,1000,../../../../../scripts/standard_camera.csv,0.785,10,0.0,0.0,0.0,0,0.1,0.0,0.0,-3,60,0,1,1,1,64,0,1.0,1.0,64,0,1,480,1,0,60,0.5,9,auto,unused,1,2,1,1,256,0,0,0,0,0,0,0,120,1080,1920,1.0,1.0,-1.0,total,0.36459,visibility,0.02732,visutil_histogram,0.02469,visutil_prefix,0.00205,visutil_flatten,0.03232,gbuffer,0.12975,lighting,0.08707,tonemap,0.02946,,0.00000,,0.00000,,0.00000,,0.00000,,0.00000,,0.00000,,0.00000,,0.00000,,0.00000,,0.00000,,0.00000,,0.00000,,0.00000,,0.00000,,0.00000,,0.00000,,0.00000,,0.00000,,0.00000,,0.00000,,0.00000,,0.00000,,0.00000,,0.00000
13_synth_open_bin_count_diagnostic.json,Synthetic,DonutVisGBuffer,success,42,0,0.42849,0.43472,0.44294,0.45101,100,1000,../../../../../scripts/standard_camera.csv,0.785,10,0.0,0.0,0.0,0,0.1,0.0,0.0,-3,60,0,1,1,1,64,0,1.0,0.0,128,0,1,480,1,0,60,0.5,9,auto,unused,1,0,1,1,256,0,0,0,0,0,0,0,120,1080,1920,1.0,1.0,-1.0,total,0.42849,visibility,0.03403,visutil_histogram,0.02775,visutil_prefix,0.00210,visutil_flatten,0.03615,gbuffer,0.16979,lighting,0.08873,tonemap,0.03801,,0.00000,,0.00000,,0.00000,,0.00000,,0.00000,,0.00000,,0.00000,,0.00000,,0.00000,,0.00000,,0.00000,,0.00000,,0.00000,,0.00000,,0.00000,,0.00000,,0.00000,,0.00000,,0.00000,,0.00000,,0.00000,,0.00000,,0.00000,,0.00000
13_synth_open_bin_count_diagnostic.json,Synthetic,DonutVisGBuffer,success,43,0,0.41566,0.40899,0.43898,0.44630,100,1000,../../../../../scripts/standard_camera.csv,0.785,10,0.0,0.0,0.0,0,0.1,0.0,0.0,-3,60,0,1,1,1,64,0,1.0,0.0,128,0,1,480,1,0,60,0.5,9,auto,unused,1,1,1,1,256,0,0,0,0,0,0,0,120,1080,1920,1.0,1.0,-1.0,total,0.41566,visibility,0.03277,visutil_histogram,0.02734,visutil_prefix,0.00206,visutil_flatten,0.03617,gbuffer,0.16542,lighting,0.08739,tonemap,0.03264,,0.00000,,0.00000,,0.00000,,0.00000,,0.00000,,0.00000,,0.00000,,0.00000,,0.00000,,0.00000,,0.00000,,0.00000,,0.00000,,0.00000,,0.00000,,0.00000,,0.00000,,0.00000,,0.00000,,0.00000,,0.00000,,0.00000,,0.00000,,0.00000
13_synth_open_bin_count_diagnostic.json,Synthetic,DonutVisGBuffer,success,44,0,0.42351,0.43053,0.44122,0.44915,100,1000,../../../../../scripts/standard_camera.csv,0.785,10,0.0,0.0,0.0,0,0.1,0.0,0.0,-3,60,0,1,1,1,64,0,1.0,0.0,128,0,1,480,1,0,60,0.5,9,auto,unused,1,2,1,1,256,0,0,0,0,0,0,0,120,1080,1920,1.0,1.0,-1.0,total,0.42351,visibility,0.03340,visutil_histogram,0.02759,visutil_prefix,0.00208,visutil_flatten,0.03656,gbuffer,0.16796,lighting,0.08794,tonemap,0.03608,,0.00000,,0.00000,,0.00000,,0.00000,,0.00000,,0.00000,,0.00000,,0.00000,,0.00000,,0.00000,,0.00000,,0.00000,,0.00000,,0.00000,,0.00000,,0.00000,,0.00000,,0.00000,,0.00000,,0.00000,,0.00000,,0.00000,,0.00000,,0.00000
13_synth_open_bin_count_diagnostic.json,Synthetic,DonutVisGBuffer,success,45,0,0.40077,0.39693,0.41933,0.43155,100,1000,../../../../../scripts/standard_camera.csv,0.785,10,0.0,0.0,0.0,0,0.1,0.0,0.0,-3,60,0,1,1,1,64,0,1.0,1.0,128,0,1,480,1,0,60,0.5,9,auto,unused,1,0,1,1,256,0,0,0,0,0,0,0,120,1080,1920,1.0,1.0,-1.0,total,0.40077,visibility,0.02785,visutil_histogram,0.02638,visutil_prefix,0.00205,visutil_flatten,0.03314,gbuffer,0.16117,lighting,0.08658,tonemap,0.03141,,0.00000,,0.00000,,0.00000,,0.00000,,0.00000,,0.00000,,0.00000,,0.00000,,0.00000,,0.00000,,0.00000,,0.00000,,0.00000,,0.00000,,0.00000,,0.00000,,0.00000,,0.00000,,0.00000,,0.00000,,0.00000,,0.00000,,0.00000,,0.00000
13_synth_open_bin_count_diagnostic.json,Synthetic,DonutVisGBuffer,success,46,0,0.40877,0.40310,0.42669,0.43520,100,1000,../../../../../scripts/standard_camera.csv,0.785,10,0.0,0.0,0.0,0,0.1,0.0,0.0,-3,60,0,1,1,1,64,0,1.0,1.0,128,0,1,480,1,0,60,0.5,9,auto,unused,1,1,1,1,256,0,0,0,0,0,0,0,120,1080,1920,1.0,1.0,-1.0,total,0.40877,visibility,0.02785,visutil_histogram,0.02684,visutil_prefix,0.00207,visutil_flatten,0.03291,gbuffer,0.16380,lighting,0.08712,tonemap,0.03587,,0.00000,,0.00000,,0.00000,,0.00000,,0.00000,,0.00000,,0.00000,,0.00000,,0.00000,,0.00000,,0.00000,,0.00000,,0.00000,,0.00000,,0.00000,,0.00000,,0.00000,,0.00000,,0.00000,,0.00000,,0.00000,,0.00000,,0.00000,,0.00000
13_synth_open_bin_count_diagnostic.json,Synthetic,DonutVisGBuffer,success,47,0,0.41413,0.41878,0.42650,0.43318,100,1000,../../../../../scripts/standard_camera.csv,0.785,10,0.0,0.0,0.0,0,0.1,0.0,0.0,-3,60,0,1,1,1,64,0,1.0,1.0,128,0,1,480,1,0,60,0.5,9,auto,unused,1,2,1,1,256,0,0,0,0,0,0,0,120,1080,1920,1.0,1.0,-1.0,total,0.41413,visibility,0.02785,visutil_histogram,0.02716,visutil_prefix,0.00210,visutil_flatten,0.03283,gbuffer,0.16502,lighting,0.08801,tonemap,0.03925,,0.00000,,0.00000,,0.00000,,0.00000,,0.00000,,0.00000,,0.00000,,0.00000,,0.00000,,0.00000,,0.00000,,0.00000,,0.00000,,0.00000,,0.00000,,0.00000,,0.00000,,0.00000,,0.00000,,0.00000,,0.00000,,0.00000,,0.00000,,0.00000
13_synth_open_bin_count_diagnostic.json,Synthetic,DonutVisGBuffer,success,48,0,0.53369,0.53600,0.54608,0.55418,100,1000,../../../../../scripts/standard_camera.csv,0.785,10,0.0,0.0,0.0,0,0.1,0.0,0.0,-3,60,0,1,1,1,64,0,1.0,0.0,255,0,1,480,1,0,60,0.5,9,auto,unused,1,0,1,1,256,0,0,0,0,0,0,0,120,1080,1920,1.0,1.0,-1.0,total,0.53369,visibility,0.03205,visutil_histogram,0.02819,visutil_prefix,0.00216,visutil_flatten,0.03685,gbuffer,0.28504,lighting,0.08728,tonemap,0.02905,,0.00000,,0.00000,,0.00000,,0.00000,,0.00000,,0.00000,,0.00000,,0.00000,,0.00000,,0.00000,,0.00000,,0.00000,,0.00000,,0.00000,,0.00000,,0.00000,,0.00000,,0.00000,,0.00000,,0.00000,,0.00000,,0.00000,,0.00000,,0.00000
13_synth_open_bin_count_diagnostic.json,Synthetic,DonutVisGBuffer,success,49,0,0.53522,0.53776,0.54781,0.55379,100,1000,../../../../../scripts/standard_camera.csv,0.785,10,0.0,0.0,0.0,0,0.1,0.0,0.0,-3,60,0,1,1,1,64,0,1.0,0.0,255,0,1,480,1,0,60,0.5,9,auto,unused,1,1,1,1,256,0,0,0,0,0,0,0,120,1080,1920,1.0,1.0,-1.0,total,0.53522,visibility,0.03213,visutil_histogram,0.02819,visutil_prefix,0.00216,visutil_flatten,0.03680,gbuffer,0.28620,lighting,0.08768,tonemap,0.02906,,0.00000,,0.00000,,0.00000,,0.00000,,0.00000,,0.00000,,0.00000,,0.00000,,0.00000,,0.00000,,0.00000,,0.00000,,0.00000,,0.00000,,0.00000,,0.00000,,0.00000,,0.00000,,0.00000,,0.00000,,0.00000,,0.00000,,0.00000,,0.00000
13_synth_open_bin_count_diagnostic.json,Synthetic,DonutVisGBuffer,success,50,0,0.53518,0.53773,0.54768,0.55254,100,1000,../../../../../scripts/standard_camera.csv,0.785,10,0.0,0.0,0.0,0,0.1,0.0,0.0,-3,60,0,1,1,1,64,0,1.0,0.0,255,0,1,480,1,0,60,0.5,9,auto,unused,1,2,1,1,256,0,0,0,0,0,0,0,120,1080,1920,1.0,1.0,-1.0,total,0.53518,visibility,0.03205,visutil_histogram,0.02823,visutil_prefix,0.00216,visutil_flatten,0.03682,gbuffer,0.28669,lighting,0.08731,tonemap,0.02906,,0.00000,,0.00000,,0.00000,,0.00000,,0.00000,,0.00000,,0.00000,,0.00000,,0.00000,,0.00000,,0.00000,,0.00000,,0.00000,,0.00000,,0.00000,,0.00000,,0.00000,,0.00000,,0.00000,,0.00000,,0.00000,,0.00000,,0.00000,,0.00000
13_synth_open_bin_count_diagnostic.json,Synthetic,DonutVisGBuffer,success,51,0,0.52240,0.52573,0.53555,0.53987,100,1000,../../../../../scripts/standard_camera.csv,0.785,10,0.0,0.0,0.0,0,0.1,0.0,0.0,-3,60,0,1,1,1,64,0,1.0,1.0,255,0,1,480,1,0,60,0.5,9,auto,unused,1,0,1,1,256,0,0,0,0,0,0,0,120,1080,1920,1.0,1.0,-1.0,total,0.52240,visibility,0.02833,visutil_histogram,0.02682,visutil_prefix,0.00216,visutil_flatten,0.03398,gbuffer,0.28325,lighting,0.08686,tonemap,0.02938,,0.00000,,0.00000,,0.00000,,0.00000,,0.00000,,0.00000,,0.00000,,0.00000,,0.00000,,0.00000,,0.00000,,0.00000,,0.00000,,0.00000,,0.00000,,0.00000,,0.00000,,0.00000,,0.00000,,0.00000,,0.00000,,0.00000,,0.00000,,0.00000
13_synth_open_bin_count_diagnostic.json,Synthetic,DonutVisGBuffer,success,52,0,0.52217,0.52387,0.53430,0.54134,100,1000,../../../../../scripts/standard_camera.csv,0.785,10,0.0,0.0,0.0,0,0.1,0.0,0.0,-3,60,0,1,1,1,64,0,1.0,1.0,255,0,1,480,1,0,60,0.5,9,auto,unused,1,1,1,1,256,0,0,0,0,0,0,0,120,1080,1920,1.0,1.0,-1.0,total,0.52217,visibility,0.02828,visutil_histogram,0.02690,visutil_prefix,0.00216,visutil_flatten,0.03402,gbuffer,0.28300,lighting,0.08690,tonemap,0.02937,,0.00000,,0.00000,,0.00000,,0.00000,,0.00000,,0.00000,,0.00000,,0.00000,,0.00000,,0.00000,,0.00000,,0.00000,,0.00000,,0.00000,,0.00000,,0.00000,,0.00000,,0.00000,,0.00000,,0.00000,,0.00000,,0.00000,,0.00000,,0.00000
13_synth_open_bin_count_diagnostic.json,Synthetic,DonutVisGBuffer,success,53,0,0.52223,0.52416,0.53581,0.54211,100,1000,../../../../../scripts/standard_camera.csv,0.785,10,0.0,0.0,0.0,0,0.1,0.0,0.0,-3,60,0,1,1,1,64,0,1.0,1.0,255,0,1,480,1,0,60,0.5,9,auto,unused,1,2,1,1,256,0,0,0,0,0,0,0,120,1080,1920,1.0,1.0,-1.0,total,0.52223,visibility,0.02821,visutil_histogram,0.02699,visutil_prefix,0.00216,visutil_flatten,0.03401,gbuffer,0.28315,lighting,0.08689,tonemap,0.02931,,0.00000,,0.00000,,0.00000,,0.00000,,0.00000,,0.00000,,0.00000,,0.00000,,0.00000,,0.00000,,0.00000,,0.00000,,0.00000,,0.00000,,0.00000,,0.00000,,0.00000,,0.00000,,0.00000,,0.00000,,0.00000,,0.00000,,0.00000,,0.00000
14_synth_workload_scaling.json,Synthetic,DonutVisGBuffer,success,0,0,0.36591,0.36592,0.36854,0.37251,100,1000,../../../../../scripts/standard_camera.csv,0.785,10,0.0,0.0,0.0,0,0.1,0.0,0.0,-3,60,0,1,1,1,32,0,1.0,0.0,64,0,1,480,1,0,60,0.5,9,auto,unused,1,0,1,1,256,0,0,0,0,0,0,0,120,1080,1920,1.0,1.0,-1.0,total,0.36591,visibility,0.02481,visutil_histogram,0.02539,visutil_prefix,0.00205,visutil_flatten,0.03404,gbuffer,0.13127,lighting,0.08661,tonemap,0.02939,,0.00000,,0.00000,,0.00000,,0.00000,,0.00000,,0.00000,,0.00000,,0.00000,,0.00000,,0.00000,,0.00000,,0.00000,,0.00000,,0.00000,,0.00000,,0.00000,,0.00000,,0.00000,,0.00000,,0.00000,,0.00000,,0.00000,,0.00000,,0.00000
14_synth_workload_scaling.json,Synthetic,DonutVisGBuffer,success,1,0,0.35923,0.35914,0.36240,0.36458,100,1000,../../../../../scripts/standard_camera.csv,0.785,10,0.0,0.0,0.0,0,0.1,0.0,0.0,-3,60,0,1,1,1,32,0,1.0,1.0,64,0,1,480,1,0,60,0.5,9,auto,unused,1,0,1,1,256,0,0,0,0,0,1,0,120,1080,1920,1.0,1.0,-1.0,total,0.35923,visibility,0.02314,visutil_histogram,0.02467,visutil_prefix,0.00205,visutil_flatten,0.03234,gbuffer,0.12946,lighting,0.08653,tonemap,0.02952,,0.00000,,0.00000,,0.00000,,0.00000,,0.00000,,0.00000,,0.00000,,0.00000,,0.00000,,0.00000,,0.00000,,0.00000,,0.00000,,0.00000,,0.00000,,0.00000,,0.00000,,0.00000,,0.00000,,0.00000,,0.00000,,0.00000,,0.00000,,0.00000
14_synth_workload_scaling.json,Synthetic,DonutVisGBuffer,success,2,0,0.37714,0.37731,0.38029,0.38298,100,1000,../../../../../scripts/standard_camera.csv,0.785,10,0.0,0.0,0.0,0,0.1,0.0,0.0,-3,60,0,1,1,1,64,0,1.0,0.0,64,0,1,480,1,0,60,0.5,9,auto,unused,1,0,1,1,256,0,0,0,0,0,2,0,120,1080,1920,1.0,1.0,-1.0,total,0.37714,visibility,0.03193,visutil_histogram,0.02613,visutil_prefix,0.00205,visutil_flatten,0.03539,gbuffer,0.13272,lighting,0.08737,tonemap,0.02915,,0.00000,,0.00000,,0.00000,,0.00000,,0.00000,,0.00000,,0.00000,,0.00000,,0.00000,,0.00000,,0.00000,,0.00000,,0.00000,,0.00000,,0.00000,,0.00000,,0.00000,,0.00000,,0.00000,,0.00000,,0.00000,,0.00000,,0.00000,,0.00000
14_synth_workload_scaling.json,Synthetic,DonutVisGBuffer,success,3,0,0.36453,0.36435,0.36794,0.37069,100,1000,../../../../../scripts/standard_camera.csv,0.785,10,0.0,0.0,0.0,0,0.1,0.0,0.0,-3,60,0,1,1,1,64,0,1.0,1.0,64,0,1,480,1,0,60,0.5,9,auto,unused,1,0,1,1,256,0,0,0,0,0,3,0,120,1080,1920,1.0,1.0,-1.0,total,0.36453,visibility,0.02724,visutil_histogram,0.02469,visutil_prefix,0.00205,visutil_flatten,0.03231,gbuffer,0.12975,lighting,0.08741,tonemap,0.02948,,0.00000,,0.00000,,0.00000,,0.00000,,0.00000,,0.00000,,0.00000,,0.00000,,0.00000,,0.00000,,0.00000,,0.00000,,0.00000,,0.00000,,0.00000,,0.00000,,0.00000,,0.00000,,0.00000,,0.00000,,0.00000,,0.00000,,0.00000,,0.00000
14_synth_workload_scaling.json,Synthetic,DonutVisGBuffer,success,4,0,0.38370,0.38384,0.38646,0.39043,100,1000,../../../../../scripts/standard_camera.csv,0.785,10,0.0,0.0,0.0,0,0.1,0.0,0.0,-3,60,0,1,1,1,96,0,1.0,0.0,64,0,1,480,1,0,60,0.5,9,auto,unused,1,0,1,1,256,0,0,0,0,0,4,0,120,1080,1920,1.0,1.0,-1.0,total,0.38370,visibility,0.03907,visutil_histogram,0.02502,visutil_prefix,0.00205,visutil_flatten,0.03444,gbuffer,0.13520,lighting,0.08764,tonemap,0.02885,,0.00000,,0.00000,,0.00000,,0.00000,,0.00000,,0.00000,,0.00000,,0.00000,,0.00000,,0.00000,,0.00000,,0.00000,,0.00000,,0.00000,,0.00000,,0.00000,,0.00000,,0.00000,,0.00000,,0.00000,,0.00000,,0.00000,,0.00000,,0.00000
14_synth_workload_scaling.json,Synthetic,DonutVisGBuffer,success,5,0,0.35643,0.35622,0.35843,0.36074,100,1000,../../../../../scripts/standard_camera.csv,0.785,10,0.0,0.0,0.0,0,0.1,0.0,0.0,-3,60,0,1,1,1,96,0,1.0,1.0,64,0,1,480,1,0,60,0.5,9,auto,unused,1,0,1,1,256,0,0,0,0,0,5,0,120,1080,1920,1.0,1.0,-1.0,total,0.35643,visibility,0.03016,visutil_histogram,0.02408,visutil_prefix,0.00205,visutil_flatten,0.03179,gbuffer,0.11836,lighting,0.08780,tonemap,0.02955,,0.00000,,0.00000,,0.00000,,0.00000,,0.00000,,0.00000,,0.00000,,0.00000,,0.00000,,0.00000,,0.00000,,0.00000,,0.00000,,0.00000,,0.00000,,0.00000,,0.00000,,0.00000,,0.00000,,0.00000,,0.00000,,0.00000,,0.00000,,0.00000
14_synth_workload_scaling.json,Synthetic,DonutVisGBuffer,success,6,0,0.39607,0.39578,0.39840,0.40083,100,1000,../../../../../scripts/standard_camera.csv,0.785,10,0.0,0.0,0.0,0,0.1,0.0,0.0,-3,60,0,1,1,1,128,0,1.0,0.0,64,0,1,480,1,0,60,0.5,9,auto,unused,1,0,1,1,256,0,0,0,0,0,6,0,120,1080,1920,1.0,1.0,-1.0,total,0.39607,visibility,0.04696,visutil_histogram,0.02430,visutil_prefix,0.00205,visutil_flatten,0.03395,gbuffer,0.14048,lighting,0.08791,tonemap,0.02835,,0.00000,,0.00000,,0.00000,,0.00000,,0.00000,,0.00000,,0.00000,,0.00000,,0.00000,,0.00000,,0.00000,,0.00000,,0.00000,,0.00000,,0.00000,,0.00000,,0.00000,,0.00000,,0.00000,,0.00000,,0.00000,,0.00000,,0.00000,,0.00000
14_synth_workload_scaling.json,Synthetic,DonutVisGBuffer,success,7,0,0.37125,0.37110,0.37434,0.37667,100,1000,../../../../../scripts/standard_camera.csv,0.785,10,0.0,0.0,0.0,0,0.1,0.0,0.0,-3,60,0,1,1,1,128,0,1.0,1.0,64,0,1,480,1,0,60,0.5,9,auto,unused,1,0,1,1,256,0,0,0,0,0,7,0,120,1080,1920,1.0,1.0,-1.0,total,0.37125,visibility,0.03345,visutil_histogram,0.02463,visutil_prefix,0.00205,visutil_flatten,0.03231,gbuffer,0.13033,lighting,0.08726,tonemap,0.02950,,0.00000,,0.00000,,0.00000,,0.00000,,0.00000,,0.00000,,0.00000,,0.00000,,0.00000,,0.00000,,0.00000,,0.00000,,0.00000,,0.00000,,0.00000,,0.00000,,0.00000,,0.00000,,0.00000,,0.00000,,0.00000,,0.00000,,0.00000,,0.00000
14_synth_workload_scaling.json,Synthetic,DonutVisGBuffer,success,8,0,0.22163,0.22166,0.22384,0.22691,100,1000,../../../../../scripts/standard_camera.csv,0.785,10,0.0,0.0,0.0,0,0.1,0.0,0.0,-3,60,0,1,1,1,64,0,1.0,0.0,64,0,1,480,1,0,60,0.5,9,auto,unused,1,0,1,1,256,0,0,0,0,0,8,0,120,720,1280,1.0,1.0,-1.0,total,0.22163,visibility,0.01884,visutil_histogram,0.01261,visutil_prefix,0.00196,visutil_flatten,0.01711,gbuffer,0.08758,lighting,0.03935,tonemap,0.01191,,0.00000,,0.00000,,0.00000,,0.00000,,0.00000,,0.00000,,0.00000,,0.00000,,0.00000,,0.00000,,0.00000,,0.00000,,0.00000,,0.00000,,0.00000,,0.00000,,0.00000,,0.00000,,0.00000,,0.00000,,0.00000,,0.00000,,0.00000,,0.00000
14_synth_workload_scaling.json,Synthetic,DonutVisGBuffer,success,9,0,0.21373,0.21347,0.21747,0.21971,100,1000,../../../../../scripts/standard_camera.csv,0.785,10,0.0,0.0,0.0,0,0.1,0.0,0.0,-3,60,0,1,1,1,64,0,1.0,1.0,64,0,1,480,1,0,60,0.5,9,auto,unused,1,0,1,1,256,0,0,0,0,0,9,0,120,720,1280,1.0,1.0,-1.0,total,0.21373,visibility,0.01471,visutil_histogram,0.01234,visutil_prefix,0.00190,visutil_flatten,0.01628,gbuffer,0.08641,lighting,0.03931,tonemap,0.01190,,0.00000,,0.00000,,0.00000,,0.00000,,0.00000,,0.00000,,0.00000,,0.00000,,0.00000,,0.00000,,0.00000,,0.00000,,0.00000,,0.00000,,0.00000,,0.00000,,0.00000,,0.00000,,0.00000,,0.00000,,0.00000,,0.00000,,0.00000,,0.00000
14_synth_workload_scaling.json,Synthetic,DonutVisGBuffer,success,10,0,0.37747,0.37766,0.38042,0.38272,100,1000,../../../../../scripts/standard_camera.csv,0.785,10,0.0,0.0,0.0,0,0.1,0.0,0.0,-3,60,0,1,1,1,64,0,1.0,0.0,64,0,1,480,1,0,60,0.5,9,auto,unused,1,0,1,1,256,0,0,0,0,0,10,0,120,1080,1920,1.0,1.0,-1.0,total,0.37747,visibility,0.03194,visutil_histogram,0.02614,visutil_prefix,0.00205,visutil_flatten,0.03539,gbuffer,0.13296,lighting,0.08739,tonemap,0.02913,,0.00000,,0.00000,,0.00000,,0.00000,,0.00000,,0.00000,,0.00000,,0.00000,,0.00000,,0.00000,,0.00000,,0.00000,,0.00000,,0.00000,,0.00000,,0.00000,,0.00000,,0.00000,,0.00000,,0.00000,,0.00000,,0.00000,,0.00000,,0.00000
14_synth_workload_scaling.json,Synthetic,DonutVisGBuffer,success,11,0,0.36430,0.36416,0.36771,0.37043,100,1000,../../../../../scripts/standard_camera.csv,0.785,10,0.0,0.0,0.0,0,0.1,0.0,0.0,-3,60,0,1,1,1,64,0,1.0,1.0,64,0,1,480,1,0,60,0.5,9,auto,unused,1,0,1,1,256,0,0,0,0,0,11,0,120,1080,1920,1.0,1.0,-1.0,total,0.36430,visibility,0.02724,visutil_histogram,0.02468,visutil_prefix,0.00205,visutil_flatten,0.03231,gbuffer,0.12967,lighting,0.08741,tonemap,0.02947,,0.00000,,0.00000,,0.00000,,0.00000,,0.00000,,0.00000,,0.00000,,0.00000,,0.00000,,0.00000,,0.00000,,0.00000,,0.00000,,0.00000,,0.00000,,0.00000,,0.00000,,0.00000,,0.00000,,0.00000,,0.00000,,0.00000,,0.00000,,0.00000
14_synth_workload_scaling.json,Synthetic,DonutVisGBuffer,success,12,0,0.59828,0.59808,0.60195,0.60547,100,1000,../../../../../scripts/standard_camera.csv,0.785,10,0.0,0.0,0.0,0,0.1,0.0,0.0,-3,60,0,1,1,1,64,0,1.0,0.0,64,0,1,480,1,0,60,0.5,9,auto,unused,1,0,1,1,256,0,0,0,0,0,12,0,120,1440,2560,1.0,1.0,-1.0,total,0.59828,visibility,0.04771,visutil_histogram,0.04309,visutil_prefix,0.00205,visutil_flatten,0.05906,gbuffer,0.20529,lighting,0.15076,tonemap,0.05804,,0.00000,,0.00000,,0.00000,,0.00000,,0.00000,,0.00000,,0.00000,,0.00000,,0.00000,,0.00000,,0.00000,,0.00000,,0.00000,,0.00000,,0.00000,,0.00000,,0.00000,,0.00000,,0.00000,,0.00000,,0.00000,,0.00000,,0.00000,,0.00000
14_synth_workload_scaling.json,Synthetic,DonutVisGBuffer,success,13,0,0.57672,0.57658,0.58048,0.58445,100,1000,../../../../../scripts/standard_camera.csv,0.785,10,0.0,0.0,0.0,0,0.1,0.0,0.0,-3,60,0,1,1,1,64,0,1.0,1.0,64,0,1,480,1,0,60,0.5,9,auto,unused,1,0,1,1,256,0,0,0,0,0,13,0,120,1440,2560,1.0,1.0,-1.0,total,0.57672,visibility,0.04228,visutil_histogram,0.04025,visutil_prefix,0.00205,visutil_flatten,0.05360,gbuffer,0.19744,lighting,0.15086,tonemap,0.05680,,0.00000,,0.00000,,0.00000,,0.00000,,0.00000,,0.00000,,0.00000,,0.00000,,0.00000,,0.00000,,0.00000,,0.00000,,0.00000,,0.00000,,0.00000,,0.00000,,0.00000,,0.00000,,0.00000,,0.00000,,0.00000,,0.00000,,0.00000,,0.00000
14_synth_workload_scaling.json,Synthetic,DonutVisGBuffer,success,14,0,1.23087,1.24307,1.25795,1.27594,100,1000,../../../../../scripts/standard_camera.csv,0.785,10,0.0,0.0,0.0,0,0.1,0.0,0.0,-3,60,0,1,1,1,64,0,1.0,0.0,64,0,1,480,1,0,60,0.5,9,auto,unused,1,0,1,1,256,0,0,0,0,0,14,0,120,2160,3840,1.0,1.0,-1.0,total,1.23087,visibility,0.09565,visutil_histogram,0.09092,visutil_prefix,0.00203,visutil_flatten,0.12842,gbuffer,0.41692,lighting,0.31750,tonemap,0.14785,,0.00000,,0.00000,,0.00000,,0.00000,,0.00000,,0.00000,,0.00000,,0.00000,,0.00000,,0.00000,,0.00000,,0.00000,,0.00000,,0.00000,,0.00000,,0.00000,,0.00000,,0.00000,,0.00000,,0.00000,,0.00000,,0.00000,,0.00000,,0.00000
14_synth_workload_scaling.json,Synthetic,DonutVisGBuffer,success,15,0,1.18608,1.19850,1.21347,1.22678,100,1000,../../../../../scripts/standard_camera.csv,0.785,10,0.0,0.0,0.0,0,0.1,0.0,0.0,-3,60,0,1,1,1,64,0,1.0,1.0,64,0,1,480,1,0,60,0.5,9,auto,unused,1,0,1,1,256,0,0,0,0,0,15,0,120,2160,3840,1.0,1.0,-1.0,total,1.18608,visibility,0.08594,visutil_histogram,0.08413,visutil_prefix,0.00202,visutil_flatten,0.11694,gbuffer,0.40045,lighting,0.31727,tonemap,0.14738,,0.00000,,0.00000,,0.00000,,0.00000,,0.00000,,0.00000,,0.00000,,0.00000,,0.00000,,0.00000,,0.00000,,0.00000,,0.00000,,0.00000,,0.00000,,0.00000,,0.00000,,0.00000,,0.00000,,0.00000,,0.00000,,0.00000,,0.00000,,0.00000
15_synth_seed_robustness.json,Synthetic,DonutVisGBuffer,success,0,0,0.37264,0.37238,0.37789,0.38266,100,1000,../../../../../scripts/standard_camera.csv,0.785,10,0.0,0.0,0.0,0,0.1,0.0,0.0,-3,60,0,1,1,1,64,0,0.5,0.5,64,0,1,600,1,0,60,0.5,9,auto,unused,1,0,1,1,256,0,0,0,0,0,0,0,120,1080,1920,1.0,1.0,-1.0,total,0.37264,visibility,0.02957,visutil_histogram,0.02528,visutil_prefix,0.00204,visutil_flatten,0.03393,gbuffer,0.13282,lighting,0.08743,tonemap,0.02954,,0.00000,,0.00000,,0.00000,,0.00000,,0.00000,,0.00000,,0.00000,,0.00000,,0.00000,,0.00000,,0.00000,,0.00000,,0.00000,,0.00000,,0.00000,,0.00000,,0.00000,,0.00000,,0.00000,,0.00000,,0.00000,,0.00000,,0.00000,,0.00000
15_synth_seed_robustness.json,Synthetic,DonutVisGBuffer,success,1,0,0.37463,0.37437,0.38038,0.38307,100,1000,../../../../../scripts/standard_camera.csv,0.785,10,0.0,0.0,0.0,0,0.1,0.0,0.0,-3,60,0,1,1,1,64,0,0.5,0.5,64,0,1,600,1,0,60,0.5,9,auto,unused,1,1,1,1,256,0,0,0,0,0,0,0,120,1080,1920,1.0,1.0,-1.0,total,0.37463,visibility,0.02951,visutil_histogram,0.02535,visutil_prefix,0.00205,visutil_flatten,0.03397,gbuffer,0.13438,lighting,0.08773,tonemap,0.02959,,0.00000,,0.00000,,0.00000,,0.00000,,0.00000,,0.00000,,0.00000,,0.00000,,0.00000,,0.00000,,0.00000,,0.00000,,0.00000,,0.00000,,0.00000,,0.00000,,0.00000,,0.00000,,0.00000,,0.00000,,0.00000,,0.00000,,0.00000,,0.00000
15_synth_seed_robustness.json,Synthetic,DonutVisGBuffer,success,2,0,0.37401,0.37360,0.37878,0.38272,100,1000,../../../../../scripts/standard_camera.csv,0.785,10,0.0,0.0,0.0,0,0.1,0.0,0.0,-3,60,0,1,1,1,64,0,0.5,0.5,64,0,1,600,1,0,60,0.5,9,auto,unused,1,2,1,1,256,0,0,0,0,0,0,0,120,1080,1920,1.0,1.0,-1.0,total,0.37401,visibility,0.02938,visutil_histogram,0.02522,visutil_prefix,0.00204,visutil_flatten,0.03388,gbuffer,0.13449,lighting,0.08734,tonemap,0.02948,,0.00000,,0.00000,,0.00000,,0.00000,,0.00000,,0.00000,,0.00000,,0.00000,,0.00000,,0.00000,,0.00000,,0.00000,,0.00000,,0.00000,,0.00000,,0.00000,,0.00000,,0.00000,,0.00000,,0.00000,,0.00000,,0.00000,,0.00000,,0.00000
15_synth_seed_robustness.json,Synthetic,DonutVisGBuffer,success,3,0,0.37278,0.37238,0.37773,0.38112,100,1000,../../../../../scripts/standard_camera.csv,0.785,10,0.0,0.0,0.0,0,0.1,0.0,0.0,-3,60,0,1,1,1,64,0,0.5,0.5,64,0,1,600,1,0,60,0.5,9,auto,unused,1,3,1,1,256,0,0,0,0,0,0,0,120,1080,1920,1.0,1.0,-1.0,total,0.37278,visibility,0.02944,visutil_histogram,0.02531,visutil_prefix,0.00204,visutil_flatten,0.03397,gbuffer,0.13275,lighting,0.08750,tonemap,0.02955,,0.00000,,0.00000,,0.00000,,0.00000,,0.00000,,0.00000,,0.00000,,0.00000,,0.00000,,0.00000,,0.00000,,0.00000,,0.00000,,0.00000,,0.00000,,0.00000,,0.00000,,0.00000,,0.00000,,0.00000,,0.00000,,0.00000,,0.00000,,0.00000
15_synth_seed_robustness.json,Synthetic,DonutVisGBuffer,success,4,0,0.36836,0.36838,0.37226,0.37782,100,1000,../../../../../scripts/standard_camera.csv,0.785,10,0.0,0.0,0.0,0,0.1,0.0,0.0,-3,60,0,1,1,1,64,0,0.5,0.5,64,0,1,600,1,0,60,0.5,9,auto,unused,1,4,1,1,256,0,0,0,0,0,0,0,120,1080,1920,1.0,1.0,-1.0,total,0.36836,visibility,0.02947,visutil_histogram,0.02534,visutil_prefix,0.00205,visutil_flatten,0.03397,gbuffer,0.12825,lighting,0.08761,tonemap,0.02951,,0.00000,,0.00000,,0.00000,,0.00000,,0.00000,,0.00000,,0.00000,,0.00000,,0.00000,,0.00000,,0.00000,,0.00000,,0.00000,,0.00000,,0.00000,,0.00000,,0.00000,,0.00000,,0.00000,,0.00000,,0.00000,,0.00000,,0.00000,,0.00000
15_synth_seed_robustness.json,Synthetic,DonutVisGBuffer,success,5,0,0.36637,0.36630,0.37046,0.37453,100,1000,../../../../../scripts/standard_camera.csv,0.785,10,0.0,0.0,0.0,0,0.1,0.0,0.0,-3,60,0,1,1,1,64,0,0.5,0.5,64,0,1,600,1,0,60,0.5,9,auto,unused,1,5,1,1,256,0,0,0,0,0,0,0,120,1080,1920,1.0,1.0,-1.0,total,0.36637,visibility,0.02949,visutil_histogram,0.02535,visutil_prefix,0.00205,visutil_flatten,0.03395,gbuffer,0.12626,lighting,0.08767,tonemap,0.02951,,0.00000,,0.00000,,0.00000,,0.00000,,0.00000,,0.00000,,0.00000,,0.00000,,0.00000,,0.00000,,0.00000,,0.00000,,0.00000,,0.00000,,0.00000,,0.00000,,0.00000,,0.00000,,0.00000,,0.00000,,0.00000,,0.00000,,0.00000,,0.00000
15_synth_seed_robustness.json,Synthetic,DonutVisGBuffer,success,6,0,0.37492,0.37440,0.38054,0.38458,100,1000,../../../../../scripts/standard_camera.csv,0.785,10,0.0,0.0,0.0,0,0.1,0.0,0.0,-3,60,0,1,1,1,64,0,0.5,0.5,64,0,1,600,1,0,60,0.5,9,auto,unused,1,6,1,1,256,0,0,0,0,0,0,0,120,1080,1920,1.0,1.0,-1.0,total,0.37492,visibility,0.02940,visutil_histogram,0.02528,visutil_prefix,0.00205,visutil_flatten,0.03403,gbuffer,0.13525,lighting,0.08731,tonemap,0.02949,,0.00000,,0.00000,,0.00000,,0.00000,,0.00000,,0.00000,,0.00000,,0.00000,,0.00000,,0.00000,,0.00000,,0.00000,,0.00000,,0.00000,,0.00000,,0.00000,,0.00000,,0.00000,,0.00000,,0.00000,,0.00000,,0.00000,,0.00000,,0.00000
15_synth_seed_robustness.json,Synthetic,DonutVisGBuffer,success,7,0,0.37083,0.37043,0.37603,0.38106,100,1000,../../../../../scripts/standard_camera.csv,0.785,10,0.0,0.0,0.0,0,0.1,0.0,0.0,-3,60,0,1,1,1,64,0,0.5,0.5,64,0,1,600,1,0,60,0.5,9,auto,unused,1,7,1,1,256,0,0,0,0,0,0,0,120,1080,1920,1.0,1.0,-1.0,total,0.37083,visibility,0.02944,visutil_histogram,0.02535,visutil_prefix,0.00205,visutil_flatten,0.03405,gbuffer,0.13097,lighting,0.08753,tonemap,0.02948,,0.00000,,0.00000,,0.00000,,0.00000,,0.00000,,0.00000,,0.00000,,0.00000,,0.00000,,0.00000,,0.00000,,0.00000,,0.00000,,0.00000,,0.00000,,0.00000,,0.00000,,0.00000,,0.00000,,0.00000,,0.00000,,0.00000,,0.00000,,0.00000
15_synth_seed_robustness.json,Synthetic,DonutVisGBuffer,success,8,0,0.37276,0.37245,0.37763,0.38246,100,1000,../../../../../scripts/standard_camera.csv,0.785,10,0.0,0.0,0.0,0,0.1,0.0,0.0,-3,60,0,1,1,1,64,0,0.5,0.5,64,0,1,600,1,0,60,0.5,9,auto,unused,1,8,1,1,256,0,0,0,0,0,0,0,120,1080,1920,1.0,1.0,-1.0,total,0.37276,visibility,0.02946,visutil_histogram,0.02527,visutil_prefix,0.00205,visutil_flatten,0.03388,gbuffer,0.13281,lighting,0.08745,tonemap,0.02956,,0.00000,,0.00000,,0.00000,,0.00000,,0.00000,,0.00000,,0.00000,,0.00000,,0.00000,,0.00000,,0.00000,,0.00000,,0.00000,,0.00000,,0.00000,,0.00000,,0.00000,,0.00000,,0.00000,,0.00000,,0.00000,,0.00000,,0.00000,,0.00000
15_synth_seed_robustness.json,Synthetic,DonutVisGBuffer,success,9,0,0.37456,0.37424,0.38006,0.38400,100,1000,../../../../../scripts/standard_camera.csv,0.785,10,0.0,0.0,0.0,0,0.1,0.0,0.0,-3,60,0,1,1,1,64,0,0.5,0.5,64,0,1,600,1,0,60,0.5,9,auto,unused,1,9,1,1,256,0,0,0,0,0,0,0,120,1080,1920,1.0,1.0,-1.0,total,0.37456,visibility,0.02942,visutil_histogram,0.02527,visutil_prefix,0.00205,visutil_flatten,0.03394,gbuffer,0.13454,lighting,0.08740,tonemap,0.02948,,0.00000,,0.00000,,0.00000,,0.00000,,0.00000,,0.00000,,0.00000,,0.00000,,0.00000,,0.00000,,0.00000,,0.00000,,0.00000,,0.00000,,0.00000,,0.00000,,0.00000,,0.00000,,0.00000,,0.00000,,0.00000,,0.00000,,0.00000,,0.00000
16_synth_renderer_compare_selected.json,Synthetic,DonutDeferred,success,0,0,0.19856,0.19853,0.19946,0.20045,100,1000,../../../../../scripts/standard_camera.csv,0.785,10,0.0,0.0,0.0,0,0.1,0.0,0.0,-3,60,0,1,1,1,64,0,1.0,1.0,1,0,1,600,1,0,60,0.5,7,auto,unused,1,0,1,1,256,0,0,0,0,0,0,0,120,1080,1920,1.0,1.0,-1.0,total,0.19856,geometry,0.07569,lighting,0.08523,tonemap,0.02760,,0.00000,,0.00000,,0.00000,,0.00000,,0.00000,,0.00000,,0.00000,,0.00000,,0.00000,,0.00000,,0.00000,,0.00000,,0.00000,,0.00000,,0.00000,,0.00000,,0.00000,,0.00000,,0.00000,,0.00000,,0.00000,,0.00000,,0.00000,,0.00000,,0.00000,,0.00000,,0.00000,,0.00000
16_synth_renderer_compare_selected.json,Synthetic,DonutDeferredPrepass,success,1,0,0.21384,0.21376,0.21501,0.21603,100,1000,../../../../../scripts/standard_camera.csv,0.785,10,0.0,0.0,0.0,0,0.1,0.0,0.0,-3,60,0,1,1,1,64,0,1.0,1.0,1,0,1,600,1,0,60,0.5,8,auto,unused,1,0,1,1,256,0,0,0,0,0,1,0,120,1080,1920,1.0,1.0,-1.0,total,0.21384,depth_prepass,0.01536,geometry,0.07243,lighting,0.08546,tonemap,0.02756,,0.00000,,0.00000,,0.00000,,0.00000,,0.00000,,0.00000,,0.00000,,0.00000,,0.00000,,0.00000,,0.00000,,0.00000,,0.00000,,0.00000,,0.00000,,0.00000,,0.00000,,0.00000,,0.00000,,0.00000,,0.00000,,0.00000,,0.00000,,0.00000,,0.00000,,0.00000,,0.00000
16_synth_renderer_compare_selected.json,Synthetic,DonutVisGBuffer,success,2,0,0.30970,0.30931,0.31149,0.31334,100,1000,../../../../../scripts/standard_camera.csv,0.785,10,0.0,0.0,0.0,0,0.1,0.0,0.0,-3,60,0,1,1,1,64,0,1.0,1.0,1,0,1,600,1,0,60,0.5,9,auto,unused,1,0,1,1,256,0,0,0,0,0,2,0,120,1080,1920,1.0,1.0,-1.0,total,0.30970,visibility,0.02692,visutil_histogram,0.02261,visutil_prefix,0.00217,visutil_flatten,0.03043,gbuffer,0.07755,lighting,0.08900,tonemap,0.02978,,0.00000,,0.00000,,0.00000,,0.00000,,0.00000,,0.00000,,0.00000,,0.00000,,0.00000,,0.00000,,0.00000,,0.00000,,0.00000,,0.00000,,0.00000,,0.00000,,0.00000,,0.00000,,0.00000,,0.00000,,0.00000,,0.00000,,0.00000,,0.00000
16_synth_renderer_compare_selected.json,Synthetic,DonutDeferred,success,3,0,0.20065,0.20058,0.20166,0.20259,100,1000,../../../../../scripts/standard_camera.csv,0.785,10,0.0,0.0,0.0,0,0.1,0.0,0.0,-3,60,0,1,1,1,64,0,1.0,1.0,64,0,1,600,1,0,60,0.5,7,auto,unused,1,0,1,1,256,0,0,0,0,0,3,0,120,1080,1920,1.0,1.0,-1.0,total,0.20065,geometry,0.07727,lighting,0.08532,tonemap,0.02794,,0.00000,,0.00000,,0.00000,,0.00000,,0.00000,,0.00000,,0.00000,,0.00000,,0.00000,,0.00000,,0.00000,,0.00000,,0.00000,,0.00000,,0.00000,,0.00000,,0.00000,,0.00000,,0.00000,,0.00000,,0.00000,,0.00000,,0.00000,,0.00000,,0.00000,,0.00000,,0.00000,,0.00000
16_synth_renderer_compare_selected.json,Synthetic,DonutDeferredPrepass,success,4,0,0.21555,0.21552,0.21670,0.21786,100,1000,../../../../../scripts/standard_camera.csv,0.785,10,0.0,0.0,0.0,0,0.1,0.0,0.0,-3,60,0,1,1,1,64,0,1.0,1.0,64,0,1,600,1,0,60,0.5,8,auto,unused,1,0,1,1,256,0,0,0,0,0,4,0,120,1080,1920,1.0,1.0,-1.0,total,0.21555,depth_prepass,0.01530,geometry,0.07404,lighting,0.08532,tonemap,0.02792,,0.00000,,0.00000,,0.00000,,0.00000,,0.00000,,0.00000,,0.00000,,0.00000,,0.00000,,0.00000,,0.00000,,0.00000,,0.00000,,0.00000,,0.00000,,0.00000,,0.00000,,0.00000,,0.00000,,0.00000,,0.00000,,0.00000,,0.00000,,0.00000,,0.00000,,0.00000,,0.00000
16_synth_renderer_compare_selected.json,Synthetic,DonutVisGBuffer,success,5,0,0.36374,0.36400,0.36659,0.36896,100,1000,../../../../../scripts/standard_camera.csv,0.785,10,0.0,0.0,0.0,0,0.1,0.0,0.0,-3,60,0,1,1,1,64,0,1.0,1.0,64,0,1,600,1,0,60,0.5,9,auto,unused,1,0,1,1,256,0,0,0,0,0,5,0,120,1080,1920,1.0,1.0,-1.0,total,0.36374,visibility,0.02725,visutil_histogram,0.02439,visutil_prefix,0.00204,visutil_flatten,0.03225,gbuffer,0.12983,lighting,0.08726,tonemap,0.02953,,0.00000,,0.00000,,0.00000,,0.00000,,0.00000,,0.00000,,0.00000,,0.00000,,0.00000,,0.00000,,0.00000,,0.00000,,0.00000,,0.00000,,0.00000,,0.00000,,0.00000,,0.00000,,0.00000,,0.00000,,0.00000,,0.00000,,0.00000,,0.00000
16_synth_renderer_compare_selected.json,Synthetic,DonutDeferred,success,6,0,0.21625,0.21622,0.21728,0.21824,100,1000,../../../../../scripts/standard_camera.csv,0.785,10,0.0,0.0,0.0,0,0.1,0.0,0.0,-3,60,0,1,1,1,64,0,1.0,0.0,64,0,1,600,1,0,60,0.5,7,auto,unused,1,0,1,1,256,0,0,0,0,0,6,0,120,1080,1920,1.0,1.0,-1.0,total,0.21625,geometry,0.09221,lighting,0.08529,tonemap,0.02861,,0.00000,,0.00000,,0.00000,,0.00000,,0.00000,,0.00000,,0.00000,,0.00000,,0.00000,,0.00000,,0.00000,,0.00000,,0.00000,,0.00000,,0.00000,,0.00000,,0.00000,,0.00000,,0.00000,,0.00000,,0.00000,,0.00000,,0.00000,,0.00000,,0.00000,,0.00000,,0.00000,,0.00000
16_synth_renderer_compare_selected.json,Synthetic,DonutDeferredPrepass,success,7,0,0.23159,0.23142,0.23290,0.23427,100,1000,../../../../../scripts/standard_camera.csv,0.785,10,0.0,0.0,0.0,0,0.1,0.0,0.0,-3,60,0,1,1,1,64,0,1.0,0.0,64,0,1,600,1,0,60,0.5,8,auto,unused,1,0,1,1,256,0,0,0,0,0,7,0,120,1080,1920,1.0,1.0,-1.0,total,0.23159,depth_prepass,0.01535,geometry,0.08908,lighting,0.08533,tonemap,0.02875,,0.00000,,0.00000,,0.00000,,0.00000,,0.00000,,0.00000,,0.00000,,0.00000,,0.00000,,0.00000,,0.00000,,0.00000,,0.00000,,0.00000,,0.00000,,0.00000,,0.00000,,0.00000,,0.00000,,0.00000,,0.00000,,0.00000,,0.00000,,0.00000,,0.00000,,0.00000,,0.00000
16_synth_renderer_compare_selected.json,Synthetic,DonutVisGBuffer,success,8,0,0.37775,0.37818,0.38070,0.38352,100,1000,../../../../../scripts/standard_camera.csv,0.785,10,0.0,0.0,0.0,0,0.1,0.0,0.0,-3,60,0,1,1,1,64,0,1.0,0.0,64,0,1,600,1,0,60,0.5,9,auto,unused,1,0,1,1,256,0,0,0,0,0,8,0,120,1080,1920,1.0,1.0,-1.0,total,0.37775,visibility,0.03187,visutil_histogram,0.02611,visutil_prefix,0.00205,visutil_flatten,0.03539,gbuffer,0.13307,lighting,0.08748,tonemap,0.02945,,0.00000,,0.00000,,0.00000,,0.00000,,0.00000,,0.00000,,0.00000,,0.00000,,0.00000,,0.00000,,0.00000,,0.00000,,0.00000,,0.00000,,0.00000,,0.00000,,0.00000,,0.00000,,0.00000,,0.00000,,0.00000,,0.00000,,0.00000,,0.00000
16_synth_renderer_compare_selected.json,Synthetic,DonutDeferred,success,9,0,0.20601,0.20598,0.20698,0.20787,100,1000,../../../../../scripts/standard_camera.csv,0.785,10,0.0,0.0,0.0,0,0.1,0.0,0.0,-3,60,0,1,1,1,64,0,0.25,0.0,64,0,1,600,1,0,60,0.5,7,auto,unused,1,0,1,1,256,0,0,0,0,0,9,0,120,1080,1920,1.0,1.0,-1.0,total,0.20601,geometry,0.08176,lighting,0.08543,tonemap,0.02865,,0.00000,,0.00000,,0.00000,,0.00000,,0.00000,,0.00000,,0.00000,,0.00000,,0.00000,,0.00000,,0.00000,,0.00000,,0.00000,,0.00000,,0.00000,,0.00000,,0.00000,,0.00000,,0.00000,,0.00000,,0.00000,,0.00000,,0.00000,,0.00000,,0.00000,,0.00000,,0.00000,,0.00000
16_synth_renderer_compare_selected.json,Synthetic,DonutDeferredPrepass,success,10,0,0.22050,0.22032,0.22205,0.22294,100,1000,../../../../../scripts/standard_camera.csv,0.785,10,0.0,0.0,0.0,0,0.1,0.0,0.0,-3,60,0,1,1,1,64,0,0.25,0.0,64,0,1,600,1,0,60,0.5,8,auto,unused,1,0,1,1,256,0,0,0,0,0,10,0,120,1080,1920,1.0,1.0,-1.0,total,0.22050,depth_prepass,0.01547,geometry,0.07858,lighting,0.08535,tonemap,0.02803,,0.00000,,0.00000,,0.00000,,0.00000,,0.00000,,0.00000,,0.00000,,0.00000,,0.00000,,0.00000,,0.00000,,0.00000,,0.00000,,0.00000,,0.00000,,0.00000,,0.00000,,0.00000,,0.00000,,0.00000,,0.00000,,0.00000,,0.00000,,0.00000,,0.00000,,0.00000,,0.00000
16_synth_renderer_compare_selected.json,Synthetic,DonutVisGBuffer,success,11,0,0.37276,0.37226,0.38032,0.38496,100,1000,../../../../../scripts/standard_camera.csv,0.785,10,0.0,0.0,0.0,0,0.1,0.0,0.0,-3,60,0,1,1,1,64,0,0.25,0.0,64,0,1,600,1,0,60,0.5,9,auto,unused,1,0,1,1,256,0,0,0,0,0,11,0,120,1080,1920,1.0,1.0,-1.0,total,0.37276,visibility,0.02883,visutil_histogram,0.02481,visutil_prefix,0.00205,visutil_flatten,0.03328,gbuffer,0.13477,lighting,0.08740,tonemap,0.02954,,0.00000,,0.00000,,0.00000,,0.00000,,0.00000,,0.00000,,0.00000,,0.00000,,0.00000,,0.00000,,0.00000,,0.00000,,0.00000,,0.00000,,0.00000,,0.00000,,0.00000,,0.00000,,0.00000,,0.00000,,0.00000,,0.00000,,0.00000,,0.00000
20_real_random_bin_count_quick_all_scenes.json,Sponza,DonutVisGBuffer,success,0,0,1.65628,1.60144,2.32896,2.76170,100,1000.0,../../../../../scripts/standard_camera.csv,0.785,10,0.0,0.0,0.0,2,0.1,0.0,0.0,-10.0,60,0,1,1,1,1,0,1.0,1.0,1,0,1,600,1,0,60,0.5,9,assimp,../../../../../assets/scenes/unpacked/main_sponza/NewSponza_Main_glTF_003.gltf,0,0,1,1,256,1,0,0,1,1,0,0,60,1080,1920,1.0,1.0,-1.0,total,1.65628,visibility,0.12001,visutil_histogram,0.02770,visutil_prefix,0.00234,visutil_flatten,0.03851,gbuffer,1.30204,lighting,0.09832,tonemap,0.03766,,0.00000,,0.00000,,0.00000,,0.00000,,0.00000,,0.00000,,0.00000,,0.00000,,0.00000,,0.00000,,0.00000,,0.00000,,0.00000,,0.00000,,0.00000,,0.00000,,0.00000,,0.00000,,0.00000,,0.00000,,0.00000,,0.00000,,0.00000,,0.00000
20_real_random_bin_count_quick_all_scenes.json,Sponza,DonutVisGBuffer,success,1,0,1.65462,1.59907,2.34237,2.77501,100,1000.0,../../../../../scripts/standard_camera.csv,0.785,10,0.0,0.0,0.0,2,0.1,0.0,0.0,-10.0,60,0,1,1,1,1,0,1.0,1.0,1,0,1,600,1,0,60,0.5,9,assimp,../../../../../assets/scenes/unpacked/main_sponza/NewSponza_Main_glTF_003.gltf,0,1,1,1,256,1,0,0,1,1,1,0,60,1080,1920,1.0,1.0,-1.0,total,1.65462,visibility,0.11990,visutil_histogram,0.02769,visutil_prefix,0.00235,visutil_flatten,0.03856,gbuffer,1.30262,lighting,0.09740,tonemap,0.03763,,0.00000,,0.00000,,0.00000,,0.00000,,0.00000,,0.00000,,0.00000,,0.00000,,0.00000,,0.00000,,0.00000,,0.00000,,0.00000,,0.00000,,0.00000,,0.00000,,0.00000,,0.00000,,0.00000,,0.00000,,0.00000,,0.00000,,0.00000,,0.00000
20_real_random_bin_count_quick_all_scenes.json,Sponza,DonutVisGBuffer,success,2,0,1.64887,1.59590,2.36298,2.80099,100,1000.0,../../../../../scripts/standard_camera.csv,0.785,10,0.0,0.0,0.0,2,0.1,0.0,0.0,-10.0,60,0,1,1,1,1,0,1.0,1.0,1,0,1,600,1,0,60,0.5,9,assimp,../../../../../assets/scenes/unpacked/main_sponza/NewSponza_Main_glTF_003.gltf,0,2,1,1,256,1,0,0,1,1,2,0,60,1080,1920,1.0,1.0,-1.0,total,1.64887,visibility,0.12081,visutil_histogram,0.02773,visutil_prefix,0.00235,visutil_flatten,0.03860,gbuffer,1.29467,lighting,0.09784,tonemap,0.03769,,0.00000,,0.00000,,0.00000,,0.00000,,0.00000,,0.00000,,0.00000,,0.00000,,0.00000,,0.00000,,0.00000,,0.00000,,0.00000,,0.00000,,0.00000,,0.00000,,0.00000,,0.00000,,0.00000,,0.00000,,0.00000,,0.00000,,0.00000,,0.00000
20_real_random_bin_count_quick_all_scenes.json,Sponza,DonutVisGBuffer,success,3,0,1.41993,1.38934,1.83334,2.19773,100,1000.0,../../../../../scripts/standard_camera.csv,0.785,10,0.0,0.0,0.0,2,0.1,0.0,0.0,-10.0,60,0,1,1,1,1,0,1.0,1.0,4,0,1,600,1,0,60,0.5,9,assimp,../../../../../assets/scenes/unpacked/main_sponza/NewSponza_Main_glTF_003.gltf,0,0,1,1,256,1,0,0,1,1,3,0,60,1080,1920,1.0,1.0,-1.0,total,1.41993,visibility,0.12150,visutil_histogram,0.02818,visutil_prefix,0.00224,visutil_flatten,0.03961,gbuffer,1.06105,lighting,0.09830,tonemap,0.03839,,0.00000,,0.00000,,0.00000,,0.00000,,0.00000,,0.00000,,0.00000,,0.00000,,0.00000,,0.00000,,0.00000,,0.00000,,0.00000,,0.00000,,0.00000,,0.00000,,0.00000,,0.00000,,0.00000,,0.00000,,0.00000,,0.00000,,0.00000,,0.00000
20_real_random_bin_count_quick_all_scenes.json,Sponza,DonutVisGBuffer,success,4,0,1.39207,1.38042,1.74547,2.08259,100,1000.0,../../../../../scripts/standard_camera.csv,0.785,10,0.0,0.0,0.0,2,0.1,0.0,0.0,-10.0,60,0,1,1,1,1,0,1.0,1.0,4,0,1,600,1,0,60,0.5,9,assimp,../../../../../assets/scenes/unpacked/main_sponza/NewSponza_Main_glTF_003.gltf,0,1,1,1,256,1,0,0,1,1,4,0,60,1080,1920,1.0,1.0,-1.0,total,1.39207,visibility,0.11778,visutil_histogram,0.02819,visutil_prefix,0.00240,visutil_flatten,0.03983,gbuffer,1.03795,lighting,0.09752,tonemap,0.03779,,0.00000,,0.00000,,0.00000,,0.00000,,0.00000,,0.00000,,0.00000,,0.00000,,0.00000,,0.00000,,0.00000,,0.00000,,0.00000,,0.00000,,0.00000,,0.00000,,0.00000,,0.00000,,0.00000,,0.00000,,0.00000,,0.00000,,0.00000,,0.00000
20_real_random_bin_count_quick_all_scenes.json,Sponza,DonutVisGBuffer,success,5,0,1.36344,1.34643,1.73648,2.01866,100,1000.0,../../../../../scripts/standard_camera.csv,0.785,10,0.0,0.0,0.0,2,0.1,0.0,0.0,-10.0,60,0,1,1,1,1,0,1.0,1.0,4,0,1,600,1,0,60,0.5,9,assimp,../../../../../assets/scenes/unpacked/main_sponza/NewSponza_Main_glTF_003.gltf,0,2,1,1,256,1,0,0,1,1,5,0,60,1080,1920,1.0,1.0,-1.0,total,1.36344,visibility,0.11749,visutil_histogram,0.02817,visutil_prefix,0.00220,visutil_flatten,0.03974,gbuffer,1.00933,lighting,0.09822,tonemap,0.03780,,0.00000,,0.00000,,0.00000,,0.00000,,0.00000,,0.00000,,0.00000,,0.00000,,0.00000,,0.00000,,0.00000,,0.00000,,0.00000,,0.00000,,0.00000,,0.00000,,0.00000,,0.00000,,0.00000,,0.00000,,0.00000,,0.00000,,0.00000,,0.00000
20_real_random_bin_count_quick_all_scenes.json,Sponza,DonutVisGBuffer,success,6,0,1.38374,1.35731,1.75699,2.15142,100,1000.0,../../../../../scripts/standard_camera.csv,0.785,10,0.0,0.0,0.0,2,0.1,0.0,0.0,-10.0,60,0,1,1,1,1,0,1.0,1.0,16,0,1,600,1,0,60,0.5,9,assimp,../../../../../assets/scenes/unpacked/main_sponza/NewSponza_Main_glTF_003.gltf,0,0,1,1,256,1,0,0,1,1,6,0,60,1080,1920,1.0,1.0,-1.0,total,1.38374,visibility,0.12481,visutil_histogram,0.02844,visutil_prefix,0.00223,visutil_flatten,0.03989,gbuffer,1.01650,lighting,0.10027,tonemap,0.03969,,0.00000,,0.00000,,0.00000,,0.00000,,0.00000,,0.00000,,0.00000,,0.00000,,0.00000,,0.00000,,0.00000,,0.00000,,0.00000,,0.00000,,0.00000,,0.00000,,0.00000,,0.00000,,0.00000,,0.00000,,0.00000,,0.00000,,0.00000,,0.00000
20_real_random_bin_count_quick_all_scenes.json,Sponza,DonutVisGBuffer,success,7,0,1.39741,1.37725,1.75197,2.15306,100,1000.0,../../../../../scripts/standard_camera.csv,0.785,10,0.0,0.0,0.0,2,0.1,0.0,0.0,-10.0,60,0,1,1,1,1,0,1.0,1.0,16,0,1,600,1,0,60,0.5,9,assimp,../../../../../assets/scenes/unpacked/main_sponza/NewSponza_Main_glTF_003.gltf,0,1,1,1,256,1,0,0,1,1,7,0,60,1080,1920,1.0,1.0,-1.0,total,1.39741,visibility,0.12550,visutil_histogram,0.02843,visutil_prefix,0.00221,visutil_flatten,0.03990,gbuffer,1.03078,lighting,0.10091,tonemap,0.03946,,0.00000,,0.00000,,0.00000,,0.00000,,0.00000,,0.00000,,0.00000,,0.00000,,0.00000,,0.00000,,0.00000,,0.00000,,0.00000,,0.00000,,0.00000,,0.00000,,0.00000,,0.00000,,0.00000,,0.00000,,0.00000,,0.00000,,0.00000,,0.00000
20_real_random_bin_count_quick_all_scenes.json,Sponza,DonutVisGBuffer,success,8,0,1.39479,1.36736,1.77459,2.16320,100,1000.0,../../../../../scripts/standard_camera.csv,0.785,10,0.0,0.0,0.0,2,0.1,0.0,0.0,-10.0,60,0,1,1,1,1,0,1.0,1.0,16,0,1,600,1,0,60,0.5,9,assimp,../../../../../assets/scenes/unpacked/main_sponza/NewSponza_Main_glTF_003.gltf,0,2,1,1,256,1,0,0,1,1,8,0,60,1080,1920,1.0,1.0,-1.0,total,1.39479,visibility,0.12499,visutil_histogram,0.02844,visutil_prefix,0.00221,visutil_flatten,0.03992,gbuffer,1.02852,lighting,0.10072,tonemap,0.03942,,0.00000,,0.00000,,0.00000,,0.00000,,0.00000,,0.00000,,0.00000,,0.00000,,0.00000,,0.00000,,0.00000,,0.00000,,0.00000,,0.00000,,0.00000,,0.00000,,0.00000,,0.00000,,0.00000,,0.00000,,0.00000,,0.00000,,0.00000,,0.00000
20_real_random_bin_count_quick_all_scenes.json,Sponza,DonutVisGBuffer,success,9,0,1.37214,1.34848,1.71254,2.05610,100,1000.0,../../../../../scripts/standard_camera.csv,0.785,10,0.0,0.0,0.0,2,0.1,0.0,0.0,-10.0,60,0,1,1,1,1,0,1.0,1.0,64,0,1,600,1,0,60,0.5,9,assimp,../../../../../assets/scenes/unpacked/main_sponza/NewSponza_Main_glTF_003.gltf,0,0,1,1,256,1,0,0,1,1,9,0,60,1080,1920,1.0,1.0,-1.0,total,1.37214,visibility,0.12462,visutil_histogram,0.02845,visutil_prefix,0.00220,visutil_flatten,0.03998,gbuffer,1.00653,lighting,0.09988,tonemap,0.03966,,0.00000,,0.00000,,0.00000,,0.00000,,0.00000,,0.00000,,0.00000,,0.00000,,0.00000,,0.00000,,0.00000,,0.00000,,0.00000,,0.00000,,0.00000,,0.00000,,0.00000,,0.00000,,0.00000,,0.00000,,0.00000,,0.00000,,0.00000,,0.00000
20_real_random_bin_count_quick_all_scenes.json,Sponza,DonutVisGBuffer,success,10,0,1.38110,1.35034,1.73728,2.14739,100,1000.0,../../../../../scripts/standard_camera.csv,0.785,10,0.0,0.0,0.0,2,0.1,0.0,0.0,-10.0,60,0,1,1,1,1,0,1.0,1.0,64,0,1,600,1,0,60,0.5,9,assimp,../../../../../assets/scenes/unpacked/main_sponza/NewSponza_Main_glTF_003.gltf,0,1,1,1,256,1,0,0,1,1,10,0,60,1080,1920,1.0,1.0,-1.0,total,1.38110,visibility,0.12513,visutil_histogram,0.02845,visutil_prefix,0.00225,visutil_flatten,0.03996,gbuffer,1.01655,lighting,0.09921,tonemap,0.03941,,0.00000,,0.00000,,0.00000,,0.00000,,0.00000,,0.00000,,0.00000,,0.00000,,0.00000,,0.00000,,0.00000,,0.00000,,0.00000,,0.00000,,0.00000,,0.00000,,0.00000,,0.00000,,0.00000,,0.00000,,0.00000,,0.00000,,0.00000,,0.00000
20_real_random_bin_count_quick_all_scenes.json,Sponza,DonutVisGBuffer,success,11,0,1.38271,1.35306,1.75216,2.15722,100,1000.0,../../../../../scripts/standard_camera.csv,0.785,10,0.0,0.0,0.0,2,0.1,0.0,0.0,-10.0,60,0,1,1,1,1,0,1.0,1.0,64,0,1,600,1,0,60,0.5,9,assimp,../../../../../assets/scenes/unpacked/main_sponza/NewSponza_Main_glTF_003.gltf,0,2,1,1,256,1,0,0,1,1,11,0,60,1080,1920,1.0,1.0,-1.0,total,1.38271,visibility,0.12546,visutil_histogram,0.02838,visutil_prefix,0.00220,visutil_flatten,0.04006,gbuffer,1.01552,lighting,0.10056,tonemap,0.03941,,0.00000,,0.00000,,0.00000,,0.00000,,0.00000,,0.00000,,0.00000,,0.00000,,0.00000,,0.00000,,0.00000,,0.00000,,0.00000,,0.00000,,0.00000,,0.00000,,0.00000,,0.00000,,0.00000,,0.00000,,0.00000,,0.00000,,0.00000,,0.00000
20_real_random_bin_count_quick_all_scenes.json,Sponza,DonutVisGBuffer,success,12,0,1.33271,1.32762,1.63162,1.84912,100,1000.0,../../../../../scripts/standard_camera.csv,0.785,10,0.0,0.0,0.0,2,0.1,0.0,0.0,-10.0,60,0,1,1,1,1,0,1.0,1.0,255,0,1,600,1,0,60,0.5,9,assimp,../../../../../assets/scenes/unpacked/main_sponza/NewSponza_Main_glTF_003.gltf,0,0,1,1,256,1,0,0,1,1,12,0,60,1080,1920,1.0,1.0,-1.0,total,1.33271,visibility,0.11959,visutil_histogram,0.02833,visutil_prefix,0.00222,visutil_flatten,0.03993,gbuffer,0.97625,lighting,0.09771,tonemap,0.03839,,0.00000,,0.00000,,0.00000,,0.00000,,0.00000,,0.00000,,0.00000,,0.00000,,0.00000,,0.00000,,0.00000,,0.00000,,0.00000,,0.00000,,0.00000,,0.00000,,0.00000,,0.00000,,0.00000,,0.00000,,0.00000,,0.00000,,0.00000,,0.00000
20_real_random_bin_count_quick_all_scenes.json,Sponza,DonutVisGBuffer,success,13,0,1.34908,1.33280,1.68739,2.03421,100,1000.0,../../../../../scripts/standard_camera.csv,0.785,10,0.0,0.0,0.0,2,0.1,0.0,0.0,-10.0,60,0,1,1,1,1,0,1.0,1.0,255,0,1,600,1,0,60,0.5,9,assimp,../../../../../assets/scenes/unpacked/main_sponza/NewSponza_Main_glTF_003.gltf,0,1,1,1,256,1,0,0,1,1,13,0,60,1080,1920,1.0,1.0,-1.0,total,1.34908,visibility,0.12247,visutil_histogram,0.02840,visutil_prefix,0.00220,visutil_flatten,0.03996,gbuffer,0.98638,lighting,0.09938,tonemap,0.03889,,0.00000,,0.00000,,0.00000,,0.00000,,0.00000,,0.00000,,0.00000,,0.00000,,0.00000,,0.00000,,0.00000,,0.00000,,0.00000,,0.00000,,0.00000,,0.00000,,0.00000,,0.00000,,0.00000,,0.00000,,0.00000,,0.00000,,0.00000,,0.00000
20_real_random_bin_count_quick_all_scenes.json,Sponza,DonutVisGBuffer,success,14,0,1.38243,1.35354,1.75818,2.11552,100,1000.0,../../../../../scripts/standard_camera.csv,0.785,10,0.0,0.0,0.0,2,0.1,0.0,0.0,-10.0,60,0,1,1,1,1,0,1.0,1.0,255,0,1,600,1,0,60,0.5,9,assimp,../../../../../assets/scenes/unpacked/main_sponza/NewSponza_Main_glTF_003.gltf,0,2,1,1,256,1,0,0,1,1,14,0,60,1080,1920,1.0,1.0,-1.0,total,1.38243,visibility,0.12588,visutil_histogram,0.02844,visutil_prefix,0.00216,visutil_flatten,0.04011,gbuffer,1.01462,lighting,0.10057,tonemap,0.03945,,0.00000,,0.00000,,0.00000,,0.00000,,0.00000,,0.00000,,0.00000,,0.00000,,0.00000,,0.00000,,0.00000,,0.00000,,0.00000,,0.00000,,0.00000,,0.00000,,0.00000,,0.00000,,0.00000,,0.00000,,0.00000,,0.00000,,0.00000,,0.00000
20_real_random_bin_count_quick_all_scenes.json,Bistro,DonutVisGBuffer,success,15,0,0.69389,0.72630,0.75776,0.81776,100,1000.0,../../../../../scripts/standard_camera_bistro.csv,0.785,10,0.0,0.0,0.0,2,0.1,0.0,0.0,-10.0,60,0,1,1,1,1,0,1.0,1.0,1,0,1,600,1,0,60,0.5,9,assimp,../../../../../assets/scenes/unpacked/Bistro_v5_2/BistroExterior.fbx,0,0,1,1,256,1,0,0,1,1,15,0,60,1080,1920,1.0,1.0,-1.0,total,0.69389,visibility,0.23233,visutil_histogram,0.02979,visutil_prefix,0.00215,visutil_flatten,0.03967,gbuffer,0.21643,lighting,0.10312,tonemap,0.03739,,0.00000,,0.00000,,0.00000,,0.00000,,0.00000,,0.00000,,0.00000,,0.00000,,0.00000,,0.00000,,0.00000,,0.00000,,0.00000,,0.00000,,0.00000,,0.00000,,0.00000,,0.00000,,0.00000,,0.00000,,0.00000,,0.00000,,0.00000,,0.00000
20_real_random_bin_count_quick_all_scenes.json,Bistro,DonutVisGBuffer,success,16,0,0.72265,0.73162,0.78304,1.05101,100,1000.0,../../../../../scripts/standard_camera_bistro.csv,0.785,10,0.0,0.0,0.0,2,0.1,0.0,0.0,-10.0,60,0,1,1,1,1,0,1.0,1.0,1,0,1,600,1,0,60,0.5,9,assimp,../../../../../assets/scenes/unpacked/Bistro_v5_2/BistroExterior.fbx,0,1,1,1,256,1,0,0,1,1,16,0,60,1080,1920,1.0,1.0,-1.0,total,0.72265,visibility,0.24562,visutil_histogram,0.02992,visutil_prefix,0.00217,visutil_flatten,0.03979,gbuffer,0.22534,lighting,0.10653,tonemap,0.04000,,0.00000,,0.00000,,0.00000,,0.00000,,0.00000,,0.00000,,0.00000,,0.00000,,0.00000,,0.00000,,0.00000,,0.00000,,0.00000,,0.00000,,0.00000,,0.00000,,0.00000,,0.00000,,0.00000,,0.00000,,0.00000,,0.00000,,0.00000,,0.00000
20_real_random_bin_count_quick_all_scenes.json,Bistro,DonutVisGBuffer,success,17,0,0.69292,0.72448,0.75770,0.81597,100,1000.0,../../../../../scripts/standard_camera_bistro.csv,0.785,10,0.0,0.0,0.0,2,0.1,0.0,0.0,-10.0,60,0,1,1,1,1,0,1.0,1.0,1,0,1,600,1,0,60,0.5,9,assimp,../../../../../assets/scenes/unpacked/Bistro_v5_2/BistroExterior.fbx,0,2,1,1,256,1,0,0,1,1,17,0,60,1080,1920,1.0,1.0,-1.0,total,0.69292,visibility,0.23153,visutil_histogram,0.02954,visutil_prefix,0.00216,visutil_flatten,0.03966,gbuffer,0.21641,lighting,0.10313,tonemap,0.03734,,0.00000,,0.00000,,0.00000,,0.00000,,0.00000,,0.00000,,0.00000,,0.00000,,0.00000,,0.00000,,0.00000,,0.00000,,0.00000,,0.00000,,0.00000,,0.00000,,0.00000,,0.00000,,0.00000,,0.00000,,0.00000,,0.00000,,0.00000,,0.00000
20_real_random_bin_count_quick_all_scenes.json,Bistro,DonutVisGBuffer,success,18,0,0.71374,0.74048,0.78128,0.84282,100,1000.0,../../../../../scripts/standard_camera_bistro.csv,0.785,10,0.0,0.0,0.0,2,0.1,0.0,0.0,-10.0,60,0,1,1,1,1,0,1.0,1.0,4,0,1,600,1,0,60,0.5,9,assimp,../../../../../assets/scenes/unpacked/Bistro_v5_2/BistroExterior.fbx,0,0,1,1,256,1,0,0,1,1,18,0,60,1080,1920,1.0,1.0,-1.0,total,0.71374,visibility,0.23156,visutil_histogram,0.03069,visutil_prefix,0.00216,visutil_flatten,0.04172,gbuffer,0.23726,lighting,0.09926,tonemap,0.03819,,0.00000,,0.00000,,0.00000,,0.00000,,0.00000,,0.00000,,0.00000,,0.00000,,0.00000,,0.00000,,0.00000,,0.00000,,0.00000,,0.00000,,0.00000,,0.00000,,0.00000,,0.00000,,0.00000,,0.00000,,0.00000,,0.00000,,0.00000,,0.00000
20_real_random_bin_count_quick_all_scenes.json,Bistro,DonutVisGBuffer,success,19,0,0.71730,0.74243,0.77821,0.84061,100,1000.0,../../../../../scripts/standard_camera_bistro.csv,0.785,10,0.0,0.0,0.0,2,0.1,0.0,0.0,-10.0,60,0,1,1,1,1,0,1.0,1.0,4,0,1,600,1,0,60,0.5,9,assimp,../../../../../assets/scenes/unpacked/Bistro_v5_2/BistroExterior.fbx,0,1,1,1,256,1,0,0,1,1,19,0,60,1080,1920,1.0,1.0,-1.0,total,0.71730,visibility,0.23561,visutil_histogram,0.03083,visutil_prefix,0.00216,visutil_flatten,0.04192,gbuffer,0.23435,lighting,0.10111,tonemap,0.03847,,0.00000,,0.00000,,0.00000,,0.00000,,0.00000,,0.00000,,0.00000,,0.00000,,0.00000,,0.00000,,0.00000,,0.00000,,0.00000,,0.00000,,0.00000,,0.00000,,0.00000,,0.00000,,0.00000,,0.00000,,0.00000,,0.00000,,0.00000,,0.00000
20_real_random_bin_count_quick_all_scenes.json,Bistro,DonutVisGBuffer,success,20,0,0.72851,0.74598,0.77990,0.90250,100,1000.0,../../../../../scripts/standard_camera_bistro.csv,0.785,10,0.0,0.0,0.0,2,0.1,0.0,0.0,-10.0,60,0,1,1,1,1,0,1.0,1.0,4,0,1,600,1,0,60,0.5,9,assimp,../../../../../assets/scenes/unpacked/Bistro_v5_2/BistroExterior.fbx,0,2,1,1,256,1,0,0,1,1,20,0,60,1080,1920,1.0,1.0,-1.0,total,0.72851,visibility,0.24114,visutil_histogram,0.03083,visutil_prefix,0.00217,visutil_flatten,0.04168,gbuffer,0.23883,lighting,0.10174,tonemap,0.03939,,0.00000,,0.00000,,0.00000,,0.00000,,0.00000,,0.00000,,0.00000,,0.00000,,0.00000,,0.00000,,0.00000,,0.00000,,0.00000,,0.00000,,0.00000,,0.00000,,0.00000,,0.00000,,0.00000,,0.00000,,0.00000,,0.00000,,0.00000,,0.00000
20_real_random_bin_count_quick_all_scenes.json,Bistro,DonutVisGBuffer,success,21,0,0.73249,0.75686,0.79597,0.85859,100,1000.0,../../../../../scripts/standard_camera_bistro.csv,0.785,10,0.0,0.0,0.0,2,0.1,0.0,0.0,-10.0,60,0,1,1,1,1,0,1.0,1.0,16,0,1,600,1,0,60,0.5,9,assimp,../../../../../assets/scenes/unpacked/Bistro_v5_2/BistroExterior.fbx,0,0,1,1,256,1,0,0,1,1,21,0,60,1080,1920,1.0,1.0,-1.0,total,0.73249,visibility,0.23527,visutil_histogram,0.03096,visutil_prefix,0.00216,visutil_flatten,0.04215,gbuffer,0.25092,lighting,0.09951,tonemap,0.03869,,0.00000,,0.00000,,0.00000,,0.00000,,0.00000,,0.00000,,0.00000,,0.00000,,0.00000,,0.00000,,0.00000,,0.00000,,0.00000,,0.00000,,0.00000,,0.00000,,0.00000,,0.00000,,0.00000,,0.00000,,0.00000,,0.00000,,0.00000,,0.00000
20_real_random_bin_count_quick_all_scenes.json,Bistro,DonutVisGBuffer,success,22,0,0.73267,0.75898,0.79597,0.86234,100,1000.0,../../../../../scripts/standard_camera_bistro.csv,0.785,10,0.0,0.0,0.0,2,0.1,0.0,0.0,-10.0,60,0,1,1,1,1,0,1.0,1.0,16,0,1,600,1,0,60,0.5,9,assimp,../../../../../assets/scenes/unpacked/Bistro_v5_2/BistroExterior.fbx,0,1,1,1,256,1,0,0,1,1,22,0,60,1080,1920,1.0,1.0,-1.0,total,0.73267,visibility,0.23556,visutil_histogram,0.03096,visutil_prefix,0.00216,visutil_flatten,0.04213,gbuffer,0.25016,lighting,0.10010,tonemap,0.03857,,0.00000,,0.00000,,0.00000,,0.00000,,0.00000,,0.00000,,0.00000,,0.00000,,0.00000,,0.00000,,0.00000,,0.00000,,0.00000,,0.00000,,0.00000,,0.00000,,0.00000,,0.00000,,0.00000,,0.00000,,0.00000,,0.00000,,0.00000,,0.00000
20_real_random_bin_count_quick_all_scenes.json,Bistro,DonutVisGBuffer,success,23,0,0.73021,0.75773,0.79718,0.86192,100,1000.0,../../../../../scripts/standard_camera_bistro.csv,0.785,10,0.0,0.0,0.0,2,0.1,0.0,0.0,-10.0,60,0,1,1,1,1,0,1.0,1.0,16,0,1,600,1,0,60,0.5,9,assimp,../../../../../assets/scenes/unpacked/Bistro_v5_2/BistroExterior.fbx,0,2,1,1,256,1,0,0,1,1,23,0,60,1080,1920,1.0,1.0,-1.0,total,0.73021,visibility,0.23318,visutil_histogram,0.03095,visutil_prefix,0.00216,visutil_flatten,0.04216,gbuffer,0.25116,lighting,0.09929,tonemap,0.03845,,0.00000,,0.00000,,0.00000,,0.00000,,0.00000,,0.00000,,0.00000,,0.00000,,0.00000,,0.00000,,0.00000,,0.00000,,0.00000,,0.00000,,0.00000,,0.00000,,0.00000,,0.00000,,0.00000,,0.00000,,0.00000,,0.00000,,0.00000,,0.00000
20_real_random_bin_count_quick_all_scenes.json,Bistro,DonutVisGBuffer,success,24,0,0.75382,0.78058,0.82912,0.89325,100,1000.0,../../../../../scripts/standard_camera_bistro.csv,0.785,10,0.0,0.0,0.0,2,0.1,0.0,0.0,-10.0,60,0,1,1,1,1,0,1.0,1.0,64,0,1,600,1,0,60,0.5,9,assimp,../../../../../assets/scenes/unpacked/Bistro_v5_2/BistroExterior.fbx,0,0,1,1,256,1,0,0,1,1,24,0,60,1080,1920,1.0,1.0,-1.0,total,0.75382,visibility,0.23198,visutil_histogram,0.03099,visutil_prefix,0.00206,visutil_flatten,0.04210,gbuffer,0.27723,lighting,0.09831,tonemap,0.03840,,0.00000,,0.00000,,0.00000,,0.00000,,0.00000,,0.00000,,0.00000,,0.00000,,0.00000,,0.00000,,0.00000,,0.00000,,0.00000,,0.00000,,0.00000,,0.00000,,0.00000,,0.00000,,0.00000,,0.00000,,0.00000,,0.00000,,0.00000,,0.00000
20_real_random_bin_count_quick_all_scenes.json,Bistro,DonutVisGBuffer,success,25,0,0.75574,0.78189,0.82909,0.89776,100,1000.0,../../../../../scripts/standard_camera_bistro.csv,0.785,10,0.0,0.0,0.0,2,0.1,0.0,0.0,-10.0,60,0,1,1,1,1,0,1.0,1.0,64,0,1,600,1,0,60,0.5,9,assimp,../../../../../assets/scenes/unpacked/Bistro_v5_2/BistroExterior.fbx,0,1,1,1,256,1,0,0,1,1,25,0,60,1080,1920,1.0,1.0,-1.0,total,0.75574,visibility,0.23207,visutil_histogram,0.03096,visutil_prefix,0.00206,visutil_flatten,0.04206,gbuffer,0.27904,lighting,0.09850,tonemap,0.03823,,0.00000,,0.00000,,0.00000,,0.00000,,0.00000,,0.00000,,0.00000,,0.00000,,0.00000,,0.00000,,0.00000,,0.00000,,0.00000,,0.00000,,0.00000,,0.00000,,0.00000,,0.00000,,0.00000,,0.00000,,0.00000,,0.00000,,0.00000,,0.00000
20_real_random_bin_count_quick_all_scenes.json,Bistro,DonutVisGBuffer,success,26,0,0.75116,0.77773,0.82400,0.89002,100,1000.0,../../../../../scripts/standard_camera_bistro.csv,0.785,10,0.0,0.0,0.0,2,0.1,0.0,0.0,-10.0,60,0,1,1,1,1,0,1.0,1.0,64,0,1,600,1,0,60,0.5,9,assimp,../../../../../assets/scenes/unpacked/Bistro_v5_2/BistroExterior.fbx,0,2,1,1,256,1,0,0,1,1,26,0,60,1080,1920,1.0,1.0,-1.0,total,0.75116,visibility,0.23257,visutil_histogram,0.03104,visutil_prefix,0.00206,visutil_flatten,0.04218,gbuffer,0.27317,lighting,0.09915,tonemap,0.03823,,0.00000,,0.00000,,0.00000,,0.00000,,0.00000,,0.00000,,0.00000,,0.00000,,0.00000,,0.00000,,0.00000,,0.00000,,0.00000,,0.00000,,0.00000,,0.00000,,0.00000,,0.00000,,0.00000,,0.00000,,0.00000,,0.00000,,0.00000,,0.00000
20_real_random_bin_count_quick_all_scenes.json,Bistro,DonutVisGBuffer,success,27,0,0.76539,0.79824,0.85514,0.91613,100,1000.0,../../../../../scripts/standard_camera_bistro.csv,0.785,10,0.0,0.0,0.0,2,0.1,0.0,0.0,-10.0,60,0,1,1,1,1,0,1.0,1.0,255,0,1,600,1,0,60,0.5,9,assimp,../../../../../assets/scenes/unpacked/Bistro_v5_2/BistroExterior.fbx,0,0,1,1,256,1,0,0,1,1,27,0,60,1080,1920,1.0,1.0,-1.0,total,0.76539,visibility,0.22365,visutil_histogram,0.03097,visutil_prefix,0.00211,visutil_flatten,0.04209,gbuffer,0.29890,lighting,0.09785,tonemap,0.03706,,0.00000,,0.00000,,0.00000,,0.00000,,0.00000,,0.00000,,0.00000,,0.00000,,0.00000,,0.00000,,0.00000,,0.00000,,0.00000,,0.00000,,0.00000,,0.00000,,0.00000,,0.00000,,0.00000,,0.00000,,0.00000,,0.00000,,0.00000,,0.00000
20_real_random_bin_count_quick_all_scenes.json,Bistro,DonutVisGBuffer,success,28,0,0.78316,0.80746,0.86163,0.91456,100,1000.0,../../../../../scripts/standard_camera_bistro.csv,0.785,10,0.0,0.0,0.0,2,0.1,0.0,0.0,-10.0,60,0,1,1,1,1,0,1.0,1.0,255,0,1,600,1,0,60,0.5,9,assimp,../../../../../assets/scenes/unpacked/Bistro_v5_2/BistroExterior.fbx,0,1,1,1,256,1,0,0,1,1,28,0,60,1080,1920,1.0,1.0,-1.0,total,0.78316,visibility,0.23262,visutil_histogram,0.03112,visutil_prefix,0.00213,visutil_flatten,0.04211,gbuffer,0.30582,lighting,0.09809,tonemap,0.03852,,0.00000,,0.00000,,0.00000,,0.00000,,0.00000,,0.00000,,0.00000,,0.00000,,0.00000,,0.00000,,0.00000,,0.00000,,0.00000,,0.00000,,0.00000,,0.00000,,0.00000,,0.00000,,0.00000,,0.00000,,0.00000,,0.00000,,0.00000,,0.00000
20_real_random_bin_count_quick_all_scenes.json,Bistro,DonutVisGBuffer,success,29,0,0.76448,0.79562,0.85498,0.91235,100,1000.0,../../../../../scripts/standard_camera_bistro.csv,0.785,10,0.0,0.0,0.0,2,0.1,0.0,0.0,-10.0,60,0,1,1,1,1,0,1.0,1.0,255,0,1,600,1,0,60,0.5,9,assimp,../../../../../assets/scenes/unpacked/Bistro_v5_2/BistroExterior.fbx,0,2,1,1,256,1,0,0,1,1,29,0,60,1080,1920,1.0,1.0,-1.0,total,0.76448,visibility,0.22373,visutil_histogram,0.03100,visutil_prefix,0.00211,visutil_flatten,0.04211,gbuffer,0.29760,lighting,0.09830,tonemap,0.03700,,0.00000,,0.00000,,0.00000,,0.00000,,0.00000,,0.00000,,0.00000,,0.00000,,0.00000,,0.00000,,0.00000,,0.00000,,0.00000,,0.00000,,0.00000,,0.00000,,0.00000,,0.00000,,0.00000,,0.00000,,0.00000,,0.00000,,0.00000,,0.00000
20_real_random_bin_count_quick_all_scenes.json,SponzaIvy,DonutVisGBuffer,success,30,0,1.77678,1.66653,2.60528,3.46048,100,1000.0,../../../../../scripts/standard_camera.csv,0.785,10,0.0,0.0,0.0,2,0.1,0.0,0.0,-10.0,60,0,1,1,1,1,0,1.0,1.0,1,0,1,600,1,0,60,0.5,9,assimp,../../../../../assets/scenes/unpacked/main_sponza_ivy/NewSponza_Main_Ivy_glTF.gltf,0,0,1,1,256,1,0,0,1,1,30,0,60,1080,1920,1.0,1.0,-1.0,total,1.77678,visibility,0.23197,visutil_histogram,0.02835,visutil_prefix,0.00237,visutil_flatten,0.03862,gbuffer,1.30876,lighting,0.09978,tonemap,0.03807,,0.00000,,0.00000,,0.00000,,0.00000,,0.00000,,0.00000,,0.00000,,0.00000,,0.00000,,0.00000,,0.00000,,0.00000,,0.00000,,0.00000,,0.00000,,0.00000,,0.00000,,0.00000,,0.00000,,0.00000,,0.00000,,0.00000,,0.00000,,0.00000
20_real_random_bin_count_quick_all_scenes.json,SponzaIvy,DonutVisGBuffer,success,31,0,1.76056,1.67872,2.52272,2.85174,100,1000.0,../../../../../scripts/standard_camera.csv,0.785,10,0.0,0.0,0.0,2,0.1,0.0,0.0,-10.0,60,0,1,1,1,1,0,1.0,1.0,1,0,1,600,1,0,60,0.5,9,assimp,../../../../../assets/scenes/unpacked/main_sponza_ivy/NewSponza_Main_Ivy_glTF.gltf,0,1,1,1,256,1,0,0,1,1,31,0,60,1080,1920,1.0,1.0,-1.0,total,1.76056,visibility,0.22746,visutil_histogram,0.02829,visutil_prefix,0.00237,visutil_flatten,0.03856,gbuffer,1.30032,lighting,0.09703,tonemap,0.03769,,0.00000,,0.00000,,0.00000,,0.00000,,0.00000,,0.00000,,0.00000,,0.00000,,0.00000,,0.00000,,0.00000,,0.00000,,0.00000,,0.00000,,0.00000,,0.00000,,0.00000,,0.00000,,0.00000,,0.00000,,0.00000,,0.00000,,0.00000,,0.00000
20_real_random_bin_count_quick_all_scenes.json,SponzaIvy,DonutVisGBuffer,success,32,0,1.76250,1.68109,2.51034,2.86138,100,1000.0,../../../../../scripts/standard_camera.csv,0.785,10,0.0,0.0,0.0,2,0.1,0.0,0.0,-10.0,60,0,1,1,1,1,0,1.0,1.0,1,0,1,600,1,0,60,0.5,9,assimp,../../../../../assets/scenes/unpacked/main_sponza_ivy/NewSponza_Main_Ivy_glTF.gltf,0,2,1,1,256,1,0,0,1,1,32,0,60,1080,1920,1.0,1.0,-1.0,total,1.76250,visibility,0.22734,visutil_histogram,0.02821,visutil_prefix,0.00263,visutil_flatten,0.03861,gbuffer,1.30137,lighting,0.09783,tonemap,0.03770,,0.00000,,0.00000,,0.00000,,0.00000,,0.00000,,0.00000,,0.00000,,0.00000,,0.00000,,0.00000,,0.00000,,0.00000,,0.00000,,0.00000,,0.00000,,0.00000,,0.00000,,0.00000,,0.00000,,0.00000,,0.00000,,0.00000,,0.00000,,0.00000
20_real_random_bin_count_quick_all_scenes.json,SponzaIvy,DonutVisGBuffer,success,33,0,1.50490,1.42477,1.99341,2.22880,100,1000.0,../../../../../scripts/standard_camera.csv,0.785,10,0.0,0.0,0.0,2,0.1,0.0,0.0,-10.0,60,0,1,1,1,1,0,1.0,1.0,4,0,1,600,1,0,60,0.5,9,assimp,../../../../../assets/scenes/unpacked/main_sponza_ivy/NewSponza_Main_Ivy_glTF.gltf,0,0,1,1,256,1,0,0,1,1,33,0,60,1080,1920,1.0,1.0,-1.0,total,1.50490,visibility,0.22484,visutil_histogram,0.02867,visutil_prefix,0.00227,visutil_flatten,0.03955,gbuffer,1.04358,lighting,0.09790,tonemap,0.03790,,0.00000,,0.00000,,0.00000,,0.00000,,0.00000,,0.00000,,0.00000,,0.00000,,0.00000,,0.00000,,0.00000,,0.00000,,0.00000,,0.00000,,0.00000,,0.00000,,0.00000,,0.00000,,0.00000,,0.00000,,0.00000,,0.00000,,0.00000,,0.00000
20_real_random_bin_count_quick_all_scenes.json,SponzaIvy,DonutVisGBuffer,success,34,0,1.51536,1.42458,2.01011,2.21818,100,1000.0,../../../../../scripts/standard_camera.csv,0.785,10,0.0,0.0,0.0,2,0.1,0.0,0.0,-10.0,60,0,1,1,1,1,0,1.0,1.0,4,0,1,600,1,0,60,0.5,9,assimp,../../../../../assets/scenes/unpacked/main_sponza_ivy/NewSponza_Main_Ivy_glTF.gltf,0,1,1,1,256,1,0,0,1,1,34,0,60,1080,1920,1.0,1.0,-1.0,total,1.51536,visibility,0.22497,visutil_histogram,0.02873,visutil_prefix,0.00229,visutil_flatten,0.03967,gbuffer,1.05426,lighting,0.09756,tonemap,0.03775,,0.00000,,0.00000,,0.00000,,0.00000,,0.00000,,0.00000,,0.00000,,0.00000,,0.00000,,0.00000,,0.00000,,0.00000,,0.00000,,0.00000,,0.00000,,0.00000,,0.00000,,0.00000,,0.00000,,0.00000,,0.00000,,0.00000,,0.00000,,0.00000
20_real_random_bin_count_quick_all_scenes.json,SponzaIvy,DonutVisGBuffer,success,35,0,1.46852,1.38157,1.93504,2.17402,100,1000.0,../../../../../scripts/standard_camera.csv,0.785,10,0.0,0.0,0.0,2,0.1,0.0,0.0,-10.0,60,0,1,1,1,1,0,1.0,1.0,4,0,1,600,1,0,60,0.5,9,assimp,../../../../../assets/scenes/unpacked/main_sponza_ivy/NewSponza_Main_Ivy_glTF.gltf,0,2,1,1,256,1,0,0,1,1,35,0,60,1080,1920,1.0,1.0,-1.0,total,1.46852,visibility,0.22399,visutil_histogram,0.02870,visutil_prefix,0.00223,visutil_flatten,0.03961,gbuffer,1.00747,lighting,0.09795,tonemap,0.03780,,0.00000,,0.00000,,0.00000,,0.00000,,0.00000,,0.00000,,0.00000,,0.00000,,0.00000,,0.00000,,0.00000,,0.00000,,0.00000,,0.00000,,0.00000,,0.00000,,0.00000,,0.00000,,0.00000,,0.00000,,0.00000,,0.00000,,0.00000,,0.00000
20_real_random_bin_count_quick_all_scenes.json,SponzaIvy,DonutVisGBuffer,success,36,0,1.42586,1.36074,1.82579,2.06784,100,1000.0,../../../../../scripts/standard_camera.csv,0.785,10,0.0,0.0,0.0,2,0.1,0.0,0.0,-10.0,60,0,1,1,1,1,0,1.0,1.0,16,0,1,600,1,0,60,0.5,9,assimp,../../../../../assets/scenes/unpacked/main_sponza_ivy/NewSponza_Main_Ivy_glTF.gltf,0,0,1,1,256,1,0,0,1,1,36,0,60,1080,1920,1.0,1.0,-1.0,total,1.42586,visibility,0.22391,visutil_histogram,0.02879,visutil_prefix,0.00226,visutil_flatten,0.03975,gbuffer,0.96504,lighting,0.09683,tonemap,0.03791,,0.00000,,0.00000,,0.00000,,0.00000,,0.00000,,0.00000,,0.00000,,0.00000,,0.00000,,0.00000,,0.00000,,0.00000,,0.00000,,0.00000,,0.00000,,0.00000,,0.00000,,0.00000,,0.00000,,0.00000,,0.00000,,0.00000,,0.00000,,0.00000
20_real_random_bin_count_quick_all_scenes.json,SponzaIvy,DonutVisGBuffer,success,37,0,1.44807,1.39232,1.84339,2.09418,100,1000.0,../../../../../scripts/standard_camera.csv,0.785,10,0.0,0.0,0.0,2,0.1,0.0,0.0,-10.0,60,0,1,1,1,1,0,1.0,1.0,16,0,1,600,1,0,60,0.5,9,assimp,../../../../../assets/scenes/unpacked/main_sponza_ivy/NewSponza_Main_Ivy_glTF.gltf,0,1,1,1,256,1,0,0,1,1,37,0,60,1080,1920,1.0,1.0,-1.0,total,1.44807,visibility,0.22385,visutil_histogram,0.02876,visutil_prefix,0.00228,visutil_flatten,0.03974,gbuffer,0.98729,lighting,0.09724,tonemap,0.03789,,0.00000,,0.00000,,0.00000,,0.00000,,0.00000,,0.00000,,0.00000,,0.00000,,0.00000,,0.00000,,0.00000,,0.00000,,0.00000,,0.00000,,0.00000,,0.00000,,0.00000,,0.00000,,0.00000,,0.00000,,0.00000,,0.00000,,0.00000,,0.00000
20_real_random_bin_count_quick_all_scenes.json,SponzaIvy,DonutVisGBuffer,success,38,0,1.48556,1.37597,2.01258,2.53686,100,1000.0,../../../../../scripts/standard_camera.csv,0.785,10,0.0,0.0,0.0,2,0.1,0.0,0.0,-10.0,60,0,1,1,1,1,0,1.0,1.0,16,0,1,600,1,0,60,0.5,9,assimp,../../../../../assets/scenes/unpacked/main_sponza_ivy/NewSponza_Main_Ivy_glTF.gltf,0,2,1,1,256,1,0,0,1,1,38,0,60,1080,1920,1.0,1.0,-1.0,total,1.48556,visibility,0.23613,visutil_histogram,0.02893,visutil_prefix,0.00229,visutil_flatten,0.03975,gbuffer,1.01094,lighting,0.09805,tonemap,0.03867,,0.00000,,0.00000,,0.00000,,0.00000,,0.00000,,0.00000,,0.00000,,0.00000,,0.00000,,0.00000,,0.00000,,0.00000,,0.00000,,0.00000,,0.00000,,0.00000,,0.00000,,0.00000,,0.00000,,0.00000,,0.00000,,0.00000,,0.00000,,0.00000
20_real_random_bin_count_quick_all_scenes.json,SponzaIvy,DonutVisGBuffer,success,39,0,1.45124,1.42016,1.83434,2.05914,100,1000.0,../../../../../scripts/standard_camera.csv,0.785,10,0.0,0.0,0.0,2,0.1,0.0,0.0,-10.0,60,0,1,1,1,1,0,1.0,1.0,64,0,1,600,1,0,60,0.5,9,assimp,../../../../../assets/scenes/unpacked/main_sponza_ivy/NewSponza_Main_Ivy_glTF.gltf,0,0,1,1,256,1,0,0,1,1,39,0,60,1080,1920,1.0,1.0,-1.0,total,1.45124,visibility,0.22422,visutil_histogram,0.02876,visutil_prefix,0.00229,visutil_flatten,0.03971,gbuffer,0.99035,lighting,0.09744,tonemap,0.03787,,0.00000,,0.00000,,0.00000,,0.00000,,0.00000,,0.00000,,0.00000,,0.00000,,0.00000,,0.00000,,0.00000,,0.00000,,0.00000,,0.00000,,0.00000,,0.00000,,0.00000,,0.00000,,0.00000,,0.00000,,0.00000,,0.00000,,0.00000,,0.00000
20_real_random_bin_count_quick_all_scenes.json,SponzaIvy,DonutVisGBuffer,success,40,0,1.46554,1.35514,1.95104,2.51763,100,1000.0,../../../../../scripts/standard_camera.csv,0.785,10,0.0,0.0,0.0,2,0.1,0.0,0.0,-10.0,60,0,1,1,1,1,0,1.0,1.0,64,0,1,600,1,0,60,0.5,9,assimp,../../../../../assets/scenes/unpacked/main_sponza_ivy/NewSponza_Main_Ivy_glTF.gltf,0,1,1,1,256,1,0,0,1,1,40,0,60,1080,1920,1.0,1.0,-1.0,total,1.46554,visibility,0.23331,visutil_histogram,0.02894,visutil_prefix,0.00223,visutil_flatten,0.03987,gbuffer,0.99345,lighting,0.09894,tonemap,0.03852,,0.00000,,0.00000,,0.00000,,0.00000,,0.00000,,0.00000,,0.00000,,0.00000,,0.00000,,0.00000,,0.00000,,0.00000,,0.00000,,0.00000,,0.00000,,0.00000,,0.00000,,0.00000,,0.00000,,0.00000,,0.00000,,0.00000,,0.00000,,0.00000
20_real_random_bin_count_quick_all_scenes.json,SponzaIvy,DonutVisGBuffer,success,41,0,1.44857,1.38870,1.84195,2.06026,100,1000.0,../../../../../scripts/standard_camera.csv,0.785,10,0.0,0.0,0.0,2,0.1,0.0,0.0,-10.0,60,0,1,1,1,1,0,1.0,1.0,64,0,1,600,1,0,60,0.5,9,assimp,../../../../../assets/scenes/unpacked/main_sponza_ivy/NewSponza_Main_Ivy_glTF.gltf,0,2,1,1,256,1,0,0,1,1,41,0,60,1080,1920,1.0,1.0,-1.0,total,1.44857,visibility,0.22417,visutil_histogram,0.02879,visutil_prefix,0.00226,visutil_flatten,0.03982,gbuffer,0.98696,lighting,0.09741,tonemap,0.03811,,0.00000,,0.00000,,0.00000,,0.00000,,0.00000,,0.00000,,0.00000,,0.00000,,0.00000,,0.00000,,0.00000,,0.00000,,0.00000,,0.00000,,0.00000,,0.00000,,0.00000,,0.00000,,0.00000,,0.00000,,0.00000,,0.00000,,0.00000,,0.00000
20_real_random_bin_count_quick_all_scenes.json,SponzaIvy,DonutVisGBuffer,success,42,0,1.48003,1.42925,1.89990,2.40365,100,1000.0,../../../../../scripts/standard_camera.csv,0.785,10,0.0,0.0,0.0,2,0.1,0.0,0.0,-10.0,60,0,1,1,1,1,0,1.0,1.0,255,0,1,600,1,0,60,0.5,9,assimp,../../../../../assets/scenes/unpacked/main_sponza_ivy/NewSponza_Main_Ivy_glTF.gltf,0,0,1,1,256,1,0,0,1,1,42,0,60,1080,1920,1.0,1.0,-1.0,total,1.48003,visibility,0.23118,visutil_histogram,0.02886,visutil_prefix,0.00273,visutil_flatten,0.03990,gbuffer,1.01003,lighting,0.09821,tonemap,0.03841,,0.00000,,0.00000,,0.00000,,0.00000,,0.00000,,0.00000,,0.00000,,0.00000,,0.00000,,0.00000,,0.00000,,0.00000,,0.00000,,0.00000,,0.00000,,0.00000,,0.00000,,0.00000,,0.00000,,0.00000,,0.00000,,0.00000,,0.00000,,0.00000
20_real_random_bin_count_quick_all_scenes.json,SponzaIvy,DonutVisGBuffer,success,43,0,1.43336,1.36256,1.83789,2.06227,100,1000.0,../../../../../scripts/standard_camera.csv,0.785,10,0.0,0.0,0.0,2,0.1,0.0,0.0,-10.0,60,0,1,1,1,1,0,1.0,1.0,255,0,1,600,1,0,60,0.5,9,assimp,../../../../../assets/scenes/unpacked/main_sponza_ivy/NewSponza_Main_Ivy_glTF.gltf,0,1,1,1,256,1,0,0,1,1,43,0,60,1080,1920,1.0,1.0,-1.0,total,1.43336,visibility,0.22388,visutil_histogram,0.02882,visutil_prefix,0.00226,visutil_flatten,0.03990,gbuffer,0.97166,lighting,0.09753,tonemap,0.03788,,0.00000,,0.00000,,0.00000,,0.00000,,0.00000,,0.00000,,0.00000,,0.00000,,0.00000,,0.00000,,0.00000,,0.00000,,0.00000,,0.00000,,0.00000,,0.00000,,0.00000,,0.00000,,0.00000,,0.00000,,0.00000,,0.00000,,0.00000,,0.00000
20_real_random_bin_count_quick_all_scenes.json,SponzaIvy,DonutVisGBuffer,success,44,0,1.44654,1.39331,1.83712,2.04982,100,1000.0,../../../../../scripts/standard_camera.csv,0.785,10,0.0,0.0,0.0,2,0.1,0.0,0.0,-10.0,60,0,1,1,1,1,0,1.0,1.0,255,0,1,600,1,0,60,0.5,9,assimp,../../../../../assets/scenes/unpacked/main_sponza_ivy/NewSponza_Main_Ivy_glTF.gltf,0,2,1,1,256,1,0,0,1,1,44,0,60,1080,1920,1.0,1.0,-1.0,total,1.44654,visibility,0.22178,visutil_histogram,0.02881,visutil_prefix,0.00227,visutil_flatten,0.03982,gbuffer,0.98790,lighting,0.09696,tonemap,0.03808,,0.00000,,0.00000,,0.00000,,0.00000,,0.00000,,0.00000,,0.00000,,0.00000,,0.00000,,0.00000,,0.00000,,0.00000,,0.00000,,0.00000,,0.00000,,0.00000,,0.00000,,0.00000,,0.00000,,0.00000,,0.00000,,0.00000,,0.00000,,0.00000
21_real_random_diversity_quick_all_scenes.json,Sponza,DonutVisGBuffer,success,0,0,1.63919,1.58474,2.33830,2.75453,100,1000.0,../../../../../scripts/standard_camera.csv,0.785,10,0.0,0.0,0.0,2,0.1,0.0,0.0,-10.0,60,0,1,1,1,1,0,0.0,1.0,64,0,1,600,1,0,60,0.5,9,assimp,../../../../../assets/scenes/unpacked/main_sponza/NewSponza_Main_glTF_003.gltf,0,0,1,1,256,1,0,0,1,1,0,0,60,1080,1920,1.0,1.0,-1.0,total,1.63919,visibility,0.11980,visutil_histogram,0.02776,visutil_prefix,0.00232,visutil_flatten,0.03862,gbuffer,1.28555,lighting,0.09764,tonemap,0.03766,,0.00000,,0.00000,,0.00000,,0.00000,,0.00000,,0.00000,,0.00000,,0.00000,,0.00000,,0.00000,,0.00000,,0.00000,,0.00000,,0.00000,,0.00000,,0.00000,,0.00000,,0.00000,,0.00000,,0.00000,,0.00000,,0.00000,,0.00000,,0.00000
21_real_random_diversity_quick_all_scenes.json,Sponza,DonutVisGBuffer,success,1,0,1.65222,1.60378,2.35251,2.77030,100,1000.0,../../../../../scripts/standard_camera.csv,0.785,10,0.0,0.0,0.0,2,0.1,0.0,0.0,-10.0,60,0,1,1,1,1,0,0.0,1.0,64,0,1,600,1,0,60,0.5,9,assimp,../../../../../assets/scenes/unpacked/main_sponza/NewSponza_Main_glTF_003.gltf,0,1,1,1,256,1,0,0,1,1,1,0,60,1080,1920,1.0,1.0,-1.0,total,1.65222,visibility,0.12007,visutil_histogram,0.02771,visutil_prefix,0.00256,visutil_flatten,0.03869,gbuffer,1.29835,lighting,0.09767,tonemap,0.03766,,0.00000,,0.00000,,0.00000,,0.00000,,0.00000,,0.00000,,0.00000,,0.00000,,0.00000,,0.00000,,0.00000,,0.00000,,0.00000,,0.00000,,0.00000,,0.00000,,0.00000,,0.00000,,0.00000,,0.00000,,0.00000,,0.00000,,0.00000,,0.00000
21_real_random_diversity_quick_all_scenes.json,Sponza,DonutVisGBuffer,success,2,0,1.66879,1.60490,2.38669,2.82899,100,1000.0,../../../../../scripts/standard_camera.csv,0.785,10,0.0,0.0,0.0,2,0.1,0.0,0.0,-10.0,60,0,1,1,1,1,0,0.0,1.0,64,0,1,600,1,0,60,0.5,9,assimp,../../../../../assets/scenes/unpacked/main_sponza/NewSponza_Main_glTF_003.gltf,0,2,1,1,256,1,0,0,1,1,2,0,60,1080,1920,1.0,1.0,-1.0,total,1.66879,visibility,0.12135,visutil_histogram,0.02774,visutil_prefix,0.00236,visutil_flatten,0.03861,gbuffer,1.31337,lighting,0.09835,tonemap,0.03780,,0.00000,,0.00000,,0.00000,,0.00000,,0.00000,,0.00000,,0.00000,,0.00000,,0.00000,,0.00000,,0.00000,,0.00000,,0.00000,,0.00000,,0.00000,,0.00000,,0.00000,,0.00000,,0.00000,,0.00000,,0.00000,,0.00000,,0.00000,,0.00000
21_real_random_diversity_quick_all_scenes.json,Sponza,DonutVisGBuffer,success,3,0,1.45943,1.41270,1.98250,2.35398,100,1000.0,../../../../../scripts/standard_camera.csv,0.785,10,0.0,0.0,0.0,2,0.1,0.0,0.0,-10.0,60,0,1,1,1,1,0,0.25,1.0,64,0,1,600,1,0,60,0.5,9,assimp,../../../../../assets/scenes/unpacked/main_sponza/NewSponza_Main_glTF_003.gltf,0,0,1,1,256,1,0,0,1,1,3,0,60,1080,1920,1.0,1.0,-1.0,total,1.45943,visibility,0.12331,visutil_histogram,0.02822,visutil_prefix,0.00246,visutil_flatten,0.03973,gbuffer,1.09768,lighting,0.09836,tonemap,0.03887,,0.00000,,0.00000,,0.00000,,0.00000,,0.00000,,0.00000,,0.00000,,0.00000,,0.00000,,0.00000,,0.00000,,0.00000,,0.00000,,0.00000,,0.00000,,0.00000,,0.00000,,0.00000,,0.00000,,0.00000,,0.00000,,0.00000,,0.00000,,0.00000
21_real_random_diversity_quick_all_scenes.json,Sponza,DonutVisGBuffer,success,4,0,1.66483,1.58544,2.37670,2.76128,100,1000.0,../../../../../scripts/standard_camera.csv,0.785,10,0.0,0.0,0.0,2,0.1,0.0,0.0,-10.0,60,0,1,1,1,1,0,0.25,1.0,64,0,1,600,1,0,60,0.5,9,assimp,../../../../../assets/scenes/unpacked/main_sponza/NewSponza_Main_glTF_003.gltf,0,1,1,1,256,1,0,0,1,1,4,0,60,1080,1920,1.0,1.0,-1.0,total,1.66483,visibility,0.12643,visutil_histogram,0.02815,visutil_prefix,0.00250,visutil_flatten,0.03948,gbuffer,1.29937,lighting,0.10005,tonemap,0.03925,,0.00000,,0.00000,,0.00000,,0.00000,,0.00000,,0.00000,,0.00000,,0.00000,,0.00000,,0.00000,,0.00000,,0.00000,,0.00000,,0.00000,,0.00000,,0.00000,,0.00000,,0.00000,,0.00000,,0.00000,,0.00000,,0.00000,,0.00000,,0.00000
21_real_random_diversity_quick_all_scenes.json,Sponza,DonutVisGBuffer,success,5,0,1.60422,1.56528,2.29424,2.79840,100,1000.0,../../../../../scripts/standard_camera.csv,0.785,10,0.0,0.0,0.0,2,0.1,0.0,0.0,-10.0,60,0,1,1,1,1,0,0.25,1.0,64,0,1,600,1,0,60,0.5,9,assimp,../../../../../assets/scenes/unpacked/main_sponza/NewSponza_Main_glTF_003.gltf,0,2,1,1,256,1,0,0,1,1,5,0,60,1080,1920,1.0,1.0,-1.0,total,1.60422,visibility,0.11897,visutil_histogram,0.02796,visutil_prefix,0.00229,visutil_flatten,0.03927,gbuffer,1.25024,lighting,0.09708,tonemap,0.03784,,0.00000,,0.00000,,0.00000,,0.00000,,0.00000,,0.00000,,0.00000,,0.00000,,0.00000,,0.00000,,0.00000,,0.00000,,0.00000,,0.00000,,0.00000,,0.00000,,0.00000,,0.00000,,0.00000,,0.00000,,0.00000,,0.00000,,0.00000,,0.00000
21_real_random_diversity_quick_all_scenes.json,Sponza,DonutVisGBuffer,success,6,0,1.36502,1.34934,1.72515,2.03261,100,1000.0,../../../../../scripts/standard_camera.csv,0.785,10,0.0,0.0,0.0,2,0.1,0.0,0.0,-10.0,60,0,1,1,1,1,0,0.5,1.0,64,0,1,600,1,0,60,0.5,9,assimp,../../../../../assets/scenes/unpacked/main_sponza/NewSponza_Main_glTF_003.gltf,0,0,1,1,256,1,0,0,1,1,6,0,60,1080,1920,1.0,1.0,-1.0,total,1.36502,visibility,0.11694,visutil_histogram,0.02822,visutil_prefix,0.00221,visutil_flatten,0.03976,gbuffer,1.01091,lighting,0.09779,tonemap,0.03794,,0.00000,,0.00000,,0.00000,,0.00000,,0.00000,,0.00000,,0.00000,,0.00000,,0.00000,,0.00000,,0.00000,,0.00000,,0.00000,,0.00000,,0.00000,,0.00000,,0.00000,,0.00000,,0.00000,,0.00000,,0.00000,,0.00000,,0.00000,,0.00000
21_real_random_diversity_quick_all_scenes.json,Sponza,DonutVisGBuffer,success,7,0,1.34004,1.33171,1.65363,1.98118,100,1000.0,../../../../../scripts/standard_camera.csv,0.785,10,0.0,0.0,0.0,2,0.1,0.0,0.0,-10.0,60,0,1,1,1,1,0,0.5,1.0,64,0,1,600,1,0,60,0.5,9,assimp,../../../../../assets/scenes/unpacked/main_sponza/NewSponza_Main_glTF_003.gltf,0,1,1,1,256,1,0,0,1,1,7,0,60,1080,1920,1.0,1.0,-1.0,total,1.34004,visibility,0.11677,visutil_histogram,0.02825,visutil_prefix,0.00217,visutil_flatten,0.04004,gbuffer,0.98599,lighting,0.09749,tonemap,0.03807,,0.00000,,0.00000,,0.00000,,0.00000,,0.00000,,0.00000,,0.00000,,0.00000,,0.00000,,0.00000,,0.00000,,0.00000,,0.00000,,0.00000,,0.00000,,0.00000,,0.00000,,0.00000,,0.00000,,0.00000,,0.00000,,0.00000,,0.00000,,0.00000
21_real_random_diversity_quick_all_scenes.json,Sponza,DonutVisGBuffer,success,8,0,1.54793,1.51936,2.17046,2.59680,100,1000.0,../../../../../scripts/standard_camera.csv,0.785,10,0.0,0.0,0.0,2,0.1,0.0,0.0,-10.0,60,0,1,1,1,1,0,0.5,1.0,64,0,1,600,1,0,60,0.5,9,assimp,../../../../../assets/scenes/unpacked/main_sponza/NewSponza_Main_glTF_003.gltf,0,2,1,1,256,1,0,0,1,1,8,0,60,1080,1920,1.0,1.0,-1.0,total,1.54793,visibility,0.11861,visutil_histogram,0.02802,visutil_prefix,0.00229,visutil_flatten,0.03939,gbuffer,1.19443,lighting,0.09663,tonemap,0.03792,,0.00000,,0.00000,,0.00000,,0.00000,,0.00000,,0.00000,,0.00000,,0.00000,,0.00000,,0.00000,,0.00000,,0.00000,,0.00000,,0.00000,,0.00000,,0.00000,,0.00000,,0.00000,,0.00000,,0.00000,,0.00000,,0.00000,,0.00000,,0.00000
21_real_random_diversity_quick_all_scenes.json,Sponza,DonutVisGBuffer,success,9,0,1.32424,1.32234,1.63693,1.84182,100,1000.0,../../../../../scripts/standard_camera.csv,0.785,10,0.0,0.0,0.0,2,0.1,0.0,0.0,-10.0,60,0,1,1,1,1,0,0.75,1.0,64,0,1,600,1,0,60,0.5,9,assimp,../../../../../assets/scenes/unpacked/main_sponza/NewSponza_Main_glTF_003.gltf,0,0,1,1,256,1,0,0,1,1,9,0,60,1080,1920,1.0,1.0,-1.0,total,1.32424,visibility,0.11660,visutil_histogram,0.02830,visutil_prefix,0.00219,visutil_flatten,0.03994,gbuffer,0.97038,lighting,0.09783,tonemap,0.03805,,0.00000,,0.00000,,0.00000,,0.00000,,0.00000,,0.00000,,0.00000,,0.00000,,0.00000,,0.00000,,0.00000,,0.00000,,0.00000,,0.00000,,0.00000,,0.00000,,0.00000,,0.00000,,0.00000,,0.00000,,0.00000,,0.00000,,0.00000,,0.00000
21_real_random_diversity_quick_all_scenes.json,Sponza,DonutVisGBuffer,success,10,0,1.36691,1.33696,1.69514,2.03606,100,1000.0,../../../../../scripts/standard_camera.csv,0.785,10,0.0,0.0,0.0,2,0.1,0.0,0.0,-10.0,60,0,1,1,1,1,0,0.75,1.0,64,0,1,600,1,0,60,0.5,9,assimp,../../../../../assets/scenes/unpacked/main_sponza/NewSponza_Main_glTF_003.gltf,0,1,1,1,256,1,0,0,1,1,10,0,60,1080,1920,1.0,1.0,-1.0,total,1.36691,visibility,0.12396,visutil_histogram,0.02839,visutil_prefix,0.00242,visutil_flatten,0.04008,gbuffer,1.00229,lighting,0.09949,tonemap,0.03918,,0.00000,,0.00000,,0.00000,,0.00000,,0.00000,,0.00000,,0.00000,,0.00000,,0.00000,,0.00000,,0.00000,,0.00000,,0.00000,,0.00000,,0.00000,,0.00000,,0.00000,,0.00000,,0.00000,,0.00000,,0.00000,,0.00000,,0.00000,,0.00000
21_real_random_diversity_quick_all_scenes.json,Sponza,DonutVisGBuffer,success,11,0,1.37655,1.34867,1.75171,2.05114,100,1000.0,../../../../../scripts/standard_camera.csv,0.785,10,0.0,0.0,0.0,2,0.1,0.0,0.0,-10.0,60,0,1,1,1,1,0,0.75,1.0,64,0,1,600,1,0,60,0.5,9,assimp,../../../../../assets/scenes/unpacked/main_sponza/NewSponza_Main_glTF_003.gltf,0,2,1,1,256,1,0,0,1,1,11,0,60,1080,1920,1.0,1.0,-1.0,total,1.37655,visibility,0.12187,visutil_histogram,0.02834,visutil_prefix,0.00222,visutil_flatten,0.03984,gbuffer,1.01549,lighting,0.09856,tonemap,0.03894,,0.00000,,0.00000,,0.00000,,0.00000,,0.00000,,0.00000,,0.00000,,0.00000,,0.00000,,0.00000,,0.00000,,0.00000,,0.00000,,0.00000,,0.00000,,0.00000,,0.00000,,0.00000,,0.00000,,0.00000,,0.00000,,0.00000,,0.00000,,0.00000
21_real_random_diversity_quick_all_scenes.json,Sponza,DonutVisGBuffer,success,12,0,1.35955,1.33898,1.68461,1.98003,100,1000.0,../../../../../scripts/standard_camera.csv,0.785,10,0.0,0.0,0.0,2,0.1,0.0,0.0,-10.0,60,0,1,1,1,1,0,1.0,1.0,64,0,1,600,1,0,60,0.5,9,assimp,../../../../../assets/scenes/unpacked/main_sponza/NewSponza_Main_glTF_003.gltf,0,0,1,1,256,1,0,0,1,1,12,0,60,1080,1920,1.0,1.0,-1.0,total,1.35955,visibility,0.12251,visutil_histogram,0.02840,visutil_prefix,0.00218,visutil_flatten,0.04007,gbuffer,0.99599,lighting,0.09936,tonemap,0.03920,,0.00000,,0.00000,,0.00000,,0.00000,,0.00000,,0.00000,,0.00000,,0.00000,,0.00000,,0.00000,,0.00000,,0.00000,,0.00000,,0.00000,,0.00000,,0.00000,,0.00000,,0.00000,,0.00000,,0.00000,,0.00000,,0.00000,,0.00000,,0.00000
21_real_random_diversity_quick_all_scenes.json,Sponza,DonutVisGBuffer,success,13,0,1.37736,1.34579,1.73581,2.18390,100,1000.0,../../../../../scripts/standard_camera.csv,0.785,10,0.0,0.0,0.0,2,0.1,0.0,0.0,-10.0,60,0,1,1,1,1,0,1.0,1.0,64,0,1,600,1,0,60,0.5,9,assimp,../../../../../assets/scenes/unpacked/main_sponza/NewSponza_Main_glTF_003.gltf,0,1,1,1,256,1,0,0,1,1,13,0,60,1080,1920,1.0,1.0,-1.0,total,1.37736,visibility,0.12564,visutil_histogram,0.02847,visutil_prefix,0.00228,visutil_flatten,0.03991,gbuffer,1.01022,lighting,0.09987,tonemap,0.03955,,0.00000,,0.00000,,0.00000,,0.00000,,0.00000,,0.00000,,0.00000,,0.00000,,0.00000,,0.00000,,0.00000,,0.00000,,0.00000,,0.00000,,0.00000,,0.00000,,0.00000,,0.00000,,0.00000,,0.00000,,0.00000,,0.00000,,0.00000,,0.00000
21_real_random_diversity_quick_all_scenes.json,Sponza,DonutVisGBuffer,success,14,0,1.36216,1.33626,1.70659,2.10288,100,1000.0,../../../../../scripts/standard_camera.csv,0.785,10,0.0,0.0,0.0,2,0.1,0.0,0.0,-10.0,60,0,1,1,1,1,0,1.0,1.0,64,0,1,600,1,0,60,0.5,9,assimp,../../../../../assets/scenes/unpacked/main_sponza/NewSponza_Main_glTF_003.gltf,0,2,1,1,256,1,0,0,1,1,14,0,60,1080,1920,1.0,1.0,-1.0,total,1.36216,visibility,0.12386,visutil_histogram,0.02845,visutil_prefix,0.00222,visutil_flatten,0.03998,gbuffer,0.99673,lighting,0.10031,tonemap,0.03923,,0.00000,,0.00000,,0.00000,,0.00000,,0.00000,,0.00000,,0.00000,,0.00000,,0.00000,,0.00000,,0.00000,,0.00000,,0.00000,,0.00000,,0.00000,,0.00000,,0.00000,,0.00000,,0.00000,,0.00000,,0.00000,,0.00000,,0.00000,,0.00000
21_real_random_diversity_quick_all_scenes.json,Bistro,DonutVisGBuffer,success,15,0,0.72570,0.74835,0.77808,0.83667,100,1000.0,../../../../../scripts/standard_camera_bistro.csv,0.785,10,0.0,0.0,0.0,2,0.1,0.0,0.0,-10.0,60,0,1,1,1,1,0,0.0,1.0,64,0,1,600,1,0,60,0.5,9,assimp,../../../../../assets/scenes/unpacked/Bistro_v5_2/BistroExterior.fbx,0,0,1,1,256,1,0,0,1,1,15,0,60,1080,1920,1.0,1.0,-1.0,total,0.72570,visibility,0.23973,visutil_histogram,0.02972,visutil_prefix,0.00206,visutil_flatten,0.03979,gbuffer,0.23885,lighting,0.10407,tonemap,0.03850,,0.00000,,0.00000,,0.00000,,0.00000,,0.00000,,0.00000,,0.00000,,0.00000,,0.00000,,0.00000,,0.00000,,0.00000,,0.00000,,0.00000,,0.00000,,0.00000,,0.00000,,0.00000,,0.00000,,0.00000,,0.00000,,0.00000,,0.00000,,0.00000
21_real_random_diversity_quick_all_scenes.json,Bistro,DonutVisGBuffer,success,16,0,0.71479,0.74714,0.77795,0.83597,100,1000.0,../../../../../scripts/standard_camera_bistro.csv,0.785,10,0.0,0.0,0.0,2,0.1,0.0,0.0,-10.0,60,0,1,1,1,1,0,0.0,1.0,64,0,1,600,1,0,60,0.5,9,assimp,../../../../../assets/scenes/unpacked/Bistro_v5_2/BistroExterior.fbx,0,1,1,1,256,1,0,0,1,1,16,0,60,1080,1920,1.0,1.0,-1.0,total,0.71479,visibility,0.23348,visutil_histogram,0.02957,visutil_prefix,0.00206,visutil_flatten,0.03992,gbuffer,0.23590,lighting,0.10323,tonemap,0.03762,,0.00000,,0.00000,,0.00000,,0.00000,,0.00000,,0.00000,,0.00000,,0.00000,,0.00000,,0.00000,,0.00000,,0.00000,,0.00000,,0.00000,,0.00000,,0.00000,,0.00000,,0.00000,,0.00000,,0.00000,,0.00000,,0.00000,,0.00000,,0.00000
21_real_random_diversity_quick_all_scenes.json,Bistro,DonutVisGBuffer,success,17,0,0.74350,0.75043,0.79197,1.10195,100,1000.0,../../../../../scripts/standard_camera_bistro.csv,0.785,10,0.0,0.0,0.0,2,0.1,0.0,0.0,-10.0,60,0,1,1,1,1,0,0.0,1.0,64,0,1,600,1,0,60,0.5,9,assimp,../../../../../assets/scenes/unpacked/Bistro_v5_2/BistroExterior.fbx,0,2,1,1,256,1,0,0,1,1,17,0,60,1080,1920,1.0,1.0,-1.0,total,0.74350,visibility,0.24661,visutil_histogram,0.02989,visutil_prefix,0.00207,visutil_flatten,0.03970,gbuffer,0.24491,lighting,0.10722,tonemap,0.03998,,0.00000,,0.00000,,0.00000,,0.00000,,0.00000,,0.00000,,0.00000,,0.00000,,0.00000,,0.00000,,0.00000,,0.00000,,0.00000,,0.00000,,0.00000,,0.00000,,0.00000,,0.00000,,0.00000,,0.00000,,0.00000,,0.00000,,0.00000,,0.00000
21_real_random_diversity_quick_all_scenes.json,Bistro,DonutVisGBuffer,success,18,0,0.77400,0.77510,0.83386,1.13283,100,1000.0,../../../../../scripts/standard_camera_bistro.csv,0.785,10,0.0,0.0,0.0,2,0.1,0.0,0.0,-10.0,60,0,1,1,1,1,0,0.25,1.0,64,0,1,600,1,0,60,0.5,9,assimp,../../../../../assets/scenes/unpacked/Bistro_v5_2/BistroExterior.fbx,0,0,1,1,256,1,0,0,1,1,18,0,60,1080,1920,1.0,1.0,-1.0,total,0.77400,visibility,0.24735,visutil_histogram,0.03127,visutil_prefix,0.00208,visutil_flatten,0.04152,gbuffer,0.27467,lighting,0.10376,tonemap,0.04045,,0.00000,,0.00000,,0.00000,,0.00000,,0.00000,,0.00000,,0.00000,,0.00000,,0.00000,,0.00000,,0.00000,,0.00000,,0.00000,,0.00000,,0.00000,,0.00000,,0.00000,,0.00000,,0.00000,,0.00000,,0.00000,,0.00000,,0.00000,,0.00000
21_real_random_diversity_quick_all_scenes.json,Bistro,DonutVisGBuffer,success,19,0,0.74638,0.77443,0.81395,0.87827,100,1000.0,../../../../../scripts/standard_camera_bistro.csv,0.785,10,0.0,0.0,0.0,2,0.1,0.0,0.0,-10.0,60,0,1,1,1,1,0,0.25,1.0,64,0,1,600,1,0,60,0.5,9,assimp,../../../../../assets/scenes/unpacked/Bistro_v5_2/BistroExterior.fbx,0,1,1,1,256,1,0,0,1,1,19,0,60,1080,1920,1.0,1.0,-1.0,total,0.74638,visibility,0.23352,visutil_histogram,0.03017,visutil_prefix,0.00206,visutil_flatten,0.04093,gbuffer,0.26764,lighting,0.10111,tonemap,0.03809,,0.00000,,0.00000,,0.00000,,0.00000,,0.00000,,0.00000,,0.00000,,0.00000,,0.00000,,0.00000,,0.00000,,0.00000,,0.00000,,0.00000,,0.00000,,0.00000,,0.00000,,0.00000,,0.00000,,0.00000,,0.00000,,0.00000,,0.00000,,0.00000
21_real_random_diversity_quick_all_scenes.json,Bistro,DonutVisGBuffer,success,20,0,0.77620,0.77731,0.82707,1.14128,100,1000.0,../../../../../scripts/standard_camera_bistro.csv,0.785,10,0.0,0.0,0.0,2,0.1,0.0,0.0,-10.0,60,0,1,1,1,1,0,0.25,1.0,64,0,1,600,1,0,60,0.5,9,assimp,../../../../../assets/scenes/unpacked/Bistro_v5_2/BistroExterior.fbx,0,2,1,1,256,1,0,0,1,1,20,0,60,1080,1920,1.0,1.0,-1.0,total,0.77620,visibility,0.24697,visutil_histogram,0.03094,visutil_prefix,0.00207,visutil_flatten,0.04168,gbuffer,0.27670,lighting,0.10368,tonemap,0.04103,,0.00000,,0.00000,,0.00000,,0.00000,,0.00000,,0.00000,,0.00000,,0.00000,,0.00000,,0.00000,,0.00000,,0.00000,,0.00000,,0.00000,,0.00000,,0.00000,,0.00000,,0.00000,,0.00000,,0.00000,,0.00000,,0.00000,,0.00000,,0.00000
21_real_random_diversity_quick_all_scenes.json,Bistro,DonutVisGBuffer,success,21,0,0.74945,0.77629,0.81616,0.89232,100,1000.0,../../../../../scripts/standard_camera_bistro.csv,0.785,10,0.0,0.0,0.0,2,0.1,0.0,0.0,-10.0,60,0,1,1,1,1,0,0.5,1.0,64,0,1,600,1,0,60,0.5,9,assimp,../../../../../assets/scenes/unpacked/Bistro_v5_2/BistroExterior.fbx,0,0,1,1,256,1,0,0,1,1,21,0,60,1080,1920,1.0,1.0,-1.0,total,0.74945,visibility,0.23370,visutil_histogram,0.03073,visutil_prefix,0.00207,visutil_flatten,0.04178,gbuffer,0.26909,lighting,0.09960,tonemap,0.03909,,0.00000,,0.00000,,0.00000,,0.00000,,0.00000,,0.00000,,0.00000,,0.00000,,0.00000,,0.00000,,0.00000,,0.00000,,0.00000,,0.00000,,0.00000,,0.00000,,0.00000,,0.00000,,0.00000,,0.00000,,0.00000,,0.00000,,0.00000,,0.00000
21_real_random_diversity_quick_all_scenes.json,Bistro,DonutVisGBuffer,success,22,0,0.75323,0.78093,0.82538,0.88515,100,1000.0,../../../../../scripts/standard_camera_bistro.csv,0.785,10,0.0,0.0,0.0,2,0.1,0.0,0.0,-10.0,60,0,1,1,1,1,0,0.5,1.0,64,0,1,600,1,0,60,0.5,9,assimp,../../../../../assets/scenes/unpacked/Bistro_v5_2/BistroExterior.fbx,0,1,1,1,256,1,0,0,1,1,22,0,60,1080,1920,1.0,1.0,-1.0,total,0.75323,visibility,0.23335,visutil_histogram,0.03062,visutil_prefix,0.00207,visutil_flatten,0.04156,gbuffer,0.27423,lighting,0.09953,tonemap,0.03861,,0.00000,,0.00000,,0.00000,,0.00000,,0.00000,,0.00000,,0.00000,,0.00000,,0.00000,,0.00000,,0.00000,,0.00000,,0.00000,,0.00000,,0.00000,,0.00000,,0.00000,,0.00000,,0.00000,,0.00000,,0.00000,,0.00000,,0.00000,,0.00000
21_real_random_diversity_quick_all_scenes.json,Bistro,DonutVisGBuffer,success,23,0,0.75457,0.77994,0.82442,0.89005,100,1000.0,../../../../../scripts/standard_camera_bistro.csv,0.785,10,0.0,0.0,0.0,2,0.1,0.0,0.0,-10.0,60,0,1,1,1,1,0,0.5,1.0,64,0,1,600,1,0,60,0.5,9,assimp,../../../../../assets/scenes/unpacked/Bistro_v5_2/BistroExterior.fbx,0,2,1,1,256,1,0,0,1,1,23,0,60,1080,1920,1.0,1.0,-1.0,total,0.75457,visibility,0.23411,visutil_histogram,0.03092,visutil_prefix,0.00206,visutil_flatten,0.04197,gbuffer,0.27472,lighting,0.09925,tonemap,0.03876,,0.00000,,0.00000,,0.00000,,0.00000,,0.00000,,0.00000,,0.00000,,0.00000,,0.00000,,0.00000,,0.00000,,0.00000,,0.00000,,0.00000,,0.00000,,0.00000,,0.00000,,0.00000,,0.00000,,0.00000,,0.00000,,0.00000,,0.00000,,0.00000
21_real_random_diversity_quick_all_scenes.json,Bistro,DonutVisGBuffer,success,24,0,0.75669,0.78208,0.82253,0.88806,100,1000.0,../../../../../scripts/standard_camera_bistro.csv,0.785,10,0.0,0.0,0.0,2,0.1,0.0,0.0,-10.0,60,0,1,1,1,1,0,0.75,1.0,64,0,1,600,1,0,60,0.5,9,assimp,../../../../../assets/scenes/unpacked/Bistro_v5_2/BistroExterior.fbx,0,0,1,1,256,1,0,0,1,1,24,0,60,1080,1920,1.0,1.0,-1.0,total,0.75669,visibility,0.23459,visutil_histogram,0.03090,visutil_prefix,0.00206,visutil_flatten,0.04238,gbuffer,0.27578,lighting,0.09919,tonemap,0.03890,,0.00000,,0.00000,,0.00000,,0.00000,,0.00000,,0.00000,,0.00000,,0.00000,,0.00000,,0.00000,,0.00000,,0.00000,,0.00000,,0.00000,,0.00000,,0.00000,,0.00000,,0.00000,,0.00000,,0.00000,,0.00000,,0.00000,,0.00000,,0.00000
21_real_random_diversity_quick_all_scenes.json,Bistro,DonutVisGBuffer,success,25,0,0.75629,0.78045,0.82400,0.89280,100,1000.0,../../../../../scripts/standard_camera_bistro.csv,0.785,10,0.0,0.0,0.0,2,0.1,0.0,0.0,-10.0,60,0,1,1,1,1,0,0.75,1.0,64,0,1,600,1,0,60,0.5,9,assimp,../../../../../assets/scenes/unpacked/Bistro_v5_2/BistroExterior.fbx,0,1,1,1,256,1,0,0,1,1,25,0,60,1080,1920,1.0,1.0,-1.0,total,0.75629,visibility,0.23443,visutil_histogram,0.03084,visutil_prefix,0.00207,visutil_flatten,0.04193,gbuffer,0.27493,lighting,0.10013,tonemap,0.03912,,0.00000,,0.00000,,0.00000,,0.00000,,0.00000,,0.00000,,0.00000,,0.00000,,0.00000,,0.00000,,0.00000,,0.00000,,0.00000,,0.00000,,0.00000,,0.00000,,0.00000,,0.00000,,0.00000,,0.00000,,0.00000,,0.00000,,0.00000,,0.00000
21_real_random_diversity_quick_all_scenes.json,Bistro,DonutVisGBuffer,success,26,0,0.75743,0.78099,0.82966,0.89702,100,1000.0,../../../../../scripts/standard_camera_bistro.csv,0.785,10,0.0,0.0,0.0,2,0.1,0.0,0.0,-10.0,60,0,1,1,1,1,0,0.75,1.0,64,0,1,600,1,0,60,0.5,9,assimp,../../../../../assets/scenes/unpacked/Bistro_v5_2/BistroExterior.fbx,0,2,1,1,256,1,0,0,1,1,26,0,60,1080,1920,1.0,1.0,-1.0,total,0.75743,visibility,0.23346,visutil_histogram,0.03100,visutil_prefix,0.00207,visutil_flatten,0.04224,gbuffer,0.27704,lighting,0.09957,tonemap,0.03880,,0.00000,,0.00000,,0.00000,,0.00000,,0.00000,,0.00000,,0.00000,,0.00000,,0.00000,,0.00000,,0.00000,,0.00000,,0.00000,,0.00000,,0.00000,,0.00000,,0.00000,,0.00000,,0.00000,,0.00000,,0.00000,,0.00000,,0.00000,,0.00000
21_real_random_diversity_quick_all_scenes.json,Bistro,DonutVisGBuffer,success,27,0,0.75739,0.78534,0.83075,0.89206,100,1000.0,../../../../../scripts/standard_camera_bistro.csv,0.785,10,0.0,0.0,0.0,2,0.1,0.0,0.0,-10.0,60,0,1,1,1,1,0,1.0,1.0,64,0,1,600,1,0,60,0.5,9,assimp,../../../../../assets/scenes/unpacked/Bistro_v5_2/BistroExterior.fbx,0,0,1,1,256,1,0,0,1,1,27,0,60,1080,1920,1.0,1.0,-1.0,total,0.75739,visibility,0.23376,visutil_histogram,0.03098,visutil_prefix,0.00207,visutil_flatten,0.04223,gbuffer,0.27845,lighting,0.09840,tonemap,0.03859,,0.00000,,0.00000,,0.00000,,0.00000,,0.00000,,0.00000,,0.00000,,0.00000,,0.00000,,0.00000,,0.00000,,0.00000,,0.00000,,0.00000,,0.00000,,0.00000,,0.00000,,0.00000,,0.00000,,0.00000,,0.00000,,0.00000,,0.00000,,0.00000
21_real_random_diversity_quick_all_scenes.json,Bistro,DonutVisGBuffer,success,28,0,0.75938,0.78544,0.83162,0.89597,100,1000.0,../../../../../scripts/standard_camera_bistro.csv,0.785,10,0.0,0.0,0.0,2,0.1,0.0,0.0,-10.0,60,0,1,1,1,1,0,1.0,1.0,64,0,1,600,1,0,60,0.5,9,assimp,../../../../../assets/scenes/unpacked/Bistro_v5_2/BistroExterior.fbx,0,1,1,1,256,1,0,0,1,1,28,0,60,1080,1920,1.0,1.0,-1.0,total,0.75938,visibility,0.23328,visutil_histogram,0.03091,visutil_prefix,0.00207,visutil_flatten,0.04215,gbuffer,0.27969,lighting,0.09919,tonemap,0.03890,,0.00000,,0.00000,,0.00000,,0.00000,,0.00000,,0.00000,,0.00000,,0.00000,,0.00000,,0.00000,,0.00000,,0.00000,,0.00000,,0.00000,,0.00000,,0.00000,,0.00000,,0.00000,,0.00000,,0.00000,,0.00000,,0.00000,,0.00000,,0.00000
21_real_random_diversity_quick_all_scenes.json,Bistro,DonutVisGBuffer,success,29,0,0.76475,0.78496,0.82800,0.90154,100,1000.0,../../../../../scripts/standard_camera_bistro.csv,0.785,10,0.0,0.0,0.0,2,0.1,0.0,0.0,-10.0,60,0,1,1,1,1,0,1.0,1.0,64,0,1,600,1,0,60,0.5,9,assimp,../../../../../assets/scenes/unpacked/Bistro_v5_2/BistroExterior.fbx,0,2,1,1,256,1,0,0,1,1,29,0,60,1080,1920,1.0,1.0,-1.0,total,0.76475,visibility,0.23929,visutil_histogram,0.03132,visutil_prefix,0.00208,visutil_flatten,0.04230,gbuffer,0.27692,lighting,0.10026,tonemap,0.03973,,0.00000,,0.00000,,0.00000,,0.00000,,0.00000,,0.00000,,0.00000,,0.00000,,0.00000,,0.00000,,0.00000,,0.00000,,0.00000,,0.00000,,0.00000,,0.00000,,0.00000,,0.00000,,0.00000,,0.00000,,0.00000,,0.00000,,0.00000,,0.00000
21_real_random_diversity_quick_all_scenes.json,SponzaIvy,DonutVisGBuffer,success,30,0,1.75295,1.66902,2.53094,2.86704,100,1000.0,../../../../../scripts/standard_camera.csv,0.785,10,0.0,0.0,0.0,2,0.1,0.0,0.0,-10.0,60,0,1,1,1,1,0,0.0,1.0,64,0,1,600,1,0,60,0.5,9,assimp,../../../../../assets/scenes/unpacked/main_sponza_ivy/NewSponza_Main_Ivy_glTF.gltf,0,0,1,1,256,1,0,0,1,1,30,0,60,1080,1920,1.0,1.0,-1.0,total,1.75295,visibility,0.22694,visutil_histogram,0.02828,visutil_prefix,0.00235,visutil_flatten,0.03897,gbuffer,1.29193,lighting,0.09698,tonemap,0.03820,,0.00000,,0.00000,,0.00000,,0.00000,,0.00000,,0.00000,,0.00000,,0.00000,,0.00000,,0.00000,,0.00000,,0.00000,,0.00000,,0.00000,,0.00000,,0.00000,,0.00000,,0.00000,,0.00000,,0.00000,,0.00000,,0.00000,,0.00000,,0.00000
21_real_random_diversity_quick_all_scenes.json,SponzaIvy,DonutVisGBuffer,success,31,0,1.77253,1.67930,2.53664,2.87776,100,1000.0,../../../../../scripts/standard_camera.csv,0.785,10,0.0,0.0,0.0,2,0.1,0.0,0.0,-10.0,60,0,1,1,1,1,0,0.0,1.0,64,0,1,600,1,0,60,0.5,9,assimp,../../../../../assets/scenes/unpacked/main_sponza_ivy/NewSponza_Main_Ivy_glTF.gltf,0,1,1,1,256,1,0,0,1,1,31,0,60,1080,1920,1.0,1.0,-1.0,total,1.77253,visibility,0.22826,visutil_histogram,0.02832,visutil_prefix,0.00241,visutil_flatten,0.03880,gbuffer,1.31088,lighting,0.09669,tonemap,0.03816,,0.00000,,0.00000,,0.00000,,0.00000,,0.00000,,0.00000,,0.00000,,0.00000,,0.00000,,0.00000,,0.00000,,0.00000,,0.00000,,0.00000,,0.00000,,0.00000,,0.00000,,0.00000,,0.00000,,0.00000,,0.00000,,0.00000,,0.00000,,0.00000
21_real_random_diversity_quick_all_scenes.json,SponzaIvy,DonutVisGBuffer,success,32,0,1.76257,1.67510,2.51267,2.86627,100,1000.0,../../../../../scripts/standard_camera.csv,0.785,10,0.0,0.0,0.0,2,0.1,0.0,0.0,-10.0,60,0,1,1,1,1,0,0.0,1.0,64,0,1,600,1,0,60,0.5,9,assimp,../../../../../assets/scenes/unpacked/main_sponza_ivy/NewSponza_Main_Ivy_glTF.gltf,0,2,1,1,256,1,0,0,1,1,32,0,60,1080,1920,1.0,1.0,-1.0,total,1.76257,visibility,0.22716,visutil_histogram,0.02831,visutil_prefix,0.00237,visutil_flatten,0.03884,gbuffer,1.30247,lighting,0.09687,tonemap,0.03783,,0.00000,,0.00000,,0.00000,,0.00000,,0.00000,,0.00000,,0.00000,,0.00000,,0.00000,,0.00000,,0.00000,,0.00000,,0.00000,,0.00000,,0.00000,,0.00000,,0.00000,,0.00000,,0.00000,,0.00000,,0.00000,,0.00000,,0.00000,,0.00000
21_real_random_diversity_quick_all_scenes.json,SponzaIvy,DonutVisGBuffer,success,33,0,1.54967,1.49936,2.02582,2.42445,100,1000.0,../../../../../scripts/standard_camera.csv,0.785,10,0.0,0.0,0.0,2,0.1,0.0,0.0,-10.0,60,0,1,1,1,1,0,0.25,1.0,64,0,1,600,1,0,60,0.5,9,assimp,../../../../../assets/scenes/unpacked/main_sponza_ivy/NewSponza_Main_Ivy_glTF.gltf,0,0,1,1,256,1,0,0,1,1,33,0,60,1080,1920,1.0,1.0,-1.0,total,1.54967,visibility,0.22527,visutil_histogram,0.02854,visutil_prefix,0.00224,visutil_flatten,0.03985,gbuffer,1.08731,lighting,0.09784,tonemap,0.03800,,0.00000,,0.00000,,0.00000,,0.00000,,0.00000,,0.00000,,0.00000,,0.00000,,0.00000,,0.00000,,0.00000,,0.00000,,0.00000,,0.00000,,0.00000,,0.00000,,0.00000,,0.00000,,0.00000,,0.00000,,0.00000,,0.00000,,0.00000,,0.00000
21_real_random_diversity_quick_all_scenes.json,SponzaIvy,DonutVisGBuffer,success,34,0,1.56192,1.54278,2.11808,2.36026,100,1000.0,../../../../../scripts/standard_camera.csv,0.785,10,0.0,0.0,0.0,2,0.1,0.0,0.0,-10.0,60,0,1,1,1,1,0,0.25,1.0,64,0,1,600,1,0,60,0.5,9,assimp,../../../../../assets/scenes/unpacked/main_sponza_ivy/NewSponza_Main_Ivy_glTF.gltf,0,1,1,1,256,1,0,0,1,1,34,0,60,1080,1920,1.0,1.0,-1.0,total,1.56192,visibility,0.22493,visutil_histogram,0.02852,visutil_prefix,0.00234,visutil_flatten,0.03959,gbuffer,1.10018,lighting,0.09742,tonemap,0.03825,,0.00000,,0.00000,,0.00000,,0.00000,,0.00000,,0.00000,,0.00000,,0.00000,,0.00000,,0.00000,,0.00000,,0.00000,,0.00000,,0.00000,,0.00000,,0.00000,,0.00000,,0.00000,,0.00000,,0.00000,,0.00000,,0.00000,,0.00000,,0.00000
21_real_random_diversity_quick_all_scenes.json,SponzaIvy,DonutVisGBuffer,success,35,0,1.55260,1.50947,2.03808,2.26960,100,1000.0,../../../../../scripts/standard_camera.csv,0.785,10,0.0,0.0,0.0,2,0.1,0.0,0.0,-10.0,60,0,1,1,1,1,0,0.25,1.0,64,0,1,600,1,0,60,0.5,9,assimp,../../../../../assets/scenes/unpacked/main_sponza_ivy/NewSponza_Main_Ivy_glTF.gltf,0,2,1,1,256,1,0,0,1,1,35,0,60,1080,1920,1.0,1.0,-1.0,total,1.55260,visibility,0.22454,visutil_histogram,0.02858,visutil_prefix,0.00223,visutil_flatten,0.04027,gbuffer,1.09141,lighting,0.09623,tonemap,0.03833,,0.00000,,0.00000,,0.00000,,0.00000,,0.00000,,0.00000,,0.00000,,0.00000,,0.00000,,0.00000,,0.00000,,0.00000,,0.00000,,0.00000,,0.00000,,0.00000,,0.00000,,0.00000,,0.00000,,0.00000,,0.00000,,0.00000,,0.00000,,0.00000
21_real_random_diversity_quick_all_scenes.json,SponzaIvy,DonutVisGBuffer,success,36,0,1.50311,1.43366,1.98979,2.44781,100,1000.0,../../../../../scripts/standard_camera.csv,0.785,10,0.0,0.0,0.0,2,0.1,0.0,0.0,-10.0,60,0,1,1,1,1,0,0.5,1.0,64,0,1,600,1,0,60,0.5,9,assimp,../../../../../assets/scenes/unpacked/main_sponza_ivy/NewSponza_Main_Ivy_glTF.gltf,0,0,1,1,256,1,0,0,1,1,36,0,60,1080,1920,1.0,1.0,-1.0,total,1.50311,visibility,0.22952,visutil_histogram,0.02877,visutil_prefix,0.00231,visutil_flatten,0.03986,gbuffer,1.03626,lighting,0.09745,tonemap,0.03834,,0.00000,,0.00000,,0.00000,,0.00000,,0.00000,,0.00000,,0.00000,,0.00000,,0.00000,,0.00000,,0.00000,,0.00000,,0.00000,,0.00000,,0.00000,,0.00000,,0.00000,,0.00000,,0.00000,,0.00000,,0.00000,,0.00000,,0.00000,,0.00000
21_real_random_diversity_quick_all_scenes.json,SponzaIvy,DonutVisGBuffer,success,37,0,1.47328,1.40307,1.90307,2.14077,100,1000.0,../../../../../scripts/standard_camera.csv,0.785,10,0.0,0.0,0.0,2,0.1,0.0,0.0,-10.0,60,0,1,1,1,1,0,0.5,1.0,64,0,1,600,1,0,60,0.5,9,assimp,../../../../../assets/scenes/unpacked/main_sponza_ivy/NewSponza_Main_Ivy_glTF.gltf,0,1,1,1,256,1,0,0,1,1,37,0,60,1080,1920,1.0,1.0,-1.0,total,1.47328,visibility,0.22457,visutil_histogram,0.02865,visutil_prefix,0.00227,visutil_flatten,0.03980,gbuffer,1.01207,lighting,0.09748,tonemap,0.03823,,0.00000,,0.00000,,0.00000,,0.00000,,0.00000,,0.00000,,0.00000,,0.00000,,0.00000,,0.00000,,0.00000,,0.00000,,0.00000,,0.00000,,0.00000,,0.00000,,0.00000,,0.00000,,0.00000,,0.00000,,0.00000,,0.00000,,0.00000,,0.00000
21_real_random_diversity_quick_all_scenes.json,SponzaIvy,DonutVisGBuffer,success,38,0,1.57706,1.52403,2.06906,2.53229,100,1000.0,../../../../../scripts/standard_camera.csv,0.785,10,0.0,0.0,0.0,2,0.1,0.0,0.0,-10.0,60,0,1,1,1,1,0,0.5,1.0,64,0,1,600,1,0,60,0.5,9,assimp,../../../../../assets/scenes/unpacked/main_sponza_ivy/NewSponza_Main_Ivy_glTF.gltf,0,2,1,1,256,1,0,0,1,1,38,0,60,1080,1920,1.0,1.0,-1.0,total,1.57706,visibility,0.22804,visutil_histogram,0.02867,visutil_prefix,0.00230,visutil_flatten,0.03974,gbuffer,1.11205,lighting,0.09732,tonemap,0.03853,,0.00000,,0.00000,,0.00000,,0.00000,,0.00000,,0.00000,,0.00000,,0.00000,,0.00000,,0.00000,,0.00000,,0.00000,,0.00000,,0.00000,,0.00000,,0.00000,,0.00000,,0.00000,,0.00000,,0.00000,,0.00000,,0.00000,,0.00000,,0.00000
21_real_random_diversity_quick_all_scenes.json,SponzaIvy,DonutVisGBuffer,success,39,0,1.48795,1.42413,1.94406,2.13238,100,1000.0,../../../../../scripts/standard_camera.csv,0.785,10,0.0,0.0,0.0,2,0.1,0.0,0.0,-10.0,60,0,1,1,1,1,0,0.75,1.0,64,0,1,600,1,0,60,0.5,9,assimp,../../../../../assets/scenes/unpacked/main_sponza_ivy/NewSponza_Main_Ivy_glTF.gltf,0,0,1,1,256,1,0,0,1,1,39,0,60,1080,1920,1.0,1.0,-1.0,total,1.48795,visibility,0.22447,visutil_histogram,0.02912,visutil_prefix,0.00228,visutil_flatten,0.03996,gbuffer,1.02603,lighting,0.09686,tonemap,0.03829,,0.00000,,0.00000,,0.00000,,0.00000,,0.00000,,0.00000,,0.00000,,0.00000,,0.00000,,0.00000,,0.00000,,0.00000,,0.00000,,0.00000,,0.00000,,0.00000,,0.00000,,0.00000,,0.00000,,0.00000,,0.00000,,0.00000,,0.00000,,0.00000
21_real_random_diversity_quick_all_scenes.json,SponzaIvy,DonutVisGBuffer,success,40,0,1.43625,1.36454,1.84531,2.08723,100,1000.0,../../../../../scripts/standard_camera.csv,0.785,10,0.0,0.0,0.0,2,0.1,0.0,0.0,-10.0,60,0,1,1,1,1,0,0.75,1.0,64,0,1,600,1,0,60,0.5,9,assimp,../../../../../assets/scenes/unpacked/main_sponza_ivy/NewSponza_Main_Ivy_glTF.gltf,0,1,1,1,256,1,0,0,1,1,40,0,60,1080,1920,1.0,1.0,-1.0,total,1.43625,visibility,0.22347,visutil_histogram,0.02881,visutil_prefix,0.00240,visutil_flatten,0.04024,gbuffer,0.97424,lighting,0.09723,tonemap,0.03851,,0.00000,,0.00000,,0.00000,,0.00000,,0.00000,,0.00000,,0.00000,,0.00000,,0.00000,,0.00000,,0.00000,,0.00000,,0.00000,,0.00000,,0.00000,,0.00000,,0.00000,,0.00000,,0.00000,,0.00000,,0.00000,,0.00000,,0.00000,,0.00000
21_real_random_diversity_quick_all_scenes.json,SponzaIvy,DonutVisGBuffer,success,41,0,1.52905,1.44310,2.05248,2.60659,100,1000.0,../../../../../scripts/standard_camera.csv,0.785,10,0.0,0.0,0.0,2,0.1,0.0,0.0,-10.0,60,0,1,1,1,1,0,0.75,1.0,64,0,1,600,1,0,60,0.5,9,assimp,../../../../../assets/scenes/unpacked/main_sponza_ivy/NewSponza_Main_Ivy_glTF.gltf,0,2,1,1,256,1,0,0,1,1,41,0,60,1080,1920,1.0,1.0,-1.0,total,1.52905,visibility,0.23811,visutil_histogram,0.02887,visutil_prefix,0.00230,visutil_flatten,0.03994,gbuffer,1.05266,lighting,0.09847,tonemap,0.03893,,0.00000,,0.00000,,0.00000,,0.00000,,0.00000,,0.00000,,0.00000,,0.00000,,0.00000,,0.00000,,0.00000,,0.00000,,0.00000,,0.00000,,0.00000,,0.00000,,0.00000,,0.00000,,0.00000,,0.00000,,0.00000,,0.00000,,0.00000,,0.00000
21_real_random_diversity_quick_all_scenes.json,SponzaIvy,DonutVisGBuffer,success,42,0,1.45653,1.42688,1.84422,2.08186,100,1000.0,../../../../../scripts/standard_camera.csv,0.785,10,0.0,0.0,0.0,2,0.1,0.0,0.0,-10.0,60,0,1,1,1,1,0,1.0,1.0,64,0,1,600,1,0,60,0.5,9,assimp,../../../../../assets/scenes/unpacked/main_sponza_ivy/NewSponza_Main_Ivy_glTF.gltf,0,0,1,1,256,1,0,0,1,1,42,0,60,1080,1920,1.0,1.0,-1.0,total,1.45653,visibility,0.22517,visutil_histogram,0.02881,visutil_prefix,0.00226,visutil_flatten,0.04048,gbuffer,0.99452,lighting,0.09727,tonemap,0.03809,,0.00000,,0.00000,,0.00000,,0.00000,,0.00000,,0.00000,,0.00000,,0.00000,,0.00000,,0.00000,,0.00000,,0.00000,,0.00000,,0.00000,,0.00000,,0.00000,,0.00000,,0.00000,,0.00000,,0.00000,,0.00000,,0.00000,,0.00000,,0.00000
21_real_random_diversity_quick_all_scenes.json,SponzaIvy,DonutVisGBuffer,success,43,0,1.43363,1.36432,1.82845,2.07565,100,1000.0,../../../../../scripts/standard_camera.csv,0.785,10,0.0,0.0,0.0,2,0.1,0.0,0.0,-10.0,60,0,1,1,1,1,0,1.0,1.0,64,0,1,600,1,0,60,0.5,9,assimp,../../../../../assets/scenes/unpacked/main_sponza_ivy/NewSponza_Main_Ivy_glTF.gltf,0,1,1,1,256,1,0,0,1,1,43,0,60,1080,1920,1.0,1.0,-1.0,total,1.43363,visibility,0.22399,visutil_histogram,0.02887,visutil_prefix,0.00228,visutil_flatten,0.04053,gbuffer,0.97214,lighting,0.09729,tonemap,0.03834,,0.00000,,0.00000,,0.00000,,0.00000,,0.00000,,0.00000,,0.00000,,0.00000,,0.00000,,0.00000,,0.00000,,0.00000,,0.00000,,0.00000,,0.00000,,0.00000,,0.00000,,0.00000,,0.00000,,0.00000,,0.00000,,0.00000,,0.00000,,0.00000
21_real_random_diversity_quick_all_scenes.json,SponzaIvy,DonutVisGBuffer,success,44,0,1.45557,1.39242,1.86669,2.09635,100,1000.0,../../../../../scripts/standard_camera.csv,0.785,10,0.0,0.0,0.0,2,0.1,0.0,0.0,-10.0,60,0,1,1,1,1,0,1.0,1.0,64,0,1,600,1,0,60,0.5,9,assimp,../../../../../assets/scenes/unpacked/main_sponza_ivy/NewSponza_Main_Ivy_glTF.gltf,0,2,1,1,256,1,0,0,1,1,44,0,60,1080,1920,1.0,1.0,-1.0,total,1.45557,visibility,0.22498,visutil_histogram,0.02883,visutil_prefix,0.00233,visutil_flatten,0.04006,gbuffer,0.99385,lighting,0.09695,tonemap,0.03839,,0.00000,,0.00000,,0.00000,,0.00000,,0.00000,,0.00000,,0.00000,,0.00000,,0.00000,,0.00000,,0.00000,,0.00000,,0.00000,,0.00000,,0.00000,,0.00000,,0.00000,,0.00000,,0.00000,,0.00000,,0.00000,,0.00000,,0.00000,,0.00000
22_real_pbr_feature_renderer_compare_full.json,Sponza,DonutDeferred,success,0,0,2.51909,2.43258,4.87373,5.93629,100,1000.0,../../../../../scripts/standard_camera.csv,0.785,10,0.0,0.0,0.0,2,0.1,0.0,0.0,-10.0,60,0,1,1,1,1,0,1.0,1.0,255,1,1,2500,1,0,60,0.5,7,assimp,../../../../../assets/scenes/unpacked/main_sponza/NewSponza_Main_glTF_003.gltf,0,0,1,1,256,1,0,0,1,1,0,0,60,1080,1920,1.0,1.0,-1.0,total,2.51909,geometry,2.38102,lighting,0.09073,tonemap,0.03614,,0.00000,,0.00000,,0.00000,,0.00000,,0.00000,,0.00000,,0.00000,,0.00000,,0.00000,,0.00000,,0.00000,,0.00000,,0.00000,,0.00000,,0.00000,,0.00000,,0.00000,,0.00000,,0.00000,,0.00000,,0.00000,,0.00000,,0.00000,,0.00000,,0.00000,,0.00000,,0.00000,,0.00000
22_real_pbr_feature_renderer_compare_full.json,Sponza,DonutDeferredPrepass,success,1,0,1.40757,1.59622,2.02323,2.29738,100,1000.0,../../../../../scripts/standard_camera.csv,0.785,10,0.0,0.0,0.0,2,0.1,0.0,0.0,-10.0,60,0,1,1,1,1,0,1.0,1.0,255,1,1,2500,1,0,60,0.5,8,assimp,../../../../../assets/scenes/unpacked/main_sponza/NewSponza_Main_glTF_003.gltf,0,0,1,1,256,1,0,0,1,1,1,0,60,1080,1920,1.0,1.0,-1.0,total,1.40757,depth_prepass,0.20515,geometry,1.05946,lighting,0.09190,tonemap,0.03645,,0.00000,,0.00000,,0.00000,,0.00000,,0.00000,,0.00000,,0.00000,,0.00000,,0.00000,,0.00000,,0.00000,,0.00000,,0.00000,,0.00000,,0.00000,,0.00000,,0.00000,,0.00000,,0.00000,,0.00000,,0.00000,,0.00000,,0.00000,,0.00000,,0.00000,,0.00000,,0.00000
22_real_pbr_feature_renderer_compare_full.json,Sponza,DonutVisGBuffer,success,2,0,2.41086,2.43008,4.55139,5.10877,100,1000.0,../../../../../scripts/standard_camera.csv,0.785,10,0.0,0.0,0.0,2,0.1,0.0,0.0,-10.0,60,0,1,1,1,1,0,1.0,1.0,255,1,1,2500,1,0,60,0.5,9,assimp,../../../../../assets/scenes/unpacked/main_sponza/NewSponza_Main_glTF_003.gltf,0,0,1,1,256,1,0,0,1,1,2,0,60,1080,1920,1.0,1.0,-1.0,total,2.41086,visibility,0.28422,visutil_histogram,0.02772,visutil_prefix,0.00259,visutil_flatten,0.03665,gbuffer,1.90423,lighting,0.09215,tonemap,0.03607,,0.00000,,0.00000,,0.00000,,0.00000,,0.00000,,0.00000,,0.00000,,0.00000,,0.00000,,0.00000,,0.00000,,0.00000,,0.00000,,0.00000,,0.00000,,0.00000,,0.00000,,0.00000,,0.00000,,0.00000,,0.00000,,0.00000,,0.00000,,0.00000
22_real_pbr_feature_renderer_compare_full.json,Bistro,DonutDeferred,success,3,0,0.63243,0.64067,0.79802,0.97453,100,1000.0,../../../../../scripts/standard_camera_bistro.csv,0.785,10,0.0,0.0,0.0,2,0.1,0.0,0.0,-10.0,60,0,1,1,1,1,0,1.0,1.0,255,1,1,5500,1,0,60,0.5,7,assimp,../../../../../assets/scenes/unpacked/Bistro_v5_2/BistroExterior.fbx,0,0,1,1,256,1,0,0,1,1,3,0,60,1080,1920,1.0,1.0,-1.0,total,0.63243,geometry,0.48910,lighting,0.09538,tonemap,0.03706,,0.00000,,0.00000,,0.00000,,0.00000,,0.00000,,0.00000,,0.00000,,0.00000,,0.00000,,0.00000,,0.00000,,0.00000,,0.00000,,0.00000,,0.00000,,0.00000,,0.00000,,0.00000,,0.00000,,0.00000,,0.00000,,0.00000,,0.00000,,0.00000,,0.00000,,0.00000,,0.00000,,0.00000
22_real_pbr_feature_renderer_compare_full.json,Bistro,DonutDeferredPrepass,success,4,0,0.54863,0.53424,0.75235,0.81891,100,1000.0,../../../../../scripts/standard_camera_bistro.csv,0.785,10,0.0,0.0,0.0,2,0.1,0.0,0.0,-10.0,60,0,1,1,1,1,0,1.0,1.0,255,1,1,5500,1,0,60,0.5,8,assimp,../../../../../assets/scenes/unpacked/Bistro_v5_2/BistroExterior.fbx,0,0,1,1,256,1,0,0,1,1,4,0,60,1080,1920,1.0,1.0,-1.0,total,0.54863,depth_prepass,0.15724,geometry,0.24560,lighting,0.09480,tonemap,0.03684,,0.00000,,0.00000,,0.00000,,0.00000,,0.00000,,0.00000,,0.00000,,0.00000,,0.00000,,0.00000,,0.00000,,0.00000,,0.00000,,0.00000,,0.00000,,0.00000,,0.00000,,0.00000,,0.00000,,0.00000,,0.00000,,0.00000,,0.00000,,0.00000,,0.00000,,0.00000,,0.00000
22_real_pbr_feature_renderer_compare_full.json,Bistro,DonutVisGBuffer,success,5,0,0.70993,0.71648,0.86746,0.97232,100,1000.0,../../../../../scripts/standard_camera_bistro.csv,0.785,10,0.0,0.0,0.0,2,0.1,0.0,0.0,-10.0,60,0,1,1,1,1,0,1.0,1.0,255,1,1,5500,1,0,60,0.5,9,assimp,../../../../../assets/scenes/unpacked/Bistro_v5_2/BistroExterior.fbx,0,0,1,1,256,1,0,0,1,1,5,0,60,1080,1920,1.0,1.0,-1.0,total,0.70993,visibility,0.25359,visutil_histogram,0.02911,visutil_prefix,0.00215,visutil_flatten,0.03930,gbuffer,0.21423,lighting,0.10263,tonemap,0.03591,,0.00000,,0.00000,,0.00000,,0.00000,,0.00000,,0.00000,,0.00000,,0.00000,,0.00000,,0.00000,,0.00000,,0.00000,,0.00000,,0.00000,,0.00000,,0.00000,,0.00000,,0.00000,,0.00000,,0.00000,,0.00000,,0.00000,,0.00000,,0.00000
22_real_pbr_feature_renderer_compare_full.json,SponzaIvy,DonutDeferred,success,6,0,2.80703,2.77952,5.29005,6.42525,100,1000.0,../../../../../scripts/standard_camera.csv,0.785,10,0.0,0.0,0.0,2,0.1,0.0,0.0,-10.0,60,0,1,1,1,1,0,1.0,1.0,255,1,1,2500,1,0,60,0.5,7,assimp,../../../../../assets/scenes/unpacked/main_sponza_ivy/NewSponza_Main_Ivy_glTF.gltf,0,0,1,1,256,1,0,0,1,1,6,0,60,1080,1920,1.0,1.0,-1.0,total,2.80703,geometry,2.67027,lighting,0.08945,tonemap,0.03608,,0.00000,,0.00000,,0.00000,,0.00000,,0.00000,,0.00000,,0.00000,,0.00000,,0.00000,,0.00000,,0.00000,,0.00000,,0.00000,,0.00000,,0.00000,,0.00000,,0.00000,,0.00000,,0.00000,,0.00000,,0.00000,,0.00000,,0.00000,,0.00000,,0.00000,,0.00000,,0.00000,,0.00000
22_real_pbr_feature_renderer_compare_full.json,SponzaIvy,DonutDeferredPrepass,success,7,0,1.92271,2.14912,2.91216,3.07862,100,1000.0,../../../../../scripts/standard_camera.csv,0.785,10,0.0,0.0,0.0,2,0.1,0.0,0.0,-10.0,60,0,1,1,1,1,0,1.0,1.0,255,1,1,2500,1,0,60,0.5,8,assimp,../../../../../assets/scenes/unpacked/main_sponza_ivy/NewSponza_Main_Ivy_glTF.gltf,0,0,1,1,256,1,0,0,1,1,7,0,60,1080,1920,1.0,1.0,-1.0,total,1.92271,depth_prepass,0.47133,geometry,1.31096,lighting,0.08983,tonemap,0.03599,,0.00000,,0.00000,,0.00000,,0.00000,,0.00000,,0.00000,,0.00000,,0.00000,,0.00000,,0.00000,,0.00000,,0.00000,,0.00000,,0.00000,,0.00000,,0.00000,,0.00000,,0.00000,,0.00000,,0.00000,,0.00000,,0.00000,,0.00000,,0.00000,,0.00000,,0.00000,,0.00000
22_real_pbr_feature_renderer_compare_full.json,SponzaIvy,DonutVisGBuffer,success,8,0,2.74691,2.91958,5.10323,5.69760,100,1000.0,../../../../../scripts/standard_camera.csv,0.785,10,0.0,0.0,0.0,2,0.1,0.0,0.0,-10.0,60,0,1,1,1,1,0,1.0,1.0,255,1,1,2500,1,0,60,0.5,9,assimp,../../../../../assets/scenes/unpacked/main_sponza_ivy/NewSponza_Main_Ivy_glTF.gltf,0,0,1,1,256,1,0,0,1,1,8,0,60,1080,1920,1.0,1.0,-1.0,total,2.74691,visibility,0.62540,visutil_histogram,0.02911,visutil_prefix,0.00261,visutil_flatten,0.03688,gbuffer,1.89627,lighting,0.09260,tonemap,0.03673,,0.00000,,0.00000,,0.00000,,0.00000,,0.00000,,0.00000,,0.00000,,0.00000,,0.00000,,0.00000,,0.00000,,0.00000,,0.00000,,0.00000,,0.00000,,0.00000,,0.00000,,0.00000,,0.00000,,0.00000,,0.00000,,0.00000,,0.00000,,0.00000
23_real_random_selected_renderer_compare_quick.json,Sponza,DonutDeferredPrepass,success,0,0,1.28199,1.24192,1.64675,1.85408,100,1000.0,../../../../../scripts/standard_camera.csv,0.785,10,0.0,0.0,0.0,2,0.1,0.0,0.0,-10.0,60,0,1,1,1,1,0,1.0,1.0,1,0,1,600,1,0,60,0.5,8,assimp,../../../../../assets/scenes/unpacked/main_sponza/NewSponza_Main_glTF_003.gltf,0,0,1,1,256,1,0,0,1,1,0,0,60,1080,1920,1.0,1.0,-1.0,total,1.28199,depth_prepass,0.07510,geometry,1.05474,lighting,0.09876,tonemap,0.03801,,0.00000,,0.00000,,0.00000,,0.00000,,0.00000,,0.00000,,0.00000,,0.00000,,0.00000,,0.00000,,0.00000,,0.00000,,0.00000,,0.00000,,0.00000,,0.00000,,0.00000,,0.00000,,0.00000,,0.00000,,0.00000,,0.00000,,0.00000,,0.00000,,0.00000,,0.00000,,0.00000
23_real_random_selected_renderer_compare_quick.json,Sponza,DonutDeferredPrepass,success,1,0,1.36867,1.26077,1.80106,2.58106,100,1000.0,../../../../../scripts/standard_camera.csv,0.785,10,0.0,0.0,0.0,2,0.1,0.0,0.0,-10.0,60,0,1,1,1,1,0,1.0,1.0,64,0,1,600,1,0,60,0.5,8,assimp,../../../../../assets/scenes/unpacked/main_sponza/NewSponza_Main_glTF_003.gltf,0,0,1,1,256,1,0,0,1,1,1,0,60,1080,1920,1.0,1.0,-1.0,total,1.36867,depth_prepass,0.08219,geometry,1.13144,lighting,0.10035,tonemap,0.03959,,0.00000,,0.00000,,0.00000,,0.00000,,0.00000,,0.00000,,0.00000,,0.00000,,0.00000,,0.00000,,0.00000,,0.00000,,0.00000,,0.00000,,0.00000,,0.00000,,0.00000,,0.00000,,0.00000,,0.00000,,0.00000,,0.00000,,0.00000,,0.00000,,0.00000,,0.00000,,0.00000
23_real_random_selected_renderer_compare_quick.json,Sponza,DonutDeferredPrepass,success,2,0,1.36030,1.25616,1.75651,2.50170,100,1000.0,../../../../../scripts/standard_camera.csv,0.785,10,0.0,0.0,0.0,2,0.1,0.0,0.0,-10.0,60,0,1,1,1,1,0,0.0,1.0,64,0,1,600,1,0,60,0.5,8,assimp,../../../../../assets/scenes/unpacked/main_sponza/NewSponza_Main_glTF_003.gltf,0,0,1,1,256,1,0,0,1,1,2,0,60,1080,1920,1.0,1.0,-1.0,total,1.36030,depth_prepass,0.08254,geometry,1.12270,lighting,0.10072,tonemap,0.03962,,0.00000,,0.00000,,0.00000,,0.00000,,0.00000,,0.00000,,0.00000,,0.00000,,0.00000,,0.00000,,0.00000,,0.00000,,0.00000,,0.00000,,0.00000,,0.00000,,0.00000,,0.00000,,0.00000,,0.00000,,0.00000,,0.00000,,0.00000,,0.00000,,0.00000,,0.00000,,0.00000
23_real_random_selected_renderer_compare_quick.json,Sponza,DonutVisGBuffer,success,3,0,1.65545,1.58835,2.32947,2.75469,100,1000.0,../../../../../scripts/standard_camera.csv,0.785,10,0.0,0.0,0.0,2,0.1,0.0,0.0,-10.0,60,0,1,1,1,1,0,1.0,1.0,1,0,1,600,1,0,60,0.5,9,assimp,../../../../../assets/scenes/unpacked/main_sponza/NewSponza_Main_glTF_003.gltf,0,0,1,1,256,1,0,0,1,1,3,0,60,1080,1920,1.0,1.0,-1.0,total,1.65545,visibility,0.12003,visutil_histogram,0.02775,visutil_prefix,0.00234,visutil_flatten,0.03882,gbuffer,1.30174,lighting,0.09795,tonemap,0.03788,,0.00000,,0.00000,,0.00000,,0.00000,,0.00000,,0.00000,,0.00000,,0.00000,,0.00000,,0.00000,,0.00000,,0.00000,,0.00000,,0.00000,,0.00000,,0.00000,,0.00000,,0.00000,,0.00000,,0.00000,,0.00000,,0.00000,,0.00000,,0.00000
23_real_random_selected_renderer_compare_quick.json,Sponza,DonutVisGBuffer,success,4,0,1.33590,1.32173,1.65008,1.88502,100,1000.0,../../../../../scripts/standard_camera.csv,0.785,10,0.0,0.0,0.0,2,0.1,0.0,0.0,-10.0,60,0,1,1,1,1,0,1.0,1.0,64,0,1,600,1,0,60,0.5,9,assimp,../../../../../assets/scenes/unpacked/main_sponza/NewSponza_Main_glTF_003.gltf,0,0,1,1,256,1,0,0,1,1,4,0,60,1080,1920,1.0,1.0,-1.0,total,1.33590,visibility,0.12058,visutil_histogram,0.02858,visutil_prefix,0.00219,visutil_flatten,0.04028,gbuffer,0.97589,lighting,0.09840,tonemap,0.03904,,0.00000,,0.00000,,0.00000,,0.00000,,0.00000,,0.00000,,0.00000,,0.00000,,0.00000,,0.00000,,0.00000,,0.00000,,0.00000,,0.00000,,0.00000,,0.00000,,0.00000,,0.00000,,0.00000,,0.00000,,0.00000,,0.00000,,0.00000,,0.00000
23_real_random_selected_renderer_compare_quick.json,Sponza,DonutVisGBuffer,success,5,0,1.64285,1.59251,2.34413,2.76630,100,1000.0,../../../../../scripts/standard_camera.csv,0.785,10,0.0,0.0,0.0,2,0.1,0.0,0.0,-10.0,60,0,1,1,1,1,0,0.0,1.0,64,0,1,600,1,0,60,0.5,9,assimp,../../../../../assets/scenes/unpacked/main_sponza/NewSponza_Main_glTF_003.gltf,0,0,1,1,256,1,0,0,1,1,5,0,60,1080,1920,1.0,1.0,-1.0,total,1.64285,visibility,0.11970,visutil_histogram,0.02770,visutil_prefix,0.00236,visutil_flatten,0.03880,gbuffer,1.28887,lighting,0.09770,tonemap,0.03795,,0.00000,,0.00000,,0.00000,,0.00000,,0.00000,,0.00000,,0.00000,,0.00000,,0.00000,,0.00000,,0.00000,,0.00000,,0.00000,,0.00000,,0.00000,,0.00000,,0.00000,,0.00000,,0.00000,,0.00000,,0.00000,,0.00000,,0.00000,,0.00000
23_real_random_selected_renderer_compare_quick.json,Bistro,DonutDeferredPrepass,success,6,0,0.60780,0.57533,0.80045,0.94093,100,1000.0,../../../../../scripts/standard_camera_bistro.csv,0.785,10,0.0,0.0,0.0,2,0.1,0.0,0.0,-10.0,60,0,1,1,1,1,0,1.0,1.0,1,0,1,600,1,0,60,0.5,8,assimp,../../../../../assets/scenes/unpacked/Bistro_v5_2/BistroExterior.fbx,0,0,1,1,256,1,0,0,1,1,6,0,60,1080,1920,1.0,1.0,-1.0,total,0.60780,depth_prepass,0.16903,geometry,0.26941,lighting,0.10700,tonemap,0.04769,,0.00000,,0.00000,,0.00000,,0.00000,,0.00000,,0.00000,,0.00000,,0.00000,,0.00000,,0.00000,,0.00000,,0.00000,,0.00000,,0.00000,,0.00000,,0.00000,,0.00000,,0.00000,,0.00000,,0.00000,,0.00000,,0.00000,,0.00000,,0.00000,,0.00000,,0.00000,,0.00000
23_real_random_selected_renderer_compare_quick.json,Bistro,DonutDeferredPrepass,success,7,0,0.56139,0.55856,0.70544,0.87251,100,1000.0,../../../../../scripts/standard_camera_bistro.csv,0.785,10,0.0,0.0,0.0,2,0.1,0.0,0.0,-10.0,60,0,1,1,1,1,0,1.0,1.0,64,0,1,600,1,0,60,0.5,8,assimp,../../../../../assets/scenes/unpacked/Bistro_v5_2/BistroExterior.fbx,0,0,1,1,256,1,0,0,1,1,7,0,60,1080,1920,1.0,1.0,-1.0,total,0.56139,depth_prepass,0.15599,geometry,0.25072,lighting,0.09904,tonemap,0.04071,,0.00000,,0.00000,,0.00000,,0.00000,,0.00000,,0.00000,,0.00000,,0.00000,,0.00000,,0.00000,,0.00000,,0.00000,,0.00000,,0.00000,,0.00000,,0.00000,,0.00000,,0.00000,,0.00000,,0.00000,,0.00000,,0.00000,,0.00000,,0.00000,,0.00000,,0.00000,,0.00000
23_real_random_selected_renderer_compare_quick.json,Bistro,DonutDeferredPrepass,success,8,0,0.58209,0.56422,0.71539,0.94640,100,1000.0,../../../../../scripts/standard_camera_bistro.csv,0.785,10,0.0,0.0,0.0,2,0.1,0.0,0.0,-10.0,60,0,1,1,1,1,0,0.0,1.0,64,0,1,600,1,0,60,0.5,8,assimp,../../../../../assets/scenes/unpacked/Bistro_v5_2/BistroExterior.fbx,0,0,1,1,256,1,0,0,1,1,8,0,60,1080,1920,1.0,1.0,-1.0,total,0.58209,depth_prepass,0.16221,geometry,0.25901,lighting,0.10233,tonemap,0.04393,,0.00000,,0.00000,,0.00000,,0.00000,,0.00000,,0.00000,,0.00000,,0.00000,,0.00000,,0.00000,,0.00000,,0.00000,,0.00000,,0.00000,,0.00000,,0.00000,,0.00000,,0.00000,,0.00000,,0.00000,,0.00000,,0.00000,,0.00000,,0.00000,,0.00000,,0.00000,,0.00000
23_real_random_selected_renderer_compare_quick.json,Bistro,DonutVisGBuffer,success,9,0,0.73423,0.73408,0.81754,1.07626,100,1000.0,../../../../../scripts/standard_camera_bistro.csv,0.785,10,0.0,0.0,0.0,2,0.1,0.0,0.0,-10.0,60,0,1,1,1,1,0,1.0,1.0,1,0,1,600,1,0,60,0.5,9,assimp,../../../../../assets/scenes/unpacked/Bistro_v5_2/BistroExterior.fbx,0,0,1,1,256,1,0,0,1,1,9,0,60,1080,1920,1.0,1.0,-1.0,total,0.73423,visibility,0.24929,visutil_histogram,0.02989,visutil_prefix,0.00217,visutil_flatten,0.03969,gbuffer,0.22982,lighting,0.10868,tonemap,0.04102,,0.00000,,0.00000,,0.00000,,0.00000,,0.00000,,0.00000,,0.00000,,0.00000,,0.00000,,0.00000,,0.00000,,0.00000,,0.00000,,0.00000,,0.00000,,0.00000,,0.00000,,0.00000,,0.00000,,0.00000,,0.00000,,0.00000,,0.00000,,0.00000
23_real_random_selected_renderer_compare_quick.json,Bistro,DonutVisGBuffer,success,10,0,0.75712,0.78195,0.82826,0.89174,100,1000.0,../../../../../scripts/standard_camera_bistro.csv,0.785,10,0.0,0.0,0.0,2,0.1,0.0,0.0,-10.0,60,0,1,1,1,1,0,1.0,1.0,64,0,1,600,1,0,60,0.5,9,assimp,../../../../../assets/scenes/unpacked/Bistro_v5_2/BistroExterior.fbx,0,0,1,1,256,1,0,0,1,1,10,0,60,1080,1920,1.0,1.0,-1.0,total,0.75712,visibility,0.23376,visutil_histogram,0.03093,visutil_prefix,0.00206,visutil_flatten,0.04206,gbuffer,0.27821,lighting,0.09807,tonemap,0.03914,,0.00000,,0.00000,,0.00000,,0.00000,,0.00000,,0.00000,,0.00000,,0.00000,,0.00000,,0.00000,,0.00000,,0.00000,,0.00000,,0.00000,,0.00000,,0.00000,,0.00000,,0.00000,,0.00000,,0.00000,,0.00000,,0.00000,,0.00000,,0.00000
23_real_random_selected_renderer_compare_quick.json,Bistro,DonutVisGBuffer,success,11,0,0.71399,0.74554,0.77763,0.83606,100,1000.0,../../../../../scripts/standard_camera_bistro.csv,0.785,10,0.0,0.0,0.0,2,0.1,0.0,0.0,-10.0,60,0,1,1,1,1,0,0.0,1.0,64,0,1,600,1,0,60,0.5,9,assimp,../../../../../assets/scenes/unpacked/Bistro_v5_2/BistroExterior.fbx,0,0,1,1,256,1,0,0,1,1,11,0,60,1080,1920,1.0,1.0,-1.0,total,0.71399,visibility,0.23237,visutil_histogram,0.02948,visutil_prefix,0.00206,visutil_flatten,0.03962,gbuffer,0.23569,lighting,0.10351,tonemap,0.03786,,0.00000,,0.00000,,0.00000,,0.00000,,0.00000,,0.00000,,0.00000,,0.00000,,0.00000,,0.00000,,0.00000,,0.00000,,0.00000,,0.00000,,0.00000,,0.00000,,0.00000,,0.00000,,0.00000,,0.00000,,0.00000,,0.00000,,0.00000,,0.00000
23_real_random_selected_renderer_compare_quick.json,SponzaIvy,DonutDeferredPrepass,success,12,0,1.45304,1.25901,2.15600,2.41315,100,1000.0,../../../../../scripts/standard_camera.csv,0.785,10,0.0,0.0,0.0,2,0.1,0.0,0.0,-10.0,60,0,1,1,1,1,0,1.0,1.0,1,0,1,600,1,0,60,0.5,8,assimp,../../../../../assets/scenes/unpacked/main_sponza_ivy/NewSponza_Main_Ivy_glTF.gltf,0,0,1,1,256,1,0,0,1,1,12,0,60,1080,1920,1.0,1.0,-1.0,total,1.45304,depth_prepass,0.15977,geometry,1.14204,lighting,0.09802,tonemap,0.03793,,0.00000,,0.00000,,0.00000,,0.00000,,0.00000,,0.00000,,0.00000,,0.00000,,0.00000,,0.00000,,0.00000,,0.00000,,0.00000,,0.00000,,0.00000,,0.00000,,0.00000,,0.00000,,0.00000,,0.00000,,0.00000,,0.00000,,0.00000,,0.00000,,0.00000,,0.00000,,0.00000
23_real_random_selected_renderer_compare_quick.json,SponzaIvy,DonutDeferredPrepass,success,13,0,1.43825,1.25123,2.12995,2.37850,100,1000.0,../../../../../scripts/standard_camera.csv,0.785,10,0.0,0.0,0.0,2,0.1,0.0,0.0,-10.0,60,0,1,1,1,1,0,1.0,1.0,64,0,1,600,1,0,60,0.5,8,assimp,../../../../../assets/scenes/unpacked/main_sponza_ivy/NewSponza_Main_Ivy_glTF.gltf,0,0,1,1,256,1,0,0,1,1,13,0,60,1080,1920,1.0,1.0,-1.0,total,1.43825,depth_prepass,0.16081,geometry,1.12696,lighting,0.09740,tonemap,0.03791,,0.00000,,0.00000,,0.00000,,0.00000,,0.00000,,0.00000,,0.00000,,0.00000,,0.00000,,0.00000,,0.00000,,0.00000,,0.00000,,0.00000,,0.00000,,0.00000,,0.00000,,0.00000,,0.00000,,0.00000,,0.00000,,0.00000,,0.00000,,0.00000,,0.00000,,0.00000,,0.00000
23_real_random_selected_renderer_compare_quick.json,SponzaIvy,DonutDeferredPrepass,success,14,0,1.50567,1.25053,2.21622,3.38646,100,1000.0,../../../../../scripts/standard_camera.csv,0.785,10,0.0,0.0,0.0,2,0.1,0.0,0.0,-10.0,60,0,1,1,1,1,0,0.0,1.0,64,0,1,600,1,0,60,0.5,8,assimp,../../../../../assets/scenes/unpacked/main_sponza_ivy/NewSponza_Main_Ivy_glTF.gltf,0,0,1,1,256,1,0,0,1,1,14,0,60,1080,1920,1.0,1.0,-1.0,total,1.50567,depth_prepass,0.17354,geometry,1.17933,lighting,0.09842,tonemap,0.03851,,0.00000,,0.00000,,0.00000,,0.00000,,0.00000,,0.00000,,0.00000,,0.00000,,0.00000,,0.00000,,0.00000,,0.00000,,0.00000,,0.00000,,0.00000,,0.00000,,0.00000,,0.00000,,0.00000,,0.00000,,0.00000,,0.00000,,0.00000,,0.00000,,0.00000,,0.00000,,0.00000
23_real_random_selected_renderer_compare_quick.json,SponzaIvy,DonutVisGBuffer,success,15,0,1.79404,1.68554,2.62525,3.54352,100,1000.0,../../../../../scripts/standard_camera.csv,0.785,10,0.0,0.0,0.0,2,0.1,0.0,0.0,-10.0,60,0,1,1,1,1,0,1.0,1.0,1,0,1,600,1,0,60,0.5,9,assimp,../../../../../assets/scenes/unpacked/main_sponza_ivy/NewSponza_Main_Ivy_glTF.gltf,0,0,1,1,256,1,0,0,1,1,15,0,60,1080,1920,1.0,1.0,-1.0,total,1.79404,visibility,0.23203,visutil_histogram,0.02837,visutil_prefix,0.00238,visutil_flatten,0.03881,gbuffer,1.32691,lighting,0.09832,tonemap,0.03823,,0.00000,,0.00000,,0.00000,,0.00000,,0.00000,,0.00000,,0.00000,,0.00000,,0.00000,,0.00000,,0.00000,,0.00000,,0.00000,,0.00000,,0.00000,,0.00000,,0.00000,,0.00000,,0.00000,,0.00000,,0.00000,,0.00000,,0.00000,,0.00000
23_real_random_selected_renderer_compare_quick.json,SponzaIvy,DonutVisGBuffer,success,16,0,1.46210,1.41533,1.89558,2.35827,100,1000.0,../../../../../scripts/standard_camera.csv,0.785,10,0.0,0.0,0.0,2,0.1,0.0,0.0,-10.0,60,0,1,1,1,1,0,1.0,1.0,64,0,1,600,1,0,60,0.5,9,assimp,../../../../../assets/scenes/unpacked/main_sponza_ivy/NewSponza_Main_Ivy_glTF.gltf,0,0,1,1,256,1,0,0,1,1,16,0,60,1080,1920,1.0,1.0,-1.0,total,1.46210,visibility,0.22884,visutil_histogram,0.02890,visutil_prefix,0.00226,visutil_flatten,0.04010,gbuffer,0.99475,lighting,0.09808,tonemap,0.03885,,0.00000,,0.00000,,0.00000,,0.00000,,0.00000,,0.00000,,0.00000,,0.00000,,0.00000,,0.00000,,0.00000,,0.00000,,0.00000,,0.00000,,0.00000,,0.00000,,0.00000,,0.00000,,0.00000,,0.00000,,0.00000,,0.00000,,0.00000,,0.00000
23_real_random_selected_renderer_compare_quick.json,SponzaIvy,DonutVisGBuffer,success,17,0,1.75987,1.67066,2.55440,2.87498,100,1000.0,../../../../../scripts/standard_camera.csv,0.785,10,0.0,0.0,0.0,2,0.1,0.0,0.0,-10.0,60,0,1,1,1,1,0,0.0,1.0,64,0,1,600,1,0,60,0.5,9,assimp,../../../../../assets/scenes/unpacked/main_sponza_ivy/NewSponza_Main_Ivy_glTF.gltf,0,0,1,1,256,1,0,0,1,1,17,0,60,1080,1920,1.0,1.0,-1.0,total,1.75987,visibility,0.22741,visutil_histogram,0.02827,visutil_prefix,0.00233,visutil_flatten,0.03883,gbuffer,1.29576,lighting,0.09833,tonemap,0.03851,,0.00000,,0.00000,,0.00000,,0.00000,,0.00000,,0.00000,,0.00000,,0.00000,,0.00000,,0.00000,,0.00000,,0.00000,,0.00000,,0.00000,,0.00000,,0.00000,,0.00000,,0.00000,,0.00000,,0.00000,,0.00000,,0.00000,,0.00000,,0.00000
24_real_resolution_scaling_pbr_quick.json,Sponza,DonutDeferredPrepass,success,0,0,0.81126,0.74669,1.04118,1.53162,100,1000.0,../../../../../scripts/standard_camera.csv,0.785,10,0.0,0.0,0.0,2,0.1,0.0,0.0,-10.0,60,0,1,1,1,1,0,1.0,1.0,255,1,1,600,1,0,60,0.5,8,assimp,../../../../../assets/scenes/unpacked/main_sponza/NewSponza_Main_glTF_003.gltf,0,0,1,1,256,1,0,0,1,1,0,0,60,720,1280,1.0,1.0,-1.0,total,0.81126,depth_prepass,0.06027,geometry,0.67888,lighting,0.04557,tonemap,0.01230,,0.00000,,0.00000,,0.00000,,0.00000,,0.00000,,0.00000,,0.00000,,0.00000,,0.00000,,0.00000,,0.00000,,0.00000,,0.00000,,0.00000,,0.00000,,0.00000,,0.00000,,0.00000,,0.00000,,0.00000,,0.00000,,0.00000,,0.00000,,0.00000,,0.00000,,0.00000,,0.00000
24_real_resolution_scaling_pbr_quick.json,Sponza,DonutDeferredPrepass,success,1,0,1.36207,1.26544,1.77066,2.52797,100,1000.0,../../../../../scripts/standard_camera.csv,0.785,10,0.0,0.0,0.0,2,0.1,0.0,0.0,-10.0,60,0,1,1,1,1,0,1.0,1.0,255,1,1,600,1,0,60,0.5,8,assimp,../../../../../assets/scenes/unpacked/main_sponza/NewSponza_Main_glTF_003.gltf,0,0,1,1,256,1,0,0,1,1,1,0,60,1080,1920,1.0,1.0,-1.0,total,1.36207,depth_prepass,0.08255,geometry,1.12492,lighting,0.10095,tonemap,0.03934,,0.00000,,0.00000,,0.00000,,0.00000,,0.00000,,0.00000,,0.00000,,0.00000,,0.00000,,0.00000,,0.00000,,0.00000,,0.00000,,0.00000,,0.00000,,0.00000,,0.00000,,0.00000,,0.00000,,0.00000,,0.00000,,0.00000,,0.00000,,0.00000,,0.00000,,0.00000,,0.00000
24_real_resolution_scaling_pbr_quick.json,Sponza,DonutDeferredPrepass,success,2,0,1.81007,1.75946,2.37846,2.64282,100,1000.0,../../../../../scripts/standard_camera.csv,0.785,10,0.0,0.0,0.0,2,0.1,0.0,0.0,-10.0,60,0,1,1,1,1,0,1.0,1.0,255,1,1,600,1,0,60,0.5,8,assimp,../../../../../assets/scenes/unpacked/main_sponza/NewSponza_Main_glTF_003.gltf,0,0,1,1,256,1,0,0,1,1,2,0,60,1440,2560,1.0,1.0,-1.0,total,1.81007,depth_prepass,0.10457,geometry,1.43779,lighting,0.17356,tonemap,0.07959,,0.00000,,0.00000,,0.00000,,0.00000,,0.00000,,0.00000,,0.00000,,0.00000,,0.00000,,0.00000,,0.00000,,0.00000,,0.00000,,0.00000,,0.00000,,0.00000,,0.00000,,0.00000,,0.00000,,0.00000,,0.00000,,0.00000,,0.00000,,0.00000,,0.00000,,0.00000,,0.00000
24_real_resolution_scaling_pbr_quick.json,Sponza,DonutVisGBuffer,success,3,0,1.08244,1.02883,1.54374,1.82874,100,1000.0,../../../../../scripts/standard_camera.csv,0.785,10,0.0,0.0,0.0,2,0.1,0.0,0.0,-10.0,60,0,1,1,1,1,0,1.0,1.0,255,1,1,600,1,0,60,0.5,9,assimp,../../../../../assets/scenes/unpacked/main_sponza/NewSponza_Main_glTF_003.gltf,0,0,1,1,256,1,0,0,1,1,3,0,60,720,1280,1.0,1.0,-1.0,total,1.08244,visibility,0.08538,visutil_histogram,0.01460,visutil_prefix,0.00215,visutil_flatten,0.01970,gbuffer,0.87052,lighting,0.04561,tonemap,0.01225,,0.00000,,0.00000,,0.00000,,0.00000,,0.00000,,0.00000,,0.00000,,0.00000,,0.00000,,0.00000,,0.00000,,0.00000,,0.00000,,0.00000,,0.00000,,0.00000,,0.00000,,0.00000,,0.00000,,0.00000,,0.00000,,0.00000,,0.00000,,0.00000
24_real_resolution_scaling_pbr_quick.json,Sponza,DonutVisGBuffer,success,4,0,1.72249,1.65728,2.50602,2.89894,100,1000.0,../../../../../scripts/standard_camera.csv,0.785,10,0.0,0.0,0.0,2,0.1,0.0,0.0,-10.0,60,0,1,1,1,1,0,1.0,1.0,255,1,1,600,1,0,60,0.5,9,assimp,../../../../../assets/scenes/unpacked/main_sponza/NewSponza_Main_glTF_003.gltf,0,0,1,1,256,1,0,0,1,1,4,0,60,1080,1920,1.0,1.0,-1.0,total,1.72249,visibility,0.12079,visutil_histogram,0.02789,visutil_prefix,0.00235,visutil_flatten,0.03916,gbuffer,1.36813,lighting,0.09748,tonemap,0.03796,,0.00000,,0.00000,,0.00000,,0.00000,,0.00000,,0.00000,,0.00000,,0.00000,,0.00000,,0.00000,,0.00000,,0.00000,,0.00000,,0.00000,,0.00000,,0.00000,,0.00000,,0.00000,,0.00000,,0.00000,,0.00000,,0.00000,,0.00000,,0.00000
24_real_resolution_scaling_pbr_quick.json,Sponza,DonutVisGBuffer,success,5,0,2.42649,2.37229,3.42477,4.49027,100,1000.0,../../../../../scripts/standard_camera.csv,0.785,10,0.0,0.0,0.0,2,0.1,0.0,0.0,-10.0,60,0,1,1,1,1,0,1.0,1.0,255,1,1,600,1,0,60,0.5,9,assimp,../../../../../assets/scenes/unpacked/main_sponza/NewSponza_Main_glTF_003.gltf,0,0,1,1,256,1,0,0,1,1,5,0,60,1440,2560,1.0,1.0,-1.0,total,2.42649,visibility,0.15915,visutil_histogram,0.04859,visutil_prefix,0.00262,visutil_flatten,0.07529,gbuffer,1.84605,lighting,0.18130,tonemap,0.08102,,0.00000,,0.00000,,0.00000,,0.00000,,0.00000,,0.00000,,0.00000,,0.00000,,0.00000,,0.00000,,0.00000,,0.00000,,0.00000,,0.00000,,0.00000,,0.00000,,0.00000,,0.00000,,0.00000,,0.00000,,0.00000,,0.00000,,0.00000,,0.00000
24_real_resolution_scaling_pbr_quick.json,Bistro,DonutDeferredPrepass,success,6,0,0.41105,0.37210,0.57603,0.69693,100,1000.0,../../../../../scripts/standard_camera_bistro.csv,0.785,10,0.0,0.0,0.0,2,0.1,0.0,0.0,-10.0,60,0,1,1,1,1,0,1.0,1.0,255,1,1,600,1,0,60,0.5,8,assimp,../../../../../assets/scenes/unpacked/Bistro_v5_2/BistroExterior.fbx,0,0,1,1,256,1,0,0,1,1,6,0,60,720,1280,1.0,1.0,-1.0,total,0.41105,depth_prepass,0.14064,geometry,0.19809,lighting,0.04444,tonemap,0.01314,,0.00000,,0.00000,,0.00000,,0.00000,,0.00000,,0.00000,,0.00000,,0.00000,,0.00000,,0.00000,,0.00000,,0.00000,,0.00000,,0.00000,,0.00000,,0.00000,,0.00000,,0.00000,,0.00000,,0.00000,,0.00000,,0.00000,,0.00000,,0.00000,,0.00000,,0.00000,,0.00000
24_real_resolution_scaling_pbr_quick.json,Bistro,DonutDeferredPrepass,success,7,0,0.53379,0.54589,0.67194,0.71379,100,1000.0,../../../../../scripts/standard_camera_bistro.csv,0.785,10,0.0,0.0,0.0,2,0.1,0.0,0.0,-10.0,60,0,1,1,1,1,0,1.0,1.0,255,1,1,600,1,0,60,0.5,8,assimp,../../../../../assets/scenes/unpacked/Bistro_v5_2/BistroExterior.fbx,0,0,1,1,256,1,0,0,1,1,7,0,60,1080,1920,1.0,1.0,-1.0,total,0.53379,depth_prepass,0.14608,geometry,0.23761,lighting,0.09708,tonemap,0.03875,,0.00000,,0.00000,,0.00000,,0.00000,,0.00000,,0.00000,,0.00000,,0.00000,,0.00000,,0.00000,,0.00000,,0.00000,,0.00000,,0.00000,,0.00000,,0.00000,,0.00000,,0.00000,,0.00000,,0.00000,,0.00000,,0.00000,,0.00000,,0.00000,,0.00000,,0.00000,,0.00000
24_real_resolution_scaling_pbr_quick.json,Bistro,DonutDeferredPrepass,success,8,0,0.78749,0.81856,0.91053,0.98355,100,1000.0,../../../../../scripts/standard_camera_bistro.csv,0.785,10,0.0,0.0,0.0,2,0.1,0.0,0.0,-10.0,60,0,1,1,1,1,0,1.0,1.0,255,1,1,600,1,0,60,0.5,8,assimp,../../../../../assets/scenes/unpacked/Bistro_v5_2/BistroExterior.fbx,0,0,1,1,256,1,0,0,1,1,8,0,60,1440,2560,1.0,1.0,-1.0,total,0.78749,depth_prepass,0.18860,geometry,0.33086,lighting,0.17434,tonemap,0.07855,,0.00000,,0.00000,,0.00000,,0.00000,,0.00000,,0.00000,,0.00000,,0.00000,,0.00000,,0.00000,,0.00000,,0.00000,,0.00000,,0.00000,,0.00000,,0.00000,,0.00000,,0.00000,,0.00000,,0.00000,,0.00000,,0.00000,,0.00000,,0.00000,,0.00000,,0.00000,,0.00000
24_real_resolution_scaling_pbr_quick.json,Bistro,DonutVisGBuffer,success,9,0,0.45314,0.45565,0.51552,0.65136,100,1000.0,../../../../../scripts/standard_camera_bistro.csv,0.785,10,0.0,0.0,0.0,2,0.1,0.0,0.0,-10.0,60,0,1,1,1,1,0,1.0,1.0,255,1,1,600,1,0,60,0.5,9,assimp,../../../../../assets/scenes/unpacked/Bistro_v5_2/BistroExterior.fbx,0,0,1,1,256,1,0,0,1,1,9,0,60,720,1280,1.0,1.0,-1.0,total,0.45314,visibility,0.20643,visutil_histogram,0.01607,visutil_prefix,0.00252,visutil_flatten,0.02009,gbuffer,0.11527,lighting,0.04598,tonemap,0.01277,,0.00000,,0.00000,,0.00000,,0.00000,,0.00000,,0.00000,,0.00000,,0.00000,,0.00000,,0.00000,,0.00000,,0.00000,,0.00000,,0.00000,,0.00000,,0.00000,,0.00000,,0.00000,,0.00000,,0.00000,,0.00000,,0.00000,,0.00000,,0.00000
24_real_resolution_scaling_pbr_quick.json,Bistro,DonutVisGBuffer,success,10,0,0.70584,0.73206,0.78384,0.90752,100,1000.0,../../../../../scripts/standard_camera_bistro.csv,0.785,10,0.0,0.0,0.0,2,0.1,0.0,0.0,-10.0,60,0,1,1,1,1,0,1.0,1.0,255,1,1,600,1,0,60,0.5,9,assimp,../../../../../assets/scenes/unpacked/Bistro_v5_2/BistroExterior.fbx,0,0,1,1,256,1,0,0,1,1,10,0,60,1080,1920,1.0,1.0,-1.0,total,0.70584,visibility,0.23485,visutil_histogram,0.02957,visutil_prefix,0.00216,visutil_flatten,0.03989,gbuffer,0.22351,lighting,0.10505,tonemap,0.03739,,0.00000,,0.00000,,0.00000,,0.00000,,0.00000,,0.00000,,0.00000,,0.00000,,0.00000,,0.00000,,0.00000,,0.00000,,0.00000,,0.00000,,0.00000,,0.00000,,0.00000,,0.00000,,0.00000,,0.00000,,0.00000,,0.00000,,0.00000,,0.00000
24_real_resolution_scaling_pbr_quick.json,Bistro,DonutVisGBuffer,success,11,0,1.10284,1.13603,1.22522,1.32954,100,1000.0,../../../../../scripts/standard_camera_bistro.csv,0.785,10,0.0,0.0,0.0,2,0.1,0.0,0.0,-10.0,60,0,1,1,1,1,0,1.0,1.0,255,1,1,600,1,0,60,0.5,9,assimp,../../../../../assets/scenes/unpacked/Bistro_v5_2/BistroExterior.fbx,0,0,1,1,256,1,0,0,1,1,11,0,60,1440,2560,1.0,1.0,-1.0,total,1.10284,visibility,0.30520,visutil_histogram,0.04949,visutil_prefix,0.00220,visutil_flatten,0.07402,gbuffer,0.37781,lighting,0.17942,tonemap,0.08165,,0.00000,,0.00000,,0.00000,,0.00000,,0.00000,,0.00000,,0.00000,,0.00000,,0.00000,,0.00000,,0.00000,,0.00000,,0.00000,,0.00000,,0.00000,,0.00000,,0.00000,,0.00000,,0.00000,,0.00000,,0.00000,,0.00000,,0.00000,,0.00000
25_real_texture_vfc_ablation_quick.json,Sponza,DonutDeferredPrepass,success,0,0,0.34351,0.33680,0.39357,0.46589,100,1000.0,../../../../../scripts/standard_camera.csv,0.785,10,0.0,0.0,0.0,2,0.1,0.0,0.0,-10.0,60,0,1,1,1,1,0,1.0,1.0,255,1,1,600,1,0,60,0.5,8,assimp,../../../../../assets/scenes/unpacked/main_sponza/NewSponza_Main_glTF_003.gltf,0,0,1,1,256,0,0,0,1,1,0,0,60,1080,1920,1.0,1.0,-1.0,total,0.34351,depth_prepass,0.05476,geometry,0.15637,lighting,0.08675,tonemap,0.03110,,0.00000,,0.00000,,0.00000,,0.00000,,0.00000,,0.00000,,0.00000,,0.00000,,0.00000,,0.00000,,0.00000,,0.00000,,0.00000,,0.00000,,0.00000,,0.00000,,0.00000,,0.00000,,0.00000,,0.00000,,0.00000,,0.00000,,0.00000,,0.00000,,0.00000,,0.00000,,0.00000
25_real_texture_vfc_ablation_quick.json,Sponza,DonutDeferredPrepass,success,1,0,1.29114,1.24723,1.65744,1.82486,100,1000.0,../../../../../scripts/standard_camera.csv,0.785,10,0.0,0.0,0.0,2,0.1,0.0,0.0,-10.0,60,0,1,1,1,1,0,1.0,1.0,255,1,1,600,1,0,60,0.5,8,assimp,../../../../../assets/scenes/unpacked/main_sponza/NewSponza_Main_glTF_003.gltf,0,0,1,1,256,1,0,0,1,1,1,0,60,1080,1920,1.0,1.0,-1.0,total,1.29114,depth_prepass,0.07873,geometry,1.05904,lighting,0.09828,tonemap,0.03796,,0.00000,,0.00000,,0.00000,,0.00000,,0.00000,,0.00000,,0.00000,,0.00000,,0.00000,,0.00000,,0.00000,,0.00000,,0.00000,,0.00000,,0.00000,,0.00000,,0.00000,,0.00000,,0.00000,,0.00000,,0.00000,,0.00000,,0.00000,,0.00000,,0.00000,,0.00000,,0.00000
25_real_texture_vfc_ablation_quick.json,Sponza,DonutVisGBuffer,success,2,0,0.49600,0.48515,0.54970,0.61434,100,1000.0,../../../../../scripts/standard_camera.csv,0.785,10,0.0,0.0,0.0,2,0.1,0.0,0.0,-10.0,60,0,1,1,1,1,0,1.0,1.0,255,1,1,600,1,0,60,0.5,9,assimp,../../../../../assets/scenes/unpacked/main_sponza/NewSponza_Main_glTF_003.gltf,0,0,1,1,256,0,0,0,1,1,2,0,60,1080,1920,1.0,1.0,-1.0,total,0.49600,visibility,0.09680,visutil_histogram,0.02711,visutil_prefix,0.00216,visutil_flatten,0.03947,gbuffer,0.17525,lighting,0.09256,tonemap,0.03025,,0.00000,,0.00000,,0.00000,,0.00000,,0.00000,,0.00000,,0.00000,,0.00000,,0.00000,,0.00000,,0.00000,,0.00000,,0.00000,,0.00000,,0.00000,,0.00000,,0.00000,,0.00000,,0.00000,,0.00000,,0.00000,,0.00000,,0.00000,,0.00000
25_real_texture_vfc_ablation_quick.json,Sponza,DonutVisGBuffer,success,3,0,1.72173,1.64858,2.50986,2.88832,100,1000.0,../../../../../scripts/standard_camera.csv,0.785,10,0.0,0.0,0.0,2,0.1,0.0,0.0,-10.0,60,0,1,1,1,1,0,1.0,1.0,255,1,1,600,1,0,60,0.5,9,assimp,../../../../../assets/scenes/unpacked/main_sponza/NewSponza_Main_glTF_003.gltf,0,0,1,1,256,1,0,0,1,1,3,0,60,1080,1920,1.0,1.0,-1.0,total,1.72173,visibility,0.12015,visutil_histogram,0.02798,visutil_prefix,0.00237,visutil_flatten,0.03904,gbuffer,1.36748,lighting,0.09768,tonemap,0.03780,,0.00000,,0.00000,,0.00000,,0.00000,,0.00000,,0.00000,,0.00000,,0.00000,,0.00000,,0.00000,,0.00000,,0.00000,,0.00000,,0.00000,,0.00000,,0.00000,,0.00000,,0.00000,,0.00000,,0.00000,,0.00000,,0.00000,,0.00000,,0.00000
25_real_texture_vfc_ablation_quick.json,Sponza,DonutDeferredPrepass,success,4,0,1.62148,1.55357,1.89053,2.70122,100,1000.0,../../../../../scripts/standard_camera.csv,0.785,10,0.0,0.0,0.0,2,0.1,0.0,0.0,-10.0,60,0,1,1,1,1,0,1.0,1.0,255,1,1,600,1,0,60,0.5,8,assimp,../../../../../assets/scenes/unpacked/main_sponza/NewSponza_Main_glTF_003.gltf,0,0,1,1,256,1,0,0,1,0,4,0,60,1080,1920,1.0,1.0,-1.0,total,1.62148,depth_prepass,0.27324,geometry,1.19828,lighting,0.09635,tonemap,0.03876,,0.00000,,0.00000,,0.00000,,0.00000,,0.00000,,0.00000,,0.00000,,0.00000,,0.00000,,0.00000,,0.00000,,0.00000,,0.00000,,0.00000,,0.00000,,0.00000,,0.00000,,0.00000,,0.00000,,0.00000,,0.00000,,0.00000,,0.00000,,0.00000,,0.00000,,0.00000,,0.00000
25_real_texture_vfc_ablation_quick.json,Sponza,DonutDeferredPrepass,success,5,0,1.26843,1.22435,1.63312,1.81530,100,1000.0,../../../../../scripts/standard_camera.csv,0.785,10,0.0,0.0,0.0,2,0.1,0.0,0.0,-10.0,60,0,1,1,1,1,0,1.0,1.0,255,1,1,600,1,0,60,0.5,8,assimp,../../../../../assets/scenes/unpacked/main_sponza/NewSponza_Main_glTF_003.gltf,0,0,1,1,256,1,0,0,1,1,5,0,60,1080,1920,1.0,1.0,-1.0,total,1.26843,depth_prepass,0.07878,geometry,1.04165,lighting,0.09447,tonemap,0.03793,,0.00000,,0.00000,,0.00000,,0.00000,,0.00000,,0.00000,,0.00000,,0.00000,,0.00000,,0.00000,,0.00000,,0.00000,,0.00000,,0.00000,,0.00000,,0.00000,,0.00000,,0.00000,,0.00000,,0.00000,,0.00000,,0.00000,,0.00000,,0.00000,,0.00000,,0.00000,,0.00000
25_real_texture_vfc_ablation_quick.json,Sponza,DonutVisGBuffer,success,6,0,1.98128,1.91686,2.76509,3.16710,100,1000.0,../../../../../scripts/standard_camera.csv,0.785,10,0.0,0.0,0.0,2,0.1,0.0,0.0,-10.0,60,0,1,1,1,1,0,1.0,1.0,255,1,1,600,1,0,60,0.5,9,assimp,../../../../../assets/scenes/unpacked/main_sponza/NewSponza_Main_glTF_003.gltf,0,0,1,1,256,1,0,0,1,0,6,0,60,1080,1920,1.0,1.0,-1.0,total,1.98128,visibility,0.38516,visutil_histogram,0.03226,visutil_prefix,0.00264,visutil_flatten,0.03926,gbuffer,1.35959,lighting,0.09664,tonemap,0.03771,,0.00000,,0.00000,,0.00000,,0.00000,,0.00000,,0.00000,,0.00000,,0.00000,,0.00000,,0.00000,,0.00000,,0.00000,,0.00000,,0.00000,,0.00000,,0.00000,,0.00000,,0.00000,,0.00000,,0.00000,,0.00000,,0.00000,,0.00000,,0.00000
25_real_texture_vfc_ablation_quick.json,Sponza,DonutVisGBuffer,success,7,0,1.72007,1.64774,2.49587,2.89008,100,1000.0,../../../../../scripts/standard_camera.csv,0.785,10,0.0,0.0,0.0,2,0.1,0.0,0.0,-10.0,60,0,1,1,1,1,0,1.0,1.0,255,1,1,600,1,0,60,0.5,9,assimp,../../../../../assets/scenes/unpacked/main_sponza/NewSponza_Main_glTF_003.gltf,0,0,1,1,256,1,0,0,1,1,7,0,60,1080,1920,1.0,1.0,-1.0,total,1.72007,visibility,0.11945,visutil_histogram,0.02777,visutil_prefix,0.00241,visutil_flatten,0.03933,gbuffer,1.36801,lighting,0.09696,tonemap,0.03778,,0.00000,,0.00000,,0.00000,,0.00000,,0.00000,,0.00000,,0.00000,,0.00000,,0.00000,,0.00000,,0.00000,,0.00000,,0.00000,,0.00000,,0.00000,,0.00000,,0.00000,,0.00000,,0.00000,,0.00000,,0.00000,,0.00000,,0.00000,,0.00000
25_real_texture_vfc_ablation_quick.json,Bistro,DonutDeferredPrepass,success,8,0,0.52189,0.53507,0.63366,0.66227,100,1000.0,../../../../../scripts/standard_camera_bistro.csv,0.785,10,0.0,0.0,0.0,2,0.1,0.0,0.0,-10.0,60,0,1,1,1,1,0,1.0,1.0,255,1,1,600,1,0,60,0.5,8,assimp,../../../../../assets/scenes/unpacked/Bistro_v5_2/BistroExterior.fbx,0,0,1,1,256,0,0,0,1,1,8,0,60,1080,1920,1.0,1.0,-1.0,total,0.52189,depth_prepass,0.15006,geometry,0.23066,lighting,0.09028,tonemap,0.03628,,0.00000,,0.00000,,0.00000,,0.00000,,0.00000,,0.00000,,0.00000,,0.00000,,0.00000,,0.00000,,0.00000,,0.00000,,0.00000,,0.00000,,0.00000,,0.00000,,0.00000,,0.00000,,0.00000,,0.00000,,0.00000,,0.00000,,0.00000,,0.00000,,0.00000,,0.00000,,0.00000
25_real_texture_vfc_ablation_quick.json,Bistro,DonutDeferredPrepass,success,9,0,0.60628,0.57229,0.74387,0.95418,100,1000.0,../../../../../scripts/standard_camera_bistro.csv,0.785,10,0.0,0.0,0.0,2,0.1,0.0,0.0,-10.0,60,0,1,1,1,1,0,1.0,1.0,255,1,1,600,1,0,60,0.5,8,assimp,../../../../../assets/scenes/unpacked/Bistro_v5_2/BistroExterior.fbx,0,0,1,1,256,1,0,0,1,1,9,0,60,1080,1920,1.0,1.0,-1.0,total,0.60628,depth_prepass,0.16920,geometry,0.26768,lighting,0.10636,tonemap,0.04743,,0.00000,,0.00000,,0.00000,,0.00000,,0.00000,,0.00000,,0.00000,,0.00000,,0.00000,,0.00000,,0.00000,,0.00000,,0.00000,,0.00000,,0.00000,,0.00000,,0.00000,,0.00000,,0.00000,,0.00000,,0.00000,,0.00000,,0.00000,,0.00000,,0.00000,,0.00000,,0.00000
25_real_texture_vfc_ablation_quick.json,Bistro,DonutVisGBuffer,success,10,0,0.64902,0.66787,0.70611,0.78374,100,1000.0,../../../../../scripts/standard_camera_bistro.csv,0.785,10,0.0,0.0,0.0,2,0.1,0.0,0.0,-10.0,60,0,1,1,1,1,0,1.0,1.0,255,1,1,600,1,0,60,0.5,9,assimp,../../../../../assets/scenes/unpacked/Bistro_v5_2/BistroExterior.fbx,0,0,1,1,256,0,0,0,1,1,10,0,60,1080,1920,1.0,1.0,-1.0,total,0.64902,visibility,0.23850,visutil_histogram,0.02961,visutil_prefix,0.00221,visutil_flatten,0.03993,gbuffer,0.17580,lighting,0.09511,tonemap,0.03504,,0.00000,,0.00000,,0.00000,,0.00000,,0.00000,,0.00000,,0.00000,,0.00000,,0.00000,,0.00000,,0.00000,,0.00000,,0.00000,,0.00000,,0.00000,,0.00000,,0.00000,,0.00000,,0.00000,,0.00000,,0.00000,,0.00000,,0.00000,,0.00000
25_real_texture_vfc_ablation_quick.json,Bistro,DonutVisGBuffer,success,11,0,0.76628,0.75136,0.90003,1.11318,100,1000.0,../../../../../scripts/standard_camera_bistro.csv,0.785,10,0.0,0.0,0.0,2,0.1,0.0,0.0,-10.0,60,0,1,1,1,1,0,1.0,1.0,255,1,1,600,1,0,60,0.5,9,assimp,../../../../../assets/scenes/unpacked/Bistro_v5_2/BistroExterior.fbx,0,0,1,1,256,1,0,0,1,1,11,0,60,1080,1920,1.0,1.0,-1.0,total,0.76628,visibility,0.25355,visutil_histogram,0.03005,visutil_prefix,0.00217,visutil_flatten,0.04027,gbuffer,0.24769,lighting,0.11525,tonemap,0.04423,,0.00000,,0.00000,,0.00000,,0.00000,,0.00000,,0.00000,,0.00000,,0.00000,,0.00000,,0.00000,,0.00000,,0.00000,,0.00000,,0.00000,,0.00000,,0.00000,,0.00000,,0.00000,,0.00000,,0.00000,,0.00000,,0.00000,,0.00000,,0.00000
25_real_texture_vfc_ablation_quick.json,Bistro,DonutDeferredPrepass,success,12,0,0.88301,0.81872,1.25738,1.31459,100,1000.0,../../../../../scripts/standard_camera_bistro.csv,0.785,10,0.0,0.0,0.0,2,0.1,0.0,0.0,-10.0,60,0,1,1,1,1,0,1.0,1.0,255,1,1,600,1,0,60,0.5,8,assimp,../../../../../assets/scenes/unpacked/Bistro_v5_2/BistroExterior.fbx,0,0,1,1,256,1,0,0,1,0,12,0,60,1080,1920,1.0,1.0,-1.0,total,0.88301,depth_prepass,0.31544,geometry,0.41619,lighting,0.09795,tonemap,0.03905,,0.00000,,0.00000,,0.00000,,0.00000,,0.00000,,0.00000,,0.00000,,0.00000,,0.00000,,0.00000,,0.00000,,0.00000,,0.00000,,0.00000,,0.00000,,0.00000,,0.00000,,0.00000,,0.00000,,0.00000,,0.00000,,0.00000,,0.00000,,0.00000,,0.00000,,0.00000,,0.00000
25_real_texture_vfc_ablation_quick.json,Bistro,DonutDeferredPrepass,success,13,0,0.59338,0.56749,0.71680,0.94672,100,1000.0,../../../../../scripts/standard_camera_bistro.csv,0.785,10,0.0,0.0,0.0,2,0.1,0.0,0.0,-10.0,60,0,1,1,1,1,0,1.0,1.0,255,1,1,600,1,0,60,0.5,8,assimp,../../../../../assets/scenes/unpacked/Bistro_v5_2/BistroExterior.fbx,0,0,1,1,256,1,0,0,1,1,13,0,60,1080,1920,1.0,1.0,-1.0,total,0.59338,depth_prepass,0.16540,geometry,0.26226,lighting,0.10456,tonemap,0.04644,,0.00000,,0.00000,,0.00000,,0.00000,,0.00000,,0.00000,,0.00000,,0.00000,,0.00000,,0.00000,,0.00000,,0.00000,,0.00000,,0.00000,,0.00000,,0.00000,,0.00000,,0.00000,,0.00000,,0.00000,,0.00000,,0.00000,,0.00000,,0.00000,,0.00000,,0.00000,,0.00000
25_real_texture_vfc_ablation_quick.json,Bistro,DonutVisGBuffer,success,14,0,0.94418,0.94797,1.00237,1.06906,100,1000.0,../../../../../scripts/standard_camera_bistro.csv,0.785,10,0.0,0.0,0.0,2,0.1,0.0,0.0,-10.0,60,0,1,1,1,1,0,1.0,1.0,255,1,1,600,1,0,60,0.5,9,assimp,../../../../../assets/scenes/unpacked/Bistro_v5_2/BistroExterior.fbx,0,0,1,1,256,1,0,0,1,0,14,0,60,1080,1920,1.0,1.0,-1.0,total,0.94418,visibility,0.47027,visutil_histogram,0.03172,visutil_prefix,0.00213,visutil_flatten,0.04063,gbuffer,0.22644,lighting,0.10267,tonemap,0.03821,,0.00000,,0.00000,,0.00000,,0.00000,,0.00000,,0.00000,,0.00000,,0.00000,,0.00000,,0.00000,,0.00000,,0.00000,,0.00000,,0.00000,,0.00000,,0.00000,,0.00000,,0.00000,,0.00000,,0.00000,,0.00000,,0.00000,,0.00000,,0.00000
25_real_texture_vfc_ablation_quick.json,Bistro,DonutVisGBuffer,success,15,0,0.74586,0.74294,0.80707,1.10282,100,1000.0,../../../../../scripts/standard_camera_bistro.csv,0.785,10,0.0,0.0,0.0,2,0.1,0.0,0.0,-10.0,60,0,1,1,1,1,0,1.0,1.0,255,1,1,600,1,0,60,0.5,9,assimp,../../../../../assets/scenes/unpacked/Bistro_v5_2/BistroExterior.fbx,0,0,1,1,256,1,0,0,1,1,15,0,60,1080,1920,1.0,1.0,-1.0,total,0.74586,visibility,0.25000,visutil_histogram,0.02999,visutil_prefix,0.00221,visutil_flatten,0.03991,gbuffer,0.23927,lighting,0.11012,tonemap,0.04153,,0.00000,,0.00000,,0.00000,,0.00000,,0.00000,,0.00000,,0.00000,,0.00000,,0.00000,,0.00000,,0.00000,,0.00000,,0.00000,,0.00000,,0.00000,,0.00000,,0.00000,,0.00000,,0.00000,,0.00000,,0.00000,,0.00000,,0.00000,,0.00000
30_final_selected_full_camera.json,Sponza,DonutDeferredPrepass,success,0,0,1.39474,1.57731,2.00883,2.27232,100,1000.0,../../../../../scripts/standard_camera.csv,0.785,10,0.0,0.0,0.0,2,0.1,0.0,0.0,-10.0,60,0,1,1,1,1,0,1.0,1.0,255,1,1,2500,1,0,60,0.5,8,assimp,../../../../../assets/scenes/unpacked/main_sponza/NewSponza_Main_glTF_003.gltf,0,0,1,1,256,1,0,0,1,1,0,0,60,1080,1920,1.0,1.0,-1.0,total,1.39474,depth_prepass,0.20188,geometry,1.04884,lighting,0.09160,tonemap,0.03616,,0.00000,,0.00000,,0.00000,,0.00000,,0.00000,,0.00000,,0.00000,,0.00000,,0.00000,,0.00000,,0.00000,,0.00000,,0.00000,,0.00000,,0.00000,,0.00000,,0.00000,,0.00000,,0.00000,,0.00000,,0.00000,,0.00000,,0.00000,,0.00000,,0.00000,,0.00000,,0.00000
30_final_selected_full_camera.json,Sponza,DonutVisGBuffer,success,1,0,2.44413,2.46742,4.60822,5.22877,100,1000.0,../../../../../scripts/standard_camera.csv,0.785,10,0.0,0.0,0.0,2,0.1,0.0,0.0,-10.0,60,0,1,1,1,1,0,1.0,1.0,255,1,1,2500,1,0,60,0.5,9,assimp,../../../../../assets/scenes/unpacked/main_sponza/NewSponza_Main_glTF_003.gltf,0,0,1,1,256,1,0,0,1,1,1,0,60,1080,1920,1.0,1.0,-1.0,total,2.44413,visibility,0.28724,visutil_histogram,0.02787,visutil_prefix,0.00271,visutil_flatten,0.03672,gbuffer,1.93194,lighting,0.09287,tonemap,0.03598,,0.00000,,0.00000,,0.00000,,0.00000,,0.00000,,0.00000,,0.00000,,0.00000,,0.00000,,0.00000,,0.00000,,0.00000,,0.00000,,0.00000,,0.00000,,0.00000,,0.00000,,0.00000,,0.00000,,0.00000,,0.00000,,0.00000,,0.00000,,0.00000
30_final_selected_full_camera.json,Sponza,DonutVisGBuffer,success,2,0,2.38545,2.41130,4.49690,5.18896,100,1000.0,../../../../../scripts/standard_camera.csv,0.785,10,0.0,0.0,0.0,2,0.1,0.0,0.0,-10.0,60,0,1,1,1,1,0,0.0,1.0,64,0,1,2500,1,0,60,0.5,9,assimp,../../../../../assets/scenes/unpacked/main_sponza/NewSponza_Main_glTF_003.gltf,0,0,1,1,256,1,0,0,1,1,2,0,60,1080,1920,1.0,1.0,-1.0,total,2.38545,visibility,0.28596,visutil_histogram,0.02776,visutil_prefix,0.00266,visutil_flatten,0.03656,gbuffer,1.87523,lighting,0.09382,tonemap,0.03612,,0.00000,,0.00000,,0.00000,,0.00000,,0.00000,,0.00000,,0.00000,,0.00000,,0.00000,,0.00000,,0.00000,,0.00000,,0.00000,,0.00000,,0.00000,,0.00000,,0.00000,,0.00000,,0.00000,,0.00000,,0.00000,,0.00000,,0.00000,,0.00000
30_final_selected_full_camera.json,Sponza,DonutVisGBuffer,success,3,0,1.50920,1.63171,2.17942,2.38214,100,1000.0,../../../../../scripts/standard_camera.csv,0.785,10,0.0,0.0,0.0,2,0.1,0.0,0.0,-10.0,60,0,1,1,1,1,0,1.0,1.0,64,0,1,2500,1,0,60,0.5,9,assimp,../../../../../assets/scenes/unpacked/main_sponza/NewSponza_Main_glTF_003.gltf,0,0,1,1,256,1,0,0,1,1,3,0,60,1080,1920,1.0,1.0,-1.0,total,1.50920,visibility,0.28558,visutil_histogram,0.02809,visutil_prefix,0.00254,visutil_flatten,0.03764,gbuffer,0.99733,lighting,0.09274,tonemap,0.03662,,0.00000,,0.00000,,0.00000,,0.00000,,0.00000,,0.00000,,0.00000,,0.00000,,0.00000,,0.00000,,0.00000,,0.00000,,0.00000,,0.00000,,0.00000,,0.00000,,0.00000,,0.00000,,0.00000,,0.00000,,0.00000,,0.00000,,0.00000,,0.00000
30_final_selected_full_camera.json,Bistro,DonutDeferredPrepass,success,4,0,0.55656,0.54362,0.76531,0.87075,100,1000.0,../../../../../scripts/standard_camera_bistro.csv,0.785,10,0.0,0.0,0.0,2,0.1,0.0,0.0,-10.0,60,0,1,1,1,1,0,1.0,1.0,255,1,1,5500,1,0,60,0.5,8,assimp,../../../../../assets/scenes/unpacked/Bistro_v5_2/BistroExterior.fbx,0,0,1,1,256,1,0,0,1,1,4,0,60,1080,1920,1.0,1.0,-1.0,total,0.55656,depth_prepass,0.16056,geometry,0.24854,lighting,0.09533,tonemap,0.03785,,0.00000,,0.00000,,0.00000,,0.00000,,0.00000,,0.00000,,0.00000,,0.00000,,0.00000,,0.00000,,0.00000,,0.00000,,0.00000,,0.00000,,0.00000,,0.00000,,0.00000,,0.00000,,0.00000,,0.00000,,0.00000,,0.00000,,0.00000,,0.00000,,0.00000,,0.00000,,0.00000
30_final_selected_full_camera.json,Bistro,DonutVisGBuffer,success,5,0,0.71095,0.71501,0.87030,1.01622,100,1000.0,../../../../../scripts/standard_camera_bistro.csv,0.785,10,0.0,0.0,0.0,2,0.1,0.0,0.0,-10.0,60,0,1,1,1,1,0,1.0,1.0,255,1,1,5500,1,0,60,0.5,9,assimp,../../../../../assets/scenes/unpacked/Bistro_v5_2/BistroExterior.fbx,0,0,1,1,256,1,0,0,1,1,5,0,60,1080,1920,1.0,1.0,-1.0,total,0.71095,visibility,0.25466,visutil_histogram,0.02922,visutil_prefix,0.00238,visutil_flatten,0.03942,gbuffer,0.21753,lighting,0.10089,tonemap,0.03663,,0.00000,,0.00000,,0.00000,,0.00000,,0.00000,,0.00000,,0.00000,,0.00000,,0.00000,,0.00000,,0.00000,,0.00000,,0.00000,,0.00000,,0.00000,,0.00000,,0.00000,,0.00000,,0.00000,,0.00000,,0.00000,,0.00000,,0.00000,,0.00000
30_final_selected_full_camera.json,Bistro,DonutVisGBuffer,success,6,0,0.72243,0.73024,0.88074,1.03661,100,1000.0,../../../../../scripts/standard_camera_bistro.csv,0.785,10,0.0,0.0,0.0,2,0.1,0.0,0.0,-10.0,60,0,1,1,1,1,0,0.0,1.0,64,0,1,5500,1,0,60,0.5,9,assimp,../../../../../assets/scenes/unpacked/Bistro_v5_2/BistroExterior.fbx,0,0,1,1,256,1,0,0,1,1,6,0,60,1080,1920,1.0,1.0,-1.0,total,0.72243,visibility,0.25418,visutil_histogram,0.02915,visutil_prefix,0.00237,visutil_flatten,0.03928,gbuffer,0.23016,lighting,0.10109,tonemap,0.03653,,0.00000,,0.00000,,0.00000,,0.00000,,0.00000,,0.00000,,0.00000,,0.00000,,0.00000,,0.00000,,0.00000,,0.00000,,0.00000,,0.00000,,0.00000,,0.00000,,0.00000,,0.00000,,0.00000,,0.00000,,0.00000,,0.00000,,0.00000,,0.00000
30_final_selected_full_camera.json,Bistro,DonutVisGBuffer,success,7,0,0.76248,0.76669,0.92608,1.07440,100,1000.0,../../../../../scripts/standard_camera_bistro.csv,0.785,10,0.0,0.0,0.0,2,0.1,0.0,0.0,-10.0,60,0,1,1,1,1,0,1.0,1.0,64,0,1,5500,1,0,60,0.5,9,assimp,../../../../../assets/scenes/unpacked/Bistro_v5_2/BistroExterior.fbx,0,0,1,1,256,1,0,0,1,1,7,0,60,1080,1920,1.0,1.0,-1.0,total,0.76248,visibility,0.25492,visutil_histogram,0.03070,visutil_prefix,0.00234,visutil_flatten,0.04183,gbuffer,0.26938,lighting,0.09573,tonemap,0.03787,,0.00000,,0.00000,,0.00000,,0.00000,,0.00000,,0.00000,,0.00000,,0.00000,,0.00000,,0.00000,,0.00000,,0.00000,,0.00000,,0.00000,,0.00000,,0.00000,,0.00000,,0.00000,,0.00000,,0.00000,,0.00000,,0.00000,,0.00000,,0.00000
30_final_selected_full_camera.json,SponzaIvy,DonutDeferredPrepass,success,8,0,1.93248,2.15216,2.93264,3.15578,100,1000.0,../../../../../scripts/standard_camera.csv,0.785,10,0.0,0.0,0.0,2,0.1,0.0,0.0,-10.0,60,0,1,1,1,1,0,1.0,1.0,255,1,1,2500,1,0,60,0.5,8,assimp,../../../../../assets/scenes/unpacked/main_sponza_ivy/NewSponza_Main_Ivy_glTF.gltf,0,0,1,1,256,1,0,0,1,1,8,0,60,1080,1920,1.0,1.0,-1.0,total,1.93248,depth_prepass,0.47293,geometry,1.31285,lighting,0.09105,tonemap,0.03612,,0.00000,,0.00000,,0.00000,,0.00000,,0.00000,,0.00000,,0.00000,,0.00000,,0.00000,,0.00000,,0.00000,,0.00000,,0.00000,,0.00000,,0.00000,,0.00000,,0.00000,,0.00000,,0.00000,,0.00000,,0.00000,,0.00000,,0.00000,,0.00000,,0.00000,,0.00000,,0.00000
30_final_selected_full_camera.json,SponzaIvy,DonutVisGBuffer,success,9,0,2.72806,2.91766,5.06093,5.63267,100,1000.0,../../../../../scripts/standard_camera.csv,0.785,10,0.0,0.0,0.0,2,0.1,0.0,0.0,-10.0,60,0,1,1,1,1,0,1.0,1.0,255,1,1,2500,1,0,60,0.5,9,assimp,../../../../../assets/scenes/unpacked/main_sponza_ivy/NewSponza_Main_Ivy_glTF.gltf,0,0,1,1,256,1,0,0,1,1,9,0,60,1080,1920,1.0,1.0,-1.0,total,2.72806,visibility,0.62708,visutil_histogram,0.02924,visutil_prefix,0.00267,visutil_flatten,0.03688,gbuffer,1.87474,lighting,0.09239,tonemap,0.03648,,0.00000,,0.00000,,0.00000,,0.00000,,0.00000,,0.00000,,0.00000,,0.00000,,0.00000,,0.00000,,0.00000,,0.00000,,0.00000,,0.00000,,0.00000,,0.00000,,0.00000,,0.00000,,0.00000,,0.00000,,0.00000,,0.00000,,0.00000,,0.00000
30_final_selected_full_camera.json,SponzaIvy,DonutVisGBuffer,success,10,0,2.78743,2.87290,5.20368,6.06794,100,1000.0,../../../../../scripts/standard_camera.csv,0.785,10,0.0,0.0,0.0,2,0.1,0.0,0.0,-10.0,60,0,1,1,1,1,0,0.0,1.0,64,0,1,2500,1,0,60,0.5,9,assimp,../../../../../assets/scenes/unpacked/main_sponza_ivy/NewSponza_Main_Ivy_glTF.gltf,0,0,1,1,256,1,0,0,1,1,10,0,60,1080,1920,1.0,1.0,-1.0,total,2.78743,visibility,0.62389,visutil_histogram,0.02889,visutil_prefix,0.00260,visutil_flatten,0.03636,gbuffer,1.94053,lighting,0.09208,tonemap,0.03615,,0.00000,,0.00000,,0.00000,,0.00000,,0.00000,,0.00000,,0.00000,,0.00000,,0.00000,,0.00000,,0.00000,,0.00000,,0.00000,,0.00000,,0.00000,,0.00000,,0.00000,,0.00000,,0.00000,,0.00000,,0.00000,,0.00000,,0.00000,,0.00000
30_final_selected_full_camera.json,SponzaIvy,DonutVisGBuffer,success,11,0,1.84477,2.03024,2.76499,2.94998,100,1000.0,../../../../../scripts/standard_camera.csv,0.785,10,0.0,0.0,0.0,2,0.1,0.0,0.0,-10.0,60,0,1,1,1,1,0,1.0,1.0,64,0,1,2500,1,0,60,0.5,9,assimp,../../../../../assets/scenes/unpacked/main_sponza_ivy/NewSponza_Main_Ivy_glTF.gltf,0,0,1,1,256,1,0,0,1,1,11,0,60,1080,1920,1.0,1.0,-1.0,total,1.84477,visibility,0.62514,visutil_histogram,0.02950,visutil_prefix,0.00263,visutil_flatten,0.03762,gbuffer,0.99395,lighting,0.09229,tonemap,0.03635,,0.00000,,0.00000,,0.00000,,0.00000,,0.00000,,0.00000,,0.00000,,0.00000,,0.00000,,0.00000,,0.00000,,0.00000,,0.00000,,0.00000,,0.00000,,0.00000,,0.00000,,0.00000,,0.00000,,0.00000,,0.00000,,0.00000,,0.00000,,0.00000
31_capture_representative_frames.json,Synthetic,DonutVisGBuffer,success,0,0,0.27688,0.27472,0.27779,0.28531,100,1000.0,../../../../../scripts/standard_camera.csv,0.785,10,0.0,0.0,0.0,0,0.1,0.0,0.0,-10.0,60,1,120,1,1,64,0,1.0,1.0,64,0,1,120,1,0,60,0.5,9,assimp,../../../../../assets/scenes/unpacked/main_sponza/NewSponza_Main_glTF_003.gltf,1,0,1,1,256,0,0,0,0,0,0,0,60,1080,1920,1.0,1.0,-1.0,total,0.27688,visibility,0.01022,visutil_histogram,0.02044,visutil_prefix,0.00202,visutil_flatten,0.02541,gbuffer,0.07212,lighting,0.08518,tonemap,0.02674,,0.00000,,0.00000,,0.00000,,0.00000,,0.00000,,0.00000,,0.00000,,0.00000,,0.00000,,0.00000,,0.00000,,0.00000,,0.00000,,0.00000,,0.00000,,0.00000,,0.00000,,0.00000,,0.00000,,0.00000,,0.00000,,0.00000,,0.00000,,0.00000
31_capture_representative_frames.json,Synthetic,DonutVisGBuffer,success,1,0,0.28483,0.28250,0.28560,0.29110,100,1000.0,../../../../../scripts/standard_camera.csv,0.785,10,0.0,0.0,0.0,0,0.1,0.0,0.0,-10.0,60,1,120,1,1,64,0,1.0,0.0,64,0,1,120,1,0,60,0.5,9,assimp,../../../../../assets/scenes/unpacked/main_sponza/NewSponza_Main_glTF_003.gltf,1,0,1,1,256,0,0,0,0,0,1,0,60,1080,1920,1.0,1.0,-1.0,total,0.28483,visibility,0.01397,visutil_histogram,0.02018,visutil_prefix,0.00205,visutil_flatten,0.02544,gbuffer,0.07261,lighting,0.08517,tonemap,0.03050,,0.00000,,0.00000,,0.00000,,0.00000,,0.00000,,0.00000,,0.00000,,0.00000,,0.00000,,0.00000,,0.00000,,0.00000,,0.00000,,0.00000,,0.00000,,0.00000,,0.00000,,0.00000,,0.00000,,0.00000,,0.00000,,0.00000,,0.00000,,0.00000
31_capture_representative_frames.json,Sponza,DonutDeferredPrepass,success,2,0,1.27520,1.22416,1.63133,1.83405,100,1000.0,../../../../../scripts/standard_camera.csv,0.785,10,0.0,0.0,0.0,2,0.1,0.0,0.0,-10.0,60,1,120,1,1,1,0,1.0,1.0,255,1,1,600,1,0,60,0.5,8,assimp,../../../../../assets/scenes/unpacked/main_sponza/NewSponza_Main_glTF_003.gltf,0,0,1,1,256,1,0,0,1,1,2,0,60,1080,1920,1.0,1.0,-1.0,total,1.27520,depth_prepass,0.07854,geometry,1.04662,lighting,0.09543,tonemap,0.03799,,0.00000,,0.00000,,0.00000,,0.00000,,0.00000,,0.00000,,0.00000,,0.00000,,0.00000,,0.00000,,0.00000,,0.00000,,0.00000,,0.00000,,0.00000,,0.00000,,0.00000,,0.00000,,0.00000,,0.00000,,0.00000,,0.00000,,0.00000,,0.00000,,0.00000,,0.00000,,0.00000
31_capture_representative_frames.json,Sponza,DonutVisGBuffer,success,3,0,1.69929,1.64864,2.45875,2.88083,100,1000.0,../../../../../scripts/standard_camera.csv,0.785,10,0.0,0.0,0.0,2,0.1,0.0,0.0,-10.0,60,1,120,1,1,1,0,1.0,1.0,255,1,1,600,1,0,60,0.5,9,assimp,../../../../../assets/scenes/unpacked/main_sponza/NewSponza_Main_glTF_003.gltf,0,0,1,1,256,1,0,0,1,1,3,0,60,1080,1920,1.0,1.0,-1.0,total,1.69929,visibility,0.12084,visutil_histogram,0.02775,visutil_prefix,0.00260,visutil_flatten,0.03895,gbuffer,1.34562,lighting,0.09582,tonemap,0.03785,,0.00000,,0.00000,,0.00000,,0.00000,,0.00000,,0.00000,,0.00000,,0.00000,,0.00000,,0.00000,,0.00000,,0.00000,,0.00000,,0.00000,,0.00000,,0.00000,,0.00000,,0.00000,,0.00000,,0.00000,,0.00000,,0.00000,,0.00000,,0.00000
31_capture_representative_frames.json,Bistro,DonutDeferredPrepass,success,4,0,0.56609,0.56090,0.70173,0.87101,100,1000.0,../../../../../scripts/standard_camera_bistro.csv,0.785,10,0.0,0.0,0.0,2,0.1,0.0,0.0,-10.0,60,1,120,1,1,1,0,1.0,1.0,255,1,1,600,1,0,60,0.5,8,assimp,../../../../../assets/scenes/unpacked/Bistro_v5_2/BistroExterior.fbx,0,0,1,1,256,1,0,0,1,1,4,0,60,1080,1920,1.0,1.0,-1.0,total,0.56609,depth_prepass,0.15711,geometry,0.25142,lighting,0.09921,tonemap,0.04141,,0.00000,,0.00000,,0.00000,,0.00000,,0.00000,,0.00000,,0.00000,,0.00000,,0.00000,,0.00000,,0.00000,,0.00000,,0.00000,,0.00000,,0.00000,,0.00000,,0.00000,,0.00000,,0.00000,,0.00000,,0.00000,,0.00000,,0.00000,,0.00000,,0.00000,,0.00000,,0.00000
31_capture_representative_frames.json,Bistro,DonutVisGBuffer,success,5,0,0.72781,0.73610,0.79613,1.05597,100,1000.0,../../../../../scripts/standard_camera_bistro.csv,0.785,10,0.0,0.0,0.0,2,0.1,0.0,0.0,-10.0,60,1,120,1,1,1,0,1.0,1.0,255,1,1,600,1,0,60,0.5,9,assimp,../../../../../assets/scenes/unpacked/Bistro_v5_2/BistroExterior.fbx,0,0,1,1,256,1,0,0,1,1,5,0,60,1080,1920,1.0,1.0,-1.0,total,0.72781,visibility,0.24440,visutil_histogram,0.02971,visutil_prefix,0.00222,visutil_flatten,0.03983,gbuffer,0.23103,lighting,0.10650,tonemap,0.03953,,0.00000,,0.00000,,0.00000,,0.00000,,0.00000,,0.00000,,0.00000,,0.00000,,0.00000,,0.00000,,0.00000,,0.00000,,0.00000,,0.00000,,0.00000,,0.00000,,0.00000,,0.00000,,0.00000,,0.00000,,0.00000,,0.00000,,0.00000,,0.00000
31_capture_representative_frames.json,SponzaIvy,DonutDeferredPrepass,success,6,0,1.45592,1.25574,2.14656,2.44170,100,1000.0,../../../../../scripts/standard_camera.csv,0.785,10,0.0,0.0,0.0,2,0.1,0.0,0.0,-10.0,60,1,120,1,1,1,0,1.0,1.0,255,1,1,600,1,0,60,0.5,8,assimp,../../../../../assets/scenes/unpacked/main_sponza_ivy/NewSponza_Main_Ivy_glTF.gltf,0,0,1,1,256,1,0,0,1,1,6,0,60,1080,1920,1.0,1.0,-1.0,total,1.45592,depth_prepass,0.16595,geometry,1.14033,lighting,0.09496,tonemap,0.03801,,0.00000,,0.00000,,0.00000,,0.00000,,0.00000,,0.00000,,0.00000,,0.00000,,0.00000,,0.00000,,0.00000,,0.00000,,0.00000,,0.00000,,0.00000,,0.00000,,0.00000,,0.00000,,0.00000,,0.00000,,0.00000,,0.00000,,0.00000,,0.00000,,0.00000,,0.00000,,0.00000
31_capture_representative_frames.json,SponzaIvy,DonutVisGBuffer,success,7,0,1.82684,1.75203,2.63558,3.12250,100,1000.0,../../../../../scripts/standard_camera.csv,0.785,10,0.0,0.0,0.0,2,0.1,0.0,0.0,-10.0,60,1,120,1,1,1,0,1.0,1.0,255,1,1,600,1,0,60,0.5,9,assimp,../../../../../assets/scenes/unpacked/main_sponza_ivy/NewSponza_Main_Ivy_glTF.gltf,0,0,1,1,256,1,0,0,1,1,7,0,60,1080,1920,1.0,1.0,-1.0,total,1.82684,visibility,0.22813,visutil_histogram,0.02828,visutil_prefix,0.00261,visutil_flatten,0.03895,gbuffer,1.36607,lighting,0.09568,tonemap,0.03792,,0.00000,,0.00000,,0.00000,,0.00000,,0.00000,,0.00000,,0.00000,,0.00000,,0.00000,,0.00000,,0.00000,,0.00000,,0.00000,,0.00000,,0.00000,,0.00000,,0.00000,,0.00000,,0.00000,,0.00000,,0.00000,,0.00000,,0.00000,,0.00000
32_nsight_representative_cases.json,Synthetic,DonutVisGBuffer,success,0,0,0.23386,0.23392,0.23421,0.23610,100,1000.0,../../../../../scripts/standard_camera.csv,0.785,10,0.0,0.0,0.0,0,0.1,0.0,0.0,-10.0,60,0,1,1,1,64,0,1.0,1.0,1,0,1,300,1,0,60,0.5,9,assimp,../../../../../assets/scenes/unpacked/main_sponza/NewSponza_Main_glTF_003.gltf,1,0,1,1,256,0,0,0,0,0,0,0,120,1080,1920,1.0,1.0,-1.0,total,0.23386,visibility,0.00991,visutil_histogram,0.01999,visutil_prefix,0.00211,visutil_flatten,0.02495,gbuffer,0.03284,lighting,0.08502,tonemap,0.02617,,0.00000,,0.00000,,0.00000,,0.00000,,0.00000,,0.00000,,0.00000,,0.00000,,0.00000,,0.00000,,0.00000,,0.00000,,0.00000,,0.00000,,0.00000,,0.00000,,0.00000,,0.00000,,0.00000,,0.00000,,0.00000,,0.00000,,0.00000,,0.00000
32_nsight_representative_cases.json,Synthetic,DonutVisGBuffer,success,1,0,0.27387,0.27341,0.27696,0.27930,100,1000.0,../../../../../scripts/standard_camera.csv,0.785,10,0.0,0.0,0.0,0,0.1,0.0,0.0,-10.0,60,0,1,1,1,64,0,1.0,1.0,64,0,1,300,1,0,60,0.5,9,assimp,../../../../../assets/scenes/unpacked/main_sponza/NewSponza_Main_glTF_003.gltf,1,0,1,1,256,0,0,0,0,0,1,0,120,1080,1920,1.0,1.0,-1.0,total,0.27387,visibility,0.01006,visutil_histogram,0.02043,visutil_prefix,0.00202,visutil_flatten,0.02545,gbuffer,0.07215,lighting,0.08520,tonemap,0.02664,,0.00000,,0.00000,,0.00000,,0.00000,,0.00000,,0.00000,,0.00000,,0.00000,,0.00000,,0.00000,,0.00000,,0.00000,,0.00000,,0.00000,,0.00000,,0.00000,,0.00000,,0.00000,,0.00000,,0.00000,,0.00000,,0.00000,,0.00000,,0.00000
32_nsight_representative_cases.json,Synthetic,DonutVisGBuffer,success,2,0,0.28002,0.27952,0.28307,0.28758,100,1000.0,../../../../../scripts/standard_camera.csv,0.785,10,0.0,0.0,0.0,0,0.1,0.0,0.0,-10.0,60,0,1,1,1,64,0,1.0,0.0,64,0,1,300,1,0,60,0.5,9,assimp,../../../../../assets/scenes/unpacked/main_sponza/NewSponza_Main_glTF_003.gltf,1,0,1,1,256,0,0,0,0,0,2,0,120,1080,1920,1.0,1.0,-1.0,total,0.28002,visibility,0.01388,visutil_histogram,0.02018,visutil_prefix,0.00205,visutil_flatten,0.02544,gbuffer,0.07234,lighting,0.08523,tonemap,0.02856,,0.00000,,0.00000,,0.00000,,0.00000,,0.00000,,0.00000,,0.00000,,0.00000,,0.00000,,0.00000,,0.00000,,0.00000,,0.00000,,0.00000,,0.00000,,0.00000,,0.00000,,0.00000,,0.00000,,0.00000,,0.00000,,0.00000,,0.00000,,0.00000
32_nsight_representative_cases.json,Synthetic,DonutVisGBuffer,success,3,0,0.50535,0.49347,0.54723,0.55798,100,1000.0,../../../../../scripts/standard_camera.csv,0.785,10,0.0,0.0,0.0,0,0.1,0.0,0.0,-10.0,60,0,1,1,1,64,0,1.0,0.0,255,0,1,300,1,0,60,0.5,9,assimp,../../../../../assets/scenes/unpacked/main_sponza/NewSponza_Main_glTF_003.gltf,1,0,1,1,256,0,0,0,0,0,3,0,120,1080,1920,1.0,1.0,-1.0,total,0.50535,visibility,0.01497,visutil_histogram,0.02051,visutil_prefix,0.00222,visutil_flatten,0.02582,gbuffer,0.28876,lighting,0.08539,tonemap,0.03622,,0.00000,,0.00000,,0.00000,,0.00000,,0.00000,,0.00000,,0.00000,,0.00000,,0.00000,,0.00000,,0.00000,,0.00000,,0.00000,,0.00000,,0.00000,,0.00000,,0.00000,,0.00000,,0.00000,,0.00000,,0.00000,,0.00000,,0.00000,,0.00000
32_nsight_representative_cases.json,Sponza,DonutDeferredPrepass,success,4,0,1.37592,1.39693,1.67830,1.85184,100,1000.0,../../../../../scripts/standard_camera.csv,0.785,10,0.0,0.0,0.0,2,0.1,0.0,0.0,-10.0,60,0,1,1,1,1,0,1.0,1.0,255,1,1,300,1,0,60,0.5,8,assimp,../../../../../assets/scenes/unpacked/main_sponza/NewSponza_Main_glTF_003.gltf,0,0,1,1,256,1,0,0,1,1,4,0,120,1080,1920,1.0,1.0,-1.0,total,1.37592,depth_prepass,0.09898,geometry,1.12618,lighting,0.09867,tonemap,0.03774,,0.00000,,0.00000,,0.00000,,0.00000,,0.00000,,0.00000,,0.00000,,0.00000,,0.00000,,0.00000,,0.00000,,0.00000,,0.00000,,0.00000,,0.00000,,0.00000,,0.00000,,0.00000,,0.00000,,0.00000,,0.00000,,0.00000,,0.00000,,0.00000,,0.00000,,0.00000,,0.00000
32_nsight_representative_cases.json,Sponza,DonutVisGBuffer,success,5,0,1.93494,1.85462,2.67066,2.95082,100,1000.0,../../../../../scripts/standard_camera.csv,0.785,10,0.0,0.0,0.0,2,0.1,0.0,0.0,-10.0,60,0,1,1,1,1,0,1.0,1.0,255,1,1,300,1,0,60,0.5,9,assimp,../../../../../assets/scenes/unpacked/main_sponza/NewSponza_Main_glTF_003.gltf,0,0,1,1,256,1,0,0,1,1,5,0,120,1080,1920,1.0,1.0,-1.0,total,1.93494,visibility,0.15783,visutil_histogram,0.02880,visutil_prefix,0.00224,visutil_flatten,0.03899,gbuffer,1.54059,lighting,0.09862,tonemap,0.03754,,0.00000,,0.00000,,0.00000,,0.00000,,0.00000,,0.00000,,0.00000,,0.00000,,0.00000,,0.00000,,0.00000,,0.00000,,0.00000,,0.00000,,0.00000,,0.00000,,0.00000,,0.00000,,0.00000,,0.00000,,0.00000,,0.00000,,0.00000,,0.00000
32_nsight_representative_cases.json,Sponza,DonutVisGBuffer,success,6,0,1.38675,1.38640,1.66634,1.84438,100,1000.0,../../../../../scripts/standard_camera.csv,0.785,10,0.0,0.0,0.0,2,0.1,0.0,0.0,-10.0,60,0,1,1,1,1,0,1.0,1.0,64,0,1,300,1,0,60,0.5,9,assimp,../../../../../assets/scenes/unpacked/main_sponza/NewSponza_Main_glTF_003.gltf,0,0,1,1,256,1,0,0,1,1,6,0,120,1080,1920,1.0,1.0,-1.0,total,1.38675,visibility,0.15526,visutil_histogram,0.02949,visutil_prefix,0.00218,visutil_flatten,0.04023,gbuffer,0.99273,lighting,0.09697,tonemap,0.03833,,0.00000,,0.00000,,0.00000,,0.00000,,0.00000,,0.00000,,0.00000,,0.00000,,0.00000,,0.00000,,0.00000,,0.00000,,0.00000,,0.00000,,0.00000,,0.00000,,0.00000,,0.00000,,0.00000,,0.00000,,0.00000,,0.00000,,0.00000,,0.00000
32_nsight_representative_cases.json,Bistro,DonutDeferredPrepass,success,7,0,0.49110,0.44614,0.62522,0.70243,100,1000.0,../../../../../scripts/standard_camera_bistro.csv,0.785,10,0.0,0.0,0.0,2,0.1,0.0,0.0,-10.0,60,0,1,1,1,1,0,1.0,1.0,255,1,1,300,1,0,60,0.5,8,assimp,../../../../../assets/scenes/unpacked/Bistro_v5_2/BistroExterior.fbx,0,0,1,1,256,1,0,0,1,1,7,0,120,1080,1920,1.0,1.0,-1.0,total,0.49110,depth_prepass,0.13040,geometry,0.21564,lighting,0.09385,tonemap,0.03715,,0.00000,,0.00000,,0.00000,,0.00000,,0.00000,,0.00000,,0.00000,,0.00000,,0.00000,,0.00000,,0.00000,,0.00000,,0.00000,,0.00000,,0.00000,,0.00000,,0.00000,,0.00000,,0.00000,,0.00000,,0.00000,,0.00000,,0.00000,,0.00000,,0.00000,,0.00000,,0.00000
32_nsight_representative_cases.json,Bistro,DonutVisGBuffer,success,8,0,0.75799,0.73091,1.03654,1.11475,100,1000.0,../../../../../scripts/standard_camera_bistro.csv,0.785,10,0.0,0.0,0.0,2,0.1,0.0,0.0,-10.0,60,0,1,1,1,1,0,1.0,1.0,255,1,1,300,1,0,60,0.5,9,assimp,../../../../../assets/scenes/unpacked/Bistro_v5_2/BistroExterior.fbx,0,0,1,1,256,1,0,0,1,1,8,0,120,1080,1920,1.0,1.0,-1.0,total,0.75799,visibility,0.26361,visutil_histogram,0.03005,visutil_prefix,0.00220,visutil_flatten,0.03866,gbuffer,0.23288,lighting,0.11317,tonemap,0.04413,,0.00000,,0.00000,,0.00000,,0.00000,,0.00000,,0.00000,,0.00000,,0.00000,,0.00000,,0.00000,,0.00000,,0.00000,,0.00000,,0.00000,,0.00000,,0.00000,,0.00000,,0.00000,,0.00000,,0.00000,,0.00000,,0.00000,,0.00000,,0.00000
32_nsight_representative_cases.json,Bistro,DonutVisGBuffer,success,9,0,0.76600,0.76749,0.86736,1.07968,100,1000.0,../../../../../scripts/standard_camera_bistro.csv,0.785,10,0.0,0.0,0.0,2,0.1,0.0,0.0,-10.0,60,0,1,1,1,1,0,1.0,1.0,64,0,1,300,1,0,60,0.5,9,assimp,../../../../../assets/scenes/unpacked/Bistro_v5_2/BistroExterior.fbx,0,0,1,1,256,1,0,0,1,1,9,0,120,1080,1920,1.0,1.0,-1.0,total,0.76600,visibility,0.24999,visutil_histogram,0.03078,visutil_prefix,0.00209,visutil_flatten,0.04046,gbuffer,0.26809,lighting,0.09963,tonemap,0.04192,,0.00000,,0.00000,,0.00000,,0.00000,,0.00000,,0.00000,,0.00000,,0.00000,,0.00000,,0.00000,,0.00000,,0.00000,,0.00000,,0.00000,,0.00000,,0.00000,,0.00000,,0.00000,,0.00000,,0.00000,,0.00000,,0.00000,,0.00000,,0.00000
