frame_time_min,frame_time_mid,frame_time_max,frame_time_avg,frame_time_p01,frame_time_p10,frame_time_p90,frame_time_p99,name,variable
0.18064,0.18067,0.18064,0.18069,0.18083,0.18048,0.18074,0.18093,no-run-name,524288
0.52118,0.52090,0.52682,0.52514,0.54701,0.51642,0.52230,0.52621,.,0
0.70182,0.70157,0.70746,0.70583,0.72784,0.69690,0.70304,0.70714,.,0
