frame_time_min,frame_time_mid,frame_time_max,frame_time_avg,frame_time_p01,frame_time_p10,frame_time_p90,frame_time_p99,name,variable
0.18125,0.18096,0.18058,0.18093,0.18093,0.18077,0.18080,0.18083,no-run-name,512
0.54147,0.51158,0.51238,0.51581,0.51274,0.50922,0.50902,0.51341,.,0
0.72272,0.69254,0.69296,0.69674,0.69366,0.68998,0.68982,0.69424,.,0
