frame_time_min,frame_time_mid,frame_time_max,frame_time_avg,frame_time_p01,frame_time_p10,frame_time_p90,frame_time_p99,name,variable
0.18010,0.17981,0.17971,0.17988,0.17978,0.18006,0.17968,0.17984,no-run-name,2
0.50000,0.49923,0.49616,0.50274,0.49910,0.49418,0.49699,0.49549,.,0
0.68010,0.67904,0.67587,0.68262,0.67888,0.67424,0.67667,0.67533,.,0
