frame_time_min,frame_time_mid,frame_time_max,frame_time_avg,frame_time_p01,frame_time_p10,frame_time_p90,frame_time_p99,name,variable
0.18122,0.18074,0.18067,0.18077,0.18061,0.18077,0.18125,0.18083,no-run-name,65536
0.51568,0.51750,0.51648,0.52486,0.51709,0.51827,0.54906,0.51603,.,0
0.69690,0.69824,0.69715,0.70563,0.69770,0.69904,0.73030,0.69686,.,0
