frame_time_min,frame_time_mid,frame_time_max,frame_time_avg,frame_time_p01,frame_time_p10,frame_time_p90,frame_time_p99,name,variable
0.17997,0.17974,0.17968,0.17980,0.17994,0.17974,0.17981,0.17978,no-run-name,8
0.50691,0.49712,0.49818,0.50288,0.50134,0.49587,0.49978,0.49597,.,0
0.68688,0.67686,0.67786,0.68267,0.68128,0.67562,0.67958,0.67574,.,0
