frame_time_min,frame_time_mid,frame_time_max,frame_time_avg,frame_time_p01,frame_time_p10,frame_time_p90,frame_time_p99,name,variable
0.17994,0.18006,0.18013,0.18010,0.18019,0.18003,0.18013,0.18003,no-run-name,16
0.50285,0.50387,0.50157,0.50611,0.50038,0.50160,0.49971,0.50003,.,0
0.68278,0.68394,0.68170,0.68621,0.68058,0.68163,0.67984,0.68006,.,0
