frame_time_min,frame_time_mid,frame_time_max,frame_time_avg,frame_time_p01,frame_time_p10,frame_time_p90,frame_time_p99,name,variable
0.18064,0.18115,0.18083,0.18083,0.18061,0.18077,0.18077,0.18099,no-run-name,128
0.50637,0.50547,0.50851,0.51164,0.50666,0.50880,0.51098,0.50576,.,0
0.68701,0.68662,0.68934,0.69246,0.68726,0.68957,0.69174,0.68675,.,0
