frame_time_min,frame_time_mid,frame_time_max,frame_time_avg,frame_time_p01,frame_time_p10,frame_time_p90,frame_time_p99,name,variable
0.18106,0.18106,0.18070,0.18077,0.18083,0.18090,0.18083,0.18106,no-run-name,262144
0.54781,0.54768,0.54989,0.52390,0.54771,0.51696,0.51763,0.54637,.,0
0.72886,0.72874,0.73059,0.70467,0.72854,0.69786,0.69846,0.72742,.,0
