frame_time_min,frame_time_mid,frame_time_max,frame_time_avg,frame_time_p01,frame_time_p10,frame_time_p90,frame_time_p99,name,variable
0.18042,0.18093,0.18058,0.18056,0.18051,0.18054,0.18058,0.18064,no-run-name,2048
0.51488,0.54531,0.51613,0.51974,0.51664,0.51546,0.51318,0.54278,.,0
0.69530,0.72624,0.69670,0.70031,0.69715,0.69600,0.69376,0.72342,.,0
