frame_time_min,frame_time_mid,frame_time_max,frame_time_avg,frame_time_p01,frame_time_p10,frame_time_p90,frame_time_p99,name,variable
0.18093,0.18080,0.18074,0.18071,0.18115,0.18064,0.18086,0.18067,no-run-name,256
0.50691,0.50710,0.50925,0.51740,0.50928,0.50912,0.53894,0.50662,.,0
0.68784,0.68790,0.68998,0.69812,0.69043,0.68976,0.71981,0.68730,.,0
