frame_time_min,frame_time_mid,frame_time_max,frame_time_avg,frame_time_p01,frame_time_p10,frame_time_p90,frame_time_p99,name,variable
0.17997,0.18019,0.18013,0.18010,0.17997,0.18006,0.18010,0.18003,no-run-name,64
0.53699,0.50528,0.50694,0.51036,0.50416,0.50192,0.50237,0.50653,.,0
0.71696,0.68547,0.68707,0.69045,0.68413,0.68198,0.68246,0.68656,.,0
