frame_time_min,frame_time_mid,frame_time_max,frame_time_avg,frame_time_p01,frame_time_p10,frame_time_p90,frame_time_p99,name,variable
0.18074,0.18058,0.18064,0.18069,0.18064,0.18070,0.18074,0.18067,no-run-name,1024
0.51472,0.51235,0.51494,0.52011,0.51968,0.51914,0.51142,0.51264,.,0
0.69546,0.69293,0.69558,0.70080,0.70032,0.69984,0.69216,0.69331,.,0
