frame_time_min,frame_time_mid,frame_time_max,frame_time_avg,frame_time_p01,frame_time_p10,frame_time_p90,frame_time_p99,name,variable
0.18122,0.18109,0.18077,0.18079,0.18170,0.18086,0.18064,0.18083,no-run-name,32768
0.54730,0.54826,0.55011,0.52496,0.55021,0.51501,0.51421,0.55107,.,0
0.72851,0.72934,0.73088,0.70575,0.73190,0.69587,0.69485,0.73190,.,0
