frame_time_min,frame_time_mid,frame_time_max,frame_time_avg,frame_time_p01,frame_time_p10,frame_time_p90,frame_time_p99,name,variable
0.18106,0.18067,0.18118,0.18080,0.18070,0.18067,0.18064,0.18083,no-run-name,4096
0.54230,0.51491,0.51562,0.51981,0.51485,0.51606,0.51718,0.51338,.,0
0.72336,0.69558,0.69680,0.70061,0.69555,0.69674,0.69782,0.69421,.,0
