frame_time_min,frame_time_mid,frame_time_max,frame_time_avg,frame_time_p01,frame_time_p10,frame_time_p90,frame_time_p99,name,variable
0.18022,0.17997,0.17968,0.17983,0.18026,0.17974,0.17968,0.17978,no-run-name,32
0.53386,0.53693,0.50522,0.50554,0.53722,0.50227,0.50234,0.50710,.,0
0.71408,0.71690,0.68490,0.68537,0.71747,0.68202,0.68202,0.68688,.,0
