frame_time_min,frame_time_mid,frame_time_max,frame_time_avg,frame_time_p01,frame_time_p10,frame_time_p90,frame_time_p99,name,variable
0.18042,0.18080,0.18051,0.18062,0.18083,0.18125,0.18061,0.18054,no-run-name,8192
0.51430,0.51731,0.51562,0.52152,0.51434,0.54634,0.51955,0.51475,.,0
0.69472,0.69811,0.69613,0.70214,0.69517,0.72758,0.70016,0.69530,.,0
