frame_time_min,frame_time_mid,frame_time_max,frame_time_avg,frame_time_p01,frame_time_p10,frame_time_p90,frame_time_p99,name,variable
0.18058,0.18115,0.18106,0.18081,0.18122,0.18080,0.18115,0.18070,no-run-name,16384
0.51568,0.51552,0.51491,0.52436,0.51482,0.51971,0.54800,0.51504,.,0
0.69626,0.69667,0.69597,0.70516,0.69603,0.70051,0.72915,0.69574,.,0
