frame_time_min,frame_time_mid,frame_time_max,frame_time_avg,frame_time_p01,frame_time_p10,frame_time_p90,frame_time_p99,name,variable
0.18070,0.18090,0.18077,0.18124,0.18067,0.18083,0.18080,0.18058,no-run-name,131072
0.51565,0.51632,0.51581,0.52613,0.53562,0.51565,0.51882,0.51731,.,0
0.69635,0.69722,0.69658,0.70737,0.71629,0.69648,0.69962,0.69789,.,0
