frame,triangle_count,total_fragments,covered_pixels,overdraw_extra,avg_overdraw,max_overdraw,rasterized_triangles,skipped_triangles,quad_instances,quad_covered_lanes,quad_waste_lanes,quad_efficiency
60,908861,3870492,1313280,2557212,2.947195,10,174931,733930,1278622,3870492,1243996,0.756770
61,908861,3887957,1319040,2568917,2.947566,10,175598,733263,1283804,3887957,1247259,0.757117
62,908861,3907147,1326720,2580427,2.944967,10,176268,732593,1292088,3907147,1261205,0.755975
63,908861,3926055,1332480,2593575,2.946427,10,176574,732287,1296704,3926055,1260761,0.756930
64,908861,3945707,1338240,2607467,2.948430,10,177038,731823,1305359,3945707,1275729,0.755675
65,914501,3964352,1344000,2620352,2.949667,10,177537,736964,1309853,3964352,1275060,0.756641
66,914501,3985294,1351679,2633615,2.948403,11,178442,736059,1317685,3985294,1285446,0.756117
67,914501,4001785,1357440,2644345,2.948038,10,178792,735709,1323600,4001785,1292615,0.755852
68,914501,4021447,1363200,2658247,2.950005,10,179435,735066,1328910,4021447,1294193,0.756531
69,914501,4043511,1370879,2672632,2.949575,10,180009,734492,1335632,4043511,1299017,0.756853
70,914501,4062522,1376640,2685882,2.951042,10,180265,734236,1342939,4062522,1309234,0.756274
71,914501,4080987,1382400,2698587,2.952103,10,181234,733267,1347352,4080987,1308421,0.757224
72,914501,4100948,1390080,2710868,2.950153,10,181496,733005,1355131,4100948,1319576,0.756559
73,914501,4120434,1395840,2724594,2.951939,10,182315,732186,1361164,4120434,1324222,0.756785
74,914501,4139536,1401600,2737936,2.953436,10,182825,731676,1367871,4139536,1331948,0.756565
75,914501,4158545,1407360,2751185,2.954855,10,183151,731350,1372968,4158545,1333327,0.757218
76,914501,4179289,1415040,2764249,2.953478,10,183997,730504,1381014,4179289,1344767,0.756562
77,914501,4197829,1421141,2776688,2.953844,10,184437,730064,1386086,4197829,1346515,0.757137
78,914501,4214339,1427736,2786603,2.951763,10,185294,729207,1391382,4214339,1351189,0.757222
79,914501,4239065,1436297,2802768,2.951385,10,185791,728710,1401425,4239065,1366635,0.756206
80,914501,4257491,1443325,2814166,2.949780,10,186181,728320,1402808,4257491,1353741,0.758744
81,914501,4277020,1450480,2826540,2.948693,10,187018,727483,1412520,4277020,1373060,0.756984
82,914501,4295525,1457798,2837727,2.946585,10,187601,726900,1415713,4295525,1367327,0.758544
83,914501,4315195,1466997,2848198,2.941516,10,188095,726406,1423457,4315195,1378633,0.757872
84,914501,4334732,1474559,2860173,2.939680,10,188437,726064,1429879,4334732,1384784,0.757884
85,914501,4354467,1482289,2872178,2.937664,10,188729,725772,1432693,4354467,1376305,0.759840
86,914501,4375449,1491696,2883753,2.933204,10,189286,725215,1440978,4375449,1388463,0.759111
87,914501,4393866,1499597,2894269,2.930031,10,189937,724564,1445837,4393866,1389482,0.759744
88,991140,4412038,1507531,2904507,2.926665,10,190535,800605,1451580,4412038,1394282,0.759868
89,991140,4432206,1515621,2916585,2.924350,10,190972,800168,1459279,4432206,1404910,0.759314
90,991140,4454383,1525465,2928918,2.920017,10,191584,799556,1464810,4454383,1404857,0.760232
91,991140,4474663,1533835,2940828,2.917304,10,192602,798538,1473258,4474663,1418369,0.759314
92,991140,4494623,1542396,2952227,2.914053,10,193787,797353,1478277,4494623,1418485,0.760112
93,991140,4513466,1552480,2960986,2.907262,10,194230,796910,1488471,4513466,1440418,0.758071
94,991140,4532825,1561194,2971631,2.903435,10,194736,796404,1490585,4532825,1429515,0.760243
95,991140,4553682,1570066,2983616,2.900312,10,195468,795672,1496413,4553682,1431970,0.760766
96,991140,4572936,1578987,2993949,2.896120,10,195994,795146,1502496,4572936,1437048,0.760890
97,991140,4594830,1589414,3005416,2.890896,10,197167,793973,1510493,4594830,1447142,0.760485
98,991140,4615105,1598498,3016607,2.887151,10,197544,793596,1518004,4615105,1456911,0.760061
99,991140,4635335,1607676,3027659,2.883252,10,198151,792989,1520270,4635335,1445745,0.762255
100,991140,4658492,1618210,3040282,2.878793,10,198848,792292,1529156,4658492,1458132,0.761612
101,991140,4677896,1627470,3050426,2.874336,10,198944,792196,1535790,4677896,1465264,0.761480
102,991140,4698158,1636851,3061307,2.870242,11,199953,791187,1540052,4698158,1462050,0.762662
103,991140,4718511,1647505,3071006,2.864034,10,200429,790711,1549183,4718511,1478221,0.761452
104,991140,4740116,1656980,3083136,2.860696,10,200621,790519,1553619,4740116,1474360,0.762754
105,991140,4759242,1666454,3092788,2.855910,10,201267,789873,1556880,4759242,1468278,0.764227
106,991140,4776553,1675972,3100581,2.850020,10,201059,790081,1566722,4776553,1490335,0.762189
107,991140,4797341,1686316,3111025,2.844865,11,201967,789173,1569403,4797341,1480271,0.764198
108,991140,4816039,1695048,3120991,2.841240,11,202588,788552,1578017,4816039,1496029,0.762989
109,991140,4836869,1703625,3133244,2.839163,11,202906,788234,1581763,4836869,1490183,0.764474
110,991140,4855596,1713238,3142358,2.834163,11,203448,787692,1589168,4855596,1501076,0.763858
111,991140,4874204,1721519,3152685,2.831339,11,203654,787486,1594665,4874204,1504456,0.764142
112,1192696,4890133,1729665,3160468,2.827214,11,204174,988522,1597576,4890133,1500171,0.765243
113,1222514,4908388,1737697,3170691,2.824651,11,205247,1017267,1603839,4908388,1506968,0.765100
114,1222514,4929013,1746749,3182264,2.821821,10,205947,1016567,1609858,4929013,1510419,0.765442
115,1222514,4947864,1754536,3193328,2.820041,10,206860,1015654,1618578,4947864,1526448,0.764230
116,1222514,4967352,1762222,3205130,2.818800,10,207482,1015032,1622347,4967352,1522036,0.765458
117,1222514,4988460,1770923,3217537,2.816870,10,208154,1014360,1627823,4988460,1522832,0.766124
118,1222514,5008506,1778405,3230101,2.816291,12,209649,1012865,1639458,5008506,1549326,0.763744
119,1222514,5030285,1785803,3244482,2.816820,11,210435,1012079,1641331,5030285,1535039,0.766190
120,1222514,5051856,1793113,3258743,2.817366,11,211270,1011244,1650499,5051856,1550140,0.765201
121,1222514,5235977,1865394,3370583,2.806901,11,220673,1001841,1710948,5235977,1607815,0.765070
122,1223554,5364902,1922580,3442322,2.790470,11,230089,993465,1754869,5364902,1654574,0.764288
123,1231929,5488367,1970413,3517954,2.785389,11,238664,993265,1802828,5488367,1722945,0.761077
124,1233389,5591776,2009960,3581816,2.782033,12,245371,988018,1836868,5591776,1755696,0.761048
125,1235064,5709186,2044198,3664988,2.792873,12,252534,982530,1878939,5709186,1806570,0.759629
126,1235074,5813535,2073599,3739936,2.803597,11,254371,980703,1911383,5813535,1831997,0.760383
127,1235074,5862746,2073600,3789146,2.827327,11,256661,978413,1933011,5862746,1869298,0.758240
128,1235074,5907960,2073600,3834360,2.849132,11,257589,977485,1950524,5907960,1894136,0.757227
129,1291956,5958869,2073600,3885269,2.873683,12,258329,1033627,1973376,5958869,1934635,0.754908
130,1303128,6025823,2073599,3952224,2.905973,12,260239,1042889,1996693,6025823,1960949,0.754475
131,1303128,6012464,2073600,3938864,2.899529,11,259894,1043234,1983950,6012464,1923336,0.757638
132,1303128,5988922,2073600,3915322,2.888176,11,259345,1043783,1981901,5988922,1938682,0.755452
133,1297542,5967789,2073599,3894190,2.877986,12,259280,1038262,1973937,5967789,1927959,0.755823
134,1297542,5959411,2073600,3885811,2.873944,12,257847,1039695,1971287,5959411,1925737,0.755777
135,1291956,5941985,2073600,3868385,2.865541,12,258043,1033913,1963343,5941985,1911387,0.756616
136,1291954,5925334,2073600,3851734,2.857511,12,257497,1034457,1958085,5925334,1907006,0.756522
137,1291930,5911747,2073600,3838147,2.850958,12,256430,1035500,1957557,5911747,1918481,0.754990
138,1235050,5897366,2073600,3823766,2.844023,12,255862,979188,1949197,5897366,1899422,0.756384
139,1235050,5887380,2073599,3813781,2.839209,12,256819,978231,1945824,5887380,1895916,0.756412
140,1234730,5882706,2073600,3809106,2.836953,11,256148,978582,1945435,5882706,1899034,0.755963
141,1234730,5878234,2073600,3804634,2.834796,11,255842,978888,1945824,5878234,1905062,0.755237
142,1234730,5877131,2073598,3803533,2.834267,12,255620,979110,1941704,5877131,1889685,0.756698
143,1234730,5870913,2073599,3797314,2.831267,11,254496,980234,1940400,5870913,1890687,0.756405
144,1206912,5880097,2073600,3806497,2.835695,12,255191,951721,1940857,5880097,1883331,0.757410
145,1206912,5881100,2073599,3807501,2.836180,12,254964,951948,1943010,5881100,1890940,0.756700
146,1206912,5874904,2073600,3801304,2.833191,12,253844,953068,1941344,5874904,1890472,0.756551
147,1206912,5875350,2073600,3801750,2.833406,11,254526,952386,1935262,5875350,1865698,0.758986
148,1206844,5880560,2073600,3806960,2.835918,11,253992,952852,1937710,5880560,1870280,0.758700
149,1206844,5886069,2073600,3812469,2.838575,11,253560,953284,1943114,5886069,1886387,0.757298
150,1205169,5893102,2073600,3819502,2.841967,12,253084,952085,1941716,5893102,1873762,0.758749
151,1198835,5895516,2073600,3821916,2.843131,11,251927,946908,1939519,5895516,1862560,0.759920
152,1198835,5897575,2073600,3823975,2.844124,11,249922,948913,1937577,5897575,1852733,0.760947
153,1198835,5914018,2073600,3840418,2.852053,12,249190,949645,1940818,5914018,1849254,0.761795
154,1198835,5919110,2073598,3845512,2.854512,11,247093,951742,1937999,5919110,1832886,0.763559
155,1161925,5925633,2073599,3852034,2.857656,11,244470,917455,1927491,5925633,1784331,0.768568
156,1161557,5938336,2073598,3864738,2.863784,11,243059,918498,1926514,5938336,1767720,0.770606
157,1161557,5913891,2073598,3840293,2.851995,11,238102,923455,1917398,5913891,1755701,0.771083
158,1161557,5920525,2073599,3846926,2.855193,11,234768,926789,1907458,5920525,1709307,0.775971
159,1161169,5932547,2073600,3858947,2.860989,12,230973,930196,1907195,5932547,1696233,0.777653
160,1156762,5945857,2073599,3872258,2.867409,11,224661,932101,1905885,5945857,1677683,0.779934
161,1151176,5896826,2073600,3823226,2.843763,10,217969,933207,1881798,5896826,1630366,0.783403
162,1115763,5870627,2073600,3797027,2.831128,10,210607,905156,1867400,5870627,1598973,0.785936
163,1114723,5826301,2073600,3752701,2.809752,11,202925,911798,1836851,5826301,1521103,0.792974
164,1109137,5789107,2073599,3715508,2.791816,10,196847,912290,1825802,5789107,1514101,0.792680
165,1109137,5700131,2073599,3626532,2.748907,10,190523,918614,1791929,5700131,1467585,0.795251
166,1109137,5556570,2073600,3482970,2.679673,10,183978,925159,1742814,5556570,1414686,0.797069
167,1082107,5412237,2073600,3338637,2.610068,9,177843,904264,1699963,5412237,1387615,0.795935
168,1076299,5325522,2073600,3251922,2.568249,10,171829,904470,1670432,5325522,1356206,0.797028
169,844925,5213007,2073600,3139407,2.513989,10,167216,677709,1633397,5213007,1320581,0.797878
170,844925,5059928,2073600,2986328,2.440166,10,163551,681374,1589627,5059928,1298580,0.795773
171,840745,4972077,2073599,2898478,2.397801,10,160401,680344,1565358,4972077,1289355,0.794080
172,840745,4900983,2073600,2827383,2.363514,9,157316,683429,1547662,4900983,1289665,0.791675
173,834937,4896872,2073600,2823272,2.361532,9,153996,680941,1540269,4896872,1264204,0.794808
174,831197,4899287,2073600,2825687,2.362696,9,150246,680951,1539444,4899287,1258489,0.795626
175,743098,4899627,2073599,2826028,2.362861,9,146988,596110,1537377,4899627,1249881,0.796751
176,718942,4904551,2073600,2830951,2.365235,9,144133,574809,1533242,4904551,1228417,0.799703
177,718942,4911174,2073600,2837574,2.368429,9,142283,576659,1531554,4911174,1215042,0.801665
178,691124,4918420,2073600,2844820,2.371923,9,140286,550838,1534488,4918420,1219532,0.801313
179,666968,4923672,2073599,2850073,2.374457,11,138357,528611,1531342,4923672,1201696,0.803817
180,661328,4931763,2073600,2858163,2.378358,10,136326,525002,1535541,4931763,1210401,0.802936
181,661328,4929942,2073600,2856342,2.377480,10,135334,525994,1528102,4929942,1182466,0.806547
182,654994,4936408,2073600,2862808,2.380598,10,135222,519772,1536223,4936408,1208484,0.803335
183,654994,4940204,2073600,2866604,2.382429,10,134322,520672,1534222,4940204,1196684,0.805001
184,654990,4941738,2073600,2868138,2.383168,11,133661,521329,1533873,4941738,1193754,0.805435
185,654990,4945893,2073600,2872293,2.385172,10,133043,521947,1533101,4945893,1186511,0.806518
186,654982,4947351,2073599,2873752,2.385876,10,132315,522667,1533162,4947351,1185297,0.806723
187,649762,4954043,2073600,2880443,2.389103,10,132362,517400,1536263,4954043,1191009,0.806184
188,649762,4956762,2073599,2883163,2.390415,10,131310,518452,1534349,4956762,1180634,0.807633
189,592349,4960774,2073600,2887174,2.392349,10,130946,461403,1537431,4960774,1188950,0.806666
190,592349,4967143,2073600,2893543,2.395420,10,130606,461743,1534847,4967143,1172245,0.809062
191,592349,4971087,2073600,2897487,2.397322,10,129768,462581,1540713,4971087,1191765,0.806621
192,592349,4970653,2073600,2897053,2.397113,11,128978,463371,1537390,4970653,1178907,0.808294
193,592349,4978059,2073600,2904459,2.400684,10,127488,464861,1534656,4978059,1160565,0.810941
194,553755,4980781,2073600,2907181,2.401997,10,127148,426607,1538756,4980781,1174243,0.809222
195,553763,4987779,2073600,2914179,2.405372,10,125850,427913,1534857,4987779,1151649,0.812418
196,553725,4997003,2073600,2923403,2.409820,11,125234,428491,1534985,4997003,1142937,0.813852
197,553725,5007538,2073600,2933938,2.414901,12,124524,429201,1540619,5007538,1154938,0.812585
198,551245,5012450,2073600,2938850,2.417269,10,123632,427613,1539188,5012450,1144302,0.814139
199,549468,5020058,2073599,2946459,2.420940,10,122402,427066,1539172,5020058,1136630,0.815383
200,549468,5026194,2073599,2952595,2.423899,9,122007,427461,1543956,5026194,1149630,0.813850
201,549468,5036829,2073600,2963229,2.429026,9,121107,428361,1543992,5036829,1139139,0.815553
202,549468,5045313,2073599,2971714,2.433119,9,120685,428783,1544805,5045313,1133907,0.816497
203,549468,5057014,2073600,2983414,2.438761,9,119921,429547,1547473,5057014,1132878,0.816979
204,549468,5066064,2073599,2992465,2.443126,9,118165,431303,1547542,5066064,1124104,0.818405
205,549468,5088286,2073600,3014686,2.453842,9,118140,431328,1553791,5088286,1126878,0.818689
206,549468,5101020,2073600,3027420,2.459983,9,116578,432890,1553228,5101020,1111892,0.821035
207,573624,5112861,2073600,3039261,2.465693,10,115980,457644,1556411,5112861,1112783,0.821258
208,573624,5131034,2073600,3057434,2.474457,9,114605,459019,1560866,5131034,1112430,0.821825
209,573624,5151607,2073599,3078008,2.484380,10,114643,458981,1568465,5151607,1122253,0.821122
210,573624,5172009,2073600,3098409,2.494217,9,113196,460428,1569676,5172009,1106695,0.823738
211,571944,5142014,2073600,3068414,2.479752,10,111407,460537,1556166,5142014,1082650,0.826071
212,571944,5074622,2073600,3001022,2.447252,11,108733,463211,1538417,5074622,1079046,0.824650
213,571508,4997651,2073600,2924051,2.410133,9,105861,465647,1514420,4997651,1060029,0.825011
214,565914,4793533,2073600,2719933,2.311696,8,103052,462862,1460653,4793533,1049079,0.820443
215,565914,4526387,2073600,2452787,2.182864,9,99127,466787,1382230,4526387,1002533,0.818675
216,565914,4419751,2073599,2346152,2.131440,8,96380,469534,1351141,4419751,984813,0.817781
217,565914,4389877,2073600,2316277,2.117032,9,93388,472526,1338404,4389877,963739,0.819984
218,565914,4371601,2073599,2298002,2.108219,8,90197,475717,1330276,4371601,949503,0.821559
219,565914,4369367,2073598,2295769,2.107143,8,87573,478341,1325986,4369367,934577,0.823796
220,574974,4371665,2073600,2298065,2.108249,8,85482,489492,1322011,4371665,916379,0.826707
221,508708,4319197,2073600,2245597,2.082946,9,82858,425850,1304919,4319197,900479,0.827484
222,501242,4334753,2073600,2261153,2.090448,10,81399,419843,1310316,4334753,906511,0.827043
223,473724,4325440,2073600,2251840,2.085957,11,80416,393308,1308262,4325440,907608,0.826562
224,493981,4318781,2073600,2245181,2.082745,11,79643,414338,1307279,4318781,910335,0.825910
225,509503,4329477,2073598,2255879,2.087906,12,78308,431195,1308595,4329477,904903,0.827123
226,576145,4336735,2073600,2263135,2.091404,11,77439,498706,1306925,4336735,890965,0.829568
227,588516,4299593,2073600,2225993,2.073492,11,73908,514608,1288366,4299593,853871,0.834311
228,560704,4186560,2073600,2112960,2.018981,10,75501,485203,1255876,4186560,836944,0.833394
229,550648,4088114,2073600,2014514,1.971506,10,74503,476145,1224903,4088114,811498,0.834375
230,523376,4120569,2073600,2046969,1.987157,9,72609,450767,1230722,4120569,802319,0.837023
231,549755,4207644,2073600,2134044,2.029149,10,75137,474618,1260294,4207644,833532,0.834655
232,544456,4182037,2073599,2108438,2.016801,9,82379,462077,1263491,4182037,871927,0.827477
233,560072,4131038,2073599,2057439,1.992207,9,81681,478391,1251335,4131038,874302,0.825326
234,649187,4083357,2073501,2009856,1.969306,9,83966,565221,1241444,4083357,882419,0.822300
235,689157,4056744,2073258,1983486,1.956700,10,105410,583747,1255041,4056744,963420,0.808090
236,691958,4230680,2073298,2157382,2.040556,16,111475,580483,1314690,4230680,1028080,0.804501
237,754643,4404430,2073319,2331111,2.124338,18,112648,641995,1364899,4404430,1055166,0.806732
238,758082,4614325,2073314,2541011,2.225579,20,113381,644701,1428617,4614325,1100143,0.807481
239,786402,4565746,2073341,2492405,2.202120,19,111241,675161,1409743,4565746,1073226,0.809677
240,764104,4379354,2073344,2306010,2.112218,18,110896,653208,1355550,4379354,1042846,0.807671
241,773065,4217093,2073363,2143730,2.033939,20,110196,662869,1304900,4217093,1002507,0.807934
242,754300,4341075,2073375,2267700,2.093724,19,112773,641527,1342090,4341075,1027285,0.808641
243,781302,4603307,2073365,2529942,2.220211,19,118705,662597,1420767,4603307,1079761,0.810004
244,781302,4872538,2073322,2799216,2.350112,20,131442,649860,1513393,4872538,1181034,0.804903
245,781306,5018857,2073299,2945558,2.420711,18,133911,647395,1555365,5018857,1202603,0.806701
246,787118,4992786,2073354,2919432,2.408072,18,135736,651382,1552548,4992786,1217406,0.803966
247,807314,4990434,2073337,2917097,2.406957,18,134524,672790,1552832,4990434,1220894,0.803441
248,807326,4906373,2073338,2833035,2.366413,17,131822,675504,1527604,4906373,1204043,0.802952
249,768847,4907735,2073343,2834392,2.367064,17,131798,637049,1532247,4907735,1221253,0.800741
250,762887,4973861,2073352,2900509,2.398947,16,131717,631170,1549911,4973861,1225783,0.802282
251,757249,4858844,2073337,2785507,2.343490,17,127618,629631,1509989,4858844,1181112,0.804450
252,699836,4745165,2073326,2671839,2.288673,16,124524,575312,1473409,4745165,1148471,0.805134
253,699838,4708759,2073284,2635475,2.271160,17,121924,577914,1457565,4708759,1121501,0.807641
254,699840,4703062,2073270,2629792,2.268427,17,116345,583495,1446306,4703062,1082162,0.812944
255,673453,4695456,2073250,2622206,2.264780,17,116083,557370,1438269,4695456,1057620,0.816164
256,679221,4648041,2073231,2574810,2.241931,17,116083,563138,1421028,4648041,1036071,0.817725
257,672651,4736454,2073182,2663272,2.284630,17,116035,556616,1444124,4736454,1040042,0.819953
258,690249,4878996,2073326,2805670,2.353222,17,112589,577660,1479868,4878996,1040476,0.824228
259,690259,4954490,2073400,2881090,2.389549,17,100033,590226,1495455,4954490,1027330,0.828258
260,554538,4952374,2073600,2878774,2.388298,13,91213,463325,1486788,4952374,994778,0.832730
261,506709,4927370,2073600,2853770,2.376239,11,87450,419259,1478167,4927370,985298,0.833358
262,469809,4910371,2073599,2836772,2.368043,11,88836,380973,1478200,4910371,1002429,0.830465
263,469004,4880362,2073600,2806762,2.353570,11,87810,381194,1471583,4880362,1005970,0.829101
264,469004,4801115,2073600,2727515,2.315353,11,84328,384676,1447784,4801115,990021,0.829045
265,469004,4714969,2073600,2641369,2.273808,11,83334,385670,1424641,4714969,983595,0.827396
266,469004,4646102,2073600,2572502,2.240597,11,82050,386954,1405551,4646102,976102,0.826384
267,464826,4622921,2073600,2549321,2.229418,11,80626,384200,1399060,4622921,973319,0.826076
268,440670,4598135,2073600,2524535,2.217465,11,79021,361649,1389190,4598135,958625,0.827485
269,417628,4648918,2073600,2575318,2.241955,11,76984,340644,1398921,4648918,946766,0.830804
270,320156,4648569,2073600,2574969,2.241787,11,75620,244536,1393556,4648569,925655,0.833940
271,320156,4660307,2073600,2586707,2.247447,11,75300,244856,1396861,4660307,927137,0.834068
272,296750,4672749,2073600,2599149,2.253448,11,74932,221818,1400244,4672749,928227,0.834274
273,296750,4681895,2073598,2608297,2.257860,11,74682,222068,1402547,4681895,928293,0.834534
274,255542,4687008,2073600,2613408,2.260324,10,74531,181011,1404862,4687008,932440,0.834069
275,253142,4688386,2073599,2614787,2.260990,10,74446,178696,1404626,4688386,930118,0.834455
276,249741,4684229,2073599,2610630,2.258985,10,74110,175631,1403828,4684229,931083,0.834189
277,249741,4686528,2073600,2612928,2.260093,10,73939,175802,1404228,4686528,930384,0.834360
278,225451,4697009,2073600,2623409,2.265147,10,73919,151532,1407559,4697009,933227,0.834247
279,225443,4716117,2073599,2642518,2.274363,10,73640,151803,1412500,4716117,933883,0.834711
280,219803,4742572,2073600,2668972,2.287120,10,73470,146333,1420082,4742572,937756,0.834912
281,219803,4727702,2073600,2654102,2.279949,10,71744,148059,1411449,4727702,918094,0.837384
282,200423,4729982,2073599,2656383,2.281050,9,68752,131671,1404747,4729982,889006,0.841785
283,194837,4747955,2073600,2674355,2.289716,9,66840,127997,1403126,4747955,864549,0.845960
284,214179,4766997,2073600,2693397,2.298899,9,64954,149225,1402629,4766997,843519,0.849654
285,214177,4788317,2073600,2714717,2.309181,9,63262,150915,1400642,4788317,814251,0.854665
286,216567,4804467,2073600,2730867,2.316969,9,61050,155517,1398410,4804467,789173,0.858916
287,222153,4815810,2073599,2742211,2.322440,9,57232,164921,1392530,4815810,754310,0.864579
288,222153,4827404,2073600,2753804,2.328030,9,54932,167221,1388445,4827404,726376,0.869211
289,222153,4831523,2073600,2757923,2.330017,9,53221,168932,1383125,4831523,700977,0.873298
290,222151,4821684,2073600,2748084,2.325272,9,51725,170426,1373832,4821684,673644,0.877415
291,222151,4869021,2073600,2795421,2.348100,9,49583,172568,1378083,4869021,643311,0.883296
292,222151,4901530,2073600,2827930,2.363778,8,46585,175566,1374913,4901530,598122,0.891244
293,222151,4904420,2073600,2830820,2.365172,8,45369,176782,1369496,4904420,573564,0.895297
294,223455,4849741,2073600,2776141,2.338803,11,45171,178284,1354106,4849741,566683,0.895377
295,229095,4843576,2073600,2769976,2.335829,12,45571,183524,1351500,4843576,562424,0.895963
296,229095,4936920,2073599,2863321,2.380846,13,45757,183338,1376261,4936920,568124,0.896799
297,223287,5069226,2073600,2995626,2.444650,12,46007,177280,1412291,5069226,579938,0.897341
298,223285,5218873,2073600,3145273,2.516818,13,46098,177187,1453113,5218873,593579,0.897878
299,264493,5363551,2073600,3289951,2.586589,15,46373,218120,1492732,5363551,607377,0.898278
300,359108,5476178,2073600,3402578,2.640904,15,47152,311956,1526305,5476178,629042,0.896967
301,412459,5621570,2073600,3547970,2.711019,14,48500,363959,1568994,5621570,654406,0.895728
302,545109,5722733,2073600,3649133,2.759806,14,54250,490859,1608255,5722733,710287,0.889587
303,545249,5792910,2073600,3719310,2.793649,16,65434,479815,1644334,5792910,784426,0.880738
304,545593,5813181,2073600,3739581,2.803424,17,75983,469610,1664041,5813181,842983,0.873353
305,545591,5769221,2073600,3695621,2.782225,17,85128,460463,1662672,5769221,881467,0.867462
306,545591,5660472,2073599,3586873,2.729781,17,90953,454638,1645466,5660472,921392,0.860010
307,545591,5489078,2073600,3415478,2.647125,16,91019,454572,1610389,5489078,952478,0.852135
308,545581,5425342,2073600,3351742,2.616388,16,90667,454914,1598844,5425342,970034,0.848323
309,551759,5293316,2073600,3219716,2.552718,15,90298,461461,1568586,5293316,981028,0.843645
310,561209,5076359,2073571,3002788,2.448124,15,89781,471428,1513528,5076359,977753,0.838498
311,561595,4903555,2073577,2829978,2.364781,15,89690,471905,1467061,4903555,964689,0.835609
312,561593,4858897,2073600,2785297,2.343218,15,87905,473688,1449800,4858897,940303,0.837856
313,558873,4892275,2073600,2818675,2.359315,15,86813,472060,1456554,4892275,933941,0.839700
314,558873,4933598,2073600,2859998,2.379243,15,85965,472908,1464548,4933598,924594,0.842171
315,562592,4971478,2073600,2897878,2.397511,15,84320,478272,1472079,4971478,916838,0.844295
316,585626,4990151,2073599,2916552,2.406517,16,83284,502342,1471796,4990151,897033,0.847630
317,585626,5038107,2073599,2964508,2.429644,17,87232,498394,1485312,5038107,903141,0.847988
318,585626,5092594,2073600,3018994,2.455919,18,87610,498016,1497259,5092594,896442,0.850319
319,585662,5101128,2073600,3027528,2.460035,16,85896,499766,1493274,5101128,871968,0.854017
320,585662,5037725,2073599,2964126,2.429460,16,83965,501697,1469608,5037725,840707,0.856984
321,585662,5028317,2073600,2954717,2.424921,15,83759,501903,1464855,5028317,831103,0.858160
322,585662,5015519,2073598,2941921,2.418752,15,83743,501919,1459456,5015519,822305,0.859142
323,558594,4974914,2073599,2901315,2.399169,14,83712,474882,1448957,4974914,820914,0.858361
324,558594,4932572,2073599,2858973,2.378749,14,83927,474667,1437348,4932572,816820,0.857929
325,558224,4916497,2073600,2842897,2.370996,14,84120,474104,1433552,4916497,817711,0.857398
326,538844,4934343,2073600,2860743,2.379602,14,84246,454598,1437257,4934343,814685,0.858292
327,538844,4978452,2073600,2904852,2.400874,14,84656,454188,1448931,4978452,817272,0.858987
328,533036,5042205,2073598,2968607,2.431621,16,84948,448088,1467640,5042205,828355,0.858897
329,533036,5111363,2073600,3037763,2.464971,15,85290,447746,1486418,5111363,834309,0.859678
330,533036,5178496,2073600,3104896,2.497346,15,85388,447648,1503890,5178496,837064,0.860850
331,533036,5215769,2073600,3142169,2.515321,14,85679,447357,1515628,5215769,846743,0.860331
332,533036,5224444,2073599,3150845,2.519505,14,86105,446931,1518276,5224444,848660,0.860259
333,533028,5233896,2073600,3160296,2.524062,15,86463,446565,1521672,5233896,852792,0.859892
334,533026,5244287,2073600,3170687,2.529074,14,86782,446244,1526335,5244287,861053,0.858967
335,533026,5251278,2073600,3177678,2.532445,16,87159,445867,1530402,5251278,870330,0.857827
336,533026,5253594,2073600,3179994,2.533562,16,87374,445652,1534455,5253594,884226,0.855938
337,533026,5248652,2073600,3175052,2.531179,17,87790,445236,1534851,5248652,890752,0.854912
338,533026,5233896,2073600,3160296,2.524062,17,88058,444968,1531894,5233896,893680,0.854154
339,533026,5203389,2073600,3129789,2.509350,15,88501,444525,1526973,5203389,904503,0.851912
340,533026,5174804,2073600,3101204,2.495565,14,88629,444397,1522573,5174804,915488,0.849681
341,533024,5169893,2073600,3096293,2.493197,15,88746,444278,1522884,5169893,921643,0.848701
342,533024,5154946,2073599,3081347,2.485990,15,88822,444202,1519456,5154946,922878,0.848157
343,527438,5113539,2073600,3039939,2.466020,15,89038,438400,1509851,5113539,925865,0.846696
344,527438,5049771,2073599,2976172,2.435269,15,88844,438594,1494262,5049771,927277,0.844860
345,527438,5036701,2073600,2963101,2.428965,15,88837,438601,1492614,5036701,933755,0.843604
346,521798,4966605,2073598,2893007,2.395163,15,88847,432951,1476423,4966605,939087,0.840986
347,519398,4968906,2073600,2895306,2.396270,15,88791,430607,1476795,4968906,938274,0.841164
348,519398,4930694,2073600,2857094,2.377842,16,88396,431002,1464149,4930694,925902,0.841904
349,461985,4875538,2073600,2801938,2.351243,16,86769,375216,1444238,4875538,901414,0.843964
350,461985,4854183,2073600,2780583,2.340945,15,84542,377443,1432584,4854183,876153,0.847103
351,461985,4886904,2073599,2813305,2.356726,14,82502,379483,1434795,4886904,852276,0.851499
352,461985,4932521,2073599,2858922,2.378725,13,80899,381086,1442967,4932521,839347,0.854580
353,420465,4981529,2073600,2907929,2.402358,14,79140,341325,1451711,4981529,825315,0.857872
354,420465,5033369,2073600,2959769,2.427358,13,77145,343320,1460640,5033369,809191,0.861501
355,420457,5082580,2073599,3008981,2.451091,12,74980,345477,1468387,5082580,790968,0.865334
356,418329,5112030,2073600,3038430,2.465292,12,71536,346793,1467044,5112030,756146,0.871145
357,418329,5150597,2073600,3076997,2.483891,13,68221,350108,1469358,5150597,726835,0.876335
358,418329,5207525,2073600,3133925,2.511345,13,66151,352178,1476969,5207525,700351,0.881455
359,418329,5270250,2073600,3196650,2.541594,13,64109,354220,1486754,5270250,676766,0.886201
360,418329,5340068,2073600,3266468,2.575264,14,62253,356076,1499823,5340068,659224,0.890116
361,418329,5367675,2073599,3294076,2.588579,12,62810,355519,1502579,5367675,642641,0.893077
362,418329,5343902,2073599,3270303,2.577114,13,62608,355721,1489892,5343902,615666,0.896693
363,418327,5312946,2073600,3239346,2.562185,13,63604,354723,1477922,5312946,598742,0.898719
364,418327,5282572,2073600,3208972,2.547537,13,65623,352704,1469353,5282572,594840,0.898792
365,391297,5208491,2073600,3134891,2.511811,13,67293,324004,1450733,5208491,594441,0.897562
366,391297,5155395,2073600,3081795,2.486205,12,68992,322305,1437304,5155395,593821,0.896713
367,391295,5168764,2073600,3095164,2.492652,14,70605,320690,1440977,5168764,595144,0.896746
368,329221,5230024,2073599,3156425,2.522196,14,71121,258100,1457301,5230024,599180,0.897211
369,323413,5301974,2073600,3228374,2.556893,14,71443,251970,1475410,5301974,599666,0.898390
370,323413,5367330,2073600,3293730,2.588411,12,71262,252151,1489726,5367330,591574,0.900724
371,323411,5423792,2073600,3350192,2.615640,13,71799,251612,1503249,5423792,589204,0.902012
372,299255,5440264,2073600,3366664,2.623584,11,72131,227124,1507380,5440264,589256,0.902271
373,299255,5423864,2073599,3350265,2.615676,12,72319,226936,1501918,5423864,583808,0.902823
374,299255,5395850,2073600,3322250,2.602165,12,72780,226475,1494419,5395850,581826,0.902667
375,299255,5372881,2073600,3299281,2.591088,11,73049,226206,1488736,5372881,582063,0.902256
376,299255,5359055,2073600,3285455,2.584421,11,73485,225770,1485991,5359055,584909,0.901596
377,299255,5349733,2073600,3276133,2.579925,11,73757,225498,1483177,5349733,582975,0.901735
378,299255,5332769,2073600,3259169,2.571744,11,74176,225079,1478414,5332769,580887,0.901772
379,299255,5308034,2073600,3234434,2.559816,10,74501,224754,1471248,5308034,576958,0.901961
380,299255,5273649,2073600,3200049,2.543234,10,74827,224428,1463257,5273649,579379,0.901012
381,299255,5277499,2073600,3203899,2.545090,10,74900,224355,1464690,5277499,581261,0.900788
382,299255,5259903,2061493,3198410,2.551502,10,75451,223804,1462485,5259903,590037,0.899138
383,299255,4842031,1664924,3177107,2.908259,10,75977,223278,1357015,4842031,586029,0.892037
384,299255,4881752,1696377,3185375,2.877752,10,76770,222485,1367226,4881752,587152,0.892638
385,299255,4940672,1728834,3211838,2.857806,11,77086,222169,1383547,4940672,593516,0.892755
386,299255,4984322,1762521,3221801,2.827950,12,77173,222082,1394802,4984322,594886,0.893374
387,299255,4998349,1797585,3200764,2.780591,10,77421,221834,1399324,4998349,598947,0.892994
388,299255,4991858,1834128,3157730,2.721652,10,77372,221883,1397712,4991858,598990,0.892862
389,299255,4965383,1872348,3093035,2.651955,10,77331,221924,1391713,4965383,601469,0.891955
390,299255,4913410,1912463,3000947,2.569153,10,77297,221958,1377958,4913410,598422,0.891430
391,299255,5182772,2022405,3160367,2.562678,9,77713,221542,1449021,5182772,613312,0.894185
392,299261,5362783,2073599,3289184,2.586220,10,78733,220528,1498197,5362783,630005,0.894873
393,299261,5476959,2073600,3403359,2.641280,11,80957,218304,1533082,5476959,655369,0.893129
394,299261,5569459,2073600,3495859,2.685889,10,81251,218010,1559460,5569459,668381,0.892851
395,299261,5653460,2073600,3579860,2.726399,11,81995,217266,1585428,5653460,688252,0.891472
396,299261,5724821,2073600,3651221,2.760813,10,83697,215564,1609782,5724821,714307,0.889068
397,299261,5751897,2073599,3678298,2.773871,11,84784,214477,1621096,5751897,732487,0.887038
398,299261,5762523,2073599,3688924,2.778996,11,85912,213349,1626017,5762523,741545,0.885988
399,299261,5691260,2073599,3617661,2.744629,10,87567,211694,1612342,5691260,758108,0.882452
400,299261,5580925,2073599,3507326,2.691420,10,90058,209203,1589881,5580925,778599,0.877570
401,299261,5549088,2073599,3475489,2.676066,10,91522,207739,1581629,5549088,777428,0.877116
402,295081,5515069,2073598,3441471,2.659662,11,93138,201943,1574855,5515069,784351,0.875488
403,296858,5476950,2073597,3403353,2.641280,11,94869,201989,1568868,5476950,798522,0.872755
404,299342,5438983,2073598,3365385,2.622969,11,95915,203427,1563267,5438983,814085,0.869810
405,299342,5400986,2073598,3327388,2.604645,12,97786,201556,1558156,5400986,831638,0.866567
406,299342,5364923,2073597,3291326,2.587254,11,100421,198921,1554664,5364923,853733,0.862714
407,299342,5324173,2073597,3250576,2.567603,10,102606,196736,1550345,5324173,877207,0.858546
408,299342,5281364,2073598,3207766,2.546957,10,104283,195059,1544063,5281364,894888,0.855108
409,293162,4905696,2073598,2832098,2.365789,11,106148,187014,1454844,4905696,913680,0.842993
410,293162,4557954,2073597,2484357,2.198091,10,107800,185362,1373054,4557954,934262,0.829893
411,293162,4557317,2073597,2483720,2.197783,9,107727,185435,1372130,4557317,931203,0.830336
412,293162,4555220,2073598,2481622,2.196771,10,107312,185850,1369861,4555220,924224,0.831329
413,293162,4551730,2073598,2478132,2.195088,10,106911,186251,1367533,4551730,918402,0.832106
414,293162,4549226,2073597,2475629,2.193881,9,106765,186397,1365407,4549226,912402,0.832943
415,293162,4547561,2073597,2473964,2.193079,9,106649,186513,1364212,4547561,909287,0.833368
416,293162,4542324,2073596,2468728,2.190554,9,106278,186884,1360557,4542324,899904,0.834644
417,293162,4533687,2073596,2460091,2.186389,9,105980,187182,1355593,4533687,888685,0.836108
418,293162,4516764,2073596,2443168,2.178228,9,105112,188050,1347296,4516764,872420,0.838116
419,293162,4501082,2073598,2427484,2.170663,9,103981,189181,1340342,4501082,860286,0.839540
420,293162,4487823,2073595,2414228,2.164272,9,102336,190826,1333598,4487823,846569,0.841300
421,290678,4536373,2073596,2462777,2.187684,10,102417,188261,1344759,4536373,842663,0.843343
422,288901,4533796,2073598,2460198,2.186439,10,100917,187984,1340249,4533796,827200,0.845700
423,288901,4511733,2073597,2438136,2.175800,11,99332,189569,1330557,4511733,810495,0.847715
424,288901,4503216,2073597,2429619,2.171693,12,98186,190715,1323985,4503216,792724,0.850315
425,288895,4515495,2073591,2441904,2.177621,13,97892,191003,1326038,4515495,788657,0.851313
426,288895,4482872,2073561,2409311,2.161920,15,97750,191145,1316501,4482872,783132,0.851285
427,264931,4381427,2073394,2308033,2.113167,23,97952,166979,1289820,4381427,777853,0.849232
428,264611,4255223,2073209,2182014,2.052481,18,99875,164736,1259675,4255223,783477,0.844508
429,264611,4154529,2072515,2082014,2.004583,17,101807,162804,1239893,4154529,805043,0.837679
430,264611,4113439,2072434,2041005,1.984835,17,102425,162186,1235875,4113439,830061,0.832090
431,264611,4043131,2072377,1970754,1.950963,12,103348,161263,1225563,4043131,859121,0.824750
432,264611,4009505,2072340,1937165,1.934772,11,103558,161053,1222266,4009505,879559,0.820097
433,264611,3995616,2072270,1923346,1.928135,10,103851,160760,1222904,3995616,896000,0.816829
434,264611,3894266,2072268,1821998,1.879229,10,103974,160637,1200055,3894266,905954,0.811268
435,264611,3737075,2072218,1664857,1.803418,10,103219,161392,1158910,3737075,898565,0.806162
436,264243,3595452,2072208,1523244,1.735083,7,101656,162587,1115089,3595452,864904,0.806091
437,264243,3527981,2072112,1455869,1.702602,7,100247,163996,1093022,3527981,844107,0.806933
438,264243,3483171,2072072,1411099,1.681009,7,98888,165355,1075983,3483171,820761,0.809300
439,264243,3425831,2072035,1353796,1.653365,7,97421,166822,1055464,3425831,796025,0.811451
440,264243,3376260,2072034,1304226,1.629442,7,94525,169718,1035421,3376260,765424,0.815190
441,264243,3314719,2071968,1242751,1.599793,7,92314,171929,1012132,3314719,733809,0.818747
442,264243,3255288,2071938,1183350,1.571132,7,90133,174110,989792,3255288,703880,0.822215
443,264235,3178675,2071873,1106802,1.534204,7,88135,176100,962976,3178675,673229,0.825222
444,264235,3111836,2071876,1039960,1.501941,7,87864,176371,944698,3111836,666956,0.823500
445,264235,3061790,2071776,990014,1.477858,7,87654,176581,929842,3061790,657578,0.823202
446,264235,3026477,2071785,954692,1.460807,7,87602,176633,918601,3026477,647927,0.823665
447,264235,3008836,2071700,937136,1.452351,6,87641,176594,914454,3008836,648980,0.822577
448,264235,3001640,2071663,929977,1.448904,6,87854,176381,916553,3001640,664572,0.818731
449,264235,2992538,2071577,920961,1.444570,7,88203,176032,916266,2992538,672526,0.816504
450,254547,2963728,2071536,892192,1.430691,6,88293,166254,908266,2963728,669336,0.815765
451,254545,2904054,2071299,832755,1.402045,6,85200,169345,883518,2904054,630018,0.821730
452,221396,3003069,2070947,932122,1.450095,6,85094,136302,906976,3003069,624835,0.827770
453,211968,3081580,2071490,1010090,1.487615,6,59413,152555,896571,3081580,504704,0.859268
454,211968,3146089,2071567,1074522,1.518700,5,28844,183124,875188,3146089,354663,0.898689
455,211964,3128357,2073549,1054808,1.508697,6,22244,189720,855894,3128357,295219,0.913769
456,123221,3099264,2073599,1025665,1.494630,5,21859,101362,846998,3099264,288728,0.914779
457,123221,3037696,2073598,964098,1.464940,5,21427,101794,828610,3037696,276744,0.916504
458,123541,2968489,2073600,894889,1.431563,6,21914,101627,808467,2968489,265379,0.917938
459,148995,2959855,2073598,886257,1.427401,5,21574,127421,804798,2959855,259337,0.919440
460,151479,3106761,2073599,1033162,1.498246,5,6903,144576,819067,3106761,169507,0.948262
461,125092,3150190,2073599,1076591,1.519190,5,8324,116768,836533,3150190,195942,0.941442
462,125092,3224784,2073600,1151184,1.555162,6,9170,115922,863688,3224784,229968,0.933434
463,125092,3297032,2073600,1223432,1.590004,6,10438,114654,889335,3297032,260308,0.926825
464,125092,3373728,2073600,1300128,1.626991,7,10975,114117,915085,3373728,286612,0.921698
465,125092,3453963,2073600,1380363,1.665684,7,11640,113452,941446,3453963,311821,0.917196
466,125092,3483706,2073600,1410106,1.680028,7,12419,112673,956439,3483706,342050,0.910593
467,125092,3501412,2073600,1427812,1.688567,6,13719,111373,968535,3501412,372728,0.903791
468,125092,3512284,2073600,1438684,1.693810,7,14504,110588,977358,3512284,397148,0.898413
469,125092,3520593,2073600,1446993,1.697817,7,15058,110034,983651,3520593,414011,0.894777
470,124285,3528218,2073600,1454618,1.701494,7,15896,108389,993119,3528218,444258,0.888166
471,125092,3511530,2073600,1437930,1.693446,7,13453,111639,972322,3511530,377758,0.902872
472,125092,3331370,2073600,1257770,1.606563,6,11113,113979,909370,3331370,306110,0.915846
473,151479,3154290,2073599,1080691,1.521167,6,26282,125197,875940,3154290,349470,0.900259
474,149282,2988360,2073600,914760,1.441146,5,23868,125414,820181,2988360,292364,0.910884
475,123541,3006282,2073599,932683,1.449789,5,22031,101510,822011,3006282,281762,0.914307
476,221404,3077081,2071897,1005184,1.485152,5,27241,194163,851638,3077081,329471,0.903283
477,221404,3130970,2071803,1059167,1.511230,5,81946,139458,928433,3130970,582762,0.843079
478,254923,3116810,2072055,1044755,1.504212,6,84809,170114,932749,3116810,614186,0.835383
479,264611,3218082,2072245,1145837,1.552945,6,86865,177746,966746,3218082,648902,0.832194
480,264611,3398925,2072401,1326524,1.640090,7,89093,175518,1028960,3398925,716915,0.825816
481,264611,3454824,2072376,1382448,1.667084,7,90998,173613,1051942,3454824,752944,0.821059
482,264611,3519526,2072381,1447145,1.698301,7,92898,171713,1077419,3519526,790150,0.816657
483,264611,3584469,2072333,1512136,1.729678,7,95563,169048,1104970,3584469,835411,0.810988
484,264611,3673357,2072269,1601088,1.772626,7,98298,166313,1139275,3673357,883743,0.806073
485,264611,3754194,2072232,1681962,1.811667,7,101809,162802,1171989,3754194,933762,0.800817
486,270791,3801465,2072188,1729277,1.834517,7,103702,167089,1190450,3801465,960335,0.798325
487,270791,3808240,2072107,1736133,1.837859,7,101292,169499,1190276,3808240,952864,0.799865
488,270791,3831154,2072089,1759065,1.848933,7,91980,178811,1185201,3831154,909650,0.808123
489,247158,3853781,2072015,1781766,1.859919,7,89660,157498,1187988,3853781,898171,0.810989
490,244404,3860161,2071961,1788200,1.863047,7,86237,158167,1186585,3860161,886179,0.813292
491,244404,3845154,2071970,1773184,1.855796,7,79679,164725,1177204,3845154,863662,0.816586
492,244404,3826978,2071997,1754981,1.847000,7,73486,170918,1166087,3826978,837370,0.820474
493,243597,3799656,2072101,1727555,1.833721,7,67878,175719,1151293,3799656,805516,0.825084
494,242181,3760941,2072190,1688751,1.814960,7,60851,181330,1133337,3760941,772407,0.829617
495,241696,3724333,2072240,1652093,1.797250,8,55224,186472,1116960,3724333,743507,0.833587
496,241696,3695975,2072369,1623606,1.783454,7,49791,191905,1102511,3695975,714069,0.838081
497,241734,3669491,2072523,1596968,1.770543,7,44839,196895,1088987,3669491,686457,0.842409
498,241734,3645794,2072585,1573209,1.759056,7,39579,202155,1076589,3645794,660562,0.846608
499,241734,3625664,2072653,1553011,1.749287,7,34141,207593,1063801,3625664,629540,0.852054
500,241730,3608880,2072719,1536161,1.741133,7,30071,211659,1052672,3608880,601808,0.857076
501,241734,3541168,2072803,1468365,1.708396,8,25865,215869,1028629,3541168,573348,0.860652
502,241696,3470529,2072833,1397696,1.674293,8,21641,220055,1002550,3470529,539671,0.865425
503,159721,3391343,2073561,1317782,1.635516,8,19471,140250,976016,3391343,512721,0.868670
504,159721,3307602,2073562,1234040,1.595131,7,18107,141614,951129,3307602,496914,0.869388
505,159707,3190808,2073566,1117242,1.538802,7,17138,142569,918256,3190808,482216,0.868714
506,159707,3098234,2073569,1024665,1.494155,7,17693,142014,896040,3098234,485926,0.864424
507,159707,3002957,2073572,929385,1.448205,8,16846,142861,869400,3002957,474643,0.863514
508,159707,2935134,2073598,861536,1.415479,7,15681,144026,848101,2935134,457270,0.865208
509,159707,2887317,2073599,813718,1.392418,7,14948,144759,833405,2887317,446303,0.866121
510,150019,2863502,2073600,789902,1.380933,8,15016,135003,828016,2863502,448562,0.864567
511,150019,2866766,2073600,793166,1.382507,7,15512,134507,831743,2866766,460206,0.861674
512,150019,2869512,2073598,795914,1.383832,7,15877,134142,833535,2869512,464628,0.860645
513,150019,2882639,2073599,809040,1.390162,8,16138,133881,838136,2882639,469905,0.859836
514,150019,2878350,2073600,804750,1.388093,8,15712,134307,835150,2878350,462250,0.861627
515,150017,2846428,2073598,772830,1.372700,8,14805,135212,823010,2846428,445612,0.864640
516,119735,2800929,2073599,727330,1.350757,8,13412,106323,807942,2800929,430839,0.866686
517,119735,2775011,2073599,701412,1.338258,9,12512,107223,798640,2775011,419549,0.868668
518,116956,2767950,2073599,694351,1.334853,8,12233,104723,795624,2767950,414546,0.869742
519,116956,2757382,2073597,683785,1.329758,8,11208,105748,789626,2757382,401122,0.873003
520,116956,2737517,2073600,663917,1.320176,8,10109,106847,781683,2737517,389215,0.875520
521,116956,2735265,2073599,661666,1.319091,7,9778,107178,780215,2735265,385595,0.876446
522,116956,2733662,2073598,660064,1.318318,7,9501,107455,779539,2733662,384494,0.876692
523,116956,2732646,2073600,659046,1.317827,7,9449,107507,779141,2732646,383918,0.876814
524,116956,2731992,2073598,658394,1.317513,7,9353,107603,778658,2731992,382640,0.877148
525,116956,2731961,2073597,658364,1.317499,7,9280,107676,778338,2731961,381391,0.877498
526,116956,2732308,2073598,658710,1.317665,7,9122,107834,778225,2732308,380592,0.877737
527,116956,2733088,2073600,659488,1.318040,8,8970,107986,778077,2733088,379220,0.878155
528,116956,2734749,2073599,661150,1.318842,7,8936,108020,777983,2734749,377183,0.878795
529,116956,2735719,2073600,662119,1.319309,7,8909,108047,778237,2735719,377229,0.878819
530,116956,2735689,2073599,662090,1.319295,8,8803,108153,777775,2735689,375411,0.879332
531,116956,2743745,2073596,670149,1.323182,7,8739,108217,780225,2743745,377155,0.879152
532,116956,2751477,2073598,677879,1.326910,7,8755,108201,782630,2751477,379043,0.878920
533,116956,2758663,2073598,685065,1.330375,7,8806,108150,785075,2758663,381637,0.878471
534,116956,2765590,2073599,691991,1.333715,7,8785,108171,786978,2765590,382322,0.878547
535,116956,2772232,2073599,698633,1.336918,7,8711,108245,788599,2772232,382164,0.878847
536,116956,2777231,2073600,703631,1.339328,7,8656,108300,789364,2777231,380225,0.879579
537,116956,2780600,2073600,707000,1.340953,7,8581,108375,790150,2780600,380000,0.879770
538,116956,2782281,2073599,708682,1.341764,7,8508,108448,790828,2782281,381031,0.879547
539,116956,2782984,2073599,709385,1.342103,7,8455,108501,790816,2782984,380280,0.879782
540,116956,2782650,2073600,709050,1.341942,7,8414,108542,790419,2782650,379026,0.880119
541,116956,2775352,2073599,701753,1.338423,7,7818,109138,786350,2775352,370048,0.882353
542,116956,2751171,2073598,677573,1.326762,8,6909,110047,776156,2751171,353453,0.886153
543,116956,2711860,2073600,638260,1.307803,7,6282,110674,762089,2711860,336496,0.889614
544,110320,2659400,2073600,585800,1.282504,7,5582,104738,744869,2659400,320076,0.892573
545,110320,2595445,2073600,521845,1.251661,6,4869,105451,724118,2595445,301027,0.896071
546,109952,2548577,2073599,474978,1.229060,7,4544,105408,708883,2548577,286955,0.898800
547,109952,2509772,2073596,436176,1.210348,6,4022,105930,694721,2509772,269112,0.903158
548,109952,2485447,2073597,411850,1.198616,6,3757,106195,686130,2485447,259073,0.905604
549,109952,2479720,2073600,406120,1.195853,4,3608,106344,683777,2479720,255388,0.906626
550,107284,2478001,2073600,404401,1.195024,4,3576,103708,683374,2478001,255495,0.906532
551,107284,2477096,2073599,403497,1.194588,4,3560,103724,683112,2477096,255352,0.906548
552,107284,2476988,2073599,403389,1.194536,4,3528,103756,682881,2476988,254536,0.906815
553,107284,2477448,2073599,403849,1.194758,4,3530,103754,683008,2477448,254584,0.906815
554,107284,2477743,2073599,404144,1.194900,4,3491,103793,682956,2477743,254081,0.906992
555,107144,2478153,2073598,404555,1.195098,4,3500,103644,683040,2478153,254007,0.907031
556,107144,2478663,2073600,405063,1.195343,4,3493,103651,683482,2478663,255265,0.906631
557,107144,2479032,2073592,405440,1.195525,4,3494,103650,683604,2479032,255384,0.906604
558,107144,2479317,2073599,405718,1.195659,4,3484,103660,683486,2479317,254627,0.906865
559,107144,2479486,2073600,405886,1.195740,4,3471,103673,683576,2479486,254818,0.906807
560,107144,2479488,2073599,405889,1.195741,4,3430,103714,683297,2479488,253700,0.907178
561,109812,2487353,2073600,413753,1.199534,6,3630,106182,686313,2487353,257899,0.906056
562,109812,2511541,2073597,437944,1.211200,8,3915,105897,695741,2511541,271423,0.902470
563,110180,2546714,2073599,473115,1.228161,7,4313,105867,708471,2546714,287170,0.898666
564,110180,2602167,2073600,528567,1.254903,8,4728,105452,726308,2602167,303065,0.895683
565,113047,2642031,2073600,568431,1.274128,7,5000,108047,738898,2642031,313561,0.893909
566,113047,2662297,2073599,588698,1.283902,8,5356,107691,745725,2662297,320603,0.892520
567,113047,2668055,2073599,594456,1.286678,7,5917,107130,748376,2668055,325449,0.891282
568,113047,2671344,2073599,597745,1.288265,6,6664,106383,749907,2671344,328284,0.890558
569,113047,2678773,2073600,605173,1.291847,7,7173,105874,752646,2678773,331811,0.889785
570,113047,2688587,2073599,614988,1.296580,6,7570,105477,756261,2688587,336457,0.888776
571,113047,2698802,2073600,625202,1.301506,7,7602,105445,759398,2698802,338790,0.888468
572,113047,2712189,2073599,638590,1.307962,7,7763,105284,763817,2712189,343079,0.887709
573,113047,2727857,2073598,654259,1.315519,6,7915,105132,769182,2727857,348871,0.886610
574,113047,2745664,2073599,672065,1.324106,6,8139,104908,774617,2745664,352804,0.886136
575,113047,2764343,2073599,690744,1.333114,7,8310,104737,780762,2764343,358705,0.885143
576,113047,2782624,2073600,709024,1.341929,7,8535,104512,786475,2782624,363276,0.884524
577,113187,2799795,2073599,726196,1.350210,7,8760,104427,791754,2799795,367221,0.884048
578,113187,2815512,2073598,741914,1.357791,7,8917,104270,796857,2815512,371916,0.883318
579,113187,2829399,2073599,755800,1.364487,7,8873,104314,800488,2829399,372553,0.883648
580,113187,2840676,2073599,767077,1.369925,7,8765,104422,803736,2840676,374268,0.883585
581,113187,2839909,2073598,766311,1.369556,7,8589,104598,802195,2839909,368871,0.885043
582,113187,2838599,2073600,764999,1.368923,7,8331,104856,800820,2838599,364681,0.886154
583,113187,2838410,2073599,764811,1.368833,7,8167,105020,799469,2838410,359466,0.887592
584,113187,2838613,2073600,765013,1.368930,7,8028,105159,798986,2838613,357331,0.888192
585,113047,2838260,2073600,764660,1.368760,8,8054,104993,798184,2838260,354476,0.888974
586,113047,2837332,2073600,763732,1.368312,8,8047,105000,797315,2837332,351928,0.889652
587,113047,2836500,2073596,762904,1.367914,7,8025,105022,796298,2836500,348692,0.890527
588,113047,2836636,2073600,763036,1.367976,8,8028,105019,795874,2836636,346860,0.891044
589,113047,2837675,2073600,764075,1.368478,7,8017,105030,796115,2837675,346785,0.891101
590,113047,2839491,2073600,765891,1.369353,7,8138,104909,796453,2839491,346321,0.891293
591,113047,2839997,2073598,766399,1.369599,7,8157,104890,796900,2839997,347603,0.890951
592,113047,2840595,2073598,766997,1.369887,7,8209,104838,797066,2840595,347669,0.890954
593,113047,2841332,2073598,767734,1.370242,7,8265,104782,797185,2841332,347408,0.891052
594,113047,2841841,2073599,768242,1.370487,7,8332,104715,797476,2841841,348063,0.890886
595,113047,2842329,2073600,768729,1.370722,7,8323,104724,797587,2842329,348019,0.890915
596,113047,2842811,2073599,769212,1.370955,7,8375,104672,797926,2842811,348893,0.890688
597,113047,2843344,2073600,769744,1.371211,7,8432,104615,798193,2843344,349428,0.890557
598,113047,2843815,2073600,770215,1.371439,7,8429,104618,798343,2843815,349557,0.890537
599,113047,2844198,2073597,770601,1.371625,7,8546,104501,798526,2844198,349906,0.890453
600,113047,2844607,2073600,771007,1.371821,7,8552,104495,798824,2844607,350689,0.890248
601,113047,2852684,2073600,779084,1.375716,7,8508,104539,800967,2852684,351184,0.890387
602,113047,2860546,2073598,786948,1.379508,7,8529,104518,803221,2860546,352338,0.890336
603,113047,2868627,2073599,795028,1.383405,7,8527,104520,805179,2868627,352089,0.890680
604,113047,2876471,2073600,802871,1.387187,7,8626,104421,807090,2876471,351889,0.891001
605,113187,2883692,2073600,810092,1.390669,7,8623,104564,809431,2883692,354032,0.890654
606,113187,2890404,2073599,816805,1.393907,7,8657,104530,811300,2890404,354796,0.890671
607,113187,2897326,2073599,823727,1.397245,7,8615,104572,813605,2897326,357094,0.890274
608,113187,2905224,2073599,831625,1.401054,7,8607,104580,816142,2905224,359344,0.889926
609,113187,2913007,2073598,839409,1.404808,7,8529,104658,818368,2913007,360465,0.889883
610,113187,2920453,2073599,846854,1.408398,7,8639,104548,820724,2920453,362443,0.889597
611,113099,2962233,2073598,888635,1.428547,7,9172,103927,835756,2962233,380791,0.886094
612,119735,2988516,2073598,914918,1.441222,7,9220,110515,845620,2988516,393964,0.883528
613,150017,2989418,2073547,915871,1.441693,7,10203,139814,849992,2989418,410550,0.879249
614,150019,2938630,2073520,865110,1.417218,8,10261,139758,836367,2938630,406838,0.878391
615,150033,2925522,2073523,851999,1.410894,7,10352,139681,832703,2925522,405290,0.878321
616,152785,2929921,2073532,856389,1.413010,7,10957,141828,835896,2929921,413663,0.876282
617,204478,2967208,2072336,894872,1.431818,7,14549,189929,853875,2967208,448292,0.868748
618,204478,3007473,2072301,935172,1.451272,7,20748,183730,877773,3007473,503619,0.856563
619,224277,3001339,2072208,929131,1.448377,8,26828,197449,884490,3001339,536621,0.848325
620,224277,2956344,2072029,884315,1.426787,8,34316,189961,880146,2956344,564240,0.839731
621,218097,2833859,2071738,762121,1.367866,8,34816,183281,840338,2833859,527493,0.843071
622,218544,2758600,2071785,686815,1.331509,6,29247,189297,803842,2758600,456768,0.857942
623,219630,2791464,2071776,719688,1.347377,6,23790,195840,797297,2791464,397724,0.875290
624,220433,2837004,2073498,763506,1.368221,6,20651,199782,796421,2837004,348680,0.890548
625,211824,2891633,2073598,818035,1.394500,6,21088,190736,804525,2891633,326467,0.898553
626,123221,3026267,2073598,952669,1.459428,6,22294,100927,840752,3026267,336741,0.899869
627,123221,3181319,2073599,1107720,1.534202,6,22475,100746,880324,3181319,339977,0.903451
628,123221,3221081,2073599,1147482,1.553377,6,21196,102025,881655,3221081,305539,0.913362
629,123221,3205084,2073598,1131486,1.545663,5,19944,103277,870980,3205084,278836,0.919965
630,122972,3044939,2073598,971341,1.468433,4,19271,103701,825126,3044939,255565,0.922568
631,122972,3021918,2073598,948320,1.457331,4,19030,103942,818372,3021918,251570,0.923149
632,115395,2987532,2073598,913934,1.440748,4,16490,98905,802030,2987532,220588,0.931241
633,115395,2974748,2073599,901149,1.434582,4,10197,105198,784482,2974748,163180,0.947998
634,115395,3004546,2073599,930947,1.448952,4,3895,111500,776462,3004546,101302,0.967383
635,117172,3047543,2073600,973943,1.469687,4,862,116310,778797,3047543,67645,0.978285
636,94506,3116917,2073600,1043317,1.503143,4,598,93908,796850,3116917,70483,0.977887
637,90785,3200124,2073599,1126525,1.543270,4,1367,89418,823996,3200124,95860,0.970916
638,53885,3288923,2073600,1215323,1.586093,5,2268,51617,855366,3288923,132541,0.961262
639,53885,3376168,2073599,1302569,1.628168,5,3109,50776,885445,3376168,165612,0.953240
640,53891,3465872,2073600,1392272,1.671427,5,3679,50212,914120,3465872,190608,0.947871
641,53891,3505411,2073600,1431811,1.690495,7,4256,49635,926609,3505411,201025,0.945763
642,53891,3527862,2073600,1454262,1.701322,6,4563,49328,935638,3527862,214690,0.942635
643,53891,3534798,2073600,1461198,1.704667,6,5138,48753,942073,3534798,233494,0.938037
644,53891,3530136,2073600,1456536,1.702419,6,5535,48356,944792,3530136,249032,0.934104
645,53891,3520369,2073600,1446769,1.697709,6,5726,48165,944730,3520369,258551,0.931581
646,53891,3508654,2073600,1435054,1.692059,6,5911,47980,944287,3508654,268494,0.928916
647,53891,3491984,2073600,1418384,1.684020,6,6859,47032,943708,3491984,282848,0.925070
648,53891,3475669,2073600,1402069,1.676152,6,7630,46261,943914,3475669,299987,0.920547
649,53891,3455162,2073600,1381562,1.666263,7,8044,45847,942868,3455162,316310,0.916131
650,53891,3430527,2073600,1356927,1.654382,6,8339,45552,938825,3430527,324773,0.913516
651,53891,3324389,2073600,1250789,1.603197,6,9108,44783,913350,3324389,329011,0.909944
652,152865,3181845,2073600,1108245,1.534455,6,9989,142876,878160,3181845,330795,0.905827
653,152865,3065678,2073600,992078,1.478433,6,11945,140920,852260,3065678,343362,0.899279
654,176805,3017347,2073600,943747,1.455125,6,14205,162600,846313,3017347,367905,0.891321
655,183469,3006048,2073600,932448,1.449676,6,16634,166835,849555,3006048,392172,0.884595
656,240579,3083824,2073600,1010224,1.487184,6,19170,221409,878687,3083824,430924,0.877395
657,246637,3370244,2073600,1296644,1.625311,8,24194,222443,971015,3370244,513816,0.867712
658,259878,3703167,2073599,1629568,1.785865,9,28433,231445,1075214,3703167,597689,0.861030
659,308968,4144973,2073600,2071373,1.998926,11,34863,274105,1212150,4144973,703627,0.854880
660,449501,4492412,2073599,2418813,2.166481,11,51681,397820,1335708,4492412,850420,0.840830
661,569759,4709499,2073600,2635899,2.271170,12,63196,506563,1417740,4709499,961461,0.830459
662,630140,4825860,2073600,2752260,2.327286,14,71607,558533,1470789,4825860,1057296,0.820284
663,679030,4922626,2073600,2849026,2.373952,14,87186,591844,1519802,4922626,1156582,0.809748
664,816964,4990372,2073600,2916772,2.406622,15,104708,712256,1556347,4990372,1235016,0.801616
665,854116,4997644,2073600,2924044,2.410129,16,111350,742766,1561115,4997644,1246816,0.800332
666,957618,4965704,2073600,2892104,2.394726,17,121479,836139,1556143,4965704,1258868,0.797758
667,1106339,4945490,2073599,2871891,2.384979,14,146743,959596,1565959,4945490,1318346,0.789531
668,1070315,4911210,2073600,2837610,2.368446,14,152780,917535,1560859,4911210,1332226,0.786620
669,1101854,4925313,2073600,2851713,2.375247,14,156499,945355,1562363,4925313,1324139,0.788119
670,1281800,5016597,2073600,2942997,2.419269,14,161498,1120302,1585890,5016597,1326963,0.790817
671,1368024,5062234,2073600,2988634,2.441278,14,174288,1193736,1605449,5062234,1359562,0.788289
672,1380832,5096057,2073600,3022457,2.457589,14,193084,1187748,1626242,5096057,1408911,0.783410
673,1432925,5116242,2073600,3042642,2.467323,14,200552,1232373,1635103,5116242,1424170,0.782251
674,1498972,5134039,2073600,3060439,2.475906,16,209616,1289356,1648405,5134039,1459581,0.778637
675,1497925,5229722,2073599,3156123,2.522051,15,225107,1272818,1691372,5229722,1535766,0.773000
676,1593336,5392981,2073598,3319383,2.600784,16,229121,1364215,1743113,5392981,1579471,0.773470
677,1667460,5557239,2073600,3483639,2.679996,16,247020,1420440,1807184,5557239,1671497,0.768771
678,1683781,5745058,2073599,3671459,2.770573,16,256261,1427520,1870076,5745058,1735246,0.768025
679,1689589,5905613,2073600,3832013,2.848000,16,259461,1430128,1917707,5905613,1765215,0.769879
680,1829431,6066824,2073600,3993224,2.925745,15,265973,1563458,1970889,6066824,1816732,0.769554
681,1829431,6182917,2073600,4109317,2.981731,16,271268,1558163,2008718,6182917,1851955,0.769510
682,1829431,6286923,2073599,4213324,3.031889,16,276174,1553257,2042203,6286923,1881889,0.769625
683,1829809,6399770,2073599,4326171,3.086310,17,283002,1546807,2080558,6399770,1922462,0.768997
684,1829809,6502576,2073600,4428976,3.135887,15,288903,1540906,2114285,6502576,1954564,0.768886
685,1829809,6534144,2073599,4460545,3.151113,15,293966,1535843,2128659,6534144,1980492,0.767401
686,1829811,6573388,2073598,4499790,3.170040,16,299415,1530396,2147036,6573388,2014756,0.765403
687,1830190,6614231,2073599,4540632,3.189735,16,303657,1526533,2165222,6614231,2046657,0.763690
688,1797154,6594372,2073600,4520772,3.180156,16,305999,1491155,2160909,6594372,2049264,0.762916
689,1797156,6477078,2073598,4403480,3.123594,16,307237,1489919,2135616,6477078,2065386,0.758221
690,1797156,6278778,2073600,4205178,3.027960,14,309170,1487986,2085785,6278778,2064362,0.752568
691,1797156,6059718,2073600,3986118,2.922318,13,308943,1488213,2028204,6059718,2053098,0.746932
692,1797156,5993449,2073600,3919849,2.890359,14,310175,1486981,2011717,5993449,2053419,0.744818
693,1797156,5999167,2073600,3925567,2.893117,16,311126,1486030,2013543,5999167,2055005,0.744852
694,1797156,6013172,2073600,3939572,2.899871,14,312923,1484233,2019162,6013172,2063476,0.744513
695,1797088,6037809,2073600,3964209,2.911752,14,313177,1483911,2026058,6037809,2066423,0.745019
696,1797088,6071346,2073600,3997746,2.927925,15,314895,1482193,2038536,6071346,2082798,0.744572
697,1790754,6102565,2073600,4028965,2.942981,15,315517,1475237,2047903,6102565,2089047,0.744977
698,1790754,6134212,2073599,4060613,2.958244,15,316346,1474408,2055968,6134212,2089660,0.745903
699,1790754,6169230,2073599,4095631,2.975132,15,317315,1473439,2067816,6169230,2102034,0.745863
700,1790754,6202354,2073600,4128754,2.991104,15,318641,1472113,2078790,6202354,2112806,0.745909
701,1790754,6269163,2073600,4195563,3.023323,16,322005,1468749,2101810,6269163,2138077,0.745686
702,1790754,6339563,2073600,4265963,3.057274,16,325555,1465199,2125122,6339563,2160925,0.745788
703,1778900,6408988,2073599,4335389,3.090756,15,328129,1450771,2151291,6408988,2196176,0.744784
704,1747132,6482449,2073600,4408849,3.126181,15,330255,1416877,2175060,6482449,2217791,0.745089
705,1747132,6557218,2073600,4483618,3.162239,16,333297,1413835,2198967,6557218,2238650,0.745488
706,1747132,6611000,2073598,4537402,3.188178,15,336758,1410374,2218261,6611000,2262044,0.745066
707,1722976,6662322,2073598,4588724,3.212928,15,340158,1382818,2237846,6662322,2289062,0.744278
708,1722976,6687178,2073598,4613580,3.224915,15,342754,1380222,2247024,6687178,2300918,0.744004
709,1722976,6693270,2073600,4619670,3.227850,15,345946,1377030,2255289,6693270,2327886,0.741953
710,1722976,6683545,2073598,4609947,3.223163,13,347223,1375753,2256868,6683545,2343927,0.740356
711,1751448,6741457,2073600,4667857,3.251088,13,354807,1396641,2286507,6741457,2404571,0.737091
712,1759200,6795162,2073599,4721563,3.276989,13,362083,1397117,2315006,6795162,2464862,0.733817
713,1847660,6845583,2073600,4771983,3.301304,13,368336,1479324,2340573,6845583,2516709,0.731187
714,1851026,6888321,2073598,4814723,3.321917,14,374491,1476535,2361188,6888321,2556431,0.729328
715,1851018,6927553,2073600,4853953,3.340834,13,380613,1470405,2380478,6927553,2594359,0.727538
716,1852792,6959960,2073600,4886360,3.356462,12,386255,1466537,2398581,6959960,2634364,0.725425
717,1851109,7014040,2073599,4940441,3.382544,14,392788,1458321,2419387,7014040,2663508,0.724774
718,1852077,7071846,2073600,4998246,3.410420,13,400223,1451854,2443996,7071846,2704138,0.723390
719,1846581,7127610,2073599,5054011,3.437314,13,407243,1439338,2467995,7127610,2744370,0.722004
720,2110972,7186892,2073600,5113292,3.465901,13,415499,1695473,2495680,7186892,2795828,0.719933
721,2110988,7218617,2073599,5145018,3.481202,12,419718,1691270,2511400,7218617,2826983,0.718585
722,2111464,7261919,2073600,5188319,3.502083,12,424496,1686968,2528967,7261919,2853949,0.717874
723,2183058,7318931,2073600,5245331,3.529577,13,428981,1754077,2555120,7318931,2901549,0.716104
724,2183058,7376239,2073600,5302639,3.557214,12,432814,1750244,2575167,7376239,2924429,0.716093
725,2183056,7431499,2073598,5357901,3.583867,12,435889,1747167,2595771,7431499,2951585,0.715731
726,2184472,7480599,2073600,5406999,3.607542,12,438289,1746183,2616428,7480599,2985113,0.714772
727,2184472,7524876,2073600,5451276,3.628895,12,441221,1743251,2632501,7524876,3005128,0.714613
728,2184472,7565961,2073600,5492361,3.648708,13,441877,1742595,2646841,7565961,3021403,0.714622
729,2184472,7605525,2073598,5531927,3.667791,13,442345,1742127,2660728,7605525,3037387,0.714609
730,2184462,7641117,2073599,5567518,3.684954,13,443754,1740708,2673860,7641117,3054323,0.714428
731,2202760,7668551,2073599,5594952,3.698184,12,446161,1756599,2685904,7668551,3075065,0.713777
732,2202569,7677970,2073600,5604370,3.702725,13,447652,1754917,2692909,7677970,3093666,0.712795
733,2175541,7681711,2073600,5608111,3.704529,12,451916,1723625,2698237,7681711,3111237,0.711734
734,2175493,7681045,2073599,5607446,3.704209,12,458803,1716690,2706440,7681045,3144715,0.709516
735,2175042,7677710,2073599,5604111,3.702601,13,464162,1710880,2711461,7677710,3168134,0.707894
736,2175042,7675630,2073599,5602031,3.701598,13,468705,1706337,2717309,7675630,3193606,0.706179
737,2175042,7674106,2073599,5600507,3.700863,13,472893,1702149,2722586,7674106,3216238,0.704671
738,2175042,7671842,2073600,5598242,3.699769,13,475149,1699893,2727060,7671842,3236398,0.703307
739,2163582,7663894,2073600,5590294,3.695937,13,475470,1688112,2726663,7663894,3242758,0.702681
740,2163574,7658422,2073600,5584822,3.693298,13,473807,1689767,2725307,7658422,3242806,0.702528
741,2163574,7652997,2073599,5579398,3.690683,14,471477,1692097,2722407,7652997,3236631,0.702779
742,2207784,7645435,2073600,5571835,3.687035,13,469466,1738318,2720207,7645435,3235393,0.702652
743,2246164,7632974,2073600,5559374,3.681025,12,470476,1775688,2718515,7632974,3241086,0.701943
744,2330712,7616479,2073600,5542879,3.673071,13,472184,1858528,2720274,7616479,3264617,0.699974
745,2330710,7602614,2072607,5530007,3.668141,12,474576,1856134,2719719,7602614,3276262,0.698842
746,2377359,7581137,2067160,5513977,3.667417,13,471856,1905503,2711615,7581137,3265323,0.698950
747,2372324,7558357,2061660,5496697,3.666151,13,467535,1904789,2701421,7558357,3247327,0.699480
748,2372320,7533840,2056162,5477678,3.664030,13,461252,1911068,2688895,7533840,3221740,0.700459
749,2367100,7503211,2050677,5452534,3.658895,13,456332,1910768,2674714,7503211,3195645,0.701310
750,2315904,7475016,2045188,5429828,3.654929,13,453123,1862781,2663217,7475016,3177852,0.701690
751,2334552,7464814,2043165,5421649,3.653554,13,455351,1879201,2661129,7464814,3179702,0.701283
752,2332192,7457044,2041154,5415890,3.653347,13,458141,1874051,2662938,7457044,3194708,0.700077
753,2332192,7445067,2039163,5405904,3.651041,13,462311,1869881,2662904,7445067,3206549,0.698961
754,2338000,7432604,2037193,5395411,3.648454,14,466131,1871869,2660890,7432604,3210956,0.698319
755,2313168,7427456,2035260,5392196,3.649389,13,471321,1841847,2664856,7427456,3231968,0.696797
756,2377838,7422822,2033323,5389499,3.650587,13,475484,1902354,2668166,7422822,3249842,0.695499
757,2447145,7418421,2031417,5387004,3.651845,14,477814,1969331,2668060,7418421,3253819,0.695114
758,2449845,7415791,2029531,5386260,3.653943,14,478723,1971122,2667182,7415791,3252937,0.695096
759,2453209,7471509,2027661,5443848,3.684792,13,478717,1974492,2679295,7471509,3245671,0.697153
760,2453209,7467080,2025801,5441279,3.685989,13,478393,1974816,2677809,7467080,3244156,0.697126
761,2453209,7515844,2023934,5491910,3.713483,13,477235,1975974,2685763,7515844,3227208,0.699600
762,2453209,7522741,2022093,5500648,3.720274,13,476173,1977036,2686333,7522741,3222591,0.700094
763,2481223,7527163,2020266,5506897,3.725828,14,475371,2005852,2685137,7527163,3213385,0.700817
764,2481223,7524637,2018474,5506163,3.727884,14,474011,2007212,2682744,7524637,3206339,0.701207
765,2481223,7523226,2016710,5506516,3.730445,14,472978,2008245,2679289,7523226,3193930,0.701980
766,2482968,7522470,2014963,5507507,3.733304,14,471112,2011856,2675829,7522470,3180846,0.702817
767,2488554,7527630,2013249,5514381,3.739046,13,469904,2018650,2674428,7527630,3170082,0.703667
768,2501358,7546503,2011556,5534947,3.751575,13,469373,2031985,2679104,7546503,3169913,0.704200
769,2529176,7569890,2009887,5560003,3.766326,14,468938,2060238,2686441,7569890,3175874,0.704453
770,2529176,7594386,2008225,5586161,3.781641,14,469270,2059906,2695544,7594386,3187790,0.704346
771,2529178,7601747,2007751,5593996,3.786200,14,469861,2059317,2697718,7601747,3189125,0.704461
772,2535512,7607302,2007264,5600038,3.789886,14,469935,2065577,2701616,7607302,3199162,0.703958
773,2535512,7612843,2006782,5606061,3.793558,14,470510,2065002,2703483,7612843,3201089,0.703985
774,2535512,7616101,2006328,5609773,3.796040,13,471449,2064063,2704735,7616101,3202839,0.703960
775,2537195,7618185,2005825,5612360,3.798031,14,471185,2066010,2706351,7618185,3207219,0.703732
776,2537203,7619755,2005366,5614389,3.799683,14,472453,2064750,2709142,7619755,3216813,0.703152
777,2537203,7619610,2004897,5614713,3.800499,13,472537,2064666,2708075,7619610,3212690,0.703416
778,2519715,7620979,2004410,5616569,3.802106,14,472955,2046760,2708860,7620979,3214461,0.703338
779,2513907,7621748,2003962,5617786,3.803340,13,473372,2040535,2709167,7621748,3214920,0.703329
780,2513907,7623083,2003492,5619591,3.804898,14,474114,2039793,2710919,7623083,3220593,0.702998
781,2519367,7608016,1998521,5609495,3.806823,14,474070,2045297,2704558,7608016,3210216,0.703259
782,2476864,7599597,1993541,5606056,3.812110,14,475156,2001708,2701785,7599597,3207543,0.703201
783,2359316,7592232,1988572,5603660,3.817932,14,475822,1883494,2700148,7592232,3208360,0.702946
784,2351668,7582735,1983584,5599151,3.822745,14,475291,1876377,2695979,7582735,3201181,0.703152
785,2290256,7577795,1978582,5599213,3.829912,14,475547,1814709,2691723,7577795,3189097,0.703805
786,2289434,7580288,1973572,5606716,3.840898,14,474792,1814642,2691656,7580288,3186336,0.704054
787,2256755,7584035,1968552,5615483,3.852596,13,475405,1781350,2693802,7584035,3191173,0.703841
788,2256755,7583621,1963525,5620096,3.862248,14,474716,1782039,2693819,7583621,3191655,0.703798
789,2239023,7593893,1958482,5635411,3.877438,14,474467,1764556,2692882,7593893,3177635,0.704997
790,2266841,7597218,1953438,5643780,3.889152,14,473247,1793594,2692624,7597218,3173278,0.705373
791,2233265,7587770,1948641,5639129,3.893878,14,468207,1765058,2683239,7587770,3145186,0.706960
792,2230306,7568828,1943806,5625022,3.893819,14,462694,1767612,2670473,7568828,3113064,0.708566
793,2219118,7545942,1938944,5606998,3.891779,14,457260,1761858,2656969,7545942,3081934,0.710014
794,2295870,7525753,1934058,5591695,3.891172,14,453190,1842680,2647145,7525753,3062827,0.710742
795,2313416,7502212,1929120,5573092,3.888930,13,448392,1865024,2637281,7502212,3046912,0.711169
796,2294036,7482673,1924159,5558514,3.888802,14,448564,1845472,2630274,7482673,3038423,0.711207
797,2294036,7452444,1919134,5533310,3.883233,14,444786,1849250,2619156,7452444,3024180,0.711340
798,2296220,7421616,1914091,5507525,3.877358,14,440043,1856177,2603517,7421616,2992452,0.712653
799,2296204,7389824,1908979,5480845,3.871087,14,434629,1861575,2589196,7389824,2966960,0.713525
800,2285036,7349464,1903858,5445606,3.860301,14,427831,1857205,2573390,7349464,2944096,0.713987
801,2284976,7334146,1904985,5429161,3.849976,14,428091,1856885,2565451,7334146,2927658,0.714703
802,2284976,7314304,1906116,5408188,3.837282,14,428676,1856300,2559541,7314304,2923860,0.714416
803,2284976,7292019,1907261,5384758,3.823294,14,428921,1856055,2551503,7292019,2913993,0.714483
804,2214893,7272567,1908383,5364184,3.810853,14,429639,1785254,2546359,7272567,2912869,0.714016
805,2209307,7255903,1909501,5346402,3.799895,15,430286,1779021,2541246,7255903,2909081,0.713814
806,2209305,7244695,1910638,5334057,3.791767,14,430778,1778527,2537940,7244695,2907065,0.713639
807,2209305,7234523,1911753,5322770,3.784235,14,431858,1777447,2534434,7234523,2903213,0.713623
808,2209305,7224628,1912884,5311744,3.776825,14,433240,1776065,2532722,7224628,2906260,0.713129
809,2209301,7215692,1914005,5301687,3.769944,14,434414,1774887,2530993,7215692,2908280,0.712733
810,2181483,7205637,1915104,5290533,3.762530,15,435688,1745795,2528591,7205637,2908727,0.712416
811,2181483,7223161,1919924,5303237,3.762212,14,441894,1739589,2539567,7223161,2935107,0.711062
812,2179231,7238511,1924764,5313747,3.760727,14,446701,1732530,2545843,7238511,2944861,0.710817
813,2177556,7252789,1929605,5323184,3.758691,15,451748,1725808,2553767,7252789,2962279,0.710009
814,2177556,7271945,1934488,5337457,3.759106,15,456157,1721399,2563190,7271945,2980815,0.709267
815,2177564,7284496,1939397,5345099,3.756062,15,459378,1718186,2568048,7284496,2987696,0.709147
816,2177572,7294658,1944321,5350337,3.751777,15,461774,1715798,2571362,7294658,2990790,0.709221
817,2177572,7186537,1949275,5237262,3.686774,16,464210,1713362,2544565,7186537,2991723,0.706067
818,2160738,7187861,1954247,5233614,3.678072,16,466536,1694202,2544985,7187861,2992079,0.706081
819,2159290,7184858,1959253,5225605,3.667142,15,469209,1690081,2542867,7184858,2986610,0.706374
820,2157585,7171332,1964283,5207049,3.650865,15,470724,1686861,2538932,7171332,2984396,0.706137
821,2157585,7008847,1972150,5036697,3.553912,15,472286,1685299,2497781,7008847,2982277,0.701507
822,2160544,6995472,1980026,5015446,3.533020,16,473927,1686617,2493045,6995472,2976708,0.701499
823,2220914,7016682,1987900,5028782,3.529696,15,477547,1743367,2505725,7016682,3006218,0.700065
824,2328316,7043169,1995824,5047345,3.528953,15,479651,1848665,2516702,7043169,3023639,0.699643
825,2328692,7057810,2003748,5054062,3.522304,16,481519,1847173,2523488,7057810,3036142,0.699212
826,2329444,7059217,2011716,5047501,3.509052,15,483622,1845822,2526194,7059217,3045559,0.698602
827,2330196,7062039,2019672,5042367,3.496627,15,485145,1845051,2528180,7062039,3050681,0.698332
828,2347639,7080961,2027662,5053299,3.492180,15,487372,1860267,2537456,7080961,3068863,0.697644
829,2309807,7112249,2035671,5076578,3.493811,16,489758,1820049,2548663,7112249,3082403,0.697645
830,2403009,7152245,2043704,5108541,3.499648,15,493040,1909969,2562966,7152245,3099619,0.697653
831,2343559,7184609,2050093,5134516,3.504528,15,496578,1846981,2573210,7184609,3108231,0.698020
832,2337875,7219872,2056499,5163373,3.510759,15,499412,1838463,2584976,7219872,3120032,0.698253
833,2386313,7257414,2062939,5194475,3.517997,15,502389,1883924,2597662,7257414,3133234,0.698456
834,2396379,7299940,2069376,5230564,3.527604,16,505809,1890570,2612327,7299940,3149368,0.698605
835,2396371,7339313,2073589,5265724,3.539425,15,509447,1886924,2627860,7339313,3172127,0.698221
836,2400019,7365076,2073599,5291477,3.551832,15,510142,1889877,2635529,7365076,3177040,0.698634
837,2431470,7396552,2073600,5322952,3.567010,15,509728,1921742,2643315,7396552,3176708,0.699553
838,2437278,7421010,2073600,5347410,3.578805,15,509460,1927818,2650187,7421010,3179738,0.700046
839,2387228,7445923,2073599,5372324,3.590821,14,509518,1877710,2656451,7445923,3179881,0.700740
840,2387721,7470063,2073600,5396463,3.602461,14,509166,1878555,2663250,7470063,3182937,0.701217
841,2422465,7504174,2073599,5430575,3.618913,14,508739,1913726,2671471,7504174,3181710,0.702251
842,2422465,7542775,2073600,5469175,3.637527,15,507468,1914997,2681013,7542775,3181277,0.703351
843,2416617,7585963,2073600,5512363,3.658354,14,505898,1910719,2690181,7585963,3174761,0.704968
844,2443649,7626218,2073599,5552619,3.677769,14,503474,1940175,2700042,7626218,3173950,0.706120
845,2445071,7666044,2073596,5592448,3.696981,15,500557,1944514,2706388,7666044,3159508,0.708143
846,2446241,7696844,2073594,5623250,3.711838,14,497052,1949189,2711295,7696844,3148336,0.709702
847,2447208,7713433,2073596,5639837,3.719834,14,492975,1954233,2716141,7713433,3151131,0.709962
848,2428910,7733626,2073600,5660026,3.729565,14,489633,1939277,2717081,7733626,3134698,0.711575
849,2428912,7751591,2073599,5677992,3.738230,14,485264,1943648,2720556,7751591,3130633,0.712317
850,2360862,7774177,2073600,5700577,3.749121,16,479536,1881326,2721202,7774177,3110631,0.714223
851,2221042,7794790,2073599,5721191,3.759063,15,477606,1743436,2724064,7794790,3101466,0.715364
852,2220958,7822239,2073600,5748639,3.772299,14,476827,1744131,2732269,7822239,3106837,0.715727
853,2220958,7854890,2073600,5781290,3.788045,14,476422,1744536,2740395,7854890,3106690,0.716584
854,2226810,7889273,2073599,5815674,3.804628,13,476079,1750731,2747444,7889273,3100503,0.717874
855,2226810,7923859,2073600,5850259,3.821305,15,475865,1750945,2757389,7923859,3105697,0.718420
856,2226810,7958280,2073599,5884681,3.837907,14,475819,1750991,2765799,7958280,3104916,0.719347
857,2226818,7992854,2073598,5919256,3.854582,14,474794,1752024,2775362,7992854,3108594,0.719983
858,2226822,8030842,2073597,5957245,3.872904,14,474915,1751907,2785554,8030842,3111374,0.720758
859,2224630,8069250,2073598,5995652,3.891424,14,474584,1750046,2796035,8069250,3114890,0.721490
860,2225712,8102672,2073598,6029074,3.907542,15,474076,1751636,2805049,8102672,3117524,0.722151
861,2202689,8099508,2073596,6025912,3.906020,15,472870,1729819,2802362,8099508,3109940,0.722561
862,2221715,8093981,2073598,6020383,3.903351,15,472275,1749440,2800244,8093981,3106995,0.722614
863,2221711,8083705,2073596,6010109,3.898399,17,471558,1750153,2796787,8083705,3103443,0.722589
864,2228045,8075163,2073598,6001565,3.894276,15,471491,1756554,2792416,8075163,3094501,0.722955
865,2222827,8068764,2073597,5995167,3.891192,15,471564,1751263,2791338,8068764,3096588,0.722661
866,2217546,8064364,2073597,5990767,3.889070,17,471854,1745692,2790505,8064364,3097656,0.722482
867,2217542,8047695,2073598,5974097,3.881029,18,470138,1747404,2781925,8047695,3080005,0.723213
868,2217610,8029402,2073596,5955806,3.872211,16,468248,1749362,2773982,8029402,3066526,0.723635
869,2235908,8012773,2073598,5939175,3.864188,17,466384,1769524,2767031,8012773,3055351,0.723950
870,2238102,7998422,2073597,5924825,3.857269,16,465794,1772308,2759607,7998422,3040006,0.724598
871,2238106,7983711,2073598,5910113,3.850173,16,465519,1772587,2755500,7983711,3038289,0.724343
872,2238106,7965024,2073598,5891426,3.841161,15,463935,1774171,2749786,7965024,3034120,0.724149
873,2238106,7947986,2073597,5874389,3.832946,15,461969,1776137,2743288,7947986,3025166,0.724312
874,2238106,7937277,2073596,5863681,3.827784,14,460491,1777615,2740362,7937277,3024171,0.724108
875,2238106,7928718,2073598,5855120,3.823652,14,458917,1779189,2735022,7928718,3011370,0.724740
876,2238098,7922821,2073598,5849223,3.820809,14,459016,1779082,2732875,7922821,3008679,0.724770
877,2252486,7916347,2073597,5842750,3.817688,15,459850,1792636,2732312,7916347,3012901,0.724327
878,2252482,7908764,2073598,5835166,3.814030,14,461545,1790937,2732572,7908764,3021524,0.723564
879,2252480,7901288,2073598,5827690,3.810424,14,463412,1789068,2734617,7901288,3037180,0.722340
880,2251091,7897748,2073597,5824151,3.808719,14,463270,1787821,2733951,7897748,3038056,0.722192
881,2224061,7908730,2073597,5835133,3.814015,14,463000,1761061,2737315,7908730,3040530,0.722307
882,2224061,7918650,2073596,5845054,3.818801,14,462181,1761880,2738834,7918650,3036686,0.722812
883,2224061,7923554,2073599,5849955,3.821160,14,461241,1762820,2737536,7923554,3026590,0.723603
884,2224061,7933263,2073596,5859667,3.825848,15,460752,1763309,2738892,7933263,3022305,0.724131
885,2242359,7942532,2073597,5868935,3.830316,14,460148,1782211,2740453,7942532,3019280,0.724564
886,2244551,7952850,2073600,5879250,3.835286,15,460259,1784292,2741156,7952850,3011774,0.725319
887,2243518,7964114,2073597,5890517,3.840724,15,460213,1783305,2743890,7964114,3011446,0.725623
888,2205138,7975459,2073595,5901864,3.846199,16,459634,1745504,2745781,7975459,3007665,0.726156
889,2205138,7987464,2073600,5913864,3.851979,15,459790,1745348,2748431,7987464,3006260,0.726548
890,2206813,8001329,2073598,5927731,3.858669,14,460269,1746544,2753183,8001329,3011403,0.726553
891,2261663,8105421,2073596,6031825,3.908872,15,461201,1800462,2785357,8105421,3036007,0.727503
892,2305787,8172521,2073598,6098923,3.941227,14,460284,1845503,2804132,8172521,3044007,0.728614
893,2312013,8233478,2073599,6159879,3.970622,14,459513,1852500,2822567,8233478,3056790,0.729254
894,2313060,8290478,2073596,6216882,3.998116,14,455919,1857141,2836673,8290478,3056214,0.730652
895,2313060,8403347,2073600,6329747,4.052540,13,455519,1857541,2866451,8403347,3062457,0.732905
896,2313440,8468180,2073600,6394580,4.083806,14,456001,1857439,2886829,8468180,3079136,0.733346
897,2330362,8642572,2073599,6568973,4.167909,13,458122,1872240,2939792,8642572,3116596,0.734965
898,2358180,8644230,2073600,6570630,4.168707,15,464208,1893972,2948547,8644230,3149958,0.732923
899,2359863,8767347,2073599,6693748,4.228082,15,472655,1887208,2990877,8767347,3196161,0.732841
900,2379243,8787517,2073600,6713917,4.237807,15,483122,1896121,3004270,8787517,3229563,0.731252
901,2379245,8791316,2073600,6717716,4.239639,16,483689,1895556,3006142,8791316,3233252,0.731113
902,2380343,8858935,2073598,6785337,4.272253,15,486161,1894182,3028463,8858935,3254917,0.731306
903,2380343,8869153,2073600,6795553,4.277176,15,487886,1892457,3033727,8869153,3265755,0.730879
904,2380343,8858756,2073600,6785156,4.272162,16,491066,1889277,3035380,8858756,3282764,0.729625
905,2380343,8846284,2073597,6772687,4.266154,16,492890,1887453,3034950,8846284,3293516,0.728701
906,2380341,8832904,2073600,6759304,4.259695,17,491952,1888389,3030254,8832904,3288112,0.728726
907,2380341,8837196,2073599,6763597,4.261767,17,490418,1889923,3032888,8837196,3294356,0.728447
908,2380341,8841365,2073598,6767767,4.263780,16,489096,1891245,3032946,8841365,3290419,0.728777
909,2380341,8842174,2073600,6768574,4.264166,19,486608,1893733,3029324,8842174,3275122,0.729715
910,2380341,8846058,2073600,6772458,4.266039,17,485009,1895332,3026178,8846058,3258654,0.730795
911,2380341,9151776,2073600,7078176,4.413472,16,483280,1897061,3097579,9151776,3238540,0.738623
912,2380341,9152606,2073600,7079006,4.413872,17,480449,1899892,3090153,9152606,3208006,0.740465
913,2380343,9310748,2073600,7237148,4.490137,17,477648,1902695,3123776,9310748,3184356,0.745152
914,2383065,9304681,2073600,7231081,4.487211,17,474799,1908266,3114839,9304681,3154675,0.746803
915,2383065,9287901,2073599,7214302,4.479121,16,471725,1911340,3104857,9287901,3131527,0.747853
916,2383065,9268718,2073600,7195118,4.469868,17,469029,1914036,3092362,9268718,3100730,0.749323
917,2383065,9251148,2073600,7177548,4.461395,16,467109,1915956,3081398,9251148,3074444,0.750564
918,2383965,9233022,2073600,7159422,4.452653,17,465679,1918286,3070824,9233022,3050274,0.751673
919,2390167,9220056,2073599,7146457,4.446403,17,463189,1926978,3062882,9220056,3031472,0.752564
920,2390169,9206151,2073600,7132551,4.439695,16,461800,1928369,3054008,9206151,3009881,0.753612
921,2395733,9195856,2073600,7122256,4.434730,16,459896,1935837,3046098,9195856,2988536,0.754724
922,2404679,9179483,2073598,7105885,4.426838,16,458601,1946078,3039571,9179483,2978801,0.754998
923,2404679,9154351,2073600,7080751,4.414714,18,457605,1947074,3028536,9154351,2959793,0.755675
924,2404679,9122476,2073600,7048876,4.399342,19,455880,1948799,3014254,9122476,2934540,0.756611
925,2410979,9094005,2073600,7020405,4.385612,18,454735,1956244,3003226,9094005,2918899,0.757020
926,2411473,9166147,2073600,7092547,4.420403,18,452857,1958616,3017368,9166147,2903325,0.759449
927,2416588,9189751,2073600,7116151,4.431786,18,450723,1965865,3019643,9189751,2888821,0.760831
928,2416956,9177333,2073600,7103733,4.425797,17,447578,1969378,3010386,9177333,2864211,0.762139
929,2472664,9151762,2073599,7078163,4.413468,19,444435,2028229,2998257,9151762,2841266,0.763090
930,2473270,9115887,2073600,7042287,4.396165,17,441958,2031312,2984269,9115887,2821189,0.763662
931,2523645,9061576,2073600,6987976,4.369973,17,439626,2084019,2964654,9061576,2797040,0.764134
932,2550685,8994972,2073600,6921372,4.337853,17,436667,2114018,2940937,8994972,2768776,0.764635
933,2554252,8921458,2073599,6847859,4.302403,17,434567,2119685,2917486,8921458,2748486,0.764482
934,2652795,8849330,2073600,6775730,4.267617,17,431849,2220946,2893721,8849330,2725554,0.764529
935,2663393,8769666,2073599,6696067,4.229201,17,428574,2234819,2867557,8769666,2700562,0.764559
936,2664896,8687280,2073599,6613681,4.189470,18,426248,2238648,2842134,8687280,2681256,0.764151
937,2664896,8606900,2073600,6533300,4.150704,18,423755,2241141,2817587,8606900,2663448,0.763677
938,2665256,8533203,2073598,6459605,4.115167,19,421699,2243557,2795130,8533203,2647317,0.763221
939,2727125,8457803,2073599,6384204,4.078804,20,420068,2307057,2772402,8457803,2631805,0.762678
940,2730841,8385175,2073600,6311575,4.043777,17,419460,2311381,2752881,8385175,2626349,0.761491
941,2771053,8738476,2073600,6664876,4.214157,19,421408,2349645,2848424,8738476,2655220,0.766957
942,2771059,12175794,2073600,10102194,5.871814,19,423033,2348026,3726423,12175794,2729898,0.816855
943,2771063,12023990,2073600,9950390,5.798606,19,424528,2346535,3693338,12023990,2749362,0.813897
944,2771063,11889481,2073600,9815881,5.733739,20,424693,2346370,3664041,11889481,2766683,0.811227
945,2771063,11769264,2073600,9695664,5.675764,21,425149,2345914,3638705,11769264,2785556,0.808616
946,2771063,11662931,2073600,9589331,5.624484,19,426054,2345009,3616074,11662931,2801365,0.806326
947,2835733,11565810,2073600,9492210,5.577648,19,426420,2409313,3598068,11565810,2826462,0.803613
948,2902280,11480754,2073600,9407154,5.536629,19,427266,2475014,3583169,11480754,2851922,0.801020
949,2902286,11415866,2073600,9342266,5.505337,19,427867,2474419,3572694,11415866,2874910,0.798828
950,2902286,11354229,2073600,9280629,5.475612,19,428829,2473457,3562828,11354229,2897083,0.796715
951,2901926,11349165,2073600,9275565,5.473170,19,428419,2473507,3563050,11349165,2903035,0.796310
952,2879260,11343619,2073600,9270019,5.470495,19,428658,2450602,3563780,11343619,2911501,0.795758
953,2878900,11337654,2073600,9264054,5.467619,19,429682,2449218,3563255,11337654,2915366,0.795456
954,2878900,11332537,2073600,9258937,5.465151,19,430153,2448747,3562843,11332537,2918835,0.795189
955,2878900,11331152,2073600,9257552,5.464483,19,430862,2448038,3565469,11331152,2930724,0.794506
956,2878900,11330418,2073600,9256818,5.464129,18,432370,2446530,3566704,11330418,2936398,0.794180
957,2878900,11325833,2073600,9252233,5.461918,18,432408,2446492,3566872,11325833,2941655,0.793821
958,2878900,11323079,2073600,9249479,5.460590,20,433072,2445828,3567381,11323079,2946445,0.793515
959,2878900,11316934,2073600,9243334,5.457626,18,433594,2445306,3567959,11316934,2954902,0.792956
960,2878900,11303590,2073600,9229990,5.451191,18,434846,2444054,3566316,11303590,2961674,0.792386
961,2825038,11198686,2073600,9125086,5.400601,19,436365,2388673,3545066,11198686,2981578,0.789737
962,2747621,11208913,2073600,9135313,5.405533,20,438819,2308802,3556966,11208913,3018951,0.787814
963,2735767,11363318,2073600,9289718,5.479995,19,442680,2293087,3617873,11363318,3108174,0.785221
964,2735389,11429612,2073600,9356012,5.511966,19,446402,2288987,3654524,11429612,3188484,0.781881
965,2735381,11183953,2073600,9110353,5.393496,19,449118,2286263,3601507,11183953,3222075,0.776338
966,2720424,10921078,2073600,8847478,5.266724,20,450343,2270081,3542605,10921078,3249342,0.770695
967,2714838,10682074,2073600,8608474,5.151463,20,450411,2264427,3489724,10682074,3276822,0.765252
968,2709252,10589099,2073599,8515500,5.106628,20,448573,2260679,3475301,10589099,3312105,0.761740
969,2709252,10503983,2073600,8430383,5.065578,23,448067,2261185,3462840,10503983,3347377,0.758336
970,2706532,10419824,2073600,8346224,5.024992,19,446502,2260030,3450406,10419824,3381800,0.754971
971,2840054,10343223,2073595,8269628,4.988063,19,444472,2395582,3441345,10343223,3422157,0.751394
972,2838757,10144943,2072655,8072288,4.894661,19,442508,2396249,3397678,10144943,3445769,0.746461
973,2898262,9482892,2070038,7412854,4.581023,19,437118,2461144,3216451,9482892,3382912,0.737062
974,2856500,9261229,2066106,7195123,4.482456,19,437119,2419381,3156827,9261229,3366079,0.733429
975,2818112,9135697,2060117,7075580,4.434553,19,438871,2379241,3123360,9135697,3357743,0.731240
976,2817948,8999956,2052402,6947554,4.385084,20,440978,2376970,3088522,8999956,3354132,0.728500
977,2817944,8845409,2043274,6802135,4.329037,19,443062,2374882,3045451,8845409,3336395,0.726117
978,2814292,8706552,2033348,6673204,4.281880,19,445378,2368914,3008410,8706552,3327088,0.723518
979,2814290,8565035,2024539,6540496,4.230610,19,447216,2367074,2968011,8565035,3307009,0.721446
980,2814290,8426289,2017886,6408403,4.175800,19,447899,2366391,2929916,8426289,3293375,0.718987
981,2812826,8322081,2013835,6308246,4.132454,18,446691,2366135,2896744,8322081,3264895,0.718227
982,2788938,8250002,2009701,6240301,4.105089,20,446134,2342804,2873011,8250002,3242042,0.717888
983,2788938,8215795,2005479,6210316,4.096675,18,447528,2341410,2868055,8215795,3256425,0.716147
984,2782604,8182727,2001186,6181541,4.088939,18,450568,2332036,2862854,8182727,3268689,0.714560
985,2782604,8146124,1996821,6149303,4.079546,18,453324,2329280,2859070,8146124,3290156,0.712305
986,2681816,8110064,1992387,6117677,4.070526,19,456576,2225240,2853055,8110064,3302156,0.710647
987,2649283,8069252,1987884,6081368,4.059217,20,458739,2190544,2846968,8069252,3318620,0.708583
988,2615273,8024135,1983119,6041016,4.046220,21,460298,2154975,2837863,8024135,3327317,0.706882
989,2587071,7978564,1977537,6001027,4.034597,24,463046,2124025,2831114,7978564,3345892,0.704543
990,2586825,7932545,1971767,5960778,4.023064,26,464462,2122363,2820462,7932545,3349303,0.703125
991,2585150,7951352,1977398,5973954,4.021119,26,463705,2121445,2823350,7951352,3342048,0.704071
992,2531249,7968788,1982920,5985868,4.018714,26,461945,2069304,2826376,7968788,3336716,0.704859
993,2531189,7984999,1987559,5997440,4.017490,25,460744,2070445,2828476,7984999,3328905,0.705769
994,2531189,7998410,1991863,6006547,4.015542,26,458869,2072320,2829739,7998410,3320546,0.706638
995,2529514,8011033,1996049,6014984,4.013445,25,456179,2073335,2829955,8011033,3308787,0.707700
996,2529514,8024787,2000129,6024658,4.012135,25,454293,2075221,2829777,8024787,3294321,0.708959
997,2529022,8038074,2004097,6033977,4.010821,26,452174,2076848,2830732,8038074,3284854,0.709894
998,2512574,8052405,2007951,6044454,4.010260,25,450072,2062502,2830777,8052405,3270703,0.711148
999,2506766,8066496,2011694,6054802,4.009803,25,447756,2059010,2832372,8066496,3262992,0.711991
1000,2506766,8078217,2015323,6062894,4.008398,25,445136,2061630,2831155,8078217,3246403,0.713332
1001,2495330,8081814,2016270,6065544,4.008299,24,444295,2051035,2832476,8081814,3248090,0.713317
1002,2495330,8084267,2017209,6067058,4.007650,25,443364,2051966,2831132,8084267,3240261,0.713872
1003,2495330,8086281,2018148,6068133,4.006783,25,442082,2053248,2831234,8086281,3238655,0.714024
1004,2489744,8088365,2019067,6069298,4.005991,24,440745,2048999,2829443,8088365,3229407,0.714661
1005,2489744,8090295,2019977,6070318,4.005142,25,439901,2049843,2830032,8090295,3229833,0.714682
1006,2484010,8093145,2020882,6072263,4.004759,24,439559,2044451,2829179,8093145,3223571,0.715150
1007,2484010,8093023,2021779,6071244,4.002922,25,437543,2046467,2826826,8093023,3214281,0.715734
1008,2484010,8094780,2022665,6072115,4.002037,25,436843,2047167,2826518,8094780,3211292,0.715967
1009,2484010,8095899,2023544,6072355,4.000851,25,435781,2048229,2825910,8095899,3207741,0.716221
1010,2484010,8095355,2024417,6070938,3.998857,24,434824,2049186,2822206,8095355,3193469,0.717112
1011,2484010,8129384,2027954,6101430,4.008663,20,434062,2049948,2830370,8129384,3192096,0.718050
1012,2484010,8162308,2031399,6130909,4.018072,20,433682,2050328,2838006,8162308,3189716,0.719018
1013,2484010,8051595,2034728,6016867,3.957087,19,433279,2050731,2807481,8051595,3178329,0.716977
1014,2489744,8082302,2037967,6044335,3.965865,19,432494,2057250,2813377,8082302,3171206,0.718203
1015,2495330,8094636,2037230,6057406,3.973354,19,431541,2063789,2813396,8094636,3158948,0.719294
1016,2495330,8077454,2040881,6036573,3.957827,18,431427,2063903,2807427,8077454,3152254,0.719293
1017,2495330,8001970,2044374,5957596,3.914142,19,430475,2064855,2785130,8001970,3138550,0.718276
1018,2506724,8032739,2047703,5985036,3.922805,19,429336,2077388,2789498,8032739,3125253,0.719909
1019,2512574,7970187,2050818,5919369,3.886345,17,428353,2084221,2770544,7970187,3111989,0.719190
1020,2512574,7807046,2050941,5756105,3.806568,17,427814,2084760,2725688,7807046,3095706,0.716062
1021,2512574,7836186,2053767,5782419,3.815519,18,427638,2084936,2731222,7836186,3088702,0.717278
1022,2501240,7863612,2056393,5807219,3.823983,17,426586,2074654,2735519,7863612,3078464,0.718658
1023,2501240,7888328,2058984,5829344,3.831175,17,425329,2075911,2738508,7888328,3065704,0.720130
1024,2501240,7909345,2061320,5848025,3.837029,17,425033,2076207,2741582,7909345,3056983,0.721239
1025,2501238,7922988,2063555,5859433,3.839485,17,424237,2077001,2742496,7922988,3046996,0.722242
1026,2513937,7931011,2065824,5865187,3.839151,17,423221,2090716,2739981,7931011,3028913,0.723637
1027,2513937,7937223,2068024,5869199,3.838071,16,422448,2091489,2739059,7937223,3019013,0.724448
1028,2513937,7943120,2070090,5873030,3.837089,17,421349,2092588,2735004,7943120,2996896,0.726061
1029,2473725,7958705,2071845,5886860,3.841361,17,420014,2053711,2734383,7958705,2978827,0.727651
1030,2473725,7973072,2073074,5899998,3.846014,17,418481,2055244,2732864,7973072,2958384,0.729370
1031,2472364,7912779,2072443,5840336,3.818092,20,415828,2056536,2716293,7912779,2952393,0.728270
1032,2466766,7849652,2071612,5778040,3.789152,22,415694,2051072,2703624,7849652,2964844,0.725845
1033,2473189,7637210,2070826,5566384,3.688002,30,420077,2053112,2657704,7637210,2993606,0.718403
1034,2473185,7588309,2070437,5517872,3.665076,37,426846,2046339,2655239,7588309,3032647,0.714466
1035,2394441,7591666,2069143,5522523,3.668990,41,431276,1963165,2663316,7591666,3061598,0.712614
1036,2386760,7783558,2067117,5716441,3.765417,41,428506,1958254,2709251,7783558,3053446,0.718239
1037,2380812,7647900,2063947,5583953,3.705473,40,419463,1961349,2666217,7647900,3016968,0.717112
1038,2345104,7490079,2059194,5430885,3.637384,39,409781,1935323,2616395,7490079,2975501,0.715687
1039,2216780,7311738,2052567,5259171,3.562241,35,391322,1825458,2546315,7311738,2873522,0.717874
1040,2147614,7180263,2047335,5132928,3.507127,41,374490,1773124,2494675,7180263,2798437,0.719559
1041,2141764,7212202,2049835,5162367,3.518431,42,370090,1771674,2491195,7212202,2752578,0.723769
1042,2135956,7240176,2052339,5187837,3.527768,43,365504,1770452,2486236,7240176,2704768,0.728026
1043,2163774,7267860,2054787,5213073,3.537038,43,360419,1803355,2480070,7267860,2652420,0.732626
1044,2163774,7301472,2057204,5244268,3.549221,41,355673,1808101,2476710,7301472,2605368,0.737013
1045,2163774,7339082,2059584,5279498,3.563381,36,351234,1812540,2473547,7339082,2555106,0.741757
1046,2163776,7378012,2061693,5316319,3.578618,36,347291,1816485,2472393,7378012,2511560,0.746040
1047,2163770,7413856,2063572,5350284,3.592730,32,342443,1821327,2469424,7413856,2463840,0.750565
1048,2163400,7449109,2065186,5383923,3.606992,32,336534,1826866,2464870,7449109,2410371,0.755528
1049,2096859,7505726,2066498,5439228,3.632099,30,331167,1765692,2465882,7505726,2357802,0.760958
1050,2096851,7617506,2067513,5549993,3.684381,31,326406,1770445,2483128,7617506,2315006,0.766926
1051,2097899,7810440,2068592,5741848,3.775728,30,323068,1774831,2523636,7810440,2284104,0.773729
1052,2092313,8324634,2069558,6255076,4.022421,30,320114,1772199,2648493,8324634,2269338,0.785790
1053,2091006,8678364,2070448,6607916,4.191539,29,317142,1773864,2729042,8678364,2237804,0.795001
1054,2091006,8636729,2073600,6563129,4.165089,31,314301,1776705,2704983,8636729,2183203,0.798224
1055,2091006,7810657,2073567,5737090,3.766773,31,311906,1779100,2471768,7810657,2076415,0.789987
1056,2055403,7729964,2072455,5657509,3.729859,29,309201,1746202,2434446,7729964,2007820,0.793811
1057,2005993,7762773,2072930,5689843,3.744831,29,305970,1700023,2432160,7762773,1965867,0.797930
1058,1978470,7821564,2073274,5748290,3.772566,27,303454,1675016,2436058,7821564,1922668,0.802687
1059,1939267,7903273,2073494,5829779,3.811573,25,300925,1638342,2447362,7903273,1886175,0.807326
1060,1939267,7985343,2073596,5911747,3.850964,23,297442,1641825,2458684,7985343,1849393,0.811953
1061,1946263,8075539,2073600,6001939,3.894454,23,293673,1652590,2473426,8075539,1818165,0.816230
1062,1946823,7770291,2073481,5696810,3.747462,24,289899,1656924,2391680,7770291,1796429,0.812221
1063,1876134,7604241,2073440,5530801,3.667452,24,286935,1589199,2348620,7604241,1790239,0.809437
1064,1874551,7630079,2073390,5556689,3.680002,22,284719,1589832,2353839,7630079,1785277,0.810387
1065,1924940,7598121,2073340,5524781,3.664677,16,282676,1642264,2345684,7598121,1784615,0.809798
1066,1930310,7592635,2073287,5519348,3.662124,17,282392,1647918,2347968,7592635,1799237,0.808426
1067,1857003,7582729,2073227,5509502,3.657452,17,283979,1573024,2349076,7582729,1813575,0.806991
1068,1744781,7584723,2073169,5511554,3.658517,17,286032,1458749,2354667,7584723,1833945,0.805286
1069,1744781,7601588,2073130,5528458,3.666720,17,288162,1456619,2364147,7601588,1855000,0.803840
1070,1744693,7620374,2073409,5546965,3.675287,17,290543,1454150,2374371,7620374,1877110,0.802357
1071,1744701,7635129,2073599,5561530,3.682066,16,291999,1452702,2383328,7635129,1898183,0.800889
1072,1744141,7651000,2073600,5577400,3.689718,16,294242,1449899,2391286,7651000,1914144,0.799883
1073,1760779,7669034,2073599,5595435,3.698417,17,296248,1464531,2400162,7669034,1931614,0.798804
1074,1766585,7688541,2073599,5614942,3.707824,17,297998,1468587,2410056,7688541,1951683,0.797548
1075,1716200,7711565,2073600,5637965,3.718926,18,300861,1415339,2420875,7711565,1971935,0.796361
1076,1716140,7741928,2073599,5668329,3.733570,17,302439,1413701,2432877,7741928,1989580,0.795553
1077,1716140,7778272,2073600,5704672,3.751096,17,303497,1412643,2446542,7778272,2007896,0.794823
1078,1716016,7816624,2073600,5743024,3.769591,16,304357,1411659,2460453,7816624,2025188,0.794226
1079,1716016,7856003,2073600,5782403,3.788582,17,305365,1410651,2475990,7856003,2047957,0.793218
1080,1716046,7892948,2073600,5819348,3.806399,16,306090,1409956,2489714,7892948,2065908,0.792556
1081,1711610,7938730,2073600,5865130,3.828477,16,304336,1407274,2504246,7938730,2078254,0.792527
1082,1703766,7983407,2073600,5909807,3.850023,15,303368,1400398,2520666,7983407,2099257,0.791795
1083,1703766,8025657,2073600,5952057,3.870398,17,302751,1401015,2535647,8025657,2116931,0.791283
1084,1676736,8065589,2073600,5991989,3.889655,16,301922,1374814,2551831,8065589,2141735,0.790177
1085,1676736,8102929,2073600,6029329,3.907663,16,301572,1375164,2567353,8102929,2166483,0.789035
1086,1676736,8133455,2073600,6059855,3.922384,16,300628,1376108,2581538,8133455,2192697,0.787656
1087,1670956,8150979,2073599,6077380,3.930837,16,299843,1371113,2592431,8150979,2218745,0.786036
1088,1670956,8149215,2073600,6075615,3.929984,19,298781,1372175,2597650,8149215,2241385,0.784287
1089,1674316,7429461,2073597,5355864,3.582886,18,297153,1377163,2420299,7429461,2251735,0.767411
1090,1668646,7442038,2073597,5368441,3.588951,16,295945,1372701,2425794,7442038,2261138,0.766969
1091,1668646,7491208,2073598,5417610,3.612662,16,293936,1374710,2434428,7491208,2246504,0.769299
1092,1605425,7559805,2073600,5486205,3.645739,17,292285,1313140,2446005,7559805,2224215,0.772669
1093,1605425,7631884,2073599,5558285,3.680501,16,290545,1314880,2464206,7631884,2224940,0.774274
1094,1605425,7695487,2073600,5621887,3.711172,17,289606,1315819,2478267,7695487,2217581,0.776297
1095,1605425,7758116,2073600,5684516,3.741375,17,288961,1316464,2493334,7758116,2215220,0.777886
1096,1605425,7835348,2073599,5761749,3.778623,16,289992,1315433,2513893,7835348,2220224,0.779205
1097,1605425,7922490,2073599,5848891,3.820647,17,290108,1315317,2535840,7922490,2220870,0.781052
1098,1605425,8007186,2073600,5933586,3.861490,18,290308,1315117,2556643,8007186,2219386,0.782978
1099,1605425,8003346,2073600,5929746,3.859638,17,291035,1314390,2555874,8003346,2220150,0.782838
1100,1605425,8106743,2073599,6033144,3.909504,19,291458,1313967,2579610,8106743,2211697,0.785656
1101,1605425,8130557,2073600,6056957,3.920986,17,291462,1313963,2583395,8130557,2203023,0.786809
1102,1605421,8141337,2073600,6067737,3.926185,16,291889,1313532,2584890,8141337,2198223,0.787397
1103,1599869,8077277,2073599,6003678,3.895294,17,292396,1307473,2567026,8077277,2190827,0.786638
1104,1582950,8031407,2073599,5957808,3.873173,15,293153,1289797,2556597,8031407,2194981,0.785361
1105,1582946,7980752,2073599,5907153,3.848744,16,294075,1288871,2545008,7980752,2199280,0.783961
1106,1582946,7923457,2073600,5849857,3.821112,14,295414,1287532,2533428,7923457,2210255,0.781891
1107,1582946,7843458,2073600,5769858,3.782532,15,296191,1286755,2512837,7843458,2207890,0.780339
1108,1646167,7747466,2073600,5673866,3.736239,14,296901,1349266,2488581,7747466,2206858,0.778302
1109,1651947,7652494,2073600,5578894,3.690439,14,298362,1353585,2463023,7652494,2199598,0.776738
1110,1703811,7562171,2073600,5488571,3.646880,14,300512,1403299,2441225,7562171,2202729,0.774424
1111,1685899,7542638,2073599,5469039,3.637462,14,298865,1387034,2433899,7542638,2192958,0.774748
1112,1685891,7525092,2073599,5451493,3.629001,14,297993,1387898,2426839,7525092,2182264,0.775195
1113,1685891,7508114,2073599,5434515,3.620813,14,297874,1388017,2421497,7508114,2177874,0.775152
1114,1680251,7491404,2073599,5417805,3.612754,14,297743,1382508,2416980,7491404,2176516,0.774872
1115,1674531,7473747,2073600,5400147,3.604238,14,298381,1376150,2411132,7473747,2170781,0.774921
1116,1735424,7457545,2073600,5383945,3.596424,14,298643,1436781,2406670,7457545,2169135,0.774675
1117,1735422,7442059,2073600,5368459,3.588956,14,299269,1436153,2402212,7442059,2166789,0.774501
1118,1735422,7426402,2073600,5352802,3.581405,15,300208,1435214,2397182,7426402,2162326,0.774493
1119,1735422,7411628,2073600,5338028,3.574280,14,301338,1434084,2393859,7411628,2163808,0.774025
1120,1751282,7396752,2073599,5323153,3.567108,14,303223,1448059,2391656,7396752,2169872,0.773183
1121,1820249,7386560,2073600,5312960,3.562191,14,307164,1513085,2391201,7386560,2178244,0.772265
1122,1853623,7389057,2073600,5315457,3.563396,14,312293,1541330,2397012,7389057,2198991,0.770653
1123,1933501,7390567,2073600,5316967,3.564124,14,318874,1614627,2405606,7390567,2231857,0.768057
1124,1933863,7397137,2073600,5323537,3.567292,15,329136,1604727,2418551,7397137,2277067,0.764625
1125,1944564,7421070,2073600,5347470,3.578834,14,341839,1602725,2440447,7421070,2340718,0.760216
1126,1990541,7433589,2073599,5359990,3.584873,15,355898,1634643,2460933,7433589,2410143,0.755160
1127,2056123,7472413,2073599,5398814,3.603596,14,368508,1687615,2485271,7472413,2468671,0.751670
1128,2056491,7500108,2073599,5426509,3.616952,14,373431,1683060,2498609,7500108,2494328,0.750428
1129,2134278,7520227,2073599,5446628,3.626654,15,375986,1758292,2507025,7520227,2507873,0.749915
1130,2176129,7538182,2073600,5464582,3.635312,15,380541,1795588,2516166,7538182,2526482,0.748975
1131,2181981,7544856,2073600,5471256,3.638530,14,391647,1790334,2531873,7544856,2582636,0.744988
1132,2182365,7553335,2073600,5479735,3.642619,14,403399,1778966,2548741,7553335,2641629,0.740889
1133,2221113,7573511,2073600,5499911,3.652349,14,409379,1811734,2562408,7573511,2676121,0.738906
1134,2222472,7599677,2073600,5526077,3.664968,17,415508,1806964,2577049,7599677,2708519,0.737246
1135,2257657,7621157,2073600,5547557,3.675326,16,418691,1838966,2587395,7621157,2728423,0.736374
1136,2237322,7625426,2073600,5551826,3.677385,16,425038,1812284,2595912,7625426,2758222,0.734369
1137,2235649,7596536,2073600,5522936,3.663453,15,433166,1802483,2598129,7596536,2795980,0.730962
1138,2229255,7564004,2073598,5490406,3.647768,15,439826,1789429,2598544,7564004,2830172,0.727716
1139,2228887,7552861,2073600,5479261,3.642391,15,443037,1785850,2600430,7552861,2848859,0.726117
1140,2279268,7554018,2073598,5480420,3.642952,15,444238,1835030,2602558,7554018,2856214,0.725634
1141,2174548,7567806,2073600,5494206,3.649598,14,429423,1745125,2591254,7567806,2797210,0.730130
1142,2094835,7551069,2073600,5477469,3.641526,16,417944,1676891,2579483,7551069,2766863,0.731839
1143,1952600,7464837,2073600,5391237,3.599941,14,391606,1560994,2525485,7464837,2637103,0.738951
1144,1900798,7379037,2073600,5305437,3.558563,15,374892,1525906,2487630,7379037,2571483,0.741573
1145,1817495,7286398,2073600,5212798,3.513888,15,332953,1484542,2414648,7286398,2372194,0.754395
1146,1698007,7273703,2073599,5200104,3.507767,15,317517,1380490,2388794,7273703,2281473,0.761232
1147,1582946,7353616,2073600,5280016,3.546304,15,317021,1265925,2409682,7353616,2285112,0.762924
1148,1581269,7411548,2073600,5337948,3.574242,14,315725,1265544,2419570,7411548,2266732,0.765792
1149,1613693,7613992,2073600,5540392,3.671871,14,283087,1330606,2437896,7613992,2137592,0.780795
1150,1539614,7778162,2073600,5704562,3.751043,14,265452,1274162,2467737,7778162,2092786,0.787985
1151,1468020,7761625,2073600,5688025,3.743068,14,267006,1201014,2467493,7761625,2108347,0.786388
1152,1468016,7754974,2073599,5681375,3.739862,14,269309,1198707,2470080,7754974,2125346,0.784891
1153,1469184,7747893,2073600,5674293,3.736445,14,272132,1197052,2474121,7747893,2148591,0.782894
1154,1451246,7743001,2073600,5669401,3.734086,14,275236,1176010,2478130,7743001,2169519,0.781133
1155,1366644,7741754,2073600,5668154,3.733485,13,278495,1088149,2484126,7741754,2194750,0.779123
1156,1372226,7744537,2073600,5670937,3.734827,12,280649,1091577,2490204,7744537,2216279,0.777500
1157,1370034,7749902,2073599,5676303,3.737416,13,282410,1087624,2496559,7749902,2236334,0.776058
1158,1351736,7752322,2073600,5678722,3.738581,13,284037,1067699,2500236,7752322,2248622,0.775159
1159,1351260,7740227,2073600,5666627,3.732748,12,284275,1066985,2496715,7740227,2246633,0.775041
1160,1356367,7725372,2073600,5651772,3.725584,12,284819,1071548,2491164,7725372,2239284,0.775277
1161,1356367,7699055,2073600,5625455,3.712893,12,283778,1072589,2481094,7699055,2225321,0.775772
1162,1356367,7671019,2073600,5597419,3.699373,13,282440,1073927,2469856,7671019,2208405,0.776464
1163,1356367,7641619,2073600,5568019,3.685194,13,280257,1076110,2457753,7641619,2189393,0.777297
1164,1356367,7620560,2073600,5546960,3.675039,13,278897,1077470,2448478,7620560,2173352,0.778092
1165,1356367,7604859,2073600,5531259,3.667467,12,278269,1078098,2442518,7604859,2165213,0.778383
1166,1333341,7595862,2073600,5522262,3.663128,12,277803,1055538,2438780,7595862,2159258,0.778654
1167,1333341,7594658,2073600,5521058,3.662547,12,277091,1056250,2437500,7594658,2155342,0.778939
1168,1333341,7599137,2073600,5525537,3.664707,12,276686,1056655,2437913,7599137,2152515,0.779267
1169,1333341,7601139,2073600,5527539,3.665673,13,275917,1057424,2436527,7601139,2144969,0.779915
1170,1333341,7604792,2073600,5531192,3.667434,13,275188,1058153,2436298,7604792,2140400,0.780363
1171,1282884,7643247,2073600,5569647,3.685979,13,275126,1007758,2449000,7643247,2152753,0.780242
1172,1279475,7689879,2073600,5616279,3.708468,13,275015,1004460,2462938,7689879,2161873,0.780560
1173,1274338,7741465,2073600,5667865,3.733345,13,274757,999581,2478356,7741465,2171959,0.780907
1174,1268752,7790808,2073600,5717208,3.757141,14,274288,994464,2493897,7790808,2184780,0.780987
1175,1265392,7836051,2073600,5762451,3.778960,14,273476,991916,2507430,7836051,2193669,0.781283
1176,1265392,7880820,2073600,5807220,3.800550,14,272127,993265,2521098,7880820,2203572,0.781487
1177,1265392,7929266,2073600,5855666,3.823913,14,271037,994355,2534274,7929266,2207830,0.782203
1178,1265392,7983699,2073600,5910099,3.850163,14,269151,996241,2548148,7983699,2208893,0.783284
1179,1265392,8039820,2073600,5966220,3.877228,13,267592,997800,2563607,8039820,2214608,0.784034
1180,1265392,8098428,2073600,6024828,3.905492,14,265962,999430,2580428,8098428,2223284,0.784601
1181,1214528,8159634,2073600,6086034,3.935009,14,264231,950297,2596448,8159634,2226158,0.785654
1182,1214528,8221336,2073600,6147736,3.964765,14,262851,951677,2613923,8221336,2234356,0.786302
1183,1214528,8280863,2073600,6207263,3.993472,13,261104,953424,2631301,8280863,2244341,0.786765
1184,1196980,8332765,2073600,6259165,4.018502,14,258695,938285,2644709,8332765,2246071,0.787683
1185,1196976,8373983,2073600,6300383,4.038379,14,256255,940721,2654620,8373983,2244497,0.788624
1186,1195416,8405039,2073600,6331439,4.053356,13,252896,942520,2659624,8405039,2233457,0.790059
1187,1195416,8420971,2073600,6347371,4.061039,13,249999,945417,2659838,8420971,2218381,0.791493
1188,1195416,8408914,2073600,6335314,4.055225,14,246868,948548,2652530,8408914,2201206,0.792537
1189,1195416,8382270,2073600,6308670,4.042376,12,243931,951485,2643492,8382270,2191698,0.792727
1190,1194642,8365130,2073600,6291530,4.034110,12,240576,954066,2636865,8365130,2182330,0.793094
1191,1194626,8380609,2073600,6307009,4.041575,13,237697,956929,2637147,8380609,2167979,0.794477
1192,1162102,8398404,2073600,6324804,4.050156,13,235298,926804,2637264,8398404,2150652,0.796128
1193,1162102,8415712,2073600,6342112,4.058503,13,233441,928661,2639946,8415712,2144072,0.796959
1194,1161690,8414909,2073600,6341309,4.058116,13,232021,929669,2636154,8414909,2129707,0.798029
1195,1158411,8378910,2073600,6305310,4.040755,14,228630,929781,2622911,8378910,2112734,0.798627
1196,1158403,8332833,2073600,6259233,4.018534,13,224475,933928,2607116,8332833,2095631,0.799047
1197,1158307,8263192,2073600,6189592,3.984950,13,220601,937706,2583757,8263192,2071836,0.799533
1198,1158307,8091413,2073600,6017813,3.902109,13,214896,943411,2527872,8091413,2020075,0.800220
1199,1151041,7766999,2073600,5693399,3.745659,13,207076,943965,2426876,7766999,1940505,0.800103
1200,1151041,7602995,2073600,5529395,3.666568,13,198155,952886,2369610,7602995,1875445,0.802136
1201,1151041,7491696,2073600,5418096,3.612894,14,172449,978592,2299489,7491696,1706260,0.814496
1202,1035269,7337799,2073600,5264199,3.538676,13,149303,885966,2218165,7337799,1534861,0.827012
1203,828868,7147284,2073600,5073684,3.446800,13,127805,701063,2127658,7147284,1363348,0.839806
1204,724580,7067161,2073600,4993561,3.408160,14,115799,608781,2084889,7067161,1272395,0.847427
1205,724210,7014290,2073600,4940690,3.382663,13,104982,619228,2051735,7014290,1192650,0.854678
1206,615325,6914662,2073600,4841062,3.334617,14,99810,515515,2010480,6914662,1127258,0.859827
1207,609369,6654084,2073600,4580484,3.208953,14,94982,514387,1930876,6654084,1069420,0.861537
1208,521182,6411823,2073600,4338223,3.092121,13,81949,439233,1848947,6411823,983965,0.866956
1209,474491,6189244,2073600,4115644,2.984782,13,73237,401254,1779576,6189244,929060,0.869483
1210,423289,5936523,2073600,3862923,2.862907,13,69697,353592,1708773,5936523,898569,0.868536
1211,423293,5767781,2073600,3694181,2.781530,12,69228,354065,1664842,5767781,891587,0.866115
1212,434753,5723204,2073600,3649604,2.760033,12,68820,365933,1653853,5723204,892208,0.865132
1213,440727,5722499,2073600,3648899,2.759693,10,68487,372240,1651917,5722499,885169,0.866039
1214,468545,5728522,2073600,3654922,2.762597,11,67650,400895,1652291,5728522,880642,0.866754
1215,468545,5730180,2073600,3656580,2.763397,11,65479,403066,1646589,5730180,856176,0.870008
1216,419831,5765101,2073600,3691501,2.780238,11,65629,354202,1654290,5765101,852059,0.871235
1217,419831,5792676,2073600,3719076,2.793536,12,67118,352713,1661193,5792676,852096,0.871764
1218,425419,5827960,2073600,3754360,2.810552,12,70055,355364,1672165,5827960,860700,0.871320
1219,413959,5859776,2073600,3786176,2.825895,12,72270,341689,1680885,5859776,863764,0.871531
1220,413959,5897364,2073600,3823764,2.844022,12,73449,340510,1690749,5897364,865632,0.872005
1221,420737,5907663,2073600,3834063,2.848989,12,74222,346515,1692471,5907663,862221,0.872639
1222,462052,5930657,2073600,3857057,2.860078,11,78219,383833,1700891,5930657,872907,0.871699
1223,497478,5954990,2073600,3881390,2.871812,12,86832,410646,1713199,5954990,897806,0.868987
1224,488678,5955812,2073600,3882212,2.872209,11,89911,398767,1710682,5955812,886916,0.870386
1225,595242,5986963,2073600,3913363,2.887231,11,89740,505502,1718537,5986963,887185,0.870939
1226,765249,6054236,2073600,3980636,2.919674,13,103018,662231,1758821,6054236,981048,0.860553
1227,925578,6462905,2073600,4389305,3.116756,13,121465,804113,1898425,6462905,1130795,0.851088
1228,1013131,6816298,2073600,4742698,3.287181,13,143188,869943,2022758,6816298,1274734,0.842451
1229,1003871,7079418,2073600,5005818,3.414071,14,166145,837726,2120232,7079418,1401510,0.834746
1230,1052785,7292151,2073600,5218551,3.516662,14,192485,860300,2212278,7292151,1556961,0.824055
1231,1052795,7312397,2073599,5238798,3.526428,15,194124,858671,2221533,7312397,1573735,0.822900
1232,1052787,7322093,2073599,5248494,3.531104,14,194424,858363,2226248,7322093,1582899,0.822246
1233,1051821,7327706,2073600,5254106,3.533809,14,194707,857114,2229395,7327706,1589874,0.821715
1234,1051821,7330039,2073600,5256439,3.534934,13,194370,857451,2229462,7330039,1587809,0.821952
1235,1051821,7335263,2073600,5261663,3.537453,14,194280,857541,2231792,7335263,1591905,0.821679
1236,1051813,7346430,2073600,5272830,3.542839,14,193955,857858,2235150,7346430,1594170,0.821693
1237,1051813,7340861,2073600,5267261,3.540153,14,194398,857415,2236701,7340861,1605943,0.820501
1238,1051813,6915829,2073600,4842229,3.335180,14,195071,856742,2131903,6915829,1611783,0.810992
1239,1051813,6659756,2073600,4586156,3.211688,14,195370,856443,2071552,6659756,1626452,0.803716
1240,1051006,6751632,2073600,4678032,3.255995,14,195505,855501,2096889,6751632,1635924,0.804958
1241,1051006,6838353,2073600,4764753,3.297817,14,194064,856942,2118913,6838353,1637299,0.806823
1242,1049590,6917061,2073600,4843461,3.335774,14,192462,857128,2136630,6917061,1629459,0.809342
1243,1049590,6993285,2073600,4919685,3.372533,15,191385,858205,2155630,6993285,1629235,0.811049
1244,999201,7048474,2073600,4974874,3.399148,15,190433,808768,2169425,7048474,1629226,0.812251
1245,993615,7072724,2073600,4999124,3.410843,15,188857,804758,2174375,7072724,1624776,0.813190
1246,993615,7118904,2073600,5045304,3.433113,16,187515,806100,2183994,7118904,1617072,0.814895
1247,993615,7132240,2073600,5058640,3.439545,15,186247,807368,2185251,7132240,1608764,0.815952
1248,993615,7138182,2073600,5064582,3.442410,14,184937,808678,2184000,7138182,1597818,0.817100
1249,993615,7142546,2073600,5068946,3.444515,15,183177,810438,2181307,7142546,1582682,0.818609
1250,993615,7159824,2073600,5086224,3.452847,15,181626,811989,2182643,7159824,1570748,0.820086
1251,993615,7203497,2073600,5129897,3.473909,15,182709,810906,2194156,7203497,1573127,0.820759
1252,993615,7258904,2073600,5185304,3.500629,15,183316,810299,2208748,7258904,1576088,0.821608
1253,993615,7299772,2073599,5226173,3.520339,16,183646,809969,2218264,7299772,1573284,0.822690
1254,993615,7341390,2073600,5267790,3.540408,14,184052,809563,2228034,7341390,1570746,0.823752
1255,993615,7388162,2073600,5314562,3.562964,13,184285,809330,2239009,7388162,1567874,0.824937
1256,995290,7430813,2073600,5357213,3.583533,13,183964,811326,2247318,7430813,1558459,0.826631
1257,995290,7468653,2073600,5395053,3.601781,13,184359,810931,2254244,7468653,1548323,0.828288
1258,995290,7475739,2073600,5402139,3.605198,13,184075,811215,2252707,7475739,1535089,0.829640
1259,990183,7492517,2073600,5418917,3.613289,14,183914,806269,2255450,7492517,1529283,0.830490
1260,990183,7484769,2073600,5411169,3.609553,13,183778,806405,2249236,7484769,1512175,0.831923
1261,989815,7496624,2073599,5423025,3.615272,13,187039,802776,2254617,7496624,1521844,0.831252
1262,961997,7563848,2073600,5490248,3.647689,14,190034,771963,2276010,7563848,1540192,0.830823
1263,961997,7578794,2073600,5505194,3.654897,15,191112,770885,2281735,7578794,1548146,0.830376
1264,931422,7593910,2073599,5520311,3.662188,14,192214,739208,2290865,7593910,1569550,0.828716
1265,975477,7605707,2073598,5532109,3.667879,14,192923,782554,2296889,7605707,1581849,0.827827
1266,975469,7611269,2073600,5537669,3.670558,14,194492,780977,2303190,7611269,1601491,0.826166
1267,975537,7610208,2073600,5536608,3.670046,14,195921,779616,2304533,7610208,1607924,0.825569
1268,975897,7589606,2073600,5516006,3.660111,14,197751,778146,2302625,7589606,1620894,0.824017
1269,975897,7557306,2073600,5483706,3.644534,14,199817,776080,2298161,7557306,1635338,0.822104
1270,975941,7549721,2073599,5476122,3.640878,13,201785,774156,2299091,7549721,1646643,0.820946
1271,970047,7455982,2073600,5382382,3.595670,14,198846,771201,2271486,7455982,1629962,0.820606
1272,970039,7403477,2073600,5329877,3.570350,13,196625,773414,2255702,7403477,1619331,0.820529
1273,970039,7405748,2073600,5332148,3.571445,13,194010,776029,2254986,7405748,1614196,0.821041
1274,968460,7417813,2073600,5344213,3.577263,13,191918,776542,2257928,7417813,1613899,0.821308
1275,968456,7341630,2073600,5268030,3.540524,13,188865,779591,2237699,7341630,1609166,0.820221
1276,930076,7386833,2073600,5313233,3.562323,13,185975,744101,2249948,7386833,1612959,0.820778
1277,919216,7223988,2073600,5150388,3.483791,14,183346,735870,2207710,7223988,1606852,0.818041
1278,919216,7289122,2073600,5215522,3.515202,14,180044,739172,2222179,7289122,1599594,0.820042
1279,868827,7202078,2073600,5128478,3.473224,14,177194,691633,2198826,7202078,1593226,0.818855
1280,865868,7241639,2073600,5168039,3.492303,14,173901,691967,2205233,7241639,1579293,0.820961
1281,865868,7231779,2073598,5158181,3.487551,14,171937,693931,2199641,7231779,1566785,0.821927
1282,865868,7214783,2073599,5141184,3.479353,13,169427,696441,2188268,7214783,1538289,0.824257
1283,808455,7213711,2073600,5140111,3.478834,13,167041,641414,2181987,7213711,1514237,0.826507
1284,796402,7223579,2073600,5149979,3.483593,13,165232,631170,2179382,7223579,1493949,0.828627
1285,796394,7206324,2073599,5132725,3.475274,13,163245,633149,2168661,7206324,1468320,0.830734
1286,755186,7192623,2073600,5119023,3.468665,13,161229,593957,2160374,7192623,1448873,0.832335
1287,755186,7171509,2073600,5097909,3.458482,13,159854,595332,2150976,7171509,1432395,0.833518
1288,755184,7125857,2073600,5052257,3.436467,12,157538,597646,2133386,7125857,1407687,0.835041
1289,749357,7062063,2073600,4988463,3.405702,12,155208,594149,2110396,7062063,1379521,0.836580
1290,749357,7024466,2073600,4950866,3.387570,12,153940,595417,2099228,7024466,1372446,0.836553
1291,781712,7176365,2073599,5102766,3.460826,12,157840,623872,2149037,7176365,1419783,0.834835
1292,844579,7417076,2073600,5343476,3.576908,12,164681,679898,2229540,7417076,1501084,0.831682
1293,880203,7580056,2073600,5506456,3.655505,12,179238,700965,2302739,7580056,1630900,0.822939
1294,880650,7492223,2073600,5418623,3.613148,13,187661,692989,2289797,7492223,1666965,0.818001
1295,894643,7509800,2073600,5436200,3.621624,12,175425,719218,2275656,7509800,1592824,0.825015
1296,1008759,7626579,2073600,5552979,3.677941,12,177369,831390,2311026,7626579,1617525,0.825021
1297,1009131,7756628,2073600,5683028,3.740658,12,187937,821194,2367645,7756628,1713952,0.819024
1298,1066546,7908376,2073600,5834776,3.813839,12,194822,871724,2416191,7908376,1756388,0.818269
1299,1072186,8068249,2073600,5994649,3.890938,14,198246,873940,2463559,8068249,1785987,0.818759
1300,1066330,8264655,2073600,6191055,3.985655,15,194224,872106,2507799,8264655,1766541,0.823895
1301,1066330,8412759,2073600,6339159,4.057079,14,192455,873875,2538581,8412759,1741565,0.828490
1302,1066330,8517117,2073600,6443517,4.107406,14,186228,880102,2551849,8517117,1690279,0.834406
1303,1036837,8612983,2073600,6539383,4.153638,14,184835,852002,2572967,8612983,1678885,0.836873
1304,1030435,8766121,2073600,6692521,4.227489,13,181992,848443,2611159,8766121,1678515,0.839294
1305,1036313,8965856,2073600,6892256,4.323812,12,177212,859101,2656136,8965856,1658688,0.843881
1306,1122525,9199661,2073600,7126061,4.436565,12,171777,950748,2706759,9199661,1627375,0.849693
1307,1128481,9276371,2073600,7202771,4.473559,14,171441,957040,2724245,9276371,1620609,0.851279
1308,1129451,9354951,2073600,7281351,4.511454,14,174477,954974,2748626,9354951,1639553,0.850875
1309,1129825,9501538,2073600,7427938,4.582146,14,180066,949759,2794740,9501538,1677422,0.849948
1310,1130193,9460705,2073600,7387105,4.562454,13,184982,945211,2791064,9460705,1703551,0.847410
1311,1129457,9330728,2073600,7257128,4.499772,12,179878,949579,2748120,9330728,1661752,0.848828
1312,1129449,9163491,2073600,7089891,4.419122,12,175254,954195,2699929,9163491,1636225,0.848494
1313,1129441,8941013,2073599,6867414,4.311833,12,170471,958970,2635132,8941013,1599515,0.848251
1314,1129441,8559356,2073599,6485757,4.127778,12,165645,963796,2529721,8559356,1559528,0.845879
1315,1126949,7876240,2073600,5802640,3.798341,11,160720,966229,2347863,7876240,1515212,0.838661
1316,1126949,6984902,2073600,4911302,3.368491,10,155810,971139,2114756,6984902,1474122,0.825734
1317,1117814,6838448,2073599,4764849,3.297864,11,151354,966460,2070209,6838448,1442388,0.825816
1318,1117814,6709818,2073600,4636218,3.235830,11,145513,972301,2028208,6709818,1403014,0.827062
1319,1111964,6685446,2073600,4611846,3.224077,10,140284,971680,2014989,6685446,1374510,0.829464
1320,1061215,6680822,2073600,4607222,3.221847,11,136751,924464,2011389,6680822,1364734,0.830374
1321,1061215,6676240,2073600,4602640,3.219637,10,132869,928346,2005260,6676240,1344800,0.832341
1322,1060315,6674230,2073600,4600630,3.218668,10,128924,931391,2002298,6674230,1334962,0.833321
1323,963645,6675070,2073600,4601470,3.219073,11,125847,837798,2000576,6675070,1327234,0.834144
1324,898586,6675578,2073600,4601978,3.219318,11,123231,775355,1997776,6675578,1315526,0.835376
1325,887360,6673887,2073600,4600287,3.218503,11,120680,766680,1995390,6673887,1307673,0.836163
1326,844014,6668489,2073600,4594889,3.215899,10,118512,725502,1992169,6668489,1300187,0.836838
1327,844012,6647601,2073600,4574001,3.205826,11,116280,727732,1984490,6647601,1290359,0.837445
1328,788130,6619615,2073600,4546015,3.192330,10,114809,673321,1973840,6619615,1275745,0.838418
1329,788130,6608781,2073600,4535181,3.187105,9,113755,674375,1969639,6608781,1269775,0.838832
1330,671208,6609689,2073600,4536089,3.187543,10,112425,558783,1967171,6609689,1258995,0.839999
1331,669533,6608198,2073600,4534598,3.186824,10,110899,558634,1962740,6608198,1242762,0.841706
1332,661639,6607728,2073600,4534128,3.186597,11,108738,552901,1960660,6607728,1234912,0.842539
1333,661271,6618278,2073600,4544678,3.191685,10,107237,554034,1962595,6618278,1232102,0.843052
1334,661193,6637032,2073600,4563432,3.200729,10,105815,555378,1964649,6637032,1221564,0.844557
1335,661193,6662693,2073600,4589093,3.213104,10,103397,557796,1967382,6662693,1206835,0.846645
1336,661193,6703005,2073600,4629405,3.232545,10,100698,560495,1973637,6703005,1191543,0.849068
1337,655083,6754585,2073600,4680985,3.257419,11,98431,556652,1983750,6754585,1180415,0.851239
1338,649273,6802298,2073600,4728698,3.280429,12,94770,554503,1989715,6802298,1156562,0.854682
1339,649273,6849232,2073600,4775632,3.303063,13,90099,559174,1994072,6849232,1127056,0.858699
1340,649273,6908714,2073600,4835114,3.331749,10,86215,563058,2002145,6908714,1099866,0.862664
1341,564671,6931621,2073600,4858021,3.342796,10,83930,480741,2003378,6931621,1081891,0.864992
1342,535791,6939565,2073600,4865965,3.346627,10,82699,453092,2002684,6939565,1071171,0.866283
1343,524163,6951589,2073600,4877989,3.352425,9,80580,443583,2005378,6951589,1069923,0.866618
1344,447524,6977986,2073600,4904386,3.365155,11,79334,368190,2013229,6977986,1074930,0.866517
1345,447516,7012128,2073600,4938528,3.381620,10,78472,369044,2024736,7012128,1086816,0.865808
1346,442632,7055879,2073600,4982279,3.402719,11,77256,365376,2039161,7055879,1100765,0.865047
1347,441159,7086065,2073600,5012465,3.417277,12,74338,366821,2046184,7086065,1098671,0.865766
1348,368689,7068679,2073600,4995079,3.408892,10,71102,297587,2037555,7068679,1081541,0.867299
1349,368687,7124364,2073600,5050764,3.435747,10,67961,300726,2042927,7124364,1047344,0.871833
1350,337008,7416590,2073600,5342990,3.576673,10,64793,272215,2108022,7416590,1015498,0.879567
1351,365680,8568266,2073600,6494666,4.132073,13,63428,302252,2393459,8568266,1005570,0.894967
1352,365680,9580533,2073600,7506933,4.620242,13,62071,303609,2639451,9580533,977271,0.907436
1353,438433,10359419,2073600,8285819,4.995862,12,60188,378245,2821703,10359419,927393,0.917834
1354,414493,10463842,2073600,8390242,5.046220,11,58709,355784,2847521,10463842,926242,0.918680
1355,413519,10125918,2073600,8052318,4.883255,11,58321,355198,2760271,10125918,915166,0.917113
1356,413519,9912581,2073600,7838981,4.780373,12,58224,355295,2706849,9912581,914815,0.915509
1357,413435,9856815,2073600,7783215,4.753479,12,57733,355702,2699102,9856815,939593,0.912972
1358,363036,9880369,2073600,7806769,4.764838,11,57376,305660,2716823,9880369,986923,0.909184
1359,363036,9620030,2073600,7546430,4.639289,11,57508,305528,2659001,9620030,1015974,0.904478
1360,336008,9289261,2073600,7215661,4.479775,11,56288,279720,2577339,9289261,1020095,0.901052
1361,333411,9068588,2073600,6994988,4.373355,12,50054,283357,2509719,9068588,970288,0.903347
1362,333427,8762182,2073600,6688582,4.225589,12,44385,289042,2425021,8762182,937902,0.903310
1363,328525,8454108,2073600,6380508,4.077020,11,39404,289121,2333985,8454108,881832,0.905544
1364,327679,8160722,2073600,6087122,3.935533,10,35125,292554,2246661,8160722,825922,0.908095
1365,325950,7875971,2073600,5802371,3.798211,9,31305,294645,2162739,7875971,774985,0.910416
1366,327625,7648969,2073600,5575369,3.688739,10,27548,300077,2093016,7648969,723095,0.913630
1367,378489,7456786,2073600,5383186,3.596058,13,24424,354065,2033753,7456786,678226,0.916629
1368,406307,7297745,2073600,5224145,3.519360,11,21474,384833,1984475,7297745,640155,0.919355
1369,360081,7156436,2073600,5082836,3.451213,11,18778,341303,1940732,7156436,606492,0.921873
1370,354223,7030721,2073600,4957121,3.390587,11,17245,336978,1903179,7030721,581995,0.923550
1371,347977,6958064,2073600,4884464,3.355548,10,15982,331995,1878667,6958064,556604,0.925931
1372,349441,6919943,2073600,4846343,3.337164,10,14107,335334,1864231,6919943,536981,0.927989
1373,366275,6894069,2073600,4820469,3.324686,10,12178,354097,1849010,6894069,501971,0.932130
1374,443717,6846982,2073600,4773382,3.301978,10,10442,433275,1825690,6846982,455778,0.937588
1375,415899,6741940,2073600,4668340,3.251321,11,9534,406365,1792011,6741940,426104,0.940555
1376,418091,6559070,2073600,4485470,3.163132,10,8976,409115,1740188,6559070,401682,0.942293
1377,482961,6389162,2073600,4315562,3.081193,11,9212,473749,1694920,6389162,390518,0.942399
1378,482961,6228574,2073600,4154974,3.003749,12,9132,473829,1653397,6228574,385014,0.941784
1379,410593,6062089,2073600,3988489,2.923461,12,8697,401896,1610795,6062089,381091,0.940854
1380,403837,5903273,2073600,3829673,2.846872,11,8388,395449,1571285,5903273,381867,0.939243
1381,346587,5746805,2073600,3673205,2.771414,10,8533,338054,1534928,5746805,392907,0.936006
1382,318759,5591044,2073599,3517445,2.696300,9,7990,310769,1501690,5591044,415716,0.930792
1383,213305,5419505,2073599,3345906,2.613574,10,8064,205241,1464473,5419505,438387,0.925163
1384,209710,5233643,2073599,3160044,2.523942,11,8405,201305,1421473,5233643,452249,0.920461
1385,208035,5074754,2073600,3001154,2.447316,11,8660,199375,1383865,5074754,460706,0.916772
1386,207975,4933508,2073599,2859909,2.379201,11,8516,199459,1342927,4933508,438200,0.918424
1387,207975,4807959,2073600,2734359,2.318653,10,7989,199986,1300761,4807959,395085,0.924067
1388,207975,4731011,2073600,2657411,2.281545,10,7541,200434,1268829,4731011,344305,0.932161
1389,207596,4696537,2073600,2622937,2.264919,9,6824,200772,1248880,4696537,298983,0.940150
1390,207536,4700319,2073600,2626719,2.266743,10,6202,201334,1241507,4700319,265709,0.946495
1391,178696,4706423,2073599,2632824,2.269688,7,6236,172460,1240873,4706423,257069,0.948208
1392,121982,4790009,2073599,2716410,2.309998,7,5747,116235,1253865,4790009,225451,0.955049
1393,121922,4876610,2073600,2803010,2.351760,6,5469,116453,1269775,4876610,202490,0.960133
1394,121922,4922658,2073599,2849059,2.373968,6,5185,116737,1274993,4922658,177314,0.965232
1395,121922,4944063,2073600,2870463,2.384290,6,4737,117185,1275857,4944063,159365,0.968773
1396,93427,4943249,2073599,2869650,2.383898,6,4126,89301,1268378,4943249,130263,0.974325
1397,155905,4864499,2073600,2790899,2.345920,6,3350,152555,1242668,4864499,106173,0.978640
1398,155911,4839967,2073600,2766367,2.334089,5,2117,153794,1226953,4839967,67845,0.986176
1399,155911,4776239,2073600,2702639,2.303356,5,915,154996,1202406,4776239,33385,0.993059
1400,137613,4689751,2073600,2616151,2.261647,5,485,137128,1177801,4689751,21453,0.995446
1401,154447,4823022,2073600,2749422,2.325917,5,673,153774,1213317,4823022,30246,0.993768
1402,155911,4996993,2073600,2923393,2.409815,6,873,155038,1259674,4996993,41703,0.991723
1403,187102,5140618,2073600,3067018,2.479079,7,1089,186013,1298503,5140618,53394,0.989720
1404,188898,5226072,2073600,3152472,2.520289,7,1359,187539,1323171,5226072,66612,0.987414
1405,188952,5262493,2073600,3188893,2.537853,7,1669,187283,1334998,5262493,77499,0.985487
1406,237831,5337838,2073600,3264238,2.574189,8,3638,234193,1360482,5337838,104090,0.980873
1407,309463,5493547,2073600,3419947,2.649280,12,12169,297294,1420821,5493547,189737,0.966615
1408,311133,5686168,2073600,3612568,2.742172,12,19093,292040,1490124,5686168,274328,0.953976
1409,444057,5870217,2073600,3796617,2.830930,14,27349,416708,1561649,5870217,376379,0.939747
1410,471877,6030901,2073600,3957301,2.908421,15,36567,435310,1628903,6030901,484711,0.925608
1411,474824,6132829,2073600,4059229,2.957576,17,41036,433788,1668749,6132829,542167,0.918776
1412,476553,6183734,2073600,4110134,2.982125,19,45908,430645,1695998,6183734,600258,0.911518
1413,484285,6213814,2073599,4140215,2.996632,17,50004,434281,1716444,6213814,651962,0.905042
1414,517655,6274071,2073599,4200472,3.025692,12,53851,463804,1746200,6274071,710729,0.898246
1415,477833,6401645,2073598,4328047,3.087216,12,62782,415051,1800232,6401645,799283,0.889003
1416,502754,6583298,2073599,4509699,3.174817,12,73476,429278,1869619,6583298,895178,0.880299
1417,581178,6786875,2073600,4713275,3.272991,13,85795,495383,1941701,6786875,979929,0.873831
1418,613335,7005033,2073600,4931433,3.378199,13,103120,510215,2020854,7005033,1078383,0.866593
1419,620989,7228702,2073599,5155103,3.486066,13,118954,502035,2094609,7228702,1149734,0.862775
1420,682510,7442187,2073599,5368588,3.589019,13,136708,545802,2170274,7442187,1238909,0.857287
1421,706836,7627926,2073600,5554326,3.678591,13,157929,548907,2246152,7627926,1356682,0.848999
1422,886111,7767648,2073600,5694048,3.745972,13,176277,709834,2306676,7767648,1459056,0.841866
1423,886560,7860952,2073600,5787352,3.790968,13,193597,692963,2357980,7860952,1570968,0.833441
1424,893634,7919461,2073599,5845862,3.819186,13,212612,681022,2403663,7919461,1695191,0.823687
1425,928082,7998911,2073599,5925312,3.857501,14,230240,697842,2449953,7998911,1800901,0.816231
1426,1049768,8138238,2073600,6064638,3.924690,14,247609,802159,2510538,8138238,1903914,0.810408
1427,1139745,8276861,2073600,6203261,3.991542,15,255352,884393,2557609,8276861,1953575,0.809043
1428,1257658,8400326,2073600,6326726,4.051083,15,263298,994360,2598812,8400326,1994922,0.808093
1429,1370792,8474292,2073600,6400692,4.086753,14,273766,1097026,2634097,8474292,2062096,0.804288
1430,1403555,8524203,2073600,6450603,4.110823,15,285731,1117824,2663477,8524203,2129705,0.800101
1431,1453940,8511141,2073600,6437541,4.104524,15,286893,1167047,2657046,8511141,2117043,0.800809
1432,1458320,8493912,2073599,6420313,4.096217,16,287898,1170422,2652245,8493912,2115068,0.800634
1433,1494266,8474357,2073599,6400758,4.086787,15,289575,1204691,2645523,8474357,2107735,0.800821
1434,1494758,8441636,2073600,6368036,4.071005,14,290388,1204370,2636736,8441636,2105308,0.800387
1435,1552171,8391414,2073554,6317860,4.046875,15,290835,1261336,2623972,8391414,2104474,0.799495
1436,1552539,8338110,2070051,6268059,4.027973,15,291489,1261050,2610498,8338110,2103882,0.798517
1437,1619082,8328249,2070977,6257272,4.021411,17,292167,1326915,2609371,8328249,2109235,0.797917
1438,1619088,8319649,2071742,6247907,4.015775,18,292746,1326342,2605652,8319649,2102959,0.798231
1439,1619088,8284183,2072363,6211820,3.997457,16,293566,1325522,2596540,8284183,2101977,0.797618
1440,1625088,8231316,2072856,6158460,3.971002,17,294687,1330401,2583835,8231316,2104024,0.796424
1441,1653024,8159724,2073186,6086538,3.935838,17,299772,1353252,2571299,8159724,2125472,0.793346
1442,1698454,8075911,2073365,6002546,3.895074,17,304317,1394137,2556606,8075911,2150513,0.789710
1443,1727034,7987238,2073364,5913874,3.852309,16,309975,1417059,2541894,7987238,2180338,0.785560
1444,1728681,7887979,2073386,5814593,3.804395,16,313366,1415315,2523044,7887979,2204197,0.781593
1445,1704730,7777186,2073463,5703723,3.750820,15,316890,1387840,2502678,7777186,2233526,0.776886
1446,1704734,7662399,2073500,5588899,3.695394,16,319415,1385319,2480759,7662399,2260637,0.772183
1447,1730819,7549580,2073486,5476094,3.641008,17,321036,1409783,2457251,7549580,2279424,0.768092
1448,1742260,7648965,2073516,5575449,3.688886,17,324545,1417715,2489786,7648965,2310179,0.768034
1449,1742266,7546730,2073533,5473197,3.639551,15,328074,1414192,2473196,7546730,2346054,0.762852
1450,1742266,7754264,2073585,5680679,3.739545,15,328651,1413615,2532860,7754264,2377176,0.765366
1451,1742266,7758271,2073583,5684688,3.741481,17,331347,1410919,2534842,7758271,2381097,0.765163
1452,1748602,7752261,2073582,5678679,3.738584,17,331428,1417174,2532881,7752261,2379263,0.765162
1453,1750421,7751674,2073580,5678094,3.738305,18,332920,1417501,2533983,7751674,2384258,0.764772
1454,1861474,8202657,2073600,6129057,3.955757,18,334589,1526885,2650783,8202657,2400475,0.773607
1455,1929524,8218351,2073600,6144751,3.963325,16,336783,1592741,2659896,8218351,2421233,0.772432
1456,1996569,8227365,2073600,6153765,3.967672,16,339073,1657496,2667289,8227365,2441791,0.771136
1457,2061239,8383586,2073592,6309994,4.043026,18,342242,1718997,2714054,8383586,2472630,0.772238
1458,2061245,8383499,2073595,6309904,4.042978,17,345093,1716152,2721223,8383499,2501393,0.770196
1459,2111634,8338947,2073600,6265347,4.021483,16,348061,1763573,2716187,8338947,2525801,0.767523
1460,2111634,8293336,2073597,6219739,3.999493,17,350207,1761427,2709932,8293336,2546392,0.765087
1461,2061245,8147357,2073598,6073759,3.929092,16,346562,1714683,2674884,8147357,2552179,0.761468
1462,2061245,8024988,2073599,5951389,3.870077,17,343498,1717747,2645409,8024988,2556648,0.758388
1463,2061245,7920180,2073598,5846582,3.819535,17,341114,1720131,2623599,7920180,2574216,0.754706
1464,2049796,7814845,2072620,5742225,3.770515,18,341777,1708019,2605318,7814845,2606427,0.749894
1465,2043462,7702380,2067746,5634634,3.725013,18,341476,1701986,2584575,7702380,2635920,0.745034
1466,2043460,7595424,2059191,5536233,3.688548,17,342138,1701322,2566333,7595424,2669908,0.739910
1467,1981088,7494183,2047533,5446650,3.660104,16,344390,1636698,2549545,7494183,2703997,0.734855
1468,1860771,7400821,2033795,5367026,3.638922,18,345547,1515224,2535927,7400821,2742887,0.729597
1469,1853450,7285715,2012468,5273247,3.620289,18,345954,1507496,2517572,7285715,2784573,0.723486
1470,1742877,6861332,1977519,4883813,3.469667,19,342433,1400444,2410491,6861332,2780632,0.711611
1471,1717303,6556562,1925682,4630880,3.404800,19,339104,1378199,2326171,6556562,2748122,0.704652
1472,1665286,6297672,1864663,4433009,3.377378,20,331278,1334008,2245114,6297672,2682784,0.701264
1473,1545542,6034574,1800486,4234088,3.351636,20,320545,1224997,2159154,6034574,2602042,0.698720
1474,1525918,5775739,1736419,4039320,3.326236,21,310412,1215506,2074364,5775739,2521717,0.696086
1475,1525902,5515852,1673366,3842486,3.296262,20,300161,1225741,1987988,5515852,2436100,0.693648
1476,1397938,5258163,1611292,3646871,3.263321,19,290207,1107731,1902369,5258163,2351313,0.691002
1477,1380012,4996975,1550059,3446916,3.223732,17,278874,1101138,1814781,4996975,2262149,0.688372
1478,1231322,4736403,1489600,3246803,3.179648,15,267439,963883,1727658,4736403,2174229,0.685379
1479,1144005,4473976,1429842,3044134,3.129000,15,253175,890830,1637663,4473976,2076676,0.682982
1480,1108670,4216364,1370765,2845599,3.075920,15,240822,867848,1551100,4216364,1988036,0.679576
1481,1194394,4418445,1405532,3012913,3.143610,16,254134,940260,1622193,4418445,2070327,0.680937
1482,1231330,4599329,1440727,3158602,3.192367,20,269341,961989,1689110,4599329,2157111,0.680733
1483,1386346,4898474,1476418,3422056,3.317810,21,281187,1105159,1783942,4898474,2237294,0.686468
1484,1525864,5060519,1512642,3547877,3.345484,22,292351,1233513,1842693,5060519,2310253,0.686566
1485,1525902,5212743,1549628,3663115,3.363867,22,302918,1222984,1900206,5212743,2388081,0.685813
1486,1552822,5366962,1587902,3779060,3.379908,21,314297,1238525,1956447,5366962,2458826,0.685805
1487,1713317,5524501,1627179,3897322,3.395140,21,324678,1388639,2012185,5524501,2524239,0.686381
1488,1803313,5684087,1667137,4016950,3.409490,20,334665,1468648,2070930,5684087,2599633,0.686176
1489,1900735,5884694,1737109,4147585,3.387637,20,349676,1551059,2143444,5884694,2689082,0.686360
1490,1980641,6115354,1777983,4337371,3.439490,19,363712,1616929,2222738,6115354,2775598,0.687818
1491,1988652,6170951,1775198,4395753,3.476204,19,365890,1622762,2238900,6170951,2784649,0.689061
1492,2021606,6253818,1772203,4481615,3.528838,20,367210,1654396,2260776,6253818,2789286,0.691557
1493,2021614,6231036,1768969,4462067,3.522411,20,368529,1653085,2255455,6231036,2790784,0.690663
1494,2021982,6207315,1765417,4441898,3.516062,20,369636,1652346,2250489,6207315,2794641,0.689552
1495,2049800,6182776,1761612,4421164,3.509726,21,370849,1678951,2244096,6182776,2793608,0.688782
1496,2049802,6157555,1757509,4400046,3.503570,21,371595,1678207,2238047,6157555,2794633,0.687827
1497,2049802,6132201,1753115,4379086,3.497889,21,372733,1677069,2231297,6132201,2792987,0.687067
1498,2049802,6106516,1748373,4358143,3.492685,22,373875,1675927,2224692,6106516,2792252,0.686220
1499,2088184,6080277,1743277,4337000,3.487843,23,375032,1713152,2218181,6080277,2792447,0.685277
1500,2093291,6054210,1737778,4316432,3.483880,22,376239,1717052,2211222,6054210,2790678,0.684487
1501,2099625,6017373,1729458,4287915,3.479340,23,377211,1722414,2201024,6017373,2786723,0.683474
1502,2099633,5979216,1719730,4259486,3.476834,25,378406,1721227,2189534,5979216,2778920,0.682704
1503,2101012,5959825,1708508,4251317,3.488321,26,379312,1721700,2181371,5959825,2765659,0.683037
1504,2101012,6052369,1695593,4356776,3.569470,26,380216,1720796,2203011,6052369,2759675,0.686829
1505,2151409,6008634,1680904,4327730,3.574644,24,381118,1770291,2191428,6008634,2757078,0.685470
1506,2151409,6011116,1664359,4346757,3.611670,27,381659,1769750,2189307,6011116,2746112,0.686418
1507,2151409,5966446,1647651,4318795,3.621183,25,382846,1768563,2177528,5966446,2743666,0.685002
1508,2156997,5921636,1631246,4290390,3.630131,22,384217,1772780,2164717,5921636,2737232,0.683881
1509,2156997,6016682,1730326,4286356,3.477196,20,385380,1771617,2188297,6016682,2736506,0.687370
1510,2163165,5985259,1725137,4260122,3.469440,20,386921,1776244,2179269,5985259,2731817,0.686613
1511,2164853,6010719,1732375,4278344,3.469641,20,391918,1772935,2191880,6010719,2756801,0.685567
1512,2187876,6037226,1739817,4297409,3.470035,18,395702,1792174,2202941,6037226,2774538,0.685133
1513,2193610,6065296,1747322,4317974,3.471195,18,399128,1794482,2214735,6065296,2793644,0.684653
1514,2213870,6094795,1754852,4339943,3.473111,19,402823,1811047,2227331,6094795,2814529,0.684092
1515,2298507,6126504,1762375,4364129,3.476277,17,406469,1892038,2239613,6126504,2831948,0.683880
1516,2376302,6162548,1769799,4392749,3.482061,18,410151,1966151,2253108,6162548,2849884,0.683783
1517,2381223,6197724,1777048,4420676,3.487651,18,413563,1967660,2267156,6197724,2870900,0.683425
1518,2414893,6235758,1783935,4451823,3.495507,18,416275,1998618,2282340,6235758,2893602,0.683044
1519,2421595,6272770,1790193,4482577,3.503963,17,420031,2001564,2297571,6272770,2917514,0.682544
1520,2429152,6306955,1795242,4511713,3.513150,18,423017,2006135,2311500,6306955,2939045,0.682128
1521,2429152,6311598,1797671,4513927,3.510986,18,424048,2005104,2313583,6311598,2942734,0.682016
1522,2429152,6315441,1799867,4515574,3.508838,18,425072,2004080,2315392,6315441,2946127,0.681898
1523,2456970,6319206,1801835,4517371,3.507095,19,426167,2030803,2316032,6319206,2944922,0.682116
1524,2456970,6322958,1803555,4519403,3.505830,18,426802,2030168,2318615,6322958,2951502,0.681760
1525,2507361,6325642,1804988,4520654,3.504534,19,427247,2080114,2319141,6325642,2950922,0.681895
1526,2507361,6328875,1806125,4522750,3.504118,19,428370,2078991,2320215,6328875,2951985,0.681928
1527,2547573,6331268,1806941,4524327,3.503860,20,429651,2117922,2321832,6331268,2956060,0.681710
1528,2553907,6332989,1807420,4525569,3.503883,21,431205,2122702,2322513,6332989,2957063,0.681696
1529,2553907,6334590,1807498,4527092,3.504618,21,432674,2121233,2323760,6334590,2960450,0.681502
1530,2554273,6335848,1807145,4528703,3.505999,22,434382,2119891,2325053,6335848,2964364,0.681258
1531,2592655,6352074,1809981,4542093,3.509470,22,436576,2156079,2331326,6352074,2973230,0.681165
1532,2612035,6367522,1812709,4554813,3.512711,22,438704,2173331,2338205,6367522,2985298,0.680813
1533,2612035,6382739,1815328,4567411,3.516025,21,440803,2171232,2344515,6382739,2995321,0.680603
1534,2612035,6398660,1817879,4580781,3.519849,21,443214,2168821,2350977,6398660,3005248,0.680426
1535,2613394,6414878,1820313,4594565,3.524052,22,444922,2168472,2357362,6414878,3014570,0.680303
1536,2613394,6431365,1822652,4608713,3.528575,20,446555,2166839,2363284,6431365,3021771,0.680342
1537,2616144,6448679,1824920,4623759,3.533678,21,448058,2168086,2370307,6448679,3032549,0.680152
1538,2621738,6466547,1827084,4639463,3.539272,21,449493,2172245,2377261,6466547,3042497,0.680042
1539,2621738,6485108,1829190,4655918,3.545344,20,451349,2170389,2384392,6485108,3052460,0.679954
1540,2621738,6503854,1831196,4672658,3.551697,20,452856,2168882,2391428,6503854,3061858,0.679913
1541,2661582,6524454,1833052,4691402,3.559339,18,454492,2207090,2399024,6524454,3071642,0.679907
1542,2684012,6543931,1834681,4709250,3.566795,18,456763,2227249,2407056,6543931,3084293,0.679661
1543,2684012,6562647,1836157,4726490,3.574121,19,458561,2225451,2414491,6562647,3095317,0.679506
1544,2754418,6581341,1837460,4743881,3.581760,20,460804,2293614,2422583,6581341,3108991,0.679166
1545,2756035,6599085,1838581,4760504,3.589227,19,462986,2293049,2429674,6599085,3119611,0.679009
1546,2762658,6615470,1839520,4775950,3.596302,19,464019,2298639,2434870,6615470,3124010,0.679243
1547,2765238,6631717,1840242,4791475,3.603720,19,465283,2299955,2441832,6631717,3135611,0.678969
1548,2765242,6646234,1840776,4805458,3.610561,19,466540,2298702,2447442,6646234,3143534,0.678896
1549,2768651,6660501,1841112,4819389,3.617651,19,467938,2300713,2453252,6660501,3152507,0.678742
1550,2768651,6674546,1841282,4833264,3.624945,19,468721,2299930,2459282,6674546,3162582,0.678506
1551,2819108,6687947,1841247,4846700,3.632292,19,469931,2349177,2464573,6687947,3170345,0.678408
1552,2851988,6701297,1841087,4860210,3.639859,19,471154,2380834,2469621,6701297,3177187,0.678373
1553,2874666,6713832,1840796,4873036,3.647244,19,472502,2402164,2475370,6713832,3187648,0.678063
1554,2879773,6724967,1840391,4884576,3.654097,19,473896,2405877,2480399,6724967,3196629,0.677811
1555,2879773,6735823,1839872,4895951,3.661028,19,475082,2404691,2485173,6735823,3204869,0.677601
1556,2880133,6745969,1839246,4906723,3.667790,19,476100,2404033,2490402,6745969,3215639,0.677197
1557,2880141,6756053,1838509,4917544,3.674746,19,476932,2403209,2494502,6756053,3221955,0.677094
1558,2880201,6764454,1837696,4926758,3.680943,20,477763,2402438,2498812,6764454,3230794,0.676767
1559,2882244,6773805,1836802,4937003,3.687825,19,479227,2403017,2503176,6773805,3238899,0.676521
1560,2882244,6783371,1835859,4947512,3.694930,19,480445,2401799,2507837,6783371,3247977,0.676217
1561,2885594,6792525,1834821,4957704,3.702010,19,481363,2404231,2512563,6792525,3257727,0.675856
1562,2963805,6804283,1833717,4970566,3.710651,21,482852,2480953,2519065,6804283,3271977,0.675279
1563,2966141,6816923,1832546,4984377,3.719919,20,484953,2481188,2524549,6816923,3281273,0.675063
1564,2966177,6832045,1831322,5000723,3.730663,20,487410,2478767,2533998,6832045,3303947,0.674038
1565,2966177,6849185,1830021,5019164,3.742681,21,490129,2476048,2542016,6849185,3318879,0.673598
1566,2972931,6868462,1828655,5039807,3.756018,21,492160,2480771,2550988,6868462,3335490,0.673118
1567,3011475,6889761,1827231,5062530,3.770602,21,494129,2517346,2560158,6889761,3350871,0.672787
1568,3011475,6911373,1825744,5085629,3.785510,22,496228,2515247,2568450,6911373,3362427,0.672718
1569,3030855,6934616,1824187,5110429,3.801483,23,498163,2532692,2578793,6934616,3380556,0.672273
1570,3030855,6958858,1822565,5136293,3.818167,25,500504,2530351,2588813,6958858,3396394,0.672012
1571,3030855,6983049,1820890,5162159,3.834965,25,502295,2528560,2598584,6983049,3411287,0.671813
1572,3031892,7003515,1819136,5184379,3.849913,26,503616,2528276,2607121,7003515,3424969,0.671576
1573,3031892,7021585,1817314,5204271,3.863716,26,504597,2527295,2614851,7021585,3437819,0.671318
1574,3034292,7037675,1815445,5222230,3.876556,25,505263,2529029,2621590,7037675,3448685,0.671127
1575,3048297,7053452,1813535,5239917,3.889339,26,505920,2542377,2627684,7053452,3457284,0.671071
1576,3049037,7067102,1811581,5255521,3.901069,29,506983,2542054,2633407,7067102,3466526,0.670909
1577,3049037,7077064,1809591,5267473,3.910864,27,507644,2541393,2637781,7077064,3474060,0.670740
1578,3102526,7084772,1807562,5277210,3.919518,28,508657,2593869,2641782,7084772,3482356,0.670454
1579,3102534,7088618,1805497,5283121,3.926131,28,509650,2592884,2644317,7088618,3488650,0.670175
1580,3109279,7091008,1803392,5287616,3.932039,30,510357,2598922,2644942,7091008,3488760,0.670242
1581,3108911,7049676,1794135,5255541,3.929290,30,511478,2597433,2634380,7049676,3487844,0.669007
1582,3103630,7006283,1784699,5221584,3.925751,28,512665,2590965,2622666,7006283,3484381,0.667859
1583,3103622,6961061,1774834,5186227,3.922091,29,513689,2589933,2610839,6961061,3482295,0.666554
1584,3103622,6913920,1764506,5149414,3.918332,28,514099,2589523,2597081,6913920,3474404,0.665547
1585,3103622,6864365,1753787,5110578,3.914024,27,514792,2588830,2582248,6864365,3464627,0.664573
1586,3103622,6813561,1742654,5070907,3.909876,27,515213,2588409,2568953,6813561,3462251,0.663068
1587,3101947,6759429,1731152,5028277,3.904584,26,515388,2586559,2551600,6759429,3446971,0.662274
1588,3096361,6703235,1718896,4984339,3.899733,26,515074,2581287,2534224,6703235,3433661,0.661271
1589,3050133,6645000,1705933,4939067,3.895229,26,514063,2536070,2515230,6645000,3415920,0.660476
1590,3042147,6585969,1692348,4893621,3.891616,28,513109,2529038,2496467,6585969,3399899,0.659529
1591,3042147,6517701,1677497,4840204,3.885373,26,511512,2530635,2474173,6517701,3378991,0.658574
1592,3042145,6449698,1661956,4787742,3.880787,24,509348,2532797,2453625,6449698,3364802,0.657160
1593,3042145,6381065,1645889,4735176,3.876972,24,507272,2534873,2430981,6381065,3342859,0.656223
1594,3042137,6311735,1629456,4682279,3.873523,23,505105,2537032,2408541,6311735,3322429,0.655141
1595,3021661,6241790,1612592,4629198,3.870657,24,502306,2519355,2384806,6241790,3297434,0.654329
1596,3021661,6170999,1595381,4575618,3.868041,25,499594,2522067,2360492,6170999,3270969,0.653571
1597,3021661,6100228,1577906,4522322,3.866028,25,496519,2525142,2336068,6100228,3244044,0.652831
1598,3020785,6030070,1560362,4469708,3.864533,25,493504,2527281,2312304,6030070,3219146,0.651955
1599,3020785,5959518,1542781,4416737,3.862841,26,490110,2530675,2286061,5959518,3184726,0.651723
1600,3020785,5890166,1525166,4365000,3.861984,26,487147,2533638,2262017,5890166,3157902,0.650986
1601,3020785,5883647,1522931,4360716,3.863371,26,487219,2533566,2259558,5883647,3154585,0.650973
1602,3021881,5877074,1520668,4356406,3.864798,26,487366,2534515,2258639,5877074,3157482,0.650511
1603,3021881,5872443,1518376,4354067,3.867582,26,487243,2534638,2257302,5872443,3156765,0.650383
1604,3021891,5866787,1516049,4350738,3.869787,26,487372,2534519,2255703,5866787,3156025,0.650217
1605,3021893,5862035,1513701,4348334,3.872651,27,487584,2534309,2253204,5862035,3150781,0.650411
1606,3022769,5857445,1511308,4346137,3.875745,26,487203,2535566,2250931,5857445,3146279,0.650558
1607,3022769,5851532,1508884,4342648,3.878053,27,487348,2535421,2248827,5851532,3143776,0.650509
1608,3022769,5843521,1506442,4337079,3.879022,26,486508,2536261,2245223,5843521,3137371,0.650662
1609,3022769,5836250,1503972,4332278,3.880558,23,485517,2537252,2240945,5836250,3127530,0.651093
1610,3028355,5828339,1501471,4326868,3.881753,23,484571,2543784,2238206,5828339,3124485,0.651006
1611,3028355,5838916,1503828,4335088,3.882702,25,484651,2543704,2240995,5838916,3125064,0.651375
1612,3099244,5849701,1506157,4343544,3.883859,23,484256,2614988,2241984,5849701,3118235,0.652291
1613,3099244,5860279,1508453,4351826,3.884960,24,483985,2615259,2244687,5860279,3118469,0.652683
1614,3099244,5871039,1510724,4360315,3.886242,23,484261,2614983,2246898,5871039,3116553,0.653238
1615,3100927,5881621,1512953,4368668,3.887511,23,484392,2616535,2248264,5881621,3111435,0.654018
1616,3157118,5890697,1515160,4375537,3.887838,22,484200,2672918,2249641,5890697,3107867,0.654626
1617,3164236,5898389,1517328,4381061,3.887353,24,483915,2680321,2251213,5898389,3106463,0.655023
1618,3200040,5904407,1519463,4384944,3.885851,23,483521,2716519,2250920,5904407,3099273,0.655777
1619,3200040,5909749,1521573,4388176,3.883973,23,483430,2716610,2250888,5909749,3093803,0.656380
1620,3200042,5913606,1523637,4389969,3.881243,22,482941,2717101,2250827,5913606,3089702,0.656826
1621,3200402,5916048,1525599,4390449,3.877853,22,482299,2718103,2250004,5916048,3083968,0.657337
1622,3227440,5916850,1527524,4389326,3.873491,22,482389,2745051,2248642,5916850,3077718,0.657825
1623,3227818,5914591,1529430,4385161,3.867186,22,481863,2745955,2246635,5914591,3071949,0.658161
1624,3227826,5910299,1531306,4378993,3.859646,23,481561,2746265,2243532,5910299,3063829,0.658593
1625,3227826,5904386,1533157,4371229,3.851129,24,480969,2746857,2240363,5904386,3057066,0.658865
1626,3234528,5897088,1534968,4362120,3.841831,24,480218,2754310,2235257,5897088,3043940,0.659554
1627,3284917,5887385,1536700,4350685,3.831187,25,479050,2805867,2231062,5887385,3036863,0.659707
1628,3284919,5877606,1538534,4339072,3.820264,28,478024,2806895,2225358,5877606,3023826,0.660299
1629,3284919,5867517,1540279,4327238,3.809386,28,477102,2807817,2220557,5867517,3014711,0.660591
1630,3289809,5857107,1541995,4315112,3.798396,25,476382,2813427,2215979,5857107,3006809,0.660781
1631,3289809,5845476,1543691,4301785,3.786688,26,475333,2814476,2210742,5845476,2997492,0.661031
1632,3336454,5832761,1545356,4287405,3.774380,28,474440,2862014,2205123,5832761,2987731,0.661274
1633,3336454,5819062,1547004,4272058,3.761504,28,473662,2862792,2199671,5819062,2979622,0.661356
1634,3336454,5804294,1548597,4255697,3.748098,30,472916,2863538,2194089,5804294,2972062,0.661356
1635,3336454,5789333,1550192,4239141,3.734591,32,472617,2863837,2187211,5789333,2959511,0.661725
1636,3336454,5774187,1551752,4222435,3.721076,34,472558,2863896,2181893,5774187,2953385,0.661603
1637,3337348,5758822,1553287,4205535,3.707507,35,472242,2865106,2175962,5758822,2945026,0.661641
1638,3337348,5742467,1554780,4187687,3.693427,37,471819,2865529,2170227,5742467,2938441,0.661505
1639,3339834,5726281,1556249,4170032,3.679540,34,471404,2868430,2163518,5726281,2927791,0.661686
1640,3339834,5709389,1557688,4151701,3.665297,32,471255,2868579,2156961,5709389,2918455,0.661740
1641,3339834,5701036,1565910,4135126,3.640718,31,470871,2868963,2152882,5701036,2910492,0.662024
1642,3371794,5690798,1573718,4117080,3.616149,33,471242,2900552,2147087,5690798,2897550,0.662618
1643,3371794,5677811,1581096,4096715,3.591060,32,471231,2900563,2141544,5677811,2888365,0.662817
1644,3377382,5664310,1588080,4076230,3.566766,32,471523,2905859,2136442,5664310,2881458,0.662820
1645,3388114,5650914,1594614,4056300,3.543750,29,471683,2916431,2129777,5650914,2868194,0.663322
1646,3418090,5638222,1600641,4037581,3.522478,28,471720,2946370,2125076,5638222,2862082,0.663297
1647,3418460,5626121,1606306,4019815,3.502521,28,471690,2946770,2119003,5626121,2849891,0.663770
1648,3420237,5613502,1611457,4002045,3.483495,27,471121,2949116,2112136,5613502,2835042,0.664434
1649,3459509,5601115,1616158,3984957,3.465698,25,470245,2989264,2107076,5601115,2827189,0.664560
1650,3469275,5588464,1620396,3968068,3.448826,24,469110,3000165,2101750,5588464,2818536,0.664739
1651,3469307,5580645,1626761,3953884,3.430525,26,467899,3001408,2096466,5580645,2805219,0.665482
1652,3472776,5572928,1632825,3940103,3.413059,27,466768,3006008,2090884,5572928,2790608,0.666336
1653,3472784,5564455,1638507,3925948,3.396052,24,464836,3007948,2086323,5564455,2780837,0.666778
1654,3495818,5555541,1643712,3911829,3.379875,24,462600,3033218,2079368,5555541,2761931,0.667936
1655,3495818,5546117,1648329,3897788,3.364691,25,460436,3035382,2073493,5546117,2747855,0.668693
1656,3495820,5535984,1652565,3883419,3.349934,28,457850,3037970,2066149,5535984,2728612,0.669843
1657,3495820,5525271,1656325,3868946,3.335862,24,455185,3040635,2059485,5525271,2712669,0.670710
1658,3495820,5512440,1659764,3852676,3.321219,25,452116,3043704,2050420,5512440,2689240,0.672111
1659,3496148,5498035,1662865,3835170,3.306363,27,448584,3047564,2040622,5498035,2664453,0.673573
1660,3496172,5482835,1665757,3817078,3.291497,26,444785,3051387,2032329,5482835,2646481,0.674452
1661,3499575,5464187,1664404,3799783,3.282969,27,443057,3056518,2024618,5464187,2634285,0.674718
1662,3544112,5444893,1662684,3782209,3.274761,27,440940,3103172,2016579,5444893,2621423,0.675016
1663,3544112,5425212,1660509,3764703,3.267198,27,438655,3105457,2007712,5425212,2605636,0.675547
1664,3566778,5405846,1657872,3747974,3.260714,29,436670,3130108,2000158,5405846,2594786,0.675677
1665,3572364,5386049,1654840,3731209,3.254725,29,434576,3137788,1991076,5386049,2578255,0.676274
1666,3572364,5366304,1651396,3714908,3.249556,28,432516,3139848,1983071,5366304,2565980,0.676514
1667,3572364,5345396,1647493,3697903,3.244564,25,430182,3142182,1974128,5345396,2551116,0.676931
1668,3572364,5323810,1643442,3680368,3.239427,26,427343,3145021,1964364,5323810,2533646,0.677549
1669,3572372,5303082,1639267,3663815,3.235032,25,425218,3147154,1956499,5303082,2522914,0.677624
1670,3572742,5281526,1635026,3646500,3.230240,24,422136,3150606,1946016,5281526,2502538,0.678505
1671,3572742,5257372,1627731,3629641,3.229878,24,420935,3151807,1937984,5257372,2494564,0.678201
1672,3572742,5232792,1620377,3612415,3.229367,25,419280,3153462,1929455,5232792,2485028,0.678014
1673,3572742,5207425,1613117,3594308,3.228176,24,417728,3155014,1920378,5207425,2474087,0.677917
1674,3572742,5182012,1605511,3576501,3.227640,25,416506,3156236,1911087,5182012,2462336,0.677888
1675,3572750,5156511,1597993,3558518,3.226867,23,414927,3157823,1902138,5156511,2452041,0.677726
1676,3572750,5131206,1590427,3540779,3.226307,25,413428,3159322,1893215,5131206,2441654,0.677578
1677,3572750,5105624,1582812,3522812,3.225667,26,412126,3160624,1884014,5105624,2430432,0.677493
1678,3572750,5079934,1575146,3504788,3.225056,27,410248,3162502,1874155,5079934,2416686,0.677630
1679,3572750,5054280,1567439,3486841,3.224547,28,408830,3163920,1863943,5054280,2401492,0.677902
1680,3572750,5028968,1559677,3469291,3.224365,29,407257,3165493,1854959,5028968,2390868,0.677773
1681,3572750,5004848,1553778,3451070,3.221083,31,409531,3163219,1849379,5004848,2392668,0.676558
1682,3572750,4982330,1547965,3434365,3.218632,28,411608,3161142,1844207,4982330,2394498,0.675403
1683,3572750,4962540,1542224,3420316,3.217782,29,414079,3158671,1841621,4962540,2403944,0.673665
1684,3572750,4943412,1536063,3407349,3.218235,29,416779,3155971,1838770,4943412,2411668,0.672109
1685,3572748,4924306,1529825,3394481,3.218869,27,419704,3153044,1835938,4924306,2419446,0.670544
1686,3572748,4904997,1523445,3381552,3.219674,25,421953,3150795,1832763,4904997,2426055,0.669071
1687,3572748,4883179,1516863,3366316,3.219262,25,423870,3148878,1828134,4883179,2429357,0.667782
1688,3572748,4859588,1510006,3349582,3.218257,22,425544,3147204,1823169,4859588,2433088,0.666366
1689,3572748,4834800,1502665,3332135,3.217484,21,426693,3146055,1817395,4834800,2434780,0.665073
1690,3572748,4808534,1494925,3313609,3.216572,22,427593,3145155,1810738,4808534,2434418,0.663891
1691,3572748,4785005,1485621,3299384,3.220879,23,426805,3145943,1803904,4785005,2430611,0.663146
1692,3572748,4760394,1476245,3284149,3.224664,24,426356,3146392,1795353,4760394,2421018,0.662877
1693,3572748,4736369,1466824,3269545,3.228996,24,425981,3146767,1788193,4736369,2416403,0.662173
1694,3572748,4711152,1457373,3253779,3.232633,26,424659,3148089,1779244,4711152,2405824,0.661960
1695,3572746,4686913,1447910,3239003,3.237020,27,424362,3148384,1771004,4686913,2397103,0.661618
1696,3572746,4662027,1438517,3223510,3.240856,27,423232,3149514,1762860,4662027,2389413,0.661145
1697,3572746,4637341,1429111,3208230,3.244913,27,422276,3150470,1754518,4637341,2380731,0.660771
1698,3572746,4612240,1419727,3192513,3.248681,28,421136,3151610,1746154,4612240,2372376,0.660343
1699,3578926,4587172,1413723,3173449,3.244746,28,420284,3158642,1737376,4587172,2362332,0.660072
1700,3578926,4562418,1408102,3154316,3.240119,28,418806,3160120,1729103,4562418,2353994,0.659651
1701,3578926,4555383,1414078,3141305,3.221451,28,417775,3161151,1725456,4555383,2346441,0.660026
1702,3578932,4549969,1420186,3129783,3.203784,28,417431,3161501,1722920,4549969,2341711,0.660212
1703,3578932,4544550,1424420,3120130,3.190456,29,416694,3162238,1719540,4544550,2333610,0.660722
1704,3578932,4540287,1426892,3113395,3.181942,28,416271,3162661,1717609,4540287,2330149,0.660844
1705,3578932,4536228,1429102,3107126,3.174181,28,415775,3163157,1714636,4536228,2322316,0.661398
1706,3578932,4531717,1430553,3101164,3.167808,27,415372,3163560,1713033,4531717,2320415,0.661359
1707,3578932,4528046,1431270,3096776,3.163656,28,415250,3163682,1711641,4528046,2318518,0.661360
1708,3578932,4522892,1431180,3091712,3.160254,26,414886,3164046,1709736,4522892,2316052,0.661344
1709,3578932,4518120,1430367,3087753,3.158714,24,414338,3164594,1707340,4518120,2311240,0.661573
1710,3578932,4513366,1428813,3084553,3.158822,24,413892,3165040,1705537,4513366,2308782,0.661576
1711,3598048,4496872,1421150,3075722,3.164249,23,413416,3184632,1700087,4496872,2303476,0.661271
1712,3598048,4480712,1413389,3067323,3.170190,22,412201,3185847,1694551,4480712,2297492,0.661047
1713,3598048,4464153,1405504,3058649,3.176194,23,411386,3186662,1688312,4464153,2289095,0.661038
1714,3598048,4447519,1397509,3050010,3.182462,24,410323,3187725,1683278,4447519,2285593,0.660544
1715,3598048,4430554,1389424,3041130,3.188770,22,409176,3188872,1676922,4430554,2277134,0.660519
1716,3598048,4419455,1386744,3032711,3.186929,24,408598,3189450,1673389,4419455,2274101,0.660255
1717,3598048,4409328,1385470,3023858,3.182550,23,407549,3190499,1669724,4409328,2269568,0.660188
1718,3598048,4399790,1384128,3015662,3.178745,22,406663,3191385,1666297,4399790,2265398,0.660115
1719,3598048,4390045,1382649,3007396,3.175097,23,406240,3191808,1661781,4390045,2257079,0.660443
1720,3628330,4380136,1381080,2999056,3.171530,22,405616,3222714,1657616,4380136,2250328,0.660608
1721,3628330,4369826,1379743,2990083,3.167130,24,404573,3223757,1653861,4369826,2245618,0.660549
1722,3628330,4359297,1378365,2980932,3.162658,23,403435,3224895,1649389,4359297,2238259,0.660744
1723,3628330,4348321,1376974,2971347,3.157882,20,402206,3226124,1644183,4348321,2228411,0.661167
1724,3628338,4337655,1375509,2962146,3.153491,22,401174,3227164,1639922,4337655,2222033,0.661259
1725,3628338,4326976,1374012,2952964,3.149154,22,400179,3228159,1635160,4326976,2213664,0.661552
1726,3628706,4316088,1372471,2943617,3.144757,21,399352,3229354,1631004,4316088,2207928,0.661569
1727,3628708,4305269,1370804,2934465,3.140689,21,398287,3230421,1626920,4305269,2202411,0.661567
1728,3628708,4294167,1369168,2924999,3.136333,23,396824,3231884,1621691,4294167,2192597,0.661989
1729,3628708,4283206,1367460,2915746,3.132235,24,395959,3232749,1617280,4283206,2185914,0.662100
1730,3628708,4271719,1365765,2905954,3.127712,25,394917,3233791,1612773,4271719,2179373,0.662170
1731,3628708,4260118,1364489,2895629,3.122134,26,394019,3234689,1608263,4260118,2172934,0.662223
1732,3628708,4247789,1363196,2884593,3.116052,26,392707,3236001,1602749,4247789,2163207,0.662579
1733,3631462,4235076,1361840,2873236,3.109819,28,391217,3240245,1597881,4235076,2156448,0.662608
1734,3631693,4222362,1360398,2861964,3.103770,27,390327,3241366,1592991,4222362,2149602,0.662647
1735,3631693,4209072,1358870,2850202,3.097480,29,389254,3242439,1587907,4209072,2142556,0.662676
1736,3631695,4195868,1357200,2838668,3.091562,29,387988,3243707,1582814,4195868,2135388,0.662723
1737,3654361,4182253,1355483,2826770,3.085434,29,387117,3267244,1577747,4182253,2128735,0.662694
1738,3654361,4168384,1353669,2814715,3.079323,29,386070,3268291,1572077,4168384,2119924,0.662878
1739,3654361,4153727,1351755,2801972,3.072840,29,384628,3269733,1566510,4153727,2112313,0.662895
1740,3657228,4140010,1349822,2790188,3.067078,29,383907,3273321,1561512,4140010,2106038,0.662821
1741,3657228,4124981,1348532,2776449,3.058868,29,382752,3274476,1555964,4124981,2098875,0.662769
1742,3658195,4109501,1346846,2762655,3.051203,28,381893,3276302,1550362,4109501,2091947,0.662668
1743,3658211,4093488,1344604,2748884,3.044382,28,380980,3277231,1544335,4093488,2083852,0.662662
1744,3658217,4077482,1342051,2735431,3.038247,28,379188,3279029,1538056,4077482,2074742,0.662766
1745,3658357,4060146,1338984,2721162,3.032259,27,377059,3281298,1531095,4060146,2064234,0.662948
1746,3664993,4042454,1335513,2706941,3.026892,28,374685,3290308,1523624,4042454,2052042,0.663296
1747,3665031,4023446,1331622,2691824,3.021463,27,371810,3293221,1515282,4023446,2037682,0.663811
1748,3665031,4003776,1327313,2676463,3.016452,27,368563,3296468,1507471,4003776,2026108,0.663989
1749,3747000,3982878,1322526,2660352,3.011569,24,365137,3381863,1498250,3982878,2010122,0.664588
1750,3747000,3960528,1317396,2643132,3.006331,21,361520,3385480,1488267,3960528,1992540,0.665292
1751,3747000,3939331,1311088,2628243,3.004627,22,359998,3387002,1480657,3939331,1983297,0.665132
1752,3747004,3917692,1304602,2613090,3.002979,20,358525,3388479,1473062,3917692,1974556,0.664889
1753,3747004,3895588,1298149,2597439,3.000879,19,356504,3390500,1465431,3895588,1966136,0.664581
1754,3747004,3873675,1291688,2581987,2.998925,21,355116,3391888,1457293,3873675,1955497,0.664533
1755,3747004,3851792,1285191,2566601,2.997058,21,353722,3393282,1450239,3851792,1949164,0.663993
1756,3747004,3829966,1278721,2551245,2.995154,18,352339,3394665,1442595,3829966,1940414,0.663729
1757,3747004,3808193,1272233,2535960,2.993314,19,351005,3395999,1434635,3808193,1930347,0.663617
1758,3747006,3785730,1265668,2520062,2.991092,18,349506,3397500,1426607,3785730,1920698,0.663415
1759,3747006,3763009,1259192,2503817,2.988431,18,347227,3399779,1418093,3763009,1909363,0.663392
1760,3747006,3741003,1252674,2488329,2.986414,18,345775,3401231,1410637,3741003,1901545,0.662999
1761,3747006,3721003,1246458,2474545,2.985261,16,344663,3402343,1403785,3721003,1894137,0.662673
1762,3747006,3700828,1240264,2460564,2.983903,17,343401,3403605,1396468,3700828,1885044,0.662534
1763,3747006,3680441,1234136,2446305,2.982201,17,342359,3404647,1389332,3680441,1876887,0.662268
1764,3747006,3659783,1228044,2431739,2.980173,17,340492,3406514,1381736,3659783,1867161,0.662171
1765,3747006,3639561,1222000,2417561,2.978364,16,339288,3407718,1374696,3639561,1859223,0.661885
1766,3747006,3619564,1216024,2403540,2.976556,16,337816,3409190,1367365,3619564,1849896,0.661777
1767,3747006,3599284,1210021,2389263,2.974563,18,336525,3410481,1360386,3599284,1842260,0.661445
1768,3747006,3578810,1204106,2374704,2.972172,19,335060,3411946,1353044,3578810,1833366,0.661252
1769,3747008,3558361,1198185,2360176,2.969793,18,333874,3413134,1345768,3558361,1824711,0.661028
1770,3747008,3537746,1192291,2345455,2.967183,18,332219,3414789,1338478,3537746,1816166,0.660778
1771,3747008,3517794,1186140,2331654,2.965749,18,332360,3414648,1332923,3517794,1813898,0.659789
1772,3747008,3497198,1179976,2317222,2.963787,17,332033,3414975,1326642,3497198,1809370,0.659032
1773,3747008,3476814,1173826,2302988,2.961950,17,331912,3415096,1319693,3476814,1801958,0.658641
1774,3747008,3456889,1167658,2289231,2.960532,18,331659,3415349,1314075,3456889,1799411,0.657666
1775,3747008,3436933,1161474,2275459,2.959113,18,331898,3415110,1308410,3436933,1796707,0.656700
1776,3747008,3416435,1155287,2261148,2.957218,19,331109,3415899,1301423,3416435,1789257,0.656288
1777,3747008,3396277,1149113,2247164,2.955564,18,330771,3416237,1295102,3396277,1784131,0.655600
1778,3747008,3376543,1142952,2233591,2.954230,19,330747,3416261,1289127,3376543,1779965,0.654812
1779,3747008,3356284,1136767,2219517,2.952482,18,330411,3416597,1282689,3356284,1774472,0.654150
1780,3747008,3336689,1130590,2206099,2.951281,18,330009,3416999,1276944,3336689,1771087,0.653257
1781,3747008,3317526,1124771,2192755,2.949512,18,329486,3417522,1270394,3317526,1764050,0.652854
1782,3747008,3298654,1118983,2179671,2.947904,18,328893,3418115,1264351,3298654,1758750,0.652243
1783,3747008,3279592,1113135,2166457,2.946266,18,328339,3418669,1258021,3279592,1752492,0.651736
1784,3747008,3261223,1107342,2153881,2.945091,19,327618,3419390,1252077,3261223,1747085,0.651163
1785,3747008,3242444,1101553,2140891,2.943521,17,326727,3420281,1245506,3242444,1739580,0.650829
1786,3747008,3224085,1095730,2128355,2.942408,17,326315,3420693,1240229,3224085,1736831,0.649897
1787,3747010,3205062,1089985,2115077,2.940464,18,325033,3421977,1233740,3205062,1729898,0.649461
1788,3747010,3186530,1084198,2102332,2.939066,17,324488,3422522,1227169,3186530,1722146,0.649163
1789,3747010,3168408,1078468,2089940,2.937879,17,323864,3423146,1220945,3168408,1715372,0.648761
1790,3747010,3149690,1072738,2076952,2.936122,16,322823,3424187,1215038,3149690,1710462,0.648064
1791,3747010,3131426,1068375,2063051,2.931018,18,319924,3427086,1206803,3131426,1695786,0.648703
1792,3747010,3112757,1063626,2049131,2.926552,18,316731,3430279,1198831,3112757,1682567,0.649123
1793,3747012,3092474,1058329,2034145,2.922035,17,312859,3434153,1189955,3092474,1667346,0.649704
1794,3747012,3071359,1052418,2018941,2.918383,19,308525,3438487,1179966,3071359,1648505,0.650730
1795,3747012,3049351,1045967,2003384,2.915341,17,304446,3442566,1169742,3049351,1629617,0.651714
1796,3747014,3025721,1038792,1986929,2.912730,17,299759,3447255,1158701,3025721,1609083,0.652826
1797,3747014,3001975,1031181,1970794,2.911201,17,295352,3451662,1148849,3001975,1593421,0.653257
1798,3747014,2977358,1023222,1954136,2.909787,17,290435,3456579,1137403,2977358,1572254,0.654420
1799,3747016,2953282,1014900,1938382,2.909924,17,285917,3461099,1126464,2953282,1552574,0.655432
1800,3747016,2929238,1006154,1923084,2.911322,17,281478,3465538,1115706,2929238,1533586,0.656364
1801,3747016,2910718,999515,1911203,2.912130,17,279215,3467801,1108751,2910718,1524286,0.656306
1802,3747016,2892068,992841,1899227,2.912922,18,277363,3469653,1101342,2892068,1513300,0.656487
1803,3747018,2872865,986072,1886793,2.913443,17,275121,3471897,1093398,2872865,1500727,0.656866
1804,3747018,2854065,979338,1874727,2.914280,17,273013,3474005,1085697,2854065,1488723,0.657196
1805,3747012,2835249,972286,1862963,2.916065,17,270692,3476320,1078832,2835249,1480079,0.657018
1806,3679006,2816556,965310,1851246,2.917774,18,268977,3410029,1071452,2816556,1469252,0.657182
1807,3679006,2797677,958265,1839412,2.919523,17,266700,3412306,1064546,2797677,1460507,0.657012
1808,3679006,2778596,951131,1827465,2.921360,17,264773,3414233,1056882,2778596,1448932,0.657263
1809,3679006,2759733,943978,1815755,2.923514,17,262739,3416267,1049479,2759733,1438183,0.657405
1810,3679006,2740584,936739,1803845,2.925664,16,260538,3418468,1041995,2740584,1427396,0.657533
1811,3679006,2726772,931974,1794798,2.925803,16,260363,3418643,1037901,2726772,1424832,0.656800
1812,3679006,2712910,927209,1785701,2.925888,17,259899,3419107,1033937,2712910,1422838,0.655966
1813,3679006,2699301,922470,1776831,2.926167,17,259644,3419362,1028788,2699301,1415851,0.655942
1814,3679006,2685814,917737,1768077,2.926562,17,259273,3419733,1025040,2685814,1414346,0.655051
1815,3679006,2672119,913069,1759050,2.926525,17,258877,3420129,1020637,2672119,1410429,0.654522
1816,3679006,2658557,908324,1750233,2.926882,17,258617,3420389,1016626,2658557,1407947,0.653770
1817,3679006,2644961,903690,1741271,2.926845,17,258037,3420969,1012117,2644961,1403507,0.653324
1818,3679006,2631549,899037,1732512,2.927075,17,257686,3421320,1007605,2631549,1398871,0.652922
1819,3747012,2618229,894436,1723793,2.927240,17,257536,3489476,1003551,2618229,1395975,0.652241
1820,3747012,2605094,889842,1715252,2.927592,17,257008,3490004,999676,2605094,1393610,0.651485
1821,3747012,2592155,885400,1706755,2.927665,17,256904,3490108,995608,2592155,1390277,0.650897
1822,3747012,2579144,880932,1698212,2.927745,17,256221,3490791,991216,2579144,1385720,0.650500
1823,3747018,2566434,876537,1689897,2.927924,18,256237,3490781,987359,2566434,1383002,0.649823
1824,3747018,2553565,872162,1681403,2.927856,17,255759,3491259,983244,2553565,1379411,0.649270
1825,3747018,2540758,867772,1672986,2.927910,17,255053,3491965,979155,2540758,1375862,0.648712
1826,3747018,2528423,863441,1664982,2.928310,18,255077,3491941,975171,2528423,1372261,0.648200
1827,3747018,2515726,859104,1656622,2.928314,17,254697,3492321,971071,2515726,1368558,0.647668
1828,3747018,2503128,854764,1648364,2.928443,17,253937,3493081,966995,2503128,1364852,0.647141
1829,3747018,2490336,850492,1639844,2.928112,18,253657,3493361,963011,2490336,1361708,0.646497
1830,3747018,2477947,846254,1631693,2.928136,17,253269,3493749,958803,2477947,1357265,0.646104
1831,3747018,2471379,844785,1626594,2.925453,17,255267,3491751,958754,2471379,1363637,0.644425
1832,3747018,2464711,843198,1621513,2.923051,16,257724,3489294,958813,2464711,1370541,0.642646
1833,3747018,2457742,841521,1616221,2.920595,17,259983,3487035,958244,2457742,1375234,0.641210
1834,3747018,2450293,839608,1610685,2.918377,17,262069,3484949,958193,2450293,1382479,0.639300
1835,3747018,2441940,837216,1604724,2.916738,18,264080,3482938,957059,2441940,1386296,0.637876
1836,3747018,2432523,834437,1598086,2.915167,18,265575,3481443,954605,2432523,1385897,0.637050
1837,3747018,2423183,831447,1591736,2.914417,17,267066,3479952,953520,2423183,1390897,0.635326
1838,3747018,2412651,828275,1584376,2.912862,18,267934,3479084,950414,2412651,1389005,0.634632
1839,3747018,2402095,824952,1577143,2.911800,18,268852,3478166,948575,2402095,1392205,0.633080
1840,3747018,2390720,821457,1569263,2.910341,18,269906,3477112,945798,2390720,1392472,0.631932
1841,3747018,2378057,817045,1561012,2.910558,19,269480,3477538,941095,2378057,1386323,0.631726
1842,3747018,2364918,812640,1552278,2.910167,19,268704,3478314,937138,2364918,1383634,0.630888
1843,3747018,2351726,808268,1543458,2.909587,18,267842,3479176,931834,2351726,1375610,0.630940
1844,3747018,2338547,803900,1534647,2.909002,18,267003,3480015,927222,2338547,1370341,0.630525
1845,3747018,2325986,799574,1526412,2.909032,19,266317,3480701,922912,2325986,1365662,0.630067
1846,3747018,2312907,795236,1517671,2.908454,18,265398,3481620,918776,2312907,1362197,0.629345
1847,3747018,2300474,790949,1509525,2.908499,17,264692,3482326,914381,2300474,1357050,0.628970
1848,3747018,2287776,786703,1501073,2.908056,19,263786,3483232,909882,2287776,1351752,0.628591
1849,3747018,2275210,782447,1492763,2.907814,18,262818,3484200,905134,2275210,1345326,0.628418
1850,3747018,2262345,778255,1484090,2.906946,16,261833,3485185,900231,2262345,1338579,0.628268
1851,3747018,2254173,775589,1478584,2.906401,17,262014,3485004,897736,2254173,1336771,0.627738
1852,3747018,2245411,772814,1472597,2.905500,17,261808,3485210,895640,2245411,1337149,0.626762
1853,3747018,2236301,769935,1466366,2.904532,18,261743,3485275,892502,2236301,1333707,0.626413
1854,3747018,2227105,766934,1460171,2.903907,17,261341,3485677,889374,2227105,1330391,0.626032
1855,3747018,2216785,763831,1452954,2.902193,17,260354,3486664,885590,2216785,1325575,0.625793
1856,3747018,2206697,760385,1446312,2.902079,18,259978,3487040,882534,2206697,1323439,0.625103
1857,3747018,2195504,756725,1438779,2.901323,18,258720,3488298,878317,2195504,1317764,0.624918
1858,3747018,2184341,753073,1431268,2.900570,17,257679,3489339,874183,2184341,1312391,0.624681
1859,3747018,2173383,749450,1423933,2.899971,19,256520,3490498,869521,2173383,1304701,0.624879
1860,3747018,2162673,745895,1416778,2.899434,18,255662,3491356,865468,2162673,1299199,0.624712
1861,3747018,2161519,745621,1415898,2.898951,17,255485,3491533,865569,2161519,1300757,0.624306
1862,3747018,2160082,745356,1414726,2.898054,17,255704,3491314,865174,2160082,1300614,0.624176
1863,3747018,2158683,745067,1413616,2.897301,17,255433,3491585,863985,2158683,1297257,0.624630
1864,3747018,2157755,744796,1412959,2.897109,18,255373,3491645,864227,2157755,1299153,0.624186
1865,3747018,2155872,744489,1411383,2.895774,19,254984,3492034,863228,2155872,1297040,0.624363
1866,3747018,2154838,744123,1410715,2.895809,19,255460,3491558,863050,2154838,1297362,0.624193
1867,3747018,2153951,743726,1410225,2.896162,17,255444,3491574,862946,2153951,1297833,0.624011
1868,3747018,2152259,743360,1408899,2.895312,18,255291,3491727,862131,2152259,1296265,0.624110
1869,3747018,2150824,742909,1407915,2.895138,16,255261,3491757,861933,2150824,1296908,0.623837
1870,3747018,2149260,742462,1406798,2.894774,16,255023,3491995,861659,2149260,1297376,0.623582
1871,3747018,2151498,743032,1408466,2.895566,17,255431,3491587,862495,2151498,1298482,0.623626
1872,3747018,2153108,743605,1409503,2.895500,17,255530,3491488,862955,2153108,1298712,0.623760
1873,3747018,2155016,744140,1410876,2.895982,18,255957,3491061,864028,2155016,1301096,0.623538
1874,3747016,2157489,744656,1412833,2.897296,15,256386,3490630,865335,2157489,1303851,0.623310
1875,3747016,2158729,745109,1413620,2.897199,17,256199,3490817,865547,2158729,1303459,0.623516
1876,3747016,2160710,745567,1415143,2.898076,17,256802,3490214,866288,2160710,1304442,0.623554
1877,3747016,2162591,745934,1416657,2.899172,18,257218,3489798,867039,2162591,1305565,0.623556
1878,3747016,2164166,746296,1417870,2.899876,16,257141,3489875,867671,2164166,1306518,0.623556
1879,3747014,2166148,746642,1419506,2.901187,17,257594,3489420,868832,2166148,1309180,0.623293
1880,3747014,2167610,746933,1420677,2.902014,18,257957,3489057,869391,2167610,1309954,0.623313
1881,3747014,2174510,749003,1425507,2.903206,16,258681,3488333,872090,2174510,1313850,0.623362
1882,3747014,2181106,751060,1430046,2.904037,17,259035,3487979,874381,2181106,1316418,0.623614
1883,3747014,2188062,753113,1434949,2.905357,16,259860,3487154,876906,2188062,1319562,0.623802
1884,3747014,2194955,755166,1439789,2.906586,17,260710,3486304,879837,2194955,1324393,0.623682
1885,3747014,2201890,757240,1444650,2.907784,18,261417,3485597,882581,2201890,1328434,0.623708
1886,3747012,2208674,759298,1449376,2.908837,16,262371,3484641,885451,2208674,1333130,0.623601
1887,3747012,2215514,761366,1454148,2.909920,17,262775,3484237,887714,2215514,1335342,0.623938
1888,3747012,2222754,763381,1459373,2.911723,18,263782,3483230,890332,2222754,1338574,0.624136
1889,3747012,2229862,765416,1464446,2.913268,16,264651,3482361,893533,2229862,1344270,0.623889
1890,3747012,2236841,767471,1469370,2.914561,18,265394,3481618,896102,2236841,1347567,0.624048
1891,3747012,2245149,770054,1475095,2.915573,15,265920,3481092,899061,2245149,1351095,0.624304
1892,3747012,2254189,772683,1481506,2.917353,18,267064,3479948,902901,2254189,1357415,0.624152
1893,3747012,2262876,775367,1487509,2.918458,16,267873,3479139,906335,2262876,1362464,0.624183
1894,3747010,2271838,778045,1493793,2.919931,17,268875,3478135,909570,2271838,1366442,0.624426
1895,3747010,2281465,780871,1500594,2.921693,18,269811,3477199,912483,2281465,1368467,0.625071
1896,3747010,2291260,783749,1507511,2.923461,17,271001,3476009,916698,2291260,1375532,0.624868
1897,3747010,2300611,786643,1513968,2.924593,17,271945,3475065,920097,2300611,1379777,0.625100
1898,3747010,2310593,789577,1521016,2.926368,17,273045,3473965,924304,2310593,1386623,0.624955
1899,3747010,2320922,792618,1528304,2.928172,17,274408,3472602,928164,2320922,1391734,0.625138
1900,3747010,2331340,795747,1535593,2.929750,18,275226,3471784,931887,2331340,1396208,0.625435
1901,3747010,2338434,797762,1540672,2.931243,17,275998,3471012,934812,2338434,1400814,0.625375
1902,3747008,2345577,799771,1545806,2.932811,16,276542,3470466,937662,2345577,1405071,0.625379
1903,3747008,2353001,801831,1551170,2.934535,17,277288,3469720,940434,2353001,1408735,0.625509
1904,3747008,2360303,803830,1556473,2.936321,16,278098,3468910,943359,2360303,1413133,0.625505
1905,3747008,2367885,805884,1562001,2.938245,16,278853,3468155,946160,2367885,1416755,0.625657
1906,3747008,2374921,807831,1567090,2.939874,17,279437,3467571,948788,2374921,1420231,0.625778
1907,3747008,2382744,809864,1572880,2.942153,17,280448,3466560,951965,2382744,1425116,0.625744
1908,3747006,2389654,811828,1577826,2.943547,19,280899,3466107,954371,2389654,1427830,0.625976
1909,3747006,2397713,813819,1583894,2.946248,18,281897,3465109,957947,2397713,1434075,0.625743
1910,3747006,2404893,815723,1589170,2.948174,16,282629,3464377,960168,2404893,1435779,0.626165
1911,3747006,2415913,819280,1596633,2.948825,16,284049,3462957,964731,2415913,1443011,0.626059
1912,3747006,2426988,822874,1604114,2.949404,16,284937,3462069,969013,2426988,1449064,0.626149
1913,3747006,2438423,826518,1611905,2.950236,18,285835,3461171,973241,2438423,1454541,0.626367
1914,3747006,2449832,830229,1619603,2.950791,17,287078,3459928,977455,2449832,1459988,0.626584
1915,3747006,2461606,833960,1627646,2.951708,18,288406,3458600,982130,2461606,1466914,0.626599
1916,3747006,2473638,837771,1635867,2.952642,16,289716,3457290,986505,2473638,1472382,0.626869
1917,3747006,2485421,841576,1643845,2.953294,17,291095,3455911,991226,2485421,1479483,0.626855
1918,3747006,2497372,845522,1651850,2.953645,16,291705,3455301,995447,2497372,1484416,0.627199
1919,3747006,2510047,849467,1660580,2.954849,16,293207,3453799,1000744,2510047,1492929,0.627045
1920,3747006,2522986,853490,1669496,2.956082,16,294613,3452393,1005023,2522986,1497106,0.627594
1921,3747006,2537459,858302,1679157,2.956371,16,296224,3450782,1011440,2537459,1508301,0.627190
1922,3747006,2551493,863174,1688319,2.955943,16,297197,3449809,1016438,2551493,1514259,0.627557
1923,3747006,2566598,868077,1698521,2.956648,16,298706,3448300,1021931,2566598,1521126,0.627879
1924,3747006,2581697,873076,1708621,2.957013,16,300289,3446717,1027659,2581697,1528939,0.628053
1925,3747006,2597033,878161,1718872,2.957354,16,301606,3445400,1033168,2597033,1535639,0.628415
1926,3747006,2612209,883225,1728984,2.957580,16,303141,3443865,1039200,2612209,1544591,0.628418
1927,3747008,2627846,888357,1739489,2.958097,17,304265,3442743,1044590,2627846,1550514,0.628918
1928,3747008,2643944,893615,1750329,2.958706,16,305962,3441046,1050933,2643944,1559788,0.628952
1929,3747008,2659789,898882,1760907,2.958997,17,307316,3439692,1056676,2659789,1566915,0.629282
1930,3747008,2676154,903972,1772182,2.960439,17,308930,3438078,1062723,2676154,1574738,0.629551
1931,3747008,2693334,909384,1783950,2.961713,16,310555,3436453,1069582,2693334,1584994,0.629530
1932,3747008,2710129,914713,1795416,2.962819,15,311727,3435281,1074964,2710129,1589727,0.630284
1933,3747006,2727625,920125,1807500,2.964407,16,312976,3434030,1081581,2727625,1598699,0.630472
1934,3747006,2745116,925515,1819601,2.966042,16,314783,3432223,1088348,2745116,1608276,0.630569
1935,3747006,2762668,930874,1831794,2.967822,16,316056,3430950,1094653,2762668,1615944,0.630946
1936,3747006,2780377,936305,1844072,2.969521,16,317360,3429646,1101012,2780377,1623671,0.631323
1937,3747006,2798243,941758,1856485,2.971297,16,318892,3428114,1107775,2798243,1632857,0.631501
1938,3747006,2816086,947224,1868862,2.972988,18,320160,3426846,1114162,2816086,1640562,0.631884
1939,3747006,2834353,952666,1881687,2.975180,16,321513,3425493,1120615,2834353,1648107,0.632321
1940,3747006,2852598,958149,1894449,2.977197,16,323179,3423827,1127748,2852598,1658394,0.632366
1941,3747004,2871324,963685,1907639,2.979525,16,324887,3422117,1134403,2871324,1666288,0.632783
1942,3747004,2890113,969195,1920918,2.981973,17,326425,3420579,1141534,2890113,1676023,0.632945
1943,3747004,2908618,974750,1933868,2.983963,17,327834,3419170,1148050,2908618,1683582,0.633382
1944,3747004,2927737,980277,1947460,2.986643,16,329253,3417751,1155510,2927737,1694303,0.633430
1945,3747004,2947078,985907,1961171,2.989205,16,331048,3415956,1162629,2947078,1703438,0.633710
1946,3747004,2966388,991490,1974898,2.991849,15,332204,3414800,1169619,2966388,1712088,0.634050
1947,3747004,2986057,997103,1988954,2.994733,16,334090,3412914,1177001,2986057,1721947,0.634251
1948,3747004,3005617,1002729,2002888,2.997437,16,335637,3411367,1183814,3005617,1729639,0.634732
1949,3747004,3025130,1008378,2016752,2.999996,17,337140,3409864,1190777,3025130,1737978,0.635117
1950,3747002,3045063,1014045,2031018,3.002887,17,338635,3408367,1198272,3045063,1748025,0.635303
1951,3747002,3065264,1019716,2045548,3.005998,17,340265,3406737,1205714,3065264,1757592,0.635570
1952,3747002,3085514,1025333,2060181,3.009280,18,341993,3405009,1212860,3085514,1765926,0.636000
1953,3747002,3105812,1031078,2074734,3.012199,16,343391,3403611,1219946,3105812,1773972,0.636465
1954,3747002,3126443,1036741,2089702,3.015645,15,344992,3402010,1227758,3126443,1784589,0.636616
1955,3747002,3146989,1042462,2104527,3.018805,18,346656,3400346,1235274,3146989,1794107,0.636901
1956,3747002,3167370,1048126,2119244,3.021936,16,348092,3398910,1242739,3167370,1803586,0.637175
1957,3747002,3188442,1053811,2134631,3.025630,16,350019,3396983,1250652,3188442,1814166,0.637356
1958,3747000,3208983,1059487,2149496,3.028808,15,351727,3395273,1258066,3208983,1823281,0.637682
1959,3747000,3229805,1065189,2164616,3.032143,16,353228,3393772,1265555,3229805,1832415,0.638021
1960,3747000,3251087,1070838,2180249,3.036021,16,354974,3392026,1273325,3251087,1842213,0.638307
1961,3747000,3272198,1076166,2196032,3.040607,16,356300,3390700,1280366,3272198,1849266,0.638918
1962,3747000,3294075,1081490,2212585,3.045867,17,358385,3388615,1288933,3294075,1861657,0.638915
1963,3747000,3315390,1086811,2228579,3.050567,17,359734,3387266,1296469,3315390,1870486,0.639311
1964,3747000,3337281,1092130,2245151,3.055754,17,361742,3385258,1304176,3337281,1879423,0.639730
1965,3746998,3359320,1097426,2261894,3.061090,17,363325,3383673,1312505,3359320,1890700,0.639868
1966,3746998,3380953,1102704,2278249,3.066057,17,364876,3382122,1320113,3380953,1899499,0.640277
1967,3746998,3403432,1108017,2295415,3.071642,18,366845,3380153,1328391,3403432,1910132,0.640518
1968,3746998,3425583,1113301,2312282,3.076960,17,368127,3378871,1335911,3425583,1918061,0.641057
1969,3746998,3448304,1118641,2329663,3.082583,17,369946,3377052,1343562,3448304,1925944,0.641635
1970,3746998,3470988,1123923,2347065,3.088279,16,371764,3375234,1351990,3470988,1936972,0.641829
1971,3746996,3493684,1129677,2364007,3.092640,16,373388,3373608,1360232,3493684,1947244,0.642112
1972,3746996,3516446,1135430,2381016,3.097017,17,374921,3372075,1367896,3516446,1955138,0.642674
1973,3746996,3539766,1141233,2398533,3.101703,16,376612,3370384,1376268,3539766,1965306,0.643001
1974,3746996,3563169,1147034,2416135,3.106420,18,378414,3368582,1384352,3563169,1974239,0.643472
1975,3746996,3586368,1152864,2433504,3.110834,16,379904,3367092,1391882,3586368,1981160,0.644158
1976,3746996,3610758,1159030,2451728,3.115327,16,381275,3365721,1400525,3610758,1991342,0.644537
1977,3746996,3635050,1165621,2469429,3.118552,17,382789,3364207,1408517,3635050,1999018,0.645191
1978,3746996,3660666,1172259,2488407,3.122745,16,385013,3361983,1418104,3660666,2011750,0.645345
1979,3746994,3685412,1178937,2506475,3.126047,16,386490,3360504,1426912,3685412,2022236,0.645697
1980,3746994,3710611,1185595,2525016,3.129746,16,388178,3358816,1435915,3710611,2033049,0.646036
1981,3746994,3736514,1192382,2544132,3.133655,17,389732,3357262,1444916,3736514,2043150,0.646493
1982,3746994,3762707,1199175,2563532,3.137746,16,391412,3355582,1454326,3762707,2054597,0.646813
1983,3746994,3789016,1205978,2583038,3.141862,18,393417,3353577,1463451,3789016,2064788,0.647274
1984,3746994,3815361,1212838,2602523,3.145813,16,394565,3352429,1472994,3815361,2076615,0.647552
1985,3746994,3842309,1219695,2622614,3.150221,18,396630,3350364,1482290,3842309,2086851,0.648036
1986,3746994,3869136,1226506,2642630,3.154600,17,398093,3348901,1492098,3869136,2099256,0.648271
1987,3746992,3896616,1233366,2663250,3.159335,17,399999,3346993,1501179,3896616,2108100,0.648926
1988,3746992,3924055,1240235,2683820,3.163961,17,401562,3345430,1511593,3924055,2122317,0.648993
1989,3746990,3951450,1247078,2704372,3.168567,17,403251,3343739,1520685,3951450,2131290,0.649617
1990,3746990,3979214,1253888,2725326,3.173500,17,404896,3342094,1530216,3979214,2141650,0.650107
1991,3746990,4006268,1260630,2745638,3.177989,16,406131,3340859,1539318,4006268,2151004,0.650656
1992,3746990,4033814,1267370,2766444,3.182823,17,407909,3339081,1549457,4033814,2164014,0.650843
1993,3746990,4061841,1274134,2787707,3.187923,16,409163,3337827,1558608,4061841,2172591,0.651517
1994,3746990,4090005,1280874,2809131,3.193136,16,410524,3336466,1568239,4090005,2182951,0.652006
1995,3746988,4117850,1287670,2830180,3.197908,16,412024,3334964,1578469,4117850,2196026,0.652191
1996,3746988,4146241,1294493,2851748,3.202984,16,413492,3333496,1587523,4146241,2203851,0.652942
1997,3746986,4174913,1301327,2873586,3.208197,16,415203,3331783,1597837,4174913,2216435,0.653213
1998,3746986,4203605,1308210,2895395,3.213249,16,416233,3330753,1607038,4203605,2224547,0.653937
1999,3746986,4232662,1315105,2917557,3.218497,17,417518,3329468,1617137,4232662,2235886,0.654345
2000,3746986,4262159,1321988,2940171,3.224053,16,418746,3328240,1627057,4262159,2246069,0.654888
2001,3746986,4291923,1328934,2962989,3.229598,17,420294,3326692,1636818,4291923,2255349,0.655528
2002,3746986,4322155,1335932,2986223,3.235311,17,421610,3325376,1647228,4322155,2266757,0.655974
2003,3746986,4352643,1342930,3009713,3.241154,17,423063,3323923,1657788,4352643,2278509,0.656393
2004,3746984,4383219,1349964,3033255,3.246915,16,424469,3322515,1667754,4383219,2287797,0.657054
2005,3746982,4413893,1356996,3056897,3.252694,17,425724,3321258,1678425,4413893,2299807,0.657446
2006,3746982,4445173,1364060,3081113,3.258781,17,427093,3319889,1688558,4445173,2309059,0.658132
2007,3746982,4476710,1371152,3105558,3.264926,17,428541,3318441,1699325,4476710,2320590,0.658601
2008,3746982,4508159,1378225,3129934,3.270989,17,429613,3317369,1709662,4508159,2330489,0.659218
2009,3746982,4540118,1385314,3154804,3.277321,17,431181,3315801,1720912,4540118,2343530,0.659551
2010,3746982,4571918,1392461,3179457,3.283336,18,432417,3314565,1731381,4571918,2353606,0.660155
2011,3746982,4604366,1399617,3204749,3.289733,18,433582,3313400,1741855,4604366,2363054,0.660842
2012,3746980,4637341,1406797,3230544,3.296382,17,435001,3311979,1753264,4637341,2375715,0.661244
2013,3746978,4669703,1413983,3255720,3.302517,17,435956,3311022,1763558,4669703,2384529,0.661972
2014,3746978,4703150,1421181,3281969,3.309325,18,437521,3309457,1775368,4703150,2398322,0.662278
2015,3746978,4736138,1428405,3307733,3.315683,17,438225,3308753,1785561,4736138,2406106,0.663116
2016,3746978,4769768,1435663,3334105,3.322345,17,439817,3307161,1797171,4769768,2418916,0.663511
2017,3746978,4803203,1442933,3360270,3.328778,17,440767,3306211,1807698,4803203,2427589,0.664271
2018,3746978,4836977,1450207,3386770,3.335370,18,442233,3304745,1819114,4836977,2439479,0.664744
2019,3746978,4871171,1457517,3413654,3.342102,18,443496,3303482,1830568,4871171,2451101,0.665254
2020,3746976,4905260,1464847,3440413,3.348650,18,444064,3302912,1841475,4905260,2460640,0.665942
2021,3746974,4939973,1472233,3467740,3.355429,17,445610,3301364,1852455,4939973,2469847,0.666679
2022,3746974,4974626,1479655,3494971,3.362017,18,446635,3300339,1863981,4974626,2481298,0.667204
2023,3746974,5009052,1487085,3521967,3.368370,18,447304,3299670,1875214,5009052,2491804,0.667797
2024,3746974,5044377,1494591,3549786,3.375089,17,448365,3298609,1886910,5044377,2503263,0.668338
2025,3746974,5079636,1502112,3577524,3.381663,17,449345,3297629,1898057,5079636,2512592,0.669057
2026,3746974,5114580,1509662,3604918,3.387897,17,450246,3296728,1909385,5114580,2522960,0.669663
2027,3746974,5149710,1517253,3632457,3.394101,17,451388,3295586,1920650,5149710,2532890,0.670308
2028,3746972,5185439,1524869,3660570,3.400580,18,452129,3294843,1931914,5185439,2542217,0.671024
2029,3746970,5221047,1532490,3688557,3.406904,18,453300,3293670,1943988,5221047,2554905,0.671435
2030,3746970,5256163,1540136,3716027,3.412791,18,453975,3292995,1954716,5256163,2562701,0.672241
2031,3746970,5290988,1547786,3743202,3.418423,17,454313,3292657,1965363,5290988,2570464,0.673029
2032,3746970,5326402,1555492,3770910,3.424255,18,455200,3291770,1976485,5326402,2579538,0.673722
2033,3746970,5361828,1563258,3798570,3.429906,18,455883,3291087,1987501,5361828,2588176,0.674443
2034,3746970,5397809,1571092,3826717,3.435705,18,456154,3290816,1998847,5397809,2597579,0.675115
2035,3746970,5433644,1579043,3854601,3.441099,19,456582,3290388,2009665,5433644,2605016,0.675939
2036,3746970,5469836,1587094,3882742,3.446447,19,457224,3289746,2021450,5469836,2615964,0.676474
2037,3746966,5506409,1595267,3911142,3.451716,20,457627,3289339,2032234,5506409,2622527,0.677384
2038,3746966,5543070,1603517,3939553,3.456820,18,457788,3289178,2043447,5543070,2630718,0.678152
2039,3746966,5579955,1611863,3968092,3.461805,18,458060,3288906,2054552,5579955,2638253,0.678975
2040,3746966,5617318,1620345,3996973,3.466742,18,458291,3288675,2065515,5617318,2644742,0.679893
2041,3746964,5671785,1630889,4040896,3.477726,19,470103,3276861,2094143,5671785,2704787,0.677101
2042,3746964,5714569,1638721,4075848,3.487213,18,479484,3267480,2117961,5714569,2757275,0.674537
2043,3746962,5740333,1643062,4097271,3.493680,19,486188,3260774,2133416,5740333,2793331,0.672669
2044,3746960,5746852,1644060,4102792,3.495524,19,490113,3256847,2140463,5746852,2815000,0.671216
2045,3744089,5740898,1641555,4099343,3.497232,18,493619,3250470,2144135,5740898,2835642,0.669372
2046,3655110,5717667,1635405,4082262,3.496178,19,495322,3159788,2140576,5717667,2844637,0.667772
2047,3592016,5682607,1624958,4057649,3.497079,18,495005,3097011,2130888,5682607,2840945,0.666695
2048,3552875,5647775,1612895,4034880,3.501638,18,491932,3060943,2120319,5647775,2833501,0.665911
2049,3548986,5613056,1599843,4013213,3.508504,19,489193,3059793,2108804,5613056,2822160,0.665431
2050,3496794,5575554,1585840,3989714,3.515836,19,488471,3008323,2098871,5575554,2819930,0.664113
2051,3496794,5585310,1582880,4002430,3.528574,19,490220,3006574,2104073,5585310,2830982,0.663631
2052,3481770,5594821,1579655,4015166,3.541799,18,491831,2989939,2109046,5594821,2841363,0.663193
2053,3454740,5602972,1575999,4026973,3.555188,19,492685,2962055,2113245,5602972,2850008,0.662840
2054,3454372,5609542,1570568,4038974,3.571665,19,492926,2961446,2116834,5609542,2857794,0.662492
2055,3442376,5611953,1562134,4049819,3.592491,19,493015,2949361,2118167,5611953,2860715,0.662360
2056,3442376,5610161,1549746,4060415,3.620052,20,493324,2949052,2119755,5610161,2868859,0.661652
2057,3442370,5607587,1536751,4070836,3.648989,19,493535,2948835,2120917,5607587,2876081,0.660986
2058,3436140,5604499,1523632,4080867,3.678381,19,493932,2942208,2121912,5604499,2883149,0.660312
2059,3431250,5602008,1510404,4091604,3.708947,19,493940,2937310,2122649,5602008,2888588,0.659790
2060,3431240,5599700,1497145,4102555,3.740252,18,493831,2937409,2123584,5599700,2894636,0.659228
2061,3431240,5635951,1499439,4136512,3.758706,19,495301,2935939,2137118,5635951,2912521,0.659293
2062,3425654,5672693,1501757,4170936,3.777371,19,497076,2928578,2150107,5672693,2927735,0.659583
2063,3398624,5709943,1504131,4205812,3.796174,19,498498,2900126,2163174,5709943,2942753,0.659903
2064,3398624,5747040,1506554,4240486,3.814692,19,499787,2898837,2176032,5747040,2957088,0.660266
2065,3398624,5785411,1509020,4276391,3.833886,20,501135,2897489,2189927,5785411,2974297,0.660457
2066,3398624,5823555,1511538,4312017,3.852735,20,502512,2896112,2202368,5823555,2985917,0.661056
2067,3398624,5862416,1514119,4348297,3.871833,20,503802,2894822,2216271,5862416,3002668,0.661293
2068,3398624,5902337,1516740,4385597,3.891463,21,504919,2893705,2229861,5902337,3017107,0.661738
2069,3398624,5941908,1519410,4422498,3.910668,22,505982,2892642,2244009,5941908,3034128,0.661975
2070,3392816,5981668,1522138,4459530,3.929780,23,507073,2885743,2256536,5981668,3044476,0.662705
2071,3392816,6032659,1528780,4503879,3.946061,24,508983,2883833,2273712,6032659,3062189,0.663305
2072,3392816,6084581,1535451,4549130,3.962732,25,510378,2882438,2291328,6084581,3080731,0.663871
2073,3392816,6137251,1542200,4595051,3.979543,27,512093,2880723,2309452,6137251,3100557,0.664362
2074,3392808,6189907,1549011,4640896,3.996038,28,513104,2879704,2326870,6189907,3117573,0.665047
2075,3392808,6244153,1555850,4688303,4.013339,29,515368,2877440,2345438,6244153,3137599,0.665564
2076,3392808,6297825,1562777,4735048,4.029894,29,516615,2876193,2362850,6297825,3153575,0.666338
2077,3392808,6352434,1569749,4782685,4.046783,29,518606,2874202,2380695,6352434,3170346,0.667078
2078,3391914,6407420,1576782,4830638,4.063605,29,519918,2871996,2399045,6407420,3188760,0.667705
2079,3391914,6463072,1583857,4879215,4.080591,29,521929,2869985,2417659,6463072,3207564,0.668319
2080,3391914,6518561,1591025,4927536,4.097083,30,523535,2868379,2436550,6518561,3227639,0.668831
2081,3391914,6562520,1595682,4966838,4.112674,29,524409,2867505,2450737,6562520,3240428,0.669444
2082,3385580,6605601,1600365,5005236,4.127559,28,525875,2859705,2464999,6605601,3254395,0.669940
2083,3385580,6646947,1605048,5041899,4.141276,29,526620,2858960,2479171,6646947,3269737,0.670279
2084,3385580,6688486,1609754,5078732,4.154974,29,527926,2857654,2492829,6688486,3282830,0.670773
2085,3385580,6728399,1614450,5113949,4.167611,28,528200,2857380,2504973,6728399,3291493,0.671504
2086,3385578,6767402,1619157,5148245,4.179584,28,528763,2856815,2516721,6767402,3299482,0.672244
2087,3385210,6805766,1623892,5181874,4.191021,27,528642,2856568,2528151,6805766,3306838,0.672998
2088,3382659,6844514,1628599,5215915,4.202701,26,528626,2854033,2539094,6844514,3311862,0.673913
2089,3382643,6882188,1633288,5248900,4.213701,26,527557,2855086,2549679,6882188,3316528,0.674809
2090,3330709,6919994,1638150,5281844,4.224274,24,526326,2804383,2560313,6919994,3321258,0.675698
2091,3330329,6908508,1630203,5278305,4.237821,24,523394,2806935,2555138,6908508,3312044,0.675943
2092,3231977,6894987,1622330,5272657,4.250052,24,520013,2711964,2548280,6894987,3298133,0.676435
2093,3225583,6879451,1614564,5264887,4.260872,24,516515,2709068,2541222,6879451,3285437,0.676786
2094,3223908,6860798,1606898,5253900,4.269591,24,512517,2711391,2532586,6860798,3269546,0.677252
2095,3166050,6838229,1599260,5238969,4.275871,24,507892,2658158,2522591,6838229,3252135,0.677699
2096,3141884,6815032,1591723,5223309,4.281544,26,504947,2636937,2511506,6815032,3230992,0.678381
2097,3114854,6790104,1584258,5205846,4.285984,24,501475,2613379,2501304,6790104,3215112,0.678656
2098,3109038,6762344,1576889,5185455,4.288408,24,497832,2611206,2489777,6762344,3196764,0.679011
2099,3007280,6732509,1569579,5162930,4.289373,25,493870,2513410,2477793,6732509,3178663,0.679285
2100,2997731,6700942,1562332,5138610,4.289064,24,490385,2507346,2465253,6700942,3160070,0.679539
2101,2997355,6681463,1558179,5123284,4.287995,25,488781,2508574,2459191,6681463,3155301,0.679234
2102,2969469,6659652,1554056,5105596,4.285336,26,487226,2482243,2451941,6659652,3148112,0.679018
2103,2932569,6636253,1549950,5086303,4.281592,27,485796,2446773,2444306,6636253,3140971,0.678746
2104,2882748,6610157,1545883,5064274,4.275975,28,483811,2398937,2435470,6610157,3131723,0.678530
2105,2880338,6583422,1541825,5041597,4.269889,28,482269,2398069,2427611,6583422,3127022,0.677973
2106,2874024,6554974,1537864,5017110,4.262389,28,479799,2394225,2417112,6554974,3113474,0.677976
2107,2782692,6525503,1533912,4991591,4.254157,28,477742,2304950,2407351,6525503,3103901,0.677664
2108,2763403,6494819,1529969,4964850,4.245066,27,475820,2287583,2397775,6494819,3096281,0.677171
2109,2755854,6462927,1525991,4936936,4.235233,27,473839,2282015,2386769,6462927,3084149,0.676954
2110,2755526,6429535,1522013,4907522,4.224363,27,472146,2283380,2376340,6429535,3075825,0.676412
2111,2755526,6475195,1533975,4941220,4.221187,26,473895,2281631,2392116,6475195,3093269,0.676723
2112,2755846,6520956,1545940,4975016,4.218117,26,476225,2279621,2408576,6520956,3113348,0.676848
2113,2755846,6565038,1557895,5007143,4.214044,26,478432,2277414,2424499,6565038,3132958,0.676948
2114,2769501,6608926,1569848,5039078,4.209915,26,480403,2289098,2440323,6608926,3152366,0.677054
2115,2775351,6652375,1581799,5070576,4.205575,26,482104,2293247,2455737,6652375,3170573,0.677228
2116,2782890,6696095,1593731,5102364,4.201521,25,484078,2298812,2470560,6696095,3186145,0.677589
2117,2796462,6738459,1605682,5132777,4.196634,25,485111,2311351,2485592,6738459,3203909,0.677752
2118,2790612,6780986,1617596,5163390,4.192015,23,487203,2303409,2500823,6780986,3222306,0.677875
2119,2790612,6823294,1629529,5193765,4.187280,22,488484,2302128,2515484,6823294,3238642,0.678129
2120,2792289,6865087,1641436,5223651,4.182367,20,489946,2302343,2530497,6865087,3256901,0.678235
2121,2792289,6967513,1664445,5303068,4.186088,20,491446,2300843,2562591,6967513,3282851,0.679733
2122,2885053,7070373,1687560,5382813,4.189702,21,492928,2392125,2596188,7070373,3314379,0.680842
2123,2885061,7174005,1710804,5463201,4.193353,21,494222,2390839,2628801,7174005,3341199,0.682251
2124,2885797,7277890,1734157,5543733,4.196788,20,495818,2389979,2662350,7277890,3371510,0.683408
2125,2924177,7381828,1757331,5624497,4.200591,20,496004,2428173,2694285,7381828,3395312,0.684952
2126,2924177,7482689,1779548,5703141,4.204826,20,495031,2429146,2724150,7482689,3413911,0.686699
2127,2924177,7581304,1801048,5780256,4.209385,20,493948,2430229,2752365,7581304,3428156,0.688617
2128,2924557,7678604,1822130,5856474,4.214081,20,492200,2432357,2779554,7678604,3439612,0.690633
2129,2948713,7773056,1843082,5929974,4.217423,19,489961,2458752,2804852,7773056,3446352,0.692822
2130,2947046,7866896,1863722,6003174,4.221067,20,487260,2459786,2830109,7866896,3453540,0.694929
2131,2919986,7740445,1855092,5885353,4.172540,20,472857,2447129,2779694,7740445,3378331,0.696160
2132,2803011,7617835,1846335,5771500,4.125922,20,454261,2348750,2728534,7617835,3296301,0.697979
2133,2783742,7498225,1837477,5660748,4.080718,19,434739,2349003,2676351,7498225,3207179,0.700415
2134,2772288,7374350,1828331,5546019,4.033378,19,414448,2357840,2621356,7374350,3111074,0.703295
2135,2721501,7257210,1818940,5438270,3.989802,18,395420,2326081,2567945,7257210,3014570,0.706519
2136,2514388,7149020,1809197,5339823,3.951488,18,381321,2133067,2521071,7149020,2935264,0.708927
2137,2377482,7060089,1799259,5260830,3.923887,18,371678,2005804,2482926,7060089,2871615,0.710864
2138,2234588,6988247,1789699,5198548,3.904705,18,362066,1872522,2451184,6988247,2816489,0.712742
2139,2196966,6929252,1780555,5148697,3.891625,18,354458,1842508,2425305,6929252,2771968,0.714266
2140,2032035,6880275,1771950,5108325,3.882883,19,349275,1682760,2404122,6880275,2736213,0.715466
2141,2016070,6762760,1748342,5014418,3.868099,19,338772,1677298,2358130,6762760,2669760,0.716962
2142,1969092,6632545,1725288,4907257,3.844312,18,324427,1644665,2303513,6632545,2581507,0.719829
2143,1903632,6491999,1702732,4789267,3.812696,17,307355,1596277,2243289,6491999,2481157,0.723491
2144,1842147,6339560,1680704,4658856,3.771967,18,291605,1550542,2180240,6339560,2381400,0.726934
2145,1737824,6188656,1659175,4529481,3.729960,19,278632,1459192,2120446,6188656,2293128,0.729641
2146,1699660,6041475,1638157,4403318,3.687971,18,263357,1436303,2058971,6041475,2194409,0.733555
2147,1693998,5896145,1617585,4278560,3.645029,17,245400,1448598,1996215,5896145,2088715,0.738416
2148,1651790,5747238,1597592,4149646,3.597438,16,225407,1426383,1931842,5747238,1980130,0.743751
2149,1443816,5602325,1578082,4024243,3.550085,16,204115,1239701,1867636,5602325,1868219,0.749922
2150,1347471,5460413,1559083,3901330,3.502323,16,186917,1160554,1807013,5460413,1767639,0.755447
2151,1341885,5456082,1560542,3895540,3.496274,16,183288,1158597,1802839,5456082,1755274,0.756596
2152,1340506,5455524,1562017,3893507,3.492615,18,179661,1160845,1798998,5455524,1740468,0.758134
2153,1340506,5457114,1563552,3893562,3.490203,17,175709,1164797,1795181,5457114,1723610,0.759967
2154,1328276,5460524,1565069,3895455,3.488999,18,172054,1156222,1792334,5460524,1708812,0.761650
2155,1328266,5465445,1566649,3898796,3.488621,19,168698,1159568,1790657,5465445,1697183,0.763050
2156,1169102,5471995,1568258,3903737,3.489219,18,165706,1003396,1789669,5471995,1686681,0.764386
2157,1161435,5480798,1569899,3910899,3.491179,17,162530,998905,1789444,5480798,1676978,0.765712
2158,1156211,5489990,1571599,3918391,3.493251,17,159734,996477,1789765,5489990,1669070,0.766859
2159,1139369,5500095,1573292,3926803,3.495915,17,157024,982345,1790347,5500095,1661293,0.768021
2160,1088828,5510884,1575015,3935869,3.498941,16,154082,934746,1790827,5510884,1652424,0.769321
2161,1088828,5522107,1580113,3941994,3.494754,16,151802,937026,1792213,5522107,1646745,0.770292
2162,1047397,5533595,1585144,3948451,3.490910,15,149453,897944,1792785,5533595,1637545,0.771648
2163,1047397,5548540,1590084,3958456,3.489463,14,147379,900018,1794382,5548540,1628988,0.773043
2164,1047397,5567858,1594966,3972892,3.490894,15,145230,902167,1796837,5567858,1619490,0.774675
2165,1047391,5591571,1599716,3991855,3.495352,15,142932,904459,1801119,5591571,1612905,0.776125
2166,1041805,5615752,1604415,4011337,3.500187,15,140508,901297,1804831,5615752,1603572,0.777878
2167,1041805,5640261,1609021,4031240,3.505399,15,137746,904059,1808921,5640261,1595423,0.779506
2168,972753,5665707,1613564,4052143,3.511300,17,135266,837487,1812365,5665707,1583753,0.781535
2169,972745,5689900,1617978,4071922,3.516673,15,132343,840402,1815721,5689900,1572984,0.783422
2170,922356,5713017,1622343,4090674,3.521461,17,129751,792605,1818554,5713017,1561199,0.785379
2171,1014029,5942372,1666550,4275822,3.565673,17,139509,874520,1895456,5942372,1639452,0.783765
2172,1063589,6178038,1711092,4466946,3.610582,17,153138,910451,1976328,6178038,1727274,0.781505
2173,1147432,6411699,1755964,4655735,3.651384,17,165570,981862,2055567,6411699,1810569,0.779797
2174,1162937,6644670,1801214,4843456,3.688995,17,177253,985684,2135667,6644670,1897998,0.777821
2175,1224660,6877286,1846853,5030433,3.723786,17,189162,1035498,2215231,6877286,1983638,0.776136
2176,1378549,7105676,1892886,5212790,3.753885,16,198048,1180501,2290653,7105676,2056936,0.775508
2177,1408285,7332324,1936337,5395987,3.786698,16,205408,1202877,2363492,7332324,2121644,0.775582
2178,1422546,7534892,1972425,5562467,3.820116,18,213683,1208863,2427595,7534892,2175488,0.775963
2179,1470569,7700428,2001555,5698873,3.847223,16,217396,1253173,2473898,7700428,2195164,0.778167
2180,1528657,7843164,2024467,5818697,3.874187,17,219022,1309635,2513903,7843164,2212448,0.779979
2181,1551162,7968039,2037291,5930748,3.911095,16,221939,1329223,2550291,7968039,2233125,0.781091
2182,1552939,8082980,2047428,6035552,3.947870,17,227487,1325452,2587137,8082980,2265568,0.781074
2183,1622600,8185277,2056618,6128659,3.979970,16,231476,1391124,2619089,8185277,2291079,0.781310
2184,1675384,8277243,2064699,6212544,4.008934,18,234239,1441145,2647599,8277243,2313153,0.781580
2185,1747489,8362968,2070308,6292660,4.039480,19,237953,1509536,2673766,8362968,2332096,0.781947
2186,1755739,8444845,2073148,6371697,4.073440,20,241970,1513769,2700209,8444845,2355991,0.781870
2187,1763889,8516715,2073600,6443115,4.107212,21,247499,1516390,2725146,8516715,2383869,0.781308
2188,1765369,8572562,2073600,6498962,4.134144,23,252196,1513173,2745178,8572562,2408150,0.780693
2189,1767044,8610716,2073600,6537116,4.152544,23,257532,1509512,2760013,8610716,2429336,0.779952
2190,1767780,8626142,2073600,6552542,4.159984,24,262004,1505776,2768371,8626142,2447342,0.778991
2191,1766686,8566293,2073600,6492693,4.131121,22,262195,1504491,2752182,8566293,2442435,0.778136
2192,1769277,8486211,2073599,6412612,4.092503,23,261247,1508030,2729746,8486211,2432773,0.777198
2193,1769269,8412669,2073600,6339069,4.057036,20,259024,1510245,2707721,8412669,2418215,0.776730
2194,1775603,8344055,2073600,6270455,4.023946,17,256642,1518961,2686834,8344055,2403281,0.776384
2195,1711935,8251613,2072982,6178631,3.980552,16,254941,1456994,2659844,8251613,2387763,0.775573
2196,1715067,8178841,2070930,6107911,3.949357,15,252837,1462230,2638798,8178841,2376351,0.774864
2197,1742929,8157865,2068094,6089771,3.944630,18,250076,1492853,2629896,8157865,2361719,0.775493
2198,1709918,8141700,2064512,6077188,3.943644,20,247496,1462422,2622326,8141700,2347604,0.776191
2199,1708856,8154125,2058734,6095391,3.960747,21,246701,1462155,2625457,8154125,2347703,0.776448
2200,1676528,8163567,2051293,6112274,3.979718,21,244818,1431710,2626968,8163567,2344305,0.776900
2201,1724480,8211119,2047265,6163854,4.010775,21,252255,1472225,2650389,8211119,2390437,0.774520
2202,1716913,8221409,2043455,6177954,4.023288,16,259765,1457148,2663477,8221409,2432499,0.771680
2203,1735935,8144964,2040067,6104897,3.992498,17,262194,1473741,2643428,8144964,2428748,0.770303
2204,1819533,8025845,2037296,5988549,3.939459,18,263653,1555880,2608831,8025845,2409479,0.769104
2205,1863514,7887851,2034951,5852900,3.876187,18,265046,1598468,2569134,7887851,2388685,0.767559
2206,1953663,7801187,2032969,5768218,3.837337,20,269843,1683820,2547177,7801187,2387521,0.765670
2207,2055848,7754508,2031360,5723148,3.817397,19,281639,1774209,2541662,7754508,2412140,0.762740
2208,2106884,7732009,2030132,5701877,3.808624,19,298589,1808295,2547957,7732009,2459819,0.758648
2209,2133908,7719032,2029279,5689753,3.803830,17,312703,1821205,2559357,7719032,2518396,0.754001
2210,2176437,7726070,2028803,5697267,3.808191,16,329439,1846998,2578768,7726070,2589002,0.749008
2211,2169971,7673914,2020688,5653226,3.797674,19,314885,1855086,2549907,7673914,2525714,0.752372
2212,2125451,7624295,2011941,5612354,3.789522,18,302080,1823371,2522287,7624295,2464853,0.755693
2213,2008849,7577707,2002550,5575157,3.784029,18,292711,1716138,2497721,7577707,2413177,0.758462
2214,1958098,7526046,1992519,5533527,3.777151,21,281302,1676796,2471161,7526046,2358598,0.761388
2215,1944129,7461706,1981847,5479859,3.765026,20,268946,1675183,2441230,7461706,2303214,0.764134
2216,2007668,7392901,1970529,5422372,3.751734,19,257439,1750229,2412646,7392901,2257683,0.766057
2217,1944603,7326755,1958546,5368209,3.740915,17,247562,1697041,2386417,7326755,2218913,0.767548
2218,1900125,7269799,1945905,5323894,3.735948,16,240030,1660095,2364466,7269799,2188065,0.768651
2219,1782365,7219249,1932583,5286666,3.735544,17,234059,1548306,2346485,7219249,2166691,0.769156
2220,1776711,7168592,1918568,5250024,3.736428,17,226354,1550357,2327811,7168592,2142652,0.769886
2221,1670999,7079250,1887150,5192100,3.751292,18,216063,1454936,2296260,7079250,2105790,0.770737
2222,1574849,6964228,1852706,5111522,3.758949,18,206905,1367944,2256294,6964228,2060948,0.771645
2223,1521092,6822424,1815022,5007402,3.758866,16,191493,1329599,2202388,6822424,1987128,0.774435
2224,1478660,6638992,1773814,4865178,3.742778,16,174929,1303731,2133023,6638992,1893100,0.778120
2225,1440175,6387797,1728700,4659097,3.695145,18,153566,1286609,2038926,6387797,1767907,0.783231
2226,1345863,6058842,1679176,4379666,3.608223,21,123320,1222543,1907371,6058842,1570642,0.794135
2227,1216074,5689415,1625536,4063879,3.500024,23,97018,1119056,1762841,5689415,1361949,0.806853
2228,879899,5329553,1572244,3757309,3.389775,23,76472,803427,1630614,5329553,1192903,0.817108
2229,678853,4996030,1519945,3476085,3.286981,23,60162,618691,1514496,4996030,1061954,0.824702
2230,551392,4679097,1468626,3210471,3.186037,23,47733,503659,1406828,4679097,948215,0.831498
2231,551392,4697705,1476366,3221339,3.181938,24,46090,505302,1408009,4697705,934331,0.834104
2232,523574,4717751,1484287,3233464,3.178463,23,44590,478984,1409995,4717751,922229,0.836484
2233,523574,4739578,1492398,3247180,3.175814,22,43080,480494,1412645,4739578,911002,0.838777
2234,523574,4763447,1500701,3262746,3.174148,22,41642,481932,1413959,4763447,892389,0.842218
2235,517240,4792204,1509207,3282997,3.175313,20,40131,477109,1417809,4792204,879032,0.845002
2236,517240,4824373,1517920,3306453,3.178279,19,38752,478488,1422982,4824373,867555,0.847582
2237,516764,4859989,1526856,3333133,3.183004,18,37234,479530,1428331,4859989,853335,0.850641
2238,516704,4897268,1536015,3361253,3.188294,16,35888,480816,1433863,4897268,838184,0.853859
2239,511484,4935223,1545411,3389812,3.193470,15,34505,476979,1439981,4935223,824701,0.856821
2240,463599,4975053,1555054,3419999,3.199280,15,33124,430475,1446282,4975053,810075,0.859973
2241,468823,5045268,1557458,3487810,3.239425,15,33069,435754,1466791,5045268,821896,0.859916
2242,502975,5121927,1560417,3561510,3.282409,14,32875,470100,1487898,5121927,829665,0.860598
2243,561947,5205029,1563905,3641124,3.328226,14,33417,528530,1512414,5205029,844627,0.860384
2244,551355,5291965,1567906,3724059,3.375180,14,35093,516262,1537683,5291965,858767,0.860380
2245,553030,5388988,1572400,3816588,3.427237,14,37713,515317,1567644,5388988,881588,0.859409
2246,564468,4203193,1582760,2620433,2.655610,13,39975,524493,1276035,4203193,900947,0.823487
2247,591926,4292069,1610875,2681194,2.664433,13,41051,550875,1303950,4292069,923731,0.822898
2248,626276,4386369,1646375,2739994,2.664259,12,41789,584487,1332605,4386369,944051,0.822894
2249,572735,4489748,1686376,2803372,2.662365,13,42566,530169,1363669,4489748,964928,0.823101
2250,574410,4601625,1728104,2873521,2.662817,14,44532,529878,1398383,4601625,991907,0.822669
2251,574034,4513407,1695760,2817647,2.661584,13,42079,531955,1369305,4513407,963813,0.824032
2252,517310,4428523,1662194,2766329,2.664264,15,39684,477626,1341642,4428523,938045,0.825206
2253,442755,4345893,1628843,2717050,2.668086,14,37145,405610,1315615,4345893,916567,0.825829
2254,436928,4271231,1598751,2672480,2.671605,15,35336,401592,1291153,4271231,893381,0.827019
2255,436481,3539605,1568512,1971093,2.256664,15,33498,402983,1101513,3539605,866447,0.803351
2256,430139,3260717,1536989,1723728,2.121497,16,30580,399559,1025284,3260717,840419,0.795077
2257,405831,3218078,1508443,1709635,2.133377,17,27850,377981,1008855,3218078,817342,0.797458
2258,404765,3182182,1481640,1700542,2.147743,17,25763,379002,995969,3182182,801694,0.798765
2259,404703,3147223,1453142,1694081,2.165806,17,23842,380861,982660,3147223,783417,0.800690
2260,374225,3115039,1426057,1688982,2.184372,17,21334,352891,969495,3115039,762941,0.803263
2261,310026,2981915,1365698,1616217,2.183437,17,17673,292353,924730,2981915,717005,0.806158
2262,295623,2849377,1304826,1544551,2.183722,17,15722,279901,881533,2849377,676755,0.808074
2263,293702,2691612,1241545,1450067,2.167954,17,13970,279732,832008,2691612,636420,0.808770
2264,236760,2595550,1175077,1420473,2.208834,18,12439,224321,799409,2595550,602086,0.811709
2265,206953,2505527,1106720,1398807,2.263921,18,11484,195469,769554,2505527,572689,0.813954
2266,174264,2418588,1038475,1380113,2.328980,19,10571,163693,740844,2418588,544788,0.816160
2267,174264,2331952,970512,1361440,2.402806,20,9690,164574,712276,2331952,517152,0.818486
2268,174204,1975144,897776,1077368,2.200041,21,8879,165325,615033,1975144,484988,0.802861
2269,174204,1866998,817894,1049104,2.282689,20,8207,165997,581946,1866998,460786,0.802050
2270,174133,1752766,734087,1018679,2.387682,22,7480,166653,547104,1752766,435650,0.800929
2271,174133,1684667,679657,1005010,2.478702,25,6801,167332,524534,1684667,413469,0.802935
2272,174117,1611625,622102,989523,2.590612,24,6102,168015,500893,1611625,391947,0.804376
2273,174117,1523153,552161,970992,2.758531,28,5429,168688,472967,1523153,368715,0.805105
2274,174117,1429988,474316,955672,3.014842,31,4796,169321,444592,1429988,348380,0.804101
2275,174117,1113287,405450,707837,2.745806,44,4227,169890,358794,1113287,321889,0.775715
2276,174117,1074625,337171,737454,3.187181,45,3645,170472,341972,1074625,293263,0.785609
2277,174117,1028789,270109,758680,3.808792,41,3095,171022,323176,1028789,263915,0.795843
2278,174117,975509,219298,756211,4.448326,41,2636,171481,302884,975509,236027,0.805184
2279,174117,915641,194015,721626,4.719434,29,2227,171890,281201,915641,209163,0.814045
2280,174117,836048,171314,664734,4.880208,24,1835,172282,254413,836048,181604,0.821546
2281,174111,751037,154991,596046,4.845681,18,1584,172527,227592,751037,159331,0.824982
2282,106105,640693,139349,501344,4.597758,13,1437,104668,195223,640693,140199,0.820463
2283,106105,542581,124344,418237,4.363548,11,1329,104776,166449,542581,123215,0.814936
2284,106105,461866,109977,351889,4.199660,10,1194,104911,142440,461866,107894,0.810633
2285,106105,393317,96348,296969,4.082254,9,1076,105029,121701,393317,93487,0.807958
2286,106105,331655,83451,248204,3.974248,8,971,105134,102895,331655,79925,0.805809
2287,106105,273655,71343,202312,3.835765,7,862,105243,85069,273655,66621,0.804215
2288,106105,220722,59980,160742,3.679927,7,775,105330,68831,220722,54602,0.801681
2289,106105,174539,49431,125108,3.530962,7,703,105402,54544,174539,43637,0.799992
2290,106105,133873,39598,94275,3.380802,7,592,105513,41886,133873,33671,0.799032
2291,106105,107089,33161,73928,3.229366,6,531,105574,33493,107089,26883,0.799339
2292,106105,83090,27051,56039,3.071605,5,452,105653,26056,83090,21134,0.797225
2293,106105,62727,21445,41282,2.925017,5,398,105707,19744,62727,16249,0.794254
2294,106105,45126,16377,28749,2.755450,5,348,105757,14359,45126,12310,0.785674
2295,106105,30234,11693,18541,2.585650,5,286,105819,9733,30234,8698,0.776585
2296,106105,18539,7782,10757,2.382292,4,222,105883,6102,18539,5869,0.759546
2297,106105,9417,4552,4865,2.068761,4,156,105949,3217,9417,3451,0.731815
2298,106105,3328,2101,1227,1.584008,4,83,106022,1195,3328,1452,0.696234
2299,106105,766,589,177,1.300509,2,27,106078,285,766,374,0.671930
2300,106105,0,0,0,0.000000,0,0,106105,0,0,0,0.000000
2301,106105,0,0,0,0.000000,0,0,106105,0,0,0,0.000000
2302,106099,0,0,0,0.000000,0,0,106099,0,0,0,0.000000
2303,66896,0,0,0,0.000000,0,0,66896,0,0,0,0.000000
2304,66896,0,0,0,0.000000,0,0,66896,0,0,0,0.000000
2305,66896,0,0,0,0.000000,0,0,66896,0,0,0,0.000000
2306,66896,0,0,0,0.000000,0,0,66896,0,0,0,0.000000
2307,66896,0,0,0,0.000000,0,0,66896,0,0,0,0.000000
2308,66896,0,0,0,0.000000,0,0,66896,0,0,0,0.000000
2309,66896,0,0,0,0.000000,0,0,66896,0,0,0,0.000000
2310,66890,0,0,0,0.000000,0,0,66890,0,0,0,0.000000
2311,66890,0,0,0,0.000000,0,0,66890,0,0,0,0.000000
2312,349,0,0,0,0.000000,0,0,349,0,0,0,0.000000
2313,349,0,0,0,0.000000,0,0,349,0,0,0,0.000000
2314,349,0,0,0,0.000000,0,0,349,0,0,0,0.000000
2315,88,0,0,0,0.000000,0,0,88,0,0,0,0.000000
2316,88,0,0,0,0.000000,0,0,88,0,0,0,0.000000
2317,88,0,0,0,0.000000,0,0,88,0,0,0,0.000000
2318,88,0,0,0,0.000000,0,0,88,0,0,0,0.000000
2319,88,0,0,0,0.000000,0,0,88,0,0,0,0.000000
2320,88,0,0,0,0.000000,0,0,88,0,0,0,0.000000
2321,349,0,0,0,0.000000,0,0,349,0,0,0,0.000000
2322,349,951,951,0,1.000000,1,1,348,254,951,65,0.936024
2323,349,7863,7863,0,1.000000,1,4,345,2023,7863,229,0.971700
2324,349,17477,17477,0,1.000000,1,4,345,4493,17477,495,0.972457
2325,349,27024,27024,0,1.000000,1,4,345,6945,27024,756,0.972786
2326,68361,45018,36595,8423,1.230168,5,885,67476,13432,45018,8710,0.837887
2327,134908,91307,50469,40838,1.809170,6,1459,133449,29710,91307,27533,0.768319
2328,134908,142523,65635,76888,2.171448,5,1622,133286,47152,142523,46085,0.755657
2329,134908,196325,81807,114518,2.399856,5,1776,133132,65248,196325,64667,0.752226
2330,134908,252527,98947,153580,2.552144,6,1923,132985,83930,252527,83193,0.752195
2331,134908,250035,98551,151484,2.537113,5,1904,133004,83006,250035,81989,0.753063
2332,134908,247371,98156,149215,2.520182,5,1886,133022,81904,247371,80245,0.755064
2333,134908,244820,97755,147065,2.504424,5,1850,133058,80798,244820,78372,0.757506
2334,134908,242106,97374,144732,2.486352,5,1830,133078,79704,242106,76710,0.759391
2335,134908,239380,96975,142405,2.468471,5,1805,133103,78605,239380,75040,0.761338
2336,134908,236615,96590,140025,2.449684,5,1775,133133,77508,236615,73417,0.763195
2337,134908,233823,96212,137611,2.430289,5,1754,133154,76362,233823,71625,0.765508
2338,134908,230997,95827,135170,2.410563,5,1729,133179,75227,230997,69911,0.767667
2339,134908,228185,95459,132726,2.390398,5,1709,133199,74115,228185,68275,0.769699
2340,134908,225238,95104,130134,2.368334,5,1686,133222,72955,225238,66582,0.771839
2341,134908,211769,91608,120161,2.311687,5,1622,133286,68247,211769,61219,0.775745
2342,134902,198519,88268,110251,2.249048,5,1581,133321,63863,198519,56933,0.777128
2343,68361,185753,85375,100378,2.175731,5,1535,66826,59443,185753,52019,0.781223
2344,68361,173565,83028,90537,2.090439,5,1463,66898,55258,173565,47467,0.785248
2345,68361,161668,80845,80823,1.999728,5,1388,66973,51164,161668,42988,0.789950
2346,68361,149960,78824,71136,1.902466,5,1329,67032,47161,149960,38684,0.794936
2347,68361,138340,76940,61400,1.798024,5,1297,67064,43159,138340,34296,0.801339
2348,68361,126578,74794,51784,1.692355,5,1219,67142,39222,126578,30310,0.806805
2349,68361,114935,72227,42708,1.591302,5,1148,67213,35265,114935,26125,0.814795
2350,68361,103685,69218,34467,1.497949,5,1036,67325,31469,103685,22191,0.823707
2351,68361,97274,67420,29854,1.442806,5,962,67399,29243,97274,19698,0.831601
2352,68361,90978,65386,25592,1.391399,5,881,67480,27101,90978,17426,0.839249
2353,68361,85086,63351,21735,1.343089,5,785,67576,25072,85086,15202,0.848417
2354,68361,79581,61331,18250,1.297566,5,726,67635,23239,79581,13375,0.856115
2355,68361,74393,59322,15071,1.254054,5,645,67716,21531,74393,11731,0.863789
2356,68361,69571,57337,12234,1.213370,5,568,67793,19958,69571,10261,0.871468
2357,68361,65100,55371,9729,1.175706,5,518,67843,18505,65100,8920,0.879492
2358,68361,60970,53415,7555,1.141440,5,455,67906,17085,60970,7370,0.892157
2359,68361,57176,51492,5684,1.110386,5,386,67975,15772,57176,5912,0.906290
2360,68361,53660,49575,4085,1.082400,4,311,68050,14671,53660,5024,0.914389
2361,349,24115,24115,0,1.000000,1,8,341,6351,24115,1289,0.949260
2362,0,0,0,0,0.000000,0,0,0,0,0,0,0.000000
2363,0,0,0,0,0.000000,0,0,0,0,0,0,0.000000
2364,0,0,0,0,0.000000,0,0,0,0,0,0,0.000000
2365,0,0,0,0,0.000000,0,0,0,0,0,0,0.000000
2366,0,0,0,0,0.000000,0,0,0,0,0,0,0.000000
2367,0,0,0,0,0.000000,0,0,0,0,0,0,0.000000
2368,0,0,0,0,0.000000,0,0,0,0,0,0,0.000000
2369,0,0,0,0,0.000000,0,0,0,0,0,0,0.000000
2370,0,0,0,0,0.000000,0,0,0,0,0,0,0.000000
2371,0,0,0,0,0.000000,0,0,0,0,0,0,0.000000
2372,0,0,0,0,0.000000,0,0,0,0,0,0,0.000000
2373,0,0,0,0,0.000000,0,0,0,0,0,0,0.000000
2374,0,0,0,0,0.000000,0,0,0,0,0,0,0.000000
2375,0,0,0,0,0.000000,0,0,0,0,0,0,0.000000
2376,0,0,0,0,0.000000,0,0,0,0,0,0,0.000000
2377,0,0,0,0,0.000000,0,0,0,0,0,0,0.000000
2378,0,0,0,0,0.000000,0,0,0,0,0,0,0.000000
2379,0,0,0,0,0.000000,0,0,0,0,0,0,0.000000
2380,0,0,0,0,0.000000,0,0,0,0,0,0,0.000000
2381,0,0,0,0,0.000000,0,0,0,0,0,0,0.000000
2382,0,0,0,0,0.000000,0,0,0,0,0,0,0.000000
2383,0,0,0,0,0.000000,0,0,0,0,0,0,0.000000
2384,0,0,0,0,0.000000,0,0,0,0,0,0,0.000000
2385,0,0,0,0,0.000000,0,0,0,0,0,0,0.000000
2386,0,0,0,0,0.000000,0,0,0,0,0,0,0.000000
2387,0,0,0,0,0.000000,0,0,0,0,0,0,0.000000
2388,0,0,0,0,0.000000,0,0,0,0,0,0,0.000000
2389,0,0,0,0,0.000000,0,0,0,0,0,0,0.000000
2390,0,0,0,0,0.000000,0,0,0,0,0,0,0.000000
2391,0,0,0,0,0.000000,0,0,0,0,0,0,0.000000
2392,0,0,0,0,0.000000,0,0,0,0,0,0,0.000000
2393,0,0,0,0,0.000000,0,0,0,0,0,0,0.000000
2394,0,0,0,0,0.000000,0,0,0,0,0,0,0.000000
2395,0,0,0,0,0.000000,0,0,0,0,0,0,0.000000
2396,0,0,0,0,0.000000,0,0,0,0,0,0,0.000000
2397,0,0,0,0,0.000000,0,0,0,0,0,0,0.000000
2398,0,0,0,0,0.000000,0,0,0,0,0,0,0.000000
2399,0,0,0,0,0.000000,0,0,0,0,0,0,0.000000
2400,0,0,0,0,0.000000,0,0,0,0,0,0,0.000000
2401,0,0,0,0,0.000000,0,0,0,0,0,0,0.000000
2402,0,0,0,0,0.000000,0,0,0,0,0,0,0.000000
2403,0,0,0,0,0.000000,0,0,0,0,0,0,0.000000
2404,0,0,0,0,0.000000,0,0,0,0,0,0,0.000000
2405,0,0,0,0,0.000000,0,0,0,0,0,0,0.000000
2406,0,0,0,0,0.000000,0,0,0,0,0,0,0.000000
2407,0,0,0,0,0.000000,0,0,0,0,0,0,0.000000
2408,0,0,0,0,0.000000,0,0,0,0,0,0,0.000000
2409,0,0,0,0,0.000000,0,0,0,0,0,0,0.000000
2410,0,0,0,0,0.000000,0,0,0,0,0,0,0.000000
2411,0,0,0,0,0.000000,0,0,0,0,0,0,0.000000
2412,0,0,0,0,0.000000,0,0,0,0,0,0,0.000000
2413,0,0,0,0,0.000000,0,0,0,0,0,0,0.000000
2414,0,0,0,0,0.000000,0,0,0,0,0,0,0.000000
2415,0,0,0,0,0.000000,0,0,0,0,0,0,0.000000
2416,0,0,0,0,0.000000,0,0,0,0,0,0,0.000000
2417,0,0,0,0,0.000000,0,0,0,0,0,0,0.000000
2418,0,0,0,0,0.000000,0,0,0,0,0,0,0.000000
2419,0,0,0,0,0.000000,0,0,0,0,0,0,0.000000
2420,0,0,0,0,0.000000,0,0,0,0,0,0,0.000000
2421,0,0,0,0,0.000000,0,0,0,0,0,0,0.000000
2422,0,0,0,0,0.000000,0,0,0,0,0,0,0.000000
2423,0,0,0,0,0.000000,0,0,0,0,0,0,0.000000
2424,0,0,0,0,0.000000,0,0,0,0,0,0,0.000000
2425,0,0,0,0,0.000000,0,0,0,0,0,0,0.000000
2426,0,0,0,0,0.000000,0,0,0,0,0,0,0.000000
2427,0,0,0,0,0.000000,0,0,0,0,0,0,0.000000
2428,0,0,0,0,0.000000,0,0,0,0,0,0,0.000000
2429,0,0,0,0,0.000000,0,0,0,0,0,0,0.000000
2430,0,0,0,0,0.000000,0,0,0,0,0,0,0.000000
2431,0,0,0,0,0.000000,0,0,0,0,0,0,0.000000
2432,0,0,0,0,0.000000,0,0,0,0,0,0,0.000000
2433,0,0,0,0,0.000000,0,0,0,0,0,0,0.000000
2434,0,0,0,0,0.000000,0,0,0,0,0,0,0.000000
2435,0,0,0,0,0.000000,0,0,0,0,0,0,0.000000
2436,0,0,0,0,0.000000,0,0,0,0,0,0,0.000000
2437,0,0,0,0,0.000000,0,0,0,0,0,0,0.000000
2438,0,0,0,0,0.000000,0,0,0,0,0,0,0.000000
2439,0,0,0,0,0.000000,0,0,0,0,0,0,0.000000
2440,0,0,0,0,0.000000,0,0,0,0,0,0,0.000000
2441,0,0,0,0,0.000000,0,0,0,0,0,0,0.000000
2442,0,0,0,0,0.000000,0,0,0,0,0,0,0.000000
2443,0,0,0,0,0.000000,0,0,0,0,0,0,0.000000
2444,0,0,0,0,0.000000,0,0,0,0,0,0,0.000000
2445,0,0,0,0,0.000000,0,0,0,0,0,0,0.000000
2446,0,0,0,0,0.000000,0,0,0,0,0,0,0.000000
2447,0,0,0,0,0.000000,0,0,0,0,0,0,0.000000
2448,0,0,0,0,0.000000,0,0,0,0,0,0,0.000000
2449,0,0,0,0,0.000000,0,0,0,0,0,0,0.000000
2450,0,0,0,0,0.000000,0,0,0,0,0,0,0.000000
2451,0,0,0,0,0.000000,0,0,0,0,0,0,0.000000
2452,0,0,0,0,0.000000,0,0,0,0,0,0,0.000000
2453,0,0,0,0,0.000000,0,0,0,0,0,0,0.000000
2454,0,0,0,0,0.000000,0,0,0,0,0,0,0.000000
2455,0,0,0,0,0.000000,0,0,0,0,0,0,0.000000
2456,0,0,0,0,0.000000,0,0,0,0,0,0,0.000000
2457,0,0,0,0,0.000000,0,0,0,0,0,0,0.000000
2458,0,0,0,0,0.000000,0,0,0,0,0,0,0.000000
2459,0,0,0,0,0.000000,0,0,0,0,0,0,0.000000
2460,0,0,0,0,0.000000,0,0,0,0,0,0,0.000000
2461,0,0,0,0,0.000000,0,0,0,0,0,0,0.000000
2462,0,0,0,0,0.000000,0,0,0,0,0,0,0.000000
2463,0,0,0,0,0.000000,0,0,0,0,0,0,0.000000
2464,0,0,0,0,0.000000,0,0,0,0,0,0,0.000000
2465,0,0,0,0,0.000000,0,0,0,0,0,0,0.000000
2466,0,0,0,0,0.000000,0,0,0,0,0,0,0.000000
2467,0,0,0,0,0.000000,0,0,0,0,0,0,0.000000
2468,0,0,0,0,0.000000,0,0,0,0,0,0,0.000000
2469,0,0,0,0,0.000000,0,0,0,0,0,0,0.000000
2470,0,0,0,0,0.000000,0,0,0,0,0,0,0.000000
2471,0,0,0,0,0.000000,0,0,0,0,0,0,0.000000
2472,0,0,0,0,0.000000,0,0,0,0,0,0,0.000000
2473,0,0,0,0,0.000000,0,0,0,0,0,0,0.000000
2474,0,0,0,0,0.000000,0,0,0,0,0,0,0.000000
2475,0,0,0,0,0.000000,0,0,0,0,0,0,0.000000
2476,0,0,0,0,0.000000,0,0,0,0,0,0,0.000000
2477,0,0,0,0,0.000000,0,0,0,0,0,0,0.000000
2478,0,0,0,0,0.000000,0,0,0,0,0,0,0.000000
2479,0,0,0,0,0.000000,0,0,0,0,0,0,0.000000
2480,0,0,0,0,0.000000,0,0,0,0,0,0,0.000000
2481,0,0,0,0,0.000000,0,0,0,0,0,0,0.000000
2482,0,0,0,0,0.000000,0,0,0,0,0,0,0.000000
2483,0,0,0,0,0.000000,0,0,0,0,0,0,0.000000
2484,0,0,0,0,0.000000,0,0,0,0,0,0,0.000000
2485,0,0,0,0,0.000000,0,0,0,0,0,0,0.000000
2486,0,0,0,0,0.000000,0,0,0,0,0,0,0.000000
2487,0,0,0,0,0.000000,0,0,0,0,0,0,0.000000
2488,0,0,0,0,0.000000,0,0,0,0,0,0,0.000000
2489,0,0,0,0,0.000000,0,0,0,0,0,0,0.000000
2490,0,0,0,0,0.000000,0,0,0,0,0,0,0.000000
2491,0,0,0,0,0.000000,0,0,0,0,0,0,0.000000
2492,0,0,0,0,0.000000,0,0,0,0,0,0,0.000000
2493,0,0,0,0,0.000000,0,0,0,0,0,0,0.000000
2494,0,0,0,0,0.000000,0,0,0,0,0,0,0.000000
2495,0,0,0,0,0.000000,0,0,0,0,0,0,0.000000
2496,0,0,0,0,0.000000,0,0,0,0,0,0,0.000000
2497,0,0,0,0,0.000000,0,0,0,0,0,0,0.000000
2498,0,0,0,0,0.000000,0,0,0,0,0,0,0.000000
2499,0,0,0,0,0.000000,0,0,0,0,0,0,0.000000
2500,0,0,0,0,0.000000,0,0,0,0,0,0,0.000000
2501,0,0,0,0,0.000000,0,0,0,0,0,0,0.000000
2502,0,0,0,0,0.000000,0,0,0,0,0,0,0.000000
2503,0,0,0,0,0.000000,0,0,0,0,0,0,0.000000
2504,0,0,0,0,0.000000,0,0,0,0,0,0,0.000000
2505,0,0,0,0,0.000000,0,0,0,0,0,0,0.000000
2506,0,0,0,0,0.000000,0,0,0,0,0,0,0.000000
2507,0,0,0,0,0.000000,0,0,0,0,0,0,0.000000
2508,0,0,0,0,0.000000,0,0,0,0,0,0,0.000000
2509,0,0,0,0,0.000000,0,0,0,0,0,0,0.000000
2510,0,0,0,0,0.000000,0,0,0,0,0,0,0.000000
2511,0,0,0,0,0.000000,0,0,0,0,0,0,0.000000
2512,0,0,0,0,0.000000,0,0,0,0,0,0,0.000000
2513,0,0,0,0,0.000000,0,0,0,0,0,0,0.000000
2514,0,0,0,0,0.000000,0,0,0,0,0,0,0.000000
2515,0,0,0,0,0.000000,0,0,0,0,0,0,0.000000
2516,0,0,0,0,0.000000,0,0,0,0,0,0,0.000000
2517,0,0,0,0,0.000000,0,0,0,0,0,0,0.000000
2518,0,0,0,0,0.000000,0,0,0,0,0,0,0.000000
2519,0,0,0,0,0.000000,0,0,0,0,0,0,0.000000
2520,0,0,0,0,0.000000,0,0,0,0,0,0,0.000000
2521,0,0,0,0,0.000000,0,0,0,0,0,0,0.000000
2522,0,0,0,0,0.000000,0,0,0,0,0,0,0.000000
2523,0,0,0,0,0.000000,0,0,0,0,0,0,0.000000
2524,0,0,0,0,0.000000,0,0,0,0,0,0,0.000000
2525,0,0,0,0,0.000000,0,0,0,0,0,0,0.000000
2526,0,0,0,0,0.000000,0,0,0,0,0,0,0.000000
2527,0,0,0,0,0.000000,0,0,0,0,0,0,0.000000
2528,0,0,0,0,0.000000,0,0,0,0,0,0,0.000000
2529,0,0,0,0,0.000000,0,0,0,0,0,0,0.000000
2530,0,0,0,0,0.000000,0,0,0,0,0,0,0.000000
2531,0,0,0,0,0.000000,0,0,0,0,0,0,0.000000
2532,0,0,0,0,0.000000,0,0,0,0,0,0,0.000000
2533,0,0,0,0,0.000000,0,0,0,0,0,0,0.000000
2534,0,0,0,0,0.000000,0,0,0,0,0,0,0.000000
2535,0,0,0,0,0.000000,0,0,0,0,0,0,0.000000
2536,0,0,0,0,0.000000,0,0,0,0,0,0,0.000000
2537,0,0,0,0,0.000000,0,0,0,0,0,0,0.000000
2538,0,0,0,0,0.000000,0,0,0,0,0,0,0.000000
2539,0,0,0,0,0.000000,0,0,0,0,0,0,0.000000
2540,0,0,0,0,0.000000,0,0,0,0,0,0,0.000000
2541,0,0,0,0,0.000000,0,0,0,0,0,0,0.000000
2542,0,0,0,0,0.000000,0,0,0,0,0,0,0.000000
2543,0,0,0,0,0.000000,0,0,0,0,0,0,0.000000
2544,0,0,0,0,0.000000,0,0,0,0,0,0,0.000000
2545,0,0,0,0,0.000000,0,0,0,0,0,0,0.000000
2546,0,0,0,0,0.000000,0,0,0,0,0,0,0.000000
2547,0,0,0,0,0.000000,0,0,0,0,0,0,0.000000
2548,0,0,0,0,0.000000,0,0,0,0,0,0,0.000000
2549,0,0,0,0,0.000000,0,0,0,0,0,0,0.000000
2550,0,0,0,0,0.000000,0,0,0,0,0,0,0.000000
2551,0,0,0,0,0.000000,0,0,0,0,0,0,0.000000
2552,0,0,0,0,0.000000,0,0,0,0,0,0,0.000000
2553,0,0,0,0,0.000000,0,0,0,0,0,0,0.000000
2554,0,0,0,0,0.000000,0,0,0,0,0,0,0.000000
2555,0,0,0,0,0.000000,0,0,0,0,0,0,0.000000
2556,0,0,0,0,0.000000,0,0,0,0,0,0,0.000000
2557,0,0,0,0,0.000000,0,0,0,0,0,0,0.000000
2558,0,0,0,0,0.000000,0,0,0,0,0,0,0.000000
2559,0,0,0,0,0.000000,0,0,0,0,0,0,0.000000
