run-id,run-name,output-filepath,renderer-variant,visibility-debug-mode,donut-linear-gbuffer,variable,to-use-scene,to-load-texture,use-vfc,scene-variant,scene-importer,scene-path,warmup-frames,measure-frames,auto-terminate,vsync,camera-mode,camera-filepath,camera-keyframe-interval,to-set-start-frame,key-frame,profile-window-frames,capture-frames,capture-output-dir,capture-stride,capture-fps,window-width,window-height,seed,material-assign-strategy,material-assign-max-open,material-assign-locality,material-assign-diversity,camera-pos-x,camera-pos-y,camera-pos-z,camera-lookat-x,camera-lookat-y,camera-lookat-z,camera-near-z,camera-far-z,camera-fov,object-count,material-count,geometry-count,overdraw-count,to-remain-only-in-camera,z-min,z-max,xy-minmax,radius,geometry-div,gbuffer-cnt,texture-count,texture-size,texture-sampling-count,alu-calc-count,pass_name_0,pass_0_time_avg_ms,pass_name_1,pass_1_time_avg_ms,pass_name_2,pass_2_time_avg_ms,pass_name_3,pass_3_time_avg_ms,pass_name_4,pass_4_time_avg_ms,pass_name_5,pass_5_time_avg_ms,pass_name_6,pass_6_time_avg_ms,pass_name_7,pass_7_time_avg_ms,pass_name_8,pass_8_time_avg_ms,pass_name_9,pass_9_time_avg_ms,pass_name_10,pass_10_time_avg_ms,pass_name_11,pass_11_time_avg_ms,pass_name_12,pass_12_time_avg_ms,pass_name_13,pass_13_time_avg_ms,pass_name_14,pass_14_time_avg_ms,pass_name_15,pass_15_time_avg_ms,pass_name_16,pass_16_time_avg_ms,pass_name_17,pass_17_time_avg_ms,pass_name_18,pass_18_time_avg_ms,pass_name_19,pass_19_time_avg_ms,pass_name_20,pass_20_time_avg_ms,pass_name_21,pass_21_time_avg_ms,pass_name_22,pass_22_time_avg_ms,pass_name_23,pass_23_time_avg_ms,pass_name_24,pass_24_time_avg_ms,pass_name_25,pass_25_time_avg_ms,pass_name_26,pass_26_time_avg_ms,pass_name_27,pass_27_time_avg_ms,pass_name_28,pass_28_time_avg_ms,pass_name_29,pass_29_time_avg_ms,pass_name_30,pass_30_time_avg_ms,pass_name_31,pass_31_time_avg_ms,renderer_name,run_current_time,camera-mode-name,total_time_min_ms,total_time_median_ms,total_time_max_ms,total_time_avg_ms,total_time_p01_ms,total_time_p10_ms,total_time_p90_ms,total_time_p99_ms,variable-geometry-count,variable-overdraw-count,variable-waste-quad-count,variable-alu-op-count,param_renderer_variant,param_visibility_debug_mode,param_donut_linear_gbuffer,param_variable,param_to_use_scene,param_to_load_texture,param_use_vfc,param_scene_variant,param_scene_importer,param_scene_path,param_warmup_frames,param_measure_frames,param_vsync,param_camera_mode,param_camera_filepath,param_camera_keyframe_interval,param_to_set_start_frame,param_key_frame,param_profile_window_frames,param_capture_frames,param_capture_stride,param_capture_fps,param_window_width,param_window_height,param_seed,param_material_assign_strategy,param_material_assign_max_open,param_material_assign_locality,param_material_assign_diversity,param_geometry_div,param_camera_pos_x,param_camera_pos_y,param_camera_pos_z,param_camera_lookat_x,param_camera_lookat_y,param_camera_lookat_z,param_camera_near_z,param_camera_far_z,param_camera_fov,param_object_count,param_material_count,param_geometry_count,param_overdraw_count,param_to_remain_only_in_camera,param_z_min,param_z_max,param_xy_minmax,param_radius,param_gbuffer_cnt,param_texture_count,param_texture_size,param_texture_sampling_count,param_alu_calc_count,runner_experiment,runner_repeat,runner_run_index,runner_result_row,runner_status,runner_return_code,runner_error,runner_stderr,runner_skip_reason,runner_missing_assets
0,13_real_diversity_dense,C:\Users\mkkim\AppData\Local\Temp\tvbperf_qyrcxai4\run_00000.csv,8,2,0,0,1,1,1,0,assimp,../../../../../assets/scenes/unpacked/main_sponza/NewSponza_Main_glTF_003.gltf,60,600,1,0,2,../../../../../scripts/standard_camera.csv,10,0,0,60,0,captures,1,60,1920,1080,0,0,64,1,0,0,0,-3,0,0,0,0.1,1000,0.785,1,1,1,0,0,-1,1,1,0.5,1,1,1,256,1,100,total,1.21115,depth_prepass,0.04935,geometry,1.00340,lighting,0.10136,tonemap,0.03914,,0.00000,,0.00000,,0.00000,,0.00000,,0.00000,,0.00000,,0.00000,,0.00000,,0.00000,,0.00000,,0.00000,,0.00000,,0.00000,,0.00000,,0.00000,,0.00000,,0.00000,,0.00000,,0.00000,,0.00000,,0.00000,,0.00000,,0.00000,,0.00000,,0.00000,,0.00000,,0.00000,DonutDeferredPrepass,2026-07-30T02:03:13,playback,0.70195,1.16141,2.61885,1.21115,0.71485,0.83658,1.56614,2.22528,4,0,1,100,8,2,0,0,1,1,1,0,assimp,../../../../../assets/scenes/unpacked/main_sponza/NewSponza_Main_glTF_003.gltf,60,600,0,2,../../../../../scripts/standard_camera.csv,10,0,0,60,0,1,60,1920,1080,0,0,64,1.0,0.0,1,0.0,0.0,-3.0,0.0,0.0,0.0,0.1,1000.0,0.785,1,1,1,0,0,-1.0,1.0,1.0,0.5,1,1,256,1,100,13_real_diversity_dense,0,0,0,success,0,,"Scene CPU cache disabled; rebuilding source scene.
[FrameCounter] frames{720} measure_start{60} measure_end{660} sample_count{600} window_frames{60}
Saved CSV: C:\Users\mkkim\AppData\Local\Temp\tvbperf_qyrcxai4\run_00000.csv_0_result.csv
Log saved to: C:\Users\mkkim\myfolder\mydev1\VisibilityBufferInfo\out\build\x64-Release\bin\Release\logs\log_2026-07-30_02-03-34.txt",,
1,13_real_diversity_dense,C:\Users\mkkim\AppData\Local\Temp\tvbperf_qyrcxai4\run_00001.csv,9,2,0,1,1,1,1,0,assimp,../../../../../assets/scenes/unpacked/main_sponza/NewSponza_Main_glTF_003.gltf,60,600,1,0,2,../../../../../scripts/standard_camera.csv,10,0,0,60,0,captures,1,60,1920,1080,0,0,64,1,0,0,0,-3,0,0,0,0.1,1000,0.785,1,1,1,0,0,-1,1,1,0.5,1,1,1,256,1,100,total,1.52945,visibility,0.09193,visutil_histogram,0.02726,visutil_prefix,0.00257,visutil_flatten,0.03882,gbuffer,1.20502,lighting,0.09884,tonemap,0.03775,,0.00000,,0.00000,,0.00000,,0.00000,,0.00000,,0.00000,,0.00000,,0.00000,,0.00000,,0.00000,,0.00000,,0.00000,,0.00000,,0.00000,,0.00000,,0.00000,,0.00000,,0.00000,,0.00000,,0.00000,,0.00000,,0.00000,,0.00000,,0.00000,DonutVisGBuffer,2026-07-30T02:03:34,playback,0.78557,1.47773,2.80381,1.52945,0.82285,1.00554,2.15830,2.54941,4,0,1,100,9,2,0,1,1,1,1,0,assimp,../../../../../assets/scenes/unpacked/main_sponza/NewSponza_Main_glTF_003.gltf,60,600,0,2,../../../../../scripts/standard_camera.csv,10,0,0,60,0,1,60,1920,1080,0,0,64,1.0,0.0,1,0.0,0.0,-3.0,0.0,0.0,0.0,0.1,1000.0,0.785,1,1,1,0,0,-1.0,1.0,1.0,0.5,1,1,256,1,100,13_real_diversity_dense,0,1,0,success,0,,"Scene CPU cache disabled; rebuilding source scene.
[FrameCounter] frames{720} measure_start{60} measure_end{660} sample_count{600} window_frames{60}
Saved CSV: C:\Users\mkkim\AppData\Local\Temp\tvbperf_qyrcxai4\run_00001.csv_1_result.csv
Log saved to: C:\Users\mkkim\myfolder\mydev1\VisibilityBufferInfo\out\build\x64-Release\bin\Release\logs\log_2026-07-30_02-03-55.txt",,
2,13_real_diversity_dense,C:\Users\mkkim\AppData\Local\Temp\tvbperf_qyrcxai4\run_00002.csv,8,2,0,2,1,1,1,0,assimp,../../../../../assets/scenes/unpacked/main_sponza/NewSponza_Main_glTF_003.gltf,60,600,1,0,2,../../../../../scripts/standard_camera.csv,10,0,0,60,0,captures,1,60,1920,1080,0,0,64,1,0.05,0,0,-3,0,0,0,0.1,1000,0.785,1,1,1,0,0,-1,1,1,0.5,1,1,1,256,1,100,total,1.20471,depth_prepass,0.04976,geometry,1.00321,lighting,0.09553,tonemap,0.03920,,0.00000,,0.00000,,0.00000,,0.00000,,0.00000,,0.00000,,0.00000,,0.00000,,0.00000,,0.00000,,0.00000,,0.00000,,0.00000,,0.00000,,0.00000,,0.00000,,0.00000,,0.00000,,0.00000,,0.00000,,0.00000,,0.00000,,0.00000,,0.00000,,0.00000,,0.00000,,0.00000,DonutDeferredPrepass,2026-07-30T02:03:55,playback,0.67645,1.15690,2.53210,1.20471,0.69539,0.82304,1.57491,2.22483,4,0,1,100,8,2,0,2,1,1,1,0,assimp,../../../../../assets/scenes/unpacked/main_sponza/NewSponza_Main_glTF_003.gltf,60,600,0,2,../../../../../scripts/standard_camera.csv,10,0,0,60,0,1,60,1920,1080,0,0,64,1.0,0.05,1,0.0,0.0,-3.0,0.0,0.0,0.0,0.1,1000.0,0.785,1,1,1,0,0,-1.0,1.0,1.0,0.5,1,1,256,1,100,13_real_diversity_dense,0,2,0,success,0,,"Scene CPU cache disabled; rebuilding source scene.
[FrameCounter] frames{720} measure_start{60} measure_end{660} sample_count{600} window_frames{60}
Saved CSV: C:\Users\mkkim\AppData\Local\Temp\tvbperf_qyrcxai4\run_00002.csv_2_result.csv
Log saved to: C:\Users\mkkim\myfolder\mydev1\VisibilityBufferInfo\out\build\x64-Release\bin\Release\logs\log_2026-07-30_02-04-14.txt",,
3,13_real_diversity_dense,C:\Users\mkkim\AppData\Local\Temp\tvbperf_qyrcxai4\run_00003.csv,9,2,0,3,1,1,1,0,assimp,../../../../../assets/scenes/unpacked/main_sponza/NewSponza_Main_glTF_003.gltf,60,600,1,0,2,../../../../../scripts/standard_camera.csv,10,0,0,60,0,captures,1,60,1920,1080,0,0,64,1,0.05,0,0,-3,0,0,0,0.1,1000,0.785,1,1,1,0,0,-1,1,1,0.5,1,1,1,256,1,100,total,1.55505,visibility,0.09194,visutil_histogram,0.02728,visutil_prefix,0.00256,visutil_flatten,0.03904,gbuffer,1.23076,lighting,0.09742,tonemap,0.03788,,0.00000,,0.00000,,0.00000,,0.00000,,0.00000,,0.00000,,0.00000,,0.00000,,0.00000,,0.00000,,0.00000,,0.00000,,0.00000,,0.00000,,0.00000,,0.00000,,0.00000,,0.00000,,0.00000,,0.00000,,0.00000,,0.00000,,0.00000,,0.00000,DonutVisGBuffer,2026-07-30T02:04:14,playback,0.79424,1.49645,2.92864,1.55505,0.82102,1.02227,2.22038,2.54880,4,0,1,100,9,2,0,3,1,1,1,0,assimp,../../../../../assets/scenes/unpacked/main_sponza/NewSponza_Main_glTF_003.gltf,60,600,0,2,../../../../../scripts/standard_camera.csv,10,0,0,60,0,1,60,1920,1080,0,0,64,1.0,0.05,1,0.0,0.0,-3.0,0.0,0.0,0.0,0.1,1000.0,0.785,1,1,1,0,0,-1.0,1.0,1.0,0.5,1,1,256,1,100,13_real_diversity_dense,0,3,0,success,0,,"Scene CPU cache disabled; rebuilding source scene.
[FrameCounter] frames{720} measure_start{60} measure_end{660} sample_count{600} window_frames{60}
Saved CSV: C:\Users\mkkim\AppData\Local\Temp\tvbperf_qyrcxai4\run_00003.csv_3_result.csv
Log saved to: C:\Users\mkkim\myfolder\mydev1\VisibilityBufferInfo\out\build\x64-Release\bin\Release\logs\log_2026-07-30_02-04-35.txt",,
4,13_real_diversity_dense,C:\Users\mkkim\AppData\Local\Temp\tvbperf_qyrcxai4\run_00004.csv,8,2,0,4,1,1,1,0,assimp,../../../../../assets/scenes/unpacked/main_sponza/NewSponza_Main_glTF_003.gltf,60,600,1,0,2,../../../../../scripts/standard_camera.csv,10,0,0,60,0,captures,1,60,1920,1080,0,0,64,1,0.1,0,0,-3,0,0,0,0.1,1000,0.785,1,1,1,0,0,-1,1,1,0.5,1,1,1,256,1,100,total,1.15634,depth_prepass,0.04718,geometry,0.95830,lighting,0.09495,tonemap,0.03815,,0.00000,,0.00000,,0.00000,,0.00000,,0.00000,,0.00000,,0.00000,,0.00000,,0.00000,,0.00000,,0.00000,,0.00000,,0.00000,,0.00000,,0.00000,,0.00000,,0.00000,,0.00000,,0.00000,,0.00000,,0.00000,,0.00000,,0.00000,,0.00000,,0.00000,,0.00000,,0.00000,DonutDeferredPrepass,2026-07-30T02:04:35,playback,0.68102,1.14266,2.07562,1.15634,0.69683,0.83078,1.46646,1.79869,4,0,1,100,8,2,0,4,1,1,1,0,assimp,../../../../../assets/scenes/unpacked/main_sponza/NewSponza_Main_glTF_003.gltf,60,600,0,2,../../../../../scripts/standard_camera.csv,10,0,0,60,0,1,60,1920,1080,0,0,64,1.0,0.1,1,0.0,0.0,-3.0,0.0,0.0,0.0,0.1,1000.0,0.785,1,1,1,0,0,-1.0,1.0,1.0,0.5,1,1,256,1,100,13_real_diversity_dense,0,4,0,success,0,,"Scene CPU cache disabled; rebuilding source scene.
[FrameCounter] frames{720} measure_start{60} measure_end{660} sample_count{600} window_frames{60}
Saved CSV: C:\Users\mkkim\AppData\Local\Temp\tvbperf_qyrcxai4\run_00004.csv_4_result.csv
Log saved to: C:\Users\mkkim\myfolder\mydev1\VisibilityBufferInfo\out\build\x64-Release\bin\Release\logs\log_2026-07-30_02-04-55.txt",,
5,13_real_diversity_dense,C:\Users\mkkim\AppData\Local\Temp\tvbperf_qyrcxai4\run_00005.csv,9,2,0,5,1,1,1,0,assimp,../../../../../assets/scenes/unpacked/main_sponza/NewSponza_Main_glTF_003.gltf,60,600,1,0,2,../../../../../scripts/standard_camera.csv,10,0,0,60,0,captures,1,60,1920,1080,0,0,64,1,0.1,0,0,-3,0,0,0,0.1,1000,0.785,1,1,1,0,0,-1,1,1,0.5,1,1,1,256,1,100,total,1.54703,visibility,0.09192,visutil_histogram,0.02732,visutil_prefix,0.00259,visutil_flatten,0.03902,gbuffer,1.22246,lighting,0.09813,tonemap,0.03775,,0.00000,,0.00000,,0.00000,,0.00000,,0.00000,,0.00000,,0.00000,,0.00000,,0.00000,,0.00000,,0.00000,,0.00000,,0.00000,,0.00000,,0.00000,,0.00000,,0.00000,,0.00000,,0.00000,,0.00000,,0.00000,,0.00000,,0.00000,,0.00000,DonutVisGBuffer,2026-07-30T02:04:55,playback,0.78995,1.48554,2.93062,1.54703,0.82035,1.01120,2.22448,2.61024,4,0,1,100,9,2,0,5,1,1,1,0,assimp,../../../../../assets/scenes/unpacked/main_sponza/NewSponza_Main_glTF_003.gltf,60,600,0,2,../../../../../scripts/standard_camera.csv,10,0,0,60,0,1,60,1920,1080,0,0,64,1.0,0.1,1,0.0,0.0,-3.0,0.0,0.0,0.0,0.1,1000.0,0.785,1,1,1,0,0,-1.0,1.0,1.0,0.5,1,1,256,1,100,13_real_diversity_dense,0,5,0,success,0,,"Scene CPU cache disabled; rebuilding source scene.
[FrameCounter] frames{720} measure_start{60} measure_end{660} sample_count{600} window_frames{60}
Saved CSV: C:\Users\mkkim\AppData\Local\Temp\tvbperf_qyrcxai4\run_00005.csv_5_result.csv
Log saved to: C:\Users\mkkim\myfolder\mydev1\VisibilityBufferInfo\out\build\x64-Release\bin\Release\logs\log_2026-07-30_02-05-16.txt",,
6,13_real_diversity_dense,C:\Users\mkkim\AppData\Local\Temp\tvbperf_qyrcxai4\run_00006.csv,8,2,0,6,1,1,1,0,assimp,../../../../../assets/scenes/unpacked/main_sponza/NewSponza_Main_glTF_003.gltf,60,600,1,0,2,../../../../../scripts/standard_camera.csv,10,0,0,60,0,captures,1,60,1920,1080,0,0,64,1,0.2,0,0,-3,0,0,0,0.1,1000,0.785,1,1,1,0,0,-1,1,1,0.5,1,1,1,256,1,100,total,1.16441,depth_prepass,0.04753,geometry,0.96661,lighting,0.09438,tonemap,0.03828,,0.00000,,0.00000,,0.00000,,0.00000,,0.00000,,0.00000,,0.00000,,0.00000,,0.00000,,0.00000,,0.00000,,0.00000,,0.00000,,0.00000,,0.00000,,0.00000,,0.00000,,0.00000,,0.00000,,0.00000,,0.00000,,0.00000,,0.00000,,0.00000,,0.00000,,0.00000,,0.00000,DonutDeferredPrepass,2026-07-30T02:05:16,playback,0.68240,1.14320,2.16435,1.16441,0.69946,0.82899,1.49926,1.85094,4,0,1,100,8,2,0,6,1,1,1,0,assimp,../../../../../assets/scenes/unpacked/main_sponza/NewSponza_Main_glTF_003.gltf,60,600,0,2,../../../../../scripts/standard_camera.csv,10,0,0,60,0,1,60,1920,1080,0,0,64,1.0,0.2,1,0.0,0.0,-3.0,0.0,0.0,0.0,0.1,1000.0,0.785,1,1,1,0,0,-1.0,1.0,1.0,0.5,1,1,256,1,100,13_real_diversity_dense,0,6,0,success,0,,"Scene CPU cache disabled; rebuilding source scene.
[FrameCounter] frames{720} measure_start{60} measure_end{660} sample_count{600} window_frames{60}
Saved CSV: C:\Users\mkkim\AppData\Local\Temp\tvbperf_qyrcxai4\run_00006.csv_6_result.csv
Log saved to: C:\Users\mkkim\myfolder\mydev1\VisibilityBufferInfo\out\build\x64-Release\bin\Release\logs\log_2026-07-30_02-05-36.txt",,
7,13_real_diversity_dense,C:\Users\mkkim\AppData\Local\Temp\tvbperf_qyrcxai4\run_00007.csv,9,2,0,7,1,1,1,0,assimp,../../../../../assets/scenes/unpacked/main_sponza/NewSponza_Main_glTF_003.gltf,60,600,1,0,2,../../../../../scripts/standard_camera.csv,10,0,0,60,0,captures,1,60,1920,1080,0,0,64,1,0.2,0,0,-3,0,0,0,0.1,1000,0.785,1,1,1,0,0,-1,1,1,0.5,1,1,1,256,1,100,total,1.44649,visibility,0.09271,visutil_histogram,0.02747,visutil_prefix,0.00259,visutil_flatten,0.03937,gbuffer,1.12027,lighting,0.09759,tonemap,0.03827,,0.00000,,0.00000,,0.00000,,0.00000,,0.00000,,0.00000,,0.00000,,0.00000,,0.00000,,0.00000,,0.00000,,0.00000,,0.00000,,0.00000,,0.00000,,0.00000,,0.00000,,0.00000,,0.00000,,0.00000,,0.00000,,0.00000,,0.00000,,0.00000,DonutVisGBuffer,2026-07-30T02:05:36,playback,0.79626,1.37814,2.86176,1.44649,0.82413,1.02755,2.04669,2.37088,4,0,1,100,9,2,0,7,1,1,1,0,assimp,../../../../../assets/scenes/unpacked/main_sponza/NewSponza_Main_glTF_003.gltf,60,600,0,2,../../../../../scripts/standard_camera.csv,10,0,0,60,0,1,60,1920,1080,0,0,64,1.0,0.2,1,0.0,0.0,-3.0,0.0,0.0,0.0,0.1,1000.0,0.785,1,1,1,0,0,-1.0,1.0,1.0,0.5,1,1,256,1,100,13_real_diversity_dense,0,7,0,success,0,,"Scene CPU cache disabled; rebuilding source scene.
[FrameCounter] frames{720} measure_start{60} measure_end{660} sample_count{600} window_frames{60}
Saved CSV: C:\Users\mkkim\AppData\Local\Temp\tvbperf_qyrcxai4\run_00007.csv_7_result.csv
Log saved to: C:\Users\mkkim\myfolder\mydev1\VisibilityBufferInfo\out\build\x64-Release\bin\Release\logs\log_2026-07-30_02-05-57.txt",,
8,13_real_diversity_dense,C:\Users\mkkim\AppData\Local\Temp\tvbperf_qyrcxai4\run_00008.csv,8,2,0,8,1,1,1,0,assimp,../../../../../assets/scenes/unpacked/main_sponza/NewSponza_Main_glTF_003.gltf,60,600,1,0,2,../../../../../scripts/standard_camera.csv,10,0,0,60,0,captures,1,60,1920,1080,0,0,64,1,0.3,0,0,-3,0,0,0,0.1,1000,0.785,1,1,1,0,0,-1,1,1,0.5,1,1,1,256,1,100,total,1.24008,depth_prepass,0.05040,geometry,1.03071,lighting,0.10185,tonemap,0.03971,,0.00000,,0.00000,,0.00000,,0.00000,,0.00000,,0.00000,,0.00000,,0.00000,,0.00000,,0.00000,,0.00000,,0.00000,,0.00000,,0.00000,,0.00000,,0.00000,,0.00000,,0.00000,,0.00000,,0.00000,,0.00000,,0.00000,,0.00000,,0.00000,,0.00000,,0.00000,,0.00000,DonutDeferredPrepass,2026-07-30T02:05:57,playback,0.70902,1.16349,2.67373,1.24008,0.71792,0.83376,1.70710,2.51411,4,0,1,100,8,2,0,8,1,1,1,0,assimp,../../../../../assets/scenes/unpacked/main_sponza/NewSponza_Main_glTF_003.gltf,60,600,0,2,../../../../../scripts/standard_camera.csv,10,0,0,60,0,1,60,1920,1080,0,0,64,1.0,0.3,1,0.0,0.0,-3.0,0.0,0.0,0.0,0.1,1000.0,0.785,1,1,1,0,0,-1.0,1.0,1.0,0.5,1,1,256,1,100,13_real_diversity_dense,0,8,0,success,0,,"Scene CPU cache disabled; rebuilding source scene.
[FrameCounter] frames{720} measure_start{60} measure_end{660} sample_count{600} window_frames{60}
Saved CSV: C:\Users\mkkim\AppData\Local\Temp\tvbperf_qyrcxai4\run_00008.csv_8_result.csv
Log saved to: C:\Users\mkkim\myfolder\mydev1\VisibilityBufferInfo\out\build\x64-Release\bin\Release\logs\log_2026-07-30_02-06-17.txt",,
9,13_real_diversity_dense,C:\Users\mkkim\AppData\Local\Temp\tvbperf_qyrcxai4\run_00009.csv,9,2,0,9,1,1,1,0,assimp,../../../../../assets/scenes/unpacked/main_sponza/NewSponza_Main_glTF_003.gltf,60,600,1,0,2,../../../../../scripts/standard_camera.csv,10,0,0,60,0,captures,1,60,1920,1080,0,0,64,1,0.3,0,0,-3,0,0,0,0.1,1000,0.785,1,1,1,0,0,-1,1,1,0.5,1,1,1,256,1,100,total,1.32625,visibility,0.09377,visutil_histogram,0.02786,visutil_prefix,0.00258,visutil_flatten,0.04005,gbuffer,0.99776,lighting,0.09818,tonemap,0.03858,,0.00000,,0.00000,,0.00000,,0.00000,,0.00000,,0.00000,,0.00000,,0.00000,,0.00000,,0.00000,,0.00000,,0.00000,,0.00000,,0.00000,,0.00000,,0.00000,,0.00000,,0.00000,,0.00000,,0.00000,,0.00000,,0.00000,,0.00000,,0.00000,DonutVisGBuffer,2026-07-30T02:06:17,playback,0.81178,1.29398,2.55277,1.32625,0.84326,0.97856,1.72595,2.02333,4,0,1,100,9,2,0,9,1,1,1,0,assimp,../../../../../assets/scenes/unpacked/main_sponza/NewSponza_Main_glTF_003.gltf,60,600,0,2,../../../../../scripts/standard_camera.csv,10,0,0,60,0,1,60,1920,1080,0,0,64,1.0,0.3,1,0.0,0.0,-3.0,0.0,0.0,0.0,0.1,1000.0,0.785,1,1,1,0,0,-1.0,1.0,1.0,0.5,1,1,256,1,100,13_real_diversity_dense,0,9,0,success,0,,"Scene CPU cache disabled; rebuilding source scene.
[FrameCounter] frames{720} measure_start{60} measure_end{660} sample_count{600} window_frames{60}
Saved CSV: C:\Users\mkkim\AppData\Local\Temp\tvbperf_qyrcxai4\run_00009.csv_9_result.csv
Log saved to: C:\Users\mkkim\myfolder\mydev1\VisibilityBufferInfo\out\build\x64-Release\bin\Release\logs\log_2026-07-30_02-06-38.txt",,
10,13_real_diversity_dense,C:\Users\mkkim\AppData\Local\Temp\tvbperf_qyrcxai4\run_00010.csv,8,2,0,10,1,1,1,0,assimp,../../../../../assets/scenes/unpacked/main_sponza/NewSponza_Main_glTF_003.gltf,60,600,1,0,2,../../../../../scripts/standard_camera.csv,10,0,0,60,0,captures,1,60,1920,1080,0,0,64,1,0.4,0,0,-3,0,0,0,0.1,1000,0.785,1,1,1,0,0,-1,1,1,0.5,1,1,1,256,1,100,total,1.19006,depth_prepass,0.04970,geometry,0.98717,lighting,0.09630,tonemap,0.03903,,0.00000,,0.00000,,0.00000,,0.00000,,0.00000,,0.00000,,0.00000,,0.00000,,0.00000,,0.00000,,0.00000,,0.00000,,0.00000,,0.00000,,0.00000,,0.00000,,0.00000,,0.00000,,0.00000,,0.00000,,0.00000,,0.00000,,0.00000,,0.00000,,0.00000,,0.00000,,0.00000,DonutDeferredPrepass,2026-07-30T02:06:38,playback,0.66989,1.14352,2.34928,1.19006,0.68800,0.81174,1.54336,2.24250,4,0,1,100,8,2,0,10,1,1,1,0,assimp,../../../../../assets/scenes/unpacked/main_sponza/NewSponza_Main_glTF_003.gltf,60,600,0,2,../../../../../scripts/standard_camera.csv,10,0,0,60,0,1,60,1920,1080,0,0,64,1.0,0.4,1,0.0,0.0,-3.0,0.0,0.0,0.0,0.1,1000.0,0.785,1,1,1,0,0,-1.0,1.0,1.0,0.5,1,1,256,1,100,13_real_diversity_dense,0,10,0,success,0,,"Scene CPU cache disabled; rebuilding source scene.
[FrameCounter] frames{720} measure_start{60} measure_end{660} sample_count{600} window_frames{60}
Saved CSV: C:\Users\mkkim\AppData\Local\Temp\tvbperf_qyrcxai4\run_00010.csv_10_result.csv
Log saved to: C:\Users\mkkim\myfolder\mydev1\VisibilityBufferInfo\out\build\x64-Release\bin\Release\logs\log_2026-07-30_02-06-58.txt",,
11,13_real_diversity_dense,C:\Users\mkkim\AppData\Local\Temp\tvbperf_qyrcxai4\run_00011.csv,9,2,0,11,1,1,1,0,assimp,../../../../../assets/scenes/unpacked/main_sponza/NewSponza_Main_glTF_003.gltf,60,600,1,0,2,../../../../../scripts/standard_camera.csv,10,0,0,60,0,captures,1,60,1920,1080,0,0,64,1,0.4,0,0,-3,0,0,0,0.1,1000,0.785,1,1,1,0,0,-1,1,1,0.5,1,1,1,256,1,100,total,1.25880,visibility,0.09209,visutil_histogram,0.02782,visutil_prefix,0.00253,visutil_flatten,0.04009,gbuffer,0.93743,lighting,0.09244,tonemap,0.03798,,0.00000,,0.00000,,0.00000,,0.00000,,0.00000,,0.00000,,0.00000,,0.00000,,0.00000,,0.00000,,0.00000,,0.00000,,0.00000,,0.00000,,0.00000,,0.00000,,0.00000,,0.00000,,0.00000,,0.00000,,0.00000,,0.00000,,0.00000,,0.00000,DonutVisGBuffer,2026-07-30T02:06:58,playback,0.77702,1.24355,1.88246,1.25880,0.81610,0.96304,1.59856,1.76429,4,0,1,100,9,2,0,11,1,1,1,0,assimp,../../../../../assets/scenes/unpacked/main_sponza/NewSponza_Main_glTF_003.gltf,60,600,0,2,../../../../../scripts/standard_camera.csv,10,0,0,60,0,1,60,1920,1080,0,0,64,1.0,0.4,1,0.0,0.0,-3.0,0.0,0.0,0.0,0.1,1000.0,0.785,1,1,1,0,0,-1.0,1.0,1.0,0.5,1,1,256,1,100,13_real_diversity_dense,0,11,0,success,0,,"Scene CPU cache disabled; rebuilding source scene.
[FrameCounter] frames{720} measure_start{60} measure_end{660} sample_count{600} window_frames{60}
Saved CSV: C:\Users\mkkim\AppData\Local\Temp\tvbperf_qyrcxai4\run_00011.csv_11_result.csv
Log saved to: C:\Users\mkkim\myfolder\mydev1\VisibilityBufferInfo\out\build\x64-Release\bin\Release\logs\log_2026-07-30_02-07-19.txt",,
12,13_real_diversity_dense,C:\Users\mkkim\AppData\Local\Temp\tvbperf_qyrcxai4\run_00012.csv,8,2,0,12,1,1,1,0,assimp,../../../../../assets/scenes/unpacked/main_sponza/NewSponza_Main_glTF_003.gltf,60,600,1,0,2,../../../../../scripts/standard_camera.csv,10,0,0,60,0,captures,1,60,1920,1080,0,0,64,1,0.5,0,0,-3,0,0,0,0.1,1000,0.785,1,1,1,0,0,-1,1,1,0.5,1,1,1,256,1,100,total,1.18225,depth_prepass,0.04826,geometry,0.98294,lighting,0.09435,tonemap,0.03883,,0.00000,,0.00000,,0.00000,,0.00000,,0.00000,,0.00000,,0.00000,,0.00000,,0.00000,,0.00000,,0.00000,,0.00000,,0.00000,,0.00000,,0.00000,,0.00000,,0.00000,,0.00000,,0.00000,,0.00000,,0.00000,,0.00000,,0.00000,,0.00000,,0.00000,,0.00000,,0.00000,DonutDeferredPrepass,2026-07-30T02:07:19,playback,0.69270,1.15382,2.55699,1.18225,0.70448,0.82355,1.50186,2.10515,4,0,1,100,8,2,0,12,1,1,1,0,assimp,../../../../../assets/scenes/unpacked/main_sponza/NewSponza_Main_glTF_003.gltf,60,600,0,2,../../../../../scripts/standard_camera.csv,10,0,0,60,0,1,60,1920,1080,0,0,64,1.0,0.5,1,0.0,0.0,-3.0,0.0,0.0,0.0,0.1,1000.0,0.785,1,1,1,0,0,-1.0,1.0,1.0,0.5,1,1,256,1,100,13_real_diversity_dense,0,12,0,success,0,,"Scene CPU cache disabled; rebuilding source scene.
[FrameCounter] frames{720} measure_start{60} measure_end{660} sample_count{600} window_frames{60}
Saved CSV: C:\Users\mkkim\AppData\Local\Temp\tvbperf_qyrcxai4\run_00012.csv_12_result.csv
Log saved to: C:\Users\mkkim\myfolder\mydev1\VisibilityBufferInfo\out\build\x64-Release\bin\Release\logs\log_2026-07-30_02-07-39.txt",,
13,13_real_diversity_dense,C:\Users\mkkim\AppData\Local\Temp\tvbperf_qyrcxai4\run_00013.csv,9,2,0,13,1,1,1,0,assimp,../../../../../assets/scenes/unpacked/main_sponza/NewSponza_Main_glTF_003.gltf,60,600,1,0,2,../../../../../scripts/standard_camera.csv,10,0,0,60,0,captures,1,60,1920,1080,0,0,64,1,0.5,0,0,-3,0,0,0,0.1,1000,0.785,1,1,1,0,0,-1,1,1,0.5,1,1,1,256,1,100,total,1.35588,visibility,0.09721,visutil_histogram,0.02799,visutil_prefix,0.00261,visutil_flatten,0.04009,gbuffer,1.01950,lighting,0.10018,tonemap,0.03994,,0.00000,,0.00000,,0.00000,,0.00000,,0.00000,,0.00000,,0.00000,,0.00000,,0.00000,,0.00000,,0.00000,,0.00000,,0.00000,,0.00000,,0.00000,,0.00000,,0.00000,,0.00000,,0.00000,,0.00000,,0.00000,,0.00000,,0.00000,,0.00000,DonutVisGBuffer,2026-07-30T02:07:39,playback,0.80682,1.29386,2.62851,1.35588,0.84221,0.97693,1.85101,2.31494,4,0,1,100,9,2,0,13,1,1,1,0,assimp,../../../../../assets/scenes/unpacked/main_sponza/NewSponza_Main_glTF_003.gltf,60,600,0,2,../../../../../scripts/standard_camera.csv,10,0,0,60,0,1,60,1920,1080,0,0,64,1.0,0.5,1,0.0,0.0,-3.0,0.0,0.0,0.0,0.1,1000.0,0.785,1,1,1,0,0,-1.0,1.0,1.0,0.5,1,1,256,1,100,13_real_diversity_dense,0,13,0,success,0,,"Scene CPU cache disabled; rebuilding source scene.
[FrameCounter] frames{720} measure_start{60} measure_end{660} sample_count{600} window_frames{60}
Saved CSV: C:\Users\mkkim\AppData\Local\Temp\tvbperf_qyrcxai4\run_00013.csv_13_result.csv
Log saved to: C:\Users\mkkim\myfolder\mydev1\VisibilityBufferInfo\out\build\x64-Release\bin\Release\logs\log_2026-07-30_02-08-00.txt",,
14,13_real_diversity_dense,C:\Users\mkkim\AppData\Local\Temp\tvbperf_qyrcxai4\run_00014.csv,8,2,0,14,1,1,1,0,assimp,../../../../../assets/scenes/unpacked/main_sponza/NewSponza_Main_glTF_003.gltf,60,600,1,0,2,../../../../../scripts/standard_camera.csv,10,0,0,60,0,captures,1,60,1920,1080,0,0,64,1,0.6,0,0,-3,0,0,0,0.1,1000,0.785,1,1,1,0,0,-1,1,1,0.5,1,1,1,256,1,100,total,1.21181,depth_prepass,0.04941,geometry,1.00483,lighting,0.10002,tonemap,0.03928,,0.00000,,0.00000,,0.00000,,0.00000,,0.00000,,0.00000,,0.00000,,0.00000,,0.00000,,0.00000,,0.00000,,0.00000,,0.00000,,0.00000,,0.00000,,0.00000,,0.00000,,0.00000,,0.00000,,0.00000,,0.00000,,0.00000,,0.00000,,0.00000,,0.00000,,0.00000,,0.00000,DonutDeferredPrepass,2026-07-30T02:08:00,playback,0.70598,1.15619,2.76995,1.21181,0.72003,0.83302,1.54307,2.28842,4,0,1,100,8,2,0,14,1,1,1,0,assimp,../../../../../assets/scenes/unpacked/main_sponza/NewSponza_Main_glTF_003.gltf,60,600,0,2,../../../../../scripts/standard_camera.csv,10,0,0,60,0,1,60,1920,1080,0,0,64,1.0,0.6,1,0.0,0.0,-3.0,0.0,0.0,0.0,0.1,1000.0,0.785,1,1,1,0,0,-1.0,1.0,1.0,0.5,1,1,256,1,100,13_real_diversity_dense,0,14,0,success,0,,"Scene CPU cache disabled; rebuilding source scene.
[FrameCounter] frames{720} measure_start{60} measure_end{660} sample_count{600} window_frames{60}
Saved CSV: C:\Users\mkkim\AppData\Local\Temp\tvbperf_qyrcxai4\run_00014.csv_14_result.csv
Log saved to: C:\Users\mkkim\myfolder\mydev1\VisibilityBufferInfo\out\build\x64-Release\bin\Release\logs\log_2026-07-30_02-08-20.txt",,
15,13_real_diversity_dense,C:\Users\mkkim\AppData\Local\Temp\tvbperf_qyrcxai4\run_00015.csv,9,2,0,15,1,1,1,0,assimp,../../../../../assets/scenes/unpacked/main_sponza/NewSponza_Main_glTF_003.gltf,60,600,1,0,2,../../../../../scripts/standard_camera.csv,10,0,0,60,0,captures,1,60,1920,1080,0,0,64,1,0.6,0,0,-3,0,0,0,0.1,1000,0.785,1,1,1,0,0,-1,1,1,0.5,1,1,1,256,1,100,total,1.23289,visibility,0.09230,visutil_histogram,0.02788,visutil_prefix,0.00252,visutil_flatten,0.04018,gbuffer,0.91148,lighting,0.09237,tonemap,0.03803,,0.00000,,0.00000,,0.00000,,0.00000,,0.00000,,0.00000,,0.00000,,0.00000,,0.00000,,0.00000,,0.00000,,0.00000,,0.00000,,0.00000,,0.00000,,0.00000,,0.00000,,0.00000,,0.00000,,0.00000,,0.00000,,0.00000,,0.00000,,0.00000,DonutVisGBuffer,2026-07-30T02:08:20,playback,0.80355,1.22541,1.88051,1.23289,0.82710,0.95792,1.51830,1.71750,4,0,1,100,9,2,0,15,1,1,1,0,assimp,../../../../../assets/scenes/unpacked/main_sponza/NewSponza_Main_glTF_003.gltf,60,600,0,2,../../../../../scripts/standard_camera.csv,10,0,0,60,0,1,60,1920,1080,0,0,64,1.0,0.6,1,0.0,0.0,-3.0,0.0,0.0,0.0,0.1,1000.0,0.785,1,1,1,0,0,-1.0,1.0,1.0,0.5,1,1,256,1,100,13_real_diversity_dense,0,15,0,success,0,,"Scene CPU cache disabled; rebuilding source scene.
[FrameCounter] frames{720} measure_start{60} measure_end{660} sample_count{600} window_frames{60}
Saved CSV: C:\Users\mkkim\AppData\Local\Temp\tvbperf_qyrcxai4\run_00015.csv_15_result.csv
Log saved to: C:\Users\mkkim\myfolder\mydev1\VisibilityBufferInfo\out\build\x64-Release\bin\Release\logs\log_2026-07-30_02-08-41.txt",,
16,13_real_diversity_dense,C:\Users\mkkim\AppData\Local\Temp\tvbperf_qyrcxai4\run_00016.csv,8,2,0,16,1,1,1,0,assimp,../../../../../assets/scenes/unpacked/main_sponza/NewSponza_Main_glTF_003.gltf,60,600,1,0,2,../../../../../scripts/standard_camera.csv,10,0,0,60,0,captures,1,60,1920,1080,0,0,64,1,0.7,0,0,-3,0,0,0,0.1,1000,0.785,1,1,1,0,0,-1,1,1,0.5,1,1,1,256,1,100,total,1.16278,depth_prepass,0.04752,geometry,0.96514,lighting,0.09401,tonemap,0.03833,,0.00000,,0.00000,,0.00000,,0.00000,,0.00000,,0.00000,,0.00000,,0.00000,,0.00000,,0.00000,,0.00000,,0.00000,,0.00000,,0.00000,,0.00000,,0.00000,,0.00000,,0.00000,,0.00000,,0.00000,,0.00000,,0.00000,,0.00000,,0.00000,,0.00000,,0.00000,,0.00000,DonutDeferredPrepass,2026-07-30T02:08:41,playback,0.68570,1.14739,2.14000,1.16278,0.70294,0.82675,1.46966,1.90198,4,0,1,100,8,2,0,16,1,1,1,0,assimp,../../../../../assets/scenes/unpacked/main_sponza/NewSponza_Main_glTF_003.gltf,60,600,0,2,../../../../../scripts/standard_camera.csv,10,0,0,60,0,1,60,1920,1080,0,0,64,1.0,0.7,1,0.0,0.0,-3.0,0.0,0.0,0.0,0.1,1000.0,0.785,1,1,1,0,0,-1.0,1.0,1.0,0.5,1,1,256,1,100,13_real_diversity_dense,0,16,0,success,0,,"Scene CPU cache disabled; rebuilding source scene.
[FrameCounter] frames{720} measure_start{60} measure_end{660} sample_count{600} window_frames{60}
Saved CSV: C:\Users\mkkim\AppData\Local\Temp\tvbperf_qyrcxai4\run_00016.csv_16_result.csv
Log saved to: C:\Users\mkkim\myfolder\mydev1\VisibilityBufferInfo\out\build\x64-Release\bin\Release\logs\log_2026-07-30_02-09-01.txt",,
17,13_real_diversity_dense,C:\Users\mkkim\AppData\Local\Temp\tvbperf_qyrcxai4\run_00017.csv,9,2,0,17,1,1,1,0,assimp,../../../../../assets/scenes/unpacked/main_sponza/NewSponza_Main_glTF_003.gltf,60,600,1,0,2,../../../../../scripts/standard_camera.csv,10,0,0,60,0,captures,1,60,1920,1080,0,0,64,1,0.7,0,0,-3,0,0,0,0.1,1000,0.785,1,1,1,0,0,-1,1,1,0.5,1,1,1,256,1,100,total,1.27779,visibility,0.09538,visutil_histogram,0.02801,visutil_prefix,0.00253,visutil_flatten,0.04020,gbuffer,0.94885,lighting,0.09480,tonemap,0.03952,,0.00000,,0.00000,,0.00000,,0.00000,,0.00000,,0.00000,,0.00000,,0.00000,,0.00000,,0.00000,,0.00000,,0.00000,,0.00000,,0.00000,,0.00000,,0.00000,,0.00000,,0.00000,,0.00000,,0.00000,,0.00000,,0.00000,,0.00000,,0.00000,DonutVisGBuffer,2026-07-30T02:09:01,playback,0.79082,1.25530,2.41251,1.27779,0.82877,0.96422,1.55789,1.92989,4,0,1,100,9,2,0,17,1,1,1,0,assimp,../../../../../assets/scenes/unpacked/main_sponza/NewSponza_Main_glTF_003.gltf,60,600,0,2,../../../../../scripts/standard_camera.csv,10,0,0,60,0,1,60,1920,1080,0,0,64,1.0,0.7,1,0.0,0.0,-3.0,0.0,0.0,0.0,0.1,1000.0,0.785,1,1,1,0,0,-1.0,1.0,1.0,0.5,1,1,256,1,100,13_real_diversity_dense,0,17,0,success,0,,"Scene CPU cache disabled; rebuilding source scene.
[FrameCounter] frames{720} measure_start{60} measure_end{660} sample_count{600} window_frames{60}
Saved CSV: C:\Users\mkkim\AppData\Local\Temp\tvbperf_qyrcxai4\run_00017.csv_17_result.csv
Log saved to: C:\Users\mkkim\myfolder\mydev1\VisibilityBufferInfo\out\build\x64-Release\bin\Release\logs\log_2026-07-30_02-09-21.txt",,
18,13_real_diversity_dense,C:\Users\mkkim\AppData\Local\Temp\tvbperf_qyrcxai4\run_00018.csv,8,2,0,18,1,1,1,0,assimp,../../../../../assets/scenes/unpacked/main_sponza/NewSponza_Main_glTF_003.gltf,60,600,1,0,2,../../../../../scripts/standard_camera.csv,10,0,0,60,0,captures,1,60,1920,1080,0,0,64,1,0.8,0,0,-3,0,0,0,0.1,1000,0.785,1,1,1,0,0,-1,1,1,0.5,1,1,1,256,1,100,total,1.18078,depth_prepass,0.04830,geometry,0.98113,lighting,0.09526,tonemap,0.03873,,0.00000,,0.00000,,0.00000,,0.00000,,0.00000,,0.00000,,0.00000,,0.00000,,0.00000,,0.00000,,0.00000,,0.00000,,0.00000,,0.00000,,0.00000,,0.00000,,0.00000,,0.00000,,0.00000,,0.00000,,0.00000,,0.00000,,0.00000,,0.00000,,0.00000,,0.00000,,0.00000,DonutDeferredPrepass,2026-07-30T02:09:21,playback,0.68438,1.14995,2.30931,1.18078,0.70650,0.83190,1.49613,2.11994,4,0,1,100,8,2,0,18,1,1,1,0,assimp,../../../../../assets/scenes/unpacked/main_sponza/NewSponza_Main_glTF_003.gltf,60,600,0,2,../../../../../scripts/standard_camera.csv,10,0,0,60,0,1,60,1920,1080,0,0,64,1.0,0.8,1,0.0,0.0,-3.0,0.0,0.0,0.0,0.1,1000.0,0.785,1,1,1,0,0,-1.0,1.0,1.0,0.5,1,1,256,1,100,13_real_diversity_dense,0,18,0,success,0,,"Scene CPU cache disabled; rebuilding source scene.
[FrameCounter] frames{720} measure_start{60} measure_end{660} sample_count{600} window_frames{60}
Saved CSV: C:\Users\mkkim\AppData\Local\Temp\tvbperf_qyrcxai4\run_00018.csv_18_result.csv
Log saved to: C:\Users\mkkim\myfolder\mydev1\VisibilityBufferInfo\out\build\x64-Release\bin\Release\logs\log_2026-07-30_02-09-42.txt",,
19,13_real_diversity_dense,C:\Users\mkkim\AppData\Local\Temp\tvbperf_qyrcxai4\run_00019.csv,9,2,0,19,1,1,1,0,assimp,../../../../../assets/scenes/unpacked/main_sponza/NewSponza_Main_glTF_003.gltf,60,600,1,0,2,../../../../../scripts/standard_camera.csv,10,0,0,60,0,captures,1,60,1920,1080,0,0,64,1,0.8,0,0,-3,0,0,0,0.1,1000,0.785,1,1,1,0,0,-1,1,1,0.5,1,1,1,256,1,100,total,1.28551,visibility,0.09612,visutil_histogram,0.02796,visutil_prefix,0.00251,visutil_flatten,0.04024,gbuffer,0.95404,lighting,0.09636,tonemap,0.04001,,0.00000,,0.00000,,0.00000,,0.00000,,0.00000,,0.00000,,0.00000,,0.00000,,0.00000,,0.00000,,0.00000,,0.00000,,0.00000,,0.00000,,0.00000,,0.00000,,0.00000,,0.00000,,0.00000,,0.00000,,0.00000,,0.00000,,0.00000,,0.00000,DonutVisGBuffer,2026-07-30T02:09:42,playback,0.78963,1.25757,2.48003,1.28551,0.84227,0.96122,1.61469,1.95664,4,0,1,100,9,2,0,19,1,1,1,0,assimp,../../../../../assets/scenes/unpacked/main_sponza/NewSponza_Main_glTF_003.gltf,60,600,0,2,../../../../../scripts/standard_camera.csv,10,0,0,60,0,1,60,1920,1080,0,0,64,1.0,0.8,1,0.0,0.0,-3.0,0.0,0.0,0.0,0.1,1000.0,0.785,1,1,1,0,0,-1.0,1.0,1.0,0.5,1,1,256,1,100,13_real_diversity_dense,0,19,0,success,0,,"Scene CPU cache disabled; rebuilding source scene.
[FrameCounter] frames{720} measure_start{60} measure_end{660} sample_count{600} window_frames{60}
Saved CSV: C:\Users\mkkim\AppData\Local\Temp\tvbperf_qyrcxai4\run_00019.csv_19_result.csv
Log saved to: C:\Users\mkkim\myfolder\mydev1\VisibilityBufferInfo\out\build\x64-Release\bin\Release\logs\log_2026-07-30_02-10-03.txt",,
20,13_real_diversity_dense,C:\Users\mkkim\AppData\Local\Temp\tvbperf_qyrcxai4\run_00020.csv,8,2,0,20,1,1,1,0,assimp,../../../../../assets/scenes/unpacked/main_sponza/NewSponza_Main_glTF_003.gltf,60,600,1,0,2,../../../../../scripts/standard_camera.csv,10,0,0,60,0,captures,1,60,1920,1080,0,0,64,1,0.9,0,0,-3,0,0,0,0.1,1000,0.785,1,1,1,0,0,-1,1,1,0.5,1,1,1,256,1,100,total,1.17332,depth_prepass,0.04827,geometry,0.97362,lighting,0.09491,tonemap,0.03868,,0.00000,,0.00000,,0.00000,,0.00000,,0.00000,,0.00000,,0.00000,,0.00000,,0.00000,,0.00000,,0.00000,,0.00000,,0.00000,,0.00000,,0.00000,,0.00000,,0.00000,,0.00000,,0.00000,,0.00000,,0.00000,,0.00000,,0.00000,,0.00000,,0.00000,,0.00000,,0.00000,DonutDeferredPrepass,2026-07-30T02:10:03,playback,0.68413,1.14707,2.50038,1.17332,0.70128,0.82640,1.48547,2.06438,4,0,1,100,8,2,0,20,1,1,1,0,assimp,../../../../../assets/scenes/unpacked/main_sponza/NewSponza_Main_glTF_003.gltf,60,600,0,2,../../../../../scripts/standard_camera.csv,10,0,0,60,0,1,60,1920,1080,0,0,64,1.0,0.9,1,0.0,0.0,-3.0,0.0,0.0,0.0,0.1,1000.0,0.785,1,1,1,0,0,-1.0,1.0,1.0,0.5,1,1,256,1,100,13_real_diversity_dense,0,20,0,success,0,,"Scene CPU cache disabled; rebuilding source scene.
[FrameCounter] frames{720} measure_start{60} measure_end{660} sample_count{600} window_frames{60}
Saved CSV: C:\Users\mkkim\AppData\Local\Temp\tvbperf_qyrcxai4\run_00020.csv_20_result.csv
Log saved to: C:\Users\mkkim\myfolder\mydev1\VisibilityBufferInfo\out\build\x64-Release\bin\Release\logs\log_2026-07-30_02-10-23.txt",,
21,13_real_diversity_dense,C:\Users\mkkim\AppData\Local\Temp\tvbperf_qyrcxai4\run_00021.csv,9,2,0,21,1,1,1,0,assimp,../../../../../assets/scenes/unpacked/main_sponza/NewSponza_Main_glTF_003.gltf,60,600,1,0,2,../../../../../scripts/standard_camera.csv,10,0,0,60,0,captures,1,60,1920,1080,0,0,64,1,0.9,0,0,-3,0,0,0,0.1,1000,0.785,1,1,1,0,0,-1,1,1,0.5,1,1,1,256,1,100,total,1.22780,visibility,0.09246,visutil_histogram,0.02789,visutil_prefix,0.00252,visutil_flatten,0.04021,gbuffer,0.90550,lighting,0.09328,tonemap,0.03794,,0.00000,,0.00000,,0.00000,,0.00000,,0.00000,,0.00000,,0.00000,,0.00000,,0.00000,,0.00000,,0.00000,,0.00000,,0.00000,,0.00000,,0.00000,,0.00000,,0.00000,,0.00000,,0.00000,,0.00000,,0.00000,,0.00000,,0.00000,,0.00000,DonutVisGBuffer,2026-07-30T02:10:23,playback,0.77018,1.23005,1.78579,1.22780,0.82026,0.94723,1.50125,1.66144,4,0,1,100,9,2,0,21,1,1,1,0,assimp,../../../../../assets/scenes/unpacked/main_sponza/NewSponza_Main_glTF_003.gltf,60,600,0,2,../../../../../scripts/standard_camera.csv,10,0,0,60,0,1,60,1920,1080,0,0,64,1.0,0.9,1,0.0,0.0,-3.0,0.0,0.0,0.0,0.1,1000.0,0.785,1,1,1,0,0,-1.0,1.0,1.0,0.5,1,1,256,1,100,13_real_diversity_dense,0,21,0,success,0,,"Scene CPU cache disabled; rebuilding source scene.
[FrameCounter] frames{720} measure_start{60} measure_end{660} sample_count{600} window_frames{60}
Saved CSV: C:\Users\mkkim\AppData\Local\Temp\tvbperf_qyrcxai4\run_00021.csv_21_result.csv
Log saved to: C:\Users\mkkim\myfolder\mydev1\VisibilityBufferInfo\out\build\x64-Release\bin\Release\logs\log_2026-07-30_02-10-44.txt",,
22,13_real_diversity_dense,C:\Users\mkkim\AppData\Local\Temp\tvbperf_qyrcxai4\run_00022.csv,8,2,0,22,1,1,1,0,assimp,../../../../../assets/scenes/unpacked/main_sponza/NewSponza_Main_glTF_003.gltf,60,600,1,0,2,../../../../../scripts/standard_camera.csv,10,0,0,60,0,captures,1,60,1920,1080,0,0,64,1,0.95,0,0,-3,0,0,0,0.1,1000,0.785,1,1,1,0,0,-1,1,1,0.5,1,1,1,256,1,100,total,1.16074,depth_prepass,0.04726,geometry,0.96400,lighting,0.09445,tonemap,0.03841,,0.00000,,0.00000,,0.00000,,0.00000,,0.00000,,0.00000,,0.00000,,0.00000,,0.00000,,0.00000,,0.00000,,0.00000,,0.00000,,0.00000,,0.00000,,0.00000,,0.00000,,0.00000,,0.00000,,0.00000,,0.00000,,0.00000,,0.00000,,0.00000,,0.00000,,0.00000,,0.00000,DonutDeferredPrepass,2026-07-30T02:10:44,playback,0.69699,1.14131,2.35862,1.16074,0.71530,0.82566,1.46038,1.86419,4,0,1,100,8,2,0,22,1,1,1,0,assimp,../../../../../assets/scenes/unpacked/main_sponza/NewSponza_Main_glTF_003.gltf,60,600,0,2,../../../../../scripts/standard_camera.csv,10,0,0,60,0,1,60,1920,1080,0,0,64,1.0,0.95,1,0.0,0.0,-3.0,0.0,0.0,0.0,0.1,1000.0,0.785,1,1,1,0,0,-1.0,1.0,1.0,0.5,1,1,256,1,100,13_real_diversity_dense,0,22,0,success,0,,"Scene CPU cache disabled; rebuilding source scene.
[FrameCounter] frames{720} measure_start{60} measure_end{660} sample_count{600} window_frames{60}
Saved CSV: C:\Users\mkkim\AppData\Local\Temp\tvbperf_qyrcxai4\run_00022.csv_22_result.csv
Log saved to: C:\Users\mkkim\myfolder\mydev1\VisibilityBufferInfo\out\build\x64-Release\bin\Release\logs\log_2026-07-30_02-11-04.txt",,
23,13_real_diversity_dense,C:\Users\mkkim\AppData\Local\Temp\tvbperf_qyrcxai4\run_00023.csv,9,2,0,23,1,1,1,0,assimp,../../../../../assets/scenes/unpacked/main_sponza/NewSponza_Main_glTF_003.gltf,60,600,1,0,2,../../../../../scripts/standard_camera.csv,10,0,0,60,0,captures,1,60,1920,1080,0,0,64,1,0.95,0,0,-3,0,0,0,0.1,1000,0.785,1,1,1,0,0,-1,1,1,0.5,1,1,1,256,1,100,total,1.21175,visibility,0.09203,visutil_histogram,0.02788,visutil_prefix,0.00252,visutil_flatten,0.04021,gbuffer,0.89012,lighting,0.09300,tonemap,0.03789,,0.00000,,0.00000,,0.00000,,0.00000,,0.00000,,0.00000,,0.00000,,0.00000,,0.00000,,0.00000,,0.00000,,0.00000,,0.00000,,0.00000,,0.00000,,0.00000,,0.00000,,0.00000,,0.00000,,0.00000,,0.00000,,0.00000,,0.00000,,0.00000,DonutVisGBuffer,2026-07-30T02:11:04,playback,0.77165,1.21523,1.67888,1.21175,0.80803,0.94890,1.47178,1.64333,4,0,1,100,9,2,0,23,1,1,1,0,assimp,../../../../../assets/scenes/unpacked/main_sponza/NewSponza_Main_glTF_003.gltf,60,600,0,2,../../../../../scripts/standard_camera.csv,10,0,0,60,0,1,60,1920,1080,0,0,64,1.0,0.95,1,0.0,0.0,-3.0,0.0,0.0,0.0,0.1,1000.0,0.785,1,1,1,0,0,-1.0,1.0,1.0,0.5,1,1,256,1,100,13_real_diversity_dense,0,23,0,success,0,,"Scene CPU cache disabled; rebuilding source scene.
[FrameCounter] frames{720} measure_start{60} measure_end{660} sample_count{600} window_frames{60}
Saved CSV: C:\Users\mkkim\AppData\Local\Temp\tvbperf_qyrcxai4\run_00023.csv_23_result.csv
Log saved to: C:\Users\mkkim\myfolder\mydev1\VisibilityBufferInfo\out\build\x64-Release\bin\Release\logs\log_2026-07-30_02-11-25.txt",,
24,13_real_diversity_dense,C:\Users\mkkim\AppData\Local\Temp\tvbperf_qyrcxai4\run_00024.csv,8,2,0,24,1,1,1,0,assimp,../../../../../assets/scenes/unpacked/main_sponza/NewSponza_Main_glTF_003.gltf,60,600,1,0,2,../../../../../scripts/standard_camera.csv,10,0,0,60,0,captures,1,60,1920,1080,0,0,64,1,1,0,0,-3,0,0,0,0.1,1000,0.785,1,1,1,0,0,-1,1,1,0.5,1,1,1,256,1,100,total,1.13996,depth_prepass,0.04636,geometry,0.94389,lighting,0.09433,tonemap,0.03778,,0.00000,,0.00000,,0.00000,,0.00000,,0.00000,,0.00000,,0.00000,,0.00000,,0.00000,,0.00000,,0.00000,,0.00000,,0.00000,,0.00000,,0.00000,,0.00000,,0.00000,,0.00000,,0.00000,,0.00000,,0.00000,,0.00000,,0.00000,,0.00000,,0.00000,,0.00000,,0.00000,DonutDeferredPrepass,2026-07-30T02:11:26,playback,0.68339,1.12886,1.98074,1.13996,0.70378,0.83856,1.42858,1.65075,4,0,1,100,8,2,0,24,1,1,1,0,assimp,../../../../../assets/scenes/unpacked/main_sponza/NewSponza_Main_glTF_003.gltf,60,600,0,2,../../../../../scripts/standard_camera.csv,10,0,0,60,0,1,60,1920,1080,0,0,64,1.0,1.0,1,0.0,0.0,-3.0,0.0,0.0,0.0,0.1,1000.0,0.785,1,1,1,0,0,-1.0,1.0,1.0,0.5,1,1,256,1,100,13_real_diversity_dense,0,24,0,success,0,,"Scene CPU cache disabled; rebuilding source scene.
[FrameCounter] frames{720} measure_start{60} measure_end{660} sample_count{600} window_frames{60}
Saved CSV: C:\Users\mkkim\AppData\Local\Temp\tvbperf_qyrcxai4\run_00024.csv_24_result.csv
Log saved to: C:\Users\mkkim\myfolder\mydev1\VisibilityBufferInfo\out\build\x64-Release\bin\Release\logs\log_2026-07-30_02-11-46.txt",,
25,13_real_diversity_dense,C:\Users\mkkim\AppData\Local\Temp\tvbperf_qyrcxai4\run_00025.csv,9,2,0,25,1,1,1,0,assimp,../../../../../assets/scenes/unpacked/main_sponza/NewSponza_Main_glTF_003.gltf,60,600,1,0,2,../../../../../scripts/standard_camera.csv,10,0,0,60,0,captures,1,60,1920,1080,0,0,64,1,1,0,0,-3,0,0,0,0.1,1000,0.785,1,1,1,0,0,-1,1,1,0.5,1,1,1,256,1,100,total,1.26749,visibility,0.09669,visutil_histogram,0.02802,visutil_prefix,0.00254,visutil_flatten,0.04025,gbuffer,0.93691,lighting,0.09511,tonemap,0.04010,,0.00000,,0.00000,,0.00000,,0.00000,,0.00000,,0.00000,,0.00000,,0.00000,,0.00000,,0.00000,,0.00000,,0.00000,,0.00000,,0.00000,,0.00000,,0.00000,,0.00000,,0.00000,,0.00000,,0.00000,,0.00000,,0.00000,,0.00000,,0.00000,DonutVisGBuffer,2026-07-30T02:11:46,playback,0.79254,1.24259,2.26182,1.26749,0.82406,0.95776,1.60349,1.93856,4,0,1,100,9,2,0,25,1,1,1,0,assimp,../../../../../assets/scenes/unpacked/main_sponza/NewSponza_Main_glTF_003.gltf,60,600,0,2,../../../../../scripts/standard_camera.csv,10,0,0,60,0,1,60,1920,1080,0,0,64,1.0,1.0,1,0.0,0.0,-3.0,0.0,0.0,0.0,0.1,1000.0,0.785,1,1,1,0,0,-1.0,1.0,1.0,0.5,1,1,256,1,100,13_real_diversity_dense,0,25,0,success,0,,"Scene CPU cache disabled; rebuilding source scene.
[FrameCounter] frames{720} measure_start{60} measure_end{660} sample_count{600} window_frames{60}
Saved CSV: C:\Users\mkkim\AppData\Local\Temp\tvbperf_qyrcxai4\run_00025.csv_25_result.csv
Log saved to: C:\Users\mkkim\myfolder\mydev1\VisibilityBufferInfo\out\build\x64-Release\bin\Release\logs\log_2026-07-30_02-12-07.txt",,
26,13_real_diversity_dense,C:\Users\mkkim\AppData\Local\Temp\tvbperf_qyrcxai4\run_00026.csv,8,2,0,26,1,1,1,0,assimp,../../../../../assets/scenes/unpacked/main_sponza_ivy/NewSponza_Main_Ivy_glTF.gltf,60,600,1,0,2,../../../../../scripts/standard_camera.csv,10,0,0,60,0,captures,1,60,1920,1080,0,0,64,1,0,0,0,-3,0,0,0,0.1,1000,0.785,1,1,1,0,0,-1,1,1,0.5,1,1,1,256,1,100,total,1.29134,depth_prepass,0.11671,geometry,1.02240,lighting,0.09692,tonemap,0.03766,,0.00000,,0.00000,,0.00000,,0.00000,,0.00000,,0.00000,,0.00000,,0.00000,,0.00000,,0.00000,,0.00000,,0.00000,,0.00000,,0.00000,,0.00000,,0.00000,,0.00000,,0.00000,,0.00000,,0.00000,,0.00000,,0.00000,,0.00000,,0.00000,,0.00000,,0.00000,,0.00000,DonutDeferredPrepass,2026-07-30T02:12:07,playback,0.70288,1.18054,2.37021,1.29134,0.71373,0.82861,1.85187,2.11197,4,0,1,100,8,2,0,26,1,1,1,0,assimp,../../../../../assets/scenes/unpacked/main_sponza_ivy/NewSponza_Main_Ivy_glTF.gltf,60,600,0,2,../../../../../scripts/standard_camera.csv,10,0,0,60,0,1,60,1920,1080,0,0,64,1.0,0.0,1,0.0,0.0,-3.0,0.0,0.0,0.0,0.1,1000.0,0.785,1,1,1,0,0,-1.0,1.0,1.0,0.5,1,1,256,1,100,13_real_diversity_dense,0,26,0,success,0,,"Scene CPU cache disabled; rebuilding source scene.
[FrameCounter] frames{720} measure_start{60} measure_end{660} sample_count{600} window_frames{60}
Saved CSV: C:\Users\mkkim\AppData\Local\Temp\tvbperf_qyrcxai4\run_00026.csv_26_result.csv
Log saved to: C:\Users\mkkim\myfolder\mydev1\VisibilityBufferInfo\out\build\x64-Release\bin\Release\logs\log_2026-07-30_02-12-31.txt",,
27,13_real_diversity_dense,C:\Users\mkkim\AppData\Local\Temp\tvbperf_qyrcxai4\run_00027.csv,9,2,0,27,1,1,1,0,assimp,../../../../../assets/scenes/unpacked/main_sponza_ivy/NewSponza_Main_Ivy_glTF.gltf,60,600,1,0,2,../../../../../scripts/standard_camera.csv,10,0,0,60,0,captures,1,60,1920,1080,0,0,64,1,0,0,0,-3,0,0,0,0.1,1000,0.785,1,1,1,0,0,-1,1,1,0.5,1,1,1,256,1,100,total,1.64660,visibility,0.19841,visutil_histogram,0.02867,visutil_prefix,0.00264,visutil_flatten,0.03902,gbuffer,1.21420,lighting,0.09908,tonemap,0.03770,,0.00000,,0.00000,,0.00000,,0.00000,,0.00000,,0.00000,,0.00000,,0.00000,,0.00000,,0.00000,,0.00000,,0.00000,,0.00000,,0.00000,,0.00000,,0.00000,,0.00000,,0.00000,,0.00000,,0.00000,,0.00000,,0.00000,,0.00000,,0.00000,DonutVisGBuffer,2026-07-30T02:12:31,playback,0.78944,1.59274,3.10582,1.64660,0.82214,1.00755,2.32563,2.75658,4,0,1,100,9,2,0,27,1,1,1,0,assimp,../../../../../assets/scenes/unpacked/main_sponza_ivy/NewSponza_Main_Ivy_glTF.gltf,60,600,0,2,../../../../../scripts/standard_camera.csv,10,0,0,60,0,1,60,1920,1080,0,0,64,1.0,0.0,1,0.0,0.0,-3.0,0.0,0.0,0.0,0.1,1000.0,0.785,1,1,1,0,0,-1.0,1.0,1.0,0.5,1,1,256,1,100,13_real_diversity_dense,0,27,0,success,0,,"Scene CPU cache disabled; rebuilding source scene.
[FrameCounter] frames{720} measure_start{60} measure_end{660} sample_count{600} window_frames{60}
Saved CSV: C:\Users\mkkim\AppData\Local\Temp\tvbperf_qyrcxai4\run_00027.csv_27_result.csv
Log saved to: C:\Users\mkkim\myfolder\mydev1\VisibilityBufferInfo\out\build\x64-Release\bin\Release\logs\log_2026-07-30_02-12-57.txt",,
28,13_real_diversity_dense,C:\Users\mkkim\AppData\Local\Temp\tvbperf_qyrcxai4\run_00028.csv,8,2,0,28,1,1,1,0,assimp,../../../../../assets/scenes/unpacked/main_sponza_ivy/NewSponza_Main_Ivy_glTF.gltf,60,600,1,0,2,../../../../../scripts/standard_camera.csv,10,0,0,60,0,captures,1,60,1920,1080,0,0,64,1,0.05,0,0,-3,0,0,0,0.1,1000,0.785,1,1,1,0,0,-1,1,1,0.5,1,1,1,256,1,100,total,1.30643,depth_prepass,0.11899,geometry,1.03263,lighting,0.09597,tonemap,0.03791,,0.00000,,0.00000,,0.00000,,0.00000,,0.00000,,0.00000,,0.00000,,0.00000,,0.00000,,0.00000,,0.00000,,0.00000,,0.00000,,0.00000,,0.00000,,0.00000,,0.00000,,0.00000,,0.00000,,0.00000,,0.00000,,0.00000,,0.00000,,0.00000,,0.00000,,0.00000,,0.00000,DonutDeferredPrepass,2026-07-30T02:12:57,playback,0.70454,1.17187,2.81971,1.30643,0.71683,0.83216,1.87334,2.31530,4,0,1,100,8,2,0,28,1,1,1,0,assimp,../../../../../assets/scenes/unpacked/main_sponza_ivy/NewSponza_Main_Ivy_glTF.gltf,60,600,0,2,../../../../../scripts/standard_camera.csv,10,0,0,60,0,1,60,1920,1080,0,0,64,1.0,0.05,1,0.0,0.0,-3.0,0.0,0.0,0.0,0.1,1000.0,0.785,1,1,1,0,0,-1.0,1.0,1.0,0.5,1,1,256,1,100,13_real_diversity_dense,0,28,0,success,0,,"Scene CPU cache disabled; rebuilding source scene.
[FrameCounter] frames{720} measure_start{60} measure_end{660} sample_count{600} window_frames{60}
Saved CSV: C:\Users\mkkim\AppData\Local\Temp\tvbperf_qyrcxai4\run_00028.csv_28_result.csv
Log saved to: C:\Users\mkkim\myfolder\mydev1\VisibilityBufferInfo\out\build\x64-Release\bin\Release\logs\log_2026-07-30_02-13-21.txt",,
29,13_real_diversity_dense,C:\Users\mkkim\AppData\Local\Temp\tvbperf_qyrcxai4\run_00029.csv,9,2,0,29,1,1,1,0,assimp,../../../../../assets/scenes/unpacked/main_sponza_ivy/NewSponza_Main_Ivy_glTF.gltf,60,600,1,0,2,../../../../../scripts/standard_camera.csv,10,0,0,60,0,captures,1,60,1920,1080,0,0,64,1,0.05,0,0,-3,0,0,0,0.1,1000,0.785,1,1,1,0,0,-1,1,1,0.5,1,1,1,256,1,100,total,1.67908,visibility,0.19841,visutil_histogram,0.02867,visutil_prefix,0.00242,visutil_flatten,0.03908,gbuffer,1.24558,lighting,0.09768,tonemap,0.03781,,0.00000,,0.00000,,0.00000,,0.00000,,0.00000,,0.00000,,0.00000,,0.00000,,0.00000,,0.00000,,0.00000,,0.00000,,0.00000,,0.00000,,0.00000,,0.00000,,0.00000,,0.00000,,0.00000,,0.00000,,0.00000,,0.00000,,0.00000,,0.00000,DonutVisGBuffer,2026-07-30T02:13:21,playback,0.79363,1.63245,3.14563,1.67908,0.82774,1.02067,2.36822,2.84445,4,0,1,100,9,2,0,29,1,1,1,0,assimp,../../../../../assets/scenes/unpacked/main_sponza_ivy/NewSponza_Main_Ivy_glTF.gltf,60,600,0,2,../../../../../scripts/standard_camera.csv,10,0,0,60,0,1,60,1920,1080,0,0,64,1.0,0.05,1,0.0,0.0,-3.0,0.0,0.0,0.0,0.1,1000.0,0.785,1,1,1,0,0,-1.0,1.0,1.0,0.5,1,1,256,1,100,13_real_diversity_dense,0,29,0,success,0,,"Scene CPU cache disabled; rebuilding source scene.
[FrameCounter] frames{720} measure_start{60} measure_end{660} sample_count{600} window_frames{60}
Saved CSV: C:\Users\mkkim\AppData\Local\Temp\tvbperf_qyrcxai4\run_00029.csv_29_result.csv
Log saved to: C:\Users\mkkim\myfolder\mydev1\VisibilityBufferInfo\out\build\x64-Release\bin\Release\logs\log_2026-07-30_02-13-46.txt",,
30,13_real_diversity_dense,C:\Users\mkkim\AppData\Local\Temp\tvbperf_qyrcxai4\run_00030.csv,8,2,0,30,1,1,1,0,assimp,../../../../../assets/scenes/unpacked/main_sponza_ivy/NewSponza_Main_Ivy_glTF.gltf,60,600,1,0,2,../../../../../scripts/standard_camera.csv,10,0,0,60,0,captures,1,60,1920,1080,0,0,64,1,0.1,0,0,-3,0,0,0,0.1,1000,0.785,1,1,1,0,0,-1,1,1,0.5,1,1,1,256,1,100,total,1.35657,depth_prepass,0.12976,geometry,1.07178,lighting,0.09786,tonemap,0.03851,,0.00000,,0.00000,,0.00000,,0.00000,,0.00000,,0.00000,,0.00000,,0.00000,,0.00000,,0.00000,,0.00000,,0.00000,,0.00000,,0.00000,,0.00000,,0.00000,,0.00000,,0.00000,,0.00000,,0.00000,,0.00000,,0.00000,,0.00000,,0.00000,,0.00000,,0.00000,,0.00000,DonutDeferredPrepass,2026-07-30T02:13:47,playback,0.70275,1.16531,3.44189,1.35657,0.71392,0.82979,2.00474,3.06573,4,0,1,100,8,2,0,30,1,1,1,0,assimp,../../../../../assets/scenes/unpacked/main_sponza_ivy/NewSponza_Main_Ivy_glTF.gltf,60,600,0,2,../../../../../scripts/standard_camera.csv,10,0,0,60,0,1,60,1920,1080,0,0,64,1.0,0.1,1,0.0,0.0,-3.0,0.0,0.0,0.0,0.1,1000.0,0.785,1,1,1,0,0,-1.0,1.0,1.0,0.5,1,1,256,1,100,13_real_diversity_dense,0,30,0,success,0,,"Scene CPU cache disabled; rebuilding source scene.
[FrameCounter] frames{720} measure_start{60} measure_end{660} sample_count{600} window_frames{60}
Saved CSV: C:\Users\mkkim\AppData\Local\Temp\tvbperf_qyrcxai4\run_00030.csv_30_result.csv
Log saved to: C:\Users\mkkim\myfolder\mydev1\VisibilityBufferInfo\out\build\x64-Release\bin\Release\logs\log_2026-07-30_02-14-11.txt",,
31,13_real_diversity_dense,C:\Users\mkkim\AppData\Local\Temp\tvbperf_qyrcxai4\run_00031.csv,9,2,0,31,1,1,1,0,assimp,../../../../../assets/scenes/unpacked/main_sponza_ivy/NewSponza_Main_Ivy_glTF.gltf,60,600,1,0,2,../../../../../scripts/standard_camera.csv,10,0,0,60,0,captures,1,60,1920,1080,0,0,64,1,0.1,0,0,-3,0,0,0,0.1,1000,0.785,1,1,1,0,0,-1,1,1,0.5,1,1,1,256,1,100,total,1.68703,visibility,0.19899,visutil_histogram,0.02864,visutil_prefix,0.00269,visutil_flatten,0.03898,gbuffer,1.25419,lighting,0.09734,tonemap,0.03790,,0.00000,,0.00000,,0.00000,,0.00000,,0.00000,,0.00000,,0.00000,,0.00000,,0.00000,,0.00000,,0.00000,,0.00000,,0.00000,,0.00000,,0.00000,,0.00000,,0.00000,,0.00000,,0.00000,,0.00000,,0.00000,,0.00000,,0.00000,,0.00000,DonutVisGBuffer,2026-07-30T02:14:11,playback,0.79738,1.64666,3.41277,1.68703,0.82224,1.02394,2.36285,2.85184,4,0,1,100,9,2,0,31,1,1,1,0,assimp,../../../../../assets/scenes/unpacked/main_sponza_ivy/NewSponza_Main_Ivy_glTF.gltf,60,600,0,2,../../../../../scripts/standard_camera.csv,10,0,0,60,0,1,60,1920,1080,0,0,64,1.0,0.1,1,0.0,0.0,-3.0,0.0,0.0,0.0,0.1,1000.0,0.785,1,1,1,0,0,-1.0,1.0,1.0,0.5,1,1,256,1,100,13_real_diversity_dense,0,31,0,success,0,,"Scene CPU cache disabled; rebuilding source scene.
[FrameCounter] frames{720} measure_start{60} measure_end{660} sample_count{600} window_frames{60}
Saved CSV: C:\Users\mkkim\AppData\Local\Temp\tvbperf_qyrcxai4\run_00031.csv_31_result.csv
Log saved to: C:\Users\mkkim\myfolder\mydev1\VisibilityBufferInfo\out\build\x64-Release\bin\Release\logs\log_2026-07-30_02-14-36.txt",,
32,13_real_diversity_dense,C:\Users\mkkim\AppData\Local\Temp\tvbperf_qyrcxai4\run_00032.csv,8,2,0,32,1,1,1,0,assimp,../../../../../assets/scenes/unpacked/main_sponza_ivy/NewSponza_Main_Ivy_glTF.gltf,60,600,1,0,2,../../../../../scripts/standard_camera.csv,10,0,0,60,0,captures,1,60,1920,1080,0,0,64,1,0.2,0,0,-3,0,0,0,0.1,1000,0.785,1,1,1,0,0,-1,1,1,0.5,1,1,1,256,1,100,total,1.29567,depth_prepass,0.11672,geometry,1.02467,lighting,0.09737,tonemap,0.03769,,0.00000,,0.00000,,0.00000,,0.00000,,0.00000,,0.00000,,0.00000,,0.00000,,0.00000,,0.00000,,0.00000,,0.00000,,0.00000,,0.00000,,0.00000,,0.00000,,0.00000,,0.00000,,0.00000,,0.00000,,0.00000,,0.00000,,0.00000,,0.00000,,0.00000,,0.00000,,0.00000,DonutDeferredPrepass,2026-07-30T02:14:36,playback,0.70304,1.17718,2.30291,1.29567,0.71286,0.83174,1.85424,2.20454,4,0,1,100,8,2,0,32,1,1,1,0,assimp,../../../../../assets/scenes/unpacked/main_sponza_ivy/NewSponza_Main_Ivy_glTF.gltf,60,600,0,2,../../../../../scripts/standard_camera.csv,10,0,0,60,0,1,60,1920,1080,0,0,64,1.0,0.2,1,0.0,0.0,-3.0,0.0,0.0,0.0,0.1,1000.0,0.785,1,1,1,0,0,-1.0,1.0,1.0,0.5,1,1,256,1,100,13_real_diversity_dense,0,32,0,success,0,,"Scene CPU cache disabled; rebuilding source scene.
[FrameCounter] frames{720} measure_start{60} measure_end{660} sample_count{600} window_frames{60}
Saved CSV: C:\Users\mkkim\AppData\Local\Temp\tvbperf_qyrcxai4\run_00032.csv_32_result.csv
Log saved to: C:\Users\mkkim\myfolder\mydev1\VisibilityBufferInfo\out\build\x64-Release\bin\Release\logs\log_2026-07-30_02-15-01.txt",,
33,13_real_diversity_dense,C:\Users\mkkim\AppData\Local\Temp\tvbperf_qyrcxai4\run_00033.csv,9,2,0,33,1,1,1,0,assimp,../../../../../assets/scenes/unpacked/main_sponza_ivy/NewSponza_Main_Ivy_glTF.gltf,60,600,1,0,2,../../../../../scripts/standard_camera.csv,10,0,0,60,0,captures,1,60,1920,1080,0,0,64,1,0.2,0,0,-3,0,0,0,0.1,1000,0.785,1,1,1,0,0,-1,1,1,0.5,1,1,1,256,1,100,total,1.66596,visibility,0.20821,visutil_histogram,0.02892,visutil_prefix,0.00262,visutil_flatten,0.03944,gbuffer,1.22202,lighting,0.09847,tonemap,0.03867,,0.00000,,0.00000,,0.00000,,0.00000,,0.00000,,0.00000,,0.00000,,0.00000,,0.00000,,0.00000,,0.00000,,0.00000,,0.00000,,0.00000,,0.00000,,0.00000,,0.00000,,0.00000,,0.00000,,0.00000,,0.00000,,0.00000,,0.00000,,0.00000,DonutVisGBuffer,2026-07-30T02:15:01,playback,0.79907,1.58294,3.32701,1.66596,0.82262,1.01542,2.39696,3.14602,4,0,1,100,9,2,0,33,1,1,1,0,assimp,../../../../../assets/scenes/unpacked/main_sponza_ivy/NewSponza_Main_Ivy_glTF.gltf,60,600,0,2,../../../../../scripts/standard_camera.csv,10,0,0,60,0,1,60,1920,1080,0,0,64,1.0,0.2,1,0.0,0.0,-3.0,0.0,0.0,0.0,0.1,1000.0,0.785,1,1,1,0,0,-1.0,1.0,1.0,0.5,1,1,256,1,100,13_real_diversity_dense,0,33,0,success,0,,"Scene CPU cache disabled; rebuilding source scene.
[FrameCounter] frames{720} measure_start{60} measure_end{660} sample_count{600} window_frames{60}
Saved CSV: C:\Users\mkkim\AppData\Local\Temp\tvbperf_qyrcxai4\run_00033.csv_33_result.csv
Log saved to: C:\Users\mkkim\myfolder\mydev1\VisibilityBufferInfo\out\build\x64-Release\bin\Release\logs\log_2026-07-30_02-15-26.txt",,
34,13_real_diversity_dense,C:\Users\mkkim\AppData\Local\Temp\tvbperf_qyrcxai4\run_00034.csv,8,2,0,34,1,1,1,0,assimp,../../../../../assets/scenes/unpacked/main_sponza_ivy/NewSponza_Main_Ivy_glTF.gltf,60,600,1,0,2,../../../../../scripts/standard_camera.csv,10,0,0,60,0,captures,1,60,1920,1080,0,0,64,1,0.3,0,0,-3,0,0,0,0.1,1000,0.785,1,1,1,0,0,-1,1,1,0.5,1,1,1,256,1,100,total,1.27584,depth_prepass,0.11691,geometry,1.00415,lighting,0.09671,tonemap,0.03764,,0.00000,,0.00000,,0.00000,,0.00000,,0.00000,,0.00000,,0.00000,,0.00000,,0.00000,,0.00000,,0.00000,,0.00000,,0.00000,,0.00000,,0.00000,,0.00000,,0.00000,,0.00000,,0.00000,,0.00000,,0.00000,,0.00000,,0.00000,,0.00000,,0.00000,,0.00000,,0.00000,DonutDeferredPrepass,2026-07-30T02:15:26,playback,0.70266,1.14778,2.50448,1.27584,0.71142,0.82765,1.84842,2.20240,4,0,1,100,8,2,0,34,1,1,1,0,assimp,../../../../../assets/scenes/unpacked/main_sponza_ivy/NewSponza_Main_Ivy_glTF.gltf,60,600,0,2,../../../../../scripts/standard_camera.csv,10,0,0,60,0,1,60,1920,1080,0,0,64,1.0,0.3,1,0.0,0.0,-3.0,0.0,0.0,0.0,0.1,1000.0,0.785,1,1,1,0,0,-1.0,1.0,1.0,0.5,1,1,256,1,100,13_real_diversity_dense,0,34,0,success,0,,"Scene CPU cache disabled; rebuilding source scene.
[FrameCounter] frames{720} measure_start{60} measure_end{660} sample_count{600} window_frames{60}
Saved CSV: C:\Users\mkkim\AppData\Local\Temp\tvbperf_qyrcxai4\run_00034.csv_34_result.csv
Log saved to: C:\Users\mkkim\myfolder\mydev1\VisibilityBufferInfo\out\build\x64-Release\bin\Release\logs\log_2026-07-30_02-15-50.txt",,
35,13_real_diversity_dense,C:\Users\mkkim\AppData\Local\Temp\tvbperf_qyrcxai4\run_00035.csv,9,2,0,35,1,1,1,0,assimp,../../../../../assets/scenes/unpacked/main_sponza_ivy/NewSponza_Main_Ivy_glTF.gltf,60,600,1,0,2,../../../../../scripts/standard_camera.csv,10,0,0,60,0,captures,1,60,1920,1080,0,0,64,1,0.3,0,0,-3,0,0,0,0.1,1000,0.785,1,1,1,0,0,-1,1,1,0.5,1,1,1,256,1,100,total,1.48381,visibility,0.21400,visutil_histogram,0.02922,visutil_prefix,0.00258,visutil_flatten,0.03972,gbuffer,1.03234,lighting,0.09885,tonemap,0.03920,,0.00000,,0.00000,,0.00000,,0.00000,,0.00000,,0.00000,,0.00000,,0.00000,,0.00000,,0.00000,,0.00000,,0.00000,,0.00000,,0.00000,,0.00000,,0.00000,,0.00000,,0.00000,,0.00000,,0.00000,,0.00000,,0.00000,,0.00000,,0.00000,DonutVisGBuffer,2026-07-30T02:15:50,playback,0.80570,1.36710,3.24557,1.48381,0.82832,0.95523,2.08877,2.72115,4,0,1,100,9,2,0,35,1,1,1,0,assimp,../../../../../assets/scenes/unpacked/main_sponza_ivy/NewSponza_Main_Ivy_glTF.gltf,60,600,0,2,../../../../../scripts/standard_camera.csv,10,0,0,60,0,1,60,1920,1080,0,0,64,1.0,0.3,1,0.0,0.0,-3.0,0.0,0.0,0.0,0.1,1000.0,0.785,1,1,1,0,0,-1.0,1.0,1.0,0.5,1,1,256,1,100,13_real_diversity_dense,0,35,0,success,0,,"Scene CPU cache disabled; rebuilding source scene.
[FrameCounter] frames{720} measure_start{60} measure_end{660} sample_count{600} window_frames{60}
Saved CSV: C:\Users\mkkim\AppData\Local\Temp\tvbperf_qyrcxai4\run_00035.csv_35_result.csv
Log saved to: C:\Users\mkkim\myfolder\mydev1\VisibilityBufferInfo\out\build\x64-Release\bin\Release\logs\log_2026-07-30_02-16-16.txt",,
36,13_real_diversity_dense,C:\Users\mkkim\AppData\Local\Temp\tvbperf_qyrcxai4\run_00036.csv,8,2,0,36,1,1,1,0,assimp,../../../../../assets/scenes/unpacked/main_sponza_ivy/NewSponza_Main_Ivy_glTF.gltf,60,600,1,0,2,../../../../../scripts/standard_camera.csv,10,0,0,60,0,captures,1,60,1920,1080,0,0,64,1,0.4,0,0,-3,0,0,0,0.1,1000,0.785,1,1,1,0,0,-1,1,1,0.5,1,1,1,256,1,100,total,1.29318,depth_prepass,0.11697,geometry,1.02260,lighting,0.09693,tonemap,0.03763,,0.00000,,0.00000,,0.00000,,0.00000,,0.00000,,0.00000,,0.00000,,0.00000,,0.00000,,0.00000,,0.00000,,0.00000,,0.00000,,0.00000,,0.00000,,0.00000,,0.00000,,0.00000,,0.00000,,0.00000,,0.00000,,0.00000,,0.00000,,0.00000,,0.00000,,0.00000,,0.00000,DonutDeferredPrepass,2026-07-30T02:16:16,playback,0.70288,1.17110,2.49280,1.29318,0.71830,0.82682,1.85648,2.14454,4,0,1,100,8,2,0,36,1,1,1,0,assimp,../../../../../assets/scenes/unpacked/main_sponza_ivy/NewSponza_Main_Ivy_glTF.gltf,60,600,0,2,../../../../../scripts/standard_camera.csv,10,0,0,60,0,1,60,1920,1080,0,0,64,1.0,0.4,1,0.0,0.0,-3.0,0.0,0.0,0.0,0.1,1000.0,0.785,1,1,1,0,0,-1.0,1.0,1.0,0.5,1,1,256,1,100,13_real_diversity_dense,0,36,0,success,0,,"Scene CPU cache disabled; rebuilding source scene.
[FrameCounter] frames{720} measure_start{60} measure_end{660} sample_count{600} window_frames{60}
Saved CSV: C:\Users\mkkim\AppData\Local\Temp\tvbperf_qyrcxai4\run_00036.csv_36_result.csv
Log saved to: C:\Users\mkkim\myfolder\mydev1\VisibilityBufferInfo\out\build\x64-Release\bin\Release\logs\log_2026-07-30_02-16-40.txt",,
37,13_real_diversity_dense,C:\Users\mkkim\AppData\Local\Temp\tvbperf_qyrcxai4\run_00037.csv,9,2,0,37,1,1,1,0,assimp,../../../../../assets/scenes/unpacked/main_sponza_ivy/NewSponza_Main_Ivy_glTF.gltf,60,600,1,0,2,../../../../../scripts/standard_camera.csv,10,0,0,60,0,captures,1,60,1920,1080,0,0,64,1,0.4,0,0,-3,0,0,0,0.1,1000,0.785,1,1,1,0,0,-1,1,1,0.5,1,1,1,256,1,100,total,1.46317,visibility,0.21435,visutil_histogram,0.02957,visutil_prefix,0.00257,visutil_flatten,0.03978,gbuffer,1.01177,lighting,0.09830,tonemap,0.03924,,0.00000,,0.00000,,0.00000,,0.00000,,0.00000,,0.00000,,0.00000,,0.00000,,0.00000,,0.00000,,0.00000,,0.00000,,0.00000,,0.00000,,0.00000,,0.00000,,0.00000,,0.00000,,0.00000,,0.00000,,0.00000,,0.00000,,0.00000,,0.00000,DonutVisGBuffer,2026-07-30T02:16:40,playback,0.79706,1.34826,2.94429,1.46317,0.83142,0.95066,2.03014,2.68362,4,0,1,100,9,2,0,37,1,1,1,0,assimp,../../../../../assets/scenes/unpacked/main_sponza_ivy/NewSponza_Main_Ivy_glTF.gltf,60,600,0,2,../../../../../scripts/standard_camera.csv,10,0,0,60,0,1,60,1920,1080,0,0,64,1.0,0.4,1,0.0,0.0,-3.0,0.0,0.0,0.0,0.1,1000.0,0.785,1,1,1,0,0,-1.0,1.0,1.0,0.5,1,1,256,1,100,13_real_diversity_dense,0,37,0,success,0,,"Scene CPU cache disabled; rebuilding source scene.
[FrameCounter] frames{720} measure_start{60} measure_end{660} sample_count{600} window_frames{60}
Saved CSV: C:\Users\mkkim\AppData\Local\Temp\tvbperf_qyrcxai4\run_00037.csv_37_result.csv
Log saved to: C:\Users\mkkim\myfolder\mydev1\VisibilityBufferInfo\out\build\x64-Release\bin\Release\logs\log_2026-07-30_02-17-05.txt",,
38,13_real_diversity_dense,C:\Users\mkkim\AppData\Local\Temp\tvbperf_qyrcxai4\run_00038.csv,8,2,0,38,1,1,1,0,assimp,../../../../../assets/scenes/unpacked/main_sponza_ivy/NewSponza_Main_Ivy_glTF.gltf,60,600,1,0,2,../../../../../scripts/standard_camera.csv,10,0,0,60,0,captures,1,60,1920,1080,0,0,64,1,0.5,0,0,-3,0,0,0,0.1,1000,0.785,1,1,1,0,0,-1,1,1,0.5,1,1,1,256,1,100,total,1.29511,depth_prepass,0.12048,geometry,1.02159,lighting,0.09669,tonemap,0.03810,,0.00000,,0.00000,,0.00000,,0.00000,,0.00000,,0.00000,,0.00000,,0.00000,,0.00000,,0.00000,,0.00000,,0.00000,,0.00000,,0.00000,,0.00000,,0.00000,,0.00000,,0.00000,,0.00000,,0.00000,,0.00000,,0.00000,,0.00000,,0.00000,,0.00000,,0.00000,,0.00000,DonutDeferredPrepass,2026-07-30T02:17:05,playback,0.70467,1.15654,3.07274,1.29511,0.71354,0.82250,1.86627,2.77510,4,0,1,100,8,2,0,38,1,1,1,0,assimp,../../../../../assets/scenes/unpacked/main_sponza_ivy/NewSponza_Main_Ivy_glTF.gltf,60,600,0,2,../../../../../scripts/standard_camera.csv,10,0,0,60,0,1,60,1920,1080,0,0,64,1.0,0.5,1,0.0,0.0,-3.0,0.0,0.0,0.0,0.1,1000.0,0.785,1,1,1,0,0,-1.0,1.0,1.0,0.5,1,1,256,1,100,13_real_diversity_dense,0,38,0,success,0,,"Scene CPU cache disabled; rebuilding source scene.
[FrameCounter] frames{720} measure_start{60} measure_end{660} sample_count{600} window_frames{60}
Saved CSV: C:\Users\mkkim\AppData\Local\Temp\tvbperf_qyrcxai4\run_00038.csv_38_result.csv
Log saved to: C:\Users\mkkim\myfolder\mydev1\VisibilityBufferInfo\out\build\x64-Release\bin\Release\logs\log_2026-07-30_02-17-30.txt",,
39,13_real_diversity_dense,C:\Users\mkkim\AppData\Local\Temp\tvbperf_qyrcxai4\run_00039.csv,9,2,0,39,1,1,1,0,assimp,../../../../../assets/scenes/unpacked/main_sponza_ivy/NewSponza_Main_Ivy_glTF.gltf,60,600,1,0,2,../../../../../scripts/standard_camera.csv,10,0,0,60,0,captures,1,60,1920,1080,0,0,64,1,0.5,0,0,-3,0,0,0,0.1,1000,0.785,1,1,1,0,0,-1,1,1,0.5,1,1,1,256,1,100,total,1.44646,visibility,0.20876,visutil_histogram,0.02931,visutil_prefix,0.00236,visutil_flatten,0.03999,gbuffer,0.99837,lighting,0.09886,tonemap,0.03884,,0.00000,,0.00000,,0.00000,,0.00000,,0.00000,,0.00000,,0.00000,,0.00000,,0.00000,,0.00000,,0.00000,,0.00000,,0.00000,,0.00000,,0.00000,,0.00000,,0.00000,,0.00000,,0.00000,,0.00000,,0.00000,,0.00000,,0.00000,,0.00000,DonutVisGBuffer,2026-07-30T02:17:30,playback,0.80982,1.38704,2.78877,1.44646,0.82874,0.96618,1.94474,2.47843,4,0,1,100,9,2,0,39,1,1,1,0,assimp,../../../../../assets/scenes/unpacked/main_sponza_ivy/NewSponza_Main_Ivy_glTF.gltf,60,600,0,2,../../../../../scripts/standard_camera.csv,10,0,0,60,0,1,60,1920,1080,0,0,64,1.0,0.5,1,0.0,0.0,-3.0,0.0,0.0,0.0,0.1,1000.0,0.785,1,1,1,0,0,-1.0,1.0,1.0,0.5,1,1,256,1,100,13_real_diversity_dense,0,39,0,success,0,,"Scene CPU cache disabled; rebuilding source scene.
[FrameCounter] frames{720} measure_start{60} measure_end{660} sample_count{600} window_frames{60}
Saved CSV: C:\Users\mkkim\AppData\Local\Temp\tvbperf_qyrcxai4\run_00039.csv_39_result.csv
Log saved to: C:\Users\mkkim\myfolder\mydev1\VisibilityBufferInfo\out\build\x64-Release\bin\Release\logs\log_2026-07-30_02-17-55.txt",,
40,13_real_diversity_dense,C:\Users\mkkim\AppData\Local\Temp\tvbperf_qyrcxai4\run_00040.csv,8,2,0,40,1,1,1,0,assimp,../../../../../assets/scenes/unpacked/main_sponza_ivy/NewSponza_Main_Ivy_glTF.gltf,60,600,1,0,2,../../../../../scripts/standard_camera.csv,10,0,0,60,0,captures,1,60,1920,1080,0,0,64,1,0.6,0,0,-3,0,0,0,0.1,1000,0.785,1,1,1,0,0,-1,1,1,0.5,1,1,1,256,1,100,total,1.34151,depth_prepass,0.12918,geometry,1.05919,lighting,0.09607,tonemap,0.03859,,0.00000,,0.00000,,0.00000,,0.00000,,0.00000,,0.00000,,0.00000,,0.00000,,0.00000,,0.00000,,0.00000,,0.00000,,0.00000,,0.00000,,0.00000,,0.00000,,0.00000,,0.00000,,0.00000,,0.00000,,0.00000,,0.00000,,0.00000,,0.00000,,0.00000,,0.00000,,0.00000,DonutDeferredPrepass,2026-07-30T02:17:55,playback,0.70000,1.16416,3.25699,1.34151,0.71546,0.82387,1.93216,3.06381,4,0,1,100,8,2,0,40,1,1,1,0,assimp,../../../../../assets/scenes/unpacked/main_sponza_ivy/NewSponza_Main_Ivy_glTF.gltf,60,600,0,2,../../../../../scripts/standard_camera.csv,10,0,0,60,0,1,60,1920,1080,0,0,64,1.0,0.6,1,0.0,0.0,-3.0,0.0,0.0,0.0,0.1,1000.0,0.785,1,1,1,0,0,-1.0,1.0,1.0,0.5,1,1,256,1,100,13_real_diversity_dense,0,40,0,success,0,,"Scene CPU cache disabled; rebuilding source scene.
[FrameCounter] frames{720} measure_start{60} measure_end{660} sample_count{600} window_frames{60}
Saved CSV: C:\Users\mkkim\AppData\Local\Temp\tvbperf_qyrcxai4\run_00040.csv_40_result.csv
Log saved to: C:\Users\mkkim\myfolder\mydev1\VisibilityBufferInfo\out\build\x64-Release\bin\Release\logs\log_2026-07-30_02-18-21.txt",,
41,13_real_diversity_dense,C:\Users\mkkim\AppData\Local\Temp\tvbperf_qyrcxai4\run_00041.csv,9,2,0,41,1,1,1,0,assimp,../../../../../assets/scenes/unpacked/main_sponza_ivy/NewSponza_Main_Ivy_glTF.gltf,60,600,1,0,2,../../../../../scripts/standard_camera.csv,10,0,0,60,0,captures,1,60,1920,1080,0,0,64,1,0.6,0,0,-3,0,0,0,0.1,1000,0.785,1,1,1,0,0,-1,1,1,0.5,1,1,1,256,1,100,total,1.46895,visibility,0.21506,visutil_histogram,0.02944,visutil_prefix,0.00255,visutil_flatten,0.04034,gbuffer,1.01517,lighting,0.09977,tonemap,0.03937,,0.00000,,0.00000,,0.00000,,0.00000,,0.00000,,0.00000,,0.00000,,0.00000,,0.00000,,0.00000,,0.00000,,0.00000,,0.00000,,0.00000,,0.00000,,0.00000,,0.00000,,0.00000,,0.00000,,0.00000,,0.00000,,0.00000,,0.00000,,0.00000,DonutVisGBuffer,2026-07-30T02:18:21,playback,0.79507,1.37866,2.80064,1.46895,0.83414,0.95533,1.97504,2.55738,4,0,1,100,9,2,0,41,1,1,1,0,assimp,../../../../../assets/scenes/unpacked/main_sponza_ivy/NewSponza_Main_Ivy_glTF.gltf,60,600,0,2,../../../../../scripts/standard_camera.csv,10,0,0,60,0,1,60,1920,1080,0,0,64,1.0,0.6,1,0.0,0.0,-3.0,0.0,0.0,0.0,0.1,1000.0,0.785,1,1,1,0,0,-1.0,1.0,1.0,0.5,1,1,256,1,100,13_real_diversity_dense,0,41,0,success,0,,"Scene CPU cache disabled; rebuilding source scene.
[FrameCounter] frames{720} measure_start{60} measure_end{660} sample_count{600} window_frames{60}
Saved CSV: C:\Users\mkkim\AppData\Local\Temp\tvbperf_qyrcxai4\run_00041.csv_41_result.csv
Log saved to: C:\Users\mkkim\myfolder\mydev1\VisibilityBufferInfo\out\build\x64-Release\bin\Release\logs\log_2026-07-30_02-18-47.txt",,
42,13_real_diversity_dense,C:\Users\mkkim\AppData\Local\Temp\tvbperf_qyrcxai4\run_00042.csv,8,2,0,42,1,1,1,0,assimp,../../../../../assets/scenes/unpacked/main_sponza_ivy/NewSponza_Main_Ivy_glTF.gltf,60,600,1,0,2,../../../../../scripts/standard_camera.csv,10,0,0,60,0,captures,1,60,1920,1080,0,0,64,1,0.7,0,0,-3,0,0,0,0.1,1000,0.785,1,1,1,0,0,-1,1,1,0.5,1,1,1,256,1,100,total,1.29049,depth_prepass,0.11673,geometry,1.02122,lighting,0.09687,tonemap,0.03764,,0.00000,,0.00000,,0.00000,,0.00000,,0.00000,,0.00000,,0.00000,,0.00000,,0.00000,,0.00000,,0.00000,,0.00000,,0.00000,,0.00000,,0.00000,,0.00000,,0.00000,,0.00000,,0.00000,,0.00000,,0.00000,,0.00000,,0.00000,,0.00000,,0.00000,,0.00000,,0.00000,DonutDeferredPrepass,2026-07-30T02:18:47,playback,0.70358,1.17322,2.53846,1.29049,0.71546,0.82816,1.84986,2.17968,4,0,1,100,8,2,0,42,1,1,1,0,assimp,../../../../../assets/scenes/unpacked/main_sponza_ivy/NewSponza_Main_Ivy_glTF.gltf,60,600,0,2,../../../../../scripts/standard_camera.csv,10,0,0,60,0,1,60,1920,1080,0,0,64,1.0,0.7,1,0.0,0.0,-3.0,0.0,0.0,0.0,0.1,1000.0,0.785,1,1,1,0,0,-1.0,1.0,1.0,0.5,1,1,256,1,100,13_real_diversity_dense,0,42,0,success,0,,"Scene CPU cache disabled; rebuilding source scene.
[FrameCounter] frames{720} measure_start{60} measure_end{660} sample_count{600} window_frames{60}
Saved CSV: C:\Users\mkkim\AppData\Local\Temp\tvbperf_qyrcxai4\run_00042.csv_42_result.csv
Log saved to: C:\Users\mkkim\myfolder\mydev1\VisibilityBufferInfo\out\build\x64-Release\bin\Release\logs\log_2026-07-30_02-19-12.txt",,
43,13_real_diversity_dense,C:\Users\mkkim\AppData\Local\Temp\tvbperf_qyrcxai4\run_00043.csv,9,2,0,43,1,1,1,0,assimp,../../../../../assets/scenes/unpacked/main_sponza_ivy/NewSponza_Main_Ivy_glTF.gltf,60,600,1,0,2,../../../../../scripts/standard_camera.csv,10,0,0,60,0,captures,1,60,1920,1080,0,0,64,1,0.7,0,0,-3,0,0,0,0.1,1000,0.785,1,1,1,0,0,-1,1,1,0.5,1,1,1,256,1,100,total,1.39932,visibility,0.20068,visutil_histogram,0.02923,visutil_prefix,0.00258,visutil_flatten,0.04008,gbuffer,0.96442,lighting,0.09656,tonemap,0.03813,,0.00000,,0.00000,,0.00000,,0.00000,,0.00000,,0.00000,,0.00000,,0.00000,,0.00000,,0.00000,,0.00000,,0.00000,,0.00000,,0.00000,,0.00000,,0.00000,,0.00000,,0.00000,,0.00000,,0.00000,,0.00000,,0.00000,,0.00000,,0.00000,DonutVisGBuffer,2026-07-30T02:19:12,playback,0.79152,1.34074,2.40579,1.39932,0.83696,0.96445,1.81795,2.28832,4,0,1,100,9,2,0,43,1,1,1,0,assimp,../../../../../assets/scenes/unpacked/main_sponza_ivy/NewSponza_Main_Ivy_glTF.gltf,60,600,0,2,../../../../../scripts/standard_camera.csv,10,0,0,60,0,1,60,1920,1080,0,0,64,1.0,0.7,1,0.0,0.0,-3.0,0.0,0.0,0.0,0.1,1000.0,0.785,1,1,1,0,0,-1.0,1.0,1.0,0.5,1,1,256,1,100,13_real_diversity_dense,0,43,0,success,0,,"Scene CPU cache disabled; rebuilding source scene.
[FrameCounter] frames{720} measure_start{60} measure_end{660} sample_count{600} window_frames{60}
Saved CSV: C:\Users\mkkim\AppData\Local\Temp\tvbperf_qyrcxai4\run_00043.csv_43_result.csv
Log saved to: C:\Users\mkkim\myfolder\mydev1\VisibilityBufferInfo\out\build\x64-Release\bin\Release\logs\log_2026-07-30_02-19-37.txt",,
44,13_real_diversity_dense,C:\Users\mkkim\AppData\Local\Temp\tvbperf_qyrcxai4\run_00044.csv,8,2,0,44,1,1,1,0,assimp,../../../../../assets/scenes/unpacked/main_sponza_ivy/NewSponza_Main_Ivy_glTF.gltf,60,600,1,0,2,../../../../../scripts/standard_camera.csv,10,0,0,60,0,captures,1,60,1920,1080,0,0,64,1,0.8,0,0,-3,0,0,0,0.1,1000,0.785,1,1,1,0,0,-1,1,1,0.5,1,1,1,256,1,100,total,1.27641,depth_prepass,0.11703,geometry,1.00875,lighting,0.09624,tonemap,0.03761,,0.00000,,0.00000,,0.00000,,0.00000,,0.00000,,0.00000,,0.00000,,0.00000,,0.00000,,0.00000,,0.00000,,0.00000,,0.00000,,0.00000,,0.00000,,0.00000,,0.00000,,0.00000,,0.00000,,0.00000,,0.00000,,0.00000,,0.00000,,0.00000,,0.00000,,0.00000,,0.00000,DonutDeferredPrepass,2026-07-30T02:19:37,playback,0.70755,1.15075,2.48694,1.27641,0.71766,0.82656,1.85088,2.10803,4,0,1,100,8,2,0,44,1,1,1,0,assimp,../../../../../assets/scenes/unpacked/main_sponza_ivy/NewSponza_Main_Ivy_glTF.gltf,60,600,0,2,../../../../../scripts/standard_camera.csv,10,0,0,60,0,1,60,1920,1080,0,0,64,1.0,0.8,1,0.0,0.0,-3.0,0.0,0.0,0.0,0.1,1000.0,0.785,1,1,1,0,0,-1.0,1.0,1.0,0.5,1,1,256,1,100,13_real_diversity_dense,0,44,0,success,0,,"Scene CPU cache disabled; rebuilding source scene.
[FrameCounter] frames{720} measure_start{60} measure_end{660} sample_count{600} window_frames{60}
Saved CSV: C:\Users\mkkim\AppData\Local\Temp\tvbperf_qyrcxai4\run_00044.csv_44_result.csv
Log saved to: C:\Users\mkkim\myfolder\mydev1\VisibilityBufferInfo\out\build\x64-Release\bin\Release\logs\log_2026-07-30_02-20-01.txt",,
45,13_real_diversity_dense,C:\Users\mkkim\AppData\Local\Temp\tvbperf_qyrcxai4\run_00045.csv,9,2,0,45,1,1,1,0,assimp,../../../../../assets/scenes/unpacked/main_sponza_ivy/NewSponza_Main_Ivy_glTF.gltf,60,600,1,0,2,../../../../../scripts/standard_camera.csv,10,0,0,60,0,captures,1,60,1920,1080,0,0,64,1,0.8,0,0,-3,0,0,0,0.1,1000,0.785,1,1,1,0,0,-1,1,1,0.5,1,1,1,256,1,100,total,1.39695,visibility,0.19841,visutil_histogram,0.02943,visutil_prefix,0.00258,visutil_flatten,0.04011,gbuffer,0.96408,lighting,0.09689,tonemap,0.03807,,0.00000,,0.00000,,0.00000,,0.00000,,0.00000,,0.00000,,0.00000,,0.00000,,0.00000,,0.00000,,0.00000,,0.00000,,0.00000,,0.00000,,0.00000,,0.00000,,0.00000,,0.00000,,0.00000,,0.00000,,0.00000,,0.00000,,0.00000,,0.00000,DonutVisGBuffer,2026-07-30T02:20:01,playback,0.81760,1.34720,2.36883,1.39695,0.84224,0.96877,1.81488,1.99421,4,0,1,100,9,2,0,45,1,1,1,0,assimp,../../../../../assets/scenes/unpacked/main_sponza_ivy/NewSponza_Main_Ivy_glTF.gltf,60,600,0,2,../../../../../scripts/standard_camera.csv,10,0,0,60,0,1,60,1920,1080,0,0,64,1.0,0.8,1,0.0,0.0,-3.0,0.0,0.0,0.0,0.1,1000.0,0.785,1,1,1,0,0,-1.0,1.0,1.0,0.5,1,1,256,1,100,13_real_diversity_dense,0,45,0,success,0,,"Scene CPU cache disabled; rebuilding source scene.
[FrameCounter] frames{720} measure_start{60} measure_end{660} sample_count{600} window_frames{60}
Saved CSV: C:\Users\mkkim\AppData\Local\Temp\tvbperf_qyrcxai4\run_00045.csv_45_result.csv
Log saved to: C:\Users\mkkim\myfolder\mydev1\VisibilityBufferInfo\out\build\x64-Release\bin\Release\logs\log_2026-07-30_02-20-27.txt",,
46,13_real_diversity_dense,C:\Users\mkkim\AppData\Local\Temp\tvbperf_qyrcxai4\run_00046.csv,8,2,0,46,1,1,1,0,assimp,../../../../../assets/scenes/unpacked/main_sponza_ivy/NewSponza_Main_Ivy_glTF.gltf,60,600,1,0,2,../../../../../scripts/standard_camera.csv,10,0,0,60,0,captures,1,60,1920,1080,0,0,64,1,0.9,0,0,-3,0,0,0,0.1,1000,0.785,1,1,1,0,0,-1,1,1,0.5,1,1,1,256,1,100,total,1.29969,depth_prepass,0.11959,geometry,1.02765,lighting,0.09702,tonemap,0.03779,,0.00000,,0.00000,,0.00000,,0.00000,,0.00000,,0.00000,,0.00000,,0.00000,,0.00000,,0.00000,,0.00000,,0.00000,,0.00000,,0.00000,,0.00000,,0.00000,,0.00000,,0.00000,,0.00000,,0.00000,,0.00000,,0.00000,,0.00000,,0.00000,,0.00000,,0.00000,,0.00000,DonutDeferredPrepass,2026-07-30T02:20:27,playback,0.70608,1.16669,2.90454,1.29969,0.71395,0.82576,1.86483,2.68352,4,0,1,100,8,2,0,46,1,1,1,0,assimp,../../../../../assets/scenes/unpacked/main_sponza_ivy/NewSponza_Main_Ivy_glTF.gltf,60,600,0,2,../../../../../scripts/standard_camera.csv,10,0,0,60,0,1,60,1920,1080,0,0,64,1.0,0.9,1,0.0,0.0,-3.0,0.0,0.0,0.0,0.1,1000.0,0.785,1,1,1,0,0,-1.0,1.0,1.0,0.5,1,1,256,1,100,13_real_diversity_dense,0,46,0,success,0,,"Scene CPU cache disabled; rebuilding source scene.
[FrameCounter] frames{720} measure_start{60} measure_end{660} sample_count{600} window_frames{60}
Saved CSV: C:\Users\mkkim\AppData\Local\Temp\tvbperf_qyrcxai4\run_00046.csv_46_result.csv
Log saved to: C:\Users\mkkim\myfolder\mydev1\VisibilityBufferInfo\out\build\x64-Release\bin\Release\logs\log_2026-07-30_02-20-51.txt",,
47,13_real_diversity_dense,C:\Users\mkkim\AppData\Local\Temp\tvbperf_qyrcxai4\run_00047.csv,9,2,0,47,1,1,1,0,assimp,../../../../../assets/scenes/unpacked/main_sponza_ivy/NewSponza_Main_Ivy_glTF.gltf,60,600,1,0,2,../../../../../scripts/standard_camera.csv,10,0,0,60,0,captures,1,60,1920,1080,0,0,64,1,0.9,0,0,-3,0,0,0,0.1,1000,0.785,1,1,1,0,0,-1,1,1,0.5,1,1,1,256,1,100,total,1.45546,visibility,0.21758,visutil_histogram,0.02956,visutil_prefix,0.00259,visutil_flatten,0.04010,gbuffer,0.99802,lighting,0.10044,tonemap,0.03983,,0.00000,,0.00000,,0.00000,,0.00000,,0.00000,,0.00000,,0.00000,,0.00000,,0.00000,,0.00000,,0.00000,,0.00000,,0.00000,,0.00000,,0.00000,,0.00000,,0.00000,,0.00000,,0.00000,,0.00000,,0.00000,,0.00000,,0.00000,,0.00000,DonutVisGBuffer,2026-07-30T02:20:51,playback,0.79267,1.37875,2.88224,1.45546,0.82378,0.95718,1.96269,2.71549,4,0,1,100,9,2,0,47,1,1,1,0,assimp,../../../../../assets/scenes/unpacked/main_sponza_ivy/NewSponza_Main_Ivy_glTF.gltf,60,600,0,2,../../../../../scripts/standard_camera.csv,10,0,0,60,0,1,60,1920,1080,0,0,64,1.0,0.9,1,0.0,0.0,-3.0,0.0,0.0,0.0,0.1,1000.0,0.785,1,1,1,0,0,-1.0,1.0,1.0,0.5,1,1,256,1,100,13_real_diversity_dense,0,47,0,success,0,,"Scene CPU cache disabled; rebuilding source scene.
[FrameCounter] frames{720} measure_start{60} measure_end{660} sample_count{600} window_frames{60}
Saved CSV: C:\Users\mkkim\AppData\Local\Temp\tvbperf_qyrcxai4\run_00047.csv_47_result.csv
Log saved to: C:\Users\mkkim\myfolder\mydev1\VisibilityBufferInfo\out\build\x64-Release\bin\Release\logs\log_2026-07-30_02-21-16.txt",,
48,13_real_diversity_dense,C:\Users\mkkim\AppData\Local\Temp\tvbperf_qyrcxai4\run_00048.csv,8,2,0,48,1,1,1,0,assimp,../../../../../assets/scenes/unpacked/main_sponza_ivy/NewSponza_Main_Ivy_glTF.gltf,60,600,1,0,2,../../../../../scripts/standard_camera.csv,10,0,0,60,0,captures,1,60,1920,1080,0,0,64,1,0.95,0,0,-3,0,0,0,0.1,1000,0.785,1,1,1,0,0,-1,1,1,0.5,1,1,1,256,1,100,total,1.36249,depth_prepass,0.13126,geometry,1.07261,lighting,0.09865,tonemap,0.03863,,0.00000,,0.00000,,0.00000,,0.00000,,0.00000,,0.00000,,0.00000,,0.00000,,0.00000,,0.00000,,0.00000,,0.00000,,0.00000,,0.00000,,0.00000,,0.00000,,0.00000,,0.00000,,0.00000,,0.00000,,0.00000,,0.00000,,0.00000,,0.00000,,0.00000,,0.00000,,0.00000,DonutDeferredPrepass,2026-07-30T02:21:17,playback,0.71094,1.16890,3.72781,1.36249,0.72234,0.82614,2.00294,3.23274,4,0,1,100,8,2,0,48,1,1,1,0,assimp,../../../../../assets/scenes/unpacked/main_sponza_ivy/NewSponza_Main_Ivy_glTF.gltf,60,600,0,2,../../../../../scripts/standard_camera.csv,10,0,0,60,0,1,60,1920,1080,0,0,64,1.0,0.95,1,0.0,0.0,-3.0,0.0,0.0,0.0,0.1,1000.0,0.785,1,1,1,0,0,-1.0,1.0,1.0,0.5,1,1,256,1,100,13_real_diversity_dense,0,48,0,success,0,,"Scene CPU cache disabled; rebuilding source scene.
[FrameCounter] frames{720} measure_start{60} measure_end{660} sample_count{600} window_frames{60}
Saved CSV: C:\Users\mkkim\AppData\Local\Temp\tvbperf_qyrcxai4\run_00048.csv_48_result.csv
Log saved to: C:\Users\mkkim\myfolder\mydev1\VisibilityBufferInfo\out\build\x64-Release\bin\Release\logs\log_2026-07-30_02-21-41.txt",,
49,13_real_diversity_dense,C:\Users\mkkim\AppData\Local\Temp\tvbperf_qyrcxai4\run_00049.csv,9,2,0,49,1,1,1,0,assimp,../../../../../assets/scenes/unpacked/main_sponza_ivy/NewSponza_Main_Ivy_glTF.gltf,60,600,1,0,2,../../../../../scripts/standard_camera.csv,10,0,0,60,0,captures,1,60,1920,1080,0,0,64,1,0.95,0,0,-3,0,0,0,0.1,1000,0.785,1,1,1,0,0,-1,1,1,0.5,1,1,1,256,1,100,total,1.37514,visibility,0.19867,visutil_histogram,0.02923,visutil_prefix,0.00255,visutil_flatten,0.04011,gbuffer,0.94254,lighting,0.09551,tonemap,0.03814,,0.00000,,0.00000,,0.00000,,0.00000,,0.00000,,0.00000,,0.00000,,0.00000,,0.00000,,0.00000,,0.00000,,0.00000,,0.00000,,0.00000,,0.00000,,0.00000,,0.00000,,0.00000,,0.00000,,0.00000,,0.00000,,0.00000,,0.00000,,0.00000,DonutVisGBuffer,2026-07-30T02:21:41,playback,0.81888,1.37258,2.27421,1.37514,0.84173,0.96874,1.73517,1.94442,4,0,1,100,9,2,0,49,1,1,1,0,assimp,../../../../../assets/scenes/unpacked/main_sponza_ivy/NewSponza_Main_Ivy_glTF.gltf,60,600,0,2,../../../../../scripts/standard_camera.csv,10,0,0,60,0,1,60,1920,1080,0,0,64,1.0,0.95,1,0.0,0.0,-3.0,0.0,0.0,0.0,0.1,1000.0,0.785,1,1,1,0,0,-1.0,1.0,1.0,0.5,1,1,256,1,100,13_real_diversity_dense,0,49,0,success,0,,"Scene CPU cache disabled; rebuilding source scene.
[FrameCounter] frames{720} measure_start{60} measure_end{660} sample_count{600} window_frames{60}
Saved CSV: C:\Users\mkkim\AppData\Local\Temp\tvbperf_qyrcxai4\run_00049.csv_49_result.csv
Log saved to: C:\Users\mkkim\myfolder\mydev1\VisibilityBufferInfo\out\build\x64-Release\bin\Release\logs\log_2026-07-30_02-22-06.txt",,
50,13_real_diversity_dense,C:\Users\mkkim\AppData\Local\Temp\tvbperf_qyrcxai4\run_00050.csv,8,2,0,50,1,1,1,0,assimp,../../../../../assets/scenes/unpacked/main_sponza_ivy/NewSponza_Main_Ivy_glTF.gltf,60,600,1,0,2,../../../../../scripts/standard_camera.csv,10,0,0,60,0,captures,1,60,1920,1080,0,0,64,1,1,0,0,-3,0,0,0,0.1,1000,0.785,1,1,1,0,0,-1,1,1,0.5,1,1,1,256,1,100,total,1.29379,depth_prepass,0.11670,geometry,1.02278,lighting,0.09694,tonemap,0.03776,,0.00000,,0.00000,,0.00000,,0.00000,,0.00000,,0.00000,,0.00000,,0.00000,,0.00000,,0.00000,,0.00000,,0.00000,,0.00000,,0.00000,,0.00000,,0.00000,,0.00000,,0.00000,,0.00000,,0.00000,,0.00000,,0.00000,,0.00000,,0.00000,,0.00000,,0.00000,,0.00000,DonutDeferredPrepass,2026-07-30T02:22:07,playback,0.70765,1.18170,2.44352,1.29379,0.71821,0.82941,1.86774,2.18189,4,0,1,100,8,2,0,50,1,1,1,0,assimp,../../../../../assets/scenes/unpacked/main_sponza_ivy/NewSponza_Main_Ivy_glTF.gltf,60,600,0,2,../../../../../scripts/standard_camera.csv,10,0,0,60,0,1,60,1920,1080,0,0,64,1.0,1.0,1,0.0,0.0,-3.0,0.0,0.0,0.0,0.1,1000.0,0.785,1,1,1,0,0,-1.0,1.0,1.0,0.5,1,1,256,1,100,13_real_diversity_dense,0,50,0,success,0,,"Scene CPU cache disabled; rebuilding source scene.
[FrameCounter] frames{720} measure_start{60} measure_end{660} sample_count{600} window_frames{60}
Saved CSV: C:\Users\mkkim\AppData\Local\Temp\tvbperf_qyrcxai4\run_00050.csv_50_result.csv
Log saved to: C:\Users\mkkim\myfolder\mydev1\VisibilityBufferInfo\out\build\x64-Release\bin\Release\logs\log_2026-07-30_02-22-31.txt",,
51,13_real_diversity_dense,C:\Users\mkkim\AppData\Local\Temp\tvbperf_qyrcxai4\run_00051.csv,9,2,0,51,1,1,1,0,assimp,../../../../../assets/scenes/unpacked/main_sponza_ivy/NewSponza_Main_Ivy_glTF.gltf,60,600,1,0,2,../../../../../scripts/standard_camera.csv,10,0,0,60,0,captures,1,60,1920,1080,0,0,64,1,1,0,0,-3,0,0,0,0.1,1000,0.785,1,1,1,0,0,-1,1,1,0.5,1,1,1,256,1,100,total,1.40100,visibility,0.20755,visutil_histogram,0.02938,visutil_prefix,0.00261,visutil_flatten,0.04023,gbuffer,0.95636,lighting,0.09817,tonemap,0.03873,,0.00000,,0.00000,,0.00000,,0.00000,,0.00000,,0.00000,,0.00000,,0.00000,,0.00000,,0.00000,,0.00000,,0.00000,,0.00000,,0.00000,,0.00000,,0.00000,,0.00000,,0.00000,,0.00000,,0.00000,,0.00000,,0.00000,,0.00000,,0.00000,DonutVisGBuffer,2026-07-30T02:22:31,playback,0.80163,1.36934,2.83638,1.40100,0.82512,0.96371,1.82938,2.34710,4,0,1,100,9,2,0,51,1,1,1,0,assimp,../../../../../assets/scenes/unpacked/main_sponza_ivy/NewSponza_Main_Ivy_glTF.gltf,60,600,0,2,../../../../../scripts/standard_camera.csv,10,0,0,60,0,1,60,1920,1080,0,0,64,1.0,1.0,1,0.0,0.0,-3.0,0.0,0.0,0.0,0.1,1000.0,0.785,1,1,1,0,0,-1.0,1.0,1.0,0.5,1,1,256,1,100,13_real_diversity_dense,0,51,0,success,0,,"Scene CPU cache disabled; rebuilding source scene.
[FrameCounter] frames{720} measure_start{60} measure_end{660} sample_count{600} window_frames{60}
Saved CSV: C:\Users\mkkim\AppData\Local\Temp\tvbperf_qyrcxai4\run_00051.csv_51_result.csv
Log saved to: C:\Users\mkkim\myfolder\mydev1\VisibilityBufferInfo\out\build\x64-Release\bin\Release\logs\log_2026-07-30_02-22-57.txt",,
52,13_real_diversity_dense,C:\Users\mkkim\AppData\Local\Temp\tvbperf_qyrcxai4\run_00052.csv,8,2,0,52,1,1,1,0,assimp,../../../../../assets/scenes/unpacked/Bistro_v5_2/BistroExterior.fbx,60,600,1,0,2,../../../../../scripts/standard_camera_bistro.csv,10,0,0,60,0,captures,1,60,1920,1080,0,0,64,1,0,0,0,-3,0,0,0,0.1,1000,0.785,1,1,1,0,0,-1,1,1,0.5,1,1,1,256,1,100,total,0.51729,depth_prepass,0.12569,geometry,0.24057,lighting,0.09730,tonemap,0.03974,,0.00000,,0.00000,,0.00000,,0.00000,,0.00000,,0.00000,,0.00000,,0.00000,,0.00000,,0.00000,,0.00000,,0.00000,,0.00000,,0.00000,,0.00000,,0.00000,,0.00000,,0.00000,,0.00000,,0.00000,,0.00000,,0.00000,,0.00000,,0.00000,,0.00000,,0.00000,,0.00000,DonutDeferredPrepass,2026-07-30T02:22:57,playback,0.36262,0.53152,0.83469,0.51729,0.36742,0.39869,0.64227,0.70029,4,0,1,100,8,2,0,52,1,1,1,0,assimp,../../../../../assets/scenes/unpacked/Bistro_v5_2/BistroExterior.fbx,60,600,0,2,../../../../../scripts/standard_camera_bistro.csv,10,0,0,60,0,1,60,1920,1080,0,0,64,1.0,0.0,1,0.0,0.0,-3.0,0.0,0.0,0.0,0.1,1000.0,0.785,1,1,1,0,0,-1.0,1.0,1.0,0.5,1,1,256,1,100,13_real_diversity_dense,0,52,0,success,0,,"Scene CPU cache disabled; rebuilding source scene.
[FrameCounter] frames{720} measure_start{60} measure_end{660} sample_count{600} window_frames{60}
Saved CSV: C:\Users\mkkim\AppData\Local\Temp\tvbperf_qyrcxai4\run_00052.csv_52_result.csv
Log saved to: C:\Users\mkkim\myfolder\mydev1\VisibilityBufferInfo\out\build\x64-Release\bin\Release\logs\log_2026-07-30_02-23-04.txt",,
53,13_real_diversity_dense,C:\Users\mkkim\AppData\Local\Temp\tvbperf_qyrcxai4\run_00053.csv,9,2,0,53,1,1,1,0,assimp,../../../../../assets/scenes/unpacked/Bistro_v5_2/BistroExterior.fbx,60,600,1,0,2,../../../../../scripts/standard_camera_bistro.csv,10,0,0,60,0,captures,1,60,1920,1080,0,0,64,1,0,0,0,-3,0,0,0,0.1,1000,0.785,1,1,1,0,0,-1,1,1,0.5,1,1,1,256,1,100,total,0.72346,visibility,0.21213,visutil_histogram,0.02977,visutil_prefix,0.00225,visutil_flatten,0.03987,gbuffer,0.25307,lighting,0.11230,tonemap,0.04226,,0.00000,,0.00000,,0.00000,,0.00000,,0.00000,,0.00000,,0.00000,,0.00000,,0.00000,,0.00000,,0.00000,,0.00000,,0.00000,,0.00000,,0.00000,,0.00000,,0.00000,,0.00000,,0.00000,,0.00000,,0.00000,,0.00000,,0.00000,,0.00000,DonutVisGBuffer,2026-07-30T02:23:04,playback,0.57840,0.71709,1.16042,0.72346,0.60064,0.62205,0.82115,1.02749,4,0,1,100,9,2,0,53,1,1,1,0,assimp,../../../../../assets/scenes/unpacked/Bistro_v5_2/BistroExterior.fbx,60,600,0,2,../../../../../scripts/standard_camera_bistro.csv,10,0,0,60,0,1,60,1920,1080,0,0,64,1.0,0.0,1,0.0,0.0,-3.0,0.0,0.0,0.0,0.1,1000.0,0.785,1,1,1,0,0,-1.0,1.0,1.0,0.5,1,1,256,1,100,13_real_diversity_dense,0,53,0,success,0,,"Scene CPU cache disabled; rebuilding source scene.
[FrameCounter] frames{720} measure_start{60} measure_end{660} sample_count{600} window_frames{60}
Saved CSV: C:\Users\mkkim\AppData\Local\Temp\tvbperf_qyrcxai4\run_00053.csv_53_result.csv
Log saved to: C:\Users\mkkim\myfolder\mydev1\VisibilityBufferInfo\out\build\x64-Release\bin\Release\logs\log_2026-07-30_02-23-14.txt",,
54,13_real_diversity_dense,C:\Users\mkkim\AppData\Local\Temp\tvbperf_qyrcxai4\run_00054.csv,8,2,0,54,1,1,1,0,assimp,../../../../../assets/scenes/unpacked/Bistro_v5_2/BistroExterior.fbx,60,600,1,0,2,../../../../../scripts/standard_camera_bistro.csv,10,0,0,60,0,captures,1,60,1920,1080,0,0,64,1,0.05,0,0,-3,0,0,0,0.1,1000,0.785,1,1,1,0,0,-1,1,1,0.5,1,1,1,256,1,100,total,0.52860,depth_prepass,0.12907,geometry,0.24653,lighting,0.09825,tonemap,0.04077,,0.00000,,0.00000,,0.00000,,0.00000,,0.00000,,0.00000,,0.00000,,0.00000,,0.00000,,0.00000,,0.00000,,0.00000,,0.00000,,0.00000,,0.00000,,0.00000,,0.00000,,0.00000,,0.00000,,0.00000,,0.00000,,0.00000,,0.00000,,0.00000,,0.00000,,0.00000,,0.00000,DonutDeferredPrepass,2026-07-30T02:23:14,playback,0.36336,0.53965,0.96707,0.52860,0.36774,0.39978,0.64698,0.78451,4,0,1,100,8,2,0,54,1,1,1,0,assimp,../../../../../assets/scenes/unpacked/Bistro_v5_2/BistroExterior.fbx,60,600,0,2,../../../../../scripts/standard_camera_bistro.csv,10,0,0,60,0,1,60,1920,1080,0,0,64,1.0,0.05,1,0.0,0.0,-3.0,0.0,0.0,0.0,0.1,1000.0,0.785,1,1,1,0,0,-1.0,1.0,1.0,0.5,1,1,256,1,100,13_real_diversity_dense,0,54,0,success,0,,"Scene CPU cache disabled; rebuilding source scene.
[FrameCounter] frames{720} measure_start{60} measure_end{660} sample_count{600} window_frames{60}
Saved CSV: C:\Users\mkkim\AppData\Local\Temp\tvbperf_qyrcxai4\run_00054.csv_54_result.csv
Log saved to: C:\Users\mkkim\myfolder\mydev1\VisibilityBufferInfo\out\build\x64-Release\bin\Release\logs\log_2026-07-30_02-23-21.txt",,
55,13_real_diversity_dense,C:\Users\mkkim\AppData\Local\Temp\tvbperf_qyrcxai4\run_00055.csv,9,2,0,55,1,1,1,0,assimp,../../../../../assets/scenes/unpacked/Bistro_v5_2/BistroExterior.fbx,60,600,1,0,2,../../../../../scripts/standard_camera_bistro.csv,10,0,0,60,0,captures,1,60,1920,1080,0,0,64,1,0.05,0,0,-3,0,0,0,0.1,1000,0.785,1,1,1,0,0,-1,1,1,0.5,1,1,1,256,1,100,total,0.68630,visibility,0.19204,visutil_histogram,0.02903,visutil_prefix,0.00251,visutil_flatten,0.03986,gbuffer,0.25762,lighting,0.10050,tonemap,0.03644,,0.00000,,0.00000,,0.00000,,0.00000,,0.00000,,0.00000,,0.00000,,0.00000,,0.00000,,0.00000,,0.00000,,0.00000,,0.00000,,0.00000,,0.00000,,0.00000,,0.00000,,0.00000,,0.00000,,0.00000,,0.00000,,0.00000,,0.00000,,0.00000,DonutVisGBuffer,2026-07-30T02:23:21,playback,0.55235,0.70547,0.97914,0.68630,0.55571,0.55994,0.76339,0.82714,4,0,1,100,9,2,0,55,1,1,1,0,assimp,../../../../../assets/scenes/unpacked/Bistro_v5_2/BistroExterior.fbx,60,600,0,2,../../../../../scripts/standard_camera_bistro.csv,10,0,0,60,0,1,60,1920,1080,0,0,64,1.0,0.05,1,0.0,0.0,-3.0,0.0,0.0,0.0,0.1,1000.0,0.785,1,1,1,0,0,-1.0,1.0,1.0,0.5,1,1,256,1,100,13_real_diversity_dense,0,55,0,success,0,,"Scene CPU cache disabled; rebuilding source scene.
[FrameCounter] frames{720} measure_start{60} measure_end{660} sample_count{600} window_frames{60}
Saved CSV: C:\Users\mkkim\AppData\Local\Temp\tvbperf_qyrcxai4\run_00055.csv_55_result.csv
Log saved to: C:\Users\mkkim\myfolder\mydev1\VisibilityBufferInfo\out\build\x64-Release\bin\Release\logs\log_2026-07-30_02-23-31.txt",,
56,13_real_diversity_dense,C:\Users\mkkim\AppData\Local\Temp\tvbperf_qyrcxai4\run_00056.csv,8,2,0,56,1,1,1,0,assimp,../../../../../assets/scenes/unpacked/Bistro_v5_2/BistroExterior.fbx,60,600,1,0,2,../../../../../scripts/standard_camera_bistro.csv,10,0,0,60,0,captures,1,60,1920,1080,0,0,64,1,0.1,0,0,-3,0,0,0,0.1,1000,0.785,1,1,1,0,0,-1,1,1,0.5,1,1,1,256,1,100,total,0.55443,depth_prepass,0.13448,geometry,0.25897,lighting,0.10219,tonemap,0.04392,,0.00000,,0.00000,,0.00000,,0.00000,,0.00000,,0.00000,,0.00000,,0.00000,,0.00000,,0.00000,,0.00000,,0.00000,,0.00000,,0.00000,,0.00000,,0.00000,,0.00000,,0.00000,,0.00000,,0.00000,,0.00000,,0.00000,,0.00000,,0.00000,,0.00000,,0.00000,,0.00000,DonutDeferredPrepass,2026-07-30T02:23:31,playback,0.36435,0.55021,1.06752,0.55443,0.37469,0.41933,0.67661,0.88509,4,0,1,100,8,2,0,56,1,1,1,0,assimp,../../../../../assets/scenes/unpacked/Bistro_v5_2/BistroExterior.fbx,60,600,0,2,../../../../../scripts/standard_camera_bistro.csv,10,0,0,60,0,1,60,1920,1080,0,0,64,1.0,0.1,1,0.0,0.0,-3.0,0.0,0.0,0.0,0.1,1000.0,0.785,1,1,1,0,0,-1.0,1.0,1.0,0.5,1,1,256,1,100,13_real_diversity_dense,0,56,0,success,0,,"Scene CPU cache disabled; rebuilding source scene.
[FrameCounter] frames{720} measure_start{60} measure_end{660} sample_count{600} window_frames{60}
Saved CSV: C:\Users\mkkim\AppData\Local\Temp\tvbperf_qyrcxai4\run_00056.csv_56_result.csv
Log saved to: C:\Users\mkkim\myfolder\mydev1\VisibilityBufferInfo\out\build\x64-Release\bin\Release\logs\log_2026-07-30_02-23-38.txt",,
57,13_real_diversity_dense,C:\Users\mkkim\AppData\Local\Temp\tvbperf_qyrcxai4\run_00057.csv,9,2,0,57,1,1,1,0,assimp,../../../../../assets/scenes/unpacked/Bistro_v5_2/BistroExterior.fbx,60,600,1,0,2,../../../../../scripts/standard_camera_bistro.csv,10,0,0,60,0,captures,1,60,1920,1080,0,0,64,1,0.1,0,0,-3,0,0,0,0.1,1000,0.785,1,1,1,0,0,-1,1,1,0.5,1,1,1,256,1,100,total,0.73376,visibility,0.21092,visutil_histogram,0.02969,visutil_prefix,0.00232,visutil_flatten,0.04040,gbuffer,0.27129,lighting,0.10711,tonemap,0.04105,,0.00000,,0.00000,,0.00000,,0.00000,,0.00000,,0.00000,,0.00000,,0.00000,,0.00000,,0.00000,,0.00000,,0.00000,,0.00000,,0.00000,,0.00000,,0.00000,,0.00000,,0.00000,,0.00000,,0.00000,,0.00000,,0.00000,,0.00000,,0.00000,DonutVisGBuffer,2026-07-30T02:23:39,playback,0.57222,0.71875,1.22717,0.73376,0.58250,0.62842,0.79421,1.06346,4,0,1,100,9,2,0,57,1,1,1,0,assimp,../../../../../assets/scenes/unpacked/Bistro_v5_2/BistroExterior.fbx,60,600,0,2,../../../../../scripts/standard_camera_bistro.csv,10,0,0,60,0,1,60,1920,1080,0,0,64,1.0,0.1,1,0.0,0.0,-3.0,0.0,0.0,0.0,0.1,1000.0,0.785,1,1,1,0,0,-1.0,1.0,1.0,0.5,1,1,256,1,100,13_real_diversity_dense,0,57,0,success,0,,"Scene CPU cache disabled; rebuilding source scene.
[FrameCounter] frames{720} measure_start{60} measure_end{660} sample_count{600} window_frames{60}
Saved CSV: C:\Users\mkkim\AppData\Local\Temp\tvbperf_qyrcxai4\run_00057.csv_57_result.csv
Log saved to: C:\Users\mkkim\myfolder\mydev1\VisibilityBufferInfo\out\build\x64-Release\bin\Release\logs\log_2026-07-30_02-23-48.txt",,
58,13_real_diversity_dense,C:\Users\mkkim\AppData\Local\Temp\tvbperf_qyrcxai4\run_00058.csv,8,2,0,58,1,1,1,0,assimp,../../../../../assets/scenes/unpacked/Bistro_v5_2/BistroExterior.fbx,60,600,1,0,2,../../../../../scripts/standard_camera_bistro.csv,10,0,0,60,0,captures,1,60,1920,1080,0,0,64,1,0.2,0,0,-3,0,0,0,0.1,1000,0.785,1,1,1,0,0,-1,1,1,0.5,1,1,1,256,1,100,total,0.53736,depth_prepass,0.13085,geometry,0.25170,lighting,0.09935,tonemap,0.04146,,0.00000,,0.00000,,0.00000,,0.00000,,0.00000,,0.00000,,0.00000,,0.00000,,0.00000,,0.00000,,0.00000,,0.00000,,0.00000,,0.00000,,0.00000,,0.00000,,0.00000,,0.00000,,0.00000,,0.00000,,0.00000,,0.00000,,0.00000,,0.00000,,0.00000,,0.00000,,0.00000,DonutDeferredPrepass,2026-07-30T02:23:48,playback,0.36480,0.54608,0.94502,0.53736,0.36755,0.40090,0.64848,0.80973,4,0,1,100,8,2,0,58,1,1,1,0,assimp,../../../../../assets/scenes/unpacked/Bistro_v5_2/BistroExterior.fbx,60,600,0,2,../../../../../scripts/standard_camera_bistro.csv,10,0,0,60,0,1,60,1920,1080,0,0,64,1.0,0.2,1,0.0,0.0,-3.0,0.0,0.0,0.0,0.1,1000.0,0.785,1,1,1,0,0,-1.0,1.0,1.0,0.5,1,1,256,1,100,13_real_diversity_dense,0,58,0,success,0,,"Scene CPU cache disabled; rebuilding source scene.
[FrameCounter] frames{720} measure_start{60} measure_end{660} sample_count{600} window_frames{60}
Saved CSV: C:\Users\mkkim\AppData\Local\Temp\tvbperf_qyrcxai4\run_00058.csv_58_result.csv
Log saved to: C:\Users\mkkim\myfolder\mydev1\VisibilityBufferInfo\out\build\x64-Release\bin\Release\logs\log_2026-07-30_02-23-54.txt",,
59,13_real_diversity_dense,C:\Users\mkkim\AppData\Local\Temp\tvbperf_qyrcxai4\run_00059.csv,9,2,0,59,1,1,1,0,assimp,../../../../../assets/scenes/unpacked/Bistro_v5_2/BistroExterior.fbx,60,600,1,0,2,../../../../../scripts/standard_camera_bistro.csv,10,0,0,60,0,captures,1,60,1920,1080,0,0,64,1,0.2,0,0,-3,0,0,0,0.1,1000,0.785,1,1,1,0,0,-1,1,1,0.5,1,1,1,256,1,100,total,0.75017,visibility,0.21256,visutil_histogram,0.03039,visutil_prefix,0.00233,visutil_flatten,0.04141,gbuffer,0.28091,lighting,0.10786,tonemap,0.04380,,0.00000,,0.00000,,0.00000,,0.00000,,0.00000,,0.00000,,0.00000,,0.00000,,0.00000,,0.00000,,0.00000,,0.00000,,0.00000,,0.00000,,0.00000,,0.00000,,0.00000,,0.00000,,0.00000,,0.00000,,0.00000,,0.00000,,0.00000,,0.00000,DonutVisGBuffer,2026-07-30T02:23:54,playback,0.59338,0.74426,1.10973,0.75017,0.60032,0.65539,0.85318,1.06182,4,0,1,100,9,2,0,59,1,1,1,0,assimp,../../../../../assets/scenes/unpacked/Bistro_v5_2/BistroExterior.fbx,60,600,0,2,../../../../../scripts/standard_camera_bistro.csv,10,0,0,60,0,1,60,1920,1080,0,0,64,1.0,0.2,1,0.0,0.0,-3.0,0.0,0.0,0.0,0.1,1000.0,0.785,1,1,1,0,0,-1.0,1.0,1.0,0.5,1,1,256,1,100,13_real_diversity_dense,0,59,0,success,0,,"Scene CPU cache disabled; rebuilding source scene.
[FrameCounter] frames{720} measure_start{60} measure_end{660} sample_count{600} window_frames{60}
Saved CSV: C:\Users\mkkim\AppData\Local\Temp\tvbperf_qyrcxai4\run_00059.csv_59_result.csv
Log saved to: C:\Users\mkkim\myfolder\mydev1\VisibilityBufferInfo\out\build\x64-Release\bin\Release\logs\log_2026-07-30_02-24-02.txt",,
60,13_real_diversity_dense,C:\Users\mkkim\AppData\Local\Temp\tvbperf_qyrcxai4\run_00060.csv,8,2,0,60,1,1,1,0,assimp,../../../../../assets/scenes/unpacked/Bistro_v5_2/BistroExterior.fbx,60,600,1,0,2,../../../../../scripts/standard_camera_bistro.csv,10,0,0,60,0,captures,1,60,1920,1080,0,0,64,1,0.3,0,0,-3,0,0,0,0.1,1000,0.785,1,1,1,0,0,-1,1,1,0.5,1,1,1,256,1,100,total,0.53573,depth_prepass,0.13058,geometry,0.25025,lighting,0.09993,tonemap,0.04094,,0.00000,,0.00000,,0.00000,,0.00000,,0.00000,,0.00000,,0.00000,,0.00000,,0.00000,,0.00000,,0.00000,,0.00000,,0.00000,,0.00000,,0.00000,,0.00000,,0.00000,,0.00000,,0.00000,,0.00000,,0.00000,,0.00000,,0.00000,,0.00000,,0.00000,,0.00000,,0.00000,DonutDeferredPrepass,2026-07-30T02:24:02,playback,0.36643,0.54707,0.83882,0.53573,0.36794,0.40128,0.64598,0.81133,4,0,1,100,8,2,0,60,1,1,1,0,assimp,../../../../../assets/scenes/unpacked/Bistro_v5_2/BistroExterior.fbx,60,600,0,2,../../../../../scripts/standard_camera_bistro.csv,10,0,0,60,0,1,60,1920,1080,0,0,64,1.0,0.3,1,0.0,0.0,-3.0,0.0,0.0,0.0,0.1,1000.0,0.785,1,1,1,0,0,-1.0,1.0,1.0,0.5,1,1,256,1,100,13_real_diversity_dense,0,60,0,success,0,,"Scene CPU cache disabled; rebuilding source scene.
[FrameCounter] frames{720} measure_start{60} measure_end{660} sample_count{600} window_frames{60}
Saved CSV: C:\Users\mkkim\AppData\Local\Temp\tvbperf_qyrcxai4\run_00060.csv_60_result.csv
Log saved to: C:\Users\mkkim\myfolder\mydev1\VisibilityBufferInfo\out\build\x64-Release\bin\Release\logs\log_2026-07-30_02-24-09.txt",,
61,13_real_diversity_dense,C:\Users\mkkim\AppData\Local\Temp\tvbperf_qyrcxai4\run_00061.csv,9,2,0,61,1,1,1,0,assimp,../../../../../assets/scenes/unpacked/Bistro_v5_2/BistroExterior.fbx,60,600,1,0,2,../../../../../scripts/standard_camera_bistro.csv,10,0,0,60,0,captures,1,60,1920,1080,0,0,64,1,0.3,0,0,-3,0,0,0,0.1,1000,0.785,1,1,1,0,0,-1,1,1,0.5,1,1,1,256,1,100,total,0.71607,visibility,0.20231,visutil_histogram,0.03002,visutil_prefix,0.00226,visutil_flatten,0.04138,gbuffer,0.26990,lighting,0.09998,tonemap,0.03906,,0.00000,,0.00000,,0.00000,,0.00000,,0.00000,,0.00000,,0.00000,,0.00000,,0.00000,,0.00000,,0.00000,,0.00000,,0.00000,,0.00000,,0.00000,,0.00000,,0.00000,,0.00000,,0.00000,,0.00000,,0.00000,,0.00000,,0.00000,,0.00000,DonutVisGBuffer,2026-07-30T02:24:09,playback,0.55594,0.72790,0.95184,0.71607,0.55994,0.62605,0.77299,0.83331,4,0,1,100,9,2,0,61,1,1,1,0,assimp,../../../../../assets/scenes/unpacked/Bistro_v5_2/BistroExterior.fbx,60,600,0,2,../../../../../scripts/standard_camera_bistro.csv,10,0,0,60,0,1,60,1920,1080,0,0,64,1.0,0.3,1,0.0,0.0,-3.0,0.0,0.0,0.0,0.1,1000.0,0.785,1,1,1,0,0,-1.0,1.0,1.0,0.5,1,1,256,1,100,13_real_diversity_dense,0,61,0,success,0,,"Scene CPU cache disabled; rebuilding source scene.
[FrameCounter] frames{720} measure_start{60} measure_end{660} sample_count{600} window_frames{60}
Saved CSV: C:\Users\mkkim\AppData\Local\Temp\tvbperf_qyrcxai4\run_00061.csv_61_result.csv
Log saved to: C:\Users\mkkim\myfolder\mydev1\VisibilityBufferInfo\out\build\x64-Release\bin\Release\logs\log_2026-07-30_02-24-17.txt",,
62,13_real_diversity_dense,C:\Users\mkkim\AppData\Local\Temp\tvbperf_qyrcxai4\run_00062.csv,8,2,0,62,1,1,1,0,assimp,../../../../../assets/scenes/unpacked/Bistro_v5_2/BistroExterior.fbx,60,600,1,0,2,../../../../../scripts/standard_camera_bistro.csv,10,0,0,60,0,captures,1,60,1920,1080,0,0,64,1,0.4,0,0,-3,0,0,0,0.1,1000,0.785,1,1,1,0,0,-1,1,1,0.5,1,1,1,256,1,100,total,0.54724,depth_prepass,0.13338,geometry,0.25703,lighting,0.10028,tonemap,0.04216,,0.00000,,0.00000,,0.00000,,0.00000,,0.00000,,0.00000,,0.00000,,0.00000,,0.00000,,0.00000,,0.00000,,0.00000,,0.00000,,0.00000,,0.00000,,0.00000,,0.00000,,0.00000,,0.00000,,0.00000,,0.00000,,0.00000,,0.00000,,0.00000,,0.00000,,0.00000,,0.00000,DonutDeferredPrepass,2026-07-30T02:24:17,playback,0.36339,0.54384,1.07507,0.54724,0.36810,0.39994,0.65344,0.88211,4,0,1,100,8,2,0,62,1,1,1,0,assimp,../../../../../assets/scenes/unpacked/Bistro_v5_2/BistroExterior.fbx,60,600,0,2,../../../../../scripts/standard_camera_bistro.csv,10,0,0,60,0,1,60,1920,1080,0,0,64,1.0,0.4,1,0.0,0.0,-3.0,0.0,0.0,0.0,0.1,1000.0,0.785,1,1,1,0,0,-1.0,1.0,1.0,0.5,1,1,256,1,100,13_real_diversity_dense,0,62,0,success,0,,"Scene CPU cache disabled; rebuilding source scene.
[FrameCounter] frames{720} measure_start{60} measure_end{660} sample_count{600} window_frames{60}
Saved CSV: C:\Users\mkkim\AppData\Local\Temp\tvbperf_qyrcxai4\run_00062.csv_62_result.csv
Log saved to: C:\Users\mkkim\myfolder\mydev1\VisibilityBufferInfo\out\build\x64-Release\bin\Release\logs\log_2026-07-30_02-24-23.txt",,
63,13_real_diversity_dense,C:\Users\mkkim\AppData\Local\Temp\tvbperf_qyrcxai4\run_00063.csv,9,2,0,63,1,1,1,0,assimp,../../../../../assets/scenes/unpacked/Bistro_v5_2/BistroExterior.fbx,60,600,1,0,2,../../../../../scripts/standard_camera_bistro.csv,10,0,0,60,0,captures,1,60,1920,1080,0,0,64,1,0.4,0,0,-3,0,0,0,0.1,1000,0.785,1,1,1,0,0,-1,1,1,0.5,1,1,1,256,1,100,total,0.75884,visibility,0.21373,visutil_histogram,0.03056,visutil_prefix,0.00229,visutil_flatten,0.04171,gbuffer,0.28797,lighting,0.10751,tonemap,0.04408,,0.00000,,0.00000,,0.00000,,0.00000,,0.00000,,0.00000,,0.00000,,0.00000,,0.00000,,0.00000,,0.00000,,0.00000,,0.00000,,0.00000,,0.00000,,0.00000,,0.00000,,0.00000,,0.00000,,0.00000,,0.00000,,0.00000,,0.00000,,0.00000,DonutVisGBuffer,2026-07-30T02:24:23,playback,0.59539,0.75549,1.15088,0.75884,0.60461,0.65917,0.86214,1.06720,4,0,1,100,9,2,0,63,1,1,1,0,assimp,../../../../../assets/scenes/unpacked/Bistro_v5_2/BistroExterior.fbx,60,600,0,2,../../../../../scripts/standard_camera_bistro.csv,10,0,0,60,0,1,60,1920,1080,0,0,64,1.0,0.4,1,0.0,0.0,-3.0,0.0,0.0,0.0,0.1,1000.0,0.785,1,1,1,0,0,-1.0,1.0,1.0,0.5,1,1,256,1,100,13_real_diversity_dense,0,63,0,success,0,,"Scene CPU cache disabled; rebuilding source scene.
[FrameCounter] frames{720} measure_start{60} measure_end{660} sample_count{600} window_frames{60}
Saved CSV: C:\Users\mkkim\AppData\Local\Temp\tvbperf_qyrcxai4\run_00063.csv_63_result.csv
Log saved to: C:\Users\mkkim\myfolder\mydev1\VisibilityBufferInfo\out\build\x64-Release\bin\Release\logs\log_2026-07-30_02-24-31.txt",,
64,13_real_diversity_dense,C:\Users\mkkim\AppData\Local\Temp\tvbperf_qyrcxai4\run_00064.csv,8,2,0,64,1,1,1,0,assimp,../../../../../assets/scenes/unpacked/Bistro_v5_2/BistroExterior.fbx,60,600,1,0,2,../../../../../scripts/standard_camera_bistro.csv,10,0,0,60,0,captures,1,60,1920,1080,0,0,64,1,0.5,0,0,-3,0,0,0,0.1,1000,0.785,1,1,1,0,0,-1,1,1,0.5,1,1,1,256,1,100,total,0.57314,depth_prepass,0.13908,geometry,0.26585,lighting,0.10657,tonemap,0.04691,,0.00000,,0.00000,,0.00000,,0.00000,,0.00000,,0.00000,,0.00000,,0.00000,,0.00000,,0.00000,,0.00000,,0.00000,,0.00000,,0.00000,,0.00000,,0.00000,,0.00000,,0.00000,,0.00000,,0.00000,,0.00000,,0.00000,,0.00000,,0.00000,,0.00000,,0.00000,,0.00000,DonutDeferredPrepass,2026-07-30T02:24:31,playback,0.41149,0.55597,1.01734,0.57314,0.41766,0.44368,0.68019,0.89043,4,0,1,100,8,2,0,64,1,1,1,0,assimp,../../../../../assets/scenes/unpacked/Bistro_v5_2/BistroExterior.fbx,60,600,0,2,../../../../../scripts/standard_camera_bistro.csv,10,0,0,60,0,1,60,1920,1080,0,0,64,1.0,0.5,1,0.0,0.0,-3.0,0.0,0.0,0.0,0.1,1000.0,0.785,1,1,1,0,0,-1.0,1.0,1.0,0.5,1,1,256,1,100,13_real_diversity_dense,0,64,0,success,0,,"Scene CPU cache disabled; rebuilding source scene.
[FrameCounter] frames{720} measure_start{60} measure_end{660} sample_count{600} window_frames{60}
Saved CSV: C:\Users\mkkim\AppData\Local\Temp\tvbperf_qyrcxai4\run_00064.csv_64_result.csv
Log saved to: C:\Users\mkkim\myfolder\mydev1\VisibilityBufferInfo\out\build\x64-Release\bin\Release\logs\log_2026-07-30_02-24-37.txt",,
65,13_real_diversity_dense,C:\Users\mkkim\AppData\Local\Temp\tvbperf_qyrcxai4\run_00065.csv,9,2,0,65,1,1,1,0,assimp,../../../../../assets/scenes/unpacked/Bistro_v5_2/BistroExterior.fbx,60,600,1,0,2,../../../../../scripts/standard_camera_bistro.csv,10,0,0,60,0,captures,1,60,1920,1080,0,0,64,1,0.5,0,0,-3,0,0,0,0.1,1000,0.785,1,1,1,0,0,-1,1,1,0.5,1,1,1,256,1,100,total,0.73993,visibility,0.21052,visutil_histogram,0.03062,visutil_prefix,0.00229,visutil_flatten,0.04221,gbuffer,0.27907,lighting,0.10292,tonemap,0.04175,,0.00000,,0.00000,,0.00000,,0.00000,,0.00000,,0.00000,,0.00000,,0.00000,,0.00000,,0.00000,,0.00000,,0.00000,,0.00000,,0.00000,,0.00000,,0.00000,,0.00000,,0.00000,,0.00000,,0.00000,,0.00000,,0.00000,,0.00000,,0.00000,DonutVisGBuffer,2026-07-30T02:24:37,playback,0.59568,0.73398,1.21856,0.73993,0.59910,0.63651,0.80093,1.07434,4,0,1,100,9,2,0,65,1,1,1,0,assimp,../../../../../assets/scenes/unpacked/Bistro_v5_2/BistroExterior.fbx,60,600,0,2,../../../../../scripts/standard_camera_bistro.csv,10,0,0,60,0,1,60,1920,1080,0,0,64,1.0,0.5,1,0.0,0.0,-3.0,0.0,0.0,0.0,0.1,1000.0,0.785,1,1,1,0,0,-1.0,1.0,1.0,0.5,1,1,256,1,100,13_real_diversity_dense,0,65,0,success,0,,"Scene CPU cache disabled; rebuilding source scene.
[FrameCounter] frames{720} measure_start{60} measure_end{660} sample_count{600} window_frames{60}
Saved CSV: C:\Users\mkkim\AppData\Local\Temp\tvbperf_qyrcxai4\run_00065.csv_65_result.csv
Log saved to: C:\Users\mkkim\myfolder\mydev1\VisibilityBufferInfo\out\build\x64-Release\bin\Release\logs\log_2026-07-30_02-24-45.txt",,
66,13_real_diversity_dense,C:\Users\mkkim\AppData\Local\Temp\tvbperf_qyrcxai4\run_00066.csv,8,2,0,66,1,1,1,0,assimp,../../../../../assets/scenes/unpacked/Bistro_v5_2/BistroExterior.fbx,60,600,1,0,2,../../../../../scripts/standard_camera_bistro.csv,10,0,0,60,0,captures,1,60,1920,1080,0,0,64,1,0.6,0,0,-3,0,0,0,0.1,1000,0.785,1,1,1,0,0,-1,1,1,0.5,1,1,1,256,1,100,total,0.51329,depth_prepass,0.12487,geometry,0.23837,lighting,0.09671,tonemap,0.03915,,0.00000,,0.00000,,0.00000,,0.00000,,0.00000,,0.00000,,0.00000,,0.00000,,0.00000,,0.00000,,0.00000,,0.00000,,0.00000,,0.00000,,0.00000,,0.00000,,0.00000,,0.00000,,0.00000,,0.00000,,0.00000,,0.00000,,0.00000,,0.00000,,0.00000,,0.00000,,0.00000,DonutDeferredPrepass,2026-07-30T02:24:45,playback,0.36547,0.53098,0.73350,0.51329,0.36758,0.39981,0.63856,0.66467,4,0,1,100,8,2,0,66,1,1,1,0,assimp,../../../../../assets/scenes/unpacked/Bistro_v5_2/BistroExterior.fbx,60,600,0,2,../../../../../scripts/standard_camera_bistro.csv,10,0,0,60,0,1,60,1920,1080,0,0,64,1.0,0.6,1,0.0,0.0,-3.0,0.0,0.0,0.0,0.1,1000.0,0.785,1,1,1,0,0,-1.0,1.0,1.0,0.5,1,1,256,1,100,13_real_diversity_dense,0,66,0,success,0,,"Scene CPU cache disabled; rebuilding source scene.
[FrameCounter] frames{720} measure_start{60} measure_end{660} sample_count{600} window_frames{60}
Saved CSV: C:\Users\mkkim\AppData\Local\Temp\tvbperf_qyrcxai4\run_00066.csv_66_result.csv
Log saved to: C:\Users\mkkim\myfolder\mydev1\VisibilityBufferInfo\out\build\x64-Release\bin\Release\logs\log_2026-07-30_02-24-52.txt",,
67,13_real_diversity_dense,C:\Users\mkkim\AppData\Local\Temp\tvbperf_qyrcxai4\run_00067.csv,9,2,0,67,1,1,1,0,assimp,../../../../../assets/scenes/unpacked/Bistro_v5_2/BistroExterior.fbx,60,600,1,0,2,../../../../../scripts/standard_camera_bistro.csv,10,0,0,60,0,captures,1,60,1920,1080,0,0,64,1,0.6,0,0,-3,0,0,0,0.1,1000,0.785,1,1,1,0,0,-1,1,1,0.5,1,1,1,256,1,100,total,0.74321,visibility,0.21018,visutil_histogram,0.03076,visutil_prefix,0.00229,visutil_flatten,0.04219,gbuffer,0.28285,lighting,0.10218,tonemap,0.04153,,0.00000,,0.00000,,0.00000,,0.00000,,0.00000,,0.00000,,0.00000,,0.00000,,0.00000,,0.00000,,0.00000,,0.00000,,0.00000,,0.00000,,0.00000,,0.00000,,0.00000,,0.00000,,0.00000,,0.00000,,0.00000,,0.00000,,0.00000,,0.00000,DonutVisGBuffer,2026-07-30T02:24:52,playback,0.59571,0.73958,1.12384,0.74321,0.61021,0.63958,0.81110,1.07133,4,0,1,100,9,2,0,67,1,1,1,0,assimp,../../../../../assets/scenes/unpacked/Bistro_v5_2/BistroExterior.fbx,60,600,0,2,../../../../../scripts/standard_camera_bistro.csv,10,0,0,60,0,1,60,1920,1080,0,0,64,1.0,0.6,1,0.0,0.0,-3.0,0.0,0.0,0.0,0.1,1000.0,0.785,1,1,1,0,0,-1.0,1.0,1.0,0.5,1,1,256,1,100,13_real_diversity_dense,0,67,0,success,0,,"Scene CPU cache disabled; rebuilding source scene.
[FrameCounter] frames{720} measure_start{60} measure_end{660} sample_count{600} window_frames{60}
Saved CSV: C:\Users\mkkim\AppData\Local\Temp\tvbperf_qyrcxai4\run_00067.csv_67_result.csv
Log saved to: C:\Users\mkkim\myfolder\mydev1\VisibilityBufferInfo\out\build\x64-Release\bin\Release\logs\log_2026-07-30_02-25-00.txt",,
68,13_real_diversity_dense,C:\Users\mkkim\AppData\Local\Temp\tvbperf_qyrcxai4\run_00068.csv,8,2,0,68,1,1,1,0,assimp,../../../../../assets/scenes/unpacked/Bistro_v5_2/BistroExterior.fbx,60,600,1,0,2,../../../../../scripts/standard_camera_bistro.csv,10,0,0,60,0,captures,1,60,1920,1080,0,0,64,1,0.7,0,0,-3,0,0,0,0.1,1000,0.785,1,1,1,0,0,-1,1,1,0.5,1,1,1,256,1,100,total,0.57212,depth_prepass,0.13893,geometry,0.26565,lighting,0.10559,tonemap,0.04683,,0.00000,,0.00000,,0.00000,,0.00000,,0.00000,,0.00000,,0.00000,,0.00000,,0.00000,,0.00000,,0.00000,,0.00000,,0.00000,,0.00000,,0.00000,,0.00000,,0.00000,,0.00000,,0.00000,,0.00000,,0.00000,,0.00000,,0.00000,,0.00000,,0.00000,,0.00000,,0.00000,DonutDeferredPrepass,2026-07-30T02:25:00,playback,0.41430,0.55690,0.98611,0.57212,0.41770,0.44291,0.67386,0.88851,4,0,1,100,8,2,0,68,1,1,1,0,assimp,../../../../../assets/scenes/unpacked/Bistro_v5_2/BistroExterior.fbx,60,600,0,2,../../../../../scripts/standard_camera_bistro.csv,10,0,0,60,0,1,60,1920,1080,0,0,64,1.0,0.7,1,0.0,0.0,-3.0,0.0,0.0,0.0,0.1,1000.0,0.785,1,1,1,0,0,-1.0,1.0,1.0,0.5,1,1,256,1,100,13_real_diversity_dense,0,68,0,success,0,,"Scene CPU cache disabled; rebuilding source scene.
[FrameCounter] frames{720} measure_start{60} measure_end{660} sample_count{600} window_frames{60}
Saved CSV: C:\Users\mkkim\AppData\Local\Temp\tvbperf_qyrcxai4\run_00068.csv_68_result.csv
Log saved to: C:\Users\mkkim\myfolder\mydev1\VisibilityBufferInfo\out\build\x64-Release\bin\Release\logs\log_2026-07-30_02-25-06.txt",,
69,13_real_diversity_dense,C:\Users\mkkim\AppData\Local\Temp\tvbperf_qyrcxai4\run_00069.csv,9,2,0,69,1,1,1,0,assimp,../../../../../assets/scenes/unpacked/Bistro_v5_2/BistroExterior.fbx,60,600,1,0,2,../../../../../scripts/standard_camera_bistro.csv,10,0,0,60,0,captures,1,60,1920,1080,0,0,64,1,0.7,0,0,-3,0,0,0,0.1,1000,0.785,1,1,1,0,0,-1,1,1,0.5,1,1,1,256,1,100,total,0.77533,visibility,0.21612,visutil_histogram,0.03092,visutil_prefix,0.00236,visutil_flatten,0.04225,gbuffer,0.29605,lighting,0.11065,tonemap,0.04570,,0.00000,,0.00000,,0.00000,,0.00000,,0.00000,,0.00000,,0.00000,,0.00000,,0.00000,,0.00000,,0.00000,,0.00000,,0.00000,,0.00000,,0.00000,,0.00000,,0.00000,,0.00000,,0.00000,,0.00000,,0.00000,,0.00000,,0.00000,,0.00000,DonutVisGBuffer,2026-07-30T02:25:06,playback,0.60557,0.76566,1.28557,0.77533,0.62243,0.68195,0.88861,1.07120,4,0,1,100,9,2,0,69,1,1,1,0,assimp,../../../../../assets/scenes/unpacked/Bistro_v5_2/BistroExterior.fbx,60,600,0,2,../../../../../scripts/standard_camera_bistro.csv,10,0,0,60,0,1,60,1920,1080,0,0,64,1.0,0.7,1,0.0,0.0,-3.0,0.0,0.0,0.0,0.1,1000.0,0.785,1,1,1,0,0,-1.0,1.0,1.0,0.5,1,1,256,1,100,13_real_diversity_dense,0,69,0,success,0,,"Scene CPU cache disabled; rebuilding source scene.
[FrameCounter] frames{720} measure_start{60} measure_end{660} sample_count{600} window_frames{60}
Saved CSV: C:\Users\mkkim\AppData\Local\Temp\tvbperf_qyrcxai4\run_00069.csv_69_result.csv
Log saved to: C:\Users\mkkim\myfolder\mydev1\VisibilityBufferInfo\out\build\x64-Release\bin\Release\logs\log_2026-07-30_02-25-14.txt",,
70,13_real_diversity_dense,C:\Users\mkkim\AppData\Local\Temp\tvbperf_qyrcxai4\run_00070.csv,8,2,0,70,1,1,1,0,assimp,../../../../../assets/scenes/unpacked/Bistro_v5_2/BistroExterior.fbx,60,600,1,0,2,../../../../../scripts/standard_camera_bistro.csv,10,0,0,60,0,captures,1,60,1920,1080,0,0,64,1,0.8,0,0,-3,0,0,0,0.1,1000,0.785,1,1,1,0,0,-1,1,1,0.5,1,1,1,256,1,100,total,0.52498,depth_prepass,0.12805,geometry,0.24475,lighting,0.09784,tonemap,0.03996,,0.00000,,0.00000,,0.00000,,0.00000,,0.00000,,0.00000,,0.00000,,0.00000,,0.00000,,0.00000,,0.00000,,0.00000,,0.00000,,0.00000,,0.00000,,0.00000,,0.00000,,0.00000,,0.00000,,0.00000,,0.00000,,0.00000,,0.00000,,0.00000,,0.00000,,0.00000,,0.00000,DonutDeferredPrepass,2026-07-30T02:25:14,playback,0.36381,0.53920,0.80672,0.52498,0.36762,0.40157,0.64490,0.66554,4,0,1,100,8,2,0,70,1,1,1,0,assimp,../../../../../assets/scenes/unpacked/Bistro_v5_2/BistroExterior.fbx,60,600,0,2,../../../../../scripts/standard_camera_bistro.csv,10,0,0,60,0,1,60,1920,1080,0,0,64,1.0,0.8,1,0.0,0.0,-3.0,0.0,0.0,0.0,0.1,1000.0,0.785,1,1,1,0,0,-1.0,1.0,1.0,0.5,1,1,256,1,100,13_real_diversity_dense,0,70,0,success,0,,"Scene CPU cache disabled; rebuilding source scene.
[FrameCounter] frames{720} measure_start{60} measure_end{660} sample_count{600} window_frames{60}
Saved CSV: C:\Users\mkkim\AppData\Local\Temp\tvbperf_qyrcxai4\run_00070.csv_70_result.csv
Log saved to: C:\Users\mkkim\myfolder\mydev1\VisibilityBufferInfo\out\build\x64-Release\bin\Release\logs\log_2026-07-30_02-25-20.txt",,
71,13_real_diversity_dense,C:\Users\mkkim\AppData\Local\Temp\tvbperf_qyrcxai4\run_00071.csv,9,2,0,71,1,1,1,0,assimp,../../../../../assets/scenes/unpacked/Bistro_v5_2/BistroExterior.fbx,60,600,1,0,2,../../../../../scripts/standard_camera_bistro.csv,10,0,0,60,0,captures,1,60,1920,1080,0,0,64,1,0.8,0,0,-3,0,0,0,0.1,1000,0.785,1,1,1,0,0,-1,1,1,0.5,1,1,1,256,1,100,total,0.72036,visibility,0.20079,visutil_histogram,0.03043,visutil_prefix,0.00227,visutil_flatten,0.04232,gbuffer,0.27281,lighting,0.09956,tonemap,0.03941,,0.00000,,0.00000,,0.00000,,0.00000,,0.00000,,0.00000,,0.00000,,0.00000,,0.00000,,0.00000,,0.00000,,0.00000,,0.00000,,0.00000,,0.00000,,0.00000,,0.00000,,0.00000,,0.00000,,0.00000,,0.00000,,0.00000,,0.00000,,0.00000,DonutVisGBuffer,2026-07-30T02:25:20,playback,0.56163,0.73187,1.74854,0.72036,0.56557,0.62928,0.78022,0.90646,4,0,1,100,9,2,0,71,1,1,1,0,assimp,../../../../../assets/scenes/unpacked/Bistro_v5_2/BistroExterior.fbx,60,600,0,2,../../../../../scripts/standard_camera_bistro.csv,10,0,0,60,0,1,60,1920,1080,0,0,64,1.0,0.8,1,0.0,0.0,-3.0,0.0,0.0,0.0,0.1,1000.0,0.785,1,1,1,0,0,-1.0,1.0,1.0,0.5,1,1,256,1,100,13_real_diversity_dense,0,71,0,success,0,,"Scene CPU cache disabled; rebuilding source scene.
[FrameCounter] frames{720} measure_start{60} measure_end{660} sample_count{600} window_frames{60}
Saved CSV: C:\Users\mkkim\AppData\Local\Temp\tvbperf_qyrcxai4\run_00071.csv_71_result.csv
Log saved to: C:\Users\mkkim\myfolder\mydev1\VisibilityBufferInfo\out\build\x64-Release\bin\Release\logs\log_2026-07-30_02-25-28.txt",,
72,13_real_diversity_dense,C:\Users\mkkim\AppData\Local\Temp\tvbperf_qyrcxai4\run_00072.csv,8,2,0,72,1,1,1,0,assimp,../../../../../assets/scenes/unpacked/Bistro_v5_2/BistroExterior.fbx,60,600,1,0,2,../../../../../scripts/standard_camera_bistro.csv,10,0,0,60,0,captures,1,60,1920,1080,0,0,64,1,0.9,0,0,-3,0,0,0,0.1,1000,0.785,1,1,1,0,0,-1,1,1,0.5,1,1,1,256,1,100,total,0.57334,depth_prepass,0.13865,geometry,0.26632,lighting,0.10608,tonemap,0.04725,,0.00000,,0.00000,,0.00000,,0.00000,,0.00000,,0.00000,,0.00000,,0.00000,,0.00000,,0.00000,,0.00000,,0.00000,,0.00000,,0.00000,,0.00000,,0.00000,,0.00000,,0.00000,,0.00000,,0.00000,,0.00000,,0.00000,,0.00000,,0.00000,,0.00000,,0.00000,,0.00000,DonutDeferredPrepass,2026-07-30T02:25:28,playback,0.41027,0.55722,1.07277,0.57334,0.41779,0.44531,0.66906,0.89021,4,0,1,100,8,2,0,72,1,1,1,0,assimp,../../../../../assets/scenes/unpacked/Bistro_v5_2/BistroExterior.fbx,60,600,0,2,../../../../../scripts/standard_camera_bistro.csv,10,0,0,60,0,1,60,1920,1080,0,0,64,1.0,0.9,1,0.0,0.0,-3.0,0.0,0.0,0.0,0.1,1000.0,0.785,1,1,1,0,0,-1.0,1.0,1.0,0.5,1,1,256,1,100,13_real_diversity_dense,0,72,0,success,0,,"Scene CPU cache disabled; rebuilding source scene.
[FrameCounter] frames{720} measure_start{60} measure_end{660} sample_count{600} window_frames{60}
Saved CSV: C:\Users\mkkim\AppData\Local\Temp\tvbperf_qyrcxai4\run_00072.csv_72_result.csv
Log saved to: C:\Users\mkkim\myfolder\mydev1\VisibilityBufferInfo\out\build\x64-Release\bin\Release\logs\log_2026-07-30_02-25-35.txt",,
73,13_real_diversity_dense,C:\Users\mkkim\AppData\Local\Temp\tvbperf_qyrcxai4\run_00073.csv,9,2,0,73,1,1,1,0,assimp,../../../../../assets/scenes/unpacked/Bistro_v5_2/BistroExterior.fbx,60,600,1,0,2,../../../../../scripts/standard_camera_bistro.csv,10,0,0,60,0,captures,1,60,1920,1080,0,0,64,1,0.9,0,0,-3,0,0,0,0.1,1000,0.785,1,1,1,0,0,-1,1,1,0.5,1,1,1,256,1,100,total,0.72436,visibility,0.20045,visutil_histogram,0.03054,visutil_prefix,0.00226,visutil_flatten,0.04225,gbuffer,0.27842,lighting,0.09961,tonemap,0.03892,,0.00000,,0.00000,,0.00000,,0.00000,,0.00000,,0.00000,,0.00000,,0.00000,,0.00000,,0.00000,,0.00000,,0.00000,,0.00000,,0.00000,,0.00000,,0.00000,,0.00000,,0.00000,,0.00000,,0.00000,,0.00000,,0.00000,,0.00000,,0.00000,DonutVisGBuffer,2026-07-30T02:25:35,playback,0.56403,0.73965,0.97776,0.72436,0.56912,0.63130,0.79069,0.91424,4,0,1,100,9,2,0,73,1,1,1,0,assimp,../../../../../assets/scenes/unpacked/Bistro_v5_2/BistroExterior.fbx,60,600,0,2,../../../../../scripts/standard_camera_bistro.csv,10,0,0,60,0,1,60,1920,1080,0,0,64,1.0,0.9,1,0.0,0.0,-3.0,0.0,0.0,0.0,0.1,1000.0,0.785,1,1,1,0,0,-1.0,1.0,1.0,0.5,1,1,256,1,100,13_real_diversity_dense,0,73,0,success,0,,"Scene CPU cache disabled; rebuilding source scene.
[FrameCounter] frames{720} measure_start{60} measure_end{660} sample_count{600} window_frames{60}
Saved CSV: C:\Users\mkkim\AppData\Local\Temp\tvbperf_qyrcxai4\run_00073.csv_73_result.csv
Log saved to: C:\Users\mkkim\myfolder\mydev1\VisibilityBufferInfo\out\build\x64-Release\bin\Release\logs\log_2026-07-30_02-25-43.txt",,
74,13_real_diversity_dense,C:\Users\mkkim\AppData\Local\Temp\tvbperf_qyrcxai4\run_00074.csv,8,2,0,74,1,1,1,0,assimp,../../../../../assets/scenes/unpacked/Bistro_v5_2/BistroExterior.fbx,60,600,1,0,2,../../../../../scripts/standard_camera_bistro.csv,10,0,0,60,0,captures,1,60,1920,1080,0,0,64,1,0.95,0,0,-3,0,0,0,0.1,1000,0.785,1,1,1,0,0,-1,1,1,0.5,1,1,1,256,1,100,total,0.55101,depth_prepass,0.13453,geometry,0.25867,lighting,0.10069,tonemap,0.04257,,0.00000,,0.00000,,0.00000,,0.00000,,0.00000,,0.00000,,0.00000,,0.00000,,0.00000,,0.00000,,0.00000,,0.00000,,0.00000,,0.00000,,0.00000,,0.00000,,0.00000,,0.00000,,0.00000,,0.00000,,0.00000,,0.00000,,0.00000,,0.00000,,0.00000,,0.00000,,0.00000,DonutDeferredPrepass,2026-07-30T02:25:43,playback,0.36406,0.54707,0.96714,0.55101,0.36682,0.40032,0.66864,0.88941,4,0,1,100,8,2,0,74,1,1,1,0,assimp,../../../../../assets/scenes/unpacked/Bistro_v5_2/BistroExterior.fbx,60,600,0,2,../../../../../scripts/standard_camera_bistro.csv,10,0,0,60,0,1,60,1920,1080,0,0,64,1.0,0.95,1,0.0,0.0,-3.0,0.0,0.0,0.0,0.1,1000.0,0.785,1,1,1,0,0,-1.0,1.0,1.0,0.5,1,1,256,1,100,13_real_diversity_dense,0,74,0,success,0,,"Scene CPU cache disabled; rebuilding source scene.
[FrameCounter] frames{720} measure_start{60} measure_end{660} sample_count{600} window_frames{60}
Saved CSV: C:\Users\mkkim\AppData\Local\Temp\tvbperf_qyrcxai4\run_00074.csv_74_result.csv
Log saved to: C:\Users\mkkim\myfolder\mydev1\VisibilityBufferInfo\out\build\x64-Release\bin\Release\logs\log_2026-07-30_02-25-49.txt",,
75,13_real_diversity_dense,C:\Users\mkkim\AppData\Local\Temp\tvbperf_qyrcxai4\run_00075.csv,9,2,0,75,1,1,1,0,assimp,../../../../../assets/scenes/unpacked/Bistro_v5_2/BistroExterior.fbx,60,600,1,0,2,../../../../../scripts/standard_camera_bistro.csv,10,0,0,60,0,captures,1,60,1920,1080,0,0,64,1,0.95,0,0,-3,0,0,0,0.1,1000,0.785,1,1,1,0,0,-1,1,1,0.5,1,1,1,256,1,100,total,0.76312,visibility,0.21310,visutil_histogram,0.03116,visutil_prefix,0.00234,visutil_flatten,0.04261,gbuffer,0.29217,lighting,0.10668,tonemap,0.04394,,0.00000,,0.00000,,0.00000,,0.00000,,0.00000,,0.00000,,0.00000,,0.00000,,0.00000,,0.00000,,0.00000,,0.00000,,0.00000,,0.00000,,0.00000,,0.00000,,0.00000,,0.00000,,0.00000,,0.00000,,0.00000,,0.00000,,0.00000,,0.00000,DonutVisGBuffer,2026-07-30T02:25:49,playback,0.59907,0.76083,1.30198,0.76312,0.60880,0.65565,0.88118,1.07088,4,0,1,100,9,2,0,75,1,1,1,0,assimp,../../../../../assets/scenes/unpacked/Bistro_v5_2/BistroExterior.fbx,60,600,0,2,../../../../../scripts/standard_camera_bistro.csv,10,0,0,60,0,1,60,1920,1080,0,0,64,1.0,0.95,1,0.0,0.0,-3.0,0.0,0.0,0.0,0.1,1000.0,0.785,1,1,1,0,0,-1.0,1.0,1.0,0.5,1,1,256,1,100,13_real_diversity_dense,0,75,0,success,0,,"Scene CPU cache disabled; rebuilding source scene.
[FrameCounter] frames{720} measure_start{60} measure_end{660} sample_count{600} window_frames{60}
Saved CSV: C:\Users\mkkim\AppData\Local\Temp\tvbperf_qyrcxai4\run_00075.csv_75_result.csv
Log saved to: C:\Users\mkkim\myfolder\mydev1\VisibilityBufferInfo\out\build\x64-Release\bin\Release\logs\log_2026-07-30_02-25-57.txt",,
76,13_real_diversity_dense,C:\Users\mkkim\AppData\Local\Temp\tvbperf_qyrcxai4\run_00076.csv,8,2,0,76,1,1,1,0,assimp,../../../../../assets/scenes/unpacked/Bistro_v5_2/BistroExterior.fbx,60,600,1,0,2,../../../../../scripts/standard_camera_bistro.csv,10,0,0,60,0,captures,1,60,1920,1080,0,0,64,1,1,0,0,-3,0,0,0,0.1,1000,0.785,1,1,1,0,0,-1,1,1,0.5,1,1,1,256,1,100,total,0.57190,depth_prepass,0.13816,geometry,0.26519,lighting,0.10667,tonemap,0.04712,,0.00000,,0.00000,,0.00000,,0.00000,,0.00000,,0.00000,,0.00000,,0.00000,,0.00000,,0.00000,,0.00000,,0.00000,,0.00000,,0.00000,,0.00000,,0.00000,,0.00000,,0.00000,,0.00000,,0.00000,,0.00000,,0.00000,,0.00000,,0.00000,,0.00000,,0.00000,,0.00000,DonutDeferredPrepass,2026-07-30T02:25:57,playback,0.41062,0.55654,1.04378,0.57190,0.41846,0.44410,0.66698,0.89094,4,0,1,100,8,2,0,76,1,1,1,0,assimp,../../../../../assets/scenes/unpacked/Bistro_v5_2/BistroExterior.fbx,60,600,0,2,../../../../../scripts/standard_camera_bistro.csv,10,0,0,60,0,1,60,1920,1080,0,0,64,1.0,1.0,1,0.0,0.0,-3.0,0.0,0.0,0.0,0.1,1000.0,0.785,1,1,1,0,0,-1.0,1.0,1.0,0.5,1,1,256,1,100,13_real_diversity_dense,0,76,0,success,0,,"Scene CPU cache disabled; rebuilding source scene.
[FrameCounter] frames{720} measure_start{60} measure_end{660} sample_count{600} window_frames{60}
Saved CSV: C:\Users\mkkim\AppData\Local\Temp\tvbperf_qyrcxai4\run_00076.csv_76_result.csv
Log saved to: C:\Users\mkkim\myfolder\mydev1\VisibilityBufferInfo\out\build\x64-Release\bin\Release\logs\log_2026-07-30_02-26-03.txt",,
77,13_real_diversity_dense,C:\Users\mkkim\AppData\Local\Temp\tvbperf_qyrcxai4\run_00077.csv,9,2,0,77,1,1,1,0,assimp,../../../../../assets/scenes/unpacked/Bistro_v5_2/BistroExterior.fbx,60,600,1,0,2,../../../../../scripts/standard_camera_bistro.csv,10,0,0,60,0,captures,1,60,1920,1080,0,0,64,1,1,0,0,-3,0,0,0,0.1,1000,0.785,1,1,1,0,0,-1,1,1,0.5,1,1,1,256,1,100,total,0.73503,visibility,0.20639,visutil_histogram,0.03075,visutil_prefix,0.00230,visutil_flatten,0.04259,gbuffer,0.28218,lighting,0.09988,tonemap,0.03993,,0.00000,,0.00000,,0.00000,,0.00000,,0.00000,,0.00000,,0.00000,,0.00000,,0.00000,,0.00000,,0.00000,,0.00000,,0.00000,,0.00000,,0.00000,,0.00000,,0.00000,,0.00000,,0.00000,,0.00000,,0.00000,,0.00000,,0.00000,,0.00000,DonutVisGBuffer,2026-07-30T02:26:03,playback,0.60787,0.74541,1.01286,0.73503,0.61427,0.64234,0.79261,0.92589,4,0,1,100,9,2,0,77,1,1,1,0,assimp,../../../../../assets/scenes/unpacked/Bistro_v5_2/BistroExterior.fbx,60,600,0,2,../../../../../scripts/standard_camera_bistro.csv,10,0,0,60,0,1,60,1920,1080,0,0,64,1.0,1.0,1,0.0,0.0,-3.0,0.0,0.0,0.0,0.1,1000.0,0.785,1,1,1,0,0,-1.0,1.0,1.0,0.5,1,1,256,1,100,13_real_diversity_dense,0,77,0,success,0,,"Scene CPU cache disabled; rebuilding source scene.
[FrameCounter] frames{720} measure_start{60} measure_end{660} sample_count{600} window_frames{60}
Saved CSV: C:\Users\mkkim\AppData\Local\Temp\tvbperf_qyrcxai4\run_00077.csv_77_result.csv
Log saved to: C:\Users\mkkim\myfolder\mydev1\VisibilityBufferInfo\out\build\x64-Release\bin\Release\logs\log_2026-07-30_02-26-11.txt",,
