frame,triangle_count,total_fragments,covered_pixels,overdraw_extra,avg_overdraw,max_overdraw,rasterized_triangles,skipped_triangles,quad_instances,quad_covered_lanes,quad_waste_lanes,quad_efficiency
60,908861,1721728,583680,1138048,2.949781,10,119257,789604,607027,1721728,706380,0.709082
61,908861,1727427,586240,1141187,2.946621,10,119865,788996,609146,1727427,709157,0.708954
62,908861,1737088,588800,1148288,2.950217,10,119676,789185,612554,1737088,713128,0.708953
63,908861,1744623,592640,1151983,2.943816,10,120421,788440,615760,1744623,718417,0.708321
64,908861,1754330,595200,1159130,2.947463,10,120653,788208,619815,1754330,724930,0.707602
65,914501,1761053,597760,1163293,2.946087,10,121038,793463,623385,1761053,732487,0.706246
66,914501,1771719,600320,1171399,2.951291,10,121772,792729,626583,1771719,734613,0.706897
67,914501,1779315,602880,1176435,2.951358,10,121901,792600,628441,1779315,734449,0.707829
68,914501,1789803,606720,1183083,2.949965,10,122162,792339,631988,1789803,738149,0.708005
69,914501,1796574,609280,1187294,2.948684,10,122734,791767,635025,1796574,743526,0.707285
70,914501,1806115,611840,1194275,2.951940,10,123165,791336,637108,1806115,742317,0.708716
71,914501,1814924,614400,1200524,2.953978,10,123512,790989,641561,1814924,751320,0.707230
72,914501,1822956,616960,1205996,2.954739,10,124025,790476,644320,1822956,754324,0.707318
73,914501,1833503,620800,1212703,2.953452,10,124352,790149,647256,1833503,755521,0.708183
74,914501,1839186,623360,1215826,2.950440,10,124843,789658,648730,1839186,755734,0.708764
75,914501,1850097,625920,1224177,2.955804,10,125210,789291,653533,1850097,764035,0.707729
76,914501,1856100,628480,1227620,2.953316,10,125679,788822,656250,1856100,768900,0.707086
77,914501,1865039,631222,1233817,2.954648,10,126167,788334,657755,1865039,765981,0.708865
78,914501,1874722,635365,1239357,2.950622,10,126520,787981,661485,1874722,771218,0.708528
79,914501,1884486,638355,1246131,2.952097,10,127003,787498,665640,1884486,778074,0.707772
80,914501,1891828,641478,1250350,2.949171,10,127405,787096,667207,1891828,777000,0.708861
81,914501,1901137,644645,1256492,2.949122,10,127849,786652,668366,1901137,772327,0.711114
82,914501,1909157,647924,1261233,2.946576,10,128471,786030,672055,1909157,779063,0.710194
83,914501,1919145,651262,1267883,2.946809,10,128775,785726,677505,1919145,790875,0.708166
84,914501,1928529,655731,1272798,2.941037,10,129132,785369,680355,1928529,792891,0.708648
85,914501,1936140,659162,1276978,2.937275,10,129364,785137,682009,1936140,791896,0.709719
86,914501,1946006,662601,1283405,2.936920,10,129810,784691,687264,1946006,803050,0.707882
87,914501,1951335,666116,1285219,2.929422,10,130003,784498,687602,1951335,799073,0.709471
88,991140,1963876,669671,1294205,2.932598,10,130660,860480,690674,1963876,798820,0.710855
89,991140,1969906,674304,1295602,2.921392,10,130684,860456,691285,1969906,795234,0.712407
90,991140,1979928,677983,1301945,2.920321,10,130862,860278,695562,1979928,802320,0.711629
91,991140,1988661,681691,1306970,2.917247,10,132098,859042,699642,1988661,809907,0.710599
92,991140,1996903,685497,1311406,2.913073,10,131889,859251,699313,1996903,800349,0.713880
93,991140,2005959,689350,1316609,2.909928,10,133147,857993,705243,2005959,815013,0.711088
94,991140,2016739,694183,1322556,2.905198,10,133385,857755,710329,2016739,824577,0.709790
95,991140,2025101,698118,1326983,2.900800,10,133975,857165,709765,2025101,813959,0.713300
96,991140,2034395,702104,1332291,2.897569,10,134533,856607,714716,2034395,824469,0.711610
97,991140,2042816,706089,1336727,2.893142,10,134794,856346,718821,2042816,832468,0.710475
98,991140,2052656,710164,1342492,2.890397,10,135566,855574,721900,2052656,834944,0.710852
99,991140,2063111,715098,1348013,2.885074,10,136031,855109,721380,2063111,822409,0.714988
100,991140,2069455,719205,1350250,2.877420,11,136026,855114,726735,2069455,837485,0.711902
101,991140,2080612,723346,1357266,2.876372,10,137025,854115,730402,2080612,840996,0.712146
102,991140,2086766,727477,1359289,2.868498,10,136891,854249,730324,2086766,834530,0.714329
103,991140,2097985,731669,1366316,2.867396,10,137257,853883,734724,2097985,840911,0.713868
104,991140,2106201,736693,1369508,2.858994,10,138243,852897,738628,2106201,848311,0.712876
105,991140,2115938,740922,1375016,2.855817,10,137946,853194,740329,2115938,845378,0.714526
106,991140,2123545,745175,1378370,2.849727,10,138211,852929,743117,2123545,848923,0.714405
107,991140,2133865,749200,1384665,2.848191,10,138613,852527,746911,2133865,853779,0.714230
108,991140,2140370,753087,1387283,2.842128,10,139022,852118,748155,2140370,852250,0.715216
109,991140,2150488,757698,1392790,2.838186,10,139170,851970,751626,2150488,856016,0.715279
110,991140,2159689,761440,1398249,2.836322,11,140079,851061,753912,2159689,855959,0.716161
111,991140,2166894,765114,1401780,2.832119,10,140088,851052,757348,2166894,862498,0.715290
112,1192696,2175003,768736,1406267,2.829324,10,140361,1052335,758559,2175003,859233,0.716821
113,1222514,2182517,772305,1410212,2.825978,10,140927,1081587,763043,2182517,869655,0.715070
114,1222514,2190327,775822,1414505,2.823234,10,141205,1081309,764692,2190327,868441,0.716081
115,1222514,2199114,780047,1419067,2.819207,10,141990,1080524,767915,2199114,872546,0.715937
116,1222514,2209405,783459,1425946,2.820065,10,142530,1079984,770121,2209405,871079,0.717227
117,1222514,2215247,786832,1428415,2.815400,10,142554,1079960,773874,2215247,880249,0.715636
118,1222514,2227491,790152,1437339,2.819066,11,143438,1079076,777787,2227491,883657,0.715971
119,1222514,2235388,793445,1441943,2.817319,11,144118,1078396,779594,2235388,882988,0.716844
120,1222514,2246480,797428,1449052,2.817157,11,144490,1078024,783483,2246480,887452,0.716825
121,1222514,2325757,829065,1496692,2.805277,10,150512,1072002,810164,2325757,914899,0.717681
122,1223554,2385290,854484,1530806,2.791498,11,156468,1067086,831385,2385290,940250,0.717264
123,1231929,2438275,875319,1562956,2.785584,11,162652,1069277,856089,2438275,986081,0.712039
124,1233389,2485539,893516,1592023,2.781751,11,166564,1066825,871544,2485539,1000637,0.712970
125,1235064,2538546,908732,1629814,2.793503,11,170700,1064364,893478,2538546,1035366,0.710299
126,1235074,2585462,921600,1663862,2.805406,11,172757,1062317,909616,2585462,1053002,0.710592
127,1235074,2605798,921599,1684199,2.827475,11,174355,1060719,920933,2605798,1077934,0.707380
128,1235074,2627490,921600,1705890,2.851009,11,175283,1059791,928459,2627490,1086346,0.707487
129,1291956,2649527,921599,1727928,2.874924,12,176341,1115615,937928,2649527,1102185,0.706218
130,1303128,2679733,921600,1758133,2.907696,11,177557,1125571,948709,2679733,1115103,0.706153
131,1303128,2670502,921600,1748902,2.897680,11,177151,1125977,947831,2670502,1120822,0.704372
132,1303128,2659941,921600,1738341,2.886221,11,176196,1126932,941478,2659941,1105971,0.706321
133,1297542,2655046,921600,1733446,2.880909,12,176652,1120890,938733,2655046,1099886,0.707082
134,1297542,2647495,921600,1725895,2.872716,12,176671,1120871,935726,2647495,1095409,0.707337
135,1291956,2640653,921600,1719053,2.865292,11,176026,1115930,936339,2640653,1104703,0.705047
136,1291954,2631317,921600,1709717,2.855162,12,175630,1116324,929674,2631317,1087379,0.707591
137,1291930,2625125,921600,1703525,2.848443,12,175545,1116385,929043,2625125,1091047,0.706406
138,1235050,2622927,921600,1701327,2.846058,11,175368,1059682,926796,2622927,1084257,0.707525
139,1235050,2613169,921599,1691570,2.835473,11,174676,1060374,924576,2613169,1085135,0.706586
140,1234730,2616606,921600,1695006,2.839199,11,175381,1059349,927321,2616606,1092678,0.705421
141,1234730,2615884,921599,1694285,2.838419,11,175680,1059050,924856,2615884,1083540,0.707106
142,1234730,2611660,921599,1690061,2.833836,12,175729,1059001,926049,2611660,1092536,0.705054
143,1234730,2611922,921600,1690322,2.834117,13,175038,1059692,922105,2611922,1076498,0.708141
144,1206912,2611096,921600,1689496,2.833220,12,175046,1031866,923392,2611096,1082472,0.706931
145,1206912,2611997,921600,1690397,2.834198,11,175251,1031661,922259,2611997,1077039,0.708043
146,1206912,2613692,921600,1692092,2.836037,12,175388,1031524,925916,2613692,1089972,0.705704
147,1206912,2611497,921599,1689898,2.833659,11,175052,1031860,922200,2611497,1077303,0.707953
148,1206844,2614048,921600,1692448,2.836424,11,175049,1031795,921543,2614048,1072124,0.709150
149,1206844,2618432,921600,1696832,2.841181,11,174778,1032066,922962,2618432,1073416,0.709247
150,1205169,2619534,921600,1697934,2.842376,12,174201,1030968,920897,2619534,1064054,0.711137
151,1198835,2620180,921599,1698581,2.843080,11,174705,1024130,922113,2620180,1068272,0.710374
152,1198835,2622104,921600,1700504,2.845165,11,173596,1025239,921447,2622104,1063684,0.711409
153,1198835,2628832,921600,1707232,2.852465,13,172972,1025863,922336,2628832,1060512,0.712547
154,1198835,2630373,921600,1708773,2.854137,11,171659,1027176,918837,2630373,1044975,0.715680
155,1161925,2635985,921600,1714385,2.860227,10,171389,990536,919818,2635985,1043287,0.716442
156,1161557,2640268,921600,1718668,2.864874,11,169303,992254,917321,2640268,1029016,0.719559
157,1161557,2625828,921600,1704228,2.849206,11,166810,994747,908501,2625828,1008176,0.722572
158,1161557,2630042,921600,1708442,2.853778,11,164688,996869,902922,2630042,981646,0.728203
159,1161169,2635686,921600,1714086,2.859902,12,162306,998863,905732,2635686,987242,0.727502
160,1156762,2641775,921600,1720175,2.866509,11,159255,997507,900168,2641775,958897,0.733689
161,1151176,2619911,921600,1698311,2.842785,10,154085,997091,888065,2619911,932349,0.737534
162,1115763,2610826,921600,1689226,2.832928,10,150103,965660,881176,2610826,913878,0.740722
163,1114723,2590606,921600,1669006,2.810987,11,145504,969219,870420,2590606,891074,0.744068
164,1109137,2569297,921600,1647697,2.787866,10,141076,968061,860213,2569297,871555,0.746704
165,1109137,2533885,921600,1612285,2.749441,10,137531,971606,848282,2533885,859243,0.746770
166,1109137,2468491,921600,1546891,2.678484,10,133587,975550,824289,2468491,828665,0.748673
167,1082107,2407708,921600,1486108,2.612530,10,129509,952598,803511,2407708,806336,0.749121
168,1076299,2365530,921600,1443930,2.566764,9,125056,951243,787697,2365530,785258,0.750774
169,844925,2314412,921600,1392812,2.511298,10,123054,721871,772061,2314412,773832,0.749427
170,844925,2249668,921600,1328068,2.441046,9,121213,723712,756349,2249668,775728,0.743595
171,840745,2210748,921600,1289148,2.398815,9,119279,721466,743507,2210748,763280,0.743351
172,840745,2176877,921599,1255278,2.362065,9,116771,723974,732042,2176877,751291,0.743426
173,834937,2177680,921599,1256081,2.362937,9,114849,720088,731481,2177680,748244,0.744271
174,831197,2175491,921600,1253891,2.360559,9,112038,719159,728094,2175491,736885,0.746982
175,743098,2177491,921600,1255891,2.362729,9,110336,632762,726209,2177491,727345,0.749609
176,718942,2180761,921600,1259161,2.366277,9,108987,609955,727288,2180761,728391,0.749621
177,718942,2181391,921600,1259791,2.366961,9,107728,611214,725048,2181391,718801,0.752154
178,691124,2185041,921600,1263441,2.370921,9,106228,584896,724850,2185041,714359,0.753618
179,666968,2187668,921600,1266068,2.373772,11,105144,561824,722806,2187668,703556,0.756658
180,661328,2192548,921600,1270948,2.379067,10,104174,557154,725586,2192548,709796,0.755440
181,661328,2192835,921566,1271269,2.379466,10,103380,557948,724183,2192835,703897,0.757003
182,654994,2193053,921599,1271454,2.379617,10,103728,551266,724219,2193053,703823,0.757041
183,654994,2194531,921600,1272931,2.381219,10,102495,552499,724479,2194531,703385,0.757279
184,654990,2195942,921600,1274342,2.382750,10,102061,552929,725613,2195942,706510,0.756582
185,654990,2197724,921599,1276125,2.384686,10,102386,552604,724184,2197724,699012,0.758690
186,654982,2200582,921600,1278982,2.387784,10,101945,553037,727225,2200582,708318,0.756500
187,649762,2201926,921600,1280326,2.389243,9,101325,548437,727032,2201926,706202,0.757163
188,649762,2202596,921600,1280996,2.389970,9,101186,548576,725716,2202596,700268,0.758767
189,592349,2203784,921600,1282184,2.391259,10,101031,491318,724303,2203784,693428,0.760657
190,592349,2209804,921600,1288204,2.397791,10,100889,491460,726859,2209804,697632,0.760052
191,592349,2208729,921598,1287131,2.396630,10,100306,492043,727555,2208729,701491,0.758956
192,592349,2209938,921600,1288338,2.397936,10,99829,492520,726170,2209938,694742,0.760820
193,592349,2212541,921599,1290942,2.400763,10,99206,493143,726367,2212541,692927,0.761509
194,553755,2211215,921600,1289615,2.399322,9,98784,454971,722911,2211215,680429,0.764691
195,553763,2214993,921600,1293393,2.403421,10,98131,455632,723745,2214993,679987,0.765115
196,553725,2222154,921600,1300554,2.411191,11,97649,456076,727027,2222154,685954,0.764124
197,553725,2226017,921600,1304417,2.415383,12,97061,456664,727550,2226017,684183,0.764902
198,551245,2226492,921599,1304893,2.415901,10,96016,455229,724903,2226492,673120,0.767859
199,549468,2231722,921600,1310122,2.421573,10,95682,453786,727174,2231722,676974,0.767259
200,549468,2233161,921600,1311561,2.423135,9,95200,454268,729331,2233161,684163,0.765483
201,549468,2239928,921600,1318328,2.430477,9,94649,454819,727475,2239928,669972,0.769761
202,549468,2243236,921600,1321636,2.434067,9,94833,454635,730530,2243236,678884,0.767674
203,549468,2247238,921600,1325638,2.438409,9,94168,455300,728155,2247238,665382,0.771552
204,549468,2253793,921599,1332194,2.445525,9,93036,456432,731846,2253793,673591,0.769900
205,549468,2258450,921600,1336850,2.450575,9,92310,457158,731116,2258450,666014,0.772261
206,549468,2266285,921600,1344685,2.459077,9,91732,457736,731807,2266285,660943,0.774209
207,573624,2273430,921600,1351830,2.466829,10,90973,482651,734671,2273430,665254,0.773622
208,573624,2280398,921600,1358798,2.474390,9,90230,483394,734902,2280398,659210,0.775749
209,573624,2289728,921600,1368128,2.484514,10,90232,483392,737839,2289728,661628,0.775822
210,573624,2298969,921600,1377369,2.494541,9,89871,483753,741614,2298969,667487,0.774988
211,571944,2287082,921600,1365482,2.481643,10,88520,483424,736600,2287082,659318,0.776229
212,571944,2252959,921600,1331359,2.444617,11,86599,485345,722548,2252959,637233,0.779519
213,571508,2220558,921600,1298958,2.409460,8,84858,486650,712992,2220558,631410,0.778606
214,565914,2129989,921600,1208389,2.311186,9,82235,483679,687637,2129989,620559,0.774387
215,565914,2012855,921600,1091255,2.184087,8,79570,486344,655428,2012855,608857,0.767764
216,565914,1965293,921600,1043693,2.132479,8,77296,488618,642324,1965293,604003,0.764915
217,565914,1949928,921600,1028328,2.115807,8,75367,490547,634574,1949928,588368,0.768204
218,565914,1941017,921600,1019417,2.106138,8,72775,493139,629111,1941017,575427,0.771333
219,565914,1941833,921600,1020233,2.107024,8,70621,495293,624033,1941833,554299,0.777937
220,574974,1943534,921600,1021934,2.108869,9,69762,505212,623974,1943534,552362,0.778692
221,508708,1920115,921599,998516,2.083460,9,67204,441504,615954,1920115,543701,0.779326
222,501242,1926395,921600,1004795,2.090272,10,66637,434605,618800,1926395,548805,0.778279
223,473724,1922236,921599,1000637,2.085762,12,66179,407545,617596,1922236,548148,0.778112
224,493981,1919043,921600,997443,2.082295,12,65269,428712,617102,1919043,549365,0.777442
225,509503,1924000,921600,1002400,2.087674,11,63095,446408,616734,1924000,542936,0.779915
226,576145,1927393,921600,1005793,2.091355,11,60610,515535,614896,1927393,532191,0.783626
227,588516,1911285,921600,989685,2.073877,10,56503,532013,603630,1911285,503235,0.791580
228,560704,1860700,921600,939100,2.018989,10,57086,503618,589363,1860700,496752,0.789284
229,550648,1816897,921599,895298,1.971462,9,55856,494792,574308,1816897,480335,0.790907
230,523376,1831293,921600,909693,1.987080,9,53892,469484,576072,1831293,472995,0.794733
231,549755,1870002,921600,948402,2.029082,9,55638,494117,591261,1870002,495042,0.790684
232,544456,1858811,921599,937212,2.016941,9,59746,484710,593574,1858811,515485,0.782889
233,560072,1835839,921600,914239,1.992013,9,59036,501036,588663,1835839,518813,0.779665
234,649187,1814713,921562,893151,1.969171,9,60121,589066,584512,1814713,523335,0.776166
235,689157,1802828,921457,881371,1.956497,10,70273,618884,590970,1802828,561052,0.762656
236,691958,1880431,921454,958977,2.040722,16,74910,617048,619961,1880431,599413,0.758286
237,754643,1957403,921451,1035952,2.124262,19,76296,678347,643221,1957403,615481,0.760782
238,758082,2050662,921485,1129177,2.225388,22,77616,680466,673561,2050662,643582,0.761127
239,786402,2029062,921495,1107567,2.201924,19,76032,710370,664014,2029062,626994,0.763938
240,764104,1946394,921481,1024913,2.112245,18,75715,688389,638654,1946394,608222,0.761913
241,773065,1874306,921472,952834,2.034035,20,75202,697863,615003,1874306,585706,0.761909
242,754300,1929331,921482,1007849,2.093726,19,77058,677242,631594,1929331,597045,0.763675
243,781302,2046202,921486,1124716,2.220546,18,81879,699423,668913,2046202,629450,0.764749
244,781302,2165344,921427,1243917,2.349990,19,91932,689370,714521,2165344,692740,0.757621
245,781306,2230674,921489,1309185,2.420728,18,93767,687539,733601,2230674,703730,0.760180
246,787118,2219432,921577,1297855,2.408298,18,95166,691952,732916,2219432,712232,0.757055
247,807314,2217601,921453,1296148,2.406635,18,94422,712892,732909,2217601,714035,0.756438
248,807326,2180703,921484,1259219,2.366512,16,93502,713824,722948,2180703,711089,0.754101
249,768847,2180695,921515,1259180,2.366424,16,94672,674175,726147,2180695,723893,0.750776
250,762887,2210601,921450,1289151,2.399046,17,94735,668152,734187,2210601,726147,0.752738
251,757249,2159523,921465,1238058,2.343576,16,91665,665584,715428,2159523,702189,0.754626
252,699836,2108631,921467,1187164,2.288341,17,88890,610946,697263,2108631,680421,0.756039
253,699838,2092786,921463,1171323,2.271156,17,87169,612669,689966,2092786,667078,0.758293
254,699840,2090192,921465,1168727,2.268336,16,83593,616247,682968,2090192,641680,0.765113
255,673453,2086026,921452,1164574,2.263847,18,83371,590082,678089,2086026,626330,0.769083
256,679221,2065701,921440,1144261,2.241818,17,83019,596202,669666,2065701,612963,0.771168
257,672651,2105217,921429,1183788,2.284731,16,82912,589739,680911,2105217,618427,0.772941
258,690249,2168422,921475,1246947,2.353208,17,81492,608757,696675,2168422,618278,0.778133
259,690259,2201925,921504,1280421,2.389490,17,77371,612888,705035,2201925,618215,0.780786
260,554538,2200824,921600,1279224,2.388047,12,72887,481651,701408,2200824,604808,0.784431
261,506709,2189653,921600,1268053,2.375926,10,71034,435675,697782,2189653,601475,0.784505
262,469809,2182444,921600,1260844,2.368103,10,72458,397351,698471,2182444,611440,0.781151
263,469004,2169077,921600,1247477,2.353599,11,72457,396547,696436,2169077,616667,0.778635
264,469004,2133981,921599,1212382,2.315520,11,69978,399026,685767,2133981,609087,0.777954
265,469004,2095928,921600,1174328,2.274227,11,69827,399177,675433,2095928,605804,0.775772
266,469004,2064637,921600,1143037,2.240275,11,69007,399997,666997,2064637,603351,0.773855
267,464826,2054650,921600,1133050,2.229438,11,68342,396484,663330,2054650,598670,0.774369
268,440670,2043338,921600,1121738,2.217164,10,67043,373627,658584,2043338,590998,0.775656
269,417628,2066320,921600,1144720,2.242101,11,65871,351757,663187,2066320,586428,0.778936
270,320156,2066043,921600,1144443,2.241800,10,64891,255265,660496,2066043,575941,0.782004
271,320156,2071293,921599,1149694,2.247499,11,64597,255559,662313,2071293,577959,0.781841
272,296750,2076824,921600,1155224,2.253498,10,64388,232362,663460,2076824,577016,0.782573
273,296750,2080900,921600,1159300,2.257921,11,64314,232436,664845,2080900,578480,0.782476
274,255542,2083111,921600,1161511,2.260320,10,64208,191334,665641,2083111,579453,0.782370
275,253142,2083751,921600,1162151,2.261015,10,64167,188975,665884,2083751,579785,0.782325
276,249741,2081943,921600,1160343,2.259053,10,63944,185797,665025,2081943,578157,0.782656
277,249741,2082888,921600,1161288,2.260078,10,64110,185631,665885,2082888,580652,0.782000
278,225451,2087415,921599,1165816,2.264993,10,64043,161408,667356,2087415,582009,0.781972
279,225443,2095981,921600,1174381,2.274285,10,64012,161431,669350,2095981,581419,0.782842
280,219803,2107842,921600,1186242,2.287155,10,63949,155854,673116,2107842,584622,0.782867
281,219803,2101125,921600,1179525,2.279867,10,62379,157424,668238,2101125,571827,0.786069
282,200423,2102141,921600,1180541,2.280969,9,59719,140704,664353,2102141,555271,0.791048
283,194837,2109908,921600,1188308,2.289397,9,57948,136889,662235,2109908,539032,0.796510
284,214179,2118651,921600,1197051,2.298883,9,56243,157936,661388,2118651,526901,0.800835
285,214177,2127907,921600,1206307,2.308927,9,54720,159457,660199,2127907,512889,0.805782
286,216567,2135286,921600,1213686,2.316934,10,52666,163901,657109,2135286,493150,0.812379
287,222153,2139738,921600,1218138,2.321764,9,49474,172679,652960,2139738,472102,0.819245
288,222153,2145328,921599,1223729,2.327832,9,47415,174738,649984,2145328,454608,0.825146
289,222153,2147266,921600,1225666,2.329933,9,45804,176349,646152,2147266,437342,0.830790
290,222151,2142930,921600,1221330,2.325228,9,44384,177767,641385,2142930,422610,0.835274
291,222151,2163999,921600,1242399,2.348089,9,42339,179812,641283,2163999,401133,0.843621
292,222151,2178565,921600,1256965,2.363894,9,39499,182652,637964,2178565,373291,0.853718
293,222151,2179607,921600,1258007,2.365025,8,38399,183752,634165,2179607,357053,0.859243
294,223455,2155317,921600,1233717,2.338669,11,38022,185433,626418,2155317,350355,0.860175
295,229095,2152817,921600,1231217,2.335956,12,38422,190673,625384,2152817,348719,0.860598
296,229095,2194154,921600,1272554,2.380809,13,38576,190519,636671,2194154,352530,0.861573
297,223287,2253103,921600,1331503,2.444773,12,38841,184446,653043,2253103,359069,0.862540
298,223285,2319460,921600,1397860,2.516775,13,39102,184183,671998,2319460,368532,0.862897
299,264493,2383711,921600,1462111,2.586492,15,39133,225360,690188,2383711,377041,0.863428
300,359108,2433660,921600,1512060,2.640690,15,39884,319224,706042,2433660,390508,0.861726
301,412459,2498405,921600,1576805,2.710943,14,41153,371306,726038,2498405,405747,0.860287
302,545109,2543457,921600,1621857,2.759827,14,45097,500012,745654,2543457,439159,0.852760
303,545249,2574602,921600,1653002,2.793622,15,51771,493478,763768,2574602,480470,0.842730
304,545593,2583794,921600,1662194,2.803596,16,57381,488212,774111,2583794,512650,0.834439
305,545591,2564321,921600,1642721,2.782466,17,62111,483480,774446,2564321,533463,0.827792
306,545591,2516010,921600,1594410,2.730046,17,65091,480500,767805,2516010,555210,0.819222
307,545591,2439844,921600,1518244,2.647400,15,65613,479978,752650,2439844,570756,0.810418
308,545581,2411344,921600,1489744,2.616476,16,65556,480025,749294,2411344,585832,0.804539
309,551759,2352667,921600,1431067,2.552807,14,65339,486420,736817,2352667,594601,0.798254
310,561209,2256167,921598,1334569,2.448103,15,65303,495906,712006,2256167,591857,0.792187
311,561595,2179333,921588,1257745,2.364758,15,65056,496539,690931,2179333,584391,0.788549
312,561593,2159332,921599,1237733,2.343028,15,63598,497995,682086,2159332,569012,0.791444
313,558873,2174173,921600,1252573,2.359129,15,62852,496021,683826,2174173,561131,0.794856
314,558873,2192690,921600,1271090,2.379221,14,62100,496773,687931,2192690,559034,0.796842
315,562592,2209496,921600,1287896,2.397457,15,60746,501846,690476,2209496,552408,0.799990
316,585626,2217888,921599,1296289,2.406565,15,59549,526077,689803,2217888,541324,0.803812
317,585626,2239135,921600,1317535,2.429617,17,61024,524602,694652,2239135,539473,0.805848
318,585626,2263379,921599,1341780,2.455926,16,61227,524399,699209,2263379,533457,0.809264
319,585662,2267208,921600,1345608,2.460078,15,59690,525972,697084,2267208,521128,0.813104
320,585662,2239299,921600,1317699,2.429795,15,57988,527674,684850,2239299,500101,0.817441
321,585662,2235049,921600,1313449,2.425183,14,57627,528035,682100,2235049,493351,0.819179
322,585662,2229032,921600,1307432,2.418655,14,57622,528040,679448,2229032,488760,0.820163
323,558594,2210993,921600,1289393,2.399081,16,57551,501043,673947,2210993,484795,0.820166
324,558594,2192222,921600,1270622,2.378713,14,57780,500814,668714,2192222,482634,0.819566
325,558224,2185099,921599,1263500,2.370987,14,58132,500092,667506,2185099,484925,0.818382
326,538844,2193330,921600,1271730,2.379915,14,58443,480401,669392,2193330,484238,0.819150
327,538844,2212658,921600,1291058,2.400888,14,58734,480110,674820,2212658,486622,0.819722
328,533036,2241027,921600,1319427,2.431670,15,58880,474156,683257,2241027,492001,0.819980
329,533036,2271860,921600,1350260,2.465126,14,59212,473824,692414,2271860,497796,0.820268
330,533036,2301599,921599,1380000,2.497397,14,59492,473544,700421,2301599,500085,0.821506
331,533036,2318186,921600,1396586,2.515393,15,59832,473204,705512,2318186,503862,0.821455
332,533036,2322001,921600,1400401,2.519532,14,60078,472958,707333,2322001,507331,0.820689
333,533028,2326196,921600,1404596,2.524084,14,60361,472667,708553,2326196,508016,0.820756
334,533026,2330879,921600,1409279,2.529166,13,60771,472255,711758,2330879,516153,0.818705
335,533026,2333899,921600,1412299,2.532442,15,61188,471838,714047,2333899,522289,0.817138
336,533026,2334839,921600,1413239,2.533462,15,61497,471529,716325,2334839,530461,0.814867
337,533026,2332752,921600,1411152,2.531198,14,61748,471278,716569,2332752,533524,0.813862
338,533026,2326258,921600,1404658,2.524151,15,62060,470966,716059,2326258,537978,0.812174
339,533026,2312549,921600,1390949,2.509276,15,62217,470809,714587,2312549,545799,0.809051
340,533026,2300059,921600,1378459,2.495724,15,62528,470498,713287,2300059,553089,0.806148
341,533024,2297841,921600,1376241,2.493317,14,62479,470545,714000,2297841,558159,0.804566
342,533024,2290956,921600,1369356,2.485846,14,62576,470448,713097,2290956,561432,0.803171
343,527438,2272774,921600,1351174,2.466118,15,62640,464798,708468,2272774,561098,0.802003
344,527438,2244267,921600,1322667,2.435186,14,62649,464789,701330,2244267,561053,0.800004
345,527438,2238592,921600,1316992,2.429028,15,62322,465116,700543,2238592,563580,0.798877
346,521798,2207395,921600,1285795,2.395177,15,62278,459520,694186,2207395,569349,0.794958
347,519398,2208438,921600,1286838,2.396309,15,62154,457244,694220,2208438,568442,0.795295
348,519398,2191239,921600,1269639,2.377646,15,61491,457907,687733,2191239,559693,0.796544
349,461985,2166881,921600,1245281,2.351216,14,59856,402129,677542,2166881,543287,0.799538
350,461985,2157438,921600,1235838,2.340970,14,57808,404177,670552,2157438,524770,0.804351
351,461985,2171946,921600,1250346,2.356712,15,56138,405847,671634,2171946,514590,0.808456
352,461985,2192286,921600,1270686,2.378783,13,54749,407236,674744,2192286,506690,0.812266
353,420465,2214127,921600,1292527,2.402482,12,53225,367240,677813,2214127,497125,0.816644
354,420465,2236937,921600,1315337,2.427232,13,51681,368784,681258,2236937,488095,0.820885
355,420457,2259016,921600,1337416,2.451189,12,49742,370715,683266,2259016,474048,0.826551
356,418329,2272008,921599,1350409,2.465289,13,46805,371524,681084,2272008,452328,0.833968
357,418329,2289052,921600,1367452,2.483780,12,44046,374283,680632,2289052,433476,0.840782
358,418329,2314440,921600,1392840,2.511328,12,42198,376131,683169,2314440,418236,0.846950
359,418329,2342419,921600,1420819,2.541687,12,40483,377846,686710,2342419,404421,0.852769
360,418329,2373379,921600,1451779,2.575281,13,38843,379486,690652,2373379,389229,0.859108
361,418329,2385779,921600,1464179,2.588736,13,39038,379291,691118,2385779,378693,0.863014
362,418329,2375260,921600,1453660,2.577322,13,38292,380037,684851,2375260,364144,0.867072
363,418327,2361282,921600,1439682,2.562155,14,38162,380165,677720,2361282,349598,0.871039
364,418327,2347826,921600,1426226,2.547554,13,39539,378788,673915,2347826,347834,0.870965
365,391297,2315051,921600,1393451,2.511991,13,40725,350572,665674,2315051,347645,0.869439
366,391297,2291314,921600,1369714,2.486235,12,41742,349555,659562,2291314,346934,0.868498
367,391295,2297072,921600,1375472,2.492483,14,42722,348573,660845,2297072,346308,0.868990
368,329221,2324519,921599,1402920,2.522267,14,43369,285852,668136,2324519,348025,0.869778
369,323413,2356691,921600,1435091,2.557173,13,43402,280011,675970,2356691,347189,0.871596
370,323413,2385388,921600,1463788,2.588312,12,43600,279813,682564,2385388,344868,0.873687
371,323411,2410683,921600,1489083,2.615758,12,43986,279425,688499,2410683,343313,0.875340
372,299255,2418061,921600,1496461,2.623764,12,44072,255183,689363,2418061,339391,0.876919
373,299255,2410630,921600,1489030,2.615701,11,44308,254947,687697,2410630,340158,0.876342
374,299255,2397864,921600,1476264,2.601849,11,44654,254601,683581,2397864,336460,0.876949
375,299255,2388392,921600,1466792,2.591571,10,45029,254226,681665,2388392,338268,0.875941
376,299255,2381750,921600,1460150,2.584364,11,45278,253977,680160,2381750,338890,0.875437
377,299255,2377709,921600,1456109,2.579979,11,45601,253654,678963,2377709,338143,0.875493
378,299255,2369934,921600,1448334,2.571543,11,45741,253514,675786,2369934,333210,0.876732
379,299255,2358947,921600,1437347,2.559621,10,45988,253267,674289,2358947,338209,0.874605
380,299255,2343774,921600,1422174,2.543158,10,46447,252808,670286,2343774,337370,0.874169
381,299255,2345546,921600,1423946,2.545080,10,46511,252744,671074,2345546,338750,0.873803
382,299255,2337563,916219,1421344,2.551315,10,46916,252339,669970,2337563,342317,0.872264
383,299255,2151868,739940,1411928,2.908166,10,47349,251906,623048,2151868,340324,0.863444
384,299255,2169566,753950,1415616,2.877599,11,47850,251405,627774,2169566,341530,0.863992
385,299255,2195984,768390,1427594,2.857903,10,48130,251125,635246,2195984,345000,0.864226
386,299255,2215324,783351,1431973,2.828009,10,48266,250989,640873,2215324,348168,0.864182
387,299255,2221294,798923,1422371,2.780361,10,48262,250993,642073,2221294,346998,0.864892
388,299255,2218623,815158,1403465,2.721709,10,48279,250976,641500,2218623,347377,0.864623
389,299255,2206744,832150,1374594,2.651858,10,48307,250948,639026,2206744,349360,0.863323
390,299255,2183899,849983,1333916,2.569344,10,48397,250858,633221,2183899,348985,0.862218
391,299255,2303448,898852,1404596,2.562655,10,48251,251004,664404,2303448,354168,0.866735
392,299261,2383697,921600,1462097,2.586477,10,48971,250290,687299,2383697,365499,0.867052
393,299261,2434190,921600,1512590,2.641265,10,50404,248857,703865,2434190,381270,0.864580
394,299261,2475592,921600,1553992,2.686189,10,51037,248224,716593,2475592,390780,0.863667
395,299261,2512656,921600,1591056,2.726406,10,51453,247808,728948,2512656,403136,0.861740
396,299261,2544085,921600,1622485,2.760509,10,52488,246773,740601,2544085,418319,0.858791
397,299261,2556419,921600,1634819,2.773892,10,53488,245773,746810,2556419,430821,0.855780
398,299261,2560827,921600,1639227,2.778675,10,54367,244894,749298,2560827,436365,0.854409
399,299261,2529793,921600,1608193,2.745001,10,55400,243861,743944,2529793,445983,0.850129
400,299261,2480294,921600,1558694,2.691291,10,57452,241809,735106,2480294,460130,0.843516
401,299261,2466114,921600,1544514,2.675905,10,58489,240772,730472,2466114,455774,0.844014
402,295081,2451303,921600,1529703,2.659834,10,60045,235036,728484,2451303,462633,0.841234
403,296858,2434217,921597,1512620,2.641303,11,61266,235592,726329,2434217,471099,0.837849
404,299342,2417167,921599,1495568,2.622797,11,62742,236600,724428,2417167,480545,0.834164
405,299342,2400188,921599,1478589,2.604373,10,64536,234806,722367,2400188,489280,0.830668
406,299342,2384340,921600,1462740,2.587174,10,67311,232031,722278,2384340,504772,0.825285
407,299342,2366154,921599,1444555,2.567444,10,69171,230171,720530,2366154,515966,0.820977
408,299342,2347256,921595,1425661,2.546950,11,71057,228285,719028,2347256,528856,0.816121
409,293162,2180186,921599,1258587,2.365656,10,72831,220331,679515,2180186,537874,0.802111
410,293162,2025772,921598,1104174,2.198108,9,75013,218149,644286,2025772,551372,0.786053
411,293162,2025641,921600,1104041,2.197961,9,75333,217829,644094,2025641,550735,0.786237
412,293162,2024546,921598,1102948,2.196778,9,75439,217723,643113,2024546,547906,0.787010
413,293162,2023074,921600,1101474,2.195176,9,75358,217804,641763,2023074,543978,0.788092
414,293162,2021930,921598,1100332,2.193939,9,75714,217448,641590,2021930,544430,0.787859
415,293162,2021183,921598,1099585,2.193129,9,76347,216815,641091,2021183,543181,0.788181
416,293162,2018966,921599,1097367,2.190721,9,76420,216742,638941,2018966,536798,0.789966
417,293162,2014899,921598,1093301,2.186310,9,76512,216650,636532,2014899,531229,0.791358
418,293162,2007454,921597,1085857,2.178234,9,76578,216584,632768,2007454,523618,0.793124
419,293162,2000540,921599,1078941,2.170727,9,76318,216844,629285,2000540,516600,0.794767
420,293162,1994467,921599,1072868,2.164138,9,75731,217431,625510,1994467,507573,0.797136
421,290678,2016069,921600,1094469,2.187575,10,74992,215686,631192,2016069,508699,0.798517
422,288901,2015086,921600,1093486,2.186508,10,73283,215618,628059,2015086,497150,0.802109
423,288901,2005289,921597,1083692,2.175885,10,71661,217240,622740,2005289,485671,0.805027
424,288901,2001205,921598,1079607,2.171451,11,70208,218693,619019,2001205,474871,0.808216
425,288895,2006848,921599,1085249,2.177572,13,69508,219387,619610,2006848,471592,0.809722
426,288895,1992676,921583,1071093,2.162232,15,69142,219753,614967,1992676,467192,0.810074
427,264931,1947645,921511,1026134,2.113534,23,68997,195934,602599,1947645,462751,0.808019
428,264611,1890960,921414,969546,2.052237,18,70173,194438,588882,1890960,464568,0.802775
429,264611,1846438,921136,925302,2.004523,17,71541,193070,580542,1846438,475730,0.795135
430,264611,1828295,921078,907217,1.984951,17,72427,192184,579344,1828295,489081,0.788951
431,264611,1796826,921063,875763,1.950818,12,74016,190595,576262,1796826,508222,0.779518
432,264611,1782209,921042,861167,1.934992,11,75185,189426,577132,1782209,526319,0.772011
433,264611,1776079,921027,855052,1.928368,9,75744,188867,578265,1776079,536981,0.767848
434,264611,1730889,920986,809903,1.879387,9,76285,188326,569631,1730889,547635,0.759654
435,264611,1660877,920981,739896,1.803378,10,75827,188784,550583,1660877,541455,0.754145
436,264243,1597865,920976,676889,1.734969,7,74360,189883,530013,1597865,522187,0.753691
437,264243,1567991,920949,647042,1.702582,7,73557,190686,519095,1567991,508389,0.755156
438,264243,1547979,920935,627044,1.680878,8,72382,191861,510755,1547979,495041,0.757692
439,264243,1522544,920896,601648,1.653329,7,71204,193039,500312,1522544,478704,0.760797
440,264243,1500362,920900,579462,1.629234,7,68937,195306,490385,1500362,461178,0.764890
441,264243,1473006,920873,552133,1.599576,7,67211,197032,478157,1473006,439622,0.770148
442,264243,1446767,920847,525920,1.571126,7,65801,198442,467165,1446767,421893,0.774227
443,264235,1412645,920839,491806,1.534085,7,64321,199914,454165,1412645,404015,0.777606
444,264235,1382902,920812,462090,1.501829,7,64565,199670,445459,1382902,398934,0.776111
445,264235,1360738,920816,439922,1.477752,7,65127,199108,438238,1360738,392214,0.776255
446,264235,1345108,920752,424356,1.460880,7,65564,198671,433478,1345108,388804,0.775765
447,264235,1337346,920797,416549,1.452379,6,66339,197896,432673,1337346,393346,0.772723
448,264235,1333956,920734,413222,1.448796,6,67227,197008,432311,1333956,395288,0.771410
449,264235,1330297,920708,409589,1.444863,6,68328,195907,433647,1330297,404291,0.766924
450,254547,1317285,920674,396611,1.430783,6,69071,185476,431662,1317285,409363,0.762915
451,254545,1290654,920580,370074,1.402001,6,68711,185834,418670,1290654,384026,0.770687
452,221396,1334832,920433,414399,1.450222,6,71348,150048,429808,1334832,384400,0.776412
453,211968,1369509,920676,448833,1.487504,6,51088,160880,420706,1369509,313315,0.813816
454,211968,1398049,920698,477351,1.518466,5,23630,188338,403859,1398049,217387,0.865431
455,211964,1390493,921578,468915,1.508817,6,18559,193405,392780,1390493,180627,0.885033
456,123221,1377394,921600,455794,1.494568,5,18367,104854,388930,1377394,178326,0.885374
457,123221,1349969,921599,428370,1.464812,5,18469,104752,379882,1349969,169559,0.888413
458,123541,1319256,921599,397657,1.431486,5,19430,104111,371582,1319256,167072,0.887594
459,148995,1315534,921600,393934,1.427446,4,19682,129313,369554,1315534,162682,0.889947
460,151479,1380772,921600,459172,1.498234,5,6569,144910,372349,1380772,108624,0.927068
461,125092,1400168,921600,478568,1.519280,5,7799,117293,380245,1400168,120812,0.920570
462,125092,1433207,921600,511607,1.555129,5,8500,116592,393494,1433207,140769,0.910565
463,125092,1465343,921600,543743,1.589999,5,9498,115594,405618,1465343,157129,0.903155
464,125092,1499545,921600,577945,1.627110,7,9928,115164,417566,1499545,170719,0.897789
465,125092,1535144,921600,613544,1.665738,6,10361,114731,429739,1535144,183812,0.893068
466,125092,1548377,921600,626777,1.680097,6,11027,114065,437077,1548377,199931,0.885643
467,125092,1556190,921600,634590,1.688574,6,11975,113117,443417,1556190,217478,0.877385
468,125092,1560969,921600,639369,1.693760,7,12601,112491,447564,1560969,229287,0.871925
469,125092,1564689,921600,643089,1.697796,7,12994,112098,451254,1564689,240327,0.866856
470,124285,1567975,921600,646375,1.701362,6,13605,110680,455450,1567975,253825,0.860674
471,125092,1560643,921600,639043,1.693406,6,11805,113287,445139,1560643,219913,0.876492
472,125092,1480545,921599,558946,1.606496,5,10217,114875,415731,1480545,182379,0.890326
473,151479,1401886,921600,480286,1.521144,6,22973,128506,404379,1401886,215630,0.866691
474,149282,1328229,921599,406630,1.441222,5,19672,129610,376618,1328229,178243,0.881682
475,123541,1336053,921598,414455,1.449713,5,17194,106347,377100,1336053,172347,0.885742
476,221404,1367899,920850,447049,1.485474,5,20646,200758,391621,1367899,198585,0.873229
477,221404,1391545,920765,470780,1.511292,5,64538,156866,436112,1391545,352903,0.797699
478,254923,1385417,920892,464525,1.504429,6,61867,193056,437569,1385417,364859,0.791542
479,264611,1430099,921049,509050,1.552685,6,60727,203884,453722,1430099,384789,0.787982
480,264611,1510312,921067,589245,1.639742,7,61499,203112,483790,1510312,424848,0.780458
481,264611,1535392,921006,614386,1.667081,7,63690,200921,495760,1535392,447648,0.774262
482,264611,1564073,921006,643067,1.698222,7,65731,198880,508777,1564073,471035,0.768545
483,264611,1593316,921056,672260,1.729880,7,68711,195900,524718,1593316,505556,0.759130
484,264611,1632398,921023,711375,1.772375,7,71719,192892,541975,1632398,535502,0.752986
485,264611,1668413,920926,747487,1.811669,7,75427,189184,558277,1668413,564695,0.747126
486,270791,1689634,920999,768635,1.834567,7,77808,192983,568264,1689634,583422,0.743331
487,270791,1692492,920977,771515,1.837714,7,76123,194668,567731,1692492,578432,0.745288
488,270791,1702530,920891,781639,1.848786,7,68881,201910,564980,1702530,557390,0.753359
489,247158,1712912,920915,791997,1.860011,7,68044,179114,565961,1712912,550932,0.756639
490,244404,1715551,920863,794688,1.862982,7,66259,178145,564997,1715551,544437,0.759097
491,244404,1708866,920883,787983,1.855682,7,62282,182122,559922,1708866,530822,0.762993
492,244404,1700937,920891,780046,1.847056,7,58389,186015,554600,1700937,517463,0.766740
493,243597,1688620,920938,767682,1.833587,7,54411,189186,547119,1688620,499856,0.771596
494,242181,1671295,920971,750324,1.814710,7,49558,192623,537964,1671295,480561,0.776676
495,241696,1655281,920995,734286,1.797275,7,45719,195977,529532,1655281,462847,0.781483
496,241696,1642882,921054,721828,1.783698,7,41763,199933,522396,1642882,446702,0.786224
497,241734,1630878,921124,709754,1.770530,7,37859,203875,515445,1630878,430902,0.791005
498,241734,1620391,921150,699241,1.759096,7,33733,208001,508688,1620391,414361,0.796358
499,241734,1611366,921177,690189,1.749247,8,29374,212360,501649,1611366,395230,0.803035
500,241730,1603972,921199,682773,1.741179,7,25859,215871,495711,1603972,378872,0.808925
501,241734,1574139,921240,652899,1.708718,8,22095,219639,484284,1574139,362997,0.812612
502,241696,1542389,921273,621116,1.674193,8,18283,223413,470791,1542389,340775,0.819041
503,159721,1507277,921582,585695,1.635532,7,16544,143177,458044,1507277,324899,0.822670
504,159721,1469977,921584,548393,1.595055,7,15484,144237,446185,1469977,314763,0.823636
505,159707,1418144,921585,496559,1.538810,7,14706,145001,431238,1418144,306808,0.822135
506,159707,1377017,921583,455434,1.494187,7,15258,144449,421405,1377017,308603,0.816920
507,159707,1334599,921584,413015,1.448158,7,14487,145220,409229,1334599,302317,0.815313
508,159707,1304531,921600,382931,1.415507,7,13445,146262,399008,1304531,291501,0.817359
509,159707,1283183,921598,361585,1.392346,7,12856,146851,392326,1283183,286121,0.817676
510,150019,1272503,921600,350903,1.380754,7,12884,137135,389863,1272503,286949,0.815994
511,150019,1274132,921599,352533,1.382523,7,13449,136570,391939,1274132,293624,0.812711
512,150019,1275251,921600,353651,1.383736,7,13808,136211,393150,1275251,297349,0.810919
513,150019,1281104,921600,359504,1.390087,8,14092,135927,395106,1281104,299320,0.810608
514,150019,1279234,921600,357634,1.388058,8,13731,136288,393425,1279234,294466,0.812883
515,150017,1265003,921599,343404,1.372618,7,12891,137126,387557,1265003,285225,0.816011
516,119735,1244851,921600,323251,1.350750,8,11720,108015,380004,1244851,275165,0.818972
517,119735,1233400,921600,311800,1.338325,9,11086,108649,375534,1233400,268736,0.821097
518,116956,1230266,921599,308667,1.334925,8,10841,106115,373953,1230266,265546,0.822474
519,116956,1225534,921600,303934,1.329789,8,9879,107077,370515,1225534,256526,0.826913
520,116956,1216738,921599,295139,1.320247,7,8996,107960,366226,1216738,248166,0.830592
521,116956,1215697,921598,294099,1.319119,7,8777,108179,365526,1215697,246407,0.831471
522,116956,1214965,921597,293368,1.318326,7,8543,108413,365077,1214965,245343,0.831992
523,116956,1214449,921600,292849,1.317762,7,8487,108469,364804,1214449,244767,0.832261
524,116956,1214236,921598,292638,1.317533,7,8361,108595,364547,1214236,243952,0.832702
525,116956,1214243,921599,292644,1.317539,7,8350,108606,364461,1214243,243601,0.832903
526,116956,1214305,921598,292707,1.317608,7,8199,108757,364061,1214305,241939,0.833861
527,116956,1214742,921596,293146,1.318085,7,8098,108858,364150,1214742,241858,0.833957
528,116956,1215447,921599,293848,1.318846,7,8045,108911,364010,1215447,240593,0.834762
529,116956,1215878,921600,294278,1.319312,7,8036,108920,364123,1215878,240614,0.834799
530,116956,1215898,921600,294298,1.319334,7,7993,108963,363780,1215898,239222,0.835600
531,116956,1219418,921599,297819,1.323155,7,7973,108983,364801,1219418,239786,0.835673
532,116956,1222892,921599,301293,1.326924,8,7942,109014,366197,1222892,241896,0.834859
533,116956,1226043,921600,304443,1.330342,7,7989,108967,367282,1226043,243085,0.834538
534,116956,1229173,921600,307573,1.333738,7,8016,108940,368334,1229173,244163,0.834279
535,116956,1232056,921599,310457,1.336868,7,7950,109006,369080,1232056,244264,0.834545
536,116956,1234331,921600,312731,1.339335,7,7908,109048,369508,1234331,243701,0.835118
537,116956,1235761,921598,314163,1.340889,7,7857,109099,369829,1235761,243555,0.835360
538,116956,1236590,921599,314991,1.341787,7,7785,109171,370044,1236590,243586,0.835434
539,116956,1236897,921600,315297,1.342119,7,7737,109219,370048,1236897,243295,0.835633
540,116956,1236708,921599,315109,1.341916,7,7720,109236,370136,1236708,243836,0.835306
541,116956,1233430,921600,311830,1.338357,7,7168,109788,367883,1233430,238102,0.838194
542,116956,1222724,921599,301125,1.326742,7,6335,110621,362493,1222724,227248,0.843274
543,116956,1205291,921600,283691,1.307824,7,5743,111213,355961,1205291,218553,0.846505
544,110320,1181970,921600,260370,1.282520,7,5112,105208,347210,1181970,206870,0.851048
545,110320,1153520,921599,231921,1.251651,6,4419,105901,337200,1153520,195280,0.855219
546,109952,1132622,921600,211022,1.228974,6,4113,105839,329718,1132622,186250,0.858781
547,109952,1115431,921600,193831,1.210320,6,3600,106352,322971,1115431,176453,0.863414
548,109952,1104670,921598,183072,1.198646,6,3390,106562,318612,1104670,169778,0.866783
549,109952,1102110,921599,180511,1.195867,4,3222,106730,317413,1102110,167542,0.868041
550,107284,1101335,921599,179736,1.195026,4,3218,104066,317165,1101335,167325,0.868109
551,107284,1100960,921600,179360,1.194618,4,3188,104096,317048,1100960,167232,0.868134
552,107284,1100900,921599,179301,1.194554,4,3180,104104,316864,1100900,166556,0.868590
553,107284,1101105,921600,179505,1.194775,4,3183,104101,316845,1101105,166275,0.868804
554,107284,1101239,921599,179640,1.194922,4,3175,104109,317017,1101239,166829,0.868438
555,107144,1101372,921600,179772,1.195065,4,3142,104002,317208,1101372,167460,0.868020
556,107144,1101637,921600,180037,1.195353,4,3149,103995,317130,1101637,166883,0.868443
557,107144,1101776,921600,180176,1.195503,4,3133,104011,317088,1101776,166576,0.868667
558,107144,1101898,921599,180299,1.195637,4,3128,104016,317220,1101898,166982,0.868402
559,107144,1101951,921598,180353,1.195696,4,3092,104052,317273,1101951,167141,0.868299
560,107144,1101966,921599,180367,1.195711,4,3073,104071,317183,1101966,166766,0.868557
561,109812,1105484,921600,183884,1.199527,6,3265,106547,318763,1105484,169568,0.867011
562,109812,1116239,921600,194639,1.211197,8,3522,106290,323315,1116239,177021,0.863120
563,110180,1131848,921599,210249,1.228135,7,3915,106265,329790,1131848,187312,0.858007
564,110180,1156507,921600,234907,1.254890,7,4324,105856,338352,1156507,196901,0.854515
565,113047,1174209,921600,252609,1.274098,7,4537,108510,344538,1174209,203943,0.852017
566,113047,1183214,921598,261616,1.283872,9,4761,108286,347530,1183214,206906,0.851160
567,113047,1185792,921599,264193,1.286668,7,5180,107867,348869,1185792,209684,0.849740
568,113047,1187361,921600,265761,1.288369,7,5738,107309,350046,1187361,212823,0.848004
569,113047,1190538,921600,268938,1.291816,7,6132,106915,351521,1190538,215546,0.846705
570,113047,1194777,921600,273177,1.296416,7,6437,106610,353150,1194777,217823,0.845800
571,113047,1199520,921599,277921,1.301564,7,6476,106571,354458,1199520,218312,0.846024
572,113047,1205354,921600,283754,1.307893,6,6668,106379,356578,1205354,220958,0.845084
573,113047,1212375,921600,290775,1.315511,6,6829,106218,358902,1212375,223233,0.844503
574,113047,1220253,921599,298654,1.324061,7,7004,106043,361739,1220253,226703,0.843324
575,113047,1228630,921600,307030,1.333149,6,7232,105815,364678,1228630,230082,0.842270
576,113047,1236654,921600,315054,1.341855,6,7476,105571,367547,1236654,233534,0.841154
577,113187,1244376,921599,322777,1.350236,6,7701,105486,370161,1244376,236268,0.840429
578,113187,1251331,921600,329731,1.357781,6,7916,105271,372531,1251331,238793,0.839750
579,113187,1257554,921600,335954,1.364533,6,7918,105269,374704,1257554,241262,0.839032
580,113187,1262651,921600,341051,1.370064,7,7827,105360,375947,1262651,241137,0.839647
581,113187,1262144,921600,340544,1.369514,6,7620,105567,374858,1262144,237288,0.841748
582,113187,1261682,921600,340082,1.369013,7,7356,105831,373890,1261682,233878,0.843618
583,113187,1261462,921600,339862,1.368774,6,7141,106046,373198,1261462,231330,0.845035
584,113187,1261594,921599,339995,1.368919,7,7083,106104,372800,1261594,229606,0.846026
585,113047,1261413,921598,339815,1.368724,7,7100,105947,372575,1261413,228887,0.846415
586,113047,1261012,921600,339412,1.368286,7,7082,105965,372071,1261012,227272,0.847293
587,113047,1260668,921598,339070,1.367915,7,7098,105949,371653,1260668,225944,0.848014
588,113047,1260678,921600,339078,1.367923,8,7060,105987,371140,1260678,223882,0.849193
589,113047,1261239,921600,339639,1.368532,7,7105,105942,371024,1261239,222857,0.849837
590,113047,1261990,921600,340390,1.369347,7,7174,105873,371409,1261990,223646,0.849461
591,113047,1262245,921600,340645,1.369623,7,7284,105763,371532,1262245,223883,0.849351
592,113047,1262502,921600,340902,1.369902,7,7315,105732,371697,1262502,224286,0.849147
593,113047,1262782,921599,341183,1.370208,7,7309,105738,371803,1262782,224430,0.849093
594,113047,1263027,921600,341427,1.370472,7,7369,105678,371848,1263027,224365,0.849155
595,113047,1263231,921600,341631,1.370693,7,7389,105658,371925,1263231,224469,0.849117
596,113047,1263573,921599,341974,1.371066,7,7425,105622,371945,1263573,224207,0.849301
597,113047,1263547,921600,341947,1.371036,7,7424,105623,371967,1263547,224321,0.849233
598,113047,1263843,921600,342243,1.371357,7,7489,105558,372184,1263843,224893,0.848937
599,113047,1264169,921600,342569,1.371711,7,7567,105480,372164,1264169,224487,0.849202
600,113047,1264251,921600,342651,1.371800,7,7607,105440,372294,1264251,224925,0.848960
601,113047,1267874,921598,346276,1.375734,7,7558,105489,373481,1267874,226050,0.848687
602,113047,1271396,921599,349797,1.379554,7,7556,105491,374443,1271396,226376,0.848858
603,113047,1274980,921600,353380,1.383442,7,7606,105441,375339,1274980,226376,0.849219
604,113047,1278380,921600,356780,1.387131,7,7697,105350,376452,1278380,227428,0.848966
605,113187,1281632,921599,360033,1.390661,7,7677,105510,377206,1281632,227192,0.849424
606,113187,1284611,921598,363013,1.393895,7,7754,105433,378164,1284611,228045,0.849242
607,113187,1287746,921600,366146,1.397294,7,7756,105431,379736,1287746,231198,0.847790
608,113187,1291193,921600,369593,1.401034,7,7743,105444,380458,1291193,230639,0.848446
609,113187,1294773,921600,373173,1.404919,7,7731,105456,381807,1294773,232455,0.847793
610,113187,1297980,921600,376380,1.408398,7,7797,105390,382562,1297980,232268,0.848215
611,113099,1316679,921600,395079,1.428688,7,8355,104744,390370,1316679,244801,0.843225
612,119735,1328267,921600,406667,1.441262,7,8392,111343,395110,1328267,252173,0.840441
613,150017,1328714,921576,407138,1.441785,7,9205,140812,397976,1328714,263190,0.834670
614,150019,1306050,921567,384483,1.417206,6,9107,140912,391541,1306050,260114,0.833916
615,150033,1300232,921569,378663,1.410889,7,9041,140992,389161,1300232,256412,0.835279
616,152785,1302296,921569,380727,1.413129,7,9485,143300,390681,1302296,260428,0.833350
617,204478,1318778,921041,397737,1.431834,7,12324,192154,399603,1318778,279634,0.825055
618,204478,1336661,921017,415644,1.451288,7,18286,186192,412877,1336661,314847,0.809358
619,224277,1333804,920975,412829,1.448252,8,23982,200295,417750,1333804,337196,0.798207
620,224277,1313903,920882,393021,1.426788,8,30914,193363,416390,1313903,351657,0.788866
621,218097,1259533,920776,338757,1.367904,8,31850,186247,397058,1259533,328699,0.793041
622,218544,1226114,920796,305318,1.331581,6,26579,191965,377822,1226114,285174,0.811304
623,219630,1240642,920786,319856,1.347373,6,21073,198557,371187,1240642,244106,0.835591
624,220433,1260869,921559,339310,1.368191,6,18219,202214,369007,1260869,215159,0.854231
625,211824,1285114,921600,363514,1.394438,6,18963,192861,372072,1285114,203174,0.863485
626,123221,1344999,921599,423400,1.459419,6,19989,103232,388334,1344999,208337,0.865878
627,123221,1413941,921598,492343,1.534228,6,20314,102907,406060,1413941,210299,0.870525
628,123221,1431628,921599,510029,1.553417,6,19311,103910,405948,1431628,192164,0.881657
629,123221,1424488,921599,502889,1.545670,5,18333,104888,400155,1424488,176132,0.889960
630,122972,1353307,921599,431708,1.468434,4,17937,105035,378921,1353307,162377,0.892869
631,122972,1343047,921600,421447,1.457299,4,17726,105246,375770,1343047,160033,0.893530
632,115395,1327783,921599,406184,1.440738,4,15386,100009,367140,1327783,140777,0.904139
633,115395,1322117,921600,400517,1.434589,4,9518,105877,356795,1322117,105063,0.926384
634,115395,1335388,921600,413788,1.448989,4,3706,111689,350305,1335388,65832,0.953018
635,117172,1354440,921600,432840,1.469661,4,851,116321,349650,1354440,44160,0.968426
636,94506,1385298,921600,463698,1.503145,4,589,93917,357893,1385298,46274,0.967676
637,90785,1422272,921600,500672,1.543264,4,1207,89578,370912,1422272,61376,0.958632
638,53885,1461775,921599,540176,1.586129,5,1969,51916,385947,1461775,82013,0.946875
639,53885,1500507,921600,578907,1.628154,5,2635,51250,400375,1500507,100993,0.936938
640,53891,1540392,921600,618792,1.671432,5,3055,50836,413619,1540392,114084,0.931045
641,53891,1557951,921600,636351,1.690485,6,3476,50415,419505,1557951,120069,0.928446
642,53891,1567918,921600,646318,1.701300,6,3677,50214,423941,1567918,127846,0.924609
643,53891,1571028,921600,649428,1.704674,6,4106,49785,427376,1571028,138476,0.918996
644,53891,1568981,921599,647382,1.702455,6,4407,49484,428817,1568981,146287,0.914715
645,53891,1564633,921599,643034,1.697737,6,4442,49449,429270,1564633,152447,0.911217
646,53891,1559590,921600,637990,1.692263,6,4574,49317,429592,1559590,158778,0.907600
647,53891,1551999,921600,630399,1.684027,6,5263,48628,429290,1551999,165161,0.903817
648,53891,1544732,921600,623132,1.676141,6,5958,47933,430108,1544732,175700,0.897874
649,53891,1535611,921600,614011,1.666245,6,6383,47508,429664,1535611,183045,0.893495
650,53891,1524689,921600,603089,1.654393,7,6725,47166,428472,1524689,189199,0.889608
651,53891,1477488,921600,555888,1.603177,6,7382,46509,417577,1477488,192820,0.884560
652,152865,1414331,921600,492731,1.534647,6,8279,144586,401773,1414331,192761,0.880056
653,152865,1362506,921600,440906,1.478414,6,9968,142897,390720,1362506,200374,0.871792
654,176805,1340956,921600,419356,1.455030,6,12031,164774,388594,1340956,213420,0.862697
655,183469,1335960,921600,414360,1.449609,6,14245,169224,391195,1335960,228820,0.853769
656,240579,1370572,921600,448972,1.487166,6,16458,224121,405520,1370572,251508,0.844947
657,246637,1497825,921599,576226,1.625246,8,20661,225976,450233,1497825,303107,0.831694
658,259878,1645606,921600,724006,1.785597,8,24144,235734,499487,1645606,352342,0.823648
659,308968,1842257,921600,920657,1.998977,10,28969,279999,564925,1842257,417443,0.815266
660,449501,1996675,921600,1075075,2.166531,11,40295,409206,624712,1996675,502173,0.799038
661,569759,2093114,921600,1171514,2.271174,11,48330,521429,664604,2093114,565302,0.787354
662,630140,2144723,921600,1223123,2.327173,13,54154,575986,691638,2144723,621829,0.775233
663,679030,2187700,921600,1266100,2.373806,14,64373,614657,716360,2187700,677740,0.763478
664,816964,2218002,921600,1296402,2.406686,14,75245,741719,734404,2218002,719614,0.755035
665,854116,2221388,921600,1299788,2.410360,16,78334,775782,736385,2221388,724152,0.754153
666,957618,2207033,921600,1285433,2.394784,16,83370,874248,733549,2207033,727163,0.752176
667,1106339,2198038,921600,1276438,2.385024,14,96431,1009908,739213,2198038,758814,0.743371
668,1070315,2182381,921598,1260783,2.368040,14,100062,970253,736736,2182381,764563,0.740557
669,1101854,2189347,921599,1267748,2.375596,13,101967,999887,737480,2189347,760573,0.742172
670,1281800,2229602,921600,1308002,2.419273,14,104769,1177031,748260,2229602,763438,0.744929
671,1368024,2249943,921600,1328343,2.441344,14,112372,1255652,757866,2249943,781521,0.742197
672,1380832,2265205,921600,1343605,2.457905,13,122908,1257924,768079,2265205,807111,0.737296
673,1432925,2273815,921600,1352215,2.467247,14,126963,1305962,772250,2273815,815185,0.736101
674,1498972,2281767,921600,1360167,2.475876,15,132129,1366843,779063,2281767,834485,0.732215
675,1497925,2324475,921600,1402875,2.522217,15,140924,1357001,800096,2324475,875909,0.726311
676,1593336,2397135,921600,1475535,2.601058,15,144058,1449278,824132,2397135,899393,0.727170
677,1667460,2469301,921600,1547701,2.679363,15,153981,1513479,853277,2469301,943807,0.723476
678,1683781,2553338,921600,1631738,2.770549,15,159812,1523969,884828,2553338,985974,0.721422
679,1689589,2624492,921600,1702892,2.847756,15,161406,1528183,908069,2624492,1007784,0.722548
680,1829431,2696001,921600,1774401,2.925348,16,165282,1664149,932075,2696001,1032299,0.723118
681,1829431,2748145,921600,1826545,2.981928,16,169061,1660370,949564,2748145,1050111,0.723528
682,1829431,2794009,921600,1872409,3.031694,17,172502,1656929,966523,2794009,1072083,0.722696
683,1829809,2843775,921600,1922175,3.085693,15,176580,1653229,983206,2843775,1089049,0.723087
684,1829809,2889759,921600,1968159,3.135589,15,180500,1649309,1000229,2889759,1111157,0.722274
685,1829809,2904012,921600,1982412,3.151055,15,184530,1645279,1006855,2904012,1123408,0.721060
686,1829811,2921458,921600,1999858,3.169985,15,188614,1641197,1016521,2921458,1144626,0.718494
687,1830190,2939223,921599,2017624,3.189265,15,190925,1639265,1024993,2939223,1160749,0.716889
688,1797154,2931472,921599,2009873,3.180854,16,193253,1603901,1025347,2931472,1169916,0.714751
689,1797156,2879215,921600,1957615,3.124148,16,194517,1602639,1014199,2879215,1177581,0.709726
690,1797156,2790041,921599,1868442,3.027392,13,194749,1602407,990904,2790041,1173575,0.703913
691,1797156,2692882,921599,1771283,2.921967,15,195355,1601801,964796,2692882,1166302,0.697785
692,1797156,2663566,921600,1741966,2.890154,15,195767,1601389,956707,2663566,1163262,0.696024
693,1797156,2665683,921599,1744084,2.892454,14,196656,1600500,958276,2665683,1167421,0.695437
694,1797156,2671814,921598,1750216,2.899110,13,197691,1599465,960166,2671814,1168850,0.695665
695,1797088,2683792,921600,1762192,2.912101,15,198568,1598520,964865,2683792,1175668,0.695380
696,1797088,2698315,921600,1776715,2.927859,13,199220,1597868,969279,2698315,1178801,0.695959
697,1790754,2711596,921600,1789996,2.942270,15,199986,1590768,974132,2711596,1184932,0.695901
698,1790754,2726123,921600,1804523,2.958033,15,200923,1589831,979156,2726123,1190501,0.696039
699,1790754,2741023,921600,1819423,2.974200,15,201678,1589076,983562,2741023,1193225,0.696708
700,1790754,2756492,921600,1834892,2.990985,15,202636,1588118,989340,2756492,1200868,0.696548
701,1790754,2786508,921600,1864908,3.023555,14,205116,1585638,1000640,2786508,1216052,0.696181
702,1790754,2817659,921600,1896059,3.057356,14,207657,1583097,1011301,2817659,1227545,0.696543
703,1778900,2849612,921599,1928013,3.092030,15,210410,1568490,1024630,2849612,1248908,0.695278
704,1747132,2879256,921599,1957657,3.124196,14,211503,1535629,1033368,2879256,1254216,0.696571
705,1747132,2914306,921600,1992706,3.162224,13,213746,1533386,1049108,2914306,1282126,0.694472
706,1747132,2938465,921599,2016866,3.188442,14,216530,1530602,1057604,2938465,1291951,0.694604
707,1722976,2961211,921599,2039612,3.213123,14,219206,1503770,1064902,2961211,1298397,0.695184
708,1722976,2971835,921600,2050235,3.224647,14,221420,1501556,1070816,2971835,1311429,0.693825
709,1722976,2974738,921599,2053139,3.227801,14,223095,1499881,1075985,2974738,1329202,0.691166
710,1722976,2970189,921600,2048589,3.222861,13,225136,1497840,1076859,2970189,1337247,0.689549
711,1751448,2996675,921600,2075075,3.251600,13,230384,1521064,1092700,2996675,1374125,0.685612
712,1759200,3019973,921600,2098373,3.276880,12,235959,1523241,1106377,3019973,1405535,0.682401
713,1847660,3042168,921600,2120568,3.300964,13,241223,1606437,1119330,3042168,1435152,0.679462
714,1851026,3061753,921600,2140153,3.322215,13,245388,1605638,1130989,3061753,1462203,0.676787
715,1851018,3079330,921600,2157730,3.341287,13,249861,1601157,1141963,3079330,1488522,0.674131
716,1852792,3093137,921599,2171538,3.356272,13,253763,1599029,1148820,3093137,1502143,0.673112
717,1851109,3117288,921600,2195688,3.382474,13,258275,1592834,1159115,3117288,1519172,0.672342
718,1852077,3143639,921600,2222039,3.411067,12,263418,1588659,1172617,3143639,1546829,0.670219
719,1846581,3168201,921600,2246601,3.437718,13,267926,1578655,1185067,3168201,1572067,0.668359
720,2110972,3193933,921600,2272333,3.465639,13,273695,1837277,1197638,3193933,1596619,0.666715
721,2110988,3207909,921599,2286310,3.480808,12,277033,1833955,1204191,3207909,1608855,0.665988
722,2111464,3227431,921600,2305831,3.501987,12,280538,1830926,1214444,3227431,1630345,0.664384
723,2183058,3253048,921600,2331448,3.529783,12,284084,1898974,1226090,3253048,1651312,0.663297
724,2183058,3278451,921600,2356851,3.557347,12,286850,1896208,1237729,3278451,1672465,0.662191
725,2183056,2752843,897460,1855383,3.067371,11,180446,2002610,992896,2752843,1218741,0.693135
726,2184472,3324767,921600,2403167,3.607603,12,292345,1892127,1258052,3324767,1707441,0.660697
727,2184472,3343529,921599,2421930,3.627965,13,293765,1890707,1265298,3343529,1717663,0.660621
728,2184472,3362466,921599,2440867,3.648513,12,295649,1888823,1273096,3362466,1729918,0.660293
729,2184472,3380138,921600,2458538,3.667684,14,296142,1888330,1279669,3380138,1738538,0.660354
730,2184462,3395747,921600,2474147,3.684621,12,296556,1887906,1285347,3395747,1745641,0.660473
731,2202760,3408492,921599,2486893,3.698455,12,298827,1903933,1292648,3408492,1762100,0.659207
732,2202569,3412364,921600,2490764,3.702652,12,299604,1902965,1295431,3412364,1769360,0.658538
733,2175541,3414284,921600,2492684,3.704735,12,302982,1872559,1298911,3414284,1781360,0.657144
734,2175493,3413816,921599,2492217,3.704231,13,305612,1869881,1302681,3413816,1796908,0.655152
735,2175042,3412610,921600,2491010,3.702919,12,307809,1867233,1304811,3412610,1806634,0.653851
736,2175042,3411330,921600,2489730,3.701530,12,310302,1864740,1307952,3411330,1820478,0.652037
737,2175042,3410578,921600,2488978,3.700714,13,312593,1862449,1311296,3410578,1834606,0.650230
738,2175042,3409281,921600,2487681,3.699307,13,313446,1861596,1313614,3409281,1845175,0.648836
739,2163582,3406487,921600,2484887,3.696275,12,313230,1850352,1313104,3406487,1845929,0.648556
740,2163574,3403298,921598,2481700,3.692823,12,312071,1851503,1312919,3403298,1848378,0.648040
741,2163574,3401472,921599,2479873,3.690837,13,311326,1852248,1312880,3401472,1850048,0.647712
742,2207784,3397825,921600,2476225,3.686876,12,310026,1897758,1310352,3397825,1843583,0.648266
743,2246164,3392143,921600,2470543,3.680711,13,311753,1934411,1312080,3392143,1856177,0.646329
744,2330712,3385480,921600,2463880,3.673481,13,313546,2017166,1312950,3385480,1866320,0.644632
745,2330710,3378727,921157,2457570,3.667917,12,315128,2015582,1312770,3378727,1872353,0.643435
746,2377359,3369401,918739,2450662,3.667419,13,313511,2063848,1309027,3369401,1866707,0.643493
747,2372324,3358950,916286,2442664,3.665831,13,310758,2061566,1303934,3358950,1856786,0.644003
748,2372320,3348416,913853,2434563,3.664064,13,307614,2064706,1298370,3348416,1845064,0.644735
749,2367100,3335000,911413,2423587,3.659153,13,304150,2062950,1291654,3335000,1831616,0.645490
750,2315904,3322497,908972,2413525,3.655225,12,302032,2013872,1286404,3322497,1823119,0.645695
751,2334552,3317533,908076,2409457,3.653365,13,303060,2031492,1285391,3317533,1824031,0.645238
752,2332192,3313554,907180,2406374,3.652587,12,304786,2027406,1284046,3313554,1822630,0.645139
753,2332192,3308764,906288,2402476,3.650897,13,307227,2024965,1285908,3308764,1834868,0.643274
754,2338000,3304059,905432,2398627,3.649152,13,310299,2027701,1286251,3304059,1840945,0.642188
755,2313168,3301062,904559,2396503,3.649361,13,313488,1999680,1287822,3301062,1850226,0.640823
756,2377838,3299259,903703,2395556,3.650822,13,316479,2061359,1289189,3299259,1857497,0.639794
757,2447145,3296676,902853,2393823,3.651398,13,318211,2128934,1288888,3296676,1858876,0.639442
758,2449845,3296532,902016,2394516,3.654627,14,318736,2131109,1288181,3296532,1856192,0.639765
759,2453209,3321103,901185,2419918,3.685262,13,318759,2134450,1294531,3321103,1857021,0.641372
760,2453209,3319105,900360,2418745,3.686420,13,317751,2135458,1291574,3319105,1847191,0.642454
761,2453209,3339727,899525,2440202,3.712767,13,316719,2136490,1295572,3339727,1842561,0.644450
762,2453209,3343780,898711,2445069,3.720640,13,315679,2137530,1295820,3343780,1839500,0.645109
763,2481223,3345296,897896,2447400,3.725705,13,314511,2166712,1295067,3345296,1834972,0.645777
764,2481223,3344715,897102,2447613,3.728355,13,313248,2167975,1292350,3344715,1824685,0.647022
765,2481223,3343811,896315,2447496,3.730620,13,311506,2169717,1290459,3343811,1818025,0.647795
766,2482968,3343335,895544,2447791,3.733301,13,310043,2172925,1288396,3343335,1810249,0.648740
767,2488554,3345729,894771,2450958,3.739201,13,308999,2179555,1287923,3345729,1805963,0.649443
768,2501358,3354043,894032,2460011,3.751592,13,308420,2192938,1290925,3354043,1809657,0.649543
769,2529176,3364154,893282,2470872,3.766060,14,307807,2221369,1294068,3364154,1812118,0.649918
770,2529176,3375732,892542,2483190,3.782155,13,307686,2221490,1298794,3375732,1819444,0.649782
771,2529178,3378233,892324,2485909,3.785882,14,307978,2221200,1299642,3378233,1820335,0.649839
772,2535512,3381597,892120,2489477,3.790518,13,308154,2227358,1301253,3381597,1823415,0.649681
773,2535512,3383387,891914,2491473,3.793400,13,308180,2227332,1302451,3383387,1826417,0.649427
774,2535512,3384627,891695,2492932,3.795723,14,308217,2227295,1303284,3384627,1828509,0.649250
775,2537195,3386131,891480,2494651,3.798325,13,308877,2228318,1303607,3386131,1828297,0.649377
776,2537203,3386957,891268,2495689,3.800156,13,309013,2228190,1304277,3386957,1830151,0.649202
777,2537203,3386706,891067,2495639,3.800731,13,309101,2228102,1304439,3386706,1831050,0.649073
778,2519715,3387167,890860,2496307,3.802132,14,309045,2210670,1305212,3387167,1833681,0.648777
779,2513907,3387433,890653,2496780,3.803314,13,309556,2204351,1305483,3387433,1834499,0.648693
780,2513907,3387458,890445,2497013,3.804230,13,309972,2203935,1305744,3387458,1835518,0.648569
781,2519367,3380520,888227,2492293,3.805919,14,309233,2210134,1302334,3380520,1828816,0.648935
782,2476864,3377855,886016,2491839,3.812409,14,309985,2166879,1301213,3377855,1826997,0.648982
783,2359316,3374185,883795,2490390,3.817837,14,309589,2049727,1299874,3374185,1825311,0.648945
784,2351668,3370739,881593,2489146,3.823464,14,309485,2042183,1297726,3370739,1820165,0.649355
785,2290256,3367787,879372,2488415,3.829764,14,309271,1980985,1296109,3367787,1816649,0.649596
786,2289434,3370090,877145,2492945,3.842113,13,310140,1979294,1296874,3370090,1817406,0.649656
787,2256755,3371016,874902,2496114,3.853021,14,309512,1947243,1295675,3371016,1811684,0.650436
788,2256755,3370627,872664,2497963,3.862457,13,309641,1947114,1295238,3370627,1810325,0.650581
789,2239023,3375134,870429,2504705,3.877552,13,309073,1929950,1295073,3375134,1805158,0.651534
790,2266841,3376381,868184,2508197,3.889015,13,308614,1958227,1294751,3376381,1802623,0.651936
791,2233265,3372175,866074,2506101,3.893634,14,305574,1927691,1290995,3372175,1791805,0.653019
792,2230306,3364051,863921,2500130,3.893934,13,301955,1928351,1283341,3364051,1769313,0.655331
793,2219118,3353580,861751,2491829,3.891588,14,298722,1920396,1277516,3353580,1756484,0.656270
794,2295870,3344099,859582,2484517,3.890378,13,296392,1999478,1273217,3344099,1748769,0.656624
795,2313416,3334301,857387,2476914,3.888910,13,293927,2019489,1265625,3334301,1728199,0.658627
796,2294036,3325186,855185,2470001,3.888265,14,294149,1999887,1264254,3325186,1731830,0.657539
797,2294036,3312088,852966,2459122,3.883025,14,292966,2001070,1259327,3312088,1725220,0.657512
798,2296220,3298082,850711,2447371,3.876854,14,289566,2006654,1251798,3298082,1709110,0.658669
799,2296204,3284152,848431,2435721,3.870853,14,286729,2009475,1244256,3284152,1692872,0.659863
800,2285036,3266681,846156,2420525,3.860613,14,283000,2002036,1236433,3266681,1679051,0.660505
801,2284976,3259768,846656,2413112,3.850168,14,283377,2001599,1232905,3259768,1671852,0.660993
802,2284976,3250347,847169,2403178,3.836716,14,283563,2001413,1230314,3250347,1670909,0.660471
803,2284976,3240638,847674,2392964,3.822977,14,283856,2001120,1226142,3240638,1663930,0.660739
804,2214893,3232033,848170,2383863,3.810596,14,284602,1930291,1223340,3232033,1661327,0.660494
805,2209307,3224478,848674,2375804,3.799431,14,284332,1924975,1219710,3224478,1654362,0.660911
806,2209305,3219653,849164,2370489,3.791556,15,285398,1923907,1219850,3219653,1659747,0.659846
807,2209305,3215154,849666,2365488,3.784021,14,286177,1923128,1218315,3215154,1658106,0.659754
808,2209305,3210814,850172,2360642,3.776664,14,287143,1922162,1216554,3210814,1655402,0.659817
809,2209301,3206729,850659,2356070,3.769700,14,288101,1921200,1215967,3206729,1657139,0.659296
810,2181483,3202868,851159,2351709,3.762949,14,289855,1891628,1215799,3202868,1660328,0.658593
811,2181483,3210230,853291,2356939,3.762175,15,292985,1888498,1220486,3210230,1671714,0.657572
812,2179231,3217202,855448,2361754,3.760839,15,296275,1882956,1223874,3217202,1678294,0.657176
813,2177556,3223332,857612,2365720,3.758497,14,299407,1878149,1227346,3223332,1686052,0.656565
814,2177556,3232190,859766,2372424,3.759383,15,302114,1875442,1232809,3232190,1699046,0.655452
815,2177564,3237533,861940,2375593,3.756100,14,303511,1874053,1233985,3237533,1698407,0.655910
816,2177572,3241857,864145,2377712,3.751520,14,304911,1872661,1235900,3241857,1701743,0.655768
817,2177572,3194013,866346,2327667,3.686764,15,306524,1871048,1223810,3194013,1701227,0.652473
818,2160738,3195013,868541,2326472,3.678598,15,307681,1853057,1224499,3195013,1702983,0.652310
819,2159290,3193279,870782,2322497,3.667139,15,308816,1850474,1222783,3193279,1697853,0.652871
820,2157585,3187351,873023,2314328,3.650936,15,309487,1848098,1220557,3187351,1694877,0.652848
821,2157585,3115276,876517,2238759,3.554154,15,310202,1847383,1202129,3115276,1693240,0.647866
822,2160544,3108820,880016,2228804,3.532686,16,311111,1849433,1199217,3108820,1688048,0.648094
823,2220914,3118020,883525,2234495,3.529068,15,313143,1907771,1204670,3118020,1700660,0.647069
824,2328316,3130427,887038,2243389,3.529079,15,314849,2013467,1211244,3130427,1714549,0.646118
825,2328692,3137266,890546,2246720,3.522857,15,315803,2012889,1214810,3137266,1721974,0.645629
826,2329444,3137477,894102,2243375,3.509082,15,316919,2012525,1215278,3137477,1723635,0.645424
827,2330196,3138419,897634,2240785,3.496324,15,317705,2012491,1216775,3138419,1728681,0.644823
828,2347639,3146893,901180,2245713,3.491969,16,318912,2028727,1220958,3146893,1736939,0.644349
829,2309807,3160754,904750,2256004,3.493511,16,320192,1989615,1225980,3160754,1743166,0.644536
830,2403009,3178486,908316,2270170,3.499317,15,322305,2080704,1232894,3178486,1753090,0.644517
831,2343559,3193722,911161,2282561,3.505113,15,324286,2019273,1237411,3193722,1755922,0.645243
832,2337875,3208745,913996,2294749,3.510677,15,325670,2012205,1243910,3208745,1766895,0.644891
833,2386313,3225257,916854,2308403,3.517743,15,327078,2059235,1250004,3225257,1774759,0.645049
834,2396379,3244303,919725,2324578,3.527471,15,329500,2066879,1256924,3244303,1783393,0.645286
835,2396371,3262206,921594,2340612,3.539743,15,331707,2064664,1263604,3262206,1792210,0.645417
836,2400019,3273502,921600,2351902,3.551977,16,331527,2068492,1267007,3273502,1794526,0.645912
837,2431470,3286810,921599,2365211,3.566421,16,330799,2100671,1270032,3286810,1793318,0.646994
838,2437278,3297527,921600,2375927,3.578046,15,330010,2107268,1272174,3297527,1791169,0.648010
839,2387228,3309317,921600,2387717,3.590839,14,330806,2056422,1276655,3309317,1797303,0.648044
840,2387721,3320523,921600,2398923,3.602998,14,330417,2057304,1279912,3320523,1799125,0.648584
841,2422465,3335745,921600,2414145,3.619515,15,329903,2092562,1283187,3335745,1797003,0.649895
842,2422465,3352156,921600,2430556,3.637322,14,329356,2093109,1287408,3352156,1797476,0.650951
843,2416617,3371135,921599,2449536,3.657920,13,328421,2088196,1291738,3371135,1795817,0.652442
844,2443649,3389622,921600,2468022,3.677975,14,327231,2116418,1296085,3389622,1794718,0.653819
845,2445071,3406724,921597,2485127,3.696544,14,325852,2119219,1300303,3406724,1794488,0.654987
846,2446241,3420455,921600,2498855,3.711431,14,324295,2121946,1303053,3420455,1791757,0.656239
847,2447208,3429152,921600,2507552,3.720868,14,322216,2124992,1304654,3429152,1789464,0.657100
848,2428910,3437051,921599,2515452,3.729443,14,320929,2107981,1305262,3437051,1783997,0.658307
849,2428912,3444725,921600,2523125,3.737766,16,318994,2109918,1306953,3444725,1783087,0.658923
850,2360862,3455351,921600,2533751,3.749296,14,315379,2045483,1306879,3455351,1772165,0.660993
851,2221042,3463989,921600,2542389,3.758669,14,314366,1906676,1308339,3463989,1769367,0.661906
852,2220958,3476646,921600,2555046,3.772402,14,313205,1907753,1310945,3476646,1767134,0.663004
853,2220958,3491224,921600,2569624,3.788220,14,313550,1907408,1315871,3491224,1772260,0.663291
854,2226810,3506565,921600,2584965,3.804867,14,312509,1914301,1319054,3506565,1769651,0.664598
855,2226810,3521593,921599,2599994,3.821177,13,312344,1914466,1322405,3521593,1768027,0.665755
856,2226810,3537167,921600,2615567,3.838072,14,312100,1914710,1326054,3537167,1767049,0.666860
857,2226818,3552351,921597,2630754,3.854560,15,311338,1915480,1331010,3552351,1771689,0.667228
858,2226822,3568863,921600,2647263,3.872464,14,311133,1915689,1334929,3568863,1770853,0.668362
859,2224630,3586076,921600,2664476,3.891141,14,310575,1914055,1339573,3586076,1772216,0.669257
860,2225712,3601069,921600,2679469,3.907410,15,310535,1915177,1343662,3601069,1773579,0.670010
861,2202689,3599951,921598,2678353,3.906205,15,309753,1892936,1343753,3599951,1775061,0.669757
862,2221715,3597097,921599,2675498,3.903104,15,308893,1912822,1341332,3597097,1768231,0.670434
863,2221711,3592832,921600,2671232,3.898472,16,308272,1913439,1339254,3592832,1764184,0.670678
864,2228045,3589251,921599,2667652,3.894591,15,308074,1919971,1339178,3589251,1767461,0.670047
865,2222827,3586070,921598,2664472,3.891143,15,308458,1914369,1336862,3586070,1761378,0.670613
866,2217546,3584320,921600,2662720,3.889236,17,308370,1909176,1336354,3584320,1761096,0.670541
867,2217542,3577017,921599,2655418,3.881316,17,307477,1910065,1333041,3577017,1755147,0.670838
868,2217610,3569000,921600,2647400,3.872613,16,306165,1911445,1328351,3569000,1744404,0.671697
869,2235908,3561371,921598,2639773,3.864343,17,304681,1931227,1324934,3561371,1738365,0.671990
870,2238102,3554818,921598,2633220,3.857233,15,304333,1933769,1321136,3554818,1729726,0.672682
871,2238106,3548326,921600,2626726,3.850180,16,304165,1933941,1319187,3548326,1728422,0.672446
872,2238106,3539740,921600,2618140,3.840864,14,303455,1934651,1316413,3539740,1725912,0.672232
873,2238106,3532747,921598,2611149,3.833284,14,302589,1935517,1312863,3532747,1718705,0.672718
874,2238106,3527701,921599,2606102,3.827805,14,301839,1936267,1311288,3527701,1717451,0.672564
875,2238106,3523946,921599,2602347,3.823730,14,300920,1937186,1308976,3523946,1711958,0.673035
876,2238098,3520973,921598,2599375,3.820509,14,300965,1937133,1308559,3520973,1713263,0.672681
877,2252486,3518946,921600,2597346,3.818301,13,301555,1950931,1308753,3518946,1716066,0.672194
878,2252482,3515616,921598,2594018,3.814696,14,302815,1949667,1309214,3515616,1721240,0.671322
879,2252480,3512092,921597,2590495,3.810876,15,304080,1948400,1310265,3512092,1728968,0.670111
880,2251091,3510093,921599,2588494,3.808699,15,303390,1947701,1310227,3510093,1730815,0.669749
881,2224061,3515012,921598,2593414,3.814040,14,303101,1920960,1310883,3515012,1728520,0.670352
882,2224061,3519288,921598,2597690,3.818680,14,302267,1921794,1312520,3519288,1730792,0.670330
883,2224061,3521595,921599,2599996,3.821179,14,301259,1922802,1311180,3521595,1723125,0.671455
884,2224061,3525798,921598,2604200,3.825744,14,300397,1923664,1311427,3525798,1719910,0.672130
885,2242359,3530626,921597,2609029,3.830987,14,299905,1942454,1311639,3530626,1715930,0.672942
886,2244551,3534388,921597,2612791,3.835069,14,299502,1945049,1312514,3534388,1715668,0.673210
887,2243518,3538808,921599,2617209,3.839857,13,299341,1944177,1312436,3538808,1710936,0.674092
888,2205138,3544652,921600,2623052,3.846194,14,298984,1906154,1314013,3544652,1711400,0.674394
889,2205138,3550186,921598,2628588,3.852207,14,298730,1906408,1315024,3550186,1709910,0.674928
890,2206813,3556106,921600,2634506,3.858622,15,298958,1907855,1317194,3556106,1712670,0.674940
891,2261663,3602447,921599,2680848,3.908909,14,299964,1961699,1332018,3602447,1725625,0.676126
892,2305787,3632186,921600,2710586,3.941174,13,299850,2005937,1341591,3632186,1734178,0.676843
893,2312013,3659098,921599,2737499,3.970380,14,299748,2012265,1349540,3659098,1739062,0.677842
894,2313060,3684630,921599,2763031,3.998084,13,297043,2016017,1355454,3684630,1737186,0.679593
895,2313060,3734614,921599,2813015,4.052320,13,297385,2015675,1370281,3734614,1746510,0.681359
896,2313440,3763331,921600,2841731,4.083475,14,297988,2015452,1380017,3763331,1756737,0.681754
897,2330362,3841324,921599,2919725,4.168108,15,299666,2030696,1405537,3841324,1780824,0.683248
898,2358180,3841728,921599,2920129,4.168546,13,303192,2054988,1408956,3841728,1794096,0.681662
899,2359863,3896302,921600,2974702,4.227758,14,308805,2051058,1429227,3896302,1820606,0.681540
900,2379243,3905622,921600,2984022,4.237871,14,316306,2062937,1438434,3905622,1848114,0.678798
901,2379245,3907642,921600,2986042,4.240063,14,316914,2062331,1438554,3907642,1846574,0.679092
902,2380343,3937491,921599,3015892,4.272456,14,318434,2061909,1448699,3937491,1857305,0.679487
903,2380343,3941972,921599,3020373,4.277318,14,319888,2060455,1451694,3941972,1864804,0.678857
904,2380343,3937208,921600,3015608,4.272144,15,321336,2059007,1452354,3937208,1872208,0.677729
905,2380343,3931363,921600,3009763,4.265802,17,322597,2057746,1453033,3931363,1880769,0.676406
906,2380341,3925338,921600,3003738,4.259264,16,321642,2058699,1450877,3925338,1878170,0.676373
907,2380341,3928576,921599,3006977,4.262782,16,320229,2060112,1451899,3928576,1879020,0.676455
908,2380341,3928984,921600,3007384,4.263220,16,318654,2061687,1450585,3928984,1873356,0.677138
909,2380341,3929881,921599,3008282,4.264198,18,317064,2063277,1449427,3929881,1867827,0.677834
910,2380341,3931173,921600,3009573,4.265596,17,315448,2064893,1447293,3931173,1857999,0.679056
911,2380341,4067575,921600,3145975,4.413601,16,314598,2065743,1478972,4067575,1848313,0.687568
912,2380341,4067429,921600,3145829,4.413443,15,312019,2068322,1473835,4067429,1827911,0.689940
913,2380343,4138607,921600,3217007,4.490676,16,310554,2069789,1488525,4138607,1815493,0.695085
914,2383065,4135812,921600,3214212,4.487643,16,308384,2074681,1483702,4135812,1798996,0.696874
915,2383065,4128120,921600,3206520,4.479297,17,305870,2077195,1476396,4128120,1777464,0.699020
916,2383065,4119452,921600,3197852,4.469891,16,303519,2079546,1470611,4119452,1762992,0.700296
917,2383065,4111035,921600,3189435,4.460758,17,301659,2081406,1464096,4111035,1745349,0.701975
918,2383965,4103787,921600,3182187,4.452894,19,299751,2084214,1458788,4103787,1731365,0.703287
919,2390167,4098078,921600,3176478,4.446699,17,298009,2092158,1455032,4098078,1722050,0.704122
920,2390169,4091322,921599,3169723,4.439373,16,295716,2094453,1449460,4091322,1706518,0.705663
921,2395733,4087184,921600,3165584,4.434878,16,294622,2101111,1445762,4087184,1695864,0.706753
922,2404679,4079818,921599,3158219,4.426891,16,293293,2111386,1441736,4079818,1687126,0.707449
923,2404679,4068603,921600,3147003,4.414717,17,292297,2112382,1435401,4068603,1673001,0.708618
924,2404679,4054694,921600,3133094,4.399625,19,290947,2113732,1429038,4054694,1661458,0.709340
925,2410979,4041717,921600,3120117,4.385544,17,289376,2121603,1423679,4041717,1652999,0.709731
926,2411473,4073890,921600,3152290,4.420454,18,288084,2123389,1429389,4073890,1643666,0.712523
927,2416588,4083764,921600,3162164,4.431168,17,285916,2130672,1427690,4083764,1626996,0.715100
928,2416956,4078742,921600,3157142,4.425718,16,283892,2133064,1424655,4078742,1619878,0.715742
929,2472664,4067096,921599,3145497,4.413086,18,282023,2190641,1418463,4067096,1606756,0.716814
930,2473270,4051141,921600,3129541,4.395769,16,279418,2193852,1410724,4051141,1591755,0.717919
931,2523645,4027236,921600,3105636,4.369831,18,277497,2246148,1401704,4027236,1579580,0.718275
932,2550685,3997753,921600,3076153,4.337840,16,275351,2275334,1390357,3997753,1563675,0.718836
933,2554252,3964764,921600,3043164,4.302044,17,273544,2280708,1377736,3964764,1546180,0.719435
934,2652795,3932637,921600,3011037,4.267184,17,271797,2380998,1367136,3932637,1535907,0.719138
935,2663393,3897245,921600,2975645,4.228781,17,269373,2394020,1355205,3897245,1523575,0.718940
936,2664896,3860682,921600,2939082,4.189108,18,267296,2397600,1341993,3860682,1507290,0.719207
937,2664896,3825452,921600,2903852,4.150881,18,265647,2399249,1331336,3825452,1499892,0.718348
938,2665256,3792638,921600,2871038,4.115276,18,264319,2400937,1321041,3792638,1491526,0.717737
939,2727125,3759296,921600,2837696,4.079097,19,263445,2463680,1311140,3759296,1485264,0.716799
940,2730841,3726847,921600,2805247,4.043888,17,262785,2468056,1301935,3726847,1480893,0.715636
941,2771053,3883529,921600,2961929,4.213899,17,264257,2506796,1345713,3883529,1499323,0.721463
942,2771059,5411600,921600,4490000,5.871962,19,266483,2504576,1738887,5411600,1543948,0.778026
943,2771063,5344192,921600,4422592,5.798819,19,267190,2503873,1725867,5344192,1559276,0.774131
944,2771063,5283930,921600,4362330,5.733431,20,267264,2503799,1713193,5283930,1568842,0.771065
945,2771063,5230681,921600,4309081,5.675652,20,268644,2502419,1703187,5230681,1582067,0.767778
946,2771063,5183577,921600,4261977,5.624541,19,268999,2502064,1694696,5183577,1595207,0.764677
947,2835733,5140484,921600,4218884,5.577782,19,269585,2566148,1687765,5140484,1610576,0.761434
948,2902280,5102528,921600,4180928,5.536597,18,270112,2632168,1681582,5102528,1623800,0.758590
949,2902286,5073268,921600,4151668,5.504848,19,270715,2631571,1678522,5073268,1640820,0.755615
950,2902286,5046469,921600,4124869,5.475769,18,271396,2630890,1675349,5046469,1654927,0.753047
951,2901926,5044180,921600,4122580,5.473286,18,271874,2630052,1676659,5044180,1662456,0.752118
952,2879260,5041103,921600,4119503,5.469947,18,272093,2607167,1675710,5041103,1661737,0.752085
953,2878900,5038360,921600,4116760,5.466970,18,272416,2606484,1676053,5038360,1665852,0.751522
954,2878900,5037227,921600,4115627,5.465741,18,273407,2605493,1677146,5037227,1671357,0.750863
955,2878900,5036188,921600,4114588,5.464614,18,273932,2604968,1678025,5036188,1675912,0.750315
956,2878900,5035518,921600,4113918,5.463887,18,274708,2604192,1678872,5035518,1679970,0.749836
957,2878900,5033513,921600,4111913,5.461711,18,274763,2604137,1679773,5033513,1685579,0.749136
958,2878900,5032180,921600,4110580,5.460265,18,275427,2603473,1679343,5032180,1685192,0.749129
959,2878900,5029816,921600,4108216,5.457700,19,275878,2603022,1681051,5029816,1694388,0.748017
960,2878900,5023959,921600,4102359,5.451344,20,276718,2602182,1679840,5023959,1695401,0.747684
961,2825038,4977956,921600,4056356,5.401428,20,278067,2546971,1671532,4977956,1708172,0.744520
962,2747621,4981564,921600,4059964,5.405343,19,280004,2467617,1679205,4981564,1735256,0.741655
963,2735767,5050590,921600,4128990,5.480241,18,283668,2452099,1709539,5050590,1787566,0.738589
964,2735389,5080006,921600,4158406,5.512159,18,287399,2447990,1730490,5080006,1841954,0.733897
965,2735381,4970619,921600,4049019,5.393467,19,290283,2445098,1708442,4970619,1863149,0.727361
966,2720424,4853766,921600,3932166,5.266673,21,291919,2428505,1682532,4853766,1876362,0.721200
967,2714838,4747073,921600,3825473,5.150904,20,293464,2421374,1661886,4747073,1900471,0.714109
968,2709252,4706485,921600,3784885,5.106863,20,293979,2415273,1657399,4706485,1923111,0.709920
969,2709252,4668855,921600,3747255,5.066032,22,295206,2414046,1654070,4668855,1947425,0.705662
970,2706532,4631202,921599,3709603,5.025181,19,295328,2411204,1651436,4631202,1974542,0.701087
971,2840054,4596975,921597,3675378,4.988053,19,295985,2544069,1648581,4596975,1997349,0.697111
972,2838757,4509111,921177,3587934,4.894945,19,295835,2542922,1631218,4509111,2015761,0.691065
973,2898262,4214298,920015,3294283,4.580684,19,293325,2604937,1547687,4214298,1976450,0.680741
974,2856500,4115812,918272,3197540,4.482127,18,293811,2562689,1519490,4115812,1962148,0.677170
975,2818112,4060899,915596,3145303,4.435252,18,295940,2522172,1506127,4060899,1963609,0.674063
976,2817948,4000051,912181,3087870,4.385151,19,297849,2520099,1488891,4000051,1955513,0.671649
977,2817944,3931622,908125,3023497,4.329384,19,299983,2517961,1470062,3931622,1948626,0.668615
978,2814292,3869582,903714,2965868,4.281866,18,301904,2512388,1452180,3869582,1939138,0.666168
979,2814290,3806598,899794,2906804,4.230522,19,303278,2511012,1433641,3806598,1927966,0.663799
980,2814290,3744779,896840,2847939,4.175526,18,304686,2509604,1414796,3744779,1914405,0.661717
981,2812826,3698421,895038,2803383,4.132139,19,304181,2508645,1398026,3698421,1893683,0.661365
982,2788938,3666618,893198,2773420,4.105045,18,303125,2485813,1387171,3666618,1882066,0.660809
983,2788938,3651627,891321,2760306,4.096871,18,305178,2483760,1385532,3651627,1890501,0.658885
984,2782604,3637092,889416,2747676,4.089304,18,307796,2474808,1383783,3637092,1898040,0.657092
985,2782604,3620687,887476,2733211,4.079758,18,309320,2473284,1381854,3620687,1906729,0.655042
986,2681816,3604420,885505,2718915,4.070468,18,312159,2369657,1380952,3604420,1919388,0.652524
987,2649283,3586107,883507,2702600,4.058946,19,314186,2335097,1377913,3586107,1925545,0.650641
988,2615273,3566561,881382,2685179,4.046555,20,316309,2298964,1374880,3566561,1932959,0.648522
989,2587071,3546237,878919,2667318,4.034771,23,318234,2268837,1371233,3546237,1938695,0.646542
990,2586825,3525600,876365,2649235,4.022981,27,319770,2267055,1367386,3525600,1943944,0.644588
991,2585150,3533523,878875,2654648,4.020507,26,318646,2266504,1368742,3533523,1941445,0.645396
992,2531249,3541982,881269,2660713,4.019184,26,317832,2213417,1369435,3541982,1935758,0.646614
993,2531189,3548502,883357,2665145,4.017064,25,316352,2214837,1370347,3548502,1932886,0.647373
994,2531189,3554730,885271,2669459,4.015414,25,314795,2216394,1370852,3554730,1928678,0.648270
995,2529514,3560356,887133,2673223,4.013328,25,313064,2216450,1371428,3560356,1925356,0.649023
996,2529514,3565995,888948,2677047,4.011478,25,311279,2218235,1370329,3565995,1915321,0.650573
997,2529022,3572862,890704,2682158,4.011279,25,309886,2219136,1370208,3572862,1907970,0.651883
998,2512574,3578720,892421,2686299,4.010125,25,308559,2204015,1370946,3578720,1905064,0.652600
999,2506766,3584787,894084,2690703,4.009452,25,306553,2200213,1370400,3584787,1896813,0.653967
1000,2506766,3590756,895701,2695055,4.008878,25,305140,2201626,1370808,3590756,1892476,0.654861
1001,2495330,3591665,896120,2695545,4.008018,24,304255,2191075,1370554,3591665,1890551,0.655148
1002,2495330,3593353,896539,2696814,4.008028,24,303682,2191648,1370291,3593353,1887811,0.655582
1003,2495330,3593921,896959,2696962,4.006784,24,302794,2192536,1369842,3593921,1885447,0.655901
1004,2489744,3594527,897361,2697166,4.005664,24,302077,2187667,1369266,3594527,1882537,0.656287
1005,2489744,3595661,897767,2697894,4.005116,24,301799,2187945,1369331,3595661,1881663,0.656463
1006,2484010,3597135,898170,2698965,4.004960,24,301143,2182867,1367982,3597135,1874793,0.657380
1007,2484010,3596703,898567,2698136,4.002710,24,300153,2183857,1366877,3596703,1870805,0.657832
1008,2484010,3597440,898962,2698478,4.001771,24,299480,2184530,1366699,3597440,1869356,0.658053
1009,2484010,3598116,899355,2698761,4.000774,24,298945,2185065,1366207,3598116,1866712,0.658413
1010,2484010,3598396,899741,2698655,3.999369,24,298194,2185816,1365608,3598396,1864036,0.658753
1011,2484010,3613667,901314,2712353,4.009332,21,297707,2186303,1368430,3613667,1860053,0.660185
1012,2484010,3627506,902843,2724663,4.017870,19,296563,2187447,1369631,3627506,1851018,0.662132
1013,2484010,3578369,904333,2674036,3.956915,18,295247,2188763,1357299,3578369,1850827,0.659097
1014,2489744,3592500,905764,2686736,3.966265,19,294734,2195010,1359599,3592500,1845896,0.660581
1015,2495330,3597614,905427,2692187,3.973389,19,293334,2201996,1358642,3597614,1836954,0.661987
1016,2495330,3589624,907070,2682554,3.957384,18,292717,2202613,1356023,3589624,1834468,0.661793
1017,2495330,3556333,908609,2647724,3.914041,18,291125,2204205,1345575,3556333,1825967,0.660746
1018,2506724,3570360,910092,2660268,3.923076,17,289967,2216757,1346937,3570360,1817388,0.662681
1019,2512574,3542217,911477,2630740,3.886238,17,288923,2223651,1336490,3542217,1803743,0.662597
1020,2512574,3469901,911530,2558371,3.806678,17,287092,2225482,1316042,3469901,1794267,0.659155
1021,2512574,3483030,912777,2570253,3.815861,18,287330,2225244,1319326,3483030,1794274,0.660002
1022,2501240,3495140,913958,2581182,3.824180,17,286285,2214955,1321231,3495140,1789784,0.661342
1023,2501240,3506177,915103,2591074,3.831456,18,285431,2215809,1321665,3506177,1780483,0.663212
1024,2501240,3515101,916131,2598970,3.836898,17,284340,2216900,1321827,3515101,1772207,0.664819
1025,2501238,3521176,917138,2604038,3.839309,16,283348,2217890,1321449,3521176,1764620,0.666158
1026,2513937,3525094,918147,2606947,3.839357,16,282900,2231037,1320500,3525094,1756906,0.667379
1027,2513937,3527913,919129,2608784,3.838322,17,281682,2232255,1318780,3527913,1747207,0.668783
1028,2513937,3530339,920042,2610297,3.837150,16,280537,2233400,1316711,3530339,1736505,0.670295
1029,2473725,3537180,920814,2616366,3.841362,17,278961,2194764,1315277,3537180,1723928,0.672326
1030,2473725,3543421,921364,2622057,3.845843,16,277525,2196200,1313280,3543421,1709699,0.674536
1031,2472364,3516771,921086,2595685,3.818070,19,277116,2195248,1305772,3516771,1706317,0.673313
1032,2466766,3488890,920709,2568181,3.789351,23,278828,2187938,1301167,3488890,1715778,0.670339
1033,2473189,3393980,920369,2473611,3.687630,30,281925,2191264,1281051,3393980,1730224,0.662343
1034,2473185,3372819,920189,2452630,3.665355,37,287643,2185542,1281712,3372819,1754029,0.657874
1035,2394441,3374212,919615,2454597,3.669157,40,291743,2102698,1285988,3374212,1769740,0.655957
1036,2386760,3459612,918732,2540880,3.765638,40,291607,2095153,1307046,3459612,1768572,0.661723
1037,2380812,3399077,917308,2481769,3.705492,40,286986,2093826,1286509,3399077,1746959,0.660523
1038,2345104,3328827,915196,2413631,3.637283,39,281073,2064031,1262742,3328827,1722141,0.659047
1039,2216780,3249779,912255,2337524,3.562358,35,269621,1947159,1230063,3249779,1670473,0.660490
1040,2147614,3191028,909928,2281100,3.506902,40,259417,1888197,1204254,3191028,1625988,0.662449
1041,2141764,3205595,911049,2294546,3.518576,42,256062,1885702,1201281,3205595,1599529,0.667120
1042,2135956,3217740,912153,2305587,3.527632,43,252044,1883912,1197008,3217740,1570292,0.672038
1043,2163774,3230132,913229,2316903,3.537045,43,248077,1915697,1192421,3230132,1539552,0.677221
1044,2163774,3245182,914320,2330862,3.549285,40,244400,1919374,1188945,3245182,1510598,0.682366
1045,2163774,3261691,915368,2346323,3.563257,35,240509,1923265,1186403,3261691,1483921,0.687307
1046,2163776,3279177,916306,2362871,3.578692,35,237129,1926647,1183552,3279177,1455031,0.692656
1047,2163770,3295011,917141,2377870,3.592698,31,233512,1930258,1179987,3295011,1424937,0.698103
1048,2163400,3310632,917858,2392774,3.606911,33,228673,1934727,1175372,3310632,1390856,0.704167
1049,2096859,3335765,918439,2417326,3.631994,31,224515,1872344,1174492,3335765,1362203,0.710044
1050,2096851,3385616,918898,2466718,3.684431,31,220747,1876104,1180401,3385616,1335988,0.717048
1051,2097899,3471146,919378,2551768,3.775537,30,217780,1880119,1197213,3471146,1317706,0.724839
1052,2092313,3700131,919811,2780320,4.022708,29,215243,1877070,1252638,3700131,1310421,0.738468
1053,2091006,3857014,920201,2936813,4.191491,30,212330,1878676,1286992,3857014,1290954,0.749230
1054,2091006,3838567,921600,2916967,4.165112,30,209914,1881092,1274126,3838567,1257937,0.753176
1055,2091006,3471562,921584,2549978,3.766951,30,207009,1883997,1165258,3471562,1189470,0.744805
1056,2055403,3435542,921092,2514450,3.729858,29,203646,1851757,1145559,3435542,1146694,0.749752
1057,2005993,3450214,921301,2528913,3.744937,28,200419,1805574,1142209,3450214,1118622,0.755163
1058,1978470,3476465,921456,2555009,3.772795,26,197381,1781089,1142113,3476465,1091987,0.760972
1059,1939267,3512647,921555,2591092,3.811652,25,194106,1745161,1145183,3512647,1068085,0.766831
1060,1939267,3549150,921599,2627551,3.851078,23,190951,1748316,1148897,3549150,1046438,0.772295
1061,1946263,3589219,921600,2667619,3.894552,23,186889,1759374,1153557,3589219,1025009,0.777859
1062,1946823,3453608,921544,2532064,3.747632,23,184169,1762654,1117248,3453608,1015384,0.772794
1063,1876134,3379583,921527,2458056,3.667373,22,181474,1694660,1096992,3379583,1008385,0.770193
1064,1874551,3391304,921506,2469798,3.680176,22,179947,1694604,1099674,3391304,1007392,0.770979
1065,1924940,3376982,921484,2455498,3.664721,17,178395,1746545,1095793,3376982,1006190,0.770443
1066,1930310,3374502,921459,2453043,3.662129,17,178437,1751873,1097229,3374502,1014414,0.768869
1067,1857003,3370250,921430,2448820,3.657630,16,179505,1677498,1098480,3370250,1023670,0.767026
1068,1744781,3371039,921410,2449629,3.658566,17,181363,1563418,1102071,3371039,1037245,0.764705
1069,1744781,3378271,921387,2456884,3.666506,17,182991,1561790,1106603,3378271,1048141,0.763208
1070,1744693,3386952,921517,2465435,3.675409,18,184719,1559974,1112639,3386952,1063604,0.761018
1071,1744701,3393547,921600,2471947,3.682234,16,186178,1558523,1116907,3393547,1074081,0.759586
1072,1744141,3400201,921600,2478601,3.689454,16,187496,1556645,1121739,3400201,1086755,0.757797
1073,1760779,3408388,921600,2486788,3.698338,17,188993,1571786,1126128,3408388,1096124,0.756661
1074,1766585,3417278,921600,2495678,3.707984,16,190545,1576040,1131225,3417278,1107622,0.755216
1075,1716200,3427480,921600,2505880,3.719054,16,192390,1523810,1137255,3427480,1121540,0.753455
1076,1716140,3440740,921599,2519141,3.733446,17,193439,1522701,1143028,3440740,1131372,0.752549
1077,1716140,3457154,921600,2535554,3.751252,16,194508,1521632,1150260,3457154,1143886,0.751385
1078,1716016,3473739,921600,2552139,3.769248,16,195524,1520492,1157372,3473739,1155749,0.750351
1079,1716016,3491536,921600,2569936,3.788559,16,196394,1519622,1164677,3491536,1167172,0.749464
1080,1716046,3507900,921600,2586300,3.806315,16,197139,1518907,1171274,3507900,1177196,0.748736
1081,1711610,3528094,921600,2606494,3.828227,16,197107,1514503,1179505,3528094,1189926,0.747791
1082,1703766,3548040,921600,2626440,3.849870,16,196962,1506804,1187771,3548040,1203044,0.746785
1083,1703766,3566951,921600,2645351,3.870390,17,197151,1506615,1195468,3566951,1214921,0.745932
1084,1676736,3584782,921600,2663182,3.889737,16,197146,1479590,1203921,3584782,1230902,0.744397
1085,1676736,3601402,921599,2679803,3.907776,16,197538,1479198,1211595,3601402,1244978,0.743112
1086,1676736,3614865,921600,2693265,3.922380,16,197687,1479049,1220033,3614865,1265267,0.740731
1087,1670956,3622695,921600,2701095,3.930876,16,197641,1473315,1226020,3622695,1281385,0.738710
1088,1670956,3622025,921600,2700425,3.930149,16,197487,1473469,1229473,3622025,1295867,0.736500
1089,1674316,3301871,921599,2380272,3.582763,17,196649,1477667,1151395,3301871,1303709,0.716928
1090,1668646,3307218,921600,2385618,3.588561,17,195977,1472669,1153835,3307218,1308122,0.716571
1091,1668646,3329493,921600,2407893,3.612731,17,195012,1473634,1157897,3329493,1302095,0.718866
1092,1605425,3360005,921599,2438406,3.645843,15,194100,1411325,1162925,3360005,1291695,0.722318
1093,1605425,3392165,921600,2470565,3.680735,16,192980,1412445,1170683,3392165,1290567,0.724399
1094,1605425,3420244,921600,2498644,3.711202,16,192326,1413099,1176420,3420244,1285436,0.726833
1095,1605425,3448007,921599,2526408,3.741331,17,191996,1413429,1182999,3448007,1283989,0.728658
1096,1605425,3482203,921599,2560604,3.778436,17,192510,1412915,1192084,3482203,1286133,0.730276
1097,1605425,3520678,921600,2599078,3.820180,16,192950,1412475,1202152,3520678,1287930,0.732162
1098,1605425,3558421,921600,2636821,3.861134,15,193412,1412013,1210746,3558421,1284563,0.734758
1099,1605425,3556752,921600,2635152,3.859323,16,194241,1411184,1210374,3556752,1284744,0.734639
1100,1605425,3602924,921600,2681324,3.909423,17,194720,1410705,1221635,3602924,1283616,0.737316
1101,1605425,3613476,921600,2691876,3.920872,17,194599,1410826,1221898,3613476,1274116,0.739316
1102,1605421,3618301,921600,2696701,3.926108,16,194838,1410583,1223030,3618301,1273819,0.739618
1103,1599869,3589957,921600,2668357,3.895353,16,195413,1404456,1214844,3589957,1269419,0.738769
1104,1582950,3569691,921599,2648092,3.873367,15,196242,1386708,1210573,3569691,1272601,0.737190
1105,1582946,3547035,921600,2625435,3.848779,15,196691,1386255,1205819,3547035,1276241,0.735400
1106,1582946,3521999,921600,2600399,3.821613,14,198174,1384772,1201390,3521999,1283561,0.732901
1107,1582946,3485833,921600,2564233,3.782371,14,198451,1384495,1191437,3485833,1279915,0.731435
1108,1646167,3443218,921600,2521618,3.736131,14,198906,1447261,1180164,3443218,1277438,0.729394
1109,1651947,3401033,921600,2479433,3.690357,14,199662,1452285,1168343,3401033,1272339,0.727747
1110,1703811,3361199,921600,2439599,3.647134,14,201469,1502342,1158531,3361199,1272925,0.725315
1111,1685899,3352702,921600,2431102,3.637914,15,200367,1485532,1154854,3352702,1266714,0.725785
1112,1685891,3344362,921600,2422762,3.628865,14,199582,1486309,1152024,3344362,1263734,0.725758
1113,1685891,3336920,921600,2415320,3.620790,14,199120,1486771,1149387,3336920,1260628,0.725804
1114,1680251,3329611,921600,2408011,3.612859,14,199063,1481188,1147355,3329611,1259809,0.725497
1115,1674531,3321695,921600,2400095,3.604270,15,199081,1475450,1144226,3321695,1255209,0.725752
1116,1735424,3314567,921600,2392967,3.596535,13,199304,1536120,1141572,3314567,1251721,0.725878
1117,1735422,3307519,921600,2385919,3.588888,14,199436,1535986,1138721,3307519,1247365,0.726148
1118,1735422,3300364,921599,2378765,3.581128,15,199819,1535603,1136628,3300364,1246148,0.725911
1119,1735422,3293981,921600,2372381,3.574198,14,200238,1535184,1135521,3293981,1248103,0.725214
1120,1751282,3287658,921600,2366058,3.567337,14,201386,1549896,1134141,3287658,1248906,0.724702
1121,1820249,3283146,921600,2361546,3.562441,14,203094,1617155,1134442,3283146,1254622,0.723516
1122,1853623,3284420,921600,2362820,3.563824,14,205716,1647907,1137365,3284420,1265040,0.721936
1123,1933501,3284426,921600,2362826,3.563830,14,209617,1723884,1141047,3284426,1279762,0.719608
1124,1933863,3287668,921600,2366068,3.567348,14,215702,1718161,1148269,3287668,1305408,0.715788
1125,1944564,3298067,921599,2376468,3.578636,14,223590,1720974,1159947,3298067,1341721,0.710823
1126,1990541,3304202,921600,2382602,3.585289,14,232273,1758268,1169612,3304202,1374246,0.706260
1127,2056123,3321153,921600,2399553,3.603682,14,240228,1815895,1182547,3321153,1409035,0.702119
1128,2056491,3333381,921600,2411781,3.616950,14,243450,1813041,1189464,3333381,1424475,0.700606
1129,2134278,3342064,921600,2420464,3.626372,14,244939,1889339,1193073,3342064,1430228,0.700306
1130,2176129,3349962,921600,2428362,3.634941,14,247307,1928822,1197623,3349962,1440530,0.699294
1131,2181981,3352729,921600,2431129,3.637944,14,253947,1928034,1205792,3352729,1470439,0.695130
1132,2182365,3356804,921600,2435204,3.642365,14,261874,1920491,1214381,3356804,1500720,0.691052
1133,2221113,3366041,921600,2444441,3.652388,14,265885,1955228,1222050,3366041,1522159,0.688605
1134,2222472,3377970,921600,2456370,3.665332,16,270317,1952155,1230028,3377970,1542142,0.686564
1135,2257657,3387352,921600,2465752,3.675512,16,272440,1985217,1234033,3387352,1548780,0.686236
1136,2237322,3389677,921599,2468078,3.678039,16,276910,1960412,1239791,3389677,1569487,0.683518
1137,2235649,3376370,921600,2454770,3.663596,15,282571,1953078,1242332,3376370,1592958,0.679442
1138,2229255,3361708,921599,2440109,3.647691,14,286973,1942282,1242008,3361708,1606324,0.676668
1139,2228887,3356699,921600,2435099,3.642252,14,289613,1939274,1244309,3356699,1620537,0.674410
1140,2279268,3357271,921600,2435671,3.642872,13,290481,1988787,1244964,3357271,1622585,0.674170
1141,2174548,3362904,921600,2441304,3.648984,14,281209,1893339,1238581,3362904,1591420,0.678782
1142,2094835,3356007,921600,2434407,3.641501,15,274819,1820016,1232917,3356007,1575661,0.680501
1143,1952600,3317613,921600,2396013,3.599840,15,259373,1693227,1207277,3317613,1511495,0.687003
1144,1900798,3279392,921600,2357792,3.558368,13,249980,1650818,1188196,3279392,1473392,0.689994
1145,1817495,3238703,921600,2317103,3.514218,13,224211,1593284,1151504,3238703,1367313,0.703146
1146,1698007,3232987,921600,2311387,3.508015,13,214756,1483251,1137514,3232987,1317069,0.710538
1147,1582946,3268400,921599,2346801,3.546445,13,215104,1367842,1147864,3268400,1323056,0.711844
1148,1581269,3293721,921600,2372121,3.573916,13,214456,1366813,1151162,3293721,1310927,0.715304
1149,1613693,3383932,921600,2462332,3.671801,14,196509,1417184,1156890,3383932,1243628,0.731256
1150,1539614,3456955,921600,2535355,3.751036,13,187584,1352030,1170646,3456955,1225629,0.738258
1151,1468020,3449609,921600,2528009,3.743065,13,188938,1279082,1171107,3449609,1234819,0.736399
1152,1468016,3446222,921600,2524622,3.739390,13,190261,1277755,1172388,3446222,1243330,0.734872
1153,1469184,3443721,921600,2522121,3.736676,14,192580,1276604,1175491,3443721,1258243,0.732401
1154,1451246,3441451,921600,2519851,3.734213,14,195032,1256214,1178070,3441451,1270829,0.730315
1155,1366644,3440549,921600,2518949,3.733235,14,197478,1169166,1181546,3440549,1285635,0.727976
1156,1372226,3442206,921600,2520606,3.735033,12,199412,1172814,1185212,3442206,1298642,0.726074
1157,1370034,3444336,921600,2522736,3.737344,12,200849,1169185,1188984,3444336,1311600,0.724218
1158,1351736,3445337,921600,2523737,3.738430,13,201899,1149837,1191894,3445337,1322239,0.722660
1159,1351260,3440116,921600,2518516,3.732765,13,202426,1148834,1189959,3440116,1319720,0.722738
1160,1356367,3433619,921600,2512019,3.725715,12,202595,1153772,1187167,3433619,1315049,0.723070
1161,1356367,3421824,921600,2500224,3.712917,12,201765,1154602,1182282,3421824,1307304,0.723563
1162,1356367,3409071,921600,2487471,3.699079,12,201012,1155355,1175924,3409071,1294625,0.724764
1163,1356367,3396244,921600,2474644,3.685161,13,199951,1156416,1170087,3396244,1284104,0.725639
1164,1356367,3386750,921600,2465150,3.674859,12,198913,1157454,1165891,3386750,1276814,0.726215
1165,1356367,3379731,921600,2458131,3.667243,12,198764,1157603,1162609,3379731,1270705,0.726756
1166,1333341,3375442,921600,2453842,3.662589,12,198460,1134881,1160714,3375442,1267414,0.727018
1167,1333341,3375286,921600,2453686,3.662420,13,198712,1134629,1160278,3375286,1265826,0.727258
1168,1333341,3377394,921600,2455794,3.664707,12,198488,1134853,1160694,3377394,1265382,0.727451
1169,1333341,3378350,921600,2456750,3.665744,12,198142,1135199,1159645,3378350,1260230,0.728316
1170,1333341,3379921,921600,2458321,3.667449,13,198300,1135041,1159883,3379921,1259611,0.728505
1171,1282884,3396850,921600,2475250,3.685818,13,198760,1084124,1165882,3396850,1266678,0.728386
1172,1279475,3417663,921600,2496063,3.708402,13,199470,1080005,1173357,3417663,1275765,0.728181
1173,1274338,3440746,921600,2519146,3.733448,13,199730,1074608,1181651,3440746,1285858,0.727953
1174,1268752,3462397,921600,2540797,3.756941,13,199902,1068850,1188484,3462397,1291539,0.728322
1175,1265392,3482447,921600,2560847,3.778697,14,199790,1065602,1194649,3482447,1296149,0.728759
1176,1265392,3502389,921600,2580789,3.800335,14,199551,1065841,1201088,3502389,1301963,0.729003
1177,1265392,3524070,921600,2602470,3.823861,13,199009,1066383,1208477,3524070,1309838,0.729031
1178,1265392,3548318,921600,2626718,3.850171,13,198385,1067007,1215385,3548318,1313222,0.729875
1179,1265392,3573029,921600,2651429,3.876985,14,197304,1068088,1222504,3573029,1316987,0.730678
1180,1265392,3599131,921600,2677531,3.905307,13,196465,1068927,1229871,3599131,1320353,0.731607
1181,1214528,3626464,921600,2704864,3.934965,13,195750,1018778,1237976,3626464,1325440,0.732337
1182,1214528,3653833,921600,2732233,3.964663,13,195401,1019127,1246494,3653833,1332143,0.732822
1183,1214528,3680290,921600,2758690,3.993370,13,194299,1020229,1254910,3680290,1339350,0.733178
1184,1196980,3703193,921600,2781593,4.018222,13,193135,1003845,1260446,3703193,1338591,0.734501
1185,1196976,3721547,921600,2799947,4.038137,13,191855,1005121,1265415,3721547,1340113,0.735242
1186,1195416,3735369,921600,2813769,4.053135,12,189964,1005452,1267662,3735369,1335279,0.736665
1187,1195416,3742512,921600,2820912,4.060885,13,187811,1007605,1267471,3742512,1327372,0.738185
1188,1195416,3737451,921600,2815851,4.055394,13,185932,1009484,1264469,3737451,1320425,0.738937
1189,1195416,3725739,921600,2804139,4.042686,12,184068,1011348,1260523,3725739,1316353,0.738927
1190,1194642,3717902,921600,2796302,4.034182,12,181889,1012753,1257228,3717902,1311010,0.739305
1191,1194626,3724740,921600,2803140,4.041602,14,180631,1013995,1256393,3724740,1300832,0.741157
1192,1162102,3732732,921600,2811132,4.050273,13,179534,982568,1257312,3732732,1296516,0.742205
1193,1162102,3740364,921600,2818764,4.058555,12,178800,983302,1258690,3740364,1294396,0.742908
1194,1161690,3740096,921600,2818496,4.058264,12,178223,983467,1256935,3740096,1287644,0.743892
1195,1158411,3724084,921600,2802484,4.040890,13,176347,982064,1249951,3724084,1275720,0.744846
1196,1158403,3703569,921600,2781969,4.018630,13,174380,984023,1244007,3703569,1272459,0.744282
1197,1158307,3672455,921600,2750855,3.984869,12,171922,986385,1231974,3672455,1255441,0.745238
1198,1158307,3596486,921600,2674886,3.902437,12,168258,990049,1205752,3596486,1226522,0.745694
1199,1151041,3451772,921600,2530172,3.745412,14,162498,988543,1157398,3451772,1177820,0.745589
1200,1151041,3379091,921600,2457491,3.666548,14,155800,995241,1128261,3379091,1133953,0.748739
1201,1151041,3329811,921600,2408211,3.613076,13,136740,1014301,1091942,3329811,1037957,0.762360
1202,1035269,3261348,921600,2339748,3.538789,13,119014,916255,1049161,3261348,935296,0.777132
1203,828868,3176464,921600,2254864,3.446684,13,101717,727151,1002916,3176464,835200,0.791807
1204,724580,3140941,921600,2219341,3.408139,14,92527,632053,980275,3140941,780159,0.801036
1205,724210,3117525,921600,2195925,3.382731,13,84579,639631,962532,3117525,732603,0.809720
1206,615325,3073202,921600,2151602,3.334638,14,80424,534901,942056,3073202,695022,0.815557
1207,609369,2957454,921600,2035854,3.209043,13,76698,532671,903906,2957454,658170,0.817965
1208,521182,2849719,921600,1928119,3.092143,13,68402,452780,864855,2849719,609701,0.823756
1209,474491,2750848,921600,1829248,2.984861,13,62431,412060,832594,2750848,579528,0.825987
1210,423289,2638424,921600,1716824,2.862873,13,60330,362959,800069,2638424,561852,0.824436
1211,423293,2563402,921600,1641802,2.781469,12,59885,363408,780624,2563402,559094,0.820946
1212,434753,2543524,921600,1621924,2.759900,12,59501,375252,774830,2543524,555796,0.820672
1213,440727,2543201,921600,1621601,2.759550,10,59128,381599,773713,2543201,551651,0.821752
1214,468545,2545865,921600,1624265,2.762440,10,58363,410182,774294,2545865,551311,0.821996
1215,468545,2546816,921600,1625216,2.763472,11,56457,412088,770274,2546816,534280,0.826594
1216,419831,2562330,921600,1640730,2.780306,11,56289,363542,773818,2562330,532942,0.827821
1217,419831,2574595,921600,1652995,2.793614,11,57008,362823,776605,2574595,531825,0.828798
1218,425419,2590372,921600,1668772,2.810734,11,58475,366944,781259,2590372,534664,0.828909
1219,413959,2604336,921600,1682736,2.825885,11,59514,354445,784799,2604336,534860,0.829619
1220,413959,2620875,921600,1699275,2.843831,12,59878,354081,788735,2620875,534065,0.830721
1221,420737,2625514,921600,1703914,2.848865,12,59533,361204,788515,2625514,528546,0.832424
1222,462052,2635824,921600,1714224,2.860052,11,62265,399787,792505,2635824,534196,0.831485
1223,497478,2646664,921600,1725064,2.871814,11,68163,429315,798445,2646664,547116,0.828693
1224,488678,2647254,921600,1725654,2.872454,12,70232,418446,796296,2647254,537930,0.831115
1225,595242,2661059,921600,1739459,2.887434,11,69611,525631,799186,2661059,535685,0.832428
1226,765249,2690990,921600,1769390,2.919911,13,78661,686588,819089,2690990,585366,0.821336
1227,925578,2872416,921600,1950816,3.116771,13,91919,833659,887244,2872416,676560,0.809365
1228,1013131,3029827,921600,2108227,3.287573,13,106286,906845,948114,3029827,762629,0.798909
1229,1003871,3146917,921600,2225317,3.414623,14,120145,883726,994021,3146917,829167,0.791461
1230,1052785,3241236,921600,2319636,3.516966,14,136321,916464,1039672,3241236,917452,0.779389
1231,1052795,3250087,921600,2328487,3.526570,15,137827,914968,1044628,3250087,928425,0.777810
1232,1052787,3254437,921600,2332837,3.531290,15,138404,914383,1047418,3254437,935235,0.776776
1233,1051821,3257453,921600,2335853,3.534563,14,138538,913283,1048250,3257453,935547,0.776879
1234,1051821,3257881,921600,2336281,3.535027,13,138665,913156,1048940,3257881,937879,0.776470
1235,1051821,3259747,921600,2338147,3.537052,13,138753,913068,1049130,3259747,936773,0.776774
1236,1051813,3265016,921600,2343416,3.542769,14,138619,913194,1051745,3265016,941964,0.776095
1237,1051813,3262453,921600,2340853,3.539988,14,139189,912624,1052886,3262453,949091,0.774645
1238,1051813,3073272,921600,2151672,3.334714,13,139970,911843,1006553,3073272,952940,0.763316
1239,1051813,2960412,921599,2038813,3.212256,14,140422,911391,980721,2960412,962472,0.754652
1240,1051006,3000465,921600,2078865,3.255713,14,140629,910377,991767,3000465,966603,0.756343
1241,1051006,3039332,921600,2117732,3.297886,14,139719,911287,1001024,3039332,964764,0.759056
1242,1049590,3074682,921600,2153082,3.336243,14,138988,910602,1011284,3074682,970454,0.760094
1243,1049590,3107869,921600,2186269,3.372254,14,138158,911432,1018174,3107869,964827,0.763099
1244,999201,3132275,921600,2210675,3.398736,15,137694,861507,1025015,3132275,967785,0.763958
1245,993615,3143486,921600,2221886,3.410901,15,136736,856879,1028232,3143486,969442,0.764294
1246,993615,3164264,921600,2242664,3.433446,15,135770,857845,1031215,3164264,960596,0.767120
1247,993615,3169811,921600,2248211,3.439465,15,135087,858528,1032467,3169811,960057,0.767533
1248,993615,3172800,921600,2251200,3.442708,14,134162,859453,1030598,3172800,949592,0.769650
1249,993615,3175111,921600,2253511,3.445216,15,133091,860524,1029998,3175111,944881,0.770660
1250,993615,3182563,921600,2260963,3.453302,14,131990,861625,1029035,3182563,933577,0.773191
1251,993615,3201492,921600,2279892,3.473841,15,132577,861038,1034183,3201492,935240,0.773918
1252,993615,3226342,921600,2304742,3.500805,14,133267,860348,1041329,3226342,938974,0.774573
1253,993615,3244914,921600,2323314,3.520957,14,133431,860184,1044825,3244914,934386,0.776425
1254,993615,3262145,921600,2340545,3.539654,14,133755,859860,1049299,3262145,935051,0.777220
1255,993615,3283580,921600,2361980,3.562912,14,134320,859295,1053549,3283580,930616,0.779171
1256,995290,3302383,921600,2380783,3.583315,13,134323,860967,1057029,3302383,925733,0.781053
1257,995290,3319205,921600,2397605,3.601568,13,134366,860924,1059102,3319205,917203,0.783495
1258,995290,3322194,921600,2400594,3.604811,13,134246,861044,1059114,3322194,914262,0.784192
1259,990183,3329867,921600,2408267,3.613137,15,134132,856051,1058950,3329867,905933,0.786125
1260,990183,3326206,921600,2404606,3.609164,13,134236,855947,1056066,3326206,898058,0.787405
1261,989815,3332472,921600,2410872,3.615964,13,137203,852612,1058857,3332472,902956,0.786809
1262,961997,3361651,921600,2440051,3.647625,14,139439,822558,1068038,3361651,910501,0.786875
1263,961997,3368527,921600,2446927,3.655086,14,141006,820991,1071863,3368527,918925,0.785671
1264,931422,3375226,921600,2453626,3.662355,15,141982,789440,1075920,3375226,928454,0.784265
1265,975477,3380782,921599,2459183,3.668387,14,143185,832292,1080658,3380782,941850,0.782112
1266,975469,3383414,921598,2461816,3.671247,13,144333,831136,1083173,3383414,949278,0.780903
1267,975537,3382371,921600,2460771,3.670107,13,145153,830384,1084626,3382371,956133,0.779617
1268,975897,3372894,921600,2451294,3.659824,14,146849,829048,1083603,3372894,961518,0.778166
1269,975897,3359108,921600,2437508,3.644865,14,148382,827515,1083116,3359108,973356,0.775334
1270,975941,3355687,921600,2434087,3.641153,13,150101,825840,1083611,3355687,978757,0.774191
1271,970047,3313325,921600,2391725,3.595188,14,148490,821557,1070246,3313325,967659,0.773963
1272,970039,3290621,921600,2369021,3.570552,13,147121,822918,1062875,3290621,960879,0.773991
1273,970039,3291253,921600,2369653,3.571238,13,145642,824397,1063260,3291253,961787,0.773859
1274,968460,3296362,921600,2374762,3.576782,13,144457,824003,1065058,3296362,963870,0.773752
1275,968456,3263104,921599,2341505,3.540698,13,142894,825562,1057038,3263104,965048,0.771757
1276,930076,3282931,921600,2361331,3.562208,13,141445,788631,1062311,3282931,966313,0.772592
1277,919216,3210971,921600,2289371,3.484127,13,139313,779903,1044603,3210971,967441,0.768467
1278,919216,3239791,921600,2318191,3.515398,14,137293,781923,1050673,3239791,962901,0.770885
1279,868827,3200844,921600,2279244,3.473138,14,135194,733633,1039759,3200844,958192,0.769612
1280,865868,3218283,921600,2296683,3.492061,14,132645,733223,1042807,3218283,952945,0.771543
1281,865868,3214377,921600,2292777,3.487822,14,131412,734456,1039328,3214377,942935,0.773186
1282,865868,3206326,921600,2284726,3.479086,13,129306,736562,1033270,3206326,926754,0.775772
1283,808455,3206587,921600,2284987,3.479370,13,127418,681037,1029371,3206587,910897,0.778773
1284,796402,3210408,921600,2288808,3.483516,13,126123,670279,1027654,3210408,900208,0.781004
1285,796394,3203175,921600,2281575,3.475667,13,124566,671828,1021930,3203175,884545,0.783609
1286,755186,3196139,921600,2274539,3.468033,12,123177,632009,1016576,3196139,870165,0.786006
1287,755186,3187394,921600,2265794,3.458544,12,122206,632980,1012156,3187394,861230,0.787278
1288,755184,3167045,921600,2245445,3.436464,12,120863,634321,1002323,3167045,842247,0.789926
1289,749357,3138941,921600,2217341,3.405969,12,119373,629984,992748,3138941,832051,0.790468
1290,749357,3121747,921600,2200147,3.387312,12,118504,630853,986920,3121747,825933,0.790780
1291,781712,3189155,921600,2267555,3.460455,12,122537,659175,1010847,3189155,854233,0.788733
1292,844579,3296423,921600,2374823,3.576848,12,128658,715921,1050709,3296423,906413,0.784333
1293,880203,3368788,921600,2447188,3.655369,12,140645,739558,1089179,3368788,987928,0.773240
1294,880650,3329600,921599,2408001,3.612851,12,146406,734244,1084342,3329600,1007768,0.767654
1295,894643,3337692,921600,2416092,3.621628,13,135988,758655,1074841,3337692,961672,0.776322
1296,1008759,3389407,921600,2467807,3.677742,12,137482,871277,1092806,3389407,981817,0.775391
1297,1009131,3447344,921600,2525744,3.740608,12,146188,862943,1120697,3447344,1035444,0.769018
1298,1066546,3514180,921600,2592580,3.813129,13,151338,915208,1143710,3514180,1060660,0.768154
1299,1072186,3585316,921600,2663716,3.890317,14,154203,917983,1166139,3585316,1079240,0.768630
1300,1066330,3673037,921600,2751437,3.985500,15,150542,915788,1184772,3673037,1066051,0.775051
1301,1066330,3739047,921600,2817447,4.057126,14,148446,917884,1198224,3739047,1053849,0.780123
1302,1066330,3785854,921600,2864254,4.107914,13,143391,922939,1201506,3785854,1020170,0.787731
1303,1036837,3828112,921600,2906512,4.153767,14,142524,894313,1211268,3828112,1016960,0.790104
1304,1030435,3896092,921600,2974492,4.227530,12,140998,889437,1228303,3896092,1017120,0.792983
1305,1036313,3984712,921600,3063112,4.323689,12,137308,899005,1246636,3984712,1001832,0.799093
1306,1122525,4088691,921600,3167091,4.436514,12,133485,989040,1269292,4088691,988477,0.805309
1307,1128481,4122961,921600,3201361,4.473699,14,133666,994815,1276992,4122961,985007,0.807163
1308,1129451,4157801,921600,3236201,4.511503,14,136588,992863,1288110,4157801,994639,0.806958
1309,1129825,4222572,921600,3300972,4.581784,15,141627,988198,1310485,4222572,1019368,0.805536
1310,1130193,4204334,921600,3282734,4.561994,12,145533,984660,1308395,4204334,1029246,0.803338
1311,1129457,4146457,921598,3224859,4.499204,11,142196,987261,1288549,4146457,1007739,0.804482
1312,1129449,4071980,921599,3150381,4.418386,12,138887,990562,1265346,4071980,989404,0.804519
1313,1129441,3973540,921600,3051940,4.311567,11,135985,993456,1236331,3973540,971784,0.803494
1314,1129441,3803903,921600,2882303,4.127499,11,132539,996902,1188583,3803903,950429,0.800092
1315,1126949,3500510,921600,2578910,3.798296,10,129220,997729,1105696,3500510,922274,0.791472
1316,1126949,3104008,921600,2182408,3.368064,10,125377,1001572,1000227,3104008,896900,0.775826
1317,1117814,3038873,921599,2117274,3.297392,11,122196,995618,979217,3038873,877995,0.775843
1318,1117814,2982011,921600,2060411,3.235689,10,117982,999832,959136,2982011,854533,0.777265
1319,1111964,2971086,921600,2049486,3.223835,10,114606,997358,952773,2971086,840006,0.779589
1320,1061215,2969088,921600,2047488,3.221667,11,112159,949056,950235,2969088,831852,0.781146
1321,1061215,2966906,921600,2045306,3.219299,11,109393,951822,947820,2966906,824374,0.782561
1322,1060315,2966101,921600,2044501,3.218426,10,106794,953521,945185,2966101,814639,0.784529
1323,963645,2966295,921600,2044695,3.218636,11,104786,858859,945365,2966295,815165,0.784431
1324,898586,2966998,921600,2045398,3.219399,11,102906,795680,943647,2966998,807590,0.786046
1325,887360,2966267,921600,2044667,3.218606,10,101269,786091,944040,2966267,809893,0.785525
1326,844014,2964090,921600,2042490,3.216243,10,99980,744034,941580,2964090,802230,0.786999
1327,844012,2954495,921600,2032895,3.205832,10,98318,745694,937259,2954495,794541,0.788068
1328,788130,2941970,921600,2020370,3.192242,10,97254,690876,932516,2941970,788094,0.788718
1329,788130,2936921,921600,2015321,3.186763,9,96659,691471,930039,2936921,783235,0.789462
1330,671208,2937618,921600,2016018,3.187520,9,95810,575398,928549,2937618,776578,0.790916
1331,669533,2936902,921600,2015302,3.186743,9,94738,574795,926791,2936902,770262,0.792223
1332,661639,2936135,921600,2014535,3.185910,9,93182,568457,926159,2936135,768501,0.792557
1333,661271,2941156,921600,2019556,3.191359,10,92201,569070,925830,2941156,762164,0.794194
1334,661193,2949835,921600,2028235,3.200776,9,91141,570052,926561,2949835,756409,0.795910
1335,661193,2960920,921600,2039320,3.212804,10,89193,572000,927508,2960920,749112,0.798085
1336,661193,2979341,921600,2057741,3.232792,9,87094,574099,929630,2979341,739179,0.801217
1337,655083,3002388,921600,2080788,3.257799,10,85580,569503,934278,3002388,734724,0.803398
1338,649273,3023081,921600,2101481,3.280253,13,82493,566780,935752,3023081,719927,0.807661
1339,649273,3044076,921600,2122476,3.303034,13,78495,570778,936637,3044076,702472,0.812502
1340,649273,3070823,921600,2149223,3.332056,10,75520,573753,939457,3070823,687005,0.817180
1341,564671,3081172,921600,2159572,3.343286,10,73961,490710,938661,3081172,673472,0.820630
1342,535791,3084015,921600,2162415,3.346370,10,72969,462822,938250,3084015,668985,0.821747
1343,524163,3089874,921600,2168274,3.352728,11,71498,452665,939629,3089874,668642,0.822099
1344,447524,3101448,921600,2179848,3.365286,11,70415,377109,943618,3101448,673024,0.821691
1345,447516,3116695,921600,2195095,3.381831,10,69861,377655,950213,3116695,684157,0.819999
1346,442632,3136178,921600,2214578,3.402971,11,69054,373578,956829,3136178,691138,0.819420
1347,441159,3149374,921600,2227774,3.417289,12,66630,374529,959962,3149374,690474,0.820182
1348,368689,3141619,921600,2220019,3.408875,10,63552,305137,955647,3141619,680969,0.821857
1349,368687,3166090,921600,2244490,3.435428,9,60625,308062,957043,3166090,662082,0.827050
1350,337008,3296093,921600,2374493,3.576490,10,57648,279360,984009,3296093,639943,0.837414
1351,365680,3807992,921600,2886392,4.131936,13,56267,309413,1110132,3807992,632536,0.857554
1352,365680,4257326,921600,3335726,4.619494,12,54630,311050,1217635,4257326,613214,0.874097
1353,438433,4603778,921600,3682178,4.995419,12,53005,385428,1297425,4603778,585922,0.887099
1354,414493,4650563,921600,3728963,5.046184,11,51802,362691,1308143,4650563,582009,0.888772
1355,413519,4500365,921600,3578765,4.883209,11,51411,362108,1268297,4500365,572823,0.887088
1356,413519,4405487,921600,3483887,4.780259,11,51386,362133,1245406,4405487,576137,0.884348
1357,413435,4380425,921600,3458825,4.753065,11,50862,362573,1242973,4380425,591467,0.881038
1358,363036,4391125,921600,3469525,4.764676,11,50682,312354,1253426,4391125,622579,0.875825
1359,363036,4275256,921600,3353656,4.638950,11,50838,312198,1229062,4275256,640992,0.869618
1360,336008,4128524,921600,3206924,4.479735,11,50082,285926,1193570,4128524,645756,0.864743
1361,333411,4030832,921600,3109232,4.373733,12,44497,288914,1161084,4030832,613504,0.867903
1362,333427,3894274,921600,2972674,4.225558,12,39222,294205,1121649,3894274,592322,0.867980
1363,328525,3757665,921600,2836065,4.077327,10,34714,293811,1079046,3757665,558519,0.870599
1364,327679,3627057,921600,2705457,3.935609,10,30735,296944,1037121,3627057,521427,0.874309
1365,325950,3500718,921600,2579118,3.798522,9,27261,298689,996895,3500718,486862,0.877905
1366,327625,3399652,921600,2478052,3.688859,10,24130,303495,963912,3399652,455996,0.881733
1367,378489,3313735,921600,2392135,3.595633,13,21342,357147,934639,3313735,424821,0.886368
1368,406307,3243564,921600,2321964,3.519492,10,18789,387518,911440,3243564,402196,0.889681
1369,360081,3180523,921600,2258923,3.451088,11,16458,343623,889841,3180523,378841,0.893565
1370,354223,3124475,921600,2202875,3.390272,10,15096,339127,871862,3124475,362973,0.895920
1371,347977,3093057,921600,2171457,3.356182,10,14066,333911,861210,3093057,351783,0.897881
1372,349441,3075162,921600,2153562,3.336764,10,12394,337047,853728,3075162,339750,0.900510
1373,366275,3063381,921600,2141781,3.323981,9,10591,355684,844594,3063381,314995,0.906761
1374,443717,3043630,921600,2122030,3.302550,10,9101,434616,833849,3043630,291766,0.912524
1375,415899,2996035,921600,2074435,3.250906,11,8271,407628,816481,2996035,269889,0.917362
1376,418091,2914538,921600,1992938,3.162476,10,7836,410255,792703,2914538,256274,0.919177
1377,482961,2839560,921599,1917961,3.081123,11,7991,474970,772042,2839560,248608,0.919497
1378,482961,2768200,921600,1846600,3.003689,12,8005,474956,753374,2768200,245296,0.918601
1379,410593,2694425,921600,1772825,2.923638,12,7834,402759,734381,2694425,243099,0.917244
1380,403837,2623884,921600,1702284,2.847096,11,7612,396225,716805,2623884,243336,0.915132
1381,346587,2554374,921600,1632774,2.771673,10,7745,338842,701054,2554374,249842,0.910905
1382,318759,2484690,921600,1563090,2.696061,10,7418,311341,686723,2484690,262202,0.904546
1383,213305,2408713,921600,1487113,2.613621,10,7556,205749,671142,2408713,275855,0.897244
1384,209710,2325868,921600,1404268,2.523728,11,7910,201800,653579,2325868,288448,0.889666
1385,208035,2255702,921600,1334102,2.447593,11,8296,199739,637499,2255702,294294,0.884590
1386,207975,2192797,921600,1271197,2.379337,10,8109,199866,618290,2192797,280363,0.886638
1387,207975,2136724,921600,1215124,2.318494,10,7615,200360,597221,2136724,252160,0.894444
1388,207975,2102757,921599,1181158,2.281640,10,7172,200803,579567,2102757,215511,0.907038
1389,207596,2086957,921600,1165357,2.264493,9,6493,201103,568636,2086957,187587,0.917528
1390,207536,2089154,921599,1167555,2.266880,10,5944,201592,564629,2089154,169362,0.925012
1391,178696,2091457,921600,1169857,2.269376,7,6026,172670,563731,2091457,163467,0.927507
1392,121982,2128953,921600,1207353,2.310062,7,5524,116458,567905,2128953,142667,0.937196
1393,121922,2167475,921600,1245875,2.351861,6,5192,116730,574207,2167475,129353,0.943682
1394,121922,2187858,921600,1266258,2.373978,6,4935,116987,574860,2187858,111582,0.951474
1395,121922,2197255,921600,1275655,2.384174,6,4585,117337,574020,2197255,98825,0.956959
1396,93427,2197093,921600,1275493,2.383998,6,4033,89394,569949,2197093,82703,0.963724
1397,155905,2161921,921600,1240321,2.345834,5,3248,152657,557073,2161921,66371,0.970214
1398,155911,2151098,921600,1229498,2.334091,5,2024,153887,548446,2151098,42686,0.980542
1399,155911,2122772,921600,1201172,2.303355,5,848,155063,535855,2122772,20648,0.990367
1400,137613,2084315,921600,1162715,2.261627,4,437,137176,524416,2084315,13349,0.993636
1401,154447,2143490,921600,1221890,2.325836,5,612,153835,540363,2143490,17962,0.991690
1402,155911,2220853,921600,1299253,2.409780,6,798,155113,561512,2220853,25195,0.988783
1403,187102,2284736,921600,1363136,2.479097,7,1002,186100,579474,2284736,33160,0.985694
1404,188898,2322686,921600,1401086,2.520276,7,1271,187627,591255,2322686,42334,0.982100
1405,188952,2338817,921600,1417217,2.537779,7,1574,187378,596864,2338817,48639,0.979627
1406,237831,2372255,921600,1450655,2.574061,8,3411,234420,609669,2372255,66421,0.972763
1407,309463,2441685,921600,1520085,2.649398,12,11195,298268,640580,2441685,120635,0.952920
1408,311133,2527162,921600,1605562,2.742146,12,17814,293319,675730,2527162,175758,0.934975
1409,444057,2609064,921600,1687464,2.831016,14,25728,418329,712080,2609064,239256,0.916001
1410,471877,2680432,921600,1758832,2.908455,15,34602,437275,747719,2680432,310444,0.896203
1411,474824,2725667,921600,1804067,2.957538,17,38723,436101,768226,2725667,347237,0.887000
1412,476553,2748259,921600,1826659,2.982052,19,43344,433209,782805,2748259,382961,0.877696
1413,484285,2761773,921600,1840173,2.996715,17,47021,437264,794109,2761773,414663,0.869457
1414,517655,2788514,921600,1866914,3.025731,11,50837,466818,810042,2788514,451654,0.860608
1415,477833,2845134,921600,1923534,3.087168,12,58963,418870,838642,2845134,509434,0.848137
1416,502754,2925885,921599,2004286,3.174792,12,68216,434538,873100,2925885,566515,0.837786
1417,581178,3016377,921600,2094777,3.272979,13,77801,503377,908073,3016377,615915,0.830434
1418,613335,3113233,921600,2191633,3.378074,13,90884,522451,946118,3113233,671239,0.822633
1419,620989,3212657,921600,2291057,3.485956,13,101039,519950,981691,3212657,714107,0.818144
1420,682510,3307590,921600,2385990,3.588965,13,112698,569812,1017479,3307590,762326,0.812692
1421,706836,3390199,921600,2468599,3.678601,13,126429,580407,1054417,3390199,827469,0.803809
1422,886111,3452262,921600,2530662,3.745944,13,138722,747389,1084490,3452262,885698,0.795826
1423,886560,3493598,921600,2571998,3.790796,13,150669,735891,1110479,3493598,948318,0.786507
1424,893634,3519703,921600,2598103,3.819122,14,163213,730421,1133529,3519703,1014413,0.776271
1425,928082,3554801,921600,2633201,3.857206,13,174312,753770,1157402,3554801,1074807,0.767841
1426,1049768,3616983,921600,2695383,3.924678,14,185686,864082,1187726,3616983,1133921,0.761325
1427,1139745,3678657,921600,2757057,3.991598,14,190579,949166,1210424,3678657,1163039,0.759787
1428,1257658,3733581,921600,2811981,4.051195,14,194736,1062922,1229483,3733581,1184351,0.759177
1429,1370792,3766413,921600,2844813,4.086820,15,200503,1170289,1246343,3766413,1218959,0.755493
1430,1403555,3788458,921600,2866858,4.110740,14,207639,1195916,1261257,3788458,1256570,0.750929
1431,1453940,3782664,921599,2861065,4.104458,15,207830,1246110,1257246,3782664,1246320,0.752173
1432,1458320,3775082,921600,2853482,4.096226,15,208196,1250124,1254472,3775082,1242806,0.752325
1433,1494266,3766250,921600,2844650,4.086643,15,208594,1285672,1251526,3766250,1239854,0.752332
1434,1494758,3751924,921600,2830324,4.071098,15,208711,1286047,1246952,3751924,1235884,0.752219
1435,1552171,3729466,921580,2807886,4.046817,14,208293,1343878,1240891,3729466,1234098,0.751369
1436,1552539,3706015,920025,2785990,4.028168,15,208050,1344489,1235529,3706015,1236101,0.749884
1437,1619082,3701402,920436,2780966,4.021357,16,208038,1411044,1234188,3701402,1235350,0.749765
1438,1619088,3697655,920770,2776885,4.015829,17,207512,1411576,1233297,3697655,1235533,0.749547
1439,1619088,3681658,921053,2760605,3.997227,17,207028,1412060,1227695,3681658,1229122,0.749709
1440,1625088,3658374,921267,2737107,3.971025,17,207323,1417765,1221418,3658374,1227298,0.748796
1441,1653024,3626545,921417,2705128,3.935835,16,209823,1443201,1216903,3626545,1241067,0.745036
1442,1698454,3589261,921495,2667766,3.895041,16,212524,1485930,1211212,3589261,1255587,0.740841
1443,1727034,3550020,921492,2628528,3.852470,16,215763,1511271,1205509,3550020,1272016,0.736208
1444,1728681,3505877,921508,2584369,3.804500,16,217503,1511178,1198064,3505877,1286379,0.731571
1445,1704730,3456679,921538,2535141,3.750989,15,219512,1485218,1189496,3456679,1301305,0.726501
1446,1704734,3405518,921560,2483958,3.695384,15,220431,1484303,1180225,3405518,1315382,0.721371
1447,1730819,3355335,921549,2433786,3.640973,17,220950,1509869,1170803,3355335,1327877,0.716460
1448,1742260,3399504,921560,2477944,3.688858,17,222844,1519416,1186353,3399504,1345908,0.716377
1449,1742266,3354062,921573,2432489,3.639497,16,224725,1517541,1180116,3354062,1366402,0.710537
1450,1742266,3446320,921594,2524726,3.739521,15,225117,1517149,1207864,3446320,1385136,0.713309
1451,1742266,3448194,921594,2526600,3.741554,17,225893,1516373,1208688,3448194,1386558,0.713210
1452,1748602,3445533,921592,2523941,3.738675,17,225691,1522911,1207190,3445533,1383227,0.713544
1453,1750421,3445296,921594,2523702,3.738410,18,225977,1524444,1207520,3445296,1384784,0.713300
1454,1861474,3645396,921600,2723796,3.955508,18,226922,1634552,1259643,3645396,1393176,0.723498
1455,1929524,3652676,921599,2731077,3.963411,16,228091,1701433,1264836,3652676,1406668,0.721966
1456,1996569,3656619,921600,2735019,3.967686,16,229677,1766892,1269124,3656619,1419877,0.720304
1457,2061239,3726205,921595,2804610,4.043213,17,231772,1829467,1290939,3726205,1437551,0.721607
1458,2061245,3726110,921597,2804513,4.043101,15,234230,1827015,1295255,3726110,1454910,0.719185
1459,2111634,3706298,921600,2784698,4.021591,15,236454,1875180,1293970,3706298,1469582,0.716071
1460,2111634,3685753,921600,2764153,3.999298,16,237946,1873688,1291476,3685753,1480151,0.713477
1461,2061245,3620913,921598,2699315,3.928951,16,236839,1824406,1276953,3620913,1486899,0.708897
1462,2061245,3566518,921599,2644919,3.869924,18,236341,1824904,1264919,3566518,1493158,0.704891
1463,2061245,3520089,921598,2598491,3.819549,17,236526,1824719,1257495,3520089,1509891,0.699822
1464,2049796,3473433,921168,2552265,3.770684,19,238407,1811389,1251110,3473433,1531007,0.694070
1465,2043462,3423334,919001,2504333,3.725060,18,240461,1803001,1243614,3423334,1551122,0.688183
1466,2043460,3375710,915201,2460509,3.688490,17,242952,1800508,1237168,3375710,1572962,0.682145
1467,1981088,3330784,910019,2420765,3.660126,16,246814,1734274,1232166,3330784,1597880,0.675799
1468,1860771,3289315,903910,2385405,3.638985,18,250568,1610203,1228213,3289315,1623537,0.669533
1469,1853450,3238301,894439,2343862,3.620483,18,253843,1599607,1222372,3238301,1651187,0.662299
1470,1742877,3049210,878909,2170301,3.469313,19,253351,1489526,1174904,3049210,1650406,0.648821
1471,1717303,2914081,855857,2058224,3.404869,19,251457,1465846,1136256,2914081,1630943,0.641159
1472,1665286,2798764,828740,1970024,3.377132,20,246474,1418812,1097121,2798764,1589720,0.637752
1473,1545542,2681971,800225,1881746,3.351521,22,239842,1305700,1056681,2681971,1544753,0.634527
1474,1525918,2566801,771747,1795054,3.325962,20,233094,1292824,1015851,2566801,1496603,0.631687
1475,1525902,2451520,743713,1707807,3.296325,20,226033,1299869,974108,2451520,1444912,0.629170
1476,1397938,2336871,716120,1620751,3.263239,20,218912,1179026,933268,2336871,1396201,0.625991
1477,1380012,2220978,688903,1532075,3.223934,16,211298,1168714,891903,2220978,1346634,0.622539
1478,1231322,2105196,662052,1443144,3.179805,15,203720,1027602,849787,2105196,1293952,0.619330
1479,1144005,1988306,635489,1352817,3.128781,15,194737,949268,806469,1988306,1237570,0.616362
1480,1108670,1873886,609234,1264652,3.075807,15,186567,922103,764913,1873886,1185766,0.612451
1481,1194394,1963754,624673,1339081,3.143651,16,194690,999704,798706,1963754,1231070,0.614667
1482,1231330,2044400,640321,1404079,3.192774,21,204068,1027262,831382,2044400,1281128,0.614760
1483,1386346,2177408,656168,1521240,3.318370,22,211710,1174636,875882,2177408,1326120,0.621490
1484,1525864,2249047,672275,1576772,3.345427,22,218901,1306963,904349,2249047,1368349,0.621731
1485,1525902,2316565,688715,1627850,3.363605,21,225700,1300202,931613,2316565,1409887,0.621654
1486,1552822,2385561,705735,1679826,3.380250,21,233260,1319562,959161,2385561,1451083,0.621783
1487,1713317,2455433,723188,1732245,3.395290,21,239897,1473420,986585,2455433,1490907,0.622205
1488,1803313,2526412,740948,1785464,3.409702,20,246408,1556905,1014851,2526412,1532992,0.622360
1489,1900735,2615432,772048,1843384,3.387655,19,255855,1644880,1049892,2615432,1584136,0.622786
1490,1980641,2718074,790219,1927855,3.439646,19,264680,1715961,1087748,2718074,1632918,0.624702
1491,1988652,2742586,788981,1953605,3.476112,18,265917,1722735,1095112,2742586,1637862,0.626097
1492,2021606,2779574,787646,1991928,3.528964,19,266618,1754988,1104569,2779574,1638702,0.629108
1493,2021614,2769365,786206,1983159,3.522442,20,267590,1754024,1102687,2769365,1641383,0.627867
1494,2021982,2758987,784634,1974353,3.516273,20,268247,1753735,1100035,2758987,1641153,0.627023
1495,2049800,2747872,782928,1964944,3.509738,20,268915,1780885,1097467,2747872,1641996,0.625958
1496,2049802,2736607,781105,1955502,3.503507,20,269289,1780513,1094008,2736607,1639425,0.625363
1497,2049802,2725342,779158,1946184,3.497804,20,269600,1780202,1090570,2725342,1636938,0.624752
1498,2049802,2713969,777045,1936924,3.492679,23,270290,1779512,1087404,2713969,1635647,0.623956
1499,2088184,2702197,774810,1927387,3.487561,22,270874,1817310,1084440,2702197,1635563,0.622948
1500,2093291,2690613,772346,1918267,3.483689,20,271177,1822114,1080752,2690613,1632395,0.622394
1501,2099625,2674742,768661,1906081,3.479742,22,271891,1827734,1076001,2674742,1629262,0.621454
1502,2099633,2657657,764322,1893335,3.477143,23,272449,1827184,1070708,2657657,1625175,0.620537
1503,2101012,2648656,759332,1889324,3.488140,27,272459,1828553,1066018,2648656,1615416,0.621156
1504,2101012,2689997,753610,1936387,3.569482,25,272810,1828202,1075704,2689997,1612819,0.625171
1505,2151409,2670448,747055,1923393,3.574634,25,273013,1878396,1069202,2670448,1606360,0.624402
1506,2151409,2671772,739720,1932052,3.611869,24,273514,1877895,1069189,2671772,1604984,0.624719
1507,2151409,2651549,732270,1919279,3.620999,26,273529,1877880,1062991,2651549,1600415,0.623606
1508,2156997,2631846,725007,1906839,3.630097,21,274313,1882684,1056104,2631846,1592570,0.623008
1509,2156997,2674224,769035,1905189,3.477376,20,274986,1882011,1066282,2674224,1590904,0.626997
1510,2163165,2660347,766723,1893624,3.469763,19,275476,1887689,1062109,2660347,1588089,0.626194
1511,2164853,2671411,769941,1901470,3.469631,19,278451,1886402,1068053,2671411,1600801,0.625299
1512,2187876,2683098,773257,1909841,3.469866,18,280806,1907070,1073476,2683098,1610806,0.624862
1513,2193610,2695874,776595,1919279,3.471403,17,283069,1910541,1079019,2695874,1620202,0.624612
1514,2213870,2708757,779933,1928824,3.473064,18,285129,1928741,1084714,2708757,1630099,0.624302
1515,2298507,2722732,783286,1939446,3.476038,17,287689,2010818,1091018,2722732,1641340,0.623897
1516,2376302,2738659,786575,1952084,3.481752,18,289670,2086632,1097197,2738659,1650129,0.624013
1517,2381223,2754598,789801,1964797,3.487711,18,292231,2088992,1104190,2754598,1662162,0.623669
1518,2414893,2771422,792860,1978562,3.495475,18,294410,2120483,1111066,2771422,1672842,0.623595
1519,2421595,2787683,795628,1992055,3.503752,17,296788,2124807,1118885,2787683,1687857,0.622871
1520,2429152,2802803,797889,2004914,3.512773,18,298834,2130318,1125506,2802803,1699221,0.622565
1521,2429152,2805073,798962,2006111,3.510897,19,299447,2129705,1126763,2805073,1701979,0.622374
1522,2429152,2807128,799946,2007182,3.509147,18,300195,2128957,1127567,2807128,1703140,0.622386
1523,2456970,2808653,800811,2007842,3.507261,19,300562,2156408,1127907,2808653,1702975,0.622536
1524,2456970,2809981,801578,2008403,3.505562,19,300933,2156037,1128307,2809981,1703247,0.622610
1525,2507361,2811460,802222,2009238,3.504591,19,300922,2206439,1129017,2811460,1704608,0.622546
1526,2507361,2812838,802729,2010109,3.504094,19,301451,2205910,1129529,2812838,1705278,0.622569
1527,2547573,2813611,803091,2010520,3.503477,21,302095,2245478,1129318,2813611,1703661,0.622856
1528,2553907,2814746,803284,2011462,3.504048,20,303109,2250798,1130334,2814746,1706590,0.622547
1529,2553907,2815261,803338,2011923,3.504454,21,304010,2249897,1130194,2815261,1705515,0.622738
1530,2554273,2815992,803180,2012812,3.506053,22,304454,2249819,1131253,2815992,1709020,0.622317
1531,2592655,2822914,804430,2018484,3.509210,21,305737,2286918,1134090,2822914,1713446,0.622286
1532,2612035,2829825,805655,2024170,3.512453,22,307030,2305005,1137289,2829825,1719331,0.622055
1533,2612035,2836785,806799,2029986,3.516099,21,308503,2303532,1140384,2836785,1724751,0.621892
1534,2612035,2844031,807947,2036084,3.520071,20,309864,2302171,1143242,2844031,1728937,0.621922
1535,2613394,2850867,809028,2041839,3.523817,20,310647,2302747,1146674,2850867,1735829,0.621551
1536,2613394,2858545,810072,2048473,3.528754,20,311696,2301698,1149820,2858545,1740735,0.621520
1537,2616144,2866223,811078,2055145,3.533844,20,312817,2303327,1153233,2866223,1746709,0.621345
1538,2621738,2873953,812042,2061911,3.539168,20,313489,2308249,1155900,2873953,1749647,0.621583
1539,2621738,2882260,812966,2069294,3.545364,20,314639,2307099,1159418,2882260,1755412,0.621489
1540,2621738,2890633,813866,2076767,3.551731,20,315515,2306223,1163246,2890633,1762351,0.621243
1541,2661582,2899707,814694,2085013,3.559259,18,316981,2344601,1167373,2899707,1769785,0.620990
1542,2684012,2908553,815421,2093132,3.566934,18,318180,2365832,1171278,2908553,1776559,0.620808
1543,2684012,2916856,816070,2100786,3.574272,19,319233,2364779,1174410,2916856,1780784,0.620919
1544,2754418,2924807,816652,2108155,3.581461,20,320328,2434090,1178066,2924807,1787457,0.620680
1545,2756035,2932894,817155,2115739,3.589153,19,321486,2434549,1181857,2932894,1794534,0.620400
1546,2762658,2940430,817561,2122869,3.596588,19,322186,2440472,1184256,2940430,1796594,0.620734
1547,2765238,2947323,817894,2129429,3.603551,19,322972,2442266,1187354,2947323,1802093,0.620565
1548,2765242,2953884,818115,2135769,3.610598,19,323728,2441514,1189624,2953884,1804612,0.620760
1549,2768651,2960224,818274,2141950,3.617644,19,324655,2443996,1193193,2960224,1812548,0.620232
1550,2768651,2966437,818351,2148086,3.624896,19,325276,2443375,1195514,2966437,1815619,0.620327
1551,2819108,2972575,818331,2154244,3.632485,19,326160,2492948,1198347,2972575,1820813,0.620141
1552,2851988,2978596,818259,2160337,3.640163,19,327241,2524747,1201355,2978596,1826824,0.619841
1553,2874666,2983961,818131,2165830,3.647290,19,328091,2546575,1204319,2983961,1833315,0.619429
1554,2879773,2989157,817956,2171201,3.654423,19,328895,2550878,1206354,2989157,1836259,0.619461
1555,2879773,2994017,817718,2176299,3.661430,20,329857,2549916,1209082,2994017,1842311,0.619068
1556,2880133,2998122,817444,2180678,3.667679,19,330319,2549814,1210498,2998122,1843870,0.619192
1557,2880141,3002432,817108,2185324,3.674462,20,330986,2549155,1213835,3002432,1852908,0.618377
1558,2880201,3006479,816758,2189721,3.680991,19,331358,2548843,1215370,3006479,1855001,0.618429
1559,2882244,3010444,816357,2194087,3.687656,19,332131,2550113,1218165,3010444,1862216,0.617824
1560,2882244,3014660,815931,2198729,3.694749,19,333016,2549228,1220775,3014660,1868440,0.617366
1561,2885594,3018904,815461,2203443,3.702083,19,333914,2551680,1222920,3018904,1872776,0.617151
1562,2963805,3024153,814988,2209165,3.710672,19,335104,2628701,1225992,3024153,1879815,0.616675
1563,2966141,3030180,814464,2215716,3.720459,20,336687,2629454,1229723,3030180,1888712,0.616029
1564,2966177,3036452,813921,2222531,3.730647,20,338095,2628082,1233616,3036452,1898012,0.615356
1565,2966177,3043829,813341,2230488,3.742377,20,339516,2626661,1237569,3043829,1906447,0.614881
1566,2972931,3052683,812736,2239947,3.756057,21,341120,2631811,1242038,3052683,1915469,0.614450
1567,3011475,3062051,812103,2249948,3.770520,22,342862,2668613,1246567,3062051,1924217,0.614097
1568,3011475,3071895,811441,2260454,3.785728,23,343985,2667490,1251702,3071895,1934913,0.613544
1569,3030855,3082226,810753,2271473,3.801683,23,345539,2685316,1256358,3082226,1943206,0.613326
1570,3030855,3093117,810029,2283088,3.818526,24,347101,2683754,1261899,3093117,1954479,0.612790
1571,3030855,3103263,809284,2293979,3.834578,26,348193,2682662,1266513,3103263,1962789,0.612560
1572,3031892,3112900,808502,2304398,3.850207,26,349084,2682808,1271205,3112900,1971920,0.612195
1573,3031892,3120553,807691,2312862,3.863548,26,349355,2682537,1274597,3120553,1977835,0.612067
1574,3034292,3127878,806868,2321010,3.876567,25,350139,2684153,1278038,3127878,1984274,0.611852
1575,3048297,3134639,806014,2328625,3.889063,25,350362,2697935,1281229,3134639,1990277,0.611647
1576,3049037,3141172,805146,2336026,3.901369,29,350757,2698280,1284715,3141172,1997688,0.611259
1577,3049037,3145459,804260,2341199,3.910998,26,351109,2697928,1286217,3145459,1999409,0.611378
1578,3102526,3148613,803361,2345252,3.919300,30,351468,2751058,1288442,3148613,2005155,0.610934
1579,3102534,3150567,802441,2348126,3.926229,28,351611,2750923,1289358,3150567,2006865,0.610879
1580,3109279,3151409,801509,2349900,3.931845,30,351829,2757450,1290356,3151409,2010015,0.610570
1581,3108911,3133277,797392,2335885,3.929406,29,352676,2756235,1285500,3133277,2008723,0.609350
1582,3103630,3114015,793203,2320812,3.925874,28,353122,2750508,1279966,3114015,2005849,0.608222
1583,3103622,3093740,788818,2304922,3.921995,30,353406,2750216,1273403,3093740,1999872,0.607376
1584,3103622,3073234,784227,2289007,3.918807,28,353957,2749665,1267795,3073234,1997946,0.606020
1585,3103622,3051024,779464,2271560,3.914259,25,353918,2749704,1260365,3051024,1990436,0.605187
1586,3103622,3027955,774512,2253443,3.909500,26,353483,2750139,1252450,3027955,1981845,0.604406
1587,3101947,3004266,769399,2234867,3.904692,25,353533,2748414,1245433,3004266,1977466,0.603057
1588,3096361,2979018,763954,2215064,3.899473,27,352847,2743514,1236726,2979018,1967886,0.602198
1589,3050133,2953232,758199,2195033,3.895062,27,351837,2698296,1227366,2953232,1956232,0.601539
1590,3042147,2927130,752155,2174975,3.891658,28,350869,2691278,1218402,2927130,1946478,0.600608
1591,3042147,2896488,745543,2150945,3.885072,26,349285,2692862,1207379,2896488,1933028,0.599747
1592,3042145,2866545,738655,2127890,3.880763,22,347717,2694428,1197307,2866545,1922683,0.598540
1593,3042145,2836020,731512,2104508,3.876929,23,345755,2696390,1186446,2836020,1909764,0.597587
1594,3042137,2805540,724199,2081341,3.873990,24,343853,2698284,1175386,2805540,1896004,0.596727
1595,3021661,2774061,716710,2057351,3.870549,25,341514,2680147,1164005,2774061,1881959,0.595801
1596,3021661,2742619,709053,2033566,3.868003,25,339471,2682190,1152469,2742619,1867257,0.594944
1597,3021661,2711122,701294,2009828,3.865885,25,336830,2684831,1139897,2711122,1848466,0.594598
1598,3020785,2679755,693509,1986246,3.864052,24,334217,2686568,1127568,2679755,1830517,0.594145
1599,3020785,2648767,685674,1963093,3.863012,24,331665,2689120,1116613,2648767,1817685,0.593036
1600,3020785,2618060,677842,1940218,3.862346,24,329089,2691696,1104445,2618060,1799720,0.592619
1601,3020785,2614780,676868,1937912,3.863057,26,328848,2691937,1103270,2614780,1798300,0.592507
1602,3021881,2612362,675844,1936518,3.865333,25,328735,2693146,1102445,2612362,1797418,0.592402
1603,3021881,2609509,674838,1934671,3.866867,26,328250,2693631,1101170,2609509,1795171,0.592440
1604,3021891,2607806,673789,1934017,3.870360,26,328136,2693755,1100500,2607806,1794194,0.592414
1605,3021893,2605134,672755,1932379,3.872337,26,327683,2694210,1099465,2605134,1792726,0.592364
1606,3022769,2603386,671688,1931698,3.875886,26,327164,2695605,1098289,2603386,1789770,0.592600
1607,3022769,2600494,670623,1929871,3.877729,25,326461,2696308,1097150,2600494,1788106,0.592557
1608,3022769,2596969,669525,1927444,3.878823,25,325117,2697652,1094790,2596969,1782191,0.593029
1609,3022769,2593778,668436,1925342,3.880369,24,324459,2698310,1093061,2593778,1778466,0.593237
1610,3028355,2590582,667324,1923258,3.882045,23,323425,2704930,1091638,2590582,1775970,0.593279
1611,3028355,2594894,668371,1926523,3.882416,23,323070,2705285,1092179,2594894,1773822,0.593972
1612,3099244,2600030,669402,1930628,3.884109,24,322325,2776919,1092724,2600030,1770866,0.594851
1613,3099244,2604582,670423,1934159,3.884983,22,321511,2777733,1093069,2604582,1767694,0.595704
1614,3099244,2608919,671430,1937489,3.885616,22,320708,2778536,1093596,2608919,1765465,0.596408
1615,3100927,2614112,672427,1941685,3.887577,23,320908,2780019,1094693,2614112,1764660,0.596997
1616,3157118,2618160,673410,1944750,3.887914,23,320355,2836763,1095331,2618160,1763164,0.597573
1617,3164236,2621456,674372,1947084,3.887255,23,319571,2844665,1095233,2621456,1759476,0.598379
1618,3200040,2624194,675313,1948881,3.885893,23,318644,2881396,1094900,2624194,1755406,0.599186
1619,3200040,2626540,676254,1950286,3.883955,22,318067,2881973,1093973,2626540,1749352,0.600230
1620,3200042,2628654,677169,1951485,3.881829,22,317814,2882228,1094156,2628654,1747970,0.600612
1621,3200402,2629788,678046,1951742,3.878480,21,316936,2883466,1093677,2629788,1744920,0.601135
1622,3227440,2629881,678894,1950987,3.873773,22,316474,2910966,1092699,2629881,1740915,0.601694
1623,3227818,2628855,679741,1949114,3.867436,23,315472,2912346,1091489,2628855,1737101,0.602126
1624,3227826,2627081,680583,1946498,3.860045,21,314673,2913153,1089508,2627081,1730951,0.602814
1625,3227826,2624099,681402,1942697,3.851029,22,313529,2914297,1087522,2624099,1725989,0.603229
1626,3234528,2620701,682206,1938495,3.841510,23,312615,2921913,1084820,2620701,1718579,0.603948
1627,3284917,2616494,683033,1933461,3.830699,24,311591,2973326,1082206,2616494,1712330,0.604435
1628,3284919,2612196,683797,1928399,3.820134,27,310660,2974259,1080066,2612196,1708068,0.604638
1629,3284919,2607775,684569,1923206,3.809368,26,309747,2975172,1077435,2607775,1701965,0.605089
1630,3289809,2603232,685332,1917900,3.798498,25,308800,2981009,1074881,2603232,1696292,0.605470
1631,3289809,2598032,686089,1911943,3.786727,25,307784,2982025,1072132,2598032,1690496,0.605810
1632,3336454,2592456,686818,1905638,3.774589,26,306933,3029521,1069086,2592456,1683888,0.606232
1633,3336454,2586218,687553,1898665,3.761482,27,306079,3030375,1066294,2586218,1678958,0.606357
1634,3336454,2579530,688261,1891269,3.747895,30,304924,3031530,1062840,2579530,1671830,0.606754
1635,3336454,2573069,688974,1884095,3.734639,31,304356,3032098,1059555,2573069,1665151,0.607111
1636,3336454,2566379,689662,1876717,3.721213,32,303965,3032489,1056831,2566379,1660945,0.607093
1637,3337348,2559316,690353,1868963,3.707257,34,303105,3034243,1053626,2559316,1655188,0.607264
1638,3337348,2552179,691005,1861174,3.693431,35,302160,3035188,1050023,2552179,1647913,0.607648
1639,3339834,2545062,691664,1853398,3.679622,32,301989,3037845,1047361,2545062,1644382,0.607494
1640,3339834,2537517,692309,1845208,3.665295,34,301182,3038652,1044427,2537517,1640191,0.607395
1641,3339834,2533970,695958,1838012,3.640981,30,300894,3038940,1041514,2533970,1632086,0.608242
1642,3371794,2529571,699424,1830147,3.616649,33,300538,3071256,1039033,2529571,1626561,0.608636
1643,3371794,2523644,702714,1820930,3.591282,32,300109,3071685,1035472,2523644,1618244,0.609298
1644,3377382,2517455,705809,1811646,3.566765,29,299527,3077855,1032099,2517455,1610941,0.609790
1645,3388114,2511716,708717,1802999,3.544032,27,299576,3088538,1029916,2511716,1607948,0.609690
1646,3418090,2505914,711391,1794523,3.522555,27,298936,3119154,1026247,2505914,1599074,0.610456
1647,3418460,2500528,713915,1786613,3.502557,28,298499,3119961,1023032,2500528,1591600,0.611058
1648,3420237,2494606,716204,1778402,3.483094,28,297543,3122694,1020321,2494606,1586678,0.611231
1649,3459509,2489455,718287,1771168,3.465822,24,296889,3162620,1017035,2489455,1578685,0.611939
1650,3469275,2483834,720172,1763662,3.448946,24,295833,3173442,1014093,2483834,1572538,0.612329
1651,3469307,2480418,723007,1757411,3.430697,24,295054,3174253,1011312,2480418,1564830,0.613168
1652,3472776,2476666,725697,1750969,3.412810,25,294027,3178749,1008442,2476666,1557102,0.613983
1653,3472784,2472904,728223,1744681,3.395806,23,292684,3180100,1005531,2472904,1549220,0.614825
1654,3495818,2468908,730535,1738373,3.379589,26,291261,3204557,1002210,2468908,1539932,0.615866
1655,3495818,2464727,732598,1732129,3.364365,23,289527,3206291,998984,2464727,1531209,0.616808
1656,3495820,2460486,734472,1726014,3.350007,25,288004,3207816,995349,2460486,1520910,0.617996
1657,3495820,2456119,736143,1719976,3.336470,24,286242,3209578,992028,2456119,1511993,0.618964
1658,3495820,2450236,737672,1712564,3.321579,27,283928,3211892,987606,2450236,1500188,0.620246
1659,3496148,2443477,739052,1704425,3.306231,26,281258,3214890,982628,2443477,1487035,0.621669
1660,3496172,2437142,740339,1696803,3.291927,26,279075,3217097,977698,2437142,1473650,0.623184
1661,3499575,2428503,739736,1688767,3.282932,26,277580,3221995,973823,2428503,1466789,0.623446
1662,3544112,2419962,738971,1680991,3.274773,29,276220,3267892,970194,2419962,1460814,0.623577
1663,3544112,2411357,738002,1673355,3.267413,26,274631,3269481,965920,2411357,1452323,0.624109
1664,3566778,2402578,736834,1665744,3.260677,30,273001,3293777,961178,2402578,1442134,0.624905
1665,3572364,2393937,735487,1658450,3.254900,28,271994,3300370,957571,2393937,1436347,0.625002
1666,3572364,2384932,733953,1650979,3.249434,29,270346,3302018,953906,2384932,1430692,0.625044
1667,3572364,2375812,732220,1643592,3.244670,25,268461,3303903,949112,2375812,1420636,0.625799
1668,3572364,2366361,730419,1635942,3.239731,25,266759,3305605,944355,2366361,1411059,0.626449
1669,3572372,2356834,728567,1628267,3.234890,24,264931,3307441,939744,2356834,1402142,0.626988
1670,3572742,2347293,726677,1620616,3.230174,25,262918,3309824,935046,2347293,1392891,0.627588
1671,3572742,2336640,723437,1613203,3.229915,25,262049,3310693,930925,2336640,1387060,0.627505
1672,3572742,2325661,720167,1605494,3.229336,23,260708,3312034,926563,2325661,1380591,0.627497
1673,3572742,2314222,716821,1597401,3.228452,25,259590,3313152,922225,2314222,1374678,0.627347
1674,3572742,2303072,713563,1589509,3.227566,22,258581,3314161,917615,2303072,1367388,0.627461
1675,3572750,2291924,710217,1581707,3.227076,23,257712,3315038,913386,2291924,1361620,0.627315
1676,3572750,2280615,706862,1573753,3.226394,25,256534,3316216,908986,2280615,1355329,0.627242
1677,3572750,2269138,703471,1565667,3.225631,25,255116,3317634,903955,2269138,1346682,0.627558
1678,3572750,2257637,700065,1557572,3.224896,26,254126,3318624,899594,2257637,1340739,0.627404
1679,3572750,2245995,696640,1549355,3.224040,27,252701,3320049,894428,2245995,1331717,0.627774
1680,3572750,2235004,693191,1541813,3.224225,28,251624,3321126,889602,2235004,1323404,0.628091
1681,3572750,2224702,690570,1534132,3.221545,30,252841,3319909,887811,2224702,1326542,0.626457
1682,3572750,2214238,687985,1526253,3.218439,28,253503,3319247,884638,2214238,1324314,0.625747
1683,3572750,2205458,685434,1520024,3.217608,29,254337,3318413,883044,2205458,1326718,0.624391
1684,3572750,2197154,682697,1514457,3.218344,29,255853,3316897,882215,2197154,1331706,0.622624
1685,3572748,2188602,679912,1508690,3.218949,25,256964,3315784,880841,2188602,1334762,0.621168
1686,3572748,2179735,677088,1502647,3.219279,26,258006,3314742,879504,2179735,1338281,0.619592
1687,3572748,2170341,674161,1496180,3.219321,24,258673,3314075,876833,2170341,1336991,0.618801
1688,3572748,2160021,671098,1488923,3.218637,21,259251,3313497,874749,2160021,1338975,0.617326
1689,3572748,2148782,667851,1480931,3.217457,22,259503,3313245,871782,2148782,1338346,0.616204
1690,3572748,2137242,664418,1472824,3.216713,21,259342,3313406,868355,2137242,1336178,0.615313
1691,3572748,2126707,660274,1466433,3.220946,22,258785,3313963,864262,2126707,1330341,0.615180
1692,3572748,2116093,656114,1459979,3.225191,23,258057,3314691,860774,2116093,1327003,0.614590
1693,3572748,2104949,651927,1453022,3.228811,25,257231,3315517,856913,2104949,1322703,0.614108
1694,3572748,2094293,647723,1446570,3.233316,26,256705,3316043,853037,2094293,1317855,0.613776
1695,3572746,2083150,643520,1439630,3.237118,27,255622,3317124,848734,2083150,1311786,0.613605
1696,3572746,2072146,639335,1432811,3.241096,27,255119,3317627,844727,2072146,1306762,0.613259
1697,3572746,2060938,635170,1425768,3.244703,27,253932,3318814,840596,2060938,1301446,0.612940
1698,3572746,2049907,630979,1418928,3.248772,27,252825,3319921,836488,2049907,1296045,0.612653
1699,3578926,2038696,628305,1410391,3.244755,28,251956,3326970,831971,2038696,1289188,0.612610
1700,3578926,2027692,625896,1401796,3.239663,28,251214,3327712,827991,2027692,1284272,0.612233
1701,3578926,2024664,628486,1396178,3.221494,28,250283,3328643,826183,2024664,1280068,0.612656
1702,3578932,2022216,631199,1391017,3.203769,27,249803,3329129,824954,2022216,1277600,0.612827
1703,3578932,2019839,633087,1386752,3.190460,28,249207,3329725,823107,2019839,1272589,0.613480
1704,3578932,2017836,634176,1383660,3.181823,28,248472,3330460,822031,2017836,1270288,0.613674
1705,3578932,2016118,635145,1380973,3.174264,29,248262,3330670,820500,2016118,1265882,0.614296
1706,3578932,2014452,635799,1378653,3.168379,27,247705,3331227,819783,2014452,1264680,0.614325
1707,3578932,2012348,636115,1376233,3.163497,26,247176,3331756,818642,2012348,1262220,0.614538
1708,3578932,2010207,636069,1374138,3.160360,26,246778,3332154,817322,2010207,1259081,0.614876
1709,3578932,2007824,635737,1372087,3.158262,24,246116,3332816,816122,2007824,1256664,0.615050
1710,3578932,2005979,635029,1370950,3.158878,23,245883,3333049,815731,2005979,1256945,0.614780
1711,3598048,1998575,631633,1366942,3.164140,22,244981,3353067,812926,1998575,1253129,0.614624
1712,3598048,1990999,628175,1362824,3.169497,22,244025,3354023,809730,1990999,1247921,0.614711
1713,3598048,1983548,624672,1358876,3.175343,20,243296,3354752,807077,1983548,1244760,0.614423
1714,3598048,1976400,621127,1355273,3.181958,23,242394,3355654,803736,1976400,1238544,0.614754
1715,3598048,1969041,617527,1351514,3.188591,21,241683,3356365,801496,1969041,1236943,0.614177
1716,3598048,1964075,616324,1347751,3.186757,20,241379,3356669,800290,1964075,1237085,0.613551
1717,3598048,1959978,615760,1344218,3.183023,23,240663,3357385,798228,1959978,1232934,0.613853
1718,3598048,1955478,615163,1340315,3.178797,20,239773,3358275,795921,1955478,1228206,0.614219
1719,3598048,1951115,614522,1336593,3.175012,23,239106,3358942,793967,1951115,1224753,0.614356
1720,3628330,1946527,613813,1332714,3.171205,23,238534,3389796,791947,1946527,1221261,0.614475
1721,3628330,1942090,613215,1328875,3.167062,21,237754,3390576,790199,1942090,1218706,0.614431
1722,3628330,1937291,612602,1324689,3.162397,22,237095,3391235,787867,1937291,1214177,0.614727
1723,3628330,1932566,611984,1320582,3.157870,20,235994,3392336,785388,1932566,1208986,0.615163
1724,3628338,1927990,611334,1316656,3.153742,20,235399,3392939,783380,1927990,1205530,0.615279
1725,3628338,1922626,610680,1311946,3.148336,22,234243,3394095,780750,1922626,1200374,0.615634
1726,3628706,1918385,609987,1308398,3.144960,20,233766,3394940,778666,1918385,1196279,0.615920
1727,3628708,1913523,609270,1304253,3.140681,21,232893,3395815,776526,1913523,1192581,0.616052
1728,3628708,1908703,608517,1300186,3.136647,21,232108,3396600,774366,1908703,1188761,0.616215
1729,3628708,1903396,607746,1295650,3.131894,23,231011,3397697,771753,1903396,1183616,0.616582
1730,3628708,1898522,606996,1291526,3.127734,24,230280,3398428,769569,1898522,1179754,0.616748
1731,3628708,1893395,606437,1286958,3.122163,25,229788,3398920,767354,1893395,1176021,0.616858
1732,3628708,1887747,605883,1281864,3.115696,27,228746,3399962,764789,1887747,1171409,0.617081
1733,3631462,1881872,605266,1276606,3.109165,27,227853,3403609,762035,1881872,1166268,0.617384
1734,3631693,1876649,604623,1272026,3.103833,28,227217,3404476,759794,1876649,1162527,0.617486
1735,3631693,1870476,603943,1266533,3.097107,28,226064,3405629,756865,1870476,1156984,0.617837
1736,3631695,1864698,603198,1261500,3.091353,28,225328,3406367,754843,1864698,1154674,0.617578
1737,3654361,1858660,602452,1256208,3.085159,29,224722,3429639,752285,1858660,1150480,0.617671
1738,3654361,1852413,601621,1250792,3.079036,28,223902,3430459,749178,1852413,1144299,0.618148
1739,3654361,1846057,600787,1245270,3.072731,29,223132,3431229,747162,1846057,1142591,0.617690
1740,3657228,1840248,599925,1240323,3.067463,29,222861,3434367,745071,1840248,1140036,0.617474
1741,3657228,1833398,599342,1234056,3.059018,30,222013,3435215,741836,1833398,1133946,0.617858
1742,3658195,1826500,598605,1227895,3.051261,29,221064,3437131,739450,1826500,1131300,0.617520
1743,3658211,1819345,597715,1221630,3.043834,28,220377,3437834,736212,1819345,1125503,0.617806
1744,3658217,1812174,596481,1215693,3.038109,28,219308,3438909,733143,1812174,1120398,0.617947
1745,3658357,1804565,595107,1209458,3.032337,28,217881,3440476,730071,1804565,1115719,0.617942
1746,3664993,1797001,593565,1203436,3.027471,27,216591,3448402,726832,1797001,1110327,0.618094
1747,3665031,1788199,591824,1196375,3.021505,27,214815,3450216,722573,1788199,1102093,0.618691
1748,3665031,1779401,589923,1189478,3.016328,27,212850,3452181,718498,1779401,1094591,0.619139
1749,3747000,1769809,587807,1182002,3.010868,23,210710,3536290,713947,1769809,1085979,0.619727
1750,3747000,1760404,585506,1174898,3.006637,21,208905,3538095,709893,1760404,1079168,0.619954
1751,3747000,1750893,582674,1168219,3.004927,22,207852,3539148,706044,1750893,1073283,0.619966
1752,3747004,1741163,579848,1161315,3.002792,20,206403,3540601,701983,1741163,1066769,0.620087
1753,3747004,1731430,577006,1154424,3.000714,19,205428,3541576,698439,1731430,1062326,0.619750
1754,3747004,1721679,574075,1147604,2.999049,19,204461,3542543,695010,1721679,1058361,0.619300
1755,3747004,1711972,571196,1140776,2.997171,20,203801,3543203,691274,1711972,1053124,0.619137
1756,3747004,1701984,568321,1133663,2.994758,19,202648,3544356,687159,1701984,1046652,0.619210
1757,3747004,1692365,565436,1126929,2.993027,18,201390,3545614,683695,1692365,1042415,0.618830
1758,3747006,1682589,562536,1120053,2.991078,17,200706,3546300,679845,1682589,1036791,0.618740
1759,3747006,1672706,559645,1113061,2.988870,17,199496,3547510,676392,1672706,1032862,0.618246
1760,3747006,1662842,556739,1106103,2.986753,17,198556,3548450,672623,1662842,1027650,0.618044
1761,3747006,1653681,553975,1099706,2.985118,17,197290,3549716,668614,1653681,1020775,0.618324
1762,3747006,1644908,551276,1093632,2.983819,17,196393,3550613,665307,1644908,1016320,0.618101
1763,3747006,1635797,548511,1087286,2.982250,18,195818,3551188,662087,1635797,1012551,0.617667
1764,3747006,1626809,545801,1081008,2.980590,17,194824,3552182,658712,1626809,1008039,0.617420
1765,3747006,1617932,543118,1074814,2.978970,17,193877,3553129,655633,1617932,1004600,0.616935
1766,3747006,1608517,540441,1068076,2.976305,17,192745,3554261,651197,1608517,996271,0.617523
1767,3747006,1599629,537795,1061834,2.974421,17,191945,3555061,648437,1599629,994119,0.616725
1768,3747006,1590482,535148,1055334,2.972041,17,191062,3555944,645093,1590482,989890,0.616377
1769,3747008,1581468,532516,1048952,2.969804,16,190301,3556707,641522,1581468,984620,0.616295
1770,3747008,1572325,529895,1042430,2.967239,17,189306,3557702,638129,1572325,980191,0.615990
1771,3747008,1563418,527171,1036247,2.965675,16,189085,3557923,635228,1563418,977494,0.615298
1772,3747008,1554146,524430,1029716,2.963496,17,188744,3558264,631923,1554146,973546,0.614848
1773,3747008,1545221,521700,1023521,2.961896,17,188742,3558266,629383,1545221,972311,0.613784
1774,3747008,1536283,518953,1017330,2.960351,17,188460,3558548,626181,1536283,968441,0.613354
1775,3747008,1527484,516235,1011249,2.958893,18,188084,3558924,623195,1527484,965296,0.612763
1776,3747008,1518413,513473,1004940,2.957143,17,187667,3559341,620298,1518413,962779,0.611969
1777,3747008,1509576,510702,998874,2.955884,18,187536,3559472,617395,1509576,960004,0.611268
1778,3747008,1500839,507977,992862,2.954541,18,187051,3559957,614369,1500839,956637,0.610724
1779,3747008,1491832,505237,986595,2.952737,18,186727,3560281,611641,1491832,954732,0.609766
1780,3747008,1482575,502486,980089,2.950480,19,185903,3561105,607687,1482575,948173,0.609925
1781,3747008,1474349,499932,974417,2.949099,19,185867,3561141,605194,1474349,946427,0.609040
1782,3747008,1466169,497299,968870,2.948265,17,185370,3561638,602391,1466169,943395,0.608479
1783,3747008,1457700,494744,962956,2.946372,17,184828,3562180,599586,1457700,940644,0.607794
1784,3747008,1449111,492137,956974,2.944528,18,184312,3562696,596189,1449111,935645,0.607656
1785,3747008,1440963,489579,951384,2.943270,17,183800,3563208,593622,1440963,933525,0.606852
1786,3747008,1432844,486994,945850,2.942221,17,183313,3563695,590335,1432844,928496,0.606793
1787,3747010,1424441,484430,940011,2.940448,17,182781,3564229,587514,1424441,925615,0.606131
1788,3747010,1416443,481867,934576,2.939490,17,182186,3564824,584631,1416443,922081,0.605700
1789,3747010,1408204,479340,928864,2.937798,17,181661,3565349,581554,1408204,918012,0.605363
1790,3747010,1399833,476766,923067,2.936101,16,181072,3565938,578120,1399833,912647,0.605338
1791,3747010,1391810,474832,916978,2.931163,16,179502,3567508,574912,1391810,907838,0.605227
1792,3747010,1383521,472711,910810,2.926780,17,177665,3569345,571201,1383521,901283,0.605532
1793,3747012,1374398,470374,904024,2.921926,18,175364,3571648,566753,1374398,892614,0.606260
1794,3747012,1365141,467725,897416,2.918683,17,173133,3573879,562348,1365141,884251,0.606893
1795,3747012,1354996,464868,890128,2.914797,18,170729,3576283,557106,1354996,873428,0.608051
1796,3747014,1344872,461701,883171,2.912864,17,168302,3578712,552761,1344872,866172,0.608252
1797,3747014,1334040,458301,875739,2.910838,17,165631,3581383,547486,1334040,855904,0.609166
1798,3747014,1323287,454757,868530,2.909877,17,163149,3583865,541961,1323287,844557,0.610416
1799,3747016,1312624,451071,861553,2.910016,17,160463,3586553,536659,1312624,834012,0.611480
1800,3747016,1301744,447180,854564,2.911007,16,158001,3589015,531669,1301744,824932,0.612103
1801,3747016,1293939,444274,849665,2.912480,17,157099,3589917,528570,1293939,820341,0.612000
1802,3747016,1285125,441253,843872,2.912445,18,155608,3591408,524729,1285125,813791,0.612280
1803,3747018,1276702,438239,838463,2.913255,16,154380,3592638,521323,1276702,808590,0.612241
1804,3747018,1268487,435103,833384,2.915372,17,153172,3593846,517853,1268487,802925,0.612378
1805,3747012,1260105,432118,827987,2.916113,17,152079,3594933,514719,1260105,798771,0.612035
1806,3679006,1251875,429017,822858,2.918008,17,150814,3528192,511121,1251875,792609,0.612318
1807,3679006,1243326,425904,817422,2.919263,18,149408,3529598,507508,1243326,786706,0.612466
1808,3679006,1235087,422738,812349,2.921637,17,148387,3530619,504479,1235087,782829,0.612061
1809,3679006,1226479,419567,806912,2.923202,16,147135,3531871,500756,1226479,776545,0.612314
1810,3679006,1218096,416330,801766,2.925794,16,146048,3532958,496982,1218096,769832,0.612747
1811,3679006,1211887,414209,797678,2.925786,16,145821,3533185,495148,1211887,768705,0.611881
1812,3679006,1205727,412090,793637,2.925883,16,145509,3533497,493262,1205727,767321,0.611099
1813,3679006,1199742,409977,789765,2.926364,16,145063,3533943,490980,1199742,764178,0.610891
1814,3679006,1193711,407892,785819,2.926537,17,144933,3534073,489003,1193711,762301,0.610278
1815,3679006,1187717,405784,781933,2.926969,16,144884,3534122,487273,1187717,761375,0.609369
1816,3679006,1181616,403716,777900,2.926850,18,144322,3534684,484946,1181616,758168,0.609148
1817,3679006,1175790,401660,774130,2.927327,17,144155,3534851,483045,1175790,756390,0.608530
1818,3679006,1169773,399593,770180,2.927411,16,143766,3535240,480897,1169773,753815,0.608120
1819,3747012,1163913,397533,766380,2.927840,17,143549,3603463,479147,1163913,752675,0.607284
1820,3747012,1157847,395498,762349,2.927567,17,143201,3603811,476943,1157847,749925,0.606911
1821,3747012,1152151,393510,758641,2.927882,17,142871,3604141,474832,1152151,747177,0.606610
1822,3747012,1146235,391516,754719,2.927684,17,142533,3604479,473118,1146235,746237,0.605681
1823,3747018,1140538,389573,750965,2.927662,18,142158,3604860,471022,1140538,743550,0.605353
1824,3747018,1134816,387643,747173,2.927477,17,142059,3604959,468840,1134816,740544,0.605119
1825,3747018,1129206,385674,743532,2.927877,17,141750,3605268,467171,1129206,739478,0.604279
1826,3747018,1123643,383735,739908,2.928174,17,141579,3605439,465177,1123643,737065,0.603879
1827,3747018,1118191,381813,736378,2.928635,18,141263,3605755,463319,1118191,735085,0.603359
1828,3747018,1112433,379914,732519,2.928118,17,140986,3606032,461204,1112433,732383,0.603005
1829,3747018,1106847,377998,728849,2.928182,17,140723,3606295,459464,1106847,731009,0.602249
1830,3747018,1101548,376100,725448,2.928870,17,140434,3606584,457481,1101548,728376,0.601964
1831,3747018,1098415,375472,722943,2.925425,16,141337,3605681,457190,1098415,730345,0.600634
1832,3747018,1095510,374796,720714,2.922950,17,142471,3604547,457139,1095510,733046,0.599112
1833,3747018,1092391,374034,718357,2.920566,19,143435,3603583,456884,1092391,735145,0.597740
1834,3747018,1089122,373142,715980,2.918787,17,144657,3602361,456699,1089122,737674,0.596192
1835,3747018,1085291,372074,713217,2.916869,16,145330,3601688,456029,1085291,738825,0.594968
1836,3747018,1080879,370852,710027,2.914583,18,146062,3600956,455085,1080879,739461,0.593779
1837,3747018,1076634,369517,707117,2.913625,17,146527,3600491,453838,1076634,738718,0.593072
1838,3747018,1072380,368120,704260,2.913126,17,147139,3599879,453302,1072380,740828,0.591427
1839,3747018,1067546,366640,700906,2.911701,18,147430,3599588,451826,1067546,739758,0.590684
1840,3747018,1062933,365079,697854,2.911515,18,147996,3599022,450897,1062933,740655,0.589344
1841,3747018,1056829,363124,693705,2.910380,18,147278,3599740,448146,1056829,735755,0.589556
1842,3747018,1051193,361174,690019,2.910489,17,146898,3600120,446204,1051193,733623,0.588964
1843,3747018,1045216,359227,685989,2.909625,17,146294,3600724,443939,1045216,730540,0.588603
1844,3747018,1039486,357288,682198,2.909378,18,145868,3601150,442100,1039486,728914,0.587812
1845,3747018,1033789,355352,678437,2.909197,18,145191,3601827,439705,1033789,725031,0.587774
1846,3747018,1027868,353437,674431,2.908207,17,144660,3602358,437269,1027868,721208,0.587663
1847,3747018,1022335,351533,670802,2.908219,17,144072,3602946,435263,1022335,718717,0.587194
1848,3747018,1016621,349637,666984,2.907647,18,143663,3603355,433026,1016621,715483,0.586928
1849,3747018,1011081,347756,663325,2.907444,18,143084,3603934,430971,1011081,712803,0.586513
1850,3747018,1005590,345890,659700,2.907254,17,142408,3604610,429000,1005590,710410,0.586008
1851,3747018,1001931,344693,657238,2.906734,16,142551,3604467,427556,1001931,708293,0.585848
1852,3747018,997978,343467,654511,2.905601,16,142261,3604757,426123,997978,706514,0.585499
1853,3747018,993958,342189,651769,2.904705,17,142071,3604947,424963,993958,705894,0.584732
1854,3747018,989490,340857,648633,2.902948,17,141689,3605329,423493,989490,704482,0.584124
1855,3747018,985451,339504,645947,2.902620,18,141511,3605507,421705,985451,701369,0.584206
1856,3747018,980561,337958,642603,2.901429,16,140756,3606262,419830,980561,698759,0.583904
1857,3747018,975538,336319,639219,2.900633,16,140133,3606885,418078,975538,696774,0.583347
1858,3747018,970742,334691,636051,2.900413,18,139673,3607345,416026,970742,693362,0.583342
1859,3747018,966157,333095,633062,2.900545,17,139170,3607848,414443,966157,691615,0.582805
1860,3747018,961517,331513,630004,2.900390,16,138546,3608472,412512,961517,688531,0.582721
1861,3747018,960695,331392,629303,2.898969,16,138374,3608644,411974,960695,687201,0.582983
1862,3747018,960046,331272,628774,2.898060,17,138496,3608522,411978,960046,687866,0.582583
1863,3747018,959321,331148,628173,2.896955,18,138301,3608717,411539,959321,686835,0.582764
1864,3747018,958850,331016,627834,2.896688,18,138230,3608788,411378,958850,686662,0.582706
1865,3747018,958048,330895,627153,2.895323,18,138064,3608954,411036,958048,686096,0.582703
1866,3747018,957921,330726,627195,2.896419,17,138314,3608704,411093,957921,686451,0.582545
1867,3747018,957237,330555,626682,2.895848,17,138090,3608928,410788,957237,685915,0.582561
1868,3747018,956487,330368,626119,2.895217,18,138260,3608758,410613,956487,685965,0.582353
1869,3747018,955862,330189,625673,2.894894,16,137952,3609066,410185,955862,684878,0.582580
1870,3747018,955118,329981,625137,2.894464,16,137875,3609143,409860,955118,684322,0.582588
1871,3747018,956126,330229,625897,2.895342,16,138310,3608708,410618,956126,686346,0.582126
1872,3747018,957001,330509,626492,2.895537,16,138329,3608689,411029,957001,687115,0.582076
1873,3747018,957882,330716,627166,2.896388,17,138687,3608331,411555,957882,688338,0.581868
1874,3747016,958973,330955,628018,2.897593,15,138970,3608046,412089,958973,689383,0.581775
1875,3747016,959444,331182,628262,2.897029,16,138713,3608303,412084,959444,688892,0.582068
1876,3747016,960078,331346,628732,2.897509,16,138971,3608045,412301,960078,689126,0.582146
1877,3747016,960826,331526,629300,2.898192,16,139081,3607935,412346,960826,688558,0.582536
1878,3747016,962067,331698,630369,2.900431,15,139445,3607571,413256,962067,690957,0.582004
1879,3747014,963020,331836,631184,2.902096,17,139630,3607384,413654,963020,691596,0.582020
1880,3747014,963347,331974,631373,2.901875,16,139710,3607304,413811,963347,691897,0.581997
1881,3747014,966328,332901,633427,2.902749,15,140211,3606803,415213,966328,694524,0.581827
1882,3747014,969478,333809,635669,2.904290,18,140678,3606336,416652,969478,697130,0.581707
1883,3747014,972474,334707,637767,2.905449,15,141027,3605987,417736,972474,698470,0.581991
1884,3747014,975642,335635,640007,2.906854,16,141714,3605300,419210,975642,701198,0.581834
1885,3747014,978500,336556,641944,2.907391,16,141579,3605435,420400,978500,703100,0.581886
1886,3747012,981641,337474,644167,2.908790,17,142099,3604913,421462,981641,704207,0.582283
1887,3747012,984890,338369,646521,2.910698,16,142786,3604226,422942,984890,706878,0.582166
1888,3747012,987707,339315,648392,2.910885,17,143123,3603889,424125,987707,708793,0.582203
1889,3747012,990928,340191,650737,2.912858,16,143540,3603472,425492,990928,711040,0.582225
1890,3747012,994025,341118,652907,2.914021,15,143984,3603028,426633,994025,712507,0.582482
1891,3747012,997891,342240,655651,2.915764,16,144618,3602394,428418,997891,715781,0.582312
1892,3747012,1001751,343415,658336,2.917028,18,144920,3602092,429900,1001751,717849,0.582549
1893,3747012,1005797,344595,661202,2.918780,16,145871,3601141,431989,1005797,722159,0.582073
1894,3747010,1009921,345801,664120,2.920527,17,146308,3600702,433617,1009921,724547,0.582266
1895,3747010,1014116,347048,667068,2.922120,17,146937,3600073,435172,1014116,726572,0.582595
1896,3747010,1018162,348344,669818,2.922864,16,147482,3599528,437049,1018162,730034,0.582407
1897,3747010,1022622,349592,673030,2.925187,16,148360,3598650,438853,1022622,732790,0.582554
1898,3747010,1027101,350941,676160,2.926706,18,148901,3598109,440715,1027101,735759,0.582633
1899,3747010,1031338,352265,679073,2.927733,16,149439,3597571,442553,1031338,738874,0.582607
1900,3747010,1036057,353646,682411,2.929644,17,150005,3597005,444494,1036057,741919,0.582717
1901,3747010,1039295,354569,684726,2.931150,16,150353,3596657,445692,1039295,743473,0.582967
1902,3747008,1042637,355468,687169,2.933139,17,151005,3596003,447155,1042637,745983,0.582928
1903,3747008,1045782,356343,689439,2.934762,17,151338,3595670,448154,1045782,746834,0.583383
1904,3747008,1049015,357295,691720,2.935991,16,151803,3595205,449784,1049015,750121,0.583066
1905,3747008,1052351,358152,694199,2.938280,16,152201,3594807,450999,1052351,751645,0.583344
1906,3747008,1055597,359032,696565,2.940120,17,152625,3594383,452395,1055597,753983,0.583338
1907,3747008,1058821,359921,698900,2.941815,15,152931,3594077,453634,1058821,755715,0.583522
1908,3747006,1062130,360795,701335,2.943860,16,153536,3593470,454858,1062130,757302,0.583770
1909,3747006,1065307,361692,703615,2.945343,15,153801,3593205,456550,1065307,760893,0.583346
1910,3747006,1068828,362551,706277,2.948076,17,154638,3592368,458390,1068828,764732,0.582925
1911,3747006,1073704,364149,709555,2.948529,16,155075,3591931,459770,1073704,765376,0.583827
1912,3747006,1078728,365727,713001,2.949544,16,155887,3591119,461745,1078728,768252,0.584050
1913,3747006,1083804,367336,716468,2.950443,15,156593,3590413,463964,1083804,772052,0.583991
1914,3747006,1088748,368988,719760,2.950633,16,157140,3589866,466183,1088748,775984,0.583863
1915,3747006,1094136,370642,723494,2.952002,16,157826,3589180,468695,1094136,780644,0.583608
1916,3747006,1099245,372330,726915,2.952341,16,158617,3588389,470456,1099245,782579,0.584138
1917,3747006,1104878,374046,730832,2.953856,16,159564,3587442,473009,1104878,787158,0.583962
1918,3747006,1110109,375786,734323,2.954099,15,160239,3586767,475050,1110109,790091,0.584206
1919,3747006,1115630,377534,738096,2.955045,17,160831,3586175,477209,1115630,793206,0.584456
1920,3747006,1121364,379314,742050,2.956295,16,161669,3585337,479806,1121364,797860,0.584280
1921,3747006,1127621,381451,746170,2.956136,15,162619,3584387,482280,1127621,801499,0.584526
1922,3747006,1134042,383632,750410,2.956067,16,163192,3583814,484859,1134042,805394,0.584728
1923,3747006,1140549,385831,754718,2.956084,17,164087,3582919,487635,1140549,809991,0.584735
1924,3747006,1147182,388046,759136,2.956304,16,164980,3582026,490263,1147182,813870,0.584983
1925,3747006,1153977,390292,763685,2.956702,15,165850,3581156,492975,1153977,817923,0.585211
1926,3747006,1161355,392551,768804,2.958482,15,166995,3580011,496117,1161355,823113,0.585222
1927,3747008,1168119,394857,773262,2.958334,18,167810,3579198,498859,1168119,827317,0.585395
1928,3747008,1175107,397169,777938,2.958708,16,168672,3578336,501630,1175107,831413,0.585644
1929,3747008,1182007,399519,782488,2.958575,16,169461,3577547,504248,1182007,834985,0.586025
1930,3747008,1189242,401770,787472,2.960007,15,170395,3576613,507312,1189242,840006,0.586051
1931,3747008,1197017,404145,792872,2.961850,15,171339,3575669,510404,1197017,844599,0.586309
1932,3747008,1204597,406565,798032,2.962864,15,172168,3574840,513524,1204597,849499,0.586437
1933,3747006,1212113,408946,803167,2.963993,16,173149,3573857,516328,1212113,853199,0.586891
1934,3747006,1220077,411332,808745,2.966161,15,174079,3572927,519472,1220077,857811,0.587172
1935,3747006,1227740,413733,814007,2.967469,16,174717,3572289,522387,1227740,861808,0.587562
1936,3747006,1235715,416138,819577,2.969484,17,175852,3571154,525863,1235715,867737,0.587470
1937,3747006,1243552,418545,825007,2.971131,17,176717,3570289,528958,1243552,872280,0.587737
1938,3747006,1251565,420980,830585,2.972980,15,177614,3569392,532082,1251565,876763,0.588051
1939,3747006,1259842,423413,836429,2.975445,16,178653,3568353,535388,1259842,881710,0.588285
1940,3747006,1268039,425827,842212,2.977827,15,179540,3567466,538577,1268039,886269,0.588606
1941,3747004,1276396,428302,848094,2.980131,15,180976,3566028,542172,1276396,892292,0.588557
1942,3747004,1284386,430776,853610,2.981564,17,181359,3565645,545078,1284386,895926,0.589084
1943,3747004,1292871,433216,859655,2.984357,15,182317,3564687,548259,1292871,900165,0.589535
1944,3747004,1301312,435690,865622,2.986784,16,183421,3563583,551908,1301312,906320,0.589461
1945,3747004,1309756,438180,871576,2.989082,15,184410,3562594,555287,1309756,911392,0.589675
1946,3747004,1318171,440692,877479,2.991139,16,185194,3561810,558245,1318171,914809,0.590319
1947,3747004,1327226,443166,884060,2.994873,15,186522,3560482,561793,1327226,919946,0.590621
1948,3747004,1335786,445672,890114,2.997240,15,187278,3559726,565327,1335786,925522,0.590714
1949,3747004,1344458,448186,896272,2.999777,17,188221,3558783,568928,1344458,931254,0.590786
1950,3747002,1353271,450688,902583,3.002678,16,189330,3557672,572135,1353271,935269,0.591325
1951,3747002,1362285,453167,909118,3.006143,18,190373,3556629,576159,1362285,942351,0.591106
1952,3747002,1371359,455731,915628,3.009141,15,191332,3555670,579511,1371359,946685,0.591602
1953,3747002,1380460,458236,922224,3.012552,15,192428,3554574,583335,1380460,952880,0.591624
1954,3747002,1389456,460774,928682,3.015483,16,193460,3553542,586780,1389456,957664,0.591983
1955,3747002,1398622,463293,935329,3.018871,15,194728,3552274,590389,1398622,962934,0.592246
1956,3747002,1407659,465832,941827,3.021817,16,195688,3551314,593995,1407659,968321,0.592454
1957,3747002,1417268,468357,948911,3.026042,16,196870,3550132,597957,1417268,974560,0.592546
1958,3747000,1426380,470885,955495,3.029147,16,197905,3549095,601509,1426380,979656,0.592834
1959,3747000,1435775,473392,962383,3.032952,16,198970,3548030,605208,1435775,985057,0.593092
1960,3747000,1444926,475929,968997,3.036012,15,199854,3547146,608651,1444926,989678,0.593495
1961,3747000,1454293,478284,976009,3.040647,16,200867,3546133,612123,1454293,994199,0.593955
1962,3747000,1463874,480650,983224,3.045613,15,202308,3544692,616012,1463874,1000174,0.594093
1963,3747000,1473735,483005,990730,3.051180,16,203324,3543676,619732,1473735,1005193,0.594505
1964,3747000,1483329,485394,997935,3.055928,17,204577,3542423,623622,1483329,1011159,0.594643
1965,3746998,1492900,487742,1005158,3.060840,16,205344,3541654,627202,1492900,1015908,0.595063
1966,3746998,1502430,490099,1012331,3.065564,17,206506,3540492,631039,1502430,1021726,0.595221
1967,3746998,1512582,492458,1020124,3.071494,16,207860,3539138,634433,1512582,1025150,0.596037
1968,3746998,1522493,494811,1027682,3.076918,17,208922,3538076,638550,1522493,1031707,0.596074
1969,3746998,1532744,497161,1035583,3.082993,15,210043,3536955,642577,1532744,1037564,0.596327
1970,3746998,1543008,499514,1043494,3.089019,15,211524,3535474,646695,1543008,1043772,0.596498
1971,3746996,1552872,502067,1050805,3.092958,18,212514,3534482,650372,1552872,1048616,0.596917
1972,3746996,1562878,504626,1058252,3.097102,16,213557,3533439,653953,1562878,1052934,0.597473
1973,3746996,1573069,507151,1065918,3.101776,15,214499,3532497,657630,1573069,1057451,0.598007
1974,3746996,1583429,509771,1073658,3.106157,15,215643,3531353,661573,1583429,1062863,0.598358
1975,3746996,1593954,512390,1081564,3.110822,15,217073,3529923,665685,1593954,1068786,0.598614
1976,3746996,1604941,515141,1089800,3.115537,16,218102,3528894,669515,1604941,1073119,0.599292
1977,3746996,1615810,518052,1097758,3.119011,15,219401,3527595,674097,1615810,1080578,0.599250
1978,3746996,1626715,520999,1105716,3.122300,16,220417,3526579,678241,1626715,1086249,0.599608
1979,3746994,1637856,523968,1113888,3.125870,16,221526,3525468,681950,1637856,1089944,0.600431
1980,3746994,1649168,526934,1122234,3.129743,16,222792,3524202,686519,1649168,1096908,0.600554
1981,3746994,1660519,529952,1130567,3.133338,17,223858,3523136,690924,1660519,1103177,0.600833
1982,3746994,1672137,532962,1139175,3.137441,17,225042,3521952,695686,1672137,1110607,0.600895
1983,3746994,1684146,535984,1148162,3.142157,17,226531,3520463,700216,1684146,1116718,0.601295
1984,3746994,1695842,539038,1156804,3.146053,16,227663,3519331,704794,1695842,1123334,0.601538
1985,3746994,1707753,542080,1165673,3.150371,16,228901,3518093,709386,1707753,1129791,0.601842
1986,3746994,1719628,545141,1174487,3.154465,16,230218,3516776,713797,1719628,1135560,0.602282
1987,3746992,1731553,548157,1183396,3.158863,17,231326,3515666,717984,1731553,1140383,0.602922
1988,3746992,1744152,551207,1192945,3.164241,17,232749,3514243,723182,1744152,1148576,0.602944
1989,3746990,1756281,554240,1202041,3.168810,16,233881,3513109,727660,1756281,1154359,0.603400
1990,3746990,1768311,557287,1211024,3.173071,16,234672,3512318,731854,1768311,1159105,0.604052
1991,3746990,1780734,560293,1220441,3.178219,15,236174,3510816,736974,1780734,1167162,0.604069
1992,3746990,1793028,563301,1229727,3.183073,15,237401,3509589,741833,1793028,1174304,0.604256
1993,3746990,1805084,566205,1238879,3.188040,15,238282,3508708,745570,1805084,1177196,0.605270
1994,3746990,1817598,569289,1248309,3.192751,18,239470,3507520,750630,1817598,1184922,0.605357
1995,3746988,1830196,572304,1257892,3.197944,17,240632,3506356,755469,1830196,1191680,0.605649
1996,3746988,1842623,575336,1267287,3.202690,16,241801,3505187,760057,1842623,1197605,0.606081
1997,3746986,1855875,578381,1277494,3.208741,16,243077,3503909,764657,1855875,1202753,0.606767
1998,3746986,1868269,581417,1286852,3.213303,16,243901,3503085,769352,1868269,1209139,0.607092
1999,3746986,1881151,584453,1296698,3.218652,17,245273,3501713,774213,1881151,1215701,0.607440
2000,3746986,1894668,587559,1307109,3.224643,17,246530,3500456,779198,1894668,1222124,0.607890
2001,3746986,1907527,590642,1316885,3.229582,17,247173,3499813,783852,1907527,1227881,0.608382
2002,3746986,1921066,593725,1327341,3.235616,16,248392,3498594,789066,1921066,1235198,0.608652
2003,3746986,1934566,596871,1337695,3.241179,17,249817,3497169,793842,1934566,1240802,0.609242
2004,3746984,1948181,600005,1348176,3.246941,17,250931,3496053,799142,1948181,1248387,0.609460
2005,3746982,1961880,603113,1358767,3.252923,17,251932,3495050,804109,1961880,1254556,0.609955
2006,3746982,1975541,606247,1369294,3.258640,16,252860,3494122,808398,1975541,1258051,0.610943
2007,3746982,1989502,609383,1380119,3.264781,17,254081,3492901,813886,1989502,1266042,0.611112
2008,3746982,2003589,612532,1391057,3.270995,17,255040,3491942,818972,2003589,1272299,0.611617
2009,3746982,2017890,615706,1402184,3.277360,16,256365,3490617,824483,2017890,1280042,0.611865
2010,3746982,2031982,618883,1413099,3.283306,16,257528,3489454,829300,2031982,1285218,0.612559
2011,3746982,2046470,622031,1424439,3.289981,16,258590,3488392,834735,2046470,1292470,0.612910
2012,3746980,2061241,625248,1435993,3.296677,16,259859,3487121,840160,2061241,1299399,0.613348
2013,3746978,2075675,628443,1447232,3.302885,17,260841,3486137,845037,2075675,1304473,0.614078
2014,3746978,2090383,631624,1458759,3.309537,17,261969,3485009,850211,2090383,1310461,0.614666
2015,3746978,2104889,634837,1470052,3.315637,17,262643,3484335,855554,2104889,1317327,0.615066
2016,3746978,2119897,638064,1481833,3.322389,16,263631,3483347,861092,2119897,1324471,0.615468
2017,3746978,2134789,641291,1493498,3.328893,17,265007,3481971,866201,2134789,1330015,0.616136
2018,3746978,2149640,644521,1505119,3.335252,16,265790,3481188,871359,2149640,1335796,0.616749
2019,3746978,2164735,647794,1516941,3.341703,17,266714,3480264,876744,2164735,1342241,0.617265
2020,3746976,2180105,651030,1529075,3.348701,16,267904,3479072,882556,2180105,1350119,0.617554
2021,3746974,2195620,654306,1541314,3.355647,17,269071,3477903,887977,2195620,1356288,0.618152
2022,3746974,2211034,657635,1553399,3.362099,18,269784,3477190,893107,2211034,1361394,0.618916
2023,3746974,2226354,660924,1565430,3.368548,17,270711,3476263,898277,2226354,1366754,0.619618
2024,3746974,2241981,664260,1577721,3.375156,17,271521,3475453,904036,2241981,1374163,0.619992
2025,3746974,2257449,667612,1589837,3.381379,16,272525,3474449,909531,2257449,1380675,0.620498
2026,3746974,2273315,670965,1602350,3.388128,16,273369,3473605,915030,2273315,1386805,0.621104
2027,3746974,2288893,674333,1614560,3.394307,17,274431,3472543,920162,2288893,1391755,0.621872
2028,3746972,2304521,677714,1626807,3.400433,17,275303,3471669,926249,2304521,1400475,0.622004
2029,3746970,2320138,681103,1639035,3.406442,17,276036,3470934,931450,2320138,1405662,0.622722
2030,3746970,2335883,684505,1651378,3.412514,18,276893,3470077,936825,2335883,1411417,0.623351
2031,3746970,2351808,687909,1663899,3.418778,19,277485,3469485,942275,2351808,1417292,0.623971
2032,3746970,2367228,691309,1675919,3.424269,17,278191,3468779,947429,2367228,1422488,0.624645
2033,3746970,2383154,694778,1688376,3.430094,17,278976,3467994,952341,2383154,1426210,0.625604
2034,3746970,2398854,698264,1700590,3.435454,19,279290,3467680,958194,2398854,1433922,0.625879
2035,3746970,2414784,701792,1712992,3.440883,18,279906,3467064,963289,2414784,1438372,0.626703
2036,3746970,2430945,705376,1725569,3.446311,19,280440,3466530,968534,2430945,1443191,0.627481
2037,3746966,2447499,709011,1738488,3.451990,19,281261,3465705,974248,2447499,1449493,0.628048
2038,3746966,2463799,712679,1751120,3.457095,18,281477,3465489,979409,2463799,1453837,0.628899
2039,3746966,2479895,716376,1763519,3.461723,17,281621,3465345,984509,2479895,1458141,0.629729
2040,3746966,2496546,720153,1776393,3.466688,18,281896,3465070,990066,2496546,1463718,0.630399
2041,3746964,2520892,724839,1796053,3.477865,17,290483,3456481,1004874,2520892,1498604,0.627166
2042,3746964,2539673,728321,1811352,3.487024,18,297137,3449827,1015855,2539673,1523747,0.625009
2043,3746962,2551138,730250,1820888,3.493513,18,301521,3445441,1023691,2551138,1543626,0.623024
2044,3746960,2554163,730696,1823467,3.495521,18,304857,3442103,1028006,2554163,1557861,0.621145
2045,3744089,2551289,729584,1821705,3.496909,19,306936,3437153,1029376,2551289,1566215,0.619620
2046,3655110,2541510,726840,1814670,3.496657,18,308271,3346839,1028141,2541510,1571054,0.617987
2047,3592016,2525619,722204,1803415,3.497099,18,308101,3283915,1023813,2525619,1569633,0.616719
2048,3552875,2510165,716841,1793324,3.501704,19,306398,3246477,1018449,2510165,1563631,0.616173
2049,3548986,2494628,711049,1783579,3.508377,20,304535,3244451,1013306,2494628,1558596,0.615468
2050,3496794,2478067,704819,1773248,3.515891,19,304412,3192382,1008391,2478067,1555497,0.614362
2051,3496794,2482413,703496,1778917,3.528681,20,305575,3191219,1011152,2482413,1562195,0.613759
2052,3481770,2486494,702085,1784409,3.541585,18,307046,3174724,1013838,2486494,1568858,0.613139
2053,3454740,2490535,700452,1790083,3.555611,19,307965,3146775,1016441,2490535,1575229,0.612563
2054,3454372,2493020,698031,1794989,3.571503,18,308631,3145741,1017776,2493020,1578084,0.612370
2055,3442376,2494326,694289,1800037,3.592634,19,308972,3133404,1019452,2494326,1583482,0.611683
2056,3442376,2493452,688777,1804675,3.620115,19,309344,3133032,1019824,2493452,1585844,0.611246
2057,3442370,2492214,682991,1809223,3.648970,18,309842,3132528,1020870,2492214,1591266,0.610316
2058,3436140,2490938,677168,1813770,3.678464,19,310725,3125415,1021658,2490938,1595694,0.609533
2059,3431250,2489698,671286,1818412,3.708848,18,310984,3120266,1022509,2489698,1600338,0.608723
2060,3431240,2489123,665403,1823720,3.740775,18,311476,3119764,1023642,2489123,1605445,0.607909
2061,3431240,2504781,666419,1838362,3.758568,18,312518,3118722,1029431,2504781,1612943,0.608293
2062,3425654,2521355,667442,1853913,3.777639,18,314298,3111356,1035827,2521355,1621953,0.608537
2063,3398624,2537960,668508,1869452,3.796454,20,315973,3082651,1042847,2537960,1633428,0.608421
2064,3398624,2554115,669581,1884534,3.814497,19,316519,3082105,1048575,2554115,1640185,0.608949
2065,3398624,2571590,670675,1900915,3.834331,19,318401,3080223,1056087,2571590,1652758,0.608754
2066,3398624,2588202,671802,1916400,3.852626,20,319538,3079086,1061574,2588202,1658094,0.609520
2067,3398624,2605455,672936,1932519,3.871772,20,320853,3077771,1068717,2605455,1669413,0.609482
2068,3398624,2623150,674107,1949043,3.891296,21,321960,3076664,1075327,2623150,1678158,0.609849
2069,3398624,2640937,675300,1965637,3.910761,23,323315,3075309,1082277,2640937,1688171,0.610042
2070,3392816,2658187,676505,1981682,3.929294,23,323904,3068912,1088658,2658187,1696445,0.610427
2071,3392816,2681116,679453,2001663,3.945992,23,325577,3067239,1097030,2681116,1707004,0.610994
2072,3392816,2704281,682422,2021859,3.962769,25,327192,3065624,1105204,2704281,1716535,0.611715
2073,3392816,2727939,685415,2042524,3.979981,27,328941,3063875,1114552,2727939,1730269,0.611891
2074,3392808,2751072,688447,2062625,3.996055,27,329933,3062875,1122475,2751072,1738828,0.612725
2075,3392808,2775148,691492,2083656,4.013276,28,331468,3061340,1131388,2775148,1750404,0.613218
2076,3392808,2798954,694557,2104397,4.029841,28,332800,3060008,1140334,2798954,1762382,0.613626
2077,3392808,2823272,697670,2125602,4.046715,28,334542,3058266,1149196,2823272,1773512,0.614184
2078,3391914,2847895,700788,2147107,4.063847,29,335972,3055942,1158063,2847895,1784357,0.614797
2079,3391914,2872089,703940,2168149,4.080020,29,337246,3054668,1167006,2872089,1795935,0.615269
2080,3391914,2897168,707111,2190057,4.097190,29,339005,3052909,1176318,2897168,1808104,0.615728
2081,3391914,2916730,709185,2207545,4.112791,29,339991,3051923,1182796,2916730,1814454,0.616491
2082,3385580,2936028,711266,2224762,4.127890,28,341302,3044278,1190434,2936028,1825708,0.616588
2083,3385580,2954104,713363,2240741,4.141095,28,342153,3043427,1197032,2954104,1834024,0.616964
2084,3385580,2972312,715453,2256859,4.154448,28,343130,3042450,1202918,2972312,1839360,0.617730
2085,3385580,2990401,717526,2272875,4.167655,28,343868,3041712,1209479,2990401,1847515,0.618118
2086,3385578,3007702,719623,2288079,4.179552,27,344533,3041045,1215771,3007702,1855382,0.618476
2087,3385210,3025123,721734,2303389,4.191465,27,344996,3040214,1221117,3025123,1859345,0.619335
2088,3382659,3042019,723815,2318204,4.202758,27,345293,3037366,1226306,3042019,1863205,0.620159
2089,3382643,3058732,725913,2332819,4.213634,26,345123,3037520,1231792,3058732,1868436,0.620789
2090,3330709,3075772,728060,2347712,4.224613,24,344650,2986059,1236785,3075772,1871368,0.621727
2091,3330329,3070305,724526,2345779,4.237674,24,342698,2987631,1233386,3070305,1863239,0.622333
2092,3231977,3064584,721044,2343540,4.250204,24,341646,2890331,1231465,3064584,1861276,0.622142
2093,3225583,3057677,717592,2340085,4.261024,24,339443,2886140,1227952,3057677,1854131,0.622516
2094,3223908,3049252,714163,2335089,4.269686,24,337337,2886571,1224023,3049252,1846840,0.622793
2095,3166050,3039584,710782,2328802,4.276394,24,335199,2830851,1219266,3039584,1837480,0.623241
2096,3141884,3028818,707446,2321372,4.281342,24,332943,2808941,1214206,3028818,1828006,0.623621
2097,3114854,3017614,704117,2313497,4.285671,24,330835,2784019,1209385,3017614,1819926,0.623791
2098,3109038,3005545,700847,2304698,4.288447,24,328741,2780297,1203982,3005545,1810383,0.624084
2099,3007280,2992397,697601,2294796,4.289554,24,326788,2680492,1198532,2992397,1801731,0.624180
2100,2997731,2978162,694364,2283798,4.289050,24,324760,2672971,1192591,2978162,1792202,0.624305
2101,2997355,2969374,692524,2276850,4.287756,25,324303,2673052,1189421,2969374,1788310,0.624122
2102,2969469,2959628,690692,2268936,4.285019,26,323687,2645782,1186738,2959628,1787324,0.623480
2103,2932569,2949383,688866,2260517,4.281505,26,322849,2609720,1183390,2949383,1784177,0.623079
2104,2882748,2938049,687054,2250995,4.276300,27,322181,2560567,1179288,2938049,1779103,0.622844
2105,2880338,2925894,685260,2240634,4.269757,27,321218,2559120,1174736,2925894,1773050,0.622671
2106,2874024,2913189,683500,2229689,4.262164,28,320526,2553498,1170624,2913189,1769307,0.622144
2107,2782692,2900190,681739,2218451,4.254106,27,319374,2463318,1166181,2900190,1764534,0.621728
2108,2763403,2886561,679983,2206578,4.245049,27,318831,2444572,1162035,2886561,1761579,0.621014
2109,2755854,2872167,678217,2193950,4.234879,27,317561,2438293,1156379,2872167,1753349,0.620940
2110,2755526,2857582,676444,2181138,4.224418,27,316981,2438545,1151961,2857582,1750262,0.620156
2111,2755526,2878255,681767,2196488,4.221758,26,318775,2436751,1160047,2878255,1761933,0.620288
2112,2755846,2897653,687084,2210569,4.217320,26,320076,2435770,1167940,2897653,1774107,0.620249
2113,2755846,2917648,692393,2225255,4.213861,26,321912,2433934,1175782,2917648,1785480,0.620363
2114,2769501,2937431,697708,2239723,4.210115,26,323308,2446193,1183414,2937431,1796225,0.620542
2115,2775351,2956658,703023,2253635,4.205635,26,325072,2450279,1191445,2956658,1809122,0.620393
2116,2782890,2975934,708334,2267600,4.201315,25,326380,2456510,1198646,2975934,1818650,0.620687
2117,2796462,2994904,713639,2281265,4.196665,25,327788,2468674,1205835,2994904,1828436,0.620919
2118,2790612,3013529,718938,2294591,4.191640,23,328914,2461698,1213009,3013529,1838507,0.621085
2119,2790612,3032598,724241,2308357,4.187277,22,330191,2460421,1220983,3032598,1851334,0.620934
2120,2792289,3051001,729535,2321466,4.182117,20,331344,2460945,1227670,3051001,1859679,0.621299
2121,2792289,3096842,739754,2357088,4.186313,20,332876,2459413,1243589,3096842,1877514,0.622561
2122,2885053,3142182,750034,2392148,4.189386,21,334310,2550743,1259291,3142182,1894982,0.623800
2123,2885061,3188611,760353,2428258,4.193593,21,335615,2549446,1275803,3188611,1914601,0.624824
2124,2885797,3234626,770741,2463885,4.196774,19,336562,2549235,1291420,3234626,1931054,0.626176
2125,2924177,3280980,781036,2499944,4.200805,19,337461,2586716,1306961,3280980,1946864,0.627597
2126,2924177,3325419,790911,2534508,4.204543,20,337427,2586750,1321091,3325419,1958945,0.629294
2127,2924177,3369339,800466,2568873,4.209222,19,336725,2587452,1334524,3369339,1968757,0.631187
2128,2924557,3412784,809834,2602950,4.214177,20,335925,2588632,1347967,3412784,1979084,0.632950
2129,2948713,3454686,819151,2635535,4.217398,20,334700,2614013,1360008,3454686,1985346,0.635049
2130,2947046,3496294,828320,2667974,4.220946,20,333124,2613922,1371924,3496294,1991402,0.637115
2131,2919986,3440664,824487,2616177,4.173097,19,325332,2594654,1348084,3440664,1951672,0.638066
2132,2803011,3386146,820601,2565545,4.126422,18,314598,2488413,1323082,3386146,1906182,0.639822
2133,2783742,3332705,816652,2516053,4.080937,18,303205,2480537,1298325,3332705,1860595,0.641732
2134,2772288,3277605,812582,2465023,4.033568,19,290989,2481299,1271353,3277605,1807807,0.644511
2135,2721501,3225232,808419,2416813,3.989555,19,279301,2442200,1245496,3225232,1756752,0.647379
2136,2514388,3177214,804100,2373114,3.951267,19,270166,2244222,1222742,3177214,1713754,0.649608
2137,2377482,3137900,799684,2338216,3.923925,17,263533,2113949,1204253,3137900,1679112,0.651420
2138,2234588,3105614,795411,2310203,3.904414,18,257067,1977521,1188050,3105614,1646586,0.653511
2139,2196966,3079424,791376,2288048,3.891227,18,252026,1944940,1175611,3079424,1623020,0.654856
2140,2032035,3057921,787545,2270376,3.882852,19,248399,1783636,1165026,3057921,1602183,0.656192
2141,2016070,3005588,777049,2228539,3.867952,18,241200,1774870,1142514,3005588,1564468,0.657670
2142,1969092,2947885,766791,2181094,3.844444,17,231920,1737172,1116200,2947885,1516915,0.660250
2143,1903632,2885413,756772,2128641,3.812790,17,221253,1682379,1086072,2885413,1458875,0.664185
2144,1842147,2817564,746982,2070582,3.771930,17,211108,1631039,1055156,2817564,1403060,0.667570
2145,1737824,2750657,737404,2013253,3.730190,18,201941,1535883,1025810,2750657,1352583,0.670362
2146,1699660,2685175,728045,1957130,3.688199,18,191872,1507788,995761,2685175,1297869,0.674151
2147,1693998,2620530,718937,1901593,3.645006,17,180232,1513766,964399,2620530,1237066,0.679317
2148,1651790,2554439,710068,1844371,3.597457,17,167725,1484065,933134,2554439,1178097,0.684371
2149,1443816,2489802,701379,1788423,3.549867,16,154347,1289469,901627,2489802,1116706,0.690364
2150,1347471,2426631,692925,1733706,3.502011,17,143078,1204393,872363,2426631,1062821,0.695419
2151,1341885,2425106,693585,1731521,3.496480,16,141062,1200823,870423,2425106,1056586,0.696531
2152,1340506,2424661,694224,1730437,3.492621,17,138606,1201900,868264,2424661,1048395,0.698135
2153,1340506,2425266,694886,1730380,3.490164,18,136132,1204374,866204,2425266,1039550,0.699970
2154,1328276,2426817,695606,1731211,3.488781,18,133606,1194670,864799,2426817,1032379,0.701555
2155,1328266,2429217,696305,1732912,3.488725,18,131607,1196659,864108,2429217,1027215,0.702811
2156,1169102,2432043,697000,1735043,3.489301,17,129530,1039572,863123,2432043,1020449,0.704431
2157,1161435,2435827,697722,1738105,3.491114,17,127658,1033777,863233,2435827,1017105,0.705437
2158,1156211,2439855,698490,1741365,3.493042,17,125679,1030532,863092,2439855,1012513,0.706719
2159,1139369,2444529,699249,1745280,3.495935,17,123902,1015467,863767,2444529,1010539,0.707520
2160,1088828,2449233,700013,1749220,3.498839,16,122031,966797,863615,2449233,1005227,0.709006
2161,1088828,2454199,702269,1751930,3.494671,16,120567,968261,864142,2454199,1002369,0.710010
2162,1047397,2459429,704509,1754920,3.490983,15,119046,928351,864271,2459429,997655,0.711417
2163,1047397,2466078,706721,1759357,3.489465,15,117535,929862,865047,2466078,994110,0.712701
2164,1047397,2474604,708873,1765731,3.490899,15,115997,931400,866491,2474604,991360,0.713973
2165,1047391,2485041,710992,1774049,3.495174,15,114430,932961,867784,2485041,986095,0.715916
2166,1041805,2496033,713073,1782960,3.500389,15,112700,929105,869231,2496033,980891,0.717885
2167,1041805,2507013,715117,1791896,3.505738,14,110991,930814,871302,2507013,978195,0.719330
2168,972753,2518124,717138,1800986,3.511352,16,109227,863526,872863,2518124,973328,0.721225
2169,972745,2529026,719109,1809917,3.516888,15,107363,865382,873586,2529026,965318,0.723748
2170,922356,2539086,721042,1818044,3.521412,16,105595,816761,874961,2539086,960758,0.725485
2171,1014029,2641041,740680,1900361,3.565698,17,112017,902012,911575,2641041,1005259,0.724307
2172,1063589,2745893,760468,1985425,3.610794,16,120380,943209,950322,2745893,1055395,0.722359
2173,1147432,2849553,780442,2069111,3.651204,16,127686,1019746,988259,2849553,1103483,0.720852
2174,1162937,2953129,800536,2152593,3.688940,17,134857,1028080,1026463,2953129,1152723,0.719249
2175,1224660,3056642,820819,2235823,3.723893,16,142424,1082236,1064418,3056642,1201030,0.717914
2176,1378549,3158026,841292,2316734,3.753781,16,148184,1230365,1101014,3158026,1246030,0.717072
2177,1408285,3258680,860596,2398084,3.786539,15,152823,1255462,1135728,3258680,1284232,0.717311
2178,1422546,3348871,876628,2472243,3.820173,15,157430,1265116,1165260,3348871,1312169,0.718481
2179,1470569,3422368,889571,2532797,3.847212,17,159310,1311259,1187011,3422368,1325676,0.720795
2180,1528657,3485903,899761,2586142,3.874254,16,159583,1369074,1204469,3485903,1331973,0.723535
2181,1551162,3541492,905466,2636026,3.911237,16,160988,1390174,1221779,3541492,1345624,0.724659
2182,1552939,3592348,909969,2682379,3.947770,18,163732,1389207,1238271,3592348,1360736,0.725275
2183,1622600,3637812,914052,2723760,3.979874,16,165697,1456903,1253452,3637812,1375996,0.725559
2184,1675384,3678872,917646,2761226,4.009032,17,166883,1508501,1266239,3678872,1386084,0.726338
2185,1747489,3716725,920135,2796590,4.039326,19,168571,1578918,1278318,3716725,1396547,0.726878
2186,1755739,3753166,921400,2831766,4.073330,20,170591,1585148,1290260,3753166,1407874,0.727211
2187,1763889,3785132,921600,2863532,4.107131,21,173486,1590403,1301638,3785132,1421420,0.726994
2188,1765369,3810039,921600,2888439,4.134157,22,176151,1589218,1310596,3810039,1432345,0.726776
2189,1767044,3826802,921600,2905202,4.152346,21,178960,1588084,1318041,3826802,1445362,0.725850
2190,1767780,3833692,921600,2912092,4.159822,21,181371,1586409,1321906,3833692,1453932,0.725031
2191,1766686,3807402,921600,2885802,4.131296,22,181786,1584900,1314094,3807402,1448974,0.724340
2192,1769277,3771813,921599,2850214,4.092683,21,181328,1587949,1304167,3771813,1444855,0.723031
2193,1769269,3738743,921600,2817143,4.056796,20,180284,1588985,1293961,3738743,1437101,0.722345
2194,1775603,3708415,921600,2786815,4.023888,16,179267,1596336,1284456,3708415,1429409,0.721787
2195,1711935,3667466,921326,2746140,3.980639,15,178544,1533391,1272592,3667466,1422902,0.720472
2196,1715067,3635254,920418,2714836,3.949569,15,177670,1537397,1261787,3635254,1411894,0.720259
2197,1742929,3625642,919151,2706491,3.944555,17,176388,1566541,1258113,3625642,1406810,0.720452
2198,1709918,3618402,917563,2700839,3.943492,20,174978,1534940,1254544,3618402,1399774,0.721059
2199,1708856,3624083,914991,2709092,3.960785,20,174860,1533996,1255027,3624083,1396025,0.721913
2200,1676528,3628247,911688,2716559,3.979702,21,174182,1502346,1255981,3628247,1395677,0.722194
2201,1724480,3649499,909898,2739601,4.010888,20,179138,1545342,1268308,3649499,1423733,0.719364
2202,1716913,3653972,908199,2745773,4.023316,16,183937,1532976,1274611,3653972,1444472,0.716684
2203,1735935,3619930,906696,2713234,3.992441,16,185173,1550762,1265396,3619930,1441654,0.715177
2204,1819533,3567048,905464,2661584,3.939470,18,185818,1633715,1249150,3567048,1429552,0.713895
2205,1863514,3505399,904421,2600978,3.875849,18,185250,1678264,1229486,3505399,1412545,0.712777
2206,1953663,3467225,903542,2563683,3.837370,19,186934,1766729,1219390,3467225,1410335,0.710852
2207,2055848,3446306,902827,2543479,3.817239,18,191826,1864022,1216249,3446306,1418690,0.708388
2208,2106884,3436144,902279,2533865,3.808294,18,200662,1906222,1218664,3436144,1438512,0.704900
2209,2133908,3430874,901903,2528971,3.804039,17,208986,1924922,1225109,3430874,1469562,0.700116
2210,2176437,3433494,901690,2531804,3.807843,17,218533,1957904,1235267,3433494,1507574,0.694889
2211,2169971,3410771,898085,2512686,3.797826,16,210284,1959687,1220835,3410771,1472569,0.698450
2212,2125451,3388434,894195,2494239,3.789368,17,202930,1922521,1207550,3388434,1441766,0.701510
2213,2008849,3367933,890021,2477912,3.784105,17,197597,1811252,1195896,3367933,1415651,0.704061
2214,1958098,3344934,885564,2459370,3.777179,18,190644,1767454,1182775,3344934,1386166,0.707010
2215,1944129,3316403,880821,2435582,3.765127,17,183656,1760473,1168431,3316403,1357321,0.709585
2216,2007668,3285700,875787,2409913,3.751711,17,177124,1830544,1154432,3285700,1332028,0.711540
2217,1944603,3255917,870465,2385452,3.740434,18,171819,1772784,1142096,3255917,1312467,0.712707
2218,1900125,3231128,864847,2366281,3.736069,17,168078,1732047,1132668,3231128,1299544,0.713167
2219,1782365,3208243,858926,2349317,3.735180,17,164559,1617806,1123769,3208243,1286833,0.713724
2220,1776711,3185900,852700,2333200,3.736250,17,160554,1616157,1115247,3185900,1275088,0.714169
2221,1670999,3146126,838734,2307392,3.751041,17,154879,1516120,1100963,3146126,1257726,0.714403
2222,1574849,3095109,823425,2271684,3.758823,18,148779,1426070,1082277,3095109,1233999,0.714953
2223,1521092,3032220,806677,2225543,3.758902,16,139348,1381744,1056942,3032220,1195548,0.717215
2224,1478660,2950892,788362,2162530,3.743067,16,128801,1349859,1024131,2950892,1145632,0.720340
2225,1440175,2838855,768311,2070544,3.694930,18,114829,1325346,978351,2838855,1074549,0.725418
2226,1345863,2692873,746299,1946574,3.608303,20,94675,1251188,913991,2692873,963091,0.736570
2227,1216074,2528647,722463,1806184,3.500037,23,76004,1140070,842818,2528647,842625,0.750057
2228,879899,2368747,698776,1669971,3.389852,23,61595,818304,778344,2368747,744629,0.760829
2229,678853,2220517,675524,1544993,3.287103,22,50560,628293,721955,2220517,667303,0.768925
2230,551392,2079642,652722,1426920,3.186107,23,41669,509723,670354,2079642,601774,0.775576
2231,551392,2087865,656162,1431703,3.181935,24,40237,511155,669925,2087865,591835,0.779141
2232,523574,2096825,659683,1437142,3.178534,22,38935,484639,670488,2096825,585127,0.781828
2233,523574,2106510,663288,1443222,3.175860,22,37633,485941,671236,2106510,578434,0.784564
2234,523574,2116900,666977,1449923,3.173873,21,36246,487328,670706,2116900,565924,0.789057
2235,517240,2129784,670759,1459025,3.175185,19,34925,482315,672179,2129784,558932,0.792119
2236,517240,2144165,674631,1469534,3.178278,19,33568,483672,673630,2144165,550355,0.795750
2237,516764,2159866,678602,1481264,3.182817,17,32213,484551,675685,2159866,542874,0.799139
2238,516704,2176581,682674,1493907,3.188317,15,31061,485643,677935,2176581,535159,0.802651
2239,511484,2193415,686849,1506566,3.193446,15,29816,481668,679892,2193415,526153,0.806531
2240,463599,2211196,691135,1520061,3.199369,14,28600,434999,682053,2211196,517016,0.810493
2241,468823,2242275,692203,1550072,3.239332,15,28442,440381,691413,2242275,523377,0.810758
2242,502975,2276402,693518,1582884,3.282398,14,28242,474733,701156,2276402,528222,0.811660
2243,561947,2313283,695069,1618214,3.328134,13,28537,533410,712615,2313283,537177,0.811547
2244,551355,2352042,696845,1655197,3.375273,14,29358,521997,724268,2352042,545030,0.811869
2245,553030,2395030,698845,1696185,3.427126,13,30802,522228,738412,2395030,558618,0.810872
2246,564468,1868007,703444,1164563,2.655516,13,32144,532324,609299,1868007,569189,0.766457
2247,591926,1907525,715953,1191572,2.664316,13,32899,559027,622677,1907525,583183,0.765857
2248,626276,1949485,731731,1217754,2.664210,12,33408,592868,636196,1949485,595299,0.766071
2249,572735,1995553,749509,1246044,2.662480,13,34074,538661,651133,1995553,608979,0.766185
2250,574410,2045260,768073,1277187,2.662846,14,35355,539055,667567,2045260,625008,0.765938
2251,574034,2005863,753663,1252200,2.661485,13,33635,540399,653170,2005863,606817,0.767742
2252,517310,1968221,738776,1229445,2.664165,14,32063,485247,640055,1968221,591999,0.768770
2253,442755,1931525,723952,1207573,2.668029,14,30406,412349,627412,1931525,578123,0.769640
2254,436928,1898317,710564,1187753,2.671564,14,29163,407765,615764,1898317,564739,0.770716
2255,436481,1573109,697134,875975,2.256537,15,27704,408777,529993,1573109,546863,0.742042
2256,430139,1449264,683094,766170,2.121617,16,25773,404366,495641,1449264,533300,0.731005
2257,405831,1430187,670425,759762,2.133254,17,23890,381941,487132,1430187,518341,0.733983
2258,404765,1414360,658514,755846,2.147806,16,22579,382186,480520,1414360,507720,0.735849
2259,404703,1398678,645818,752860,2.165746,16,21245,383458,474141,1398678,497886,0.737480
2260,374225,1384350,633813,750537,2.184162,17,19562,354663,467775,1384350,486750,0.739859
2261,310026,1325342,606999,718343,2.183434,17,16766,293260,445757,1325342,457686,0.743310
2262,295623,1266445,579922,686523,2.183820,17,15036,280587,425033,1266445,433687,0.744910
2263,293702,1196375,551783,644592,2.168198,17,13452,280250,401086,1196375,407969,0.745710
2264,236760,1153684,522256,631428,2.209039,17,12069,224691,384957,1153684,386144,0.749229
2265,206953,1113525,491889,621636,2.263773,18,11157,195796,370276,1113525,367579,0.751821
2266,174264,1074818,461537,613281,2.328780,18,10277,163987,356306,1074818,350406,0.754140
2267,174264,1036550,431333,605217,2.403132,21,9407,164857,342507,1036550,333478,0.756590
2268,174204,877820,399005,478815,2.200023,20,8649,165555,297675,877820,312880,0.737230
2269,174204,829731,363519,466212,2.282497,19,7976,166228,281648,829731,296861,0.736496
2270,174133,779022,326270,452752,2.387661,21,7285,166848,265096,779022,281362,0.734660
2271,174133,748759,302061,446698,2.478834,26,6637,167496,253796,748759,266425,0.737560
2272,174117,716315,276477,439838,2.590867,23,5955,168162,242525,716315,253785,0.738393
2273,174117,676999,245389,431610,2.758881,27,5305,168812,228982,676999,238929,0.739140
2274,174117,635542,210827,424715,3.014519,31,4681,169436,215128,635542,224970,0.738563
2275,174117,494804,180174,314630,2.746256,42,4117,170000,175798,494804,208388,0.703654
2276,174117,477596,149844,327752,3.187288,44,3563,170554,166927,477596,190112,0.715277
2277,174117,457220,120040,337180,3.808897,41,3016,171101,157082,457220,171108,0.727677
2278,174117,433595,97469,336126,4.448543,41,2576,171541,146670,433595,153085,0.739066
2279,174117,406962,86220,320742,4.720042,29,2170,171947,135775,406962,136138,0.749332
2280,174117,371576,76141,295435,4.880104,23,1780,172337,122338,371576,117776,0.759323
2281,174111,333839,68884,264955,4.846394,17,1547,172564,109325,333839,103461,0.763410
2282,106105,284781,61936,222845,4.597988,13,1399,104706,94043,284781,91391,0.757050
2283,106105,241160,55269,185891,4.363386,12,1290,104815,80223,241160,79732,0.751530
2284,106105,205264,48879,156385,4.199431,10,1166,104939,68830,205264,70056,0.745547
2285,106105,174802,42819,131983,4.082347,9,1050,105055,58770,174802,60278,0.743585
2286,106105,147410,37089,110321,3.974494,8,951,105154,49896,147410,52174,0.738586
2287,106105,121614,31711,89903,3.835073,7,842,105263,41169,121614,43062,0.738505
2288,106105,98105,26659,71446,3.679995,7,761,105344,33396,98105,35479,0.734407
2289,106105,77551,21967,55584,3.530341,7,679,105426,26460,77551,28289,0.732719
2290,106105,59511,17596,41915,3.382075,6,582,105523,20343,59511,21861,0.731345
2291,106105,47600,14739,32861,3.229527,6,511,105594,16287,47600,17548,0.730644
2292,106105,36934,12022,24912,3.072201,5,443,105662,12657,36934,13694,0.729517
2293,106105,27862,9530,18332,2.923610,5,384,105721,9549,27862,10334,0.729448
2294,106105,20059,7279,12780,2.755736,5,334,105771,6987,20059,7889,0.717726
2295,106105,13434,5195,8239,2.585948,5,279,105826,4767,13434,5634,0.704531
2296,106105,8244,3458,4786,2.384037,4,217,105888,3008,8244,3788,0.685173
2297,106105,4172,2020,2152,2.065347,4,148,105957,1583,4172,2160,0.658876
2298,106105,1479,934,545,1.583512,3,83,106022,607,1479,949,0.609143
2299,106105,340,259,81,1.312741,2,25,106080,146,340,244,0.582192
2300,106105,0,0,0,0.000000,0,0,106105,0,0,0,0.000000
2301,106105,0,0,0,0.000000,0,0,106105,0,0,0,0.000000
2302,106099,0,0,0,0.000000,0,0,106099,0,0,0,0.000000
2303,66896,0,0,0,0.000000,0,0,66896,0,0,0,0.000000
2304,66896,0,0,0,0.000000,0,0,66896,0,0,0,0.000000
2305,66896,0,0,0,0.000000,0,0,66896,0,0,0,0.000000
2306,66896,0,0,0,0.000000,0,0,66896,0,0,0,0.000000
2307,66896,0,0,0,0.000000,0,0,66896,0,0,0,0.000000
2308,66896,0,0,0,0.000000,0,0,66896,0,0,0,0.000000
2309,66896,0,0,0,0.000000,0,0,66896,0,0,0,0.000000
2310,66890,0,0,0,0.000000,0,0,66890,0,0,0,0.000000
2311,66890,0,0,0,0.000000,0,0,66890,0,0,0,0.000000
2312,349,0,0,0,0.000000,0,0,349,0,0,0,0.000000
2313,349,0,0,0,0.000000,0,0,349,0,0,0,0.000000
2314,349,0,0,0,0.000000,0,0,349,0,0,0,0.000000
2315,88,0,0,0,0.000000,0,0,88,0,0,0,0.000000
2316,88,0,0,0,0.000000,0,0,88,0,0,0,0.000000
2317,88,0,0,0,0.000000,0,0,88,0,0,0,0.000000
2318,88,0,0,0,0.000000,0,0,88,0,0,0,0.000000
2319,88,0,0,0,0.000000,0,0,88,0,0,0,0.000000
2320,88,0,0,0,0.000000,0,0,88,0,0,0,0.000000
2321,349,0,0,0,0.000000,0,0,349,0,0,0,0.000000
2322,349,424,424,0,1.000000,1,1,348,115,424,36,0.921739
2323,349,3493,3493,0,1.000000,1,4,345,911,3493,151,0.958562
2324,349,7768,7768,0,1.000000,1,4,345,2024,7768,328,0.959486
2325,349,12010,12010,0,1.000000,1,4,345,3133,12010,522,0.958347
2326,68361,19996,16262,3734,1.229615,5,785,67576,6323,19996,5296,0.790606
2327,134908,40549,22434,18115,1.807480,5,1351,133557,14514,40549,17507,0.698446
2328,134908,63344,29171,34173,2.171472,5,1513,133395,23094,63344,29032,0.685719
2329,134908,87263,36362,50901,2.399840,5,1665,133243,32053,87263,40949,0.680615
2330,134908,112245,43978,68267,2.552299,5,1819,133089,41297,112245,52943,0.679499
2331,134908,111126,43803,67323,2.536950,6,1797,133111,40749,111126,51870,0.681771
2332,134908,109954,43622,66332,2.520609,5,1767,133141,40116,109954,50510,0.685225
2333,134908,108786,43440,65346,2.504282,5,1733,133175,39615,108786,49674,0.686520
2334,134908,107602,43275,64327,2.486470,5,1710,133198,38975,107602,48298,0.690199
2335,134908,106365,43104,63261,2.467636,5,1706,133202,38462,106365,47483,0.691364
2336,134908,105177,42936,62241,2.449623,5,1668,133240,37839,105177,46179,0.694898
2337,134908,103944,42762,61182,2.430756,5,1645,133263,37333,103944,45388,0.696060
2338,134908,102656,42594,60062,2.410105,5,1635,133273,36746,102656,44328,0.698416
2339,134908,101406,42430,58976,2.389960,5,1624,133284,36079,101406,42910,0.702666
2340,134908,100108,42263,57845,2.368691,5,1586,133322,35579,100108,42208,0.703421
2341,134908,94122,40718,53404,2.311558,5,1542,133366,33277,94122,38986,0.707110
2342,134902,88233,39228,49005,2.249235,5,1484,133418,30927,88233,35475,0.713236
2343,68361,82563,37946,44617,2.175802,5,1439,66922,28854,82563,32853,0.715351
2344,68361,77143,36905,40238,2.090313,5,1374,66987,26747,77143,29845,0.721043
2345,68361,71858,35930,35928,1.999944,5,1299,67062,24774,71858,27238,0.725135
2346,68361,66650,35040,31610,1.902112,5,1245,67116,22762,66650,24398,0.732031
2347,68361,61474,34199,27275,1.797538,5,1201,67160,20794,61474,21702,0.739083
2348,68361,56253,33239,23014,1.692379,5,1148,67213,18889,56253,19303,0.744521
2349,68361,51069,32094,18975,1.591232,5,1068,67293,16928,51069,16643,0.754209
2350,68361,46061,30758,15303,1.497529,5,959,67402,15019,46061,14015,0.766712
2351,68361,43241,29967,13274,1.442954,5,893,67468,13964,43241,12615,0.774151
2352,68361,40425,29059,11366,1.391135,5,802,67559,12849,40425,10971,0.786540
2353,68361,37823,28152,9671,1.343528,5,736,67625,11866,37823,9641,0.796878
2354,68361,35386,27263,8123,1.297950,5,674,67687,10962,35386,8462,0.807015
2355,68361,33044,26361,6683,1.253518,5,585,67776,10073,33044,7248,0.820113
2356,68361,30924,25489,5435,1.213229,5,525,67836,9297,30924,6264,0.831559
2357,68361,28925,24604,4321,1.175622,5,478,67883,8549,28925,5271,0.845859
2358,68361,27106,23743,3363,1.141642,5,412,67949,7896,27106,4478,0.858219
2359,68361,25421,22884,2537,1.110863,5,344,68017,7355,25421,3999,0.864072
2360,68361,23851,22034,1817,1.082463,4,277,68084,6811,23851,3393,0.875459
2361,349,10714,10714,0,1.000000,1,8,341,2910,10714,926,0.920447
2362,0,0,0,0,0.000000,0,0,0,0,0,0,0.000000
2363,0,0,0,0,0.000000,0,0,0,0,0,0,0.000000
2364,0,0,0,0,0.000000,0,0,0,0,0,0,0.000000
2365,0,0,0,0,0.000000,0,0,0,0,0,0,0.000000
2366,0,0,0,0,0.000000,0,0,0,0,0,0,0.000000
2367,0,0,0,0,0.000000,0,0,0,0,0,0,0.000000
2368,0,0,0,0,0.000000,0,0,0,0,0,0,0.000000
2369,0,0,0,0,0.000000,0,0,0,0,0,0,0.000000
2370,0,0,0,0,0.000000,0,0,0,0,0,0,0.000000
2371,0,0,0,0,0.000000,0,0,0,0,0,0,0.000000
2372,0,0,0,0,0.000000,0,0,0,0,0,0,0.000000
2373,0,0,0,0,0.000000,0,0,0,0,0,0,0.000000
2374,0,0,0,0,0.000000,0,0,0,0,0,0,0.000000
2375,0,0,0,0,0.000000,0,0,0,0,0,0,0.000000
2376,0,0,0,0,0.000000,0,0,0,0,0,0,0.000000
2377,0,0,0,0,0.000000,0,0,0,0,0,0,0.000000
2378,0,0,0,0,0.000000,0,0,0,0,0,0,0.000000
2379,0,0,0,0,0.000000,0,0,0,0,0,0,0.000000
2380,0,0,0,0,0.000000,0,0,0,0,0,0,0.000000
2381,0,0,0,0,0.000000,0,0,0,0,0,0,0.000000
2382,0,0,0,0,0.000000,0,0,0,0,0,0,0.000000
2383,0,0,0,0,0.000000,0,0,0,0,0,0,0.000000
2384,0,0,0,0,0.000000,0,0,0,0,0,0,0.000000
2385,0,0,0,0,0.000000,0,0,0,0,0,0,0.000000
2386,0,0,0,0,0.000000,0,0,0,0,0,0,0.000000
2387,0,0,0,0,0.000000,0,0,0,0,0,0,0.000000
2388,0,0,0,0,0.000000,0,0,0,0,0,0,0.000000
2389,0,0,0,0,0.000000,0,0,0,0,0,0,0.000000
2390,0,0,0,0,0.000000,0,0,0,0,0,0,0.000000
2391,0,0,0,0,0.000000,0,0,0,0,0,0,0.000000
2392,0,0,0,0,0.000000,0,0,0,0,0,0,0.000000
2393,0,0,0,0,0.000000,0,0,0,0,0,0,0.000000
2394,0,0,0,0,0.000000,0,0,0,0,0,0,0.000000
2395,0,0,0,0,0.000000,0,0,0,0,0,0,0.000000
2396,0,0,0,0,0.000000,0,0,0,0,0,0,0.000000
2397,0,0,0,0,0.000000,0,0,0,0,0,0,0.000000
2398,0,0,0,0,0.000000,0,0,0,0,0,0,0.000000
2399,0,0,0,0,0.000000,0,0,0,0,0,0,0.000000
2400,0,0,0,0,0.000000,0,0,0,0,0,0,0.000000
2401,0,0,0,0,0.000000,0,0,0,0,0,0,0.000000
2402,0,0,0,0,0.000000,0,0,0,0,0,0,0.000000
2403,0,0,0,0,0.000000,0,0,0,0,0,0,0.000000
2404,0,0,0,0,0.000000,0,0,0,0,0,0,0.000000
2405,0,0,0,0,0.000000,0,0,0,0,0,0,0.000000
2406,0,0,0,0,0.000000,0,0,0,0,0,0,0.000000
2407,0,0,0,0,0.000000,0,0,0,0,0,0,0.000000
2408,0,0,0,0,0.000000,0,0,0,0,0,0,0.000000
2409,0,0,0,0,0.000000,0,0,0,0,0,0,0.000000
2410,0,0,0,0,0.000000,0,0,0,0,0,0,0.000000
2411,0,0,0,0,0.000000,0,0,0,0,0,0,0.000000
2412,0,0,0,0,0.000000,0,0,0,0,0,0,0.000000
2413,0,0,0,0,0.000000,0,0,0,0,0,0,0.000000
2414,0,0,0,0,0.000000,0,0,0,0,0,0,0.000000
2415,0,0,0,0,0.000000,0,0,0,0,0,0,0.000000
2416,0,0,0,0,0.000000,0,0,0,0,0,0,0.000000
2417,0,0,0,0,0.000000,0,0,0,0,0,0,0.000000
2418,0,0,0,0,0.000000,0,0,0,0,0,0,0.000000
2419,0,0,0,0,0.000000,0,0,0,0,0,0,0.000000
2420,0,0,0,0,0.000000,0,0,0,0,0,0,0.000000
2421,0,0,0,0,0.000000,0,0,0,0,0,0,0.000000
2422,0,0,0,0,0.000000,0,0,0,0,0,0,0.000000
2423,0,0,0,0,0.000000,0,0,0,0,0,0,0.000000
2424,0,0,0,0,0.000000,0,0,0,0,0,0,0.000000
2425,0,0,0,0,0.000000,0,0,0,0,0,0,0.000000
2426,0,0,0,0,0.000000,0,0,0,0,0,0,0.000000
2427,0,0,0,0,0.000000,0,0,0,0,0,0,0.000000
2428,0,0,0,0,0.000000,0,0,0,0,0,0,0.000000
2429,0,0,0,0,0.000000,0,0,0,0,0,0,0.000000
2430,0,0,0,0,0.000000,0,0,0,0,0,0,0.000000
2431,0,0,0,0,0.000000,0,0,0,0,0,0,0.000000
2432,0,0,0,0,0.000000,0,0,0,0,0,0,0.000000
2433,0,0,0,0,0.000000,0,0,0,0,0,0,0.000000
2434,0,0,0,0,0.000000,0,0,0,0,0,0,0.000000
2435,0,0,0,0,0.000000,0,0,0,0,0,0,0.000000
2436,0,0,0,0,0.000000,0,0,0,0,0,0,0.000000
2437,0,0,0,0,0.000000,0,0,0,0,0,0,0.000000
2438,0,0,0,0,0.000000,0,0,0,0,0,0,0.000000
2439,0,0,0,0,0.000000,0,0,0,0,0,0,0.000000
2440,0,0,0,0,0.000000,0,0,0,0,0,0,0.000000
2441,0,0,0,0,0.000000,0,0,0,0,0,0,0.000000
2442,0,0,0,0,0.000000,0,0,0,0,0,0,0.000000
2443,0,0,0,0,0.000000,0,0,0,0,0,0,0.000000
2444,0,0,0,0,0.000000,0,0,0,0,0,0,0.000000
2445,0,0,0,0,0.000000,0,0,0,0,0,0,0.000000
2446,0,0,0,0,0.000000,0,0,0,0,0,0,0.000000
2447,0,0,0,0,0.000000,0,0,0,0,0,0,0.000000
2448,0,0,0,0,0.000000,0,0,0,0,0,0,0.000000
2449,0,0,0,0,0.000000,0,0,0,0,0,0,0.000000
2450,0,0,0,0,0.000000,0,0,0,0,0,0,0.000000
2451,0,0,0,0,0.000000,0,0,0,0,0,0,0.000000
2452,0,0,0,0,0.000000,0,0,0,0,0,0,0.000000
2453,0,0,0,0,0.000000,0,0,0,0,0,0,0.000000
2454,0,0,0,0,0.000000,0,0,0,0,0,0,0.000000
2455,0,0,0,0,0.000000,0,0,0,0,0,0,0.000000
2456,0,0,0,0,0.000000,0,0,0,0,0,0,0.000000
2457,0,0,0,0,0.000000,0,0,0,0,0,0,0.000000
2458,0,0,0,0,0.000000,0,0,0,0,0,0,0.000000
2459,0,0,0,0,0.000000,0,0,0,0,0,0,0.000000
2460,0,0,0,0,0.000000,0,0,0,0,0,0,0.000000
2461,0,0,0,0,0.000000,0,0,0,0,0,0,0.000000
2462,0,0,0,0,0.000000,0,0,0,0,0,0,0.000000
2463,0,0,0,0,0.000000,0,0,0,0,0,0,0.000000
2464,0,0,0,0,0.000000,0,0,0,0,0,0,0.000000
2465,0,0,0,0,0.000000,0,0,0,0,0,0,0.000000
2466,0,0,0,0,0.000000,0,0,0,0,0,0,0.000000
2467,0,0,0,0,0.000000,0,0,0,0,0,0,0.000000
2468,0,0,0,0,0.000000,0,0,0,0,0,0,0.000000
2469,0,0,0,0,0.000000,0,0,0,0,0,0,0.000000
2470,0,0,0,0,0.000000,0,0,0,0,0,0,0.000000
2471,0,0,0,0,0.000000,0,0,0,0,0,0,0.000000
2472,0,0,0,0,0.000000,0,0,0,0,0,0,0.000000
2473,0,0,0,0,0.000000,0,0,0,0,0,0,0.000000
2474,0,0,0,0,0.000000,0,0,0,0,0,0,0.000000
2475,0,0,0,0,0.000000,0,0,0,0,0,0,0.000000
2476,0,0,0,0,0.000000,0,0,0,0,0,0,0.000000
2477,0,0,0,0,0.000000,0,0,0,0,0,0,0.000000
2478,0,0,0,0,0.000000,0,0,0,0,0,0,0.000000
2479,0,0,0,0,0.000000,0,0,0,0,0,0,0.000000
2480,0,0,0,0,0.000000,0,0,0,0,0,0,0.000000
2481,0,0,0,0,0.000000,0,0,0,0,0,0,0.000000
2482,0,0,0,0,0.000000,0,0,0,0,0,0,0.000000
2483,0,0,0,0,0.000000,0,0,0,0,0,0,0.000000
2484,0,0,0,0,0.000000,0,0,0,0,0,0,0.000000
2485,0,0,0,0,0.000000,0,0,0,0,0,0,0.000000
2486,0,0,0,0,0.000000,0,0,0,0,0,0,0.000000
2487,0,0,0,0,0.000000,0,0,0,0,0,0,0.000000
2488,0,0,0,0,0.000000,0,0,0,0,0,0,0.000000
2489,0,0,0,0,0.000000,0,0,0,0,0,0,0.000000
2490,0,0,0,0,0.000000,0,0,0,0,0,0,0.000000
2491,0,0,0,0,0.000000,0,0,0,0,0,0,0.000000
2492,0,0,0,0,0.000000,0,0,0,0,0,0,0.000000
2493,0,0,0,0,0.000000,0,0,0,0,0,0,0.000000
2494,0,0,0,0,0.000000,0,0,0,0,0,0,0.000000
2495,0,0,0,0,0.000000,0,0,0,0,0,0,0.000000
2496,0,0,0,0,0.000000,0,0,0,0,0,0,0.000000
2497,0,0,0,0,0.000000,0,0,0,0,0,0,0.000000
2498,0,0,0,0,0.000000,0,0,0,0,0,0,0.000000
2499,0,0,0,0,0.000000,0,0,0,0,0,0,0.000000
2500,0,0,0,0,0.000000,0,0,0,0,0,0,0.000000
2501,0,0,0,0,0.000000,0,0,0,0,0,0,0.000000
2502,0,0,0,0,0.000000,0,0,0,0,0,0,0.000000
2503,0,0,0,0,0.000000,0,0,0,0,0,0,0.000000
2504,0,0,0,0,0.000000,0,0,0,0,0,0,0.000000
2505,0,0,0,0,0.000000,0,0,0,0,0,0,0.000000
2506,0,0,0,0,0.000000,0,0,0,0,0,0,0.000000
2507,0,0,0,0,0.000000,0,0,0,0,0,0,0.000000
2508,0,0,0,0,0.000000,0,0,0,0,0,0,0.000000
2509,0,0,0,0,0.000000,0,0,0,0,0,0,0.000000
2510,0,0,0,0,0.000000,0,0,0,0,0,0,0.000000
2511,0,0,0,0,0.000000,0,0,0,0,0,0,0.000000
2512,0,0,0,0,0.000000,0,0,0,0,0,0,0.000000
2513,0,0,0,0,0.000000,0,0,0,0,0,0,0.000000
2514,0,0,0,0,0.000000,0,0,0,0,0,0,0.000000
2515,0,0,0,0,0.000000,0,0,0,0,0,0,0.000000
2516,0,0,0,0,0.000000,0,0,0,0,0,0,0.000000
2517,0,0,0,0,0.000000,0,0,0,0,0,0,0.000000
2518,0,0,0,0,0.000000,0,0,0,0,0,0,0.000000
2519,0,0,0,0,0.000000,0,0,0,0,0,0,0.000000
2520,0,0,0,0,0.000000,0,0,0,0,0,0,0.000000
2521,0,0,0,0,0.000000,0,0,0,0,0,0,0.000000
2522,0,0,0,0,0.000000,0,0,0,0,0,0,0.000000
2523,0,0,0,0,0.000000,0,0,0,0,0,0,0.000000
2524,0,0,0,0,0.000000,0,0,0,0,0,0,0.000000
2525,0,0,0,0,0.000000,0,0,0,0,0,0,0.000000
2526,0,0,0,0,0.000000,0,0,0,0,0,0,0.000000
2527,0,0,0,0,0.000000,0,0,0,0,0,0,0.000000
2528,0,0,0,0,0.000000,0,0,0,0,0,0,0.000000
2529,0,0,0,0,0.000000,0,0,0,0,0,0,0.000000
2530,0,0,0,0,0.000000,0,0,0,0,0,0,0.000000
2531,0,0,0,0,0.000000,0,0,0,0,0,0,0.000000
2532,0,0,0,0,0.000000,0,0,0,0,0,0,0.000000
2533,0,0,0,0,0.000000,0,0,0,0,0,0,0.000000
2534,0,0,0,0,0.000000,0,0,0,0,0,0,0.000000
2535,0,0,0,0,0.000000,0,0,0,0,0,0,0.000000
2536,0,0,0,0,0.000000,0,0,0,0,0,0,0.000000
2537,0,0,0,0,0.000000,0,0,0,0,0,0,0.000000
2538,0,0,0,0,0.000000,0,0,0,0,0,0,0.000000
2539,0,0,0,0,0.000000,0,0,0,0,0,0,0.000000
2540,0,0,0,0,0.000000,0,0,0,0,0,0,0.000000
2541,0,0,0,0,0.000000,0,0,0,0,0,0,0.000000
2542,0,0,0,0,0.000000,0,0,0,0,0,0,0.000000
2543,0,0,0,0,0.000000,0,0,0,0,0,0,0.000000
2544,0,0,0,0,0.000000,0,0,0,0,0,0,0.000000
2545,0,0,0,0,0.000000,0,0,0,0,0,0,0.000000
2546,0,0,0,0,0.000000,0,0,0,0,0,0,0.000000
2547,0,0,0,0,0.000000,0,0,0,0,0,0,0.000000
2548,0,0,0,0,0.000000,0,0,0,0,0,0,0.000000
2549,0,0,0,0,0.000000,0,0,0,0,0,0,0.000000
2550,0,0,0,0,0.000000,0,0,0,0,0,0,0.000000
2551,0,0,0,0,0.000000,0,0,0,0,0,0,0.000000
2552,0,0,0,0,0.000000,0,0,0,0,0,0,0.000000
2553,0,0,0,0,0.000000,0,0,0,0,0,0,0.000000
2554,0,0,0,0,0.000000,0,0,0,0,0,0,0.000000
2555,0,0,0,0,0.000000,0,0,0,0,0,0,0.000000
2556,0,0,0,0,0.000000,0,0,0,0,0,0,0.000000
2557,0,0,0,0,0.000000,0,0,0,0,0,0,0.000000
2558,0,0,0,0,0.000000,0,0,0,0,0,0,0.000000
2559,0,0,0,0,0.000000,0,0,0,0,0,0,0.000000
