run-id,run-name,output-filepath,renderer-variant,visibility-debug-mode,donut-linear-gbuffer,variable,to-use-scene,to-load-texture,use-vfc,scene-variant,scene-importer,scene-path,warmup-frames,measure-frames,auto-terminate,vsync,camera-mode,camera-filepath,camera-keyframe-interval,to-set-start-frame,key-frame,profile-window-frames,capture-frames,capture-output-dir,capture-stride,capture-fps,window-width,window-height,seed,material-assign-strategy,material-assign-max-open,material-assign-locality,material-assign-diversity,camera-pos-x,camera-pos-y,camera-pos-z,camera-lookat-x,camera-lookat-y,camera-lookat-z,camera-near-z,camera-far-z,camera-fov,object-count,material-count,geometry-count,overdraw-count,to-remain-only-in-camera,z-min,z-max,xy-minmax,radius,geometry-div,gbuffer-cnt,texture-count,texture-size,texture-sampling-count,alu-calc-count,pass_name_0,pass_0_time_avg_ms,pass_name_1,pass_1_time_avg_ms,pass_name_2,pass_2_time_avg_ms,pass_name_3,pass_3_time_avg_ms,pass_name_4,pass_4_time_avg_ms,pass_name_5,pass_5_time_avg_ms,pass_name_6,pass_6_time_avg_ms,pass_name_7,pass_7_time_avg_ms,pass_name_8,pass_8_time_avg_ms,pass_name_9,pass_9_time_avg_ms,pass_name_10,pass_10_time_avg_ms,pass_name_11,pass_11_time_avg_ms,pass_name_12,pass_12_time_avg_ms,pass_name_13,pass_13_time_avg_ms,pass_name_14,pass_14_time_avg_ms,pass_name_15,pass_15_time_avg_ms,pass_name_16,pass_16_time_avg_ms,pass_name_17,pass_17_time_avg_ms,pass_name_18,pass_18_time_avg_ms,pass_name_19,pass_19_time_avg_ms,pass_name_20,pass_20_time_avg_ms,pass_name_21,pass_21_time_avg_ms,pass_name_22,pass_22_time_avg_ms,pass_name_23,pass_23_time_avg_ms,pass_name_24,pass_24_time_avg_ms,pass_name_25,pass_25_time_avg_ms,pass_name_26,pass_26_time_avg_ms,pass_name_27,pass_27_time_avg_ms,pass_name_28,pass_28_time_avg_ms,pass_name_29,pass_29_time_avg_ms,pass_name_30,pass_30_time_avg_ms,pass_name_31,pass_31_time_avg_ms,renderer_name,run_current_time,camera-mode-name,total_time_min_ms,total_time_median_ms,total_time_max_ms,total_time_avg_ms,total_time_p01_ms,total_time_p10_ms,total_time_p90_ms,total_time_p99_ms,variable-geometry-count,variable-overdraw-count,variable-waste-quad-count,variable-alu-op-count,param_renderer_variant,param_visibility_debug_mode,param_donut_linear_gbuffer,param_variable,param_to_use_scene,param_to_load_texture,param_use_vfc,param_scene_variant,param_scene_importer,param_scene_path,param_warmup_frames,param_measure_frames,param_vsync,param_camera_mode,param_camera_filepath,param_camera_keyframe_interval,param_to_set_start_frame,param_key_frame,param_profile_window_frames,param_capture_frames,param_capture_stride,param_capture_fps,param_window_width,param_window_height,param_seed,param_material_assign_strategy,param_material_assign_max_open,param_material_assign_locality,param_material_assign_diversity,param_geometry_div,param_camera_pos_x,param_camera_pos_y,param_camera_pos_z,param_camera_lookat_x,param_camera_lookat_y,param_camera_lookat_z,param_camera_near_z,param_camera_far_z,param_camera_fov,param_object_count,param_material_count,param_geometry_count,param_overdraw_count,param_to_remain_only_in_camera,param_z_min,param_z_max,param_xy_minmax,param_radius,param_gbuffer_cnt,param_texture_count,param_texture_size,param_texture_sampling_count,param_alu_calc_count,runner_experiment,runner_repeat,runner_run_index,runner_result_row,runner_status,runner_return_code,runner_error,runner_stderr,runner_skip_reason,runner_missing_assets
0,08_synth_workload_scaling_dense,${RUN_TEMP}\run_00000.csv,8,2,0,0,0,0,0,1,auto,unused,120,600,1,0,0,../../../../../scripts/standard_camera.csv,10,0,0,60,0,captures,1,60,1920,1080,0,0,64,0,1,0,0,-3,0,0,0,0.1,1000,0.785,1,255,1,0,0,-1,1,1,0.5,16,1,1,256,1,100,total,0.19657,depth_prepass,0.00609,geometry,0.06527,lighting,0.08513,tonemap,0.02738,,0.00000,,0.00000,,0.00000,,0.00000,,0.00000,,0.00000,,0.00000,,0.00000,,0.00000,,0.00000,,0.00000,,0.00000,,0.00000,,0.00000,,0.00000,,0.00000,,0.00000,,0.00000,,0.00000,,0.00000,,0.00000,,0.00000,,0.00000,,0.00000,,0.00000,,0.00000,,0.00000,DonutDeferredPrepass,2026-07-30T01:39:26,free,0.18723,0.19690,0.20374,0.19657,0.18832,0.19494,0.19862,0.20141,289,0,16,100,8,2,0,0,0,0,0,1,auto,unused,120,600,0,0,../../../../../scripts/standard_camera.csv,10,0,0,60,0,1,60,1920,1080,0,0,64,0.0,1.0,16,0.0,0.0,-3.0,0.0,0.0,0.0,0.1,1000.0,0.785,1,255,1,0,0,-1.0,1.0,1.0,0.5,1,1,256,1,100,08_synth_workload_scaling_dense,0,0,0,success,0,,"Scene CPU cache disabled; rebuilding source scene.
Log saved to: ${REPOSITORY_ROOT}\out\build\x64-Release\bin\Release\logs\log_2026-07-30_01-39-27.txt",,
1,08_synth_workload_scaling_dense,${RUN_TEMP}\run_00001.csv,9,2,0,1,0,0,0,1,auto,unused,120,600,1,0,0,../../../../../scripts/standard_camera.csv,10,0,0,60,0,captures,1,60,1920,1080,0,0,64,0,1,0,0,-3,0,0,0,0.1,1000,0.785,1,255,1,0,0,-1,1,1,0.5,16,1,1,256,1,100,total,0.36407,visibility,0.02016,visutil_histogram,0.02648,visutil_prefix,0.00206,visutil_flatten,0.03370,gbuffer,0.13090,lighting,0.08692,tonemap,0.03130,,0.00000,,0.00000,,0.00000,,0.00000,,0.00000,,0.00000,,0.00000,,0.00000,,0.00000,,0.00000,,0.00000,,0.00000,,0.00000,,0.00000,,0.00000,,0.00000,,0.00000,,0.00000,,0.00000,,0.00000,,0.00000,,0.00000,,0.00000,,0.00000,DonutVisGBuffer,2026-07-30T01:39:27,free,0.35200,0.36112,0.56515,0.36407,0.35587,0.35821,0.38298,0.39046,289,0,16,100,9,2,0,1,0,0,0,1,auto,unused,120,600,0,0,../../../../../scripts/standard_camera.csv,10,0,0,60,0,1,60,1920,1080,0,0,64,0.0,1.0,16,0.0,0.0,-3.0,0.0,0.0,0.0,0.1,1000.0,0.785,1,255,1,0,0,-1.0,1.0,1.0,0.5,1,1,256,1,100,08_synth_workload_scaling_dense,0,1,0,success,0,,"Scene CPU cache disabled; rebuilding source scene.
Log saved to: ${REPOSITORY_ROOT}\out\build\x64-Release\bin\Release\logs\log_2026-07-30_01-39-31.txt",,
2,08_synth_workload_scaling_dense,${RUN_TEMP}\run_00002.csv,8,2,0,2,0,0,0,1,auto,unused,120,600,1,0,0,../../../../../scripts/standard_camera.csv,10,0,0,60,0,captures,1,60,1920,1080,1,0,64,0,1,0,0,-3,0,0,0,0.1,1000,0.785,1,255,1,0,0,-1,1,1,0.5,16,1,1,256,1,100,total,0.19616,depth_prepass,0.00601,geometry,0.06485,lighting,0.08508,tonemap,0.02743,,0.00000,,0.00000,,0.00000,,0.00000,,0.00000,,0.00000,,0.00000,,0.00000,,0.00000,,0.00000,,0.00000,,0.00000,,0.00000,,0.00000,,0.00000,,0.00000,,0.00000,,0.00000,,0.00000,,0.00000,,0.00000,,0.00000,,0.00000,,0.00000,,0.00000,,0.00000,,0.00000,DonutDeferredPrepass,2026-07-30T01:39:31,free,0.18467,0.19645,0.20336,0.19616,0.18634,0.19469,0.19811,0.20262,289,0,16,100,8,2,0,2,0,0,0,1,auto,unused,120,600,0,0,../../../../../scripts/standard_camera.csv,10,0,0,60,0,1,60,1920,1080,1,0,64,0.0,1.0,16,0.0,0.0,-3.0,0.0,0.0,0.0,0.1,1000.0,0.785,1,255,1,0,0,-1.0,1.0,1.0,0.5,1,1,256,1,100,08_synth_workload_scaling_dense,0,2,0,success,0,,"Scene CPU cache disabled; rebuilding source scene.
Log saved to: ${REPOSITORY_ROOT}\out\build\x64-Release\bin\Release\logs\log_2026-07-30_01-39-32.txt",,
3,08_synth_workload_scaling_dense,${RUN_TEMP}\run_00003.csv,9,2,0,3,0,0,0,1,auto,unused,120,600,1,0,0,../../../../../scripts/standard_camera.csv,10,0,0,60,0,captures,1,60,1920,1080,1,0,64,0,1,0,0,-3,0,0,0,0.1,1000,0.785,1,255,1,0,0,-1,1,1,0.5,16,1,1,256,1,100,total,0.36190,visibility,0.02012,visutil_histogram,0.02622,visutil_prefix,0.00204,visutil_flatten,0.03368,gbuffer,0.13071,lighting,0.08671,tonemap,0.02991,,0.00000,,0.00000,,0.00000,,0.00000,,0.00000,,0.00000,,0.00000,,0.00000,,0.00000,,0.00000,,0.00000,,0.00000,,0.00000,,0.00000,,0.00000,,0.00000,,0.00000,,0.00000,,0.00000,,0.00000,,0.00000,,0.00000,,0.00000,,0.00000,DonutVisGBuffer,2026-07-30T01:39:32,free,0.35530,0.36205,0.37101,0.36190,0.35725,0.35914,0.36461,0.36909,289,0,16,100,9,2,0,3,0,0,0,1,auto,unused,120,600,0,0,../../../../../scripts/standard_camera.csv,10,0,0,60,0,1,60,1920,1080,1,0,64,0.0,1.0,16,0.0,0.0,-3.0,0.0,0.0,0.0,0.1,1000.0,0.785,1,255,1,0,0,-1.0,1.0,1.0,0.5,1,1,256,1,100,08_synth_workload_scaling_dense,0,3,0,success,0,,"Scene CPU cache disabled; rebuilding source scene.
Log saved to: ${REPOSITORY_ROOT}\out\build\x64-Release\bin\Release\logs\log_2026-07-30_01-39-35.txt",,
4,08_synth_workload_scaling_dense,${RUN_TEMP}\run_00004.csv,8,2,0,4,0,0,0,1,auto,unused,120,600,1,0,0,../../../../../scripts/standard_camera.csv,10,0,0,60,0,captures,1,60,1920,1080,0,0,64,0.5,1,0,0,-3,0,0,0,0.1,1000,0.785,1,255,1,0,0,-1,1,1,0.5,16,1,1,256,1,100,total,0.19644,depth_prepass,0.00579,geometry,0.06592,lighting,0.08497,tonemap,0.02706,,0.00000,,0.00000,,0.00000,,0.00000,,0.00000,,0.00000,,0.00000,,0.00000,,0.00000,,0.00000,,0.00000,,0.00000,,0.00000,,0.00000,,0.00000,,0.00000,,0.00000,,0.00000,,0.00000,,0.00000,,0.00000,,0.00000,,0.00000,,0.00000,,0.00000,,0.00000,,0.00000,DonutDeferredPrepass,2026-07-30T01:39:35,free,0.18342,0.19690,0.20394,0.19644,0.18474,0.19520,0.19853,0.20160,289,0,16,100,8,2,0,4,0,0,0,1,auto,unused,120,600,0,0,../../../../../scripts/standard_camera.csv,10,0,0,60,0,1,60,1920,1080,0,0,64,0.5,1.0,16,0.0,0.0,-3.0,0.0,0.0,0.0,0.1,1000.0,0.785,1,255,1,0,0,-1.0,1.0,1.0,0.5,1,1,256,1,100,08_synth_workload_scaling_dense,0,4,0,success,0,,"Scene CPU cache disabled; rebuilding source scene.
Log saved to: ${REPOSITORY_ROOT}\out\build\x64-Release\bin\Release\logs\log_2026-07-30_01-39-36.txt",,
5,08_synth_workload_scaling_dense,${RUN_TEMP}\run_00005.csv,9,2,0,5,0,0,0,1,auto,unused,120,600,1,0,0,../../../../../scripts/standard_camera.csv,10,0,0,60,0,captures,1,60,1920,1080,0,0,64,0.5,1,0,0,-3,0,0,0,0.1,1000,0.785,1,255,1,0,0,-1,1,1,0.5,16,1,1,256,1,100,total,0.36247,visibility,0.02012,visutil_histogram,0.02635,visutil_prefix,0.00205,visutil_flatten,0.03370,gbuffer,0.13107,lighting,0.08689,tonemap,0.02989,,0.00000,,0.00000,,0.00000,,0.00000,,0.00000,,0.00000,,0.00000,,0.00000,,0.00000,,0.00000,,0.00000,,0.00000,,0.00000,,0.00000,,0.00000,,0.00000,,0.00000,,0.00000,,0.00000,,0.00000,,0.00000,,0.00000,,0.00000,,0.00000,DonutVisGBuffer,2026-07-30T01:39:36,free,0.35434,0.36227,0.47930,0.36247,0.35754,0.35978,0.36483,0.37053,289,0,16,100,9,2,0,5,0,0,0,1,auto,unused,120,600,0,0,../../../../../scripts/standard_camera.csv,10,0,0,60,0,1,60,1920,1080,0,0,64,0.5,1.0,16,0.0,0.0,-3.0,0.0,0.0,0.0,0.1,1000.0,0.785,1,255,1,0,0,-1.0,1.0,1.0,0.5,1,1,256,1,100,08_synth_workload_scaling_dense,0,5,0,success,0,,"Scene CPU cache disabled; rebuilding source scene.
Log saved to: ${REPOSITORY_ROOT}\out\build\x64-Release\bin\Release\logs\log_2026-07-30_01-39-39.txt",,
6,08_synth_workload_scaling_dense,${RUN_TEMP}\run_00006.csv,8,2,0,6,0,0,0,1,auto,unused,120,600,1,0,0,../../../../../scripts/standard_camera.csv,10,0,0,60,0,captures,1,60,1920,1080,1,0,64,0.5,1,0,0,-3,0,0,0,0.1,1000,0.785,1,255,1,0,0,-1,1,1,0.5,16,1,1,256,1,100,total,0.19599,depth_prepass,0.00580,geometry,0.06543,lighting,0.08495,tonemap,0.02713,,0.00000,,0.00000,,0.00000,,0.00000,,0.00000,,0.00000,,0.00000,,0.00000,,0.00000,,0.00000,,0.00000,,0.00000,,0.00000,,0.00000,,0.00000,,0.00000,,0.00000,,0.00000,,0.00000,,0.00000,,0.00000,,0.00000,,0.00000,,0.00000,,0.00000,,0.00000,,0.00000,DonutDeferredPrepass,2026-07-30T01:39:39,free,0.18330,0.19638,0.22470,0.19599,0.18493,0.19485,0.19779,0.20170,289,0,16,100,8,2,0,6,0,0,0,1,auto,unused,120,600,0,0,../../../../../scripts/standard_camera.csv,10,0,0,60,0,1,60,1920,1080,1,0,64,0.5,1.0,16,0.0,0.0,-3.0,0.0,0.0,0.0,0.1,1000.0,0.785,1,255,1,0,0,-1.0,1.0,1.0,0.5,1,1,256,1,100,08_synth_workload_scaling_dense,0,6,0,success,0,,"Scene CPU cache disabled; rebuilding source scene.
Log saved to: ${REPOSITORY_ROOT}\out\build\x64-Release\bin\Release\logs\log_2026-07-30_01-39-40.txt",,
7,08_synth_workload_scaling_dense,${RUN_TEMP}\run_00007.csv,9,2,0,7,0,0,0,1,auto,unused,120,600,1,0,0,../../../../../scripts/standard_camera.csv,10,0,0,60,0,captures,1,60,1920,1080,1,0,64,0.5,1,0,0,-3,0,0,0,0.1,1000,0.785,1,255,1,0,0,-1,1,1,0.5,16,1,1,256,1,100,total,0.36206,visibility,0.02013,visutil_histogram,0.02626,visutil_prefix,0.00204,visutil_flatten,0.03369,gbuffer,0.13085,lighting,0.08668,tonemap,0.02994,,0.00000,,0.00000,,0.00000,,0.00000,,0.00000,,0.00000,,0.00000,,0.00000,,0.00000,,0.00000,,0.00000,,0.00000,,0.00000,,0.00000,,0.00000,,0.00000,,0.00000,,0.00000,,0.00000,,0.00000,,0.00000,,0.00000,,0.00000,,0.00000,DonutVisGBuffer,2026-07-30T01:39:40,free,0.35546,0.36214,0.37613,0.36206,0.35706,0.35946,0.36474,0.37085,289,0,16,100,9,2,0,7,0,0,0,1,auto,unused,120,600,0,0,../../../../../scripts/standard_camera.csv,10,0,0,60,0,1,60,1920,1080,1,0,64,0.5,1.0,16,0.0,0.0,-3.0,0.0,0.0,0.0,0.1,1000.0,0.785,1,255,1,0,0,-1.0,1.0,1.0,0.5,1,1,256,1,100,08_synth_workload_scaling_dense,0,7,0,success,0,,"Scene CPU cache disabled; rebuilding source scene.
Log saved to: ${REPOSITORY_ROOT}\out\build\x64-Release\bin\Release\logs\log_2026-07-30_01-39-43.txt",,
8,08_synth_workload_scaling_dense,${RUN_TEMP}\run_00008.csv,8,2,0,8,0,0,0,1,auto,unused,120,600,1,0,0,../../../../../scripts/standard_camera.csv,10,0,0,60,0,captures,1,60,1920,1080,0,0,64,1,1,0,0,-3,0,0,0,0.1,1000,0.785,1,255,1,0,0,-1,1,1,0.5,16,1,1,256,1,100,total,0.20441,depth_prepass,0.00624,geometry,0.07314,lighting,0.08501,tonemap,0.02716,,0.00000,,0.00000,,0.00000,,0.00000,,0.00000,,0.00000,,0.00000,,0.00000,,0.00000,,0.00000,,0.00000,,0.00000,,0.00000,,0.00000,,0.00000,,0.00000,,0.00000,,0.00000,,0.00000,,0.00000,,0.00000,,0.00000,,0.00000,,0.00000,,0.00000,,0.00000,,0.00000,DonutDeferredPrepass,2026-07-30T01:39:43,free,0.18781,0.20560,0.21245,0.20441,0.18979,0.19904,0.20707,0.21021,289,0,16,100,8,2,0,8,0,0,0,1,auto,unused,120,600,0,0,../../../../../scripts/standard_camera.csv,10,0,0,60,0,1,60,1920,1080,0,0,64,1.0,1.0,16,0.0,0.0,-3.0,0.0,0.0,0.0,0.1,1000.0,0.785,1,255,1,0,0,-1.0,1.0,1.0,0.5,1,1,256,1,100,08_synth_workload_scaling_dense,0,8,0,success,0,,"Scene CPU cache disabled; rebuilding source scene.
Log saved to: ${REPOSITORY_ROOT}\out\build\x64-Release\bin\Release\logs\log_2026-07-30_01-39-44.txt",,
9,08_synth_workload_scaling_dense,${RUN_TEMP}\run_00009.csv,9,2,0,9,0,0,0,1,auto,unused,120,600,1,0,0,../../../../../scripts/standard_camera.csv,10,0,0,60,0,captures,1,60,1920,1080,0,0,64,1,1,0,0,-3,0,0,0,0.1,1000,0.785,1,255,1,0,0,-1,1,1,0.5,16,1,1,256,1,100,total,0.36256,visibility,0.02013,visutil_histogram,0.02699,visutil_prefix,0.00204,visutil_flatten,0.03393,gbuffer,0.13133,lighting,0.08664,tonemap,0.02986,,0.00000,,0.00000,,0.00000,,0.00000,,0.00000,,0.00000,,0.00000,,0.00000,,0.00000,,0.00000,,0.00000,,0.00000,,0.00000,,0.00000,,0.00000,,0.00000,,0.00000,,0.00000,,0.00000,,0.00000,,0.00000,,0.00000,,0.00000,,0.00000,DonutVisGBuffer,2026-07-30T01:39:44,free,0.35507,0.36240,0.37350,0.36256,0.35738,0.35984,0.36515,0.37059,289,0,16,100,9,2,0,9,0,0,0,1,auto,unused,120,600,0,0,../../../../../scripts/standard_camera.csv,10,0,0,60,0,1,60,1920,1080,0,0,64,1.0,1.0,16,0.0,0.0,-3.0,0.0,0.0,0.0,0.1,1000.0,0.785,1,255,1,0,0,-1.0,1.0,1.0,0.5,1,1,256,1,100,08_synth_workload_scaling_dense,0,9,0,success,0,,"Scene CPU cache disabled; rebuilding source scene.
Log saved to: ${REPOSITORY_ROOT}\out\build\x64-Release\bin\Release\logs\log_2026-07-30_01-39-47.txt",,
10,08_synth_workload_scaling_dense,${RUN_TEMP}\run_00010.csv,8,2,0,10,0,0,0,1,auto,unused,120,600,1,0,0,../../../../../scripts/standard_camera.csv,10,0,0,60,0,captures,1,60,1920,1080,1,0,64,1,1,0,0,-3,0,0,0,0.1,1000,0.785,1,255,1,0,0,-1,1,1,0.5,16,1,1,256,1,100,total,0.20384,depth_prepass,0.00586,geometry,0.07310,lighting,0.08500,tonemap,0.02716,,0.00000,,0.00000,,0.00000,,0.00000,,0.00000,,0.00000,,0.00000,,0.00000,,0.00000,,0.00000,,0.00000,,0.00000,,0.00000,,0.00000,,0.00000,,0.00000,,0.00000,,0.00000,,0.00000,,0.00000,,0.00000,,0.00000,,0.00000,,0.00000,,0.00000,,0.00000,,0.00000,DonutDeferredPrepass,2026-07-30T01:39:47,free,0.18739,0.20483,0.21040,0.20384,0.18851,0.19795,0.20646,0.20893,289,0,16,100,8,2,0,10,0,0,0,1,auto,unused,120,600,0,0,../../../../../scripts/standard_camera.csv,10,0,0,60,0,1,60,1920,1080,1,0,64,1.0,1.0,16,0.0,0.0,-3.0,0.0,0.0,0.0,0.1,1000.0,0.785,1,255,1,0,0,-1.0,1.0,1.0,0.5,1,1,256,1,100,08_synth_workload_scaling_dense,0,10,0,success,0,,"Scene CPU cache disabled; rebuilding source scene.
Log saved to: ${REPOSITORY_ROOT}\out\build\x64-Release\bin\Release\logs\log_2026-07-30_01-39-48.txt",,
11,08_synth_workload_scaling_dense,${RUN_TEMP}\run_00011.csv,9,2,0,11,0,0,0,1,auto,unused,120,600,1,0,0,../../../../../scripts/standard_camera.csv,10,0,0,60,0,captures,1,60,1920,1080,1,0,64,1,1,0,0,-3,0,0,0,0.1,1000,0.785,1,255,1,0,0,-1,1,1,0.5,16,1,1,256,1,100,total,0.36282,visibility,0.02013,visutil_histogram,0.02696,visutil_prefix,0.00205,visutil_flatten,0.03394,gbuffer,0.13129,lighting,0.08690,tonemap,0.02987,,0.00000,,0.00000,,0.00000,,0.00000,,0.00000,,0.00000,,0.00000,,0.00000,,0.00000,,0.00000,,0.00000,,0.00000,,0.00000,,0.00000,,0.00000,,0.00000,,0.00000,,0.00000,,0.00000,,0.00000,,0.00000,,0.00000,,0.00000,,0.00000,DonutVisGBuffer,2026-07-30T01:39:48,free,0.35603,0.36243,0.48630,0.36282,0.35744,0.35978,0.36608,0.37075,289,0,16,100,9,2,0,11,0,0,0,1,auto,unused,120,600,0,0,../../../../../scripts/standard_camera.csv,10,0,0,60,0,1,60,1920,1080,1,0,64,1.0,1.0,16,0.0,0.0,-3.0,0.0,0.0,0.0,0.1,1000.0,0.785,1,255,1,0,0,-1.0,1.0,1.0,0.5,1,1,256,1,100,08_synth_workload_scaling_dense,0,11,0,success,0,,"Scene CPU cache disabled; rebuilding source scene.
Log saved to: ${REPOSITORY_ROOT}\out\build\x64-Release\bin\Release\logs\log_2026-07-30_01-39-51.txt",,
12,08_synth_workload_scaling_dense,${RUN_TEMP}\run_00012.csv,8,2,0,12,0,0,0,1,auto,unused,120,600,1,0,0,../../../../../scripts/standard_camera.csv,10,0,0,60,0,captures,1,60,1920,1080,0,0,64,0,1,0,0,-3,0,0,0,0.1,1000,0.785,1,255,1,0,0,-1,1,1,0.5,24,1,1,256,1,100,total,0.20939,depth_prepass,0.00668,geometry,0.07741,lighting,0.08505,tonemap,0.02731,,0.00000,,0.00000,,0.00000,,0.00000,,0.00000,,0.00000,,0.00000,,0.00000,,0.00000,,0.00000,,0.00000,,0.00000,,0.00000,,0.00000,,0.00000,,0.00000,,0.00000,,0.00000,,0.00000,,0.00000,,0.00000,,0.00000,,0.00000,,0.00000,,0.00000,,0.00000,,0.00000,DonutDeferredPrepass,2026-07-30T01:39:51,free,0.19578,0.21002,0.22189,0.20939,0.19683,0.20816,0.21133,0.21494,625,0,24,100,8,2,0,12,0,0,0,1,auto,unused,120,600,0,0,../../../../../scripts/standard_camera.csv,10,0,0,60,0,1,60,1920,1080,0,0,64,0.0,1.0,24,0.0,0.0,-3.0,0.0,0.0,0.0,0.1,1000.0,0.785,1,255,1,0,0,-1.0,1.0,1.0,0.5,1,1,256,1,100,08_synth_workload_scaling_dense,0,12,0,success,0,,"Scene CPU cache disabled; rebuilding source scene.
Log saved to: ${REPOSITORY_ROOT}\out\build\x64-Release\bin\Release\logs\log_2026-07-30_01-39-52.txt",,
13,08_synth_workload_scaling_dense,${RUN_TEMP}\run_00013.csv,9,2,0,13,0,0,0,1,auto,unused,120,600,1,0,0,../../../../../scripts/standard_camera.csv,10,0,0,60,0,captures,1,60,1920,1080,0,0,64,0,1,0,0,-3,0,0,0,0.1,1000,0.785,1,255,1,0,0,-1,1,1,0.5,24,1,1,256,1,100,total,0.36588,visibility,0.02198,visutil_histogram,0.02725,visutil_prefix,0.00205,visutil_flatten,0.03477,gbuffer,0.13194,lighting,0.08683,tonemap,0.02992,,0.00000,,0.00000,,0.00000,,0.00000,,0.00000,,0.00000,,0.00000,,0.00000,,0.00000,,0.00000,,0.00000,,0.00000,,0.00000,,0.00000,,0.00000,,0.00000,,0.00000,,0.00000,,0.00000,,0.00000,,0.00000,,0.00000,,0.00000,,0.00000,DonutVisGBuffer,2026-07-30T01:39:52,free,0.35920,0.36605,0.37658,0.36588,0.36029,0.36253,0.36886,0.37286,625,0,24,100,9,2,0,13,0,0,0,1,auto,unused,120,600,0,0,../../../../../scripts/standard_camera.csv,10,0,0,60,0,1,60,1920,1080,0,0,64,0.0,1.0,24,0.0,0.0,-3.0,0.0,0.0,0.0,0.1,1000.0,0.785,1,255,1,0,0,-1.0,1.0,1.0,0.5,1,1,256,1,100,08_synth_workload_scaling_dense,0,13,0,success,0,,"Scene CPU cache disabled; rebuilding source scene.
Log saved to: ${REPOSITORY_ROOT}\out\build\x64-Release\bin\Release\logs\log_2026-07-30_01-39-55.txt",,
14,08_synth_workload_scaling_dense,${RUN_TEMP}\run_00014.csv,8,2,0,14,0,0,0,1,auto,unused,120,600,1,0,0,../../../../../scripts/standard_camera.csv,10,0,0,60,0,captures,1,60,1920,1080,1,0,64,0,1,0,0,-3,0,0,0,0.1,1000,0.785,1,255,1,0,0,-1,1,1,0.5,24,1,1,256,1,100,total,0.20937,depth_prepass,0.00670,geometry,0.07755,lighting,0.08506,tonemap,0.02721,,0.00000,,0.00000,,0.00000,,0.00000,,0.00000,,0.00000,,0.00000,,0.00000,,0.00000,,0.00000,,0.00000,,0.00000,,0.00000,,0.00000,,0.00000,,0.00000,,0.00000,,0.00000,,0.00000,,0.00000,,0.00000,,0.00000,,0.00000,,0.00000,,0.00000,,0.00000,,0.00000,DonutDeferredPrepass,2026-07-30T01:39:55,free,0.19347,0.21008,0.21693,0.20937,0.19610,0.20765,0.21152,0.21514,625,0,24,100,8,2,0,14,0,0,0,1,auto,unused,120,600,0,0,../../../../../scripts/standard_camera.csv,10,0,0,60,0,1,60,1920,1080,1,0,64,0.0,1.0,24,0.0,0.0,-3.0,0.0,0.0,0.0,0.1,1000.0,0.785,1,255,1,0,0,-1.0,1.0,1.0,0.5,1,1,256,1,100,08_synth_workload_scaling_dense,0,14,0,success,0,,"Scene CPU cache disabled; rebuilding source scene.
Log saved to: ${REPOSITORY_ROOT}\out\build\x64-Release\bin\Release\logs\log_2026-07-30_01-39-56.txt",,
15,08_synth_workload_scaling_dense,${RUN_TEMP}\run_00015.csv,9,2,0,15,0,0,0,1,auto,unused,120,600,1,0,0,../../../../../scripts/standard_camera.csv,10,0,0,60,0,captures,1,60,1920,1080,1,0,64,0,1,0,0,-3,0,0,0,0.1,1000,0.785,1,255,1,0,0,-1,1,1,0.5,24,1,1,256,1,100,total,0.36541,visibility,0.02193,visutil_histogram,0.02718,visutil_prefix,0.00205,visutil_flatten,0.03473,gbuffer,0.13172,lighting,0.08681,tonemap,0.02989,,0.00000,,0.00000,,0.00000,,0.00000,,0.00000,,0.00000,,0.00000,,0.00000,,0.00000,,0.00000,,0.00000,,0.00000,,0.00000,,0.00000,,0.00000,,0.00000,,0.00000,,0.00000,,0.00000,,0.00000,,0.00000,,0.00000,,0.00000,,0.00000,DonutVisGBuffer,2026-07-30T01:39:56,free,0.35786,0.36493,0.38070,0.36541,0.35978,0.36218,0.36854,0.37357,625,0,24,100,9,2,0,15,0,0,0,1,auto,unused,120,600,0,0,../../../../../scripts/standard_camera.csv,10,0,0,60,0,1,60,1920,1080,1,0,64,0.0,1.0,24,0.0,0.0,-3.0,0.0,0.0,0.0,0.1,1000.0,0.785,1,255,1,0,0,-1.0,1.0,1.0,0.5,1,1,256,1,100,08_synth_workload_scaling_dense,0,15,0,success,0,,"Scene CPU cache disabled; rebuilding source scene.
Log saved to: ${REPOSITORY_ROOT}\out\build\x64-Release\bin\Release\logs\log_2026-07-30_01-39-59.txt",,
16,08_synth_workload_scaling_dense,${RUN_TEMP}\run_00016.csv,8,2,0,16,0,0,0,1,auto,unused,120,600,1,0,0,../../../../../scripts/standard_camera.csv,10,0,0,60,0,captures,1,60,1920,1080,0,0,64,0.5,1,0,0,-3,0,0,0,0.1,1000,0.785,1,255,1,0,0,-1,1,1,0.5,24,1,1,256,1,100,total,0.20762,depth_prepass,0.00678,geometry,0.07576,lighting,0.08501,tonemap,0.02718,,0.00000,,0.00000,,0.00000,,0.00000,,0.00000,,0.00000,,0.00000,,0.00000,,0.00000,,0.00000,,0.00000,,0.00000,,0.00000,,0.00000,,0.00000,,0.00000,,0.00000,,0.00000,,0.00000,,0.00000,,0.00000,,0.00000,,0.00000,,0.00000,,0.00000,,0.00000,,0.00000,DonutDeferredPrepass,2026-07-30T01:39:59,free,0.19389,0.20848,0.21565,0.20762,0.19520,0.20598,0.20957,0.21267,625,0,24,100,8,2,0,16,0,0,0,1,auto,unused,120,600,0,0,../../../../../scripts/standard_camera.csv,10,0,0,60,0,1,60,1920,1080,0,0,64,0.5,1.0,24,0.0,0.0,-3.0,0.0,0.0,0.0,0.1,1000.0,0.785,1,255,1,0,0,-1.0,1.0,1.0,0.5,1,1,256,1,100,08_synth_workload_scaling_dense,0,16,0,success,0,,"Scene CPU cache disabled; rebuilding source scene.
Log saved to: ${REPOSITORY_ROOT}\out\build\x64-Release\bin\Release\logs\log_2026-07-30_01-40-00.txt",,
17,08_synth_workload_scaling_dense,${RUN_TEMP}\run_00017.csv,9,2,0,17,0,0,0,1,auto,unused,120,600,1,0,0,../../../../../scripts/standard_camera.csv,10,0,0,60,0,captures,1,60,1920,1080,0,0,64,0.5,1,0,0,-3,0,0,0,0.1,1000,0.785,1,255,1,0,0,-1,1,1,0.5,24,1,1,256,1,100,total,0.36527,visibility,0.02183,visutil_histogram,0.02699,visutil_prefix,0.00205,visutil_flatten,0.03443,gbuffer,0.13189,lighting,0.08679,tonemap,0.02987,,0.00000,,0.00000,,0.00000,,0.00000,,0.00000,,0.00000,,0.00000,,0.00000,,0.00000,,0.00000,,0.00000,,0.00000,,0.00000,,0.00000,,0.00000,,0.00000,,0.00000,,0.00000,,0.00000,,0.00000,,0.00000,,0.00000,,0.00000,,0.00000,DonutVisGBuffer,2026-07-30T01:40:00,free,0.35766,0.36467,0.38714,0.36527,0.36010,0.36214,0.36848,0.37478,625,0,24,100,9,2,0,17,0,0,0,1,auto,unused,120,600,0,0,../../../../../scripts/standard_camera.csv,10,0,0,60,0,1,60,1920,1080,0,0,64,0.5,1.0,24,0.0,0.0,-3.0,0.0,0.0,0.0,0.1,1000.0,0.785,1,255,1,0,0,-1.0,1.0,1.0,0.5,1,1,256,1,100,08_synth_workload_scaling_dense,0,17,0,success,0,,"Scene CPU cache disabled; rebuilding source scene.
Log saved to: ${REPOSITORY_ROOT}\out\build\x64-Release\bin\Release\logs\log_2026-07-30_01-40-03.txt",,
18,08_synth_workload_scaling_dense,${RUN_TEMP}\run_00018.csv,8,2,0,18,0,0,0,1,auto,unused,120,600,1,0,0,../../../../../scripts/standard_camera.csv,10,0,0,60,0,captures,1,60,1920,1080,1,0,64,0.5,1,0,0,-3,0,0,0,0.1,1000,0.785,1,255,1,0,0,-1,1,1,0.5,24,1,1,256,1,100,total,0.20736,depth_prepass,0.00659,geometry,0.07509,lighting,0.08512,tonemap,0.02772,,0.00000,,0.00000,,0.00000,,0.00000,,0.00000,,0.00000,,0.00000,,0.00000,,0.00000,,0.00000,,0.00000,,0.00000,,0.00000,,0.00000,,0.00000,,0.00000,,0.00000,,0.00000,,0.00000,,0.00000,,0.00000,,0.00000,,0.00000,,0.00000,,0.00000,,0.00000,,0.00000,DonutDeferredPrepass,2026-07-30T01:40:03,free,0.19597,0.20797,0.21411,0.20736,0.19706,0.20627,0.20922,0.21082,625,0,24,100,8,2,0,18,0,0,0,1,auto,unused,120,600,0,0,../../../../../scripts/standard_camera.csv,10,0,0,60,0,1,60,1920,1080,1,0,64,0.5,1.0,24,0.0,0.0,-3.0,0.0,0.0,0.0,0.1,1000.0,0.785,1,255,1,0,0,-1.0,1.0,1.0,0.5,1,1,256,1,100,08_synth_workload_scaling_dense,0,18,0,success,0,,"Scene CPU cache disabled; rebuilding source scene.
Log saved to: ${REPOSITORY_ROOT}\out\build\x64-Release\bin\Release\logs\log_2026-07-30_01-40-04.txt",,
19,08_synth_workload_scaling_dense,${RUN_TEMP}\run_00019.csv,9,2,0,19,0,0,0,1,auto,unused,120,600,1,0,0,../../../../../scripts/standard_camera.csv,10,0,0,60,0,captures,1,60,1920,1080,1,0,64,0.5,1,0,0,-3,0,0,0,0.1,1000,0.785,1,255,1,0,0,-1,1,1,0.5,24,1,1,256,1,100,total,0.36419,visibility,0.02182,visutil_histogram,0.02700,visutil_prefix,0.00205,visutil_flatten,0.03447,gbuffer,0.13076,lighting,0.08688,tonemap,0.02994,,0.00000,,0.00000,,0.00000,,0.00000,,0.00000,,0.00000,,0.00000,,0.00000,,0.00000,,0.00000,,0.00000,,0.00000,,0.00000,,0.00000,,0.00000,,0.00000,,0.00000,,0.00000,,0.00000,,0.00000,,0.00000,,0.00000,,0.00000,,0.00000,DonutVisGBuffer,2026-07-30T01:40:04,free,0.35600,0.36432,0.37318,0.36419,0.35856,0.36154,0.36678,0.37082,625,0,24,100,9,2,0,19,0,0,0,1,auto,unused,120,600,0,0,../../../../../scripts/standard_camera.csv,10,0,0,60,0,1,60,1920,1080,1,0,64,0.5,1.0,24,0.0,0.0,-3.0,0.0,0.0,0.0,0.1,1000.0,0.785,1,255,1,0,0,-1.0,1.0,1.0,0.5,1,1,256,1,100,08_synth_workload_scaling_dense,0,19,0,success,0,,"Scene CPU cache disabled; rebuilding source scene.
Log saved to: ${REPOSITORY_ROOT}\out\build\x64-Release\bin\Release\logs\log_2026-07-30_01-40-07.txt",,
20,08_synth_workload_scaling_dense,${RUN_TEMP}\run_00020.csv,8,2,0,20,0,0,0,1,auto,unused,120,600,1,0,0,../../../../../scripts/standard_camera.csv,10,0,0,60,0,captures,1,60,1920,1080,0,0,64,1,1,0,0,-3,0,0,0,0.1,1000,0.785,1,255,1,0,0,-1,1,1,0.5,24,1,1,256,1,100,total,0.19956,depth_prepass,0.00699,geometry,0.06720,lighting,0.08497,tonemap,0.02752,,0.00000,,0.00000,,0.00000,,0.00000,,0.00000,,0.00000,,0.00000,,0.00000,,0.00000,,0.00000,,0.00000,,0.00000,,0.00000,,0.00000,,0.00000,,0.00000,,0.00000,,0.00000,,0.00000,,0.00000,,0.00000,,0.00000,,0.00000,,0.00000,,0.00000,,0.00000,,0.00000,DonutDeferredPrepass,2026-07-30T01:40:07,free,0.18746,0.20016,0.20714,0.19956,0.18877,0.19821,0.20125,0.20400,625,0,24,100,8,2,0,20,0,0,0,1,auto,unused,120,600,0,0,../../../../../scripts/standard_camera.csv,10,0,0,60,0,1,60,1920,1080,0,0,64,1.0,1.0,24,0.0,0.0,-3.0,0.0,0.0,0.0,0.1,1000.0,0.785,1,255,1,0,0,-1.0,1.0,1.0,0.5,1,1,256,1,100,08_synth_workload_scaling_dense,0,20,0,success,0,,"Scene CPU cache disabled; rebuilding source scene.
Log saved to: ${REPOSITORY_ROOT}\out\build\x64-Release\bin\Release\logs\log_2026-07-30_01-40-08.txt",,
21,08_synth_workload_scaling_dense,${RUN_TEMP}\run_00021.csv,9,2,0,21,0,0,0,1,auto,unused,120,600,1,0,0,../../../../../scripts/standard_camera.csv,10,0,0,60,0,captures,1,60,1920,1080,0,0,64,1,1,0,0,-3,0,0,0,0.1,1000,0.785,1,255,1,0,0,-1,1,1,0.5,24,1,1,256,1,100,total,0.36308,visibility,0.02152,visutil_histogram,0.02639,visutil_prefix,0.00205,visutil_flatten,0.03358,gbuffer,0.12991,lighting,0.08698,tonemap,0.02993,,0.00000,,0.00000,,0.00000,,0.00000,,0.00000,,0.00000,,0.00000,,0.00000,,0.00000,,0.00000,,0.00000,,0.00000,,0.00000,,0.00000,,0.00000,,0.00000,,0.00000,,0.00000,,0.00000,,0.00000,,0.00000,,0.00000,,0.00000,,0.00000,DonutVisGBuffer,2026-07-30T01:40:08,free,0.35408,0.36266,0.37117,0.36308,0.35738,0.36022,0.36653,0.37021,625,0,24,100,9,2,0,21,0,0,0,1,auto,unused,120,600,0,0,../../../../../scripts/standard_camera.csv,10,0,0,60,0,1,60,1920,1080,0,0,64,1.0,1.0,24,0.0,0.0,-3.0,0.0,0.0,0.0,0.1,1000.0,0.785,1,255,1,0,0,-1.0,1.0,1.0,0.5,1,1,256,1,100,08_synth_workload_scaling_dense,0,21,0,success,0,,"Scene CPU cache disabled; rebuilding source scene.
Log saved to: ${REPOSITORY_ROOT}\out\build\x64-Release\bin\Release\logs\log_2026-07-30_01-40-11.txt",,
22,08_synth_workload_scaling_dense,${RUN_TEMP}\run_00022.csv,8,2,0,22,0,0,0,1,auto,unused,120,600,1,0,0,../../../../../scripts/standard_camera.csv,10,0,0,60,0,captures,1,60,1920,1080,1,0,64,1,1,0,0,-3,0,0,0,0.1,1000,0.785,1,255,1,0,0,-1,1,1,0.5,24,1,1,256,1,100,total,0.19913,depth_prepass,0.00661,geometry,0.06723,lighting,0.08501,tonemap,0.02755,,0.00000,,0.00000,,0.00000,,0.00000,,0.00000,,0.00000,,0.00000,,0.00000,,0.00000,,0.00000,,0.00000,,0.00000,,0.00000,,0.00000,,0.00000,,0.00000,,0.00000,,0.00000,,0.00000,,0.00000,,0.00000,,0.00000,,0.00000,,0.00000,,0.00000,,0.00000,,0.00000,DonutDeferredPrepass,2026-07-30T01:40:11,free,0.18771,0.19939,0.20736,0.19913,0.18864,0.19818,0.20118,0.20410,625,0,24,100,8,2,0,22,0,0,0,1,auto,unused,120,600,0,0,../../../../../scripts/standard_camera.csv,10,0,0,60,0,1,60,1920,1080,1,0,64,1.0,1.0,24,0.0,0.0,-3.0,0.0,0.0,0.0,0.1,1000.0,0.785,1,255,1,0,0,-1.0,1.0,1.0,0.5,1,1,256,1,100,08_synth_workload_scaling_dense,0,22,0,success,0,,"Scene CPU cache disabled; rebuilding source scene.
Log saved to: ${REPOSITORY_ROOT}\out\build\x64-Release\bin\Release\logs\log_2026-07-30_01-40-12.txt",,
23,08_synth_workload_scaling_dense,${RUN_TEMP}\run_00023.csv,9,2,0,23,0,0,0,1,auto,unused,120,600,1,0,0,../../../../../scripts/standard_camera.csv,10,0,0,60,0,captures,1,60,1920,1080,1,0,64,1,1,0,0,-3,0,0,0,0.1,1000,0.785,1,255,1,0,0,-1,1,1,0.5,24,1,1,256,1,100,total,0.36157,visibility,0.02155,visutil_histogram,0.02631,visutil_prefix,0.00205,visutil_flatten,0.03359,gbuffer,0.12834,lighting,0.08707,tonemap,0.02997,,0.00000,,0.00000,,0.00000,,0.00000,,0.00000,,0.00000,,0.00000,,0.00000,,0.00000,,0.00000,,0.00000,,0.00000,,0.00000,,0.00000,,0.00000,,0.00000,,0.00000,,0.00000,,0.00000,,0.00000,,0.00000,,0.00000,,0.00000,,0.00000,DonutVisGBuffer,2026-07-30T01:40:12,free,0.35405,0.36163,0.37318,0.36157,0.35613,0.35837,0.36461,0.37082,625,0,24,100,9,2,0,23,0,0,0,1,auto,unused,120,600,0,0,../../../../../scripts/standard_camera.csv,10,0,0,60,0,1,60,1920,1080,1,0,64,1.0,1.0,24,0.0,0.0,-3.0,0.0,0.0,0.0,0.1,1000.0,0.785,1,255,1,0,0,-1.0,1.0,1.0,0.5,1,1,256,1,100,08_synth_workload_scaling_dense,0,23,0,success,0,,"Scene CPU cache disabled; rebuilding source scene.
Log saved to: ${REPOSITORY_ROOT}\out\build\x64-Release\bin\Release\logs\log_2026-07-30_01-40-15.txt",,
24,08_synth_workload_scaling_dense,${RUN_TEMP}\run_00024.csv,8,2,0,24,0,0,0,1,auto,unused,120,600,1,0,0,../../../../../scripts/standard_camera.csv,10,0,0,60,0,captures,1,60,1920,1080,0,0,64,0,1,0,0,-3,0,0,0,0.1,1000,0.785,1,255,1,0,0,-1,1,1,0.5,32,1,1,256,1,100,total,0.21651,depth_prepass,0.00687,geometry,0.08462,lighting,0.08509,tonemap,0.02725,,0.00000,,0.00000,,0.00000,,0.00000,,0.00000,,0.00000,,0.00000,,0.00000,,0.00000,,0.00000,,0.00000,,0.00000,,0.00000,,0.00000,,0.00000,,0.00000,,0.00000,,0.00000,,0.00000,,0.00000,,0.00000,,0.00000,,0.00000,,0.00000,,0.00000,,0.00000,,0.00000,DonutDeferredPrepass,2026-07-30T01:40:15,free,0.19968,0.21744,0.22701,0.21651,0.20115,0.21139,0.21914,0.22256,1089,0,32,100,8,2,0,24,0,0,0,1,auto,unused,120,600,0,0,../../../../../scripts/standard_camera.csv,10,0,0,60,0,1,60,1920,1080,0,0,64,0.0,1.0,32,0.0,0.0,-3.0,0.0,0.0,0.0,0.1,1000.0,0.785,1,255,1,0,0,-1.0,1.0,1.0,0.5,1,1,256,1,100,08_synth_workload_scaling_dense,0,24,0,success,0,,"Scene CPU cache disabled; rebuilding source scene.
Log saved to: ${REPOSITORY_ROOT}\out\build\x64-Release\bin\Release\logs\log_2026-07-30_01-40-16.txt",,
25,08_synth_workload_scaling_dense,${RUN_TEMP}\run_00025.csv,9,2,0,25,0,0,0,1,auto,unused,120,600,1,0,0,../../../../../scripts/standard_camera.csv,10,0,0,60,0,captures,1,60,1920,1080,0,0,64,0,1,0,0,-3,0,0,0,0.1,1000,0.785,1,255,1,0,0,-1,1,1,0.5,32,1,1,256,1,100,total,0.37045,visibility,0.02370,visutil_histogram,0.02731,visutil_prefix,0.00206,visutil_flatten,0.03537,gbuffer,0.13239,lighting,0.08746,tonemap,0.02980,,0.00000,,0.00000,,0.00000,,0.00000,,0.00000,,0.00000,,0.00000,,0.00000,,0.00000,,0.00000,,0.00000,,0.00000,,0.00000,,0.00000,,0.00000,,0.00000,,0.00000,,0.00000,,0.00000,,0.00000,,0.00000,,0.00000,,0.00000,,0.00000,DonutVisGBuffer,2026-07-30T01:40:16,free,0.36339,0.37040,0.38330,0.37045,0.36538,0.36765,0.37334,0.37866,1089,0,32,100,9,2,0,25,0,0,0,1,auto,unused,120,600,0,0,../../../../../scripts/standard_camera.csv,10,0,0,60,0,1,60,1920,1080,0,0,64,0.0,1.0,32,0.0,0.0,-3.0,0.0,0.0,0.0,0.1,1000.0,0.785,1,255,1,0,0,-1.0,1.0,1.0,0.5,1,1,256,1,100,08_synth_workload_scaling_dense,0,25,0,success,0,,"Scene CPU cache disabled; rebuilding source scene.
Log saved to: ${REPOSITORY_ROOT}\out\build\x64-Release\bin\Release\logs\log_2026-07-30_01-40-19.txt",,
26,08_synth_workload_scaling_dense,${RUN_TEMP}\run_00026.csv,8,2,0,26,0,0,0,1,auto,unused,120,600,1,0,0,../../../../../scripts/standard_camera.csv,10,0,0,60,0,captures,1,60,1920,1080,1,0,64,0,1,0,0,-3,0,0,0,0.1,1000,0.785,1,255,1,0,0,-1,1,1,0.5,32,1,1,256,1,100,total,0.21695,depth_prepass,0.00701,geometry,0.08472,lighting,0.08511,tonemap,0.02736,,0.00000,,0.00000,,0.00000,,0.00000,,0.00000,,0.00000,,0.00000,,0.00000,,0.00000,,0.00000,,0.00000,,0.00000,,0.00000,,0.00000,,0.00000,,0.00000,,0.00000,,0.00000,,0.00000,,0.00000,,0.00000,,0.00000,,0.00000,,0.00000,,0.00000,,0.00000,,0.00000,DonutDeferredPrepass,2026-07-30T01:40:19,free,0.20042,0.21789,0.22746,0.21695,0.20138,0.21174,0.21968,0.22355,1089,0,32,100,8,2,0,26,0,0,0,1,auto,unused,120,600,0,0,../../../../../scripts/standard_camera.csv,10,0,0,60,0,1,60,1920,1080,1,0,64,0.0,1.0,32,0.0,0.0,-3.0,0.0,0.0,0.0,0.1,1000.0,0.785,1,255,1,0,0,-1.0,1.0,1.0,0.5,1,1,256,1,100,08_synth_workload_scaling_dense,0,26,0,success,0,,"Scene CPU cache disabled; rebuilding source scene.
Log saved to: ${REPOSITORY_ROOT}\out\build\x64-Release\bin\Release\logs\log_2026-07-30_01-40-20.txt",,
27,08_synth_workload_scaling_dense,${RUN_TEMP}\run_00027.csv,9,2,0,27,0,0,0,1,auto,unused,120,600,1,0,0,../../../../../scripts/standard_camera.csv,10,0,0,60,0,captures,1,60,1920,1080,1,0,64,0,1,0,0,-3,0,0,0,0.1,1000,0.785,1,255,1,0,0,-1,1,1,0.5,32,1,1,256,1,100,total,0.37023,visibility,0.02377,visutil_histogram,0.02730,visutil_prefix,0.00206,visutil_flatten,0.03536,gbuffer,0.13202,lighting,0.08750,tonemap,0.02985,,0.00000,,0.00000,,0.00000,,0.00000,,0.00000,,0.00000,,0.00000,,0.00000,,0.00000,,0.00000,,0.00000,,0.00000,,0.00000,,0.00000,,0.00000,,0.00000,,0.00000,,0.00000,,0.00000,,0.00000,,0.00000,,0.00000,,0.00000,,0.00000,DonutVisGBuffer,2026-07-30T01:40:20,free,0.36381,0.37037,0.37808,0.37023,0.36560,0.36752,0.37280,0.37738,1089,0,32,100,9,2,0,27,0,0,0,1,auto,unused,120,600,0,0,../../../../../scripts/standard_camera.csv,10,0,0,60,0,1,60,1920,1080,1,0,64,0.0,1.0,32,0.0,0.0,-3.0,0.0,0.0,0.0,0.1,1000.0,0.785,1,255,1,0,0,-1.0,1.0,1.0,0.5,1,1,256,1,100,08_synth_workload_scaling_dense,0,27,0,success,0,,"Scene CPU cache disabled; rebuilding source scene.
Log saved to: ${REPOSITORY_ROOT}\out\build\x64-Release\bin\Release\logs\log_2026-07-30_01-40-23.txt",,
28,08_synth_workload_scaling_dense,${RUN_TEMP}\run_00028.csv,8,2,0,28,0,0,0,1,auto,unused,120,600,1,0,0,../../../../../scripts/standard_camera.csv,10,0,0,60,0,captures,1,60,1920,1080,0,0,64,0.5,1,0,0,-3,0,0,0,0.1,1000,0.785,1,255,1,0,0,-1,1,1,0.5,32,1,1,256,1,100,total,0.21709,depth_prepass,0.00704,geometry,0.08441,lighting,0.08519,tonemap,0.02778,,0.00000,,0.00000,,0.00000,,0.00000,,0.00000,,0.00000,,0.00000,,0.00000,,0.00000,,0.00000,,0.00000,,0.00000,,0.00000,,0.00000,,0.00000,,0.00000,,0.00000,,0.00000,,0.00000,,0.00000,,0.00000,,0.00000,,0.00000,,0.00000,,0.00000,,0.00000,,0.00000,DonutDeferredPrepass,2026-07-30T01:40:23,free,0.19898,0.21786,0.22640,0.21709,0.20109,0.21430,0.21974,0.22426,1089,0,32,100,8,2,0,28,0,0,0,1,auto,unused,120,600,0,0,../../../../../scripts/standard_camera.csv,10,0,0,60,0,1,60,1920,1080,0,0,64,0.5,1.0,32,0.0,0.0,-3.0,0.0,0.0,0.0,0.1,1000.0,0.785,1,255,1,0,0,-1.0,1.0,1.0,0.5,1,1,256,1,100,08_synth_workload_scaling_dense,0,28,0,success,0,,"Scene CPU cache disabled; rebuilding source scene.
Log saved to: ${REPOSITORY_ROOT}\out\build\x64-Release\bin\Release\logs\log_2026-07-30_01-40-24.txt",,
29,08_synth_workload_scaling_dense,${RUN_TEMP}\run_00029.csv,9,2,0,29,0,0,0,1,auto,unused,120,600,1,0,0,../../../../../scripts/standard_camera.csv,10,0,0,60,0,captures,1,60,1920,1080,0,0,64,0.5,1,0,0,-3,0,0,0,0.1,1000,0.785,1,255,1,0,0,-1,1,1,0.5,32,1,1,256,1,100,total,0.37108,visibility,0.02361,visutil_histogram,0.02722,visutil_prefix,0.00205,visutil_flatten,0.03504,gbuffer,0.13263,lighting,0.08747,tonemap,0.02990,,0.00000,,0.00000,,0.00000,,0.00000,,0.00000,,0.00000,,0.00000,,0.00000,,0.00000,,0.00000,,0.00000,,0.00000,,0.00000,,0.00000,,0.00000,,0.00000,,0.00000,,0.00000,,0.00000,,0.00000,,0.00000,,0.00000,,0.00000,,0.00000,DonutVisGBuffer,2026-07-30T01:40:24,free,0.36387,0.37066,0.51478,0.37108,0.36611,0.36800,0.37440,0.37875,1089,0,32,100,9,2,0,29,0,0,0,1,auto,unused,120,600,0,0,../../../../../scripts/standard_camera.csv,10,0,0,60,0,1,60,1920,1080,0,0,64,0.5,1.0,32,0.0,0.0,-3.0,0.0,0.0,0.0,0.1,1000.0,0.785,1,255,1,0,0,-1.0,1.0,1.0,0.5,1,1,256,1,100,08_synth_workload_scaling_dense,0,29,0,success,0,,"Scene CPU cache disabled; rebuilding source scene.
Log saved to: ${REPOSITORY_ROOT}\out\build\x64-Release\bin\Release\logs\log_2026-07-30_01-40-27.txt",,
30,08_synth_workload_scaling_dense,${RUN_TEMP}\run_00030.csv,8,2,0,30,0,0,0,1,auto,unused,120,600,1,0,0,../../../../../scripts/standard_camera.csv,10,0,0,60,0,captures,1,60,1920,1080,1,0,64,0.5,1,0,0,-3,0,0,0,0.1,1000,0.785,1,255,1,0,0,-1,1,1,0.5,32,1,1,256,1,100,total,0.21729,depth_prepass,0.00726,geometry,0.08451,lighting,0.08510,tonemap,0.02753,,0.00000,,0.00000,,0.00000,,0.00000,,0.00000,,0.00000,,0.00000,,0.00000,,0.00000,,0.00000,,0.00000,,0.00000,,0.00000,,0.00000,,0.00000,,0.00000,,0.00000,,0.00000,,0.00000,,0.00000,,0.00000,,0.00000,,0.00000,,0.00000,,0.00000,,0.00000,,0.00000,DonutDeferredPrepass,2026-07-30T01:40:27,free,0.20061,0.21840,0.23418,0.21729,0.20166,0.21091,0.21984,0.22342,1089,0,32,100,8,2,0,30,0,0,0,1,auto,unused,120,600,0,0,../../../../../scripts/standard_camera.csv,10,0,0,60,0,1,60,1920,1080,1,0,64,0.5,1.0,32,0.0,0.0,-3.0,0.0,0.0,0.0,0.1,1000.0,0.785,1,255,1,0,0,-1.0,1.0,1.0,0.5,1,1,256,1,100,08_synth_workload_scaling_dense,0,30,0,success,0,,"Scene CPU cache disabled; rebuilding source scene.
Log saved to: ${REPOSITORY_ROOT}\out\build\x64-Release\bin\Release\logs\log_2026-07-30_01-40-28.txt",,
31,08_synth_workload_scaling_dense,${RUN_TEMP}\run_00031.csv,9,2,0,31,0,0,0,1,auto,unused,120,600,1,0,0,../../../../../scripts/standard_camera.csv,10,0,0,60,0,captures,1,60,1920,1080,1,0,64,0.5,1,0,0,-3,0,0,0,0.1,1000,0.785,1,255,1,0,0,-1,1,1,0.5,32,1,1,256,1,100,total,0.37032,visibility,0.02360,visutil_histogram,0.02724,visutil_prefix,0.00205,visutil_flatten,0.03504,gbuffer,0.13231,lighting,0.08741,tonemap,0.02987,,0.00000,,0.00000,,0.00000,,0.00000,,0.00000,,0.00000,,0.00000,,0.00000,,0.00000,,0.00000,,0.00000,,0.00000,,0.00000,,0.00000,,0.00000,,0.00000,,0.00000,,0.00000,,0.00000,,0.00000,,0.00000,,0.00000,,0.00000,,0.00000,DonutVisGBuffer,2026-07-30T01:40:28,free,0.36342,0.37040,0.37981,0.37032,0.36435,0.36682,0.37350,0.37862,1089,0,32,100,9,2,0,31,0,0,0,1,auto,unused,120,600,0,0,../../../../../scripts/standard_camera.csv,10,0,0,60,0,1,60,1920,1080,1,0,64,0.5,1.0,32,0.0,0.0,-3.0,0.0,0.0,0.0,0.1,1000.0,0.785,1,255,1,0,0,-1.0,1.0,1.0,0.5,1,1,256,1,100,08_synth_workload_scaling_dense,0,31,0,success,0,,"Scene CPU cache disabled; rebuilding source scene.
Log saved to: ${REPOSITORY_ROOT}\out\build\x64-Release\bin\Release\logs\log_2026-07-30_01-40-31.txt",,
32,08_synth_workload_scaling_dense,${RUN_TEMP}\run_00032.csv,8,2,0,32,0,0,0,1,auto,unused,120,600,1,0,0,../../../../../scripts/standard_camera.csv,10,0,0,60,0,captures,1,60,1920,1080,0,0,64,1,1,0,0,-3,0,0,0,0.1,1000,0.785,1,255,1,0,0,-1,1,1,0.5,32,1,1,256,1,100,total,0.21572,depth_prepass,0.00762,geometry,0.08273,lighting,0.08507,tonemap,0.02734,,0.00000,,0.00000,,0.00000,,0.00000,,0.00000,,0.00000,,0.00000,,0.00000,,0.00000,,0.00000,,0.00000,,0.00000,,0.00000,,0.00000,,0.00000,,0.00000,,0.00000,,0.00000,,0.00000,,0.00000,,0.00000,,0.00000,,0.00000,,0.00000,,0.00000,,0.00000,,0.00000,DonutDeferredPrepass,2026-07-30T01:40:31,free,0.19894,0.21693,0.22336,0.21572,0.20042,0.20992,0.21824,0.22109,1089,0,32,100,8,2,0,32,0,0,0,1,auto,unused,120,600,0,0,../../../../../scripts/standard_camera.csv,10,0,0,60,0,1,60,1920,1080,0,0,64,1.0,1.0,32,0.0,0.0,-3.0,0.0,0.0,0.0,0.1,1000.0,0.785,1,255,1,0,0,-1.0,1.0,1.0,0.5,1,1,256,1,100,08_synth_workload_scaling_dense,0,32,0,success,0,,"Scene CPU cache disabled; rebuilding source scene.
Log saved to: ${REPOSITORY_ROOT}\out\build\x64-Release\bin\Release\logs\log_2026-07-30_01-40-32.txt",,
33,08_synth_workload_scaling_dense,${RUN_TEMP}\run_00033.csv,9,2,0,33,0,0,0,1,auto,unused,120,600,1,0,0,../../../../../scripts/standard_camera.csv,10,0,0,60,0,captures,1,60,1920,1080,0,0,64,1,1,0,0,-3,0,0,0,0.1,1000,0.785,1,255,1,0,0,-1,1,1,0.5,32,1,1,256,1,100,total,0.36795,visibility,0.02301,visutil_histogram,0.02707,visutil_prefix,0.00206,visutil_flatten,0.03419,gbuffer,0.13208,lighting,0.08738,tonemap,0.02988,,0.00000,,0.00000,,0.00000,,0.00000,,0.00000,,0.00000,,0.00000,,0.00000,,0.00000,,0.00000,,0.00000,,0.00000,,0.00000,,0.00000,,0.00000,,0.00000,,0.00000,,0.00000,,0.00000,,0.00000,,0.00000,,0.00000,,0.00000,,0.00000,DonutVisGBuffer,2026-07-30T01:40:32,free,0.36022,0.36829,0.38138,0.36795,0.36243,0.36454,0.37082,0.37699,1089,0,32,100,9,2,0,33,0,0,0,1,auto,unused,120,600,0,0,../../../../../scripts/standard_camera.csv,10,0,0,60,0,1,60,1920,1080,0,0,64,1.0,1.0,32,0.0,0.0,-3.0,0.0,0.0,0.0,0.1,1000.0,0.785,1,255,1,0,0,-1.0,1.0,1.0,0.5,1,1,256,1,100,08_synth_workload_scaling_dense,0,33,0,success,0,,"Scene CPU cache disabled; rebuilding source scene.
Log saved to: ${REPOSITORY_ROOT}\out\build\x64-Release\bin\Release\logs\log_2026-07-30_01-40-35.txt",,
34,08_synth_workload_scaling_dense,${RUN_TEMP}\run_00034.csv,8,2,0,34,0,0,0,1,auto,unused,120,600,1,0,0,../../../../../scripts/standard_camera.csv,10,0,0,60,0,captures,1,60,1920,1080,1,0,64,1,1,0,0,-3,0,0,0,0.1,1000,0.785,1,255,1,0,0,-1,1,1,0.5,32,1,1,256,1,100,total,0.21580,depth_prepass,0.00760,geometry,0.08277,lighting,0.08514,tonemap,0.02737,,0.00000,,0.00000,,0.00000,,0.00000,,0.00000,,0.00000,,0.00000,,0.00000,,0.00000,,0.00000,,0.00000,,0.00000,,0.00000,,0.00000,,0.00000,,0.00000,,0.00000,,0.00000,,0.00000,,0.00000,,0.00000,,0.00000,,0.00000,,0.00000,,0.00000,,0.00000,,0.00000,DonutDeferredPrepass,2026-07-30T01:40:35,free,0.20048,0.21693,0.22374,0.21580,0.20163,0.20947,0.21834,0.21920,1089,0,32,100,8,2,0,34,0,0,0,1,auto,unused,120,600,0,0,../../../../../scripts/standard_camera.csv,10,0,0,60,0,1,60,1920,1080,1,0,64,1.0,1.0,32,0.0,0.0,-3.0,0.0,0.0,0.0,0.1,1000.0,0.785,1,255,1,0,0,-1.0,1.0,1.0,0.5,1,1,256,1,100,08_synth_workload_scaling_dense,0,34,0,success,0,,"Scene CPU cache disabled; rebuilding source scene.
Log saved to: ${REPOSITORY_ROOT}\out\build\x64-Release\bin\Release\logs\log_2026-07-30_01-40-37.txt",,
35,08_synth_workload_scaling_dense,${RUN_TEMP}\run_00035.csv,9,2,0,35,0,0,0,1,auto,unused,120,600,1,0,0,../../../../../scripts/standard_camera.csv,10,0,0,60,0,captures,1,60,1920,1080,1,0,64,1,1,0,0,-3,0,0,0,0.1,1000,0.785,1,255,1,0,0,-1,1,1,0.5,32,1,1,256,1,100,total,0.36781,visibility,0.02307,visutil_histogram,0.02701,visutil_prefix,0.00206,visutil_flatten,0.03422,gbuffer,0.13208,lighting,0.08735,tonemap,0.02985,,0.00000,,0.00000,,0.00000,,0.00000,,0.00000,,0.00000,,0.00000,,0.00000,,0.00000,,0.00000,,0.00000,,0.00000,,0.00000,,0.00000,,0.00000,,0.00000,,0.00000,,0.00000,,0.00000,,0.00000,,0.00000,,0.00000,,0.00000,,0.00000,DonutVisGBuffer,2026-07-30T01:40:37,free,0.36118,0.36810,0.37914,0.36781,0.36202,0.36454,0.37066,0.37645,1089,0,32,100,9,2,0,35,0,0,0,1,auto,unused,120,600,0,0,../../../../../scripts/standard_camera.csv,10,0,0,60,0,1,60,1920,1080,1,0,64,1.0,1.0,32,0.0,0.0,-3.0,0.0,0.0,0.0,0.1,1000.0,0.785,1,255,1,0,0,-1.0,1.0,1.0,0.5,1,1,256,1,100,08_synth_workload_scaling_dense,0,35,0,success,0,,"Scene CPU cache disabled; rebuilding source scene.
Log saved to: ${REPOSITORY_ROOT}\out\build\x64-Release\bin\Release\logs\log_2026-07-30_01-40-39.txt",,
36,08_synth_workload_scaling_dense,${RUN_TEMP}\run_00036.csv,8,2,0,36,0,0,0,1,auto,unused,120,600,1,0,0,../../../../../scripts/standard_camera.csv,10,0,0,60,0,captures,1,60,1920,1080,0,0,64,0,1,0,0,-3,0,0,0,0.1,1000,0.785,1,255,1,0,0,-1,1,1,0.5,48,1,1,256,1,100,total,0.22141,depth_prepass,0.00851,geometry,0.08666,lighting,0.08526,tonemap,0.02816,,0.00000,,0.00000,,0.00000,,0.00000,,0.00000,,0.00000,,0.00000,,0.00000,,0.00000,,0.00000,,0.00000,,0.00000,,0.00000,,0.00000,,0.00000,,0.00000,,0.00000,,0.00000,,0.00000,,0.00000,,0.00000,,0.00000,,0.00000,,0.00000,,0.00000,,0.00000,,0.00000,DonutDeferredPrepass,2026-07-30T01:40:40,free,0.21126,0.22176,0.24198,0.22141,0.21197,0.22006,0.22307,0.22701,2401,0,48,100,8,2,0,36,0,0,0,1,auto,unused,120,600,0,0,../../../../../scripts/standard_camera.csv,10,0,0,60,0,1,60,1920,1080,0,0,64,0.0,1.0,48,0.0,0.0,-3.0,0.0,0.0,0.0,0.1,1000.0,0.785,1,255,1,0,0,-1.0,1.0,1.0,0.5,1,1,256,1,100,08_synth_workload_scaling_dense,0,36,0,success,0,,"Scene CPU cache disabled; rebuilding source scene.
Log saved to: ${REPOSITORY_ROOT}\out\build\x64-Release\bin\Release\logs\log_2026-07-30_01-40-41.txt",,
37,08_synth_workload_scaling_dense,${RUN_TEMP}\run_00037.csv,9,2,0,37,0,0,0,1,auto,unused,120,600,1,0,0,../../../../../scripts/standard_camera.csv,10,0,0,60,0,captures,1,60,1920,1080,0,0,64,0,1,0,0,-3,0,0,0,0.1,1000,0.785,1,255,1,0,0,-1,1,1,0.5,48,1,1,256,1,100,total,0.37607,visibility,0.02661,visutil_histogram,0.02809,visutil_prefix,0.00206,visutil_flatten,0.03666,gbuffer,0.13359,lighting,0.08765,tonemap,0.02985,,0.00000,,0.00000,,0.00000,,0.00000,,0.00000,,0.00000,,0.00000,,0.00000,,0.00000,,0.00000,,0.00000,,0.00000,,0.00000,,0.00000,,0.00000,,0.00000,,0.00000,,0.00000,,0.00000,,0.00000,,0.00000,,0.00000,,0.00000,,0.00000,DonutVisGBuffer,2026-07-30T01:40:41,free,0.36966,0.37635,0.38902,0.37607,0.37075,0.37277,0.37898,0.38358,2401,0,48,100,9,2,0,37,0,0,0,1,auto,unused,120,600,0,0,../../../../../scripts/standard_camera.csv,10,0,0,60,0,1,60,1920,1080,0,0,64,0.0,1.0,48,0.0,0.0,-3.0,0.0,0.0,0.0,0.1,1000.0,0.785,1,255,1,0,0,-1.0,1.0,1.0,0.5,1,1,256,1,100,08_synth_workload_scaling_dense,0,37,0,success,0,,"Scene CPU cache disabled; rebuilding source scene.
Log saved to: ${REPOSITORY_ROOT}\out\build\x64-Release\bin\Release\logs\log_2026-07-30_01-40-44.txt",,
38,08_synth_workload_scaling_dense,${RUN_TEMP}\run_00038.csv,8,2,0,38,0,0,0,1,auto,unused,120,600,1,0,0,../../../../../scripts/standard_camera.csv,10,0,0,60,0,captures,1,60,1920,1080,1,0,64,0,1,0,0,-3,0,0,0,0.1,1000,0.785,1,255,1,0,0,-1,1,1,0.5,48,1,1,256,1,100,total,0.22093,depth_prepass,0.00837,geometry,0.08652,lighting,0.08521,tonemap,0.02800,,0.00000,,0.00000,,0.00000,,0.00000,,0.00000,,0.00000,,0.00000,,0.00000,,0.00000,,0.00000,,0.00000,,0.00000,,0.00000,,0.00000,,0.00000,,0.00000,,0.00000,,0.00000,,0.00000,,0.00000,,0.00000,,0.00000,,0.00000,,0.00000,,0.00000,,0.00000,,0.00000,DonutDeferredPrepass,2026-07-30T01:40:44,free,0.21050,0.22125,0.22858,0.22093,0.21171,0.21952,0.22278,0.22605,2401,0,48,100,8,2,0,38,0,0,0,1,auto,unused,120,600,0,0,../../../../../scripts/standard_camera.csv,10,0,0,60,0,1,60,1920,1080,1,0,64,0.0,1.0,48,0.0,0.0,-3.0,0.0,0.0,0.0,0.1,1000.0,0.785,1,255,1,0,0,-1.0,1.0,1.0,0.5,1,1,256,1,100,08_synth_workload_scaling_dense,0,38,0,success,0,,"Scene CPU cache disabled; rebuilding source scene.
Log saved to: ${REPOSITORY_ROOT}\out\build\x64-Release\bin\Release\logs\log_2026-07-30_01-40-45.txt",,
39,08_synth_workload_scaling_dense,${RUN_TEMP}\run_00039.csv,9,2,0,39,0,0,0,1,auto,unused,120,600,1,0,0,../../../../../scripts/standard_camera.csv,10,0,0,60,0,captures,1,60,1920,1080,1,0,64,0,1,0,0,-3,0,0,0,0.1,1000,0.785,1,255,1,0,0,-1,1,1,0.5,48,1,1,256,1,100,total,0.37586,visibility,0.02657,visutil_histogram,0.02808,visutil_prefix,0.00206,visutil_flatten,0.03664,gbuffer,0.13345,lighting,0.08758,tonemap,0.02989,,0.00000,,0.00000,,0.00000,,0.00000,,0.00000,,0.00000,,0.00000,,0.00000,,0.00000,,0.00000,,0.00000,,0.00000,,0.00000,,0.00000,,0.00000,,0.00000,,0.00000,,0.00000,,0.00000,,0.00000,,0.00000,,0.00000,,0.00000,,0.00000,DonutVisGBuffer,2026-07-30T01:40:45,free,0.36870,0.37610,0.38768,0.37586,0.37040,0.37254,0.37878,0.38371,2401,0,48,100,9,2,0,39,0,0,0,1,auto,unused,120,600,0,0,../../../../../scripts/standard_camera.csv,10,0,0,60,0,1,60,1920,1080,1,0,64,0.0,1.0,48,0.0,0.0,-3.0,0.0,0.0,0.0,0.1,1000.0,0.785,1,255,1,0,0,-1.0,1.0,1.0,0.5,1,1,256,1,100,08_synth_workload_scaling_dense,0,39,0,success,0,,"Scene CPU cache disabled; rebuilding source scene.
Log saved to: ${REPOSITORY_ROOT}\out\build\x64-Release\bin\Release\logs\log_2026-07-30_01-40-48.txt",,
40,08_synth_workload_scaling_dense,${RUN_TEMP}\run_00040.csv,8,2,0,40,0,0,0,1,auto,unused,120,600,1,0,0,../../../../../scripts/standard_camera.csv,10,0,0,60,0,captures,1,60,1920,1080,0,0,64,0.5,1,0,0,-3,0,0,0,0.1,1000,0.785,1,255,1,0,0,-1,1,1,0.5,48,1,1,256,1,100,total,0.22046,depth_prepass,0.00876,geometry,0.08470,lighting,0.08542,tonemap,0.02865,,0.00000,,0.00000,,0.00000,,0.00000,,0.00000,,0.00000,,0.00000,,0.00000,,0.00000,,0.00000,,0.00000,,0.00000,,0.00000,,0.00000,,0.00000,,0.00000,,0.00000,,0.00000,,0.00000,,0.00000,,0.00000,,0.00000,,0.00000,,0.00000,,0.00000,,0.00000,,0.00000,DonutDeferredPrepass,2026-07-30T01:40:48,free,0.20941,0.22064,0.22928,0.22046,0.21187,0.21920,0.22218,0.22637,2401,0,48,100,8,2,0,40,0,0,0,1,auto,unused,120,600,0,0,../../../../../scripts/standard_camera.csv,10,0,0,60,0,1,60,1920,1080,0,0,64,0.5,1.0,48,0.0,0.0,-3.0,0.0,0.0,0.0,0.1,1000.0,0.785,1,255,1,0,0,-1.0,1.0,1.0,0.5,1,1,256,1,100,08_synth_workload_scaling_dense,0,40,0,success,0,,"Scene CPU cache disabled; rebuilding source scene.
Log saved to: ${REPOSITORY_ROOT}\out\build\x64-Release\bin\Release\logs\log_2026-07-30_01-40-49.txt",,
41,08_synth_workload_scaling_dense,${RUN_TEMP}\run_00041.csv,9,2,0,41,0,0,0,1,auto,unused,120,600,1,0,0,../../../../../scripts/standard_camera.csv,10,0,0,60,0,captures,1,60,1920,1080,0,0,64,0.5,1,0,0,-3,0,0,0,0.1,1000,0.785,1,255,1,0,0,-1,1,1,0.5,48,1,1,256,1,100,total,0.37376,visibility,0.02598,visutil_histogram,0.02773,visutil_prefix,0.00206,visutil_flatten,0.03593,gbuffer,0.13283,lighting,0.08737,tonemap,0.02993,,0.00000,,0.00000,,0.00000,,0.00000,,0.00000,,0.00000,,0.00000,,0.00000,,0.00000,,0.00000,,0.00000,,0.00000,,0.00000,,0.00000,,0.00000,,0.00000,,0.00000,,0.00000,,0.00000,,0.00000,,0.00000,,0.00000,,0.00000,,0.00000,DonutVisGBuffer,2026-07-30T01:40:49,free,0.36662,0.37382,0.38682,0.37376,0.36816,0.37059,0.37680,0.38234,2401,0,48,100,9,2,0,41,0,0,0,1,auto,unused,120,600,0,0,../../../../../scripts/standard_camera.csv,10,0,0,60,0,1,60,1920,1080,0,0,64,0.5,1.0,48,0.0,0.0,-3.0,0.0,0.0,0.0,0.1,1000.0,0.785,1,255,1,0,0,-1.0,1.0,1.0,0.5,1,1,256,1,100,08_synth_workload_scaling_dense,0,41,0,success,0,,"Scene CPU cache disabled; rebuilding source scene.
Log saved to: ${REPOSITORY_ROOT}\out\build\x64-Release\bin\Release\logs\log_2026-07-30_01-40-52.txt",,
42,08_synth_workload_scaling_dense,${RUN_TEMP}\run_00042.csv,8,2,0,42,0,0,0,1,auto,unused,120,600,1,0,0,../../../../../scripts/standard_camera.csv,10,0,0,60,0,captures,1,60,1920,1080,1,0,64,0.5,1,0,0,-3,0,0,0,0.1,1000,0.785,1,255,1,0,0,-1,1,1,0.5,48,1,1,256,1,100,total,0.21979,depth_prepass,0.00903,geometry,0.08467,lighting,0.08533,tonemap,0.02786,,0.00000,,0.00000,,0.00000,,0.00000,,0.00000,,0.00000,,0.00000,,0.00000,,0.00000,,0.00000,,0.00000,,0.00000,,0.00000,,0.00000,,0.00000,,0.00000,,0.00000,,0.00000,,0.00000,,0.00000,,0.00000,,0.00000,,0.00000,,0.00000,,0.00000,,0.00000,,0.00000,DonutDeferredPrepass,2026-07-30T01:40:52,free,0.20890,0.22019,0.22781,0.21979,0.20982,0.21840,0.22170,0.22538,2401,0,48,100,8,2,0,42,0,0,0,1,auto,unused,120,600,0,0,../../../../../scripts/standard_camera.csv,10,0,0,60,0,1,60,1920,1080,1,0,64,0.5,1.0,48,0.0,0.0,-3.0,0.0,0.0,0.0,0.1,1000.0,0.785,1,255,1,0,0,-1.0,1.0,1.0,0.5,1,1,256,1,100,08_synth_workload_scaling_dense,0,42,0,success,0,,"Scene CPU cache disabled; rebuilding source scene.
Log saved to: ${REPOSITORY_ROOT}\out\build\x64-Release\bin\Release\logs\log_2026-07-30_01-40-53.txt",,
43,08_synth_workload_scaling_dense,${RUN_TEMP}\run_00043.csv,9,2,0,43,0,0,0,1,auto,unused,120,600,1,0,0,../../../../../scripts/standard_camera.csv,10,0,0,60,0,captures,1,60,1920,1080,1,0,64,0.5,1,0,0,-3,0,0,0,0.1,1000,0.785,1,255,1,0,0,-1,1,1,0.5,48,1,1,256,1,100,total,0.37381,visibility,0.02611,visutil_histogram,0.02777,visutil_prefix,0.00206,visutil_flatten,0.03598,gbuffer,0.13235,lighting,0.08752,tonemap,0.02985,,0.00000,,0.00000,,0.00000,,0.00000,,0.00000,,0.00000,,0.00000,,0.00000,,0.00000,,0.00000,,0.00000,,0.00000,,0.00000,,0.00000,,0.00000,,0.00000,,0.00000,,0.00000,,0.00000,,0.00000,,0.00000,,0.00000,,0.00000,,0.00000,DonutVisGBuffer,2026-07-30T01:40:53,free,0.36586,0.37398,0.38387,0.37381,0.36794,0.37050,0.37696,0.38182,2401,0,48,100,9,2,0,43,0,0,0,1,auto,unused,120,600,0,0,../../../../../scripts/standard_camera.csv,10,0,0,60,0,1,60,1920,1080,1,0,64,0.5,1.0,48,0.0,0.0,-3.0,0.0,0.0,0.0,0.1,1000.0,0.785,1,255,1,0,0,-1.0,1.0,1.0,0.5,1,1,256,1,100,08_synth_workload_scaling_dense,0,43,0,success,0,,"Scene CPU cache disabled; rebuilding source scene.
Log saved to: ${REPOSITORY_ROOT}\out\build\x64-Release\bin\Release\logs\log_2026-07-30_01-40-56.txt",,
44,08_synth_workload_scaling_dense,${RUN_TEMP}\run_00044.csv,8,2,0,44,0,0,0,1,auto,unused,120,600,1,0,0,../../../../../scripts/standard_camera.csv,10,0,0,60,0,captures,1,60,1920,1080,0,0,64,1,1,0,0,-3,0,0,0,0.1,1000,0.785,1,255,1,0,0,-1,1,1,0.5,48,1,1,256,1,100,total,0.20941,depth_prepass,0.01006,geometry,0.07408,lighting,0.08519,tonemap,0.02718,,0.00000,,0.00000,,0.00000,,0.00000,,0.00000,,0.00000,,0.00000,,0.00000,,0.00000,,0.00000,,0.00000,,0.00000,,0.00000,,0.00000,,0.00000,,0.00000,,0.00000,,0.00000,,0.00000,,0.00000,,0.00000,,0.00000,,0.00000,,0.00000,,0.00000,,0.00000,,0.00000,DonutDeferredPrepass,2026-07-30T01:40:56,free,0.20211,0.20954,0.21677,0.20941,0.20355,0.20794,0.21085,0.21520,2401,0,48,100,8,2,0,44,0,0,0,1,auto,unused,120,600,0,0,../../../../../scripts/standard_camera.csv,10,0,0,60,0,1,60,1920,1080,0,0,64,1.0,1.0,48,0.0,0.0,-3.0,0.0,0.0,0.0,0.1,1000.0,0.785,1,255,1,0,0,-1.0,1.0,1.0,0.5,1,1,256,1,100,08_synth_workload_scaling_dense,0,44,0,success,0,,"Scene CPU cache disabled; rebuilding source scene.
Log saved to: ${REPOSITORY_ROOT}\out\build\x64-Release\bin\Release\logs\log_2026-07-30_01-40-58.txt",,
45,08_synth_workload_scaling_dense,${RUN_TEMP}\run_00045.csv,9,2,0,45,0,0,0,1,auto,unused,120,600,1,0,0,../../../../../scripts/standard_camera.csv,10,0,0,60,0,captures,1,60,1920,1080,0,0,64,1,1,0,0,-3,0,0,0,0.1,1000,0.785,1,255,1,0,0,-1,1,1,0.5,48,1,1,256,1,100,total,0.36669,visibility,0.02457,visutil_histogram,0.02641,visutil_prefix,0.00206,visutil_flatten,0.03358,gbuffer,0.13001,lighting,0.08763,tonemap,0.02996,,0.00000,,0.00000,,0.00000,,0.00000,,0.00000,,0.00000,,0.00000,,0.00000,,0.00000,,0.00000,,0.00000,,0.00000,,0.00000,,0.00000,,0.00000,,0.00000,,0.00000,,0.00000,,0.00000,,0.00000,,0.00000,,0.00000,,0.00000,,0.00000,DonutVisGBuffer,2026-07-30T01:40:58,free,0.35946,0.36646,0.51680,0.36669,0.36064,0.36358,0.36963,0.37526,2401,0,48,100,9,2,0,45,0,0,0,1,auto,unused,120,600,0,0,../../../../../scripts/standard_camera.csv,10,0,0,60,0,1,60,1920,1080,0,0,64,1.0,1.0,48,0.0,0.0,-3.0,0.0,0.0,0.0,0.1,1000.0,0.785,1,255,1,0,0,-1.0,1.0,1.0,0.5,1,1,256,1,100,08_synth_workload_scaling_dense,0,45,0,success,0,,"Scene CPU cache disabled; rebuilding source scene.
Log saved to: ${REPOSITORY_ROOT}\out\build\x64-Release\bin\Release\logs\log_2026-07-30_01-41-00.txt",,
46,08_synth_workload_scaling_dense,${RUN_TEMP}\run_00046.csv,8,2,0,46,0,0,0,1,auto,unused,120,600,1,0,0,../../../../../scripts/standard_camera.csv,10,0,0,60,0,captures,1,60,1920,1080,1,0,64,1,1,0,0,-3,0,0,0,0.1,1000,0.785,1,255,1,0,0,-1,1,1,0.5,48,1,1,256,1,100,total,0.20985,depth_prepass,0.01008,geometry,0.07425,lighting,0.08523,tonemap,0.02729,,0.00000,,0.00000,,0.00000,,0.00000,,0.00000,,0.00000,,0.00000,,0.00000,,0.00000,,0.00000,,0.00000,,0.00000,,0.00000,,0.00000,,0.00000,,0.00000,,0.00000,,0.00000,,0.00000,,0.00000,,0.00000,,0.00000,,0.00000,,0.00000,,0.00000,,0.00000,,0.00000,DonutDeferredPrepass,2026-07-30T01:41:01,free,0.20275,0.21005,0.21616,0.20985,0.20390,0.20838,0.21123,0.21462,2401,0,48,100,8,2,0,46,0,0,0,1,auto,unused,120,600,0,0,../../../../../scripts/standard_camera.csv,10,0,0,60,0,1,60,1920,1080,1,0,64,1.0,1.0,48,0.0,0.0,-3.0,0.0,0.0,0.0,0.1,1000.0,0.785,1,255,1,0,0,-1.0,1.0,1.0,0.5,1,1,256,1,100,08_synth_workload_scaling_dense,0,46,0,success,0,,"Scene CPU cache disabled; rebuilding source scene.
Log saved to: ${REPOSITORY_ROOT}\out\build\x64-Release\bin\Release\logs\log_2026-07-30_01-41-02.txt",,
47,08_synth_workload_scaling_dense,${RUN_TEMP}\run_00047.csv,9,2,0,47,0,0,0,1,auto,unused,120,600,1,0,0,../../../../../scripts/standard_camera.csv,10,0,0,60,0,captures,1,60,1920,1080,1,0,64,1,1,0,0,-3,0,0,0,0.1,1000,0.785,1,255,1,0,0,-1,1,1,0.5,48,1,1,256,1,100,total,0.36518,visibility,0.02459,visutil_histogram,0.02617,visutil_prefix,0.00206,visutil_flatten,0.03361,gbuffer,0.12862,lighting,0.08772,tonemap,0.02995,,0.00000,,0.00000,,0.00000,,0.00000,,0.00000,,0.00000,,0.00000,,0.00000,,0.00000,,0.00000,,0.00000,,0.00000,,0.00000,,0.00000,,0.00000,,0.00000,,0.00000,,0.00000,,0.00000,,0.00000,,0.00000,,0.00000,,0.00000,,0.00000,DonutVisGBuffer,2026-07-30T01:41:02,free,0.35814,0.36477,0.37539,0.36518,0.35984,0.36224,0.36845,0.37286,2401,0,48,100,9,2,0,47,0,0,0,1,auto,unused,120,600,0,0,../../../../../scripts/standard_camera.csv,10,0,0,60,0,1,60,1920,1080,1,0,64,1.0,1.0,48,0.0,0.0,-3.0,0.0,0.0,0.0,0.1,1000.0,0.785,1,255,1,0,0,-1.0,1.0,1.0,0.5,1,1,256,1,100,08_synth_workload_scaling_dense,0,47,0,success,0,,"Scene CPU cache disabled; rebuilding source scene.
Log saved to: ${REPOSITORY_ROOT}\out\build\x64-Release\bin\Release\logs\log_2026-07-30_01-41-05.txt",,
48,08_synth_workload_scaling_dense,${RUN_TEMP}\run_00048.csv,8,2,0,48,0,0,0,1,auto,unused,120,600,1,0,0,../../../../../scripts/standard_camera.csv,10,0,0,60,0,captures,1,60,1920,1080,0,0,64,0,1,0,0,-3,0,0,0,0.1,1000,0.785,1,255,1,0,0,-1,1,1,0.5,64,1,1,256,1,100,total,0.23315,depth_prepass,0.01026,geometry,0.09624,lighting,0.08537,tonemap,0.02850,,0.00000,,0.00000,,0.00000,,0.00000,,0.00000,,0.00000,,0.00000,,0.00000,,0.00000,,0.00000,,0.00000,,0.00000,,0.00000,,0.00000,,0.00000,,0.00000,,0.00000,,0.00000,,0.00000,,0.00000,,0.00000,,0.00000,,0.00000,,0.00000,,0.00000,,0.00000,,0.00000,DonutDeferredPrepass,2026-07-30T01:41:05,free,0.22429,0.23290,0.36454,0.23315,0.22560,0.23165,0.23459,0.23917,4225,0,64,100,8,2,0,48,0,0,0,1,auto,unused,120,600,0,0,../../../../../scripts/standard_camera.csv,10,0,0,60,0,1,60,1920,1080,0,0,64,0.0,1.0,64,0.0,0.0,-3.0,0.0,0.0,0.0,0.1,1000.0,0.785,1,255,1,0,0,-1.0,1.0,1.0,0.5,1,1,256,1,100,08_synth_workload_scaling_dense,0,48,0,success,0,,"Scene CPU cache disabled; rebuilding source scene.
Log saved to: ${REPOSITORY_ROOT}\out\build\x64-Release\bin\Release\logs\log_2026-07-30_01-41-06.txt",,
49,08_synth_workload_scaling_dense,${RUN_TEMP}\run_00049.csv,9,2,0,49,0,0,0,1,auto,unused,120,600,1,0,0,../../../../../scripts/standard_camera.csv,10,0,0,60,0,captures,1,60,1920,1080,0,0,64,0,1,0,0,-3,0,0,0,0.1,1000,0.785,1,255,1,0,0,-1,1,1,0.5,64,1,1,256,1,100,total,0.38378,visibility,0.03078,visutil_histogram,0.02805,visutil_prefix,0.00207,visutil_flatten,0.03716,gbuffer,0.13505,lighting,0.08785,tonemap,0.02975,,0.00000,,0.00000,,0.00000,,0.00000,,0.00000,,0.00000,,0.00000,,0.00000,,0.00000,,0.00000,,0.00000,,0.00000,,0.00000,,0.00000,,0.00000,,0.00000,,0.00000,,0.00000,,0.00000,,0.00000,,0.00000,,0.00000,,0.00000,,0.00000,DonutVisGBuffer,2026-07-30T01:41:06,free,0.37638,0.38298,0.50944,0.38378,0.37834,0.38045,0.38672,0.39216,4225,0,64,100,9,2,0,49,0,0,0,1,auto,unused,120,600,0,0,../../../../../scripts/standard_camera.csv,10,0,0,60,0,1,60,1920,1080,0,0,64,0.0,1.0,64,0.0,0.0,-3.0,0.0,0.0,0.0,0.1,1000.0,0.785,1,255,1,0,0,-1.0,1.0,1.0,0.5,1,1,256,1,100,08_synth_workload_scaling_dense,0,49,0,success,0,,"Scene CPU cache disabled; rebuilding source scene.
Log saved to: ${REPOSITORY_ROOT}\out\build\x64-Release\bin\Release\logs\log_2026-07-30_01-41-09.txt",,
50,08_synth_workload_scaling_dense,${RUN_TEMP}\run_00050.csv,8,2,0,50,0,0,0,1,auto,unused,120,600,1,0,0,../../../../../scripts/standard_camera.csv,10,0,0,60,0,captures,1,60,1920,1080,1,0,64,0,1,0,0,-3,0,0,0,0.1,1000,0.785,1,255,1,0,0,-1,1,1,0.5,64,1,1,256,1,100,total,0.23293,depth_prepass,0.01015,geometry,0.09614,lighting,0.08537,tonemap,0.02840,,0.00000,,0.00000,,0.00000,,0.00000,,0.00000,,0.00000,,0.00000,,0.00000,,0.00000,,0.00000,,0.00000,,0.00000,,0.00000,,0.00000,,0.00000,,0.00000,,0.00000,,0.00000,,0.00000,,0.00000,,0.00000,,0.00000,,0.00000,,0.00000,,0.00000,,0.00000,,0.00000,DonutDeferredPrepass,2026-07-30T01:41:09,free,0.22502,0.23299,0.24470,0.23293,0.22586,0.23155,0.23453,0.23910,4225,0,64,100,8,2,0,50,0,0,0,1,auto,unused,120,600,0,0,../../../../../scripts/standard_camera.csv,10,0,0,60,0,1,60,1920,1080,1,0,64,0.0,1.0,64,0.0,0.0,-3.0,0.0,0.0,0.0,0.1,1000.0,0.785,1,255,1,0,0,-1.0,1.0,1.0,0.5,1,1,256,1,100,08_synth_workload_scaling_dense,0,50,0,success,0,,"Scene CPU cache disabled; rebuilding source scene.
Log saved to: ${REPOSITORY_ROOT}\out\build\x64-Release\bin\Release\logs\log_2026-07-30_01-41-10.txt",,
51,08_synth_workload_scaling_dense,${RUN_TEMP}\run_00051.csv,9,2,0,51,0,0,0,1,auto,unused,120,600,1,0,0,../../../../../scripts/standard_camera.csv,10,0,0,60,0,captures,1,60,1920,1080,1,0,64,0,1,0,0,-3,0,0,0,0.1,1000,0.785,1,255,1,0,0,-1,1,1,0.5,64,1,1,256,1,100,total,0.38361,visibility,0.03075,visutil_histogram,0.02811,visutil_prefix,0.00206,visutil_flatten,0.03707,gbuffer,0.13505,lighting,0.08790,tonemap,0.02973,,0.00000,,0.00000,,0.00000,,0.00000,,0.00000,,0.00000,,0.00000,,0.00000,,0.00000,,0.00000,,0.00000,,0.00000,,0.00000,,0.00000,,0.00000,,0.00000,,0.00000,,0.00000,,0.00000,,0.00000,,0.00000,,0.00000,,0.00000,,0.00000,DonutVisGBuffer,2026-07-30T01:41:10,free,0.37610,0.38365,0.39459,0.38361,0.37760,0.38051,0.38685,0.38944,4225,0,64,100,9,2,0,51,0,0,0,1,auto,unused,120,600,0,0,../../../../../scripts/standard_camera.csv,10,0,0,60,0,1,60,1920,1080,1,0,64,0.0,1.0,64,0.0,0.0,-3.0,0.0,0.0,0.0,0.1,1000.0,0.785,1,255,1,0,0,-1.0,1.0,1.0,0.5,1,1,256,1,100,08_synth_workload_scaling_dense,0,51,0,success,0,,"Scene CPU cache disabled; rebuilding source scene.
Log saved to: ${REPOSITORY_ROOT}\out\build\x64-Release\bin\Release\logs\log_2026-07-30_01-41-13.txt",,
52,08_synth_workload_scaling_dense,${RUN_TEMP}\run_00052.csv,8,2,0,52,0,0,0,1,auto,unused,120,600,1,0,0,../../../../../scripts/standard_camera.csv,10,0,0,60,0,captures,1,60,1920,1080,0,0,64,0.5,1,0,0,-3,0,0,0,0.1,1000,0.785,1,255,1,0,0,-1,1,1,0.5,64,1,1,256,1,100,total,0.22986,depth_prepass,0.01090,geometry,0.09248,lighting,0.08549,tonemap,0.02815,,0.00000,,0.00000,,0.00000,,0.00000,,0.00000,,0.00000,,0.00000,,0.00000,,0.00000,,0.00000,,0.00000,,0.00000,,0.00000,,0.00000,,0.00000,,0.00000,,0.00000,,0.00000,,0.00000,,0.00000,,0.00000,,0.00000,,0.00000,,0.00000,,0.00000,,0.00000,,0.00000,DonutDeferredPrepass,2026-07-30T01:41:13,free,0.22221,0.22986,0.23795,0.22986,0.22342,0.22845,0.23162,0.23610,4225,0,64,100,8,2,0,52,0,0,0,1,auto,unused,120,600,0,0,../../../../../scripts/standard_camera.csv,10,0,0,60,0,1,60,1920,1080,0,0,64,0.5,1.0,64,0.0,0.0,-3.0,0.0,0.0,0.0,0.1,1000.0,0.785,1,255,1,0,0,-1.0,1.0,1.0,0.5,1,1,256,1,100,08_synth_workload_scaling_dense,0,52,0,success,0,,"Scene CPU cache disabled; rebuilding source scene.
Log saved to: ${REPOSITORY_ROOT}\out\build\x64-Release\bin\Release\logs\log_2026-07-30_01-41-15.txt",,
53,08_synth_workload_scaling_dense,${RUN_TEMP}\run_00053.csv,9,2,0,53,0,0,0,1,auto,unused,120,600,1,0,0,../../../../../scripts/standard_camera.csv,10,0,0,60,0,captures,1,60,1920,1080,0,0,64,0.5,1,0,0,-3,0,0,0,0.1,1000,0.785,1,255,1,0,0,-1,1,1,0.5,64,1,1,256,1,100,total,0.37957,visibility,0.02976,visutil_histogram,0.02791,visutil_prefix,0.00206,visutil_flatten,0.03647,gbuffer,0.13472,lighting,0.08765,tonemap,0.02983,,0.00000,,0.00000,,0.00000,,0.00000,,0.00000,,0.00000,,0.00000,,0.00000,,0.00000,,0.00000,,0.00000,,0.00000,,0.00000,,0.00000,,0.00000,,0.00000,,0.00000,,0.00000,,0.00000,,0.00000,,0.00000,,0.00000,,0.00000,,0.00000,DonutVisGBuffer,2026-07-30T01:41:15,free,0.37299,0.37904,0.39085,0.37957,0.37414,0.37654,0.38291,0.38717,4225,0,64,100,9,2,0,53,0,0,0,1,auto,unused,120,600,0,0,../../../../../scripts/standard_camera.csv,10,0,0,60,0,1,60,1920,1080,0,0,64,0.5,1.0,64,0.0,0.0,-3.0,0.0,0.0,0.0,0.1,1000.0,0.785,1,255,1,0,0,-1.0,1.0,1.0,0.5,1,1,256,1,100,08_synth_workload_scaling_dense,0,53,0,success,0,,"Scene CPU cache disabled; rebuilding source scene.
Log saved to: ${REPOSITORY_ROOT}\out\build\x64-Release\bin\Release\logs\log_2026-07-30_01-41-18.txt",,
54,08_synth_workload_scaling_dense,${RUN_TEMP}\run_00054.csv,8,2,0,54,0,0,0,1,auto,unused,120,600,1,0,0,../../../../../scripts/standard_camera.csv,10,0,0,60,0,captures,1,60,1920,1080,1,0,64,0.5,1,0,0,-3,0,0,0,0.1,1000,0.785,1,255,1,0,0,-1,1,1,0.5,64,1,1,256,1,100,total,0.22905,depth_prepass,0.01037,geometry,0.09207,lighting,0.08552,tonemap,0.02819,,0.00000,,0.00000,,0.00000,,0.00000,,0.00000,,0.00000,,0.00000,,0.00000,,0.00000,,0.00000,,0.00000,,0.00000,,0.00000,,0.00000,,0.00000,,0.00000,,0.00000,,0.00000,,0.00000,,0.00000,,0.00000,,0.00000,,0.00000,,0.00000,,0.00000,,0.00000,,0.00000,DonutDeferredPrepass,2026-07-30T01:41:18,free,0.22240,0.22909,0.23984,0.22905,0.22374,0.22781,0.23034,0.23494,4225,0,64,100,8,2,0,54,0,0,0,1,auto,unused,120,600,0,0,../../../../../scripts/standard_camera.csv,10,0,0,60,0,1,60,1920,1080,1,0,64,0.5,1.0,64,0.0,0.0,-3.0,0.0,0.0,0.0,0.1,1000.0,0.785,1,255,1,0,0,-1.0,1.0,1.0,0.5,1,1,256,1,100,08_synth_workload_scaling_dense,0,54,0,success,0,,"Scene CPU cache disabled; rebuilding source scene.
Log saved to: ${REPOSITORY_ROOT}\out\build\x64-Release\bin\Release\logs\log_2026-07-30_01-41-19.txt",,
55,08_synth_workload_scaling_dense,${RUN_TEMP}\run_00055.csv,9,2,0,55,0,0,0,1,auto,unused,120,600,1,0,0,../../../../../scripts/standard_camera.csv,10,0,0,60,0,captures,1,60,1920,1080,1,0,64,0.5,1,0,0,-3,0,0,0,0.1,1000,0.785,1,255,1,0,0,-1,1,1,0.5,64,1,1,256,1,100,total,0.37928,visibility,0.02971,visutil_histogram,0.02781,visutil_prefix,0.00207,visutil_flatten,0.03656,gbuffer,0.13471,lighting,0.08762,tonemap,0.02984,,0.00000,,0.00000,,0.00000,,0.00000,,0.00000,,0.00000,,0.00000,,0.00000,,0.00000,,0.00000,,0.00000,,0.00000,,0.00000,,0.00000,,0.00000,,0.00000,,0.00000,,0.00000,,0.00000,,0.00000,,0.00000,,0.00000,,0.00000,,0.00000,DonutVisGBuffer,2026-07-30T01:41:19,free,0.37139,0.37882,0.39098,0.37928,0.37434,0.37645,0.38266,0.38710,4225,0,64,100,9,2,0,55,0,0,0,1,auto,unused,120,600,0,0,../../../../../scripts/standard_camera.csv,10,0,0,60,0,1,60,1920,1080,1,0,64,0.5,1.0,64,0.0,0.0,-3.0,0.0,0.0,0.0,0.1,1000.0,0.785,1,255,1,0,0,-1.0,1.0,1.0,0.5,1,1,256,1,100,08_synth_workload_scaling_dense,0,55,0,success,0,,"Scene CPU cache disabled; rebuilding source scene.
Log saved to: ${REPOSITORY_ROOT}\out\build\x64-Release\bin\Release\logs\log_2026-07-30_01-41-22.txt",,
56,08_synth_workload_scaling_dense,${RUN_TEMP}\run_00056.csv,8,2,0,56,0,0,0,1,auto,unused,120,600,1,0,0,../../../../../scripts/standard_camera.csv,10,0,0,60,0,captures,1,60,1920,1080,0,0,64,1,1,0,0,-3,0,0,0,0.1,1000,0.785,1,255,1,0,0,-1,1,1,0.5,64,1,1,256,1,100,total,0.22262,depth_prepass,0.01228,geometry,0.08445,lighting,0.08539,tonemap,0.02764,,0.00000,,0.00000,,0.00000,,0.00000,,0.00000,,0.00000,,0.00000,,0.00000,,0.00000,,0.00000,,0.00000,,0.00000,,0.00000,,0.00000,,0.00000,,0.00000,,0.00000,,0.00000,,0.00000,,0.00000,,0.00000,,0.00000,,0.00000,,0.00000,,0.00000,,0.00000,,0.00000,DonutDeferredPrepass,2026-07-30T01:41:22,free,0.21584,0.22256,0.22954,0.22262,0.21677,0.22125,0.22429,0.22826,4225,0,64,100,8,2,0,56,0,0,0,1,auto,unused,120,600,0,0,../../../../../scripts/standard_camera.csv,10,0,0,60,0,1,60,1920,1080,0,0,64,1.0,1.0,64,0.0,0.0,-3.0,0.0,0.0,0.0,0.1,1000.0,0.785,1,255,1,0,0,-1.0,1.0,1.0,0.5,1,1,256,1,100,08_synth_workload_scaling_dense,0,56,0,success,0,,"Scene CPU cache disabled; rebuilding source scene.
Log saved to: ${REPOSITORY_ROOT}\out\build\x64-Release\bin\Release\logs\log_2026-07-30_01-41-23.txt",,
57,08_synth_workload_scaling_dense,${RUN_TEMP}\run_00057.csv,9,2,0,57,0,0,0,1,auto,unused,120,600,1,0,0,../../../../../scripts/standard_camera.csv,10,0,0,60,0,captures,1,60,1920,1080,0,0,64,1,1,0,0,-3,0,0,0,0.1,1000,0.785,1,255,1,0,0,-1,1,1,0.5,64,1,1,256,1,100,total,0.37250,visibility,0.02732,visutil_histogram,0.02679,visutil_prefix,0.00207,visutil_flatten,0.03433,gbuffer,0.13276,lighting,0.08732,tonemap,0.02987,,0.00000,,0.00000,,0.00000,,0.00000,,0.00000,,0.00000,,0.00000,,0.00000,,0.00000,,0.00000,,0.00000,,0.00000,,0.00000,,0.00000,,0.00000,,0.00000,,0.00000,,0.00000,,0.00000,,0.00000,,0.00000,,0.00000,,0.00000,,0.00000,DonutVisGBuffer,2026-07-30T01:41:23,free,0.36618,0.37245,0.41408,0.37250,0.36739,0.36947,0.37530,0.38144,4225,0,64,100,9,2,0,57,0,0,0,1,auto,unused,120,600,0,0,../../../../../scripts/standard_camera.csv,10,0,0,60,0,1,60,1920,1080,0,0,64,1.0,1.0,64,0.0,0.0,-3.0,0.0,0.0,0.0,0.1,1000.0,0.785,1,255,1,0,0,-1.0,1.0,1.0,0.5,1,1,256,1,100,08_synth_workload_scaling_dense,0,57,0,success,0,,"Scene CPU cache disabled; rebuilding source scene.
Log saved to: ${REPOSITORY_ROOT}\out\build\x64-Release\bin\Release\logs\log_2026-07-30_01-41-26.txt",,
58,08_synth_workload_scaling_dense,${RUN_TEMP}\run_00058.csv,8,2,0,58,0,0,0,1,auto,unused,120,600,1,0,0,../../../../../scripts/standard_camera.csv,10,0,0,60,0,captures,1,60,1920,1080,1,0,64,1,1,0,0,-3,0,0,0,0.1,1000,0.785,1,255,1,0,0,-1,1,1,0.5,64,1,1,256,1,100,total,0.22261,depth_prepass,0.01243,geometry,0.08428,lighting,0.08555,tonemap,0.02754,,0.00000,,0.00000,,0.00000,,0.00000,,0.00000,,0.00000,,0.00000,,0.00000,,0.00000,,0.00000,,0.00000,,0.00000,,0.00000,,0.00000,,0.00000,,0.00000,,0.00000,,0.00000,,0.00000,,0.00000,,0.00000,,0.00000,,0.00000,,0.00000,,0.00000,,0.00000,,0.00000,DonutDeferredPrepass,2026-07-30T01:41:26,free,0.21542,0.22262,0.24150,0.22261,0.21651,0.22099,0.22426,0.22813,4225,0,64,100,8,2,0,58,0,0,0,1,auto,unused,120,600,0,0,../../../../../scripts/standard_camera.csv,10,0,0,60,0,1,60,1920,1080,1,0,64,1.0,1.0,64,0.0,0.0,-3.0,0.0,0.0,0.0,0.1,1000.0,0.785,1,255,1,0,0,-1.0,1.0,1.0,0.5,1,1,256,1,100,08_synth_workload_scaling_dense,0,58,0,success,0,,"Scene CPU cache disabled; rebuilding source scene.
Log saved to: ${REPOSITORY_ROOT}\out\build\x64-Release\bin\Release\logs\log_2026-07-30_01-41-28.txt",,
59,08_synth_workload_scaling_dense,${RUN_TEMP}\run_00059.csv,9,2,0,59,0,0,0,1,auto,unused,120,600,1,0,0,../../../../../scripts/standard_camera.csv,10,0,0,60,0,captures,1,60,1920,1080,1,0,64,1,1,0,0,-3,0,0,0,0.1,1000,0.785,1,255,1,0,0,-1,1,1,0.5,64,1,1,256,1,100,total,0.37262,visibility,0.02729,visutil_histogram,0.02704,visutil_prefix,0.00206,visutil_flatten,0.03427,gbuffer,0.13266,lighting,0.08727,tonemap,0.02996,,0.00000,,0.00000,,0.00000,,0.00000,,0.00000,,0.00000,,0.00000,,0.00000,,0.00000,,0.00000,,0.00000,,0.00000,,0.00000,,0.00000,,0.00000,,0.00000,,0.00000,,0.00000,,0.00000,,0.00000,,0.00000,,0.00000,,0.00000,,0.00000,DonutVisGBuffer,2026-07-30T01:41:28,free,0.36640,0.37258,0.39146,0.37262,0.36752,0.36970,0.37526,0.38083,4225,0,64,100,9,2,0,59,0,0,0,1,auto,unused,120,600,0,0,../../../../../scripts/standard_camera.csv,10,0,0,60,0,1,60,1920,1080,1,0,64,1.0,1.0,64,0.0,0.0,-3.0,0.0,0.0,0.0,0.1,1000.0,0.785,1,255,1,0,0,-1.0,1.0,1.0,0.5,1,1,256,1,100,08_synth_workload_scaling_dense,0,59,0,success,0,,"Scene CPU cache disabled; rebuilding source scene.
Log saved to: ${REPOSITORY_ROOT}\out\build\x64-Release\bin\Release\logs\log_2026-07-30_01-41-31.txt",,
60,08_synth_workload_scaling_dense,${RUN_TEMP}\run_00060.csv,8,2,0,60,0,0,0,1,auto,unused,120,600,1,0,0,../../../../../scripts/standard_camera.csv,10,0,0,60,0,captures,1,60,1920,1080,0,0,64,0,1,0,0,-3,0,0,0,0.1,1000,0.785,1,255,1,0,0,-1,1,1,0.5,96,1,1,256,1,100,total,0.26026,depth_prepass,0.01477,geometry,0.11692,lighting,0.08575,tonemap,0.02990,,0.00000,,0.00000,,0.00000,,0.00000,,0.00000,,0.00000,,0.00000,,0.00000,,0.00000,,0.00000,,0.00000,,0.00000,,0.00000,,0.00000,,0.00000,,0.00000,,0.00000,,0.00000,,0.00000,,0.00000,,0.00000,,0.00000,,0.00000,,0.00000,,0.00000,,0.00000,,0.00000,DonutDeferredPrepass,2026-07-30T01:41:31,free,0.25648,0.26016,0.26886,0.26026,0.25728,0.25882,0.26163,0.26765,9409,0,96,100,8,2,0,60,0,0,0,1,auto,unused,120,600,0,0,../../../../../scripts/standard_camera.csv,10,0,0,60,0,1,60,1920,1080,0,0,64,0.0,1.0,96,0.0,0.0,-3.0,0.0,0.0,0.0,0.1,1000.0,0.785,1,255,1,0,0,-1.0,1.0,1.0,0.5,1,1,256,1,100,08_synth_workload_scaling_dense,0,60,0,success,0,,"Scene CPU cache disabled; rebuilding source scene.
Log saved to: ${REPOSITORY_ROOT}\out\build\x64-Release\bin\Release\logs\log_2026-07-30_01-41-32.txt",,
61,08_synth_workload_scaling_dense,${RUN_TEMP}\run_00061.csv,9,2,0,61,0,0,0,1,auto,unused,120,600,1,0,0,../../../../../scripts/standard_camera.csv,10,0,0,60,0,captures,1,60,1920,1080,0,0,64,0,1,0,0,-3,0,0,0,0.1,1000,0.785,1,255,1,0,0,-1,1,1,0.5,96,1,1,256,1,100,total,0.40428,visibility,0.03825,visutil_histogram,0.02707,visutil_prefix,0.00210,visutil_flatten,0.03689,gbuffer,0.14426,lighting,0.08938,tonemap,0.03426,,0.00000,,0.00000,,0.00000,,0.00000,,0.00000,,0.00000,,0.00000,,0.00000,,0.00000,,0.00000,,0.00000,,0.00000,,0.00000,,0.00000,,0.00000,,0.00000,,0.00000,,0.00000,,0.00000,,0.00000,,0.00000,,0.00000,,0.00000,,0.00000,DonutVisGBuffer,2026-07-30T01:41:32,free,0.38454,0.39293,0.62774,0.40428,0.38627,0.38998,0.42730,0.43677,9409,0,96,100,9,2,0,61,0,0,0,1,auto,unused,120,600,0,0,../../../../../scripts/standard_camera.csv,10,0,0,60,0,1,60,1920,1080,0,0,64,0.0,1.0,96,0.0,0.0,-3.0,0.0,0.0,0.0,0.1,1000.0,0.785,1,255,1,0,0,-1.0,1.0,1.0,0.5,1,1,256,1,100,08_synth_workload_scaling_dense,0,61,0,success,0,,"Scene CPU cache disabled; rebuilding source scene.
Log saved to: ${REPOSITORY_ROOT}\out\build\x64-Release\bin\Release\logs\log_2026-07-30_01-41-35.txt",,
62,08_synth_workload_scaling_dense,${RUN_TEMP}\run_00062.csv,8,2,0,62,0,0,0,1,auto,unused,120,600,1,0,0,../../../../../scripts/standard_camera.csv,10,0,0,60,0,captures,1,60,1920,1080,1,0,64,0,1,0,0,-3,0,0,0,0.1,1000,0.785,1,255,1,0,0,-1,1,1,0.5,96,1,1,256,1,100,total,0.25980,depth_prepass,0.01441,geometry,0.11686,lighting,0.08571,tonemap,0.02986,,0.00000,,0.00000,,0.00000,,0.00000,,0.00000,,0.00000,,0.00000,,0.00000,,0.00000,,0.00000,,0.00000,,0.00000,,0.00000,,0.00000,,0.00000,,0.00000,,0.00000,,0.00000,,0.00000,,0.00000,,0.00000,,0.00000,,0.00000,,0.00000,,0.00000,,0.00000,,0.00000,DonutDeferredPrepass,2026-07-30T01:41:36,free,0.25645,0.25968,0.28742,0.25980,0.25706,0.25850,0.26074,0.26672,9409,0,96,100,8,2,0,62,0,0,0,1,auto,unused,120,600,0,0,../../../../../scripts/standard_camera.csv,10,0,0,60,0,1,60,1920,1080,1,0,64,0.0,1.0,96,0.0,0.0,-3.0,0.0,0.0,0.0,0.1,1000.0,0.785,1,255,1,0,0,-1.0,1.0,1.0,0.5,1,1,256,1,100,08_synth_workload_scaling_dense,0,62,0,success,0,,"Scene CPU cache disabled; rebuilding source scene.
Log saved to: ${REPOSITORY_ROOT}\out\build\x64-Release\bin\Release\logs\log_2026-07-30_01-41-37.txt",,
63,08_synth_workload_scaling_dense,${RUN_TEMP}\run_00063.csv,9,2,0,63,0,0,0,1,auto,unused,120,600,1,0,0,../../../../../scripts/standard_camera.csv,10,0,0,60,0,captures,1,60,1920,1080,1,0,64,0,1,0,0,-3,0,0,0,0.1,1000,0.785,1,255,1,0,0,-1,1,1,0.5,96,1,1,256,1,100,total,0.39145,visibility,0.03789,visutil_histogram,0.02670,visutil_prefix,0.00206,visutil_flatten,0.03625,gbuffer,0.13864,lighting,0.08856,tonemap,0.02929,,0.00000,,0.00000,,0.00000,,0.00000,,0.00000,,0.00000,,0.00000,,0.00000,,0.00000,,0.00000,,0.00000,,0.00000,,0.00000,,0.00000,,0.00000,,0.00000,,0.00000,,0.00000,,0.00000,,0.00000,,0.00000,,0.00000,,0.00000,,0.00000,DonutVisGBuffer,2026-07-30T01:41:37,free,0.38387,0.39149,0.40691,0.39145,0.38605,0.38838,0.39453,0.39850,9409,0,96,100,9,2,0,63,0,0,0,1,auto,unused,120,600,0,0,../../../../../scripts/standard_camera.csv,10,0,0,60,0,1,60,1920,1080,1,0,64,0.0,1.0,96,0.0,0.0,-3.0,0.0,0.0,0.0,0.1,1000.0,0.785,1,255,1,0,0,-1.0,1.0,1.0,0.5,1,1,256,1,100,08_synth_workload_scaling_dense,0,63,0,success,0,,"Scene CPU cache disabled; rebuilding source scene.
Log saved to: ${REPOSITORY_ROOT}\out\build\x64-Release\bin\Release\logs\log_2026-07-30_01-41-40.txt",,
64,08_synth_workload_scaling_dense,${RUN_TEMP}\run_00064.csv,8,2,0,64,0,0,0,1,auto,unused,120,600,1,0,0,../../../../../scripts/standard_camera.csv,10,0,0,60,0,captures,1,60,1920,1080,0,0,64,0.5,1,0,0,-3,0,0,0,0.1,1000,0.785,1,255,1,0,0,-1,1,1,0.5,96,1,1,256,1,100,total,0.25159,depth_prepass,0.01561,geometry,0.10802,lighting,0.08570,tonemap,0.02943,,0.00000,,0.00000,,0.00000,,0.00000,,0.00000,,0.00000,,0.00000,,0.00000,,0.00000,,0.00000,,0.00000,,0.00000,,0.00000,,0.00000,,0.00000,,0.00000,,0.00000,,0.00000,,0.00000,,0.00000,,0.00000,,0.00000,,0.00000,,0.00000,,0.00000,,0.00000,,0.00000,DonutDeferredPrepass,2026-07-30T01:41:40,free,0.24794,0.25146,0.26269,0.25159,0.24906,0.25027,0.25286,0.25811,9409,0,96,100,8,2,0,64,0,0,0,1,auto,unused,120,600,0,0,../../../../../scripts/standard_camera.csv,10,0,0,60,0,1,60,1920,1080,0,0,64,0.5,1.0,96,0.0,0.0,-3.0,0.0,0.0,0.0,0.1,1000.0,0.785,1,255,1,0,0,-1.0,1.0,1.0,0.5,1,1,256,1,100,08_synth_workload_scaling_dense,0,64,0,success,0,,"Scene CPU cache disabled; rebuilding source scene.
Log saved to: ${REPOSITORY_ROOT}\out\build\x64-Release\bin\Release\logs\log_2026-07-30_01-41-42.txt",,
65,08_synth_workload_scaling_dense,${RUN_TEMP}\run_00065.csv,9,2,0,65,0,0,0,1,auto,unused,120,600,1,0,0,../../../../../scripts/standard_camera.csv,10,0,0,60,0,captures,1,60,1920,1080,0,0,64,0.5,1,0,0,-3,0,0,0,0.1,1000,0.785,1,255,1,0,0,-1,1,1,0.5,96,1,1,256,1,100,total,0.38718,visibility,0.03576,visutil_histogram,0.02697,visutil_prefix,0.00207,visutil_flatten,0.03606,gbuffer,0.13628,lighting,0.08819,tonemap,0.02962,,0.00000,,0.00000,,0.00000,,0.00000,,0.00000,,0.00000,,0.00000,,0.00000,,0.00000,,0.00000,,0.00000,,0.00000,,0.00000,,0.00000,,0.00000,,0.00000,,0.00000,,0.00000,,0.00000,,0.00000,,0.00000,,0.00000,,0.00000,,0.00000,DonutVisGBuffer,2026-07-30T01:41:42,free,0.38035,0.38682,0.40627,0.38718,0.38198,0.38438,0.39034,0.39530,9409,0,96,100,9,2,0,65,0,0,0,1,auto,unused,120,600,0,0,../../../../../scripts/standard_camera.csv,10,0,0,60,0,1,60,1920,1080,0,0,64,0.5,1.0,96,0.0,0.0,-3.0,0.0,0.0,0.0,0.1,1000.0,0.785,1,255,1,0,0,-1.0,1.0,1.0,0.5,1,1,256,1,100,08_synth_workload_scaling_dense,0,65,0,success,0,,"Scene CPU cache disabled; rebuilding source scene.
Log saved to: ${REPOSITORY_ROOT}\out\build\x64-Release\bin\Release\logs\log_2026-07-30_01-41-45.txt",,
66,08_synth_workload_scaling_dense,${RUN_TEMP}\run_00066.csv,8,2,0,66,0,0,0,1,auto,unused,120,600,1,0,0,../../../../../scripts/standard_camera.csv,10,0,0,60,0,captures,1,60,1920,1080,1,0,64,0.5,1,0,0,-3,0,0,0,0.1,1000,0.785,1,255,1,0,0,-1,1,1,0.5,96,1,1,256,1,100,total,0.25065,depth_prepass,0.01548,geometry,0.10767,lighting,0.08553,tonemap,0.02906,,0.00000,,0.00000,,0.00000,,0.00000,,0.00000,,0.00000,,0.00000,,0.00000,,0.00000,,0.00000,,0.00000,,0.00000,,0.00000,,0.00000,,0.00000,,0.00000,,0.00000,,0.00000,,0.00000,,0.00000,,0.00000,,0.00000,,0.00000,,0.00000,,0.00000,,0.00000,,0.00000,DonutDeferredPrepass,2026-07-30T01:41:45,free,0.24749,0.25050,0.25856,0.25065,0.24826,0.24931,0.25197,0.25715,9409,0,96,100,8,2,0,66,0,0,0,1,auto,unused,120,600,0,0,../../../../../scripts/standard_camera.csv,10,0,0,60,0,1,60,1920,1080,1,0,64,0.5,1.0,96,0.0,0.0,-3.0,0.0,0.0,0.0,0.1,1000.0,0.785,1,255,1,0,0,-1.0,1.0,1.0,0.5,1,1,256,1,100,08_synth_workload_scaling_dense,0,66,0,success,0,,"Scene CPU cache disabled; rebuilding source scene.
Log saved to: ${REPOSITORY_ROOT}\out\build\x64-Release\bin\Release\logs\log_2026-07-30_01-41-47.txt",,
67,08_synth_workload_scaling_dense,${RUN_TEMP}\run_00067.csv,9,2,0,67,0,0,0,1,auto,unused,120,600,1,0,0,../../../../../scripts/standard_camera.csv,10,0,0,60,0,captures,1,60,1920,1080,1,0,64,0.5,1,0,0,-3,0,0,0,0.1,1000,0.785,1,255,1,0,0,-1,1,1,0.5,96,1,1,256,1,100,total,0.38640,visibility,0.03573,visutil_histogram,0.02686,visutil_prefix,0.00207,visutil_flatten,0.03634,gbuffer,0.13557,lighting,0.08833,tonemap,0.02931,,0.00000,,0.00000,,0.00000,,0.00000,,0.00000,,0.00000,,0.00000,,0.00000,,0.00000,,0.00000,,0.00000,,0.00000,,0.00000,,0.00000,,0.00000,,0.00000,,0.00000,,0.00000,,0.00000,,0.00000,,0.00000,,0.00000,,0.00000,,0.00000,DonutVisGBuffer,2026-07-30T01:41:47,free,0.37997,0.38630,0.52570,0.38640,0.38157,0.38365,0.38854,0.39382,9409,0,96,100,9,2,0,67,0,0,0,1,auto,unused,120,600,0,0,../../../../../scripts/standard_camera.csv,10,0,0,60,0,1,60,1920,1080,1,0,64,0.5,1.0,96,0.0,0.0,-3.0,0.0,0.0,0.0,0.1,1000.0,0.785,1,255,1,0,0,-1.0,1.0,1.0,0.5,1,1,256,1,100,08_synth_workload_scaling_dense,0,67,0,success,0,,"Scene CPU cache disabled; rebuilding source scene.
Log saved to: ${REPOSITORY_ROOT}\out\build\x64-Release\bin\Release\logs\log_2026-07-30_01-41-50.txt",,
68,08_synth_workload_scaling_dense,${RUN_TEMP}\run_00068.csv,8,2,0,68,0,0,0,1,auto,unused,120,600,1,0,0,../../../../../scripts/standard_camera.csv,10,0,0,60,0,captures,1,60,1920,1080,0,0,64,1,1,0,0,-3,0,0,0,0.1,1000,0.785,1,255,1,0,0,-1,1,1,0.5,96,1,1,256,1,100,total,0.23246,depth_prepass,0.01857,geometry,0.08770,lighting,0.08553,tonemap,0.02789,,0.00000,,0.00000,,0.00000,,0.00000,,0.00000,,0.00000,,0.00000,,0.00000,,0.00000,,0.00000,,0.00000,,0.00000,,0.00000,,0.00000,,0.00000,,0.00000,,0.00000,,0.00000,,0.00000,,0.00000,,0.00000,,0.00000,,0.00000,,0.00000,,0.00000,,0.00000,,0.00000,DonutDeferredPrepass,2026-07-30T01:41:50,free,0.22909,0.23242,0.24730,0.23246,0.22989,0.23104,0.23363,0.23792,9409,0,96,100,8,2,0,68,0,0,0,1,auto,unused,120,600,0,0,../../../../../scripts/standard_camera.csv,10,0,0,60,0,1,60,1920,1080,0,0,64,1.0,1.0,96,0.0,0.0,-3.0,0.0,0.0,0.0,0.1,1000.0,0.785,1,255,1,0,0,-1.0,1.0,1.0,0.5,1,1,256,1,100,08_synth_workload_scaling_dense,0,68,0,success,0,,"Scene CPU cache disabled; rebuilding source scene.
Log saved to: ${REPOSITORY_ROOT}\out\build\x64-Release\bin\Release\logs\log_2026-07-30_01-41-51.txt",,
69,08_synth_workload_scaling_dense,${RUN_TEMP}\run_00069.csv,9,2,0,69,0,0,0,1,auto,unused,120,600,1,0,0,../../../../../scripts/standard_camera.csv,10,0,0,60,0,captures,1,60,1920,1080,0,0,64,1,1,0,0,-3,0,0,0,0.1,1000,0.785,1,255,1,0,0,-1,1,1,0.5,96,1,1,256,1,100,total,0.37346,visibility,0.03039,visutil_histogram,0.02595,visutil_prefix,0.00207,visutil_flatten,0.03365,gbuffer,0.13110,lighting,0.08764,tonemap,0.02998,,0.00000,,0.00000,,0.00000,,0.00000,,0.00000,,0.00000,,0.00000,,0.00000,,0.00000,,0.00000,,0.00000,,0.00000,,0.00000,,0.00000,,0.00000,,0.00000,,0.00000,,0.00000,,0.00000,,0.00000,,0.00000,,0.00000,,0.00000,,0.00000,DonutVisGBuffer,2026-07-30T01:41:51,free,0.36586,0.37299,0.38586,0.37346,0.36813,0.37053,0.37664,0.38070,9409,0,96,100,9,2,0,69,0,0,0,1,auto,unused,120,600,0,0,../../../../../scripts/standard_camera.csv,10,0,0,60,0,1,60,1920,1080,0,0,64,1.0,1.0,96,0.0,0.0,-3.0,0.0,0.0,0.0,0.1,1000.0,0.785,1,255,1,0,0,-1.0,1.0,1.0,0.5,1,1,256,1,100,08_synth_workload_scaling_dense,0,69,0,success,0,,"Scene CPU cache disabled; rebuilding source scene.
Log saved to: ${REPOSITORY_ROOT}\out\build\x64-Release\bin\Release\logs\log_2026-07-30_01-41-54.txt",,
70,08_synth_workload_scaling_dense,${RUN_TEMP}\run_00070.csv,8,2,0,70,0,0,0,1,auto,unused,120,600,1,0,0,../../../../../scripts/standard_camera.csv,10,0,0,60,0,captures,1,60,1920,1080,1,0,64,1,1,0,0,-3,0,0,0,0.1,1000,0.785,1,255,1,0,0,-1,1,1,0.5,96,1,1,256,1,100,total,0.23249,depth_prepass,0.01827,geometry,0.08773,lighting,0.08560,tonemap,0.02798,,0.00000,,0.00000,,0.00000,,0.00000,,0.00000,,0.00000,,0.00000,,0.00000,,0.00000,,0.00000,,0.00000,,0.00000,,0.00000,,0.00000,,0.00000,,0.00000,,0.00000,,0.00000,,0.00000,,0.00000,,0.00000,,0.00000,,0.00000,,0.00000,,0.00000,,0.00000,,0.00000,DonutDeferredPrepass,2026-07-30T01:41:54,free,0.22976,0.23238,0.23981,0.23249,0.23046,0.23114,0.23370,0.23763,9409,0,96,100,8,2,0,70,0,0,0,1,auto,unused,120,600,0,0,../../../../../scripts/standard_camera.csv,10,0,0,60,0,1,60,1920,1080,1,0,64,1.0,1.0,96,0.0,0.0,-3.0,0.0,0.0,0.0,0.1,1000.0,0.785,1,255,1,0,0,-1.0,1.0,1.0,0.5,1,1,256,1,100,08_synth_workload_scaling_dense,0,70,0,success,0,,"Scene CPU cache disabled; rebuilding source scene.
Log saved to: ${REPOSITORY_ROOT}\out\build\x64-Release\bin\Release\logs\log_2026-07-30_01-41-56.txt",,
71,08_synth_workload_scaling_dense,${RUN_TEMP}\run_00071.csv,9,2,0,71,0,0,0,1,auto,unused,120,600,1,0,0,../../../../../scripts/standard_camera.csv,10,0,0,60,0,captures,1,60,1920,1080,1,0,64,1,1,0,0,-3,0,0,0,0.1,1000,0.785,1,255,1,0,0,-1,1,1,0.5,96,1,1,256,1,100,total,0.37246,visibility,0.03051,visutil_histogram,0.02593,visutil_prefix,0.00207,visutil_flatten,0.03369,gbuffer,0.12981,lighting,0.08769,tonemap,0.03007,,0.00000,,0.00000,,0.00000,,0.00000,,0.00000,,0.00000,,0.00000,,0.00000,,0.00000,,0.00000,,0.00000,,0.00000,,0.00000,,0.00000,,0.00000,,0.00000,,0.00000,,0.00000,,0.00000,,0.00000,,0.00000,,0.00000,,0.00000,,0.00000,DonutVisGBuffer,2026-07-30T01:41:56,free,0.36550,0.37248,0.50160,0.37246,0.36675,0.36893,0.37504,0.38198,9409,0,96,100,9,2,0,71,0,0,0,1,auto,unused,120,600,0,0,../../../../../scripts/standard_camera.csv,10,0,0,60,0,1,60,1920,1080,1,0,64,1.0,1.0,96,0.0,0.0,-3.0,0.0,0.0,0.0,0.1,1000.0,0.785,1,255,1,0,0,-1.0,1.0,1.0,0.5,1,1,256,1,100,08_synth_workload_scaling_dense,0,71,0,success,0,,"Scene CPU cache disabled; rebuilding source scene.
Log saved to: ${REPOSITORY_ROOT}\out\build\x64-Release\bin\Release\logs\log_2026-07-30_01-41-59.txt",,
72,08_synth_workload_scaling_dense,${RUN_TEMP}\run_00072.csv,8,2,0,72,0,0,0,1,auto,unused,120,600,1,0,0,../../../../../scripts/standard_camera.csv,10,0,0,60,0,captures,1,60,1920,1080,0,0,64,0,1,0,0,-3,0,0,0,0.1,1000,0.785,1,255,1,0,0,-1,1,1,0.5,128,1,1,256,1,100,total,0.29181,depth_prepass,0.01981,geometry,0.14375,lighting,0.08580,tonemap,0.02927,,0.00000,,0.00000,,0.00000,,0.00000,,0.00000,,0.00000,,0.00000,,0.00000,,0.00000,,0.00000,,0.00000,,0.00000,,0.00000,,0.00000,,0.00000,,0.00000,,0.00000,,0.00000,,0.00000,,0.00000,,0.00000,,0.00000,,0.00000,,0.00000,,0.00000,,0.00000,,0.00000,DonutDeferredPrepass,2026-07-30T01:41:59,free,0.28902,0.29171,0.29997,0.29181,0.28976,0.29053,0.29302,0.29814,16641,0,128,100,8,2,0,72,0,0,0,1,auto,unused,120,600,0,0,../../../../../scripts/standard_camera.csv,10,0,0,60,0,1,60,1920,1080,0,0,64,0.0,1.0,128,0.0,0.0,-3.0,0.0,0.0,0.0,0.1,1000.0,0.785,1,255,1,0,0,-1.0,1.0,1.0,0.5,1,1,256,1,100,08_synth_workload_scaling_dense,0,72,0,success,0,,"Scene CPU cache disabled; rebuilding source scene.
Log saved to: ${REPOSITORY_ROOT}\out\build\x64-Release\bin\Release\logs\log_2026-07-30_01-42-01.txt",,
73,08_synth_workload_scaling_dense,${RUN_TEMP}\run_00073.csv,9,2,0,73,0,0,0,1,auto,unused,120,600,1,0,0,../../../../../scripts/standard_camera.csv,10,0,0,60,0,captures,1,60,1920,1080,0,0,64,0,1,0,0,-3,0,0,0,0.1,1000,0.785,1,255,1,0,0,-1,1,1,0.5,128,1,1,256,1,100,total,0.42991,visibility,0.04670,visutil_histogram,0.02635,visutil_prefix,0.00213,visutil_flatten,0.03575,gbuffer,0.16053,lighting,0.08959,tonemap,0.03665,,0.00000,,0.00000,,0.00000,,0.00000,,0.00000,,0.00000,,0.00000,,0.00000,,0.00000,,0.00000,,0.00000,,0.00000,,0.00000,,0.00000,,0.00000,,0.00000,,0.00000,,0.00000,,0.00000,,0.00000,,0.00000,,0.00000,,0.00000,,0.00000,DonutVisGBuffer,2026-07-30T01:42:01,free,0.39805,0.44682,0.58902,0.42991,0.39885,0.40202,0.45267,0.47178,16641,0,128,100,9,2,0,73,0,0,0,1,auto,unused,120,600,0,0,../../../../../scripts/standard_camera.csv,10,0,0,60,0,1,60,1920,1080,0,0,64,0.0,1.0,128,0.0,0.0,-3.0,0.0,0.0,0.0,0.1,1000.0,0.785,1,255,1,0,0,-1.0,1.0,1.0,0.5,1,1,256,1,100,08_synth_workload_scaling_dense,0,73,0,success,0,,"Scene CPU cache disabled; rebuilding source scene.
Log saved to: ${REPOSITORY_ROOT}\out\build\x64-Release\bin\Release\logs\log_2026-07-30_01-42-05.txt",,
74,08_synth_workload_scaling_dense,${RUN_TEMP}\run_00074.csv,8,2,0,74,0,0,0,1,auto,unused,120,600,1,0,0,../../../../../scripts/standard_camera.csv,10,0,0,60,0,captures,1,60,1920,1080,1,0,64,0,1,0,0,-3,0,0,0,0.1,1000,0.785,1,255,1,0,0,-1,1,1,0.5,128,1,1,256,1,100,total,0.29184,depth_prepass,0.02007,geometry,0.14364,lighting,0.08583,tonemap,0.02916,,0.00000,,0.00000,,0.00000,,0.00000,,0.00000,,0.00000,,0.00000,,0.00000,,0.00000,,0.00000,,0.00000,,0.00000,,0.00000,,0.00000,,0.00000,,0.00000,,0.00000,,0.00000,,0.00000,,0.00000,,0.00000,,0.00000,,0.00000,,0.00000,,0.00000,,0.00000,,0.00000,DonutDeferredPrepass,2026-07-30T01:42:05,free,0.28803,0.29181,0.30112,0.29184,0.28918,0.29037,0.29334,0.29802,16641,0,128,100,8,2,0,74,0,0,0,1,auto,unused,120,600,0,0,../../../../../scripts/standard_camera.csv,10,0,0,60,0,1,60,1920,1080,1,0,64,0.0,1.0,128,0.0,0.0,-3.0,0.0,0.0,0.0,0.1,1000.0,0.785,1,255,1,0,0,-1.0,1.0,1.0,0.5,1,1,256,1,100,08_synth_workload_scaling_dense,0,74,0,success,0,,"Scene CPU cache disabled; rebuilding source scene.
Log saved to: ${REPOSITORY_ROOT}\out\build\x64-Release\bin\Release\logs\log_2026-07-30_01-42-07.txt",,
75,08_synth_workload_scaling_dense,${RUN_TEMP}\run_00075.csv,9,2,0,75,0,0,0,1,auto,unused,120,600,1,0,0,../../../../../scripts/standard_camera.csv,10,0,0,60,0,captures,1,60,1920,1080,1,0,64,0,1,0,0,-3,0,0,0,0.1,1000,0.785,1,255,1,0,0,-1,1,1,0.5,128,1,1,256,1,100,total,0.41437,visibility,0.04626,visutil_histogram,0.02602,visutil_prefix,0.00210,visutil_flatten,0.03570,gbuffer,0.15089,lighting,0.08874,tonemap,0.03224,,0.00000,,0.00000,,0.00000,,0.00000,,0.00000,,0.00000,,0.00000,,0.00000,,0.00000,,0.00000,,0.00000,,0.00000,,0.00000,,0.00000,,0.00000,,0.00000,,0.00000,,0.00000,,0.00000,,0.00000,,0.00000,,0.00000,,0.00000,,0.00000,DonutVisGBuffer,2026-07-30T01:42:07,free,0.39626,0.40419,0.52448,0.41437,0.39814,0.40035,0.44918,0.47251,16641,0,128,100,9,2,0,75,0,0,0,1,auto,unused,120,600,0,0,../../../../../scripts/standard_camera.csv,10,0,0,60,0,1,60,1920,1080,1,0,64,0.0,1.0,128,0.0,0.0,-3.0,0.0,0.0,0.0,0.1,1000.0,0.785,1,255,1,0,0,-1.0,1.0,1.0,0.5,1,1,256,1,100,08_synth_workload_scaling_dense,0,75,0,success,0,,"Scene CPU cache disabled; rebuilding source scene.
Log saved to: ${REPOSITORY_ROOT}\out\build\x64-Release\bin\Release\logs\log_2026-07-30_01-42-11.txt",,
76,08_synth_workload_scaling_dense,${RUN_TEMP}\run_00076.csv,8,2,0,76,0,0,0,1,auto,unused,120,600,1,0,0,../../../../../scripts/standard_camera.csv,10,0,0,60,0,captures,1,60,1920,1080,0,0,64,0.5,1,0,0,-3,0,0,0,0.1,1000,0.785,1,255,1,0,0,-1,1,1,0.5,128,1,1,256,1,100,total,0.27901,depth_prepass,0.02139,geometry,0.12896,lighting,0.08579,tonemap,0.02998,,0.00000,,0.00000,,0.00000,,0.00000,,0.00000,,0.00000,,0.00000,,0.00000,,0.00000,,0.00000,,0.00000,,0.00000,,0.00000,,0.00000,,0.00000,,0.00000,,0.00000,,0.00000,,0.00000,,0.00000,,0.00000,,0.00000,,0.00000,,0.00000,,0.00000,,0.00000,,0.00000,DonutDeferredPrepass,2026-07-30T01:42:11,free,0.27638,0.27885,0.28733,0.27901,0.27686,0.27757,0.28022,0.28550,16641,0,128,100,8,2,0,76,0,0,0,1,auto,unused,120,600,0,0,../../../../../scripts/standard_camera.csv,10,0,0,60,0,1,60,1920,1080,0,0,64,0.5,1.0,128,0.0,0.0,-3.0,0.0,0.0,0.0,0.1,1000.0,0.785,1,255,1,0,0,-1.0,1.0,1.0,0.5,1,1,256,1,100,08_synth_workload_scaling_dense,0,76,0,success,0,,"Scene CPU cache disabled; rebuilding source scene.
Log saved to: ${REPOSITORY_ROOT}\out\build\x64-Release\bin\Release\logs\log_2026-07-30_01-42-13.txt",,
77,08_synth_workload_scaling_dense,${RUN_TEMP}\run_00077.csv,9,2,0,77,0,0,0,1,auto,unused,120,600,1,0,0,../../../../../scripts/standard_camera.csv,10,0,0,60,0,captures,1,60,1920,1080,0,0,64,0.5,1,0,0,-3,0,0,0,0.1,1000,0.785,1,255,1,0,0,-1,1,1,0.5,128,1,1,256,1,100,total,0.40961,visibility,0.04254,visutil_histogram,0.02694,visutil_prefix,0.00211,visutil_flatten,0.03596,gbuffer,0.14628,lighting,0.08919,tonemap,0.03421,,0.00000,,0.00000,,0.00000,,0.00000,,0.00000,,0.00000,,0.00000,,0.00000,,0.00000,,0.00000,,0.00000,,0.00000,,0.00000,,0.00000,,0.00000,,0.00000,,0.00000,,0.00000,,0.00000,,0.00000,,0.00000,,0.00000,,0.00000,,0.00000,DonutVisGBuffer,2026-07-30T01:42:13,free,0.38819,0.39850,0.78147,0.40961,0.39053,0.39411,0.43325,0.45142,16641,0,128,100,9,2,0,77,0,0,0,1,auto,unused,120,600,0,0,../../../../../scripts/standard_camera.csv,10,0,0,60,0,1,60,1920,1080,0,0,64,0.5,1.0,128,0.0,0.0,-3.0,0.0,0.0,0.0,0.1,1000.0,0.785,1,255,1,0,0,-1.0,1.0,1.0,0.5,1,1,256,1,100,08_synth_workload_scaling_dense,0,77,0,success,0,,"Scene CPU cache disabled; rebuilding source scene.
Log saved to: ${REPOSITORY_ROOT}\out\build\x64-Release\bin\Release\logs\log_2026-07-30_01-42-17.txt",,
78,08_synth_workload_scaling_dense,${RUN_TEMP}\run_00078.csv,8,2,0,78,0,0,0,1,auto,unused,120,600,1,0,0,../../../../../scripts/standard_camera.csv,10,0,0,60,0,captures,1,60,1920,1080,1,0,64,0.5,1,0,0,-3,0,0,0,0.1,1000,0.785,1,255,1,0,0,-1,1,1,0.5,128,1,1,256,1,100,total,0.27979,depth_prepass,0.02162,geometry,0.12959,lighting,0.08581,tonemap,0.02991,,0.00000,,0.00000,,0.00000,,0.00000,,0.00000,,0.00000,,0.00000,,0.00000,,0.00000,,0.00000,,0.00000,,0.00000,,0.00000,,0.00000,,0.00000,,0.00000,,0.00000,,0.00000,,0.00000,,0.00000,,0.00000,,0.00000,,0.00000,,0.00000,,0.00000,,0.00000,,0.00000,DonutDeferredPrepass,2026-07-30T01:42:17,free,0.27738,0.27958,0.30502,0.27979,0.27773,0.27846,0.28096,0.28640,16641,0,128,100,8,2,0,78,0,0,0,1,auto,unused,120,600,0,0,../../../../../scripts/standard_camera.csv,10,0,0,60,0,1,60,1920,1080,1,0,64,0.5,1.0,128,0.0,0.0,-3.0,0.0,0.0,0.0,0.1,1000.0,0.785,1,255,1,0,0,-1.0,1.0,1.0,0.5,1,1,256,1,100,08_synth_workload_scaling_dense,0,78,0,success,0,,"Scene CPU cache disabled; rebuilding source scene.
Log saved to: ${REPOSITORY_ROOT}\out\build\x64-Release\bin\Release\logs\log_2026-07-30_01-42-19.txt",,
79,08_synth_workload_scaling_dense,${RUN_TEMP}\run_00079.csv,9,2,0,79,0,0,0,1,auto,unused,120,600,1,0,0,../../../../../scripts/standard_camera.csv,10,0,0,60,0,captures,1,60,1920,1080,1,0,64,0.5,1,0,0,-3,0,0,0,0.1,1000,0.785,1,255,1,0,0,-1,1,1,0.5,128,1,1,256,1,100,total,0.40258,visibility,0.04214,visutil_histogram,0.02671,visutil_prefix,0.00209,visutil_flatten,0.03598,gbuffer,0.14297,lighting,0.08897,tonemap,0.03140,,0.00000,,0.00000,,0.00000,,0.00000,,0.00000,,0.00000,,0.00000,,0.00000,,0.00000,,0.00000,,0.00000,,0.00000,,0.00000,,0.00000,,0.00000,,0.00000,,0.00000,,0.00000,,0.00000,,0.00000,,0.00000,,0.00000,,0.00000,,0.00000,DonutVisGBuffer,2026-07-30T01:42:19,free,0.38829,0.39677,0.60781,0.40258,0.39030,0.39437,0.43146,0.44170,16641,0,128,100,9,2,0,79,0,0,0,1,auto,unused,120,600,0,0,../../../../../scripts/standard_camera.csv,10,0,0,60,0,1,60,1920,1080,1,0,64,0.5,1.0,128,0.0,0.0,-3.0,0.0,0.0,0.0,0.1,1000.0,0.785,1,255,1,0,0,-1.0,1.0,1.0,0.5,1,1,256,1,100,08_synth_workload_scaling_dense,0,79,0,success,0,,"Scene CPU cache disabled; rebuilding source scene.
Log saved to: ${REPOSITORY_ROOT}\out\build\x64-Release\bin\Release\logs\log_2026-07-30_01-42-23.txt",,
80,08_synth_workload_scaling_dense,${RUN_TEMP}\run_00080.csv,8,2,0,80,0,0,0,1,auto,unused,120,600,1,0,0,../../../../../scripts/standard_camera.csv,10,0,0,60,0,captures,1,60,1920,1080,0,0,64,1,1,0,0,-3,0,0,0,0.1,1000,0.785,1,255,1,0,0,-1,1,1,0.5,128,1,1,256,1,100,total,0.25206,depth_prepass,0.02523,geometry,0.09988,lighting,0.08563,tonemap,0.02852,,0.00000,,0.00000,,0.00000,,0.00000,,0.00000,,0.00000,,0.00000,,0.00000,,0.00000,,0.00000,,0.00000,,0.00000,,0.00000,,0.00000,,0.00000,,0.00000,,0.00000,,0.00000,,0.00000,,0.00000,,0.00000,,0.00000,,0.00000,,0.00000,,0.00000,,0.00000,,0.00000,DonutDeferredPrepass,2026-07-30T01:42:23,free,0.24966,0.25194,0.26058,0.25206,0.25011,0.25066,0.25328,0.25782,16641,0,128,100,8,2,0,80,0,0,0,1,auto,unused,120,600,0,0,../../../../../scripts/standard_camera.csv,10,0,0,60,0,1,60,1920,1080,0,0,64,1.0,1.0,128,0.0,0.0,-3.0,0.0,0.0,0.0,0.1,1000.0,0.785,1,255,1,0,0,-1.0,1.0,1.0,0.5,1,1,256,1,100,08_synth_workload_scaling_dense,0,80,0,success,0,,"Scene CPU cache disabled; rebuilding source scene.
Log saved to: ${REPOSITORY_ROOT}\out\build\x64-Release\bin\Release\logs\log_2026-07-30_01-42-24.txt",,
81,08_synth_workload_scaling_dense,${RUN_TEMP}\run_00081.csv,9,2,0,81,0,0,0,1,auto,unused,120,600,1,0,0,../../../../../scripts/standard_camera.csv,10,0,0,60,0,captures,1,60,1920,1080,0,0,64,1,1,0,0,-3,0,0,0,0.1,1000,0.785,1,255,1,0,0,-1,1,1,0.5,128,1,1,256,1,100,total,0.39008,visibility,0.03420,visutil_histogram,0.02735,visutil_prefix,0.00211,visutil_flatten,0.03427,gbuffer,0.13726,lighting,0.08853,tonemap,0.03437,,0.00000,,0.00000,,0.00000,,0.00000,,0.00000,,0.00000,,0.00000,,0.00000,,0.00000,,0.00000,,0.00000,,0.00000,,0.00000,,0.00000,,0.00000,,0.00000,,0.00000,,0.00000,,0.00000,,0.00000,,0.00000,,0.00000,,0.00000,,0.00000,DonutVisGBuffer,2026-07-30T01:42:24,free,0.37382,0.38090,0.54355,0.39008,0.37472,0.37718,0.40995,0.51344,16641,0,128,100,9,2,0,81,0,0,0,1,auto,unused,120,600,0,0,../../../../../scripts/standard_camera.csv,10,0,0,60,0,1,60,1920,1080,0,0,64,1.0,1.0,128,0.0,0.0,-3.0,0.0,0.0,0.0,0.1,1000.0,0.785,1,255,1,0,0,-1.0,1.0,1.0,0.5,1,1,256,1,100,08_synth_workload_scaling_dense,0,81,0,success,0,,"Scene CPU cache disabled; rebuilding source scene.
Log saved to: ${REPOSITORY_ROOT}\out\build\x64-Release\bin\Release\logs\log_2026-07-30_01-42-28.txt",,
82,08_synth_workload_scaling_dense,${RUN_TEMP}\run_00082.csv,8,2,0,82,0,0,0,1,auto,unused,120,600,1,0,0,../../../../../scripts/standard_camera.csv,10,0,0,60,0,captures,1,60,1920,1080,1,0,64,1,1,0,0,-3,0,0,0,0.1,1000,0.785,1,255,1,0,0,-1,1,1,0.5,128,1,1,256,1,100,total,0.25316,depth_prepass,0.02587,geometry,0.09990,lighting,0.08561,tonemap,0.02880,,0.00000,,0.00000,,0.00000,,0.00000,,0.00000,,0.00000,,0.00000,,0.00000,,0.00000,,0.00000,,0.00000,,0.00000,,0.00000,,0.00000,,0.00000,,0.00000,,0.00000,,0.00000,,0.00000,,0.00000,,0.00000,,0.00000,,0.00000,,0.00000,,0.00000,,0.00000,,0.00000,DonutDeferredPrepass,2026-07-30T01:42:29,free,0.25046,0.25315,0.26912,0.25316,0.25104,0.25171,0.25430,0.25910,16641,0,128,100,8,2,0,82,0,0,0,1,auto,unused,120,600,0,0,../../../../../scripts/standard_camera.csv,10,0,0,60,0,1,60,1920,1080,1,0,64,1.0,1.0,128,0.0,0.0,-3.0,0.0,0.0,0.0,0.1,1000.0,0.785,1,255,1,0,0,-1.0,1.0,1.0,0.5,1,1,256,1,100,08_synth_workload_scaling_dense,0,82,0,success,0,,"Scene CPU cache disabled; rebuilding source scene.
Log saved to: ${REPOSITORY_ROOT}\out\build\x64-Release\bin\Release\logs\log_2026-07-30_01-42-30.txt",,
83,08_synth_workload_scaling_dense,${RUN_TEMP}\run_00083.csv,9,2,0,83,0,0,0,1,auto,unused,120,600,1,0,0,../../../../../scripts/standard_camera.csv,10,0,0,60,0,captures,1,60,1920,1080,1,0,64,1,1,0,0,-3,0,0,0,0.1,1000,0.785,1,255,1,0,0,-1,1,1,0.5,128,1,1,256,1,100,total,0.39343,visibility,0.03421,visutil_histogram,0.02766,visutil_prefix,0.00212,visutil_flatten,0.03432,gbuffer,0.13802,lighting,0.08867,tonemap,0.03663,,0.00000,,0.00000,,0.00000,,0.00000,,0.00000,,0.00000,,0.00000,,0.00000,,0.00000,,0.00000,,0.00000,,0.00000,,0.00000,,0.00000,,0.00000,,0.00000,,0.00000,,0.00000,,0.00000,,0.00000,,0.00000,,0.00000,,0.00000,,0.00000,DonutVisGBuffer,2026-07-30T01:42:30,free,0.37408,0.38413,0.43971,0.39343,0.37568,0.37811,0.41085,0.42026,16641,0,128,100,9,2,0,83,0,0,0,1,auto,unused,120,600,0,0,../../../../../scripts/standard_camera.csv,10,0,0,60,0,1,60,1920,1080,1,0,64,1.0,1.0,128,0.0,0.0,-3.0,0.0,0.0,0.0,0.1,1000.0,0.785,1,255,1,0,0,-1.0,1.0,1.0,0.5,1,1,256,1,100,08_synth_workload_scaling_dense,0,83,0,success,0,,"Scene CPU cache disabled; rebuilding source scene.
Log saved to: ${REPOSITORY_ROOT}\out\build\x64-Release\bin\Release\logs\log_2026-07-30_01-42-34.txt",,
84,08_synth_workload_scaling_dense,${RUN_TEMP}\run_00084.csv,8,2,0,84,0,0,0,1,auto,unused,120,600,1,0,0,../../../../../scripts/standard_camera.csv,10,0,0,60,0,captures,1,60,1920,1080,0,0,64,0,1,0,0,-3,0,0,0,0.1,1000,0.785,1,255,1,0,0,-1,1,1,0.5,192,1,1,256,1,100,total,0.37339,depth_prepass,0.03570,geometry,0.21208,lighting,0.08551,tonemap,0.02719,,0.00000,,0.00000,,0.00000,,0.00000,,0.00000,,0.00000,,0.00000,,0.00000,,0.00000,,0.00000,,0.00000,,0.00000,,0.00000,,0.00000,,0.00000,,0.00000,,0.00000,,0.00000,,0.00000,,0.00000,,0.00000,,0.00000,,0.00000,,0.00000,,0.00000,,0.00000,,0.00000,DonutDeferredPrepass,2026-07-30T01:42:34,free,0.36643,0.37331,0.38099,0.37339,0.37059,0.37162,0.37533,0.37818,37249,0,192,100,8,2,0,84,0,0,0,1,auto,unused,120,600,0,0,../../../../../scripts/standard_camera.csv,10,0,0,60,0,1,60,1920,1080,0,0,64,0.0,1.0,192,0.0,0.0,-3.0,0.0,0.0,0.0,0.1,1000.0,0.785,1,255,1,0,0,-1.0,1.0,1.0,0.5,1,1,256,1,100,08_synth_workload_scaling_dense,0,84,0,success,0,,"Scene CPU cache disabled; rebuilding source scene.
Log saved to: ${REPOSITORY_ROOT}\out\build\x64-Release\bin\Release\logs\log_2026-07-30_01-42-36.txt",,
85,08_synth_workload_scaling_dense,${RUN_TEMP}\run_00085.csv,9,2,0,85,0,0,0,1,auto,unused,120,600,1,0,0,../../../../../scripts/standard_camera.csv,10,0,0,60,0,captures,1,60,1920,1080,0,0,64,0,1,0,0,-3,0,0,0,0.1,1000,0.785,1,255,1,0,0,-1,1,1,0.5,192,1,1,256,1,100,total,0.47654,visibility,0.06326,visutil_histogram,0.02522,visutil_prefix,0.00212,visutil_flatten,0.03588,gbuffer,0.19653,lighting,0.08837,tonemap,0.03282,,0.00000,,0.00000,,0.00000,,0.00000,,0.00000,,0.00000,,0.00000,,0.00000,,0.00000,,0.00000,,0.00000,,0.00000,,0.00000,,0.00000,,0.00000,,0.00000,,0.00000,,0.00000,,0.00000,,0.00000,,0.00000,,0.00000,,0.00000,,0.00000,DonutVisGBuffer,2026-07-30T01:42:37,free,0.43712,0.44701,0.68605,0.47654,0.44054,0.44416,0.54218,0.55744,37249,0,192,100,9,2,0,85,0,0,0,1,auto,unused,120,600,0,0,../../../../../scripts/standard_camera.csv,10,0,0,60,0,1,60,1920,1080,0,0,64,0.0,1.0,192,0.0,0.0,-3.0,0.0,0.0,0.0,0.1,1000.0,0.785,1,255,1,0,0,-1.0,1.0,1.0,0.5,1,1,256,1,100,08_synth_workload_scaling_dense,0,85,0,success,0,,"Scene CPU cache disabled; rebuilding source scene.
Log saved to: ${REPOSITORY_ROOT}\out\build\x64-Release\bin\Release\logs\log_2026-07-30_01-42-41.txt",,
86,08_synth_workload_scaling_dense,${RUN_TEMP}\run_00086.csv,8,2,0,86,0,0,0,1,auto,unused,120,600,1,0,0,../../../../../scripts/standard_camera.csv,10,0,0,60,0,captures,1,60,1920,1080,1,0,64,0,1,0,0,-3,0,0,0,0.1,1000,0.785,1,255,1,0,0,-1,1,1,0.5,192,1,1,256,1,100,total,0.37396,depth_prepass,0.03592,geometry,0.21213,lighting,0.08557,tonemap,0.02723,,0.00000,,0.00000,,0.00000,,0.00000,,0.00000,,0.00000,,0.00000,,0.00000,,0.00000,,0.00000,,0.00000,,0.00000,,0.00000,,0.00000,,0.00000,,0.00000,,0.00000,,0.00000,,0.00000,,0.00000,,0.00000,,0.00000,,0.00000,,0.00000,,0.00000,,0.00000,,0.00000,DonutDeferredPrepass,2026-07-30T01:42:41,free,0.37021,0.37386,0.38102,0.37396,0.37107,0.37216,0.37568,0.37946,37249,0,192,100,8,2,0,86,0,0,0,1,auto,unused,120,600,0,0,../../../../../scripts/standard_camera.csv,10,0,0,60,0,1,60,1920,1080,1,0,64,0.0,1.0,192,0.0,0.0,-3.0,0.0,0.0,0.0,0.1,1000.0,0.785,1,255,1,0,0,-1.0,1.0,1.0,0.5,1,1,256,1,100,08_synth_workload_scaling_dense,0,86,0,success,0,,"Scene CPU cache disabled; rebuilding source scene.
Log saved to: ${REPOSITORY_ROOT}\out\build\x64-Release\bin\Release\logs\log_2026-07-30_01-42-44.txt",,
87,08_synth_workload_scaling_dense,${RUN_TEMP}\run_00087.csv,9,2,0,87,0,0,0,1,auto,unused,120,600,1,0,0,../../../../../scripts/standard_camera.csv,10,0,0,60,0,captures,1,60,1920,1080,1,0,64,0,1,0,0,-3,0,0,0,0.1,1000,0.785,1,255,1,0,0,-1,1,1,0.5,192,1,1,256,1,100,total,0.47770,visibility,0.06358,visutil_histogram,0.02521,visutil_prefix,0.00211,visutil_flatten,0.03599,gbuffer,0.19715,lighting,0.08845,tonemap,0.03300,,0.00000,,0.00000,,0.00000,,0.00000,,0.00000,,0.00000,,0.00000,,0.00000,,0.00000,,0.00000,,0.00000,,0.00000,,0.00000,,0.00000,,0.00000,,0.00000,,0.00000,,0.00000,,0.00000,,0.00000,,0.00000,,0.00000,,0.00000,,0.00000,DonutVisGBuffer,2026-07-30T01:42:44,free,0.43872,0.44698,0.63955,0.47770,0.44141,0.44314,0.54118,0.57971,37249,0,192,100,9,2,0,87,0,0,0,1,auto,unused,120,600,0,0,../../../../../scripts/standard_camera.csv,10,0,0,60,0,1,60,1920,1080,1,0,64,0.0,1.0,192,0.0,0.0,-3.0,0.0,0.0,0.0,0.1,1000.0,0.785,1,255,1,0,0,-1.0,1.0,1.0,0.5,1,1,256,1,100,08_synth_workload_scaling_dense,0,87,0,success,0,,"Scene CPU cache disabled; rebuilding source scene.
Log saved to: ${REPOSITORY_ROOT}\out\build\x64-Release\bin\Release\logs\log_2026-07-30_01-42-48.txt",,
88,08_synth_workload_scaling_dense,${RUN_TEMP}\run_00088.csv,8,2,0,88,0,0,0,1,auto,unused,120,600,1,0,0,../../../../../scripts/standard_camera.csv,10,0,0,60,0,captures,1,60,1920,1080,0,0,64,0.5,1,0,0,-3,0,0,0,0.1,1000,0.785,1,255,1,0,0,-1,1,1,0.5,192,1,1,256,1,100,total,0.33180,depth_prepass,0.03343,geometry,0.17117,lighting,0.08570,tonemap,0.02846,,0.00000,,0.00000,,0.00000,,0.00000,,0.00000,,0.00000,,0.00000,,0.00000,,0.00000,,0.00000,,0.00000,,0.00000,,0.00000,,0.00000,,0.00000,,0.00000,,0.00000,,0.00000,,0.00000,,0.00000,,0.00000,,0.00000,,0.00000,,0.00000,,0.00000,,0.00000,,0.00000,DonutDeferredPrepass,2026-07-30T01:42:48,free,0.32912,0.33165,0.33958,0.33180,0.32970,0.33046,0.33312,0.33773,37249,0,192,100,8,2,0,88,0,0,0,1,auto,unused,120,600,0,0,../../../../../scripts/standard_camera.csv,10,0,0,60,0,1,60,1920,1080,0,0,64,0.5,1.0,192,0.0,0.0,-3.0,0.0,0.0,0.0,0.1,1000.0,0.785,1,255,1,0,0,-1.0,1.0,1.0,0.5,1,1,256,1,100,08_synth_workload_scaling_dense,0,88,0,success,0,,"Scene CPU cache disabled; rebuilding source scene.
Log saved to: ${REPOSITORY_ROOT}\out\build\x64-Release\bin\Release\logs\log_2026-07-30_01-42-50.txt",,
89,08_synth_workload_scaling_dense,${RUN_TEMP}\run_00089.csv,9,2,0,89,0,0,0,1,auto,unused,120,600,1,0,0,../../../../../scripts/standard_camera.csv,10,0,0,60,0,captures,1,60,1920,1080,0,0,64,0.5,1,0,0,-3,0,0,0,0.1,1000,0.785,1,255,1,0,0,-1,1,1,0.5,192,1,1,256,1,100,total,0.42473,visibility,0.05330,visutil_histogram,0.02611,visutil_prefix,0.00208,visutil_flatten,0.03605,gbuffer,0.15586,lighting,0.08874,tonemap,0.03020,,0.00000,,0.00000,,0.00000,,0.00000,,0.00000,,0.00000,,0.00000,,0.00000,,0.00000,,0.00000,,0.00000,,0.00000,,0.00000,,0.00000,,0.00000,,0.00000,,0.00000,,0.00000,,0.00000,,0.00000,,0.00000,,0.00000,,0.00000,,0.00000,DonutVisGBuffer,2026-07-30T01:42:51,free,0.41107,0.41856,0.50570,0.42473,0.41261,0.41571,0.47664,0.48237,37249,0,192,100,9,2,0,89,0,0,0,1,auto,unused,120,600,0,0,../../../../../scripts/standard_camera.csv,10,0,0,60,0,1,60,1920,1080,0,0,64,0.5,1.0,192,0.0,0.0,-3.0,0.0,0.0,0.0,0.1,1000.0,0.785,1,255,1,0,0,-1.0,1.0,1.0,0.5,1,1,256,1,100,08_synth_workload_scaling_dense,0,89,0,success,0,,"Scene CPU cache disabled; rebuilding source scene.
Log saved to: ${REPOSITORY_ROOT}\out\build\x64-Release\bin\Release\logs\log_2026-07-30_01-42-55.txt",,
90,08_synth_workload_scaling_dense,${RUN_TEMP}\run_00090.csv,8,2,0,90,0,0,0,1,auto,unused,120,600,1,0,0,../../../../../scripts/standard_camera.csv,10,0,0,60,0,captures,1,60,1920,1080,1,0,64,0.5,1,0,0,-3,0,0,0,0.1,1000,0.785,1,255,1,0,0,-1,1,1,0.5,192,1,1,256,1,100,total,0.33249,depth_prepass,0.03348,geometry,0.17220,lighting,0.08556,tonemap,0.02832,,0.00000,,0.00000,,0.00000,,0.00000,,0.00000,,0.00000,,0.00000,,0.00000,,0.00000,,0.00000,,0.00000,,0.00000,,0.00000,,0.00000,,0.00000,,0.00000,,0.00000,,0.00000,,0.00000,,0.00000,,0.00000,,0.00000,,0.00000,,0.00000,,0.00000,,0.00000,,0.00000,DonutDeferredPrepass,2026-07-30T01:42:55,free,0.32986,0.33229,0.34922,0.33249,0.33050,0.33117,0.33382,0.33834,37249,0,192,100,8,2,0,90,0,0,0,1,auto,unused,120,600,0,0,../../../../../scripts/standard_camera.csv,10,0,0,60,0,1,60,1920,1080,1,0,64,0.5,1.0,192,0.0,0.0,-3.0,0.0,0.0,0.0,0.1,1000.0,0.785,1,255,1,0,0,-1.0,1.0,1.0,0.5,1,1,256,1,100,08_synth_workload_scaling_dense,0,90,0,success,0,,"Scene CPU cache disabled; rebuilding source scene.
Log saved to: ${REPOSITORY_ROOT}\out\build\x64-Release\bin\Release\logs\log_2026-07-30_01-42-57.txt",,
91,08_synth_workload_scaling_dense,${RUN_TEMP}\run_00091.csv,9,2,0,91,0,0,0,1,auto,unused,120,600,1,0,0,../../../../../scripts/standard_camera.csv,10,0,0,60,0,captures,1,60,1920,1080,1,0,64,0.5,1,0,0,-3,0,0,0,0.1,1000,0.785,1,255,1,0,0,-1,1,1,0.5,192,1,1,256,1,100,total,0.44787,visibility,0.05433,visutil_histogram,0.02643,visutil_prefix,0.00212,visutil_flatten,0.03601,gbuffer,0.17247,lighting,0.08928,tonemap,0.03518,,0.00000,,0.00000,,0.00000,,0.00000,,0.00000,,0.00000,,0.00000,,0.00000,,0.00000,,0.00000,,0.00000,,0.00000,,0.00000,,0.00000,,0.00000,,0.00000,,0.00000,,0.00000,,0.00000,,0.00000,,0.00000,,0.00000,,0.00000,,0.00000,DonutVisGBuffer,2026-07-30T01:42:57,free,0.41200,0.42106,0.65069,0.44787,0.41392,0.41635,0.48323,0.50349,37249,0,192,100,9,2,0,91,0,0,0,1,auto,unused,120,600,0,0,../../../../../scripts/standard_camera.csv,10,0,0,60,0,1,60,1920,1080,1,0,64,0.5,1.0,192,0.0,0.0,-3.0,0.0,0.0,0.0,0.1,1000.0,0.785,1,255,1,0,0,-1.0,1.0,1.0,0.5,1,1,256,1,100,08_synth_workload_scaling_dense,0,91,0,success,0,,"Scene CPU cache disabled; rebuilding source scene.
Log saved to: ${REPOSITORY_ROOT}\out\build\x64-Release\bin\Release\logs\log_2026-07-30_01-43-02.txt",,
92,08_synth_workload_scaling_dense,${RUN_TEMP}\run_00092.csv,8,2,0,92,0,0,0,1,auto,unused,120,600,1,0,0,../../../../../scripts/standard_camera.csv,10,0,0,60,0,captures,1,60,1920,1080,0,0,64,1,1,0,0,-3,0,0,0,0.1,1000,0.785,1,255,1,0,0,-1,1,1,0.5,192,1,1,256,1,100,total,0.27733,depth_prepass,0.03405,geometry,0.11592,lighting,0.08557,tonemap,0.02892,,0.00000,,0.00000,,0.00000,,0.00000,,0.00000,,0.00000,,0.00000,,0.00000,,0.00000,,0.00000,,0.00000,,0.00000,,0.00000,,0.00000,,0.00000,,0.00000,,0.00000,,0.00000,,0.00000,,0.00000,,0.00000,,0.00000,,0.00000,,0.00000,,0.00000,,0.00000,,0.00000,DonutDeferredPrepass,2026-07-30T01:43:02,free,0.27517,0.27718,0.28589,0.27733,0.27552,0.27619,0.27843,0.28326,37249,0,192,100,8,2,0,92,0,0,0,1,auto,unused,120,600,0,0,../../../../../scripts/standard_camera.csv,10,0,0,60,0,1,60,1920,1080,0,0,64,1.0,1.0,192,0.0,0.0,-3.0,0.0,0.0,0.0,0.1,1000.0,0.785,1,255,1,0,0,-1.0,1.0,1.0,0.5,1,1,256,1,100,08_synth_workload_scaling_dense,0,92,0,success,0,,"Scene CPU cache disabled; rebuilding source scene.
Log saved to: ${REPOSITORY_ROOT}\out\build\x64-Release\bin\Release\logs\log_2026-07-30_01-43-04.txt",,
93,08_synth_workload_scaling_dense,${RUN_TEMP}\run_00093.csv,9,2,0,93,0,0,0,1,auto,unused,120,600,1,0,0,../../../../../scripts/standard_camera.csv,10,0,0,60,0,captures,1,60,1920,1080,0,0,64,1,1,0,0,-3,0,0,0,0.1,1000,0.785,1,255,1,0,0,-1,1,1,0.5,192,1,1,256,1,100,total,0.38241,visibility,0.03812,visutil_histogram,0.02588,visutil_prefix,0.00207,visutil_flatten,0.03362,gbuffer,0.13222,lighting,0.08826,tonemap,0.03001,,0.00000,,0.00000,,0.00000,,0.00000,,0.00000,,0.00000,,0.00000,,0.00000,,0.00000,,0.00000,,0.00000,,0.00000,,0.00000,,0.00000,,0.00000,,0.00000,,0.00000,,0.00000,,0.00000,,0.00000,,0.00000,,0.00000,,0.00000,,0.00000,DonutVisGBuffer,2026-07-30T01:43:04,free,0.37469,0.38198,0.59946,0.38241,0.37667,0.37875,0.38509,0.38995,37249,0,192,100,9,2,0,93,0,0,0,1,auto,unused,120,600,0,0,../../../../../scripts/standard_camera.csv,10,0,0,60,0,1,60,1920,1080,0,0,64,1.0,1.0,192,0.0,0.0,-3.0,0.0,0.0,0.0,0.1,1000.0,0.785,1,255,1,0,0,-1.0,1.0,1.0,0.5,1,1,256,1,100,08_synth_workload_scaling_dense,0,93,0,success,0,,"Scene CPU cache disabled; rebuilding source scene.
Log saved to: ${REPOSITORY_ROOT}\out\build\x64-Release\bin\Release\logs\log_2026-07-30_01-43-07.txt",,
94,08_synth_workload_scaling_dense,${RUN_TEMP}\run_00094.csv,8,2,0,94,0,0,0,1,auto,unused,120,600,1,0,0,../../../../../scripts/standard_camera.csv,10,0,0,60,0,captures,1,60,1920,1080,1,0,64,1,1,0,0,-3,0,0,0,0.1,1000,0.785,1,255,1,0,0,-1,1,1,0.5,192,1,1,256,1,100,total,0.27767,depth_prepass,0.03397,geometry,0.11587,lighting,0.08557,tonemap,0.02926,,0.00000,,0.00000,,0.00000,,0.00000,,0.00000,,0.00000,,0.00000,,0.00000,,0.00000,,0.00000,,0.00000,,0.00000,,0.00000,,0.00000,,0.00000,,0.00000,,0.00000,,0.00000,,0.00000,,0.00000,,0.00000,,0.00000,,0.00000,,0.00000,,0.00000,,0.00000,,0.00000,DonutDeferredPrepass,2026-07-30T01:43:07,free,0.27523,0.27731,0.41418,0.27767,0.27549,0.27632,0.27859,0.28400,37249,0,192,100,8,2,0,94,0,0,0,1,auto,unused,120,600,0,0,../../../../../scripts/standard_camera.csv,10,0,0,60,0,1,60,1920,1080,1,0,64,1.0,1.0,192,0.0,0.0,-3.0,0.0,0.0,0.0,0.1,1000.0,0.785,1,255,1,0,0,-1.0,1.0,1.0,0.5,1,1,256,1,100,08_synth_workload_scaling_dense,0,94,0,success,0,,"Scene CPU cache disabled; rebuilding source scene.
Log saved to: ${REPOSITORY_ROOT}\out\build\x64-Release\bin\Release\logs\log_2026-07-30_01-43-09.txt",,
95,08_synth_workload_scaling_dense,${RUN_TEMP}\run_00095.csv,9,2,0,95,0,0,0,1,auto,unused,120,600,1,0,0,../../../../../scripts/standard_camera.csv,10,0,0,60,0,captures,1,60,1920,1080,1,0,64,1,1,0,0,-3,0,0,0,0.1,1000,0.785,1,255,1,0,0,-1,1,1,0.5,192,1,1,256,1,100,total,0.38892,visibility,0.03832,visutil_histogram,0.02641,visutil_prefix,0.00210,visutil_flatten,0.03365,gbuffer,0.13354,lighting,0.08928,tonemap,0.03361,,0.00000,,0.00000,,0.00000,,0.00000,,0.00000,,0.00000,,0.00000,,0.00000,,0.00000,,0.00000,,0.00000,,0.00000,,0.00000,,0.00000,,0.00000,,0.00000,,0.00000,,0.00000,,0.00000,,0.00000,,0.00000,,0.00000,,0.00000,,0.00000,DonutVisGBuffer,2026-07-30T01:43:09,free,0.37274,0.38227,0.58179,0.38892,0.37562,0.37837,0.41034,0.42000,37249,0,192,100,9,2,0,95,0,0,0,1,auto,unused,120,600,0,0,../../../../../scripts/standard_camera.csv,10,0,0,60,0,1,60,1920,1080,1,0,64,1.0,1.0,192,0.0,0.0,-3.0,0.0,0.0,0.0,0.1,1000.0,0.785,1,255,1,0,0,-1.0,1.0,1.0,0.5,1,1,256,1,100,08_synth_workload_scaling_dense,0,95,0,success,0,,"Scene CPU cache disabled; rebuilding source scene.
Log saved to: ${REPOSITORY_ROOT}\out\build\x64-Release\bin\Release\logs\log_2026-07-30_01-43-13.txt",,
96,08_synth_workload_scaling_dense,${RUN_TEMP}\run_00096.csv,8,2,0,96,0,0,0,1,auto,unused,120,600,1,0,0,../../../../../scripts/standard_camera.csv,10,0,0,60,0,captures,1,60,1920,1080,0,0,64,0,1,0,0,-3,0,0,0,0.1,1000,0.785,1,255,1,0,0,-1,1,1,0.5,256,1,1,256,1,100,total,0.50998,depth_prepass,0.06233,geometry,0.31664,lighting,0.08573,tonemap,0.03178,,0.00000,,0.00000,,0.00000,,0.00000,,0.00000,,0.00000,,0.00000,,0.00000,,0.00000,,0.00000,,0.00000,,0.00000,,0.00000,,0.00000,,0.00000,,0.00000,,0.00000,,0.00000,,0.00000,,0.00000,,0.00000,,0.00000,,0.00000,,0.00000,,0.00000,,0.00000,,0.00000,DonutDeferredPrepass,2026-07-30T01:43:13,free,0.46771,0.47226,0.61245,0.50998,0.46819,0.46938,0.57328,0.59677,66049,0,256,100,8,2,0,96,0,0,0,1,auto,unused,120,600,0,0,../../../../../scripts/standard_camera.csv,10,0,0,60,0,1,60,1920,1080,0,0,64,0.0,1.0,256,0.0,0.0,-3.0,0.0,0.0,0.0,0.1,1000.0,0.785,1,255,1,0,0,-1.0,1.0,1.0,0.5,1,1,256,1,100,08_synth_workload_scaling_dense,0,96,0,success,0,,"Scene CPU cache disabled; rebuilding source scene.
Log saved to: ${REPOSITORY_ROOT}\out\build\x64-Release\bin\Release\logs\log_2026-07-30_01-43-17.txt",,
97,08_synth_workload_scaling_dense,${RUN_TEMP}\run_00097.csv,9,2,0,97,0,0,0,1,auto,unused,120,600,1,0,0,../../../../../scripts/standard_camera.csv,10,0,0,60,0,captures,1,60,1920,1080,0,0,64,0,1,0,0,-3,0,0,0,0.1,1000,0.785,1,255,1,0,0,-1,1,1,0.5,256,1,1,256,1,100,total,0.55708,visibility,0.08468,visutil_histogram,0.02491,visutil_prefix,0.00216,visutil_flatten,0.03658,gbuffer,0.25737,lighting,0.08796,tonemap,0.03226,,0.00000,,0.00000,,0.00000,,0.00000,,0.00000,,0.00000,,0.00000,,0.00000,,0.00000,,0.00000,,0.00000,,0.00000,,0.00000,,0.00000,,0.00000,,0.00000,,0.00000,,0.00000,,0.00000,,0.00000,,0.00000,,0.00000,,0.00000,,0.00000,DonutVisGBuffer,2026-07-30T01:43:17,free,0.48467,0.51901,0.86717,0.55708,0.48794,0.51456,0.66960,0.72998,66049,0,256,100,9,2,0,97,0,0,0,1,auto,unused,120,600,0,0,../../../../../scripts/standard_camera.csv,10,0,0,60,0,1,60,1920,1080,0,0,64,0.0,1.0,256,0.0,0.0,-3.0,0.0,0.0,0.0,0.1,1000.0,0.785,1,255,1,0,0,-1.0,1.0,1.0,0.5,1,1,256,1,100,08_synth_workload_scaling_dense,0,97,0,success,0,,"Scene CPU cache disabled; rebuilding source scene.
Log saved to: ${REPOSITORY_ROOT}\out\build\x64-Release\bin\Release\logs\log_2026-07-30_01-43-23.txt",,
98,08_synth_workload_scaling_dense,${RUN_TEMP}\run_00098.csv,8,2,0,98,0,0,0,1,auto,unused,120,600,1,0,0,../../../../../scripts/standard_camera.csv,10,0,0,60,0,captures,1,60,1920,1080,1,0,64,0,1,0,0,-3,0,0,0,0.1,1000,0.785,1,255,1,0,0,-1,1,1,0.5,256,1,1,256,1,100,total,0.47869,depth_prepass,0.05362,geometry,0.29824,lighting,0.08559,tonemap,0.02782,,0.00000,,0.00000,,0.00000,,0.00000,,0.00000,,0.00000,,0.00000,,0.00000,,0.00000,,0.00000,,0.00000,,0.00000,,0.00000,,0.00000,,0.00000,,0.00000,,0.00000,,0.00000,,0.00000,,0.00000,,0.00000,,0.00000,,0.00000,,0.00000,,0.00000,,0.00000,,0.00000,DonutDeferredPrepass,2026-07-30T01:43:23,free,0.46787,0.47210,0.68963,0.47869,0.46874,0.46986,0.47648,0.58109,66049,0,256,100,8,2,0,98,0,0,0,1,auto,unused,120,600,0,0,../../../../../scripts/standard_camera.csv,10,0,0,60,0,1,60,1920,1080,1,0,64,0.0,1.0,256,0.0,0.0,-3.0,0.0,0.0,0.0,0.1,1000.0,0.785,1,255,1,0,0,-1.0,1.0,1.0,0.5,1,1,256,1,100,08_synth_workload_scaling_dense,0,98,0,success,0,,"Scene CPU cache disabled; rebuilding source scene.
Log saved to: ${REPOSITORY_ROOT}\out\build\x64-Release\bin\Release\logs\log_2026-07-30_01-43-27.txt",,
99,08_synth_workload_scaling_dense,${RUN_TEMP}\run_00099.csv,9,2,0,99,0,0,0,1,auto,unused,120,600,1,0,0,../../../../../scripts/standard_camera.csv,10,0,0,60,0,captures,1,60,1920,1080,1,0,64,0,1,0,0,-3,0,0,0,0.1,1000,0.785,1,255,1,0,0,-1,1,1,0.5,256,1,1,256,1,100,total,0.52231,visibility,0.08121,visutil_histogram,0.02471,visutil_prefix,0.00216,visutil_flatten,0.03664,gbuffer,0.23086,lighting,0.08681,tonemap,0.02879,,0.00000,,0.00000,,0.00000,,0.00000,,0.00000,,0.00000,,0.00000,,0.00000,,0.00000,,0.00000,,0.00000,,0.00000,,0.00000,,0.00000,,0.00000,,0.00000,,0.00000,,0.00000,,0.00000,,0.00000,,0.00000,,0.00000,,0.00000,,0.00000,DonutVisGBuffer,2026-07-30T01:43:27,free,0.48547,0.51846,0.76659,0.52231,0.48691,0.51386,0.52285,0.67312,66049,0,256,100,9,2,0,99,0,0,0,1,auto,unused,120,600,0,0,../../../../../scripts/standard_camera.csv,10,0,0,60,0,1,60,1920,1080,1,0,64,0.0,1.0,256,0.0,0.0,-3.0,0.0,0.0,0.0,0.1,1000.0,0.785,1,255,1,0,0,-1.0,1.0,1.0,0.5,1,1,256,1,100,08_synth_workload_scaling_dense,0,99,0,success,0,,"Scene CPU cache disabled; rebuilding source scene.
Log saved to: ${REPOSITORY_ROOT}\out\build\x64-Release\bin\Release\logs\log_2026-07-30_01-43-32.txt",,
100,08_synth_workload_scaling_dense,${RUN_TEMP}\run_00100.csv,8,2,0,100,0,0,0,1,auto,unused,120,600,1,0,0,../../../../../scripts/standard_camera.csv,10,0,0,60,0,captures,1,60,1920,1080,0,0,64,0.5,1,0,0,-3,0,0,0,0.1,1000,0.785,1,255,1,0,0,-1,1,1,0.5,256,1,1,256,1,100,total,0.40549,depth_prepass,0.04835,geometry,0.22720,lighting,0.08603,tonemap,0.03009,,0.00000,,0.00000,,0.00000,,0.00000,,0.00000,,0.00000,,0.00000,,0.00000,,0.00000,,0.00000,,0.00000,,0.00000,,0.00000,,0.00000,,0.00000,,0.00000,,0.00000,,0.00000,,0.00000,,0.00000,,0.00000,,0.00000,,0.00000,,0.00000,,0.00000,,0.00000,,0.00000,DonutDeferredPrepass,2026-07-30T01:43:32,free,0.39078,0.39418,0.82778,0.40549,0.39107,0.39216,0.43702,0.47456,66049,0,256,100,8,2,0,100,0,0,0,1,auto,unused,120,600,0,0,../../../../../scripts/standard_camera.csv,10,0,0,60,0,1,60,1920,1080,0,0,64,0.5,1.0,256,0.0,0.0,-3.0,0.0,0.0,0.0,0.1,1000.0,0.785,1,255,1,0,0,-1.0,1.0,1.0,0.5,1,1,256,1,100,08_synth_workload_scaling_dense,0,100,0,success,0,,"Scene CPU cache disabled; rebuilding source scene.
Log saved to: ${REPOSITORY_ROOT}\out\build\x64-Release\bin\Release\logs\log_2026-07-30_01-43-36.txt",,
101,08_synth_workload_scaling_dense,${RUN_TEMP}\run_00101.csv,9,2,0,101,0,0,0,1,auto,unused,120,600,1,0,0,../../../../../scripts/standard_camera.csv,10,0,0,60,0,captures,1,60,1920,1080,0,0,64,0.5,1,0,0,-3,0,0,0,0.1,1000,0.785,1,255,1,0,0,-1,1,1,0.5,256,1,1,256,1,100,total,0.49912,visibility,0.07015,visutil_histogram,0.02599,visutil_prefix,0.00214,visutil_flatten,0.03629,gbuffer,0.21023,lighting,0.08862,tonemap,0.03398,,0.00000,,0.00000,,0.00000,,0.00000,,0.00000,,0.00000,,0.00000,,0.00000,,0.00000,,0.00000,,0.00000,,0.00000,,0.00000,,0.00000,,0.00000,,0.00000,,0.00000,,0.00000,,0.00000,,0.00000,,0.00000,,0.00000,,0.00000,,0.00000,DonutVisGBuffer,2026-07-30T01:43:36,free,0.44688,0.45891,0.71814,0.49912,0.45110,0.45472,0.56250,0.58029,66049,0,256,100,9,2,0,101,0,0,0,1,auto,unused,120,600,0,0,../../../../../scripts/standard_camera.csv,10,0,0,60,0,1,60,1920,1080,0,0,64,0.5,1.0,256,0.0,0.0,-3.0,0.0,0.0,0.0,0.1,1000.0,0.785,1,255,1,0,0,-1.0,1.0,1.0,0.5,1,1,256,1,100,08_synth_workload_scaling_dense,0,101,0,success,0,,"Scene CPU cache disabled; rebuilding source scene.
Log saved to: ${REPOSITORY_ROOT}\out\build\x64-Release\bin\Release\logs\log_2026-07-30_01-43-41.txt",,
102,08_synth_workload_scaling_dense,${RUN_TEMP}\run_00102.csv,8,2,0,102,0,0,0,1,auto,unused,120,600,1,0,0,../../../../../scripts/standard_camera.csv,10,0,0,60,0,captures,1,60,1920,1080,1,0,64,0.5,1,0,0,-3,0,0,0,0.1,1000,0.785,1,255,1,0,0,-1,1,1,0.5,256,1,1,256,1,100,total,0.39522,depth_prepass,0.04515,geometry,0.22376,lighting,0.08556,tonemap,0.02728,,0.00000,,0.00000,,0.00000,,0.00000,,0.00000,,0.00000,,0.00000,,0.00000,,0.00000,,0.00000,,0.00000,,0.00000,,0.00000,,0.00000,,0.00000,,0.00000,,0.00000,,0.00000,,0.00000,,0.00000,,0.00000,,0.00000,,0.00000,,0.00000,,0.00000,,0.00000,,0.00000,DonutDeferredPrepass,2026-07-30T01:43:41,free,0.39101,0.39462,0.61030,0.39522,0.39171,0.39274,0.39706,0.40195,66049,0,256,100,8,2,0,102,0,0,0,1,auto,unused,120,600,0,0,../../../../../scripts/standard_camera.csv,10,0,0,60,0,1,60,1920,1080,1,0,64,0.5,1.0,256,0.0,0.0,-3.0,0.0,0.0,0.0,0.1,1000.0,0.785,1,255,1,0,0,-1.0,1.0,1.0,0.5,1,1,256,1,100,08_synth_workload_scaling_dense,0,102,0,success,0,,"Scene CPU cache disabled; rebuilding source scene.
Log saved to: ${REPOSITORY_ROOT}\out\build\x64-Release\bin\Release\logs\log_2026-07-30_01-43-44.txt",,
103,08_synth_workload_scaling_dense,${RUN_TEMP}\run_00103.csv,9,2,0,103,0,0,0,1,auto,unused,120,600,1,0,0,../../../../../scripts/standard_camera.csv,10,0,0,60,0,captures,1,60,1920,1080,1,0,64,0.5,1,0,0,-3,0,0,0,0.1,1000,0.785,1,255,1,0,0,-1,1,1,0.5,256,1,1,256,1,100,total,0.48926,visibility,0.06914,visutil_histogram,0.02587,visutil_prefix,0.00210,visutil_flatten,0.03651,gbuffer,0.20187,lighting,0.08907,tonemap,0.03245,,0.00000,,0.00000,,0.00000,,0.00000,,0.00000,,0.00000,,0.00000,,0.00000,,0.00000,,0.00000,,0.00000,,0.00000,,0.00000,,0.00000,,0.00000,,0.00000,,0.00000,,0.00000,,0.00000,,0.00000,,0.00000,,0.00000,,0.00000,,0.00000,DonutVisGBuffer,2026-07-30T01:43:44,free,0.44861,0.45830,0.75296,0.48926,0.45254,0.45485,0.56294,0.59936,66049,0,256,100,9,2,0,103,0,0,0,1,auto,unused,120,600,0,0,../../../../../scripts/standard_camera.csv,10,0,0,60,0,1,60,1920,1080,1,0,64,0.5,1.0,256,0.0,0.0,-3.0,0.0,0.0,0.0,0.1,1000.0,0.785,1,255,1,0,0,-1.0,1.0,1.0,0.5,1,1,256,1,100,08_synth_workload_scaling_dense,0,103,0,success,0,,"Scene CPU cache disabled; rebuilding source scene.
Log saved to: ${REPOSITORY_ROOT}\out\build\x64-Release\bin\Release\logs\log_2026-07-30_01-43-51.txt",,
104,08_synth_workload_scaling_dense,${RUN_TEMP}\run_00104.csv,8,2,0,104,0,0,0,1,auto,unused,120,600,1,0,0,../../../../../scripts/standard_camera.csv,10,0,0,60,0,captures,1,60,1920,1080,0,0,64,1,1,0,0,-3,0,0,0,0.1,1000,0.785,1,255,1,0,0,-1,1,1,0.5,256,1,1,256,1,100,total,0.30231,depth_prepass,0.04016,geometry,0.13384,lighting,0.08562,tonemap,0.02977,,0.00000,,0.00000,,0.00000,,0.00000,,0.00000,,0.00000,,0.00000,,0.00000,,0.00000,,0.00000,,0.00000,,0.00000,,0.00000,,0.00000,,0.00000,,0.00000,,0.00000,,0.00000,,0.00000,,0.00000,,0.00000,,0.00000,,0.00000,,0.00000,,0.00000,,0.00000,,0.00000,DonutDeferredPrepass,2026-07-30T01:43:51,free,0.29965,0.30182,0.33206,0.30231,0.30013,0.30086,0.30320,0.31709,66049,0,256,100,8,2,0,104,0,0,0,1,auto,unused,120,600,0,0,../../../../../scripts/standard_camera.csv,10,0,0,60,0,1,60,1920,1080,0,0,64,1.0,1.0,256,0.0,0.0,-3.0,0.0,0.0,0.0,0.1,1000.0,0.785,1,255,1,0,0,-1.0,1.0,1.0,0.5,1,1,256,1,100,08_synth_workload_scaling_dense,0,104,0,success,0,,"Scene CPU cache disabled; rebuilding source scene.
Log saved to: ${REPOSITORY_ROOT}\out\build\x64-Release\bin\Release\logs\log_2026-07-30_01-43-55.txt",,
105,08_synth_workload_scaling_dense,${RUN_TEMP}\run_00105.csv,9,2,0,105,0,0,0,1,auto,unused,120,600,1,0,0,../../../../../scripts/standard_camera.csv,10,0,0,60,0,captures,1,60,1920,1080,0,0,64,1,1,0,0,-3,0,0,0,0.1,1000,0.785,1,255,1,0,0,-1,1,1,0.5,256,1,1,256,1,100,total,0.40988,visibility,0.04436,visutil_histogram,0.02766,visutil_prefix,0.00213,visutil_flatten,0.03428,gbuffer,0.14279,lighting,0.08980,tonemap,0.03729,,0.00000,,0.00000,,0.00000,,0.00000,,0.00000,,0.00000,,0.00000,,0.00000,,0.00000,,0.00000,,0.00000,,0.00000,,0.00000,,0.00000,,0.00000,,0.00000,,0.00000,,0.00000,,0.00000,,0.00000,,0.00000,,0.00000,,0.00000,,0.00000,DonutVisGBuffer,2026-07-30T01:43:55,free,0.38486,0.42122,0.61376,0.40988,0.38662,0.39046,0.42800,0.44358,66049,0,256,100,9,2,0,105,0,0,0,1,auto,unused,120,600,0,0,../../../../../scripts/standard_camera.csv,10,0,0,60,0,1,60,1920,1080,0,0,64,1.0,1.0,256,0.0,0.0,-3.0,0.0,0.0,0.0,0.1,1000.0,0.785,1,255,1,0,0,-1.0,1.0,1.0,0.5,1,1,256,1,100,08_synth_workload_scaling_dense,0,105,0,success,0,,"Scene CPU cache disabled; rebuilding source scene.
Log saved to: ${REPOSITORY_ROOT}\out\build\x64-Release\bin\Release\logs\log_2026-07-30_01-44-00.txt",,
106,08_synth_workload_scaling_dense,${RUN_TEMP}\run_00106.csv,8,2,0,106,0,0,0,1,auto,unused,120,600,1,0,0,../../../../../scripts/standard_camera.csv,10,0,0,60,0,captures,1,60,1920,1080,1,0,64,1,1,0,0,-3,0,0,0,0.1,1000,0.785,1,255,1,0,0,-1,1,1,0.5,256,1,1,256,1,100,total,0.30485,depth_prepass,0.04103,geometry,0.13401,lighting,0.08605,tonemap,0.03018,,0.00000,,0.00000,,0.00000,,0.00000,,0.00000,,0.00000,,0.00000,,0.00000,,0.00000,,0.00000,,0.00000,,0.00000,,0.00000,,0.00000,,0.00000,,0.00000,,0.00000,,0.00000,,0.00000,,0.00000,,0.00000,,0.00000,,0.00000,,0.00000,,0.00000,,0.00000,,0.00000,DonutDeferredPrepass,2026-07-30T01:44:00,free,0.29875,0.30221,0.71530,0.30485,0.29949,0.30067,0.30730,0.34141,66049,0,256,100,8,2,0,106,0,0,0,1,auto,unused,120,600,0,0,../../../../../scripts/standard_camera.csv,10,0,0,60,0,1,60,1920,1080,1,0,64,1.0,1.0,256,0.0,0.0,-3.0,0.0,0.0,0.0,0.1,1000.0,0.785,1,255,1,0,0,-1.0,1.0,1.0,0.5,1,1,256,1,100,08_synth_workload_scaling_dense,0,106,0,success,0,,"Scene CPU cache disabled; rebuilding source scene.
Log saved to: ${REPOSITORY_ROOT}\out\build\x64-Release\bin\Release\logs\log_2026-07-30_01-44-04.txt",,
107,08_synth_workload_scaling_dense,${RUN_TEMP}\run_00107.csv,9,2,0,107,0,0,0,1,auto,unused,120,600,1,0,0,../../../../../scripts/standard_camera.csv,10,0,0,60,0,captures,1,60,1920,1080,1,0,64,1,1,0,0,-3,0,0,0,0.1,1000,0.785,1,255,1,0,0,-1,1,1,0.5,256,1,1,256,1,100,total,0.39975,visibility,0.04391,visutil_histogram,0.02697,visutil_prefix,0.00210,visutil_flatten,0.03432,gbuffer,0.13942,lighting,0.08891,tonemap,0.03285,,0.00000,,0.00000,,0.00000,,0.00000,,0.00000,,0.00000,,0.00000,,0.00000,,0.00000,,0.00000,,0.00000,,0.00000,,0.00000,,0.00000,,0.00000,,0.00000,,0.00000,,0.00000,,0.00000,,0.00000,,0.00000,,0.00000,,0.00000,,0.00000,DonutVisGBuffer,2026-07-30T01:44:04,free,0.38528,0.39258,0.60381,0.39975,0.38640,0.38864,0.42515,0.43021,66049,0,256,100,9,2,0,107,0,0,0,1,auto,unused,120,600,0,0,../../../../../scripts/standard_camera.csv,10,0,0,60,0,1,60,1920,1080,1,0,64,1.0,1.0,256,0.0,0.0,-3.0,0.0,0.0,0.0,0.1,1000.0,0.785,1,255,1,0,0,-1.0,1.0,1.0,0.5,1,1,256,1,100,08_synth_workload_scaling_dense,0,107,0,success,0,,"Scene CPU cache disabled; rebuilding source scene.
Log saved to: ${REPOSITORY_ROOT}\out\build\x64-Release\bin\Release\logs\log_2026-07-30_01-44-10.txt",,
