frame,triangle_count,total_fragments,covered_pixels,overdraw_extra,avg_overdraw,max_overdraw,rasterized_triangles,skipped_triangles,quad_instances,quad_covered_lanes,quad_waste_lanes,quad_efficiency
60,1178953,9398104,1019729,8378375,9.216276,158,176452,1002501,3090245,9398104,2962876,0.760304
61,1178953,9402262,1019868,8382394,9.219097,160,176523,1002430,3091604,9402262,2964154,0.760306
62,1178953,9406124,1019997,8386127,9.221717,160,176340,1002613,3092713,9406124,2964728,0.760346
63,1178953,9410579,1020142,8390437,9.224774,160,176234,1002719,3094393,9410579,2966993,0.760293
64,1178953,9415517,1020286,8395231,9.228311,159,176653,1002300,3095962,9415517,2968331,0.760306
65,1178953,9419884,1020457,8399427,9.231045,158,176602,1002351,3097039,9419884,2968272,0.760394
66,1178953,9423871,1020638,8403233,9.233314,157,176710,1002243,3098376,9423871,2969633,0.760388
67,1178953,9428219,1020788,8407431,9.236217,158,176527,1002426,3099118,9428219,2968253,0.760557
68,1178953,9431953,1020954,8410999,9.238372,157,176474,1002479,3100010,9431953,2968087,0.760639
69,1178953,9435794,1021111,8414683,9.240713,156,176496,1002457,3101321,9435794,2969490,0.760627
70,1178953,9440302,1021270,8419032,9.243689,158,176617,1002336,3102075,9440302,2967998,0.760805
71,1178953,9445374,1021392,8423982,9.247550,157,176522,1002431,3103572,9445374,2968914,0.760847
72,1178953,9450371,1021549,8428822,9.251021,159,176667,1002286,3105867,9450371,2973097,0.760687
73,1178953,9454931,1021748,8433183,9.253682,160,176933,1002020,3107427,9454931,2974777,0.760672
74,1178953,9459075,1021886,8437189,9.256488,159,176955,1001998,3108309,9459075,2974161,0.760789
75,1181021,9463494,1022018,8441476,9.259616,158,176847,1004174,3110044,9463494,2976682,0.760720
76,1181021,9468015,1022165,8445850,9.262707,156,176992,1004029,3111300,9468015,2977185,0.760776
77,1181021,9473053,1022323,8450730,9.266204,157,176973,1004048,3112291,9473053,2976111,0.760939
78,1181021,9477119,1022459,8454660,9.268948,156,176774,1004247,3113443,9477119,2976653,0.760984
79,1181509,9481578,1022602,8458976,9.272012,157,176919,1004590,3114932,9481578,2978150,0.760978
80,1181509,9486431,1022742,8463689,9.275488,157,176922,1004587,3116399,9486431,2979165,0.761009
81,1181509,9490964,1022932,8468032,9.278196,158,177025,1004484,3117853,9490964,2980448,0.761018
82,1181509,9495484,1023053,8472431,9.281517,159,176880,1004629,3118794,9495484,2979692,0.761150
83,1183110,9500030,1023168,8476862,9.284917,160,176837,1006273,3120310,9500030,2981210,0.761145
84,1183110,9504716,1023297,8481419,9.288326,159,176976,1006134,3122058,9504716,2983516,0.761094
85,1183110,9509310,1023438,8485872,9.291535,158,176977,1006133,3123083,9509310,2983022,0.761212
86,1183110,9514018,1023610,8490408,9.294573,156,177162,1005948,3124854,9514018,2985398,0.761157
87,1183432,9518616,1023742,8494874,9.297866,155,177070,1006362,3126017,9518616,2985452,0.761242
88,1183432,9523410,1023926,8499484,9.300877,155,177349,1006083,3127422,9523410,2986278,0.761283
89,1183432,9528520,1024120,8504400,9.304105,156,177217,1006215,3129007,9528520,2987508,0.761305
90,1183432,9533663,1024259,8509404,9.307864,157,177394,1006038,3130635,9533663,2988877,0.761320
91,1183432,9538095,1024422,8513673,9.310709,159,177317,1006115,3131830,9538095,2989225,0.761384
92,1183432,9543132,1024564,8518568,9.314335,157,177176,1006256,3133062,9543132,2989116,0.761486
93,1183432,9548244,1024774,8523470,9.317414,159,177192,1006240,3134534,9548244,2989892,0.761536
94,1188900,9553204,1024899,8528305,9.321117,160,177100,1011800,3135361,9553204,2988240,0.761731
95,1188900,9557917,1025076,8532841,9.324106,158,177045,1011855,3136728,9557917,2988995,0.761774
96,1188900,9562626,1025227,8537399,9.327326,156,177066,1011834,3138533,9562626,2991506,0.761711
97,1188900,9568066,1025413,8542653,9.330939,155,177238,1011662,3140181,9568066,2992658,0.761745
98,1188900,9572982,1025581,8547401,9.334204,154,177313,1011587,3141900,9572982,2994618,0.761719
99,1188900,9577754,1025780,8551974,9.337045,155,177360,1011540,3143344,9577754,2995622,0.761749
100,1188900,9582389,1025935,8556454,9.340152,156,177284,1011616,3144373,9582389,2995103,0.761868
101,1188900,9587459,1026052,8561407,9.344028,157,177410,1011490,3145734,9587459,2995477,0.761941
102,1188900,9592983,1026262,8566721,9.347499,156,177428,1011472,3147255,9592983,2996037,0.762012
103,1188900,9599248,1026427,8572821,9.352100,160,177569,1011331,3149200,9599248,2997552,0.762039
104,1188900,9604254,1026567,8577687,9.355701,159,177563,1011337,3150513,9604254,2997798,0.762118
105,1188900,9609474,1026723,8582751,9.359364,158,177584,1011316,3151557,9609474,2996754,0.762280
106,1188900,9614540,1026875,8587665,9.362912,157,177770,1011130,3153257,9614540,2998488,0.762271
107,1188900,9619741,1027026,8592715,9.366599,157,177654,1011246,3154379,9619741,2997775,0.762412
108,1188900,9624932,1027189,8597743,9.370167,154,177658,1011242,3155225,9624932,2995968,0.762619
109,1188900,9630190,1027380,8602810,9.373542,155,177491,1011409,3156653,9630190,2996422,0.762690
110,1188900,9636055,1027485,8608570,9.378293,156,177731,1011169,3158567,9636055,2998213,0.762692
111,1188900,9641571,1027600,8613971,9.382611,157,177737,1011163,3159842,9641571,2997797,0.762821
112,1188900,9647576,1027726,8619850,9.387304,157,177869,1011031,3161998,9647576,3000416,0.762775
113,1189664,9653653,1027896,8625757,9.391663,160,177665,1011999,3163684,9653653,3001083,0.762849
114,1189664,9659853,1028141,8631712,9.395455,159,177818,1011846,3165437,9659853,3001895,0.762916
115,1189664,9665368,1028339,8637029,9.399009,158,177723,1011941,3166454,9665368,3000448,0.763107
116,1189664,9671343,1028577,8642766,9.402644,158,177817,1011847,3168977,9671343,3004565,0.762970
117,1189664,9676826,1028750,8648076,9.406392,157,177637,1012027,3171015,9676826,3007234,0.762912
118,1189664,9683014,1028922,8654092,9.410834,154,177894,1011770,3172571,9683014,3007270,0.763026
119,1189664,9688660,1029089,8659571,9.414793,155,178098,1011566,3174390,9688660,3008900,0.763033
120,1189664,9693881,1029254,8664627,9.418356,155,177611,1012053,3175525,9693881,3008219,0.763172
121,1189664,9699641,1029390,8670251,9.422708,158,177605,1012059,3177356,9699641,3009783,0.763185
122,1189664,9706186,1029644,8676542,9.426740,157,177819,1011845,3179568,9706186,3012086,0.763169
123,1189664,9712173,1029857,8682316,9.430603,158,177938,1011726,3181835,9712173,3015167,0.763095
124,1189664,9717948,1030073,8687875,9.434232,160,178136,1011528,3182902,9717948,3013660,0.763293
125,1189664,9724218,1030298,8693920,9.438258,160,178175,1011489,3184547,9724218,3013970,0.763391
126,1189664,9730436,1030485,8699951,9.442579,159,178237,1011427,3186511,9730436,3015608,0.763408
127,1189664,9736549,1030634,8705915,9.447145,157,177965,1011699,3188184,9736549,3016187,0.763487
128,1189664,9742425,1030775,8711650,9.451553,156,178141,1011523,3189631,9742425,3016099,0.763601
129,1189762,9748773,1030882,8717891,9.456730,154,178395,1011367,3191593,9748773,3017599,0.763629
130,1189762,9754840,1031020,8723820,9.461349,155,178349,1011413,3192759,9754840,3016196,0.763825
131,1189762,9760891,1031185,8729706,9.465703,156,178193,1011569,3194152,9760891,3015717,0.763966
132,1189762,9767954,1031411,8736543,9.470477,158,178283,1011479,3196356,9767954,3017470,0.763991
133,1189762,9774144,1031604,8742540,9.474705,158,178386,1011376,3197795,9774144,3017036,0.764132
134,1189762,9780674,1031837,8748837,9.478894,161,178362,1011400,3199606,9780674,3017750,0.764209
135,1189762,9786835,1031955,8754880,9.483781,160,178616,1011146,3202276,9786835,3022269,0.764053
136,1189762,9792852,1032108,8760744,9.488205,159,178443,1011319,3203862,9792852,3022596,0.764144
137,1189762,9799498,1032252,8767246,9.493319,158,178394,1011368,3204966,9799498,3020366,0.764400
138,1189762,9806034,1032438,8773596,9.497940,156,178470,1011292,3207446,9806034,3023750,0.764318
139,1189762,9813192,1032668,8780524,9.502756,154,178507,1011255,3210257,9813192,3027836,0.764206
140,1189762,9819765,1032800,8786965,9.507906,154,178580,1011182,3211478,9819765,3026147,0.764427
141,1189762,9826023,1032922,8793101,9.512841,155,178584,1011178,3213178,9826023,3026689,0.764510
142,1189762,9832291,1033121,8799170,9.517076,158,178559,1011203,3214978,9832291,3027621,0.764569
143,1189762,9838798,1033400,8805398,9.520803,158,178438,1011324,3216748,9838798,3028194,0.764654
144,1189762,9845644,1033682,8811962,9.524829,159,178279,1011483,3218356,9845644,3027780,0.764804
145,1189762,9852470,1033982,8818488,9.528667,160,178392,1011370,3220388,9852470,3029082,0.764851
146,1189762,9858753,1034191,8824562,9.532816,160,178393,1011369,3222975,9858753,3033147,0.764725
147,1189762,9865895,1034405,8831490,9.537749,158,178482,1011280,3224805,9865895,3033325,0.764844
148,1189762,9872701,1034707,8837994,9.541543,156,178620,1011142,3226786,9872701,3034443,0.764902
149,1189762,9879378,1035001,8844377,9.545284,155,178431,1011331,3228609,9879378,3035058,0.764987
150,1189762,9886370,1035287,8851083,9.549400,154,178820,1010942,3230310,9886370,3034870,0.765125
151,1191898,10202149,1053586,9148563,9.683262,160,179663,1012235,3317483,10202149,3067783,0.768817
152,1192028,10766226,1275391,9490835,8.441510,158,180663,1011365,3470384,10766226,3115310,0.775579
153,1208614,11787025,2027173,9759852,5.814514,157,182545,1026069,3738120,11787025,3165455,0.788299
154,1214230,12111038,2072946,10038092,5.842428,161,183985,1030245,3828065,12111038,3201222,0.790937
155,1217894,12421796,2073153,10348643,5.991741,158,186046,1031848,3917481,12421796,3248128,0.792716
156,1218636,12703706,2073334,10630372,6.127187,159,187645,1030991,3998887,12703706,3291842,0.794203
157,1219334,12970214,2073600,10896614,6.254926,160,189544,1029790,4076609,12970214,3336222,0.795405
158,1222948,13237671,2073600,11164071,6.383908,160,191420,1031528,4157811,13237671,3393573,0.795952
159,1223304,13490979,2073600,11417379,6.506066,160,193099,1030205,4233981,13490979,3444945,0.796589
160,1250190,13662311,2073600,11588711,6.588692,156,194842,1055348,4288157,13662311,3490317,0.796514
161,1254858,13790790,2073599,11717191,6.650654,156,196531,1058327,4331058,13790790,3533442,0.796040
162,1259350,13889359,2073600,11815759,6.698186,158,197856,1061494,4366059,13889359,3574877,0.795303
163,1264192,13964973,2073600,11891373,6.734651,155,198657,1065535,4390875,13964973,3598527,0.795113
164,1264192,14004213,2073600,11930613,6.753575,153,199062,1065130,4407111,14004213,3624231,0.794410
165,1271508,13937068,2073599,11863469,6.721197,151,200311,1071197,4393353,13937068,3636344,0.793077
166,1271696,13820682,2073600,11747082,6.665067,151,202109,1069587,4370233,13820682,3660250,0.790615
167,1274702,13682964,2073600,11609364,6.598652,153,203375,1071327,4339379,13682964,3674552,0.788302
168,1274916,13596112,2073600,11522512,6.556767,152,204750,1070166,4321948,13596112,3691680,0.786457
169,1275158,13504898,2073600,11431298,6.512779,150,205729,1069429,4303800,13504898,3710302,0.784475
170,1275602,13445123,2073600,11371523,6.483952,149,206866,1068736,4293939,13445123,3730633,0.782797
171,1275640,13341968,2073600,11268368,6.434205,150,207843,1067797,4274273,13341968,3755124,0.780365
172,1276982,13233434,2073600,11159834,6.381864,151,208411,1068571,4252463,13233434,3776418,0.777986
173,1279026,13172509,2073600,11098909,6.352483,153,209259,1069767,4245944,13172509,3811267,0.775594
174,1279122,13169030,2073600,11095430,6.350805,151,209777,1069345,4252256,13169030,3839994,0.774238
175,1282858,13215862,2073600,11142262,6.373390,153,210280,1072578,4270707,13215862,3866966,0.773634
176,1282876,13285059,2073600,11211459,6.406761,151,210512,1072364,4292522,13285059,3885029,0.773733
177,1285094,13318037,2073600,11244437,6.422664,156,211027,1074067,4303272,13318037,3895051,0.773716
178,1284459,13295655,2073600,11222055,6.411871,150,210990,1073469,4297106,13295655,3892769,0.773524
179,1285839,13239323,2073600,11165723,6.384704,157,210953,1074886,4276378,13239323,3866189,0.773980
180,1285839,13180689,2073600,11107089,6.356428,150,210913,1074926,4256158,13180689,3843943,0.774213
181,1298266,13385603,2073600,11312003,6.455248,151,222137,1076129,4336803,13385603,3961609,0.771628
182,1312607,13808274,2073600,11734674,6.659083,148,234015,1078592,4492966,13808274,4163590,0.768327
183,1340897,14042061,2073600,11968461,6.771827,147,239292,1101605,4585571,14042061,4300223,0.765557
184,1390880,14244379,2073599,12170780,6.869399,169,247127,1143753,4677215,14244379,4464481,0.761371
185,1409620,14370702,2067607,12303095,6.950403,218,253135,1156485,4746871,14370702,4616782,0.756851
186,1400220,14374966,2067971,12306995,6.951242,220,259441,1140779,4782087,14374966,4753382,0.751501
187,1390878,14076732,2068244,12008488,6.806127,221,255627,1135251,4698020,14076732,4715348,0.749078
188,1382924,13649442,2068414,11581028,6.598989,223,248266,1134658,4565017,13649442,4610626,0.747502
189,1365239,13203117,2068433,11134684,6.383149,222,242795,1122444,4430765,13203117,4519943,0.744968
190,1328799,12750133,2068564,10681569,6.163760,229,237051,1091748,4288926,12750133,4405571,0.743201
191,1337349,12581608,2068710,10512898,6.081862,227,236347,1101002,4241813,12581608,4385644,0.741523
192,1364165,12451170,2068892,10382278,6.018279,228,235938,1128227,4203001,12451170,4360834,0.740612
193,1367207,12319621,2069101,10250520,5.954094,226,234375,1132832,4161072,12319621,4324667,0.740171
194,1367207,12200005,2069291,10130714,5.895742,222,233137,1134070,4123821,12200005,4295279,0.739606
195,1361735,12096404,2069535,10026869,5.844986,215,232423,1129312,4092918,12096404,4275268,0.738862
196,1361243,12003518,2070175,9933343,5.798311,212,231277,1129966,4061448,12003518,4242274,0.738869
197,1361129,11917099,2070896,9846203,5.754562,211,230254,1130875,4034512,11917099,4220949,0.738447
198,1311207,11834436,2071153,9763283,5.713936,214,230053,1081154,4009023,11834436,4201656,0.737988
199,1329437,11759329,2071986,9687343,5.675390,215,228870,1100567,3985059,11759329,4180907,0.737714
200,1328177,11680801,2073600,9607201,5.633102,219,227854,1100323,3960768,11680801,4162271,0.737281
201,1328893,11936586,2073599,9862987,5.756458,210,222095,1106798,4023338,11936586,4156766,0.741709
202,1262865,12287673,2073596,10214077,5.925780,212,211244,1051621,4099880,12287673,4111847,0.749270
203,1183890,10505645,2073600,8432045,5.066380,172,164093,1019797,3448264,10505645,3287411,0.761662
204,982757,8263832,2073598,6190234,3.985262,141,126013,856744,2682271,8263832,2465252,0.770227
205,922799,7136377,2073599,5062778,3.441541,140,92275,830524,2275113,7136377,1964075,0.784178
206,705097,6320989,2073600,4247389,3.048316,92,63988,641109,1968633,6320989,1553543,0.802713
207,476462,6027978,2073600,3954378,2.907011,29,53454,423008,1848992,6027978,1367990,0.815036
208,398511,5894310,2073599,3820711,2.842551,20,47887,350624,1790379,5894310,1267206,0.823053
209,366872,5835829,2073600,3762229,2.814347,20,42557,324315,1757191,5835829,1192935,0.830278
210,321762,5861278,2073600,3787678,2.826619,19,38089,283673,1752388,5861278,1148274,0.836184
211,317533,5855742,2073600,3782142,2.823950,19,37555,279978,1748927,5855742,1139966,0.837048
212,314177,5851059,2073600,3777459,2.821691,19,36869,277308,1745732,5851059,1131869,0.837909
213,299859,5846799,2073600,3773199,2.819637,19,36517,263342,1743684,5846799,1127937,0.838282
214,298798,5842344,2073600,3768744,2.817488,19,36039,262759,1740633,5842344,1120188,0.839112
215,244259,5838619,2073599,3765020,2.815693,19,35714,208545,1738821,5838619,1116665,0.839451
216,239059,5834431,2073600,3760831,2.813672,19,35532,203527,1736480,5834431,1111489,0.839980
217,238631,5829281,2073600,3755681,2.811189,19,35303,203328,1734425,5829281,1108419,0.840232
218,234557,5824898,2073600,3751298,2.809075,19,34923,199634,1732326,5824898,1104406,0.840618
219,233331,5822467,2073600,3748867,2.807903,19,34583,198748,1730606,5822467,1099957,0.841102
220,233179,5818997,2073600,3745397,2.806229,19,33984,199195,1727866,5818997,1092467,0.841934
221,217895,5816510,2073600,3742910,2.805030,18,33193,184702,1725043,5816510,1083662,0.842951
222,217563,5816089,2073600,3742489,2.804827,19,32903,184660,1723940,5816089,1079671,0.843430
223,219871,5822956,2073600,3749356,2.808139,19,32719,187152,1724985,5822956,1076984,0.843914
224,218405,5825729,2073600,3752129,2.809476,19,32086,186319,1723877,5825729,1069779,0.844859
225,212127,5809931,2073600,3736331,2.801857,20,31581,180546,1717210,5809931,1058909,0.845839
226,212127,5765550,2073600,3691950,2.780454,20,30886,181241,1697478,5765550,1024362,0.849135
227,211973,5732400,2073599,3658801,2.764469,21,30120,181853,1681346,5732400,992984,0.852353
228,205901,5709645,2073599,3636046,2.753495,21,29311,176590,1672213,5709645,979207,0.853606
229,202353,5683244,2073600,3609644,2.740762,23,28511,173842,1661211,5683244,961600,0.855286
230,201718,5676273,2073600,3602673,2.737400,26,27484,174234,1653214,5676273,936583,0.858369
231,204358,5779505,2073598,3705907,2.787187,22,27721,176637,1682009,5779505,948531,0.859018
232,208480,5857476,2073600,3783876,2.824786,22,27605,180875,1703642,5857476,957092,0.859552
233,207254,5923744,2073600,3850144,2.856744,19,27542,179712,1723005,5923744,968276,0.859508
234,208146,5974973,2073600,3901373,2.881449,18,27976,180170,1738709,5974973,979863,0.859111
235,270220,6003458,2073600,3929858,2.895186,18,28906,241314,1748242,6003458,989510,0.858499
236,295355,6009698,2073600,3936098,2.898195,17,29116,266239,1750039,6009698,990458,0.858509
237,317722,6036646,2073600,3963046,2.911191,17,32009,285713,1763291,6036646,1016518,0.855878
238,326678,6064084,2073600,3990484,2.924423,21,34231,292447,1777177,6064084,1044624,0.853050
239,363698,6130585,2073599,4056986,2.956495,29,36912,326786,1801568,6130585,1075687,0.850729
240,443246,6219468,2073600,4145868,2.999358,28,41495,401751,1833593,6219468,1114904,0.847989
241,545570,6319121,2073600,4245521,3.047416,23,44665,500905,1863982,6319121,1136807,0.847530
242,558138,6476129,2073599,4402530,3.123135,30,48649,509489,1911518,6476129,1169943,0.846988
243,551707,6628972,2073600,4555372,3.196842,30,51611,500096,1957773,6628972,1202120,0.846494
244,525144,6794085,2073600,4720485,3.276468,39,53174,471970,2004655,6794085,1224535,0.847289
245,520978,6982333,2073600,4908733,3.367252,39,53959,467019,2058325,6982333,1250967,0.848060
246,552964,7176397,2073600,5102797,3.460840,39,55973,496991,2113370,7176397,1277083,0.848928
247,592270,7388270,2073600,5314670,3.563016,39,60394,531876,2174764,7388270,1310786,0.849319
248,594932,7600227,2073600,5526627,3.665233,39,64551,530381,2238672,7600227,1354461,0.848743
249,608737,7777998,2073600,5704398,3.750964,39,66276,542461,2287252,7777998,1371010,0.850147
250,635455,7929164,2073600,5855564,3.823864,40,66604,568851,2327107,7929164,1379264,0.851826
251,628999,7964013,2073600,5890413,3.840670,40,66043,562956,2333782,7964013,1371115,0.853123
252,641632,7990685,2073600,5917085,3.853533,40,65646,575986,2342360,7990685,1378755,0.852846
253,629469,7991120,2073600,5917520,3.853742,40,64420,565049,2340611,7991120,1371324,0.853529
254,603494,7992603,2073600,5919003,3.854457,39,62688,540806,2339675,7992603,1366097,0.854029
255,568138,7980418,2073600,5906818,3.848581,39,62024,506114,2337882,7980418,1371110,0.853381
256,564788,7994477,2073600,5920877,3.855361,39,62993,501795,2343027,7994477,1377631,0.853007
257,571708,8023978,2073600,5950378,3.869588,39,62601,509107,2351714,8023978,1382878,0.852993
258,551374,8061208,2073600,5987608,3.887542,39,63198,488176,2366349,8061208,1404188,0.851650
259,556656,8080439,2073600,6006839,3.896817,48,63242,493414,2375126,8080439,1420065,0.850527
260,550809,8066598,2073600,5992998,3.890142,47,64011,486798,2376847,8066598,1440790,0.848456
261,549509,8028326,2073600,5954726,3.871685,46,65363,484146,2372875,8028326,1463174,0.845844
262,551223,7920638,2073600,5847038,3.819752,48,64002,487221,2346245,7920638,1464342,0.843970
263,556208,7828669,2073600,5755069,3.775400,48,64381,491827,2327122,7828669,1479819,0.841025
264,545635,7743650,2073600,5670050,3.734399,47,63305,482330,2306865,7743650,1483810,0.839196
265,528721,7680632,2073600,5607032,3.704008,48,62782,465939,2293824,7680632,1494664,0.837099
266,526327,7620939,2073600,5547339,3.675221,47,62333,463994,2282874,7620939,1510557,0.834577
267,516860,7512061,2073600,5438461,3.622715,48,60186,456674,2249686,7512061,1486683,0.834790
268,531245,7395533,2073599,5321934,3.566520,49,58455,472790,2213079,7395533,1456783,0.835435
269,516818,7294524,2073600,5220924,3.517807,47,55192,461626,2178045,7294524,1417656,0.837279
270,518188,7287128,2073600,5213528,3.514240,46,56700,461488,2182577,7287128,1443180,0.834693
271,505526,7288581,2073600,5214981,3.514941,47,57003,448523,2184678,7288581,1450131,0.834057
272,505526,7292098,2073600,5218498,3.516637,46,57448,448078,2186188,7292098,1452654,0.833883
273,504416,7297606,2073600,5224006,3.519293,48,57929,446487,2190369,7297606,1463870,0.832920
274,502485,7305422,2073600,5231822,3.523062,47,58428,444057,2192723,7305422,1465470,0.832917
275,508415,7316203,2073600,5242603,3.528261,48,58974,449441,2197181,7316203,1472521,0.832453
276,507749,7331389,2073600,5257789,3.535585,47,59193,448556,2204312,7331389,1485859,0.831483
277,507749,7346579,2073600,5272979,3.542910,46,59697,448052,2208577,7346579,1487729,0.831596
278,507753,7359425,2073600,5285825,3.549105,47,60190,447563,2214255,7359425,1497595,0.830914
279,590751,7371773,2073600,5298173,3.555060,46,60472,530279,2220713,7371773,1511079,0.829888
280,585693,7382299,2073600,5308699,3.560136,48,60859,524834,2224349,7382299,1515097,0.829715
281,578958,7372548,2073600,5298948,3.555434,47,61432,517526,2224169,7372548,1524128,0.828686
282,645959,7378205,2073600,5304605,3.558162,47,61852,584107,2228907,7378205,1537423,0.827559
283,616234,7377540,2073600,5303940,3.557841,47,62536,553698,2231443,7377540,1548232,0.826544
284,614258,7374895,2073600,5301295,3.556566,46,63685,550573,2233919,7374895,1560781,0.825332
285,615904,7378832,2073599,5305233,3.558466,46,65722,550182,2239910,7378832,1580808,0.823563
286,664552,7416854,2073600,5343254,3.576801,48,69823,594729,2260060,7416854,1623386,0.820427
287,664474,7460209,2073600,5386609,3.597709,47,73851,590623,2281392,7460209,1665359,0.817506
288,678771,7473181,2073600,5399581,3.603965,48,76758,602013,2291351,7473181,1692223,0.815368
289,684586,7477141,2073598,5403543,3.605878,45,78904,605682,2297079,7477141,1711175,0.813766
290,682102,7460772,2073600,5387172,3.597980,47,81040,601062,2298398,7460772,1732820,0.811519
291,682246,7425822,2073600,5352222,3.581126,47,81542,600704,2290429,7425822,1735894,0.810527
292,674876,7387182,2073599,5313583,3.562493,45,82514,592362,2280221,7387182,1733702,0.809920
293,681805,7353353,2073600,5279753,3.546177,48,84136,597669,2272518,7353353,1736719,0.808943
294,689908,7330306,2073600,5256706,3.535063,47,85608,604300,2266666,7330306,1736358,0.808490
295,691839,7317915,2073600,5244315,3.529087,47,88342,603497,2268028,7317915,1754197,0.806639
296,692091,7312102,2073600,5238502,3.526284,47,90994,601097,2269680,7312102,1766618,0.805411
297,693465,7320810,2073600,5247210,3.530483,45,94260,599205,2277223,7320810,1788082,0.803699
298,684585,7341391,2073600,5267791,3.540408,45,98151,586434,2290692,7341391,1821377,0.801220
299,700937,7356050,2073600,5282450,3.547478,46,102050,598887,2301070,7356050,1848230,0.799199
300,724959,7348089,2073600,5274489,3.543639,46,106002,618957,2305674,7348089,1874607,0.796740
301,726958,7346745,2073600,5273145,3.542990,46,111609,615349,2315785,7346745,1916395,0.793116
302,726066,7344790,2073600,5271190,3.542048,47,115130,610936,2321997,7344790,1943198,0.790784
303,714637,7330876,2073600,5257276,3.535338,47,118196,596441,2324626,7330876,1967628,0.788393
304,715132,7306128,2073599,5232529,3.523404,48,122361,592771,2325738,7306128,1996824,0.785356
305,675915,7282884,2073600,5209284,3.512193,47,126572,549343,2327442,7282884,2026884,0.782284
306,671481,7268601,2073600,5195001,3.505305,47,129870,541611,2330309,7268601,2052635,0.779789
307,671381,7251446,2073599,5177847,3.497034,49,133158,538223,2330585,7251446,2070894,0.777857
308,714053,7224765,2073600,5151165,3.484165,47,136397,577656,2329739,7224765,2094191,0.775276
309,722474,7207730,2073599,5134131,3.475952,47,140951,581523,2331722,7207730,2119158,0.772790
310,774322,7184501,2073600,5110901,3.464748,47,143739,630583,2329581,7184501,2133823,0.771008
311,796458,7190761,2073600,5117161,3.467767,47,147719,648739,2336091,7190761,2153603,0.769529
312,821056,7201842,2073600,5128242,3.473111,47,151875,669181,2344378,7201842,2175670,0.767991
313,865324,7208178,2073600,5134578,3.476166,47,154443,710881,2348968,7208178,2187694,0.767164
314,903801,7214741,2073600,5141141,3.479331,45,158209,745592,2355602,7214741,2207667,0.765700
315,904199,7230752,2073600,5157152,3.487052,48,162309,741890,2364743,7230752,2228220,0.764433
316,908422,7234775,2073600,5161175,3.488993,47,164243,744179,2368870,7234775,2240705,0.763526
317,908007,7220903,2073598,5147305,3.482306,48,165909,742098,2365123,7220903,2239589,0.763269
318,925160,7202351,2073599,5128752,3.473358,46,166927,758233,2360460,7202351,2239489,0.762812
319,988086,7198722,2072524,5126198,3.473408,50,167747,820339,2362016,7198722,2249342,0.761926
320,989154,7249065,2071305,5177760,3.499757,152,170744,818410,2381816,7249065,2278199,0.760876
321,1013451,7583197,2071276,5511921,3.661123,267,187771,825680,2519431,7583197,2494527,0.752471
322,1051438,7834632,2071134,5763498,3.782774,275,197467,853971,2623032,7834632,2657496,0.746715
323,1057010,7893489,2071200,5822289,3.811070,269,200979,856031,2642555,7893489,2676731,0.746767
324,1061370,7921552,2069961,5851591,3.826909,272,202098,859272,2650572,7921552,2680736,0.747155
325,1063298,7970067,2069969,5900098,3.850332,270,203183,860115,2667448,7970067,2699725,0.746975
326,1063410,8034883,2070103,5964780,3.881393,271,204012,859398,2688580,8034883,2719437,0.747131
327,1060780,8114283,2070310,6043973,3.919357,272,204918,855862,2713816,8114283,2740981,0.747498
328,1060936,8168857,2070317,6098540,3.945703,268,205481,855455,2730197,8168857,2751931,0.748010
329,1058414,8227103,2070477,6156626,3.973530,267,205833,852581,2746710,8227103,2759737,0.748814
330,1054768,8296003,2070742,6225261,4.006295,273,206536,848232,2768528,8296003,2778109,0.749135
331,1054772,8363681,2070773,6292908,4.038917,267,206950,847822,2787347,8363681,2785707,0.750147
332,1056226,8423170,2070795,6352375,4.067602,273,206459,849767,2800514,8423170,2778886,0.751931
333,1056226,8464150,2070815,6393335,4.087352,268,205938,850288,2810261,8464150,2776894,0.752968
334,1056262,8498589,2070896,6427693,4.103822,267,204746,851516,2816913,8498589,2769063,0.754247
335,1056741,8531057,2071088,6459969,4.119119,272,204294,852447,2823793,8531057,2764115,0.755283
336,1060775,8550392,2071086,6479306,4.128458,269,203636,857139,2828999,8550392,2765604,0.755602
337,1064700,8572585,2071117,6501468,4.139112,267,202770,861930,2832736,8572585,2758359,0.756564
338,1064212,8587859,2071175,6516684,4.146371,266,202365,861847,2833560,8587859,2746381,0.757692
339,1064350,8597072,2071377,6525695,4.150414,270,201735,862615,2832724,8597072,2733824,0.758728
340,1063912,8618283,2071477,6546806,4.160453,266,201283,862629,2839444,8618283,2739493,0.758800
341,1064422,8628081,2071491,6556590,4.165155,272,201149,863273,2839851,8628081,2731323,0.759554
342,1064588,8641051,2071487,6569564,4.171424,268,201094,863494,2845362,8641051,2740397,0.759222
343,1064954,8657955,2071485,6586470,4.179589,263,200991,863963,2848822,8657955,2737333,0.759784
344,1064954,8672667,2071525,6601142,4.186610,268,200881,864073,2853368,8672667,2740805,0.759862
345,1065712,8687709,2071593,6616116,4.193734,267,200572,865140,2857170,8687709,2740971,0.760167
346,1066054,8701043,2071678,6629365,4.199998,272,200293,865761,2861029,8701043,2743073,0.760307
347,1065290,8713715,2071711,6642004,4.206048,276,200247,865043,2865293,8713715,2747457,0.760281
348,1065290,8723856,2071728,6652128,4.210908,274,200055,865235,2867488,8723856,2746096,0.760583
349,1065290,8732449,2071725,6660724,4.215062,272,200257,865033,2870919,8732449,2751227,0.760423
350,1065290,8741469,2071745,6669724,4.219375,275,200369,864921,2873885,8741469,2754071,0.760423
351,1065480,8767056,2071737,6695319,4.231742,265,200454,865026,2880591,8767056,2755308,0.760873
352,1065938,8793676,2071724,6721952,4.244618,268,200169,865769,2889402,8793676,2763932,0.760856
353,1066134,8828221,2071744,6756477,4.261251,271,201022,865112,2902074,8828221,2780075,0.760510
354,1066134,8852756,2071750,6781006,4.273081,263,201003,865131,2907675,8852756,2777944,0.761154
355,1066842,8885636,2071740,6813896,4.288973,272,201214,865628,2917690,8885636,2785124,0.761359
356,1067208,8914385,2071729,6842656,4.302872,266,201930,865278,2926513,8914385,2791667,0.761519
357,1063848,8945598,2071746,6873852,4.317903,275,201896,861952,2937807,8945598,2805630,0.761248
358,1063848,8976972,2071766,6905206,4.333005,267,202059,861789,2948859,8976972,2818464,0.761055
359,1063874,9003584,2071731,6931853,4.345923,275,202414,861460,2953995,9003584,2812396,0.761984
360,1063988,9035824,2071759,6964065,4.361426,266,203071,860917,2965688,9035824,2826928,0.761697
361,1063964,9032788,2071764,6961024,4.359950,263,202415,861549,2963987,9032788,2823160,0.761878
362,1063964,9037461,2071773,6965688,4.362187,264,202576,861388,2966684,9037461,2829275,0.761579
363,1063964,9037475,2071772,6965703,4.362196,268,202898,861066,2964298,9037475,2819717,0.762194
364,1063964,9042380,2071815,6970565,4.364473,269,203224,860740,2969771,9042380,2836704,0.761202
365,1063964,9045448,2071792,6973656,4.366002,271,203089,860875,2968696,9045448,2829336,0.761736
366,1063964,9043750,2071742,6972008,4.365288,272,202967,860997,2968011,9043750,2828294,0.761769
367,1063964,9045863,2071732,6974131,4.366329,272,202955,861009,2970823,9045863,2837429,0.761225
368,1063964,9046782,2071739,6975043,4.366758,273,203299,860665,2968084,9046782,2825554,0.762005
369,1063964,9049630,2071744,6977886,4.368122,265,203046,860918,2971106,9049630,2834794,0.761470
370,1063964,9047499,2071728,6975771,4.367127,264,203323,860641,2969079,9047499,2828817,0.761810
371,1063964,9049196,2071761,6977435,4.367876,268,203284,860680,2969445,9049196,2828584,0.761859
372,1063964,9050590,2071758,6978832,4.368556,269,202969,860995,2971744,9050590,2836386,0.761387
373,1063964,9053080,2071770,6981310,4.369732,263,203668,860296,2971632,9053080,2833448,0.761625
374,1063964,9055083,2071824,6983259,4.370585,265,203275,860689,2971667,9055083,2831585,0.761785
375,1063964,9052613,2071815,6980798,4.369412,265,203142,860822,2971414,9052613,2833043,0.761642
376,1062272,9053823,2071788,6982035,4.370053,271,203308,858964,2969272,9053823,2823265,0.762293
377,1062272,9055376,2071742,6983634,4.370899,272,203299,858973,2974768,9055376,2843696,0.761015
378,1062272,9060392,2071742,6988650,4.373321,273,203681,858591,2973558,9060392,2833840,0.761747
379,1062272,9059016,2071742,6987274,4.372656,272,203361,858911,2973456,9059016,2834808,0.761657
380,1062272,9058412,2071740,6986672,4.372369,269,203227,859045,2973109,9058412,2834024,0.761695
381,1062272,9089962,2071818,7018144,4.387433,267,204592,857680,2984178,9089962,2846750,0.761513
382,1062746,9139452,2071788,7067664,4.411384,267,205530,857216,2999249,9139452,2857544,0.761812
383,1063350,9266920,2071804,7195116,4.472875,273,206782,856568,3038221,9266920,2885964,0.762528
384,1063992,9382346,2071908,7310438,4.528360,264,210172,853820,3076778,9382346,2924766,0.762352
385,1064624,9449423,2072003,7377420,4.560526,271,211209,853415,3098101,9449423,2942981,0.762517
386,1061564,9501589,2072013,7429576,4.585680,268,212603,848961,3117087,9501589,2966759,0.762057
387,1062388,9547979,2072025,7475954,4.608042,266,213719,848669,3132300,9547979,2981221,0.762058
388,1062818,9591289,2072034,7519255,4.628925,266,214351,848467,3147388,9591289,2998263,0.761845
389,1061166,9635252,2072025,7563227,4.650162,269,215557,845609,3161601,9635252,3011152,0.761897
390,1061548,9673795,2072044,7601751,4.668721,273,215811,845737,3174346,9673795,3023589,0.761873
391,1061548,9679527,2072051,7607476,4.671471,270,215855,845693,3176276,9679527,3025577,0.761861
392,1061548,9684656,2072081,7612575,4.673879,270,215766,845782,3177093,9684656,3023716,0.762069
393,1061548,9689489,2072093,7617396,4.676184,266,215796,845752,3177531,9689489,3020635,0.762344
394,1057202,9695852,2072080,7623772,4.679285,266,215985,841217,3180921,9695852,3027832,0.762032
395,1062228,9702770,2072115,7630655,4.682544,270,216101,846127,3181577,9702770,3023538,0.762418
396,1062242,9709056,2072158,7636898,4.685481,267,215812,846430,3184799,9709056,3030140,0.762140
397,1062242,9715646,2072129,7643517,4.688726,266,216086,846156,3185218,9715646,3025226,0.762557
398,1060550,9720810,2072123,7648687,4.691232,271,215858,844692,3185638,9720810,3021742,0.762862
399,1060668,9728736,2072147,7656589,4.695003,272,216095,844573,3189806,9728736,3030488,0.762486
400,1060668,9736908,2072165,7664743,4.698906,273,216281,844387,3191236,9736908,3028036,0.762785
401,1060912,9742740,2072125,7670615,4.701811,269,215921,844991,3194020,9742740,3033340,0.762577
402,1085942,9747245,2072141,7675104,4.703949,267,216213,869729,3193858,9747245,3028187,0.762968
403,1086414,9754893,2072173,7682720,4.707567,266,216027,870387,3195360,9754893,3026547,0.763208
404,1086414,9762198,2072149,7690049,4.711147,267,215850,870564,3198559,9762198,3032038,0.763015
405,1091787,9770846,2072144,7698702,4.715332,264,216114,875673,3199906,9770846,3028778,0.763370
406,1091787,9777422,2072162,7705260,4.718464,267,216289,875498,3203011,9777422,3034622,0.763143
407,1091787,9783380,2072190,7711190,4.721276,264,215930,875857,3202159,9783380,3025256,0.763811
408,1091787,9791874,2072130,7719744,4.725511,271,216016,875771,3204969,9791874,3028002,0.763804
409,1091787,9796790,2072135,7724655,4.727872,274,215804,875983,3205391,9796790,3024774,0.764087
410,1088731,9802368,2072164,7730204,4.730498,271,216145,872586,3206960,9802368,3025472,0.764148
411,1089184,9819436,2072141,7747295,4.738788,264,216271,872913,3214109,9819436,3037000,0.763776
412,1089376,9836362,2072196,7764166,4.746830,271,216201,873175,3217497,9836362,3033626,0.764287
413,1089426,9859234,2072185,7787049,4.757893,266,215927,873499,3223722,9859234,3035654,0.764585
414,1090221,9879094,2072183,7806911,4.767481,270,216549,873672,3229185,9879094,3037646,0.764829
415,1090221,9897962,2072198,7825764,4.776552,272,216942,873279,3236216,9897962,3046902,0.764625
416,1086269,9922978,2072186,7850792,4.788652,272,216876,869393,3241286,9922978,3042166,0.765358
417,1084761,9945606,2072199,7873407,4.799542,269,217002,867759,3247461,9945606,3044238,0.765645
418,1083771,9960278,2072204,7888074,4.806611,265,217276,866495,3250665,9960278,3042382,0.766018
419,1082889,9970482,2072214,7898268,4.811512,268,217200,865689,3252095,9970482,3037898,0.766466
420,1082839,9977075,2072212,7904863,4.814698,268,217533,865306,3257068,9977075,3051197,0.765802
421,1079823,9975834,2072210,7903624,4.814104,265,217632,862191,3254718,9975834,3043038,0.766259
422,1079817,9973447,2072224,7901223,4.812919,266,217891,861926,3255934,9973447,3050289,0.765790
423,1079811,9968699,2072239,7896460,4.810593,266,217452,862359,3253974,9968699,3047197,0.765886
424,1079901,9966278,2072239,7894039,4.809425,271,217620,862281,3251813,9966278,3040974,0.766209
425,1079901,9963260,2072216,7891044,4.808022,270,217698,862203,3251920,9963260,3044420,0.765952
426,1079901,9962831,2072213,7890618,4.807822,269,217629,862272,3251129,9962831,3041685,0.766105
427,1079945,9961247,2072229,7889018,4.807020,264,217738,862207,3251308,9961247,3043985,0.765942
428,1079945,9960484,2072246,7888238,4.806613,265,218000,861945,3251133,9960484,3044048,0.765924
429,1079979,9959914,2072240,7887674,4.806352,267,218138,861841,3251288,9959914,3045238,0.765844
430,1079979,9956467,2072229,7884238,4.804714,272,217679,862300,3250049,9956467,3043729,0.765871
431,1079147,9957322,2072229,7885093,4.805126,270,218282,860865,3250380,9957322,3044198,0.765858
432,1080395,9959828,2072229,7887599,4.806336,271,218736,861659,3253406,9959828,3053796,0.765339
433,1080301,9966409,2072238,7894171,4.809491,271,218967,861334,3255181,9966409,3054315,0.765427
434,1080147,9972815,2072240,7900575,4.812577,268,219454,860693,3258950,9972815,3062985,0.765033
435,1080031,9982469,2072245,7910224,4.817224,267,219717,860314,3264877,9982469,3077039,0.764383
436,1080183,9994419,2072246,7922173,4.822989,267,220304,859879,3269565,9994419,3083841,0.764201
437,1080183,10004603,2072248,7932355,4.827898,270,220390,859793,3273886,10004603,3090941,0.763970
438,1080265,10016352,2072241,7944111,4.833585,267,220878,859387,3278071,10016352,3095932,0.763891
439,1080265,10029651,2072253,7957398,4.839974,272,221050,859215,3283301,10029651,3103553,0.763687
440,1080265,10041992,2072252,7969740,4.845932,271,221112,859153,3288812,10041992,3113256,0.763345
441,1079405,10052445,2072249,7980196,4.850983,264,221063,858342,3291838,10052445,3114907,0.763437
442,1079465,10063976,2072254,7991722,4.856536,265,221214,858251,3295741,10063976,3118988,0.763408
443,1079357,10075829,2072258,8003571,4.862246,270,221075,858282,3301073,10075829,3128463,0.763072
444,1077796,10083137,2072245,8010892,4.865804,265,221566,856230,3303660,10083137,3131503,0.763028
445,1074185,10084066,2072263,8011803,4.866210,272,221843,852342,3306238,10084066,3140886,0.762503
446,1071185,10079069,2072265,8006804,4.863793,267,222294,848891,3306102,10079069,3145339,0.762157
447,1068163,10071604,2072245,7999359,4.860238,264,222476,845687,3305876,10071604,3151900,0.761644
448,1065185,10063253,2072246,7991007,4.856206,271,222569,842616,3304728,10063253,3155659,0.761277
449,1065199,10049866,2072279,7977587,4.849668,268,222381,842818,3301139,10049866,3154690,0.761091
450,1065213,10020194,2072257,7947937,4.835401,270,222526,842687,3293519,10020194,3153882,0.760599
451,1065213,9980493,2072243,7908250,4.816275,271,222097,843116,3283035,9980493,3151647,0.760005
452,1062083,9947527,2072270,7875257,4.800304,266,222132,839951,3273387,9947527,3146021,0.759727
453,1062083,9921375,2072278,7849097,4.787666,268,221965,840118,3266811,9921375,3145869,0.759255
454,1063632,9896074,2072223,7823851,4.775584,272,221431,842201,3260138,9896074,3144478,0.758869
455,1060404,9869876,2072260,7797616,4.762856,267,220985,839419,3252486,9869876,3140068,0.758641
456,1060434,9842965,2072278,7770687,4.749828,262,220366,840068,3244829,9842965,3136351,0.758358
457,1060434,9816564,2072251,7744313,4.737150,272,219888,840546,3235967,9816564,3127304,0.758395
458,1060254,9790981,2072234,7718747,4.724843,269,218844,841410,3228093,9790981,3121391,0.758264
459,1059856,9771705,2072284,7699421,4.715428,269,219249,840607,3222019,9771705,3116371,0.758197
460,1060152,9754394,2072286,7682108,4.707069,275,218339,841813,3217656,9754394,3116230,0.757880
461,1060122,9751315,2072208,7679107,4.705761,262,218684,841438,3219105,9751315,3125105,0.757300
462,1059464,9754152,2072297,7681855,4.706928,273,218558,840906,3220957,9754152,3129676,0.757085
463,1054385,9758736,2072236,7686500,4.709278,265,218303,836082,3224317,9758736,3138532,0.756651
464,1050521,9765025,2072234,7692791,4.712318,275,218410,832111,3224978,9765025,3134887,0.756984
465,1049107,9775071,2072254,7702817,4.717120,268,218320,830787,3228899,9775071,3140525,0.756842
466,1045067,9804298,2072239,7732059,4.731258,268,218407,826660,3238938,9804298,3151454,0.756753
467,1054900,9843748,2072222,7771526,4.750335,270,218831,836069,3252943,9843748,3168024,0.756526
468,1047989,9884649,2072223,7812426,4.770070,266,219621,828368,3266872,9884649,3182839,0.756431
469,1044349,9918337,2072217,7846120,4.786341,265,219120,825229,3276992,9918337,3189631,0.756665
470,1044639,9950630,2072209,7878421,4.801943,273,219622,825017,3286784,9950630,3196506,0.756867
471,1046507,9955224,2072209,7883015,4.804160,271,219509,826998,3287482,9955224,3194704,0.757055
472,1046623,9960028,2072212,7887816,4.806472,268,219552,827071,3290146,9960028,3200556,0.756807
473,1046523,9964760,2072210,7892550,4.808760,265,219676,826847,3291708,9964760,3202072,0.756808
474,1046515,9968903,2072204,7896699,4.810773,266,219764,826751,3293496,9968903,3205081,0.756711
475,1046515,9971675,2072205,7899470,4.812108,265,219769,826746,3294305,9971675,3205545,0.756736
476,1046545,9974182,2072195,7901987,4.813341,263,220113,826432,3295937,9974182,3209566,0.756551
477,1046401,9974765,2072198,7902567,4.813616,266,219892,826509,3295868,9974765,3208707,0.756611
478,1045897,9974568,2072196,7902372,4.813525,264,219914,825983,3296191,9974568,3210196,0.756522
479,1045897,9972558,2072201,7900357,4.812544,262,220169,825728,3295982,9972558,3211370,0.756418
480,1045897,9969601,2072196,7897405,4.811128,264,220259,825638,3295454,9969601,3212215,0.756315
481,1046717,9932970,2072184,7860786,4.793479,270,219785,826932,3283683,9932970,3201762,0.756237
482,1041546,9879831,2072166,7807665,4.767876,274,219656,821890,3270762,9879831,3203217,0.755163
483,1035407,9805069,2072148,7732921,4.731838,273,219723,815684,3251223,9805069,3199823,0.753952
484,1031155,9731713,2072139,7659574,4.696458,271,219783,811372,3233357,9731713,3201715,0.752447
485,1030743,9662341,2072135,7590206,4.662988,270,220378,810365,3218591,9662341,3212023,0.750510
486,1018424,9604839,2072106,7532733,4.635303,267,221015,797409,3206607,9604839,3221589,0.748832
487,1016312,9529655,2072085,7457570,4.599066,271,220316,795996,3187872,9529655,3221833,0.747337
488,1016386,9459813,2072064,7387749,4.565406,271,220524,795862,3170987,9459813,3224135,0.745810
489,1007545,9364924,2072048,7292876,4.519646,266,220380,787165,3147107,9364924,3223504,0.743931
490,1003263,9269413,2072023,7197390,4.473605,272,219079,784184,3119010,9269413,3206627,0.742977
491,1000569,9207622,2072005,7135617,4.443822,270,217643,782926,3098391,9207622,3185942,0.742936
492,997173,9133245,2071984,7061261,4.407971,267,215078,782095,3073611,9133245,3161199,0.742876
493,995813,9042677,2071964,6970713,4.364302,271,210883,784930,3040150,9042677,3117923,0.743605
494,984269,8936398,2071959,6864439,4.313019,272,205989,778280,2998032,8936398,3055730,0.745189
495,978521,8809577,2071929,6737648,4.251872,267,197880,780641,2945110,8809577,2970863,0.747814
496,925220,8669915,2071907,6598008,4.184510,274,191559,733661,2888296,8669915,2883269,0.750435
497,919162,8524657,2071895,6452762,4.114425,267,185063,734099,2832951,8524657,2807147,0.752277
498,911510,8382243,2071868,6310375,4.045742,269,176810,734700,2776582,8382243,2724085,0.754727
499,890584,8289114,2071842,6217272,4.000843,267,171379,719205,2739317,8289114,2668154,0.756495
500,886172,8197864,2071823,6126041,3.956836,267,167543,718629,2702559,8197864,2612372,0.758343
501,884148,8063850,2071802,5992048,3.892191,265,160326,723822,2645281,8063850,2517274,0.762098
502,880163,7903683,2071779,5831904,3.814926,227,150157,730006,2577017,7903683,2404385,0.766747
503,802527,7773674,2071749,5701925,3.752228,134,140813,661714,2521093,7773674,2310698,0.770863
504,760716,7675861,2071812,5604049,3.704902,84,133098,627618,2479324,7675861,2241435,0.773987
505,708329,7605769,2071856,5533913,3.670993,52,127091,581238,2450073,7605769,2194523,0.776076
506,672511,7532233,2071375,5460858,3.636344,55,119651,552860,2418226,7532233,2140671,0.778694
507,627239,7456391,2070499,5385892,3.601253,56,112758,514481,2386716,7456391,2090473,0.781030
508,589998,7389669,2069270,5320399,3.571148,54,105045,484953,2356509,7389669,2036367,0.783964
509,582192,7332812,2067660,5265152,3.546430,48,99758,482434,2332063,7332812,1995440,0.786086
510,577165,7278402,2065873,5212529,3.523160,51,95564,481601,2308621,7278402,1956082,0.788176
511,578039,7213757,2063180,5150577,3.496426,50,90616,487423,2281609,7213757,1912679,0.790424
512,563599,7139326,2059131,5080195,3.467155,56,84900,478699,2250404,7139326,1862290,0.793116
513,558081,7063278,2054301,5008977,3.438288,56,79876,478205,2222962,7063278,1828570,0.794354
514,558095,6987542,2047746,4939796,3.412309,59,75654,482441,2195790,6987542,1795618,0.795561
515,547021,6907870,2040451,4867419,3.385462,53,71424,475597,2167155,6907870,1760750,0.796882
516,535966,6818962,2032666,4786296,3.354689,47,66596,469370,2135113,6818962,1721490,0.798431
517,536002,6720694,2024082,4696612,3.320366,45,62061,473941,2099565,6720694,1677566,0.800248
518,535964,6585300,2013305,4571995,3.270890,48,57075,478889,2054525,6585300,1632800,0.801317
519,531960,6449591,2000229,4449362,3.224426,33,53895,478065,2010080,6449591,1590729,0.802156
520,513764,6338763,1985164,4353599,3.193068,36,51620,462144,1973801,6338763,1556441,0.802862
521,513764,6323134,1982455,4340679,3.189547,34,51195,462569,1969496,6323134,1554850,0.802634
522,513764,6308721,1979715,4329006,3.186681,32,51076,462688,1964022,6308721,1547367,0.803036
523,512684,6294712,1976929,4317783,3.184086,32,50880,461804,1960300,6294712,1546488,0.802774
524,512684,6280343,1974060,4306283,3.181435,39,50769,461915,1955864,6280343,1543113,0.802758
525,448446,6266147,1971152,4294995,3.178926,32,50721,397725,1951311,6266147,1539097,0.802812
526,448292,6251973,1968236,4283737,3.176435,47,50417,397875,1947819,6251973,1539303,0.802432
527,448292,6238120,1965240,4272880,3.174228,43,50448,397844,1944003,6238120,1537892,0.802226
528,446952,6224943,1962233,4262710,3.172377,47,50383,396569,1940625,6224943,1537557,0.801925
529,446474,6212780,1959199,4253581,3.171082,37,50386,396088,1936830,6212780,1534540,0.801926
530,446444,6200164,1956080,4244084,3.169688,42,50298,396146,1934133,6200164,1536368,0.801414
531,432036,6214566,1954159,4260407,3.180174,41,50982,381054,1940079,6214566,1545750,0.800814
532,432268,6229742,1951900,4277842,3.191630,42,51341,380927,1946127,6229742,1554766,0.800274
533,437010,6255409,1949385,4306024,3.208914,33,51770,385240,1956024,6255409,1568687,0.799506
534,441130,6289975,1946561,4343414,3.231327,37,52139,388991,1969561,6289975,1588269,0.798398
535,359327,6329728,1943473,4386255,3.256916,44,52866,306461,1984585,6329728,1608612,0.797362
536,360219,6375013,1940102,4434911,3.285916,36,54073,306146,2001778,6375013,1632099,0.796169
537,361011,6407503,1936434,4471069,3.308919,45,54607,306404,2012542,6407503,1642665,0.795946
538,357541,6439112,1932444,4506668,3.332108,42,55212,302329,2023355,6439112,1654308,0.795598
539,356250,6470765,1928166,4542599,3.355917,35,55444,300806,2034094,6470765,1665611,0.795288
540,355290,6494651,1923566,4571085,3.376360,45,55609,299681,2043019,6494651,1677425,0.794737
541,312839,6576920,1920885,4656035,3.423901,43,56562,256277,2068282,6576920,1696208,0.794974
542,312939,6629452,1918074,4711378,3.456307,33,56667,256272,2079617,6629452,1689016,0.796956
543,312589,6670397,1914830,4755567,3.483545,32,57193,255396,2089523,6670397,1687695,0.798077
544,312341,6721770,1911313,4810457,3.516834,43,58570,253771,2104713,6721770,1697082,0.798419
545,312169,6779363,1907384,4871979,3.554273,41,60034,252135,2121483,6779363,1706569,0.798894
546,316940,6814155,1902969,4911186,3.580802,33,61277,255663,2130387,6814155,1707393,0.799638
547,317172,6833757,1898490,4935267,3.599575,33,61484,255688,2133424,6833757,1699939,0.800797
548,317372,6851167,1894486,4956681,3.616372,41,61869,255503,2136402,6851167,1694441,0.801718
549,317894,6880960,1890890,4990070,3.639006,40,62040,255854,2141788,6880960,1686192,0.803179
550,322506,6925829,1887710,5038119,3.668905,44,62476,260030,2152055,6925829,1682391,0.804560
551,322712,6995104,1895262,5099842,3.690837,40,63235,259477,2171420,6995104,1690576,0.805361
552,322848,7069096,1902916,5166180,3.714875,37,63868,258980,2191167,7069096,1695572,0.806545
553,323342,7149896,1910679,5239217,3.742071,34,64333,259009,2212947,7149896,1701892,0.807735
554,322878,7230707,1918550,5312157,3.768839,43,65056,257822,2234244,7230707,1706269,0.809078
555,326760,7304219,1926629,5377590,3.791191,43,65599,261161,2253613,7304219,1710233,0.810279
556,332559,7371067,1935326,5435741,3.808695,40,65867,266692,2270154,7371067,1709549,0.811736
557,332373,7438808,1944593,5494215,3.825380,36,66527,265846,2286936,7438808,1708936,0.813185
558,334881,7514548,1954030,5560518,3.845667,38,67377,267504,2307453,7514548,1715264,0.814160
559,339075,7596025,1963607,5632418,3.868404,36,68154,270921,2327673,7596025,1714667,0.815839
560,355507,7683611,1973371,5710240,3.893647,41,68793,286714,2350640,7683611,1718949,0.817183
561,388344,7946787,2014850,5931937,3.944108,42,73182,315162,2438806,7946787,1808437,0.814619
562,559839,8191153,2053508,6137645,3.988859,49,78447,481392,2517753,8191153,1879859,0.813340
563,579009,8396137,2066936,6329201,4.062118,57,86948,492061,2587017,8396137,1951931,0.811372
564,599622,8581033,2070605,6510428,4.144215,54,98214,501408,2652540,8581033,2029127,0.808756
565,601606,8729667,2073020,6656647,4.211087,59,106317,495289,2702181,8729667,2079057,0.807650
566,602955,8840940,2073362,6767578,4.264060,60,113735,489220,2745233,8840940,2139992,0.805117
567,618002,8922907,2073110,6849797,4.304117,53,122976,495026,2782713,8922907,2207945,0.801637
568,626797,8997817,2072739,6925078,4.341028,54,131667,495130,2817812,8997817,2273431,0.798298
569,692219,9101285,2072294,7028991,4.391889,55,143456,548763,2863546,9101285,2352899,0.794582
570,791059,9258838,2071836,7187002,4.468905,75,157424,633635,2928883,9258838,2456694,0.790305
571,871478,9367757,2071628,7296129,4.521930,141,166271,705207,2978882,9367757,2547771,0.786181
572,960404,9555531,2071545,7483986,4.612756,229,179184,781220,3059058,9555531,2680701,0.780921
573,965023,9797977,2071462,7726515,4.729982,263,193056,771967,3160354,9797977,2843439,0.775070
574,973109,9987051,2071358,7915693,4.821499,270,202724,770385,3238974,9987051,2968845,0.770850
575,996087,10141733,2071275,8070458,4.896372,265,212669,783418,3300141,10141733,3058831,0.768280
576,1067554,10323553,2071175,8252378,4.984394,261,220589,846965,3367604,10323553,3146863,0.766387
577,1078274,10471977,2071053,8400924,5.056354,261,224682,853592,3420227,10471977,3208931,0.765445
578,1081426,10586576,2070969,8515607,5.111895,266,226609,854817,3461007,10586576,3257452,0.764703
579,1073142,10654803,2070856,8583947,5.145120,258,227287,845855,3480459,10654803,3267033,0.765330
580,1073921,10694582,2070752,8623830,5.164589,263,227242,846679,3492912,10694582,3277066,0.765449
581,1064032,10726600,2070625,8655975,5.180368,261,227179,836853,3498605,10726600,3267820,0.766491
582,1061828,10756836,2070510,8686326,5.195259,267,226251,835577,3506714,10756836,3270020,0.766874
583,1061752,10774408,2070389,8704019,5.204050,270,224842,836910,3507869,10774408,3257068,0.767874
584,1056870,10791547,2070249,8721298,5.212681,268,224958,831912,3513969,10791547,3264329,0.767761
585,1056236,10810008,2070120,8739888,5.221923,262,224134,832102,3517934,10810008,3261728,0.768207
586,1054261,10776839,2069988,8706851,5.206233,268,223053,831208,3509140,10776839,3259721,0.767769
587,1044335,10725888,2069830,8656058,5.182014,265,222390,821945,3493299,10725888,3247308,0.767604
588,1045142,10662082,2069692,8592390,5.151531,267,220704,824438,3469311,10662082,3215162,0.768314
589,1044239,10572815,2069539,8503276,5.108778,269,218034,826205,3437342,10572815,3176553,0.768967
590,1043475,10469088,2069386,8399702,5.059031,267,215375,828100,3402890,10469088,3142472,0.769132
591,1043421,10373640,2069207,8304433,5.013341,272,213130,830291,3372728,10373640,3117272,0.768935
592,1043421,10277739,2069039,8208700,4.967397,267,210885,832536,3340270,10277739,3083341,0.769230
593,1037558,10185472,2068869,8116603,4.923208,274,208993,828565,3310176,10185472,3055232,0.769255
594,1036790,10094134,2068691,8025443,4.879479,268,207647,829143,3280847,10094134,3029254,0.769171
595,1035858,10004341,2068499,7935842,4.836522,274,206093,829765,3250070,10004341,2995939,0.769548
596,1034094,9909795,2068312,7841483,4.791248,273,204200,829894,3220066,9909795,2970469,0.769378
597,1034474,9815747,2068109,7747638,4.746243,279,202627,831847,3190968,9815747,2948125,0.769026
598,1034230,9708636,2067927,7640709,4.694864,276,201350,832880,3158881,9708636,2926888,0.768360
599,1009170,9597163,2067693,7529470,4.641484,274,200102,809068,3124801,9597163,2902041,0.767822
600,1003343,9482752,2067491,7415261,4.586599,275,198185,805158,3088695,9482752,2872028,0.767537
601,993993,9407271,2067631,7339640,4.549782,273,196294,797699,3064248,9407271,2849721,0.767502
602,993051,9333741,2067805,7265936,4.513840,275,194784,798267,3040189,9333741,2827015,0.767530
603,992508,9276344,2067981,7208363,4.485701,269,193413,799095,3019868,9276344,2803128,0.767943
604,989022,9239216,2068126,7171090,4.467434,269,192163,796859,3005572,9239216,2783072,0.768507
605,988886,9218606,2068291,7150315,4.457113,269,190786,798100,2995140,9218606,2761954,0.769464
606,986516,9213172,2068473,7144699,4.454093,268,190247,796269,2994160,9213172,2763468,0.769262
607,985682,9208846,2068633,7140213,4.451658,264,189463,796219,2990658,9208846,2753786,0.769801
608,983673,9207515,2068784,7138731,4.450689,266,188992,794681,2988972,9207515,2748373,0.770124
609,983419,9206300,2068941,7137359,4.449764,264,188345,795074,2986210,9206300,2738540,0.770734
610,983419,9198318,2069096,7129222,4.445573,259,187455,795964,2979396,9198318,2719266,0.771827
611,983485,9209181,2068970,7140211,4.451095,264,187632,795853,2988914,9209181,2746475,0.770278
612,987758,9280758,2068824,7211934,4.486007,266,188719,799039,3016376,9280758,2784746,0.769198
613,985733,9158536,2068616,7089920,4.427374,269,187409,798324,2978824,9158536,2756760,0.768637
614,992071,9254817,2068380,7186437,4.474428,268,187114,804957,3007993,9254817,2777155,0.769185
615,992071,9335282,2068133,7267149,4.513869,270,187789,804282,3033587,9335282,2799066,0.769327
616,991521,9340478,2067830,7272648,4.517043,263,188830,802691,3036563,9340478,2805774,0.769001
617,994851,9219160,2067501,7151659,4.459084,268,189586,805265,3006368,9219160,2806312,0.766636
618,998099,9192749,2067096,7125653,4.447180,269,191740,806359,3007785,9192749,2838391,0.764080
619,999015,9166817,2066627,7100190,4.435642,267,194190,804825,3008510,9166817,2867223,0.761741
620,997887,9069501,2066105,7003396,4.389661,269,196622,801265,2989685,9069501,2889239,0.758399
621,998408,8947867,2065072,6882795,4.332956,267,200368,798040,2960912,8947867,2895781,0.755499
622,997782,8719885,2063797,6656088,4.225166,266,199781,798001,2891671,8719885,2846799,0.753879
623,939872,8004407,2062382,5942025,3.881147,87,168643,771229,2596512,8004407,2381641,0.770688
624,859552,8222071,2070041,6152030,3.971936,48,168034,691518,2656085,8222071,2402269,0.773890
625,787145,8400533,2069576,6330957,4.059060,49,157367,629778,2696573,8400533,2385759,0.778816
626,654312,8519173,2070890,6448283,4.113774,46,147049,507263,2713243,8519173,2333799,0.784962
627,627306,8529863,2073008,6456855,4.114727,48,135291,492015,2692553,8529863,2240349,0.791987
628,630583,8516645,2073600,6443045,4.107178,47,123010,507573,2663275,8516645,2136455,0.799452
629,626566,8491792,2073599,6418193,4.095195,47,108106,518460,2624424,8491792,2005904,0.808920
630,594328,8257156,2073600,6183556,3.982039,47,90936,503392,2519603,8257156,1821256,0.819291
631,642095,8120225,2073600,6046625,3.916004,46,71573,570522,2450428,8120225,1681487,0.828450
632,595420,8119381,2073600,6045781,3.915597,46,42383,553037,2370141,8119381,1361183,0.856424
633,445842,8204158,2073600,6130558,3.956481,47,36778,409064,2369465,8204158,1273702,0.865613
634,452321,8273995,2073600,6200395,3.990160,47,35876,416445,2377947,8273995,1237793,0.869867
635,462662,8774523,2073600,6700923,4.231541,47,45708,416954,2548052,8774523,1417685,0.860905
636,501814,9238158,2073600,7164558,4.455130,47,55311,446503,2700173,9238158,1562534,0.855330
637,549005,9707438,2073600,7633838,4.681442,47,64272,484733,2850008,9707438,1692594,0.851527
638,533918,10183069,2073600,8109469,4.910816,42,72437,461481,3002408,10183069,1826563,0.847908
639,535347,10642853,2073600,8569253,5.132549,38,77648,457699,3142184,10642853,1925883,0.846772
640,562739,11011853,2073600,8938253,5.310500,42,79739,483000,3248761,11011853,1983191,0.847389
641,646534,11323686,2073600,9250086,5.460883,30,85419,561115,3338672,11323686,2031002,0.847918
642,673250,11686424,2073600,9612824,5.635814,30,91697,581553,3451757,11686424,2120604,0.846411
643,682928,12071971,2073600,9998371,5.821745,30,98106,584822,3569893,12071971,2207601,0.845401
644,748080,12583996,2073600,10510396,6.068671,75,105924,642156,3731243,12583996,2340976,0.843150
645,767459,13593179,2073600,11519579,6.555353,142,121882,645577,4076605,13593179,2713241,0.833609
646,804425,13741488,2073600,11667888,6.626875,143,126988,677437,4134843,13741488,2797884,0.830835
647,850183,13958248,2073600,11884648,6.731408,146,134053,716130,4219384,13958248,2919288,0.827031
648,889386,14077233,2073600,12003633,6.788789,142,138481,750905,4267919,14077233,2994443,0.824596
649,934130,15158708,2071908,13086800,7.316304,154,157603,776527,4651005,15158708,3445312,0.814808
650,1019896,15249655,2066266,13183389,7.380296,151,171108,848788,4715924,15249655,3614041,0.808413
651,1061069,15245828,2064022,13181806,7.386466,154,179481,881588,4735231,15245828,3695096,0.804915
652,1147698,15265664,2061237,13204427,7.406069,151,192340,955358,4765954,15265664,3798152,0.800766
653,1178462,15324806,2056822,13267984,7.450721,150,200105,978357,4799562,15324806,3873442,0.798240
654,1186708,15450937,2050805,13400132,7.534084,149,209968,976740,4856621,15450937,3975547,0.795354
655,1228452,15600478,2041328,13559150,7.642318,147,216428,1012024,4919919,15600478,4079198,0.792720
656,1276323,15691744,2024700,13667044,7.750158,151,224607,1051716,4970674,15691744,4190952,0.789216
657,1335078,15696793,1996836,13699957,7.860832,149,234819,1100259,4994579,15696793,4281523,0.785691
658,1407879,16494616,1975727,14518889,8.348631,209,252707,1155172,5283936,16494616,4641128,0.780413
659,1415083,17972365,1962937,16009428,9.155854,330,285683,1129400,5835647,17972365,5370223,0.769939
660,1426098,17763777,1953359,15810418,9.093964,316,289754,1136344,5794448,17763777,5414015,0.766414
661,1421670,17707102,1951591,15755511,9.073162,321,290524,1131146,5778302,17707102,5406106,0.766103
662,1418722,17633849,1949577,15684272,9.044962,319,291649,1127073,5757031,17633849,5394275,0.765753
663,1420210,17536359,1947491,15588868,9.004591,320,292736,1127474,5732540,17536359,5393801,0.764773
664,1418102,17417231,1945561,15471670,8.952292,321,292429,1125673,5699314,17417231,5380025,0.764006
665,1417258,17271272,1943787,15327485,8.885373,315,292536,1124722,5657039,17271272,5356884,0.763265
666,1412090,17110644,1942156,15168488,8.810129,312,292051,1120039,5611155,17110644,5333976,0.762349
667,1409772,16938795,1940795,14998000,8.727761,312,291992,1117780,5562315,16938795,5310465,0.761319
668,1395078,16754366,1939719,14814647,8.637522,310,290526,1104552,5505867,16754366,5269102,0.760751
669,1396620,16548431,1938788,14609643,8.535452,305,289032,1107588,5445426,16548431,5233273,0.759740
670,1383192,16362611,1938203,14424408,8.442155,304,287429,1095763,5388511,16362611,5191433,0.759143
671,1381502,16426390,1938007,14488383,8.475919,296,286466,1095036,5404218,16426390,5190482,0.759887
672,1378915,16480124,1937928,14542196,8.503992,296,285671,1093244,5417592,16480124,5190244,0.760491
673,1379068,16537120,1937856,14599264,8.533720,292,285671,1093397,5430010,16537120,5182920,0.761376
674,1366717,16596173,1937833,14658340,8.564295,289,285258,1081459,5442402,16596173,5173435,0.762355
675,1365893,16654373,1937676,14716697,8.595025,291,285258,1080635,5454794,16654373,5164803,0.763291
676,1361407,16700651,1937549,14763102,8.619473,292,284323,1077084,5465612,16700651,5161797,0.763897
677,1360021,16740902,1937450,14803452,8.640689,283,283566,1076455,5475260,16740902,5160138,0.764388
678,1359474,16776174,1937329,14838845,8.659435,282,283271,1076203,5483777,16776174,5158934,0.764809
679,1362445,16789292,1937230,14852062,8.666649,271,282826,1079619,5484484,16789292,5148644,0.765309
680,1355971,16778887,1937068,14841819,8.662002,266,282045,1073926,5478197,16778887,5133901,0.765712
681,1355710,17804189,1987730,15816459,8.957046,257,281607,1074103,5748785,17804189,5190951,0.774259
682,1278028,15513529,2057231,13456298,7.540976,147,233355,1044673,4901899,15513529,4094067,0.791200
683,1190689,15101813,2073307,13028506,7.283925,146,217956,972733,4733233,15101813,3831119,0.797648
684,1113229,14724867,2073600,12651267,7.101113,147,206937,906292,4595448,14724867,3656925,0.801057
685,971323,14781532,2073600,12707932,7.128439,142,198297,773026,4597730,14781532,3609388,0.803741
686,929525,14867594,2073600,12793994,7.169943,146,181561,747964,4590778,14867594,3495518,0.809645
687,927620,13666965,2073600,11593365,6.590936,139,149688,777932,4142122,13666965,2901523,0.824877
688,862340,13233367,2073600,11159767,6.381832,140,134452,727888,3982301,13233367,2695837,0.830761
689,795738,12963443,2073600,10889843,6.251660,139,119398,676340,3878483,12963443,2550489,0.835600
690,735641,11857822,2073600,9784222,5.718471,105,96901,638740,3492562,11857822,2112426,0.848791
691,702614,11441879,2073600,9368279,5.517881,36,91643,610971,3360066,11441879,1998385,0.851314
692,681950,11137560,2073600,9063960,5.371123,33,86222,595728,3263306,11137560,1915664,0.853242
693,648799,10832356,2073600,8758756,5.223937,35,80137,568662,3171876,10832356,1855148,0.853781
694,583108,10486283,2073600,8412683,5.057042,34,73224,509884,3058447,10486283,1747505,0.857157
695,524293,10181230,2073600,8107630,4.909930,34,66169,458124,2961535,10181230,1664910,0.859455
696,503922,10059292,2073600,7985692,4.851125,69,62436,441486,2922052,10059292,1628916,0.860636
697,516889,9819978,2073600,7746378,4.735715,70,61822,455067,2857426,9819978,1609726,0.859163
698,508007,9457209,2073600,7383609,4.560768,69,56806,451201,2751804,9457209,1550007,0.859183
699,481399,9100151,2073600,7026551,4.388576,70,49408,431991,2641158,9100151,1464481,0.861379
700,471497,8603815,2073600,6530215,4.149216,70,40654,430843,2484457,8603815,1334013,0.865764
701,467425,8424516,2073600,6350916,4.062749,71,38554,428871,2432237,8424516,1304432,0.865923
702,463496,8240998,2073600,6167398,3.974247,71,36172,427324,2376820,8240998,1266282,0.866809
703,471939,8082625,2073600,6009025,3.897871,70,34241,437698,2331137,8082625,1241923,0.866811
704,458962,7950628,2073600,5877028,3.834215,70,34065,424897,2296015,7950628,1233432,0.865699
705,456114,7843359,2073600,5769759,3.782484,70,35840,420274,2272442,7843359,1246409,0.862878
706,442059,7759759,2073600,5686159,3.742168,70,37876,404183,2256696,7759759,1267025,0.859637
707,435894,7687192,2073600,5613592,3.707172,71,39536,396358,2243372,7687192,1286296,0.856656
708,439430,7625411,2073600,5551811,3.677378,70,40583,398847,2231599,7625411,1300985,0.854254
709,434302,7591703,2073600,5518103,3.661122,70,41561,392741,2228029,7591703,1320413,0.851841
710,434478,7567598,2073600,5493998,3.649497,69,42649,391829,2228168,7567598,1345074,0.849083
711,401778,7518074,2073600,5444474,3.625614,69,44150,357628,2220851,7518074,1365330,0.846306
712,499160,7477833,2073598,5404235,3.606212,71,46000,453160,2217311,7477833,1391411,0.843120
713,505504,7449137,2073600,5375537,3.592369,70,48168,457336,2219252,7449137,1427871,0.839150
714,576427,7422598,2073600,5348998,3.579571,71,50296,526131,2221482,7422598,1463330,0.835321
715,576481,7395284,2073599,5321685,3.566400,70,52132,524349,2222944,7395284,1496492,0.831699
716,580293,7354531,2073600,5280931,3.546745,71,53934,526359,2221087,7354531,1529817,0.827808
717,583151,7311715,2073600,5238115,3.526097,69,55589,527562,2217710,7311715,1559125,0.824242
718,582735,7276351,2073600,5202751,3.509043,70,57540,525195,2217813,7276351,1594901,0.820217
719,581894,7221232,2073599,5147633,3.482463,69,59038,522856,2208103,7221232,1611180,0.817583
720,611199,7122024,2073600,5048424,3.434618,70,59088,552111,2183809,7122024,1613212,0.815321
721,614529,7084629,2073599,5011030,3.416586,71,58868,555661,2172962,7084629,1607219,0.815089
722,598848,7055578,2073600,4981978,3.402574,70,58933,539915,2165951,7055578,1608226,0.814374
723,598816,7034371,2073600,4960771,3.392347,70,58972,539844,2160440,7034371,1607389,0.813997
724,570259,7012250,2073600,4938650,3.381679,69,58813,511446,2154852,7012250,1607158,0.813542
725,570259,6982322,2073600,4908722,3.367246,69,57879,512380,2145222,6982322,1598566,0.813706
726,559134,6955905,2073598,4882307,3.354510,69,57580,501554,2137085,6955905,1592435,0.813714
727,559134,6942117,2073600,4868517,3.347857,69,57643,501491,2133437,6942117,1591631,0.813490
728,559954,6941891,2073600,4868291,3.347748,68,57589,502365,2133576,6941891,1592413,0.813410
729,563244,6941722,2073600,4868122,3.347667,68,57317,505927,2132381,6941722,1587802,0.813846
730,566604,6929147,2073600,4855547,3.341603,68,57299,509305,2128044,6929147,1583029,0.814028
731,572999,6930719,2073600,4857119,3.342361,68,56389,516610,2123891,6930719,1564845,0.815804
732,574907,6932838,2073600,4859238,3.343383,67,55512,519395,2121779,6932838,1554278,0.816866
733,577471,6943364,2073600,4869764,3.348459,66,55235,522236,2122610,6943364,1547076,0.817786
734,580138,6955177,2073600,4881577,3.354156,66,54642,525496,2123544,6955177,1538999,0.818817
735,580008,6961003,2073600,4887403,3.356965,66,54126,525882,2123231,6961003,1531921,0.819624
736,580105,6959261,2073600,4885661,3.356125,66,53439,526666,2119916,6959261,1520403,0.820700
737,509713,6948304,2073600,4874704,3.350841,67,53234,456479,2112964,6948304,1503552,0.822104
738,506871,6941358,2073599,4867759,3.347493,68,52873,453998,2108405,6941358,1492262,0.823058
739,410613,6938299,2073600,4864699,3.346016,66,52965,357648,2106218,6938299,1486573,0.823549
740,411163,6914717,2073600,4841117,3.334644,65,53047,358116,2097582,6914717,1475611,0.824130
741,412807,6887458,2073600,4813858,3.321498,65,53079,359728,2089766,6887458,1471606,0.823951
742,410939,6857045,2073600,4783445,3.306831,62,52894,358045,2081396,6857045,1468539,0.823611
743,410249,6817721,2073600,4744121,3.287867,61,52925,357324,2072387,6817721,1471827,0.822448
744,410249,6766834,2073600,4693234,3.263327,59,52599,357650,2061205,6766834,1477986,0.820738
745,409991,6714018,2073600,4640418,3.237856,62,52672,357319,2049443,6714018,1483754,0.819005
746,413715,6673772,2073600,4600172,3.218447,59,52941,360774,2042532,6673772,1496356,0.816850
747,413715,6635548,2073600,4561948,3.200014,62,53149,360566,2034723,6635548,1503344,0.815289
748,413715,6584943,2073600,4511343,3.175609,59,53431,360284,2019168,6584943,1491729,0.815304
749,413691,6499970,2073600,4426370,3.134631,61,53697,359994,1993525,6499970,1474130,0.815135
750,413659,6439998,2073600,4366398,3.105709,62,53348,360311,1972970,6439998,1451882,0.816028
751,413827,6392239,2073600,4318639,3.082677,60,52851,360976,1955861,6392239,1431205,0.817062
752,420403,6352869,2073600,4279269,3.063691,59,52443,367960,1941142,6352869,1411699,0.818187
753,418711,6316898,2073599,4243299,3.046345,61,52188,366523,1928756,6316898,1398126,0.818779
754,419475,6273894,2073600,4200294,3.025605,60,51608,367867,1915129,6273894,1386622,0.818991
755,420058,6232775,2073600,4159175,3.005775,59,51217,368841,1903647,6232775,1381813,0.818531
756,419750,6191180,2073600,4117580,2.985716,59,50903,368847,1891453,6191180,1374632,0.818310
757,414377,6149046,2073600,4075446,2.965396,58,50819,363558,1879260,6149046,1367994,0.818014
758,413515,6116761,2073600,4043161,2.949827,58,50613,362902,1868921,6116761,1358923,0.818221
759,413515,6083185,2073600,4009585,2.933635,58,50282,363233,1858991,6083185,1352779,0.818076
760,412603,6041869,2073600,3968269,2.913710,57,49864,362739,1842419,6041869,1327807,0.819828
761,496167,6058510,2073600,3984910,2.921735,58,49564,446603,1845514,6058510,1323546,0.820708
762,562517,6080371,2073600,4006771,2.932278,57,49738,512779,1852045,6080371,1327809,0.820764
763,568936,6096595,2073600,4022995,2.940102,57,49935,519001,1858091,6096595,1335769,0.820277
764,563056,6109116,2073600,4035516,2.946140,57,50306,512750,1862267,6109116,1339952,0.820118
765,550274,6116866,2073599,4043267,2.949879,57,50865,499409,1864278,6116866,1340246,0.820273
766,589599,6159534,2073600,4085934,2.970454,56,51660,537939,1878074,6159534,1352762,0.819927
767,594377,6236250,2073600,4162650,3.007451,55,52967,541410,1901657,6236250,1370378,0.819844
768,606770,6352585,2073600,4278985,3.063554,54,54978,551792,1938019,6352585,1399491,0.819469
769,606844,6475900,2073600,4402300,3.123023,53,56729,550115,1975377,6475900,1425608,0.819578
770,584510,6593483,2073600,4519883,3.179728,53,58171,526339,2011302,6593483,1451725,0.819554
771,589540,6790323,2073600,4716723,3.274654,52,61604,527936,2070647,6790323,1492265,0.819831
772,597068,6984111,2073599,4910512,3.368111,52,64743,532325,2128739,6984111,1530845,0.820217
773,561680,7115087,2065683,5049404,3.444423,51,70407,491273,2168325,7115087,1558213,0.820344
774,596666,7413822,2068769,5345053,3.583688,62,79963,516703,2268758,7413822,1661210,0.816947
775,598948,7672751,2069358,5603393,3.707793,62,85893,513055,2352530,7672751,1737369,0.815372
776,597448,7926425,2070867,5855558,3.827588,69,92298,505150,2431891,7926425,1801139,0.814842
777,601985,8178664,2072579,6106085,3.946129,68,98661,503324,2508524,8178664,1855432,0.815087
778,597733,8380730,2071533,6309197,4.045666,70,104481,493252,2574202,8380730,1916078,0.813915
779,592649,8579810,2071120,6508690,4.142594,79,111280,481369,2643893,8579810,1995762,0.811286
780,592649,8888126,2071007,6817119,4.291693,77,117983,474666,2738270,8888126,2064954,0.811473
781,601070,9200680,2071113,7129567,4.442384,75,119160,481910,2822893,9200680,2090892,0.814827
782,611816,9550850,2071364,7479486,4.610899,72,120242,491574,2916870,9550850,2116630,0.818587
783,612129,9935347,2072917,7862430,4.792930,69,121053,491076,3019189,9935347,2141409,0.822683
784,618914,10242621,2073600,8169021,4.939536,68,121793,497121,3101790,10242621,2164539,0.825541
785,637110,10531740,2073600,8458140,5.078964,66,122514,514596,3179439,10531740,2186016,0.828113
786,639688,10757010,2073600,8683410,5.187601,67,123473,516215,3239144,10757010,2199566,0.830236
787,652115,10964846,2073600,8891246,5.287831,69,124481,527634,3294591,10964846,2213518,0.832034
788,697887,11326460,2073600,9252860,5.462220,70,125795,572092,3390746,11326460,2236524,0.835101
789,697911,10449157,2073530,8375627,5.039308,67,127130,570781,3171460,10449157,2236683,0.823687
790,698245,10796766,2073600,8723166,5.206774,64,128664,569581,3262258,10796766,2252266,0.827400
791,698317,11442776,2073583,9369193,5.518359,68,129071,569246,3425120,11442776,2257704,0.835210
792,720061,11641565,2073600,9567965,5.614181,80,128692,591369,3471978,11641565,2246347,0.838252
793,720061,11706467,2073600,9632867,5.645480,84,128292,591769,3475605,11706467,2195953,0.842045
794,720193,8510471,2069968,6440503,4.111402,63,127639,592554,2646753,8510471,2076541,0.803860
795,720193,7898470,2068618,5829852,3.818235,53,126955,593238,2474171,7898470,1998214,0.798093
796,722269,7550357,2067748,5482609,3.651488,54,126374,595895,2379280,7550357,1966763,0.793345
797,720346,7426581,2067406,5359175,3.592222,55,126001,594345,2345117,7426581,1953887,0.791707
798,718539,7409272,2066748,5342524,3.584991,56,126071,592468,2337542,7409272,1940896,0.792421
799,711851,7393941,2066126,5327815,3.578650,56,125196,586655,2327690,7393941,1916819,0.794129
800,708679,7339434,2066431,5273003,3.551744,56,124846,583833,2307683,7339434,1891298,0.795109
801,732405,7347891,2067547,5280344,3.553917,57,127550,604855,2312014,7347891,1900165,0.794534
802,849419,7357925,2057711,5300214,3.575782,97,131519,717900,2320787,7357925,1925223,0.792611
803,888381,7677587,2049121,5628466,3.746771,150,151795,736586,2463104,7677587,2174829,0.779259
804,906949,7856515,2045603,5810912,3.840684,161,162714,744235,2548154,7856515,2336101,0.770805
805,909488,7883853,2045402,5838451,3.854427,156,167739,741749,2569030,7883853,2392267,0.767201
806,910252,7930017,2046782,5883235,3.874383,151,170249,740003,2589743,7930017,2428955,0.765522
807,913862,7977834,2049658,5928176,3.892276,157,172808,741054,2614243,7977834,2479138,0.762920
808,913316,8112012,2054839,6057173,3.947760,159,172426,740890,2654012,8112012,2504036,0.764127
809,908466,8270215,2059824,6210391,4.015011,152,171465,737001,2698214,8270215,2522641,0.766268
810,971128,8392358,2064483,6327875,4.065114,159,169797,801331,2729700,8392358,2526442,0.768615
811,952932,8415232,2065677,6349555,4.073837,160,169517,783415,2733788,8415232,2519920,0.769558
812,952444,8452449,2066920,6385529,4.089393,160,169121,783323,2745796,8452449,2530735,0.769581
813,915078,8500293,2067905,6432388,4.110582,156,169398,745680,2758414,8500293,2533363,0.770397
814,904650,8546892,2068771,6478121,4.131386,157,168737,735913,2770517,8546892,2535176,0.771236
815,901290,8604444,2069214,6535230,4.158315,158,168532,732758,2786281,8604444,2540680,0.772037
816,900554,8644528,2069306,6575222,4.177501,156,168501,732053,2794710,8644528,2534312,0.773294
817,900554,8671713,2069280,6602433,4.190691,156,167829,732725,2801954,8671713,2536103,0.773720
818,897136,8705883,2069333,6636550,4.207096,157,167513,729623,2810329,8705883,2535433,0.774454
819,897136,8730895,2069734,6661161,4.218366,153,167127,730009,2815685,8730895,2531845,0.775202
820,897136,8749636,2070241,6679395,4.226385,155,166484,730652,2819750,8749636,2529364,0.775746
821,897136,8764429,2070639,6693790,4.232717,153,165893,731243,2821997,8764429,2523559,0.776439
822,897136,8767085,2071215,6695870,4.232822,158,164830,732306,2820170,8767085,2513595,0.777177
823,892546,8772858,2071864,6700994,4.234283,155,164760,727786,2821614,8772858,2513598,0.777291
824,889961,8762888,2072229,6690659,4.228726,159,163830,726131,2816549,8762888,2503308,0.777804
825,889961,8746248,2072552,6673696,4.220038,159,163518,726443,2811329,8746248,2499068,0.777768
826,889961,8716973,2072790,6644183,4.205430,160,163473,726488,2800599,8716973,2485423,0.778135
827,889961,8690080,2072866,6617214,4.192302,151,162437,727524,2788473,8690080,2463812,0.779107
828,889961,8676825,2073012,6603813,4.185613,158,162462,727499,2782932,8676825,2454903,0.779468
829,889885,8689877,2073211,6616666,4.191506,157,161574,728311,2785026,8689877,2450227,0.780053
830,888193,8719779,2073424,6646355,4.205497,152,161187,727006,2791745,8719779,2447201,0.780854
831,888283,8753803,2073547,6680256,4.221656,156,160813,727470,2797492,8753803,2436165,0.782290
832,888283,8755293,2073593,6681700,4.222281,156,160177,728106,2795078,8755293,2425019,0.783099
833,888283,8768337,2073590,6694747,4.228578,153,159141,729142,2794616,8768337,2410127,0.784396
834,888283,8791683,2073600,6718083,4.239816,154,158826,729457,2798522,8791683,2402405,0.785386
835,888283,8825995,2073600,6752395,4.256363,150,158316,729967,2805893,8825995,2397577,0.786380
836,884191,8839654,2073600,6766054,4.262950,150,157889,726302,2806680,8839654,2387066,0.787376
837,884191,8840191,2073600,6766591,4.263209,154,157424,726767,2803097,8840191,2372197,0.788431
838,879935,8803494,2066709,6736785,4.259668,150,156232,723703,2787835,8803494,2347846,0.789456
839,868785,8821250,2073600,6747650,4.254075,152,155744,713041,2788071,8821250,2331034,0.790981
840,868271,8842307,2073600,6768707,4.264230,152,154805,713466,2788759,8842307,2312729,0.792674
841,863855,8868929,2073600,6795329,4.277068,153,154073,709782,2793486,8868929,2305015,0.793715
842,860495,8913767,2073496,6840271,4.298907,150,153911,706584,2801847,8913767,2293621,0.795347
843,860341,8823681,2072706,6750975,4.257083,151,153629,706712,2778225,8823681,2289219,0.794003
844,859853,8878351,2072448,6805903,4.283992,154,153232,706621,2789971,8878351,2281533,0.795559
845,858623,8914666,2072250,6842416,4.301926,154,153088,705535,2798163,8914666,2277986,0.796475
846,858623,8945047,2071707,6873340,4.317718,152,152521,706102,2803812,8945047,2270201,0.797579
847,857988,8957351,2071089,6886262,4.324947,154,152441,705547,2803084,8957351,2254985,0.798884
848,856496,8957789,2070338,6887451,4.326728,157,151721,704775,2800407,8957789,2243839,0.799686
849,851117,8952375,2069414,6882961,4.326044,154,151363,699754,2794850,8952375,2227025,0.800792
850,844093,8938826,2068244,6870582,4.321940,153,150909,693184,2788712,8938826,2216022,0.801340
851,843681,8932690,2066680,6866010,4.322241,157,150697,692984,2782232,8932690,2196238,0.802655
852,843765,8923691,2064576,6859115,4.322287,152,149838,693927,2777780,8923691,2187429,0.803132
853,843277,8930744,2062903,6867841,4.329212,158,149316,693961,2777097,8930744,2177644,0.803964
854,840021,8954170,2063933,6890237,4.338401,156,148771,691250,2783687,8954170,2180578,0.804165
855,840021,8985782,2065069,6920713,4.351323,154,148332,691689,2792119,8985782,2182694,0.804567
856,840021,9026177,2066269,6959908,4.368346,155,148088,691933,2800062,9026177,2174071,0.805891
857,838329,9064233,2067541,6996692,4.384064,156,147573,690756,2808826,9064233,2171071,0.806763
858,833973,9108086,2068890,7039196,4.402402,153,148065,685908,2819383,9108086,2169446,0.807631
859,833995,9162109,2069712,7092397,4.426756,153,149006,684989,2832966,9162109,2169755,0.808526
860,833995,9183339,2068593,7114746,4.439413,155,149556,684439,2840223,9183339,2177553,0.808329
861,835120,9242333,2068297,7174036,4.468571,156,151344,683776,2858288,9242333,2190819,0.808380
862,835120,9321394,2069207,7252187,4.504815,160,152212,682908,2879789,9321394,2197762,0.809208
863,834444,9375452,2070229,7305223,4.528703,155,152305,682139,2892254,9375452,2193564,0.810393
864,833260,9430386,2071181,7359205,4.553144,156,151593,681667,2904318,9430386,2186886,0.811756
865,829704,9446984,2072070,7374914,4.559201,158,151453,678251,2908276,9446984,2186120,0.812078
866,826725,9463157,2072894,7390263,4.565191,160,152071,674654,2911259,9463157,2181879,0.812634
867,826313,9492628,2073600,7419028,4.577849,160,151191,675122,2916691,9492628,2174136,0.813647
868,824532,9511516,2073598,7437918,4.586962,161,148244,676288,2917252,9511516,2157492,0.815109
869,804848,9455023,2073600,7381423,4.559714,160,144253,660595,2887665,9455023,2095637,0.818570
870,804162,9297293,2073600,7223693,4.483648,133,136314,667848,2820725,9297293,1985607,0.824016
871,745838,9193635,2073600,7120035,4.433659,135,130613,615225,2774750,9193635,1905365,0.828330
872,713750,9229970,2073600,7156370,4.451182,132,128349,585401,2777147,9229970,1878618,0.830886
873,685452,9145607,2073600,7072007,4.410497,113,119887,565565,2727777,9145607,1765501,0.838192
874,679520,9181211,2073600,7107611,4.427667,56,117682,561838,2734085,9181211,1755129,0.839514
875,655473,9238382,2073600,7164782,4.455238,56,118215,537258,2750892,9238382,1765186,0.839581
876,637224,9252503,2073600,7178903,4.462048,56,118817,518407,2756213,9252503,1772349,0.839241
877,633092,9190076,2073600,7116476,4.431943,56,119374,513718,2743124,9190076,1782420,0.837556
878,619410,9101098,2073600,7027498,4.389033,49,119127,500283,2720908,9101098,1782534,0.836219
879,619410,9033651,2073600,6960051,4.356506,47,116409,503001,2702329,9033651,1775665,0.835728
880,582844,9010860,2073600,6937260,4.345515,47,113392,469452,2692969,9010860,1761016,0.836517
881,554088,9005014,2073600,6931414,4.342696,49,111489,442599,2689315,9005014,1752246,0.837110
882,524884,8994206,2073600,6920606,4.337484,54,109666,415218,2684436,8994206,1743538,0.837625
883,515314,8984563,2073600,6910963,4.332833,55,107467,407847,2678778,8984563,1730549,0.838495
884,508284,8938753,2073600,6865153,4.310741,54,104911,403373,2660833,8938753,1704579,0.839845
885,503380,8875779,2073600,6802179,4.280372,54,101749,401631,2637189,8875779,1672977,0.841405
886,500415,8817964,2073600,6744364,4.252490,56,97591,402824,2610702,8817964,1624844,0.844405
887,489525,8744126,2073599,6670527,4.216884,53,93312,396213,2578481,8744126,1569798,0.847798
888,475963,8645945,2073600,6572345,4.169534,53,87112,388851,2535866,8645945,1497519,0.852366
889,426168,8536946,2073600,6463346,4.116969,54,81119,345049,2490394,8536946,1424630,0.856987
890,412022,8461477,2073600,6387877,4.080573,57,75347,336675,2457456,8461477,1368347,0.860796
891,411950,8331549,2073599,6257950,4.017917,58,72613,339337,2416504,8331549,1334467,0.861942
892,410594,8206922,2073600,6133322,3.957813,48,70800,339794,2377788,8206922,1304230,0.862874
893,410594,8098520,2073600,6024920,3.905536,36,68202,342392,2344369,8098520,1278956,0.863614
894,403375,8010543,2073600,5936943,3.863109,34,66078,337297,2314847,8010543,1248845,0.865127
895,364111,7942948,2073600,5869348,3.830511,33,60859,303252,2289173,7942948,1213744,0.867447
896,363865,7887160,2073600,5813560,3.803607,34,56742,307123,2266909,7887160,1180476,0.869814
897,358909,7841499,2073600,5767899,3.781587,30,52966,305943,2247373,7841499,1147993,0.872296
898,355962,7855675,2073600,5782075,3.788424,30,48851,307111,2243272,7855675,1117413,0.875471
899,344972,7831879,2073600,5758279,3.776948,30,46749,298223,2232360,7831879,1097561,0.877085
900,335161,7798423,2073600,5724823,3.760814,30,43265,291896,2216092,7798423,1065945,0.879749
901,335161,7783366,2073600,5709766,3.753552,30,42053,293108,2210257,7783366,1057662,0.880369
902,333399,7766275,2073600,5692675,3.745310,31,40698,292701,2203540,7766275,1047885,0.881113
903,333399,7748533,2073600,5674933,3.736754,31,39563,293836,2196056,7748533,1035691,0.882096
904,333987,7729843,2073600,5656243,3.727741,30,38509,295478,2188934,7729843,1025893,0.882832
905,344080,7710664,2073600,5637064,3.718492,31,37611,306469,2181681,7710664,1016060,0.883569
906,344080,7693455,2073600,5619855,3.710192,30,36661,307419,2174490,7693455,1004505,0.884513
907,344272,7677879,2073600,5604279,3.702681,30,35809,308463,2168052,7677879,994329,0.885343
908,343872,7664706,2073600,5591106,3.696328,30,34995,308877,2162780,7664706,986414,0.885978
909,343872,7654657,2073600,5581057,3.691482,32,34348,309524,2158457,7654657,979171,0.886589
910,343237,7645516,2073600,5571916,3.687074,30,33505,309732,2154163,7645516,971136,0.887295
911,343872,7655996,2073600,5582396,3.692128,30,33146,310726,2154944,7655996,963780,0.888190
912,343872,7669711,2073600,5596111,3.698742,30,32737,311135,2156955,7669711,958109,0.888951
913,343872,7682781,2073600,5609181,3.705045,31,32342,311530,2158824,7682781,952515,0.889695
914,343872,7695017,2073600,5621417,3.710946,30,32035,311837,2161245,7695017,949963,0.890114
915,333779,7704665,2073600,5631065,3.715598,32,31637,302142,2162201,7704665,944139,0.890836
916,332791,7713337,2073600,5639737,3.719781,32,31342,301449,2163320,7713337,939943,0.891377
917,332791,7717236,2073600,5643636,3.721661,32,30997,301794,2162622,7717236,933252,0.892116
918,332791,7723112,2073600,5649512,3.724495,32,30639,302152,2162369,7723112,926364,0.892899
919,332791,7736456,2073600,5662856,3.730930,31,30293,302498,2164663,7736456,922196,0.893494
920,332791,7762281,2073600,5688681,3.743384,31,30054,302737,2169535,7762281,915859,0.894464
921,332791,7777469,2073600,5703869,3.750708,30,29695,303096,2172321,7777469,911815,0.895064
922,332791,7793670,2073600,5720070,3.758521,31,29405,303386,2175081,7793670,906654,0.895791
923,332791,7811148,2073600,5737548,3.766950,31,29185,303606,2178677,7811148,903560,0.896318
924,332791,7829027,2073600,5755427,3.775572,31,28807,303984,2181098,7829027,895365,0.897372
925,332599,7847314,2073600,5773714,3.784391,30,28366,304233,2184667,7847314,891354,0.897999
926,332599,7867335,2073600,5793735,3.794047,30,27864,304735,2187994,7867335,884641,0.898921
927,332599,7887468,2073600,5813868,3.803756,31,27470,305129,2191549,7887468,878728,0.899759
928,332599,7907860,2073600,5834260,3.813590,31,27050,305549,2194823,7907860,871432,0.900740
929,332599,7927184,2073600,5853584,3.822909,31,26538,306061,2197797,7927184,864004,0.901719
930,332599,7943149,2073600,5869549,3.830608,31,25990,306609,2199862,7943149,856299,0.902687
931,332787,7906114,2073600,5832514,3.812748,32,24220,308567,2185810,7906114,837126,0.904254
932,332787,7870627,2073600,5797027,3.795634,31,22845,309942,2172557,7870627,819601,0.905687
933,332331,7835956,2073600,5762356,3.778914,32,21543,310788,2160397,7835956,805632,0.906773
934,332315,7804660,2073600,5731060,3.763821,31,20446,311869,2149785,7804660,794480,0.907609
935,332311,7777511,2073600,5703911,3.750729,32,19332,312979,2140104,7777511,782905,0.908544
936,343392,7754027,2073600,5680427,3.739403,31,18465,324927,2132239,7754027,774929,0.909141
937,343392,7731653,2073600,5658053,3.728614,32,17666,325726,2123775,7731653,763447,0.910131
938,343392,7711911,2073600,5638311,3.719093,32,17202,326190,2118132,7711911,760617,0.910225
939,343204,7696203,2073600,5622603,3.711518,31,16875,326329,2112347,7696203,753185,0.910859
940,278540,7685205,2073600,5611605,3.706214,33,16723,261817,2108924,7685205,750491,0.911034
941,277464,7679945,2073600,5606345,3.703677,32,16802,260662,2107820,7679945,751335,0.910887
942,276124,7674571,2073600,5600971,3.701086,32,16849,259275,2106682,7674571,752157,0.910742
943,276188,7593973,2059812,5534161,3.686731,32,16881,259307,2086782,7593973,753155,0.909771
944,273388,7596326,2061521,5534805,3.684816,32,16870,256518,2087412,7596326,753322,0.909778
945,273388,7599521,2063095,5536426,3.683554,32,16857,256531,2088875,7599521,755979,0.909523
946,191373,7602518,2064761,5537757,3.682033,32,16910,174463,2090188,7602518,758234,0.909310
947,188613,7606753,2066411,5540342,3.681142,32,16907,171706,2092017,7606753,761315,0.909021
948,187206,7609352,2067959,5541393,3.679644,32,16923,170283,2093235,7609352,763588,0.908803
949,187206,7610411,2069454,5540957,3.677497,31,16947,170259,2093494,7610411,763565,0.908817
950,187336,7612367,2070886,5541481,3.675899,32,16937,170399,2094732,7612367,766561,0.908513
951,197369,7668769,2073600,5595169,3.698288,31,17140,180229,2112543,7668769,781403,0.907528
952,282184,7682876,2073600,5609276,3.705091,31,16684,265500,2118976,7682876,793028,0.906437
953,342887,7658202,2073600,5584602,3.693192,32,14809,328078,2097897,7658202,733386,0.912605
954,240021,7591534,2073600,5517934,3.661041,32,12807,227214,2063893,7591534,664038,0.919565
955,157288,7491395,2073600,5417795,3.612748,32,10302,146986,2019849,7491395,588001,0.927222
956,179634,7386829,2073600,5313229,3.562321,30,8368,171266,1977415,7386829,522831,0.933900
957,183552,7296702,2073600,5223102,3.518857,30,7222,176330,1944583,7296702,481630,0.938081
958,183228,7240801,2073600,5167201,3.491899,30,6637,176591,1923664,7240801,453855,0.941017
959,249787,7222185,2073600,5148585,3.482921,30,6335,243452,1912266,7222185,426879,0.944192
960,266546,7203323,2073600,5129723,3.473825,30,6285,260261,1900040,7203323,396837,0.947786
961,268694,6874123,2073600,4800523,3.315067,23,6178,262516,1801314,6874123,331133,0.954043
962,277431,6634450,2073600,4560850,3.199484,18,8798,268633,1746032,6634450,349678,0.949932
963,288592,6318466,2073600,4244866,3.047100,22,15828,272764,1698914,6318466,477190,0.929780
964,303635,6076411,2071964,4004447,2.932682,21,23548,280087,1662983,6076411,575521,0.913481
965,340942,5874115,2049453,3824662,2.866187,22,32167,308775,1638445,5874115,679665,0.896294
966,347473,5833554,2027399,3806155,2.877359,25,38228,309245,1655983,5833554,790378,0.880678
967,434007,6217258,2073599,4143659,2.998293,25,46065,387942,1784433,6217258,920474,0.871041
968,475181,6147177,2035892,4111285,3.019402,25,55232,419949,1797688,6147177,1043575,0.854873
969,519601,6986295,2073600,4912695,3.369162,26,60066,459535,2023746,6986295,1108689,0.863040
970,560911,6976266,2073599,4902667,3.364327,26,65677,495234,2030704,6976266,1146550,0.858848
971,586548,7197402,2073600,5123802,3.470969,26,69232,517316,2095054,7197402,1182814,0.858856
972,605162,7570872,2073600,5497272,3.651076,27,73285,531877,2202948,7570872,1240920,0.859175
973,599758,7918147,2073600,5844547,3.818551,26,76366,523392,2302241,7918147,1290817,0.859830
974,602110,8099662,2073600,6026062,3.906087,28,78994,523116,2357321,8099662,1329622,0.858990
975,610020,8103246,2073600,6029646,3.907815,28,81622,528398,2367703,8103246,1367566,0.855602
976,614260,8580112,2073600,6506512,4.137785,28,83622,530638,2498346,8580112,1413272,0.858579
977,639791,9032623,2073600,6959023,4.356010,28,84876,554915,2615924,9032623,1431073,0.863234
978,654900,9514774,2073600,7441174,4.588529,106,87654,567246,2751333,9514774,1490558,0.864560
979,670345,10304607,2073600,8231007,4.969429,152,99921,570424,3023987,10304607,1791341,0.851906
980,677759,10097850,2073600,8024250,4.869719,148,103183,574576,2985749,10097850,1845146,0.845504
981,691738,9793094,2073600,7719494,4.722750,146,108333,583405,2920293,9793094,1888078,0.838366
982,727173,9608923,2073600,7535323,4.633933,148,112624,614549,2885542,9608923,1933245,0.832506
983,742033,9341605,2073600,7268005,4.505018,155,118258,623775,2834728,9341605,1997307,0.823854
984,774867,9111310,2073600,7037710,4.393957,155,121623,653244,2783638,9111310,2023242,0.818292
985,835920,10115639,2073600,8042039,4.878298,150,137306,698614,3135497,10115639,2426349,0.806542
986,846041,10463825,2073600,8390225,5.046212,151,147736,698305,3261022,10463825,2580263,0.802189
987,938314,10416264,2073600,8342664,5.023275,151,157255,781059,3271857,10416264,2671164,0.795898
988,988131,10567862,2073600,8494262,5.096384,152,165110,823021,3331228,10567862,2757050,0.793091
989,1221873,10971092,2073600,8897492,5.290843,155,174953,1046920,3456702,10971092,2855716,0.793465
990,1328719,11906802,2073600,9833202,5.742092,153,210869,1117850,3809679,11906802,3331914,0.781352
991,1358644,12757126,2073600,10683526,6.152163,152,232818,1125826,4123501,12757126,3736878,0.773440
992,1364368,13426296,2073600,11352696,6.474873,154,246134,1118234,4369989,13426296,4053660,0.768097
993,1369859,13289492,2073600,11215892,6.408899,154,243509,1126350,4327724,13289492,4021404,0.767695
994,1352548,13235189,2073600,11161589,6.382711,154,240865,1111683,4305604,13235189,3987227,0.768486
995,1337188,13216193,2072478,11143715,6.377000,153,239168,1098020,4302673,13216193,3994499,0.767906
996,1346611,13124975,2072271,11052704,6.333619,153,241394,1105217,4284396,13124975,4012609,0.765859
997,1393304,13038284,2072214,10966070,6.291958,154,244352,1148952,4269253,13038284,4038728,0.763499
998,1386432,12992828,2072240,10920588,6.269944,155,249881,1136551,4267617,12992828,4077640,0.761129
999,1335113,12938343,2072287,10866056,6.243509,155,254190,1080923,4264342,12938343,4119025,0.758519
1000,1308932,12869384,2072334,10797050,6.210092,153,262788,1046144,4254787,12869384,4149764,0.756171
1001,1307942,12806699,2072300,10734399,6.179945,154,263961,1043981,4239007,12806699,4149329,0.755289
1002,1307506,12716629,2072320,10644309,6.136421,160,261983,1045523,4207947,12716629,4115159,0.755513
1003,1306528,12610305,2072496,10537809,6.084598,158,261668,1044860,4178687,12610305,4104443,0.754442
1004,1309400,12520959,2072670,10448289,6.040980,161,261654,1047746,4155620,12520959,4101521,0.753255
1005,1323592,11382628,1780986,9601642,6.391195,167,261435,1062157,3866236,11382628,4082316,0.736028
1006,1350599,11388603,1816382,9572221,6.269938,167,263647,1086952,3867475,11388603,4081297,0.736178
1007,1356523,11432660,1852352,9580308,6.171969,170,264859,1091664,3882003,11432660,4095352,0.736260
1008,1321566,11497310,1891621,9605689,6.078020,173,265827,1055739,3900192,11497310,4103458,0.736971
1009,1319089,11554746,1924747,9629999,6.003254,173,266610,1052479,3915008,11554746,4105286,0.737849
1010,1334415,11513155,1925138,9588017,5.980431,174,267710,1066705,3905808,11513155,4110077,0.736925
1011,1355915,11605816,1960226,9645590,5.920652,181,267939,1087976,3930461,11605816,4116028,0.738197
1012,1356778,11755302,2007686,9747616,5.855150,186,268409,1088369,3971148,11755302,4129290,0.740044
1013,1337092,11758333,2017936,9740397,5.826911,186,269061,1068031,3972820,11758333,4132947,0.739924
1014,1338354,11597867,2006372,9591495,5.780517,191,269590,1068764,3933717,11597867,4137001,0.737081
1015,1339014,11417686,1986897,9430789,5.746491,194,270751,1068263,3886915,11417686,4129974,0.734367
1016,1333739,11407006,1990967,9416039,5.729380,196,272064,1061675,3887250,11407006,4141994,0.733617
1017,1348745,11451384,2007523,9443861,5.704236,199,273286,1075459,3899953,11451384,4148428,0.734072
1018,1353693,11505138,2021923,9483215,5.690196,205,274928,1078765,3917559,11505138,4165098,0.734203
1019,1341270,11567465,2034668,9532797,5.685185,213,276412,1064858,3937869,11567465,4184011,0.734373
1020,1342229,11647123,2050759,9596364,5.679421,215,277875,1064354,3964502,11647123,4210885,0.734463
1021,1346093,11722420,2067810,9654610,5.669002,220,278204,1067889,3985824,11722420,4220876,0.735257
1022,1343037,11732288,2067177,9665111,5.675512,228,278701,1064336,3992220,11732288,4236592,0.734697
1023,1336781,11729630,2067139,9662491,5.674331,233,278914,1057867,3992263,11729630,4239422,0.734523
1024,1335089,11778816,2067132,9711684,5.698144,236,279183,1055906,4007519,11778816,4251260,0.734795
1025,1312337,11795895,2066667,9729228,5.707690,233,279370,1032967,4017491,11795895,4274069,0.734034
1026,1307216,11788806,2067014,9721792,5.703302,235,279727,1027489,4019407,11788806,4288822,0.733243
1027,1307216,11774368,2068220,9706148,5.692996,238,279653,1027563,4020548,11774368,4307824,0.732137
1028,1306764,11735272,2068134,9667138,5.674329,242,279811,1026953,4014149,11735272,4321324,0.730869
1029,1301568,11714660,2067318,9647342,5.666598,241,279809,1021759,4012959,11714660,4337176,0.729802
1030,1290798,11716561,2067298,9649263,5.667572,248,279965,1010833,4014697,11716561,4342227,0.729604
1031,1289178,11872921,2068472,9804449,5.739948,242,281026,1008152,4061269,11872921,4372155,0.730863
1032,1285918,12023434,2069280,9954154,5.810443,243,282364,1003554,4107664,12023434,4407222,0.731768
1033,1285970,12170114,2070668,10099446,5.877385,248,283360,1002610,4154165,12170114,4446546,0.732404
1034,1289200,12274152,2070535,10203617,5.928010,251,283219,1005981,4183307,12274152,4459076,0.733520
1035,1244439,12367950,2069568,10298382,5.976102,250,283518,960921,4212621,12367950,4482534,0.733982
1036,1242857,12458211,2069006,10389205,6.021351,261,283326,959531,4238973,12458211,4497681,0.734742
1037,1227491,12554798,2067542,10487256,6.072330,268,283255,944236,4269764,12554798,4524258,0.735099
1038,1199502,12660523,2066518,10594005,6.126500,279,282518,916984,4298389,12660523,4533033,0.736353
1039,1199772,12643228,2066667,10576561,6.117690,284,282578,917194,4286079,12643228,4501088,0.737459
1040,1194663,12639888,2067416,10572472,6.113858,292,281787,912876,4277055,12639888,4468332,0.738820
1041,1193454,12588317,2068403,10519914,6.086008,295,279391,914063,4254721,12588317,4430567,0.739668
1042,1195448,12506255,2069448,10436807,6.043281,297,278157,917291,4224975,12506255,4393645,0.740019
1043,1213240,12442406,2070475,10371931,6.009445,298,276577,936663,4203489,12442406,4371550,0.740005
1044,1211390,12427867,2070607,10357260,6.002040,298,275801,935589,4196201,12427867,4356937,0.740424
1045,1201699,12500925,2070982,10429943,6.036231,300,276207,925492,4219345,12500925,4376455,0.740691
1046,1197511,12611907,2071276,10540631,6.088955,299,276984,920527,4253576,12611907,4402397,0.741253
1047,1196707,12708712,2071587,10637125,6.134771,301,277680,919027,4286149,12708712,4435884,0.741266
1048,1170139,12816768,2071614,10745154,6.186851,300,278624,891515,4320966,12816768,4467096,0.741545
1049,1170203,12923230,2071355,10851875,6.239022,301,278837,891366,4352838,12923230,4488122,0.742230
1050,1169357,13021472,2071050,10950422,6.287377,303,279287,890070,4383117,13021472,4510996,0.742706
1051,1165065,13045377,2070745,10974632,6.299847,305,278643,886422,4389836,13045377,4513967,0.742931
1052,1161737,13064475,2070404,10994071,6.310109,304,278093,883644,4396251,13064475,4520529,0.742933
1053,1161655,13064171,2070067,10994104,6.310989,305,277443,884212,4395563,13064171,4518081,0.743032
1054,1161651,13042747,2070254,10972493,6.300071,306,276466,885185,4389133,13042747,4513785,0.742900
1055,1161649,13000320,2070065,10930255,6.280151,309,275604,886045,4376401,13000320,4505284,0.742638
1056,1160716,12952845,2069958,10882887,6.257540,307,274904,885812,4359700,12952845,4485955,0.742760
1057,1160262,12929228,2070037,10859191,6.245892,309,274095,886167,4351588,12929228,4477124,0.742788
1058,1155482,12921073,2070290,10850783,6.241190,311,273100,882382,4346545,12921073,4465107,0.743181
1059,1153888,12885433,2070557,10814876,6.223172,312,272170,881718,4335823,12885433,4457859,0.742964
1060,1150090,12849123,2070832,10778291,6.204812,311,271673,878417,4324767,12849123,4449945,0.742764
1061,1150038,12836280,2071076,10765204,6.197880,314,269681,880357,4318312,12836280,4436968,0.743131
1062,1142672,12844806,2071341,10773465,6.201203,315,267762,874910,4317896,12844806,4426778,0.743696
1063,1135796,12843849,2071646,10772203,6.199828,314,266304,869492,4316213,12843849,4421003,0.743930
1064,1131014,12835214,2071980,10763234,6.194661,321,265139,865875,4312579,12835214,4415102,0.744057
1065,1130724,12793139,2072254,10720885,6.173538,317,262955,867769,4297212,12793139,4395709,0.744270
1066,1129922,12758745,2072324,10686421,6.156733,318,261098,868824,4285697,12758745,4384043,0.744263
1067,1117080,12729886,2072600,10657286,6.141989,320,259893,857187,4276638,12729886,4376666,0.744153
1068,1113688,12702851,2072954,10629897,6.127898,326,259145,854543,4268445,12702851,4370929,0.743998
1069,1108102,12708148,2073226,10634922,6.129649,324,257700,850402,4267201,12708148,4360656,0.744525
1070,1100544,12725506,2073416,10652090,6.137459,329,256375,844169,4271583,12725506,4360826,0.744777
1071,1100542,12719159,2073475,10645684,6.134223,333,255408,845134,4267636,12719159,4351385,0.745094
1072,1100542,12712966,2073356,10639610,6.131589,331,254387,846155,4263799,12712966,4342230,0.745401
1073,1095058,12719695,2073230,10646465,6.135207,324,253354,841704,4263926,12719695,4336009,0.745774
1074,1093738,12746116,2073077,10673039,6.148405,330,252498,841240,4269482,12746116,4331812,0.746350
1075,1093116,12777132,2072904,10704228,6.163880,329,251459,841657,4278922,12777132,4338556,0.746516
1076,1087652,12793886,2072737,10721149,6.172460,332,250295,837357,4282248,12793886,4335106,0.746914
1077,1086573,12814016,2072444,10741572,6.183046,336,248416,838157,4285610,12814016,4328424,0.747502
1078,1086573,12828731,2072103,10756628,6.191165,332,246960,839613,4287405,12828731,4320889,0.748048
1079,1076790,12852377,2071773,10780604,6.203564,335,244866,831924,4291220,12852377,4312503,0.748760
1080,1071536,12884540,2071422,10813118,6.220142,327,243417,828119,4296951,12884540,4303264,0.749633
1081,1066109,12906943,2071163,10835780,6.231737,330,242147,823962,4300470,12906943,4294937,0.750322
1082,1057365,12931827,2070817,10861010,6.244795,331,241401,815964,4306418,12931827,4293845,0.750730
1083,1038479,12951211,2070354,10880857,6.255554,328,240088,798391,4306873,12951211,4276281,0.751776
1084,1038297,12966249,2070160,10896089,6.263404,330,239022,799275,4310521,12966249,4275835,0.752012
1085,1035059,12971703,2069902,10901801,6.266820,330,237756,797303,4307756,12971703,4259321,0.752811
1086,1035059,12945091,2069761,10875330,6.254389,336,236179,798880,4297070,12945091,4243189,0.753135
1087,1034127,12926750,2069695,10857055,6.245727,332,234885,799242,4286072,12926750,4217538,0.753997
1088,1030365,12929775,2069682,10860093,6.247228,334,233324,797041,4281722,12929775,4197113,0.754940
1089,1026907,12959496,2069751,10889745,6.261379,330,231978,794929,4286180,12959496,4185224,0.755888
1090,1026445,12993536,2069818,10923718,6.277622,335,230513,795932,4293003,12993536,4178476,0.756669
1091,1024377,13034139,2069909,10964230,6.296962,331,229146,795231,4302138,13034139,4174413,0.757422
1092,1023777,13077314,2070034,11007280,6.317439,330,228184,795593,4311505,13077314,4168706,0.758280
1093,1018821,13114979,2070133,11044846,6.335332,330,226322,792499,4317633,13114979,4155553,0.759385
1094,1008159,13142029,2070368,11071661,6.347678,330,225078,783081,4321987,13142029,4145919,0.760184
1095,986541,13133179,2070532,11062647,6.342901,331,224566,761975,4315561,13133179,4129065,0.760804
1096,982669,13084165,2070701,11013464,6.318713,325,223271,759398,4299485,13084165,4113775,0.760798
1097,978547,13038941,2070945,10967996,6.296131,329,222315,756232,4284291,13038941,4098223,0.760858
1098,976357,13018906,2071100,10947806,6.285986,330,221718,754639,4276269,13018906,4086170,0.761114
1099,973827,13027755,2071281,10956474,6.289709,330,221018,752809,4277479,13027755,4082161,0.761415
1100,968143,13034375,2071512,10962863,6.292203,331,220108,748035,4277303,13034375,4074837,0.761834
1101,965486,13057974,2072027,10985947,6.302029,334,217874,747612,4276384,13057974,4047562,0.763377
1102,958240,12893875,2072580,10821295,6.221171,336,215531,742709,4229326,12893875,4023429,0.762171
1103,953822,12970542,2073130,10897412,6.256502,332,213465,740357,4244131,12970542,4005982,0.764028
1104,952236,13044967,2073514,10971453,6.291237,333,211662,740574,4258120,13044967,3987513,0.765888
1105,951814,13073710,2073599,11000111,6.304840,338,209812,742002,4260521,13073710,3968374,0.767143
1106,918568,13012030,2073599,10938431,6.275095,336,208148,710420,4236066,13012030,3932234,0.767931
1107,918414,12845740,2073598,10772142,6.194904,338,206004,712410,4178619,12845740,3868736,0.768540
1108,914680,12610169,2073599,10536570,6.081296,340,203241,711439,4100124,12610169,3790327,0.768889
1109,914106,12356562,2073598,10282964,5.958996,341,199604,714502,4013098,12356562,3695830,0.769765
1110,908823,12116157,2073598,10042559,5.843060,343,195815,713008,3928724,12116157,3598739,0.770998
1111,904939,12013069,2073599,9939470,5.793342,352,193708,711231,3893336,12013069,3560275,0.771387
1112,894447,11917962,2073597,9844365,5.747482,346,191817,702630,3857821,11917962,3513322,0.772325
1113,889823,11831984,2073600,9758384,5.706011,354,189310,700513,3826385,11831984,3473556,0.773052
1114,867454,11703102,2073598,9629504,5.643863,353,187970,679484,3782239,11703102,3425854,0.773556
1115,865586,11471844,2073598,9398246,5.532338,337,186057,679529,3713713,11471844,3383008,0.772262
1116,865586,11279794,2073599,9206195,5.439718,342,183956,681630,3653107,11279794,3332634,0.771932
1117,864126,11112564,2073599,9038965,5.359071,342,182315,681811,3602812,11112564,3298684,0.771104
1118,860308,10956394,2073588,8882806,5.283785,335,180573,679735,3551402,10956394,3249214,0.771272
1119,858196,10743230,2073443,8669787,5.181348,341,178767,679429,3487357,10743230,3206198,0.770156
1120,855910,10564074,2073179,8490895,5.095592,341,177473,678437,3434577,10564074,3174234,0.768950
1121,854112,10577986,2073091,8504895,5.102519,346,179656,674456,3443381,10577986,3195538,0.767994
1122,856390,10610049,2072936,8537113,5.118368,343,181843,674547,3457677,10610049,3220659,0.767137
1123,856390,10624110,2072855,8551255,5.125351,343,183202,673188,3465194,10624110,3236666,0.766487
1124,856378,10637742,2072796,8564946,5.132074,349,185249,671129,3476152,10637742,3266866,0.765052
1125,856378,10698513,2072698,8625815,5.161636,345,187210,669168,3500931,10698513,3305211,0.763976
1126,837608,10807205,2072637,8734568,5.214230,343,189188,648420,3537619,10807205,3343271,0.763734
1127,839910,10916499,2072532,8843967,5.267228,343,191531,648379,3575822,10916499,3386789,0.763216
1128,840038,11022564,2072555,8950009,5.318346,341,193258,646780,3609493,11022564,3415408,0.763443
1129,838778,11188073,2072671,9115402,5.397901,337,194537,644241,3659600,11188073,3450327,0.764296
1130,836528,11391720,2072598,9319122,5.496348,331,196383,640145,3721287,11391720,3493428,0.765308
1131,836384,11457054,2072457,9384597,5.528247,331,196103,640281,3737321,11457054,3492230,0.766395
1132,828423,11546001,2072263,9473738,5.571687,336,195433,632990,3757590,11546001,3484359,0.768179
1133,827671,11671325,2072086,9599239,5.632645,324,195376,632295,3787897,11671325,3480263,0.770304
1134,822707,11817321,2071930,9745391,5.703533,323,195562,627145,3827633,11817321,3493211,0.771843
1135,822227,11963307,2071733,9891574,5.774541,326,195128,627099,3866324,11963307,3501989,0.773558
1136,816641,12090894,2071717,10019177,5.836171,327,195068,621573,3899145,12090894,3505686,0.775227
1137,815565,12208203,2071904,10136299,5.892263,327,195250,620315,3931423,12208203,3517489,0.776322
1138,811593,12288505,2072197,10216308,5.930182,329,195497,616096,3952144,12288505,3520071,0.777332
1139,810297,12298849,2071060,10227789,5.938432,331,195479,614818,3955016,12298849,3521215,0.777421
1140,810295,12277405,2068447,10208958,5.935567,333,195960,614335,3952191,12277405,3531359,0.776620
1141,809615,12134714,2062054,10072660,5.884770,315,195683,613932,3913506,12134714,3519310,0.775182
1142,809297,11967392,2059360,9908032,5.811219,311,195742,613555,3870261,11967392,3513652,0.773035
1143,805545,11775517,2056272,9719245,5.726634,307,195600,609945,3820030,11775517,3504603,0.770643
1144,803677,11520408,2054384,9466024,5.607719,305,195610,608067,3754818,11520408,3498864,0.767042
1145,803397,11262688,2053631,9209057,5.484280,308,195757,607640,3687606,11262688,3487736,0.763550
1146,803397,10982800,2053211,8929589,5.349085,314,195713,607684,3614666,10982800,3475864,0.759600
1147,803397,10745530,2052685,8692845,5.234866,315,195409,607988,3553835,10745530,3469810,0.755911
1148,803397,10505392,2052136,8453256,5.119247,314,195496,607901,3490727,10505392,3457516,0.752379
1149,802941,10292000,2051521,8240479,5.016766,309,195335,607606,3437306,10292000,3457224,0.748551
1150,801912,10122787,2050933,8071854,4.935699,311,195256,606656,3392940,10122787,3448973,0.745871
1151,800323,10063688,2050400,8013288,4.908158,307,195618,604705,3379051,10063688,3452516,0.744565
1152,799863,10072832,2049848,8022984,4.913941,305,195462,604401,3382352,10072832,3456576,0.744514
1153,799863,10098372,2049327,8049045,4.927653,301,195680,604183,3390185,10098372,3462368,0.744677
1154,778533,10136711,2048812,8087899,4.947604,291,195552,582981,3400486,10136711,3465233,0.745240
1155,777898,10192689,2048340,8144349,4.976073,283,196108,581790,3416743,10192689,3474283,0.745790
1156,777808,10264778,2047915,8216863,5.012307,280,196280,581528,3438043,10264778,3487394,0.746411
1157,777808,10353053,2047503,8305550,5.056429,277,196702,581106,3465401,10353053,3508551,0.746887
1158,777640,10458200,2047083,8411117,5.108830,274,196857,580783,3496308,10458200,3527032,0.747803
1159,777440,10576986,2046686,8530300,5.167860,270,196772,580668,3530426,10576986,3544718,0.748988
1160,776805,10704977,2046291,8658686,5.231405,261,196131,580674,3569290,10704977,3572183,0.749797
1161,792562,11131623,2046614,9085009,5.439044,259,196763,595799,3698186,11131623,3661121,0.752506
1162,792562,11597972,2046972,9551000,5.665916,252,198397,594165,3840615,11597972,3764488,0.754955
1163,778083,12057129,2047379,10009750,5.889056,245,200741,577342,3983361,12057129,3876315,0.756718
1164,777879,12397625,2047840,10349785,6.054001,245,201329,576550,4087956,12397625,3954199,0.758180
1165,778107,12538046,2048304,10489742,6.121184,247,200916,577191,4131948,12538046,3989746,0.758604
1166,778557,12538028,2048660,10489368,6.120112,253,199896,578661,4129042,12538028,3978140,0.759137
1167,779051,12527394,2048922,10478472,6.114139,251,198667,580384,4124678,12527394,3971318,0.759295
1168,776997,12516203,2049297,10466906,6.107559,248,196344,580653,4118444,12516203,3957573,0.759765
1169,775379,12531615,2049670,10481945,6.113967,253,195576,579803,4118136,12531615,3940929,0.760758
1170,754333,12568217,2049931,10518286,6.131044,251,195201,559132,4125906,12568217,3935407,0.761543
1171,743671,12633307,2050095,10583212,6.162303,250,195194,548477,4143962,12633307,3942541,0.762151
1172,743671,12698667,2050172,10648495,6.193952,248,194500,549171,4161272,12698667,3946421,0.762908
1173,743671,12764292,2050276,10714016,6.225646,247,194497,549174,4181908,12764292,3963340,0.763066
1174,741603,12831935,2050292,10781643,6.258589,237,194467,547136,4200359,12831935,3969501,0.763740
1175,741373,12898712,2050307,10848405,6.291113,227,194221,547152,4219341,12898712,3978652,0.764261
1176,734213,12968377,2050381,10917996,6.324862,220,194135,540078,4238702,12968377,3986431,0.764879
1177,734141,13044201,2050391,10993810,6.361811,210,193574,540567,4260535,13044201,3997939,0.765409
1178,732273,13127416,2050396,11077020,6.402381,207,193187,539086,4285520,13127416,4014664,0.765801
1179,732273,13217611,2050486,11167125,6.446087,199,192700,539573,4312809,13217611,4033625,0.766183
1180,731835,13315104,2050536,11264568,6.493475,193,192911,538924,4341652,13315104,4051504,0.766707
1181,730143,13441384,2050324,11391060,6.555737,174,192742,537401,4380111,13441384,4079060,0.767183
1182,728580,13560696,2050156,11510540,6.614470,168,191784,536796,4414431,13560696,4097028,0.767975
1183,728350,13642628,2050012,11592616,6.654902,162,189428,538922,4435205,13642628,4098192,0.768996
1184,724102,13669123,2049779,11619344,6.668584,157,186351,537751,4438803,13669123,4086089,0.769865
1185,724172,13653247,2049675,11603572,6.661177,152,183494,540678,4425615,13653247,4049213,0.771263
1186,723716,13609954,2049375,11560579,6.641027,152,180923,542793,4408778,13609954,4025158,0.771753
1187,707388,13549741,2049244,11500497,6.612068,151,178794,528594,4388151,13549741,4002863,0.771950
1188,707388,13497561,2048941,11448620,6.587579,147,176335,531053,4366318,13497561,3967711,0.772823
1189,707388,13470137,2048808,11421329,6.574621,146,174353,533035,4353612,13470137,3944311,0.773504
1190,706860,13449863,2048496,11401367,6.565726,146,172129,534731,4345092,13449863,3930505,0.773854
1191,706860,13401845,2048737,11353108,6.541516,145,170848,536012,4326340,13401845,3903515,0.774433
1192,706860,13359196,2048981,11310215,6.519922,146,169312,537548,4309604,13359196,3879220,0.774967
1193,706094,13339229,2049289,11289940,6.509199,146,167792,538302,4298421,13339229,3854455,0.775821
1194,705021,13336278,2049524,11286754,6.507012,144,167223,537798,4295295,13336278,3844902,0.776214
1195,705021,13326067,2049745,11276322,6.501329,148,166228,538793,4287936,13326067,3825677,0.776951
1196,705079,13314364,2049976,11264388,6.494888,148,164980,540099,4282196,13314364,3814420,0.777309
1197,715871,13328742,2050220,11278522,6.501128,146,164369,551502,4284820,13328742,3810538,0.777672
1198,715663,13353971,2050444,11303527,6.512722,142,164008,551655,4291436,13353971,3811773,0.777943
1199,717762,13382567,2050701,11331866,6.525850,141,164116,553646,4300737,13382567,3820381,0.777923
1200,718218,13415536,2050976,11364560,6.541050,144,164557,553661,4312307,13415536,3833692,0.777747
1201,718218,13445620,2051396,11394224,6.554376,143,165739,552479,4327059,13445620,3862616,0.776834
1202,718288,13483088,2051830,11431258,6.571250,147,166423,551865,4339965,13483088,3876772,0.776682
1203,719183,13520947,2052268,11468679,6.588295,144,167239,551944,4355930,13520947,3902773,0.776008
1204,683582,13507204,2052792,11454412,6.579918,142,167030,516552,4350814,13507204,3896052,0.776131
1205,686323,13479938,2053365,11426573,6.564804,144,165489,520834,4338486,13479938,3874006,0.776765
1206,686173,13478689,2053966,11424723,6.562275,142,162575,523598,4331577,13478689,3847619,0.777932
1207,721592,13492270,2054628,11437642,6.566770,139,160548,561044,4331668,13492270,3834402,0.778699
1208,721750,13501067,2055305,11445762,6.568887,139,159472,562278,4332454,13501067,3828749,0.779066
1209,733226,13556448,2055972,11500476,6.593693,139,160158,573068,4352052,13556448,3851760,0.778739
1210,733254,13783704,2056810,11726894,6.701496,137,162776,570478,4428639,13783704,3930852,0.778100
1211,737862,14368824,2057621,12311203,6.983222,140,168609,569253,4620379,14368824,4112692,0.777470
1212,751647,14737923,2058663,12679260,7.158978,141,170839,580808,4736625,14737923,4208577,0.777870
1213,801879,14735262,2059707,12675555,7.154057,141,170669,631210,4733839,14735262,4200094,0.778188
1214,813778,14786958,2060818,12726140,7.175286,140,174400,639378,4752647,14786958,4223630,0.777827
1215,818965,14838852,2062089,12776763,7.196029,143,179240,639725,4777579,14838852,4271464,0.776484
1216,851333,14926993,2063468,12863525,7.233935,145,183072,668261,4809302,14926993,4310215,0.775944
1217,868587,15099258,2064770,13034488,7.312804,141,188090,680497,4871780,15099258,4387862,0.774833
1218,930165,15256267,2066256,13190011,7.383532,144,191477,738688,4924127,15256267,4440241,0.774567
1219,957490,15415671,2067721,13347950,7.455392,148,199306,758184,4983076,15415671,4516633,0.773401
1220,1014492,15539251,2069308,13469943,7.509395,143,200352,814140,5020834,15539251,4544085,0.773739
1221,1022010,15589432,2069035,13520397,7.534639,140,200948,821062,5037782,15589432,4561696,0.773626
1222,1024514,15644169,2069122,13575047,7.560777,137,201907,822607,5054754,15644169,4574847,0.773735
1223,1023362,15699065,2069213,13629852,7.586974,137,203304,820058,5070912,15699065,4584583,0.773976
1224,1028798,15759573,2069381,13690192,7.615598,139,204150,824648,5089519,15759573,4598503,0.774119
1225,1035133,15827666,2069536,13758130,7.647930,138,204504,830629,5108268,15827666,4605406,0.774610
1226,1043769,15898194,2069697,13828497,7.681411,137,205352,838417,5130209,15898194,4622642,0.774734
1227,1051959,15968545,2069873,13898672,7.714746,135,206668,845291,5149524,15968545,4629551,0.775244
1228,1051917,16058163,2070015,13988148,7.757510,138,207316,844601,5176746,16058163,4648821,0.775495
1229,1048645,16137803,2070323,14067480,7.794824,136,207070,841575,5198401,16137803,4655801,0.776095
1230,1051272,16240019,2070955,14169064,7.841802,138,207465,843807,5227783,16240019,4671113,0.776621
1231,1085795,16397577,2071365,14326212,7.916315,137,209475,876320,5275448,16397577,4704215,0.777070
1232,1099774,16574981,2071435,14503546,8.001690,137,211875,887899,5330736,16574981,4747963,0.777331
1233,1118382,16748151,2070576,14677575,8.088643,136,216646,901736,5385787,16748151,4794997,0.777424
1234,1128841,16726875,2069474,14657401,8.082670,138,221281,907560,5377810,16726875,4784365,0.777588
1235,1115933,16623850,2068369,14555481,8.037178,136,221355,894578,5339767,16623850,4735218,0.778304
1236,1106521,16940763,2067097,14873666,8.195437,137,226032,880489,5437628,16940763,4809749,0.778867
1237,1111186,17312442,2065723,15246719,8.380815,138,227889,883297,5543234,17312442,4860494,0.780792
1238,1065513,17401247,2064172,15337075,8.430134,135,227702,837811,5559840,17401247,4838113,0.782453
1239,1070667,17132606,2062365,15070241,8.307262,138,223236,847431,5460992,17132606,4711362,0.784317
1240,1069644,16727522,2060327,14667195,8.118868,136,218025,851619,5317886,16727522,4544022,0.786380
1241,1070766,16611626,2059314,14552312,8.066582,138,215286,855480,5274716,16611626,4487238,0.787323
1242,1072360,16526794,2058374,14468420,8.029053,138,213314,859046,5241432,16526794,4438934,0.788277
1243,1076482,16483498,2057443,14426055,8.011643,138,211839,864643,5222578,16483498,4406814,0.789050
1244,1076626,16482021,2056519,14425502,8.014524,136,210422,866204,5216327,16482021,4383287,0.789925
1245,1073472,16510986,2055649,14455337,8.032006,135,209733,863739,5220481,16510986,4370938,0.790683
1246,1075257,16551236,2054785,14496451,8.054972,138,208745,866512,5229415,16551236,4366424,0.791257
1247,1072004,16581149,2053953,14527196,8.072799,138,208085,863919,5235230,16581149,4359771,0.791806
1248,1078299,16601725,2053073,14548652,8.086281,138,207085,871214,5235995,16601725,4342255,0.792673
1249,1078944,16611367,2052191,14559176,8.094455,139,205592,873352,5232408,16611367,4318265,0.793677
1250,1078166,16607517,2051340,14556177,8.095936,138,204790,873376,5228908,16607517,4308115,0.794024
1251,1076242,16640501,2050851,14589650,8.113949,136,204390,871852,5237985,16640501,4311439,0.794222
1252,1071074,16672303,2050413,14621890,8.131193,137,204593,866481,5246985,16672303,4315637,0.794375
1253,1070950,16691449,2049978,14641471,8.142258,136,204256,866694,5249831,16691449,4307875,0.794856
1254,1070230,16705510,2049510,14656000,8.150978,137,204181,866049,5252343,16705510,4303862,0.795146
1255,1065408,16711997,2049055,14662942,8.155953,134,203564,861844,5251711,16711997,4294847,0.795550
1256,1061546,16723219,2048636,14674583,8.163099,135,203541,858005,5253961,16723219,4292625,0.795743
1257,1058218,16729485,2048233,14681252,8.167765,135,202925,855293,5254871,16729485,4289999,0.795904
1258,1056686,16740707,2047789,14692918,8.175016,135,202806,853880,5255052,16740707,4279501,0.796410
1259,1054274,16743681,2047352,14696329,8.178213,133,202672,851602,5254651,16743681,4274923,0.796612
1260,1054076,16733992,2046925,14687067,8.175186,133,202426,851650,5249123,16733992,4262500,0.796990
1261,1053916,16767751,2046017,14721734,8.195314,136,201049,852867,5254241,16767751,4249213,0.797820
1262,1029756,16765534,2045112,14720422,8.197856,132,199245,830511,5246681,16765534,4221190,0.798864
1263,1028019,16708820,2044223,14664597,8.173678,132,196971,831048,5222335,16708820,4180520,0.799873
1264,1020535,16603753,2043375,14560378,8.125651,134,194210,826325,5187419,16603753,4145923,0.800193
1265,1020301,16464075,2042550,14421525,8.060549,133,189857,830444,5138534,16464075,4090061,0.801010
1266,1021614,16288497,2041718,14246779,7.977839,131,187831,833783,5081656,16288497,4038127,0.801338
1267,1015570,15989589,2040873,13948716,7.834681,134,186538,829032,4992272,15989589,3979499,0.800717
1268,995353,15560065,2039988,13520077,7.627528,131,183720,811633,4860071,15560065,3880219,0.800403
1269,998785,15063138,2039180,13023958,7.386860,135,178664,820121,4711468,15063138,3782734,0.799281
1270,985416,14590793,2038374,12552419,7.158055,130,174532,810884,4570172,14590793,3689895,0.798153
1271,982723,13918807,2036422,11882385,6.834933,131,171733,810990,4374447,13918807,3578981,0.795461
1272,962731,13224626,2034476,11190150,6.500261,129,168827,793904,4171819,13224626,3462650,0.792498
1273,888294,12680609,2032673,10647936,6.238391,131,167345,720949,4015390,12680609,3380951,0.789500
1274,887474,12443723,2030827,10412896,6.127417,130,165274,722200,3945648,12443723,3338869,0.788446
1275,884143,12440815,2029094,10411721,6.131217,130,164141,720002,3944623,12440815,3337677,0.788467
1276,870945,12512096,2027281,10484815,6.171861,129,163571,707374,3965202,12512096,3348712,0.788869
1277,867777,12590242,2025442,10564800,6.216047,131,163308,704469,3986507,12590242,3355786,0.789553
1278,842544,12620433,2023456,10596977,6.237068,133,161980,680564,3991286,12620433,3344711,0.790499
1279,758968,12663555,2021352,10642203,6.264893,129,160841,598127,4001348,12663555,3341837,0.791206
1280,757302,12715113,2019366,10695747,6.296587,129,160803,596499,4012026,12715113,3332991,0.792312
1281,753486,12750280,2019541,10730739,6.313454,130,160636,592850,4017358,12750280,3319152,0.793449
1282,753486,12784342,2019505,10764837,6.330433,129,159716,593770,4026265,12784342,3320718,0.793809
1283,752702,12822073,2019644,10802429,6.348680,130,159491,593211,4033473,12822073,3311819,0.794729
1284,754286,12862436,2019708,10842728,6.368463,130,159084,595202,4047449,12862436,3327360,0.794478
1285,754286,12898354,2019800,10878554,6.385956,131,158660,595626,4054599,12898354,3320042,0.795292
1286,754210,12944784,2019851,10924933,6.408782,128,158079,596131,4061840,12944784,3302576,0.796732
1287,754192,12982619,2020067,10962552,6.426826,130,157480,596712,4072684,12982619,3308117,0.796933
1288,754126,13027909,2020047,11007862,6.449310,129,156844,597282,4084454,13027909,3309907,0.797408
1289,753676,13069604,2020230,11049374,6.469364,131,155510,598166,4091258,13069604,3295428,0.798630
1290,753676,13128042,2020267,11107775,6.498172,133,154969,598707,4105585,13128042,3294298,0.799401
1291,742676,13228395,2020537,11207858,6.546970,129,154715,587961,4136913,13228395,3319257,0.799412
1292,742868,13332694,2020742,11311952,6.597920,134,154466,588402,4164308,13332694,3324538,0.800415
1293,740999,13426804,2021014,11405790,6.643598,130,154277,586722,4189097,13426804,3329584,0.801295
1294,740999,13532419,2021203,11511216,6.695230,132,154076,586923,4218887,13532419,3343129,0.801895
1295,740859,13623224,2021544,11601680,6.739019,129,153519,587340,4244859,13623224,3356212,0.802337
1296,737375,13684135,2021852,11662283,6.768119,134,152332,585043,4259357,13684135,3353293,0.803181
1297,732957,13781844,2022076,11759768,6.815690,133,151953,581004,4281949,13781844,3345952,0.804648
1298,732957,13861599,2022462,11839137,6.853824,133,151453,581504,4301743,13861599,3345373,0.805580
1299,732675,13928213,2022742,11905471,6.885808,132,150642,582033,4314283,13928213,3328919,0.807099
1300,732467,13982822,2023093,11959729,6.911606,132,149433,583034,4328457,13982822,3331006,0.807610
1301,732373,13992502,2023216,11969286,6.915970,133,148919,583454,4327937,13992502,3319246,0.808266
1302,732373,13998154,2023405,11974749,6.918118,134,148375,583998,4327332,13998154,3311174,0.808706
1303,731569,13998757,2023516,11975241,6.918036,132,148190,583379,4326363,13998757,3306695,0.808922
1304,729741,13984957,2023671,11961286,6.910687,132,146934,582807,4318514,13984957,3289099,0.809593
1305,729475,13963796,2023859,11939937,6.899589,132,146019,583456,4313480,13963796,3290124,0.809312
1306,728737,13941825,2024045,11917780,6.888100,133,145373,583364,4298677,13941825,3252883,0.810821
1307,728691,13921470,2024195,11897275,6.877534,131,144464,584227,4290926,13921470,3242234,0.811099
1308,728691,13907378,2024259,11883119,6.870355,131,143984,584707,4288788,13907378,3247774,0.810682
1309,728539,13898022,2024438,11873584,6.865126,131,142918,585621,4283106,13898022,3234402,0.811212
1310,716633,13895194,2024603,11870591,6.863170,131,142132,574501,4279946,13895194,3224590,0.811645
1311,716633,13869576,2024445,11845131,6.851051,129,141482,575151,4271304,13869576,3215640,0.811788
1312,712480,13851085,2024211,11826874,6.842708,131,141124,571356,4261998,13851085,3196907,0.812476
1313,712404,13841310,2023935,11817375,6.838812,131,140165,572239,4256262,13841310,3183738,0.812997
1314,712274,13823933,2023797,11800136,6.830692,130,139567,572707,4249228,13823933,3172979,0.813320
1315,712266,13804775,2023526,11781249,6.822139,130,139034,573232,4242828,13804775,3166537,0.813418
1316,708620,13784559,2023267,11761292,6.813020,130,138626,569994,4233725,13784559,3150341,0.813973
1317,703340,13754898,2023155,11731743,6.798737,132,138221,565119,4222993,13754898,3137074,0.814286
1318,703186,13726527,2022878,11703649,6.785643,133,137598,565588,4213444,13726527,3127249,0.814448
1319,690538,13694327,2022681,11671646,6.770384,134,136971,553567,4204259,13694327,3122709,0.814313
1320,690400,13658491,2022475,11636016,6.753355,132,136594,553806,4186974,13658491,3089405,0.815535
1321,688624,13578826,2020643,11558183,6.720052,129,136093,552531,4163658,13578826,3075806,0.815318
1322,685012,13485063,2018731,11466332,6.679970,133,135441,549571,4133380,13485063,3048457,0.815620
1323,683430,13402791,2016890,11385901,6.645276,133,134854,548576,4108351,13402791,3030613,0.815582
1324,683434,13319764,2015022,11304742,6.610233,132,134501,548933,4080075,13319764,3000536,0.816147
1325,682086,13231367,2013058,11218309,6.572770,132,134288,547798,4052372,13231367,2978121,0.816273
1326,682088,13135605,2011160,11124445,6.531358,130,133751,548337,4022905,13135605,2956015,0.816301
1327,681936,13011473,2009183,11002290,6.476002,132,133346,548590,3984623,13011473,2927019,0.816355
1328,681744,12871928,2007330,10864598,6.412462,127,132621,549123,3942259,12871928,2897108,0.816279
1329,680749,12730399,2005409,10724990,6.348031,128,131940,548809,3899223,12730399,2866493,0.816214
1330,681031,12600040,2003401,10596639,6.289325,128,131315,549716,3859243,12600040,2836932,0.816225
1331,680747,12542422,2003590,10538832,6.259974,129,130826,549921,3841950,12542422,2825378,0.816149
1332,680193,12478992,2003761,10475231,6.227785,129,130317,549876,3821103,12478992,2805420,0.816452
1333,680193,12410272,2003856,10406416,6.193196,127,129937,550256,3799886,12410272,2789272,0.816490
1334,680185,12343599,2003984,10339615,6.159530,128,129392,550793,3781140,12343599,2780961,0.816129
1335,680171,12280979,2004119,10276860,6.127869,129,129025,551146,3762074,12280979,2767317,0.816104
1336,680171,12211218,2004308,10206910,6.092486,128,128655,551516,3742035,12211218,2756922,0.815814
1337,678377,12138279,2004435,10133844,6.055711,128,128422,549955,3720317,12138279,2742989,0.815675
1338,674501,12071900,2004597,10067303,6.022108,129,127799,546702,3698682,12071900,2722828,0.815960
1339,673789,12008305,2004704,10003601,5.990064,131,127676,546113,3680419,12008305,2713371,0.815689
1340,673573,11948787,2004812,9943975,5.960054,129,127399,546174,3662066,11948787,2699477,0.815714
1341,671791,12036991,2000967,10036024,6.015587,129,127909,543882,3686496,12036991,2708993,0.816289
1342,671669,12127695,1996992,10130703,6.072981,131,128176,543493,3712772,12127695,2723393,0.816620
1343,670259,12212903,1993048,10219855,6.127752,129,128589,541670,3737219,12212903,2735973,0.816978
1344,666495,12284909,1988986,10295923,6.176468,130,129350,537145,3760377,12284909,2756599,0.816734
1345,663477,12325858,1985013,10340845,6.209460,128,129815,533662,3771398,12325858,2759734,0.817062
1346,663447,12329052,1980937,10348115,6.223849,131,130151,533296,3772257,12329052,2759976,0.817087
1347,661200,12302136,1976881,10325255,6.223003,129,130524,530676,3763888,12302136,2753416,0.817116
1348,661200,12258726,1972835,10285891,6.213761,128,130339,530861,3750907,12258726,2744902,0.817051
1349,658365,12193400,1968665,10224735,6.193740,129,130227,528138,3731123,12193400,2731092,0.817006
1350,657732,12116625,1964465,10152160,6.167901,129,130078,527654,3707754,12116625,2714391,0.816979
1351,657885,12024138,1959510,10064628,6.136298,129,129576,528309,3678790,12024138,2691022,0.817126
1352,657591,11925782,1954546,9971236,6.101561,129,128964,528627,3648405,11925782,2667838,0.817191
1353,657653,11816439,1949402,9867037,6.061571,129,128168,529485,3612399,11816439,2633157,0.817770
1354,657423,11695874,1944098,9751776,6.016093,129,127157,530266,3574793,11695874,2603298,0.817941
1355,663031,11570374,1938896,9631478,5.967506,127,125976,537055,3534262,11570374,2566674,0.818443
1356,664031,11442276,1933764,9508512,5.917101,127,124803,539228,3492852,11442276,2529132,0.818978
1357,663819,11323161,1928762,9394399,5.870689,127,123470,540349,3456050,11323161,2501039,0.819083
1358,661960,11210050,1923748,9286302,5.827193,127,122194,539766,3418760,11210050,2464990,0.819745
1359,666318,11104009,1918677,9185332,5.787326,127,121036,545282,3385605,11104009,2438411,0.819943
1360,666016,10993392,1913566,9079826,5.744977,128,119317,546699,3351146,10993392,2411192,0.820122
1361,666632,11021195,1914285,9106910,5.757343,127,120084,546548,3360915,11021195,2422465,0.819806
1362,666632,11045068,1915163,9129905,5.767169,129,120986,545646,3370554,11045068,2437148,0.819232
1363,666636,11066464,1915865,9150599,5.776223,129,121302,545334,3378234,11066464,2446472,0.818953
1364,667152,11088277,1916715,9171562,5.785042,130,122107,545045,3386535,11088277,2457863,0.818556
1365,667352,11109427,1917475,9191952,5.793779,127,123164,544188,3395395,11109427,2472153,0.817978
1366,667726,11131385,1918250,9213135,5.802885,128,123549,544177,3404234,11131385,2485551,0.817466
1367,668902,11154430,1919038,9235392,5.812511,127,124724,544178,3410756,11154430,2488594,0.817592
1368,668904,11174110,1919793,9254317,5.820476,128,125414,543490,3419941,11174110,2505654,0.816835
1369,669264,11196802,1920592,9276210,5.829870,128,126199,543065,3429614,11196802,2521654,0.816185
1370,670413,11222789,1921403,9301386,5.840934,128,127084,543329,3439756,11222789,2536235,0.815668
1371,671077,11420360,1931677,9488683,5.912148,130,131912,539165,3513810,11420360,2634880,0.812534
1372,672614,11580209,1941719,9638490,5.963895,130,135908,536706,3573977,11580209,2715699,0.810037
1373,673306,11647181,1951724,9695457,5.967637,131,138206,535100,3604312,11647181,2770067,0.807864
1374,675278,11676307,1961950,9714357,5.951378,131,140195,535083,3620514,11676307,2805749,0.806260
1375,685992,11655424,1972449,9682975,5.909113,129,141507,544485,3624161,11655424,2841220,0.804008
1376,685320,11749256,1983116,9766140,5.924644,133,143269,542051,3658417,11749256,2884412,0.802892
1377,689481,11889182,1993911,9895271,5.962745,134,144041,545440,3705778,11889182,2933930,0.802071
1378,768190,12063979,2004665,10059314,6.017953,133,146034,622156,3769264,12063979,3013077,0.800155
1379,766775,12243217,2015787,10227430,6.073666,133,147270,619505,3830114,12243217,3077239,0.799142
1380,770473,12310654,2025898,10284756,6.076641,136,149437,621036,3860383,12310654,3130878,0.797243
1381,788472,12160615,2029345,10131270,5.992384,131,151438,637034,3820785,12160615,3122525,0.795688
1382,869816,12089396,2033236,10056160,5.945889,133,153149,716667,3807587,12089396,3140952,0.793770
1383,873676,11928840,2037463,9891377,5.854752,133,148722,724954,3750534,11928840,3073296,0.795143
1384,868618,11818315,2042366,9775949,5.786580,133,143063,725555,3708453,11818315,3015497,0.796715
1385,882653,11877463,2048037,9829426,5.799438,133,139139,743514,3717308,11877463,2991769,0.798795
1386,867922,12146581,2054324,10092257,5.912690,135,137220,730702,3795056,12146581,3033643,0.800158
1387,918738,13491604,2060305,11431299,6.548353,133,145964,772774,4211021,13491604,3352480,0.800970
1388,948177,14694962,2061940,12633022,7.126765,133,159687,788490,4607215,14694962,3733898,0.797389
1389,909115,15331746,2054580,13277166,7.462229,133,163416,745699,4818536,15331746,3942398,0.795457
1390,805905,15332862,2048480,13284382,7.484995,134,155118,650787,4808120,15332862,3899618,0.797238
1391,790044,15137831,2047240,13090591,7.394263,133,154702,635342,4748497,15137831,3856157,0.796980
1392,789612,14941746,2046002,12895744,7.302899,136,153551,636061,4690157,14941746,3818882,0.796442
1393,778740,14748918,2044776,12704142,7.212975,137,152386,626354,4630491,14748918,3773046,0.796293
1394,777062,14565767,2043611,12522156,7.127466,135,151538,625524,4575019,14565767,3734309,0.795940
1395,776870,14383131,2042565,12340566,7.041701,137,150686,626184,4518392,14383131,3690437,0.795810
1396,767510,14205579,2041593,12163986,6.958086,136,149671,617839,4464692,14205579,3653189,0.795440
1397,767020,14027395,2040683,11986712,6.873873,134,148507,618513,4408091,14027395,3604969,0.795548
1398,767020,13858139,2039837,11818302,6.793748,133,147604,619416,4357210,13858139,3570701,0.795127
1399,739369,13689594,2039061,11650533,6.713676,133,146697,592672,4304927,13689594,3530114,0.794996
1400,739139,13521775,2038270,11483505,6.633947,131,145511,593628,4252815,13521775,3489485,0.794872
1401,738389,13368448,2037514,11330934,6.561156,130,144668,593721,4204576,13368448,3449856,0.794875
1402,738389,13215687,2036746,11178941,6.488628,131,143804,594585,4157264,13215687,3413369,0.794735
1403,738389,13068718,2035900,11032818,6.419136,134,143211,595178,4113439,13068718,3385038,0.794270
1404,738389,12924327,2034985,10889342,6.351067,130,142523,595866,4069497,12924327,3353661,0.793976
1405,736576,12782062,2034058,10748004,6.284020,129,142199,594377,4024610,12782062,3316378,0.793994
1406,736576,12647523,2033100,10614423,6.220807,131,141584,594992,3982763,12647523,3283529,0.793891
1407,736576,12517619,2032138,10485481,6.159827,128,140711,595865,3940997,12517619,3246369,0.794064
1408,736576,12391565,2031243,10360322,6.100484,128,139645,596931,3902646,12391565,3219019,0.793793
1409,736576,12263128,2030379,10232749,6.039822,128,138993,597583,3861414,12263128,3182528,0.793953
1410,736574,12134944,2029578,10105366,5.979048,129,137992,598582,3822542,12134944,3155224,0.793644
1411,736574,12032907,2028836,10004071,5.930941,129,137874,598700,3791020,12032907,3131173,0.793514
1412,736576,11935005,2028186,9906819,5.884571,131,137755,598821,3763035,11935005,3117135,0.792911
1413,736576,11843893,2027510,9816383,5.841595,129,137512,599064,3736189,11843893,3100863,0.792512
1414,737426,11755375,2026811,9728564,5.799936,130,137358,600068,3710802,11755375,3087833,0.791970
1415,737426,11667922,2026124,9641798,5.758740,129,137225,600201,3684211,11667922,3068922,0.791752
1416,737350,11582842,2025413,9557429,5.718756,129,136889,600461,3661518,11582842,3063230,0.790850
1417,737350,11498155,2024637,9473518,5.679119,128,136908,600442,3635585,11498155,3044185,0.790667
1418,737350,11415664,2023795,9391869,5.640722,130,136621,600729,3611082,11415664,3028664,0.790322
1419,737350,11333928,2022856,9311072,5.602934,132,136315,601035,3587245,11333928,3015052,0.789877
1420,740909,11254868,2021839,9233029,5.566649,127,136011,604898,3563914,11254868,3000788,0.789502
1421,740973,11258746,2021667,9237079,5.569041,129,136297,604676,3567407,11258746,3010882,0.789001
1422,740973,11262126,2021451,9240675,5.571308,129,136779,604194,3569953,11262126,3017686,0.788675
1423,741045,11264882,2021251,9243631,5.573223,128,137133,603912,3571392,11264882,3020686,0.788550
1424,741045,11267562,2021068,9246494,5.575053,129,137516,603529,3574929,11267562,3032154,0.787957
1425,741121,11270606,2020859,9249747,5.577136,129,137879,603242,3577088,11270606,3037746,0.787694
1426,741261,11275691,2020635,9255056,5.580271,130,138469,602792,3581177,11275691,3049017,0.787150
1427,741491,11279690,2020459,9259231,5.582736,129,138829,602662,3584258,11279690,3057342,0.786752
1428,741731,11285088,2020259,9264829,5.585961,129,139431,602300,3588348,11285088,3068304,0.786231
1429,741731,11288091,2020032,9268059,5.588075,128,139511,602220,3590769,11288091,3074985,0.785910
1430,741731,11291696,2019815,9271881,5.590461,128,140123,601608,3594633,11291696,3086836,0.785316
1431,741729,11307924,2020887,9287037,5.595525,131,139246,602483,3596455,11307924,3077896,0.786047
1432,741119,11323322,2021887,9301435,5.600373,128,138623,602496,3598320,11323322,3069958,0.786709
1433,741119,11336245,2022667,9313578,5.604603,129,138163,602956,3599684,11336245,3062491,0.787308
1434,741119,11349654,2023266,9326388,5.609571,128,137027,604092,3602883,11349654,3061878,0.787540
1435,741119,11358073,2023698,9334375,5.612534,130,135971,605148,3601649,11358073,3048523,0.788394
1436,741119,11360930,2023977,9336953,5.613171,129,134560,606559,3597393,11360930,3028642,0.789525
1437,740883,11350767,2024161,9326606,5.607640,129,133335,607548,3591327,11350767,3014541,0.790151
1438,740727,11311811,2024323,9287488,5.587948,129,132049,608678,3576537,11311811,2994337,0.790696
1439,744326,11224866,2024526,9200340,5.544442,130,129791,614535,3544756,11224866,2954158,0.791653
1440,744050,11099651,2024694,9074957,5.482138,129,127201,616849,3498060,11099651,2892589,0.793272
1441,742744,11078197,2026675,9051522,5.466193,127,125829,616915,3488877,11078197,2877311,0.793823
1442,736143,11069478,2028546,9040932,5.456853,129,124182,611961,3482075,11069478,2858822,0.794747
1443,736143,11069992,2030536,9039456,5.451759,130,122756,613387,3479302,11069992,2847216,0.795418
1444,735801,11069734,2032792,9036942,5.445581,130,121480,614321,3474764,11069734,2829322,0.796438
1445,733696,11070587,2035310,9035277,5.439263,125,120578,613118,3474496,11070587,2827397,0.796561
1446,735565,11082271,2037919,9044352,5.438033,123,119784,615781,3476750,11082271,2824729,0.796884
1447,729714,11122218,2040615,9081603,5.450425,124,119537,610177,3488866,11122218,2833246,0.796979
1448,724246,11174419,2043353,9131066,5.468668,123,119424,604822,3504298,11174419,2842773,0.797194
1449,727074,11233170,2046111,9187059,5.490010,124,119982,607092,3524009,11233170,2862866,0.796903
1450,727777,11296198,2048917,9247281,5.513253,123,120136,607641,3544652,11296198,2882410,0.796707
1451,724623,11372918,2049462,9323456,5.549221,124,119413,605210,3565020,11372918,2887162,0.797535
1452,735802,11529267,2050017,9479250,5.623986,122,120474,615328,3615404,11529267,2932349,0.797232
1453,737947,11801399,2050584,9750815,5.755140,125,123351,614596,3702474,11801399,3008497,0.796859
1454,743798,12134049,2051181,10082868,5.915640,131,128575,615223,3812448,12134049,3115743,0.795686
1455,745926,12454926,2051806,10403120,6.070226,130,134642,611284,3922512,12454926,3235122,0.793811
1456,745918,12786875,2052448,10734427,6.230060,132,140376,605542,4035104,12786875,3353541,0.792227
1457,746162,13049549,2053123,10996426,6.355951,132,144342,601820,4126215,13049549,3455311,0.790649
1458,742925,13190066,2053787,11136279,6.422314,130,147391,595534,4175708,13190066,3512766,0.789690
1459,742925,13270508,2054381,11216127,6.459614,134,149611,593314,4205561,13270508,3551736,0.788867
1460,739809,13327100,2054904,11272196,6.485510,131,150951,588858,4225850,13327100,3576300,0.788427
1461,871285,13287264,2056154,11231110,6.462193,135,158410,712875,4234698,13287264,3651528,0.784428
1462,965526,13055155,2062815,10992340,6.328806,131,164356,801170,4174047,13055155,3641033,0.781924
1463,965716,13011563,2068932,10942631,6.289024,136,167087,798629,4162267,13011563,3637505,0.781519
1464,964384,13071922,2071686,11000236,6.309799,133,173155,791229,4188980,13071922,3683998,0.780138
1465,961936,12114965,2073591,10041374,5.842505,133,166496,795440,3872698,12114965,3375827,0.782075
1466,918294,12295106,2073593,10221513,5.929373,129,172672,745622,3934269,12295106,3441970,0.781283
1467,922557,12275707,2073562,10202145,5.920106,137,171711,750846,3912577,12275707,3374601,0.784375
1468,911125,11835195,2073488,9761707,5.707868,132,165008,746117,3755653,11835195,3187417,0.787825
1469,924752,11900705,2073417,9827288,5.739658,132,162222,762530,3758438,11900705,3133047,0.791599
1470,911763,11969568,2073380,9896188,5.772974,133,163190,748573,3777069,11969568,3138708,0.792252
1471,905579,11989993,2073246,9916747,5.783198,138,162193,743386,3781419,11989993,3135683,0.792691
1472,907909,12012879,2073108,9939771,5.794623,134,161415,746494,3783008,12012879,3119153,0.793871
1473,883807,12029877,2072957,9956920,5.803245,131,160211,723596,3785567,12029877,3112391,0.794457
1474,882497,12039576,2072776,9966800,5.808431,131,159308,723189,3786839,12039576,3107780,0.794830
1475,882497,12014022,2072557,9941465,5.796715,132,158596,723901,3776225,12014022,3090878,0.795372
1476,819647,12005216,2072324,9932892,5.793117,130,157677,661970,3771607,12005216,3081212,0.795763
1477,817344,12011976,2072076,9939900,5.797073,131,157023,660321,3770414,12011976,3069680,0.796463
1478,809158,12016259,2071782,9944477,5.799963,130,156363,652795,3768697,12016259,3058529,0.797110
1479,805032,12039769,2071438,9968331,5.812276,128,156136,648896,3774402,12039769,3057839,0.797462
1480,809236,12051521,2071070,9980451,5.818983,130,155505,653731,3774792,12051521,3047647,0.798158
1481,806436,12051643,2071159,9980484,5.818792,132,155186,651250,3775317,12051643,3049625,0.798055
1482,801742,12046046,2071257,9974789,5.815814,130,154444,647298,3771810,12046046,3041194,0.798426
1483,800113,12040353,2071344,9969009,5.812822,128,153838,646275,3767778,12040353,3030759,0.798903
1484,800037,12033235,2071428,9961807,5.809150,128,153381,646656,3764663,12033235,3025417,0.799091
1485,799433,12027304,2071515,9955789,5.806042,128,152911,646522,3761556,12027304,3018920,0.799357
1486,798914,12018807,2071607,9947200,5.801683,127,152286,646628,3756741,12018807,3008157,0.799816
1487,798150,12010501,2071698,9938803,5.797419,130,151944,646206,3753838,12010501,3004851,0.799881
1488,797828,12002757,2071767,9930990,5.793488,126,151261,646567,3750128,12002757,2997755,0.800156
1489,797660,11995918,2071846,9924072,5.789966,129,150730,646930,3746077,11995918,2988390,0.800565
1490,713084,11987112,2071935,9915177,5.785467,125,150305,562779,3741599,11987112,2979284,0.800935
1491,702701,12144709,2073594,10071115,5.856840,128,153736,548965,3804467,12144709,3073159,0.798056
1492,713348,12077911,2073593,10004318,5.824630,129,154176,559172,3792868,12077911,3093561,0.796094
1493,720522,11936319,2073596,9862723,5.756338,126,155619,564903,3761897,11936319,3111269,0.793238
1494,722024,11772499,2073593,9698906,5.677343,126,155382,566642,3721486,11772499,3113445,0.790847
1495,787423,11623127,2073590,9549537,5.605316,124,155972,631451,3686763,11623127,3123925,0.788166
1496,789303,11472597,2073591,9399006,5.532719,124,154831,634472,3643974,11472597,3103299,0.787094
1497,792103,11286087,2073594,9212493,5.442766,122,154969,637134,3594673,11286087,3092605,0.784918
1498,818392,11056640,2073593,8983047,5.332117,123,154717,663675,3530865,11056640,3066820,0.782856
1499,820422,10859389,2073589,8785800,5.237002,124,151313,669109,3474790,10859389,3039771,0.781298
1500,826749,10669585,2073588,8595997,5.145470,124,149676,677073,3424417,10669585,3028083,0.778934
1501,826749,10668029,2073592,8594437,5.144710,125,149340,677409,3422776,10668029,3023075,0.779194
1502,825985,10666228,2073594,8592634,5.143836,124,149284,676701,3422042,10666228,3021940,0.779230
1503,825983,10665535,2073592,8591943,5.143507,123,149061,676922,3420724,10665535,3017361,0.779479
1504,825983,10664301,2073593,8590708,5.142909,121,149108,676875,3419289,10664301,3012855,0.779716
1505,825979,10663694,2073587,8590107,5.142632,121,148989,676990,3419117,10663694,3012774,0.779711
1506,825915,10662493,2073595,8588898,5.142033,121,148635,677280,3417331,10662493,3006831,0.780031
1507,803360,10662623,2073593,8589030,5.142100,122,148754,654606,3417192,10662623,3006145,0.780072
1508,803322,10662346,2073594,8588752,5.141964,118,148539,654783,3416016,10662346,3001718,0.780320
1509,803158,10661341,2073593,8587748,5.141482,122,148628,654530,3414810,10661341,2997899,0.780522
1510,797961,10661207,2073591,8587616,5.141422,121,148163,649798,3412958,10661207,2990625,0.780936
1511,797961,10671884,2073593,8598291,5.146566,121,148802,649159,3415565,10671884,2990376,0.781121
1512,803158,10681059,2073591,8607468,5.150996,119,149059,654099,3417875,10681059,2990441,0.781265
1513,803158,10690317,2073594,8616723,5.155453,119,149318,653840,3420702,10690317,2992491,0.781296
1514,803578,10699867,2073594,8626273,5.160059,118,149530,654048,3422352,10699867,2989541,0.781616
1515,803780,10709265,2073591,8635674,5.164599,120,150139,653641,3423956,10709265,2986559,0.781937
1516,803780,10715413,2073594,8641819,5.167556,119,150318,653462,3425186,10715413,2985331,0.782104
1517,803780,10720259,2073593,8646666,5.169895,117,150853,652927,3427306,10720259,2988965,0.781974
1518,803780,10722993,2073591,8649402,5.171219,118,151069,652711,3426587,10722993,2983355,0.782338
1519,887558,10727801,2073593,8654208,5.173533,116,151645,735913,3427884,10727801,2983735,0.782392
1520,887558,10733950,2073593,8660357,5.176498,117,151869,735689,3429089,10733950,2982406,0.782566
1521,912813,10670743,2073593,8597150,5.146016,119,152345,760468,3411192,10670743,2974025,0.782039
1522,913867,10611106,2073595,8537511,5.117251,119,152118,761749,3394302,10611106,2966102,0.781538
1523,932101,10549963,2073594,8476369,5.087767,116,151924,780177,3374726,10549963,2948941,0.781542
1524,942387,10492192,2073591,8418601,5.059914,116,151310,791077,3358379,10492192,2941324,0.781046
1525,982143,10433681,2073595,8360086,5.031687,116,151664,830479,3341491,10433681,2932283,0.780616
1526,988254,10381473,2073595,8307878,5.006509,118,152751,835503,3325705,10381473,2921347,0.780396
1527,992099,10332611,2073594,8259017,4.982948,117,153156,838943,3312860,10332611,2918829,0.779735
1528,990208,10277155,2073595,8203560,4.956202,115,152920,837288,3296920,10277155,2910525,0.779300
1529,1007249,10219591,2073594,8145997,4.928444,117,152442,854807,3279149,10219591,2897005,0.779134
1530,1027503,10168681,2073595,8095086,4.903890,116,152470,875033,3265227,10168681,2892227,0.778559
1531,1030831,10182750,2073587,8109163,4.910693,117,152606,878225,3266453,10182750,2883062,0.779343
1532,1095669,10195464,2073595,8121869,4.916806,117,153160,942509,3270071,10195464,2884820,0.779453
1533,1098165,10211097,2073596,8137501,4.924343,117,153672,944493,3272986,10211097,2880847,0.779953
1534,1099597,10227807,2073592,8154215,4.932411,116,154373,945224,3277234,10227807,2881129,0.780216
1535,1099929,10245544,2073595,8171949,4.940957,116,154829,945100,3279985,10245544,2874396,0.780914
1536,1099929,10266090,2073594,8192496,4.950868,118,155068,944861,3285706,10266090,2876734,0.781118
1537,1101998,10287078,2073595,8213483,4.960987,116,155510,946488,3290874,10287078,2876418,0.781485
1538,1107654,10308417,2073594,8234823,4.971280,119,155839,951815,3295476,10308417,2873487,0.782013
1539,1108174,10328199,2073595,8254604,4.980818,116,155678,952496,3298375,10328199,2865301,0.782825
1540,1108706,10347363,2073594,8273769,4.990062,117,156191,952515,3302929,10347363,2864353,0.783196
1541,1109811,10318824,2073592,8245232,4.976304,113,159264,950547,3299975,10318824,2881076,0.781735
1542,1110951,10288990,2073593,8215397,4.961914,115,164587,946364,3301429,10288990,2916726,0.779132
1543,1044636,10263305,2073596,8189709,4.949520,119,168058,876578,3302026,10263305,2944799,0.777046
1544,1042401,10246742,2073599,8173143,4.941525,117,171442,870959,3304318,10246742,2970530,0.775254
1545,1046026,10223114,2073595,8149519,4.930140,113,173610,872416,3304653,10223114,2995498,0.773388
1546,1048600,10196962,2073598,8123364,4.917521,115,175905,872695,3304876,10196962,3022542,0.771357
1547,1051742,10156456,2073599,8082857,4.897985,116,179174,872568,3303826,10156456,3058848,0.768537
1548,1057810,10089487,2073600,8015887,4.865686,115,181861,875949,3293274,10089487,3083609,0.765916
1549,1071758,10017748,2073600,7944148,4.831090,118,185615,886143,3283058,10017748,3114484,0.762837
1550,1082580,9972998,2073600,7899398,4.809509,116,190940,891640,3286205,9972998,3171822,0.758702
1551,1066881,9933176,2073599,7859577,4.790307,116,193019,873862,3282336,9933176,3196168,0.756563
1552,1087021,9877929,2073598,7804331,4.763666,114,194443,892578,3273722,9877929,3216959,0.754335
1553,1099665,9851075,2073596,7777479,4.750720,117,198375,901290,3278459,9851075,3262761,0.751197
1554,1161644,9811719,2073597,7738122,4.731739,116,200214,961430,3278416,9811719,3301945,0.748206
1555,1192301,9768084,2073599,7694485,4.710691,116,203593,988708,3281276,9768084,3357020,0.744229
1556,1226010,9736574,2073599,7662975,4.695495,115,208687,1017323,3288794,9736574,3418602,0.740133
1557,1334816,9721032,2073600,7647432,4.687998,116,214985,1119831,3299904,9721032,3478584,0.736463
1558,1465997,9692707,2073599,7619108,4.674340,119,219562,1246435,3302720,9692707,3518173,0.733691
1559,1547872,9633889,2073599,7560290,4.645975,115,222291,1325581,3290423,9633889,3527803,0.731964
1560,1638654,9569935,2073599,7496336,4.615133,117,226268,1412386,3276077,9569935,3534373,0.730289
1561,1662986,9538920,2073599,7465321,4.600176,118,228761,1434225,3269220,9538920,3537960,0.729449
1562,1655911,9500689,2073600,7427089,4.581737,116,231526,1424385,3259518,9500689,3537383,0.728688
1563,1648944,9455838,2073600,7382238,4.560107,116,232395,1416549,3247256,9455838,3533186,0.727987
1564,1643268,9414277,2073600,7340677,4.540064,117,233107,1410161,3236349,9414277,3531119,0.727230
1565,1673166,9365580,2073600,7291980,4.516580,116,233443,1439723,3222039,9365580,3522576,0.726681
1566,1710939,9318007,2073597,7244410,4.493644,118,234070,1476869,3207563,9318007,3512245,0.726253
1567,1729978,9271292,2073600,7197692,4.471109,117,235652,1494326,3194299,9271292,3505904,0.725612
1568,1773764,9227408,2073600,7153808,4.449946,118,237799,1535965,3183464,9227408,3506448,0.724636
1569,1814380,9183142,2073599,7109543,4.428601,117,238544,1575836,3171706,9183142,3503682,0.723833
1570,1860098,9137947,2073599,7064348,4.406805,116,239237,1620861,3159234,9137947,3498989,0.723114
1571,1856228,9090859,2073599,7017260,4.384097,119,237484,1618744,3141669,9090859,3475817,0.723410
1572,1855550,9043864,2073600,6970264,4.361431,118,235954,1619596,3123052,9043864,3448344,0.723960
1573,1857375,8986023,2073600,6912423,4.333537,118,234171,1623204,3103127,8986023,3426485,0.723949
1574,1851143,8894251,2073599,6820652,4.289282,117,232800,1618343,3070609,8894251,3388185,0.724144
1575,1847354,8770784,2073599,6697185,4.229740,118,230781,1616573,3027075,8770784,3337516,0.724361
1576,1868253,8618064,2073597,6544467,4.156094,117,229086,1639167,2974605,8618064,3280356,0.724303
1577,1882325,8451729,2073600,6378129,4.075872,119,226341,1655984,2915751,8451729,3211275,0.724661
1578,1915381,8286318,2073598,6212720,3.996106,113,223027,1692354,2857060,8286318,3141922,0.725074
1579,1948771,8143016,2073596,6069420,3.927002,113,223322,1725449,2809179,8143016,3093700,0.724679
1580,1942652,8033196,2073599,5959597,3.874035,113,222919,1719733,2773459,8033196,3060640,0.724113
1581,1945283,8042327,2073599,5968728,3.878439,113,223915,1721368,2778361,8042327,3071117,0.723657
1582,1944673,8048424,2073600,5974824,3.881377,114,224615,1720058,2781833,8048424,3078908,0.723302
1583,1964304,8051177,2073598,5977579,3.882709,113,225105,1739199,2783937,8051177,3084571,0.723003
1584,1964140,8053333,2073600,5979733,3.883745,113,225878,1738262,2785501,8053333,3088671,0.722790
1585,1965180,8053564,2073599,5979965,3.883858,115,226828,1738352,2787301,8053564,3095640,0.722344
1586,1968124,8050855,2073598,5977257,3.882553,113,227245,1740879,2787554,8050855,3099361,0.722036
1587,1992343,8045603,2073597,5972006,3.880022,113,227516,1764827,2786403,8045603,3100009,0.721863
1588,2013751,8039721,2073599,5966122,3.877182,114,228417,1785334,2786296,8039721,3105463,0.721363
1589,2014261,8033878,2073597,5960281,3.874368,115,228947,1785314,2785192,8033878,3106890,0.721124
1590,2033192,8028759,2073597,5955162,3.871899,115,229597,1803595,2784163,8028759,3107893,0.720931
1591,2033288,8066450,2073599,5992851,3.890072,114,231564,1801724,2799840,8066450,3132910,0.720260
1592,2037973,8112829,2073599,6039230,3.912439,114,233658,1804315,2818789,8112829,3162327,0.719531
1593,2056361,8167194,2073598,6093596,3.938658,118,235536,1820825,2840069,8167194,3193082,0.718926
1594,2062787,8224901,2073598,6151303,3.966488,118,237522,1825265,2862744,8224901,3226075,0.718271
1595,2083059,8288942,2073597,6215345,3.997374,117,239625,1843434,2887546,8288942,3261242,0.717646
1596,2083147,8352163,2073598,6278565,4.027860,117,242006,1841141,2913444,8352163,3301613,0.716692
1597,2083969,8406532,2073600,6332932,4.054076,118,243851,1840118,2934080,8406532,3329788,0.716283
1598,2089715,8452856,2073596,6379260,4.076424,119,246130,1843585,2954110,8452856,3363584,0.715347
1599,2101262,8495524,2073597,6421927,4.096999,116,248224,1853038,2972184,8495524,3393212,0.714586
1600,2104872,8531561,2073598,6457963,4.114376,116,249974,1854898,2988584,8531561,3422775,0.713679
1601,2150807,8507807,2073599,6434208,4.102918,117,250337,1900470,2981164,8507807,3416849,0.713464
1602,2151902,8516132,2073598,6442534,4.106935,118,253791,1898111,2986428,8516132,3429580,0.712903
1603,2153225,8547089,2073599,6473490,4.121862,118,260661,1892564,3003839,8547089,3468267,0.711347
1604,2188675,8608824,2073597,6535227,4.151638,142,268169,1920506,3036410,8608824,3536816,0.708800
1605,2171202,8660744,2073595,6587149,4.176681,144,273889,1897313,3063225,8660744,3592156,0.706832
1606,2168325,8706772,2073597,6633175,4.198874,141,281005,1887320,3089397,8706772,3650816,0.704569
1607,2193094,8740958,2073598,6667360,4.215358,143,286587,1906507,3110438,8740958,3700794,0.702550
1608,2190611,8743960,2073598,6670362,4.216806,141,287283,1903328,3113133,8743960,3708572,0.702183
1609,2198275,8751947,2073600,6678347,4.220653,143,287417,1910858,3113568,8751947,3702325,0.702727
1610,2190245,8764192,2073598,6690594,4.226563,144,287021,1903224,3115927,8764192,3699516,0.703177
1611,2180092,8791825,2073596,6718229,4.239893,148,287133,1892959,3118956,8791825,3683999,0.704709
1612,2177931,8823467,2073598,6749869,4.255148,145,286320,1891611,3122663,8823467,3667185,0.706406
1613,2168045,8857804,2073599,6784205,4.271705,145,285169,1882876,3127454,8857804,3652012,0.708068
1614,2168335,8865591,2073600,6791991,4.275459,146,284724,1883611,3124890,8865591,3633969,0.709272
1615,2166916,8859508,2073598,6785910,4.272529,143,284042,1882874,3118352,8859508,3613900,0.710272
1616,2155734,8832532,2073599,6758933,4.259518,147,283469,1872265,3104101,8832532,3583872,0.711360
1617,2123510,8765407,2073598,6691809,4.227149,143,282732,1840778,3076646,8765407,3541177,0.712253
1618,2117179,8676048,2073600,6602448,4.184051,146,280364,1836815,3042707,8676048,3494780,0.712856
1619,2113883,8634516,2073599,6560917,4.164024,141,279193,1834690,3026904,8634516,3473100,0.713147
1620,2089065,8650892,2073600,6577292,4.171919,144,278418,1810647,3029300,8650892,3466308,0.713935
1621,2092688,8707217,2073599,6633618,4.199084,147,279936,1812752,3048582,8707217,3487111,0.714038
1622,2093567,8759250,2073598,6685652,4.224179,145,280705,1812862,3066800,8759250,3507950,0.714038
1623,2094033,8814655,2073597,6741058,4.250901,142,282134,1811899,3086028,8814655,3529457,0.714078
1624,2094123,8875694,2073599,6802095,4.280333,146,282739,1811384,3105107,8875694,3544734,0.714605
1625,2094277,8943795,2073598,6870197,4.313177,144,284203,1810074,3128807,8943795,3571433,0.714633
1626,2100839,9027785,2073598,6954187,4.353681,147,285584,1815255,3153917,9027785,3587883,0.715601
1627,2100841,9127348,2073600,7053748,4.401692,144,286702,1814139,3184748,9127348,3611644,0.716489
1628,2100871,9235637,2073597,7162040,4.453921,152,287664,1813207,3217695,9235637,3635143,0.717566
1629,2100871,9993288,2073599,7919689,4.819296,146,288963,1811908,3413613,9993288,3661164,0.731870
1630,2101261,10086050,2073598,8012452,4.864033,149,289635,1811626,3442281,10086050,3683074,0.732512
1631,2107262,10174463,2073599,8100864,4.906669,150,290049,1817213,3469356,10174463,3702961,0.733167
1632,2126822,10252107,2073599,8178508,4.944113,148,291104,1835718,3493753,10252107,3722905,0.733603
1633,2127574,10317573,2073600,8243973,4.975681,148,291612,1835962,3515139,10317573,3742983,0.733796
1634,2127574,10357210,2073600,8283610,4.994796,149,292268,1835306,3528578,10357210,3757102,0.733809
1635,2151035,10432230,2073600,8358630,5.030975,153,292898,1858137,3550799,10432230,3770966,0.734499
1636,2151099,10455563,2073599,8381964,5.042230,158,293502,1857597,3559777,10455563,3783545,0.734285
1637,2151227,10472899,2073600,8399299,5.050588,152,295017,1856210,3568454,10472899,3800917,0.733714
1638,2151227,10488395,2073600,8414795,5.058061,145,295259,1855968,3575311,10488395,3812849,0.733390
1639,2151359,10506463,2073600,8432863,5.066774,147,296174,1855185,3583961,10506463,3829381,0.732881
1640,2158546,10520503,2073598,8446905,5.073550,150,297115,1861431,3590310,10520503,3840737,0.732562
1641,2158546,10552462,2073600,8478862,5.088957,146,297667,1860879,3600816,10552462,3850802,0.732644
1642,2158634,10591094,2073599,8517495,5.107590,142,298379,1860255,3615955,10591094,3872726,0.732247
1643,2159433,10623956,2073600,8550356,5.123436,146,299228,1860205,3628705,10623956,3890864,0.731939
1644,2160778,10657887,2073599,8584288,5.139801,143,300300,1860478,3641430,10657887,3907833,0.731710
1645,2166246,10693052,2073598,8619454,5.156762,141,301236,1865010,3654420,10693052,3924628,0.731515
1646,2166702,10724808,2073599,8651209,5.172074,143,302275,1864427,3667059,10724808,3943428,0.731159
1647,2166846,10757971,2073600,8684371,5.188065,141,303018,1863828,3680033,10757971,3962161,0.730834
1648,2167076,10788021,2073600,8714421,5.202556,145,303992,1863084,3690955,10788021,3975799,0.730707
1649,2169236,10814082,2073598,8740484,5.215129,141,305339,1863897,3701120,10814082,3990398,0.730460
1650,2169236,10844934,2073600,8771334,5.230003,149,305701,1863535,3712187,10844934,4003814,0.730360
1651,2171760,10819385,2073599,8745786,5.217684,147,306418,1865342,3705166,10819385,4001279,0.730020
1652,2171760,10788893,2073600,8715293,5.202977,147,306308,1865452,3697146,10788893,3999691,0.729542
1653,2171616,10756058,2073600,8682458,5.187142,141,306521,1865095,3688868,10756058,3999414,0.728954
1654,2171616,10719504,2073600,8645904,5.169514,144,306537,1865079,3678134,10719504,3993032,0.728597
1655,2171616,10684457,2073600,8610857,5.152612,145,307221,1864395,3669607,10684457,3993971,0.727902
1656,2172226,10649062,2073600,8575462,5.135543,142,307283,1864943,3660462,10649062,3992786,0.727303
1657,2172144,10616605,2073600,8543005,5.119891,144,308484,1863660,3652521,10616605,3993479,0.726663
1658,2172146,10582593,2073600,8508993,5.103488,144,308576,1863570,3644507,10582593,3995435,0.725928
1659,2172494,10549069,2073600,8475469,5.087321,144,309630,1862864,3637086,10549069,3999275,0.725104
1660,2172494,10513872,2073599,8440273,5.070350,145,310195,1862299,3629360,10513872,4003568,0.724224
1661,2171806,10361013,2073599,8287414,4.996633,144,307824,1863982,3576618,10361013,3945459,0.724219
1662,2171304,10223232,2073599,8149633,4.930188,143,305563,1865741,3531714,10223232,3903624,0.723674
1663,2168862,10098236,2073600,8024636,4.869905,141,303883,1864979,3490447,10098236,3863552,0.723277
1664,2162946,9987437,2073599,7913838,4.816475,145,301932,1861014,3455995,9987437,3836543,0.722472
1665,2161145,9881180,2073598,7807582,4.765234,145,301272,1859873,3422771,9881180,3809904,0.721724
1666,2141743,9772593,2073600,7698993,4.712863,144,300456,1841287,3389336,9772593,3784751,0.720834
1667,2141743,9662690,2073600,7589090,4.659862,143,299238,1842505,3356086,9662690,3761654,0.719789
1668,2136302,9560133,2073599,7486534,4.610406,144,298947,1837355,3324944,9560133,3739643,0.718819
1669,2136344,9461245,2073597,7387648,4.562721,145,297975,1838369,3295258,9461245,3719787,0.717792
1670,2134571,9369095,2073599,7295496,4.518277,147,297228,1837343,3266583,9369095,3697237,0.717041
1671,2129103,9193825,2073599,7120226,4.433753,148,296278,1832825,3214485,9193825,3664115,0.715031
1672,2128647,9047017,2073598,6973419,4.362956,154,295488,1833159,3171336,9047017,3638327,0.713187
1673,2128335,8930515,2073600,6856915,4.306768,152,294550,1833785,3134893,8930515,3609057,0.712187
1674,2128735,8851818,2073598,6778220,4.268821,149,293276,1835459,3109204,8851818,3584998,0.711743
1675,2128505,8799667,2073599,6726068,4.243669,145,293021,1835484,3092532,8799667,3570461,0.711364
1676,2128475,8761460,2073598,6687862,4.225245,146,291423,1837052,3078324,8761460,3551836,0.711545
1677,2128475,8729080,2073598,6655482,4.209630,148,290479,1837996,3066723,8729080,3537812,0.711597
1678,2127680,8699539,2073600,6625939,4.195380,148,289901,1837779,3055350,8699539,3521861,0.711828
1679,2124283,8670547,2073599,6596948,4.181400,145,288966,1835317,3044161,8670547,3506097,0.712064
1680,2124053,8643112,2073598,6569514,4.168171,146,287755,1836298,3032205,8643112,3485708,0.712609
1681,2123525,8621634,2073599,6548035,4.157812,147,286156,1837369,3022729,8621634,3469282,0.713067
1682,2121817,8604936,2073598,6531338,4.149761,140,285350,1836467,3016374,8604936,3460560,0.713185
1683,2123887,8590769,2073598,6517171,4.142929,142,284325,1839562,3008280,8590769,3442351,0.713927
1684,2118598,8578950,2073598,6505352,4.137229,142,282833,1835765,3000896,8578950,3424634,0.714699
1685,2118444,8569103,2073600,6495503,4.132476,148,282019,1836425,2995820,8569103,3414177,0.715088
1686,2118444,8563243,2073599,6489644,4.129652,145,280914,1837530,2991637,8563243,3403305,0.715598
1687,2118444,8559638,2073597,6486041,4.127918,141,280658,1837786,2988447,8559638,3394150,0.716061
1688,2095889,8556965,2073599,6483366,4.126625,149,279665,1816224,2985210,8556965,3383875,0.716613
1689,2090419,8552048,2073598,6478450,4.124256,145,278364,1812055,2980777,8552048,3371060,0.717267
1690,2090419,8550050,2073598,6476452,4.123292,143,277195,1813224,2977461,8550050,3359794,0.717898
1691,2084739,8549511,2073598,6475913,4.123032,141,277439,1807300,2976954,8549511,3358305,0.717975
1692,2084929,8548673,2073600,6475073,4.122624,142,276592,1808337,2974616,8548673,3349791,0.718469
1693,2084699,8548731,2073598,6475133,4.122656,145,276009,1808690,2973595,8548731,3345649,0.718720
1694,2084715,8547664,2073599,6474065,4.122139,146,275377,1809338,2971235,8547664,3337276,0.719201
1695,2099361,8546924,2073600,6473324,4.121780,148,274802,1824559,2970060,8546924,3333316,0.719424
1696,2098809,8547607,2073600,6474007,4.122110,144,274665,1824144,2969390,8547607,3329953,0.719643
1697,2091765,8547758,2073598,6474160,4.122187,143,273637,1818128,2967061,8547758,3320486,0.720221
1698,2091385,8549631,2073599,6476032,4.123088,143,273390,1817995,2967203,8549631,3319181,0.720344
1699,2091385,8551031,2073599,6477432,4.123763,145,272664,1818721,2966528,8551031,3315081,0.720626
1700,2089124,8553521,2073600,6479921,4.124962,142,271575,1817549,2965630,8553521,3308999,0.721054
1701,2098261,8571437,2073600,6497837,4.133602,140,272893,1825368,2972665,8571437,3319223,0.720855
1702,2099125,8602223,2073600,6528623,4.148449,142,274065,1825060,2984799,8602223,3336973,0.720503
1703,2099843,8658663,2073598,6585065,4.175671,136,275820,1824023,3005562,8658663,3363585,0.720220
1704,2105877,8750813,2073600,6677213,4.220107,141,279226,1826651,3041864,8750813,3416643,0.719198
1705,2111473,8864366,2073599,6790767,4.274870,140,282103,1829370,3082877,8864366,3467142,0.718839
1706,2120600,8971508,2073598,6897910,4.326542,137,285111,1835489,3123294,8971508,3521668,0.718113
1707,2134519,9080675,2073600,7007075,4.379184,142,287991,1846528,3163970,9080675,3575205,0.717506
1708,2136491,9166216,2073600,7092616,4.420436,143,289699,1846792,3197140,9166216,3622344,0.716751
1709,2139471,9217369,2073599,7143770,4.445107,138,291210,1848261,3216715,9217369,3649491,0.716365
1710,2162420,9260912,2073600,7187312,4.466103,141,292570,1869850,3232765,9260912,3670148,0.716176
1711,2162874,9295785,2073597,7222188,4.482927,135,295134,1867740,3245670,9295785,3686895,0.716014
1712,2183172,9325791,2073600,7252191,4.497391,140,296405,1886767,3257967,9325791,3706077,0.715614
1713,2188744,9354575,2073600,7280975,4.511273,141,299099,1889645,3269210,9354575,3722265,0.715354
1714,2187894,9381710,2073600,7308110,4.524359,144,301908,1885986,3280521,9381710,3740374,0.714956
1715,2207865,9404087,2073598,7330489,4.535154,136,304457,1903408,3291583,9404087,3762245,0.714253
1716,2172000,9426053,2073600,7352453,4.545743,139,306149,1865851,3301105,9426053,3778367,0.713856
1717,2151701,9447717,2073600,7374117,4.556191,139,307732,1843969,3309138,9447717,3788835,0.713760
1718,2172766,9471785,2073599,7398186,4.567800,137,308278,1864488,3318490,9471785,3802175,0.713561
1719,2171333,9495860,2073600,7422260,4.579408,139,310372,1860961,3327814,9495860,3815396,0.713371
1720,2166314,9515624,2073599,7442025,4.588941,133,311821,1854493,3336722,9515624,3831264,0.712947
1721,2164083,9476392,2073600,7402792,4.570019,133,310651,1853432,3321293,9476392,3808780,0.713306
1722,2162701,9438100,2073600,7364500,4.551553,135,310130,1852571,3308980,9438100,3797820,0.713067
1723,2162477,9399366,2073599,7325767,4.532875,140,308819,1853658,3294203,9399366,3777446,0.713326
1724,2162801,9367102,2073597,7293505,4.517320,136,307849,1854952,3281983,9367102,3760830,0.713525
1725,2162397,9340082,2073599,7266483,4.504286,134,307388,1855009,3272575,9340082,3750218,0.713512
1726,2160447,9316404,2073598,7242806,4.492869,134,306190,1854257,3263984,9316404,3739532,0.713576
1727,2160307,9295425,2073599,7221826,4.482750,141,306563,1853744,3256799,9295425,3731771,0.713540
1728,2092352,9276840,2073598,7203242,4.473789,139,305911,1786441,3250252,9276840,3724168,0.713548
1729,2091292,9259112,2073600,7185512,4.465235,132,305564,1785728,3244199,9259112,3717684,0.713513
1730,2075377,9241927,2073599,7168328,4.456950,136,305260,1770117,3238933,9241927,3713805,0.713347
1731,2069391,9220860,2073600,7147260,4.446788,139,304637,1764754,3230662,9220860,3701788,0.713543
1732,2067479,9205063,2073584,7131479,4.439204,138,304239,1763240,3224157,9205063,3691565,0.713757
1733,2065059,9192299,2073542,7118757,4.433139,136,303422,1761637,3218904,9192299,3683317,0.713931
1734,2061303,9182110,2073450,7108660,4.428421,131,302943,1758360,3214288,9182110,3675042,0.714164
1735,2060659,9174142,2073307,7100835,4.424884,139,302143,1758516,3209273,9174142,3662950,0.714659
1736,2058971,9167498,2073155,7094343,4.422003,137,301322,1757649,3205767,9167498,3655570,0.714922
1737,2056839,9161119,2073003,7088116,4.419250,136,300447,1756392,3201112,9161119,3643329,0.715464
1738,2044439,9153952,2072851,7081101,4.416117,133,299281,1745158,3197066,9153952,3634312,0.715809
1739,2037539,9147956,2072688,7075268,4.413571,132,298271,1739268,3192815,9147956,3623304,0.716292
1740,2032843,9142315,2072527,7069788,4.411192,137,297507,1735336,3188881,9142315,3613209,0.716734
1741,2033272,9184431,2072258,7112173,4.432089,134,296990,1736282,3204279,9184431,3632685,0.716575
1742,2011298,9234036,2072013,7162023,4.456553,136,297878,1713420,3222942,9234036,3657732,0.716274
1743,1911354,9285965,2071765,7214200,4.482152,140,297473,1613881,3242550,9285965,3684235,0.715946
1744,1884067,9298770,2071539,7227231,4.488822,138,294393,1589674,3242992,9298770,3673198,0.716836
1745,1864827,9288782,2071313,7217469,4.484490,136,287628,1577199,3230901,9288782,3634822,0.718745
1746,1804061,9294380,2070825,7223555,4.488250,137,283045,1521016,3225938,9294380,3609372,0.720285
1747,1764568,9328619,2070219,7258400,4.506102,137,278946,1485622,3227899,9328619,3582977,0.722499
1748,1732526,9368879,2069627,7299252,4.526844,134,273488,1459038,3231845,9368879,3558501,0.724731
1749,1737540,9420974,2069057,7351917,4.553269,137,269627,1467913,3237430,9420974,3528746,0.727504
1750,1675914,9367709,2068313,7299396,4.529154,136,250869,1425045,3184136,9367709,3368835,0.735498
1751,1648856,9321903,2067690,7254213,4.508366,105,242263,1406593,3155827,9321903,3301405,0.738468
1752,1630714,9302386,2067029,7235357,4.500366,77,236604,1394110,3141323,9302386,3262906,0.740324
1753,1602077,9299565,2066264,7233301,4.500666,78,233690,1368387,3135557,9299565,3242663,0.741460
1754,1558833,9295414,2065370,7230044,4.500605,81,231007,1327826,3130375,9295414,3226086,0.742356
1755,1523295,9293313,2064317,7228996,4.501883,78,228014,1295281,3126144,9293313,3211263,0.743193
1756,1517032,9294929,2062782,7232147,4.506016,76,226151,1290881,3124289,9294929,3202227,0.743764
1757,1510625,9299253,2060676,7238577,4.512720,80,224401,1286224,3121813,9299253,3187999,0.744700
1758,1484728,9301392,2058151,7243241,4.519295,78,222039,1262689,3118702,9301392,3173416,0.745614
1759,1469237,9301675,2055483,7246192,4.525299,76,218860,1250377,3114467,9301675,3156193,0.746651
1760,1421911,9297321,2052786,7244535,4.529123,79,215282,1206629,3108080,9297321,3134999,0.747835
1761,1411905,9256420,2051134,7205286,4.512830,74,214403,1197502,3093927,9256420,3119288,0.747951
1762,1408061,9215179,2049472,7165707,4.496367,79,213165,1194896,3080767,9215179,3107889,0.747799
1763,1399914,9173212,2047819,7125393,4.479503,77,212117,1187797,3066343,9173212,3092160,0.747895
1764,1367652,9131991,2046138,7085853,4.463038,78,210825,1156827,3052314,9131991,3077265,0.747956
1765,1363658,9090773,2044450,7046323,4.446562,78,209739,1153919,3038621,9090773,3063711,0.747936
1766,1362432,9049843,2042771,7007072,4.430180,77,208365,1154067,3024305,9049843,3047377,0.748093
1767,1358940,9009889,2041106,6968783,4.414219,76,207493,1151447,3011566,9009889,3036375,0.747941
1768,1355124,8970773,2039518,6931255,4.398477,76,206535,1148589,2998837,8970773,3024575,0.747854
1769,1332032,8932970,2037880,6895090,4.383462,73,205489,1126543,2986066,8932970,3011294,0.747888
1770,1305394,8895922,2036141,6859781,4.369011,75,204459,1100935,2973332,8895922,2997406,0.747976
1771,1272541,8950931,2036386,6914545,4.395498,74,201065,1071476,2985999,8950931,2993065,0.749408
1772,1250969,9003388,2036565,6966823,4.420869,71,197130,1053839,2996680,9003388,2983332,0.751114
1773,1212203,9042542,2036723,7005819,4.439751,75,193700,1018503,3001463,9042542,2963310,0.753178
1774,1193504,9073040,2036835,7036205,4.454480,73,189178,1004326,3002442,9073040,2936728,0.755472
1775,1191058,9098128,2036944,7061184,4.466558,71,184769,1006289,3000248,9098128,2902864,0.758115
1776,1189956,9123191,2036978,7086213,4.478787,70,179820,1010136,2999107,9123191,2873237,0.760492
1777,1150851,9153131,2036989,7116142,4.493461,71,175068,975783,3000484,9153131,2848805,0.762638
1778,1142558,9180945,2036944,7144001,4.507215,71,170418,972140,2999396,9180945,2816639,0.765233
1779,1138510,9200357,2036870,7163487,4.516909,75,164307,974203,2994961,9200357,2779487,0.767986
1780,1062792,9218815,2036775,7182040,4.526182,77,159897,902895,2992361,9218815,2750629,0.770196
1781,1037653,9272892,2040028,7232864,4.545473,69,152526,885127,2991249,9272892,2692104,0.775002
1782,1004604,9266766,2043230,7223536,4.535351,76,141899,862705,2964860,9266766,2592674,0.781383
1783,980233,9262577,2046367,7216210,4.526352,72,135408,844825,2945830,9262577,2520743,0.786075
1784,981797,9270717,2049533,7221184,4.523331,70,130363,851434,2933905,9270717,2464903,0.789964
1785,994182,9266541,2052648,7213893,4.514433,74,124534,869648,2919556,9266541,2411683,0.793489
1786,982495,9249071,2056690,7192381,4.497066,69,118117,864378,2900430,9249071,2352649,0.797215
1787,924770,9250865,2060192,7190673,4.490293,72,114996,809774,2892661,9250865,2319779,0.799512
1788,901821,9246987,2062984,7184003,4.482336,69,112756,789065,2884799,9246987,2292209,0.801355
1789,818794,9228509,2065043,7163466,4.468919,69,110033,708761,2872811,9228509,2262735,0.803091
1790,721075,9219812,2066283,7153529,4.462028,69,108571,612504,2866274,9219812,2245284,0.804164
1791,721039,9232873,2066833,7166040,4.467160,67,108332,612707,2869693,9232873,2245899,0.804343
1792,720367,9247932,2067363,7180569,4.473299,37,107956,612411,2874099,9247932,2248464,0.804420
1793,717104,9263481,2067865,7195616,4.479732,36,107877,609227,2878921,9263481,2252203,0.804423
1794,716866,9280318,2068373,7211945,4.486772,36,107661,609205,2882864,9280318,2251138,0.804783
1795,716702,9296644,2068848,7227796,4.493633,36,107774,608928,2888004,9296644,2255372,0.804764
1796,711574,9312571,2069276,7243295,4.500401,36,107638,603936,2892732,9312571,2258357,0.804825
1797,711574,9329159,2069706,7259453,4.507480,37,107610,603964,2897661,9329159,2261485,0.804887
1798,709706,9345376,2070070,7275306,4.514522,36,107639,602067,2902551,9345376,2264828,0.804928
1799,703794,9361210,2070432,7290778,4.521380,36,107480,596314,2906814,9361210,2266046,0.805109
1800,699366,9376557,2070749,7305808,4.528099,36,107427,591939,2910896,9376557,2267027,0.805298
1801,694004,9376933,2070891,7306042,4.527970,36,106952,587052,2910517,9376933,2265135,0.805435
1802,675213,9375948,2071027,7304921,4.527197,36,106599,568614,2908230,9375948,2256972,0.805984
1803,670547,9379144,2071147,7307997,4.528478,37,106380,564167,2907904,9379144,2252472,0.806349
1804,670523,9385118,2071291,7313827,4.531048,37,106217,564306,2908118,9385118,2247354,0.806803
1805,651159,9390691,2071435,7319256,4.533423,36,105748,545411,2909672,9390691,2247997,0.806851
1806,651061,9396257,2071580,7324677,4.535792,37,105543,545518,2910184,9396257,2244479,0.807188
1807,649177,9403945,2071724,7332221,4.539188,37,105335,543842,2911775,9403945,2243155,0.807407
1808,648217,9413762,2071860,7341902,4.543628,37,105085,543132,2912872,9413762,2237726,0.807945
1809,648217,9426320,2072002,7354318,4.549378,38,104899,543318,2915881,9426320,2237204,0.808188
1810,648217,9438723,2072147,7366576,4.555045,37,104617,543600,2918456,9438723,2235101,0.808537
1811,642968,9423108,2071751,7351357,4.548379,37,103988,538980,2910726,9423108,2219796,0.809343
1812,641966,9407632,2071218,7336414,4.542077,37,103557,538409,2902857,9407632,2203796,0.810205
1813,607636,9398206,2070454,7327752,4.539201,36,103041,504595,2898351,9398206,2195198,0.810651
1814,606574,9391830,2069405,7322425,4.538420,38,102324,504250,2893086,9391830,2180514,0.811575
1815,605852,9383836,2068183,7315653,4.537237,37,101783,504069,2887528,9383836,2166276,0.812445
1816,617509,9370042,2067009,7303033,4.533140,37,101300,516209,2880187,9370042,2150706,0.813319
1817,612013,9346405,2066265,7280140,4.523333,38,100432,511581,2869688,9346405,2132347,0.814235
1818,611309,9318072,2065927,7252145,4.510359,41,99788,511521,2857625,9318072,2112428,0.815194
1819,611063,9284520,2065978,7218542,4.494007,44,98970,512093,2844692,9284520,2094248,0.815951
1820,610171,9249995,2066349,7183646,4.476492,42,97790,512381,2831957,9249995,2077833,0.816573
1821,610171,9264779,2067140,7197639,4.481931,44,97758,512413,2834172,9264779,2071909,0.817239
1822,610171,9279373,2067984,7211389,4.487159,43,97434,512737,2837603,9279373,2071039,0.817536
1823,609695,9295500,2068861,7226639,4.493052,41,96984,512711,2841304,9295500,2069716,0.817890
1824,609695,9311129,2069770,7241359,4.498630,42,96456,513239,2843587,9311129,2063219,0.818608
1825,609239,9328577,2070709,7257868,4.505016,41,96272,512967,2847965,9328577,2063283,0.818881
1826,607721,9346791,2071577,7275214,4.511921,40,96153,511568,2851596,9346791,2059593,0.819435
1827,607661,9361967,2071591,7290376,4.519216,38,95753,511908,2854725,9361967,2056933,0.819866
1828,607535,9375640,2071594,7304046,4.525810,37,95280,512255,2856771,9375640,2051444,0.820475
1829,600892,9390705,2071608,7319097,4.533051,37,95156,505736,2860244,9390705,2050271,0.820796
1830,600892,9407634,2071615,7336019,4.541208,40,94921,505971,2864046,9407634,2048550,0.821184
1831,596386,9409099,2071556,7337543,4.542044,39,94501,501885,2861623,9409099,2037393,0.822007
1832,585595,9414315,2071510,7342805,4.544663,37,93826,491769,2861633,9414315,2032217,0.822460
1833,585487,9420665,2071453,7349212,4.547854,38,93513,491974,2861581,9420665,2025659,0.823030
1834,575574,9428641,2071330,7357311,4.551974,37,93099,482475,2862527,9428641,2021467,0.823454
1835,575574,9435474,2070229,7365245,4.557696,36,92982,482592,2861937,9435474,2012274,0.824221
1836,573426,9442242,2068696,7373546,4.564345,37,92759,480667,2862567,9442242,2008026,0.824631
1837,572951,9452345,2067174,7385171,4.572593,38,92458,480493,2864131,9452345,2004179,0.825062
1838,572951,9462793,2065674,7397119,4.580971,39,91987,480964,2865355,9462793,1998627,0.825621
1839,570469,9472509,2064184,7408325,4.588985,40,91673,478796,2867148,9472509,1996083,0.825952
1840,569905,9480011,2062731,7417280,4.595854,39,91456,478449,2867779,9480011,1991105,0.826424
1841,569905,9523565,2063348,7460217,4.615588,37,91464,478441,2880020,9523565,1996515,0.826693
1842,569683,9568182,2063919,7504263,4.635929,37,91437,478246,2892453,9568182,2001630,0.826995
1843,569683,9612156,2064483,7547673,4.655963,37,91671,478012,2905135,9612156,2008384,0.827169
1844,569683,9655936,2065057,7590879,4.675869,36,91569,478114,2916352,9655936,2009472,0.827741
1845,569683,9700521,2065626,7634895,4.696165,37,91440,478243,2928705,9700521,2014299,0.828055
1846,569683,9745469,2066259,7679210,4.716480,38,91737,477946,2942271,9745469,2023615,0.828057
1847,569683,9790498,2066971,7723527,4.736640,38,91673,478010,2954289,9790498,2026658,0.828499
1848,569683,9836027,2067728,7768299,4.756925,39,91823,477860,2966365,9836027,2029433,0.828963
1849,569683,9882250,2068530,7813720,4.777426,38,91848,477835,2980062,9882250,2037998,0.829031
1850,569591,9927727,2069326,7858401,4.797565,38,91814,477777,2991769,9927727,2039349,0.829587
1851,569503,9973612,2070148,7903464,4.817826,37,91776,477727,3004676,9973612,2045092,0.829841
1852,569405,10019068,2071010,7948058,4.837769,38,91791,477614,3017094,10019068,2049308,0.830192
1853,569405,10062632,2071603,7991029,4.857413,38,91668,477737,3028881,10062632,2052892,0.830557
1854,569387,10104019,2071983,8032036,4.876497,40,91802,477585,3040307,10104019,2057209,0.830839
1855,569387,10143517,2072343,8071174,4.894710,40,91428,477959,3050747,10143517,2059471,0.831232
1856,569381,10183537,2072740,8110797,4.913080,39,91739,477642,3062180,10183537,2065183,0.831396
1857,569381,10223578,2073095,8150483,4.931553,39,91679,477702,3072731,10223578,2067346,0.831799
1858,569311,10263166,2073436,8189730,4.949835,38,91574,477737,3084195,10263166,2073614,0.831916
1859,569173,10302995,2073590,8229405,4.968675,36,91547,477626,3094722,10302995,2075893,0.832304
1860,569173,10343255,2073599,8269656,4.988069,36,91776,477397,3105548,10343255,2078937,0.832643
1861,554843,10382970,2073599,8309371,5.007222,34,91585,463258,3117151,10382970,2085634,0.832729
1862,554593,10423423,2073599,8349824,5.026730,35,91579,463014,3128485,10423423,2090517,0.832945
1863,552583,10462672,2073599,8389073,5.045658,34,91438,461145,3139470,10462672,2095208,0.833156
1864,552583,10501652,2073599,8428053,5.064457,34,91378,461205,3151116,10501652,2102812,0.833169
1865,552345,10539475,2073600,8465875,5.082694,35,91268,461077,3161703,10539475,2107337,0.833370
1866,552345,10576341,2073600,8502741,5.100473,34,91323,461022,3172650,10576341,2114259,0.833400
1867,552345,10614704,2073599,8541105,5.118976,35,91546,460799,3183556,10614704,2119520,0.833557
1868,552339,10652009,2073600,8578409,5.136964,34,91568,460771,3194061,10652009,2124235,0.833736
1869,552335,10690524,2073600,8616924,5.155538,34,91479,460856,3205908,10690524,2133108,0.833658
1870,552335,10729148,2073600,8655548,5.174165,34,91501,460834,3216401,10729148,2136456,0.833940
1871,552335,10767134,2073600,8693534,5.192484,35,91490,460845,3227781,10767134,2143990,0.833942
1872,552335,10803501,2073600,8729901,5.210022,35,91926,460409,3238244,10803501,2149475,0.834056
1873,552335,10837523,2073600,8763923,5.226429,33,91881,460454,3248714,10837523,2157333,0.833986
1874,552335,10873048,2073600,8799448,5.243561,34,91760,460575,3258794,10873048,2162128,0.834131
1875,548721,10907837,2073599,8834238,5.260341,35,91715,457006,3269161,10907837,2168807,0.834147
1876,548483,10942168,2073599,8868569,5.276897,35,91965,456518,3279608,10942168,2176264,0.834106
1877,548479,10940936,2073600,8867336,5.276300,35,91873,456606,3280269,10940936,2180140,0.833844
1878,542628,10973716,2073600,8900116,5.292108,34,92204,450424,3290358,10973716,2187716,0.833778
1879,542628,11004614,2073600,8931014,5.307009,34,92170,450458,3299292,11004614,2192554,0.833862
1880,542628,11035750,2073599,8962151,5.322027,34,92493,450135,3308861,11035750,2199694,0.833803
1881,497867,11061091,2073600,8987491,5.334245,33,92317,405550,3315539,11061091,2201065,0.834034
1882,497729,11086402,2073599,9012803,5.346454,33,92137,405592,3322614,11086402,2204054,0.834163
1883,497601,11110514,2073600,9036914,5.358080,33,91934,405667,3329807,11110514,2208714,0.834171
1884,497569,11132674,2073600,9059074,5.368766,33,91874,405695,3335815,11132674,2210586,0.834329
1885,497507,11153546,2073599,9079947,5.378835,33,91618,405889,3342026,11153546,2214558,0.834340
1886,497089,11171201,2073600,9097601,5.387346,31,91888,405201,3347418,11171201,2218471,0.834315
1887,494830,11188611,2073600,9115011,5.395742,32,91717,403113,3351838,11188611,2218741,0.834513
1888,494412,11206529,2073600,9132929,5.404383,31,91715,402697,3357717,11206529,2224339,0.834386
1889,493550,11222706,2073600,9149106,5.412185,32,91534,402016,3362561,11222706,2227538,0.834387
1890,492874,11239354,2073599,9165755,5.420216,31,91463,401411,3368042,11239354,2232814,0.834265
1891,492836,11230602,2073600,9157002,5.415992,32,91095,401741,3365183,11230602,2230130,0.834323
1892,493254,11219658,2073599,9146059,5.410717,32,90630,402624,3361742,11219658,2227310,0.834363
1893,493254,11208446,2073600,9134846,5.405308,33,89665,403589,3358744,11208446,2226530,0.834274
1894,493154,11195347,2073600,9121747,5.398991,33,88831,404323,3355434,11195347,2226389,0.834121
1895,492698,11080364,2073599,9006765,5.343542,33,88407,404291,3326129,11080364,2224152,0.832827
1896,491762,11074686,2073600,9001086,5.340802,32,87910,403852,3323804,11074686,2220530,0.832983
1897,473566,11073111,2073600,8999511,5.340042,33,87623,385943,3322881,11073111,2218413,0.833096
1898,473566,11067593,2073600,8993993,5.337381,32,87200,386366,3320455,11067593,2214227,0.833289
1899,471967,11059942,2073600,8986342,5.333691,32,86764,385203,3316883,11059942,2207590,0.833610
1900,471931,11058855,2073600,8985255,5.333167,32,85892,386039,3315896,11058855,2204729,0.833776
1901,471739,11069524,2073599,8995925,5.338315,32,85421,386318,3318860,11069524,2205916,0.833835
1902,471453,11079736,2073600,9006136,5.343237,33,85220,386233,3321164,11079736,2204920,0.834025
1903,471169,11091590,2073599,9017991,5.348956,33,84652,386517,3324021,11091590,2204494,0.834200
1904,471169,11102699,2073600,9029099,5.354311,32,84512,386657,3327537,11102699,2207449,0.834153
1905,470931,11116291,2073599,9042692,5.360868,32,84325,386606,3332387,11116291,2213257,0.833959
1906,470899,11127719,2073598,9054121,5.366382,31,84070,386829,3334988,11127719,2212233,0.834165
1907,470899,11136928,2073600,9063328,5.370818,30,83985,386914,3338116,11136928,2215536,0.834073
1908,468923,11139538,2073600,9065938,5.372077,29,83693,385230,3338080,11139538,2212782,0.834277
1909,450699,11141105,2073598,9067507,5.372837,30,83683,367016,3339181,11141105,2215619,0.834120
1910,449704,11140749,2073598,9067151,5.372666,31,83389,366315,3337127,11140749,2207759,0.834606
1911,449704,11147729,2073599,9074130,5.376029,32,83331,366373,3340964,11147729,2216127,0.834170
1912,449704,11155239,2073600,9081639,5.379648,33,83100,366604,3343822,11155239,2220049,0.834019
1913,449704,11167192,2073600,9093592,5.385413,33,83130,366574,3346058,11167192,2217040,0.834354
1914,449704,11182767,2073599,9109168,5.392927,34,82926,366778,3351000,11182767,2221233,0.834286
1915,449704,11204461,2073599,9130862,5.403389,33,82869,366835,3357374,11204461,2225035,0.834317
1916,449704,11226207,2073600,9152607,5.413873,33,82781,366923,3363032,11226207,2225921,0.834530
1917,449704,11248678,2073599,9175079,5.424712,32,82807,366897,3370216,11248678,2232186,0.834418
1918,437264,11269200,2073589,9195611,5.434635,31,82738,354526,3374291,11269200,2227964,0.834931
1919,437088,11289541,2073591,9215950,5.444440,31,82790,354298,3382362,11289541,2239907,0.834442
1920,437088,11307851,2073598,9234253,5.453251,30,82620,354468,3387166,11307851,2240813,0.834610
1921,437088,11326126,2073599,9252527,5.462062,30,82652,354436,3392418,11326126,2243546,0.834665
1922,437088,11344393,2073599,9270794,5.470871,31,82615,354473,3397313,11344393,2244859,0.834806
1923,437088,11356245,2073499,9282746,5.476851,31,82470,354618,3400907,11356245,2247383,0.834795
1924,437024,11364200,2073580,9290620,5.480473,31,82255,354769,3402097,11364200,2244188,0.835088
1925,437024,11367903,2073599,9294304,5.482209,31,82341,354683,3403170,11367903,2244777,0.835097
1926,437024,11367440,2073597,9293843,5.481991,32,82080,354944,3402700,11367440,2243360,0.835178
1927,437024,11366158,2073582,9292576,5.481412,32,82085,354939,3401484,11366158,2239778,0.835382
1928,437024,11360741,2073558,9287183,5.478863,32,81910,355114,3399706,11360741,2238083,0.835421
1929,437024,11356829,2073593,9283236,5.476884,32,81611,355413,3397589,11356829,2233527,0.835654
1930,436978,11352589,2073599,9278990,5.474824,32,81554,355424,3395809,11352589,2230647,0.835779
1931,436978,11347616,2073599,9274017,5.472425,31,81570,355408,3394846,11347616,2231768,0.835650
1932,436978,11341565,2073584,9267981,5.469547,31,81362,355616,3393204,11341565,2231251,0.835609
1933,436978,11332551,2073597,9258954,5.465166,31,81263,355715,3390696,11332551,2230233,0.835562
1934,436906,11319176,2073600,9245576,5.458708,31,81118,355788,3387101,11319176,2229228,0.835462
1935,436906,11297054,2073591,9223463,5.448063,32,80701,356205,3380366,11297054,2224410,0.835490
1936,436450,11271806,2073598,9198208,5.435868,31,80519,355931,3373553,11271806,2222406,0.835307
1937,435870,11240058,2073599,9166459,5.420555,32,80316,355554,3363120,11240058,2212422,0.835538
1938,435654,11211652,2073600,9138052,5.406854,32,79975,355679,3355424,11211652,2210044,0.835338
1939,435654,11183995,2073599,9110396,5.393519,32,80154,355500,3348490,11183995,2209965,0.835003
1940,435654,11156466,2073600,9082866,5.380240,32,79890,355764,3341208,11156466,2208366,0.834763
1941,435654,11126175,2073599,9052576,5.365635,32,79760,355894,3332117,11126175,2202293,0.834768
1942,435654,11056847,2073598,8983249,5.332204,32,79702,355952,3312718,11056847,2194025,0.834424
1943,435654,11034664,2073600,8961064,5.321501,33,79608,356046,3305861,11034664,2188780,0.834477
1944,435654,11017387,2073600,8943787,5.313169,33,79531,356123,3300779,11017387,2185729,0.834454
1945,435654,11004198,2073600,8930598,5.306808,33,79365,356289,3296754,11004198,2182818,0.834472
1946,435236,10993661,2073600,8920061,5.301727,32,79226,356010,3293272,10993661,2179427,0.834555
1947,434818,10982280,2073600,8908680,5.296238,33,79200,355618,3291568,10982280,2183992,0.834122
1948,434818,10967680,2073598,8894082,5.289203,32,79164,355654,3286686,10967680,2179064,0.834251
1949,434818,10950323,2073600,8876723,5.280827,31,78900,355918,3282597,10950323,2180065,0.833968
1950,434818,10919250,2073600,8845650,5.265842,31,78752,356066,3274247,10919250,2177738,0.833722
1951,434818,10913154,2073598,8839556,5.262907,31,78700,356118,3271629,10913154,2173362,0.833924
1952,434818,10906076,2073599,8832477,5.259491,31,78828,355990,3269925,10906076,2173624,0.833817
1953,434818,10900999,2073600,8827399,5.257040,31,78470,356348,3268184,10900999,2171737,0.833873
1954,434728,10895055,2073600,8821455,5.254174,30,78515,356213,3266485,10895055,2170885,0.833852
1955,434728,10886034,2073598,8812436,5.249829,31,78417,356311,3265087,10886034,2174314,0.833518
1956,434728,10876461,2073592,8802869,5.245227,31,78344,356384,3262801,10876461,2174743,0.833368
1957,434552,10866928,2073598,8793330,5.240615,30,78441,356111,3260055,10866928,2173292,0.833339
1958,434462,10852332,2073598,8778734,5.233576,30,78268,356194,3255320,10852332,2168948,0.833431
1959,434462,10833035,2073598,8759437,5.224270,30,78003,356459,3250326,10833035,2168269,0.833227
1960,434372,10804294,2073592,8730702,5.210424,29,77740,356632,3242711,10804294,2166550,0.832968
1961,434372,10767495,2073600,8693895,5.192658,30,77644,356728,3231031,10767495,2156629,0.833132
1962,434372,10736138,2073600,8662538,5.177536,31,77198,357174,3221400,10736138,2149462,0.833189
1963,433370,10711902,2073591,8638311,5.165870,29,77081,356289,3213230,10711902,2141018,0.833422
1964,433370,10693679,2073584,8620095,5.157099,29,77043,356327,3207960,10693679,2138161,0.833371
1965,433370,10677659,2073597,8604062,5.149341,28,77011,356359,3201853,10677659,2129753,0.833709
1966,433116,10666518,2073599,8592919,5.143964,28,76679,356437,3197466,10666518,2123346,0.833982
1967,433116,10647784,2073590,8574194,5.134951,29,76822,356294,3191952,10647784,2120024,0.833956
1968,432750,10628881,2073585,8555296,5.125848,29,76682,356068,3185667,10628881,2113787,0.834117
1969,432750,10605902,2073594,8532308,5.114744,28,76566,356184,3177995,10605902,2106078,0.834323
1970,432750,10579636,2073596,8506040,5.102072,29,76517,356233,3171402,10579636,2105972,0.833987
1971,432750,10552967,2073587,8479380,5.089233,28,76436,356314,3164006,10552967,2103057,0.833830
1972,432750,10524952,2073588,8451364,5.075720,28,76228,356522,3156497,10524952,2101036,0.833594
1973,432392,10495498,2073597,8421901,5.061494,28,76119,356273,3148117,10495498,2096970,0.833474
1974,432392,10466449,2073591,8392858,5.047499,27,75897,356495,3139594,10466449,2091927,0.833424
1975,432392,10437688,2073581,8364107,5.033653,28,75998,356394,3131656,10437688,2088936,0.833240
1976,432392,10410004,2073592,8336412,5.020276,27,75852,356540,3123888,10410004,2085548,0.833097
1977,432392,10386330,2073595,8312735,5.008852,28,75779,356613,3117503,10386330,2083682,0.832905
1978,432392,10364673,2073583,8291090,4.998437,27,75549,356843,3111575,10364673,2081627,0.832751
1979,432464,10342890,2073588,8269302,4.987919,27,75488,356976,3105042,10342890,2077278,0.832750
1980,433044,10323704,2073595,8250109,4.978650,27,75167,357877,3099785,10323704,2075436,0.832615
1981,433044,10305150,2073582,8231568,4.969734,28,75000,358044,3096015,10305150,2078910,0.832130
1982,433044,10284727,2073588,8211139,4.959870,27,74920,358124,3090005,10284727,2075293,0.832096
1983,433044,10257817,2073593,8184224,4.946881,28,74746,358298,3082592,10257817,2072551,0.831915
1984,433044,10226478,2073582,8152896,4.931793,28,74555,358489,3074957,10226478,2073350,0.831433
1985,433044,10190889,2073591,8117298,4.914609,28,74590,358454,3064480,10190889,2067031,0.831372
1986,433044,10150527,2073590,8076937,4.895147,27,74482,358562,3054405,10150527,2067093,0.830811
1987,433044,10106007,2073582,8032425,4.873695,27,74252,358792,3042552,10106007,2064201,0.830389
1988,433500,10059076,2073593,7985483,4.851037,27,74123,359377,3028391,10059076,2054488,0.830398
1989,433500,10010850,2073583,7937267,4.827803,27,74170,359330,3016808,10010850,2056382,0.829590
1990,433500,9963645,2073586,7890059,4.805031,26,74030,359470,3002872,9963645,2047843,0.829510
1991,433044,9930010,2073586,7856424,4.788810,27,73976,359068,2993415,9930010,2043650,0.829321
1992,433044,9897589,2073588,7824001,4.773170,27,73901,359143,2985225,9897589,2043311,0.828881
1993,432464,9867172,2073590,7793582,4.758497,27,73653,358811,2975812,9867172,2036076,0.828948
1994,432464,9838405,2073595,7764810,4.744613,27,73395,359069,2966900,9838405,2029195,0.829014
1995,432392,9814015,2073595,7740420,4.732850,27,73384,359008,2960243,9814015,2026957,0.828818
1996,432392,9790693,2073592,7717101,4.721610,27,73136,359256,2953323,9790693,2022599,0.828786
1997,432392,9766154,2073587,7692567,4.709787,27,72886,359506,2946440,9766154,2019606,0.828640
1998,432392,9739648,2073587,7666061,4.697005,26,72728,359664,2939225,9739648,2017252,0.828420
1999,432392,9709328,2073585,7635743,4.682387,26,72557,359835,2930396,9709328,2012256,0.828329
2000,432392,9679519,2073587,7605932,4.668007,26,72485,359907,2922536,9679519,2010625,0.828007
2001,432392,9661976,2073600,7588376,4.659518,26,72179,360213,2917775,9661976,2009124,0.827855
2002,432392,9651103,2073586,7577517,4.654306,26,72165,360227,2914429,9651103,2006613,0.827873
2003,432392,9642462,2073588,7568874,4.650134,26,72170,360222,2912158,9642462,2006170,0.827776
2004,432392,9635523,2073598,7561925,4.646765,25,72173,360219,2908934,9635523,2000213,0.828097
2005,432392,9630280,2073582,7556698,4.644273,24,72140,360252,2906330,9630280,1995040,0.828388
2006,431936,9622408,2073595,7548813,4.640447,24,72436,359500,2906231,9622408,2002516,0.827739
2007,421589,9612979,2073592,7539387,4.635907,24,72128,349461,2901770,9612979,1994101,0.828200
2008,421589,9603882,2073584,7530298,4.631537,25,72163,349426,2899263,9603882,1993170,0.828131
2009,421589,9597104,2073596,7523508,4.628242,25,72041,349548,2896310,9597104,1988136,0.828391
2010,418541,9593326,2073584,7519742,4.626447,25,72080,346461,2895794,9593326,1989850,0.828212
2011,418541,9577380,2073583,7503797,4.618759,24,71930,346611,2891224,9577380,1987516,0.828142
2012,418541,9561110,2073584,7487526,4.610910,24,71996,346545,2885728,9561110,1981802,0.828310
2013,418541,9546041,2073582,7472459,4.603648,24,71849,346692,2881142,9546041,1978527,0.828321
2014,418541,9532805,2073586,7459219,4.597256,24,71704,346837,2878406,9532805,1980819,0.827959
2015,418537,9522949,2073593,7449356,4.592487,25,71813,346724,2876632,9522949,1983579,0.827613
2016,418537,9512421,2073595,7438826,4.587405,25,71533,347004,2873917,9512421,1983247,0.827479
2017,418447,9507094,2073595,7433499,4.584836,24,71487,346960,2872079,9507094,1981222,0.827545
2018,418447,9502725,2073596,7429129,4.582727,24,71290,347157,2870973,9502725,1981167,0.827483
2019,418447,9495560,2073596,7421964,4.579272,24,71002,347445,2868998,9495560,1980432,0.827428
2020,418443,9484982,2073599,7411383,4.574164,25,71039,347404,2865722,9484982,1977906,0.827451
2021,418443,9484199,2073594,7410605,4.573797,25,70762,347681,2864668,9484199,1974473,0.827687
2022,418443,9485078,2073599,7411479,4.574210,25,70646,347797,2864305,9485078,1972142,0.827869
2023,418443,9484866,2073600,7411266,4.574106,25,70602,347841,2862897,9484866,1966722,0.828258
2024,418443,9476879,2073600,7403279,4.570254,25,70567,347876,2860867,9476879,1966589,0.828147
2025,418443,9475659,2073598,7402061,4.569670,25,70453,347990,2858851,9475659,1959745,0.828625
2026,418443,9479393,2073599,7405794,4.571469,25,70466,347977,2859619,9479393,1959083,0.828729
2027,418255,9481530,2073598,7407932,4.572502,25,70004,348251,2860256,9481530,1959494,0.828731
2028,418255,9482393,2073599,7408794,4.572915,25,69976,348279,2858693,9482393,1952379,0.829259
2029,418255,9484106,2073597,7410509,4.573746,25,69795,348460,2859470,9484106,1953774,0.829184
2030,418255,9482336,2073597,7408739,4.572892,24,69609,348646,2859108,9482336,1954096,0.829134
2031,418067,9476040,2073599,7402441,4.569852,24,69593,348474,2857911,9476040,1955604,0.828931
2032,412595,9474334,2073598,7400736,4.569031,24,69326,343269,2858711,9474334,1960510,0.828549
2033,412595,9469679,2073600,7396079,4.566782,24,69151,343444,2856730,9469679,1957241,0.828717
2034,412229,9460222,2073599,7386623,4.562223,23,68845,343384,2853412,9460222,1953426,0.828852
2035,407233,9447884,2073600,7374284,4.556271,23,68997,338236,2851311,9447884,1957360,0.828381
2036,407233,9426101,2073600,7352501,4.545766,23,68849,338384,2845134,9426101,1954435,0.828265
2037,407233,9403973,2073600,7330373,4.535095,23,68592,338641,2838905,9403973,1951647,0.828134
2038,407233,9375408,2073597,7301811,4.521326,23,68562,338671,2831567,9375408,1950860,0.827758
2039,407229,9344963,2073585,7271378,4.506670,23,68405,338824,2822308,9344963,1944269,0.827777
2040,407229,9310636,2073585,7237051,4.490115,23,68199,339030,2810791,9310636,1932528,0.828115
2041,399785,9285576,2073583,7211993,4.478034,23,68503,331282,2805092,9285576,1934792,0.827564
2042,389127,9256538,2073588,7182950,4.464020,23,68318,320809,2795987,9256538,1927410,0.827663
2043,389127,9232383,2073579,7158804,4.452390,23,68051,321076,2788170,9232383,1920297,0.827817
2044,388473,9213388,2073586,7139802,4.443215,23,67884,320589,2782915,9213388,1918272,0.827674
2045,388017,9197172,2073582,7123590,4.435403,23,67636,320381,2778320,9197172,1916108,0.827584
2046,388017,9178521,2073586,7104935,4.426400,23,67400,320617,2773326,9178521,1914783,0.827393
2047,386143,9159125,2073582,7085543,4.417055,23,67338,318805,2766626,9159125,1907379,0.827644
2048,386561,9141391,2073582,7067809,4.408502,22,66795,319766,2761306,9141391,1903833,0.827633
2049,386561,9127900,2073586,7054314,4.401988,21,66180,320381,2756140,9127900,1896660,0.827960
2050,386561,9115762,2073581,7042181,4.396145,21,65626,320935,2750279,9115762,1885354,0.828622
2051,386561,9099252,2073587,7025665,4.388170,19,65481,321080,2744616,9099252,1879212,0.828827
2052,386561,9076135,2073583,7002552,4.377030,19,64990,321571,2735840,9076135,1867225,0.829374
2053,386561,9042409,2073587,6968822,4.360757,19,64612,321949,2724545,9042409,1855771,0.829717
2054,386561,9004101,2073581,6930520,4.342295,18,63818,322743,2712493,9004101,1845871,0.829873
2055,386839,8961595,2073580,6888015,4.321799,17,63359,323480,2698757,8961595,1833433,0.830159
2056,386839,8931128,2073577,6857551,4.307112,17,62867,323972,2687732,8931128,1819800,0.830731
2057,386765,8912176,2073576,6838600,4.297974,18,62275,324490,2679948,8912176,1807616,0.831376
2058,386765,8900747,2073577,6827170,4.292460,18,61840,324925,2676247,8900747,1804241,0.831458
2059,382560,8885768,2073573,6812195,4.285245,18,61718,320842,2671714,8885768,1801088,0.831467
2060,382560,8874471,2073577,6800894,4.279789,18,61521,321039,2668844,8874471,1800905,0.831303
2061,382476,8853922,2073575,6780347,4.269883,18,61500,320976,2662354,8853922,1795494,0.831400
2062,382476,8837760,2073577,6764183,4.262084,18,61343,321133,2658728,8837760,1797152,0.831014
2063,382476,8827310,2073579,6753731,4.257041,18,61122,321354,2655876,8827310,1796194,0.830923
2064,382476,8816487,2073577,6742910,4.251825,19,61134,321342,2652008,8816487,1791545,0.831114
2065,382472,8804588,2073584,6731004,4.246073,18,61029,321443,2648410,8804588,1789052,0.831120
2066,382472,8772899,2073575,6699324,4.230809,19,60974,321498,2640325,8772899,1788401,0.830665
2067,382472,8759106,2073583,6685523,4.224141,18,60712,321760,2635832,8759106,1784222,0.830772
2068,381950,8744224,2073580,6670644,4.216970,18,60295,321655,2630322,8744224,1777064,0.831098
2069,381710,8731252,2073586,6657666,4.210702,19,60169,321541,2626825,8731252,1776048,0.830970
2070,381570,8716964,2073584,6643380,4.203815,18,60080,321490,2623706,8716964,1777860,0.830596
2071,381570,8690103,2073575,6616528,4.190880,19,59974,321596,2614383,8690103,1767429,0.830990
2072,381570,8650337,2073575,6576762,4.171702,18,59633,321937,2604282,8650337,1766791,0.830396
2073,381570,8597996,2073577,6524419,4.146456,19,59549,322021,2589937,8597996,1761752,0.829943
2074,381566,8541520,2073576,6467944,4.119222,18,59242,322324,2573614,8541520,1752936,0.829720
2075,381566,8488571,2073580,6414991,4.093679,19,59236,322330,2559942,8488571,1751197,0.828981
2076,381566,8435074,2073581,6361493,4.067878,18,59299,322267,2545194,8435074,1745702,0.828530
2077,382066,8373263,2073579,6299684,4.038073,20,59026,323040,2527902,8373263,1738345,0.828084
2078,380942,8299613,2073576,6226037,4.002560,19,59026,321916,2507836,8299613,1731731,0.827368
2079,380524,8217252,2073574,6143678,3.962845,19,58773,321751,2484672,8217252,1721436,0.826794
2080,391182,8127653,2073576,6054077,3.919631,19,58801,332381,2461235,8127653,1717287,0.825567
2081,391100,8053148,2073578,5979570,3.883697,19,58419,332681,2440286,8053148,1707996,0.825021
2082,391100,7985042,2073582,5911460,3.850845,18,58131,332969,2421130,7985042,1699478,0.824516
2083,388312,7928405,2073580,5854825,3.823535,19,57850,330462,2404556,7928405,1689819,0.824311
2084,388312,7880891,2073577,5807314,3.800626,19,57507,330805,2390642,7880891,1681677,0.824140
2085,388124,7841511,2073580,5767931,3.781629,19,57406,330718,2378974,7841511,1674385,0.824043
2086,388124,7814068,2073576,5740492,3.768402,19,57168,330956,2371112,7814068,1670380,0.823882
2087,388124,7791041,2073574,5717467,3.757301,19,57052,331072,2365230,7791041,1669879,0.823497
2088,382654,7772126,2073580,5698546,3.748168,19,56762,325892,2359517,7772126,1665942,0.823487
2089,377250,7754123,2073577,5680546,3.739491,20,56668,320582,2354961,7754123,1665721,0.823169
2090,377250,7730839,2073577,5657262,3.728262,19,56626,320624,2347974,7730839,1661057,0.823139
2091,377250,7719307,2073580,5645727,3.722696,19,56217,321033,2345276,7719307,1661797,0.822857
2092,376750,7712686,2073574,5639112,3.719513,20,56369,320381,2345174,7712686,1668010,0.822187
2093,366088,7709577,2073580,5635997,3.718003,21,56120,309968,2343296,7709577,1663607,0.822514
2094,366088,7710649,2073573,5637076,3.718533,19,55906,310182,2344036,7710649,1665495,0.822369
2095,366088,7713740,2073576,5640164,3.720018,20,55822,310266,2344195,7713740,1663040,0.822643
2096,365614,7717379,2073575,5643804,3.721775,20,55771,309843,2345230,7717379,1663541,0.822668
2097,354638,7720681,2073574,5647107,3.723369,19,55701,298937,2346444,7720681,1665095,0.822594
2098,342164,7725840,2073576,5652264,3.725853,20,55523,286641,2348217,7725840,1667028,0.822522
2099,342064,7733622,2073573,5660049,3.729612,20,55181,286883,2349120,7733622,1662858,0.823034
2100,341608,7744583,2073576,5671007,3.734892,19,54997,286611,2352988,7744583,1667369,0.822846
2101,341420,7757262,2073573,5683689,3.741012,20,54914,286506,2357302,7757262,1671946,0.822684
2102,341420,7769298,2073576,5695722,3.746811,19,54883,286537,2360784,7769298,1673838,0.822746
2103,341420,7780602,2073574,5707028,3.752266,20,54738,286682,2364333,7780602,1676730,0.822706
2104,328981,7789419,2073574,5715845,3.756518,20,54666,274315,2367010,7789419,1678621,0.822707
2105,328979,7795962,2073572,5722390,3.759678,19,54268,274711,2369060,7795962,1680278,0.822685
2106,328979,7801381,2073570,5727811,3.762294,20,54048,274931,2371039,7801381,1682775,0.822570
2107,328979,7801355,2073572,5727783,3.762278,19,53789,275190,2370743,7801355,1681617,0.822670
2108,322915,7797281,2073575,5723706,3.760308,20,53711,269204,2369659,7797281,1681355,0.822616
2109,322915,7791805,2073574,5718231,3.757669,21,53464,269451,2367589,7791805,1678551,0.822757
2110,295262,7783557,2073572,5709985,3.753695,20,53216,242046,2364528,7783557,1674555,0.822950
2111,295262,7775035,2073573,5701462,3.749583,19,53123,242139,2361922,7775035,1672653,0.822956
2112,285902,7767090,2073569,5693521,3.745759,20,52926,232976,2359497,7767090,1670898,0.822960
2113,285902,7760399,2073574,5686825,3.742523,21,52884,233018,2357114,7760399,1668057,0.823083
2114,285014,7757376,2073571,5683805,3.741071,20,52710,232304,2355358,7757376,1664056,0.823375
2115,285014,7757404,2073568,5683836,3.741090,19,52329,232685,2354751,7757404,1661600,0.823591
2116,285014,7758905,2073576,5685329,3.741799,20,52489,232525,2354881,7758905,1660619,0.823705
2117,285010,7760817,2073564,5687253,3.742743,20,52069,232941,2354553,7760817,1657395,0.824022
2118,284552,7759764,2073574,5686190,3.742217,20,51871,232681,2353223,7759764,1653128,0.824376
2119,284506,7759838,2073569,5686269,3.742262,18,51836,232670,2352188,7759838,1648914,0.824747
2120,284352,7762816,2073566,5689250,3.743703,18,51619,232733,2351983,7762816,1645116,0.825135
2121,284164,7770247,2073573,5696674,3.747274,19,51402,232762,2353244,7770247,1642729,0.825483
2122,284164,7780995,2073567,5707428,3.752469,19,51377,232787,2356341,7780995,1644369,0.825538
2123,284164,7795061,2073568,5721493,3.759250,18,51245,232919,2357818,7795061,1636211,0.826512
2124,284164,7809190,2073569,5735621,3.766062,19,51046,233118,2361975,7809190,1638710,0.826553
2125,284162,7819094,2073567,5745527,3.770842,18,51040,233122,2364491,7819094,1638870,0.826721
2126,284162,7821503,2073568,5747935,3.772002,19,50940,233222,2364535,7821503,1636637,0.826960
2127,284162,7817050,2073569,5743481,3.769853,19,51032,233130,2362520,7817050,1633030,0.827194
2128,282940,7809747,2073566,5736181,3.766336,18,50730,232210,2358998,7809747,1626245,0.827655
2129,260014,7806090,2073567,5732523,3.764571,18,50616,209398,2356568,7806090,1620182,0.828121
2130,258669,7808441,2073565,5734876,3.765708,18,50277,208392,2355178,7808441,1612271,0.828859
2131,258669,7817013,2073565,5743448,3.769842,18,50070,208599,2357138,7817013,1611539,0.829079
2132,258669,7826839,2073563,5753276,3.774585,18,50087,208582,2358827,7826839,1608469,0.829527
2133,258669,7840279,2073567,5766712,3.781059,17,49910,208759,2362957,7840279,1611549,0.829499
2134,258665,7853637,2073562,5780075,3.787510,18,49641,209024,2365454,7853637,1608179,0.830035
2135,258665,7866633,2073561,5793072,3.793779,18,49682,208983,2368430,7866633,1607087,0.830364
2136,258665,7875567,2073566,5802001,3.798079,17,49676,208989,2369631,7875567,1602957,0.830885
2137,255227,7883005,2073561,5809444,3.801675,17,49362,205865,2370682,7883005,1599723,0.831301
2138,255227,7890360,2073556,5816804,3.805231,18,49381,205846,2372480,7890360,1599560,0.831446
2139,255227,7899659,2073565,5826094,3.809699,16,49140,206087,2373862,7899659,1595789,0.831942
2140,255227,7911747,2073563,5838184,3.815532,17,49115,206112,2376708,7911747,1595085,0.832217
2141,255227,7925377,2073557,5851820,3.822117,17,49005,206222,2380619,7925377,1597099,0.832281
2142,255137,7939123,2073563,5865560,3.828735,17,48713,206424,2382511,7939123,1590921,0.833063
2143,255137,7952746,2073571,5879175,3.835290,17,48426,206711,2385488,7952746,1589206,0.833451
2144,255137,7965366,2073571,5891795,3.841376,17,48080,207057,2387975,7965366,1586534,0.833904
2145,254681,7978723,2073571,5905152,3.847818,17,48088,206593,2391081,7978723,1585601,0.834217
2146,254681,7990448,2073570,5916878,3.853474,17,47845,206836,2393736,7990448,1584496,0.834516
2147,254681,7999427,2073562,5925865,3.857819,17,47701,206980,2395991,7999427,1584537,0.834668
2148,254681,8006395,2073556,5932839,3.861191,17,47390,207291,2397196,8006395,1582389,0.834975
2149,254681,8013884,2073558,5940326,3.864799,17,47288,207393,2398997,8013884,1582104,0.835129
2150,254681,8023689,2073559,5950130,3.869525,16,47351,207330,2401688,8023689,1583063,0.835214
2151,254681,8036838,2073556,5963282,3.875872,16,47160,207521,2404708,8036838,1581994,0.835532
2152,254681,8052713,2073557,5979156,3.883526,16,46928,207753,2408465,8052713,1581147,0.835876
2153,254681,8071047,2073559,5997488,3.892364,16,46855,207826,2412662,8071047,1579601,0.836322
2154,254681,8089727,2073557,6016170,3.901377,16,46639,208042,2415929,8089727,1573989,0.837124
2155,254681,8105550,2073552,6031998,3.909017,16,46506,208175,2419390,8105550,1572010,0.837561
2156,254597,8118481,2073556,6044925,3.915246,16,46471,208126,2422552,8118481,1571727,0.837803
2157,252437,8130524,2073557,6056967,3.921052,16,46441,205996,2424494,8130524,1567452,0.838373
2158,249913,8142537,2073555,6068982,3.926849,16,46020,203893,2426689,8142537,1564219,0.838853
2159,249913,8157014,2073556,6083458,3.933829,16,45980,203933,2429504,8157014,1561002,0.839370
2160,249691,8171675,2073556,6098119,3.940899,16,45764,203927,2433567,8171675,1562593,0.839475
2161,249691,8184005,2073555,6110450,3.946847,16,45735,203956,2437304,8184005,1565211,0.839453
2162,249691,8191703,2073553,6118150,3.950564,16,45520,204171,2438819,8191703,1563573,0.839720
2163,249691,8195929,2073554,6122375,3.952600,16,45264,204427,2439813,8195929,1563323,0.839811
2164,249235,8194777,2073555,6121222,3.952042,16,45225,204010,2439415,8194777,1562883,0.839830
2165,249047,8187071,2073554,6113517,3.948328,16,44947,204100,2436638,8187071,1559481,0.839997
2166,249047,8176127,2073548,6102579,3.943061,16,44819,204228,2433727,8176127,1558781,0.839877
2167,247901,8162426,2073551,6088875,3.936448,16,44646,203255,2429371,8162426,1555058,0.839973
2168,245330,8148737,2073551,6075186,3.929846,16,44623,200707,2424313,8148737,1548515,0.840314
2169,245326,8134647,2073551,6061096,3.923051,17,44412,200914,2419439,8134647,1543109,0.840551
2170,245326,8057828,2073550,5984278,3.886006,17,44188,201138,2396775,8057828,1529272,0.840486
2171,245326,8031110,2073546,5957564,3.873128,17,43992,201334,2387970,8031110,1520770,0.840788
2172,245326,8016092,2073547,5942545,3.865884,17,43740,201586,2380978,8016092,1507820,0.841681
2173,245326,7962333,2067309,5895024,3.851545,17,43577,201749,2364714,7962333,1496523,0.841786
2174,245326,7957945,2067455,5890490,3.849150,17,43359,201967,2362307,7957945,1491283,0.842179
2175,243718,7941392,2067613,5873779,3.840850,17,43064,200654,2353479,7941392,1472524,0.843580
2176,243352,7929579,2067769,5861810,3.834848,17,43047,200305,2349216,7929579,1467285,0.843854
2177,243352,7920192,2067940,5852252,3.829991,17,42784,200568,2344819,7920192,1459084,0.844435
2178,243352,7902755,2068027,5834728,3.821398,17,42630,200722,2338497,7902755,1451233,0.844854
2179,243164,7837023,2067920,5769103,3.789810,17,42369,200795,2321132,7837023,1447505,0.844095
2180,243164,7814292,2067608,5746684,3.779388,17,42395,200769,2312843,7814292,1437080,0.844663
2181,243164,7796016,2067278,5728738,3.771150,17,42323,200841,2305335,7796016,1425324,0.845432
2182,243164,7781570,2066941,5714629,3.764776,17,42203,200961,2297868,7781570,1409902,0.846608
2183,243164,7735063,2066582,5668481,3.742926,18,41996,201168,2282476,7735063,1394841,0.847223
2184,243164,7678479,2066201,5612278,3.716230,17,41935,201229,2265579,7678479,1383837,0.847298
2185,243164,7652861,2065785,5587076,3.704578,17,41764,201400,2258406,7652861,1380763,0.847153
2186,243164,7452402,2055962,5396440,3.624776,16,41675,201489,2204913,7452402,1367250,0.844977
2187,243164,7431368,2055266,5376102,3.615769,16,41337,201827,2195073,7431368,1348924,0.846369
2188,243164,7412938,2054524,5358414,3.608105,17,41196,201968,2187929,7412938,1338778,0.847027
2189,243164,7378543,2053766,5324777,3.592689,17,41160,202004,2177572,7378543,1331745,0.847107
2190,243164,7365134,2053386,5311748,3.586824,17,40725,202439,2172808,7365134,1326098,0.847421
2191,240093,7346468,2053629,5292839,3.577310,17,40657,199436,2167318,7346468,1322804,0.847415
2192,240093,7344555,2053877,5290678,3.575947,17,40573,199520,2165942,7344555,1319213,0.847732
2193,240089,7344508,2054100,5290408,3.575536,17,40744,199345,2165185,7344508,1316232,0.848023
2194,240089,7344900,2054395,5290505,3.575213,17,40462,199627,2165085,7344900,1315440,0.848108
2195,239817,7345438,2054650,5290788,3.575031,17,40240,199577,2165036,7345438,1314706,0.848189
2196,239817,7347214,2054919,5292295,3.575428,17,40113,199704,2164098,7347214,1309178,0.848762
2197,239817,7347798,2055278,5292520,3.575087,16,40127,199690,2164430,7347798,1309922,0.848699
2198,239433,7347678,2055852,5291826,3.574031,16,39956,199477,2163785,7347678,1307462,0.848938
2199,238053,7345654,2056669,5288985,3.571627,16,39817,198236,2163304,7345654,1307562,0.848893
2200,238053,7344682,2057662,5287020,3.569431,16,39699,198354,2162027,7344682,1303426,0.849282
2201,238053,7344771,2058659,5286112,3.567745,16,39625,198428,2162615,7344771,1305689,0.849061
2202,238053,7348352,2059659,5288693,3.567752,16,39475,198578,2163572,7348352,1305936,0.849100
2203,238053,7353129,2060663,5292466,3.568332,16,39356,198697,2164762,7353129,1305919,0.849184
2204,238053,7359112,2061639,5297473,3.569544,16,39166,198887,2165691,7359112,1303652,0.849511
2205,238053,7365589,2062573,5303016,3.571068,16,38979,199074,2166800,7365589,1301611,0.849823
2206,238053,7369296,2063475,5305821,3.571304,16,38862,199191,2167292,7369296,1299872,0.850058
2207,237597,7369180,2064331,5304849,3.569767,15,38735,198862,2166160,7369180,1295460,0.850489
2208,237141,7364496,2065121,5299375,3.566133,15,38661,198480,2164023,7364496,1291596,0.850788
2209,237141,7359474,2065876,5293598,3.562399,16,38424,198717,2161705,7359474,1287346,0.851119
2210,237139,7359103,2066562,5292541,3.561037,16,38356,198783,2160999,7359103,1284893,0.851354
2211,235119,7364238,2067179,5297059,3.562458,16,38268,196851,2162282,7364238,1284890,0.851443
2212,235119,7369840,2067755,5302085,3.564175,16,38258,196861,2163201,7369840,1282964,0.851729
2213,235115,7371696,2068341,5303355,3.564062,16,38124,196991,2163948,7371696,1284096,0.851649
2214,234961,7372183,2068918,5303265,3.563304,16,38037,196924,2164052,7372183,1284025,0.851664
2215,234961,7370847,2069466,5301381,3.561714,16,37871,197090,2164115,7370847,1285613,0.851485
2216,234961,7366661,2070003,5296658,3.558768,16,37915,197046,2162242,7366661,1282307,0.851739
2217,234961,7360991,2070544,5290447,3.555100,16,37879,197082,2161072,7360991,1283297,0.851544
2218,234961,7357197,2071066,5286131,3.552372,16,37796,197165,2159071,7357197,1279087,0.851894
2219,234961,7353963,2071590,5282373,3.549912,16,37607,197354,2157908,7353963,1277669,0.851978
2220,234961,7352237,2072103,5280134,3.548201,16,37315,197646,2156319,7352237,1273039,0.852406
2221,234961,7352207,2072626,5279581,3.547291,16,37351,197610,2155921,7352207,1271477,0.852560
2222,234877,7352784,2073125,5279659,3.546715,16,37195,197682,2156476,7352784,1273120,0.852407
2223,234749,7351365,2073431,5277934,3.545507,16,37087,197662,2155198,7351365,1269427,0.852748
2224,234749,7346613,2073479,5273134,3.543134,16,37181,197568,2154411,7346613,1271031,0.852508
2225,230361,7338620,2073513,5265107,3.539221,16,37113,193248,2150311,7338620,1262624,0.853204
2226,228599,7329789,2073546,5256243,3.534905,16,37136,191463,2147078,7329789,1258523,0.853461
2227,228599,7323458,2073575,5249883,3.531803,16,36952,191647,2143402,7323458,1250150,0.854186
2228,228101,7319960,2073588,5246372,3.530094,16,36876,191225,2141521,7319960,1246124,0.854528
2229,227617,7319952,2073588,5246364,3.530090,16,36701,190916,2141317,7319952,1245316,0.854609
2230,227487,7319327,2073589,5245738,3.529787,16,36702,190785,2141439,7319327,1246429,0.854487
2231,227479,7308866,2073590,5235276,3.524740,16,36486,190993,2137583,7308866,1241466,0.854805
2232,227479,7288191,2073588,5214603,3.514773,16,36247,191232,2131312,7288191,1237057,0.854895
2233,226999,7261795,2073588,5188207,3.502043,16,36137,190862,2124298,7261795,1235397,0.854611
2234,226999,7235757,2073585,5162172,3.489491,16,36064,190935,2115470,7235757,1226123,0.855100
2235,220147,7219149,2073586,5145563,3.481480,16,35974,184173,2110090,7219149,1221211,0.855313
2236,220147,7211612,2073584,5138028,3.477849,16,36034,184113,2106214,7211612,1213244,0.855992
2237,219735,7209246,2073585,5135661,3.476706,16,35856,183879,2105814,7209246,1214010,0.855874
2238,219735,7211846,2073585,5138261,3.477960,16,35712,184023,2105795,7211846,1211334,0.856190
2239,219735,7214477,2073588,5140889,3.479224,16,35704,184031,2106587,7214477,1211871,0.856181
2240,219735,7216623,2073584,5143039,3.480266,16,35688,184047,2107052,7216623,1211585,0.856246
2241,219735,7216343,2073583,5142760,3.480132,16,35536,184199,2106880,7216343,1211177,0.856283
2242,219731,7211542,2073586,5137956,3.477812,16,35444,184287,2104502,7211542,1206466,0.856680
2243,213095,7202617,2073581,5129036,3.473516,16,35378,177717,2101276,7202617,1202487,0.856934
2244,213095,7195191,2073584,5121607,3.469930,16,35140,177955,2097658,7195191,1195441,0.857527
2245,213095,7189303,2073555,5115748,3.467139,16,35077,178018,2095565,7189303,1192957,0.857681
2246,213095,7187321,2073535,5113786,3.466216,15,34911,178184,2095126,7187321,1193183,0.857624
2247,213095,7187230,2073532,5113698,3.466178,16,34848,178247,2094581,7187230,1191094,0.857836
2248,212903,7188335,2073533,5114802,3.466709,15,34840,178063,2095209,7188335,1192501,0.857711
2249,212903,7191047,2073532,5117515,3.468018,16,34708,178195,2096149,7191047,1193549,0.857650
2250,212903,7193315,2073532,5119783,3.469112,15,34552,178351,2095929,7193315,1190401,0.858010
2251,212903,7193821,2073528,5120293,3.469363,15,34565,178338,2096276,7193821,1191283,0.857929
2252,212447,7189526,2073529,5115997,3.467290,15,34432,178015,2095009,7189526,1190510,0.857935
2253,212401,7180834,2073527,5107307,3.463101,15,34305,178096,2092761,7180834,1190210,0.857818
2254,212401,7170082,2073526,5096556,3.457918,15,34269,178132,2090444,7170082,1191694,0.857483
2255,212401,7159454,2073523,5085931,3.452797,15,34206,178195,2086705,7159454,1187366,0.857746
2256,212401,7150869,2073520,5077349,3.448662,16,34211,178190,2084563,7150869,1187383,0.857598
2257,212401,7145603,2073524,5072079,3.446115,15,34037,178364,2083618,7145603,1188869,0.857355
2258,212401,7144428,2073519,5070909,3.445557,15,34072,178329,2082748,7144428,1186564,0.857572
2259,212401,7145579,2073514,5072065,3.446120,15,34005,178396,2082607,7145579,1184849,0.857769
2260,212401,7148427,2073516,5074911,3.447491,15,33881,178520,2083002,7148427,1183581,0.857948
2261,212401,7148888,2073513,5075375,3.447718,15,33908,178493,2082176,7148888,1179816,0.858343
2262,212397,7146487,2073510,5072977,3.446565,14,33879,178518,2080860,7146487,1176953,0.858598
2263,211175,7138190,2073513,5064677,3.442559,14,33776,177399,2077729,7138190,1172726,0.858893
2264,210987,7126880,2073507,5053373,3.437114,14,33771,177216,2073879,7126880,1168636,0.859124
2265,210987,7117405,2073505,5043900,3.432548,14,33810,177177,2071780,7117405,1169715,0.858851
2266,210987,7108267,2073505,5034762,3.428141,14,33666,177321,2068761,7108267,1166777,0.859001
2267,210987,7103286,2073495,5029791,3.425755,15,33646,177341,2067461,7103286,1166558,0.858938
2268,210987,7098549,2073489,5025060,3.423480,15,33617,177370,2065877,7098549,1164959,0.859024
2269,209501,7094445,2073486,5020959,3.421506,13,33592,175909,2064673,7094445,1164247,0.859028
2270,209501,7089437,2073486,5015951,3.419091,15,33487,176014,2063265,7089437,1163623,0.859007
2271,209501,6958272,2073484,4884788,3.355836,15,33389,176112,2026775,6958272,1148828,0.858294
2272,209501,6906089,2073486,4832603,3.330666,14,33340,176161,2013211,6906089,1146755,0.857596
2273,209501,6886652,2073485,4813167,3.321293,14,33215,176286,2007703,6886652,1144160,0.857529
2274,209017,6792876,2073485,4719391,3.276067,14,33179,175838,1982910,6792876,1138764,0.856428
2275,208561,6770351,2073481,4696870,3.265210,14,33151,175410,1977150,6770351,1138249,0.856075
2276,208431,6745248,2073480,4671768,3.253105,13,33088,175343,1970950,6745248,1138552,0.855583
2277,208431,6720748,2073475,4647273,3.241297,14,32887,175544,1964010,6720748,1135292,0.855488
2278,208431,6697335,2073473,4623862,3.230008,14,32850,175581,1958185,6697335,1135405,0.855044
2279,208431,6674549,2073477,4601072,3.219013,14,32672,175759,1951731,6674549,1132375,0.854952
2280,208431,6652067,2073473,4578594,3.208176,14,32669,175762,1946180,6652067,1132653,0.854503
2281,207975,6627459,2073476,4553983,3.196304,12,32414,175561,1939307,6627459,1129769,0.854359
2282,207975,6600974,2073473,4527501,3.183535,13,32362,175613,1931329,6600974,1124342,0.854460
2283,207975,6541593,2073468,4468125,3.154904,13,32216,175759,1915292,6541593,1119575,0.853864
2284,207891,6530341,2073468,4456873,3.149478,12,32074,175817,1911766,6530341,1116723,0.853967
2285,207891,6526099,2073469,4452630,3.147430,12,31956,175935,1910047,6526099,1114089,0.854180
2286,207891,6530321,2073463,4456858,3.149476,12,31846,176045,1911165,6530321,1114339,0.854233
2287,207891,6532965,2073467,4459498,3.150745,12,31839,176052,1912244,6532965,1116011,0.854097
2288,207435,6521028,2073460,4447568,3.144998,11,31769,175666,1910084,6521028,1119308,0.853500
2289,206915,6485619,2073462,4412157,3.127918,12,31814,175101,1900061,6485619,1114625,0.853344
2290,206911,6433992,2073461,4360531,3.103021,12,31722,175189,1886459,6433992,1111844,0.852655
2291,206911,6384206,2073462,4310744,3.079008,11,31607,175304,1872463,6384206,1105646,0.852381
2292,206911,6345092,2073461,4271631,3.060145,11,31603,175308,1859982,6345092,1094836,0.852843
2293,206911,6319914,2073458,4246456,3.048007,12,31548,175363,1852882,6319914,1091614,0.852714
2294,206907,6298042,2073457,4224585,3.037460,11,31547,175360,1846850,6298042,1089358,0.852538
2295,206907,6280649,2073459,4207190,3.029068,11,31505,175402,1842794,6280649,1090527,0.852055
2296,206719,6265152,2073460,4191692,3.021593,11,31316,175403,1839360,6265152,1092288,0.851540
2297,206719,6248521,2073457,4175064,3.013576,12,31261,175458,1834666,6248521,1090143,0.851452
2298,206719,6231661,2073454,4158207,3.005449,12,31142,175577,1830780,6231661,1091459,0.850957
2299,206719,6215647,2073460,4142187,2.997717,12,31064,175655,1826545,6215647,1090533,0.850738
2300,206719,6194262,2073457,4120805,2.987408,12,31042,175677,1821316,6194262,1091002,0.850245
2301,206719,6167089,2073461,4093628,2.974297,12,30921,175798,1813804,6167089,1088127,0.850021
2302,206719,6134523,2073457,4061066,2.958597,12,30899,175820,1805060,6134523,1085717,0.849629
2303,206719,6104733,2073461,4031272,2.944224,12,30796,175923,1796018,6104733,1079339,0.849759
2304,206719,6078441,2073462,4004979,2.931542,12,30744,175975,1789147,6078441,1078147,0.849349
2305,206719,6053261,2073461,3979800,2.919399,12,30539,176180,1781974,6053261,1074635,0.849235
2306,206719,6031579,2073463,3958116,2.908940,12,30480,176239,1775864,6031579,1071877,0.849105
2307,206719,6014409,2073462,3940947,2.900660,11,30391,176328,1770533,6014409,1067723,0.849237
2308,206719,6002638,2073462,3929176,2.894983,11,30270,176449,1767859,6002638,1068798,0.848857
2309,206719,5994901,2073464,3921437,2.891249,11,30178,176541,1766419,5994901,1070775,0.848454
2310,206719,5986572,2073465,3913107,2.887231,11,30161,176558,1764030,5986572,1069548,0.848423
2311,206719,5976843,2073464,3903379,2.882540,11,30144,176575,1760619,5976843,1065633,0.848685
2312,206719,5963921,2073466,3890455,2.876305,11,30024,176695,1757358,5963921,1065511,0.848421
2313,204811,5951787,2073466,3878321,2.870453,11,30041,174770,1753705,5951787,1063033,0.848459
2314,204811,5933962,2073472,3860490,2.861848,11,29787,175024,1749545,5933962,1064218,0.847929
2315,204731,5909787,2073471,3836316,2.850190,11,29837,174894,1743208,5909787,1063045,0.847545
2316,204319,5885594,2073466,3812128,2.838529,11,29637,174682,1736341,5885594,1059770,0.847413
2317,204319,5868066,2073469,3794597,2.830072,11,29407,174912,1730572,5868066,1054222,0.847706
2318,204319,5854675,2073475,3781200,2.823605,11,29218,175101,1727088,5854675,1053677,0.847478
2319,204291,5843465,2073475,3769990,2.818199,11,29124,175167,1723897,5843465,1052123,0.847421
2320,204291,5828082,2073470,3754612,2.810787,11,28708,175583,1719749,5828082,1050914,0.847229
2321,203695,5803241,2073475,3729766,2.798800,10,27852,175843,1710069,5803241,1037035,0.848393
2322,203695,5766769,2073480,3693289,2.781203,10,27181,176514,1697155,5766769,1021851,0.849476
2323,203623,5736732,2073477,3663255,2.766721,10,26808,176815,1685433,5736732,1005000,0.850929
2324,194537,5713145,2073481,3639664,2.755340,10,26533,168004,1677123,5713145,995347,0.851629
2325,190898,5675486,2073479,3602007,2.737180,10,26363,164535,1665592,5675486,986882,0.851872
2326,190898,5614539,2073470,3541069,2.707799,10,25945,164953,1645930,5614539,969181,0.852791
2327,190898,5536616,2073481,3463135,2.670203,10,25464,165434,1621416,5536616,949048,0.853670
2328,190898,5451227,2073483,3377744,2.629019,10,24866,166032,1595368,5451227,930245,0.854227
2329,190898,5343135,2073465,3269670,2.576911,10,24460,166438,1563737,5343135,911813,0.854225
2330,190898,5261060,2073484,3187576,2.537304,10,23826,167072,1539095,5261060,895320,0.854570
2331,190898,5196106,2073480,3122626,2.505983,10,23492,167406,1521586,5196106,890238,0.853732
2332,190898,5143043,2073435,3069608,2.480446,10,23318,167580,1506886,5143043,884501,0.853257
2333,190898,5097304,2073472,3023832,2.458342,10,23158,167740,1493913,5097304,878348,0.853012
2334,190898,5061128,2073248,2987880,2.441159,10,23005,167893,1484163,5061128,875524,0.852522
2335,190898,5043278,2072684,2970594,2.433211,10,22855,168043,1478510,5043278,870762,0.852764
2336,190898,5030911,2071690,2959221,2.428409,10,22786,168112,1474826,5030911,868393,0.852797
2337,189410,5019586,2070198,2949388,2.424689,10,22557,166853,1471197,5019586,865202,0.852977
2338,189342,5005172,2068066,2937106,2.420219,10,22352,166990,1466814,5005172,862084,0.853069
2339,188886,4976777,2065186,2911591,2.409844,10,22167,166719,1458585,4976777,857563,0.853015
2340,187020,4934933,2061364,2873569,2.394013,10,21982,165038,1446748,4934933,852059,0.852763
2341,187020,4887157,2056788,2830369,2.376111,10,21759,165261,1433723,4887157,847735,0.852179
2342,183142,4830918,2051376,2779542,2.354965,10,21689,161453,1418117,4830918,841550,0.851643
2343,183142,4764905,2027515,2737390,2.350121,10,21601,161541,1400315,4764905,836355,0.850684
2344,183142,4691292,2000984,2690308,2.344493,10,21327,161815,1379917,4691292,828376,0.849923
2345,183142,4613035,1972081,2640954,2.339171,10,20994,162148,1358950,4613035,822765,0.848640
2346,183142,4536782,1940454,2596328,2.338000,10,20579,162563,1337514,4536782,813274,0.847988
2347,183142,4458796,1905718,2553078,2.339693,10,20243,162899,1317778,4458796,812316,0.845893
2348,180486,4376054,1867391,2508663,2.343405,10,19823,160663,1295513,4376054,805998,0.844464
2349,180486,4288105,1824937,2463168,2.349728,10,19513,160973,1273752,4288105,806903,0.841629
2350,180400,4191773,1777654,2414119,2.358036,10,19312,161088,1247997,4191773,800215,0.839700
2351,179920,4100291,1738850,2361441,2.358048,10,18545,161375,1219174,4100291,776405,0.840793
2352,179731,3986119,1696231,2289888,2.349986,10,18051,161680,1185910,3986119,757521,0.840308
2353,173130,3892396,1649111,2243285,2.360300,10,18013,155117,1161095,3892396,751984,0.838087
2354,173130,3789736,1596667,2193069,2.373529,10,17957,155173,1131534,3789736,736400,0.837301
2355,173130,3685577,1537879,2147698,2.396532,10,17849,155281,1102914,3685577,726079,0.835418
2356,171917,3583526,1472896,2110630,2.432980,10,17738,154179,1074187,3583526,713222,0.834009
2357,159389,3485093,1416683,2068410,2.460037,10,17467,141922,1044480,3485093,692827,0.834169
2358,159389,3408390,1381207,2027183,2.467689,10,17384,142005,1023620,3408390,686090,0.832435
2359,145729,3307845,1351753,1956092,2.447078,10,17041,128688,995239,3307845,673111,0.830917
2360,145729,3167322,1322559,1844763,2.394844,8,16367,129362,956130,3167322,657198,0.828162
2361,145729,2934305,1288043,1646262,2.278111,8,15349,130380,887447,2934305,615483,0.826614
2362,103817,2766891,1253822,1513069,2.206765,8,14509,89308,836542,2766891,579277,0.826883
2363,101741,2693245,1219863,1473382,2.207826,8,13867,87874,813885,2693245,562295,0.827281
2364,96005,2626035,1186133,1439902,2.213946,8,12748,83257,791900,2626035,541565,0.829030
2365,92310,2569650,1152665,1416985,2.229312,8,12543,79767,774075,2569650,526650,0.829910
2366,92310,2519671,1119354,1400317,2.251005,8,12480,79830,759323,2519671,517621,0.829578
2367,92310,2448739,1086072,1362667,2.254675,8,11936,80374,736029,2448739,495377,0.831740
2368,88550,2381943,1052914,1329029,2.262239,8,11577,76973,714787,2381943,477205,0.833095
2369,88550,2311908,1019719,1292189,2.267201,8,11011,77539,692056,2311908,456316,0.835159
2370,88550,2235304,986723,1248581,2.265381,8,9518,79032,664360,2235304,422136,0.841149
2371,88550,2022422,905053,1117369,2.234590,8,7186,81364,594118,2022422,354050,0.851019
2372,128968,1842300,829756,1012544,2.220291,7,5884,123084,534681,1842300,296424,0.861401
2373,107418,1831168,818727,1012441,2.236604,7,5324,102094,523227,1831168,261740,0.874940
2374,106668,1649265,829022,820243,1.989410,7,3598,103070,464132,1649265,207263,0.888360
2375,107473,1505290,842094,663196,1.787556,7,2243,105230,415424,1505290,156406,0.905876
2376,107473,1364007,847739,516268,1.608994,6,1713,105760,371827,1364007,123301,0.917098
2377,107473,1210337,844387,365950,1.433391,6,1210,106263,322895,1210337,81243,0.937098
2378,107473,1082612,832724,249888,1.300085,7,456,107017,281875,1082612,44888,0.960188
2379,101789,958097,811731,146366,1.180313,3,71,101718,243685,958097,16643,0.982926
2380,98029,959600,781039,178561,1.228620,3,58,97971,242106,959600,8824,0.990888
2381,98029,970560,773239,197321,1.255188,3,31,97998,244215,970560,6300,0.993551
2382,98029,998502,782075,216427,1.276734,3,12,98017,251064,998502,5754,0.994270
2383,98029,1040261,805844,234417,1.290896,3,11,98018,261487,1040261,5687,0.994563
2384,98029,1084702,833409,251293,1.301524,3,9,98020,272540,1084702,5458,0.994993
2385,98029,1129529,862409,267120,1.309737,3,9,98020,283775,1129529,5571,0.995092
2386,109719,1172341,890373,281968,1.316685,3,9,109710,294540,1172341,5819,0.995061
2387,109719,1212807,916996,295811,1.322587,3,9,109710,304635,1212807,5733,0.995295
2388,109719,1251444,942708,308736,1.327499,3,9,109710,314524,1251444,6652,0.994713
2389,109719,1290593,967804,322789,1.333527,4,12,109707,324081,1290593,5731,0.995579
2390,105010,1337820,992545,345275,1.347868,5,39,104971,336144,1337820,6756,0.994975
2391,109719,1294913,964302,330611,1.342850,5,33,109686,325253,1294913,6099,0.995312
2392,109719,1377780,977586,400194,1.409370,5,22,109697,346403,1377780,7832,0.994348
2393,109719,1327398,962133,365265,1.379641,3,12,109707,333523,1327398,6694,0.994982
2394,109719,1279800,946213,333587,1.352550,3,11,109708,321858,1279800,7632,0.994072
2395,109719,1240299,929185,311114,1.334825,3,12,109707,312279,1240299,8817,0.992941
2396,109719,1194148,911399,282749,1.310236,3,11,109708,300730,1194148,8772,0.992708
2397,109719,1150592,893164,257428,1.288220,3,11,109708,289851,1150592,8812,0.992400
2398,109719,1115124,875175,239949,1.274173,3,13,109706,281376,1115124,10380,0.990777
2399,109719,1270665,858249,412416,1.480532,4,19,109700,321330,1270665,14655,0.988598
2400,109719,1235064,839896,395168,1.470496,4,19,109700,312495,1235064,14916,0.988067
2401,109719,1208012,840731,367281,1.436859,3,19,109700,305699,1208012,14784,0.987910
2402,109719,1185466,842891,342575,1.406429,4,19,109700,300125,1185466,15034,0.987477
2403,109719,1166784,846181,320603,1.378882,3,19,109700,295463,1166784,15068,0.987251
2404,109719,1151283,850343,300940,1.353904,3,19,109700,291594,1151283,15093,0.987060
2405,109719,1606969,947101,659868,1.696724,3,21,109698,405901,1606969,16635,0.989754
2406,109719,1646408,959193,687215,1.716451,4,24,109695,415763,1646408,16644,0.989992
2407,118833,1727456,971255,756201,1.778581,4,27,118806,436347,1727456,17932,0.989726
2408,120909,1845888,983479,862409,1.876896,6,37,120872,466660,1845888,20752,0.988883
2409,120909,1963044,995735,967309,1.971452,6,55,120854,495865,1963044,20416,0.989707
2410,120909,2071779,1007767,1064012,2.055812,6,75,120834,524393,2071779,25793,0.987703
2411,120995,2611106,1119392,1491714,2.332611,7,111,120884,664726,2611106,47798,0.982023
2412,106938,3114865,1233229,1881636,2.525780,6,151,106787,796052,3114865,69343,0.978223
2413,158770,3491846,1350750,2141096,2.585116,7,261,158509,896480,3491846,94074,0.973766
2414,227193,4338929,1478318,2860611,2.935044,21,4257,222936,1134497,4338929,199059,0.956135
2415,257648,5204736,1616053,3588683,3.220647,21,11159,246489,1392088,5204736,363616,0.934700
2416,267629,5951366,1763478,4187888,3.374789,21,17722,249907,1610327,5951366,489942,0.923937
2417,429245,6820704,1923857,4896847,3.545328,25,26240,403005,1869827,6820704,658604,0.911943
2418,518139,8323453,2069525,6253928,4.021915,143,48459,469680,2363438,8323453,1130299,0.880439
2419,529002,9431725,2073600,7358125,4.548478,139,63245,465757,2716010,9431725,1432315,0.868160
2420,580033,10466041,2073600,8392441,5.047281,153,88376,491657,3090919,10466041,1897635,0.846515
2421,587799,10625261,2073600,8551661,5.124065,152,94927,492872,3152140,10625261,1983299,0.842702
2422,614792,10773027,2073600,8699427,5.195326,153,102583,512209,3211666,10773027,2073637,0.838586
2423,683866,10979930,2073600,8906330,5.295105,157,114530,569336,3299842,10979930,2219438,0.831853
2424,780080,11188280,2073600,9114680,5.395583,150,130254,649826,3395840,11188280,2395080,0.823675
2425,787011,12140096,2073600,10066496,5.854599,185,169940,617071,3768471,12140096,2933788,0.805373
2426,841370,13341239,2073600,11267639,6.433854,189,192857,648513,4198439,13341239,3452517,0.794417
2427,880412,13117261,2073600,11043661,6.325840,189,196680,683732,4140352,13117261,3444147,0.792038
2428,928909,12867439,2073600,10793839,6.205362,190,204368,724541,4078798,12867439,3447753,0.788678
2429,956064,12765720,2073600,10692120,6.156308,188,215116,740948,4063841,12765720,3489644,0.785324
2430,1013751,12675798,2073599,10602199,6.112946,192,221283,792468,4049438,12675798,3521954,0.782565
2431,1013751,12693405,2073600,10619805,6.121434,190,222390,791361,4057266,12693405,3535659,0.782140
2432,1013367,12590250,2073600,10516650,6.071687,190,223500,789867,4030829,12590250,3533066,0.780872
2433,1016745,12615680,2073599,10542081,6.083954,197,223791,792954,4039936,12615680,3544064,0.780686
2434,1037961,12615764,2069770,10545994,6.095249,194,224681,813280,4041161,12615764,3548880,0.780454
2435,1050315,12651530,2069947,10581583,6.112007,193,225354,824961,4051567,12651530,3554738,0.780657
2436,1052265,12686470,2069815,10616655,6.129277,199,225765,826500,4064126,12686470,3570034,0.780393
2437,1057959,12690949,2069352,10621597,6.132813,195,226456,831503,4066525,12690949,3575151,0.780208
2438,1061311,12694553,2068924,10625629,6.135824,198,226742,834569,4069617,12694553,3583915,0.779837
2439,1061311,12752038,2068362,10683676,6.165283,202,227442,833869,4086405,12752038,3593582,0.780150
2440,1081983,12815329,2067706,10747623,6.197849,196,228158,853825,4102619,12815329,3595147,0.780924
2441,1099959,12854151,2066335,10787816,6.220749,201,230527,869432,4114620,12854151,3604329,0.781005
2442,1100099,12880718,2064886,10815832,6.237980,193,233119,866980,4122725,12880718,3610182,0.781080
2443,1102311,12849546,2063324,10786222,6.227595,196,234256,868055,4117100,12849546,3618854,0.780255
2444,1102887,12909343,2061650,10847693,6.261656,189,234478,868409,4132779,12909343,3621773,0.780912
2445,1146628,12942057,2059874,10882183,6.282936,188,235032,911596,4139159,12942057,3614579,0.781684
2446,1170597,12681826,2058067,10623759,6.162008,188,236148,934449,4070563,12681826,3600426,0.778874
2447,1175661,12714605,2056057,10658548,6.183975,187,237903,937758,4081599,12714605,3611791,0.778776
2448,1179137,12741141,2053629,10687512,6.204208,183,238584,940553,4089480,12741141,3616779,0.778897
2449,1195460,12769562,2051193,10718369,6.225432,187,240788,954672,4101439,12769562,3636194,0.778359
2450,1210098,12794170,2048694,10745476,6.245037,183,243221,966877,4111371,12794170,3651314,0.777975
2451,1213798,12820996,2048410,10772586,6.258999,183,243421,970377,4120008,12820996,3659036,0.777972
2452,1214036,12845774,2048181,10797593,6.271796,184,243895,970141,4127838,12845774,3665578,0.777996
2453,1214604,12871500,2047963,10823537,6.285026,185,243794,970810,4136591,12871500,3674864,0.777905
2454,1202240,12896258,2047715,10848543,6.297877,183,243922,958318,4143725,12896258,3678642,0.778059
2455,1202240,12922477,2047452,10875025,6.311492,183,244120,958120,4151728,12922477,3684435,0.778138
2456,1200330,12946382,2047226,10899156,6.323866,181,244038,956292,4158461,12946382,3687462,0.778316
2457,1199078,12973108,2047007,10926101,6.337598,179,244477,954601,4165555,12973108,3689112,0.778594
2458,1199126,13016325,2046780,10969545,6.359416,179,244839,954287,4177342,13016325,3693043,0.778984
2459,1199055,13080322,2046553,11033769,6.391392,183,244808,954247,4195365,13080322,3701138,0.779451
2460,1199131,13155845,2046363,11109482,6.428891,178,245072,954059,4216882,13155845,3711683,0.779951
2461,1203769,13228327,2045962,11182365,6.465578,183,245924,957845,4238139,13228327,3724229,0.780315
2462,1208427,13238102,2045668,11192434,6.471286,177,246532,961895,4245211,13238102,3742742,0.779590
2463,1216753,13095907,2045414,11050493,6.402570,177,247649,969104,4208930,13095907,3739813,0.777864
2464,1219483,13056333,2045287,11011046,6.383619,177,248789,970694,4200681,13056333,3746391,0.777037
2465,1222999,13066550,2045109,11021441,6.389170,182,249691,973308,4209136,13066550,3769994,0.776083
2466,1266762,13078998,2045098,11033900,6.395292,187,250760,1016002,4217307,13078998,3790230,0.775317
2467,1259951,13071894,2045136,11026758,6.391699,188,251930,1008021,4219364,13071894,3805562,0.774518
2468,1263669,13033987,2045168,10988819,6.373064,184,253526,1010143,4214781,13033987,3825137,0.773112
2469,1271818,13027683,2045043,10982640,6.370371,185,255547,1016271,4217939,13027683,3844073,0.772159
2470,1278466,13028017,2044718,10983299,6.371547,184,257222,1021244,4222829,13028017,3863299,0.771285
2471,1287588,13047501,2043349,11004152,6.385351,185,263048,1024540,4240383,13047501,3914031,0.769241
2472,1298804,13057525,2041925,11015600,6.394713,184,266967,1031837,4253168,13057525,3955147,0.767518
2473,1303742,13055225,2040535,11014690,6.397942,189,269351,1034391,4261725,13055225,3991675,0.765842
2474,1304529,13090851,2039204,11051647,6.419589,188,272152,1032377,4279290,13090851,4026309,0.764779
2475,1307039,13095157,2038481,11056676,6.423978,187,273721,1033318,4286179,13095157,4049559,0.763801
2476,1308044,13111883,2038365,11073518,6.432549,190,275039,1033005,4295423,13111883,4069809,0.763131
2477,1319150,13098444,2038289,11060155,6.426196,194,276339,1042811,4298526,13098444,4095660,0.761799
2478,1338904,13162045,2038210,11123835,6.457649,191,277983,1060921,4323219,13162045,4130831,0.761125
2479,1339571,13215729,2038157,11177572,6.484157,191,280258,1059313,4345133,13215729,4164803,0.760375
2480,1349027,13245881,2038039,11207842,6.499327,191,281772,1067255,4360604,13245881,4196535,0.759406
2481,1347533,13264535,2037972,11226563,6.508693,193,281813,1065720,4365715,13264535,4198325,0.759585
2482,1347515,13287420,2037927,11249493,6.520067,191,281519,1065996,4371849,13287420,4199976,0.759828
2483,1342899,13314061,2037889,11276172,6.533261,199,281027,1061872,4378667,13314061,4200607,0.760166
2484,1342867,13338874,2037802,11301072,6.545716,193,281020,1061847,4385889,13338874,4204682,0.760329
2485,1339071,13360403,2037744,11322659,6.556468,188,280551,1058520,4391039,13360403,4203753,0.760663
2486,1339009,13381747,2037679,11344068,6.567152,189,279959,1059050,4396443,13381747,4204025,0.760942
2487,1337715,13400278,2037644,11362634,6.576359,190,279814,1057901,4402759,13400278,4210758,0.760902
2488,1336479,13418760,2037601,11381159,6.585568,187,279542,1056937,4406529,13418760,4207356,0.761300
2489,1335612,13433985,2037591,11396394,6.593072,185,278951,1056661,4410491,13433985,4207979,0.761479
2490,1335454,13449235,2037518,11411717,6.600793,184,278731,1056723,4411637,13449235,4197313,0.762145
2491,1332839,13490386,2036865,11453521,6.623112,186,279201,1053638,4424693,13490386,4208386,0.762222
2492,1333119,13562706,2036211,11526495,6.660757,189,279577,1053542,4443465,13562706,4211154,0.763070
2493,1333181,13648412,2035551,11612861,6.705021,183,279615,1053566,4468776,13648412,4226692,0.763543
2494,1333031,13701878,2034861,11667017,6.733570,181,279573,1053458,4484742,13701878,4237090,0.763805
2495,1333079,13706492,2034140,11672352,6.738225,182,279819,1053260,4487964,13706492,4245364,0.763514
2496,1333109,13703393,2033484,11669909,6.738874,172,280107,1053002,4486876,13703393,4244111,0.763526
2497,1333109,13736300,2032819,11703481,6.757267,178,279677,1053432,4496458,13736300,4249532,0.763729
2498,1333347,13783669,2032132,11751537,6.782861,174,280523,1052824,4509218,13783669,4253203,0.764194
2499,1333347,13835562,2031440,11804122,6.810717,174,280339,1053008,4524747,13835562,4263426,0.764438
2500,1333347,13883811,2030739,11853072,6.836827,166,280584,1052763,4540192,13883811,4276957,0.764495
2501,1334229,13907074,2030351,11876723,6.849591,167,281521,1052708,4549367,13907074,4290394,0.764231
2502,1334465,13934551,2029972,11904579,6.864406,170,282488,1051977,4560439,13934551,4307205,0.763882
2503,1332550,13977920,2029629,11948291,6.886934,173,283354,1049196,4574790,13977920,4321240,0.763856
2504,1336744,14017879,2029224,11988655,6.908000,171,284507,1052237,4589784,14017879,4341257,0.763537
2505,1337178,14050984,2028904,12022080,6.925406,174,285273,1051905,4602105,14050984,4357436,0.763291
2506,1332630,14070170,2028477,12041693,6.936322,170,286760,1045870,4612374,14070170,4379326,0.762632
2507,1333620,14084669,2028104,12056565,6.944747,170,287614,1046006,4619771,14084669,4394415,0.762195
2508,1343414,14113816,2027712,12086104,6.960464,173,288711,1054703,4630376,14113816,4407688,0.762023
2509,1355763,14140252,2027351,12112901,6.974743,165,289081,1066682,4640525,14140252,4421848,0.761781
2510,1356322,14171040,2026936,12144104,6.991360,161,289621,1066701,4653151,14171040,4441564,0.761368
2511,1367967,14223345,2027646,12195699,7.014708,158,291944,1076023,4675403,14223345,4478267,0.760541
2512,1380021,14237598,2028353,12209245,7.019290,159,291590,1088431,4684798,14237598,4501594,0.759777
2513,1395612,14243993,2028993,12215000,7.020228,157,291567,1104045,4692630,14243993,4526527,0.758849
2514,1421296,14224302,2029658,12194644,7.008226,158,291027,1130269,4685462,14224302,4517546,0.758959
2515,1423723,14192939,2030329,12162610,6.990463,155,290664,1133059,4676100,14192939,4511461,0.758802
2516,1448505,14165067,2031020,12134047,6.974361,158,290971,1157534,4669778,14165067,4514045,0.758337
2517,1435189,14115965,2031671,12084294,6.947958,156,291402,1143787,4657854,14115965,4515451,0.757643
2518,1440299,14050080,2032302,12017778,6.913382,156,291731,1148568,4642197,14050080,4518708,0.756650
2519,1449663,14015452,2032841,11982611,6.894515,159,291724,1157939,4631297,14015452,4509736,0.756562
2520,1461577,13972584,2033335,11939249,6.871757,158,290336,1171241,4622550,13972584,4517616,0.755675
2521,1461703,13957630,2032917,11924713,6.865814,163,288950,1172753,4615559,13957630,4504606,0.756010
2522,1460511,13932266,2032552,11899714,6.854568,166,288733,1171778,4609182,13932266,4504462,0.755680
2523,1460455,13909201,2032119,11877082,6.844678,165,288844,1171611,4603704,13909201,4505615,0.755327
2524,1442387,13881280,2031725,11849555,6.832263,163,288792,1153595,4598776,13881280,4513824,0.754618
2525,1444177,13866160,2031218,11834942,6.826525,162,288872,1155305,4596248,13866160,4518832,0.754211
2526,1444467,13853117,2030606,11822511,6.822159,157,289456,1155011,4595342,13853117,4528251,0.753650
2527,1444467,13829669,2030004,11799665,6.812631,158,288925,1155542,4589761,13829669,4529375,0.753289
2528,1444809,13807167,2029355,11777812,6.803722,164,288594,1156215,4583005,13807167,4524853,0.753172
2529,1444275,13783726,2028839,11754887,6.793898,163,288967,1155308,4577170,13783726,4524954,0.752852
2530,1444283,13751887,2028460,11723427,6.779472,162,288750,1155533,4569894,13751887,4527689,0.752309
2531,1444211,13739074,2028358,11710716,6.773496,157,288611,1155600,4565100,13739074,4521326,0.752397
2532,1444211,13729836,2027836,11702000,6.770684,155,289100,1155111,4563812,13729836,4525412,0.752104
2533,1444139,13718663,2027686,11690977,6.765674,162,288071,1156068,4559073,13718663,4517629,0.752273
2534,1444083,13710782,2026929,11683853,6.764313,163,288160,1155923,4556223,13710782,4514110,0.752311
2535,1443771,13707028,2026979,11680049,6.762294,163,287731,1156040,4557291,13707028,4522136,0.751929
2536,1443771,13700924,2026254,11674670,6.761701,156,287375,1156396,4555694,13700924,4521852,0.751857
2537,1443771,13693970,2026043,11667927,6.758973,156,287421,1156350,4553541,13693970,4520194,0.751831
2538,1443673,13683223,2025735,11657488,6.754695,155,287069,1156604,4551637,13683223,4523325,0.751555
2539,1438585,13674952,2025166,11649786,6.752509,155,286511,1152074,4546454,13674952,4510864,0.751957
2540,1438403,13676961,2025068,11651893,6.753828,161,286462,1151941,4547869,13676961,4514515,0.751833
2541,1438403,13646056,2026916,11619140,6.732423,157,287009,1151394,4538677,13646056,4508652,0.751654
2542,1438401,13612678,2029012,11583666,6.709018,159,286111,1152290,4529043,13612678,4503494,0.751410
2543,1434639,13575420,2031325,11544095,6.683037,156,286043,1148596,4516474,13575420,4490476,0.751439
2544,1433659,13535566,2033578,11501988,6.656035,158,284333,1149326,4505236,13535566,4485378,0.751102
2545,1432911,13498251,2035629,11462622,6.630998,154,283286,1149625,4493227,13498251,4474657,0.751033
2546,1432911,13465590,2037733,11427857,6.608123,156,283287,1149624,4483154,13465590,4467026,0.750899
2547,1432437,13437394,2040013,11397381,6.586916,155,283251,1149186,4475695,13437394,4465386,0.750576
2548,1432419,13417372,2042493,11374879,6.569115,154,282576,1149843,4468462,13417372,4456476,0.750671
2549,1432347,13397937,2044884,11353053,6.551930,158,282582,1149765,4463106,13397937,4454487,0.750483
2550,1432293,13376916,2047353,11329563,6.533761,156,281698,1150595,4455332,13376916,4444412,0.750613
2551,1432207,13325440,2051140,11274300,6.496602,154,281058,1151149,4441335,13325440,4439900,0.750081
2552,1428398,13269041,2055068,11213973,6.456741,158,279126,1149272,4423797,13269041,4426147,0.749867
2553,1419828,13216376,2058775,11157601,6.419534,156,277276,1142552,4407813,13216376,4414876,0.749599
2554,1417944,13181758,2062856,11118902,6.390052,154,276355,1141589,4394433,13181758,4395974,0.749912
2555,1417356,13148037,2065188,11082849,6.366509,158,274110,1143246,4383830,13148037,4387283,0.749803
2556,1412558,13108906,2067204,11041702,6.341370,156,273611,1138947,4370926,13108906,4374798,0.749779
2557,1403484,13071479,2069816,11001663,6.315286,152,272602,1130882,4359605,13071479,4366941,0.749579
2558,1403888,13035373,2072288,10963085,6.290329,156,271890,1131998,4346048,13035373,4348819,0.749841
2559,1400342,12988637,2073599,10915038,6.263813,158,268719,1131623,4330664,12988637,4334019,0.749806
2560,1400050,12944394,2073599,10870795,6.242477,157,266853,1133197,4311980,12944394,4303526,0.750490
2561,1398338,12944644,2073600,10871044,6.242595,158,266544,1131794,4311346,12944644,4300740,0.750615
2562,1396767,12949699,2073600,10876099,6.245032,152,266503,1130264,4312850,12949699,4301701,0.750646
2563,1394739,12952593,2073599,10878994,6.246431,160,265737,1129002,4312666,12952593,4298071,0.750846
2564,1385722,12954144,2073600,10880544,6.247176,156,265515,1120207,4311674,12954144,4292552,0.751109
2565,1385778,12948758,2073598,10875160,6.244585,159,265211,1120567,4309820,12948758,4290522,0.751119
2566,1384329,12953221,2073600,10879621,6.246731,154,264737,1119592,4310818,12953221,4290051,0.751204
2567,1354523,12973305,2073600,10899705,6.256416,159,263768,1090755,4315421,12973305,4288379,0.751567
2568,1354493,13007447,2073599,10933848,6.272884,159,262526,1091967,4323993,13007447,4288525,0.752051
2569,1352657,13047116,2073599,10973517,6.292015,159,260841,1091816,4332480,13047116,4282804,0.752866
2570,1348883,13082645,2073600,11009045,6.309146,159,259716,1089167,4340225,13082645,4278255,0.753570
2571,1345555,13111428,2073600,11037828,6.323027,158,259073,1086482,4348513,13111428,4282624,0.753788
2572,1344475,13142316,2073598,11068718,6.337929,164,258384,1086091,4357634,13142316,4288220,0.753982
2573,1340635,13168873,2073600,11095273,6.350730,160,257630,1083005,4363062,13168873,4283375,0.754566
2574,1339749,13193387,2073598,11119789,6.362558,162,256524,1083225,4369612,13193387,4285061,0.754837
2575,1339161,13212687,2073600,11139087,6.371859,162,255622,1083539,4373767,13212687,4282381,0.755224
2576,1338395,13230640,2073596,11157044,6.380529,159,255041,1083354,4378502,13230640,4283368,0.755432
2577,1338319,13245231,2073598,11171633,6.387560,161,254504,1083815,4382134,13245231,4283305,0.755638
2578,1338219,13255712,2073600,11182112,6.392608,161,253812,1084407,4384651,13255712,4282892,0.755802
2579,1334249,13263012,2073598,11189414,6.396135,162,252416,1081833,4385229,13263012,4277904,0.756119
2580,1332617,13269962,2073597,11196365,6.399489,164,251504,1081113,4387071,13269962,4278322,0.756197
2581,1328920,13282075,2073600,11208475,6.405322,162,250639,1078281,4392217,13282075,4286793,0.756001
2582,1324837,13292604,2073596,11219008,6.410412,168,249583,1075254,4395535,13292604,4289536,0.756029
2583,1323427,13305468,2073599,11231869,6.416606,166,248896,1074531,4400778,13305468,4297644,0.755859
2584,1323397,13310663,2073600,11237063,6.419108,168,248179,1075218,4402986,13310663,4301281,0.755775
2585,1322618,13306962,2073599,11233363,6.417327,168,247064,1075554,4402382,13306962,4302566,0.755668
2586,1321806,13293552,2073598,11219954,6.410863,166,245570,1076236,4397598,13293552,4296840,0.755728
2587,1321806,13294464,2073600,11220864,6.411296,166,244107,1077699,4398858,13294464,4300968,0.755563
2588,1320520,13312641,2073599,11239042,6.420065,179,242586,1077934,4402984,13312641,4299295,0.755887
2589,1317894,13333834,2073598,11260236,6.430289,176,241763,1076131,4409192,13333834,4302934,0.756025
2590,1307266,13354983,2073599,11281384,6.440485,175,240390,1066876,4414730,13354983,4303937,0.756274
2591,1303706,13407733,2073599,11334134,6.465924,176,239909,1063797,4427771,13407733,4303351,0.757025
2592,1303812,13475697,2073598,11402099,6.498703,177,239659,1064153,4448156,13475697,4316927,0.757375
2593,1304774,13543172,2073600,11469572,6.531236,175,239472,1065302,4467893,13543172,4328400,0.757805
2594,1299966,13613317,2073597,11539720,6.565074,177,239175,1060791,4488306,13613317,4339907,0.758266
2595,1300178,13688563,2073598,11614965,6.601358,175,239410,1060768,4508692,13688563,4346205,0.759010
2596,1307846,13766835,2073600,11693235,6.639099,176,239344,1068502,4533463,13766835,4367017,0.759179
2597,1303460,13844704,2073599,11771105,6.676654,175,239541,1063919,4556780,13844704,4382416,0.759566
2598,1298486,13922072,2073600,11848472,6.713962,177,239971,1058515,4581244,13922072,4402904,0.759732
2599,1296773,13992070,2073600,11918470,6.747719,176,239946,1056827,4601900,13992070,4415530,0.760125
2600,1297059,14058907,2073600,11985307,6.779951,183,240160,1056899,4622892,14058907,4432661,0.760287
2601,1299906,14128721,2073599,12055122,6.813623,184,240606,1059300,4645311,14128721,4452523,0.760375
2602,1296116,14193475,2073599,12119876,6.844850,179,241352,1054764,4664128,14193475,4463037,0.760779
2603,1302020,14256080,2073599,12182481,6.875042,179,241493,1060527,4681578,14256080,4470232,0.761286
2604,1296771,14319470,2073600,12245870,6.905609,178,243039,1053732,4703507,14319470,4494558,0.761106
2605,1296645,14377833,2073597,12304236,6.933764,179,243673,1052972,4720650,14377833,4504767,0.761433
2606,1294569,14435897,2073599,12362298,6.961759,177,244727,1049842,4737987,14435897,4516051,0.761710
2607,1290585,14494268,2073600,12420668,6.989905,184,245710,1044875,4753739,14494268,4520688,0.762256
2608,1289267,14562100,2073597,12488503,7.022628,184,246446,1042821,4774034,14562100,4534036,0.762568
2609,1307763,14640652,2073600,12567052,7.060500,188,246211,1061552,4796805,14640652,4546568,0.763042
2610,1306677,14725607,2073600,12652007,7.101469,187,246137,1060540,4819465,14725607,4552253,0.763861
2611,1298361,14804902,2073600,12731302,7.139710,185,245130,1053231,4841466,14804902,4560962,0.764484
2612,1274767,14887716,2073600,12814116,7.179647,184,244448,1030319,4864702,14887716,4571092,0.765089
2613,1274623,14970958,2073599,12897359,7.219794,184,243365,1031258,4884914,14970958,4568698,0.766183
2614,1274235,15057974,2073599,12984375,7.261758,188,242732,1031503,4907363,15057974,4571478,0.767111
2615,1271298,15146046,2073599,13072447,7.304231,191,241840,1029458,4930398,15146046,4575546,0.767993
2616,1262193,15242733,2073600,13169133,7.350855,189,240794,1021399,4954128,15242733,4573779,0.769194
2617,1260043,15356830,2073597,13283233,7.405889,191,240241,1019802,4986290,15356830,4588330,0.769953
2618,1256345,15474994,2073599,13401395,7.462867,194,239299,1017046,5017272,15474994,4594094,0.771086
2619,1256345,15603155,2073599,13529556,7.524673,196,238144,1018201,5050845,15603155,4600225,0.772304
2620,1255603,15738751,2073599,13665152,7.590065,197,237730,1017873,5087244,15738751,4610225,0.773442
2621,1236580,15877927,2073598,13804329,7.657187,205,236651,999929,5123300,15877927,4615273,0.774790
2622,1233570,16020703,2073599,13947104,7.726037,210,235709,997861,5162034,16020703,4627433,0.775891
2623,1230208,16170492,2073599,14096893,7.798273,208,234420,995788,5199338,16170492,4626860,0.777526
2624,1214756,16315167,2073598,14241569,7.868047,212,233121,981635,5236866,16315167,4632297,0.778861
2625,1207725,16431821,2073599,14358222,7.924300,213,231501,976224,5262688,16431821,4618931,0.780581
2626,1205849,16510687,2073600,14437087,7.962330,217,229874,975975,5280210,16510687,4610153,0.781725
2627,1200122,16553947,2073599,14480348,7.983196,213,228591,971531,5287720,16553947,4596933,0.782660
2628,1181096,16574780,2073599,14501181,7.993243,213,226824,954272,5286797,16574780,4572408,0.783782
2629,1172126,16573887,2073599,14500288,7.992812,220,224965,947161,5281558,16573887,4552345,0.784517
2630,1170823,16489181,2073600,14415581,7.951958,216,222971,947852,5255027,16489181,4530927,0.784448
2631,1170833,16546323,2073599,14472724,7.979519,219,222436,948397,5270197,16546323,4534465,0.784901
2632,1162797,16706944,2073600,14633344,8.056975,223,221365,941432,5313275,16706944,4546156,0.786094
2633,1164008,16885105,2073598,14811507,8.142902,229,221264,942744,5361076,16885105,4559199,0.787393
2634,1141012,17072146,2073598,14998548,8.233103,237,221433,919579,5411928,17072146,4575566,0.788635
2635,1134807,17259496,2073597,15185899,8.323457,238,222146,912661,5462177,17259496,4589212,0.789955
2636,1117721,17444163,2073600,15370563,8.412501,234,221994,895727,5509779,17444163,4594953,0.791509
2637,1115897,17638094,2073600,15564494,8.506025,238,221997,893900,5561552,17638094,4608114,0.792858
2638,1106095,17832966,2073599,15759367,8.600007,238,220933,885162,5612339,17832966,4616390,0.794364
2639,1092343,18022668,2073597,15949071,8.691500,239,218327,874016,5657421,18022668,4607016,0.796417
2640,1088517,18227069,2073600,16153469,8.790060,242,216075,872442,5706961,18227069,4600775,0.798458
2641,1083714,18420040,2073600,16346440,8.883121,244,214779,868935,5756103,18420040,4604372,0.800022
2642,1072168,18600293,2073599,16526694,8.970053,243,214431,857737,5804995,18600293,4619687,0.801047
2643,1066323,18789069,2073596,16715473,9.061104,243,213872,852451,5855407,18789069,4632559,0.802210
2644,1058520,19010274,2073600,16936674,9.167763,247,213066,845454,5914717,19010274,4648594,0.803516
2645,1010342,19115966,2073599,17042367,9.218738,244,213362,796980,5946691,19115966,4670798,0.803639
2646,1008512,19337589,2073595,17263994,9.325634,249,213087,795425,6008044,19337589,4694587,0.804654
2647,1000821,19554486,2073600,17480886,9.430211,248,212955,787866,6067475,19554486,4715414,0.805709
2648,1000817,19777939,2073600,17704339,9.537972,248,213169,787648,6131043,19777939,4746233,0.806467
2649,1001169,19998463,2073599,17924864,9.644325,246,213676,787493,6190510,19998463,4763577,0.807626
2650,1001227,20219771,2073238,18146533,9.752750,249,213354,787873,6250041,20219771,4780393,0.808786
2651,999369,20418576,2073117,18345459,9.849215,248,212814,786555,6301536,20418576,4787568,0.810063
2652,994625,20625213,2072994,18552219,9.949480,249,212771,781854,6358062,20625213,4807035,0.810987
2653,994625,20838311,2072870,18765441,10.052879,250,212599,782026,6413544,20838311,4815865,0.812278
2654,991297,21059583,2072720,18986863,10.160361,249,212228,779069,6475412,21059583,4842065,0.813060
2655,989904,21045623,2072555,18973068,10.154434,248,211705,778199,6475525,21045623,4856477,0.812506
2656,976406,21282832,2072394,19210438,10.269684,248,211029,765377,6537336,21282832,4866512,0.813895
2657,966762,21528636,2072231,19456405,10.389110,247,210537,756225,6604085,21528636,4887704,0.814974
2658,966762,21782827,2072053,19710774,10.512678,249,210094,756668,6672674,21782827,4907869,0.816121
2659,960573,22045135,2071864,19973271,10.640242,251,209756,750817,6743865,22045135,4930325,0.817229
2660,960543,22317251,2071701,20245550,10.772429,247,209637,750906,6816292,22317251,4947917,0.818526
2661,953838,22586591,2071918,20514673,10.901296,245,209197,744641,6889184,22586591,4970145,0.819640
2662,952636,22864664,2072142,20792522,11.034313,245,209136,743500,6963927,22864664,4991044,0.820825
2663,930969,23152297,2072362,21079935,11.171937,248,209018,721951,7040341,23152297,5009067,0.822130
2664,920021,23449579,2072554,21377025,11.314339,245,208764,711257,7121292,23449579,5035589,0.823221
2665,917831,23756822,2072727,21684095,11.461626,243,208307,709524,7203222,23756822,5056066,0.824521
2666,917081,24069660,2072893,21996767,11.611627,244,207752,709329,7285956,24069660,5074164,0.825892
2667,921129,24391829,2073030,22318799,11.766269,242,207405,713724,7371506,24391829,5094195,0.827234
2668,920921,24725020,2073157,22651863,11.926265,243,207051,713870,7461316,24725020,5120244,0.828440
2669,920797,25063693,2073266,22990427,12.088991,244,206462,714335,7550195,25063693,5137087,0.829902
2670,920047,25410321,2073356,23336965,12.255648,246,205786,714261,7642577,25410321,5159987,0.831209
2671,912083,25761999,2073487,23688512,12.424481,251,205108,706975,7735828,25761999,5181313,0.832555
2672,912083,26121068,2073562,24047506,12.597197,247,204481,707602,7828929,26121068,5194648,0.834120
2673,910023,26489320,2073600,24415720,12.774556,249,204123,705900,7927249,26489320,5219676,0.835388
2674,898943,26866674,2073598,24793076,12.956549,246,203281,695662,8027188,26866674,5242078,0.836740
2675,896505,27253256,2073599,25179657,13.142973,246,203364,693141,8127295,27253256,5255924,0.838325
2676,860048,27647237,2073600,25573637,13.332965,243,202727,657321,8230834,27647237,5276099,0.839746
2677,860048,28043906,2073600,25970306,13.524260,240,202144,657904,8335874,28043906,5299590,0.841061
2678,832395,28441764,2073600,26368164,13.716128,241,201548,630847,8439082,28441764,5314564,0.842561
2679,832395,28839219,2073600,26765619,13.907802,241,200787,631608,8541306,28839219,5326005,0.844110
2680,832395,29240154,2073599,27166555,14.101161,243,199950,632445,8646504,29240154,5345862,0.845433
2681,832395,29643442,2073598,27569844,14.295655,239,198966,633429,8750290,29643442,5357718,0.846927
2682,832395,30047446,2073598,27973848,14.490488,238,198347,634048,8854314,30047446,5369810,0.848384
2683,831346,30447089,2073600,28373489,14.683203,236,196958,634388,8957595,30447089,5383291,0.849756
2684,831346,30845717,2073599,28772118,14.875449,236,195655,635691,9059277,30845717,5391391,0.851219
2685,820792,31244599,2073600,29170999,15.067804,239,194178,626614,9162761,31244599,5406445,0.852489
2686,820336,31650869,2073598,29577271,15.263744,239,192534,627802,9265986,31650869,5413075,0.853953
2687,819880,32063274,2073600,29989674,15.462613,239,191086,628794,9370099,32063274,5417122,0.855468
2688,816552,32483890,2073600,30410290,15.665456,245,189871,626681,9476923,32483890,5423802,0.856921
2689,816480,32867724,2073598,30794126,15.850577,242,188708,627772,9573595,32867724,5426656,0.858291
2690,798140,33314131,2073599,31240532,16.065850,241,187401,610739,9686962,33314131,5433717,0.859767
2691,816336,33723797,2073599,31650198,16.263413,246,187224,629112,9792811,33723797,5447447,0.860932
2692,815836,34148443,2073600,32074843,16.468192,237,186910,628926,9900802,34148443,5454765,0.862265
2693,815836,34568719,2073598,32495121,16.670888,237,186349,629487,10007189,34568719,5460037,0.863597
2694,815836,35001490,2073599,32927891,16.879585,243,186156,629680,10115295,35001490,5459690,0.865064
2695,815836,35445535,2073599,33371936,17.093727,247,185893,629943,10228990,35445535,5470425,0.866301
2696,815836,35907521,2073599,33833922,17.316521,242,185445,630391,10347890,35907521,5484039,0.867508
2697,815772,36386056,2073600,34312456,17.547288,242,184761,631011,10466706,36386056,5480768,0.869090
2698,814901,36910164,2073598,34836566,17.800058,245,184848,630053,10600278,36910164,5490948,0.870500
2699,814769,37481402,2073599,35407803,18.075531,243,184337,630432,10745062,37481402,5498846,0.872061
2700,814769,38070536,2073599,35996937,18.359642,246,184040,630729,10894105,38070536,5505884,0.873650
2701,810734,38671358,2073600,36597758,18.649382,234,184234,626500,11047663,38671358,5519294,0.875103
2702,810806,39297476,2073599,37223877,18.951338,227,184122,626684,11207725,39297476,5533424,0.876571
2703,809775,39942757,2073600,37869157,19.262518,220,183894,625881,11369057,39942757,5533471,0.878322
2704,813103,40608557,2073600,38534957,19.583602,210,183615,629488,11535253,40608557,5532455,0.880097
2705,812963,41319714,2073600,39246114,19.926560,208,183113,629850,11713933,41319714,5536018,0.881850
2706,812963,42117788,2073600,40044188,20.311433,202,182937,630026,11913643,42117788,5536784,0.883814
2707,812891,42908874,2073600,40835274,20.692937,201,182640,630251,12113252,42908874,5544134,0.885577
2708,798783,43498716,2073599,41425117,20.977400,189,182886,615897,12260074,43498716,5541580,0.886999
2709,793315,43575131,2073599,41501532,21.014252,194,183018,610297,12271256,43575131,5509893,0.887748
2710,793771,42637232,2073599,40563633,20.561947,187,182719,611052,12019356,42637232,5440192,0.886845
2711,793771,40685510,2073599,38611911,19.620722,188,182239,611532,11503225,40685510,5327390,0.884220
2712,793855,37927001,2073600,35853401,18.290413,180,181669,612186,10774879,37927001,5172515,0.879987
2713,793747,34948814,2073596,32875218,16.854206,186,181078,612669,9992016,34948814,5019250,0.874418
2714,793747,31881508,2073600,29807908,15.374956,183,180105,613642,9186521,31881508,4864576,0.867616
2715,793887,28470936,2073600,26397336,13.730197,169,179381,614506,8292779,28470936,4700180,0.858305
2716,793887,25162858,2073599,23089259,12.134872,152,178714,615173,7427058,25162858,4545374,0.847000
2717,793887,21953046,2073600,19879446,10.586924,150,177905,615982,6589578,21953046,4405266,0.832870
2718,793887,19190850,2073600,17117250,9.254847,149,176964,616923,5871394,19190850,4294726,0.817133
2719,794055,17363665,2073600,15290065,8.373681,150,176187,617868,5395144,17363665,4216911,0.804597
2720,792479,16502892,2073597,14429295,7.958582,151,175425,617054,5170449,16502892,4178904,0.797943
2721,789226,16250202,2073599,14176603,7.836714,148,174800,614426,5103553,16250202,4164010,0.796024
2722,789026,16226713,2073600,14153113,7.825382,152,174434,614592,5099167,16226713,4169955,0.795557
2723,770830,16259437,2073600,14185837,7.841164,146,173591,597239,5105971,16259437,4164447,0.796099
2724,770522,16297174,2073599,14223575,7.859366,148,173100,597422,5116096,16297174,4167210,0.796368
2725,747967,16339407,2073600,14265807,7.879729,146,172631,575336,5128644,16339407,4175169,0.796478
2726,747895,16396796,2073599,14323197,7.907409,148,172094,575801,5143442,16396796,4176972,0.796976
2727,747665,16477066,2073598,14403468,7.946124,146,171370,576295,5166042,16477066,4187102,0.797374
2728,742197,16573950,2073600,14500350,7.992839,144,170918,571279,5192993,16573950,4198022,0.797900
2729,742197,16669568,2073600,14595968,8.038951,144,170438,571759,5221440,16669568,4216192,0.798131
2730,740709,16765810,2073597,14692213,8.085375,144,170143,570566,5249661,16765810,4232834,0.798423
2731,738816,16858464,2073600,14784864,8.130046,145,169424,569392,5275800,16858464,4244736,0.798858
2732,738816,16945536,2073599,14871937,8.172041,145,168850,569966,5297858,16945536,4245896,0.799641
2733,738816,17035666,2073600,14962066,8.215503,146,168112,570704,5324012,17035666,4260382,0.799945
2734,720620,17126630,2073599,15053031,8.259374,150,167958,552662,5346628,17126630,4259882,0.800815
2735,720620,17227145,2073600,15153545,8.307844,149,167219,553401,5372888,17227145,4264407,0.801578
2736,719934,17340702,2073596,15267106,8.362623,152,166797,553137,5403342,17340702,4272666,0.802314
2737,709272,17471451,2073600,15397851,8.425661,151,166294,542978,5439042,17471451,4284717,0.803057
2738,709272,17605031,2073599,15531432,8.490085,154,165740,543532,5474349,17605031,4292365,0.803978
2739,709272,17738616,2073599,15665017,8.554506,152,164918,544354,5510517,17738616,4303452,0.804762
2740,708816,17871771,2073600,15798171,8.618717,152,164378,544438,5544554,17871771,4306445,0.805825
2741,707881,17999499,2073596,15925903,8.680331,152,162648,545233,5577191,17999499,4309265,0.806835
2742,707881,18134660,2073600,16061060,8.745496,151,161228,546653,5613739,18134660,4320296,0.807602
2743,707881,18270733,2073600,16197133,8.811117,154,159763,548118,5649498,18270733,4327259,0.808511
2744,709369,18410876,2073600,16337276,8.878702,152,158215,551154,5685523,18410876,4331216,0.809551
2745,708699,18556002,2073599,16482403,8.948694,153,157235,551464,5723391,18556002,4337562,0.810534
2746,708699,18703075,2073598,16629477,9.019624,159,156010,552689,5763036,18703075,4349069,0.811338
2747,690503,18857085,2073598,16783487,9.093896,156,155196,535307,5804297,18857085,4360103,0.812204
2748,697837,19010936,2073598,16937338,9.168091,154,154535,543302,5845708,19010936,4371896,0.813030
2749,697837,19171433,2073599,17097834,9.245487,160,154282,543555,5887725,19171433,4379467,0.814042
2750,697837,19330518,2073598,17256920,9.322211,161,153779,544058,5930186,19330518,4390226,0.814920
2751,697837,19515897,2073600,17442297,9.411602,167,153595,544242,5981633,19515897,4410635,0.815659
2752,667271,19704352,2073599,17630753,9.502489,177,153241,514030,6032683,19704352,4426380,0.816567
2753,667271,19894890,2073598,17821292,9.594381,175,153066,514205,6085107,19894890,4445538,0.817360
2754,666047,20088212,2073599,18014613,9.687607,177,152606,513441,6135723,20088212,4454680,0.818494
2755,665587,20287803,2073599,18214204,9.783860,189,152643,512944,6189921,20287803,4471881,0.819389
2756,665587,20492345,2073599,18418746,9.882501,195,152469,513118,6245360,20492345,4489095,0.820303
2757,665587,20702356,2073600,18628756,9.983775,207,152039,513548,6300635,20702356,4500184,0.821439
2758,665587,20920155,2073599,18846556,10.088814,208,152106,513481,6359852,20920155,4519253,0.822352
2759,665587,21144183,2073595,19070588,10.196872,207,152144,513443,6421275,21144183,4540917,0.823208
2760,660119,21373203,2073599,19299604,10.307298,212,151726,508393,6483831,21373203,4562121,0.824096
2761,665357,21548585,2073600,19474985,10.391872,199,152278,513079,6530514,21548585,4573471,0.824919
2762,665357,21728423,2073598,19654825,10.478609,206,152361,512996,6579171,21728423,4588261,0.825652
2763,662029,21911460,2073600,19837860,10.566869,213,152565,509464,6627421,21911460,4598224,0.826545
2764,662029,22103555,2073598,20029957,10.659518,201,152789,509240,6679414,22103555,4614101,0.827301
2765,662029,22302826,2073599,20229227,10.755612,200,152846,509183,6733241,22302826,4630138,0.828087
2766,662029,22506513,2073597,20432916,10.853851,186,153375,508654,6786811,22506513,4640731,0.829053
2767,662029,22698542,2073600,20624942,10.946442,189,153672,508357,6838518,22698542,4655530,0.829805
2768,662029,22872393,2073599,20798794,11.030287,186,153853,508176,6884404,22872393,4665223,0.830587
2769,660329,22999764,2073599,20926165,11.091713,177,153972,506357,6915578,22999764,4662548,0.831448
2770,660185,23050418,2073599,20976819,11.116141,167,153885,506300,6924896,23050418,4649166,0.832158
2771,659729,22936800,2073599,20863201,11.061348,156,153435,506294,6886102,22936800,4607608,0.832721
2772,658241,22738580,2073599,20664981,10.965756,157,152405,505836,6821597,22738580,4547808,0.833331
2773,658241,22494781,2073598,20421183,10.848188,155,150903,507338,6744493,22494781,4483191,0.833820
2774,657701,22217636,2073600,20144036,10.714524,153,149409,508292,6655779,22217636,4405480,0.834524
2775,656906,21874505,2073600,19800905,10.549048,153,147579,509327,6553067,21874505,4337763,0.834514
2776,656906,21414598,2073599,19340999,10.327261,152,146022,510884,6417060,21414598,4253642,0.834284
2777,650735,20793806,2073600,18720206,10.027877,153,144282,506453,6235803,20793806,4149406,0.833646
2778,650301,20005078,2073599,17931479,9.647515,146,142560,507741,6009938,20005078,4034674,0.832167
2779,649745,19077362,2073599,17003763,9.200121,136,140862,508883,5749395,19077362,3920218,0.829538
2780,649975,18010738,2073600,15937138,8.685734,139,139063,510912,5451329,18010738,3794578,0.825979
2781,655443,16915848,2073598,14842250,8.157728,138,137729,517714,5148282,16915848,3677280,0.821432
2782,655443,15856691,2073600,13783091,7.646938,140,136299,519144,4855725,15856691,3566209,0.816392
2783,669930,14847196,2073600,12773596,7.160106,139,135504,534426,4577431,14847196,3462528,0.810891
2784,669518,13996149,2073598,11922551,6.749693,136,134106,535412,4344051,13996149,3380055,0.805478
2785,667410,13251591,2073599,11177992,6.390624,136,133308,534102,4138626,13251591,3302913,0.800483
2786,663241,12641732,2073597,10568135,6.096523,137,132216,531025,3970977,12641732,3242176,0.795883
2787,662307,12211177,2073598,10137579,5.888883,134,131719,530588,3853712,12211177,3203671,0.792170
2788,639680,11952120,2073600,9878520,5.763947,133,130957,508723,3783421,11952120,3181564,0.789769
2789,654253,11841912,2073599,9768313,5.710801,134,130812,523441,3752211,11841912,3166932,0.788996
2790,654253,11809767,2073600,9736167,5.695297,132,130389,523864,3742490,11809767,3160193,0.788898
2791,639752,11833940,2073599,9760341,5.706957,132,130622,509130,3750631,11833940,3168584,0.788797
2792,643791,11866017,2073599,9792418,5.722426,133,131722,512069,3761405,11866017,3179603,0.788669
2793,642471,11896587,2073599,9822988,5.737169,132,132029,510442,3772430,11896587,3193133,0.788390
2794,644804,11935837,2073600,9862237,5.756094,131,133065,511739,3786018,11935837,3208235,0.788152
2795,644348,12014479,2073597,9940882,5.794028,131,133697,510651,3812721,12014479,3236405,0.787789
2796,654733,12169169,2073599,10095570,5.868622,135,134475,520258,3864141,12169169,3287395,0.787314
2797,636060,12424891,2073598,10351293,5.991948,135,136849,499211,3949201,12424891,3371913,0.786545
2798,618066,12690149,2073597,10616552,6.119872,135,139208,478858,4037650,12690149,3460451,0.785739
2799,617074,12951233,2073600,10877633,6.245772,133,140906,476168,4123029,12951233,3540883,0.785298
2800,617074,13180355,2073599,11106756,6.356270,133,141822,475252,4198256,13180355,3612669,0.784871
2801,627046,13223378,2073600,11149778,6.377015,135,140997,486049,4211495,13223378,3622602,0.784957
2802,623456,13250947,2073600,11177347,6.390310,136,140677,482779,4220198,13250947,3629845,0.784972
2803,623456,13257685,2073600,11184085,6.393560,136,140119,483337,4221597,13257685,3628703,0.785111
2804,581520,13256569,2073597,11182972,6.393031,134,139801,441719,4222600,13256569,3633831,0.784858
2805,540313,13248677,2073600,11175077,6.389215,135,139759,400554,4219065,13248677,3627583,0.785048
2806,540313,13233601,2073599,11160002,6.381948,134,139067,401246,4213359,13233601,3619835,0.785217
2807,539627,13215572,2073598,11141974,6.373257,133,138536,401091,4206350,13215572,3609828,0.785454
2808,539627,13194897,2073597,11121300,6.363289,129,137891,401736,4198046,13194897,3597287,0.785776
2809,537726,13172338,2073600,11098738,6.352401,130,137273,400453,4189801,13172338,3586866,0.785976
2810,554546,13141721,2073598,11068123,6.337642,128,136616,417930,4179792,13141721,3577447,0.786027
2811,552472,13099924,2073600,11026324,6.317479,128,136322,416150,4165973,13099924,3563968,0.786126
2812,552472,13055079,2073598,10981481,6.295858,129,136303,416169,4151626,13055079,3551425,0.786143
2813,556507,13004397,2073598,10930799,6.271417,130,136239,420268,4132891,13004397,3527167,0.786640
2814,556221,12951760,2073598,10878162,6.246032,130,135981,420240,4116784,12951760,3515376,0.786522
2815,556431,12896722,2073599,10823123,6.219487,130,136130,420301,4098012,12896722,3495326,0.786767
2816,556005,12829207,2073598,10755609,6.186931,129,136384,419621,4077045,12829207,3478973,0.786673
2817,574341,12749368,2073598,10675770,6.148428,133,135921,438420,4051708,12749368,3457464,0.786666
2818,567693,12657518,2073599,10583919,6.104130,131,135417,432276,4021088,12657518,3426834,0.786946
2819,567617,12560346,2073600,10486746,6.057266,135,135552,432065,3991902,12560346,3407262,0.786614
2820,568372,12498407,2073600,10424807,6.027395,136,135541,432831,3971309,12498407,3386829,0.786794
2821,573840,12461249,2073600,10387649,6.009476,132,134817,439023,3958439,12461249,3372507,0.787005
2822,577090,12416506,2073600,10342906,5.987898,137,134054,443036,3942171,12416506,3352178,0.787415
2823,577176,12375800,2073600,10302200,5.968268,139,133466,443710,3929216,12375800,3341064,0.787422
2824,561064,12337299,2073600,10263699,5.949701,141,133053,428011,3919336,12337299,3340045,0.786951
2825,541864,12292126,2073597,10218529,5.927924,140,132736,409128,3906561,12292126,3334118,0.786633
2826,541792,12249165,2073599,10175566,5.907200,136,132645,409147,3893760,12249165,3325875,0.786461
2827,537939,12199629,2073600,10126029,5.883309,134,132341,405598,3878318,12199629,3313643,0.786399
2828,537939,12141553,2073599,10067954,5.855304,131,132188,405751,3858791,12141553,3293611,0.786616
2829,537479,12080303,2073600,10006703,5.825763,133,131708,405771,3839735,12080303,3278637,0.786532
2830,538461,12018429,2073599,9944830,5.795927,133,131068,407393,3818924,12018429,3257267,0.786768
2831,538397,11866281,2073600,9792681,5.722551,136,130253,408144,3774436,11866281,3231463,0.785964
2832,538397,11701452,2073600,9627852,5.643061,132,129375,409022,3723255,11701452,3191568,0.785700
2833,537405,11532991,2073600,9459391,5.561821,134,128020,409385,3669550,11532991,3145209,0.785722
2834,531937,11369796,2073599,9296197,5.483122,132,126878,405059,3619939,11369796,3109960,0.785220
2835,531937,11219714,2073600,9146114,5.410742,134,126038,405899,3574181,11219714,3077010,0.784775
2836,531937,11089835,2073600,9016235,5.348107,131,125252,406685,3532995,11089835,3042145,0.784733
2837,526469,10973349,2073600,8899749,5.291931,131,124490,401979,3498228,10973349,3019563,0.784208
2838,522846,10866664,2073600,8793064,5.240482,128,123602,399244,3465625,10866664,2995836,0.783889
2839,522846,10769280,2073600,8695680,5.193519,128,122631,400215,3435991,10769280,2974684,0.783564
2840,522386,10685268,2073599,8611669,5.153006,128,121908,400478,3410584,10685268,2957068,0.783243
2841,518647,10610316,2073599,8536717,5.116860,134,121131,397516,3387368,10610316,2939156,0.783080
2842,518647,10544193,2073599,8470594,5.084972,131,120525,398122,3367100,10544193,2924207,0.782884
2843,518647,10492979,2073600,8419379,5.060272,129,119659,398988,3352166,10492979,2915685,0.782552
2844,518647,10460773,2073600,8387173,5.044740,129,119223,399424,3341664,10460773,2905883,0.782602
2845,517667,10442921,2073598,8369323,5.036136,133,119059,398608,3336757,10442921,2904107,0.782415
2846,517667,10424687,2073600,8351087,5.027337,131,118677,398990,3330893,10424687,2898885,0.782424
2847,517667,10407233,2073599,8333634,5.018923,130,118402,399265,3325663,10407233,2895419,0.782343
2848,512199,10391801,2073600,8318201,5.011478,135,118131,394068,3323053,10391801,2900411,0.781796
2849,512199,10379685,2073600,8306085,5.005635,128,117836,394363,3319766,10379685,2899379,0.781658
2850,512199,10376350,2073600,8302750,5.004027,130,117463,394736,3319003,10376350,2899662,0.781586
2851,512199,10375280,2073599,8301681,5.003513,132,116980,395219,3317701,10375280,2895524,0.781812
2852,512489,10377300,2073600,8303700,5.004485,131,116734,395755,3317099,10377300,2891096,0.782107
2853,512489,10379023,2073600,8305423,5.005316,139,116502,395987,3316658,10379023,2887609,0.782340
2854,509238,10380337,2073600,8306737,5.005950,134,116324,392914,3316689,10380337,2886419,0.782432
2855,509162,10377087,2073598,8303489,5.004387,135,116133,393029,3314257,10377087,2879941,0.782761
2856,509098,10369524,2073600,8295924,5.000735,134,115859,393239,3311916,10369524,2878140,0.782744
2857,509098,10355989,2073600,8282389,4.994208,137,116012,393086,3307798,10355989,2875203,0.782695
2858,509098,10338112,2073598,8264514,4.985591,136,115725,393373,3300337,10338112,2863236,0.783110
2859,512314,10313812,2073600,8240212,4.973868,132,115305,397009,3292163,10313812,2854840,0.783209
2860,511624,10282992,2073600,8209392,4.959005,130,114991,396633,3281020,10282992,2841088,0.783521
2861,511624,10296819,2073599,8223220,4.965675,131,115375,396249,3285354,10296819,2844597,0.783540
2862,511624,10305278,2073600,8231678,4.969752,130,115636,395988,3286981,10305278,2842646,0.783795
2863,510308,10334977,2073600,8261377,4.984075,130,115691,394617,3295843,10334977,2848395,0.783940
2864,510308,10344771,2073600,8271171,4.988798,129,115878,394430,3298997,10344771,2851217,0.783933
2865,510308,10346078,2073598,8272480,4.989433,129,115977,394331,3300035,10346078,2854062,0.783785
2866,490208,10338536,2073598,8264938,4.985796,128,115827,374381,3297214,10338536,2850320,0.783884
2867,490208,10332007,2073600,8258407,4.982642,128,115724,374484,3294556,10332007,2846217,0.784021
2868,490208,10326444,2073600,8252844,4.979959,127,115755,374453,3291884,10326444,2841092,0.784235
2869,490208,10319110,2073600,8245510,4.976423,122,115536,374672,3288623,10319110,2835382,0.784455
2870,490200,10310055,2073599,8236456,4.972058,125,115407,374793,3284780,10310055,2829065,0.784684
2871,489874,10295788,2073597,8222191,4.965183,123,114800,375074,3280444,10295788,2825988,0.784634
2872,489946,10280240,2073600,8206640,4.957677,120,114775,375171,3275982,10280240,2823688,0.784516
2873,489946,10265675,2073600,8192075,4.950653,121,114601,375345,3271471,10265675,2820209,0.784485
2874,489946,10249146,2073596,8175550,4.942692,122,114452,375494,3264639,10249146,2809410,0.784861
2875,489946,10229797,2073600,8156197,4.933351,121,114395,375551,3261509,10229797,2816239,0.784131
2876,489946,10212486,2073598,8138888,4.925008,121,113971,375975,3254667,10212486,2806182,0.784449
2877,489946,10196023,2073599,8122424,4.917066,125,113575,376371,3249894,10196023,2803553,0.784335
2878,489946,10178862,2073600,8105262,4.908788,124,113214,376732,3243394,10178862,2794714,0.784584
2879,489946,10161774,2073600,8088174,4.900547,121,113215,376731,3240443,10161774,2799998,0.783980
2880,489818,10144433,2073140,8071293,4.893270,123,112842,376976,3236055,10144433,2799787,0.783704
2881,488014,10154018,2072945,8081073,4.898354,123,112753,375261,3239112,10154018,2802430,0.783704
2882,487586,10163472,2072854,8090618,4.903130,123,112857,374729,3241100,10163472,2800928,0.783952
2883,486866,10171813,2072993,8098820,4.906825,123,112664,374202,3242036,10171813,2796331,0.784369
2884,486866,10189539,2073223,8116316,4.914830,125,112779,374087,3246651,10189539,2797065,0.784619
2885,486942,10210058,2073427,8136631,4.924243,128,112757,374185,3254091,10210058,2806306,0.784402
2886,486942,10232504,2073592,8158912,4.934676,125,112922,374020,3260746,10232504,2810480,0.784522
2887,486942,10258030,2073496,8184534,4.947215,129,113099,373843,3268615,10258030,2816430,0.784585
2888,486942,10285671,2073315,8212356,4.960978,128,113243,373699,3277363,10285671,2823781,0.784600
2889,486942,10317660,2073253,8244407,4.976556,129,113698,373244,3287917,10317660,2834008,0.784513
2890,486942,10353043,2073317,8279726,4.993468,132,113639,373303,3298178,10353043,2839669,0.784755
2891,486942,10395566,2073401,8322165,5.013775,128,113943,372999,3311116,10395566,2848898,0.784899
2892,486942,10441639,2073469,8368170,5.035831,129,114002,372940,3325809,10441639,2861597,0.784895
2893,486942,10485643,2073522,8412121,5.056924,129,114082,372860,3339099,10485643,2870753,0.785065
2894,493100,10528343,2073569,8454774,5.077402,129,114093,379007,3353542,10528343,2885825,0.784867
2895,493100,10578306,2073592,8504714,5.101440,129,114132,378968,3368559,10578306,2895930,0.785076
2896,493100,10635099,2073598,8561501,5.128814,130,114325,378775,3385067,10635099,2905169,0.785442
2897,493100,10696566,2073600,8622966,5.158452,134,114141,378959,3401675,10696566,2910134,0.786125
2898,493100,10760791,2073597,8687194,5.189432,134,114426,378674,3420141,10760791,2919773,0.786575
2899,493100,10818200,2073600,8744600,5.217110,134,114261,378839,3435207,10818200,2922628,0.787303
2900,493100,10867835,2073595,8794240,5.241060,134,114267,378833,3449691,10867835,2930929,0.787595
2901,493100,10903518,2073597,8829921,5.258263,135,114083,379017,3460156,10903518,2937106,0.787791
2902,493100,10940766,2073595,8867171,5.276231,135,113781,379319,3470032,10940766,2939362,0.788232
2903,496353,10976782,2073599,8903183,5.293590,140,113506,382847,3481174,10976782,2947914,0.788296
2904,496353,11008413,2073600,8934813,5.308841,138,113044,383309,3489666,11008413,2950251,0.788644
2905,496353,11037470,2073597,8963873,5.322862,135,112672,383681,3497576,11037470,2952834,0.788937
2906,496353,11056243,2073600,8982643,5.331907,135,111918,384435,3500379,11056243,2945273,0.789646
2907,496353,11078935,2073597,9005338,5.342858,137,111340,385013,3504512,11078935,2939113,0.790334
2908,496223,11109547,2073599,9035948,5.357616,138,110458,385765,3512928,11109547,2942165,0.790619
2909,489631,11146025,2073599,9072426,5.375208,138,109739,379892,3522929,11146025,2945691,0.790963
2910,489631,11187729,2073599,9114130,5.395319,141,109005,380626,3533555,11187729,2946491,0.791535
2911,488485,11236781,2073598,9163183,5.418978,140,108116,380369,3547247,11236781,2952207,0.791937
2912,488485,11282533,2073596,9208937,5.441047,139,107310,381175,3560894,11282533,2961043,0.792114
2913,488485,11320923,2073598,9247325,5.459555,144,106505,381980,3571164,11320923,2963733,0.792523
2914,488485,11360130,2073598,9286532,5.478463,145,105723,382762,3581597,11360130,2966258,0.792951
2915,488485,11396072,2073599,9322473,5.495794,144,104893,383592,3590478,11396072,2965840,0.793493
2916,481537,11424544,2073599,9350945,5.509524,143,104086,377451,3597310,11424544,2964696,0.793964
2917,478777,11449887,2073596,9376291,5.521754,144,102897,375880,3603137,11449887,2962661,0.794439
2918,478777,11474743,2073598,9401145,5.533736,146,101917,376860,3606625,11474743,2951757,0.795393
2919,478087,11502277,2073598,9428679,5.547014,153,100928,377159,3612768,11502277,2948795,0.795946
2920,478015,11535196,2073599,9461597,5.562887,153,100129,377886,3618366,11535196,2938268,0.796989
2921,478015,11574095,2073600,9500495,5.581643,149,99332,378683,3627101,11574095,2934309,0.797751
2922,478015,11615973,2073598,9542375,5.601844,152,98467,379548,3635922,11615973,2927715,0.798695
2923,472547,11659934,2073596,9586338,5.623050,144,97834,374713,3646175,11659934,2924766,0.799463
2924,472547,11713852,2073596,9640256,5.649052,146,97328,375219,3658773,11713852,2921240,0.800395
2925,468918,11783968,2073600,9710368,5.682855,150,96698,372220,3675486,11783968,2917976,0.801524
2926,468918,11873635,2073597,9800038,5.726105,142,96011,372907,3696810,11873635,2913605,0.802965
2927,468144,11980967,2073599,9907368,5.777861,144,95215,372929,3723319,11980967,2912309,0.804455
2928,468144,12096911,2073596,10023315,5.833784,143,94562,373582,3753136,12096911,2915633,0.805787
2929,462676,12184047,2073598,10110449,5.875800,141,93901,368775,3774301,12184047,2913157,0.807040
2930,461236,12232166,2073598,10158568,5.899005,137,92735,368501,3785294,12232166,2909010,0.807874
2931,461236,12220404,2073599,10146805,5.893330,135,91677,369559,3779747,12220404,2898584,0.808282
2932,461236,12190143,2073595,10116548,5.878748,137,90956,370280,3771042,12190143,2894025,0.808142
2933,461236,12185818,2073596,10112222,5.876660,140,89919,371317,3767936,12185818,2885926,0.808521
2934,461236,11782226,2073599,9708627,5.682018,140,89041,372195,3663761,11782226,2872818,0.803971
2935,461236,11835002,2073597,9761405,5.707474,131,88181,373055,3676473,11835002,2870890,0.804780
2936,461236,11879896,2073597,9806299,5.729125,131,87181,374055,3683413,11879896,2853756,0.806310
2937,455704,11929285,2073599,9855686,5.752937,130,85936,369768,3692211,11929285,2839559,0.807733
2938,453760,11988343,2073600,9914743,5.781415,130,84575,369185,3702554,11988343,2821873,0.809464
2939,453760,12064357,2073600,9990757,5.818073,133,83526,370234,3719322,12064357,2812931,0.810924
2940,450507,12154620,2073597,10081023,5.861611,131,82632,367875,3738460,12154620,2799220,0.812809
2941,450435,12259967,2073597,10186370,5.912415,129,82110,368325,3764099,12259967,2796429,0.814270
2942,450435,12368117,2073599,10294518,5.964565,128,81575,368860,3789714,12368117,2790739,0.815900
2943,446812,12478294,2073600,10404694,6.017696,134,81042,365770,3816187,12478294,2786454,0.817458
2944,446812,12589356,2073599,10515757,6.071259,132,80578,366234,3844901,12589356,2790248,0.818575
2945,424257,12703055,2073598,10629457,6.126093,133,80353,343904,3871648,12703055,2783537,0.820261
2946,424257,12816582,2073597,10742985,6.180845,132,79780,344477,3899879,12816582,2782934,0.821601
2947,424257,12929951,2073598,10856353,6.235515,131,79463,344794,3928662,12929951,2784697,0.822796
2948,424257,13041453,2073599,10967854,6.289284,132,78998,345259,3955105,13041453,2778967,0.824343
2949,424257,13153897,2073598,11080299,6.343514,133,78659,345598,3985105,13153897,2786523,0.825191
2950,424257,13265773,2073599,11192174,6.397463,133,78225,346032,4013201,13265773,2787031,0.826384
2951,424257,13386120,2073598,11312522,6.455504,130,77771,346486,4043560,13386120,2788120,0.827620
2952,426126,13505424,2073596,11431828,6.513045,131,77369,348757,4074123,13505424,2791068,0.828732
2953,426126,13627902,2073598,11554304,6.572104,131,76949,349177,4105384,13627902,2793634,0.829880
2954,426126,13754048,2073596,11680452,6.632945,130,76494,349632,4137850,13754048,2797352,0.830990
2955,426126,13885364,2073598,11811766,6.696266,130,76129,349997,4172446,13885364,2804420,0.831968
2956,426126,14024713,2073597,11951116,6.763471,131,75806,350320,4208126,14024713,2807791,0.833192
2957,426126,14169051,2073600,12095451,6.833069,132,75327,350799,4245055,14169051,2811169,0.834444
2958,426126,14320882,2073599,12247283,6.906293,132,75045,351081,4284748,14320882,2818110,0.835573
2959,426126,14472646,2073600,12399046,6.979478,132,74776,351350,4323922,14472646,2823042,0.836778
2960,426126,14632413,2073595,12558818,7.056543,134,74517,351609,4367090,14632413,2835947,0.837652
2961,426126,14815367,2073600,12741767,7.144756,130,74275,351851,4414748,14815367,2843625,0.838970
2962,426126,15000752,2073596,12927156,7.234173,128,74073,352053,4462467,15000752,2849116,0.840384
2963,426124,15189471,2073599,13115872,7.325173,132,73910,352214,4514479,15189471,2868445,0.841153
2964,426124,15380143,2073595,13306548,7.417139,131,73759,352365,4565065,15380143,2880117,0.842274
2965,426124,15575327,2073597,13501730,7.511260,133,73515,352609,4616217,15575327,2889541,0.843511
2966,426124,15777250,2073593,13703657,7.608653,131,73251,352873,4670017,15777250,2902818,0.844603
2967,426124,15983657,2073600,13910057,7.708168,131,72941,353183,4722709,15983657,2907179,0.846106
2968,424255,16195066,2073597,14121469,7.810132,136,72657,351598,4779201,16195066,2921738,0.847164
2969,424255,16401702,2073597,14328105,7.909783,138,72364,351891,4832666,16401702,2928962,0.848481
2970,424255,16606160,2073599,14532561,8.008376,133,72141,352114,4885523,16606160,2935932,0.849764
2971,424255,16880265,2073597,14806668,8.140572,133,71914,352341,4957543,16880265,2949907,0.851241
2972,424255,17152634,2073598,15079036,8.271919,132,71696,352559,5029910,17152634,2967006,0.852532
2973,424255,17393585,2073600,15319985,8.388110,134,71408,352847,5092795,17393585,2977595,0.853833
2974,424255,17495262,2073597,15421665,8.437156,134,70999,353256,5116286,17495262,2969882,0.854881
2975,424255,17284924,2073599,15211325,8.335712,134,70553,353702,5053981,17284924,2931000,0.855015
2976,424255,16713627,2073592,14640035,8.060229,135,69894,354361,4892026,16713627,2854477,0.854126
2977,424255,15807314,2073588,13733726,7.623170,133,68700,355555,4636883,15807314,2740218,0.852260
2978,424255,14671266,2073587,12597679,7.075308,133,67186,357069,4314805,14671266,2587954,0.850054
2979,424255,13511981,2073585,11438396,6.516242,133,65352,358903,3987961,13511981,2439863,0.847048
2980,424255,12456684,2073579,10383105,6.007335,133,63400,360855,3689873,12456684,2302808,0.843978
2981,424191,11913045,2073578,9839467,5.745164,134,62233,361958,3536920,11913045,2234635,0.842049
2982,424115,11393955,2073571,9320384,5.494847,130,61228,362887,3392123,11393955,2174537,0.839736
2983,424115,10862438,2073577,8788861,5.238502,131,60104,364011,3243374,10862438,2111058,0.837279
2984,424115,10321349,2073571,8247778,4.977572,134,59183,364932,3092117,10321349,2047119,0.834489
2985,424115,9796103,2073567,7722536,4.724276,132,58148,365967,2945202,9796103,1984705,0.831531
2986,424043,9331961,2073560,7258401,4.500454,133,57080,366963,2816016,9331961,1932103,0.828472
2987,411497,8943544,2073569,6869975,4.313116,135,56037,355460,2707377,8943544,1885964,0.825850
2988,411497,8648472,2073564,6574908,4.170825,136,55289,356208,2626376,8648472,1857032,0.823232
2989,411497,8442363,2073562,6368801,4.071430,137,54241,357256,2566958,8442363,1825469,0.822215
2990,411497,8303989,2073567,6230422,4.004688,136,53564,357933,2527797,8303989,1807199,0.821267
2991,411497,8267515,2073570,6193945,3.987092,137,53355,358142,2517344,8267515,1801861,0.821055
2992,411477,8251474,2073561,6177913,3.979374,134,53113,358364,2513407,8251474,1802154,0.820746
2993,411477,8250635,2073563,6177072,3.978965,137,53222,358255,2513636,8250635,1803909,0.820588
2994,405356,8261842,2073559,6188283,3.984378,138,53213,352143,2516371,8261842,1803642,0.820809
2995,405356,8281375,2073566,6207809,3.993784,135,53093,352263,2522597,8281375,1809013,0.820719
2996,405356,8303010,2073567,6229443,4.004216,136,52841,352515,2527392,8303010,1806558,0.821302
2997,405356,8325667,2073564,6252103,4.015148,135,52866,352490,2534928,8325667,1814045,0.821095
2998,405356,8336502,2073560,6262942,4.020381,136,52802,352554,2535141,8336502,1804062,0.822095
2999,405356,8328824,2073559,6255265,4.016680,139,52745,352611,2534026,8328824,1807280,0.821699
3000,405356,8357591,2073567,6284024,4.030538,136,52803,352553,2542655,8357591,1813029,0.821739
3001,405356,8410190,2073558,6336632,4.055922,136,55264,350092,2563795,8410190,1844990,0.820092
3002,405356,8446974,2073557,6373417,4.073664,138,56564,348792,2579105,8446974,1869446,0.818789
3003,417902,8416300,2073563,6342737,4.058859,140,56870,361032,2575521,8416300,1885784,0.816951
3004,417902,8411107,2073562,6337545,4.056357,138,57193,360709,2575204,8411107,1889709,0.816548
3005,417902,8434190,2073562,6360628,4.067489,137,57788,360114,2583008,8434190,1897842,0.816315
3006,417902,8484100,2073561,6410539,4.091560,138,58318,359584,2597654,8484100,1906516,0.816516
3007,417902,8538906,2073561,6465345,4.117991,139,58492,359410,2612814,8538906,1912350,0.817022
3008,417902,8590177,2073562,6516615,4.142715,140,58547,359355,2625707,8590177,1912651,0.817892
3009,417902,8655215,2073563,6581652,4.174079,140,58829,359073,2644331,8655215,1922109,0.818280
3010,418652,8743084,2073558,6669526,4.216465,139,59180,359472,2669173,8743084,1933608,0.818894
3011,415029,8768387,2073564,6694823,4.228655,140,59162,355867,2675194,8768387,1932389,0.819416
3012,415029,8733873,2073566,6660307,4.212006,140,59243,355786,2666516,8733873,1932191,0.818847
3013,414279,8762033,2073564,6688469,4.225591,140,59298,354981,2673911,8762033,1933611,0.819215
3014,391724,8793167,2073566,6719601,4.240601,139,59092,332632,2682878,8793167,1938345,0.819378
3015,391724,8823919,2073564,6750355,4.255436,141,58877,332847,2690414,8823919,1937737,0.819941
3016,391724,8858842,2073565,6785277,4.272276,141,58847,332877,2700215,8858842,1942018,0.820198
3017,391724,8897691,2073561,6824130,4.291020,139,58865,332859,2710389,8897691,1943865,0.820702
3018,391724,8932541,2073565,6858976,4.307818,141,58819,332905,2719745,8932541,1946439,0.821083
3019,391254,8966945,2073572,6893373,4.324395,141,58756,332498,2728132,8966945,1945583,0.821711
3020,391254,9000560,2073564,6926996,4.340623,138,58866,332388,2736748,9000560,1946432,0.822195
3021,389385,9032183,2073569,6958614,4.355863,139,58944,330441,2745103,9032183,1948229,0.822572
3022,389385,9069532,2073574,6995958,4.373865,138,58929,330456,2756214,9069532,1955324,0.822644
3023,389385,9107234,2073574,7033660,4.392047,139,58973,330412,2765241,9107234,1953730,0.823367
3024,389385,9152146,2073568,7078578,4.413719,138,58951,330434,2778665,9152146,1962514,0.823430
3025,389385,9198648,2073563,7125085,4.436156,141,58952,330433,2790929,9198648,1965068,0.823977
3026,389385,9242526,2073570,7168956,4.457301,145,58818,330567,2802123,9242526,1965966,0.824600
3027,389385,9294273,2073571,7220702,4.482255,141,58823,330562,2816626,9294273,1972231,0.824947
3028,389385,9344805,2073569,7271236,4.506628,141,58861,330524,2832160,9344805,1983835,0.824883
3029,389385,9395881,2073570,7322311,4.531258,141,58796,330589,2845978,9395881,1988031,0.825365
3030,388305,9445888,2073572,7372316,4.555370,144,58961,329344,2859740,9445888,1993072,0.825765
3031,388305,9469160,2073570,7395590,4.566598,141,58940,329365,2868129,9469160,2003356,0.825378
3032,388305,9426005,2073573,7352432,4.545779,142,58515,329790,2852009,9426005,1982031,0.826260
3033,388305,9429460,2073576,7355884,4.547439,140,58318,329987,2850411,9429460,1972184,0.827026
3034,388775,9437024,2073569,7363455,4.551102,139,57920,330855,2849834,9437024,1962312,0.827857
3035,388775,9450290,2071967,7378323,4.561023,140,57607,331168,2849841,9450290,1949074,0.829019
3036,388775,9478205,2069233,7408972,4.580540,141,57635,331140,2856786,9478205,1948939,0.829447
3037,388441,9496107,2066300,7429807,4.595706,140,57353,331088,2858128,9496107,1936405,0.830623
3038,388441,9491433,2063205,7428228,4.600334,141,57238,331203,2857337,9491433,1937915,0.830444
3039,388441,9466939,2060048,7406891,4.595494,141,57365,331076,2850256,9466939,1934085,0.830359
3040,388441,9452189,2056865,7395324,4.595435,140,57260,331181,2846245,9452189,1932791,0.830233
3041,388441,9478759,2052261,7426498,4.618691,146,57037,331404,2853298,9478759,1934433,0.830509
3042,388441,9505334,2047573,7457761,4.642244,148,56918,331523,2860746,9505334,1937650,0.830669
3043,388441,9527293,2042752,7484541,4.663950,151,56915,331526,2868178,9527293,1945419,0.830431
3044,388441,9552450,2037241,7515209,4.688915,153,56859,331582,2874420,9552450,1945230,0.830815
3045,388441,9577334,2031487,7545847,4.714445,148,56842,331599,2881036,9577334,1946810,0.831067
3046,388441,9599202,2025632,7573570,4.738868,149,56775,331666,2886432,9599202,1946526,0.831407
3047,388441,9623166,2019664,7603502,4.764736,147,56649,331792,2893954,9623166,1952650,0.831316
3048,388441,9642910,2013617,7629293,4.788850,146,56672,331769,2895701,9642910,1939894,0.832519
3049,388441,9666394,2007505,7658889,4.815128,146,56684,331757,2901626,9666394,1940110,0.832843
3050,388441,9689665,2001325,7688340,4.841625,145,56488,331953,2907433,9689665,1940067,0.833180
3051,388441,9702905,1994865,7708040,4.863941,147,56432,332009,2909652,9702905,1935703,0.833683
3052,388441,9724578,1988267,7736311,4.890982,145,56440,332001,2914280,9724578,1932542,0.834218
3053,388441,9737498,1981646,7755852,4.913843,143,56171,332270,2916520,9737498,1928582,0.834685
3054,388441,9751098,1974844,7776254,4.937655,144,55719,332722,2917701,9751098,1919706,0.835512
3055,388441,9774207,1967932,7806275,4.966740,145,55497,332944,2924162,9774207,1922441,0.835642
3056,388441,9806257,1960870,7845387,5.000973,144,55463,332978,2930889,9806257,1917299,0.836458
3057,388441,9835218,1953599,7881619,5.034410,144,55335,333106,2938209,9835218,1917618,0.836838
3058,388441,9859600,1946415,7913185,5.065518,145,55306,333135,2944405,9859600,1918020,0.837147
3059,388441,9886841,1938958,7947883,5.099049,142,55124,333317,2949258,9886841,1910191,0.838079
3060,388441,9917150,1931571,7985579,5.134240,140,54933,333508,2959064,9917150,1919106,0.837862
3061,388441,9894564,1925757,7968807,5.138013,141,54682,333759,2951272,9894564,1910524,0.838161
3062,388441,9875740,1920776,7954964,5.141537,140,54287,334154,2945422,9875740,1905948,0.838228
3063,433138,9848847,1916370,7932477,5.139324,141,53638,379500,2936680,9848847,1897873,0.838434
3064,433803,9831772,1912379,7919393,5.141121,141,53215,380588,2930482,9831772,1890156,0.838750
3065,442224,9818919,1908563,7910356,5.144666,145,53196,389028,2927947,9818919,1892869,0.838379
3066,445941,9798178,1904846,7893332,5.143816,145,52967,392974,2921424,9798178,1887518,0.838476
3067,446227,9775485,1901241,7874244,5.141634,146,52734,393493,2915439,9775485,1886271,0.838252
3068,446227,9742798,1897850,7844948,5.133597,146,52343,393884,2903706,9742798,1872026,0.838824
3069,442604,9717489,1894640,7822849,5.128937,146,52324,390280,2897808,9717489,1873743,0.838348
3070,442604,9697905,1891852,7806053,5.126144,145,52084,390520,2889923,9697905,1861787,0.838941
3071,442604,9714116,1889057,7825059,5.142310,144,51788,390816,2896767,9714116,1872952,0.838358
3072,442604,9731197,1886574,7844623,5.158132,142,51838,390766,2899871,9731197,1868287,0.838934
3073,442604,9751930,1884478,7867452,5.174871,140,51590,391014,2907509,9751930,1878106,0.838512
3074,442604,9782598,1881925,7900673,5.198187,148,51630,390974,2912712,9782598,1868250,0.839647
3075,442604,9817825,1879940,7937885,5.222414,142,51579,391025,2923834,9817825,1877511,0.839465
3076,442604,9867585,1877744,7989841,5.255021,142,51505,391099,2936587,9867585,1878763,0.840056
3077,442604,9925006,1875430,8049576,5.292123,142,51211,391393,2950663,9925006,1877646,0.840913
3078,442604,9978303,1872929,8105374,5.327646,141,50886,391718,2966084,9978303,1886033,0.841033
3079,442604,10029044,1870489,8158555,5.361723,142,50670,391934,2977161,10029044,1879600,0.842165
3080,442604,10081328,1867833,8213495,5.397339,139,50325,392279,2990087,10081328,1879020,0.842896
3081,474764,10934994,1901995,9032999,5.749223,139,47512,427252,3203709,10934994,1879842,0.853307
3082,527031,12491512,1915006,10576506,6.522962,139,54092,472939,3640614,12491512,2070944,0.857789
3083,634801,16296623,1914360,14382263,8.512831,140,86280,548521,4725087,16296623,2603725,0.862239
3084,832045,32037973,1897503,30140470,16.884281,274,121936,710109,9126093,32037973,4466399,0.877648
3085,827295,23564013,1943333,21620680,12.125566,270,141455,685840,6895060,23564013,4016227,0.854380
3086,951448,22476913,2073600,20403313,10.839561,256,153848,797600,6634279,22476913,4060203,0.846999
3087,1241082,25517745,2073600,23444145,12.306011,257,184005,1057077,7607254,25517745,4911271,0.838599
3088,1763307,25459877,2073592,23386285,12.278152,259,288859,1474448,7757874,25459877,5571619,0.820453
3089,2237520,26590424,2071762,24518662,12.834690,256,343324,1894196,8124871,26590424,5909060,0.818180
3090,2174343,13409559,2072137,11337422,6.471367,243,292127,1882216,4370679,13409559,4073157,0.767018
3091,2148222,13087832,2072210,11015622,6.315881,246,287214,1861008,4282813,13087832,4043420,0.763974
3092,2106081,11287854,2072253,9215601,5.447141,250,272720,1833361,3711156,11287854,3556770,0.760400
3093,2069554,11045141,2072298,8972843,5.329900,247,266855,1802699,3629214,11045141,3471715,0.760849
3094,2047930,11232264,2072306,9159958,5.420176,253,263138,1784792,3673147,11232264,3460324,0.764485
3095,1974692,11183298,2072326,9110972,5.396496,244,260128,1714564,3645320,11183298,3397982,0.766963
3096,1949154,11505880,2072311,9433569,5.552198,249,261857,1687297,3735445,11505880,3435900,0.770047
3097,1928115,11925378,2072299,9853079,5.754661,246,260447,1667668,3842911,11925378,3446266,0.775804
3098,1875160,10493704,2072260,8421444,5.063894,246,257700,1617460,3423794,10493704,3201472,0.766234
3099,1858696,7296215,2072239,5223976,3.520933,255,249909,1608787,2502134,7296215,2712321,0.728999
3100,1833352,7041764,2072164,4969600,3.398266,248,247320,1586032,2426359,7041764,2663672,0.725548
3101,1833314,7067342,2072186,4995156,3.410573,245,247409,1585905,2434428,7067342,2670370,0.725770
3102,1833850,7097861,2072195,5025666,3.425286,248,247980,1585870,2445190,7097861,2682899,0.725696
3103,1834060,7128305,2072210,5056095,3.439953,248,248572,1585488,2453738,7128305,2686647,0.726270
3104,1834342,7157259,2072246,5085013,3.453866,248,248493,1585849,2461623,7157259,2689233,0.726884
3105,1834342,7185757,2072249,5113508,3.467613,257,248978,1585364,2471122,7185757,2698731,0.726973
3106,1811801,7211598,2072262,5139336,3.480061,254,249225,1562576,2478919,7211598,2704078,0.727293
3107,1811923,7237833,2072284,5165549,3.492684,247,249582,1562341,2484705,7237833,2700987,0.728239
3108,1809166,7264671,2072290,5192381,3.505625,247,249862,1559304,2491412,7264671,2700977,0.728971
3109,1809422,7288674,2072307,5216367,3.517179,251,250114,1559308,2498857,7288674,2706754,0.729201
3110,1808064,7314451,2072314,5242137,3.529606,247,250642,1557422,2505251,7314451,2706553,0.729912
3111,1806134,7318154,2072332,5245822,3.531362,252,250352,1555782,2503145,7318154,2694426,0.730896
3112,1783288,7323208,2072340,5250868,3.533787,253,249799,1533489,2503395,7323208,2690372,0.731328
3113,1781630,7328923,2072358,5256565,3.536514,252,249968,1531662,2504974,7328923,2690973,0.731437
3114,1780952,7334022,2072391,5261631,3.538918,250,249254,1531698,2504895,7334022,2685558,0.731969
3115,1761108,7340165,2072389,5267776,3.541886,253,249105,1512003,2506022,7340165,2683923,0.732253
3116,1761032,7347013,2072407,5274606,3.545159,258,249148,1511884,2505951,7347013,2676791,0.732957
3117,1759456,7360891,2072432,5288459,3.551813,250,248709,1510747,2508073,7360891,2671401,0.733720
3118,1759020,7374703,2072434,5302269,3.558474,257,248790,1510230,2512407,7374703,2674925,0.733828
3119,1759020,7385742,2072437,5313305,3.563796,257,248394,1510626,2514900,7385742,2673858,0.734198
3120,1758948,7395487,2072464,5323023,3.568451,250,248164,1510784,2516757,7395487,2671541,0.734625
3121,1758514,7408248,2072466,5335782,3.574605,250,248399,1510115,2521437,7408248,2677500,0.734526
3122,1758188,7420269,2072483,5347786,3.580376,251,248202,1509986,2522647,7420269,2670319,0.735365
3123,1756289,7428692,2072482,5356210,3.584442,249,247964,1508325,2525682,7428692,2674036,0.735315
3124,1745085,7435316,2072512,5362804,3.587586,254,247854,1497231,2528373,7435316,2678176,0.735188
3125,1745085,7442679,2072505,5370174,3.591151,251,247909,1497176,2531600,7442679,2683721,0.734978
3126,1744899,7446299,2072525,5373774,3.592863,251,247469,1497430,2530884,7446299,2677237,0.735543
3127,1741717,7447765,2072543,5375222,3.593539,252,247038,1494679,2532754,7447765,2683251,0.735145
3128,1741553,7448922,2072544,5376378,3.594096,251,246952,1494601,2533234,7448922,2684014,0.735120
3129,1741553,7449628,2072565,5377063,3.594400,252,246712,1494841,2531708,7449628,2677204,0.735633
3130,1741539,7443963,2072572,5371391,3.591655,256,246331,1495208,2528355,7443963,2669457,0.736048
3131,1746014,7449457,2072598,5376859,3.594260,255,247913,1498101,2531251,7449457,2675547,0.735749
3132,1754205,7468629,2072617,5396012,3.603478,253,249586,1504619,2534937,7468629,2671119,0.736569
3133,1758847,7504797,2072645,5432152,3.620879,255,251333,1507514,2545957,7504797,2679031,0.736933
3134,1762404,7550349,2072659,5477690,3.642832,254,252175,1510229,2558470,7550349,2683531,0.737780
3135,1765462,7592837,2072682,5520155,3.663291,256,253435,1512027,2573811,7592837,2702407,0.737509
3136,1792326,7635968,2072692,5563276,3.684082,258,254773,1537553,2590774,7635968,2727128,0.736842
3137,1802217,7684742,2072718,5612024,3.707568,255,256633,1545584,2609328,7684742,2752570,0.736276
3138,1800132,7739353,2072725,5666628,3.733902,256,258662,1541470,2631433,7739353,2786379,0.735279
3139,1805814,7787708,2072763,5714945,3.757163,257,261258,1544556,2649044,7787708,2808468,0.734955
3140,1807416,7824591,2072766,5751825,3.774951,259,262960,1544456,2665369,7824591,2836885,0.733913
3141,1810512,7846659,2072786,5773873,3.785562,255,263810,1546702,2674464,7846659,2851197,0.733480
3142,1812335,7859224,2072783,5786441,3.791629,266,264248,1548087,2680574,7859224,2863072,0.732980
3143,1812693,7869104,2072798,5796306,3.796368,257,265271,1547422,2687627,7869104,2881404,0.731975
3144,1814365,7875108,2072803,5802305,3.799255,265,265740,1548625,2691425,7875108,2890592,0.731500
3145,1815847,7874969,2072812,5802157,3.799172,263,266313,1549534,2695726,7874969,2907935,0.730320
3146,1817481,7868987,2072823,5796164,3.796266,257,266322,1551159,2697260,7868987,2920053,0.729350
3147,1817793,7836932,2072839,5764093,3.780772,257,267213,1550580,2691836,7836932,2930412,0.727843
3148,1818743,7782808,2072842,5709966,3.754656,262,267990,1550753,2678545,7782808,2931372,0.726403
3149,1818987,7729043,2072851,5656192,3.728702,254,268381,1550606,2663957,7729043,2926785,0.725335
3150,1819209,7696035,2072863,5623172,3.712756,257,268322,1550887,2655540,7696035,2926125,0.724526
3151,1819575,7685368,2072870,5612498,3.707598,256,268723,1550852,2652741,7685368,2925596,0.724286
3152,1819985,7684436,2072887,5611549,3.707118,257,269733,1550252,2652805,7684436,2926784,0.724180
3153,1822085,7681802,2072896,5608906,3.705831,254,268979,1553106,2649561,7681802,2916442,0.724818
3154,1821844,7691978,2072891,5619087,3.710749,260,269842,1552002,2652892,7691978,2919590,0.724867
3155,1821478,7721956,2072902,5649054,3.725191,259,270749,1550729,2661246,7721956,2923028,0.725408
3156,1821478,7760992,2072919,5688073,3.743992,265,270556,1550922,2672813,7760992,2930260,0.725920
3157,1821510,7803094,2072919,5730175,3.764302,263,270836,1550674,2684693,7803094,2935678,0.726628
3158,1821612,7843616,2072919,5770697,3.783851,266,272952,1548660,2698181,7843616,2949108,0.726750
3159,1821824,7870368,2072943,5797425,3.796712,261,270931,1550893,2705074,7870368,2949928,0.727371
3160,1840884,7900843,2072950,5827893,3.811401,264,272346,1568538,2714216,7900843,2956021,0.727728
3161,1843012,7953730,2072955,5880775,3.836904,260,273294,1569718,2729169,7953730,2962946,0.728585
3162,1842984,8000954,2072981,5927973,3.859637,263,273154,1569830,2744488,8000954,2976998,0.728820
3163,1841348,8042262,2072983,5969279,3.879560,269,273400,1567948,2756660,8042262,2984378,0.729348
3164,1841348,8083806,2072974,6010832,3.899618,268,274154,1567194,2771967,8083806,3004062,0.729068
3165,1843970,8126158,2072974,6053184,3.920048,263,274863,1569107,2786102,8126158,3018250,0.729169
3166,1843718,8185109,2072974,6112135,3.948486,259,277620,1566098,2807810,8185109,3046131,0.728781
3167,1843416,8243622,2073019,6170603,3.976626,269,277756,1565660,2825036,8243622,3056522,0.729515
3168,1843532,8297394,2073032,6224362,4.002540,258,277948,1565584,2842049,8297394,3070802,0.729878
3169,1843516,8341827,2073004,6268823,4.024028,269,278030,1565486,2856989,8341827,3086129,0.729949
3170,1842758,8393796,2072924,6320872,4.049254,264,278127,1564631,2872684,8393796,3096940,0.730484
3171,1842800,8427528,2072898,6354630,4.065578,265,278195,1564605,2884249,8427528,3109468,0.730479
3172,1840136,8466300,2072873,6393427,4.084331,258,278491,1561645,2896871,8466300,3121184,0.730642
3173,1840420,8504040,2072826,6431214,4.102631,261,279070,1561350,2910402,8504040,3137568,0.730487
3174,1839932,8539116,2072724,6466392,4.119755,265,278466,1561466,2921572,8539116,3147172,0.730695
3175,1839976,8567760,2072609,6495151,4.133804,258,279447,1560529,2931363,8567760,3157692,0.730698
3176,1838688,8573763,2072462,6501301,4.136994,265,279204,1559484,2934140,8573763,3162797,0.730518
3177,1837616,8568955,2072313,6496642,4.134971,259,278969,1558647,2931093,8568955,3155417,0.730867
3178,1837616,8563643,2072195,6491448,4.132643,259,278800,1558816,2933175,8563643,3169057,0.729895
3179,1834400,8572913,2072073,6500840,4.137361,261,279604,1554796,2935573,8572913,3169379,0.730089
3180,1834540,8584954,2071968,6512986,4.143382,265,280326,1554214,2940982,8584954,3178974,0.729769
3181,1834348,8583278,2071997,6511281,4.142515,260,279474,1554874,2938612,8583278,3171170,0.730215
3182,1834348,8572336,2072055,6500281,4.137118,262,279595,1554753,2935142,8572336,3168232,0.730147
3183,1834156,8566402,2072091,6494311,4.134182,267,278953,1555203,2932622,8566402,3164086,0.730268
3184,1834156,8548584,2072128,6476456,4.125510,268,278255,1555901,2925369,8548584,3152892,0.730556
3185,1834156,8542322,2072175,6470147,4.122394,266,278735,1555421,2925104,8542322,3158094,0.730087
3186,1834132,8543424,2072203,6471221,4.122870,257,278160,1555972,2923776,8543424,3151680,0.730513
3187,1834102,8554249,2072236,6482013,4.128028,261,278153,1555949,2926582,8554249,3152079,0.730737
3188,1833890,8558666,2072281,6486385,4.130070,264,277861,1556029,2925240,8558666,3142294,0.731450
3189,1831508,8570533,2072329,6498204,4.135701,263,277392,1554116,2928448,8570533,3143259,0.731662
3190,1809710,8580455,2072380,6508075,4.140387,260,277766,1531944,2931569,8580455,3145821,0.731729
3191,1809582,8607670,2072422,6535248,4.153435,258,278916,1530666,2940315,8607670,3153590,0.731866
3192,1809582,8622221,2072497,6549724,4.160306,257,278313,1531269,2943226,8622221,3150683,0.732378
3193,1809574,8638517,2072518,6565999,4.168126,265,278888,1530686,2948257,8638517,3154511,0.732511
3194,1809052,8651615,2072527,6579088,4.174428,265,278040,1531012,2952084,8651615,3156721,0.732670
3195,1807820,8664036,2072532,6591504,4.180411,252,277579,1530241,2953065,8664036,3148224,0.733478
3196,1807820,8668629,2072586,6596043,4.182518,256,278233,1529587,2955608,8668629,3153803,0.733236
3197,1803980,8670305,2072560,6597745,4.183379,262,277300,1526680,2955758,8670305,3152727,0.733340
3198,1803980,8670021,2072537,6597484,4.183289,256,278070,1525910,2955476,8670021,3151883,0.733386
3199,1803906,8676764,2072572,6604192,4.186472,256,277623,1526283,2958746,8676764,3158220,0.733145
3200,1797654,8689538,2072566,6616972,4.192647,267,278636,1519018,2962435,8689538,3160202,0.733310
3201,1797436,8664623,2072741,6591882,4.180273,260,277823,1519613,2954333,8664623,3152709,0.733213
3202,1796810,8642651,2072921,6569730,4.169310,258,278359,1518451,2946155,8642651,3141969,0.733384
3203,1796526,8622188,2073055,6549133,4.159170,251,277694,1518832,2940905,8622188,3141432,0.732954
3204,1791794,8608047,2073098,6534949,4.152262,260,277998,1513796,2936912,8608047,3139601,0.732746
3205,1791750,8593350,2073170,6520180,4.145029,257,277994,1513756,2931605,8593350,3133070,0.732820
3206,1791700,8575937,2073195,6502742,4.136580,254,277844,1513856,2928254,8575937,3137079,0.732172
3207,1791462,8561161,2073252,6487909,4.129339,257,278701,1512761,2924711,8561161,3137683,0.731795
3208,1791194,8540091,2073259,6466832,4.119163,257,277310,1513884,2918098,8540091,3132301,0.731649
3209,1791104,8505627,2073259,6432368,4.102540,261,277298,1513806,2907126,8505627,3122877,0.731446
3210,1790798,8456012,2073262,6382750,4.078603,257,275669,1515129,2892621,8456012,3114472,0.730826
3211,1789152,8413043,2073265,6339778,4.057872,252,275628,1513524,2878559,8413043,3101193,0.730664
3212,1759532,8382111,2073294,6308817,4.042896,257,275339,1484193,2868064,8382111,3090145,0.730642
3213,1755509,8360241,2073297,6286944,4.032341,259,274902,1480607,2861226,8360241,3084663,0.730477
3214,1752995,8341247,2073313,6267934,4.023149,262,275202,1477793,2856905,8341247,3086373,0.729920
3215,1752557,8322841,2073342,6249499,4.014215,258,275890,1476667,2851635,8322841,3083699,0.729655
3216,1749557,8304235,2073343,6230892,4.005239,262,275953,1473604,2845128,8304235,3076277,0.729689
3217,1749315,8284710,2073356,6211354,3.995797,265,275716,1473599,2839416,8284710,3072954,0.729438
3218,1749173,8267336,2073342,6193994,3.987444,254,275914,1473259,2832874,8267336,3064160,0.729589
3219,1749167,8253113,2073363,6179750,3.980544,256,275816,1473351,2827819,8253113,3058163,0.729636
3220,1747567,8242024,2073372,6168652,3.975179,256,275027,1472540,2823295,8242024,3051156,0.729823
3221,1747111,8247111,2073388,6173723,3.977601,255,275711,1471400,2822928,8247111,3044601,0.730369
3222,1747111,8249704,2073408,6176296,3.978814,262,275208,1471903,2824130,8249704,3046816,0.730287
3223,1747047,8252630,2073419,6179211,3.980204,263,275099,1471948,2824094,8252630,3043746,0.730556
3224,1746733,8252936,2073440,6179496,3.980311,264,275963,1470770,2824022,8252936,3043152,0.730601
3225,1746733,8243650,2073449,6170201,3.975815,262,275689,1471044,2821197,8243650,3041138,0.730510
3226,1746733,8235949,2073446,6162503,3.972107,267,275424,1471309,2817451,8235949,3033855,0.730798
3227,1746543,8233821,2073449,6160372,3.971075,258,275184,1471359,2818044,8233821,3038355,0.730455
3228,1746435,8236379,2073473,6162906,3.972262,258,275441,1470994,2820247,8236379,3044609,0.730111
3229,1725719,8233264,2073491,6159773,3.970726,262,275899,1449820,2818708,8233264,3041568,0.730234
3230,1720908,8227002,2073499,6153503,3.967690,257,276818,1444090,2818306,8227002,3046222,0.729783
3231,1720878,8205268,2073517,6131751,3.957174,259,276774,1444104,2811546,8205268,3040916,0.729605
3232,1718810,8189233,2073525,6115708,3.949426,255,275113,1443697,2805568,8189233,3033039,0.729730
3233,1718810,8180944,2073542,6107402,3.945396,256,274761,1444049,2803687,8180944,3033804,0.729481
3234,1717102,8172912,2073537,6099375,3.941532,253,276009,1441093,2802179,8172912,3035804,0.729157
3235,1717102,8166297,2073541,6092756,3.938334,253,276342,1440760,2800339,8166297,3035059,0.729045
3236,1717102,8163760,2073556,6090204,3.937082,254,275984,1441118,2800533,8163760,3038372,0.728768
3237,1717102,8164508,2073560,6090948,3.937435,255,275983,1441119,2802080,8164508,3043812,0.728433
3238,1716628,8165204,2073579,6091625,3.937735,261,276784,1439844,2803463,8165204,3048648,0.728136
3239,1716628,8166129,2073572,6092557,3.938194,259,276785,1439843,2803434,8166129,3047607,0.728226
3240,1716628,8166501,2073581,6092920,3.938356,262,277248,1439380,2805594,8166501,3055875,0.727698
3241,1716628,8174939,2073570,6101369,3.942447,257,277364,1439264,2808198,8174939,3057853,0.727774
3242,1716316,8183103,2073569,6109534,3.946386,262,277695,1438621,2812415,8183103,3066557,0.727409
3243,1716316,8189089,2073553,6115536,3.949303,260,278244,1438072,2815650,8189089,3073511,0.727105
3244,1716316,8195503,2073560,6121943,3.952383,259,278998,1437318,2819077,8195503,3080805,0.726790
3245,1716316,8194065,2073548,6120517,3.951712,262,278630,1437686,2818736,8194065,3080879,0.726750
3246,1716316,8190571,2073541,6117030,3.950041,263,278921,1437395,2818176,8190571,3082133,0.726584
3247,1716262,8184903,2073533,6111370,3.947322,262,279978,1436284,2817701,8184903,3085901,0.726204
3248,1716262,8175776,2073535,6102241,3.942917,262,279146,1437116,2815645,8175776,3086804,0.725924
3249,1716008,8165003,2073521,6091482,3.937748,258,278908,1437100,2814043,8165003,3091169,0.725380
3250,1716004,8151891,2073513,6078378,3.931440,261,279368,1436636,2809304,8151891,3085325,0.725437
3251,1715170,8143819,2073509,6070310,3.927554,262,280498,1434672,2807190,8143819,3084941,0.725264
3252,1713642,8135571,2073504,6062067,3.923586,259,278517,1435125,2803469,8135571,3078305,0.725491
3253,1712714,8139848,2073489,6066359,3.925677,260,279554,1433160,2806343,8139848,3085524,0.725129
3254,1711422,8142756,2073480,6069276,3.927096,257,279062,1432360,2805883,8142756,3080776,0.725507
3255,1711340,8143525,2073471,6070054,3.927484,259,279867,1431473,2806739,8143525,3083431,0.725355
3256,1711340,8145995,2073466,6072529,3.928685,263,280057,1431283,2808959,8145995,3089841,0.725001
3257,1711340,8146695,2073466,6073229,3.929023,263,280133,1431207,2808496,8146695,3087289,0.725183
3258,1711336,8145853,2073456,6072397,3.928636,263,279997,1431339,2808955,8145853,3089967,0.724990
3259,1707792,8144014,2073439,6070575,3.927781,261,279968,1427824,2808125,8144014,3088486,0.725040
3260,1707414,8141311,2073446,6067865,3.926464,265,279931,1427483,2805995,8141311,3082669,0.725350
3261,1706184,8141081,2073430,6067651,3.926383,260,280552,1425632,2807857,8141081,3090347,0.724848
3262,1705572,8142167,2073435,6068732,3.926898,259,281115,1424457,2809249,8142167,3094829,0.724586
3263,1705179,8147871,2073431,6074440,3.929656,259,281317,1423862,2812371,8147871,3101613,0.724288
3264,1704867,8154128,2073437,6080691,3.932663,257,282095,1422772,2815574,8154128,3108168,0.724020
3265,1704727,8156883,2073430,6083453,3.934005,261,281850,1422877,2816500,8156883,3109117,0.724027
3266,1640083,8157590,2073434,6084156,3.934338,260,280836,1359247,2816346,8157590,3107794,0.724129
3267,1639448,8161894,2073451,6088443,3.936381,260,281213,1358235,2818622,8161894,3112594,0.723926
3268,1636948,8166014,2073453,6092561,3.938365,260,280864,1356084,2819282,8166014,3111114,0.724122
3269,1636948,8174202,2073432,6100770,3.942354,260,281711,1355237,2823262,8174202,3118846,0.723826
3270,1621018,8184823,2073422,6111401,3.947495,263,282191,1338827,2827228,8184823,3124089,0.723750
3271,1619450,8196548,2073430,6123118,3.953135,260,282579,1336871,2832097,8196548,3131840,0.723541
3272,1619450,8211424,2073438,6137986,3.960294,259,283088,1336362,2836800,8211424,3135776,0.723652
3273,1618652,8223598,2073439,6150159,3.966163,256,282908,1335744,2839204,8223598,3133218,0.724111
3274,1618652,8238288,2073438,6164850,3.973250,259,283500,1335152,2844697,8238288,3140500,0.724004
3275,1618630,8251787,2073434,6178353,3.979768,259,283245,1335385,2848456,8251787,3142037,0.724233
3276,1618630,8264279,2073449,6190830,3.985764,261,283819,1334811,2853733,8264279,3150653,0.723988
3277,1618630,8273140,2073454,6199686,3.990028,261,283662,1334968,2856404,8273140,3152476,0.724087
3278,1617718,8286799,2073446,6213353,3.996631,258,284656,1333062,2860496,8286799,3155185,0.724245
3279,1617718,8297167,2073433,6223734,4.001657,259,284997,1332721,2864425,8297167,3160533,0.724156
3280,1617718,8308242,2073442,6234800,4.006981,259,285424,1332294,2868893,8308242,3167330,0.723994
3281,1615740,8313461,2073449,6240012,4.009484,261,284998,1330742,2870385,8313461,3168079,0.724072
3282,1615446,8314650,2073451,6241199,4.010054,263,284640,1330806,2871817,8314650,3172618,0.723814
3283,1615432,8317067,2073454,6243613,4.011214,262,284423,1331009,2873342,8317067,3176301,0.723641
3284,1612452,8320866,2073461,6247405,4.013032,262,285024,1327428,2875447,8320866,3180922,0.723441
3285,1612145,8321548,2073479,6248069,4.013326,256,284655,1327490,2876192,8321548,3183220,0.723313
3286,1612019,8325121,2073481,6251640,4.015046,258,285725,1326294,2879184,8325121,3191615,0.722872
3287,1611995,8329332,2073467,6255865,4.017104,263,285465,1326530,2880478,8329332,3192580,0.722912
3288,1611995,8335343,2073449,6261894,4.020038,257,285627,1326368,2882596,8335343,3195041,0.722902
3289,1611995,8342572,2073469,6269103,4.023485,260,284610,1327385,2884096,8342572,3193812,0.723153
3290,1611995,8349340,2073469,6275871,4.026749,261,284974,1327021,2886269,8349340,3195736,0.723195
3291,1611995,8354750,2073463,6281287,4.029370,262,284536,1327459,2888269,8354750,3198326,0.723162
3292,1528657,8347582,2073453,6274129,4.025933,261,283921,1244736,2886482,8347582,3198346,0.722989
3293,1528585,8354620,2073468,6281152,4.029298,259,284248,1244337,2887941,8354620,3197144,0.723233
3294,1528567,8361799,2073470,6288329,4.032756,253,284616,1243951,2890834,8361799,3201537,0.723130
3295,1528567,8371797,2073465,6298332,4.037588,258,285192,1243375,2893863,8371797,3203655,0.723237
3296,1528565,8380788,2073452,6307336,4.041949,253,284995,1243570,2897419,8380788,3208888,0.723125
3297,1528565,8388570,2073459,6315111,4.045689,259,283717,1244848,2899696,8388570,3210214,0.723228
3298,1528335,8398948,2073460,6325488,4.050692,260,283761,1244574,2902824,8398948,3212348,0.723343
3299,1528285,8409963,2073464,6336499,4.055997,262,283310,1244975,2906407,8409963,3215665,0.723399
3300,1525975,8425078,2073462,6351616,4.063290,261,283385,1242590,2911463,8425078,3220774,0.723440
3301,1525971,8442700,2073488,6369212,4.071738,255,283349,1242622,2914840,8442700,3216660,0.724114
3302,1525917,8456650,2073461,6383189,4.078519,265,283100,1242817,2918401,8456650,3216954,0.724425
3303,1525901,8475319,2073485,6401834,4.087475,260,282698,1243203,2923998,8475319,3220673,0.724634
3304,1525179,8494553,2073489,6421064,4.096744,255,282609,1242570,2930960,8494553,3229287,0.724554
3305,1525179,8513360,2073490,6439870,4.105812,266,282733,1242446,2935888,8513360,3230192,0.724939
3306,1525179,8534527,2073490,6461037,4.116020,261,281955,1243224,2942458,8534527,3235305,0.725119
3307,1524983,8551636,2073498,6478138,4.124256,252,281052,1243931,2945828,8551636,3231676,0.725741
3308,1521133,8563801,2073500,6490301,4.130119,273,280404,1240729,2949003,8563801,3232211,0.725991
3309,1520737,8569792,2073488,6496304,4.133032,261,279788,1240949,2950601,8569792,3232612,0.726106
3310,1520425,8569528,2073517,6496011,4.132847,252,278627,1241798,2946258,8569528,3215504,0.727154
3311,1520251,8528417,2073518,6454899,4.113018,256,274767,1245484,2927934,8528417,3183319,0.728194
3312,1520109,8424122,2073506,6350616,4.062743,267,271092,1249017,2888449,8424122,3129674,0.729122
3313,1520109,8316684,2073514,6243170,4.010913,264,268354,1251755,2849846,8316684,3082700,0.729573
3314,1520047,8245545,2073519,6172026,3.976595,254,265262,1254785,2821190,8245545,3039215,0.730680
3315,1519889,8203774,2073515,6130259,3.956458,254,262572,1257317,2803481,8203774,3010150,0.731570
3316,1519651,8163947,2073538,6090409,3.937206,255,260025,1259626,2785486,8163947,2977997,0.732722
3317,1519637,8129833,2073546,6056287,3.920739,264,258569,1261068,2771909,8129833,2957803,0.733234
3318,1501297,8100384,2073527,6026857,3.906573,259,257215,1244082,2759900,8100384,2939216,0.733757
3319,1501015,8075871,2073518,6002353,3.894768,264,256547,1244468,2750869,8075871,2927605,0.733938
3320,1482407,8053136,2073545,5979591,3.883753,256,255371,1227036,2740827,8053136,2910172,0.734553
3321,1471010,8046154,2073546,5972608,3.880384,256,254113,1216897,2737363,8046154,2903298,0.734845
3322,1470828,8040694,2073544,5967150,3.877754,256,253700,1217128,2735493,8040694,2901278,0.734849
3323,1470188,8037243,2073548,5963695,3.876082,261,252703,1217485,2732438,8037243,2892509,0.735355
3324,1470188,8035582,2073545,5962037,3.875287,257,252011,1218177,2731873,8035582,2891910,0.735355
3325,1455046,8035252,2073547,5961705,3.875124,257,251576,1203470,2731477,8035252,2890656,0.735431
3326,1455016,8036816,2073559,5963257,3.875856,261,251413,1203603,2731148,8036816,2887776,0.735663
3327,1455002,8037676,2073565,5964111,3.876259,260,250862,1204140,2730549,8037676,2884520,0.735903
3328,1454400,8041413,2073570,5967843,3.878052,260,251261,1203139,2731492,8041413,2884555,0.735991
3329,1454400,8043993,2073572,5970421,3.879293,262,250903,1203497,2732232,8043993,2884935,0.736028
3330,1446924,8047576,2073562,5974014,3.881039,263,250081,1196843,2732267,8047576,2881492,0.736346
3331,1446394,8076142,2073551,6002591,3.894836,262,250249,1196145,2739645,8076142,2882438,0.736970
3332,1446924,8105592,2073556,6032036,3.909030,262,249540,1197384,2748628,8105592,2888920,0.737240
3333,1446954,8135850,2073567,6062283,3.923601,258,249484,1197470,2757723,8135850,2895042,0.737551
3334,1442116,8167203,2073580,6093623,3.938697,249,250013,1192103,2768020,8167203,2904877,0.737639
3335,1442298,8199611,2073582,6126029,3.954322,254,250696,1191602,2778927,8199611,2916097,0.737660
3336,1453605,8226467,2073582,6152885,3.967274,249,251104,1202501,2788449,8226467,2927329,0.737549
3337,1453605,8244172,2073586,6170586,3.975804,245,251693,1201912,2793598,8244172,2930220,0.737774
3338,1451990,8261077,2073586,6187491,3.983957,250,252349,1199641,2801270,8261077,2944003,0.737262
3339,1421286,8291512,2073586,6217926,3.998634,251,252519,1168767,2811778,8291512,2955600,0.737213
3340,1421204,8332472,2073587,6258885,4.018386,251,253857,1167347,2825205,8332472,2968348,0.737333
3341,1384761,8374804,2073598,6301206,4.038779,258,254558,1130203,2839623,8374804,2983688,0.737317
3342,1384487,8417598,2073600,6343998,4.059413,252,254756,1129731,2854054,8417598,2998618,0.737337
3343,1384339,8461973,2073600,6388373,4.080813,258,256544,1127795,2868304,8461973,3011243,0.737542
3344,1384553,8501060,2073600,6427460,4.099662,261,257508,1127045,2881838,8501060,3026292,0.737469
3345,1383831,8531454,2073600,6457854,4.114320,262,257691,1126140,2891536,8531454,3034690,0.737623
3346,1382605,8561594,2073600,6487994,4.128855,267,258320,1124285,2901245,8561594,3043386,0.737752
3347,1381205,8593157,2073600,6519557,4.144076,267,259913,1121292,2913505,8593157,3060863,0.737356
3348,1380875,8628273,2073600,6554673,4.161011,258,261467,1119408,2927046,8628273,3079911,0.736944
3349,1377235,8659713,2073599,6586114,4.176175,252,261101,1116134,2936769,8659713,3087363,0.737180
3350,1377413,8690636,2073599,6617037,4.191088,253,261877,1115536,2947127,8690636,3097872,0.737213
3351,1377255,8692595,2073600,6618995,4.192031,249,262215,1115040,2947824,8692595,3098701,0.737204
3352,1377235,8688123,2073597,6614526,4.189880,247,262297,1114938,2947167,8688123,3100545,0.736989
3353,1376889,8683066,2073599,6609467,4.187437,249,262568,1114321,2946162,8683066,3101582,0.736812
3354,1376887,8676127,2073598,6602529,4.184093,247,262558,1114329,2943618,8676127,3098345,0.736859
3355,1376887,8669897,2073597,6596300,4.181091,246,262853,1114034,2941929,8669897,3097819,0.736753
3356,1369853,8662295,2073596,6588699,4.177427,244,262753,1107100,2940584,8662295,3100041,0.736443
3357,1369339,8655086,2073599,6581487,4.173944,242,262818,1106521,2940920,8655086,3108594,0.735746
3358,1369309,8644945,2073600,6571345,4.169051,246,262654,1106655,2938553,8644945,3109267,0.735476
3359,1368443,8633358,2073599,6559759,4.163466,250,262346,1106097,2935827,8633358,3109950,0.735173
3360,1367753,8625785,2073599,6552186,4.159813,249,262331,1105422,2933255,8625785,3107235,0.735172
3361,1366239,8619792,2073598,6546194,4.156925,244,262596,1103643,2932137,8619792,3108756,0.734941
3362,1366095,8612884,2073599,6539285,4.153592,245,262194,1103901,2928308,8612884,3100348,0.735312
3363,1350135,8610392,2073599,6536793,4.152390,245,262040,1088095,2926266,8610392,3094672,0.735613
3364,1348459,8613507,2073600,6539907,4.153890,249,261799,1086660,2928742,8613507,3101461,0.735257
3365,1345095,8620087,2073597,6546490,4.157070,250,262379,1082716,2931584,8620087,3106249,0.735105
3366,1344398,8625869,2073600,6552269,4.159852,248,262756,1081642,2932959,8625869,3105967,0.735253
3367,1344380,8629577,2073599,6555978,4.161642,250,262750,1081630,2934225,8629577,3107323,0.735252
3368,1344380,8628645,2073600,6555045,4.161191,253,262757,1081623,2934170,8628645,3108035,0.735186
3369,1344286,8625666,2073599,6552067,4.159756,252,262697,1081589,2933459,8625666,3108170,0.735110
3370,1342388,8623634,2073599,6550035,4.158776,251,262850,1079538,2932744,8623634,3107342,0.735116
3371,1339682,8622078,2073598,6548480,4.158028,248,263048,1076634,2933377,8622078,3111430,0.734825
3372,1339406,8623385,2073597,6549788,4.158660,243,262672,1076734,2934552,8623385,3114823,0.734642
3373,1339374,8626195,2073600,6552595,4.160009,250,262817,1076557,2936155,8626195,3118425,0.734481
3374,1338754,8627358,2073600,6553758,4.160570,250,262867,1075887,2935458,8627358,3114474,0.734754
3375,1335394,8629519,2073599,6555920,4.161614,253,262363,1073031,2935768,8629519,3113553,0.734860
3376,1335394,8633167,2073597,6559570,4.163377,248,262630,1072764,2936798,8633167,3114025,0.734913
3377,1334270,8635360,2073599,6561761,4.164431,245,262291,1071979,2937750,8635360,3115640,0.734862
3378,1334256,8635927,2073599,6562328,4.164704,243,262095,1072161,2936993,8635927,3112045,0.735099
3379,1322829,8639424,2073599,6565825,4.166391,246,262896,1059933,2938824,8639424,3115872,0.734939
3380,1322617,8637508,2073599,6563909,4.165467,247,261861,1060756,2937100,8637508,3110892,0.735207
3381,1319289,8638712,2073600,6565112,4.166046,246,262021,1057268,2937976,8638712,3113192,0.735090
3382,1317386,8637168,2073600,6563568,4.165301,243,262319,1055067,2936670,8637168,3109512,0.735286
3383,1314468,8630502,2073599,6556903,4.162088,247,261515,1052953,2934829,8630502,3108814,0.735179
3384,1314208,8627247,2073599,6553648,4.160518,244,262467,1051741,2934711,8627247,3111597,0.734932
3385,1312504,8616884,2073598,6543286,4.155523,246,260879,1051625,2930179,8616884,3103832,0.735184
3386,1311084,8614848,2073599,6541249,4.154539,249,262275,1048809,2930803,8614848,3108364,0.734854
3387,1311084,8604642,2073598,6531044,4.149619,247,261417,1049667,2928855,8604642,3110778,0.734471
3388,1308897,8600745,2073600,6527145,4.147736,249,262080,1046817,2927974,8600745,3111151,0.734360
3389,1308869,8589978,2073598,6516380,4.142547,244,261836,1047033,2924988,8589978,3109974,0.734189
3390,1307413,8585911,2073599,6512312,4.140584,247,262482,1044931,2924170,8585911,3110769,0.734047
3391,1307137,8584152,2073598,6510554,4.139738,248,262330,1044807,2922264,8584152,3104904,0.734375
3392,1305071,8583969,2073598,6510371,4.139650,248,261504,1043567,2921689,8583969,3102787,0.734504
3393,1301533,8591587,2073599,6517988,4.143321,248,262597,1038936,2924604,8591587,3106829,0.734423
3394,1301447,8595742,2073598,6522144,4.145327,246,262251,1039196,2925657,8595742,3106886,0.734514
3395,1300211,8601278,2073598,6527680,4.147997,243,261724,1038487,2926375,8601278,3104222,0.734807
3396,1299843,8607517,2073600,6533917,4.151002,246,262354,1037489,2928960,8607517,3108323,0.734691
3397,1299715,8612507,2073599,6538908,4.153410,250,262280,1037435,2929701,8612507,3106297,0.734931
3398,1298520,8616358,2073598,6542760,4.155269,247,262646,1035874,2932258,8616358,3112674,0.734618
3399,1294904,8616177,2073600,6542577,4.155178,248,262763,1032141,2931291,8616177,3108987,0.734845
3400,1294664,8614233,2073599,6540634,4.154242,248,262897,1031767,2932015,8614233,3113827,0.734498
3401,1294592,8618503,2073598,6544905,4.156304,249,263289,1031303,2933423,8618503,3115189,0.734509
3402,1294286,8625413,2073600,6551813,4.159632,248,263298,1030988,2936307,8625413,3119815,0.734376
3403,1294286,8634453,2073599,6560854,4.163994,246,263974,1030312,2938447,8634453,3119335,0.734610
3404,1274156,8645542,2073600,6571942,4.169339,239,264198,1009958,2943543,8645542,3128630,0.734280
3405,1270738,8660354,2073600,6586754,4.176482,243,264825,1005913,2948673,8660354,3134338,0.734259
3406,1268778,8674226,2073599,6600627,4.183174,243,264798,1003980,2952924,8674226,3137470,0.734376
3407,1268778,8687595,2073598,6613997,4.189624,239,264933,1003845,2957124,8687595,3140901,0.734463
3408,1265390,8695680,2073598,6622082,4.193523,240,264862,1000528,2960177,8695680,3145028,0.734389
3409,1262016,8691052,2073599,6617453,4.191289,243,264829,997187,2958539,8691052,3143104,0.734404
3410,1261786,8696637,2073600,6623037,4.193980,244,264542,997244,2960025,8696637,3143463,0.734507
3411,1261328,8707797,2073599,6634198,4.199364,248,265359,995969,2965481,8707797,3154127,0.734097
3412,1257152,8720049,2073598,6646451,4.205275,251,265401,991751,2969639,8720049,3158507,0.734100
3413,1255216,8730983,2073599,6657384,4.210546,252,265310,989906,2974026,8730983,3165121,0.733936
3414,1253957,8740774,2073599,6667175,4.215267,251,265179,988778,2977467,8740774,3169094,0.733910
3415,1253027,8749597,2073599,6675998,4.219522,250,264802,988225,2981152,8749597,3175011,0.733743
3416,1250165,8760294,2073599,6686695,4.224681,247,265275,984890,2984766,8760294,3178770,0.733750
3417,1249866,8770074,2073600,6696474,4.229395,249,265746,984120,2989096,8770074,3186310,0.733506
3418,1249714,8775128,2073600,6701528,4.231833,250,265746,983968,2991740,8775128,3191832,0.733280
3419,1249690,8780374,2073598,6706776,4.234367,245,265790,983900,2993524,8780374,3193722,0.733281
3420,1249544,8790615,2073599,6717016,4.239303,246,265660,983884,2997456,8790615,3199209,0.733173
3421,1249246,8801399,2073600,6727799,4.244502,248,265480,983766,3000356,8801399,3200025,0.733363
3422,1249246,8816598,2073599,6742999,4.251834,246,265443,983803,3004499,8816598,3201398,0.733616
3423,1243638,8829836,2073600,6756236,4.258216,243,264705,978933,3009545,8829836,3208344,0.733486
3424,1243542,8839763,2073599,6766164,4.263005,241,264454,979088,3012432,8839763,3209965,0.733607
3425,1243360,8846321,2073600,6772721,4.266166,244,264450,978910,3013551,8846321,3207883,0.733878
3426,1242924,8850136,2073600,6776536,4.268005,240,263366,979558,3012678,8850136,3200576,0.734408
3427,1242924,8847103,2073598,6773505,4.266547,248,262486,980438,3010756,8847103,3195921,0.734625
3428,1242612,8833762,2073599,6760163,4.260111,248,260406,982206,3003432,8833762,3179966,0.735306
3429,1239284,8818005,2073599,6744406,4.252512,246,258677,980607,2995779,8818005,3165111,0.735869
3430,1238756,8805576,2073598,6731978,4.246520,247,257143,981613,2988223,8805576,3147316,0.736690
3431,1237016,8812751,2073600,6739151,4.249976,246,256396,980620,2990428,8812751,3148961,0.736747
3432,1236136,8830289,2073597,6756692,4.258440,248,255601,980535,2994520,8830289,3147791,0.737204
3433,1235992,8854096,2073597,6780499,4.269921,246,255470,980522,3001145,8854096,3150484,0.737560
3434,1232536,8880934,2073599,6807335,4.282860,244,255084,977452,3008122,8880934,3151554,0.738080
3435,1232528,8912824,2073600,6839224,4.298237,248,254103,978425,3016769,8912824,3154252,0.738607
3436,1232498,8943265,2073598,6869667,4.312921,243,253272,979226,3025003,8943265,3156747,0.739112
3437,1209929,8976515,2073600,6902915,4.328952,241,252063,957866,3033262,8976515,3156533,0.739840
3438,1209577,9006685,2073599,6933086,4.343504,243,250657,958920,3039405,9006685,3150935,0.740826
3439,1205973,9028864,2073597,6955267,4.354204,242,249061,956912,3043312,9028864,3144384,0.741697
3440,1204861,9045232,2073599,6971633,4.362093,244,247295,957566,3044914,9045232,3134424,0.742651
3441,1202741,9038622,2073599,6965023,4.358905,242,245147,957594,3038818,9038622,3116650,0.743597
3442,1202545,9009814,2073598,6936216,4.345015,242,242682,959863,3025542,9009814,3092354,0.744479
3443,1201779,8970447,2073599,6896848,4.326028,244,239725,962054,3008258,8970447,3062585,0.745485
3444,1198203,8903044,2073599,6829445,4.293523,247,236955,961248,2982240,8903044,3025916,0.746339
3445,1197379,8791168,2073599,6717569,4.239570,246,234700,962679,2947231,8791168,2997756,0.745714
3446,1196263,8720837,2073599,6647238,4.205653,247,233871,962392,2925757,8720837,2982191,0.745178
3447,1173891,8657831,2073600,6584231,4.175266,244,232979,940912,2907666,8657831,2972833,0.744397
3448,1173265,8588748,2073599,6515149,4.141952,242,232211,941054,2886276,8588748,2956356,0.743930
3449,1171983,8584247,2073599,6510648,4.139782,246,231973,940010,2883509,8584247,2949789,0.744254
3450,1170697,8580907,2073600,6507307,4.138169,246,231094,939603,2880962,8580907,2942941,0.744622
3451,1170697,8585551,2073600,6511951,4.140408,244,230715,939982,2880700,8585551,2937249,0.745092
3452,1152477,8595588,2073599,6521989,4.145251,243,229705,922772,2882597,8595588,2934800,0.745473
3453,1146785,8604721,2073598,6531123,4.149657,240,229409,917376,2883480,8604721,2929199,0.746036
3454,1141847,8614100,2073600,6540500,4.154176,242,228583,913264,2884788,8614100,2925052,0.746511
3455,1141847,8624538,2073598,6550940,4.159214,238,227768,914079,2886936,8624538,2923206,0.746859
3456,1131185,8631235,2073599,6557636,4.162442,239,226677,904508,2886950,8631235,2916565,0.747435
3457,1127661,8635741,2073598,6562143,4.164617,243,225953,901708,2886991,8635741,2912223,0.747815
3458,1125759,8637136,2073599,6563537,4.165288,249,224729,901030,2884304,8637136,2900080,0.748633
3459,1125543,8637756,2073600,6564156,4.165584,247,223209,902334,2881742,8637756,2889212,0.749352
3460,1125505,8641736,2073599,6568137,4.167506,244,221797,903708,2881778,8641736,2885376,0.749688
3461,1125389,8643946,2073598,6570348,4.168574,253,221007,904382,2882048,8643946,2884246,0.749809
3462,1125389,8642902,2073599,6569303,4.168068,240,219461,905928,2878665,8642902,2871758,0.750600
3463,1125193,8641024,2073540,6567484,4.167281,238,218182,907011,2875434,8641024,2860712,0.751280
3464,1116411,8647537,2073544,6573993,4.170414,245,217651,898760,2877225,8647537,2861363,0.751378
3465,1116181,8650700,2073541,6577159,4.171945,244,217113,899068,2876551,8650700,2855504,0.751829
3466,1115087,8648981,2073536,6575445,4.171127,241,215991,899096,2876121,8648981,2855503,0.751792
3467,1089391,8650023,2073532,6576491,4.171637,243,216135,873256,2876381,8650023,2855501,0.751815
3468,1072933,8645917,2073527,6572390,4.169667,246,215372,857561,2874234,8645917,2851019,0.752019
3469,1069543,8641924,2073511,6568413,4.167773,247,215114,854429,2872697,8641924,2848864,0.752074
3470,1067807,8630231,2073521,6556710,4.162114,246,214931,852876,2868522,8630231,2843857,0.752150
3471,1067807,8614504,2073564,6540940,4.154443,242,214727,853080,2864023,8614504,2841588,0.751958
3472,1064479,8593450,2073590,6519860,4.144238,244,213727,850752,2854273,8593450,2823642,0.752683
3473,1064479,8567362,2073598,6493764,4.131641,244,211010,853469,2843177,8567362,2805346,0.753326
3474,1064479,8553552,2073600,6479952,4.124977,246,210042,854437,2836157,8553552,2791076,0.753974
3475,1064379,8546708,2073600,6473108,4.121676,241,208518,855861,2832380,8546708,2782812,0.754375
3476,1056645,8543998,2073598,6470400,4.120373,240,207760,848885,2830785,8543998,2779142,0.754561
3477,1055771,8550625,2073599,6477026,4.123567,245,207400,848371,2832366,8550625,2778839,0.754725
3478,1055283,8559090,2073600,6485490,4.127648,241,207177,848106,2833705,8559090,2775730,0.755115
3479,1055283,8570449,2073598,6496851,4.133129,245,207134,848149,2836096,8570449,2773935,0.755479
3480,1051919,8582377,2073600,6508777,4.138878,248,206681,845238,2840082,8582377,2777951,0.755469
3481,1051919,8577935,2073598,6504337,4.136740,242,206484,845435,2837009,8577935,2770101,0.755896
3482,1051905,8577705,2073600,6504105,4.136625,242,206184,845721,2836855,8577705,2769715,0.755917
3483,1051837,8580730,2073599,6507131,4.138086,243,205916,845921,2837871,8580730,2770754,0.755913
3484,1047661,8581066,2073597,6507469,4.138252,243,205776,841885,2837269,8581066,2768010,0.756103
3485,1047661,8579138,2073599,6505539,4.137318,245,205528,842133,2836968,8579138,2768734,0.756013
3486,1046662,8575998,2073598,6502400,4.135805,242,205013,841649,2835584,8575998,2766338,0.756105
3487,1045586,8570979,2073598,6497381,4.133385,244,204621,840965,2832732,8570979,2759949,0.756423
3488,1045572,8567349,2073600,6493749,4.131630,241,204104,841468,2830947,8567349,2756439,0.756580
3489,1045236,8563633,2073600,6490033,4.129838,243,203814,841422,2828792,8563633,2751535,0.756828
3490,1045168,8560197,2073600,6486597,4.128181,240,203670,841498,2827022,8560197,2747891,0.756998
3491,1044166,8567410,2073599,6493811,4.131662,242,202694,841472,2827521,8567410,2742674,0.757502
3492,1044166,8570909,2073600,6497309,4.133347,241,202677,841489,2828393,8570909,2742663,0.757578
3493,1044166,8573688,2073600,6500088,4.134688,242,202349,841817,2829471,8573688,2744196,0.757535
3494,1041844,8578527,2073597,6504930,4.137027,240,202121,839723,2829423,8578527,2739165,0.757975
3495,1041844,8590285,2073600,6516685,4.142691,241,202066,839778,2832586,8590285,2740059,0.758166
3496,1041754,8603072,2073600,6529472,4.148858,241,201540,840214,2834777,8603072,2736036,0.758708
3497,1041412,8613783,2073600,6540183,4.154023,241,201285,840127,2836596,8613783,2732601,0.759165
3498,1041074,8625090,2073598,6551492,4.159480,241,200749,840325,2838901,8625090,2730514,0.759545
3499,1040892,8627977,2073600,6554377,4.160869,240,200288,840604,2839038,8627977,2728175,0.759762
3500,1040784,8630832,2073599,6557233,4.162247,244,199671,841113,2838568,8630832,2723440,0.760140
3501,1040784,8630519,2073599,6556920,4.162096,245,199498,841286,2837670,8630519,2720161,0.760353
3502,1040144,8628708,2073599,6555109,4.161223,245,199115,841029,2837158,8628708,2719924,0.760330
3503,1040098,8621950,2073600,6548350,4.157962,244,198778,841320,2834329,8621950,2715366,0.760493
3504,1039624,8616439,2073600,6542839,4.155304,241,197922,841702,2831488,8616439,2709513,0.760770
3505,1039106,8614882,2073599,6541283,4.154555,243,197760,841346,2829397,8614882,2702706,0.761194
3506,1039106,8619574,2073597,6545977,4.156822,244,197039,842067,2829062,8619574,2696674,0.761699
3507,1037852,8639777,2073599,6566178,4.166561,243,196681,841171,2833415,8639777,2693883,0.762311
3508,1037852,8665643,2073600,6592043,4.179033,241,196487,841365,2840484,8665643,2696293,0.762691
3509,1036434,8690685,2073600,6617085,4.191110,242,196559,839875,2847136,8690685,2697859,0.763108
3510,1040826,8714526,2073598,6640928,4.202611,243,197094,843732,2853355,8714526,2698894,0.763533
3511,1033092,8718943,2073599,6645344,4.204739,246,195562,837530,2850369,8718943,2682533,0.764721
3512,1029448,8725763,2073597,6652166,4.208032,248,194663,834785,2850509,8725763,2676273,0.765281
3513,1028800,8733558,2073598,6659960,4.211789,244,194280,834520,2851405,8733558,2672062,0.765724
3514,1028800,8738464,2073600,6664864,4.214151,240,194015,834785,2850824,8738464,2664832,0.766310
3515,1028570,8743371,2073600,6669771,4.216518,241,193722,834848,2850280,8743371,2657749,0.766887
3516,1028570,8752779,2073600,6679179,4.221055,240,193312,835258,2852125,8752779,2655721,0.767216
3517,1028422,8766560,2073599,6692961,4.227703,249,192772,835650,2855272,8766560,2654528,0.767577
3518,1028422,8781746,2073600,6708146,4.235024,245,193010,835412,2858815,8781746,2653514,0.767953
3519,1028422,8800329,2073600,6726729,4.243986,244,192514,835908,2863324,8800329,2652967,0.768367
3520,1027966,8819872,2073598,6746274,4.253415,248,192526,835440,2866441,8819872,2645892,0.769235
3521,1027276,8841609,2073600,6768009,4.263893,242,192398,834878,2871089,8841609,2642747,0.769883
3522,1021523,8863206,2073598,6789608,4.274313,242,191484,830039,2877131,8863206,2645318,0.770143
3523,1021113,8885628,2073600,6812028,4.285122,248,191175,829938,2881447,8885628,2640160,0.770935
3524,1017723,8909514,2073599,6835915,4.296643,247,191320,826403,2886948,8909514,2638278,0.771534
3525,992693,8930819,2073598,6857221,4.306919,247,191493,801200,2893007,8930819,2641209,0.771759
3526,992177,8950597,2073599,6876998,4.316455,242,191442,800735,2897677,8950597,2640111,0.772222
3527,987366,8970494,2073597,6896897,4.326055,242,191012,796354,2902045,8970494,2637686,0.772774
3528,987178,8987165,2073599,6913566,4.334090,242,190934,796244,2905578,8987165,2635147,0.773268
3529,981680,9001579,2073598,6927981,4.341043,242,190960,790720,2908503,9001579,2632433,0.773730
3530,981680,9010869,2073599,6937270,4.345521,247,190211,791469,2910872,9010869,2632619,0.773898
3531,975662,9021831,2073599,6948232,4.350808,248,190412,785250,2913135,9021831,2630709,0.774237
3532,975662,9026879,2073599,6953280,4.353242,242,189750,785912,2913945,9026879,2628901,0.774455
3533,975153,9034402,2073600,6960802,4.356868,251,189460,785693,2914557,9034402,2623826,0.774938
3534,972847,9043170,2073600,6969570,4.361097,241,189280,783567,2915599,9043170,2619226,0.775413
3535,972813,9055353,2073599,6981754,4.366974,252,188924,783889,2917651,9055353,2615251,0.775911
3536,971664,9072541,2073599,6998942,4.375263,246,188664,783000,2922437,9072541,2617207,0.776111
3537,970900,9093982,2073599,7020383,4.385603,250,188471,782429,2927037,9093982,2614166,0.776723
3538,970578,9113405,2073600,7039805,4.394968,254,188588,781990,2932582,9113405,2616923,0.776910
3539,970410,9135575,2073600,7061975,4.405659,245,187942,782468,2938612,9135575,2618873,0.777202
3540,970410,9152752,2073598,7079154,4.413947,252,188006,782404,2944668,9152752,2625920,0.777061
3541,967320,9163914,2073598,7090316,4.419330,250,187793,779527,2947562,9163914,2626334,0.777245
3542,967320,9174419,2073600,7100819,4.424392,249,187513,779807,2948586,9174419,2619925,0.777866
3543,966867,9182765,2073600,7109165,4.428417,253,187014,779853,2950907,9182765,2620863,0.777961
3544,966853,9194575,2073598,7120977,4.434116,249,186898,779955,2953772,9194575,2620513,0.778206
3545,966853,9208008,2073599,7134409,4.440592,254,186525,780328,2956092,9208008,2616360,0.778732
3546,966853,9219026,2073600,7145426,4.445904,250,186580,780273,2960128,9219026,2621486,0.778600
3547,965193,9224942,2073600,7151342,4.448757,255,186132,779061,2961384,9224942,2620594,0.778769
3548,961833,9229367,2073600,7155767,4.450891,257,185600,776233,2961231,9229367,2615557,0.779183
3549,961833,9237885,2073600,7164285,4.454999,263,186017,775816,2964504,9237885,2620131,0.779041
3550,956206,9241342,2073599,7167743,4.456668,252,185469,770737,2964128,9241342,2615170,0.779432
3551,955380,9245240,2073600,7171640,4.458546,254,185316,770064,2964947,9245240,2614548,0.779545
3552,950742,9247957,2073600,7174357,4.459856,259,184852,765890,2964487,9247957,2609991,0.779895
3553,949653,9253474,2073599,7179875,4.462519,250,184520,765133,2964933,9253474,2606258,0.780243
3554,946325,9261698,2073600,7188098,4.466482,255,184425,761900,2966331,9261698,2603626,0.780568
3555,945863,9273790,2073598,7200192,4.472318,261,184136,761727,2968429,9273790,2599926,0.781035
3556,945863,9290989,2073600,7217389,4.480608,254,183850,762013,2971708,9290989,2595843,0.781620
3557,945795,9311616,2073599,7238017,4.490558,251,183539,762256,2977057,9311616,2596612,0.781948
3558,945781,9333759,2073600,7260159,4.501234,260,183115,762666,2983326,9333759,2599545,0.782160
3559,941786,9359294,2073598,7285696,4.513553,259,183144,758642,2990611,9359294,2603150,0.782390
3560,941786,9385040,2073599,7311441,4.525967,258,183146,758640,2998289,9385040,2608116,0.782533
3561,941786,9408909,2073600,7335309,4.537475,254,183086,758700,3004709,9408909,2609927,0.782847
3562,937610,9434595,2073598,7360997,4.549867,253,183239,754371,3011196,9434595,2610189,0.783293
3563,937596,9461539,2073600,7387939,4.562856,259,183233,754363,3019048,9461539,2614653,0.783487
3564,937596,9490990,2073599,7417391,4.577061,257,183297,754299,3027406,9490990,2618634,0.783756
3565,933236,9524361,2073599,7450762,4.593155,258,183435,749801,3037912,9524361,2627287,0.783792
3566,930166,9560706,2073600,7487106,4.610680,260,183579,746587,3049070,9560706,2635574,0.783903
3567,929462,9595912,2073600,7522312,4.627658,262,183260,746202,3059261,9595912,2641132,0.784169
3568,929408,9631626,2073599,7558027,4.644884,260,183378,746030,3068816,9631626,2643638,0.784637
3569,929408,9664200,2073599,7590601,4.660593,251,183360,746048,3078646,9664200,2650384,0.784777
3570,929408,9695001,2073600,7621401,4.675444,253,183357,746051,3088232,9695001,2657927,0.784834
3571,928994,9725848,2073600,7652248,4.690320,259,183154,745840,3094646,9725848,2652736,0.785700
3572,928994,9760748,2073600,7687148,4.707151,252,183238,745756,3106131,9760748,2663776,0.785603
3573,928636,9797049,2073599,7723450,4.724659,253,182869,745767,3114370,9797049,2660431,0.786439
3574,928636,9832017,2073600,7758417,4.741521,264,182842,745794,3124087,9832017,2664331,0.786791
3575,928150,9863904,2073596,7790308,4.756907,260,182746,745404,3132255,9863904,2665116,0.787285
3576,928006,9893942,2073600,7820342,4.771384,255,182478,745528,3140073,9893942,2666350,0.787716
3577,928006,9920628,2073598,7847030,4.784258,257,182365,745641,3147827,9920628,2670680,0.787895
3578,926138,9943986,2073599,7870387,4.795520,259,181998,744140,3153867,9943986,2671482,0.788238
3579,924188,9967511,2073599,7893912,4.806865,255,182017,742171,3159838,9967511,2671841,0.788609
3580,923876,9991335,2073598,7917737,4.818357,255,181800,742076,3165850,9991335,2672065,0.788993
3581,921282,10019173,2073600,7945573,4.831777,252,181748,739534,3173351,10019173,2674231,0.789321
3582,920992,10049523,2073598,7975925,4.846418,260,181400,739592,3181998,10049523,2678469,0.789561
3583,920992,10076591,2073600,8002991,4.859467,254,181789,739203,3189352,10076591,2680817,0.789862
3584,920762,10096585,2073596,8022989,4.869119,254,180904,739858,3192941,10096585,2675179,0.790540
3585,920762,10116789,2073599,8043190,4.878855,258,180309,740453,3198201,10116789,2676015,0.790819
3586,920650,10130291,2073597,8056694,4.885371,257,179170,741480,3197300,10130291,2658909,0.792097
3587,920192,10130940,2073595,8057345,4.885689,254,177926,742266,3195317,10130940,2650328,0.792640
3588,919462,10099223,2073593,8025630,4.870398,259,176305,743157,3182063,10099223,2629029,0.793449
3589,919462,10023306,2073591,7949715,4.833791,255,174405,745057,3154839,10023306,2596050,0.794280
3590,919462,9909087,2073593,7835494,4.778704,260,172615,746847,3117521,9909087,2560997,0.794629
3591,919462,9775239,2073589,7701650,4.714164,258,170703,748759,3075120,9775239,2525241,0.794704
3592,919232,9651078,2073587,7577491,4.654291,254,169315,749917,3036174,9651078,2493618,0.794674
3593,919168,9551794,2073582,7478212,4.606422,251,167655,751513,3006549,9551794,2474402,0.794249
3594,918742,9490141,2073574,7416567,4.576707,255,166415,752327,2984896,9490141,2449443,0.794847
3595,918308,9457220,2073564,7383656,4.560853,254,165512,752796,2972854,9457220,2434196,0.795298
3596,900112,9432299,2073567,7358732,4.548828,256,164571,735541,2961990,9432299,2415661,0.796112
3597,900112,9418104,2073555,7344549,4.542008,251,163822,736290,2956064,9418104,2406152,0.796507
3598,900040,9404499,2073549,7330950,4.535460,255,162552,737488,2949408,9404499,2393133,0.797151
3599,899810,9397228,2073539,7323689,4.531976,256,161128,738682,2943981,9397228,2378696,0.798003
3600,899810,9398145,2073528,7324617,4.532442,253,160161,739649,2942157,9398145,2370483,0.798576
3601,899810,9403681,2073526,7330155,4.535116,251,158895,740915,2939892,9403681,2355887,0.799662
3602,899712,9421747,2073523,7348224,4.543835,250,157987,741725,2941886,9421747,2345797,0.800655
3603,899712,9447250,2073508,7373742,4.556168,253,157279,742433,2947368,9447250,2342222,0.801329
3604,899712,9472517,2073493,7399024,4.568386,250,156455,743257,2953228,9472517,2340395,0.801878
3605,899712,9491826,2073484,7418342,4.577718,255,155860,743852,2957262,9491826,2337222,0.802417
3606,889000,9500461,2073473,7426988,4.581907,254,155816,733184,2960151,9500461,2340143,0.802363
3607,870804,9497947,2073476,7424471,4.580688,249,155936,714868,2959137,9497947,2338601,0.802425
3608,870804,9492418,2073471,7418947,4.578033,253,155654,715150,2955757,9492418,2330610,0.802875
3609,870616,9493007,2073458,7419549,4.578345,253,155573,715043,2955156,9493007,2327617,0.803088
3610,870616,9501191,2073437,7427754,4.582339,249,155700,714916,2957345,9501191,2328189,0.803186
3611,870616,9522066,2073421,7448645,4.592442,253,155598,715018,2963720,9522066,2332814,0.803219
3612,870616,9549968,2073414,7476554,4.605915,250,155681,714935,2970793,9549968,2333204,0.803655
3613,854540,9579909,2073411,7506498,4.620362,248,155302,699238,2978693,9579909,2334863,0.804036
3614,854540,9606509,2073392,7533117,4.633233,251,155419,699121,2984574,9606509,2331787,0.804680
3615,851856,9634419,2073373,7561046,4.646737,249,155487,696369,2990872,9634419,2329069,0.805319
3616,851856,9656762,2073356,7583406,4.657551,251,155176,696680,2996637,9656762,2329786,0.805633
3617,851856,9672603,2073340,7599263,4.665228,255,155373,696483,3001852,9672603,2334805,0.805553
3618,851856,9684780,2073336,7611444,4.671110,246,155359,696497,3004288,9684780,2332372,0.805913
3619,851856,9692009,2073318,7618691,4.674637,248,155291,696565,3006975,9692009,2335891,0.805794
3620,851856,9698813,2073293,7625520,4.677975,248,155241,696615,3007591,9698813,2331551,0.806194
3621,851716,9702974,2073275,7629699,4.680023,247,155392,696324,3009249,9702974,2334022,0.806096
3622,851716,9699961,2073250,7626711,4.678626,245,155359,696357,3007514,9699961,2330095,0.806311
3623,851712,9693436,2073235,7620201,4.675512,249,155334,696378,3006196,9693436,2331348,0.806121
3624,851712,9684996,2073217,7611779,4.671482,246,155478,696234,3005654,9684996,2337620,0.805565
3625,851712,9668020,2073183,7594837,4.663370,244,155402,696310,3001305,9668020,2337200,0.805318
3626,849696,9646818,2073159,7573659,4.653197,246,155388,694308,2997304,9646818,2342398,0.804625
3627,838615,9620801,2073131,7547670,4.640711,244,155811,682804,2991587,9620801,2345547,0.803988
3628,838615,9600064,2073116,7526948,4.630741,243,155625,682990,2986234,9600064,2344872,0.803693
3629,838615,9593286,2073094,7520192,4.627521,250,155706,682909,2985138,9593286,2347266,0.803421
3630,838615,9600464,2073068,7527396,4.631042,239,155997,682618,2987312,9600464,2348784,0.803437
3631,838615,9613872,2073031,7540841,4.637592,240,155993,682622,2992155,9613872,2354748,0.803257
3632,838611,9628419,2072995,7555424,4.644690,245,156185,682426,2997221,9628419,2360465,0.803112
3633,838523,9643148,2072976,7570172,4.651838,242,156139,682384,3001242,9643148,2361820,0.803263
3634,838439,9658996,2072958,7586038,4.659523,239,156188,682251,3006866,9658996,2368468,0.803078
3635,838439,9674500,2072932,7601568,4.667061,238,156438,682001,3010767,9674500,2368568,0.803325
3636,838439,9689395,2072892,7616503,4.674337,239,156515,681924,3015852,9689395,2374013,0.803205
3637,838439,9705919,2072854,7633065,4.682394,234,156987,681452,3021720,9705919,2380961,0.803013
3638,837929,9721468,2072832,7648636,4.689945,237,156977,680952,3027545,9721468,2388712,0.802752
3639,837929,9738381,2072804,7665577,4.698168,238,157118,680811,3032495,9738381,2391599,0.802836
3640,837917,9754506,2072785,7681721,4.705990,238,156876,681041,3036386,9754506,2391038,0.803135
3641,837917,9772285,2072748,7699537,4.714652,241,157241,680676,3042245,9772285,2396695,0.803049
3642,837917,9792947,2072712,7720235,4.724702,240,157499,680418,3048301,9792947,2400257,0.803148
3643,837917,9814457,2072689,7741768,4.735132,242,157434,680483,3054220,9814457,2402423,0.803352
3644,837917,9834693,2072662,7762031,4.744957,236,157619,680298,3061198,9834693,2410099,0.803174
3645,837917,9855942,2072648,7783294,4.755242,236,157798,680119,3066856,9855942,2411482,0.803424
3646,837917,9877355,2072609,7804746,4.765663,238,157698,680219,3073920,9877355,2418325,0.803319
3647,837464,9898146,2072582,7825564,4.775756,237,158108,679356,3080404,9898146,2423470,0.803316
3648,837004,9917833,2072545,7845288,4.785340,239,157860,679144,3084828,9917833,2421479,0.803759
3649,837004,9936456,2072534,7863922,4.794351,237,158142,678862,3090799,9936456,2426740,0.803713
3650,837004,9953065,2072507,7880558,4.802428,234,158265,678739,3096897,9953065,2434523,0.803471
3651,837004,9965522,2072486,7893036,4.808487,236,158283,678721,3100386,9965522,2436022,0.803571
3652,837004,9972082,2072433,7899649,4.811775,234,158648,678356,3103292,9972082,2441086,0.803347
3653,837004,9978128,2072416,7905712,4.814732,234,158816,678188,3104263,9978128,2438924,0.803583
3654,836920,9984820,2072374,7912446,4.818059,231,158537,678383,3106971,9984820,2443064,0.803421
3655,836920,9994157,2072331,7921826,4.822664,236,158860,678060,3111227,9994157,2450751,0.803072
3656,836920,10003488,2072280,7931208,4.827286,232,158801,678119,3114474,10003488,2454408,0.802984
3657,836920,10012460,2072238,7940222,4.831713,233,159052,677868,3117332,10012460,2456868,0.802967
3658,836920,10018122,2072194,7945928,4.834548,230,159084,677836,3120017,10018122,2461946,0.802730
3659,836230,10016754,2072143,7944611,4.834007,228,159006,677224,3120576,10016754,2465550,0.802476
3660,836230,10008972,2072112,7936860,4.830324,231,159086,677144,3119372,10008972,2468516,0.802162
3661,836230,9995346,2072073,7923273,4.823839,232,159548,676682,3116872,9995346,2472142,0.801713
3662,836230,9979582,2072012,7907570,4.816373,228,159632,676598,3113499,9979582,2474414,0.801316
3663,836230,9964568,2071960,7892608,4.809247,231,159485,676745,3110437,9964568,2477180,0.800898
3664,834362,9958202,2071922,7886280,4.806263,225,159927,674435,3110263,9958202,2482850,0.800431
3665,834362,9957591,2071843,7885748,4.806151,229,159592,674770,3110695,9957591,2485189,0.800271
3666,834362,9959280,2071784,7887496,4.807103,231,159729,674633,3111224,9959280,2485616,0.800270
3667,834362,9962941,2071697,7891244,4.809072,227,160053,674309,3113998,9962941,2493051,0.799851
3668,834362,9948611,2071620,7876991,4.802334,232,159944,674418,3111172,9948611,2496077,0.799426
3669,834362,9947381,2071520,7875861,4.801972,228,160307,674055,3112593,9947381,2502991,0.798963
3670,834362,9823237,2071444,7751793,4.742217,231,160298,674064,3080953,9823237,2500575,0.797094
3671,834358,9817105,2071336,7745769,4.739504,230,160489,673869,3079777,9817105,2502003,0.796901
3672,834358,9814105,2071212,7742893,4.738339,230,160620,673738,3080520,9814105,2507975,0.796465
3673,834358,9816345,2071107,7745238,4.739661,226,160634,673724,3081241,9816345,2508619,0.796460
3674,834358,9802367,2071014,7731353,4.733124,232,160938,673420,3077813,9802367,2508885,0.796212
3675,834358,9692464,2070882,7621582,4.680356,231,161127,673231,3051476,9692464,2513440,0.794080
3676,796992,9652225,2070762,7581463,4.661195,226,161051,635941,3043042,9652225,2519943,0.792975
3677,789892,9414448,2070590,7343858,4.546747,235,161260,628632,2982066,9414448,2513816,0.789256
3678,789892,9442264,2070477,7371787,4.560429,227,161332,628560,2990010,9442264,2517776,0.789484
3679,789892,9477265,2070352,7406913,4.577610,230,161592,628300,3000128,9477265,2523247,0.789738
3680,789892,9490312,2070178,7420134,4.584298,232,161753,628139,3005547,9490312,2531876,0.789400
3681,789808,9532628,2070021,7462607,4.605088,228,161461,628347,3017324,9532628,2536668,0.789825
3682,789808,9575768,2069848,7505920,4.626315,233,161743,628065,3028677,9575768,2538940,0.790425
3683,789808,9619104,2069674,7549430,4.647642,227,162006,627802,3040981,9619104,2544820,0.790790
3684,789808,9469428,2069443,7399985,4.575834,226,161920,627888,3004608,9469428,2549004,0.787909
3685,789808,9516118,2069153,7446965,4.599040,228,162088,627720,3018198,9516118,2556674,0.788228
3686,789808,9565152,2068790,7496362,4.623549,229,161942,627866,3031349,9565152,2560244,0.788853
3687,789808,9443671,2068319,7375352,4.565868,224,161795,628013,3002867,9443671,2567797,0.786221
3688,789808,9504468,2067788,7436680,4.596442,230,161956,627852,3017810,9504468,2566772,0.787365
3689,789808,9564182,2067199,7496983,4.626638,231,162060,627748,3033853,9564182,2571230,0.788122
3690,789808,9621499,2066665,7554834,4.655568,230,162007,627801,3051718,9621499,2585373,0.788203
3691,789808,9673544,2065907,7607637,4.682468,231,162103,627705,3064620,9673544,2584936,0.789131
3692,789718,9722828,2065155,7657673,4.708038,233,162277,627441,3078182,9722828,2589900,0.789657
3693,789530,9742151,2057115,7685036,4.735832,231,162512,627018,3083967,9742151,2593717,0.789742
3694,789530,9795296,2059095,7736201,4.757088,223,162496,627034,3099551,9795296,2602908,0.790058
3695,789530,9840275,2062523,7777752,4.770989,222,162805,626725,3112676,9840275,2610429,0.790339
3696,789442,9869939,2065201,7804738,4.779166,229,162889,626553,3120708,9869939,2612893,0.790681
3697,789442,9891055,2065625,7825430,4.788408,227,162954,626488,3125918,9891055,2612617,0.791052
3698,789076,9907104,2065191,7841913,4.797185,233,162825,626251,3129620,9907104,2611376,0.791398
3699,789076,9917039,2064772,7852267,4.802970,226,162709,626367,3133367,9917039,2616429,0.791245
3700,789076,9919533,2064310,7855223,4.805254,226,162517,626559,3133848,9919533,2615859,0.791322
3701,788888,9946809,2063852,7882957,4.819536,222,162903,625985,3140982,9946809,2617119,0.791696
3702,788888,9970908,2063388,7907520,4.832299,221,162839,626049,3147803,9970908,2620304,0.791894
3703,788888,9987162,2062901,7924261,4.841319,223,163335,625553,3153304,9987162,2626054,0.791801
3704,788888,9995636,2062406,7933230,4.846590,225,163237,625651,3155877,9995636,2627872,0.791827
3705,788888,9999727,2061864,7937863,4.849848,221,163260,625628,3158031,9999727,2632397,0.791611
3706,788888,10000132,2061331,7938801,4.851299,227,163316,625572,3160157,10000132,2640496,0.791110
3707,788888,9997994,2060757,7937237,4.851612,221,163646,625242,3161495,9997994,2647986,0.790607
3708,788888,9992624,2060133,7932491,4.850475,223,163470,625418,3160633,9992624,2649908,0.790397
3709,788888,9991144,2059639,7931505,4.850920,226,163772,625116,3161028,9991144,2652968,0.790182
3710,788888,9994277,2059075,7935202,4.853770,223,163660,625228,3161543,9994277,2651895,0.790301
3711,788888,10012927,2058535,7954392,4.864103,218,164273,624615,3169728,10012927,2665985,0.789731
3712,788888,10036660,2057948,7978712,4.877023,218,164347,624541,3177066,10036660,2671604,0.789774
3713,788888,10060999,2057339,8003660,4.890297,219,164750,624138,3185253,10060999,2680013,0.789655
3714,788888,10087010,2056717,8030293,4.904423,215,164435,624453,3193218,10087010,2685862,0.789721
3715,788888,10108544,2055996,8052548,4.916617,216,164888,624000,3200031,10108544,2691580,0.789722
3716,788888,10133090,2055302,8077788,4.930220,217,165036,623852,3208251,10133090,2699914,0.789612
3717,788888,10155710,2054551,8101159,4.943031,218,165009,623879,3215862,10155710,2707738,0.789501
3718,788888,10177053,2053843,8123210,4.955127,219,165185,623703,3221066,10177053,2707211,0.789882
3719,788888,10198626,2053087,8145539,4.967459,225,165358,623530,3228767,10198626,2716442,0.789669
3720,788888,10217783,2052299,8165484,4.978701,221,165576,623312,3236313,10217783,2727469,0.789307
3721,788888,10274780,2051589,8223191,5.008206,225,165702,623186,3254229,10274780,2742136,0.789341
3722,789076,10326057,2050878,8275179,5.034945,220,166058,623018,3270359,10326057,2755379,0.789367
3723,789076,10368481,2047577,8320904,5.063781,224,166146,622930,3284259,10368481,2768555,0.789256
3724,789076,10407353,2041952,8365401,5.096767,224,166174,622902,3296365,10407353,2778107,0.789305
3725,789442,10444958,2036397,8408561,5.129136,222,166097,623345,3306321,10444958,2780326,0.789772
3726,789446,10479603,2030924,8448679,5.160017,227,166167,623279,3316165,10479603,2785057,0.790039
3727,789530,10512119,2025532,8486587,5.189806,225,165858,623672,3325935,10512119,2791621,0.790163
3728,789530,10542284,2020206,8522078,5.218420,225,165986,623544,3336492,10542284,2803684,0.789923
3729,789530,10559654,2014959,8544695,5.240630,221,166230,623300,3341665,10559654,2807006,0.789999
3730,789718,10561323,2009787,8551536,5.254946,218,165532,624186,3341576,10561323,2804981,0.790145
3731,789718,10545454,2007094,8538360,5.254091,217,165418,624300,3336376,10545454,2800050,0.790188
3732,789808,10529606,2004506,8525100,5.252968,217,165474,624334,3334209,10529606,2807230,0.789513
3733,789808,10517871,2001845,8516026,5.254089,214,165293,624515,3329005,10517871,2798149,0.789866
3734,789808,10502765,1999021,8503744,5.253954,212,165303,624505,3325216,10502765,2798099,0.789630
3735,789396,10487200,1996442,8490758,5.252945,213,165296,624100,3321626,10487200,2799304,0.789312
3736,789396,10471424,1993476,8477948,5.252847,214,164983,624413,3316860,10471424,2796016,0.789257
3737,789396,10457083,1990678,8466405,5.253026,211,164859,624537,3313676,10457083,2797621,0.788934
3738,789396,10437504,1987793,8449711,5.250800,208,165107,624289,3309335,10437504,2799836,0.788490
3739,789208,10406525,1984802,8421723,5.243105,210,165088,624120,3301340,10406525,2798835,0.788053
3740,788710,10359545,1981929,8377616,5.227001,209,165360,623350,3288861,10359545,2795899,0.787472
3741,788706,10312522,1978719,8333803,5.211716,202,164917,623789,3276876,10312522,2794982,0.786765
3742,788706,10280244,1975817,8304427,5.203034,202,164993,623713,3268183,10280244,2792488,0.786388
3743,788580,10249487,1972619,8276868,5.195878,199,164988,623592,3258777,10249487,2785621,0.786299
3744,788580,10219932,1969582,8250350,5.188884,196,164544,624036,3251098,10219932,2784460,0.785883
3745,788576,10186343,1966323,8220020,5.180402,196,164854,623722,3241601,10186343,2780061,0.785595
3746,788576,10154015,1963221,8190794,5.172120,198,164657,623919,3231890,10154015,2773545,0.785455
3747,788576,10124142,1959952,8164190,5.165505,195,164517,624059,3224385,10124142,2773398,0.784967
3748,788576,10094026,1956762,8137264,5.158535,194,164283,624293,3214866,10094026,2765438,0.784949
3749,788576,10061495,1953534,8107961,5.150407,187,164675,623901,3208545,10061495,2772685,0.783961
3750,788492,10021949,1950270,8071679,5.138750,188,164984,623508,3198855,10021949,2773471,0.783245
3751,788492,9973814,1947147,8026667,5.122271,184,164725,623767,3186347,9973814,2771574,0.782543
3752,788492,9923006,1944109,7978897,5.104141,185,164634,623858,3173800,9923006,2772194,0.781634
3753,788492,9652864,1941108,7711756,4.972863,180,164652,623840,3103846,9652864,2762520,0.777492
3754,788492,9623414,1938133,7685281,4.965301,180,164607,623885,3096856,9623414,2764010,0.776870
3755,788492,9596447,1935199,7661248,4.958894,181,164256,624236,3086770,9596447,2750633,0.777224
3756,788492,9570377,1932282,7638095,4.952888,176,164108,624384,3081276,9570377,2754727,0.776495
3757,788008,9543322,1929260,7614062,4.946623,171,164316,623692,3076045,9543322,2760858,0.775616
3758,787878,9514084,1926443,7587641,4.938679,169,163975,623903,3068980,9514084,2761836,0.775020
3759,787878,9485921,1923548,7562373,4.931471,166,164044,623834,3061193,9485921,2758851,0.774692
3760,787878,9210316,1920790,7289526,4.795067,166,163835,624043,2990466,9210316,2751548,0.769973
3761,787878,9120210,1918320,7201890,4.754269,159,163661,624217,2966569,9120210,2746066,0.768582
3762,787878,9019007,1916115,7102892,4.706924,159,163585,624293,2938681,9019007,2735717,0.767267
3763,787878,8572002,1913596,6658406,4.479525,158,163856,624022,2827205,8572002,2736818,0.757993
3764,787878,8554890,1911654,6643236,4.475125,157,164098,623780,2821071,8554890,2729394,0.758124
3765,787878,8531688,1909310,6622378,4.468467,153,163775,624103,2813810,8531688,2723552,0.758019
3766,787878,8501311,1906810,6594501,4.458394,153,163898,623980,2807244,8501311,2727665,0.757087
3767,787878,8467666,1905106,6562560,4.444722,155,163388,624490,2797008,8467666,2720366,0.756850
3768,787878,8440735,1902612,6538123,4.436393,156,163808,624070,2791742,8440735,2726233,0.755866
3769,787878,8409841,1900893,6508948,4.424153,152,163258,624620,2784523,8409841,2728251,0.755052
3770,787878,8383735,1898305,6485430,4.416432,154,163620,624258,2777233,8383735,2725197,0.754684
3771,787876,8358803,1896878,6461925,4.406611,157,163414,624462,2772709,8358803,2732033,0.753668
3772,787876,8340545,1895352,6445193,4.400526,161,163708,624168,2768899,8340545,2735051,0.753056
3773,787874,8098742,1894090,6204652,4.275796,154,163337,624537,2708998,8098742,2737250,0.747393
3774,784980,8093899,1892710,6201189,4.276355,154,163517,621463,2708450,8093899,2739901,0.747097
3775,784826,8085876,1890895,6194981,4.276216,154,163666,621160,2701955,8085876,2721944,0.748151
3776,784826,8084341,1889606,6194735,4.278321,155,163354,621472,2701139,8084341,2720215,0.748234
3777,784824,8073995,1887977,6186018,4.276533,159,163451,621373,2700090,8073995,2726365,0.747567
3778,782992,8060358,1886102,6174256,4.273554,158,164317,618675,2698327,8060358,2732950,0.746792
3779,782992,8056092,1884324,6171768,4.275322,154,164292,618700,2698342,8056092,2737276,0.746393
3780,782992,8052399,1883003,6169396,4.276360,159,164694,618298,2700787,8052399,2750749,0.745375
3781,781584,8032070,1880407,6151663,4.271453,156,164612,616972,2693036,8032070,2740074,0.745633
3782,781584,8008501,1877758,6130743,4.264927,154,164788,616796,2690758,8008501,2754531,0.744075
3783,781584,7977811,1875125,6102686,4.254549,157,165468,616116,2681666,7977811,2748853,0.743736
3784,781584,7935854,1872738,6063116,4.237568,155,165260,616324,2669088,7935854,2740498,0.743311
3785,781584,7910515,1870139,6040376,4.229908,156,165342,616242,2662347,7910515,2738873,0.742814
3786,781584,7888670,1867351,6021319,4.224524,154,165555,616029,2655769,7888670,2734406,0.742598
3787,781584,7869467,1864802,6004665,4.220001,157,165984,615600,2650965,7869467,2734393,0.742132
3788,781584,7852497,1862020,5990477,4.217193,157,165866,615718,2644686,7852497,2726247,0.742290
3789,781584,7837727,1859390,5978337,4.215214,155,166018,615566,2642505,7837727,2732293,0.741505
3790,781584,7823155,1856671,5966484,4.213539,155,165784,615800,2638593,7823155,2731217,0.741224
3791,781584,7811734,1854444,5957290,4.212440,156,165964,615620,2634848,7811734,2727658,0.741194
3792,781584,7799743,1852104,5947639,4.211288,153,165915,615669,2633319,7799743,2733533,0.740486
3793,781584,7792298,1849856,5942442,4.212381,154,165999,615585,2630399,7792298,2729298,0.740600
3794,781396,7781378,1847516,5933862,4.211805,158,165706,615690,2626861,7781378,2726066,0.740559
3795,781396,7770126,1845234,5924892,4.210916,155,165731,615665,2624013,7770126,2725926,0.740290
3796,781396,7758503,1842976,5915527,4.209769,152,165977,615419,2620369,7758503,2722973,0.740211
3797,781396,7741171,1840725,5900446,4.205501,153,165649,615747,2614344,7741171,2716205,0.740259
3798,781396,7723720,1838582,5885138,4.200911,153,165405,615991,2609473,7723720,2714172,0.739969
3799,781256,7719221,1836302,5882919,4.203677,156,165571,615685,2608837,7719221,2716127,0.739719
3800,779383,7710744,1834091,5876653,4.204123,156,165737,613646,2605635,7710744,2711796,0.739814
3801,779383,7707018,1832943,5874075,4.204723,154,165608,613775,2602969,7707018,2704858,0.740214
3802,779383,7707730,1831834,5875896,4.207657,155,165700,613683,2602680,7707730,2702990,0.740365
3803,779307,7704178,1830734,5873444,4.208245,156,165499,613808,2601329,7704178,2701138,0.740408
3804,779119,7703258,1829607,5873651,4.210335,156,165752,613367,2600990,7703258,2700702,0.740416
3805,778945,7700221,1828494,5871727,4.211237,153,165320,613625,2600347,7700221,2701167,0.740307
3806,778817,7695551,1827360,5868191,4.211294,154,165649,613168,2597845,7695551,2695829,0.740571
3807,774738,7691660,1826121,5865539,4.212021,159,165334,609404,2597212,7691660,2697188,0.740377
3808,774738,7688792,1825035,5863757,4.212956,160,165405,609333,2597017,7688792,2699276,0.740156
3809,774738,7688315,1823865,5864450,4.215397,160,165282,609456,2596457,7688315,2697513,0.740270
3810,772869,7695068,1822690,5872378,4.221819,156,165504,607365,2597728,7695068,2695844,0.740558
3811,772413,7699454,1821837,5877617,4.226204,158,165663,606750,2599973,7699454,2700438,0.740340
3812,770397,7708427,1821061,5887366,4.232932,155,165920,604477,2602493,7708427,2701545,0.740485
3813,769913,7720554,1820235,5900319,4.241515,157,166128,603785,2606981,7720554,2707370,0.740373
3814,769783,7737146,1819439,5917707,4.252490,155,166242,603541,2612795,7737146,2714034,0.740313
3815,769783,7750816,1818678,5932138,4.261786,154,166014,603769,2617461,7750816,2719028,0.740299
3816,769783,7769626,1817791,5951835,4.274213,155,166631,603152,2624285,7769626,2727514,0.740166
3817,769783,7789595,1816994,5972601,4.287078,157,166827,602956,2631252,7789595,2735413,0.740103
3818,769699,7807504,1816183,5991321,4.298853,156,166866,602833,2636567,7807504,2738764,0.740310
3819,769179,7824312,1815351,6008961,4.310082,157,167148,602031,2642517,7824312,2745756,0.740233
3820,769175,7838664,1814491,6024173,4.320035,157,167430,601745,2647665,7838664,2751996,0.740149
3821,769175,7855055,1811346,6043709,4.336585,154,167539,601636,2654673,7855055,2763637,0.739738
3822,769175,7870204,1808101,6062103,4.352746,154,168116,601059,2660891,7870204,2773360,0.739433
3823,768719,7879769,1804761,6075008,4.366101,155,168235,600484,2663571,7879769,2774515,0.739587
3824,768719,7891560,1801466,6090094,4.380632,156,168638,600081,2668215,7891560,2781300,0.739404
3825,768263,7905472,1798201,6107271,4.396323,153,168842,599421,2674966,7905472,2794392,0.738839
3826,768263,7915564,1794782,6120782,4.410321,155,168981,599282,2679743,7915564,2803408,0.738463
3827,768263,7924478,1791428,6133050,4.423554,153,169528,598735,2682379,7924478,2805038,0.738568
3828,768263,7930918,1788091,6142827,4.435411,152,169402,598861,2685504,7930918,2811098,0.738308
3829,768263,7935282,1784666,6150616,4.446368,156,169456,598807,2688505,7935282,2818738,0.737890
3830,768263,7940186,1781255,6158931,4.457636,153,169804,598459,2691507,7940186,2825842,0.737522
3831,768263,7938642,1778179,6160463,4.464479,151,169329,598934,2689830,7938642,2820678,0.737839
3832,768247,7934991,1775143,6159848,4.470057,154,169028,599219,2687187,7934991,2813757,0.738225
3833,767791,7929872,1772067,6157805,4.474928,158,167942,599849,2684991,7929872,2810092,0.738352
3834,767791,7922222,1768876,6153346,4.478676,154,167773,600018,2682262,7922222,2806826,0.738390
3835,767791,7911618,1765792,6145826,4.480493,152,166554,601237,2677543,7911618,2798554,0.738701
3836,767335,7900588,1762668,6137920,4.482176,153,166183,601152,2674706,7900588,2798236,0.738454
3837,767333,7888619,1759487,6129132,4.483477,155,164855,602478,2668992,7888619,2787349,0.738914
3838,767179,7878659,1756316,6122343,4.485901,154,163256,603923,2664447,7878659,2779129,0.739240
3839,766673,7869755,1753063,6116692,4.489146,154,162914,603759,2661485,7869755,2776185,0.739226
3840,766673,7858488,1749846,6108642,4.490960,152,162455,604218,2658809,7858488,2776748,0.738911
3841,766673,7847066,1747389,6099677,4.490738,152,161406,605267,2653238,7847066,2765886,0.739386
3842,766673,7831197,1744949,6086248,4.487923,154,161339,605334,2648363,7831197,2762255,0.739249
3843,766673,7811509,1742557,6068952,4.482785,151,160960,605713,2642778,7811509,2759603,0.738949
3844,748405,7790204,1740061,6050143,4.476972,151,160114,588291,2634488,7790204,2747748,0.739252
3845,748257,7767220,1737596,6029624,4.470095,153,159382,588875,2627204,7767220,2741596,0.739115
3846,748257,7742516,1735123,6007393,4.462229,152,158720,589537,2618188,7742516,2730236,0.739301
3847,748257,7714298,1732577,5981721,4.452499,153,158005,590252,2610736,7714298,2728646,0.738709
3848,748257,7687668,1730008,5957660,4.443718,152,157009,591248,2600912,7687668,2715980,0.738940
3849,744634,7661361,1727418,5933943,4.435152,151,155604,589030,2591038,7661361,2702791,0.739217
3850,744562,7637415,1724883,5912532,4.427787,153,155140,589422,2583745,7637415,2697565,0.738987
3851,744562,7616685,1723167,5893518,4.420166,151,154105,590457,2575680,7616685,2686035,0.739289
3852,744562,7595849,1721342,5874507,4.412748,154,153402,591160,2569120,7595849,2680631,0.739149
3853,744560,7577784,1719556,5858228,4.406826,154,152578,591982,2562632,7577784,2672744,0.739258
3854,744560,7564334,1717839,5846495,4.403401,153,152382,592178,2558947,7564334,2671454,0.739008
3855,744406,7547145,1716061,5831084,4.397947,153,151493,592913,2551758,7547145,2659887,0.739406
3856,744404,7506454,1714070,5792384,4.379316,151,151445,592959,2538606,7506454,2647970,0.739230
3857,744388,7474492,1712103,5762389,4.365679,151,151436,592952,2528311,7474492,2638752,0.739080
3858,726192,7468851,1710232,5758619,4.367157,151,151267,574925,2526896,7468851,2638733,0.738935
3859,726192,7461950,1708427,5753523,4.367731,151,151031,575161,2523690,7461950,2632810,0.739190
3860,725980,7453596,1706520,5747076,4.367717,154,151095,574885,2520905,7453596,2630024,0.739179
3861,725980,7430375,1704353,5726022,4.359646,151,150851,575129,2511334,7430375,2614961,0.739684
3862,724572,7425633,1702839,5722794,4.360737,155,150716,573856,2509144,7425633,2610943,0.739857
3863,713918,7420008,1701442,5718566,4.361011,149,150493,563425,2505825,7420008,2603292,0.740276
3864,713918,7308133,1699510,5608623,4.300141,154,150674,563244,2475539,7308133,2594023,0.738035
3865,713918,7299503,1697805,5601698,4.299377,152,150321,563597,2473281,7299503,2593621,0.737836
3866,713914,7291437,1696304,5595133,4.298426,153,150633,563281,2470744,7291437,2591539,0.737777
3867,713914,7247615,1694467,5553148,4.277224,155,150522,563392,2458795,7247615,2587565,0.736907
3868,713682,7184443,1691550,5492893,4.247254,153,150245,563437,2441192,7184443,2580325,0.735752
3869,711662,7174213,1689952,5484261,4.245217,153,150152,561510,2438693,7174213,2580559,0.735457
3870,711662,7166588,1688282,5478306,4.244900,154,150323,561339,2436368,7166588,2578884,0.735376
3871,711662,7155251,1686497,5468754,4.242670,157,150309,561353,2431898,7155252,2572340,0.735563
3872,711660,7143180,1684562,5458618,4.240378,154,149840,561820,2426431,7143180,2562544,0.735976
3873,711660,7134502,1682822,5451680,4.239606,150,149856,561804,2423317,7134502,2558766,0.736026
3874,711506,7133028,1681164,5451864,4.242910,151,149799,561707,2421983,7133028,2554904,0.736280
3875,711282,7131360,1679418,5451942,4.246328,153,150027,561255,2421330,7131360,2553960,0.736306
3876,711094,7131374,1677715,5453659,4.250647,154,149983,561111,2421028,7131374,2552738,0.736399
3877,711094,7131293,1675901,5455392,4.255199,151,149958,561136,2420796,7131293,2551891,0.736462
3878,711094,7132488,1674115,5458373,4.260453,151,149958,561136,2421094,7132488,2551888,0.736494
3879,710728,7134300,1672359,5461941,4.266010,149,150076,560652,2421107,7134300,2550128,0.736677
3880,710638,7137014,1670663,5466351,4.271965,151,149935,560703,2420973,7137014,2546878,0.736999
3881,709230,7138383,1668939,5469444,4.277198,150,149791,559439,2421499,7138383,2547613,0.736980
3882,709230,7138637,1667257,5471380,4.281666,149,149883,559347,2420944,7138637,2545139,0.737175
3883,709230,7138563,1665593,5472970,4.285899,149,149637,559593,2420796,7138563,2544621,0.737212
3884,709230,7136711,1663863,5472848,4.289242,148,149812,559418,2421409,7136711,2548925,0.736835
3885,709226,7133432,1662135,5471297,4.291728,149,149741,559485,2420445,7133432,2548348,0.736789
3886,709226,7128313,1660386,5467927,4.293166,149,149832,559394,2420004,7128313,2551703,0.736395
3887,709226,7127203,1658648,5468555,4.296996,153,149660,559566,2418099,7127203,2545193,0.736860
3888,709038,7126197,1656898,5469299,4.300927,148,149656,559382,2417669,7126197,2544479,0.736887
3889,708684,7128338,1655130,5473208,4.306815,149,149671,559013,2418414,7128338,2545318,0.736881
3890,708684,7132515,1653422,5479093,4.313790,149,149739,558945,2419721,7132515,2546369,0.736915
3891,708684,7135781,1651633,5484148,4.320440,148,149673,559011,2420222,7135781,2545107,0.737100
3892,708684,7137243,1649901,5487342,4.325861,147,149832,558852,2420651,7137243,2545361,0.737120
3893,708684,7137030,1648145,5488885,4.330341,149,149785,558899,2420455,7137030,2544790,0.737158
3894,708684,7136111,1646374,5489737,4.334441,146,149929,558755,2420718,7136111,2546761,0.736983
3895,708684,7133042,1644594,5488448,4.337266,148,149531,559153,2419908,7133042,2546590,0.736913
3896,708684,7127744,1642960,5484784,4.338355,148,149432,559252,2417956,7127744,2544080,0.736960
3897,708684,7123216,1641800,5481416,4.338662,146,149491,559193,2416594,7123216,2543160,0.736907
3898,708684,7121221,1641024,5480197,4.339498,147,149194,559490,2416283,7121221,2543911,0.736795
3899,708544,7121075,1640272,5480803,4.341399,145,149189,559355,2416260,7121075,2543965,0.736787
3900,708544,7122406,1639585,5482821,4.344030,147,149171,559373,2416268,7122406,2542666,0.736922
3901,708544,7124513,1638914,5485599,4.347094,145,149121,559423,2416496,7124513,2541471,0.737071
3902,708536,7133239,1638352,5494887,4.353911,148,149201,559335,2420092,7133239,2547129,0.736877
3903,706856,7140174,1637964,5502210,4.359176,146,149533,557323,2422042,7140174,2547994,0.736999
3904,706856,7145390,1637373,5508017,4.363935,147,149472,557384,2424669,7145390,2553286,0.736739
3905,706856,7152289,1636732,5515557,4.369860,145,149495,557361,2426153,7152289,2552323,0.736999
3906,706856,7158873,1636038,5522835,4.375738,149,149554,557302,2428581,7158873,2555451,0.736940
3907,706856,7165941,1635358,5530583,4.381879,144,149546,557310,2430996,7165941,2558043,0.736935
3908,700618,7172717,1634680,5538037,4.387842,144,149621,550997,2432743,7172717,2558255,0.737102
3909,700618,7180788,1634030,5546758,4.394526,144,149586,551032,2435298,7180788,2560404,0.737157
3910,698749,7190888,1633254,5557634,4.402798,144,149782,548967,2438997,7190888,2565100,0.737074
3911,698749,7197660,1632209,5565451,4.409766,145,149675,549074,2440986,7197660,2566284,0.737167
3912,698749,7206637,1631276,5575361,4.417791,144,149600,549149,2442658,7206637,2563995,0.737581
3913,698745,7217822,1630348,5587474,4.427166,144,149865,548880,2446667,7217822,2568846,0.737516
3914,698745,7225860,1629229,5596631,4.435141,142,149783,548962,2449203,7225860,2570952,0.737573
3915,698557,7233438,1628029,5605409,4.443065,142,149814,548743,2451554,7233438,2572778,0.737638
3916,698557,7245623,1626839,5618784,4.453805,142,149446,549111,2455112,7245623,2574825,0.737810
3917,698557,7257588,1625618,5631970,4.464510,141,149530,549027,2457754,7257588,2573428,0.738234
3918,698555,7268817,1624309,5644508,4.475021,143,149725,548830,2461513,7268817,2577235,0.738247
3919,698555,7279867,1623022,5656845,4.485378,143,149527,549028,2463759,7279867,2575169,0.738695
3920,698401,7290902,1621713,5669189,4.495803,144,149810,548591,2467203,7290902,2577910,0.738782
3921,698401,7307425,1620563,5686862,4.509189,142,149957,548444,2472055,7307425,2580795,0.739003
3922,691849,7324103,1619404,5704699,4.522715,142,149979,541870,2477137,7324103,2584445,0.739170
3923,691849,7340659,1618222,5722437,4.536250,141,150248,541601,2482073,7340659,2587633,0.739368
3924,691849,7358183,1617027,5741156,4.550439,141,149823,542026,2488473,7358183,2595709,0.739227
3925,691849,7376349,1615812,5760537,4.565103,146,150342,541507,2493398,7376349,2597243,0.739588
3926,689773,7394968,1614588,5780380,4.580096,142,150550,539223,2498552,7394968,2599240,0.739925
3927,689773,7410543,1613348,5797195,4.593270,142,150711,539062,2504018,7410543,2605529,0.739865
3928,687904,7422954,1612068,5810886,4.604616,141,150708,537196,2508764,7422954,2612102,0.739702
3929,687904,7432742,1610772,5821970,4.614397,140,150854,537050,2511702,7432742,2614066,0.739811
3930,687904,7439807,1609437,5830370,4.622615,141,150831,537073,2513482,7439807,2614121,0.739990
3931,687900,7442513,1607611,5834902,4.629548,142,150750,537150,2514607,7442513,2615915,0.739928
3932,687900,7442239,1605708,5836531,4.634864,139,150890,537010,2515075,7442239,2618061,0.739763
3933,687900,7440133,1603870,5836263,4.638863,140,150860,537040,2515828,7440133,2623179,0.739332
3934,687900,7442693,1601990,5840703,4.645905,140,151022,536878,2517007,7442693,2625335,0.739240
3935,687900,7445595,1599953,5845642,4.653634,140,150967,536933,2517997,7445595,2626393,0.739238
3936,687900,7449309,1597907,5851402,4.661916,141,151091,536809,2519709,7449309,2629527,0.739104
3937,687870,7450339,1595959,5854380,4.668252,139,150757,537113,2518053,7450339,2621873,0.739692
3938,687870,7448679,1594117,5854562,4.672605,140,150934,536936,2518873,7448679,2626813,0.739287
3939,687870,7436604,1591960,5844644,4.671351,141,150938,536932,2514936,7436604,2623140,0.739244
3940,687786,7422105,1590043,5832062,4.667864,139,150318,537468,2511948,7422105,2625687,0.738680
3941,687786,7408077,1587167,5820910,4.667484,139,150612,537174,2508966,7408077,2627787,0.738160
3942,687786,7395971,1584337,5811634,4.668180,139,150396,537390,2505801,7395971,2627233,0.737885
3943,687786,7381909,1581507,5800402,4.667642,142,150515,537271,2502178,7381909,2626803,0.737548
3944,683102,7368330,1578562,5789768,4.667748,141,150919,532183,2497851,7368330,2623074,0.737467
3945,683102,7352512,1575648,5776864,4.666342,141,150537,532565,2493248,7352512,2620480,0.737242
3946,683102,7333235,1572598,5760637,4.663134,145,150689,532413,2488537,7333235,2620913,0.736701
3947,678438,7316258,1569528,5746730,4.661438,138,150583,527855,2483309,7316258,2616978,0.736543
3948,674468,7304418,1566406,5738012,4.663170,139,150857,523611,2479533,7304418,2613714,0.736471
3949,674468,7297839,1563209,5734630,4.668499,138,150706,523762,2477398,7297839,2611753,0.736442
3950,674396,7298082,1560041,5738041,4.678135,139,150758,523638,2477088,7298082,2610270,0.736559
3951,674396,7296223,1557702,5738521,4.683966,138,151055,523341,2476481,7296223,2609701,0.736551
3952,674394,7289084,1555277,5733807,4.686679,138,150989,523405,2475047,7289084,2611104,0.736257
3953,674240,7282086,1552817,5729269,4.689597,136,150931,523309,2473428,7282086,2611626,0.736032
3954,674200,7270025,1550329,5719696,4.689343,138,150967,523233,2470328,7270025,2611287,0.735735
3955,674200,7251606,1547707,5703899,4.685387,135,151135,523065,2464499,7251606,2606390,0.735607
3956,673480,7225717,1545048,5680669,4.676694,137,151197,522283,2457446,7225717,2604067,0.735084
3957,668502,7194094,1542276,5651818,4.664596,141,151748,516754,2448846,7194094,2601290,0.734437
3958,668502,7158943,1539527,5619416,4.650093,137,151288,517214,2438225,7158943,2593957,0.734032
3959,668264,7119190,1536739,5582451,4.632660,134,151359,516905,2426194,7119190,2585586,0.733576
3960,668264,7072175,1533767,5538408,4.610984,134,151560,516704,2412628,7072175,2578337,0.732829
3961,668264,7024004,1530751,5493253,4.588600,137,151387,516877,2397682,7024004,2566724,0.732374
3962,668264,6968774,1527556,5441218,4.562042,135,151217,517047,2380585,6968774,2553566,0.731834
3963,655900,6909447,1524384,5385063,4.532616,134,150896,505004,2361978,6909447,2538465,0.731320
3964,652422,6847804,1521088,5326716,4.501912,134,150982,501440,2343692,6847804,2526964,0.730451
3965,652422,6784221,1517766,5266455,4.469873,133,150291,502131,2324436,6784221,2513523,0.729663
3966,646328,6723029,1514351,5208678,4.439545,134,150316,496012,2305405,6723029,2498591,0.729051
3967,641718,6661891,1511345,5150546,4.407922,135,149943,491775,2286350,6661891,2483509,0.728442
3968,641718,6602842,1509729,5093113,4.373528,134,149709,492009,2268201,6602842,2469962,0.727762
3969,641310,6548736,1509882,5038854,4.337250,134,149501,491809,2251832,6548736,2458592,0.727045
3970,639402,6493969,1511485,4982484,4.296416,134,149370,490032,2234284,6493969,2443167,0.726628
3971,594641,6399063,1513165,4885898,4.228926,133,148523,446118,2205276,6399063,2422041,0.725427
3972,594555,6302853,1514909,4787944,4.160549,134,147834,446721,2175161,6302853,2397791,0.724412
3973,591984,6210007,1516726,4693281,4.094350,135,147414,444570,2147119,6210007,2378469,0.723063
3974,581185,6120579,1518484,4602095,4.030717,135,147177,434008,2119467,6120579,2357289,0.721948
3975,578511,6027171,1520271,4506900,3.964537,133,146505,432006,2090681,6027171,2335553,0.720719
3976,578511,5933801,1522016,4411785,3.898646,132,145943,432568,2061971,5933801,2314083,0.719433
3977,576749,5843012,1523745,4319267,3.834639,129,145992,430757,2034538,5843012,2295140,0.717978
3978,576749,5751861,1525407,4226454,3.770706,132,145638,431111,2007459,5751861,2277975,0.716311
3979,569044,5668322,1527066,4141256,3.711904,128,145391,423653,1983033,5668322,2263810,0.714603
3980,569044,5592040,1528778,4063262,3.657850,131,144957,424087,1959438,5592040,2245712,0.713475
3981,569044,5525562,1530402,3995160,3.610530,129,144789,424255,1940320,5525562,2235718,0.711940
3982,569044,5473439,1532109,3941330,3.572487,130,144945,424099,1924501,5473439,2224565,0.711021
3983,569044,5435391,1533781,3901610,3.543786,128,144607,424437,1913918,5435391,2220281,0.709982
3984,558169,5411686,1535392,3876294,3.524628,129,144292,413877,1906601,5411686,2214718,0.709599
3985,558161,5401846,1537078,3864768,3.514360,127,144556,413605,1903642,5401846,2212722,0.709409
3986,558161,5401480,1538790,3862690,3.510213,127,144704,413457,1904382,5401480,2216048,0.709086
3987,558161,5407702,1540605,3867097,3.510116,127,144901,413260,1906912,5407702,2219946,0.708961
3988,558161,5418833,1542505,3876328,3.513008,125,144800,413361,1910536,5418833,2223311,0.709072
3989,558161,5431997,1544320,3887677,3.517404,124,144922,413239,1914330,5431997,2225323,0.709386
3990,556997,5446914,1546241,3900673,3.522681,130,145235,411762,1919426,5446914,2230790,0.709446
3991,556997,5464250,1548279,3915971,3.529241,129,145600,411397,1925794,5464250,2238926,0.709350
3992,556997,5481207,1550402,3930805,3.535346,129,145806,411191,1930851,5481207,2242197,0.709688
3993,553580,5499945,1552667,3947278,3.542257,128,145855,407725,1937158,5499945,2248687,0.709796
3994,553580,5518022,1554973,3963049,3.548629,127,146150,407430,1943025,5518022,2254078,0.709978
3995,545159,5538056,1557499,3980557,3.555736,127,146315,398844,1950991,5538056,2265908,0.709647
3996,545159,5558199,1560053,3998146,3.562827,130,146566,398593,1956129,5558199,2266317,0.710357
3997,545159,5577880,1562560,4015320,3.569706,131,146420,398739,1962455,5577880,2271940,0.710574
3998,545159,5599223,1565083,4034140,3.577589,127,146393,398766,1968897,5599223,2276365,0.710959
3999,545159,5621623,1567544,4054079,3.586262,126,146890,398269,1977457,5621623,2288205,0.710714
4000,545159,5643678,1570092,4073586,3.594489,128,146875,398284,1983746,5643678,2291306,0.711240
4001,545159,5665269,1572696,4092573,3.602266,127,147265,397894,1990342,5665269,2296099,0.711595
4002,545159,5688025,1575276,4112749,3.610812,126,147499,397660,1998458,5688025,2305807,0.711552
4003,545159,5710412,1577863,4132549,3.619080,129,147940,397219,2004899,5710412,2309184,0.712057
4004,545159,5733215,1580323,4152892,3.627875,127,147760,397399,2012211,5733215,2315629,0.712303
4005,545159,5755579,1582674,4172905,3.636617,128,148047,397112,2019828,5755579,2323733,0.712385
4006,522604,5778671,1585126,4193545,3.645559,128,148423,374181,2026923,5778671,2329021,0.712739
4007,522604,5800790,1587494,4213296,3.654055,129,148393,374211,2034499,5800790,2337206,0.712803
4008,522604,5823220,1589912,4233308,3.662605,127,148847,373757,2041853,5823220,2344192,0.712982
4009,522604,5846517,1592269,4254248,3.671815,130,148900,373704,2049023,5846517,2349575,0.713330
4010,522604,5869555,1594671,4274884,3.680731,128,149026,373578,2056500,5869555,2356445,0.713537
4011,522604,5893186,1597144,4296042,3.689828,128,149385,373219,2063151,5893186,2359418,0.714100
4012,522604,5916957,1599650,4317307,3.698907,127,149478,373126,2071359,5916957,2368479,0.714139
4013,522604,5940908,1602272,4338636,3.707802,127,149510,373094,2078568,5940908,2373364,0.714543
4014,520639,5965330,1604809,4360521,3.717159,127,149435,371204,2086455,5965330,2380490,0.714769
4015,520639,5990055,1607338,4382717,3.726693,129,149449,371190,2094118,5990055,2386417,0.715105
4016,520639,6015074,1610010,4405064,3.736048,130,149113,371526,2101293,6015074,2390098,0.715640
4017,520639,6038967,1612515,4426452,3.745061,125,148781,371858,2108420,6038967,2394713,0.716054
4018,520639,6065221,1615200,4450021,3.755090,126,148557,372082,2117034,6065221,2402915,0.716240
4019,520639,6090559,1617773,4472786,3.764780,127,148414,372225,2123571,6090559,2403725,0.717019
4020,520639,6115765,1620455,4495310,3.774104,131,147815,372824,2131926,6115765,2411939,0.717164
4021,520639,6140067,1621462,4518605,3.786747,127,147817,372822,2139090,6140067,2416293,0.717603
4022,520639,6165583,1622578,4543005,3.799868,126,147850,372789,2146994,6165583,2422393,0.717932
4023,520639,6190628,1623609,4567019,3.812881,131,147403,373236,2154756,6190628,2428396,0.718252
4024,520499,6216105,1624733,4591372,3.825924,129,147462,373037,2162520,6216105,2433975,0.718618
4025,502303,6244071,1625793,4618278,3.840631,126,147181,355122,2170678,6244071,2438641,0.719138
4026,502303,6271312,1626937,4644375,3.854674,130,147263,355040,2179720,6271312,2447568,0.719280
4027,502303,6300129,1628035,4672094,3.869775,125,147170,355133,2188686,6300129,2454615,0.719625
4028,502303,6330278,1629243,4701035,3.885411,128,147173,355130,2199347,6330278,2467110,0.719563
4029,502231,6358919,1630448,4728471,3.900105,130,146880,355351,2208121,6358919,2473565,0.719947
4030,502231,6387409,1631678,4755731,3.914626,124,146229,356002,2215766,6387409,2475655,0.720677
4031,502231,6415438,1631537,4783901,3.932144,126,146011,356220,2225279,6415438,2485678,0.720745
4032,502231,6440821,1631609,4809212,3.947527,126,145226,357005,2232037,6440821,2487327,0.721406
4033,502231,6463623,1631663,4831960,3.961371,126,144279,357952,2238509,6463623,2490413,0.721867
4034,502231,6485141,1631628,4853513,3.974644,126,143126,359105,2243489,6485141,2488815,0.722662
4035,502231,6493634,1631654,4861980,3.979786,126,141394,360837,2243412,6493634,2480014,0.723634
4036,484035,6504763,1631868,4872895,3.986084,126,140024,344011,2245377,6504763,2476745,0.724240
4037,484035,6513580,1632023,4881557,3.991108,127,138326,345709,2245245,6513580,2467400,0.725264
4038,484035,6527942,1632455,4895487,3.998850,125,136622,347413,2248253,6527942,2465070,0.725891
4039,483895,6542891,1632684,4910207,4.007445,126,134922,348973,2251400,6542891,2462709,0.726536
4040,483895,6553670,1632735,4920935,4.013921,127,133098,350797,2252279,6553670,2455446,0.727449
4041,483871,6570292,1633773,4936519,4.021545,126,131498,352373,2254915,6570292,2449368,0.728441
4042,483871,6583377,1633825,4949552,4.029426,127,129545,354326,2256894,6583377,2444199,0.729252
4043,455013,6588436,1633432,4955004,4.033493,125,127543,327470,2254918,6588436,2431236,0.730452
4044,454941,6586641,1632681,4953960,4.034249,125,125647,329294,2252053,6586641,2421571,0.731182
4045,454941,6582660,1631518,4951142,4.034684,126,123489,331452,2246341,6582660,2402704,0.732598
4046,436745,6581676,1629960,4951716,4.037937,126,121261,315484,2243764,6581676,2393380,0.733330
4047,436605,6586408,1627948,4958460,4.045834,125,119849,316756,2242687,6586408,2384340,0.734209
4048,436605,6592123,1626153,4965970,4.053815,125,118860,317745,2243860,6592123,2383317,0.734462
4049,436605,6603025,1624531,4978494,4.064573,126,118235,318370,2246891,6603025,2384539,0.734685
4050,436605,6618088,1623640,4994448,4.076081,125,117473,319132,2249369,6618088,2379388,0.735549
4051,418409,6635361,1621755,5013606,4.091469,125,117337,301072,2254744,6635361,2383615,0.735711
4052,418337,6648521,1620307,5028214,4.103248,124,117337,301000,2258618,6648521,2385951,0.735906
4053,400117,6665332,1618860,5046472,4.117300,127,117161,282956,2263267,6665332,2387736,0.736251
4054,400117,6678958,1617852,5061106,4.128287,127,117069,283048,2267178,6678958,2389754,0.736484
4055,389455,6694612,1616686,5077926,4.140948,126,117071,272384,2272414,6694612,2395044,0.736509
4056,389431,6705944,1615552,5090392,4.150869,126,116905,272526,2275573,6705944,2396348,0.736731
4057,389431,6719430,1614473,5104957,4.161996,127,116683,272748,2279072,6719430,2396858,0.737080
4058,389431,6730969,1613452,5117517,4.171781,127,116435,272996,2281292,6730969,2394199,0.737627
4059,378769,6741176,1612481,5128695,4.180624,127,116266,262503,2285854,6741176,2402240,0.737271
4060,378769,6750210,1611449,5138761,4.188907,129,115825,262944,2286868,6750210,2397262,0.737932
4061,378769,6770755,1614409,5156346,4.193953,127,115909,262860,2292903,6770755,2400857,0.738230
4062,378769,6791144,1617398,5173746,4.198808,128,115740,263029,2298125,6791144,2401356,0.738770
4063,378769,6810873,1620395,5190478,4.203218,129,115694,263075,2304229,6810873,2406043,0.738954
4064,378769,6828820,1623111,5205709,4.207242,127,115824,262945,2308333,6828820,2404512,0.739584
4065,378769,6848346,1626016,5222330,4.211733,126,115616,263153,2314828,6848346,2410966,0.739617
4066,378769,6866011,1628920,5237091,4.215069,129,115302,263467,2318321,6866011,2407273,0.740408
4067,378769,6885255,1632098,5253157,4.218653,126,115394,263375,2324458,6885255,2412577,0.740523
4068,378769,6903319,1634942,5268377,4.222363,128,115200,263569,2328979,6903319,2412597,0.741024
4069,378769,6924395,1637881,5286514,4.227655,129,115401,263368,2335033,6924395,2415737,0.741359
4070,378769,6943140,1640721,5302419,4.231762,127,114874,263895,2339758,6943140,2415892,0.741865
4071,378769,6960926,1643081,5317845,4.236508,130,114920,263849,2344818,6960926,2418346,0.742161
4072,378769,6975932,1645411,5330521,4.239629,127,114798,263971,2348972,6975932,2419956,0.742445
4073,378769,6993776,1647696,5346080,4.244579,129,114705,264064,2354001,6993776,2422228,0.742754
4074,378769,7010890,1650108,5360782,4.248746,131,114586,264183,2358088,7010890,2421462,0.743281
4075,378769,7025764,1652455,5373309,4.251713,126,114421,264348,2362534,7025764,2424372,0.743456
4076,378769,7040940,1654887,5386053,4.254635,127,114026,264743,2366115,7040940,2423520,0.743935
4077,378769,7055846,1657253,5398593,4.257555,126,113929,264840,2369454,7055846,2421970,0.744459
4078,378769,7067780,1659612,5408168,4.258694,129,113666,265103,2373299,7067780,2425416,0.744510
4079,378769,7076835,1662150,5414685,4.257639,125,113648,265121,2374820,7076835,2422445,0.744986
4080,378769,7080389,1664745,5415644,4.253137,127,113285,265484,2375052,7080389,2419819,0.745288
4081,378769,7047722,1663723,5383999,4.236115,126,112926,265843,2364207,7047722,2409106,0.745252
4082,378769,6995634,1662856,5332778,4.206999,127,112110,266659,2344963,6995634,2384218,0.745815
4083,378769,6934324,1661848,5272476,4.172658,125,111366,267403,2325714,6934324,2368532,0.745397
4084,378769,6862872,1661133,5201739,4.131440,126,110485,268284,2300055,6862872,2337348,0.745947
4085,378769,6786296,1660044,5126252,4.088022,126,109215,269554,2273776,6786296,2308808,0.746148
4086,377974,6707946,1659233,5048713,4.042799,124,108111,269863,2246700,6707946,2278854,0.746422
4087,377974,6622660,1658398,4964262,3.993408,127,106762,271212,2216755,6622660,2244360,0.746887
4088,377974,6532272,1657699,4874573,3.940566,124,105753,272221,2186888,6532272,2215280,0.746754
4089,377974,6431616,1657040,4774576,3.881388,124,104329,273645,2153008,6431616,2180416,0.746817
4090,377974,6326161,1656461,4669700,3.819082,120,103421,274553,2117359,6326161,2143275,0.746940
4091,377974,6280488,1660355,4620133,3.782618,112,102993,274981,2102044,6280488,2127688,0.746950
4092,377974,6236084,1664245,4571839,3.747095,104,102167,275807,2085600,6236084,2106316,0.747517
4093,377974,6195830,1668185,4527645,3.714114,102,101427,276547,2071650,6195830,2090770,0.747693
4094,377974,6160548,1672094,4488454,3.684331,103,101044,276930,2059365,6160548,2076912,0.747870
4095,377974,6129220,1676142,4453078,3.656743,90,100595,277379,2048880,6129220,2066300,0.747874
4096,377974,6102880,1679784,4423096,3.633134,78,99876,278098,2038909,6102880,2052756,0.748302
4097,377974,6084311,1683127,4401184,3.614885,73,99438,278536,2033015,6084311,2047749,0.748188
4098,377974,6072646,1686213,4386433,3.601352,54,99228,278746,2028420,6072646,2041034,0.748445
4099,377974,6067790,1689516,4378274,3.591437,42,98849,279125,2026054,6067790,2036426,0.748720
4100,377974,6068759,1692916,4375843,3.584796,29,98508,279466,2025518,6068759,2033313,0.749038
4101,377974,6069569,1695094,4374475,3.580668,23,98417,279557,2024301,6069569,2027635,0.749588
4102,377974,6073737,1697545,4376192,3.577953,22,98223,279751,2025896,6073737,2029847,0.749512
4103,377974,6078609,1699787,4378822,3.576100,22,97898,280076,2026484,6078609,2027327,0.749896
4104,376105,6086720,1701776,4384944,3.576687,21,97757,278348,2028069,6086720,2025556,0.750310
4105,376105,6092549,1703786,4388763,3.575889,22,97679,278426,2029046,6092549,2023635,0.750667
4106,376105,6102901,1706061,4396840,3.577188,21,97557,278548,2032042,6102901,2025267,0.750834
4107,372852,6114088,1708382,4405706,3.578876,21,97441,275411,2034703,6114088,2024724,0.751226
4108,372852,6123508,1710997,4412511,3.578912,23,97255,275597,2036472,6123508,2022380,0.751730
4109,372852,6134694,1713694,4421000,3.579807,23,97042,275810,2039200,6134694,2022106,0.752096
4110,372852,6145862,1716343,4429519,3.580789,24,96963,275889,2042265,6145862,2023198,0.752334
4111,372852,6139866,1715114,4424752,3.579859,23,97131,275721,2042207,6139866,2028962,0.751621
4112,372844,6134331,1714222,4420109,3.578493,23,97338,275506,2039368,6134331,2023141,0.751989
4113,372844,6129680,1713855,4415825,3.576545,23,97507,275337,2038400,6129680,2023920,0.751776
4114,369811,6125182,1713772,4411410,3.574094,23,97762,272049,2037869,6125182,2026294,0.751420
4115,369631,6123508,1713583,4409925,3.573511,23,97906,271725,2037876,6123508,2027996,0.751212
4116,369631,6122687,1713027,4409660,3.574192,23,98136,271495,2036496,6122687,2023297,0.751620
4117,369631,6122245,1712367,4409878,3.575311,24,98454,271177,2039064,6122245,2034011,0.750620
4118,372884,6123395,1712007,4411388,3.576735,22,98592,274292,2039678,6123395,2035317,0.750535
4119,371015,6128810,1712203,4416607,3.579488,24,98708,272307,2040531,6128810,2033314,0.750884
4120,370895,6139643,1712533,4427110,3.585124,25,98880,272015,2045214,6139643,2041213,0.750489
4121,370895,6167478,1716267,4451211,3.593542,24,99337,271558,2054241,6167478,2049486,0.750579
4122,370895,6201648,1718917,4482731,3.607881,23,99983,270912,2065989,6201648,2062308,0.750445
4123,370895,6240329,1721936,4518393,3.624019,22,100393,270502,2079516,6240329,2077735,0.750214
4124,370895,6287138,1725451,4561687,3.643765,22,101279,269616,2093970,6287138,2088742,0.750624
4125,370895,6354071,1729552,4624519,3.673825,40,101908,268987,2115662,6354071,2108577,0.750837
4126,370895,6449106,1732813,4716293,3.721755,61,102954,267941,2146807,6449106,2138122,0.751011
4127,367157,6575639,1735281,4840358,3.789380,92,103980,263177,2188238,6575639,2177313,0.751248
4128,367157,6720414,1737384,4983030,3.868122,98,105464,261693,2233672,6720414,2214274,0.752171
4129,367157,6881247,1738182,5143065,3.958876,103,107011,260146,2286053,6881247,2262965,0.752525
4130,367157,7058233,1738997,5319236,4.058795,115,109024,258133,2344767,7058233,2320835,0.752552
4131,367157,7228891,1740939,5487952,4.152294,127,110343,256814,2398805,7228891,2366329,0.753385
4132,367157,7398705,1742911,5655794,4.245027,131,111756,255401,2453552,7398705,2415503,0.753877
4133,367157,7559836,1745167,5814669,4.331870,131,113143,254014,2506058,7559836,2464396,0.754156
4134,367157,7707509,1746674,5960835,4.412677,127,114320,252837,2553759,7707509,2507527,0.754526
4135,366352,7844584,1746717,6097867,4.491045,129,115396,250956,2598920,7844584,2551096,0.754600
4136,366352,7978507,1747656,6230851,4.565262,127,116562,249790,2641368,7978507,2586965,0.755149
4137,363567,8111589,1749106,6362483,4.637563,129,117425,246142,2684371,8111589,2625895,0.755446
4138,363567,8231986,1750371,6481615,4.702995,128,118144,245423,2722154,8231986,2656630,0.756018
4139,363567,8341856,1750842,6591014,4.764482,129,118754,244813,2756752,8341856,2685152,0.756493
4140,363567,8434335,1751198,6683137,4.816323,128,118941,244626,2785986,8434335,2709609,0.756854
4141,363567,8493889,1754024,6739865,4.842516,128,119027,244540,2803934,8493889,2721847,0.757319
4142,321655,8547736,1756617,6791119,4.866021,127,118987,202668,2820713,8547736,2735116,0.757586
4143,321655,8593470,1758534,6834936,4.886724,129,119084,202571,2833752,8593470,2741538,0.758135
4144,321655,8629020,1759944,6869076,4.903008,128,118967,202688,2843641,8629020,2745544,0.758624
4145,321655,8652348,1760863,6891485,4.913697,129,118738,202917,2849588,8652348,2746004,0.759088
4146,321655,8669420,1761857,6907563,4.920615,131,118604,203051,2854139,8669420,2747136,0.759373
4147,321655,8675311,1763661,6911650,4.918922,128,118206,203449,2855594,8675311,2747065,0.759501
4148,321655,8673862,1765384,6908478,4.913300,129,118013,203642,2854527,8673862,2744246,0.759658
4149,319690,8667453,1766513,6900940,4.906532,129,117340,202350,2850674,8667453,2735243,0.760123
4150,319690,8659549,1767578,6891971,4.899104,131,117074,202616,2847828,8659549,2731763,0.760189
4151,319690,8659249,1769667,6889582,4.893152,129,116559,203131,2846983,8659249,2728683,0.760388
4152,319690,8656671,1771720,6884951,4.886027,128,115873,203817,2844056,8656671,2719553,0.760944
4153,319690,8651480,1773082,6878398,4.879346,128,115354,204336,2841620,8651480,2715000,0.761140
4154,319690,8648052,1774303,6873749,4.874056,127,114757,204933,2839065,8648052,2708208,0.761523
4155,319690,8644588,1775338,6869250,4.869263,129,114318,205372,2836771,8644588,2702496,0.761833
4156,319690,8641899,1776521,6865378,4.864507,129,113631,206059,2833675,8641899,2692801,0.762429
4157,319690,8637396,1776932,6860464,4.860848,129,113189,206501,2830046,8637396,2682788,0.763008
4158,319688,8627718,1777035,6850683,4.855120,130,112646,207042,2825326,8627718,2673586,0.763427
4159,319688,8618980,1777322,6841658,4.849420,129,111845,207843,2820537,8618980,2663168,0.763948
4160,319688,8605082,1777805,6827277,4.840285,129,111208,208480,2814559,8605082,2653154,0.764337
4161,318452,8555635,1776548,6779087,4.815876,129,110380,208072,2798010,8555635,2636405,0.764439
4162,318452,8504718,1774922,6729796,4.791601,130,109480,208972,2780484,8504718,2617218,0.764680
4163,318452,8451523,1773096,6678427,4.766534,129,108774,209678,2762726,8451523,2599381,0.764781
4164,318452,8396635,1771862,6624773,4.738876,130,107709,210743,2742634,8396635,2573901,0.765381
4165,318452,8338032,1770576,6567456,4.709220,129,106683,211769,2724172,8338032,2558656,0.765190
4166,318452,8277718,1769007,6508711,4.679302,130,105795,212657,2703329,8277718,2535598,0.765512
4167,318452,8211945,1766959,6444986,4.647502,130,104914,213538,2682582,8211945,2518383,0.765302
4168,318452,8146201,1765246,6380955,4.614768,129,103656,214796,2659494,8146201,2491775,0.765766
4169,318452,8079971,1763932,6316039,4.580659,129,102722,215730,2638719,8079971,2474905,0.765520
4170,318452,8009400,1763036,6246364,4.542959,132,101712,216740,2615813,8009400,2453852,0.765479
4171,318452,7976329,1764241,6212088,4.521111,131,101433,217019,2603742,7976329,2438639,0.765852
4172,318452,7943231,1765109,6178122,4.500136,132,100763,217689,2592188,7943231,2425521,0.766074
4173,318452,7908567,1765141,6143426,4.480417,130,100408,218044,2581471,7908567,2417317,0.765897
4174,318452,7874637,1764833,6109804,4.461973,130,99962,218490,2568785,7874637,2400503,0.766378
4175,318452,7843541,1765732,6077809,4.442090,130,99209,219243,2557878,7843541,2387971,0.766606
4176,318452,7815005,1767549,6047456,4.421380,130,98638,219814,2547515,7815005,2375055,0.766924
4177,315584,7791800,1768176,6023624,4.406688,129,98117,217467,2538838,7791800,2363552,0.767260
4178,315584,7770111,1769137,6000974,4.392035,129,97544,218040,2529366,7770111,2347353,0.767990
4179,315584,7750553,1770291,5980262,4.378124,129,96984,218600,2521818,7750553,2336719,0.768350
4180,315584,7728458,1771895,5956563,4.361691,131,96526,219058,2513933,7728458,2327274,0.768562
4181,315584,7737701,1772351,5965350,4.365784,130,95849,219735,2513921,7737701,2317983,0.769485
4182,315584,7747009,1773160,5973849,4.369041,129,95641,219943,2516138,7747009,2317543,0.769732
4183,315584,7756617,1773971,5982646,4.372460,128,95185,220399,2517240,7756617,2312343,0.770349
4184,315584,7754182,1774750,5979432,4.369169,129,94696,220888,2514357,7754182,2303246,0.770991
4185,315584,7750351,1775549,5974802,4.365045,129,94159,221425,2512444,7750351,2299425,0.771196
4186,315584,7739884,1775755,5964129,4.358644,129,93881,221703,2508100,7739884,2292516,0.771489
4187,315584,7734632,1775229,5959403,4.356977,128,93480,222104,2506436,7734632,2291112,0.771477
4188,315584,7738798,1774379,5964419,4.361412,130,93211,222373,2506787,7738798,2288350,0.771785
4189,315584,7744927,1774236,5970691,4.365218,129,92776,222808,2507752,7744927,2286081,0.772099
4190,315584,7752592,1773993,5978599,4.370137,129,92284,223300,2508777,7752592,2282516,0.772547
4191,315584,7763544,1773092,5990452,4.378534,128,92271,223313,2512089,7763544,2284812,0.772618
4192,315584,7775753,1772477,6003276,4.386942,130,92155,223429,2514114,7775753,2280703,0.773210
4193,315584,7792703,1771404,6021299,4.399168,131,91800,223784,2518609,7792703,2281733,0.773513
4194,315584,7808426,1769355,6039071,4.413148,130,91931,223653,2523169,7808426,2284250,0.773673
4195,315584,7825096,1766346,6058750,4.430104,131,91715,223869,2527633,7825096,2285436,0.773955
4196,315584,7845007,1766261,6078746,4.441590,131,91467,224117,2531709,7845007,2281829,0.774675
4197,315584,7867894,1766701,6101193,4.453438,130,91320,224264,2538352,7867894,2285514,0.774902
4198,315584,7889419,1765316,6124103,4.469126,131,91189,224395,2543837,7889419,2285929,0.775346
4199,315584,7910398,1763870,6146528,4.484683,130,91031,224553,2548299,7910398,2282798,0.776047
4200,315584,7935085,1763539,6171546,4.499523,130,90856,224728,2554366,7935085,2282379,0.776620
4201,315584,7829544,1756058,6073486,4.458591,130,89854,225730,2522041,7829544,2258620,0.776112
4202,315584,7722623,1749774,5972849,4.413497,129,89503,226081,2488333,7722623,2230709,0.775883
4203,315584,7617015,1743309,5873706,4.369286,130,89002,226582,2455069,7617015,2203261,0.775642
4204,309646,7504969,1737501,5767468,4.319404,131,88332,221314,2420412,7504969,2176679,0.775175
4205,309646,7381744,1729976,5651768,4.266963,132,87714,221932,2382863,7381744,2149708,0.774462
4206,309646,7246006,1722701,5523305,4.206189,132,86862,222784,2340456,7246006,2115818,0.773995
4207,309646,7097386,1715349,5382037,4.137576,125,86137,223509,2295599,7097386,2085010,0.772934
4208,309646,6946623,1708280,5238343,4.066443,115,85327,224319,2249150,6946623,2049977,0.772139
4209,309646,6800747,1702161,5098586,3.995361,110,85029,224617,2204751,6800747,2018257,0.771147
4210,309646,6658232,1695303,4962929,3.927458,100,84431,225215,2162291,6658232,1990932,0.769812
4211,309646,6319854,1685745,4634109,3.748998,56,83634,226012,2061738,6319854,1927098,0.766326
4212,309646,6112961,1675545,4437416,3.648342,29,83101,226545,1999636,6112961,1885583,0.764259
4213,309646,6045388,1666685,4378703,3.627193,22,83140,226506,1978317,6045388,1867880,0.763956
4214,309646,6022943,1657772,4365171,3.633155,20,83743,225903,1972033,6022943,1865189,0.763545
4215,309646,5992188,1649294,4342894,3.633184,21,84054,225592,1964251,5992188,1864816,0.762656
4216,306393,5950642,1639355,4311287,3.629868,22,84121,222272,1953389,5950642,1862914,0.761579
4217,306393,5903640,1629077,4274563,3.623917,20,84615,221778,1940392,5903640,1857928,0.760625
4218,306393,5855977,1617138,4238839,3.621198,22,84502,221891,1926381,5855977,1849547,0.759971
4219,306393,5800203,1606502,4193701,3.610455,18,84455,221938,1910856,5800203,1843221,0.758849
4220,283838,5731697,1594977,4136720,3.593592,18,84335,199503,1890333,5731697,1829635,0.758027
4221,283838,5712816,1593616,4119200,3.584813,21,83959,199879,1884149,5712816,1823780,0.758010
4222,282352,5690305,1592677,4097628,3.572793,22,83499,198853,1876222,5690305,1814583,0.758213
4223,282352,5668153,1591698,4076455,3.561073,21,82983,199369,1869008,5668153,1807879,0.758177
4224,282352,5643060,1590620,4052440,3.547711,22,82540,199812,1862026,5643060,1805044,0.757651
4225,282352,5614321,1586910,4027411,3.537895,22,81870,200482,1855809,5614321,1808915,0.756317
4226,282352,5581622,1584335,3997287,3.523006,20,82862,199490,1842543,5581622,1788550,0.757326
4227,282352,5551719,1582670,3969049,3.507818,21,83893,198459,1835014,5551719,1788337,0.756359
4228,282352,5518804,1583021,3935783,3.486248,22,84473,197879,1826850,5518804,1788596,0.755235
4229,282352,5484586,1582998,3901588,3.464683,21,85019,197333,1817253,5484586,1784426,0.754516
4230,281597,5449131,1585676,3863455,3.436472,19,85456,196141,1808338,5449131,1784221,0.753334
4231,281597,5461762,1600382,3861380,3.412786,21,85699,195898,1811829,5461762,1785554,0.753625
4232,281597,5473799,1615530,3858269,3.388237,23,86028,195569,1817120,5473799,1794681,0.753087
4233,281597,5480296,1626824,3853472,3.368709,20,86076,195521,1818494,5480296,1793680,0.753411
4234,281597,5487223,1638815,3848408,3.348287,19,86283,195314,1821523,5487223,1798869,0.753109
4235,281597,5496345,1647775,3848570,3.335616,18,86413,195184,1826142,5496345,1808223,0.752453
4236,281597,5503938,1654952,3848986,3.325739,19,86478,195119,1829417,5503938,1813730,0.752144
4237,281597,5512883,1663575,3849308,3.313877,18,86503,195094,1831777,5512883,1814225,0.752395
4238,281597,5520967,1670231,3850736,3.305511,20,86410,195187,1835353,5520967,1820445,0.752031
4239,281597,5524613,1671097,3853516,3.305980,19,86508,195089,1836605,5524613,1821807,0.752014
4240,281597,5529930,1670215,3859715,3.310909,19,86348,195249,1839525,5529930,1828170,0.751543
4241,283466,5546585,1671959,3874626,3.317417,18,86263,197203,1845998,5546585,1837407,0.751163
4242,283466,5567935,1677397,3890538,3.319390,16,86289,197177,1852718,5567935,1842937,0.751320
4243,285335,5596495,1684832,3911663,3.321693,16,86317,199018,1861424,5596495,1849201,0.751642
4244,285335,5643112,1691652,3951460,3.335859,16,86378,198957,1874979,5643112,1856804,0.752423
4245,285335,5717393,1700590,4016803,3.362006,16,86747,198588,1896142,5717393,1867175,0.753819
4246,287204,5823417,1712099,4111318,3.401332,20,87019,200185,1926027,5823417,1880691,0.755885
4247,287204,5984984,1726524,4258460,3.466493,26,87544,199660,1972286,5984984,1904160,0.758635
4248,287204,6158324,1740246,4418078,3.538766,27,88111,199093,2021441,6158324,1927440,0.761625
4249,287204,6326599,1758242,4568357,3.598253,31,88792,198412,2068698,6326599,1948193,0.764563
4250,287204,6456692,1773051,4683641,3.641572,31,89422,197782,2105868,6456692,1966780,0.766512
4251,290072,6726903,1801583,4925320,3.733885,31,91943,198129,2187993,6726903,2025069,0.768616
4252,289986,6965135,1823883,5141252,3.818850,30,95180,194806,2262589,6965135,2085221,0.769598
4253,286354,7182949,1843628,5339321,3.896095,33,96194,190160,2325009,7182949,2117087,0.772357
4254,286354,7359919,1862892,5497027,3.950803,31,96756,189598,2375992,7359919,2144049,0.774405
4255,328446,7502552,1882515,5620037,3.985388,33,97903,230543,2419631,7502552,2175972,0.775175
4256,339332,7566904,1905672,5661232,3.970727,35,98294,241038,2440744,7566904,2196072,0.775061
4257,339332,7613658,1928771,5684887,3.947414,30,97875,241457,2454352,7613658,2203750,0.775526
4258,339332,7616957,1950698,5666259,3.904734,29,95886,243446,2447494,7616957,2173019,0.778036
4259,339332,7375651,1850867,5524784,3.984971,27,94130,245202,2372272,7375651,2113437,0.777277
4260,329358,7194712,1825271,5369441,3.941723,25,92258,237100,2314585,7194712,2063628,0.777106
4261,327091,7140929,1821921,5319008,3.919450,24,91099,235992,2296863,7140929,2046523,0.777248
4262,327091,7072169,1813712,5258457,3.899279,22,90190,236901,2273963,7072169,2023683,0.777516
4263,314645,6985939,1801027,5184912,3.878864,22,89160,225485,2246250,6985939,1999061,0.777511
4264,314645,6885605,1785401,5100204,3.856615,22,87684,226961,2210580,6885605,1956715,0.778710
4265,314645,6766983,1768821,4998162,3.825703,22,86385,228260,2170830,6766983,1916337,0.779308
4266,314645,6636506,1752402,4884104,3.787091,25,84662,229983,2127273,6636506,1872586,0.779931
4267,314645,6513551,1736501,4777050,3.750963,23,83238,231407,2086502,6513551,1832457,0.780439
4268,314645,6380511,1720443,4660068,3.708644,22,81650,232995,2042074,6380511,1787785,0.781131
4269,314645,6249391,1703302,4546089,3.668986,21,80151,234494,1999691,6249391,1749373,0.781295
4270,314583,6125003,1686122,4438881,3.632598,23,78486,236097,1960574,6125003,1717293,0.781022
4271,314583,6045653,1681579,4364074,3.595224,21,77776,236807,1937090,6045653,1702707,0.780249
4272,314583,5980334,1677303,4303031,3.565446,21,76756,237827,1917760,5980334,1690706,0.779599
4273,314583,5913118,1673138,4239980,3.534148,20,74958,239625,1897122,5913118,1675370,0.779222
4274,314583,5859006,1667634,4191372,3.513364,21,73237,241346,1879484,5859006,1658930,0.779337
4275,314583,5805486,1661651,4143835,3.493806,22,71273,243310,1860982,5805486,1638442,0.779896
4276,314583,5753757,1654892,4098865,3.476817,22,69660,244923,1844323,5753757,1623535,0.779928
4277,314583,5703892,1647538,4056354,3.462070,20,69060,245523,1828656,5703892,1610732,0.779793
4278,296387,5651799,1639702,4012097,3.446845,20,68416,227971,1811183,5651799,1592933,0.780125
4279,294518,5601052,1631944,3969108,3.432135,20,67561,226957,1794662,5601052,1577596,0.780238
4280,294516,5555154,1624536,3930618,3.419533,20,66474,228042,1778531,5555154,1558970,0.780863
4281,294376,5566540,1628747,3937793,3.417682,19,64706,229670,1779557,5566540,1551688,0.782012
4282,294304,5578509,1630819,3947690,3.420679,19,61982,232322,1780966,5578509,1545355,0.783073
4283,294280,5609275,1635359,3973916,3.429996,19,60436,233844,1788180,5609275,1543445,0.784216
4284,276084,5653803,1639782,4014021,3.447899,21,60234,215850,1803232,5653803,1559125,0.783843
4285,265422,5705213,1644428,4060785,3.469421,21,59879,205543,1818978,5705213,1570699,0.784123
4286,265422,5755853,1647821,4108032,3.493009,21,60033,205389,1834972,5755853,1584035,0.784188
4287,267291,5791051,1649428,4141623,3.510945,22,60074,207217,1846675,5791051,1595649,0.783984
4288,267291,5814543,1650232,4164311,3.523470,21,59963,207328,1853822,5814543,1600745,0.784129
4289,267291,5826308,1649361,4176947,3.532464,21,59661,207630,1856924,5826308,1601388,0.784403
4290,267291,5834192,1647118,4187074,3.542061,22,59382,207909,1859098,5834192,1602200,0.784546
4291,267291,5838963,1636680,4202283,3.567565,21,58803,208488,1858567,5838963,1595305,0.785412
4292,267291,5871142,1626645,4244497,3.609357,22,58205,209086,1865230,5871142,1589778,0.786919
4293,267291,5906119,1616715,4289404,3.653160,24,57946,209345,1874697,5906119,1592669,0.787610
4294,267291,5843710,1599529,4244181,3.653394,24,57193,210098,1854830,5843710,1575610,0.787634
4295,257763,5716870,1577443,4139427,3.624137,24,56171,201592,1816395,5716870,1548710,0.786843
4296,257763,5657672,1555399,4102273,3.637441,24,55069,202694,1796729,5657672,1529244,0.787218
4297,257643,5586706,1533399,4053307,3.643348,24,55001,202642,1777162,5586706,1521942,0.785903
4298,257643,5510294,1512580,3997714,3.642977,24,54344,203299,1755706,5510294,1512530,0.784627
4299,215551,5418802,1492342,3926460,3.631073,23,53990,161561,1730778,5418802,1504310,0.782712
4300,215551,5318880,1472688,3846192,3.611681,23,53313,162238,1702655,5318880,1491740,0.780969
4301,215551,5204491,1451753,3752738,3.584970,23,52914,162637,1669746,5204491,1474493,0.779234
4302,215551,5067746,1433775,3633971,3.534548,23,52442,163109,1631337,5067746,1457602,0.776625
4303,215551,4921531,1420253,3501278,3.465250,23,51471,164080,1589408,4921531,1436101,0.774114
4304,215551,4771920,1408711,3363209,3.387437,23,50274,165277,1547822,4771920,1419368,0.770748
4305,215551,4606687,1396396,3210291,3.298983,22,49275,166276,1498829,4606687,1388629,0.768381
4306,215551,4429363,1382207,3047156,3.204558,23,47760,167791,1446379,4429363,1356153,0.765595
4307,215551,4226661,1367919,2858742,3.089847,25,46175,169376,1384809,4226661,1312575,0.763040
4308,215551,4029460,1352241,2677219,2.979839,19,43839,171712,1325459,4029460,1272376,0.760012
4309,212683,3889810,1335725,2554085,2.912134,12,41859,170824,1283534,3889810,1244326,0.757637
4310,210814,3807695,1318187,2489508,2.888585,12,40562,170252,1258469,3807695,1226181,0.756414
4311,208945,3720476,1298233,2422243,2.865800,12,37701,171244,1224259,3720476,1176560,0.759740
4312,208945,3648900,1285081,2363819,2.839432,13,35162,173783,1194685,3648900,1129840,0.763569
4313,207076,3561040,1274946,2286094,2.793091,12,33729,173347,1167347,3561040,1108348,0.762635
4314,207076,3487408,1264852,2222556,2.757167,12,32508,174568,1141553,3487408,1078804,0.763742
4315,207076,3385493,1253609,2131884,2.700597,13,31348,175728,1105750,3385493,1037507,0.765429
4316,207076,3269601,1241038,2028563,2.634570,12,29606,177470,1066755,3269601,997419,0.766249
4317,207076,3130111,1226150,1903961,2.552796,13,28143,178933,1022392,3130111,959457,0.765389
4318,207076,2951383,1203735,1747648,2.451854,13,26392,180684,967373,2951383,918109,0.762731
4319,216023,2756864,1182438,1574426,2.331508,13,24469,191554,902972,2756864,855024,0.763275
4320,271333,2603837,1163883,1439954,2.237198,12,22021,249312,848946,2603837,791947,0.766785
4321,270253,2559294,1154274,1405020,2.217233,12,21202,249051,833069,2559294,772982,0.768032
4322,270253,2519409,1146172,1373237,2.198107,13,20511,249742,818936,2519409,756335,0.769110
4323,270253,2478898,1136523,1342375,2.181124,12,19730,250523,803718,2478898,735974,0.771072
4324,274013,2438894,1126281,1312613,2.165440,13,19086,254927,789606,2438894,719530,0.772187
4325,274013,2400264,1114270,1285994,2.154113,12,18514,255499,774275,2400264,696836,0.775004
4326,274013,2362181,1098336,1263845,2.150691,14,17822,256191,759887,2362181,677367,0.777149
4327,274013,2326529,1080339,1246190,2.153518,13,17098,256915,746032,2326529,657599,0.779634
4328,274013,2284279,1061973,1222306,2.150977,13,16534,257479,730192,2284279,636489,0.782082
4329,283686,2239181,1040620,1198561,2.151776,14,15961,267725,713893,2239181,616391,0.784144
4330,286036,2193888,1020325,1173563,2.150185,12,15379,270657,697731,2193888,597036,0.786079
4331,285798,2129977,998694,1131283,2.132762,13,15307,270491,680208,2129977,590855,0.782840
4332,285798,2067477,977091,1090386,2.115951,13,15163,270635,662978,2067477,584435,0.779617
4333,284085,2003971,956429,1047542,2.095264,14,15046,269039,646196,2003971,580813,0.775295
4334,284085,1941319,941412,999907,2.062135,13,14955,269130,628960,1941319,574521,0.771638
4335,284085,1879968,928407,951561,2.024939,14,14883,269202,611950,1879968,567832,0.768024
4336,282411,1825465,916879,908586,1.990955,12,14811,267600,596317,1825465,559803,0.765308
4337,277993,1788735,908263,880472,1.969402,13,14689,263304,585478,1788735,553177,0.763793
4338,277993,1761176,901719,859457,1.953132,13,14570,263423,577145,1761176,547404,0.762883
4339,277993,1742463,893146,849317,1.950927,13,14460,263533,571261,1742463,542581,0.762551
4340,277993,1728158,886691,841467,1.948997,11,14347,263646,566824,1728158,539138,0.762211
4341,277993,1714664,880082,834582,1.948300,11,14277,263716,561925,1714664,533036,0.762853
4342,283957,1699803,872535,827268,1.948120,10,14169,269788,556993,1699803,528169,0.762937
4343,284085,1686812,866101,820711,1.947593,11,14069,270016,551882,1686812,520716,0.764118
4344,284085,1678914,863368,815546,1.944610,11,13934,270151,549239,1678914,518042,0.764200
4345,284323,1672605,860261,812344,1.944299,11,13949,270374,546506,1672605,513419,0.765136
4346,285869,1666699,856616,810083,1.945678,11,13947,271922,543981,1666699,509225,0.765973
4347,285893,1659378,852568,806810,1.946329,11,13839,272054,541556,1659378,506846,0.766023
4348,286757,1649029,848065,800964,1.944461,10,13809,272948,537862,1649029,502419,0.766474
4349,286757,1645260,843509,801751,1.950495,11,13785,272972,536056,1645260,498964,0.767299
4350,286757,1642436,840325,802111,1.954525,11,13751,273006,534431,1642436,495288,0.768311
4351,326780,1638873,815165,823708,2.010480,18,15428,311352,527907,1638873,472755,0.776118
4352,356105,1652086,793627,858459,2.081691,18,20576,335529,536003,1652086,491926,0.770558
4353,440157,1654354,795903,858451,2.078587,18,20064,420093,528672,1654354,460334,0.782316
4354,471491,1822639,832621,990018,2.189038,19,21399,450092,577043,1822639,485533,0.789646
4355,532773,2217416,885898,1331518,2.503015,19,25328,507445,697932,2217416,574312,0.794281
4356,602670,2776888,940153,1836735,2.953655,19,30421,572249,867795,2776888,694292,0.799984
4357,628019,3258546,993372,2265174,3.280288,21,35249,592770,1020732,3258546,824382,0.798090
4358,738595,3699473,1040441,2659032,3.555678,30,44814,693781,1174755,3699473,999547,0.787286
4359,781926,4033484,1076160,2957324,3.748034,31,52973,728953,1294648,4033484,1145108,0.778877
4360,885658,4365844,1111861,3253983,3.926610,145,71654,814004,1431020,4365844,1358236,0.762715
4361,941296,4702243,1166716,3535527,4.030324,142,89782,851514,1562637,4702243,1548305,0.752293
4362,1171014,4996015,1221094,3774921,4.091425,145,104161,1066853,1673832,4996015,1699313,0.746194
4363,1312398,5393613,1274286,4119327,4.232655,150,133786,1178612,1836123,5393613,1950879,0.734375
4364,1573730,5639885,1328212,4311673,4.246223,146,154005,1419725,1936876,5639885,2107619,0.727962
4365,1710490,6102263,1378198,4724065,4.427711,150,205722,1504768,2158675,6102263,2532437,0.706714
4366,1798404,6283148,1428649,4854499,4.397965,153,226596,1571808,2240754,6283148,2679868,0.701008
4367,2056409,6438293,1476201,4962092,4.361393,153,247284,1809125,2305261,6438293,2782751,0.698217
4368,2209529,6642754,1522255,5120499,4.363759,150,265768,1943761,2379765,6642754,2876306,0.697837
4369,2290321,6864053,1566567,5297486,4.381589,156,275115,2015206,2452797,6864053,2947135,0.699615
4370,2419050,7142253,1611830,5530423,4.431145,151,289636,2129414,2545319,7142253,3039023,0.701509
4371,2465234,7346279,1637799,5708480,4.485458,153,304962,2160272,2626860,7346279,3161161,0.699150
4372,2469335,7624990,1667024,5957966,4.574013,154,312122,2157213,2725318,7624990,3276282,0.699459
4373,2481320,7882665,1698055,6184610,4.642173,149,315010,2166310,2813622,7882665,3371823,0.700402
4374,2486078,8176422,1730293,6446129,4.725455,151,315239,2170839,2903177,8176422,3436286,0.704093
4375,2487786,8425031,1761651,6663380,4.782463,150,317089,2170697,2978113,8425031,3487421,0.707246
4376,2487786,8627793,1792337,6835456,4.813711,155,315464,2172322,3027657,8627793,3482835,0.712415
4377,2487786,8761257,1822542,6938715,4.807163,152,313205,2174581,3053770,8761257,3453823,0.717249
4378,2510341,8861701,1854500,7007201,4.778485,149,310477,2199864,3070299,8861701,3419495,0.721567
4379,2516731,8971774,1883914,7087860,4.762305,147,307835,2208896,3093434,8971774,3401962,0.725066
4380,2516731,10087236,1910277,8176959,5.280510,156,313058,2203673,3433571,10087236,3647048,0.734457
4381,2516731,10933776,1928135,9005641,5.670649,156,317396,2199335,3699028,10933776,3862336,0.738963
4382,2516731,11142178,1939146,9203032,5.745920,156,316398,2200333,3763727,11142178,3912730,0.740103
4383,2516731,11064525,1946364,9118161,5.684715,156,315792,2200939,3739716,11064525,3894339,0.739663
4384,2516731,10970960,1952835,9018125,5.617966,156,315361,2201370,3713729,10970960,3883956,0.738541
4385,2516731,10840045,1957963,8882082,5.536389,155,314418,2202313,3675155,10840045,3860575,0.737387
4386,2516731,10692247,1960969,8731278,5.452532,159,314386,2202345,3630754,10692247,3830769,0.736228
4387,2509092,10531630,1963912,8567718,5.362577,156,308997,2200095,3575323,10531630,3769662,0.736411
4388,2497433,10416948,1967906,8449042,5.293417,159,303885,2193548,3529092,10416948,3699420,0.737934
4389,2491603,10326645,1971540,8355105,5.237857,157,300361,2191242,3495223,10326645,3654247,0.738626
4390,2479010,10268985,1976217,8292768,5.196284,159,298229,2180781,3473058,10268985,3623247,0.739189
4391,2476568,10312608,1984941,8327667,5.195423,157,297286,2179282,3482455,10312608,3617212,0.740326
4392,2462412,10358562,1993859,8364703,5.195233,158,296997,2165415,3493509,10358562,3615474,0.741272
4393,2458408,10407666,2003237,8404429,5.195424,159,296399,2162009,3502930,10407666,3604054,0.742783
4394,2444426,10456113,2011378,8444735,5.198482,158,296805,2147621,3513552,10456113,3598095,0.743985
4395,2424948,10508787,2019513,8489274,5.203624,158,298975,2125973,3528867,10508787,3606681,0.744487
4396,2424988,10554576,2027030,8527546,5.206917,159,299953,2125035,3541298,10554576,3610616,0.745106
4397,2441592,10584750,2031640,8553110,5.209954,158,300048,2141544,3546550,10584750,3601450,0.746130
4398,2436974,10592357,2031177,8561180,5.214886,159,301983,2134991,3546913,10592357,3595295,0.746590
4399,2435694,10572640,2024147,8548493,5.223257,159,302789,2132905,3539280,10572640,3584480,0.746807
4400,2432368,10526234,2016166,8510068,5.220916,161,300928,2131440,3521353,10526234,3559178,0.747315
4401,2432114,10502788,2012564,8490224,5.218611,161,301257,2130857,3514325,10502788,3554512,0.747141
4402,2432024,10478052,2008779,8469273,5.216130,161,301032,2130992,3507217,10478052,3550816,0.746892
4403,2431836,10454007,2005578,8448429,5.212466,162,301080,2130756,3500898,10454007,3549585,0.746523
4404,2431834,10432960,2002769,8430191,5.209268,164,301166,2130668,3494108,10432960,3543472,0.746468
4405,2431680,10410698,2000102,8410596,5.205084,162,301030,2130650,3486989,10410698,3537258,0.746396
4406,2431680,10388024,1998670,8389354,5.197468,164,300525,2131155,3480391,10388024,3533540,0.746182
4407,2429811,10365554,1998007,8367547,5.187947,162,300030,2129781,3474449,10365554,3532242,0.745842
4408,2429811,10343431,1997413,8346018,5.178414,162,300602,2129209,3467603,10343431,3526981,0.745719
4409,2429807,10322108,1995327,8326781,5.173141,165,300630,2129177,3460899,10322108,3521488,0.745623
4410,2429807,10298689,1992624,8306065,5.168406,162,299625,2130182,3452792,10298689,3512479,0.745678
4411,2429805,10275880,1989152,8286728,5.165960,162,300215,2129590,3447401,10275880,3513724,0.745190
4412,2429651,10252658,1985661,8266997,5.163348,164,300021,2129630,3441092,10252658,3511710,0.744870
4413,2429647,10224796,1983630,8241166,5.154588,163,299463,2130184,3432301,10224796,3504408,0.744748
4414,2429647,10195688,1982342,8213346,5.143254,167,299109,2130538,3423896,10195688,3499896,0.744451
4415,2429647,10167801,1980749,8187052,5.133311,164,299437,2130210,3415129,10167801,3492715,0.744320
4416,2429647,10139995,1978851,8161144,5.124183,164,299734,2129913,3408183,10139995,3492737,0.743798
4417,2428302,10112140,1977131,8135009,5.114552,166,299022,2129280,3399729,10112140,3486776,0.743599
4418,2426433,10084232,1975724,8108508,5.104069,162,299084,2127349,3391855,10084232,3483188,0.743268
4419,2426429,10054801,1974524,8080277,5.092266,162,298891,2127538,3382485,10054801,3475139,0.743152
4420,2425909,10025185,1972883,8052302,5.081490,163,298377,2127532,3374311,10025185,3472059,0.742758
4421,2420125,9890363,1957426,7932937,5.052739,163,298755,2121370,3338006,9890363,3461661,0.740739
4422,2419319,9731462,1939970,7791492,5.016295,162,298690,2120629,3295141,9731462,3449102,0.738319
4423,2401994,9557721,1923193,7634528,4.969715,163,299089,2102905,3248871,9557721,3437763,0.735465
4424,2381548,9385152,1905485,7479667,4.925335,162,298413,2083135,3200263,9385152,3415900,0.733155
4425,2389407,9221743,1887106,7334637,4.886712,161,298319,2091088,3156785,9221743,3405397,0.730311
4426,2373976,9036303,1868494,7167809,4.836142,161,297840,2076136,3105643,9036303,3386269,0.727410
4427,2331681,8887604,1849454,7038150,4.805529,164,297382,2034299,3066297,8887604,3377584,0.724620
4428,2298013,8769010,1830788,6938222,4.789746,162,295825,2002188,3030289,8769010,3352146,0.723447
4429,2291636,8818412,1820269,6998143,4.844565,165,293482,1998154,3036527,8818412,3327696,0.726028
4430,2286080,9715954,1814938,7901016,5.353326,164,294172,1991908,3284636,9715954,3422590,0.739500
4431,2286078,10303870,1815244,8488626,5.676300,165,294371,1991707,3448722,10303870,3491018,0.746934
4432,2286078,10947098,1815410,9131688,6.030097,162,295371,1990707,3629604,10947098,3571318,0.754015
4433,2285464,11605251,1815376,9789875,6.392753,163,296970,1988494,3816683,11605251,3661481,0.760166
4434,2296126,12270783,1816021,10454762,6.756961,165,297759,1998367,4005974,12270783,3753113,0.765780
4435,2296216,12952894,1816167,11136727,7.131995,163,298807,1997409,4199725,12952894,3846006,0.771056
4436,2296240,13585853,1816045,11769808,7.481011,161,299319,1996921,4379262,13585853,3931195,0.775579
4437,2296240,14195503,1815805,12379698,7.817746,164,300209,1996031,4553642,14195503,4019065,0.779349
4438,2295784,14748349,1814181,12934168,8.129480,164,301344,1994440,4711235,14748349,4096591,0.782616
4439,2295784,15202917,1811938,13390979,8.390418,161,302152,1993632,4843325,15202917,4170383,0.784736
4440,2313980,15534722,1808595,13726127,8.589387,163,302480,2011500,4938962,15534722,4221126,0.786335
4441,2314436,15705450,1808680,13896770,8.683377,161,302446,2011990,4989362,15705450,4251998,0.786947
4442,2314440,15841738,1814465,14027273,8.730804,161,304684,2009756,5032257,15841738,4287290,0.787010
4443,2333248,15936533,1821387,14115146,8.749669,163,305688,2027560,5063029,15936533,4315583,0.786907
4444,2334500,16038933,1842789,14196144,8.703619,164,307718,2026782,5098823,16038933,4356359,0.786404
4445,2334500,16137427,1849103,14288324,8.727165,161,309090,2025410,5134723,16137427,4401465,0.785701
4446,2339968,16164850,1849820,14315030,8.738607,164,310340,2029628,5148760,16164850,4430190,0.784890
4447,2339968,16145052,1857167,14287885,8.693377,162,311935,2028033,5147508,16145052,4444980,0.784120
4448,2346345,16108925,1867887,14241038,8.624143,162,313443,2032902,5142257,16108925,4460103,0.783164
4449,2347019,16061513,1882303,14179210,8.532905,160,314777,2032242,5132251,16061513,4467491,0.782382
4450,2376057,16005928,1887111,14118817,8.481710,158,315999,2060058,5119372,16005928,4471560,0.781635
4451,2425561,16239667,1895892,14343775,8.565713,161,317580,2107981,5184576,16239667,4498637,0.783076
4452,2452003,16430002,1891892,14538110,8.684429,160,318362,2133641,5234406,16430002,4507622,0.784712
4453,2465197,16493704,1901813,14591891,8.672621,164,319417,2145780,5249139,16493704,4502852,0.785543
4454,2495958,16346969,1907703,14439266,8.568928,165,318238,2177720,5203821,16346969,4468315,0.785335
4455,2503613,15906863,1915661,13991202,8.303590,164,317906,2185707,5076705,15906863,4399957,0.783326
4456,2506522,15288753,1927566,13361187,7.931637,167,316122,2190400,4899204,15288753,4308063,0.780165
4457,2512997,14575346,1940069,12635277,7.512798,164,315537,2197460,4696586,14575346,4210998,0.775848
4458,2519207,13732652,1950506,11782146,7.040559,166,314579,2204628,4458042,13732652,4099516,0.770106
4459,2538857,12794006,1963773,10830233,6.515013,166,312690,2226167,4189154,12794006,3962610,0.763520
4460,2571703,11892132,1975576,9916556,6.019577,165,310107,2261596,3931488,11892132,3833820,0.756211
4461,2576415,12150722,1977820,10172902,6.143492,160,310813,2265602,4005429,12150722,3870994,0.758391
4462,2599857,12410246,1979159,10431087,6.270464,162,310685,2289172,4079118,12410246,3906226,0.760596
4463,2602327,12667998,1979366,10688632,6.400028,159,310218,2292109,4149852,12667998,3931410,0.763160
4464,2602515,12926018,1978677,10947341,6.532657,163,311447,2291068,4224234,12926018,3970918,0.764992
4465,2608545,13191852,1977182,11214670,6.672047,162,312363,2296182,4302892,13191852,4019716,0.766453
4466,2613182,13464256,1977904,11486352,6.807335,160,312845,2300337,4381656,13464256,4062368,0.768217
4467,2613638,13737564,1981507,11756057,6.932887,162,314831,2298807,4462620,13737564,4112916,0.769591
4468,2613972,13992050,1984830,12007220,7.049495,160,315507,2298465,4534706,13992050,4146774,0.771387
4469,2619728,14227583,1988145,12239438,7.156210,160,315619,2304109,4604283,14227583,4189549,0.772519
4470,2622762,14444101,1990656,12453445,7.255950,157,317001,2305761,4670329,14444101,4237215,0.773184
4471,2640116,13334078,2006570,11327508,6.645209,161,322124,2317992,4365798,13334078,4129114,0.763553
4472,2640256,12119448,2013067,10106381,6.020390,154,320025,2320231,4022934,12119448,3972288,0.753147
4473,2640256,11043638,2014516,9029122,5.482030,157,317010,2323246,3716247,11043638,3821350,0.742929
4474,2640256,10271665,2015127,8256538,5.097279,153,315297,2324959,3498839,10271665,3723691,0.733934
4475,2640256,9913186,2017311,7895875,4.914059,153,313639,2326617,3396326,9913186,3672118,0.729699
4476,2637003,9766593,2014889,7751704,4.847211,156,311827,2325176,3354955,9766593,3653227,0.727774
4477,2637003,9647492,2006569,7640923,4.807954,154,310445,2326558,3324238,9647492,3649460,0.725542
4478,2614448,9559168,1995231,7563937,4.791008,160,310226,2304222,3299676,9559168,3639536,0.724251
4479,2614440,9495426,1979876,7515550,4.795970,158,308559,2305881,3282338,9495426,3633926,0.723221
4480,2613276,9461102,1964445,7496657,4.816170,160,308044,2305232,3275142,9461102,3639466,0.722190
4481,2564021,9508464,1892464,7616000,5.024383,165,307786,2256235,3296928,9508464,3679248,0.721009
4482,2551897,9157481,1830435,7327046,5.002899,164,315571,2236326,3199881,9157481,3642043,0.715455
4483,2641440,7515215,1773640,5741575,4.237170,165,290902,2350538,2656996,7515215,3112769,0.707116
4484,2260474,7329692,1722920,5606772,4.254227,166,248529,2011945,2549329,7329692,2867624,0.718786
4485,1387943,6671107,1675653,4995454,3.981198,142,147007,1240936,2205434,6671107,2150629,0.756212
4486,1031900,6039924,1638069,4401855,3.687222,140,101367,930533,1933027,6039924,1692184,0.781148
4487,817375,5768849,1667062,4101787,3.460489,24,65963,751412,1804253,5768849,1448163,0.799340
4488,592775,5457299,1685687,3771612,3.237433,23,58886,533889,1714887,5457299,1402249,0.795577
4489,449285,5132675,1696128,3436547,3.026113,22,49781,399504,1589020,5132675,1223405,0.807522
4490,328952,4744831,1700973,3043858,2.789480,21,31179,297773,1431558,4744831,981401,0.828613
4491,328952,4749394,1698223,3051171,2.796685,21,31483,297469,1435128,4749394,991118,0.827347
4492,328952,4757369,1696168,3061201,2.804775,22,31954,296998,1439043,4757369,998803,0.826481
4493,328952,4769928,1694145,3075783,2.815537,21,32426,296526,1444206,4769928,1006896,0.825701
4494,328952,4788453,1692611,3095842,2.829033,21,32761,296191,1451314,4788453,1016803,0.824848
4495,328952,4816146,1691204,3124942,2.847762,22,33365,295587,1460858,4816146,1027286,0.824198
4496,328952,4850860,1690897,3159963,2.868809,21,33726,295226,1473099,4850860,1041536,0.823241
4497,328952,4888786,1690630,3198156,2.891695,21,34130,294822,1485843,4888786,1054586,0.822561
4498,328952,4921832,1689440,3232392,2.913292,21,34612,294340,1497663,4921832,1068820,0.821585
4499,328952,4950300,1688525,3261775,2.931730,21,35029,293923,1507517,4950300,1079768,0.820936
4500,328952,4974079,1687819,3286260,2.947045,21,35348,293604,1515895,4974079,1089501,0.820321
4501,336165,5000032,1687390,3312642,2.963175,20,35670,300495,1525447,5000032,1101756,0.819437
4502,336165,5026624,1685928,3340696,2.981518,20,35786,300379,1534030,5026624,1109496,0.819186
4503,341421,5061260,1684446,3376814,3.004703,20,35993,305428,1544603,5061260,1117152,0.819185
4504,341761,5109184,1682491,3426693,3.036678,22,36308,305453,1560631,5109184,1133340,0.818448
4505,342101,5166136,1681597,3484539,3.072161,21,36517,305584,1577510,5166136,1143904,0.818717
4506,342101,5223826,1680407,3543419,3.108667,23,36969,305132,1595766,5223826,1159238,0.818388
4507,342101,5273398,1679363,3594035,3.140118,22,37273,304828,1611007,5273398,1170630,0.818339
4508,342101,5307876,1678078,3629798,3.163069,21,37600,304501,1621118,5307876,1176596,0.818552
4509,342101,5335320,1676798,3658522,3.181850,22,38007,304094,1630170,5335320,1185360,0.818215
4510,342101,5363576,1675469,3688107,3.201239,24,38294,303807,1637843,5363576,1187796,0.818695
4511,330821,5337332,1678499,3658833,3.179824,24,38222,292599,1629715,5337332,1181528,0.818752
4512,330821,5303167,1681262,3621905,3.154278,23,38086,292735,1620075,5303167,1177133,0.818352
4513,330821,5266787,1684192,3582595,3.127189,24,38126,292695,1608356,5266787,1166637,0.818660
4514,330821,5239629,1686721,3552908,3.106399,22,37888,292933,1599066,5239629,1156635,0.819170
4515,330821,5220935,1689286,3531649,3.090616,20,37729,293092,1593725,5220935,1153965,0.818983
4516,330821,5206642,1692399,3514243,3.076486,20,37864,292957,1590315,5206642,1154618,0.818492
4517,330821,5201567,1694974,3506593,3.068818,20,37975,292846,1588228,5201567,1151345,0.818769
4518,330821,5197528,1697723,3499805,3.061470,21,38023,292798,1587026,5197528,1150576,0.818753
4519,330821,5195762,1700628,3495134,3.055202,21,38018,292803,1587136,5195762,1152782,0.818418
4520,327061,5190665,1703776,3486889,3.046565,21,38225,288836,1585149,5190665,1149931,0.818640
4521,305650,5077847,1709693,3368154,2.970034,20,37605,268045,1552562,5077847,1132401,0.817656
4522,280921,4953175,1716550,3236625,2.885541,20,36718,244203,1514792,4953175,1105993,0.817468
4523,265422,4840369,1724571,3115798,2.806709,19,35883,229539,1480134,4840369,1080167,0.817556
4524,265422,4757617,1731631,3025986,2.747477,16,34930,230492,1453313,4757617,1055635,0.818409
4525,263553,4706391,1739869,2966522,2.705026,15,34213,229340,1436727,4706391,1040517,0.818943
4526,263553,4685539,1747276,2938263,2.681625,14,33831,229722,1432116,4685539,1042925,0.817940
4527,261504,4694070,1755101,2938969,2.674530,14,33740,227764,1436766,4694070,1052994,0.816777
4528,261504,4716972,1766870,2950102,2.669677,14,33693,227811,1445383,4716972,1064560,0.815869
4529,261504,4732639,1781266,2951373,2.656896,14,33877,227627,1451619,4732639,1073837,0.815062
4530,261504,4771038,1797407,2973631,2.654400,14,34030,227474,1464522,4771038,1087050,0.814436
4531,261504,4739882,1793258,2946624,2.643168,14,34479,227025,1457832,4739882,1091446,0.812831
4532,261504,5579722,1789107,3790615,3.118719,13,35064,226440,1669056,5579722,1096502,0.835760
4533,261504,5555101,1785097,3770004,3.111932,13,35624,225880,1665377,5555101,1106407,0.833910
4534,261504,5526264,1781300,3744964,3.102377,13,35877,225627,1659325,5526264,1111036,0.832607
4535,261504,5498085,1777622,3720463,3.092944,13,36305,225199,1654075,5498085,1118215,0.830991
4536,261504,5468774,1774163,3694611,3.082453,13,36556,224948,1645898,5468774,1114818,0.830667
4537,272166,5442058,1770652,3671406,3.073477,14,36913,235253,1639872,5442058,1117430,0.829647
4538,272166,5416528,1767353,3649175,3.064769,13,37027,235139,1633479,5416528,1117388,0.828986
4539,272166,5393146,1764425,3628721,3.056603,13,37469,234697,1627668,5393146,1117526,0.828355
4540,272166,5373881,1761423,3612458,3.050875,13,37764,234402,1623811,5373881,1121363,0.827356
4541,272166,5412295,1756607,3655688,3.081107,14,38365,233801,1636548,5412295,1133897,0.826785
4542,272166,5452590,1751928,3700662,3.112337,14,39067,233099,1649091,5452590,1143774,0.826605
4543,272166,5465875,1747434,3718441,3.127944,13,39427,232739,1652003,5465875,1142137,0.827159
4544,272166,5464563,1743534,3721029,3.134188,13,39686,232480,1649788,5464563,1134589,0.828070
4545,272046,5464786,1740733,3724053,3.139359,14,40190,231856,1650836,5464786,1138558,0.827579
4546,266709,5464390,1738520,3725870,3.143127,13,40511,226198,1651502,5464390,1141618,0.827185
4547,256047,5464061,1736798,3727263,3.146054,13,40958,215089,1652801,5464061,1147143,0.826485
4548,256047,5473173,1735316,3737857,3.153992,14,41568,214479,1657797,5473173,1158015,0.825368
4549,256047,5498198,1734241,3763957,3.170377,13,42319,213728,1667843,5498198,1173174,0.824148
4550,256047,5532358,1733629,3798729,3.191201,14,43179,212868,1679681,5532358,1186366,0.823424
4551,256047,5563173,1740229,3822944,3.196805,13,43687,212360,1691082,5563173,1201155,0.822428
4552,256047,5598771,1747159,3851612,3.204500,13,44099,211948,1703065,5598771,1213489,0.821867
4553,256047,5638880,1754380,3884500,3.214173,13,44561,211486,1717315,5638880,1230380,0.820886
4554,256047,5683910,1761871,3922039,3.226065,13,45121,210926,1731787,5683910,1243238,0.820527
4555,256047,5725478,1769670,3955808,3.235337,13,45594,210453,1745216,5725478,1255386,0.820168
4556,256047,5767481,1777768,3989713,3.244226,13,46051,209996,1758731,5767481,1267443,0.819836
4557,256047,5825349,1786200,4039149,3.261308,13,46766,209281,1776904,5825349,1282267,0.819593
4558,256047,5884623,1794942,4089681,3.278447,13,47352,208695,1796929,5884623,1303093,0.818706
4559,256047,5929571,1804041,4125530,3.286827,13,47647,208400,1810195,5929571,1311209,0.818913
4560,256047,5974682,1813490,4161192,3.294577,13,47976,208071,1823619,5974682,1319794,0.819069
4561,256047,5961464,1810609,4150855,3.292519,14,48195,207852,1821040,5961464,1322696,0.818415
4562,256047,5948104,1807757,4140347,3.290323,13,48254,207793,1817378,5948104,1321408,0.818226
4563,256047,5935690,1804906,4130784,3.288642,13,48564,207483,1812629,5935690,1314826,0.818658
4564,256047,5924543,1802081,4122462,3.287612,13,48730,207317,1811337,5924543,1320805,0.817703
4565,256047,5913595,1799270,4114325,3.286663,13,48837,207210,1807370,5913595,1315885,0.817983
4566,256047,5902163,1796460,4105703,3.285441,13,48951,207096,1804601,5902163,1316241,0.817655
4567,256047,5890844,1793700,4097144,3.284186,13,48900,207147,1798545,5890844,1303336,0.818835
4568,256047,5880030,1790924,4089106,3.283238,14,49086,206961,1797535,5880030,1310110,0.817791
4569,256047,5869774,1788173,4081601,3.282554,14,49081,206966,1793813,5869774,1305478,0.818058
4570,256047,5860562,1785461,4075101,3.282380,14,49237,206810,1791726,5860562,1306342,0.817726
4571,256047,5855604,1783251,4072353,3.283668,13,49516,206531,1791608,5855604,1310828,0.817088
4572,256047,5848057,1781078,4066979,3.283437,13,49812,206235,1789121,5848057,1308427,0.817169
4573,256047,5841817,1778895,4062922,3.283958,14,50152,205895,1788770,5841817,1313263,0.816457
4574,256047,5835578,1776722,4058856,3.284463,15,50384,205663,1788468,5835578,1318294,0.815723
4575,256047,5827710,1774555,4053155,3.284040,14,50574,205473,1786957,5827710,1320118,0.815312
4576,256047,5819721,1772384,4047337,3.283555,15,50854,205193,1784876,5819721,1319783,0.815144
4577,261384,5812131,1770237,4041894,3.283250,15,51039,210345,1784499,5812131,1325865,0.814252
4578,261384,5806043,1768098,4037945,3.283779,16,51492,209892,1784097,5806043,1330345,0.813583
4579,261384,5800926,1765980,4034946,3.284820,15,51653,209731,1784212,5800926,1335922,0.812813
4580,261384,5796596,1763843,4032753,3.286345,15,52124,209260,1785079,5796596,1343720,0.811812
4581,261384,5869378,1775336,4094042,3.306066,14,52593,208791,1810117,5869378,1371090,0.810635
4582,261384,5949153,1787434,4161719,3.328320,15,53164,208220,1834145,5949153,1387427,0.810889
4583,256047,6007901,1800170,4207731,3.337408,14,53883,202164,1855335,6007901,1413439,0.809544
4584,256047,6061065,1813555,4247510,3.342091,15,54481,201566,1874077,6061065,1435243,0.808540
4585,255242,6105370,1827655,4277715,3.340548,14,55174,200068,1891371,6105370,1460114,0.807003
4586,252459,6141672,1842496,4299176,3.333343,15,55894,196565,1904470,6141672,1476208,0.806218
4587,207679,6177002,1858098,4318904,3.324368,15,56393,151286,1915955,6177002,1486818,0.805995
4588,207679,6205442,1874413,4331029,3.310606,14,57170,150509,1927858,6205442,1505990,0.804707
4589,207679,6229325,1891560,4337765,3.293221,13,57676,150003,1938083,6229325,1523007,0.803542
4590,207679,6250631,1909638,4340993,3.273202,13,58090,149589,1946691,6250631,1536133,0.802725
4591,207679,6257715,1919169,4338546,3.260638,13,58482,149197,1951649,6257715,1548881,0.801593
4592,207679,6267814,1929238,4338576,3.248855,13,58923,148756,1954083,6267814,1548518,0.801887
4593,207679,6280247,1939757,4340490,3.237646,13,58816,148863,1958537,6280247,1553901,0.801650
4594,207679,6296373,1950731,4345642,3.227699,13,58330,149349,1965031,6296373,1563751,0.801053
4595,207679,6301875,1962119,4339756,3.211770,13,58309,149370,1969115,6301875,1574585,0.800090
4596,207679,6293322,1968913,4324409,3.196343,13,57821,149858,1966977,6293322,1574586,0.799872
4597,207679,6250421,1953915,4296506,3.198922,13,56541,151138,1955202,6250421,1570387,0.799204
4598,218620,6204514,1937035,4267479,3.203099,13,54433,164187,1939356,6204514,1552910,0.799816
4599,218680,6160349,1921774,4238575,3.205553,12,53936,164744,1925871,6160349,1543135,0.799683
4600,218680,6131996,1908175,4223821,3.213540,13,53615,165065,1915424,6131996,1529700,0.800344
4601,218680,6108553,1900401,4208152,3.214349,13,53600,165080,1907352,6108553,1520855,0.800659
4602,218680,6081817,1892337,4189480,3.213919,13,53329,165351,1899623,6081817,1516675,0.800398
4603,218680,6052409,1883894,4168515,3.212712,13,53082,165598,1890630,6052409,1510111,0.800316
4604,218680,6019120,1875109,4144011,3.210011,13,52489,166191,1879596,6019120,1499264,0.800587
4605,212742,5979842,1865644,4114198,3.205243,13,51966,160776,1868100,5979842,1492558,0.800257
4606,213773,5940686,1854757,4085929,3.202946,13,51538,162235,1856374,5940686,1484810,0.800039
4607,213773,5896734,1842399,4054335,3.200574,13,50797,162976,1841703,5896734,1470078,0.800446
4608,213773,5849339,1829142,4020197,3.197859,13,50242,163531,1828423,5849339,1464353,0.799779
4609,213773,5796851,1814579,3982272,3.194598,13,49751,164022,1812301,5796851,1452353,0.799653
4610,211277,5738288,1797930,3940358,3.191608,14,49008,162269,1795136,5738288,1442256,0.799144
4611,211277,5692402,1785847,3906555,3.187508,13,48827,162450,1780992,5692402,1431566,0.799049
4612,211277,5645276,1773491,3871785,3.183143,13,48533,162744,1767136,5645276,1423268,0.798648
4613,211277,5595331,1760925,3834406,3.177495,13,48240,163037,1751421,5595331,1410353,0.798684
4614,211277,5543166,1748103,3795063,3.170961,15,48012,163265,1735098,5543166,1397226,0.798682
4615,211277,5490182,1735038,3755144,3.164301,15,47688,163589,1719657,5490182,1388446,0.798151
4616,221249,5436766,1721702,3715064,3.157786,13,47460,173789,1703500,5436766,1377234,0.797882
4617,221249,5383355,1708106,3675249,3.151652,13,47148,174101,1687206,5383355,1365469,0.797673
4618,221249,5329404,1694218,3635186,3.145642,13,46823,174426,1670904,5329404,1354212,0.797383
4619,221249,5275497,1679998,3595499,3.140181,13,46592,174657,1654181,5275497,1341227,0.797297
4620,221249,5220540,1665520,3555020,3.134481,14,46299,174950,1637227,5220540,1328368,0.797162
4621,221249,5173964,1650656,3523308,3.134490,14,46105,175144,1622457,5173964,1315864,0.797242
4622,221249,5131991,1637850,3494141,3.133371,14,45585,175664,1608715,5131991,1302869,0.797530
4623,221249,5082957,1624224,3458733,3.129468,13,45128,176121,1592522,5082957,1287131,0.797941
4624,221249,5030766,1609585,3421181,3.125505,15,44574,176675,1575519,5030766,1271310,0.798271
4625,221249,4979475,1595350,3384125,3.121243,14,43981,177268,1558011,4979475,1252569,0.799012
4626,221249,4927184,1580250,3346934,3.117978,13,43457,177792,1539910,4927184,1232456,0.799914
4627,221249,4871888,1564234,3307654,3.114552,13,42701,178548,1521884,4871888,1215648,0.800305
4628,221249,4812521,1547331,3265190,3.110208,13,41942,179307,1501977,4812521,1195387,0.801031
4629,221249,4752938,1529382,3223556,3.107751,14,41375,179874,1482813,4752938,1178314,0.801338
4630,221249,4691869,1510303,3181566,3.106575,14,40629,180620,1462050,4691869,1156331,0.802276
4631,221249,4656260,1498438,3157822,3.107409,14,40508,180741,1451667,4656260,1150408,0.801882
4632,221249,4621455,1485973,3135482,3.110053,14,40574,180675,1440428,4621455,1140257,0.802098
4633,221249,4586068,1473500,3112568,3.112364,14,40465,180784,1429623,4586068,1132424,0.801972
4634,221249,4550908,1461165,3089743,3.114575,14,40543,180706,1418700,4550908,1123892,0.801950
4635,221249,4518140,1448920,3069220,3.118281,14,40473,180776,1409297,4518140,1119048,0.801488
4636,221249,4486095,1436762,3049333,3.122365,15,40346,180903,1399828,4486095,1113217,0.801187
4637,221249,4453932,1424659,3029273,3.126314,15,40380,180869,1390326,4453932,1107372,0.800879
4638,221249,4423311,1412595,3010716,3.131337,13,40437,180812,1381629,4423311,1103205,0.800380
4639,221249,4391855,1400808,2991047,3.135230,14,40162,181087,1372590,4391855,1098505,0.799921
4640,221249,4360083,1388899,2971184,3.139237,14,40128,181121,1363376,4360083,1093421,0.799501
4641,221249,4360042,1387251,2972791,3.142937,14,40160,181089,1364066,4360042,1096222,0.799089
4642,221249,4358833,1385660,2973173,3.145673,14,40402,180847,1364773,4358833,1100259,0.798454
4643,221249,4358058,1383954,2974104,3.148991,13,40641,180608,1367012,4358058,1109990,0.797004
4644,223745,4361292,1382346,2978946,3.154993,13,41001,182744,1369081,4361292,1115032,0.796390
4645,223745,4361111,1380969,2980142,3.158008,13,42483,181262,1372999,4361111,1130885,0.794085
4646,223745,4361728,1379675,2982053,3.161417,13,43788,179957,1375113,4361728,1138724,0.792976
4647,229683,4363708,1378134,2985574,3.166389,13,44954,184729,1379508,4363708,1154324,0.790809
4648,229683,4364282,1376659,2987623,3.170198,13,46324,183359,1382036,4364282,1163862,0.789466
4649,229683,4364408,1375349,2989059,3.173309,13,47637,182046,1385715,4364408,1178452,0.787393
4650,229683,4364775,1374165,2990610,3.176311,14,48770,180913,1387877,4364775,1186733,0.786232
4651,229683,4401800,1382675,3019125,3.183539,13,50584,179099,1402778,4401800,1209312,0.784479
4652,229683,4445166,1391309,3053857,3.194952,13,52244,177439,1420160,4445166,1235474,0.782511
4653,229683,4495070,1400809,3094261,3.208910,14,54006,175677,1439241,4495070,1261894,0.780806
4654,229683,4548596,1414758,3133838,3.215105,15,55801,173882,1459231,4548596,1288328,0.779280
4655,229683,4600707,1428732,3171975,3.220133,15,56954,172729,1478871,4600707,1314777,0.777740
4656,229683,4652762,1442759,3210003,3.224906,14,58186,171497,1498449,4652762,1341034,0.776263
4657,233315,4707655,1456511,3251144,3.232145,15,59454,173861,1518584,4707655,1366681,0.775007
4658,233315,4762931,1469213,3293718,3.241825,15,61017,172298,1538456,4762931,1390893,0.773979
4659,233315,4810669,1480851,3329818,3.248584,15,62151,171164,1557137,4810669,1417879,0.772358
4660,233401,4848512,1488598,3359914,3.257100,15,62874,170527,1570764,4848512,1434544,0.771681
4661,233401,4832245,1481144,3351101,3.262509,15,63097,170304,1566868,4832245,1435227,0.771004
4662,233401,5156795,1718053,3438742,3.001534,15,63149,170252,1647626,5156795,1433709,0.782458
4663,233401,5169784,1718366,3451418,3.008546,16,63058,170343,1652042,5169784,1438384,0.782332
4664,233401,5168264,1718781,3449483,3.006936,16,63069,170332,1650841,5168264,1435100,0.782671
4665,233401,5166433,1719298,3447135,3.004967,14,62926,170475,1649944,5166433,1433343,0.782819
4666,233401,5163499,1719947,3443552,3.002127,16,63012,170389,1648110,5163499,1428941,0.783246
4667,233401,5160615,1720718,3439897,2.999106,15,62676,170725,1647207,5160615,1428213,0.783237
4668,233401,5155949,1721621,3434328,2.994822,15,62476,170925,1645648,5155949,1426643,0.783270
4669,233433,5148026,1722656,3425370,2.988424,15,62440,170993,1642721,5148026,1422858,0.783460
4670,233433,5137326,1721634,3415692,2.983983,14,62308,171125,1639579,5137326,1420990,0.783330
4671,233463,5150629,1721542,3429087,2.991869,14,62764,170699,1646120,5150629,1433851,0.782238
4672,236331,5157413,1715361,3442052,3.006605,15,63459,172872,1650980,5157413,1446507,0.780962
4673,236331,5159486,1705557,3453929,3.025103,14,64237,172094,1653734,5159486,1455450,0.779975
4674,236331,5158977,1693509,3465468,3.046324,14,65027,171304,1657715,5158977,1471883,0.778025
4675,236331,5156517,1681109,3475408,3.067331,14,65628,170703,1659363,5156517,1480935,0.776882
4676,236331,5151097,1669368,3481729,3.085657,14,65963,170368,1661203,5151097,1493715,0.775206
4677,236331,5293415,1800213,3493202,2.940438,14,66558,169773,1698990,5293415,1502545,0.778906
4678,241668,5304459,1808924,3495535,2.932384,14,67057,174611,1704090,5304459,1511901,0.778195
4679,241668,5311681,1816615,3495066,2.923944,14,67400,174268,1707115,5311681,1516779,0.777874
4680,241668,5316922,1822767,3494155,2.916951,15,67873,173795,1711092,5316922,1527446,0.776832
4681,241668,5301224,1822829,3478395,2.908240,15,68336,173332,1707628,5301224,1529288,0.776109
4682,283580,5282766,1821545,3461221,2.900157,15,68796,214784,1703368,5282766,1530706,0.775341
4683,286365,5259716,1819171,3440545,2.891271,15,69101,217264,1697124,5259716,1528780,0.774798
4684,287170,5232859,1816077,3416782,2.881408,16,69165,218005,1688627,5232859,1521649,0.774721
4685,287170,5204033,1812046,3391987,2.871910,15,69218,217952,1680042,5204033,1516135,0.774390
4686,287170,5174391,1807021,3367370,2.863492,15,69186,217984,1670925,5174391,1509309,0.774181
4687,287170,5144246,1801277,3342969,2.855888,15,69066,218104,1660504,5144246,1497770,0.774501
4688,287170,5114815,1795396,3319419,2.848851,15,69169,218001,1651657,5114815,1491813,0.774194
4689,288615,5086334,1789520,3296814,2.842290,15,69122,219493,1642388,5086334,1483218,0.774228
4690,288615,5060283,1783878,3276405,2.836675,15,69214,219401,1634903,5060283,1479329,0.773789
4691,288615,5040297,1778939,3261358,2.833316,15,69249,219366,1628760,5040297,1474743,0.773640
4692,288615,5019096,1773893,3245203,2.829424,15,69103,219512,1621164,5019096,1465560,0.773996
4693,288615,4997842,1768666,3229176,2.825769,15,69142,219473,1615135,4997842,1462698,0.773595
4694,288615,4977352,1763279,3214073,2.822782,15,69243,219372,1608478,4977352,1456560,0.773612
4695,288615,4958417,1757654,3200763,2.821043,14,69358,219257,1602338,4958417,1450935,0.773622
4696,288615,4940644,1751447,3189197,2.820893,16,69076,219539,1596552,4940644,1445564,0.773643
4697,288615,4923566,1744733,3178833,2.821960,21,69330,219285,1592137,4923566,1444982,0.773107
4698,288615,4904657,1737239,3167418,2.823248,23,69028,219587,1585754,4904657,1438359,0.773237
4699,288615,4885739,1728530,3157209,2.826528,22,69156,219459,1579950,4885739,1434061,0.773084
4700,288615,4867174,1719325,3147849,2.830863,23,68986,219629,1574942,4867174,1432594,0.772596
4701,299277,4884948,1721485,3163463,2.837636,23,69231,230046,1580888,4884948,1438604,0.772501
4702,299277,4910166,1723861,3186305,2.848354,28,69705,229572,1588896,4910166,1445418,0.772575
4703,299277,4940164,1726457,3213707,2.861446,28,70089,229188,1598336,4940164,1453180,0.772704
4704,299277,4960111,1724423,3235688,2.876389,28,70200,229077,1604356,4960111,1457313,0.772913
4705,299469,4969847,1722584,3247263,2.885112,28,70476,228993,1607648,4969847,1460745,0.772844
4706,299533,4982079,1720925,3261154,2.895001,28,70928,228605,1613024,4982079,1470017,0.772164
4707,299609,4994993,1719622,3275371,2.904704,29,71632,227977,1617442,4994993,1474775,0.772051
4708,319698,5014445,1718525,3295920,2.917877,28,72101,247597,1624766,5014445,1484619,0.771564
4709,319698,5040874,1717692,3323182,2.934679,28,73113,246585,1634521,5040874,1497210,0.771002
4710,319878,5073025,1717114,3355911,2.954390,29,74739,245139,1645661,5073025,1509619,0.770667
4711,319698,4955633,1728629,3227004,2.866800,29,73175,246523,1609539,4955633,1482523,0.769729
4712,317829,4869944,1742444,3127500,2.794893,30,71729,246100,1583929,4869944,1465772,0.768649
4713,317709,4821359,1759376,3061983,2.740380,20,70571,247138,1570714,4821359,1461497,0.767383
4714,317685,4867191,1773196,3093995,2.744869,20,70002,247683,1587260,4867191,1481849,0.766603
4715,299489,4893719,1773286,3120433,2.759690,20,67265,232224,1589682,4893719,1465009,0.769607
4716,299349,4876580,1763036,3113544,2.766013,20,62310,237039,1574187,4876580,1420168,0.774460
4717,299277,4783743,1751446,3032297,2.731311,21,56797,242480,1530281,4783743,1337381,0.781514
4718,293940,4646273,1740765,2905508,2.669098,22,50936,243004,1471016,4646273,1237791,0.789637
4719,293940,4468108,1731044,2737064,2.581164,22,45729,248211,1402920,4468108,1143572,0.796216
4720,283278,4303188,1722156,2581032,2.498721,22,41432,241846,1342694,4303188,1067588,0.801223
4721,256881,4250868,1716673,2534195,2.476225,22,40471,216410,1324768,4250868,1048204,0.802191
4722,240625,4203142,1711314,2491828,2.456090,22,39481,201144,1308297,4203142,1030046,0.803170
4723,240625,4160612,1706089,2454523,2.438684,22,38076,202549,1292889,4160612,1010944,0.804518
4724,240625,4121875,1701016,2420859,2.423184,23,36576,204049,1278356,4121875,991549,0.806089
4725,241380,4086161,1696062,2390099,2.409205,23,35136,206244,1264487,4086161,971787,0.807869
4726,240575,4049014,1691245,2357769,2.394103,23,33623,206952,1249512,4049014,949034,0.810119
4727,241811,4010191,1686553,2323638,2.377744,23,32073,209738,1233474,4010191,923705,0.812784
4728,241811,3971789,1681991,2289798,2.361362,23,30889,210922,1217029,3971789,896327,0.815878
4729,241811,3933207,1677559,2255648,2.344601,24,29500,212311,1201182,3933207,871521,0.818612
4730,241811,3892720,1673261,2219459,2.326427,24,28386,213425,1184986,3892720,847224,0.821259
4731,285271,4159440,1684466,2474974,2.469293,23,41386,243885,1300718,4159440,1043432,0.799451
4732,301342,4561035,1701772,2859263,2.680168,23,54551,246791,1457740,4561035,1269925,0.782210
4733,319702,4736852,1723235,3013617,2.748814,23,70047,249655,1550534,4736852,1465284,0.763745
4734,339887,4859276,1691287,3167989,2.873123,28,76475,263412,1597007,4859276,1528752,0.760685
4735,343805,5213526,1654594,3558932,3.150940,29,83058,260747,1718409,5213526,1660110,0.758482
4736,343048,5560554,1647885,3912669,3.374358,28,89579,253469,1840423,5560554,1801138,0.755336
4737,345550,5966764,1677718,4289046,3.556476,29,98282,247268,1990440,5966764,1994996,0.749428
4738,346345,6348347,1704062,4644285,3.725420,35,105933,240412,2132740,6348347,2182613,0.744154
4739,346345,6390706,1692559,4698147,3.775766,35,109124,237221,2160763,6390706,2252346,0.739404
4740,369759,6095236,1616148,4479088,3.771459,36,110582,259177,2079775,6095236,2223864,0.732680
4741,373649,6012719,1595972,4416747,3.767434,34,110982,262667,2056676,6012719,2213985,0.730878
4742,417288,5944336,1576868,4367468,3.769711,34,112860,304428,2040241,5944336,2216628,0.728386
4743,444595,5887513,1561182,4326331,3.771189,33,114532,330063,2027565,5887513,2222747,0.725934
4744,446415,5834137,1549072,4285065,3.766214,35,115992,330423,2016339,5834137,2231219,0.723358
4745,457841,5785118,1540538,4244580,3.755258,34,116820,341021,2004476,5785118,2232786,0.721525
4746,479428,5753677,1535848,4217829,3.746254,34,118809,360619,2001171,5753677,2251007,0.718789
4747,511049,5742022,1535348,4206674,3.739883,33,121563,389486,2004481,5742022,2275902,0.716148
4748,511397,5737113,1535930,4201183,3.735270,33,123483,387914,2007986,5737113,2294831,0.714287
4749,558685,5735773,1536131,4199642,3.733909,32,124233,434452,2010267,5735773,2305295,0.713310
4750,578227,5730970,1535818,4195152,3.731542,32,124978,453249,2009816,5730970,2308294,0.712872
4751,578231,5714778,1533646,4181132,3.726269,32,125060,453171,2005170,5714778,2305902,0.712505
4752,578419,5698781,1531592,4167189,3.720822,32,125414,453005,2000658,5698781,2303851,0.712113
4753,584518,5684529,1529494,4155035,3.716608,31,125420,459098,1995418,5684529,2297143,0.712198
4754,584518,5672423,1527477,4144946,3.713590,32,125690,458828,1992467,5672423,2297445,0.711734
4755,584504,5660294,1525498,4134796,3.710457,30,125753,458751,1990184,5660294,2300442,0.711026
4756,584644,5647342,1523526,4123816,3.706758,31,126370,458274,1985847,5647342,2296046,0.710949
4757,585066,5633900,1521533,4112367,3.702779,31,126797,458269,1983244,5633900,2299076,0.710187
4758,588826,5620831,1519569,4101262,3.698964,30,126873,461953,1978789,5620831,2294325,0.710135
4759,633775,5609332,1517660,4091672,3.696040,31,126922,506853,1975582,5609332,2292996,0.709833
4760,635644,5597815,1515800,4082015,3.692977,30,127298,508346,1972936,5597815,2293929,0.709325
4761,637656,5597942,1516357,4081585,3.691705,31,127391,510265,1972622,5597942,2292546,0.709454
4762,660311,5598658,1516905,4081753,3.690843,32,127501,532810,1972411,5598658,2290986,0.709621
4763,692690,5606845,1517328,4089517,3.695210,30,127732,564958,1975532,5606845,2295283,0.709536
4764,698115,5625453,1517648,4107805,3.706692,30,128978,569137,1982559,5625453,2304783,0.709368
4765,704572,5651336,1517983,4133353,3.722924,30,130612,573960,1991843,5651336,2316036,0.709310
4766,730561,5687612,1518048,4169564,3.746662,30,132803,597758,2005400,5687612,2333988,0.709037
4767,746692,5724364,1518148,4206216,3.770623,31,135002,611690,2021589,5724364,2361992,0.707904
4768,750611,5765508,1518149,4247359,3.797722,30,137127,613484,2036910,5765508,2382132,0.707629
4769,758159,5802701,1518061,4284640,3.822443,31,138728,619431,2050925,5802701,2400999,0.707327
4770,759821,5844928,1517826,4327102,3.850855,30,139820,620001,2066866,5844928,2422536,0.706980
4771,770826,5924492,1520742,4403750,3.895790,30,142233,628593,2094418,5924492,2453180,0.707176
4772,787605,5994838,1523310,4471528,3.935403,32,144041,643564,2119227,5994838,2482070,0.707196
4773,817918,6058710,1525437,4533273,3.971786,32,146145,671773,2140969,6058710,2505166,0.707473
4774,821793,6120291,1526236,4594055,4.010055,31,148412,673381,2164254,6120291,2536725,0.706975
4775,827418,6193041,1526849,4666192,4.056093,31,151622,675796,2191143,6193041,2571531,0.706599
4776,880324,6273251,1526802,4746449,4.108752,34,154720,725604,2220183,6273251,2607481,0.706389
4777,913935,6352717,1527378,4825339,4.159230,36,159169,754766,2249519,6352717,2645359,0.706008
4778,957359,6443135,1527761,4915374,4.217371,34,163093,794266,2284796,6443135,2696049,0.705001
4779,994094,6527373,1527848,4999525,4.272266,47,166572,827522,2315577,6527373,2734935,0.704724
4780,1027585,6605304,1527794,5077510,4.323426,53,170096,857489,2345954,6605304,2778512,0.703904
4781,1037915,6611481,1526171,5085310,4.332071,55,170761,867154,2348702,6611481,2783327,0.703738
4782,1070237,6617993,1524553,5093440,4.340940,55,171236,899001,2351177,6617993,2786715,0.703689
4783,1070755,6623225,1523030,5100195,4.348716,55,172053,898702,2354213,6623225,2793627,0.703337
4784,1076678,6628938,1521452,5107486,4.356981,54,172721,903957,2356121,6628938,2795546,0.703374
4785,1077178,6634102,1519891,5114211,4.364854,52,173120,904058,2358281,6634102,2799022,0.703277
4786,1095446,6640571,1518405,5122166,4.373386,54,173719,921727,2360337,6640571,2800777,0.703350
4787,1103017,6647271,1516901,5130370,4.382139,57,174187,928830,2363393,6647271,2806301,0.703149
4788,1103017,6654586,1515366,5139220,4.391405,53,174840,928177,2366325,6654586,2810714,0.703051
4789,1109251,6661007,1513831,5147176,4.400099,57,175172,934079,2367955,6661007,2810813,0.703245
4790,1109977,6668919,1512378,5156541,4.409558,52,175862,934115,2370918,6668919,2814753,0.703200
4791,1110483,6694532,1510157,5184375,4.433004,54,176715,933768,2379637,6694532,2824016,0.703314
4792,1111091,6719093,1507980,5211113,4.455691,53,177359,933732,2386763,6719093,2827959,0.703787
4793,1140881,6742417,1505843,5236574,4.477503,53,177927,962954,2393790,6742417,2832743,0.704157
4794,1131717,6765090,1503715,5261375,4.498918,54,179387,952330,2402212,6765090,2843758,0.704048
4795,1150785,6788974,1501583,5287391,4.521211,53,180920,969865,2411709,6788974,2857862,0.703751
4796,1163832,6816877,1499422,5317455,4.546337,53,182968,980864,2421701,6816877,2869927,0.703728
4797,1167594,6844136,1497045,5347091,4.571764,50,184558,983036,2431692,6844136,2882632,0.703639
4798,1218145,6871469,1494472,5376997,4.597924,48,185801,1032344,2441695,6871469,2895311,0.703555
4799,1230725,6903601,1491770,5411831,4.627792,68,188846,1041879,2453146,6903601,2908983,0.703546
4800,1246239,6970749,1489285,5481464,4.680601,131,196474,1049765,2483106,6970749,2961675,0.701818
4801,1247859,6989820,1488351,5501469,4.696352,134,198618,1049241,2492401,6989820,2979784,0.701113
4802,1257550,7007217,1487362,5519855,4.711171,136,200847,1056703,2500763,7007217,2995835,0.700508
4803,1258274,7024401,1486497,5537904,4.725473,136,202577,1055697,2507963,7024401,3007451,0.700210
4804,1263900,7036605,1485571,5551034,4.736633,137,204091,1059809,2514522,7036605,3021483,0.699597
4805,1264286,7044837,1484680,5560157,4.745020,133,205012,1059274,2516560,7044837,3021403,0.699848
4806,1271206,7050621,1483821,5566800,4.751665,135,205451,1065755,2519195,7050621,3026159,0.699690
4807,1273378,7053221,1482927,5570294,4.756283,130,206077,1067301,2520522,7053221,3028867,0.699579
4808,1275226,7055873,1482135,5573738,4.760614,132,206441,1068785,2521165,7055873,3028787,0.699664
4809,1281348,7058075,1481186,5576889,4.765151,132,207013,1074335,2521246,7058075,3026909,0.699860
4810,1289597,7060523,1480397,5580126,4.769344,134,207850,1081747,2522994,7060523,3031453,0.699617
4811,1357972,7065828,1476615,5589213,4.785153,136,208188,1149784,2524416,7065828,3031836,0.699749
4812,1425231,7071397,1472702,5598695,4.801648,134,209088,1216143,2526745,7071397,3035583,0.699655
4813,1463669,7078363,1468541,5609822,4.819997,139,210546,1253123,2529547,7078363,3039825,0.699568
4814,1486821,7079829,1464150,5615679,4.835453,140,212204,1274617,2530230,7079829,3041091,0.699524
4815,1497324,7078470,1459406,5619064,4.850240,137,213689,1283635,2529086,7078470,3037874,0.699706
4816,1530169,7073741,1454422,5619319,4.863610,135,214485,1315684,2527385,7073741,3035799,0.699709
4817,1536957,7068848,1449470,5619378,4.876850,136,215714,1321243,2525897,7068848,3034740,0.699637
4818,1572023,7062925,1444238,5618687,4.890416,134,216026,1355997,2523212,7062925,3029923,0.699795
4819,1590277,7056395,1438614,5617781,4.904995,138,216492,1373785,2520808,7056395,3026837,0.699815
4820,1636079,7046979,1433034,5613945,4.917524,138,217088,1418991,2517074,7046979,3021317,0.699918
4821,1663612,7040138,1430648,5609490,4.920944,137,217919,1445693,2515263,7040138,3020914,0.699742
4822,1670656,7031800,1428185,5603615,4.923592,134,218356,1452300,2513579,7031800,3022516,0.699381
4823,1679831,7024176,1425815,5598361,4.926429,132,219346,1460485,2510916,7024176,3019488,0.699364
4824,1698198,7018882,1423436,5595446,4.930943,134,220428,1477770,2510389,7018882,3022674,0.698984
4825,1708552,7019544,1420950,5598594,4.940036,136,222621,1485931,2513576,7019544,3034760,0.698163
4826,1724255,7023908,1418562,5605346,4.951428,137,225193,1499062,2517840,7023908,3047452,0.697414
4827,1731797,7028965,1416127,5612838,4.963513,135,228566,1503231,2524032,7028965,3067163,0.696204
4828,1746012,7032297,1413585,5618712,4.974796,135,230773,1515239,2528693,7032297,3082475,0.695250
4829,1780296,7036446,1411188,5625258,4.986186,136,233861,1546435,2534233,7036446,3100486,0.694140
4830,1791397,7034625,1408714,5625911,4.993650,134,235448,1555949,2536415,7034625,3111035,0.693363
4831,1801646,7029014,1406258,5622756,4.998382,137,236921,1564725,2536438,7029014,3116738,0.692804
4832,1832602,7018462,1403613,5614849,5.000283,135,238370,1594232,2533834,7018462,3116874,0.692475
4833,1840766,7007951,1401080,5606871,5.001821,134,239896,1600870,2531809,7007951,3119285,0.691990
4834,1864393,6996325,1398431,5597894,5.002982,128,241405,1622988,2529731,6996325,3122599,0.691410
4835,1875671,6986712,1395896,5590816,5.005181,127,243332,1632339,2527844,6986712,3124664,0.690975
4836,1882028,6977165,1393297,5583868,5.007665,133,245305,1636723,2526704,6977165,3129651,0.690343
4837,1919370,6967590,1390845,5576745,5.009609,131,247235,1672135,2525111,6967590,3132854,0.689830
4838,1926472,6956939,1388173,5568766,5.011579,133,249187,1677285,2523127,6956939,3135569,0.689317
4839,1935849,6945653,1385647,5560006,5.012570,131,250952,1684897,2520822,6945653,3137635,0.688828
4840,1959135,6931410,1383175,5548235,5.011231,132,252084,1707051,2517024,6931410,3136686,0.688453
4841,1959591,6918961,1380879,5538082,5.010548,129,253041,1706550,2513843,6918961,3136411,0.688086
4842,1959929,6905800,1378730,5527070,5.008812,128,253570,1706359,2510503,6905800,3136212,0.687691
4843,1961031,6893536,1376515,5517021,5.007963,127,254154,1706877,2506872,6893536,3133952,0.687464
4844,1962323,6881205,1374386,5506819,5.006748,127,254899,1707424,2503475,6881205,3132695,0.687165
4845,2047722,6868614,1372164,5496450,5.005680,131,255095,1792627,2499682,6868614,3130114,0.686949
4846,2059182,6857232,1370024,5487208,5.005191,133,255194,1803988,2496806,6857232,3129992,0.686600
4847,2101121,6844392,1367879,5476513,5.003653,130,255577,1845544,2492717,6844392,3126476,0.686439
4848,2115599,6832649,1365655,5466994,5.003203,132,255948,1859651,2488971,6832649,3123235,0.686293
4849,2116991,6820097,1363474,5456623,5.002000,132,256170,1860821,2485379,6820097,3121419,0.686022
4850,2117221,6807282,1361217,5446065,5.000879,130,256479,1860742,2481630,6807282,3119238,0.685767
4851,2119965,6793521,1358876,5434645,4.999368,133,256348,1863617,2477370,6793521,3115959,0.685558
4852,2123139,6779433,1356336,5423097,4.998343,131,256241,1866898,2470947,6779433,3104355,0.685914
4853,2149691,6767719,1354129,5413590,4.997839,129,257300,1892391,2468072,6767719,3104569,0.685527
4854,2148251,6756021,1351770,5404251,4.997907,127,258088,1890163,2464591,6756021,3102343,0.685309
4855,2235013,6742502,1349468,5393034,4.996415,133,257946,1977067,2460474,6742502,3099394,0.685082
4856,2261398,6730845,1347222,5383623,4.996092,125,257891,2003507,2456208,6730845,3093987,0.685085
4857,2263997,6719580,1345061,5374519,4.995744,129,258323,2005674,2452814,6719580,3091676,0.684885
4858,2267628,6706907,1343034,5363873,4.993848,134,258296,2009332,2449136,6706907,3089637,0.684620
4859,2272088,6696915,1341057,5355858,4.993759,127,258718,2013370,2445567,6696915,3085353,0.684597
4860,2278712,6691024,1339289,5351735,4.995952,129,259667,2019045,2445356,6691024,3090400,0.684054
4861,2298341,6717211,1336048,5381163,5.027672,132,265881,2032460,2461396,6717211,3128373,0.682256
4862,2327272,6741117,1332656,5408461,5.058407,127,271328,2055944,2477470,6741117,3168763,0.680242
4863,2375211,6731182,1329582,5401600,5.062630,127,272435,2102776,2474914,6731182,3168474,0.679941
4864,2395471,6740157,1326804,5413353,5.079994,130,277840,2117631,2484694,6740157,3198619,0.678168
4865,2438917,6762089,1324278,5437811,5.106246,131,285414,2153503,2502276,6762089,3247015,0.675594
4866,2463806,6751715,1322396,5429319,5.105668,138,287576,2176230,2501844,6751715,3255661,0.674674
4867,2463557,6746289,1320656,5425633,5.108286,131,291858,2171699,2505256,6746289,3274735,0.673214
4868,2533594,6756451,1319004,5437447,5.122389,129,298237,2235357,2517119,6756451,3312025,0.671050
4869,2554098,6739115,1317284,5421831,5.115917,130,299317,2254781,2514000,6739115,3316885,0.670159
4870,2592098,6713725,1315578,5398147,5.103251,129,299517,2292581,2506449,6713725,3312071,0.669645
4871,2596454,6686362,1313898,5372464,5.088951,127,299184,2297270,2497754,6686362,3304654,0.669237
4872,2604084,6657383,1312230,5345153,5.073335,127,299098,2304986,2487114,6657383,3291073,0.669188
4873,2586727,6627744,1310639,5317105,5.056880,130,298287,2288440,2477780,6627744,3283376,0.668718
4874,2591545,6596441,1308689,5287752,5.040495,133,298087,2293458,2468101,6596441,3275963,0.668170
4875,2597189,6566646,1306487,5260159,5.026185,128,298075,2299114,2458118,6566646,3265826,0.667853
4876,2607478,6544380,1304063,5240317,5.018454,123,298629,2308849,2452530,6544380,3265740,0.667105
4877,2612257,6528396,1301583,5226813,5.015735,128,299340,2312917,2448665,6528396,3266264,0.666526
4878,2615061,6520065,1299458,5220607,5.017527,127,301683,2313378,2449212,6520065,3276783,0.665527
4879,2624441,6514230,1297378,5216852,5.021073,129,303902,2320539,2452087,6514230,3294118,0.664152
4880,2625091,6512701,1295646,5217055,5.026605,129,307527,2317564,2456304,6512701,3312515,0.662856
4881,2625341,6505806,1294064,5211742,5.027422,127,308957,2316384,2457116,6505806,3322658,0.661935
4882,2626025,6498608,1292502,5206106,5.027929,132,310356,2315669,2456627,6498608,3327900,0.661334
4883,2626481,6493288,1291032,5202256,5.029533,131,312163,2314318,2457646,6493288,3337296,0.660519
4884,2627019,6485834,1289468,5196366,5.029853,136,313590,2313429,2456590,6485834,3340526,0.660044
4885,2627249,6481194,1287686,5193508,5.033210,135,315440,2311809,2458888,6481194,3354358,0.658956
4886,2629281,6474924,1285643,5189281,5.036331,132,316550,2312731,2458136,6474924,3357620,0.658520
4887,2631473,6466015,1283412,5182603,5.038144,130,316991,2314482,2457069,6466015,3362261,0.657899
4888,2636999,6454686,1281104,5173582,5.038378,128,316537,2320462,2452930,6454686,3357034,0.657855
4889,2638757,6438913,1278855,5160058,5.034905,131,316390,2322367,2447932,6438913,3352815,0.657587
4890,2640303,6419358,1276655,5142703,5.028264,126,316231,2324072,2439728,6419358,3339554,0.657794
4891,2637094,6395831,1274383,5121448,5.018767,130,316132,2320962,2431060,6395831,3328409,0.657720
4892,2637094,6373303,1272198,5101105,5.009679,127,315474,2321620,2423141,6373303,3319261,0.657546
4893,2637094,6348074,1269907,5078167,4.998850,129,314906,2322188,2413877,6348074,3307434,0.657456
4894,2634334,6324435,1267642,5056793,4.989133,134,313661,2320673,2403414,6324435,3289221,0.657860
4895,2634334,6301764,1265484,5036280,4.979726,129,313126,2321208,2393917,6301764,3273904,0.658102
4896,2634332,6279468,1263284,5016184,4.970749,130,313087,2321245,2385019,6279468,3260608,0.658220
4897,2631516,6254611,1260855,4993756,4.960611,127,311485,2320031,2374214,6254611,3242245,0.658598
4898,2631362,6231967,1258492,4973475,4.951932,128,310787,2320575,2364914,6231967,3227689,0.658794
4899,2567030,6209156,1256135,4953021,4.943064,128,310196,2256834,2355557,6209156,3213072,0.658990
4900,2567030,6186984,1253651,4933333,4.935173,133,309573,2257457,2347445,6186984,3202796,0.658906
4901,2564230,6159229,1252470,4906759,4.917666,128,308008,2256222,2335585,6159229,3183111,0.659281
4902,2560492,6125489,1251086,4874403,4.896137,128,306522,2253970,2322337,6125489,3163859,0.659410
4903,2477154,6084099,1249416,4834683,4.869554,126,305687,2171467,2308043,6084099,3148073,0.659011
4904,2477154,6033447,1246671,4786776,4.839647,133,304198,2172956,2288427,6033447,3120261,0.659126
4905,2458958,5978814,1240701,4738113,4.818900,126,302935,2156023,2267644,5978814,3091762,0.659144
4906,2458958,5920954,1233939,4687015,4.798417,130,301364,2157594,2247470,5920954,3068926,0.658624
4907,2458834,5863758,1227320,4636438,4.777693,135,300135,2158699,2225115,5863758,3036702,0.658815
4908,2458834,5806749,1220709,4586040,4.756866,131,298194,2160640,2203142,5806749,3005819,0.658917
4909,2457272,5745114,1214143,4530971,4.731826,128,296159,2161113,2179134,5745114,2971422,0.659105
4910,2457272,5685776,1208114,4477662,4.706324,128,294064,2163208,2156736,5685776,2941168,0.659072
4911,2457272,5649371,1204144,4445227,4.691607,129,292970,2164302,2143247,5649371,2923617,0.658973
4912,2439052,5614021,1200426,4413595,4.676691,129,292011,2147041,2129859,5614021,2905415,0.658966
4913,2439052,5579639,1196613,4383026,4.662860,132,291015,2148037,2117817,5579639,2891629,0.658655
4914,2439052,5545931,1192933,4352998,4.648988,126,290419,2148633,2105359,5545931,2875505,0.658549
4915,2439052,5511607,1189244,4322363,4.634547,129,289331,2149721,2091352,5511607,2853801,0.658857
4916,2439052,5479764,1185654,4294110,4.621723,126,288519,2150533,2080259,5479764,2841272,0.658543
4917,2439052,5446560,1182075,4264485,4.607626,131,286906,2152146,2067660,5446560,2824080,0.658542
4918,2439052,5415697,1178586,4237111,4.595080,126,286804,2152248,2057174,5415697,2812999,0.658148
4919,2438976,5383103,1175196,4207907,4.580600,125,285230,2153746,2044254,5383103,2793913,0.658321
4920,2438976,5352169,1171701,4180468,4.567862,128,284335,2154641,2032380,5352169,2777351,0.658362
4921,2438912,5327876,1167833,4160043,4.562190,123,284041,2154871,2024380,5327876,2769644,0.657964
4922,2438912,5303179,1163882,4139297,4.556458,125,283404,2155508,2015415,5303179,2758481,0.657827
4923,2438912,5277735,1159887,4117848,4.550215,128,282653,2156259,2006343,5277735,2747637,0.657631
4924,2438840,5253026,1155773,4097253,4.545033,124,282285,2156555,1997614,5253026,2737430,0.657413
4925,2438840,5227827,1151428,4076399,4.540299,135,282030,2156810,1989109,5227827,2728609,0.657056
4926,2438840,5202208,1146939,4055269,4.535732,130,281309,2157531,1980646,5202208,2720376,0.656630
4927,2438840,5176312,1142259,4034053,4.531645,125,280366,2158474,1970632,5176312,2706216,0.656682
4928,2436971,5150856,1137383,4013473,4.528691,124,280124,2156847,1962579,5150856,2699460,0.656134
4929,2435363,5124651,1132306,3992345,4.525853,130,278928,2156435,1952357,5124651,2684777,0.656213
4930,2435363,5100244,1127105,3973139,4.525083,124,279214,2156149,1944359,5100244,2677192,0.655774
4931,2435363,5083677,1124070,3959607,4.522563,122,278206,2157157,1938394,5083677,2669899,0.655656
4932,2435363,5068840,1121034,3947806,4.521576,128,278148,2157215,1933115,5068840,2663620,0.655527
4933,2435363,5054859,1117959,3936900,4.521507,126,277898,2157465,1928637,5054859,2659689,0.655237
4934,2435363,5039860,1114898,3924962,4.520467,123,277545,2157818,1923808,5039860,2655372,0.654933
4935,2435363,5025570,1111838,3913732,4.520056,123,277795,2157568,1918967,5025570,2650298,0.654723
4936,2435363,5010783,1108863,3901920,4.518848,122,277388,2157975,1914723,5010783,2648109,0.654244
4937,2435363,4995627,1105797,3889830,4.517671,128,277249,2158114,1909083,4995627,2640705,0.654192
4938,2435363,4980936,1102823,3878113,4.516533,123,276309,2159054,1903829,4980936,2634380,0.654068
4939,2435363,4966262,1099803,3866459,4.515592,128,276676,2158687,1899322,4966262,2631026,0.653689
4940,2435363,4952395,1096776,3855619,4.515412,126,276190,2159173,1895014,4952395,2627661,0.653345
4941,2435363,4937032,1093810,3843222,4.513610,128,275776,2159587,1889144,4937032,2619544,0.653342
4942,2435363,4923157,1090798,3832359,4.513354,129,275634,2159729,1884831,4923157,2616167,0.652997
4943,2435363,4909070,1087871,3821199,4.512548,126,275630,2159733,1880648,4909070,2613522,0.652577
4944,2435363,4894072,1084895,3809177,4.511102,124,274877,2160486,1875286,4894072,2607072,0.652443
4945,2435363,4880646,1081956,3798690,4.510947,123,275180,2160183,1871025,4880646,2603454,0.652135
4946,2435363,4864986,1079000,3785986,4.508791,127,274325,2161038,1864794,4864986,2594190,0.652215
4947,2435363,4853142,1076115,3777027,4.509873,122,274476,2160887,1861380,4853142,2592378,0.651820
4948,2435363,4838734,1073194,3765540,4.508723,121,274406,2160957,1856560,4838734,2587506,0.651573
4949,2435363,4824614,1070305,3754309,4.507700,123,274065,2161298,1852116,4824614,2583850,0.651230
4950,2435363,4810823,1067419,3743404,4.506968,121,273893,2161470,1848005,4810823,2581197,0.650813
4951,2435363,4787571,1063047,3724524,4.503631,124,273024,2162339,1838412,4787571,2566077,0.651047
4952,2435363,4765162,1058682,3706480,4.501032,124,272689,2162674,1830715,4765162,2557698,0.650724
4953,2424701,4742309,1054360,3687949,4.497808,121,271956,2152745,1822076,4742309,2545995,0.650674
4954,2424701,4719520,1050071,3669449,4.494477,122,271670,2153031,1813341,4719520,2533844,0.650666
4955,2424701,4697853,1045854,3651999,4.491882,124,270627,2154074,1806673,4697853,2528839,0.650070
4956,2424701,4674874,1041673,3633201,4.487852,123,269613,2155088,1797933,4674874,2516858,0.650035
4957,2424701,4653147,1037516,3615631,4.484892,125,269157,2155544,1790302,4653147,2508061,0.649771
4958,2424701,4630460,1033417,3597043,4.480728,122,268691,2156010,1782071,4630460,2497824,0.649590
4959,2424701,4609347,1029351,3579996,4.477916,122,268483,2156218,1775282,4609347,2491781,0.649101
4960,2424701,4587463,1025326,3562137,4.474151,122,267535,2157166,1765808,4587463,2475769,0.649485
4961,2424701,4571490,1022841,3548649,4.469404,126,267247,2157454,1760753,4571490,2471522,0.649082
4962,2424701,4556171,1020307,3535864,4.465490,122,266770,2157931,1754873,4556171,2463321,0.649074
4963,2424701,4540961,1017831,3523130,4.461410,124,265850,2158851,1748985,4540961,2454979,0.649085
4964,2424701,4525594,1015397,3510197,4.456970,124,266180,2158521,1743959,4525594,2450242,0.648753
4965,2424701,4511800,1012950,3498850,4.454119,122,265127,2159574,1738721,4511800,2443084,0.648724
4966,2424701,4497272,1010554,3486718,4.450303,124,264903,2159798,1733023,4497272,2434820,0.648761
4967,2424701,4481962,1008203,3473759,4.445496,128,264090,2160611,1726808,4481962,2425270,0.648880
4968,2424701,4468299,1005952,3462347,4.441861,124,263815,2160886,1723104,4468299,2424117,0.648292
4969,2424701,4454186,1003695,3450491,4.437788,124,263646,2161055,1717969,4454186,2417690,0.648176
4970,2426309,4439253,1001460,3437793,4.432781,123,263057,2163252,1712286,4439253,2409891,0.648147
4971,2426309,4432897,1000399,3432498,4.431129,128,263007,2163302,1709959,4432897,2406939,0.648100
4972,2426309,4427388,999359,3428029,4.430228,121,262947,2163362,1708397,4427388,2406200,0.647886
4973,2436971,4420914,998311,3422603,4.428394,124,262993,2173978,1705802,4420914,2402294,0.647923
4974,2436971,4413859,997258,3416601,4.425995,122,263040,2173931,1704138,4413859,2402693,0.647521
4975,2438840,4406913,996205,3410708,4.423701,119,262668,2176172,1700845,4406913,2396467,0.647753
4976,2438840,4401423,995117,3406306,4.423021,120,262711,2176129,1699294,4401423,2395753,0.647537
4977,2438840,4394677,994054,3400623,4.420964,121,262685,2176155,1696712,4394677,2392171,0.647528
4978,2438840,4387557,992976,3394581,4.418593,133,262634,2176206,1694979,4387557,2392359,0.647140
4979,2438840,4380147,991949,3388198,4.415698,126,262017,2176823,1691932,4380147,2387581,0.647211
4980,2438840,4373744,990889,3382855,4.413960,124,261875,2176965,1690751,4373744,2389260,0.646716
4981,2438840,4375943,991193,3384750,4.414824,121,262243,2176597,1691984,4375943,2391993,0.646570
4982,2438840,4377794,991540,3386254,4.415146,124,262750,2176090,1693150,4377794,2394806,0.646398
4983,2438912,4379891,991919,3387972,4.415573,125,262905,2176007,1694572,4379891,2398397,0.646165
4984,2438912,4382592,992324,3390268,4.416493,121,263812,2175100,1696465,4382592,2403268,0.645842
4985,2438976,4384421,992740,3391681,4.416485,122,263995,2174981,1697652,4384421,2406187,0.645660
4986,2439206,4385723,993131,3392592,4.416057,126,264729,2174477,1699174,4385723,2410973,0.645273
4987,2440614,4386340,993549,3392791,4.414820,120,264681,2175933,1699203,4386340,2410472,0.645353
4988,2440616,4387713,993994,3393719,4.414225,125,264820,2175796,1700288,4387713,2413439,0.645143
4989,2440618,4389377,994456,3394921,4.413847,126,265530,2175088,1701576,4389377,2416927,0.644899
4990,2458838,4389125,994886,3394239,4.411686,122,265330,2193508,1703168,4389125,2423547,0.644259
4991,2458838,4384612,994300,3390312,4.409748,119,265170,2193668,1701408,4384612,2421020,0.644262
4992,2458838,4379634,993703,3385931,4.407387,124,265529,2193309,1699389,4379634,2417922,0.644295
4993,2458838,4373935,993107,3380828,4.404294,125,265463,2193375,1697758,4373935,2417097,0.644075
4994,2458838,4367753,992477,3375276,4.400861,123,264956,2193882,1695575,4367753,2414547,0.643993
4995,2458838,4363879,991861,3372018,4.399688,120,265372,2193466,1694419,4363879,2413797,0.643861
4996,2458992,4359410,991239,3368171,4.397940,120,265644,2193348,1693824,4359410,2415886,0.643427
4997,2458992,4355721,990617,3365104,4.396978,121,265897,2193095,1693467,4355721,2418147,0.643018
4998,2458992,4350692,990003,3360689,4.394625,123,265718,2193274,1690742,4350692,2412276,0.643311
4999,2458994,4346309,989406,3356903,4.392847,125,265822,2193172,1689878,4346309,2413203,0.642992
5000,2477190,4340308,988794,3351514,4.389497,124,265657,2211533,1687717,4340308,2410560,0.642926
5001,2477190,4333533,987667,3345866,4.387646,120,265511,2211679,1685205,4333533,2407287,0.642879
5002,2477190,4326851,986528,3340323,4.385938,124,265633,2211557,1682869,4326851,2404625,0.642779
5003,2477190,4318839,985403,3333436,4.382815,126,265273,2211917,1680507,4318839,2403189,0.642490
5004,2477190,4311938,984315,3327623,4.380648,123,265655,2211535,1678013,4311938,2400114,0.642417
5005,2477190,4304053,983218,3320835,4.377516,122,264973,2212217,1676188,4304053,2400699,0.641941
5006,2477310,4297346,982119,3315227,4.375586,126,265266,2212044,1673933,4297346,2398386,0.641804
5007,2477310,4289869,981038,3308831,4.372786,120,264972,2212338,1671064,4289869,2394387,0.641787
5008,2477464,4283444,979878,3303566,4.371405,120,265409,2212055,1669187,4283444,2393304,0.641546
5009,2477464,4275164,978771,3296393,4.367890,124,264960,2212504,1666536,4275164,2390980,0.641325
5010,2477466,4268162,977645,3290517,4.365759,123,264743,2212723,1663129,4268162,2384354,0.641586
5011,2477466,4273134,979132,3294002,4.364206,121,265910,2211556,1665829,4273134,2390182,0.641292
5012,2477466,4278288,980597,3297691,4.362942,122,266300,2211166,1668864,4278288,2397168,0.640898
5013,2477466,4285028,982107,3302921,4.363097,122,266515,2210951,1671605,4285028,2401392,0.640855
5014,2477466,4291611,983649,3307962,4.362950,127,267101,2210365,1674987,4291611,2408337,0.640544
5015,2479335,4298748,985163,3313585,4.363489,127,267360,2211975,1678001,4298748,2413256,0.640457
5016,2481204,4306805,986767,3320038,4.364561,124,268217,2212987,1683504,4306805,2427211,0.639560
5017,2481204,4314241,988401,3325840,4.364869,121,268984,2212220,1685766,4314241,2428823,0.639804
5018,2481204,4318806,990054,3328752,4.362192,122,269225,2211979,1688845,4318806,2436574,0.639314
5019,2481384,4323505,991732,3331773,4.359550,124,269853,2211531,1691836,4323505,2443839,0.638878
5020,2481384,4330285,993410,3336875,4.359011,125,270290,2211094,1695215,4330285,2450575,0.638604
5021,2503939,4355631,999513,3356118,4.357753,125,271909,2232030,1706123,4355631,2468861,0.638235
5022,2503939,4378689,1005752,3372937,4.353647,124,273377,2230562,1716264,4378689,2486367,0.637823
5023,2505808,4405115,1012245,3392870,4.351827,124,274866,2230942,1727385,4405115,2504425,0.637541
5024,2509061,4428782,1019121,3409661,4.345688,125,276278,2232783,1738218,4428782,2524090,0.636972
5025,2509856,4456536,1026049,3430487,4.343395,127,278280,2231576,1750638,4456536,2546016,0.636416
5026,2511725,4488038,1033067,3454971,4.344382,127,279885,2231840,1764554,4488038,2570178,0.635860
5027,2511725,4520945,1040317,3480628,4.345738,129,281908,2229817,1778847,4520945,2594443,0.635376
5028,2511725,4555320,1047926,3507394,4.346986,123,284673,2227052,1794521,4555320,2622764,0.634615
5029,2511725,4595970,1055684,3540286,4.353547,123,288139,2223586,1813230,4595970,2656950,0.633672
5030,2513594,4642910,1063542,3579368,4.365516,124,290873,2222721,1834253,4642910,2694102,0.632807
5031,2513594,4642722,1063367,3579355,4.366058,129,291562,2222032,1834557,4642722,2695506,0.632676
5032,2513594,4642703,1063189,3579514,4.366771,125,291809,2221785,1835529,4642703,2699413,0.632339
5033,2515559,4643882,1062954,3580928,4.368846,124,292374,2223185,1836647,4643882,2702706,0.632114
5034,2515559,4645006,1062773,3582233,4.370647,124,293349,2222210,1838871,4645006,2710478,0.631502
5035,2515559,4645441,1062599,3582842,4.371772,132,293761,2221798,1839745,4645441,2713539,0.631262
5036,2515559,4645989,1062437,3583552,4.372955,124,294183,2221376,1840774,4645989,2717107,0.630983
5037,2515559,4645400,1062286,3583114,4.373022,124,294537,2221022,1841359,4645400,2720036,0.630703
5038,2515559,4644957,1062073,3582884,4.373482,127,295170,2220389,1841867,4644957,2722511,0.630469
5039,2515559,4645039,1061891,3583148,4.374309,128,295238,2220321,1842855,4645039,2726381,0.630142
5040,2515559,4643654,1061701,3581953,4.373787,125,295739,2219820,1842662,4643654,2726994,0.630020
5041,2515559,4638557,1060390,3578167,4.374388,129,295985,2219574,1842278,4638557,2730555,0.629459
5042,2515559,4632259,1059132,3573127,4.373637,129,295797,2219762,1839959,4632259,2727577,0.629397
5043,2515559,4625958,1057822,3568136,4.373097,126,295790,2219769,1838591,4625958,2728406,0.629009
5044,2515559,4619986,1056508,3563478,4.372883,124,295436,2220123,1835438,4619986,2721766,0.629276
5045,2515559,4613963,1055231,3558732,4.372467,126,295790,2219769,1833683,4613963,2720769,0.629057
5046,2515559,4607292,1053888,3553404,4.371709,122,295524,2220035,1832072,4607292,2720996,0.628700
5047,2515559,4600955,1052607,3548348,4.371009,122,296240,2219319,1830708,4600955,2721877,0.628303
5048,2515559,4593854,1051347,3542507,4.369494,124,295715,2219844,1827594,4593854,2716522,0.628402
5049,2516723,4586862,1050052,3536810,4.368224,127,295305,2221418,1825080,4586862,2713458,0.628310
5050,2516723,4580982,1048761,3532221,4.367994,125,295150,2221573,1822883,4580982,2710550,0.628261
5051,2516731,4630026,1056424,3573602,4.382735,124,298426,2218305,1844569,4630026,2748250,0.627521
5052,2516731,4676060,1064383,3611677,4.393212,124,301153,2215578,1864478,4676060,2781852,0.626993
5053,2600069,4717591,1072449,3645142,4.398895,121,304327,2295742,1883482,4717591,2816337,0.626179
5054,2613531,4751593,1080376,3671217,4.398092,127,306482,2307049,1898895,4751593,2843987,0.625573
5055,2677863,4782330,1088371,3693959,4.394026,123,308560,2369303,1912034,4782330,2865806,0.625294
5056,2680571,4811001,1095939,3715062,4.389844,122,310367,2370204,1923511,4811001,2883043,0.625289
5057,2683471,4839699,1103509,3736190,4.385736,128,312530,2370941,1935708,4839699,2903133,0.625055
5058,2684811,4863377,1111370,3752007,4.376020,125,313830,2370981,1946575,4863377,2922923,0.624607
5059,2684811,4879709,1119512,3760197,4.358782,127,314787,2370024,1952085,4879709,2928631,0.624936
5060,2703031,4892174,1127664,3764510,4.338326,124,315847,2387184,1958491,4892174,2941790,0.624483
5061,2703031,4890220,1130929,3759291,4.324073,123,316466,2386565,1957379,4890220,2939296,0.624588
5062,2743782,4889172,1134117,3755055,4.310994,128,316597,2427185,1956340,4889172,2936188,0.624786
5063,2743782,4887161,1137355,3749806,4.296953,125,316747,2427035,1956463,4887161,2938691,0.624489
5064,2743782,4884329,1140514,3743815,4.282568,125,316580,2427202,1954619,4884329,2934147,0.624716
5065,2754468,4882545,1143619,3738926,4.269381,125,316496,2437972,1953931,4882545,2933179,0.624708
5066,2775917,4881598,1146861,3734737,4.256486,126,316557,2459360,1953446,4881598,2932186,0.624742
5067,2786858,4880339,1149952,3730387,4.243950,128,316633,2470225,1952590,4880339,2930021,0.624855
5068,2786858,4879437,1153099,3726338,4.231585,122,316542,2470316,1950751,4879437,2923567,0.625328
5069,2805336,4880862,1156317,3724545,4.221041,122,317237,2488099,1953179,4880862,2931854,0.624733
5070,2806157,4881782,1159362,3722420,4.210749,124,317291,2488866,1953089,4881782,2930574,0.624880
5071,2806085,4875150,1158219,3716931,4.209178,129,317121,2488964,1951413,4875150,2930502,0.624567
5072,2806085,4869339,1157082,3712257,4.208292,124,317555,2488530,1949518,4869339,2928733,0.624429
5073,2806085,4862554,1156066,3706488,4.206121,124,317620,2488465,1946975,4862554,2925346,0.624373
5074,2806085,4855447,1154896,3700551,4.204229,125,317371,2488714,1944191,4855447,2921317,0.624353
5075,2806085,4848761,1153752,3695009,4.202602,123,316791,2489294,1941604,4848761,2917655,0.624324
5076,2806085,4843261,1152601,3690660,4.202027,123,316984,2489101,1940685,4843261,2919479,0.623911
5077,2806085,4837329,1151389,3685940,4.201299,125,316992,2489093,1937806,4837329,2913895,0.624073
5078,2806085,4831067,1150160,3680907,4.200343,125,317101,2488984,1936197,4831067,2913721,0.623783
5079,2806085,4824939,1148927,3676012,4.199517,123,316801,2489284,1934917,4824939,2914729,0.623404
5080,2806085,4819389,1147597,3671792,4.199548,124,317116,2488969,1931987,4819389,2908559,0.623631
5081,2787889,4812727,1146432,3666295,4.198005,124,316691,2471198,1930019,4812727,2907349,0.623404
5082,2787889,4808033,1145175,3662858,4.198514,128,316944,2470945,1928362,4808033,2905415,0.623331
5083,2787889,4802338,1143874,3658464,4.198310,125,316919,2470970,1926817,4802338,2904930,0.623092
5084,2787889,4795012,1142555,3652457,4.196745,126,316980,2470909,1924456,4795012,2902812,0.622905
5085,2787889,4791282,1141269,3650013,4.198206,122,317642,2470247,1923882,4791282,2904246,0.622606
5086,2787889,4785782,1139942,3645840,4.198268,121,317513,2470376,1922615,4785782,2904678,0.622301
5087,2787889,4782386,1138588,3643798,4.200278,129,318012,2469877,1920936,4782386,2901358,0.622403
5088,2787889,4777787,1137269,3640518,4.201105,125,317963,2469926,1919636,4777787,2900757,0.622226
5089,2787889,4773364,1135899,3637465,4.202279,122,318122,2469767,1918669,4773364,2901312,0.621963
5090,2787889,4769682,1134607,3635075,4.203819,123,318316,2469573,1917934,4769682,2902054,0.621721
5091,2808050,4786619,1138865,3647754,4.202973,123,319920,2488130,1925461,4786619,2915225,0.621490
5092,2808182,4802571,1143111,3659460,4.201316,125,321983,2486199,1933436,4802571,2931173,0.620989
5093,2808322,4820212,1147269,3672943,4.201466,127,323890,2484432,1940812,4820212,2943036,0.620901
5094,2811954,4835164,1151314,3683850,4.199692,124,325980,2485974,1948115,4835164,2957296,0.620493
5095,2823006,4849988,1155128,3694860,4.198659,125,326828,2496178,1954442,4849988,2967780,0.620380
5096,2823092,4863878,1158891,3704987,4.197011,127,328204,2494888,1960684,4863878,2978858,0.620176
5097,2824256,4876661,1162792,3713869,4.193924,132,329438,2494818,1965582,4876661,2985667,0.620257
5098,2824264,4889445,1166959,3722486,4.189903,129,331179,2493085,1972267,4889445,2999623,0.619775
5099,2824264,4902427,1171347,3731080,4.185290,122,332492,2491772,1978106,4902427,3009997,0.619586
5100,2827132,4917261,1175543,3741718,4.182970,122,333734,2493398,1984700,4917261,3021539,0.619396
5101,2827132,5000484,1196618,3803866,4.178847,125,342707,2484425,2023052,5000484,3091724,0.617938
5102,2827132,5088390,1212317,3876073,4.197244,123,352209,2474923,2064884,5088390,3171146,0.616062
5103,2829394,5170259,1224979,3945280,4.220692,123,358685,2470709,2101176,5170259,3234445,0.615163
5104,2832116,5256460,1237293,4019167,4.248355,127,364520,2467596,2136762,5256460,3290588,0.615003
5105,2826592,5343457,1249273,4094184,4.277253,128,368973,2457619,2171755,5343457,3343563,0.615108
5106,2826026,5421099,1261607,4159492,4.296979,123,371903,2454123,2199343,5421099,3376273,0.616218
5107,2826024,5463973,1274676,4189297,4.286558,125,371271,2454753,2210954,5463973,3379843,0.617830
5108,2821951,5469285,1289021,4180264,4.242976,126,366753,2455198,2203142,5469285,3343283,0.620623
5109,2814530,5473144,1302976,4170168,4.200495,124,361884,2452646,2193001,5473144,3298860,0.623933
5110,2794528,5474629,1316623,4158006,4.158084,126,355715,2438813,2179713,5474629,3244223,0.627907
5111,2760752,5473516,1328879,4144637,4.118897,124,348645,2412107,2163641,5473516,3181048,0.632443
5112,2696182,5417730,1340313,4077417,4.042138,126,331512,2364670,2117513,5417730,3052322,0.639634
5113,2660582,5368149,1351051,4017098,3.973313,126,318721,2341861,2079244,5368149,2948827,0.645445
5114,2585794,5307228,1360905,3946323,3.899778,124,306796,2278998,2041507,5307228,2858800,0.649915
5115,2440934,5211992,1364249,3847743,3.820411,122,292355,2148579,1990846,5211992,2751392,0.654495
5116,2293959,5160894,1358795,3802099,3.798140,120,286672,2007287,1968227,5160894,2712014,0.655526
5117,2255801,5111490,1351024,3760466,3.783419,123,282891,1972910,1946578,5111490,2674822,0.656471
5118,2160262,5007787,1342444,3665343,3.730351,125,268374,1891888,1894101,5007787,2568617,0.660971
5119,2000741,4930915,1332833,3598082,3.699575,120,258244,1742497,1857448,4930915,2498877,0.663668
5120,1845171,4829173,1322701,3506472,3.650994,120,245901,1599270,1809648,4829173,2409419,0.667143
5121,1843698,4814719,1320187,3494532,3.646998,125,245402,1598296,1803630,4814719,2399801,0.667365
5122,1843240,4801091,1317583,3483508,3.643862,131,244760,1598480,1798883,4801091,2394441,0.667232
5123,1834733,4786612,1315033,3471579,3.639918,121,244055,1590678,1793203,4786612,2386200,0.667327
5124,1833921,4771265,1312404,3458861,3.635515,126,243303,1590618,1787545,4771265,2378915,0.667293
5125,1833665,4756364,1309834,3446530,3.631272,122,242666,1590999,1781896,4756364,2371220,0.667318
5126,1828274,4741177,1307012,3434165,3.627493,121,242068,1586206,1775936,4741177,2362567,0.667419
5127,1827694,4724341,1304239,3420102,3.622297,125,240777,1586917,1769758,4724341,2354691,0.667371
5128,1825824,4708009,1301367,3406642,3.617741,121,240285,1585539,1763480,4708009,2345911,0.667432
5129,1819076,4691513,1298408,3393105,3.613281,121,239368,1579708,1757104,4691513,2336903,0.667506
5130,1812632,4674230,1295361,3378869,3.608438,125,237996,1574636,1749766,4674230,2324834,0.667836
5131,1801525,4640482,1291837,3348645,3.592158,124,234279,1567246,1734107,4640482,2295946,0.669002
5132,1794693,4607594,1288083,3319511,3.577094,121,230864,1563829,1719821,4607594,2271690,0.669778
5133,1780161,4576156,1284109,3292047,3.563682,115,227431,1552730,1706085,4576156,2248184,0.670564
5134,1773863,4549734,1279704,3270030,3.555302,117,225539,1548324,1695041,4549734,2230430,0.671036
5135,1765302,4523773,1274689,3249084,3.548923,122,223910,1541392,1685402,4523773,2217835,0.671023
5136,1746736,4498210,1269565,3228645,3.543111,115,222737,1523999,1675441,4498210,2203554,0.671198
5137,1715762,4473842,1264526,3209316,3.537960,122,221750,1494012,1665930,4473842,2189878,0.671373
5138,1707230,4448224,1259370,3188854,3.532103,121,220259,1486971,1656420,4448224,2177456,0.671361
5139,1691502,4422710,1254219,3168491,3.526266,122,219004,1472498,1647307,4422710,2166518,0.671203
5140,1674090,4397993,1248911,3149082,3.521462,117,218009,1456081,1637522,4397993,2152095,0.671440
5141,1649681,4352570,1242971,3109599,3.501747,117,215673,1434008,1621292,4352570,2132598,0.671158
5142,1629658,4304830,1235708,3069122,3.483695,117,212944,1416714,1602145,4304830,2103750,0.671729
5143,1590718,4255103,1228197,3026906,3.464512,117,210450,1380268,1583662,4255103,2079545,0.671719
5144,1575972,4206513,1220445,2986068,3.446704,119,207678,1368294,1565477,4206513,2055395,0.671762
5145,1540140,4157268,1212438,2944830,3.428850,117,204613,1335527,1545886,4157268,2026276,0.672312
5146,1499540,4105989,1204316,2901673,3.409395,119,201303,1298237,1526031,4105989,1998135,0.672658
5147,1438097,4053509,1196082,2857427,3.388989,119,197497,1240600,1504866,4053509,1965955,0.673400
5148,1412552,4004488,1187699,2816789,3.371635,116,194960,1217592,1486578,4004488,1941824,0.673441
5149,1402453,3955178,1179204,2775974,3.354108,118,192379,1210074,1467692,3955178,1915590,0.673707
5150,1391901,3903053,1170239,2732814,3.335261,121,188221,1203680,1447201,3903053,1885751,0.674242
5151,1391901,3890866,1166473,2724393,3.335582,121,187788,1204113,1442664,3890866,1879790,0.674250
5152,1391901,3878774,1162664,2716110,3.336109,116,187334,1204567,1438256,3878774,1874250,0.674215
5153,1391901,3866966,1158969,2707997,3.336557,116,187024,1204877,1434413,3866966,1870686,0.673963
5154,1391901,3854703,1155232,2699471,3.336735,119,186902,1204999,1430180,3854703,1866017,0.673814
5155,1391901,3842485,1151510,2690975,3.336910,118,186552,1205349,1425978,3842485,1861427,0.673658
5156,1391901,3830617,1147861,2682756,3.337178,116,186146,1205755,1422129,3830617,1857899,0.673395
5157,1391901,3818931,1144241,2674690,3.337523,114,185882,1206019,1418402,3818931,1854677,0.673104
5158,1388573,3806409,1140595,2665814,3.337213,121,185398,1203175,1413840,3806409,1848951,0.673062
5159,1388573,3795078,1136938,2658140,3.337981,115,185176,1203397,1409784,3795078,1844058,0.672989
5160,1388573,3783456,1133363,2650093,3.338256,121,185054,1203519,1406156,3783456,1841168,0.672659
5161,1393873,3792528,1133425,2659103,3.346078,113,186857,1207016,1410589,3792528,1849828,0.672153
5162,1395131,3802843,1133590,2669253,3.354690,117,188612,1206519,1416423,3802843,1862849,0.671205
5163,1402619,3813613,1133751,2679862,3.363713,120,190427,1212192,1422861,3813613,1877831,0.670061
5164,1408880,3823215,1133969,2689246,3.371534,117,191930,1216950,1427233,3823215,1885717,0.669690
5165,1420106,3830530,1134133,2696397,3.377496,119,192559,1227547,1430556,3830530,1891694,0.669413
5166,1424674,3839635,1134270,2705365,3.385116,117,193730,1230944,1435081,3839635,1900689,0.668888
5167,1452636,3848140,1134437,2713703,3.392114,116,194759,1257877,1439150,3848140,1908460,0.668474
5168,1457610,3859383,1134729,2724654,3.401150,120,196448,1261162,1444369,3859383,1918093,0.668005
5169,1465711,3869180,1135021,2734159,3.408906,120,197999,1267712,1449509,3869180,1928856,0.667326
5170,1490077,3879434,1135329,2744105,3.417013,119,199825,1290252,1455538,3879434,1942718,0.666323
5171,1570874,3940251,1143167,2797084,3.446785,117,204579,1366295,1481097,3940251,1984137,0.665090
5172,1628087,3998746,1150790,2847956,3.474783,120,209229,1418858,1505660,3998746,2023894,0.663952
5173,1686270,4054166,1158380,2895786,3.499858,116,213536,1472734,1527980,4054166,2057754,0.663321
5174,1768880,4105166,1165839,2939327,3.521212,121,218177,1550703,1550176,4105166,2095538,0.662048
5175,1832771,4176726,1172806,3003920,3.561310,124,229179,1603592,1587315,4176726,2172534,0.657829
5176,1940551,4246959,1179665,3067294,3.600140,124,240926,1699625,1623905,4246959,2248661,0.653819
5177,2007115,4284132,1186551,3097581,3.610576,120,247103,1760012,1643106,4284132,2288292,0.651834
5178,2069989,4317087,1193422,3123665,3.617402,122,252767,1817222,1659854,4317087,2322329,0.650221
5179,2214721,4341664,1200172,3141492,3.617535,119,257184,1957537,1671955,4341664,2346156,0.649190
5180,2244333,4404887,1206864,3198023,3.649862,122,269676,1974657,1707358,4404887,2424545,0.644986
5181,2246219,4414645,1208716,3205929,3.652343,124,270792,1975427,1712507,4414645,2435383,0.644471
5182,2279420,4419581,1210513,3209068,3.650998,119,272077,2007343,1715149,4419581,2441015,0.644198
5183,2282407,4422699,1212104,3210595,3.648778,126,272432,2009975,1717006,4422699,2445325,0.643955
5184,2290262,4425025,1213579,3211446,3.646260,123,273113,2017149,1717687,4425025,2445723,0.644038
5185,2298315,4426092,1214853,3211239,3.643315,123,273833,2024482,1718309,4426092,2447144,0.643960
5186,2321133,4429032,1216177,3212855,3.641766,123,274718,2046415,1721357,4429032,2456396,0.643247
5187,2323548,4429706,1217085,3212621,3.639603,120,274838,2048710,1722242,4429706,2459262,0.643014
5188,2440360,4430264,1217713,3212551,3.638184,125,275510,2164850,1721211,4430264,2454580,0.643481
5189,2444316,4437152,1218050,3219102,3.642832,124,277553,2166763,1726023,4437152,2466940,0.642684
5190,2539350,4462534,1218320,3244214,3.662859,122,283783,2255567,1741980,4462534,2505386,0.640440
5191,2539350,4457119,1215896,3241223,3.665707,124,284151,2255199,1741276,4457119,2507985,0.639921
5192,2539350,4450786,1213393,3237393,3.668050,123,284921,2254429,1739506,4450786,2507238,0.639662
5193,2543715,4443695,1210847,3232848,3.669906,120,284758,2258957,1736882,4443695,2503833,0.639608
5194,2543715,4437209,1208295,3228914,3.672289,125,285800,2257915,1735889,4437209,2506347,0.639040
5195,2543715,4430173,1205788,3224385,3.674089,130,285661,2258054,1735122,4430173,2510315,0.638309
5196,2547338,4423370,1203249,3220121,3.676188,120,286075,2261263,1732170,4423370,2505310,0.638415
5197,2547338,4415972,1200782,3215190,3.677580,127,286377,2260961,1730575,4415972,2506328,0.637934
5198,2547502,4408183,1198337,3209846,3.678584,123,286486,2261016,1728864,4408183,2507273,0.637439
5199,2565698,4400827,1195857,3204970,3.680061,130,286575,2279123,1725115,4400827,2499633,0.637758
5200,2565698,4391899,1193336,3198563,3.680354,123,286358,2279340,1723302,4391899,2501309,0.637134
5201,2583966,4389546,1191731,3197815,3.683336,125,286785,2297181,1723483,4389546,2504386,0.636726
5202,2584356,4383480,1190187,3193293,3.683018,125,287175,2297181,1721232,4383480,2501448,0.636678
5203,2589896,4379252,1188545,3190707,3.684549,125,287925,2301971,1721877,4379252,2508256,0.635825
5204,2605715,4373082,1186927,3186155,3.684373,127,287874,2317841,1719717,4373082,2505786,0.635727
5205,2606464,4368470,1185415,3183055,3.685182,124,288239,2318225,1717674,4368470,2502226,0.635812
5206,2606464,4363746,1183838,3179908,3.686101,126,288377,2318087,1717220,4363746,2505134,0.635292
5207,2629019,4357070,1182266,3174804,3.685355,122,288187,2340832,1714480,4357070,2500850,0.635334
5208,2635481,4352478,1180694,3171784,3.686373,124,288689,2346792,1712789,4352478,2498678,0.635291
5209,2635481,4347744,1179101,3168643,3.687338,121,288935,2346546,1712844,4347744,2503632,0.634580
5210,2636461,4343368,1177622,3165746,3.688253,123,289929,2346532,1711757,4343368,2503660,0.634344
5211,2647394,4378268,1179636,3198632,3.711542,123,298346,2349048,1732881,4378268,2553256,0.631646
5212,2660606,4404723,1181133,3223590,3.729235,122,303949,2356657,1749483,4404723,2593209,0.629432
5213,2678438,4416284,1182221,3234063,3.735582,123,306739,2371699,1757901,4416284,2615320,0.628062
5214,2712048,4428909,1183032,3245877,3.743693,122,309892,2402156,1765980,4428909,2635011,0.626976
5215,2742320,4448467,1183481,3264986,3.758799,127,314961,2427359,1779132,4448467,2668061,0.625090
5216,2764235,4483791,1183813,3299978,3.787584,125,324788,2439447,1803361,4483791,2729653,0.621588
5217,2767455,4491370,1183928,3307442,3.793618,130,327190,2440265,1810828,4491370,2751942,0.620071
5218,2770217,4500392,1184123,3316269,3.800612,130,329841,2440376,1817147,4500392,2768196,0.619156
5219,2799499,4512455,1184528,3327927,3.809496,125,332070,2467429,1825607,4512455,2789973,0.617939
5220,2799639,4525169,1185279,3339890,3.817809,124,334993,2464646,1832902,4525169,2806439,0.617214
5221,2799639,4517221,1183336,3333885,3.817361,121,334486,2465153,1830161,4517221,2803423,0.617052
5222,2803399,4510385,1181526,3328859,3.817423,120,335059,2468340,1828897,4510385,2805203,0.616544
5223,2803399,4503440,1179615,3323825,3.817720,124,334933,2468466,1826355,4503440,2801980,0.616452
5224,2803399,4495127,1177718,3317409,3.816811,122,334092,2469307,1822771,4495127,2795957,0.616524
5225,2803399,4488661,1175885,3312776,3.817262,125,334463,2468936,1821263,4488661,2796391,0.616147
5226,2804839,4480379,1174057,3306322,3.816151,128,334471,2470368,1818988,4480379,2795573,0.615779
5227,2804839,4473079,1172206,3300873,3.815950,123,334265,2470574,1815234,4473079,2787857,0.616047
5228,2804839,4465485,1170361,3295124,3.815477,126,334017,2470822,1812823,4465485,2785807,0.615819
5229,2804839,4458913,1168526,3290387,3.815844,119,334447,2470392,1810886,4458913,2784631,0.615571
5230,2804839,4450877,1166687,3284190,3.814971,129,334081,2470758,1808654,4450877,2783739,0.615220
5231,2810681,4449414,1165872,3283542,3.816383,120,334765,2475916,1808730,4449414,2785506,0.614991
5232,2814312,4446090,1165102,3280988,3.816052,122,334745,2479567,1808304,4446090,2787126,0.614677
5233,2814724,4444777,1164326,3280451,3.817468,125,335433,2479291,1808234,4444777,2788159,0.614519
5234,2814864,4443265,1163589,3279676,3.818586,123,336136,2478728,1809143,4443265,2793307,0.614001
5235,2814864,4441456,1162840,3278616,3.819490,122,336275,2478589,1808835,4441456,2793884,0.613856
5236,2818487,4440284,1162146,3278138,3.820763,122,336568,2481919,1809031,4440284,2795840,0.613627
5237,2818699,4439009,1161393,3277616,3.822142,123,336786,2481913,1809682,4439009,2799719,0.613231
5238,2820187,4437020,1160719,3276301,3.822648,122,337306,2482881,1808314,4437020,2796236,0.613419
5239,2820187,4435213,1160057,3275156,3.823272,124,337673,2482514,1808153,4435213,2797399,0.613224
5240,2820937,4434083,1159371,3274712,3.824559,122,337822,2483115,1808725,4434083,2800817,0.612874
5241,2821381,4434957,1159216,3275741,3.825825,122,338697,2482684,1809883,4434957,2804575,0.612603
5242,2821773,4436417,1159026,3277391,3.827711,128,339666,2482107,1812418,4436417,2813255,0.611947
5243,2825396,4437794,1158789,3279005,3.829683,123,339977,2485419,1812731,4437794,2813130,0.612032
5244,2826026,4439004,1158645,3280359,3.831203,122,340646,2485380,1813835,4439004,2816336,0.611826
5245,2826026,4441014,1158520,3282494,3.833351,123,341177,2484849,1815528,4441014,2821098,0.611532
5246,2826026,4442873,1158406,3284467,3.835333,121,341984,2484042,1817544,4442873,2827303,0.611109
5247,2826026,4444263,1158311,3285952,3.836848,123,342646,2483380,1818098,4444263,2828129,0.611114
5248,2826026,4445979,1158221,3287758,3.838628,123,342688,2483338,1819296,4445979,2831205,0.610948
5249,2826026,4448929,1158130,3290799,3.841476,120,343494,2482532,1820974,4448929,2834967,0.610790
5250,2826028,4450740,1158070,3292670,3.843239,126,344116,2481912,1822927,4450740,2840968,0.610384
5251,2826028,4443314,1156342,3286972,3.842560,120,343675,2482353,1819957,4443314,2836514,0.610360
5252,2826028,4436881,1154725,3282156,3.842370,123,343287,2482741,1817593,4436881,2833491,0.610269
5253,2826028,4430179,1153020,3277159,3.842240,123,343363,2482665,1815001,4430179,2829825,0.610217
5254,2826028,4423219,1151367,3271852,3.841711,126,343446,2482582,1812396,4423219,2826365,0.610134
5255,2826028,4416275,1149752,3266523,3.841067,123,343257,2482771,1810892,4416275,2827293,0.609682
5256,2826028,4409909,1148070,3261839,3.841150,127,343274,2482754,1808382,4409909,2823619,0.609648
5257,2826028,4401998,1146433,3255565,3.839734,122,342708,2483320,1805521,4401998,2820086,0.609519
5258,2826028,4395448,1144795,3250653,3.839507,124,342764,2483264,1802660,4395448,2815192,0.609578
5259,2826028,4389045,1143143,3245902,3.839454,127,342784,2483244,1800612,4389045,2813403,0.609382
5260,2826028,4382608,1141516,3241092,3.839287,121,342576,2483452,1798701,4382608,2812196,0.609135
5261,2826028,4377501,1140381,3237120,3.838630,125,342262,2483766,1797474,4377501,2812395,0.608841
5262,2826028,4373187,1139235,3233952,3.838705,122,342399,2483629,1794493,4373187,2804785,0.609251
5263,2826028,4368119,1138103,3230016,3.838070,121,342773,2483255,1793160,4368119,2804521,0.608997
5264,2826028,4363547,1136994,3226553,3.837792,124,342163,2483865,1791740,4363547,2803413,0.608842
5265,2826028,4358715,1135880,3222835,3.837302,125,342511,2483517,1790099,4358715,2801681,0.608725
5266,2826028,4353303,1134775,3218528,3.836270,119,342362,2483666,1788244,4353303,2799673,0.608600
5267,2826028,4348266,1133616,3214650,3.835749,125,342087,2483941,1786095,4348266,2796114,0.608627
5268,2826028,4343513,1132528,3210985,3.835237,125,341996,2484032,1784436,4343513,2794231,0.608527
5269,2826028,4337957,1131423,3206534,3.834072,120,341553,2484475,1781376,4337957,2787547,0.608793
5270,2826028,4333330,1130280,3203050,3.833855,124,341605,2484423,1780864,4333330,2790126,0.608318
5271,2826028,4337256,1131941,3205315,3.831698,120,341637,2484391,1781412,4337256,2788392,0.608682
5272,2826028,4342203,1133614,3208589,3.830407,122,341529,2484499,1782412,4342203,2787445,0.609035
5273,2826028,4344127,1135165,3208962,3.826868,126,341386,2484642,1783191,4344127,2788637,0.609038
5274,2826594,4346150,1136611,3209539,3.823780,121,341145,2485449,1782863,4346150,2785302,0.609434
5275,2826594,4347440,1138107,3209333,3.819887,121,341194,2485400,1783135,4347440,2785100,0.609522
5276,2828662,4346589,1139486,3207103,3.814517,123,340875,2487787,1781193,4346589,2778183,0.610067
5277,2832120,4345685,1140809,3204876,3.809301,125,340943,2491177,1781026,4345685,2778419,0.609997
5278,2832120,4342176,1141797,3200379,3.802932,125,340118,2492002,1778879,4342176,2773340,0.610240
5279,2832120,4338756,1142680,3196076,3.797000,124,339570,2492550,1777160,4338756,2769884,0.610350
5280,2832120,4335002,1143005,3191997,3.792636,127,339280,2492840,1774910,4335002,2764638,0.610595
5281,2832120,4327624,1141912,3185712,3.789805,121,339125,2492995,1771879,4327624,2759892,0.610598
5282,2832120,4320372,1140450,3179922,3.788305,123,338845,2493275,1769445,4320372,2757408,0.610413
5283,2832120,4313149,1139066,3174083,3.786566,121,338888,2493232,1766985,4313149,2754791,0.610241
5284,2832120,4305157,1137539,3167618,3.784624,126,338528,2493592,1762979,4305157,2746759,0.610495
5285,2832120,4296855,1135888,3160967,3.782816,127,337959,2494161,1760096,4296855,2743529,0.610315
5286,2832120,4289171,1134059,3155112,3.782141,124,338190,2493930,1757674,4289171,2741525,0.610063
5287,2832120,4279619,1132104,3147515,3.780235,122,337718,2494402,1753597,4279619,2734769,0.610120
5288,2832120,4270575,1129991,3140584,3.779300,120,337379,2494741,1750056,4270575,2729649,0.610063
5289,2832120,4262129,1127736,3134393,3.779368,122,337132,2494988,1747208,4262129,2726703,0.609849
5290,2832120,4251808,1125386,3126422,3.778089,122,336791,2495329,1743498,4251808,2722184,0.609666
5291,2832120,4241734,1122690,3119044,3.778188,125,336534,2495586,1739804,4241734,2717482,0.609513
5292,2832120,4231488,1119869,3111619,3.778556,126,336300,2495820,1735824,4231488,2711808,0.609435
5293,2832120,4219987,1116914,3103073,3.778256,128,335864,2496256,1731361,4219987,2705457,0.609345
5294,2832120,4209492,1113755,3095737,3.779549,121,335492,2496628,1728322,4209492,2703796,0.608899
5295,2832120,4198337,1110548,3087789,3.780419,124,335228,2496892,1723743,4198337,2696635,0.608898
5296,2832120,4186040,1107192,3078848,3.780772,128,334856,2497264,1719383,4186040,2691492,0.608654
5297,2832120,4175116,1103569,3071547,3.783285,121,334822,2497298,1715308,4175116,2686116,0.608508
5298,2832120,4162466,1099934,3062532,3.784287,124,334299,2497821,1711272,4162466,2682622,0.608095
5299,2832120,4150426,1096048,3054378,3.786719,124,334603,2497517,1707523,4150426,2679666,0.607668
5300,2832120,4138101,1092039,3046062,3.789334,121,333629,2498491,1702805,4138101,2673119,0.607542
5301,2832120,4129187,1089908,3039279,3.788565,119,333301,2498819,1699640,4129187,2669373,0.607362
5302,2832120,4119582,1087752,3031830,3.787244,121,332989,2499131,1696042,4119582,2664586,0.607235
5303,2832120,4111198,1085707,3025491,3.786655,125,333237,2498883,1692553,4111198,2659014,0.607248
5304,2832120,4101299,1083499,3017800,3.785236,121,332606,2499514,1688621,4101299,2653185,0.607196
5305,2832120,4092183,1081344,3010839,3.784349,119,332304,2499816,1685182,4092183,2648545,0.607083
5306,2832120,4083844,1079294,3004550,3.783811,124,332042,2500078,1682205,4083844,2644976,0.606918
5307,2832120,4075288,1077099,2998189,3.783578,123,332253,2499867,1679941,4075288,2644476,0.606463
5308,2832120,4066903,1074925,2991978,3.783430,122,331549,2500571,1677072,4066903,2641385,0.606251
5309,2832120,4057887,1072861,2985026,3.782305,124,331516,2500604,1673766,4057887,2637177,0.606101
5310,2832120,4049008,1070640,2978368,3.781858,126,331122,2500998,1670426,4049008,2632696,0.605984
5311,2832120,4042016,1069378,2972638,3.779782,120,330752,2501368,1668005,4042016,2630004,0.605816
5312,2832120,4034616,1068111,2966505,3.777338,120,330709,2501411,1664390,4034616,2622944,0.606020
5313,2832120,4027265,1066746,2960519,3.775280,126,330507,2501613,1661917,4027265,2620403,0.605816
5314,2832120,4019859,1065470,2954389,3.772850,121,330622,2501498,1659861,4019859,2619585,0.605451
5315,2832120,4012117,1064123,2947994,3.770351,120,330251,2501869,1657226,4012117,2616787,0.605246
5316,2832120,4005017,1062846,2942171,3.768201,118,330287,2501833,1654133,4005017,2611515,0.605305
5317,2832120,3997701,1061464,2936237,3.766214,120,329870,2502250,1650982,3997701,2606227,0.605352
5318,2832120,3990093,1060110,2929983,3.763848,120,329627,2502493,1648275,3990093,2603007,0.605192
5319,2832120,3983394,1058802,2924592,3.762171,118,329389,2502731,1646351,3983394,2602010,0.604882
5320,2832120,3976200,1057471,2918729,3.760103,126,329612,2502508,1643448,3976200,2597592,0.604856
5321,2832120,3972232,1058084,2914148,3.754175,124,328936,2503184,1641822,3972232,2595056,0.604851
5322,2832120,3969166,1058545,2910621,3.749643,122,329155,2502965,1639893,3969166,2590406,0.605095
5323,2832120,3964360,1058840,2905520,3.744060,121,328703,2503417,1638079,3964360,2587956,0.605032
5324,2832120,3960252,1058876,2901376,3.740053,121,328921,2503199,1636593,3960252,2586120,0.604954
5325,2832120,3956219,1058742,2897477,3.736717,120,328173,2503947,1634824,3956219,2583077,0.604992
5326,2832120,3951314,1058349,2892965,3.733470,120,328442,2503678,1633390,3951314,2582246,0.604772
5327,2832120,3945935,1057737,2888198,3.730545,121,328236,2503884,1631883,3945935,2581597,0.604506
5328,2832120,3940740,1056882,2883858,3.728647,127,327861,2504259,1628181,3940740,2571984,0.605083
5329,2832120,3935092,1055877,2879215,3.726847,121,327889,2504231,1627067,3935092,2573176,0.604630
5330,2832120,3928745,1054669,2874076,3.725098,119,327409,2504711,1624599,3928745,2569651,0.604571
5331,2832120,3921088,1052838,2868250,3.724303,123,327133,2504987,1621782,3921088,2566040,0.604441
5332,2832120,3913399,1051052,2862347,3.723316,121,326851,2505269,1619047,3913399,2562789,0.604275
5333,2832120,3905787,1049235,2856552,3.722509,118,327284,2504836,1616450,3905787,2560013,0.604069
5334,2832120,3898204,1047449,2850755,3.721617,123,326728,2505392,1613424,3898204,2555492,0.604027
5335,2832120,3889245,1045618,2843627,3.719566,124,326210,2505910,1610374,3889245,2552251,0.603780
5336,2832120,3881989,1043784,2838205,3.719150,122,326121,2505999,1607961,3881989,2549855,0.603558
5337,2832120,3874183,1041960,2832223,3.718169,122,325775,2506345,1604592,3874183,2544185,0.603609
5338,2832120,3866085,1040149,2825936,3.716857,121,325785,2506335,1601153,3866085,2538527,0.603641
5339,2832120,3858919,1038332,2820587,3.716460,122,325437,2506683,1599514,3858919,2539137,0.603139
5340,2832120,3851169,1036494,2814675,3.715573,123,325394,2506726,1596888,3851169,2536383,0.602918
5341,2832120,3840969,1033746,2807223,3.715583,124,325159,2506961,1592890,3840969,2530591,0.602830
5342,2832120,3829742,1030695,2799047,3.715689,122,324566,2507554,1588090,3829742,2522618,0.602885
5343,2832120,3819125,1027309,2791816,3.717601,120,324161,2507959,1585071,3819125,2521159,0.602359
5344,2832120,3808499,1023648,2784851,3.720516,124,324028,2508092,1581173,3808499,2516193,0.602164
5345,2832120,3797247,1019828,2777419,3.723419,122,323811,2508309,1576762,3797247,2509801,0.602064
5346,2832120,3786819,1015808,2771011,3.727889,121,323464,2508656,1573848,3786819,2508573,0.601522
5347,2832120,3774192,1011834,2762358,3.730051,123,322540,2509580,1568654,3774192,2500424,0.601502
5348,2832120,3763354,1007641,2755713,3.734816,125,322802,2509318,1565043,3763354,2496818,0.601158
5349,2832120,3752445,1003404,2749041,3.739715,125,322403,2509717,1561306,3752445,2492779,0.600850
5350,2832120,3740304,999088,2741216,3.743718,121,321904,2510216,1557045,3740304,2487876,0.600545
5351,2832120,3732405,994154,2738251,3.754353,121,322197,2509923,1555086,3732405,2487939,0.600032
5352,2832120,3724256,988790,2735466,3.766478,121,322263,2509857,1552701,3724256,2486548,0.599642
5353,2832120,3714273,983213,2731060,3.777689,126,322144,2509976,1550132,3714273,2486255,0.599025
5354,2832120,3704785,977508,2727277,3.790030,129,321739,2510381,1546260,3704785,2480255,0.598991
5355,2832120,3693839,971735,2722104,3.801282,124,321393,2510727,1542953,3693839,2477973,0.598502
5356,2832120,3684116,965988,2718128,3.813832,126,321337,2510783,1540556,3684116,2478108,0.597855
5357,2832120,3674252,960194,2714058,3.826573,122,320806,2511314,1537860,3674252,2477188,0.597299
5358,2832120,3663979,954328,2709651,3.839329,124,320732,2511388,1534067,3663979,2472289,0.597102
5359,2832120,3654266,948389,2705877,3.853130,123,320776,2511344,1532158,3654266,2474366,0.596261
5360,2832120,3643769,942462,2701307,3.866224,121,320234,2511886,1529440,3643769,2473991,0.595605
5361,2832120,3641669,941194,2700475,3.869201,121,320190,2511930,1528068,3641669,2470603,0.595796
5362,2832120,3638845,939970,2698875,3.871235,123,319657,2512463,1526656,3638845,2467779,0.595885
5363,2832120,3637237,938689,2698548,3.874805,124,320298,2511822,1526748,3637237,2469755,0.595586
5364,2832120,3634988,937415,2697573,3.877672,123,320279,2511841,1526305,3634988,2470232,0.595390
5365,2832120,3632881,936114,2696767,3.880810,120,320052,2512068,1525429,3632881,2468835,0.595387
5366,2832120,3629978,934822,2695156,3.883069,124,319715,2512405,1524580,3629978,2468342,0.595242
5367,2832120,3628440,933583,2694857,3.886575,121,320396,2511724,1524694,3628440,2470336,0.594946
5368,2832120,3625123,932270,2692853,3.888490,125,320178,2511942,1523055,3625123,2467097,0.595041
5369,2832120,3623776,931037,2692739,3.892193,122,320333,2511787,1523479,3623776,2470140,0.594655
5370,2832120,3620509,929656,2690853,3.894461,120,320032,2512088,1522393,3620509,2469063,0.594542
5371,2832120,3600602,919251,2681351,3.916887,125,320120,2512000,1516432,3600602,2465126,0.593598
5372,2832120,3573589,908883,2664706,3.931847,119,319429,2512691,1509075,3573589,2462711,0.592016
5373,2832120,3539334,898516,2640818,3.939088,121,317824,2514296,1496741,3539334,2447630,0.591173
5374,2832118,3499737,887998,2611739,3.941154,120,316255,2515863,1483103,3499737,2432675,0.589935
5375,2832118,3456003,877635,2578368,3.937859,124,313519,2518599,1466974,3456003,2411893,0.588968
5376,2832118,3408026,867447,2540579,3.928800,121,311347,2520771,1449979,3408026,2391890,0.587599
5377,2832118,3350485,857278,2493207,3.908283,119,307785,2524333,1428031,3350485,2361639,0.586557
5378,2832118,3289596,847291,2442305,3.882487,122,303772,2528346,1401937,3289596,2318152,0.586616
5379,2832118,3233490,837314,2396176,3.861741,120,297831,2534287,1378586,3233490,2280854,0.586378
5380,2832118,3187440,828014,2359426,3.849500,122,292578,2539540,1357273,3187440,2241652,0.587104
5381,2832086,3171426,825034,2346392,3.843994,122,289288,2542798,1347882,3171426,2220102,0.588224
5382,2832086,3160038,822539,2337499,3.841809,120,287639,2544447,1342494,3160038,2209938,0.588464
5383,2832086,3150532,820396,2330136,3.840258,126,285704,2546382,1337008,3150532,2197500,0.589101
5384,2830609,3143475,818633,2324842,3.839908,122,284470,2546139,1333935,3143475,2192265,0.589136
5385,2829373,3138202,817297,2320905,3.839733,121,283149,2546224,1329990,3138202,2181758,0.589892
5386,2825019,3136334,815970,2320364,3.843688,121,283569,2541450,1330099,3136334,2184062,0.589493
5387,2825019,3136428,814626,2321802,3.850145,121,283307,2541712,1329934,3136428,2183308,0.589583
5388,2823939,3136696,813313,2323383,3.856690,125,283170,2540769,1330807,3136696,2186532,0.589247
5389,2823939,3138502,812018,2326484,3.865065,123,283108,2540831,1332140,3138502,2190058,0.588996
5390,2823939,3140270,810742,2329528,3.873328,125,283324,2540615,1334327,3140270,2197038,0.588362
5391,2823727,3139254,807600,2331654,3.887140,123,282840,2540887,1334679,3139254,2199462,0.588017
5392,2785935,3138260,804503,2333757,3.900868,127,282743,2503192,1335015,3138260,2201800,0.587683
5393,2783151,3135213,801464,2333749,3.911858,120,282230,2500921,1334084,3135213,2201123,0.587522
5394,2772489,3129531,798450,2331081,3.919508,121,281048,2491441,1331444,3129531,2196245,0.587620
5395,2762431,3119086,795304,2323782,3.921879,124,279490,2482941,1325519,3119086,2182990,0.588276
5396,2759795,3109114,792038,2317076,3.925461,117,277849,2481946,1320787,3109114,2174034,0.588496
5397,2689031,3094156,788725,2305431,3.922985,121,275397,2413634,1312416,3094156,2155508,0.589401
5398,2604938,3047471,785400,2262071,3.880152,123,268453,2336485,1287348,3047471,2101921,0.591812
5399,2592966,2992845,782182,2210663,3.826277,123,259775,2333191,1257190,2992845,2035915,0.595146
5400,2592966,2965877,779414,2186463,3.805265,122,255558,2337408,1243001,2965877,2006127,0.596515
5401,2567158,2931048,774233,2156815,3.785744,122,250495,2316663,1224007,2931048,1964980,0.598658
5402,2564021,2908774,769472,2139302,3.780221,129,246462,2317559,1212842,2908774,1942594,0.599578
5403,2562152,2885066,764922,2120144,3.771713,119,243219,2318933,1200842,2885066,1918302,0.600634
5404,2562152,2866605,760533,2106072,3.769205,125,239887,2322265,1190482,2866605,1895323,0.601984
5405,2560283,2856619,756448,2100171,3.776359,120,237914,2322369,1184937,2856619,1883129,0.602694
5406,2541875,2845751,752572,2093179,3.781367,127,234614,2307261,1177921,2845751,1865933,0.603977
5407,2521786,2840248,749045,2091203,3.791826,122,231746,2290040,1174120,2840248,1856232,0.604761
5408,2508460,2845692,745801,2099891,3.815618,124,231146,2277314,1175348,2845692,1855700,0.605287
5409,2506411,2857870,742886,2114984,3.846983,122,231453,2274958,1181004,2857870,1866146,0.604966
5410,2506411,2871125,739835,2131290,3.880764,121,232253,2274158,1187236,2871125,1877819,0.604582
5411,2500954,2882011,736012,2145999,3.915712,120,232769,2268185,1191901,2882011,1885593,0.604499
5412,2458301,2891581,731534,2160047,3.952764,124,233123,2225178,1196343,2891581,1893791,0.604254
5413,2458301,2884814,726410,2158404,3.971330,125,232262,2226039,1192951,2884814,1886990,0.604554
5414,2458301,2838683,720610,2118073,3.939278,121,225243,2233058,1167840,2838683,1832677,0.607678
5415,2458073,2824500,714630,2109870,3.952395,122,223360,2234713,1161772,2824500,1822588,0.607800
5416,2395129,2820051,708848,2111203,3.978358,121,223723,2171406,1160925,2820051,1823649,0.607285
5417,2355364,2816330,703103,2113227,4.005572,120,223778,2131586,1159799,2816330,1822866,0.607073
5418,2333880,2811465,697245,2114220,4.032248,123,223741,2110139,1157820,2811465,1819815,0.607060
5419,2333688,2804546,691256,2113290,4.057174,122,223597,2110091,1156328,2804546,1820766,0.606347
5420,2333318,2796029,685155,2110874,4.080871,124,223828,2109490,1153362,2796029,1817419,0.606061
5421,2332970,2783079,678549,2104530,4.101515,126,223460,2109510,1147715,2783079,1807781,0.606222
5422,2328094,2769496,671805,2097691,4.122470,120,222994,2105100,1142928,2769496,1802216,0.605790
5423,2320989,2755143,665088,2090055,4.142524,122,222339,2098650,1137115,2755143,1793317,0.605731
5424,2316308,2736760,658298,2078462,4.157327,125,221884,2094424,1130227,2736760,1784148,0.605356
5425,2315870,2717781,651113,2066668,4.174054,120,220876,2094994,1123918,2717781,1777891,0.604533
5426,2312137,2697361,642177,2055184,4.200339,123,220477,2091660,1116350,2697361,1768039,0.604058
5427,2311125,2672398,631933,2040465,4.228926,123,219942,2091183,1108138,2672398,1760154,0.602903
5428,2302631,2648085,620673,2027412,4.266474,124,219230,2083401,1099207,2648085,1748743,0.602272
5429,2298414,2622697,608939,2013758,4.306995,123,218652,2079762,1090636,2622697,1739847,0.601185
5430,2293925,2598043,597057,2000986,4.351415,125,218465,2075460,1082621,2598043,1732441,0.599943
5431,2292719,2582309,589483,1992826,4.380634,122,218012,2074707,1076897,2582309,1725279,0.599479
5432,2291475,2565734,581837,1983897,4.409713,123,217293,2074182,1071250,2565734,1719266,0.598771
5433,2291475,2547947,574179,1973768,4.437548,125,216908,2074567,1064562,2547947,1710301,0.598356
5434,2281719,2527854,566569,1961285,4.461688,122,216274,2065445,1057372,2527854,1701634,0.597674
5435,2280967,2506587,558953,1947634,4.484433,125,214968,2065999,1049410,2506587,1691053,0.597142
5436,2242699,2482749,551394,1931355,4.502677,126,214027,2028672,1040625,2482749,1679751,0.596456
5437,2229479,2457161,543933,1913228,4.517396,124,213319,2016160,1031685,2457161,1669579,0.595424
5438,2208437,2429184,536515,1892669,4.527709,125,212276,1996161,1021825,2429184,1658116,0.594325
5439,2164443,2399462,529186,1870276,4.534251,125,210846,1953597,1010447,2399462,1642326,0.593663
5440,2162425,2370678,521997,1848681,4.541555,123,209606,1952819,999575,2370678,1627622,0.592921
5441,2158702,2315957,508846,1807111,4.551391,122,207519,1951183,979302,2315957,1601251,0.591226
5442,2154510,2267870,495940,1771930,4.572872,124,205256,1949254,961081,2267870,1576454,0.589927
5443,2128325,2225988,483278,1742710,4.606020,124,202869,1925456,944730,2225988,1552932,0.589054
5444,2085733,2192595,471137,1721458,4.653837,123,201341,1884392,931524,2192595,1533501,0.588443
5445,2075469,2156102,459564,1696538,4.691625,125,199553,1875916,918353,2156102,1517310,0.586948
5446,2064613,2119315,449500,1669815,4.714828,125,198069,1866544,904822,2119315,1499973,0.585561
5447,2055449,2078792,440457,1638335,4.719625,122,196649,1858800,891103,2078792,1485620,0.583208
5448,2038265,2034677,432062,1602615,4.709225,123,194454,1843811,875277,2034677,1466431,0.581152
5449,2028978,1986279,424224,1562055,4.682147,124,191807,1837171,856731,1986279,1440645,0.579610
5450,1963226,1936260,416477,1519783,4.649140,129,188688,1774538,836792,1936260,1410908,0.578477
5451,1918913,1849300,403699,1445601,4.580888,124,182354,1736559,802455,1849300,1360520,0.576138
5452,1883833,1777025,390720,1386305,4.548078,126,174880,1708953,771563,1777025,1309227,0.575787
5453,1844079,1709697,377526,1332171,4.528687,124,167341,1676738,741934,1709697,1258039,0.576095
5454,1657200,1631917,364213,1267704,4.480667,124,158240,1498960,706422,1631917,1193771,0.577529
5455,1548372,1557901,350112,1207789,4.449722,129,151474,1396898,673809,1557901,1137335,0.578020
5456,1432189,1491018,335222,1155796,4.447852,127,145404,1286785,643906,1491018,1084606,0.578896
5457,1261417,1395317,320660,1074657,4.351391,120,129831,1131586,594845,1395317,984063,0.586420
5458,1164033,1339307,306236,1033071,4.373447,123,120711,1043322,567717,1339307,931561,0.589778
5459,1020806,1297500,291943,1005557,4.444361,121,113825,906981,548229,1297500,895416,0.591678
5460,928911,1221457,277779,943678,4.397226,124,99024,829887,507121,1221457,807027,0.602153
5461,830863,1206139,271057,935082,4.449761,125,96829,734034,500022,1206139,793949,0.603043
5462,778766,1190763,264412,926351,4.503438,122,95000,683766,494006,1190763,785261,0.602606
5463,756514,1169054,257756,911298,4.535506,119,92791,663723,484530,1169054,769066,0.603190
5464,709803,1148167,251139,897028,4.571839,123,91223,618580,476631,1148167,758357,0.602231
5465,700849,1124122,244610,879512,4.595568,119,89417,611432,466526,1124122,741982,0.602390
5466,693563,1099653,238301,861352,4.614555,120,87742,605821,456427,1099653,726055,0.602316
5467,690831,1047395,232245,815150,4.509871,121,79766,611065,429313,1047395,669857,0.609925
5468,673521,1005568,226511,779057,4.439378,121,73208,600313,408292,1005568,627600,0.615716
5469,643267,980064,221181,758883,4.431050,121,70397,572870,396098,980064,604328,0.618574
5470,596529,953011,215786,737225,4.416464,120,67950,528579,384158,953011,583621,0.620195
5471,590690,916484,212074,704410,4.321529,121,61782,528908,364319,916484,540792,0.628902
5472,576048,875625,208344,667281,4.202785,120,54340,521708,342048,875625,492567,0.639987
5473,565393,850181,204575,645606,4.155840,120,51204,514189,329870,850181,469299,0.644330
5474,538017,827644,200688,626956,4.124033,119,48875,489142,319738,827644,451308,0.647127
5475,521158,804919,196714,608205,4.091824,122,46484,474674,308966,804919,430945,0.651301
5476,511128,779543,192637,586906,4.046694,119,43599,467529,296782,779543,407585,0.656663
5477,484910,734265,188430,545835,3.896752,113,35674,449236,272318,734265,355007,0.674088
5478,468849,696887,184132,512755,3.784714,26,29117,439732,252604,696887,313529,0.689703
5479,437139,672125,179740,492385,3.739429,18,26779,410360,241632,672125,294403,0.695401
5480,392573,646438,175075,471363,3.692349,18,24574,367999,230177,646438,274270,0.702110
5481,386476,624008,171203,452805,3.644843,17,22987,363489,220594,624008,258368,0.707191
5482,318169,601562,167220,434342,3.597429,18,21388,296781,211321,601562,243722,0.711669
5483,318169,577300,163184,414116,3.537724,18,19692,298477,201128,577300,227212,0.717578
5484,317871,552111,159064,393047,3.470999,17,17894,299977,190712,552111,210737,0.723750
5485,309098,524925,154835,370090,3.390222,18,16288,292810,180097,524925,195463,0.728670
5486,308343,495874,150522,345352,3.294362,18,14458,293885,167997,495874,176114,0.737921
5487,308121,466043,146138,319905,3.189061,18,12516,295605,156282,466043,159085,0.745516
5488,300512,435698,141643,294055,3.076029,19,10511,290001,143951,435698,140106,0.756678
5489,296176,406238,137009,269229,2.965046,18,8623,287553,132046,406238,121946,0.769122
5490,291168,376851,132158,244693,2.851519,18,7011,284157,120677,376851,105857,0.780702
5491,286319,306021,119123,186898,2.568950,12,3472,282847,94111,306021,70423,0.812926
5492,277158,248057,105674,142383,2.347380,10,2193,274965,75196,248057,52727,0.824701
5493,276578,199699,91974,107725,2.171255,8,1634,274944,60220,199699,41181,0.829039
5494,271474,162138,78206,83932,2.073217,6,1312,270162,48911,162138,33506,0.828740
5495,271474,129995,64394,65601,2.018744,6,1111,270363,39472,129995,27893,0.823337
5496,261442,98044,50526,47518,1.940466,6,798,260644,29867,98044,21424,0.820672
5497,261160,68529,37496,31033,1.827635,6,418,260742,20868,68529,14943,0.820982
5498,230408,44495,26204,18291,1.698023,5,180,230228,13633,44495,10037,0.815943
5499,211800,26534,16737,9797,1.585350,5,125,211675,8183,26534,6198,0.810644
5500,207282,13770,9822,3948,1.401955,4,79,207203,4178,13770,2942,0.823959
5501,187740,8364,6559,1805,1.275194,4,41,187699,2483,8364,1568,0.842126
5502,187740,4497,3937,560,1.142240,4,24,187716,1296,4497,687,0.867477
5503,119508,1975,1927,48,1.024909,3,13,119495,546,1975,209,0.904304
5504,119508,495,495,0,1.000000,1,2,119506,140,495,65,0.883929
5505,119508,0,0,0,0.000000,0,0,119508,0,0,0,0.000000
5506,114739,0,0,0,0.000000,0,0,114739,0,0,0,0.000000
5507,114739,0,0,0,0.000000,0,0,114739,0,0,0,0.000000
5508,114739,0,0,0,0.000000,0,0,114739,0,0,0,0.000000
5509,114739,0,0,0,0.000000,0,0,114739,0,0,0,0.000000
5510,114739,0,0,0,0.000000,0,0,114739,0,0,0,0.000000
5511,114739,0,0,0,0.000000,0,0,114739,0,0,0,0.000000
5512,114739,0,0,0,0.000000,0,0,114739,0,0,0,0.000000
5513,114739,0,0,0,0.000000,0,0,114739,0,0,0,0.000000
5514,114739,0,0,0,0.000000,0,0,114739,0,0,0,0.000000
5515,114739,0,0,0,0.000000,0,0,114739,0,0,0,0.000000
5516,114739,0,0,0,0.000000,0,0,114739,0,0,0,0.000000
5517,114739,0,0,0,0.000000,0,0,114739,0,0,0,0.000000
5518,114739,0,0,0,0.000000,0,0,114739,0,0,0,0.000000
5519,114739,0,0,0,0.000000,0,0,114739,0,0,0,0.000000
5520,114739,0,0,0,0.000000,0,0,114739,0,0,0,0.000000
5521,114739,0,0,0,0.000000,0,0,114739,0,0,0,0.000000
5522,114739,0,0,0,0.000000,0,0,114739,0,0,0,0.000000
5523,114739,0,0,0,0.000000,0,0,114739,0,0,0,0.000000
5524,114739,0,0,0,0.000000,0,0,114739,0,0,0,0.000000
5525,114739,0,0,0,0.000000,0,0,114739,0,0,0,0.000000
5526,114739,0,0,0,0.000000,0,0,114739,0,0,0,0.000000
5527,114739,0,0,0,0.000000,0,0,114739,0,0,0,0.000000
5528,114739,0,0,0,0.000000,0,0,114739,0,0,0,0.000000
5529,114739,0,0,0,0.000000,0,0,114739,0,0,0,0.000000
5530,114739,0,0,0,0.000000,0,0,114739,0,0,0,0.000000
5531,114739,0,0,0,0.000000,0,0,114739,0,0,0,0.000000
5532,114739,0,0,0,0.000000,0,0,114739,0,0,0,0.000000
5533,114739,0,0,0,0.000000,0,0,114739,0,0,0,0.000000
5534,114739,0,0,0,0.000000,0,0,114739,0,0,0,0.000000
5535,114739,0,0,0,0.000000,0,0,114739,0,0,0,0.000000
5536,114739,0,0,0,0.000000,0,0,114739,0,0,0,0.000000
5537,114739,0,0,0,0.000000,0,0,114739,0,0,0,0.000000
5538,114739,0,0,0,0.000000,0,0,114739,0,0,0,0.000000
5539,114739,0,0,0,0.000000,0,0,114739,0,0,0,0.000000
5540,114739,0,0,0,0.000000,0,0,114739,0,0,0,0.000000
5541,114739,0,0,0,0.000000,0,0,114739,0,0,0,0.000000
5542,114739,0,0,0,0.000000,0,0,114739,0,0,0,0.000000
5543,114739,0,0,0,0.000000,0,0,114739,0,0,0,0.000000
5544,114739,0,0,0,0.000000,0,0,114739,0,0,0,0.000000
5545,114739,0,0,0,0.000000,0,0,114739,0,0,0,0.000000
5546,114739,0,0,0,0.000000,0,0,114739,0,0,0,0.000000
5547,114739,0,0,0,0.000000,0,0,114739,0,0,0,0.000000
5548,114739,0,0,0,0.000000,0,0,114739,0,0,0,0.000000
5549,114739,0,0,0,0.000000,0,0,114739,0,0,0,0.000000
5550,114739,0,0,0,0.000000,0,0,114739,0,0,0,0.000000
5551,114739,0,0,0,0.000000,0,0,114739,0,0,0,0.000000
5552,114739,0,0,0,0.000000,0,0,114739,0,0,0,0.000000
5553,114739,0,0,0,0.000000,0,0,114739,0,0,0,0.000000
5554,114739,0,0,0,0.000000,0,0,114739,0,0,0,0.000000
5555,114739,0,0,0,0.000000,0,0,114739,0,0,0,0.000000
5556,114739,0,0,0,0.000000,0,0,114739,0,0,0,0.000000
5557,114739,0,0,0,0.000000,0,0,114739,0,0,0,0.000000
5558,114739,0,0,0,0.000000,0,0,114739,0,0,0,0.000000
5559,114739,0,0,0,0.000000,0,0,114739,0,0,0,0.000000
