frame,triangle_count,total_fragments,covered_pixels,overdraw_extra,avg_overdraw,max_overdraw,rasterized_triangles,skipped_triangles,quad_instances,quad_covered_lanes,quad_waste_lanes,quad_efficiency
60,5974419,3871524,1313280,2558244,2.947981,10,175906,5798513,1279645,3871524,1247056,0.756367
61,5974419,3889040,1319040,2570000,2.948387,10,176619,5797800,1284874,3889040,1250456,0.756697
62,5974419,3908294,1326720,2581574,2.945832,10,177350,5797069,1293221,3908294,1264590,0.755535
63,5974419,3927258,1332480,2594778,2.947330,10,177710,5796709,1297893,3927258,1264314,0.756468
64,5974419,3946964,1338240,2608724,2.949369,10,178227,5796192,1306600,3946964,1279436,0.755197
65,5980059,3965656,1344000,2621656,2.950637,10,178761,5801298,1311143,3965656,1278916,0.756145
66,5980059,3986668,1351679,2634989,2.949419,11,179736,5800323,1319042,3986668,1289500,0.755599
67,5980059,4003232,1357440,2645792,2.949104,10,180139,5799920,1325026,4003232,1296872,0.755312
68,5980059,4022947,1363200,2659747,2.951105,10,180833,5799226,1330389,4022947,1298609,0.755972
69,5980059,4045058,1370879,2674179,2.950704,10,181457,5798602,1337158,4045058,1303574,0.756279
70,5980059,4064106,1376640,2687466,2.952192,10,181752,5798307,1344501,4064106,1313898,0.755690
71,5980059,4082627,1382400,2700227,2.953289,10,182767,5797292,1348967,4082627,1313241,0.756621
72,5980059,4102615,1390080,2712535,2.951352,10,183056,5797003,1356780,4102615,1324505,0.755947
73,5980059,4122139,1395840,2726299,2.953160,10,183908,5796151,1362847,4122139,1329249,0.756163
74,5980059,4141257,1401600,2739657,2.954664,10,184426,5795633,1369562,4141257,1336991,0.755946
75,5980059,4160286,1407360,2752926,2.956092,10,184785,5795274,1374685,4160286,1338454,0.756589
76,5980059,4181036,1415040,2765996,2.954712,10,185625,5794434,1382734,4181036,1349900,0.755936
77,5980059,4199597,1421141,2778456,2.955088,10,186090,5793969,1387832,4199597,1351731,0.756503
78,5980059,4216132,1427736,2788396,2.953019,10,186966,5793093,1393147,4216132,1356456,0.756584
79,5980059,4240875,1436297,2804578,2.952645,10,187476,5792583,1403208,4240875,1371957,0.755568
80,5980059,4259318,1443325,2815993,2.951046,10,187886,5792173,1404605,4259318,1359102,0.758099
81,5980059,4278874,1450480,2828394,2.949971,10,188748,5791311,1414352,4278874,1378534,0.756331
82,5980059,4297390,1457798,2839592,2.947864,10,189339,5790720,1417550,4297390,1372810,0.757890
83,5980059,4317074,1466997,2850077,2.942797,10,189848,5790211,1425310,4317074,1384166,0.757217
84,5980059,4336640,1474559,2862081,2.940974,10,190219,5789840,1431760,4336640,1390400,0.757222
85,5980059,4356374,1482289,2874085,2.938951,10,190505,5789554,1434572,4356374,1381914,0.759177
86,5980059,4377375,1491696,2885679,2.934495,10,191084,5788975,1442875,4377375,1394125,0.758447
87,5980059,4395787,1499597,2896190,2.931312,10,191729,5788330,1447735,4395787,1395153,0.759080
88,6056698,4413956,1507531,2906425,2.927937,10,192327,5864371,1453467,4413956,1399912,0.759212
89,6056698,4434144,1515621,2918523,2.925629,10,192768,5863930,1461188,4434144,1410608,0.758654
90,6056698,4456352,1525465,2930887,2.921307,10,193409,5863289,1466742,4456352,1410616,0.759566
91,6056698,4476637,1533835,2942802,2.918591,10,194436,5862262,1475198,4476637,1424155,0.758650
92,6056698,4496607,1542396,2954211,2.915339,10,195625,5861073,1480232,4496607,1424321,0.759443
93,6056698,4515457,1552480,2962977,2.908544,10,196087,5860611,1490428,4515457,1446255,0.757409
94,6056698,4534808,1561194,2973614,2.904705,10,196576,5860122,1492538,4534808,1435344,0.759580
95,6056698,4555704,1570066,2985638,2.901600,10,197334,5859364,1498391,4555704,1437860,0.760099
96,6056698,4574951,1578987,2995964,2.897396,10,197861,5858837,1504476,4574951,1442953,0.760223
97,6056698,4596831,1589414,3007417,2.892155,10,199034,5857664,1512460,4596831,1453009,0.759827
98,6056698,4617111,1598498,3018613,2.888406,10,199403,5857295,1519971,4617111,1462773,0.759408
99,6056698,4637375,1607676,3029699,2.884521,10,200038,5856660,1522269,4637375,1451701,0.761589
100,6056698,4660551,1618210,3042341,2.880066,10,200753,5855945,1531172,4660551,1464137,0.760945
101,6056698,4679965,1627470,3052495,2.875608,10,200847,5855851,1537822,4679965,1471323,0.760811
102,6056698,4700214,1636851,3063363,2.871498,11,201853,5854845,1542061,4700214,1468030,0.762002
103,6056698,4720575,1647505,3073070,2.865287,10,202338,5854360,1551214,4720575,1484281,0.760787
104,6056698,4742185,1656980,3085205,2.861945,10,202535,5854163,1555646,4742185,1480399,0.762093
105,6056698,4761324,1666454,3094870,2.857159,10,203183,5853515,1558917,4761324,1474344,0.763563
106,6056698,4778670,1675972,3102698,2.851283,10,203019,5853679,1568800,4778670,1496530,0.761517
107,6056698,4799468,1686316,3113152,2.846126,11,203923,5852775,1571479,4799468,1486448,0.763527
108,6056698,4818186,1695048,3123138,2.842507,11,204579,5852119,1580125,4818186,1502314,0.762311
109,6056698,4839040,1703625,3135415,2.840437,11,204907,5851791,1583886,4839040,1496504,0.763792
110,6056698,4857764,1713238,3144526,2.835429,11,205444,5851254,1591285,4857764,1507376,0.763183
111,6056698,4876386,1721519,3154867,2.832607,11,205665,5851033,1596795,4876386,1510794,0.763465
112,6258254,4892352,1729665,3162687,2.828497,11,206225,6052029,1599747,4892352,1506636,0.764551
113,6288072,4910638,1737697,3172941,2.825946,11,207331,6080741,1606041,4910638,1513526,0.764401
114,6288072,4931281,1746749,3184532,2.823119,10,208042,6080030,1612078,4931281,1517031,0.764740
115,6288072,4950152,1754536,3195616,2.821345,10,208956,6079116,1620812,4950152,1533096,0.763530
116,6288072,4969678,1762222,3207456,2.820120,10,209627,6078445,1624624,4969678,1528818,0.764743
117,6288072,4990817,1770923,3219894,2.818201,10,210348,6077724,1630135,4990817,1529723,0.765399
118,6288072,5010877,1778405,3232472,2.817624,12,211853,6076219,1641784,5010877,1556259,0.763023
119,6288072,5032683,1785803,3246880,2.818162,11,212654,6075418,1643683,5032683,1542049,0.765458
120,6288072,5054309,1793113,3261196,2.818734,11,213551,6074521,1652904,5054309,1557307,0.764459
121,6288072,5238835,1865394,3373441,2.808433,11,223313,6064759,1713747,5238835,1616153,0.764237
122,6289112,5368042,1922580,3445462,2.792103,11,233008,6056104,1757956,5368042,1663782,0.763393
123,6297487,5491889,1970413,3521476,2.787177,12,241929,6055558,1806299,5491889,1733307,0.760102
124,6298947,5595558,2009960,3585598,2.783915,12,248902,6050045,1840588,5595558,1766794,0.760023
125,6300622,5713243,2044198,3669045,2.794858,12,256309,6044313,1882924,5713243,1818453,0.758560
126,6300632,5817998,2073599,3744399,2.805749,12,258495,6042137,1915758,5817998,1845034,0.759229
127,6300632,5867871,2073600,3794271,2.829799,12,261384,6039248,1938030,5867871,1884249,0.756938
128,6300632,5913988,2073600,3840388,2.852039,13,263158,6037474,1956439,5913988,1911768,0.755708
129,6357514,5966144,2073600,3892544,2.877191,12,265094,6092420,1980540,5966144,1956016,0.753096
130,6368686,6034957,2073599,3961358,2.910378,13,268635,6100051,2005628,6034957,1987555,0.752253
131,6368686,6021098,2073600,3947498,2.903693,13,267817,6100869,1992394,6021098,1948478,0.755510
132,6368686,5997035,2073600,3923435,2.892089,14,266777,6101909,1989854,5997035,1962381,0.753452
133,6363100,5975334,2073599,3901735,2.881625,13,266213,6096887,1981320,5975334,1949946,0.753959
134,6363100,5966557,2073600,3892957,2.877391,12,264407,6098693,1978288,5966557,1946595,0.754005
135,6357514,5948666,2073600,3875066,2.868763,13,264194,6093320,1969930,5948666,1931054,0.754934
136,6357512,5931574,2073600,3857974,2.860520,13,263242,6094270,1964210,5931574,1925266,0.754957
137,6357488,5917703,2073600,3844103,2.853831,13,261879,6095609,1963390,5917703,1935857,0.753506
138,6300608,5902897,2073599,3829298,2.846692,12,260917,6039691,1954635,5902897,1915643,0.754987
139,6300608,5892596,2073599,3818997,2.841724,13,261604,6039004,1950949,5892596,1911200,0.755094
140,6300288,5887694,2073600,3814094,2.839359,12,260698,6039590,1950326,5887694,1913610,0.754706
141,6300288,5882915,2073600,3809315,2.837054,12,260108,6040180,1950414,5882915,1918741,0.754060
142,6300288,5881599,2073598,3808001,2.836422,13,259675,6040613,1946066,5881599,1902665,0.755575
143,6300288,5875109,2073599,3801510,2.833291,13,258292,6041996,1944499,5875109,1902887,0.755350
144,6272470,5884116,2073600,3810516,2.837633,12,258841,6013629,1944791,5884116,1895048,0.756394
145,6272470,5884926,2073599,3811327,2.838025,12,258426,6014044,1946742,5884926,1902042,0.755740
146,6272470,5878557,2073600,3804957,2.834952,12,257134,6015336,1944908,5878557,1901075,0.755634
147,6272470,5878839,2073600,3805239,2.835088,11,257676,6014794,1938672,5878839,1875849,0.758101
148,6272402,5883848,2073600,3810248,2.837504,12,256952,6015450,1940905,5883848,1879772,0.757874
149,6272402,5889222,2073600,3815622,2.840095,11,256390,6016012,1946181,5889222,1895502,0.756510
150,6270727,5896060,2073600,3822460,2.843393,12,255740,6014987,1944594,5896060,1882316,0.758007
151,6264393,5898077,2073600,3824477,2.844366,11,254213,6010180,1942010,5898077,1869963,0.759275
152,6264393,5899664,2073600,3826064,2.845131,11,251828,6012565,1939619,5899664,1858812,0.760415
153,6264393,5915673,2073600,3842073,2.852852,12,250718,6013675,1942434,5915673,1854063,0.761374
154,6264393,5920243,2073598,3846645,2.855058,11,248154,6016239,1939111,5920243,1836201,0.763268
155,6227483,5926234,2073599,3852635,2.857946,11,245043,5982440,1928083,5926234,1786098,0.768410
156,6227115,5938490,2073598,3864892,2.863858,11,243213,5983902,1926668,5938490,1768182,0.770565
157,6227115,5913912,2073598,3840314,2.852005,11,238123,5988992,1917419,5913912,1755764,0.771077
158,6227115,5920525,2073599,3846926,2.855193,11,234768,5992347,1907458,5920525,1709307,0.775971
159,6226727,5932547,2073600,3858947,2.860989,12,230973,5995754,1907195,5932547,1696233,0.777653
160,6222320,5945857,2073599,3872258,2.867409,11,224661,5997659,1905885,5945857,1677683,0.779934
161,6216734,5896826,2073600,3823226,2.843763,10,217969,5998765,1881798,5896826,1630366,0.783403
162,6181321,5870627,2073600,3797027,2.831128,10,210607,5970714,1867400,5870627,1598973,0.785936
163,6180281,5826301,2073600,3752701,2.809752,11,202925,5977356,1836851,5826301,1521103,0.792974
164,6174695,5789107,2073599,3715508,2.791816,10,196847,5977848,1825802,5789107,1514101,0.792680
165,6174695,5700131,2073599,3626532,2.748907,10,190523,5984172,1791929,5700131,1467585,0.795251
166,6174695,5556570,2073600,3482970,2.679673,10,183978,5990717,1742814,5556570,1414686,0.797069
167,6147665,5412237,2073600,3338637,2.610068,9,177843,5969822,1699963,5412237,1387615,0.795935
168,6141857,5325522,2073600,3251922,2.568249,10,171829,5970028,1670432,5325522,1356206,0.797028
169,5910483,5213007,2073600,3139407,2.513989,10,167216,5743267,1633397,5213007,1320581,0.797878
170,5910483,5059928,2073600,2986328,2.440166,10,163551,5746932,1589627,5059928,1298580,0.795773
171,5906303,4972077,2073599,2898478,2.397801,10,160401,5745902,1565358,4972077,1289355,0.794080
172,5906303,4900983,2073600,2827383,2.363514,9,157316,5748987,1547662,4900983,1289665,0.791675
173,5900495,4896872,2073600,2823272,2.361532,9,153996,5746499,1540269,4896872,1264204,0.794808
174,5896755,4899287,2073600,2825687,2.362696,9,150246,5746509,1539444,4899287,1258489,0.795626
175,5808656,4899627,2073599,2826028,2.362861,9,146988,5661668,1537377,4899627,1249881,0.796751
176,5784500,4904551,2073600,2830951,2.365235,9,144133,5640367,1533242,4904551,1228417,0.799703
177,5784500,4911174,2073600,2837574,2.368429,9,142283,5642217,1531554,4911174,1215042,0.801665
178,5756682,4918420,2073600,2844820,2.371923,9,140286,5616396,1534488,4918420,1219532,0.801313
179,5732526,4923672,2073599,2850073,2.374457,11,138357,5594169,1531342,4923672,1201696,0.803817
180,5726886,4931763,2073600,2858163,2.378358,10,136326,5590560,1535541,4931763,1210401,0.802936
181,5726886,4929942,2073600,2856342,2.377480,10,135334,5591552,1528102,4929942,1182466,0.806547
182,5720552,4936408,2073600,2862808,2.380598,10,135222,5585330,1536223,4936408,1208484,0.803335
183,5720552,4940204,2073600,2866604,2.382429,10,134322,5586230,1534222,4940204,1196684,0.805001
184,5720548,4941738,2073600,2868138,2.383168,11,133661,5586887,1533873,4941738,1193754,0.805435
185,5720548,4945893,2073600,2872293,2.385172,10,133043,5587505,1533101,4945893,1186511,0.806518
186,5720540,4947351,2073599,2873752,2.385876,10,132315,5588225,1533162,4947351,1185297,0.806723
187,5715320,4954043,2073600,2880443,2.389103,10,132362,5582958,1536263,4954043,1191009,0.806184
188,5715320,4956762,2073599,2883163,2.390415,10,131310,5584010,1534349,4956762,1180634,0.807633
189,5657907,4960774,2073600,2887174,2.392349,10,130946,5526961,1537431,4960774,1188950,0.806666
190,5657907,4967143,2073600,2893543,2.395420,10,130606,5527301,1534847,4967143,1172245,0.809062
191,5657907,4971087,2073600,2897487,2.397322,10,129768,5528139,1540713,4971087,1191765,0.806621
192,5657907,4970653,2073600,2897053,2.397113,11,128978,5528929,1537390,4970653,1178907,0.808294
193,5657907,4978059,2073600,2904459,2.400684,10,127488,5530419,1534656,4978059,1160565,0.810941
194,5619313,4980781,2073600,2907181,2.401997,10,127148,5492165,1538756,4980781,1174243,0.809222
195,5619321,4987779,2073600,2914179,2.405372,10,125850,5493471,1534857,4987779,1151649,0.812418
196,5619283,4997003,2073600,2923403,2.409820,11,125234,5494049,1534985,4997003,1142937,0.813852
197,5619283,5007534,2073600,2933934,2.414899,12,124525,5494758,1540622,5007534,1154954,0.812583
198,5616803,5012450,2073600,2938850,2.417269,10,123632,5493171,1539188,5012450,1144302,0.814139
199,5615026,5020058,2073599,2946459,2.420940,10,122402,5492624,1539172,5020058,1136630,0.815383
200,5615026,5026194,2073599,2952595,2.423899,9,122007,5493019,1543956,5026194,1149630,0.813850
201,5615026,5036829,2073600,2963229,2.429026,9,121107,5493919,1543992,5036829,1139139,0.815553
202,5615026,5045313,2073599,2971714,2.433119,9,120685,5494341,1544805,5045313,1133907,0.816497
203,5615026,5057014,2073600,2983414,2.438761,9,119921,5495105,1547473,5057014,1132878,0.816979
204,5615026,5066064,2073599,2992465,2.443126,9,118165,5496861,1547542,5066064,1124104,0.818405
205,5615026,5088286,2073600,3014686,2.453842,9,118140,5496886,1553791,5088286,1126878,0.818689
206,5615026,5101020,2073600,3027420,2.459983,9,116578,5498448,1553228,5101020,1111892,0.821035
207,5639182,5112861,2073600,3039261,2.465693,10,115980,5523202,1556411,5112861,1112783,0.821258
208,5639182,5131034,2073600,3057434,2.474457,9,114605,5524577,1560866,5131034,1112430,0.821825
209,5639182,5151607,2073599,3078008,2.484380,10,114643,5524539,1568465,5151607,1122253,0.821122
210,5639182,5172009,2073600,3098409,2.494217,9,113196,5525986,1569676,5172009,1106695,0.823738
211,5637502,5142014,2073600,3068414,2.479752,10,111407,5526095,1556166,5142014,1082650,0.826071
212,5637502,5074622,2073600,3001022,2.447252,11,108733,5528769,1538417,5074622,1079046,0.824650
213,5637066,4997651,2073600,2924051,2.410133,9,105861,5531205,1514420,4997651,1060029,0.825011
214,5631472,4793533,2073600,2719933,2.311696,8,103052,5528420,1460653,4793533,1049079,0.820443
215,5631472,4526387,2073600,2452787,2.182864,9,99127,5532345,1382230,4526387,1002533,0.818675
216,5631472,4419751,2073599,2346152,2.131440,8,96380,5535092,1351141,4419751,984813,0.817781
217,5631472,4389877,2073600,2316277,2.117032,9,93388,5538084,1338404,4389877,963739,0.819984
218,5631472,4371601,2073599,2298002,2.108219,8,90197,5541275,1330276,4371601,949503,0.821559
219,5631472,4369367,2073598,2295769,2.107143,8,87573,5543899,1325986,4369367,934577,0.823796
220,5640532,4371665,2073600,2298065,2.108249,8,85482,5555050,1322011,4371665,916379,0.826707
221,5574266,4319197,2073600,2245597,2.082946,9,82858,5491408,1304919,4319197,900479,0.827484
222,5566800,4334753,2073600,2261153,2.090448,10,81399,5485401,1310316,4334753,906511,0.827043
223,5539282,4325440,2073600,2251840,2.085957,11,80416,5458866,1308262,4325440,907608,0.826562
224,5559539,4318781,2073600,2245181,2.082745,11,79643,5479896,1307279,4318781,910335,0.825910
225,5575061,4329477,2073598,2255879,2.087906,12,78308,5496753,1308595,4329477,904903,0.827123
226,5641703,4336735,2073600,2263135,2.091404,11,77439,5564264,1306925,4336735,890965,0.829568
227,5494152,4299593,2073600,2225993,2.073492,11,73908,5420244,1288366,4299593,853871,0.834311
228,560704,4186554,2073599,2112955,2.018980,10,75503,485201,1255874,4186554,836942,0.833395
229,550648,4088120,2073600,2014520,1.971508,10,74504,476144,1224907,4088120,811508,0.834374
230,523376,4120580,2073600,2046980,1.987162,9,72612,450764,1230724,4120580,802316,0.837024
231,549755,4207644,2073600,2134044,2.029149,10,75139,474616,1260293,4207644,833528,0.834656
232,544456,4182020,2073594,2108426,2.016798,9,82374,462082,1263483,4182020,871912,0.827478
233,560072,4131038,2073599,2057439,1.992207,9,81682,478390,1251342,4131038,874330,0.825322
234,649187,4083362,2073502,2009860,1.969307,9,83966,565221,1241450,4083362,882438,0.822297
235,689157,4056759,2073257,1983502,1.956708,10,105414,583743,1255048,4056759,963433,0.808088
236,691958,4230685,2073297,2157388,2.040559,16,111477,580481,1314697,4230685,1028103,0.804498
237,754643,4404437,2073322,2331115,2.124338,18,112653,641990,1364907,4404437,1055191,0.806728
238,758082,4614326,2073313,2541013,2.225581,20,113387,644695,1428622,4614326,1100162,0.807478
239,786402,4565740,2073337,2492403,2.202122,19,111245,675157,1409743,4565740,1073232,0.809676
240,764104,4379354,2073344,2306010,2.112218,18,110896,653208,1355552,4379354,1042854,0.807670
241,773065,4217080,2073359,2143721,2.033936,20,110193,662872,1304890,4217080,1002480,0.807938
242,754300,4341075,2073372,2267703,2.093727,19,112775,641525,1342093,4341075,1027297,0.808639
243,781302,4603303,2073364,2529939,2.220210,19,118710,662592,1420769,4603303,1079773,0.810002
244,781302,4872539,2073322,2799217,2.350112,20,131442,649860,1513390,4872539,1181021,0.804905
245,781306,5018855,2073297,2945558,2.420712,18,133908,647398,1555367,5018855,1202613,0.806699
246,787118,4992775,2073356,2919419,2.408065,18,135733,651385,1552541,4992775,1217389,0.803968
247,807314,4990428,2073338,2917090,2.406953,18,134526,672788,1552831,4990428,1220896,0.803440
248,807326,4906374,2073339,2833035,2.366412,17,131821,675505,1527604,4906374,1204042,0.802953
249,768847,4907728,2073342,2834386,2.367061,17,131799,637048,1532247,4907728,1221260,0.800740
250,762887,4973859,2073354,2900505,2.398943,16,131717,631170,1549909,4973859,1225777,0.802282
251,757249,4858844,2073337,2785507,2.343490,17,127618,629631,1509997,4858844,1181144,0.804446
252,699836,4745161,2073324,2671837,2.288673,16,124525,575311,1473410,4745161,1148479,0.805132
253,699838,4708751,2073284,2635467,2.271156,17,121923,577915,1457562,4708751,1121497,0.807642
254,699840,4703076,2073272,2629804,2.268432,17,116351,583489,1446315,4703076,1082184,0.812941
255,673453,4695463,2073250,2622213,2.264784,17,116085,557368,1438276,4695463,1057641,0.816162
256,679221,4648043,2073232,2574811,2.241931,17,116091,563130,1421038,4648043,1036109,0.817720
257,672651,4736459,2073180,2663279,2.284635,17,116036,556615,1444128,4736459,1040053,0.819951
258,690249,4878989,2073325,2805664,2.353220,17,112590,577659,1479868,4878989,1040483,0.824227
259,690259,4954497,2073398,2881099,2.389554,17,100033,590226,1495456,4954497,1027327,0.828259
260,554538,4952378,2073600,2878778,2.388300,13,91211,463327,1486786,4952378,994766,0.832732
261,506709,4927373,2073599,2853774,2.376242,11,87450,419259,1478171,4927373,985311,0.833356
262,469809,4910388,2073600,2836788,2.368050,11,88835,380974,1478207,4910388,1002440,0.830464
263,469004,4880368,2073600,2806768,2.353573,11,87810,381194,1471581,4880368,1005956,0.829103
264,469004,4801114,2073600,2727514,2.315352,11,84328,384676,1447785,4801114,990026,0.829045
265,469004,4714974,2073600,2641374,2.273811,11,83334,385670,1424641,4714974,983590,0.827397
266,469004,4646104,2073600,2572504,2.240598,11,82049,386955,1405549,4646104,976092,0.826386
267,464826,4622915,2073600,2549315,2.229415,11,80626,384200,1399059,4622915,973321,0.826076
268,440670,4598141,2073599,2524542,2.217469,11,79023,361647,1389196,4598141,958643,0.827482
269,417628,4648917,2073600,2575317,2.241955,11,76982,340646,1398921,4648917,946767,0.830804
270,320156,4648568,2073599,2574969,2.241787,11,75620,244536,1393552,4648568,925640,0.833942
271,320156,4660302,2073600,2586702,2.247445,11,75299,244857,1396858,4660302,927130,0.834069
272,296750,4672752,2073600,2599152,2.253449,11,74932,221818,1400246,4672752,928232,0.834273
273,296750,4681895,2073598,2608297,2.257860,11,74683,222067,1402547,4681895,928293,0.834534
274,255542,4687013,2073599,2613414,2.260328,10,74528,181014,1404864,4687013,932443,0.834069
275,253142,4688381,2073599,2614782,2.260987,10,74446,178696,1404625,4688381,930119,0.834454
276,249741,4684236,2073600,2610636,2.258987,10,74113,175628,1403829,4684236,931080,0.834189
277,249741,4686525,2073599,2612926,2.260092,10,73937,175804,1404223,4686525,930367,0.834363
278,225451,4697006,2073600,2623406,2.265146,10,73919,151532,1407557,4697006,933222,0.834248
279,225443,4716108,2073600,2642508,2.274358,10,73638,151805,1412496,4716108,933876,0.834712
280,219803,4742577,2073599,2668978,2.287123,10,73469,146334,1420077,4742577,937731,0.834915
281,219803,4727700,2073600,2654100,2.279948,10,71744,148059,1411450,4727700,918100,0.837384
282,200423,4729981,2073599,2656382,2.281049,9,68752,131671,1404745,4729981,888999,0.841786
283,194837,4747958,2073600,2674358,2.289717,9,66840,127997,1403127,4747958,864550,0.845960
284,214179,4766995,2073599,2693396,2.298899,9,64953,149226,1402632,4766995,843533,0.849652
285,214177,4788311,2073599,2714712,2.309179,9,63262,150915,1400641,4788311,814253,0.854664
286,216567,4804466,2073600,2730866,2.316969,9,61048,155519,1398405,4804466,789154,0.858919
287,222153,4815814,2073599,2742215,2.322442,9,57232,164921,1392531,4815814,754310,0.864579
288,222153,4827397,2073600,2753797,2.328027,9,54932,167221,1388442,4827397,726371,0.869211
289,222153,4831530,2073600,2757930,2.330020,9,53221,168932,1383132,4831530,700998,0.873295
290,222151,4821686,2073600,2748086,2.325273,9,51726,170425,1373834,4821686,673650,0.877414
291,222151,4869019,2073600,2795419,2.348099,9,49582,172569,1378078,4869019,643293,0.883299
292,222151,4901531,2073600,2827931,2.363778,8,46585,175566,1374917,4901531,598137,0.891241
293,222151,4904422,2073599,2830823,2.365174,8,45369,176782,1369499,4904422,573574,0.895295
294,223455,4849745,2073600,2776145,2.338804,11,45171,178284,1354109,4849745,566691,0.895376
295,229095,4843583,2073600,2769983,2.335833,12,45571,183524,1351502,4843583,562425,0.895963
296,229095,4936918,2073598,2863320,2.380846,13,45757,183338,1376261,4936918,568126,0.896799
297,223287,5069221,2073600,2995621,2.444647,12,46005,177282,1412286,5069221,579923,0.897343
298,223285,5218869,2073600,3145269,2.516816,13,46099,177186,1453113,5218869,593583,0.897877
299,264493,5363548,2073600,3289948,2.586588,15,46371,218122,1492732,5363548,607380,0.898277
300,359108,5476174,2073600,3402574,2.640902,15,47152,311956,1526300,5476174,629026,0.896969
301,412459,5621571,2073600,3547971,2.711020,14,48499,363960,1569001,5621571,654433,0.895725
302,545109,5722731,2073600,3649131,2.759805,14,54250,490859,1608253,5722731,710281,0.889588
303,545249,5792909,2073600,3719309,2.793648,16,65432,479817,1644331,5792909,784415,0.880739
304,545593,5813174,2073600,3739574,2.803421,17,75983,469610,1664036,5813174,842970,0.873355
305,545591,5769218,2073600,3695618,2.782223,17,85128,460463,1662669,5769218,881458,0.867463
306,545591,5660470,2073600,3586870,2.729779,17,90954,454637,1645468,5660470,921402,0.860009
307,545591,5489069,2073600,3415469,2.647120,16,91020,454571,1610387,5489069,952479,0.852135
308,545581,5425347,2073599,3351748,2.616392,16,90667,454914,1598846,5425347,970037,0.848322
309,551759,5293314,2073600,3219714,2.552717,15,90297,461462,1568589,5293314,981042,0.843643
310,561209,5076363,2073571,3002792,2.448126,15,89783,471426,1513531,5076363,977761,0.838497
311,561595,4903552,2073577,2829975,2.364779,15,89688,471907,1467059,4903552,964684,0.835609
312,561593,4858887,2073600,2785287,2.343213,15,87904,473689,1449796,4858887,940297,0.837857
313,558873,4892273,2073600,2818673,2.359314,15,86816,472057,1456556,4892273,933951,0.839699
314,558873,4933594,2073600,2859994,2.379241,15,85967,472906,1464546,4933594,924590,0.842171
315,562592,4971482,2073600,2897882,2.397513,15,84321,478271,1472077,4971482,916826,0.844297
316,585626,4990146,2073599,2916547,2.406514,16,83283,502343,1471792,4990146,897022,0.847631
317,585626,5038101,2073600,2964501,2.429640,17,87233,498393,1485310,5038101,903139,0.847988
318,585626,5092585,2073599,3018986,2.455916,18,87607,498019,1497253,5092585,896427,0.850321
319,585662,5101121,2073600,3027521,2.460031,16,85895,499767,1493271,5101121,871963,0.854018
320,585662,5037719,2073600,2964119,2.429456,16,83963,501699,1469603,5037719,840693,0.856986
321,585662,5028315,2073600,2954715,2.424920,15,83759,501903,1464849,5028315,831081,0.858163
322,585662,5015519,2073598,2941921,2.418752,15,83746,501916,1459456,5015519,822305,0.859142
323,558594,4974921,2073599,2901322,2.399172,14,83712,474882,1448960,4974921,820919,0.858361
324,558594,4932579,2073599,2858980,2.378753,14,83928,474666,1437346,4932579,816805,0.857932
325,558224,4916499,2073600,2842899,2.370997,14,84121,474103,1433555,4916499,817721,0.857396
326,538844,4934342,2073600,2860742,2.379602,14,84245,454599,1437257,4934342,814686,0.858292
327,538844,4978449,2073600,2904849,2.400872,14,84655,454189,1448928,4978449,817263,0.858988
328,533036,5042211,2073598,2968613,2.431624,16,84948,448088,1467644,5042211,828365,0.858895
329,533036,5111363,2073600,3037763,2.464971,15,85291,447745,1486417,5111363,834305,0.859679
330,533036,5178497,2073600,3104897,2.497346,15,85388,447648,1503887,5178497,837051,0.860852
331,533036,5215772,2073600,3142172,2.515322,14,85679,447357,1515629,5215772,846744,0.860331
332,533036,5224445,2073599,3150846,2.519506,14,86106,446930,1518275,5224445,848655,0.860260
333,533028,5233898,2073600,3160298,2.524063,15,86461,446567,1521676,5233898,852806,0.859890
334,533026,5244285,2073600,3170685,2.529073,14,86779,446247,1526333,5244285,861047,0.858968
335,533026,5251284,2073600,3177684,2.532448,16,87161,445865,1530405,5251284,870336,0.857826
336,533026,5253594,2073600,3179994,2.533562,16,87375,445651,1534455,5253594,884226,0.855938
337,533026,5248655,2073599,3175056,2.531181,17,87789,445237,1534848,5248655,890737,0.854914
338,533026,5233896,2073600,3160296,2.524062,17,88056,444970,1531895,5233896,893684,0.854154
339,533026,5203395,2073600,3129795,2.509353,15,88499,444527,1526975,5203395,904505,0.851912
340,533026,5174805,2073600,3101205,2.495566,14,88632,444394,1522579,5174805,915511,0.849678
341,533024,5169895,2073600,3096295,2.493198,15,88747,444277,1522882,5169895,921633,0.848702
342,533024,5154954,2073599,3081355,2.485994,15,88823,444201,1519460,5154954,922886,0.848156
343,527438,5113548,2073600,3039948,2.466024,15,89038,438400,1509857,5113548,925880,0.846694
344,527438,5049774,2073599,2976175,2.435270,15,88845,438593,1494268,5049774,927298,0.844857
345,527438,5036692,2073600,2963092,2.428960,15,88835,438603,1492612,5036692,933756,0.843604
346,521798,4966603,2073599,2893004,2.395161,15,88847,432951,1476428,4966603,939109,0.840983
347,519398,4968905,2073600,2895305,2.396270,15,88790,430608,1476799,4968905,938291,0.841161
348,519398,4930705,2073600,2857105,2.377848,16,88398,431000,1464153,4930705,925907,0.841904
349,461985,4875532,2073599,2801933,2.351241,16,86766,375219,1444232,4875532,901396,0.843966
350,461985,4854192,2073600,2780592,2.340949,15,84543,377442,1432590,4854192,876168,0.847101
351,461985,4886906,2073600,2813306,2.356726,14,82501,379484,1434798,4886906,852286,0.851497
352,461985,4932523,2073598,2858925,2.378727,14,80900,381085,1442971,4932523,839361,0.854578
353,420465,4981530,2073600,2907930,2.402358,14,79142,341323,1451709,4981530,825306,0.857873
354,420465,5033375,2073600,2959775,2.427361,13,77145,343320,1460643,5033375,809197,0.861500
355,420457,5082580,2073599,3008981,2.451091,12,74983,345474,1468385,5082580,790960,0.865335
356,418329,5112032,2073600,3038432,2.465293,12,71537,346792,1467043,5112032,756140,0.871146
357,418329,5150585,2073600,3076985,2.483886,13,68223,350106,1469355,5150585,726835,0.876334
358,418329,5207524,2073600,3133924,2.511345,13,66152,352177,1476970,5207524,700356,0.881454
359,418329,5270255,2073600,3196655,2.541597,13,64113,354216,1486758,5270255,676777,0.886199
360,418329,5340071,2073600,3266471,2.575266,14,62251,356078,1499824,5340071,659225,0.890116
361,418329,5367681,2073599,3294082,2.588582,12,62812,355517,1502581,5367681,642643,0.893077
362,418329,5343896,2073600,3270296,2.577110,13,62610,355719,1489893,5343896,615676,0.896691
363,418327,5312948,2073600,3239348,2.562186,13,63603,354724,1477922,5312948,598740,0.898719
364,418327,5282574,2073600,3208974,2.547538,13,65622,352705,1469353,5282574,594838,0.898793
365,391297,5208496,2073599,3134897,2.511814,13,67291,324006,1450734,5208496,594440,0.897562
366,391297,5155393,2073600,3081793,2.486204,12,68990,322307,1437302,5155393,593815,0.896714
367,391295,5168766,2073600,3095166,2.492653,14,70603,320692,1440975,5168766,595134,0.896748
368,329221,5230024,2073600,3156424,2.522195,14,71121,258100,1457301,5230024,599180,0.897211
369,323413,5301978,2073600,3228378,2.556895,14,71446,251967,1475416,5301978,599686,0.898387
370,323413,5367325,2073600,3293725,2.588409,12,71261,252152,1489725,5367325,591575,0.900724
371,323411,5423794,2073600,3350194,2.615641,13,71799,251612,1503249,5423794,589202,0.902012
372,299255,5440260,2073600,3366660,2.623582,11,72129,227126,1507380,5440260,589260,0.902271
373,299255,5423867,2073600,3350267,2.615677,12,72319,226936,1501918,5423867,583805,0.902823
374,299255,5395849,2073599,3322250,2.602166,12,72779,226476,1494420,5395849,581831,0.902666
375,299255,5372888,2073600,3299288,2.591092,11,73055,226200,1488743,5372888,582084,0.902252
376,299255,5359054,2073600,3285454,2.584420,11,73486,225769,1485990,5359054,584906,0.901597
377,299255,5349728,2073600,3276128,2.579923,11,73757,225498,1483174,5349728,582968,0.901736
378,299255,5332769,2073599,3259170,2.571746,11,74179,225076,1478415,5332769,580891,0.901771
379,299255,5308033,2073600,3234433,2.559815,10,74498,224757,1471246,5308033,576951,0.901962
380,299255,5273654,2073600,3200054,2.543236,10,74828,224427,1463262,5273654,579394,0.901010
381,299255,5277497,2073600,3203897,2.545089,10,74902,224353,1464688,5277497,581255,0.900789
382,299255,5259906,2061493,3198413,2.551503,10,75452,223803,1462488,5259906,590046,0.899137
383,299255,4842026,1664924,3177102,2.908256,10,75977,223278,1357012,4842026,586022,0.892038
384,299255,4881749,1696377,3185372,2.877750,10,76770,222485,1367230,4881749,587171,0.892635
385,299255,4940670,1728834,3211836,2.857805,11,77082,222173,1383544,4940670,593506,0.892756
386,299255,4984317,1762521,3221796,2.827948,12,77169,222086,1394801,4984317,594887,0.893374
387,299255,4998351,1797585,3200766,2.780592,10,77423,221832,1399330,4998351,598969,0.892990
388,299255,4991859,1834128,3157731,2.721652,10,77372,221883,1397715,4991859,599001,0.892861
389,299255,4965385,1872347,3093038,2.651958,10,77332,221923,1391714,4965385,601471,0.891955
390,299255,4913408,1912463,3000945,2.569152,10,77296,221959,1377957,4913408,598420,0.891430
391,299255,5182773,2022405,3160368,2.562678,9,77715,221540,1449024,5182773,613323,0.894183
392,299261,5362778,2073599,3289179,2.586217,10,78732,220529,1498195,5362778,630002,0.894873
393,299261,5476959,2073600,3403359,2.641280,11,80958,218303,1533082,5476959,655369,0.893129
394,299261,5569458,2073600,3495858,2.685888,10,81254,218007,1559464,5569458,668398,0.892848
395,299261,5653466,2073599,3579867,2.726403,11,81994,217267,1585434,5653466,688270,0.891470
396,299261,5724822,2073599,3651223,2.760814,10,83698,215563,1609782,5724822,714306,0.889068
397,299261,5751902,2073599,3678303,2.773874,11,84784,214477,1621099,5751902,732494,0.887037
398,299261,5762532,2073599,3688933,2.779000,11,85913,213348,1626023,5762532,741560,0.885986
399,299261,5691264,2073599,3617665,2.744631,10,87566,211695,1612337,5691264,758084,0.882456
400,299261,5580929,2073600,3507329,2.691420,10,90054,209207,1589882,5580929,778599,0.877570
401,299261,5549091,2073599,3475492,2.676068,10,91525,207736,1581631,5549091,777433,0.877115
402,295081,5515071,2073598,3441473,2.659663,11,93138,201943,1574855,5515071,784349,0.875489
403,296858,5476950,2073597,3403353,2.641280,11,94869,201989,1568868,5476950,798522,0.872755
404,299342,5438976,2073598,3365378,2.622965,11,95916,203426,1563264,5438976,814080,0.869811
405,299342,5400985,2073598,3327387,2.604644,12,97788,201554,1558160,5400985,831655,0.866565
406,299342,5364919,2073596,3291323,2.587254,11,100422,198920,1554659,5364919,853717,0.862716
407,299342,5324172,2073597,3250575,2.567602,10,102606,196736,1550342,5324172,877196,0.858548
408,299342,5281355,2073596,3207759,2.546955,10,104278,195064,1544054,5281355,894861,0.855112
409,293162,4905693,2073598,2832095,2.365788,11,106149,187013,1454842,4905693,913675,0.842994
410,293162,4557949,2073595,2484354,2.198090,10,107797,185365,1373047,4557949,934239,0.829897
411,293162,4557301,2073596,2483705,2.197777,9,107724,185438,1372122,4557301,931187,0.830338
412,293162,4555219,2073597,2481622,2.196772,10,107307,185855,1369855,4555219,924201,0.831332
413,293162,4551722,2073597,2478125,2.195085,10,106910,186252,1367532,4551722,918406,0.832105
414,293162,4549224,2073596,2475628,2.193882,9,106767,186395,1365402,4549224,912384,0.832946
415,293162,4547559,2073596,2473963,2.193079,9,106644,186518,1364202,4547559,909249,0.833373
416,293162,4542337,2073593,2468744,2.190563,9,106278,186884,1360564,4542337,899919,0.834642
417,293162,4533689,2073597,2460092,2.186389,9,105977,187185,1355591,4533689,888675,0.836109
418,293162,4516765,2073594,2443171,2.178230,9,105111,188051,1347295,4516765,872415,0.838117
419,293162,4501080,2073599,2427481,2.170661,9,103982,189180,1340340,4501080,860280,0.839541
420,293162,4487814,2073594,2414220,2.164268,9,102336,190826,1333597,4487814,846574,0.841299
421,290678,4536375,2073599,2462776,2.187682,10,102416,188262,1344758,4536375,842657,0.843344
422,288901,4533795,2073595,2460200,2.186442,10,100916,187985,1340246,4533795,827189,0.845702
423,288901,4511743,2073597,2438146,2.175805,11,99332,189569,1330559,4511743,810493,0.847716
424,288901,4503224,2073597,2429627,2.171697,12,98188,190713,1323988,4503224,792728,0.850314
425,288895,4515506,2073592,2441914,2.177625,13,97893,191002,1326049,4515506,788690,0.851308
426,288895,4482861,2073558,2409303,2.161917,15,97752,191143,1316498,4482861,783131,0.851285
427,264931,4381428,2073391,2308037,2.113170,23,97951,166980,1289817,4381428,777840,0.849234
428,264611,4255213,2073202,2182011,2.052484,18,99873,164738,1259675,4255213,783487,0.844506
429,264611,4154518,2072512,2082006,2.004581,17,101805,162806,1239882,4154518,805010,0.837684
430,264611,4113436,2072432,2041004,1.984835,17,102425,162186,1235877,4113436,830072,0.832088
431,264611,4043125,2072374,1970751,1.950963,12,103351,161260,1225563,4043125,859127,0.824749
432,264611,4009496,2072335,1937161,1.934772,11,103559,161052,1222258,4009496,879536,0.820100
433,264611,3995613,2072267,1923346,1.928136,10,103848,160763,1222900,3995613,895987,0.816832
434,264611,3894270,2072265,1822005,1.879234,10,103972,160639,1200058,3894270,905962,0.811267
435,264611,3737081,2072219,1664862,1.803420,10,103220,161391,1158912,3737081,898567,0.806162
436,264243,3595440,2072208,1523232,1.735077,7,101651,162592,1115083,3595440,864892,0.806092
437,264243,3527971,2072109,1455862,1.702599,7,100247,163996,1093015,3527971,844089,0.806936
438,264243,3483187,2072070,1411117,1.681018,7,98894,165349,1075998,3483187,820805,0.809292
439,264243,3425833,2072032,1353801,1.653369,7,97424,166819,1055465,3425833,796027,0.811451
440,264243,3376251,2072033,1304218,1.629439,7,94525,169718,1035417,3376251,765417,0.815191
441,264243,3314720,2071965,1242755,1.599795,7,92315,171928,1012133,3314720,733812,0.818746
442,264243,3255289,2071936,1183353,1.571134,7,90133,174110,989789,3255289,703867,0.822218
443,264235,3178679,2071871,1106808,1.534207,7,88135,176100,962978,3178679,673233,0.825221
444,264235,3111832,2071873,1039959,1.501941,7,87863,176372,944693,3111832,666940,0.823504
445,264235,3061794,2071774,990020,1.477861,7,87656,176579,929849,3061794,657602,0.823197
446,264235,3026482,2071783,954699,1.460810,7,87601,176634,918602,3026482,647926,0.823665
447,264235,3008840,2071699,937141,1.452354,6,87641,176594,914457,3008840,648988,0.822576
448,264235,3001643,2071662,929981,1.448906,6,87853,176382,916557,3001643,664585,0.818728
449,264235,2992540,2071573,920967,1.444574,7,88203,176032,916265,2992540,672520,0.816505
450,254547,2963735,2071535,892200,1.430695,6,88290,166257,908268,2963735,669337,0.815766
451,254545,2904059,2071298,832761,1.402048,6,85197,169348,883519,2904059,630017,0.821731
452,221396,3003071,2070948,932123,1.450095,6,85094,136302,906977,3003071,624837,0.827769
453,211968,3081568,2071485,1010083,1.487613,6,59413,152555,896566,3081568,504696,0.859270
454,211968,3146091,2071564,1074527,1.518703,5,28848,183120,875193,3146091,354681,0.898685
455,211964,3128356,2073549,1054807,1.508696,6,22244,189720,855898,3128356,295236,0.913764
456,123221,3099264,2073596,1025668,1.494633,5,21859,101362,846999,3099264,288732,0.914778
457,123221,3037695,2073598,964097,1.464939,5,21427,101794,828609,3037695,276741,0.916504
458,123541,2968488,2073594,894894,1.431567,6,21914,101627,808465,2968488,265372,0.917940
459,148995,2959858,2073596,886262,1.427403,5,21574,127421,804799,2959858,259338,0.919440
460,151479,3106761,2073600,1033161,1.498245,5,6903,144576,819066,3106761,169503,0.948263
461,125092,3150194,2073600,1076594,1.519191,5,8324,116768,836535,3150194,195946,0.941441
462,125092,3224786,2073600,1151186,1.555163,6,9170,115922,863689,3224786,229970,0.933434
463,125092,3297031,2073600,1223431,1.590003,6,10438,114654,889333,3297031,260301,0.926827
464,125092,3373729,2073600,1300129,1.626991,7,10975,114117,915087,3373729,286619,0.921696
465,125092,3453960,2073600,1380360,1.665683,7,11640,113452,941444,3453960,311816,0.917197
466,125092,3483708,2073600,1410108,1.680029,7,12419,112673,956438,3483708,342044,0.910594
467,125092,3501414,2073600,1427814,1.688568,6,13719,111373,968534,3501414,372722,0.903792
468,125092,3512279,2073600,1438679,1.693807,7,14504,110588,977357,3512279,397149,0.898413
469,125092,3520587,2073600,1446987,1.697814,7,15058,110034,983649,3520587,414009,0.894777
470,124285,3528216,2073600,1454616,1.701493,7,15897,108388,993118,3528216,444256,0.888166
471,125092,3511529,2073600,1437929,1.693446,7,13454,111638,972323,3511529,377763,0.902871
472,125092,3331375,2073600,1257775,1.606566,6,11113,113979,909372,3331375,306113,0.915845
473,151479,3154285,2073597,1080688,1.521166,6,26281,125198,875939,3154285,349471,0.900258
474,149282,2988361,2073600,914761,1.441146,5,23868,125414,820184,2988361,292375,0.910881
475,123541,3006279,2073599,932680,1.449788,5,22030,101511,822014,3006279,281777,0.914303
476,221404,3077084,2071897,1005187,1.485153,5,27242,194162,851639,3077084,329472,0.903283
477,221404,3130968,2071799,1059169,1.511232,5,81944,139460,928431,3130968,582756,0.843080
478,254923,3116811,2072052,1044759,1.504215,6,84812,170111,932752,3116811,614197,0.835380
479,264611,3218080,2072242,1145838,1.552946,6,86867,177744,966749,3218080,648916,0.832191
480,264611,3398920,2072394,1326526,1.640094,7,89091,175520,1028955,3398920,716900,0.825818
481,264611,3454822,2072374,1382448,1.667084,7,90994,173617,1051938,3454822,752930,0.821061
482,264611,3519532,2072376,1447156,1.698308,7,92901,171710,1077421,3519532,790152,0.816657
483,264611,3584469,2072332,1512137,1.729679,7,95561,169050,1104974,3584469,835427,0.810985
484,264611,3673352,2072265,1601087,1.772627,7,98299,166312,1139275,3673352,883748,0.806072
485,264611,3754193,2072230,1681963,1.811668,7,101810,162801,1171989,3754193,933763,0.800817
486,270791,3801457,2072188,1729269,1.834514,7,103704,167087,1190446,3801457,960327,0.798326
487,270791,3808242,2072106,1736136,1.837861,7,101295,169496,1190280,3808242,952878,0.799863
488,270791,3831167,2072089,1759078,1.848939,7,91982,178809,1185213,3831167,909685,0.808118
489,247158,3853774,2072013,1781761,1.859918,7,89659,157499,1187985,3853774,898166,0.810990
490,244404,3860167,2071959,1788208,1.863052,7,86238,158166,1186595,3860167,886213,0.813287
491,244404,3845153,2071968,1773185,1.855797,7,79679,164725,1177206,3845153,863671,0.816585
492,244404,3826983,2071997,1754986,1.847002,7,73489,170915,1166089,3826983,837373,0.820474
493,243597,3799656,2072098,1727558,1.833724,7,67876,175721,1151290,3799656,805504,0.825087
494,242181,3760946,2072189,1688757,1.814963,7,60854,181327,1133341,3760946,772418,0.829615
495,241696,3724331,2072239,1652092,1.797250,8,55222,186474,1116960,3724331,743509,0.833586
496,241696,3695970,2072369,1623601,1.783452,7,49791,191905,1102508,3695970,714062,0.838082
497,241734,3669489,2072523,1596966,1.770542,7,44838,196896,1088983,3669489,686443,0.842412
498,241734,3645794,2072584,1573210,1.759057,7,39579,202155,1076590,3645794,660566,0.846607
499,241734,3625659,2072649,1553010,1.749288,7,34141,207593,1063798,3625659,629533,0.852055
500,241730,3608883,2072718,1536165,1.741136,7,30072,211658,1052674,3608883,601813,0.857075
501,241734,3541174,2072804,1468370,1.708398,8,25864,215870,1028633,3541174,573358,0.860650
502,241696,3470531,2072833,1397698,1.674294,8,21640,220056,1002549,3470531,539665,0.865427
503,159721,3391346,2073559,1317787,1.635519,8,19471,140250,976017,3391346,512722,0.868670
504,159721,3307597,2073560,1234037,1.595130,7,18107,141614,951130,3307597,496923,0.869386
505,159707,3190807,2073566,1117241,1.538802,7,17138,142569,918258,3190807,482225,0.868712
506,159707,3098230,2073569,1024661,1.494153,7,17691,142016,896037,3098230,485918,0.864426
507,159707,3002961,2073572,929389,1.448207,8,16846,142861,869402,3002961,474647,0.863513
508,159707,2935127,2073596,861531,1.415477,7,15681,144026,848097,2935127,457261,0.865210
509,159707,2887321,2073599,813722,1.392420,7,14948,144759,833408,2887321,446311,0.866119
510,150019,2863496,2073599,789897,1.380930,8,15014,135005,828016,2863496,448568,0.864565
511,150019,2866766,2073600,793166,1.382507,7,15513,134506,831744,2866766,460210,0.861673
512,150019,2869517,2073598,795919,1.383835,7,15877,134142,833536,2869517,464627,0.860646
513,150019,2882639,2073599,809040,1.390162,8,16138,133881,838137,2882639,469909,0.859835
514,150019,2878343,2073599,804744,1.388090,8,15712,134307,835148,2878343,462249,0.861627
515,150017,2846418,2073597,772821,1.372696,8,14804,135213,823007,2846418,445610,0.864640
516,119735,2800928,2073597,727331,1.350758,8,13412,106323,807940,2800928,430832,0.866688
517,119735,2775006,2073599,701407,1.338256,9,12512,107223,798638,2775006,419546,0.868668
518,116956,2767952,2073599,694353,1.334854,8,12233,104723,795626,2767952,414552,0.869740
519,116956,2757385,2073599,683786,1.329758,8,11209,105747,789627,2757385,401123,0.873002
520,116956,2737519,2073600,663919,1.320177,8,10107,106849,781683,2737519,389213,0.875521
521,116956,2735258,2073599,661659,1.319087,7,9779,107177,780211,2735258,385586,0.876448
522,116956,2733657,2073598,660059,1.318316,7,9501,107455,779539,2733657,384499,0.876690
523,116956,2732646,2073599,659047,1.317828,7,9448,107508,779138,2732646,383906,0.876817
524,116956,2731994,2073600,658394,1.317513,7,9353,107603,778658,2731994,382638,0.877148
525,116956,2731966,2073598,658368,1.317500,7,9280,107676,778342,2731966,381402,0.877495
526,116956,2732312,2073599,658713,1.317667,7,9122,107834,778227,2732312,380596,0.877736
527,116956,2733088,2073599,659489,1.318041,8,8970,107986,778078,2733088,379224,0.878154
528,116956,2734753,2073598,661155,1.318844,7,8936,108020,777986,2734753,377191,0.878792
529,116956,2735720,2073599,662121,1.319310,7,8909,108047,778238,2735720,377232,0.878819
530,116956,2735693,2073600,662093,1.319296,8,8803,108153,777774,2735693,375403,0.879334
531,116956,2743740,2073593,670147,1.323182,7,8739,108217,780224,2743740,377156,0.879151
532,116956,2751477,2073599,677878,1.326909,7,8754,108202,782631,2751477,379047,0.878919
533,116956,2758665,2073600,685065,1.330375,7,8806,108150,785075,2758665,381635,0.878472
534,116956,2765594,2073600,691994,1.333716,7,8785,108171,786979,2765594,382322,0.878548
535,116956,2772229,2073599,698630,1.336917,7,8710,108246,788597,2772229,382159,0.878848
536,116956,2777224,2073599,703625,1.339325,7,8656,108300,789364,2777224,380232,0.879576
537,116956,2780603,2073600,707003,1.340954,7,8581,108375,790153,2780603,380009,0.879767
538,116956,2782287,2073598,708689,1.341768,7,8508,108448,790830,2782287,381033,0.879546
539,116956,2782983,2073597,709386,1.342104,7,8456,108500,790818,2782983,380289,0.879780
540,116956,2782651,2073599,709052,1.341943,7,8414,108542,790420,2782651,379029,0.880118
541,116956,2775353,2073599,701754,1.338423,7,7818,109138,786351,2775353,370051,0.882352
542,116956,2751175,2073599,677576,1.326763,8,6909,110047,776157,2751175,353453,0.886153
543,116956,2711862,2073599,638263,1.307804,7,6283,110673,762090,2711862,336498,0.889613
544,110320,2659400,2073599,585801,1.282504,7,5582,104738,744868,2659400,320072,0.892574
545,110320,2595443,2073598,521845,1.251662,6,4869,105451,724116,2595443,301021,0.896073
546,109952,2548577,2073598,474979,1.229060,7,4544,105408,708885,2548577,286963,0.898798
547,109952,2509773,2073599,436174,1.210346,6,4022,105930,694719,2509773,269103,0.903161
548,109952,2485448,2073599,411849,1.198616,6,3757,106195,686129,2485448,259068,0.905605
549,109952,2479720,2073600,406120,1.195853,4,3608,106344,683776,2479720,255384,0.906627
550,107284,2478004,2073600,404404,1.195025,4,3576,103708,683375,2478004,255496,0.906532
551,107284,2477095,2073598,403497,1.194588,4,3560,103724,683111,2477095,255349,0.906549
552,107284,2476984,2073596,403388,1.194535,4,3528,103756,682881,2476984,254540,0.906814
553,107284,2477450,2073599,403851,1.194758,4,3530,103754,683010,2477450,254590,0.906813
554,107284,2477744,2073599,404145,1.194900,4,3491,103793,682956,2477744,254080,0.906993
555,107144,2478157,2073597,404560,1.195101,4,3500,103644,683043,2478157,254015,0.907028
556,107144,2478663,2073599,405064,1.195343,4,3492,103652,683482,2478663,255265,0.906631
557,107144,2479034,2073596,405438,1.195524,4,3494,103650,683604,2479034,255382,0.906605
558,107144,2479318,2073599,405719,1.195659,4,3484,103660,683486,2479318,254626,0.906865
559,107144,2479485,2073599,405886,1.195740,4,3472,103672,683577,2479485,254823,0.906805
560,107144,2479490,2073599,405891,1.195742,4,3430,103714,683299,2479490,253706,0.907176
561,109812,2487356,2073599,413757,1.199536,6,3632,106180,686314,2487356,257900,0.906056
562,109812,2511541,2073599,437942,1.211199,8,3915,105897,695737,2511541,271407,0.902475
563,110180,2546708,2073598,473110,1.228159,7,4313,105867,708467,2546708,287160,0.898669
564,110180,2602164,2073597,528567,1.254903,8,4728,105452,726308,2602164,303068,0.895682
565,113047,2642033,2073600,568433,1.274129,7,5000,108047,738898,2642033,313559,0.893910
566,113047,2662294,2073600,588694,1.283899,8,5356,107691,745721,2662294,320590,0.892523
567,113047,2668052,2073597,594455,1.286678,7,5917,107130,748376,2668052,325452,0.891281
568,113047,2671346,2073599,597747,1.288265,6,6664,106383,749909,2671346,328290,0.890557
569,113047,2678773,2073597,605176,1.291848,7,7173,105874,752648,2678773,331819,0.889783
570,113047,2688590,2073599,614991,1.296581,6,7570,105477,756263,2688590,336462,0.888775
571,113047,2698801,2073598,625203,1.301506,7,7602,105445,759396,2698801,338783,0.888470
572,113047,2712189,2073598,638591,1.307963,7,7763,105284,763818,2712189,343083,0.887708
573,113047,2727860,2073598,654262,1.315520,6,7915,105132,769184,2727860,348876,0.886608
574,113047,2745665,2073598,672067,1.324107,6,8139,104908,774618,2745665,352807,0.886135
575,113047,2764341,2073599,690742,1.333113,7,8310,104737,780763,2764341,358711,0.885141
576,113047,2782628,2073599,709029,1.341932,7,8536,104511,786475,2782628,363272,0.884525
577,113187,2799798,2073599,726199,1.350212,7,8760,104427,791758,2799798,367234,0.884045
578,113187,2815512,2073598,741914,1.357791,7,8917,104270,796856,2815512,371912,0.883319
579,113187,2829406,2073598,755808,1.364491,7,8873,104314,800493,2829406,372566,0.883645
580,113187,2840674,2073597,767077,1.369926,7,8765,104422,803736,2840674,374270,0.883584
581,113187,2839906,2073598,766308,1.369555,7,8589,104598,802195,2839906,368874,0.885042
582,113187,2838598,2073599,764999,1.368923,7,8331,104856,800821,2838598,364686,0.886152
583,113187,2838414,2073600,764814,1.368834,7,8167,105020,799471,2838414,359470,0.887591
584,113187,2838611,2073598,765013,1.368930,7,8028,105159,798984,2838611,357325,0.888194
585,113047,2838259,2073599,764660,1.368760,8,8054,104993,798182,2838259,354469,0.888976
586,113047,2837334,2073600,763734,1.368313,8,8047,105000,797316,2837334,351930,0.889652
587,113047,2836507,2073599,762908,1.367915,7,8025,105022,796302,2836507,348701,0.890525
588,113047,2836639,2073599,763040,1.367979,8,8028,105019,795877,2836639,346869,0.891042
589,113047,2837676,2073600,764076,1.368478,7,8017,105030,796113,2837676,346776,0.891103
590,113047,2839491,2073600,765891,1.369353,7,8138,104909,796455,2839491,346329,0.891290
591,113047,2839992,2073597,766395,1.369597,7,8157,104890,796897,2839992,347596,0.890953
592,113047,2840594,2073597,766997,1.369887,7,8209,104838,797066,2840594,347670,0.890953
593,113047,2841324,2073598,767726,1.370239,7,8265,104782,797179,2841324,347392,0.891056
594,113047,2841841,2073599,768242,1.370487,7,8332,104715,797477,2841841,348067,0.890885
595,113047,2842331,2073600,768731,1.370723,7,8323,104724,797587,2842331,348017,0.890916
596,113047,2842812,2073600,769212,1.370955,7,8375,104672,797927,2842812,348896,0.890687
597,113047,2843340,2073596,769744,1.371212,7,8431,104616,798191,2843340,349424,0.890558
598,113047,2843807,2073600,770207,1.371435,7,8428,104619,798341,2843807,349557,0.890536
599,113047,2844199,2073597,770602,1.371626,7,8546,104501,798528,2844199,349913,0.890451
600,113047,2844610,2073599,771011,1.371823,7,8552,104495,798824,2844610,350686,0.890249
601,113047,2852685,2073599,779086,1.375717,7,8508,104539,800966,2852685,351179,0.890389
602,113047,2860543,2073598,786945,1.379507,7,8529,104518,803218,2860543,352329,0.890338
603,113047,2868628,2073598,795030,1.383406,7,8527,104520,805180,2868628,352092,0.890679
604,113047,2876470,2073600,802870,1.387187,7,8626,104421,807088,2876470,351882,0.891003
605,113187,2883684,2073598,810086,1.390667,7,8623,104564,809428,2883684,354028,0.890655
606,113187,2890401,2073598,816803,1.393906,7,8657,104530,811300,2890401,354799,0.890670
607,113187,2897328,2073599,823729,1.397246,7,8615,104572,813605,2897328,357092,0.890275
608,113187,2905231,2073600,831631,1.401057,7,8607,104580,816147,2905231,359357,0.889923
609,113187,2913012,2073599,839413,1.404810,7,8529,104658,818370,2913012,360468,0.889882
610,113187,2920456,2073599,846857,1.408400,7,8639,104548,820725,2920456,362444,0.889596
611,113099,2962235,2073597,888638,1.428549,7,9172,103927,835755,2962235,380785,0.886096
612,119735,2988515,2073597,914918,1.441223,7,9219,110516,845619,2988515,393961,0.883529
613,150017,2989419,2073548,915871,1.441693,7,10203,139814,849997,2989419,410569,0.879244
614,150019,2938627,2073519,865108,1.417217,8,10261,139758,836366,2938627,406837,0.878391
615,150033,2925519,2073521,851998,1.410894,7,10352,139681,832704,2925519,405297,0.878319
616,152785,2929924,2073531,856393,1.413012,7,10955,141830,835900,2929924,413676,0.876278
617,204478,2967209,2072335,894874,1.431819,7,14549,189929,853875,2967209,448291,0.868748
618,204478,3007468,2072298,935170,1.451272,7,20747,183731,877770,3007468,503612,0.856565
619,224277,3001340,2072205,929135,1.448380,8,26829,197448,884491,3001340,536624,0.848324
620,224277,2956342,2072030,884312,1.426785,8,34316,189961,880145,2956342,564238,0.839732
621,218097,2833855,2071735,762120,1.367866,8,34814,183283,840334,2833855,527481,0.843074
622,218544,2758605,2071785,686820,1.331511,6,29247,189297,803846,2758605,456779,0.857940
623,219630,2791464,2071773,719691,1.347379,6,23790,195840,797294,2791464,397712,0.875293
624,220433,2837009,2073499,763510,1.368223,6,20651,199782,796425,2837009,348691,0.890545
625,211824,2891630,2073594,818036,1.394502,6,21089,190735,804525,2891630,326470,0.898552
626,123221,3026266,2073596,952670,1.459429,6,22294,100927,840751,3026266,336738,0.899870
627,123221,3181316,2073600,1107716,1.534199,6,22474,100747,880321,3181316,339968,0.903453
628,123221,3221085,2073597,1147488,1.553380,6,21196,102025,881659,3221085,305551,0.913359
629,123221,3205091,2073598,1131493,1.545667,5,19944,103277,870982,3205091,278837,0.919965
630,122972,3044938,2073596,971342,1.468434,4,19271,103701,825125,3044938,255562,0.922569
631,122972,3021920,2073599,948321,1.457331,4,19030,103942,818374,3021920,251576,0.923148
632,115395,2987539,2073600,913939,1.440750,4,16491,98904,802031,2987539,220585,0.931242
633,115395,2974749,2073600,901149,1.434582,4,10197,105198,784481,2974749,163175,0.947999
634,115395,3004546,2073599,930947,1.448952,4,3895,111500,776463,3004546,101306,0.967382
635,117172,3047544,2073600,973944,1.469688,4,862,116310,778798,3047544,67648,0.978284
636,94506,3116917,2073600,1043317,1.503143,4,598,93908,796850,3116917,70483,0.977887
637,90785,3200123,2073599,1126524,1.543270,4,1367,89418,823996,3200123,95861,0.970916
638,53885,3288926,2073600,1215326,1.586095,5,2268,51617,855366,3288926,132538,0.961263
639,53885,3376170,2073600,1302570,1.628168,5,3109,50776,885444,3376170,165606,0.953242
640,53891,3465870,2073600,1392270,1.671427,5,3679,50212,914119,3465870,190606,0.947872
641,53891,3505411,2073600,1431811,1.690495,7,4256,49635,926608,3505411,201021,0.945764
642,53891,3527862,2073600,1454262,1.701322,6,4563,49328,935638,3527862,214690,0.942635
643,53891,3534796,2073600,1461196,1.704666,6,5138,48753,942071,3534796,233488,0.938039
644,53891,3530140,2073600,1456540,1.702421,6,5535,48356,944794,3530140,249036,0.934103
645,53891,3520368,2073600,1446768,1.697708,6,5727,48164,944729,3520368,258548,0.931581
646,53891,3508655,2073600,1435055,1.692060,6,5911,47980,944289,3508655,268501,0.928915
647,53891,3491988,2073600,1418388,1.684022,6,6859,47032,943710,3491988,282852,0.925069
648,53891,3475669,2073600,1402069,1.676152,6,7630,46261,943914,3475669,299987,0.920547
649,53891,3455157,2073600,1381557,1.666260,7,8044,45847,942867,3455157,316311,0.916131
650,53891,3430525,2073600,1356925,1.654381,6,8337,45554,938824,3430525,324771,0.913517
651,53891,3324394,2073600,1250794,1.603199,6,9109,44782,913352,3324394,329014,0.909943
652,152865,3181850,2073600,1108250,1.534457,6,9989,142876,878168,3181850,330822,0.905820
653,152865,3065680,2073600,992080,1.478434,6,11945,140920,852265,3065680,343380,0.899274
654,176805,3017341,2073599,943742,1.455123,6,14206,162599,846311,3017341,367903,0.891322
655,183469,3006051,2073600,932451,1.449677,6,16634,166835,849555,3006051,392169,0.884596
656,240579,3083836,2073600,1010236,1.487189,6,19170,221409,878695,3083836,430944,0.877391
657,246637,3370241,2073600,1296641,1.625309,8,24193,222444,971011,3370241,513803,0.867714
658,259878,3703171,2073599,1629572,1.785867,9,28433,231445,1075217,3703171,597697,0.861029
659,308968,4144978,2073600,2071378,1.998928,11,34864,274104,1212153,4144978,703634,0.854879
660,449501,4492424,2073600,2418824,2.166485,11,51681,397820,1335714,4492424,850432,0.840828
661,569759,4709504,2073600,2635904,2.271173,12,63195,506564,1417742,4709504,961464,0.830459
662,630140,4825858,2073599,2752259,2.327286,14,71607,558533,1470789,4825858,1057298,0.820284
663,679030,4922622,2073600,2849022,2.373950,14,87184,591846,1519798,4922622,1156570,0.809749
664,5882522,4990366,2073600,2916766,2.406619,15,104707,5777815,1556345,4990366,1235014,0.801616
665,5919674,4997934,2073600,2924334,2.410269,16,111631,5808043,1561402,4997934,1247674,0.800232
666,6023176,4971094,2073600,2897494,2.397325,17,126678,5896498,1561488,4971094,1274858,0.795891
667,6171897,4957478,2073600,2883878,2.390759,14,158336,6013561,1577822,4957478,1353810,0.785494
668,6135873,4932839,2073599,2859240,2.378878,14,173744,5962129,1582279,4932839,1396277,0.779388
669,6167412,4948610,2073600,2875010,2.386482,14,179110,5988302,1585443,4948610,1393162,0.780320
670,6347358,5049608,2073600,2976008,2.435189,14,193468,6153890,1618566,5049608,1424656,0.779951
671,6433582,5102522,2073600,3028922,2.460707,14,213218,6220364,1645249,5102522,1478474,0.775342
672,6446390,5138816,2073599,3065217,2.478211,14,234541,6211849,1668570,5138816,1535464,0.769943
673,6498483,5162947,2073600,3089347,2.489847,14,245694,6252789,1681261,5162947,1562097,0.767719
674,6564530,5181067,2073600,3107467,2.498586,16,255089,6309441,1694893,5181067,1598505,0.764217
675,6563483,5276380,2073599,3202781,2.544552,15,270309,6293174,1737541,5276380,1673784,0.759173
676,6658894,5439687,2073597,3366090,2.623310,16,274395,6384499,1789320,5439687,1717593,0.760022
677,6733018,5603564,2073599,3529965,2.702337,16,292020,6440998,1853047,5603564,1808624,0.755993
678,6749339,5791098,2073600,3717498,2.792775,16,300982,6448357,1915649,5791098,1871498,0.755762
679,6755147,5951712,2073598,3878114,2.870234,16,304310,6450837,1963358,5951712,1901720,0.757849
680,6894989,6112883,2073600,4039283,2.947957,15,310772,6584217,2016491,6112883,1953081,0.757861
681,6894989,6229298,2073598,4155700,3.004101,16,316393,6578596,2054658,6229298,1989334,0.757948
682,6894989,6333749,2073599,4260150,3.054471,16,321752,6573237,2088588,6333749,2020603,0.758138
683,6895367,6447106,2073600,4373506,3.109137,17,329046,6566321,2127418,6447106,2062566,0.757621
684,6895367,6550388,2073598,4476790,3.158948,15,335411,6559956,2161633,6550388,2096144,0.757574
685,6895367,6582300,2073600,4508700,3.174334,15,340798,6554569,2176344,6582300,2123076,0.756119
686,6895369,6622011,2073600,4548411,3.193485,16,346674,6548695,2195139,6622011,2158545,0.754168
687,6895748,6663212,2073600,4589612,3.213355,16,351282,6544466,2213704,6663212,2191604,0.752496
688,6862712,6643818,2073599,4570219,3.204003,16,354060,6508652,2209840,6643818,2195542,0.751618
689,6862714,6526906,2073598,4453308,3.147624,16,355675,6507039,2184925,6526906,2212794,0.746811
690,6862714,6329076,2073600,4255476,3.052216,14,358018,6504696,2135566,6329076,2213188,0.740913
691,6862714,6110391,2073600,4036791,2.946755,13,358172,6504542,2078332,6110391,2202937,0.735011
692,6862714,6044787,2073600,3971187,2.915117,15,360018,6502696,2062510,6044787,2205253,0.732698
693,6862714,6050849,2073598,3977251,2.918043,16,361236,6501478,2064647,6050849,2207739,0.732674
694,6862714,6065338,2073599,3991739,2.925029,15,363518,6499196,2070753,6065338,2217674,0.732262
695,6862646,6090354,2073599,4016755,2.937093,14,364189,6498457,2078027,6090354,2221754,0.732709
696,6862646,6124527,2073600,4050927,2.953572,15,366430,6496216,2091112,6124527,2239921,0.732209
697,6856312,6156353,2073599,4082754,2.968922,15,367643,6488669,2101102,6156353,2248055,0.732515
698,6856312,6188426,2073599,4114827,2.984389,15,368885,6487427,2109563,6188426,2249826,0.733378
699,6856312,6224042,2073599,4150443,3.001565,15,370375,6485937,2122004,6224042,2263974,0.733274
700,6856312,6257641,2073599,4184042,3.017768,15,372190,6484122,2133460,6257641,2276199,0.733274
701,6856312,6325534,2073600,4251934,3.050508,16,376565,6479747,2157530,6325534,2304586,0.732960
702,6856312,6397083,2073600,4323483,3.085013,16,381269,6475043,2181971,6397083,2330801,0.732948
703,6844458,6467360,2073597,4393763,3.118909,15,384621,6459837,2209006,6467360,2368664,0.731931
704,6812690,6541614,2073600,4468014,3.154714,15,387519,6425171,2233553,6541614,2392598,0.732198
705,6812690,6617534,2073600,4543934,3.191326,16,391577,6421113,2258585,6617534,2416806,0.732487
706,6812690,6672601,2073599,4599002,3.217884,15,396266,6416424,2279112,6672601,2443847,0.731930
707,6788534,6725016,2073599,4651417,3.243161,15,400712,6387822,2299808,6725016,2474216,0.731041
708,6788534,6750987,2073598,4677389,3.255687,15,404411,6384123,2310056,6750987,2489237,0.730609
709,6788534,6758408,2073600,4684808,3.259263,15,408871,6379663,2319651,6758408,2520196,0.728386
710,6788534,6749824,2073598,4676226,3.255127,14,411223,6377311,2322291,6749824,2539340,0.726634
711,6817006,6809792,2073600,4736192,3.284043,13,420787,6396219,2354035,6809792,2606348,0.723204
712,6824758,6865938,2073599,4792339,3.311121,13,430363,6394395,2384909,6865938,2673698,0.719727
713,6913218,6918832,2073599,4845233,3.336630,13,439086,6474132,2412936,6918832,2732912,0.716848
714,6916584,6964389,2073600,4890789,3.358598,14,447946,6468638,2436347,6964389,2780999,0.714634
715,6916576,7005234,2073600,4931634,3.378296,13,455618,6460958,2457212,7005234,2823614,0.712722
716,6918350,7039085,2073600,4965485,3.394620,14,462583,6455767,2476715,7039085,2867775,0.710526
717,6916667,7094764,2073600,5021164,3.421472,14,470729,6445938,2499092,7094764,2901604,0.709734
718,6917635,7154158,2073598,5080560,3.450118,14,479619,6438016,2525244,7154158,2946818,0.708264
719,6912139,7211854,2073599,5138255,3.477941,14,488448,6423691,2551170,7211854,2992826,0.706720
720,7176530,7273522,2073599,5199923,3.507680,13,498922,6677608,2581149,7273522,3051074,0.704485
721,7176546,7306864,2073599,5233265,3.523759,14,504700,6671846,2598488,7306864,3087088,0.702992
722,7177022,7351434,2073599,5277835,3.545253,13,510684,6666338,2617294,7351434,3117742,0.702198
723,7248616,7409743,2073600,5336143,3.573371,14,516268,6732348,2644641,7409743,3168821,0.700449
724,7248616,7468533,2073600,5394933,3.601723,13,521439,6727177,2666159,7468533,3196103,0.700308
725,7248614,7525114,2073597,5451517,3.629015,13,525751,6722863,2688069,7525114,3227162,0.699862
726,7250030,7575761,2073599,5502162,3.653436,13,529570,6720460,2710255,7575761,3265259,0.698805
727,7250030,7621526,2073598,5547928,3.675508,15,533908,6716122,2727732,7621526,3289402,0.698522
728,7250030,7664195,2073600,5590595,3.696082,14,536084,6713946,2743629,7664195,3310321,0.698363
729,7250030,7705292,2073597,5631695,3.715906,14,538009,6712021,2759053,7705292,3330920,0.698183
730,7250020,7742786,2073599,5669187,3.733984,14,541210,6708810,2774050,7742786,3353414,0.697787
731,7268318,7772076,2073599,5698477,3.748109,13,545255,6723063,2787808,7772076,3379156,0.696970
732,7268127,7783280,2073600,5709680,3.753511,14,548346,6719781,2796554,7783280,3402936,0.695792
733,7241099,7788933,2073600,5715333,3.756237,13,554539,6686560,2803868,7788933,3426539,0.694481
734,7241051,7790406,2073598,5716808,3.756951,13,563301,6677750,2814069,7790406,3465870,0.692094
735,7240600,7789281,2073600,5715681,3.756405,13,570718,6669882,2821273,7789281,3495811,0.690228
736,7240600,7789532,2073600,5715932,3.756526,13,577569,6663031,2829474,7789532,3528364,0.688249
737,7240600,7790928,2073597,5717331,3.757205,14,584601,6655999,2837571,7790928,3559356,0.686408
738,7240600,7791988,2073599,5718389,3.757712,13,589914,6650686,2845341,7791988,3589376,0.684627
739,7229140,7787768,2073600,5714168,3.755675,14,593846,6635294,2848618,7787768,3606704,0.683469
740,7229132,7787727,2073600,5714127,3.755655,13,597478,6631654,2852640,7787727,3622833,0.682502
741,7229132,7786453,2073599,5712854,3.755043,14,599196,6629936,2853909,7786453,3629183,0.682087
742,7273342,7783460,2073600,5709860,3.753598,14,601626,6671716,2856170,7783460,3641220,0.681285
743,7311722,7777607,2073600,5704007,3.750775,13,608968,6702754,2860998,7777607,3666385,0.679624
744,7396270,7767339,2073600,5693739,3.745823,14,616814,6779456,2868874,7767339,3708157,0.676863
745,7396268,7759238,2073167,5686071,3.742698,14,624887,6771381,2874058,7759238,3736994,0.674937
746,7442917,7741666,2069443,5672223,3.740942,14,626027,6816890,2869831,7741666,3737658,0.674401
747,7437882,7721826,2064795,5657031,3.739754,13,624634,6813248,2862664,7721826,3728830,0.674357
748,7437878,7699393,2059633,5639760,3.738235,14,620420,6817458,2852216,7699393,3709471,0.674861
749,7432658,7670852,2054322,5616530,3.734007,14,617487,6815171,2840095,7670852,3689528,0.675228
750,7381462,7645196,2049050,5596146,3.731093,14,616767,6764695,2831109,7645196,3679240,0.675106
751,7400110,7634118,2047110,5587008,3.729217,14,618210,6781900,2828163,7634118,3678534,0.674830
752,7397750,7625390,2045187,5580203,3.728456,13,620275,6777475,2829091,7625390,3690974,0.673837
753,7397750,7612263,2043212,5569051,3.725635,13,623522,6774228,2827979,7612263,3699653,0.672942
754,7403558,7599143,2041297,5557846,3.722703,16,626692,6776866,2825263,7599143,3701909,0.672428
755,7378726,7593350,2039448,5553902,3.723238,13,631306,6747420,2828635,7593350,3721190,0.671114
756,7443396,7587642,2037589,5550053,3.723833,13,634612,6808784,2830972,7587642,3736246,0.670056
757,7512703,7582065,2035750,5546315,3.724458,14,635843,6876860,2829709,7582065,3736771,0.669863
758,7515403,7578537,2033876,5544661,3.726155,14,635958,6879445,2828013,7578537,3733515,0.669952
759,7518767,7633025,2032027,5600998,3.756360,14,634835,6883932,2838915,7633025,3722635,0.672178
760,7518767,7627558,2030161,5597397,3.757120,14,633554,6885213,2836391,7627558,3718006,0.672294
761,7518767,7674747,2028291,5646456,3.783849,14,630972,6887795,2842823,7674747,3696545,0.674923
762,7518767,7680514,2026412,5654102,3.790204,13,628828,6889939,2842337,7680514,3688834,0.675546
763,7546781,7683474,2024538,5658936,3.795174,14,626830,6919951,2839686,7683474,3675270,0.676437
764,7546781,7679728,2022691,5657037,3.796788,14,624299,6922482,2836084,7679728,3664608,0.676966
765,7546781,7676996,2020875,5656121,3.798848,14,622022,6924759,2831323,7676996,3648296,0.677863
766,7548526,7674628,2019107,5655521,3.801001,14,618770,6929756,2826395,7674628,3630952,0.678835
767,7554112,7677962,2017371,5660591,3.805925,15,615849,6938263,2823220,7677962,3614918,0.679894
768,7566916,7695101,2015638,5679463,3.817700,14,613582,6953334,2826093,7695101,3609271,0.680719
769,7594734,7716739,2013945,5702794,3.831653,14,611496,6983238,2831683,7716739,3609993,0.681286
770,7594734,7739795,2012249,5727546,3.846341,15,610517,6984217,2839395,7739795,3617785,0.681465
771,7594736,7746644,2011752,5734892,3.850695,14,610597,6984139,2841094,7746644,3617732,0.681660
772,7601070,7751568,2011258,5740310,3.854089,14,610142,6990928,2844402,7751568,3626040,0.681300
773,7601070,7756684,2010757,5745927,3.857594,14,610247,6990823,2845788,7756684,3626468,0.681418
774,7601070,7759679,2010323,5749356,3.859917,14,610823,6990247,2846774,7759679,3627417,0.681445
775,7602753,7760929,2009786,5751143,3.861570,15,610009,6992744,2847661,7760929,3629715,0.681342
776,7602761,7762502,2009321,5753181,3.863246,16,611164,6991597,2850407,7762502,3639126,0.680824
777,7602761,7761684,2008851,5752833,3.863743,14,610655,6992106,2848749,7761684,3633312,0.681148
778,7585273,7762736,2008363,5754373,3.865206,15,610773,6974500,2849146,7762736,3633848,0.681146
779,7579465,7762858,2007893,5754965,3.866171,14,610639,6968826,2848859,7762858,3632578,0.681225
780,7579465,7763837,2007405,5756432,3.867599,15,610930,6968535,2850214,7763837,3637019,0.680987
781,7584925,7748751,2002423,5746328,3.869687,15,610875,6974050,2843804,7748751,3626465,0.681196
782,7542422,7740207,1997396,5742811,3.875149,14,611894,6930528,2840935,7740207,3623533,0.681132
783,7424874,7733116,1992425,5740691,3.881258,14,612832,6812042,2839624,7733116,3625380,0.680822
784,7417226,7723615,1987363,5736252,3.886363,14,612253,6804973,2835389,7723615,3617941,0.681001
785,7355814,7718585,1982386,5736199,3.893583,15,612476,6743338,2831121,7718585,3605899,0.681584
786,7354992,7720797,1977328,5743469,3.904662,14,611405,6743587,2830747,7720797,3602191,0.681869
787,7322313,7724347,1972291,5752056,3.916434,14,611757,6710556,2832674,7724347,3606349,0.681719
788,7322313,7723229,1967246,5755983,3.925909,15,610452,6711861,2832060,7723229,3605011,0.681768
789,7304581,7731289,1962148,5769141,3.940217,15,608057,6696524,2828883,7731289,3584243,0.683246
790,7332399,7733887,1957097,5776790,3.951714,15,606084,6726315,2827882,7733887,3577641,0.683717
791,7298823,7723628,1952313,5771315,3.956142,15,600222,6698601,2817769,7723628,3547448,0.685261
792,7295864,7703682,1947480,5756202,3.955718,16,593759,6702105,2803971,7703682,3512202,0.686855
793,7284676,7679825,1942631,5737194,3.953311,15,587297,6697379,2789474,7679825,3478071,0.688286
794,7361428,7657720,1937731,5719989,3.951900,14,581441,6779987,2777759,7657720,3453316,0.689199
795,7378974,7632367,1932785,5699582,3.948896,15,574897,6804077,2766159,7632367,3432269,0.689798
796,7359594,7610132,1927836,5682296,3.947500,16,572391,6787203,2756474,7610132,3415764,0.690205
797,7359594,7576021,1922838,5653183,3.940020,15,564830,6794764,2741509,7576021,3390015,0.690862
798,7361778,7541186,1917782,5623404,3.932244,14,556176,6805602,2721919,7541186,3346490,0.692635
799,7361762,7504771,1912686,5592085,3.923682,15,546514,6815248,2703040,7504771,3307389,0.694105
800,7350594,7459170,1907571,5551599,3.910297,15,534645,6815949,2682029,7459170,3268946,0.695292
801,7350534,7444660,1908734,5535926,3.900313,16,535690,6814844,2674983,7444660,3255272,0.695767
802,7350534,7425371,1909865,5515506,3.887904,15,536761,6813773,2669599,7425371,3253025,0.695364
803,7350534,7404016,1911053,5492963,3.874312,15,537894,6812640,2662437,7404016,3245732,0.695229
804,7280451,7385570,1912228,5473342,3.862285,15,539536,6740915,2658261,7385570,3247474,0.694587
805,7274865,7369518,1913402,5456116,3.851526,15,540834,6734031,2653760,7369518,3245522,0.694252
806,7274863,7359161,1914575,5444586,3.843757,15,542163,6732700,2651329,7359161,3246155,0.693912
807,7274863,7349826,1915741,5434085,3.836545,15,543961,6730902,2648590,7349826,3244534,0.693749
808,7274863,7340504,1916920,5423584,3.829322,15,545931,6728932,2647478,7340504,3249408,0.693160
809,7274859,7332492,1918092,5414400,3.822805,14,547934,6726925,2646642,7332492,3254076,0.692622
810,7247041,7323115,1919283,5403832,3.815547,16,549806,6697235,2644863,7323115,3256337,0.692202
811,7247041,7345279,1924140,5421139,3.817435,14,560396,6686645,2660418,7345279,3296393,0.690237
812,7244789,7364958,1929053,5435905,3.817914,14,569232,6675557,2670923,7364958,3318734,0.689365
813,7243114,7382988,1933966,5449022,3.817538,15,577936,6665178,2682601,7382988,3347416,0.688044
814,7243114,7405471,1938945,5466526,3.819330,15,585515,6657599,2695237,7405471,3375477,0.686904
815,7243122,7421824,1943911,5477913,3.817985,15,592359,6650763,2703849,7421824,3393572,0.686228
816,7243130,7434467,1948933,5485534,3.814634,15,597080,6646050,2709576,7434467,3403837,0.685944
817,7243130,7328104,1953991,5374113,3.750326,16,601094,6642036,2684491,7328104,3409860,0.682448
818,7226296,7331874,1959057,5372817,3.742553,16,605680,6620616,2687223,7331874,3417018,0.682105
819,7224848,7331484,1964163,5367321,3.732625,16,610844,6614004,2687675,7331484,3419216,0.681954
820,7223143,7319919,1969302,5350617,3.717012,15,614107,6609036,2685633,7319919,3422613,0.681396
821,7223143,7159915,1977287,5182628,3.621080,15,618065,6605078,2646916,7159915,3427749,0.676251
822,7226102,7149936,1985295,5164641,3.601448,17,622916,6603186,2645484,7149936,3432000,0.675674
823,7286472,7175403,1993318,5182085,3.599728,16,630671,6655801,2662373,7175403,3474089,0.673779
824,7393874,7204351,2001396,5202955,3.599663,16,635152,6758722,2675745,7204351,3498629,0.673116
825,7394250,7220882,2009472,5211410,3.593423,16,638850,6755400,2684483,7220882,3517050,0.672465
826,7395002,7223952,2017594,5206358,3.580479,15,642438,6752564,2688710,7223952,3530888,0.671693
827,7395754,7226972,2025717,5201255,3.567612,15,644090,6751664,2690825,7226972,3536328,0.671446
828,7413197,7245222,2033894,5211328,3.562242,15,645655,6767542,2699452,7245222,3552586,0.670990
829,7375365,7276271,2041927,5234344,3.563433,16,647842,6727523,2710372,7276271,3565217,0.671151
830,7468567,7314804,2049761,5265043,3.568613,15,649591,6818976,2723249,7314804,3578192,0.671514
831,7409117,7345380,2056055,5289325,3.572560,15,651256,6757861,2731641,7345380,3581184,0.672250
832,7403433,7379054,2062303,5316751,3.578065,15,652553,6750880,2741875,7379054,3588446,0.672811
833,7451871,7414219,2068312,5345907,3.584671,15,653107,6798764,2752145,7414219,3594361,0.673495
834,7461937,7452823,2072728,5380095,3.595659,16,652515,6809422,2762831,7452823,3598501,0.674383
835,7461929,7481937,2073593,5408344,3.608199,15,646279,6815650,2768265,7481937,3591123,0.675688
836,7465577,7503481,2073599,5429882,3.618579,15,642782,6822795,2771694,7503481,3583295,0.676796
837,7497028,7530316,2073600,5456716,3.631518,15,637949,6859079,2774936,7530316,3569428,0.678422
838,7502836,7550665,2073600,5477065,3.641332,15,633507,6869329,2777653,7550665,3559947,0.679590
839,7452786,7573389,2073599,5499790,3.652292,14,631519,6821267,2781773,7573389,3553703,0.680626
840,7453279,7595875,2073599,5522276,3.663136,14,629739,6823540,2787023,7595875,3552217,0.681361
841,7488023,7628447,2073599,5554848,3.678844,15,627919,6860104,2793835,7628447,3546893,0.682614
842,7488023,7665605,2073600,5592005,3.696762,15,625249,6862774,2801859,7665605,3541831,0.683975
843,7482175,7707265,2073600,5633665,3.716852,14,622125,6860050,2809541,7707265,3530899,0.685812
844,7509207,7746225,2073599,5672626,3.735643,14,618521,6890686,2818153,7746225,3526387,0.687172
845,7510629,7784777,2073596,5711181,3.754240,15,614329,6896300,2823230,7784777,3508143,0.689350
846,7511799,7814528,2073594,5740934,3.768591,14,609831,6901968,2827098,7814528,3493864,0.691038
847,7512766,7829787,2073596,5756191,3.775946,14,604593,6908173,2830720,7829787,3493093,0.691501
848,7494468,7848796,2073600,5775196,3.785106,14,600266,6894202,2830557,7848796,3473432,0.693220
849,7494470,7865603,2073600,5792003,3.793211,14,594785,6899685,2832850,7865603,3465797,0.694142
850,7426420,7887130,2073600,5813530,3.803593,16,588064,6838356,2832481,7887130,3442794,0.696133
851,7286600,7906759,2073600,5833159,3.813059,15,585127,6701473,2834345,7906759,3430621,0.697406
852,7286516,7933344,2073600,5859744,3.825880,14,583653,6702863,2841782,7933344,3433784,0.697920
853,7286516,7965223,2073600,5891623,3.841253,14,582558,6703958,2849185,7965223,3431517,0.698904
854,7292368,7998709,2073600,5925109,3.857402,13,581312,6711056,2855341,7998709,3422655,0.700329
855,7292368,8033115,2073600,5959515,3.873995,15,580993,6711375,2865136,8033115,3427429,0.700937
856,7292368,8066547,2073599,5992948,3.890119,14,580001,6712367,2872594,8066547,3423829,0.702026
857,7292376,8100352,2073598,6026754,3.906424,14,578372,6714004,2881426,8100352,3425352,0.702808
858,7292380,8137507,2073597,6063910,3.924344,14,577682,6714698,2890824,8137507,3425789,0.703736
859,7290188,8175326,2073598,6101728,3.942580,14,576825,6713363,2900747,8175326,3427662,0.704588
860,7291270,8208055,2073598,6134457,3.958364,15,575695,6715575,2909061,8208055,3428189,0.705387
861,7268247,8205616,2073596,6132020,3.957191,15,575137,6693110,2907098,8205616,3422776,0.705654
862,7287273,8200771,2073598,6127173,3.954851,15,575252,6712021,2905586,8200771,3421573,0.705604
863,7287269,8191425,2073596,6117829,3.950348,17,575456,6711813,2903089,8191425,3420931,0.705406
864,7293603,8183693,2073598,6110095,3.946615,17,576213,6717390,2899558,8183693,3414539,0.705598
865,7288385,8177869,2073597,6104272,3.943808,15,576777,6711608,2899018,8177869,3418203,0.705228
866,7283104,8174590,2073597,6100993,3.942227,17,578185,6704919,2899307,8174590,3422638,0.704874
867,7283100,8159068,2073598,6085470,3.934740,18,577509,6705591,2891817,8159068,3408200,0.705358
868,7283168,8141332,2073595,6067737,3.926192,16,576185,6706983,2884431,8141332,3396392,0.705627
869,7301466,8125303,2073597,6051706,3.918458,17,575015,6726451,2878079,8125303,3387013,0.705792
870,7303660,8111406,2073597,6037809,3.911756,16,574746,6728914,2871116,8111406,3373058,0.706294
871,7303664,8097530,2073598,6023932,3.905063,16,575267,6728397,2867806,8097530,3373694,0.705899
872,7303664,8079858,2073598,6006260,3.896540,16,574660,6729004,2863010,8079858,3372182,0.705539
873,7303664,8063614,2073598,5990016,3.888706,16,573424,6730240,2857358,8063614,3365818,0.705513
874,7303664,8053863,2073596,5980267,3.884008,15,572845,6730819,2855363,8053863,3367589,0.705152
875,7303664,8046058,2073598,5972460,3.880240,14,572073,6731591,2850757,8046058,3356970,0.705607
876,7303656,8041340,2073598,5967742,3.877965,15,573248,6730408,2849823,8041340,3357952,0.705425
877,7318044,8036067,2073598,5962469,3.875422,15,575284,6742760,2850418,8036067,3365605,0.704815
878,7318040,8029925,2073598,5956327,3.872460,14,578421,6739619,2852154,8029925,3378691,0.703847
879,7318038,8023640,2073598,5950042,3.869429,15,581419,6736619,2855401,8023640,3397964,0.702497
880,7316649,8021116,2073597,5947519,3.868214,15,582271,6734378,2855620,8021116,3401364,0.702222
881,7289619,8032591,2073597,5958994,3.873747,15,582430,6707189,2859504,8032591,3405425,0.702271
882,7289619,8042654,2073596,5969058,3.878602,15,581774,6707845,2861146,8042654,3401930,0.702748
883,7289619,8047899,2073598,5974301,3.881128,15,581136,6708483,2860180,8047899,3392821,0.703443
884,7289619,8057793,2073597,5984196,3.885901,15,580873,6708746,2861723,8057793,3389099,0.703928
885,7307917,8067151,2073596,5993555,3.890416,15,580359,6727558,2863368,8067151,3386321,0.704341
886,7310109,8077746,2073600,6004146,3.895518,15,580827,6729282,2864386,8077746,3379798,0.705015
887,7309076,8089445,2073598,6015847,3.901164,15,581181,6727895,2867567,8089445,3380823,0.705253
888,7270696,8101003,2073597,6027406,3.906739,16,580875,6689821,2869689,8101003,3377753,0.705739
889,7270696,8113088,2073600,6039488,3.912562,16,580995,6689701,2872354,8113088,3376328,0.706136
890,7272371,8127321,2073598,6053723,3.919429,15,581894,6690477,2877504,8127321,3382695,0.706109
891,7327221,8228396,2073596,6154800,3.968177,15,580047,6747174,2906731,8228396,3398528,0.707702
892,7371345,8292147,2073598,6218549,3.998917,14,576068,6795277,2922316,8292147,3397117,0.709381
893,7377571,8349701,2073599,6276102,4.026671,14,572099,6805472,2937389,8349701,3399855,0.710640
894,7378618,8403144,2073596,6329548,4.052450,14,565243,6813375,2948043,8403144,3389028,0.712604
895,7378618,8513447,2073599,6439848,4.105638,14,562316,6816302,2975281,8513447,3387677,0.715348
896,7378998,8575984,2073600,6502384,4.135795,14,560680,6818318,2993448,8575984,3397808,0.716230
897,7395920,8748122,2073598,6674524,4.218813,14,560788,6835132,3044279,8748122,3428994,0.718407
898,7423738,8747851,2073600,6674251,4.218678,15,565023,6858715,3051139,8747851,3456705,0.716769
899,7425421,8868538,2073598,6794940,4.276884,15,571223,6854198,3091068,8868538,3495734,0.717271
900,7444801,8886838,2073600,6813238,4.285705,16,579885,6864916,3102616,8886838,3523626,0.716076
901,7444803,7420529,2026092,5394437,3.662484,14,389400,7055403,2486835,7420529,2526811,0.745981
902,7445901,8956631,2073598,6883033,4.319367,15,581504,6864397,3125290,8956631,3544529,0.716464
903,7445901,8966017,2073599,6892418,4.323891,15,582418,6863483,3129728,8966017,3552895,0.716198
904,7445901,8955120,2073600,6881520,4.318634,16,585146,6860755,3130890,8955120,3568440,0.715062
905,7445901,8941931,2073597,6868334,4.312280,16,586317,6859584,3129760,8941931,3577109,0.714267
906,7445899,8927825,2073600,6854225,4.305471,17,584776,6861123,3124376,8927825,3569679,0.714369
907,7445899,8931399,2073600,6857799,4.307195,17,582495,6863404,3126332,8931399,3573929,0.714207
908,7445899,8934753,2073599,6861154,4.308814,16,580472,6865427,3125575,8934753,3567547,0.714649
909,7445899,8934823,2073600,6861223,4.308846,19,577336,6868563,3121243,8934823,3550149,0.715646
910,7445899,8938109,2073599,6864510,4.310433,17,575171,6870728,3117529,8938109,3532007,0.716762
911,7445899,9243248,2073600,7169648,4.457585,16,572891,6873008,3188330,9243248,3510072,0.724772
912,7445899,9243287,2073600,7169687,4.457604,17,569255,6876644,3180159,9243287,3477349,0.726637
913,7445901,9400763,2073600,7327163,4.533547,17,565843,6880058,3213067,9400763,3451505,0.731448
914,7448623,9393991,2073600,7320391,4.530281,17,562270,6886353,3203428,9393991,3419721,0.733120
915,7448623,9376737,2073599,7303138,4.521963,16,558807,6889816,3192992,9376737,3395231,0.734165
916,7448623,9357274,2073600,7283674,4.512574,17,555880,6892743,3180249,9357274,3363722,0.735577
917,7448623,9339567,2073600,7265967,4.504035,16,553817,6894806,3169132,9339567,3336961,0.736761
918,7449523,9321197,2073600,7247597,4.495176,17,552153,6897370,3158310,9321197,3312043,0.737831
919,7455725,9308004,2073600,7234404,4.488814,17,549465,6906260,3150182,9308004,3292724,0.738688
920,7455727,9293935,2073600,7220335,4.482029,16,547923,6907804,3141114,9293935,3270521,0.739701
921,7461291,9282847,2073599,7209248,4.476684,16,545253,6916038,3132437,9282847,3246901,0.740865
922,7470237,9265643,2073599,7192044,4.468387,16,543159,6927078,3125074,9265643,3234653,0.741234
923,7470237,9239638,2073600,7166038,4.455844,18,541369,6928868,3113206,9239638,3213186,0.741971
924,7470237,9206944,2073600,7133344,4.440077,19,538831,6931406,3098093,9206944,3185428,0.742953
925,7476537,9177914,2073600,7104314,4.426077,18,537192,6939345,3086558,9177914,3168318,0.743378
926,7477031,9249069,2073600,7175469,4.460392,18,534383,6942648,3099699,9249069,3149727,0.745965
927,7482146,9271871,2073600,7198271,4.471388,18,531386,6950760,3101196,9271871,3132913,0.747443
928,7482514,9258638,2073599,7185039,4.465009,17,527484,6955030,3091123,9258638,3105854,0.748809
929,7538222,9232215,2073600,7158615,4.452264,19,523534,7014688,3078141,9232215,3080349,0.749821
930,7538828,9195568,2073600,7121968,4.434591,17,520332,7018496,3063425,9195568,3058132,0.750432
931,7589203,9140609,2073600,7067009,4.408087,17,517376,7071827,3043149,9140609,3031987,0.750917
932,7616243,9073152,2073600,6999552,4.375556,17,513554,7102689,3018604,9073152,3001264,0.751436
933,7619810,8999024,2073599,6925425,4.339809,17,510898,7108912,2994543,8999024,2979148,0.751285
934,7718353,8926100,2073599,6852501,4.304641,17,507382,7210971,2969986,8926100,2953844,0.751359
935,7728951,8845949,2073599,6772350,4.265988,17,503650,7225301,2943316,8845949,2927315,0.751359
936,7730454,8762881,2073598,6689283,4.225930,18,500678,7229776,2917190,8762881,2905879,0.750969
937,7730454,8682172,2073600,6608572,4.187004,18,497907,7232547,2892387,8682172,2887376,0.750433
938,7730814,8607767,2073599,6534168,4.151124,19,495130,7235684,2869199,8607767,2869029,0.750015
939,7792683,8531878,2073598,6458280,4.114528,20,493044,7299639,2846000,8531878,2852122,0.749462
940,7796399,8458625,2073599,6385026,4.079200,17,491810,7304589,2825862,8458625,2844823,0.748323
941,7836611,8812110,2073600,6738510,4.249667,19,493979,7342632,2921600,8812110,2874290,0.754048
942,7836617,12249265,2073600,10175665,5.907246,19,495439,7341178,3799443,12249265,2948507,0.805991
943,7836621,12097741,2073600,10024141,5.834173,19,497229,7339392,3766638,12097741,2968811,0.802954
944,7836621,11963593,2073600,9889993,5.769480,20,497708,7338913,3737680,11963593,2987127,0.800202
945,7836621,11843126,2073600,9769526,5.711384,21,497903,7338718,3712099,11843126,3005270,0.797603
946,7836621,11737144,2073600,9663544,5.660274,19,499180,7337441,3689844,11737144,3022232,0.795233
947,7901291,11640081,2073600,9566481,5.613465,19,499577,7401714,3671814,11640081,3047175,0.792529
948,7967838,11555427,2073600,9481827,5.572640,19,500845,7466993,3657380,11555427,3074093,0.789871
949,7967844,11490979,2073600,9417379,5.541560,19,501817,7466027,3647278,11490979,3098133,0.787641
950,7967844,11429622,2073600,9356022,5.511970,19,503065,7464779,3637708,11429622,3121210,0.785496
951,7967484,11424922,2073600,9351322,5.509704,19,503046,7464438,3638345,11424922,3128458,0.785036
952,7944818,11419856,2073600,9346256,5.507261,19,503715,7441103,3639488,11419856,3138096,0.784441
953,7944458,11414221,2073600,9340621,5.504543,19,505086,7439372,3639321,11414221,3143063,0.784090
954,7944458,11409476,2073600,9335876,5.502255,20,505928,7438530,3639266,11409476,3147588,0.783776
955,7944458,11408557,2073600,9334957,5.501812,19,507064,7437394,3642342,11408557,3160811,0.783051
956,7944458,11408132,2073600,9334532,5.501607,20,508875,7435583,3643905,11408132,3167488,0.782686
957,7944458,11404013,2073600,9330413,5.499620,20,509353,7435105,3644502,11404013,3173995,0.782275
958,7944458,11401645,2073600,9328045,5.498478,20,510395,7434063,3645383,11401645,3179887,0.781924
959,7944458,11395882,2073600,9322282,5.495699,21,511274,7433184,3646350,11395882,3189518,0.781321
960,7944458,11383051,2073600,9309451,5.489511,20,513064,7431394,3645244,11383051,3197925,0.780678
961,7890596,11280054,2073600,9206454,5.439841,21,516442,7374154,3625859,11280054,3223382,0.777750
962,7813179,11291970,2073600,9218370,5.445587,20,520580,7292599,3639439,11291970,3265786,0.775667
963,7801325,11448012,2073600,9374412,5.520839,19,526027,7275298,3701970,11448012,3359868,0.773103
964,7800947,11516222,2073600,9442622,5.553734,19,531567,7269380,3740500,11516222,3445778,0.769698
965,7800939,11271954,2073600,9198354,5.435935,19,535607,7265332,3688795,11271954,3483226,0.763932
966,7785982,11010803,2073600,8937203,5.309994,21,538519,7247463,3631649,11010803,3515793,0.757975
967,7780396,10773352,2073600,8699752,5.195482,20,540136,7240260,3580285,10773352,3547788,0.752269
968,7774810,10682620,2073599,8609021,5.151729,20,540459,7234351,3568124,10682620,3589876,0.748476
969,7774810,10599540,2073599,8525941,5.111663,23,542011,7232799,3557713,10599540,3631312,0.744828
970,7772090,10517407,2073600,8443807,5.072052,20,542434,7229656,3547261,10517407,3671637,0.741234
971,7905612,10442719,2073595,8369124,5.036046,19,542270,7363342,3540080,10442719,3717601,0.737463
972,7904315,10246263,2072655,8173608,4.943545,19,542044,7362271,3498213,10246263,3746589,0.732250
973,7963820,9586377,2070039,7516338,4.631013,19,538775,7425045,3319156,9586377,3690247,0.722049
974,7922058,9366387,2066106,7300281,4.533353,19,540409,7381649,3261164,9366387,3678269,0.718025
975,7883670,9242933,2060118,7182815,4.486604,19,544105,7339565,3229680,9242933,3675787,0.715468
976,7883506,9109928,2052402,7057526,4.438666,20,548854,7334652,3197607,9109928,3680500,0.712246
977,7883502,8958716,2043274,6915442,4.384491,19,554200,7329302,3157887,8958716,3672832,0.709233
978,7879850,8822598,2033347,6789251,4.338953,19,559278,7320572,3123598,8822598,3671794,0.706125
979,7879848,8683843,2024541,6659302,4.289290,21,563857,7315991,3085932,8683843,3659885,0.703502
980,7879848,8547577,2017886,6529691,4.235907,19,566900,7312948,3050314,8547577,3653679,0.700549
981,7878384,8445511,2013835,6431676,4.193745,18,567819,7310565,3019288,8445511,3631641,0.699297
982,7854496,8375445,2009701,6365744,4.167508,20,569223,7285273,2997516,8375445,3614619,0.698532
983,7854496,8343250,2005478,6337772,4.160230,19,572565,7281931,2994562,8343250,3634998,0.696533
984,7848162,8312619,2001184,6311435,4.153850,18,578013,7270149,2991777,8312619,3654489,0.694622
985,7848162,8278028,1996822,6281206,4.145601,18,582702,7265460,2989970,8278028,3681852,0.692150
986,7747374,8243967,1992387,6251580,4.137734,19,587933,7159441,2985986,8243967,3699977,0.690222
987,7714841,8205331,1987885,6217446,4.127669,20,592139,7122702,2982080,8205331,3722989,0.687887
988,7680831,8162190,1983119,6179071,4.115835,21,595652,7085179,2974921,8162190,3737494,0.685917
989,7652629,8118568,1977538,6141030,4.105392,24,600214,7052415,2970038,8118568,3761584,0.683372
990,7652383,8074181,1971768,6102413,4.094894,26,603324,7049059,2961059,8074181,3770055,0.681697
991,7650708,8093929,1977399,6116530,4.093220,26,603454,7047254,2964905,8093929,3765691,0.682478
992,7596807,8112716,1982920,6129796,4.091298,26,603007,6993800,2969246,8112716,3764268,0.683062
993,7596747,8130026,1987558,6142468,4.090460,25,602825,6993922,2972403,8130026,3759586,0.683792
994,7596747,8144429,1991863,6152566,4.088850,26,601933,6994814,2974652,8144429,3754179,0.684486
995,7595072,8158108,1996049,6162059,4.087128,25,600241,6994831,2975916,8158108,3745556,0.685344
996,7595072,8172597,2000129,6172468,4.086035,25,599105,6995967,2976480,8172597,3733323,0.686431
997,7594580,8187116,2004097,6183019,4.085189,26,598119,6996461,2978638,8187116,3727436,0.687153
998,7578132,8202137,2007951,6194186,4.084829,25,596704,6981428,2979376,8202137,3715367,0.688243
999,7572324,8217593,2011693,6205900,4.084914,25,595695,6976629,2982255,8217593,3711427,0.688874
1000,7572324,8230252,2015323,6214929,4.083838,25,593971,6978353,2982013,8230252,3697800,0.689991
1001,7560888,8234745,2016269,6218476,4.084150,24,593963,6966925,2984185,8234745,3701995,0.689865
1002,7560888,8237593,2017208,6220385,4.083661,25,593354,6967534,2983202,8237593,3695215,0.690331
1003,7560888,8240505,2018149,6222356,4.083200,25,593007,6967881,2984262,8240505,3696543,0.690330
1004,7555302,8243493,2019067,6224426,4.082823,24,592374,6962928,2983260,8243493,3689547,0.690812
1005,7555302,8245982,2019977,6226005,4.082216,25,592209,6963093,2984469,8245982,3691894,0.690741
1006,7549568,8249555,2020882,6228673,4.082156,24,592465,6957103,2984339,8249555,3687801,0.691071
1007,7549568,8250230,2021780,6228450,4.080676,25,591285,6958283,2982744,8250230,3680746,0.691497
1008,7549568,8252702,2022665,6230037,4.080113,25,591193,6958375,2983146,8252702,3679882,0.691611
1009,7549568,8254898,2023544,6231354,4.079426,25,591210,6958358,2983613,8254898,3679554,0.691686
1010,7549568,8254997,2024417,6230580,4.077716,24,590800,6958768,2980430,8254997,3666723,0.692433
1011,7549568,8288348,2027954,6260394,4.087049,20,589496,6960072,2988060,8288348,3663892,0.693456
1012,7549568,8320880,2031398,6289482,4.096135,20,588617,6960951,2995250,8320880,3660120,0.694506
1013,7549568,8208982,2034729,6174253,4.034435,19,587032,6962536,2963507,8208982,3645046,0.692506
1014,7555302,8239051,2037967,6201084,4.042779,19,585645,6969657,2968786,8239051,3636093,0.693806
1015,7560888,8250510,2037231,6213279,4.049865,19,583797,6977091,2967877,8250510,3620998,0.694984
1016,7560888,8232557,2040882,6191675,4.033823,19,582875,6978013,2961141,8232557,3612007,0.695049
1017,7560888,8155978,2044375,6111603,3.989473,19,580946,6979942,2937803,8155978,3595234,0.694054
1018,7572282,8186002,2047703,6138299,3.997651,19,579008,6993274,2941367,8186002,3579466,0.695765
1019,7578132,8122258,2050819,6071439,3.960495,18,576882,7001250,2921284,8122258,3562878,0.695093
1020,7578132,7958292,2050942,5907350,3.880311,19,575539,7002593,2875511,7958292,3543752,0.691902
1021,7578132,7988005,2053767,5934238,3.889441,18,575910,7002222,2881651,7988005,3538599,0.693006
1022,7566798,8015908,2056393,5959515,3.898043,18,575344,6991454,2886440,8015908,3529852,0.694273
1023,7566798,8041107,2058984,5982123,3.905376,19,574499,6992299,2889878,8041107,3518405,0.695627
1024,7566798,8062861,2061319,6001542,3.911506,18,574886,6991912,2893648,8062861,3511731,0.696600
1025,7566796,8077118,2063555,6013563,3.914176,17,574644,6992152,2895167,8077118,3503550,0.697466
1026,7579495,8085716,2065823,6019893,3.914041,17,574179,7005316,2893218,8085716,3487156,0.698678
1027,7579495,8092665,2068022,6024643,3.913239,17,574119,7005376,2893063,8092665,3479587,0.699316
1028,7579495,8099512,2070088,6029424,3.912641,17,573873,7005622,2889913,8099512,3460140,0.700671
1029,7539283,8115816,2071845,6043971,3.917193,18,573250,6966033,2890042,8115816,3444352,0.702050
1030,7539283,8130745,2073075,6057670,3.922070,19,572363,6966920,2889076,8130745,3425559,0.703577
1031,7537922,8078296,2072443,6005853,3.897958,20,577265,6960657,2880279,8078296,3442820,0.701173
1032,7532324,8022639,2071614,5951025,3.872651,24,584194,6948130,2874992,8022639,3477329,0.697623
1033,7538747,7818226,2070824,5747402,3.775418,30,596048,6942699,2836986,7818226,3529718,0.688955
1034,7538743,7777936,2070435,5707501,3.756668,37,610804,6927939,2843001,7777936,3594068,0.683955
1035,7459999,7791113,2069446,5721667,3.764830,41,624189,6835810,2860719,7791113,3651763,0.680870
1036,7452318,7992659,2067854,5924805,3.865195,41,630332,6821986,2916083,7992659,3671673,0.685222
1037,7446370,7864602,2065314,5799288,3.807945,40,628147,6818223,2880341,7864602,3656762,0.682610
1038,7410662,7713045,2061307,5651738,3.741823,39,624000,6786662,2836504,7713045,3632971,0.679802
1039,7282338,7541501,2055545,5485956,3.668857,37,611466,6670872,2772793,7541501,3549671,0.679955
1040,7213172,7398368,2051297,5347071,3.606678,41,583374,6629798,2709647,7398368,3440220,0.682595
1041,7207322,7427108,2053648,5373460,3.616544,42,575756,6631566,2702923,7427108,3384584,0.686951
1042,7201514,7451000,2055945,5395055,3.624124,43,566864,6634650,2693775,7451000,3324100,0.691502
1043,7229332,7474675,2058244,5416431,3.631579,43,557942,6671390,2683637,7474675,3259873,0.696319
1044,7229332,7503321,2060394,5442927,3.641692,41,548518,6680814,2675459,7503321,3198515,0.701125
1045,7229332,7536734,2062390,5474344,3.654369,36,539997,6689335,2668098,7536734,3135658,0.706190
1046,7229334,7571525,2064199,5507326,3.668021,36,532015,6697319,2662770,7571525,3079555,0.710869
1047,7229328,7600958,2065754,5535204,3.679508,32,521048,6708280,2653531,7600958,3013166,0.716117
1048,7228958,7629550,2067026,5562524,3.691076,32,508935,6720023,2642477,7629550,2940358,0.721818
1049,7162417,7679077,2067961,5611116,3.713357,30,496686,6665731,2636453,7679077,2866735,0.728164
1050,7162409,7781356,2068748,5712608,3.761384,31,482861,6679548,2644411,7781356,2796288,0.735642
1051,7163457,7968976,2069584,5899392,3.850521,30,474277,6689180,2679654,7968976,2749640,0.743471
1052,7157871,8478484,2070333,6408151,4.095227,30,466963,6690908,2799853,8478484,2720928,0.757047
1053,7156564,8827113,2071019,6756094,4.262208,29,459210,6697354,2875420,8827113,2674567,0.767463
1054,7156564,8781102,2073600,6707502,4.234714,31,452319,6704245,2847055,8781102,2607118,0.771069
1055,7156564,7950572,2073567,5877005,3.834249,31,445791,6710773,2609548,7950572,2487620,0.761681
1056,7120961,7865824,2072668,5793156,3.795024,29,439256,6681705,2568292,7865824,2407344,0.765667
1057,7071551,7893923,2073057,5820866,3.807866,29,431737,6639814,2561485,7893923,2352017,0.770444
1058,7044028,7948416,2073329,5875087,3.833649,27,425222,6618806,2561199,7948416,2296380,0.775849
1059,7004825,8026591,2073508,5953083,3.871020,25,419253,6585572,2568921,8026591,2249093,0.781125
1060,7004825,8105177,2073597,6031580,3.908752,23,412543,6592282,2576908,8105177,2202455,0.786328
1061,7011821,8193349,2073599,6119750,3.951270,23,406803,6605018,2589674,8193349,2165347,0.790963
1062,7012381,7886242,2073480,5812762,3.803385,24,401357,6611024,2506125,7886242,2138258,0.786697
1063,6941692,7718673,2073439,5645234,3.722643,24,396907,6544785,2461628,7718673,2127839,0.783899
1064,6940109,7742707,2073390,5669317,3.734323,22,392955,6547154,2465039,7742707,2117449,0.785252
1065,6990498,7708849,2073340,5635509,3.718082,16,389018,6601480,2454988,7708849,2111103,0.785019
1066,6995868,7701546,2073287,5628259,3.714655,17,386985,6608883,2455446,7701546,2120238,0.784129
1067,6922561,7690348,2073227,5617121,3.709361,17,387399,6535162,2455303,7690348,2130864,0.783035
1068,6810339,7690841,2073169,5617672,3.709703,17,387970,6422369,2459396,7690841,2146743,0.781781
1069,6810339,7705916,2073130,5632786,3.717044,17,388428,6421911,2467182,7705916,2162812,0.780842
1070,6810251,7723442,2073409,5650033,3.724997,17,389517,6420734,2476169,7723442,2181234,0.779777
1071,6810259,7736597,2073599,5662998,3.731000,16,389415,6420844,2483549,7736597,2197599,0.778784
1072,6809699,7750831,2073599,5677232,3.737864,16,390166,6419533,2489908,7750831,2208801,0.778225
1073,6826337,7767303,2073599,5693704,3.745808,17,390664,6435673,2497245,7767303,2221677,0.777587
1074,6832143,7785230,2073598,5711632,3.754455,17,390954,6441189,2505547,7785230,2236958,0.776799
1075,6781758,7806421,2073600,5732821,3.764671,18,392019,6389739,2514570,7806421,2251859,0.776119
1076,6781698,7835096,2073599,5761497,3.778501,17,392020,6389678,2524975,7835096,2264804,0.775760
1077,6781698,7869086,2073599,5795487,3.794893,17,390967,6390731,2536359,7869086,2276350,0.775628
1078,6781574,7904999,2073600,5831399,3.812210,16,389482,6392092,2547876,7904999,2286505,0.775646
1079,6781574,7942170,2073600,5868570,3.830136,17,388487,6393087,2561216,7942170,2302694,0.775234
1080,6781604,7976641,2073600,5903041,3.846760,16,386730,6394874,2572515,7976641,2313419,0.775179
1081,6777168,8017264,2073600,5943664,3.866350,16,380043,6397125,2581979,8017264,2310652,0.776271
1082,6769324,8057519,2073600,5983919,3.885763,15,374731,6394593,2593972,8057519,2318369,0.776562
1083,6769324,8096592,2073600,6022992,3.904606,17,371099,6398225,2605878,8096592,2326920,0.776762
1084,6742294,8134188,2073600,6060588,3.922737,16,367827,6374467,2619681,8134188,2344536,0.776257
1085,6742294,8170042,2073600,6096442,3.940028,16,366112,6376182,2633734,8170042,2364894,0.775519
1086,6742294,8199286,2073597,6125689,3.954137,16,363896,6378398,2646662,8199286,2387362,0.774493
1087,6736514,8215696,2073599,6142097,3.962047,16,362022,6374492,2656465,8215696,2410164,0.773179
1088,6736514,8212831,2073600,6139231,3.960663,19,359875,6376639,2660600,8212831,2429569,0.771709
1089,6739874,7492245,2073597,5418648,3.613164,18,357361,6382513,2482410,7492245,2437395,0.754533
1090,6734204,7503342,2073599,5429743,3.618512,16,354820,6379384,2486432,7503342,2442386,0.754429
1091,6734204,7551101,2073598,5477503,3.641545,16,351390,6382814,2493694,7551101,2423675,0.757020
1092,6670983,7619148,2073599,5545549,3.674359,17,349270,6321713,2504722,7619148,2399740,0.760478
1093,6670983,7690869,2073599,5617270,3.708947,16,347119,6323864,2522562,7690869,2399379,0.762208
1094,6670983,7754156,2073599,5680557,3.739467,17,345834,6325149,2536301,7754156,2391048,0.764317
1095,6670983,7815927,2073598,5742329,3.769259,17,344383,6326600,2550545,7815927,2386253,0.766104
1096,6670983,7893253,2073599,5819654,3.806547,16,345464,6325519,2571192,7893253,2391515,0.767470
1097,6670983,7980471,2073600,5906871,3.848607,17,345616,6325367,2593254,7980471,2392545,0.769349
1098,6670983,8065501,2073599,5991902,3.889615,18,346045,6324938,2614335,8065501,2391839,0.771277
1099,6670983,8061908,2073600,5988308,3.887880,17,347020,6323963,2613811,8061908,2393336,0.771088
1100,6670983,8165466,2073600,6091866,3.937821,19,347483,6323500,2637670,8165466,2385214,0.773928
1101,6670983,8190055,2073600,6116455,3.949679,17,348255,6322728,2642231,8190055,2378869,0.774919
1102,6670979,8201216,2073600,6127616,3.955062,16,349002,6321977,2644053,8201216,2374996,0.775440
1103,6665427,8137642,2073599,6064043,3.924405,17,350008,6315419,2626711,8137642,2369202,0.774509
1104,6648508,8092811,2073600,6019211,3.902783,15,351703,6296805,2617298,8092811,2376381,0.773012
1105,6648504,8043197,2073600,5969597,3.878857,16,353534,6294970,2606661,8043197,2383447,0.771408
1106,6648504,7987176,2073600,5913576,3.851840,14,355963,6292541,2596314,7987176,2398080,0.769088
1107,6648504,7908817,2073600,5835217,3.814051,15,358335,6290169,2577327,7908817,2400491,0.767153
1108,6711725,7815445,2073600,5741845,3.769022,14,361294,6350431,2555548,7815445,2406747,0.764557
1109,6717505,7724084,2073600,5650484,3.724963,14,366095,6351410,2533520,7724084,2409996,0.762189
1110,6769369,7640359,2073600,5566759,3.684587,15,374320,6395049,2518051,7640359,2431845,0.758559
1111,6751457,7621340,2073599,5547741,3.675417,14,373113,6378344,2511245,7621340,2423640,0.758721
1112,6751449,7604586,2073600,5530986,3.667335,14,372968,6378481,2504880,7604586,2414934,0.758977
1113,6751449,7588302,2073600,5514702,3.659482,15,373364,6378085,2500248,7588302,2412690,0.758755
1114,6745809,7572514,2073598,5498916,3.651872,14,374132,6371677,2496611,7572514,2413930,0.758279
1115,6740089,7555891,2073600,5482291,3.643852,15,375780,6364309,2491783,7555891,2411241,0.758081
1116,6800982,7541058,2073600,5467458,3.636698,15,377244,6423738,2488715,7541058,2413802,0.757525
1117,6800980,7526693,2073600,5453093,3.629771,15,378861,6422119,2485303,7526693,2414519,0.757120
1118,6800980,7512050,2073600,5438450,3.622709,15,380627,6420353,2481148,7512050,2412542,0.756913
1119,6800980,7498146,2073600,5424546,3.616004,14,382518,6418462,2478709,7498146,2416690,0.756255
1120,6816840,7484329,2073599,5410730,3.609343,14,385356,6431484,2477459,7484329,2425507,0.755242
1121,6885807,7500482,2073599,5426883,3.617132,15,412997,6472810,2502312,7500482,2508766,0.749355
1122,6919181,7526961,2073600,5453361,3.629900,14,439974,6479207,2531270,7526961,2598119,0.743398
1123,6999059,7553738,2073600,5480138,3.642813,14,469226,6529833,2564092,7553738,2702630,0.736492
1124,6999421,7585916,2073600,5512316,3.658331,15,502489,6496932,2601586,7585916,2820428,0.728970
1125,7010122,7621821,2073600,5548221,3.675647,15,526343,6483779,2635141,7621821,2918743,0.723094
1126,7056099,7637554,2073599,5563955,3.683236,15,543800,6512299,2658976,7637554,2998350,0.718092
1127,7121681,7676464,2073599,5602865,3.702000,14,556860,6564821,2683628,7676464,3058048,0.715120
1128,7122049,7702318,2073599,5628719,3.714468,14,560696,6561353,2695436,7702318,3079426,0.714385
1129,7199836,7718941,2073599,5645342,3.722485,15,560601,6639235,2700766,7718941,3084123,0.714514
1130,7241687,7733583,2073600,5659983,3.729544,15,562531,6679156,2706881,7733583,3093941,0.714252
1131,7247539,7736525,2073599,5662926,3.730965,15,570557,6676982,2719002,7736525,3139483,0.711339
1132,7247923,7741543,2073598,5667945,3.733387,15,579549,6668374,2732636,7741543,3189001,0.708249
1133,7286671,7758549,2073600,5684949,3.741584,16,582945,6703726,2743324,7758549,3214747,0.707039
1134,7288030,7781761,2073600,5708161,3.752778,17,586484,6701546,2755100,7781761,3238639,0.706123
1135,7323215,7800353,2073600,5726753,3.761744,16,587350,6735865,2762769,7800353,3250723,0.705846
1136,7302880,7801917,2073600,5728317,3.762499,16,591317,6711563,2768706,7801917,3272907,0.704473
1137,7301207,7770382,2073600,5696782,3.747291,16,597161,6704046,2768358,7770382,3303050,0.701714
1138,7294813,7735745,2073597,5662148,3.730592,15,602006,6692807,2766713,7735745,3331107,0.699001
1139,7294445,7722351,2073600,5648751,3.724128,15,603367,6691078,2766508,7722351,3343681,0.697843
1140,7344826,7721620,2073599,5648021,3.723777,15,602904,6741922,2766855,7721620,3345800,0.697689
1141,7240106,7740962,2073600,5667362,3.733103,14,592688,6647418,2760806,7740962,3302262,0.700969
1142,7160393,7731815,2073600,5658215,3.728692,16,587286,6573107,2756153,7731815,3292797,0.701323
1143,7018158,7656986,2073600,5583386,3.692605,15,570162,6447996,2712862,7656986,3194462,0.705619
1144,6966356,7579949,2073600,5506349,3.655454,15,559433,6406923,2682630,7579949,3150571,0.706392
1145,6883053,7447347,2073599,5373748,3.591508,15,480899,6402154,2570672,7447347,2835341,0.724261
1146,6763565,7353162,2073600,5279562,3.546085,15,392273,6371292,2466789,7353162,2513994,0.745216
1147,6648504,7416979,2073600,5343379,3.576861,15,377104,6271400,2472228,7416979,2471933,0.750030
1148,6646827,7470673,2073600,5397073,3.602755,15,371603,6275224,2477909,7470673,2440963,0.753728
1149,6679251,7646934,2073600,5573334,3.687758,14,314549,6364702,2470439,7646934,2234822,0.773844
1150,6605172,7791398,2073600,5717798,3.757426,14,278095,6327077,2480843,7791398,2131974,0.785156
1151,6533578,7774213,2073600,5700613,3.749138,14,279083,6254495,2479964,7774213,2145643,0.783702
1152,6533574,7766954,2073600,5693354,3.745638,14,280768,6252806,2481966,7766954,2160910,0.782339
1153,6534742,7759363,2073600,5685763,3.741977,14,283126,6251616,2485489,7759363,2182593,0.780466
1154,6516804,7753931,2073600,5680331,3.739357,14,285728,6231076,2488976,7753931,2201973,0.778827
1155,6432202,7752032,2073600,5678432,3.738441,13,288365,6143837,2494332,7752032,2225296,0.776965
1156,6437784,7754194,2073600,5680594,3.739484,13,289909,6147875,2499777,7754194,2244914,0.775489
1157,6435592,7759118,2073599,5685519,3.741860,13,291242,6144350,2505694,7759118,2263658,0.774149
1158,6417294,7761115,2073600,5687515,3.742822,13,292478,6124816,2508961,7761115,2274729,0.773340
1159,6416818,7748629,2073600,5675029,3.736800,12,292336,6124482,2505047,7748629,2271559,0.773302
1160,6421925,7733283,2073600,5659683,3.729400,12,292394,6129531,2498996,7733283,2262701,0.773639
1161,6421925,7706198,2073600,5632598,3.716338,12,290645,6131280,2488182,7706198,2246530,0.774280
1162,6421925,7677591,2073600,5603991,3.702542,13,288710,6133215,2476367,7677591,2227877,0.775086
1163,6421925,7647776,2073600,5574176,3.688164,13,286156,6135769,2463856,7647776,2207648,0.775997
1164,6421925,7626382,2073600,5552782,3.677846,13,284474,6137451,2454242,7626382,2190586,0.776857
1165,6421925,7610358,2073600,5536758,3.670119,12,283523,6138402,2447966,7610358,2181506,0.777212
1166,6398899,7601087,2073600,5527487,3.665648,12,282816,6116083,2443958,7601087,2174745,0.777539
1167,6398899,7599509,2073600,5525909,3.664887,12,281751,6117148,2442300,7599509,2169691,0.777905
1168,6398899,7603349,2073599,5529750,3.666740,12,280732,6118167,2442089,7603349,2165007,0.778365
1169,6398899,7604572,2073600,5530972,3.667328,13,279209,6119690,2439936,7604572,2155172,0.779177
1170,6398899,7607512,2073600,5533912,3.668746,13,277801,6121098,2439008,7607512,2148520,0.779775
1171,6348442,7645761,2073600,5572161,3.687192,13,277533,6070909,2451508,7645761,2160271,0.779700
1172,6345033,7692197,2073600,5618597,3.709586,13,277203,6067830,2465234,7692197,2168739,0.780068
1173,6339896,7743528,2073600,5669928,3.734340,13,276705,6063191,2480405,7743528,2178092,0.780470
1174,6334310,7792668,2073600,5719068,3.758038,14,276032,6058278,2495736,7792668,2190276,0.780598
1175,6330950,7837756,2073600,5764156,3.779782,14,275069,6055881,2509117,7837756,2198712,0.780928
1176,6330950,7882393,2073600,5808793,3.801308,14,273599,6057351,2522654,7882393,2208223,0.781161
1177,6330950,7930774,2073600,5857174,3.824640,14,272443,6058507,2535762,7930774,2212274,0.781893
1178,6330950,7985154,2073600,5911554,3.850865,14,270494,6060456,2549583,7985154,2213178,0.782986
1179,6330950,8041189,2073600,5967589,3.877888,13,268872,6062078,2564958,8041189,2218643,0.783754
1180,6330950,8099720,2073600,6026120,3.906115,14,267152,6063798,2581703,8099720,2227092,0.784339
1181,6280086,8160522,2073600,6086922,3.935437,14,265060,6015026,2597329,8160522,2228794,0.785472
1182,6280086,8221932,2073600,6148332,3.965052,14,263409,6016677,2614520,8221932,2236148,0.786180
1183,6280086,8281188,2073600,6207588,3.993628,13,261413,6018673,2631627,8281188,2245320,0.786698
1184,6262538,8332890,2073600,6259290,4.018562,14,258830,6003708,2644838,8332890,2246462,0.787656
1185,6262534,8374020,2073600,6300420,4.038397,14,256297,6006237,2654655,8374020,2244600,0.788617
1186,6260974,8405037,2073600,6331437,4.053355,13,252895,6008079,2659624,8405037,2233459,0.790059
1187,6260974,8420967,2073600,6347367,4.061037,13,250006,6010968,2659835,8420967,2218373,0.791493
1188,6260974,8408926,2073600,6335326,4.055231,14,246872,6014102,2652536,8408926,2201218,0.792536
1189,6260974,8382262,2073600,6308662,4.042372,12,243930,6017044,2643480,8382262,2191658,0.792730
1190,6260200,8365127,2073600,6291527,4.034108,12,240574,6019626,2636869,8365127,2182349,0.793093
1191,6260184,8380612,2073600,6307012,4.041576,13,237698,6022486,2637149,8380612,2167984,0.794477
1192,6227660,8398402,2073600,6324802,4.050155,13,235300,5992360,2637261,8398402,2150642,0.796129
1193,6227660,8415710,2073600,6342110,4.058502,13,233440,5994220,2639949,8415710,2144086,0.796958
1194,6227248,8414913,2073600,6341313,4.058118,13,232020,5995228,2636161,8414913,2129731,0.798027
1195,6223969,8378907,2073600,6305307,4.040754,14,228632,5995337,2622908,8378907,2112725,0.798628
1196,6223961,8332835,2073600,6259235,4.018535,13,224474,5999487,2607119,8332835,2095641,0.799046
1197,6223865,8263194,2073600,6189594,3.984951,13,220596,6003269,2583757,8263194,2071834,0.799533
1198,6223865,8091402,2073600,6017802,3.902104,13,214898,6008967,2527868,8091402,2020070,0.800220
1199,6216599,7767004,2073600,5693404,3.745662,13,207077,6009522,2426877,7767004,1940504,0.800103
1200,6216599,7602986,2073600,5529386,3.666563,13,198157,6018442,2369613,7602986,1875466,0.802134
1201,6216599,7491704,2073600,5418104,3.612897,14,172449,6044150,2299496,7491704,1706280,0.814494
1202,1035269,7337806,2073600,5264206,3.538680,13,149298,885971,2218171,7337806,1534878,0.827011
1203,828868,7147286,2073600,5073686,3.446801,13,127807,701061,2127658,7147286,1363346,0.839807
1204,724580,7067157,2073600,4993557,3.408158,14,115800,608780,2084890,7067157,1272403,0.847426
1205,724210,7014291,2073600,4940691,3.382663,13,104980,619230,2051732,7014291,1192637,0.854679
1206,615325,6914665,2073600,4841065,3.334619,14,99811,515514,2010485,6914665,1127275,0.859825
1207,609369,6654096,2073600,4580496,3.208958,14,94984,514385,1930878,6654096,1069416,0.861538
1208,521182,6411826,2073600,4338226,3.092123,13,81949,439233,1848946,6411826,983958,0.866957
1209,474491,6189246,2073600,4115646,2.984783,13,73236,401255,1779578,6189246,929066,0.869482
1210,423289,5936524,2073600,3862924,2.862907,13,69697,353592,1708772,5936524,898564,0.868537
1211,423293,5767777,2073600,3694177,2.781528,12,69228,354065,1664840,5767777,891583,0.866116
1212,434753,5723193,2073600,3649593,2.760027,12,68820,365933,1653849,5723193,892203,0.865132
1213,440727,5722498,2073600,3648898,2.759692,10,68488,372239,1651914,5722498,885158,0.866041
1214,468545,5728524,2073600,3654924,2.762598,11,67650,400895,1652288,5728524,880628,0.866756
1215,468545,5730182,2073600,3656582,2.763398,11,65480,403065,1646589,5730182,856174,0.870008
1216,419831,5765095,2073600,3691495,2.780235,11,65628,354203,1654290,5765095,852065,0.871234
1217,419831,5792681,2073600,3719081,2.793538,12,67117,352714,1661195,5792681,852099,0.871764
1218,425419,5827958,2073600,3754358,2.810551,12,70056,355363,1672166,5827958,860706,0.871319
1219,413959,5859781,2073600,3786181,2.825897,12,72270,341689,1680887,5859781,863767,0.871531
1220,413959,5897355,2073600,3823755,2.844018,12,73448,340511,1690744,5897355,865621,0.872006
1221,420737,5907655,2073600,3834055,2.848985,12,74222,346515,1692466,5907655,862209,0.872640
1222,462052,5930653,2073600,3857053,2.860076,11,78219,383833,1700887,5930653,872895,0.871700
1223,497478,5954991,2073600,3881391,2.871813,12,86833,410645,1713203,5954991,897821,0.868985
1224,488678,5955817,2073600,3882217,2.872211,11,89910,398768,1710679,5955817,886899,0.870388
1225,595242,5986963,2073600,3913363,2.887231,11,89740,505502,1718537,5986963,887185,0.870939
1226,5830807,6054236,2073600,3980636,2.919674,13,103020,5727787,1758822,6054236,981052,0.860553
1227,5991136,6462895,2073600,4389295,3.116751,13,121467,5869669,1898421,6462895,1130789,0.851088
1228,6078689,6816528,2073600,4742928,3.287292,13,143395,5935294,2022976,6816528,1275376,0.842389
1229,6069429,7083047,2073600,5009447,3.415821,14,169270,5900159,2123714,7083047,1411809,0.833804
1230,6118343,7304029,2073599,5230430,3.522392,14,202896,5915447,2223745,7304029,1590951,0.821141
1231,6118353,7325753,2073599,5252154,3.532869,15,205800,5912553,2234441,7325753,1612011,0.819640
1232,6118345,7336905,2073600,5263305,3.538245,14,207270,5911075,2240517,7336905,1625163,0.818662
1233,6117379,7343893,2073600,5270293,3.541615,14,208750,5908629,2244996,7343893,1636091,0.817807
1234,6117379,7347800,2073600,5274200,3.543499,13,209719,5907660,2246548,7347800,1638392,0.817677
1235,6117379,7354931,2073600,5281331,3.546938,15,211173,5906206,2250713,7354931,1647921,0.816956
1236,6117371,7368056,2073600,5294456,3.553268,14,212540,5904831,2255952,7368056,1655752,0.816513
1237,6117371,7364520,2073600,5290920,3.551563,14,214592,5902779,2259405,7364520,1673100,0.814874
1238,6117371,6941381,2073600,4867781,3.347502,14,216839,5900532,2156372,6941381,1684107,0.804752
1239,6117371,6687405,2073600,4613805,3.225022,14,218814,5898557,2097984,6687405,1704531,0.796885
1240,6116564,6781288,2073600,4707688,3.270297,14,220627,5895937,2125208,6781288,1719544,0.797721
1241,6116564,6867487,2073600,4793887,3.311867,14,218707,5897857,2146691,6867487,1719277,0.799776
1242,6115148,6945596,2073600,4871996,3.349535,14,216440,5898708,2163836,6945596,1709748,0.802463
1243,6115148,7021280,2073600,4947680,3.386034,15,214881,5900267,2182295,7021280,1707900,0.804346
1244,6064759,7075548,2073600,5001948,3.412205,15,213043,5851716,2195189,7075548,1705208,0.805802
1245,6059173,7098700,2073600,5025100,3.423370,15,210487,5848686,2199074,7098700,1697596,0.807010
1246,6059173,7143863,2073600,5070263,3.445150,16,208219,5850954,2207715,7143863,1686997,0.808966
1247,6059173,7155829,2073600,5082229,3.450921,15,205765,5853408,2207675,7155829,1674871,0.810335
1248,6059173,7160642,2073599,5087043,3.453243,15,203408,5855765,2205297,7160642,1660546,0.811755
1249,6059173,7163790,2073600,5090190,3.454760,15,200649,5858524,2201466,7163790,1642074,0.813525
1250,6059173,7180019,2073600,5106419,3.462586,15,198129,5861044,2201697,7180019,1626769,0.815282
1251,6059173,7224436,2073600,5150836,3.484007,15,199809,5859364,2213904,7224436,1631180,0.815803
1252,6059173,7280528,2073600,5206928,3.511057,15,200905,5858268,2229149,7280528,1636068,0.816514
1253,6059173,7322037,2073600,5248437,3.531075,16,201681,5857492,2239217,7322037,1634831,0.817477
1254,6059173,7364342,2073600,5290742,3.551477,15,202530,5856643,2249624,7364342,1634154,0.818397
1255,6059173,7411665,2073600,5338065,3.574298,14,203149,5856024,2261058,7411665,1632567,0.819491
1256,6060848,7454811,2073600,5381211,3.595106,13,203152,5857696,2269845,7454811,1624569,0.821070
1257,6060848,7493162,2073600,5419562,3.613601,15,203826,5857022,2277176,7493162,1615542,0.822638
1258,6060848,7500788,2073599,5427189,3.617280,14,203902,5856946,2276123,7500788,1603704,0.823856
1259,6055741,7517980,2073600,5444380,3.625569,14,203984,5851757,2279147,7517980,1598608,0.824648
1260,6055741,7510645,2073600,5437045,3.622032,15,204013,5851728,2273241,7510645,1582319,0.825984
1261,6055373,7526413,2073599,5452814,3.629638,15,210325,5845048,2282329,7526413,1602903,0.824422
1262,6027555,7597905,2073600,5524305,3.664113,15,216514,5811041,2307485,7597905,1632035,0.823180
1263,6027555,7618204,2073599,5544605,3.673904,15,221598,5805957,2318115,7618204,1654256,0.821595
1264,5996980,7637586,2073600,5563986,3.683249,14,225976,5771004,2331079,7637586,1686730,0.819104
1265,6041035,7653168,2073599,5579569,3.690766,16,229553,5811482,2340613,7653168,1709284,0.817432
1266,6041027,7665932,2073600,5592332,3.696919,14,236648,5804379,2353476,7665932,1747972,0.814320
1267,6041095,7676133,2073600,5602533,3.701839,15,246919,5794176,2365198,7676133,1784659,0.811363
1268,6041455,7667870,2073600,5594270,3.697854,15,258152,5783303,2374484,7667870,1830066,0.807320
1269,6041455,7649783,2073599,5576184,3.689133,15,270650,5770805,2382864,7649783,1881673,0.802583
1270,6041499,7656055,2073600,5582455,3.692156,14,282503,5758996,2396343,7656055,1929317,0.798723
1271,6035605,7553210,2073599,5479611,3.642561,14,272375,5763230,2360147,7553210,1887378,0.800078
1272,6035597,7491510,2073600,5417910,3.612804,14,262800,5772797,2335704,7491510,1851306,0.801847
1273,6035597,7484920,2073600,5411320,3.609626,14,252890,5782707,2326677,7484920,1821788,0.804250
1274,6034018,7489693,2073600,5416093,3.611928,15,244717,5789301,2322766,7489693,1801371,0.806118
1275,6034014,7405729,2073600,5332129,3.571436,14,235437,5798577,2295260,7405729,1775311,0.806633
1276,5995634,7444646,2073600,5371046,3.590204,13,227531,5768103,2301755,7444646,1762374,0.808584
1277,5984774,7277540,2073600,5203940,3.509616,14,221182,5763592,2255508,7277540,1744492,0.806641
1278,5984774,7337769,2073600,5264169,3.538662,14,213757,5771017,2265270,7337769,1723311,0.809812
1279,5934385,7246213,2073600,5172613,3.494509,14,207272,5727113,2237741,7246213,1704751,0.809546
1280,5931426,7282232,2073600,5208632,3.511879,14,201504,5729922,2240940,7282232,1681528,0.812408
1281,5931426,7273820,2073599,5200221,3.507824,14,200134,5731292,2236487,7273820,1672128,0.813085
1282,5931426,7258457,2073600,5184857,3.500413,14,198440,5732986,2226534,7258457,1647679,0.814995
1283,5874013,7258636,2073600,5185036,3.500500,14,196605,5677408,2221062,7258636,1625612,0.817023
1284,5861960,7269267,2073600,5195667,3.505626,14,195052,5666908,2219112,7269267,1607181,0.818939
1285,5861952,7253244,2073600,5179644,3.497899,14,193700,5668252,2209385,7253244,1584296,0.820731
1286,5820744,7241047,2073600,5167447,3.492017,14,192430,5628314,2202213,7241047,1567805,0.822019
1287,5820744,7221609,2073600,5148009,3.482643,14,191978,5628766,2194236,7221609,1555335,0.822793
1288,5820742,7178418,2073599,5104819,3.461816,14,190942,5629800,2178622,7178418,1536070,0.823734
1289,5814915,7116396,2073600,5042796,3.431904,14,189558,5625357,2157071,7116396,1511888,0.824775
1290,5814915,7080597,2073600,5006997,3.414640,14,189255,5625660,2147260,7080597,1508443,0.824376
1291,5847270,7277527,2073598,5203929,3.509613,14,223200,5624070,2236596,7277527,1668857,0.813460
1292,5910137,7568429,2073600,5494829,3.649898,15,259666,5650471,2359200,7568429,1868371,0.802012
1293,5945761,7768365,2073599,5694766,3.746320,15,296210,5649551,2463598,7768365,2086027,0.788315
1294,5946208,7708323,2073600,5634723,3.717363,15,321124,5625084,2474300,7708323,2188877,0.778839
1295,5960201,7745056,2073600,5671456,3.735077,15,322394,5637807,2477623,7745056,2165436,0.781501
1296,6074317,7876404,2073600,5802804,3.798420,14,334484,5739833,2525199,7876404,2224392,0.779781
1297,6074689,8038085,2073600,5964485,3.876391,15,365324,5709365,2608920,8038085,2397595,0.770250
1298,6132104,8238546,2073600,6164946,3.973064,15,399917,5732187,2697630,8238546,2551974,0.763499
1299,6137744,8440272,2073600,6366672,4.070347,16,426442,5711302,2778743,8440272,2674700,0.759361
1300,6131888,8691173,2073600,6617573,4.191345,16,453310,5678578,2867831,8691173,2780151,0.757643
1301,6131888,8866427,2073600,6792827,4.275862,16,469499,5662389,2922115,8866427,2822033,0.758562
1302,6131888,8984331,2073600,6910731,4.332721,17,470104,5661784,2946052,8984331,2799877,0.762404
1303,6102395,9084182,2073600,7010582,4.380875,15,470194,5632201,2969966,9084182,2795682,0.764671
1304,6095993,9236231,2073600,7162631,4.454201,14,466443,5629550,3007292,9236231,2792937,0.767820
1305,6101871,9439782,2073600,7366182,4.552364,15,463330,5638541,3054894,9439782,2779794,0.772513
1306,6188083,9680946,2073600,7607346,4.668666,14,462476,5725607,3111800,9680946,2766254,0.777761
1307,6194039,9769742,2073600,7696142,4.711488,15,468887,5725152,3139376,9769742,2787762,0.778000
1308,6195009,9848002,2073600,7774402,4.749229,15,470791,5724218,3162618,9848002,2802470,0.778469
1309,6195383,9994406,2073600,7920806,4.819833,15,474348,5721035,3207532,9994406,2835722,0.778979
1310,6195751,9956622,2073600,7883022,4.801612,15,479343,5716408,3205779,9956622,2866494,0.776459
1311,6195015,9832218,2073600,7758618,4.741617,15,471719,5723296,3164464,9832218,2825638,0.776768
1312,6195007,9673952,2073600,7600352,4.665293,14,466054,5728953,3120657,9673952,2808676,0.774993
1313,6194999,9461699,2073599,7388100,4.562936,15,460405,5734594,3061546,9461699,2784485,0.772624
1314,6194999,9089620,2073599,7016021,4.383499,14,454593,5740406,2960976,9089620,2754284,0.767451
1315,6192507,8415719,2073600,6342119,4.058506,14,447971,5744536,2782742,8415719,2715249,0.756064
1316,6192507,7532717,2073600,5459117,3.632676,14,441364,5751143,2553920,7532717,2682963,0.737368
1317,6183372,7395797,2073599,5322198,3.566648,14,435716,5747656,2514074,7395797,2660499,0.735439
1318,6183372,7277630,2073600,5204030,3.509660,14,428974,5754398,2477177,7277630,2631078,0.734468
1319,6177522,7263347,2073600,5189747,3.502772,15,421981,5755541,2467810,7263347,2607893,0.735809
1320,6126773,7264967,2073600,5191367,3.503553,14,414818,5711955,2465461,7264967,2596877,0.736674
1321,6126773,7266656,2073600,5193056,3.504367,13,405819,5720954,2459829,7266656,2572660,0.738533
1322,6125873,7272075,2073600,5198475,3.506981,13,396975,5728898,2458598,7272075,2562317,0.739453
1323,6029203,7277024,2073600,5203424,3.509367,14,388444,5640759,2455631,7277024,2545500,0.740851
1324,5964144,7385625,2032246,5353379,3.634218,13,264496,5699648,2239399,7385625,1571971,0.824510
1325,5952918,7285494,2073600,5211894,3.513452,16,371333,5581585,2448701,7285494,2509310,0.743812
1326,5909572,7289461,2073600,5215861,3.515365,15,365032,5544540,2448223,7289461,2503431,0.744362
1327,5909570,7280015,2073600,5206415,3.510810,13,359202,5550368,2443655,7280015,2494605,0.744788
1328,5853688,7263793,2073600,5190193,3.502987,13,353915,5499773,2436666,7263793,2482871,0.745259
1329,5853688,7262299,2073600,5188699,3.502266,12,347204,5506484,2433256,7262299,2470725,0.746150
1330,5736766,7273124,2073600,5199524,3.507486,13,340689,5396077,2432982,7273124,2458804,0.747347
1331,5735091,7283939,2073600,5210339,3.512702,13,333969,5401122,2431031,7283939,2440185,0.749059
1332,5727197,7304834,2073600,5231234,3.522779,12,328048,5399149,2436398,7304834,2440758,0.749553
1333,5726829,7330980,2073600,5257380,3.535388,12,320474,5406355,2440934,7330980,2432756,0.750838
1334,5726751,7361407,2073600,5287807,3.550061,12,310444,5416307,2443427,7361407,2412301,0.753185
1335,5726751,7403273,2073600,5329673,3.570251,12,300321,5426430,2447498,7403273,2386719,0.756208
1336,5726751,7460183,2073600,5386583,3.597696,12,287259,5439492,2453433,7460183,2353549,0.760178
1337,5720641,7528007,2073600,5454407,3.630405,12,273314,5447327,2460645,7528007,2314573,0.764841
1338,5714831,7593708,2073600,5520108,3.662089,13,258955,5455876,2465187,7593708,2267040,0.770095
1339,5714831,7656502,2073600,5582902,3.692372,13,238976,5475855,2463295,7656502,2196678,0.777059
1340,5714831,7717164,2073600,5643564,3.721626,12,216961,5497870,2454705,7717164,2101656,0.785956
1341,5630229,7767519,2073600,5693919,3.745910,12,200509,5429720,2451852,7767519,2039889,0.792005
1342,5601349,7854522,2073600,5780922,3.787867,11,190619,5410730,2469796,7854522,2024662,0.795058
1343,5589721,7971798,2073600,5898198,3.844424,12,181092,5408629,2500418,7971798,2029874,0.797047
1344,5513082,8124576,2073600,6050976,3.918102,15,172076,5341006,2541427,8124576,2041132,0.799214
1345,5513074,8325023,2073600,6251423,4.014768,12,161964,5351110,2595910,8325023,2058617,0.801744
1346,5508190,8672178,2073600,6598578,4.182185,14,152809,5355381,2693353,8672178,2101234,0.804961
1347,5506717,8973857,2073600,6900257,4.327670,15,143094,5363623,2768057,8973857,2098371,0.810483
1348,5434247,9348356,2073600,7274756,4.508274,14,130879,5303368,2848066,9348356,2043908,0.820588
1349,5434245,9353010,2073600,7279410,4.510518,14,113794,5320451,2788232,9353010,1799918,0.838615
1350,5402566,8395513,2073600,6321913,4.048762,12,99748,5302818,2470451,8395513,1486291,0.849593
1351,5431238,9085318,2073600,7011718,4.381423,14,100563,5330675,2628145,9085318,1427262,0.864233
1352,5431238,10041939,2073600,7968339,4.842756,14,100702,5330536,2860716,10041939,1400925,0.877572
1353,5503991,10807293,2073600,8733693,5.211850,13,100789,5403202,3042439,10807293,1362463,0.888045
1354,5480051,11014480,2073600,8940880,5.311767,12,102536,5377515,3107185,11014480,1414260,0.886211
1355,5479077,10924763,2073600,8851163,5.268501,14,106866,5372211,3106399,10924763,1500833,0.879214
1356,5479077,10883383,2073600,8809783,5.248545,13,111492,5367585,3117239,10883383,1585573,0.872838
1357,5478993,11768321,2073600,9694721,5.675309,12,112605,5366388,3375948,11768321,1735471,0.871483
1358,5428594,10910049,2073600,8836449,5.261405,12,116376,5312218,3153275,10910049,1703051,0.864978
1359,5428594,10545627,2073600,8472027,5.085661,14,120481,5308113,3079434,10545627,1772109,0.856134
1360,5401566,10210218,2073600,8136618,4.923909,15,123557,5278009,3006931,10210218,1817506,0.848890
1361,5398969,10076100,2073600,8002500,4.859230,14,129342,5269627,2990777,10076100,1887008,0.842264
1362,5398985,9690437,2073600,7616837,4.673243,15,129371,5269614,2884716,9690437,1848427,0.839809
1363,5394083,9302685,2073600,7229085,4.486249,12,123137,5270946,2758825,9302685,1732615,0.842993
1364,5393237,8879320,2073600,6805720,4.282079,12,118318,5274919,2623770,8879320,1615760,0.846046
1365,5391508,8570176,2073600,6496576,4.132994,12,116199,5275309,2533667,8570176,1564492,0.845630
1366,5393183,8336884,2073600,6263284,4.020488,13,114287,5278896,2464969,8336884,1522992,0.845536
1367,5444047,8133188,2073600,6059588,3.922255,13,111762,5332285,2401466,8133188,1472676,0.846690
1368,5471865,7999982,2073600,5926382,3.858016,11,111780,5360085,2365732,7999982,1462946,0.845402
1369,5425639,7904661,2073600,5831061,3.812047,12,112736,5312903,2344573,7904661,1473631,0.842868
1370,5419781,7806368,2073600,5732768,3.764645,12,112581,5307200,2319242,7806368,1470600,0.841478
1371,5413535,7791531,2073600,5717931,3.757490,12,113945,5299590,2321444,7791531,1494245,0.839082
1372,5414999,7826283,2073600,5752683,3.774249,11,115772,5299227,2337768,7826283,1524789,0.836940
1373,5431833,7853296,2073600,5779696,3.787276,11,117900,5313933,2347402,7853296,1536312,0.836382
1374,5509275,7827876,2073600,5754276,3.775017,12,117359,5391916,2334169,7827876,1508800,0.838401
1375,5481457,7753100,2073600,5679500,3.738956,12,120469,5360988,2316357,7753100,1512328,0.836777
1376,5483649,7610677,2073600,5537077,3.670272,11,124028,5359621,2284446,7610677,1527107,0.832880
1377,5548519,7418335,2073600,5344735,3.577515,12,122291,5426228,2229773,7418335,1500757,0.831737
1378,5548519,7235933,2073600,5162333,3.489551,13,121339,5427180,2179466,7235933,1481931,0.830012
1379,5476151,7106222,2073600,5032622,3.426997,13,122481,5353670,2153100,7106222,1506178,0.825115
1380,5469395,6954398,2073600,4880798,3.353780,12,121708,5347687,2114630,6954398,1504122,0.822177
1381,5412145,6762491,2073599,4688892,3.261234,11,118565,5293580,2061636,6762491,1484053,0.820039
1382,5384317,6583960,2073600,4510360,3.175135,11,115205,5269112,2015857,6583960,1479468,0.816521
1383,5278863,6386013,2073599,4312414,3.079676,12,112463,5166400,1965302,6386013,1475195,0.812345
1384,5275268,6165717,2073599,4092118,2.973437,14,109789,5165479,1904807,6165717,1453511,0.809231
1385,5273593,5971369,2073600,3897769,2.879711,14,106351,5167242,1849710,5971369,1427471,0.807068
1386,5273533,5748933,2073597,3675336,2.772445,15,101139,5172394,1772625,5748933,1341567,0.810794
1387,5273533,5550944,2073600,3477344,2.676960,14,94816,5178717,1694761,5550944,1228100,0.818839
1388,5273533,5446793,2073600,3373193,2.626733,11,91102,5182431,1647446,5446793,1142991,0.826551
1389,5273154,5389119,2073600,3315519,2.598919,11,88435,5184719,1615577,5389119,1073189,0.833931
1390,5273094,5362717,2073599,3289118,2.586188,11,84898,5188196,1593069,5362717,1009559,0.841570
1391,5244254,5283825,2073598,3210227,2.548143,10,75657,5168597,1549492,5283825,914143,0.852509
1392,5187540,5313797,2073599,3240198,2.562596,10,68405,5119135,1533798,5313797,821395,0.866117
1393,5187480,5323546,2073599,3249947,2.567298,9,61000,5126480,1511583,5323546,722786,0.880459
1394,5187480,5331107,2073600,3257507,2.570943,9,53249,5134231,1491888,5331107,636445,0.893349
1395,5187480,5282808,2073600,3209208,2.547650,9,39800,5147680,1449731,5282808,516116,0.910998
1396,5158985,5202490,2073599,3128891,2.508918,8,28756,5130229,1399030,5202490,393630,0.929660
1397,5221463,5052270,2073600,2978670,2.436473,9,19964,5201499,1335233,5052270,288662,0.945953
1398,5221469,4930714,2073600,2857114,2.377852,8,9476,5211993,1271209,4930714,154122,0.969690
1399,5221469,4802445,2073600,2728845,2.315994,7,3243,5218226,1215354,4802445,58971,0.987870
1400,5203171,4690475,2073600,2616875,2.261996,5,634,5202537,1178205,4690475,22345,0.995259
1401,5220005,4881094,2073600,2807494,2.353923,7,5825,5214180,1241866,4881094,86370,0.982613
1402,5221469,5172170,2073600,3098570,2.494295,9,20722,5200747,1351603,5172170,234242,0.956673
1403,5252660,5446823,2073600,3373223,2.626747,9,48658,5204002,1471819,5446823,440453,0.925186
1404,5254456,5636225,2073600,3562625,2.718087,10,83975,5170481,1572934,5636225,655511,0.895814
1405,5254510,5772720,2073600,3699120,2.783912,12,113197,5141313,1650926,5772720,830984,0.874164
1406,5303389,5971834,2073600,3898234,2.879935,11,153114,5150275,1759914,5971834,1067822,0.848313
1407,5375021,6169171,2073600,4095571,2.975102,14,185984,5189037,1856161,6169171,1255473,0.830905
1408,5376691,6354941,2073600,4281341,3.064690,13,211659,5165032,1933688,6354941,1379811,0.821609
1409,5509615,6511292,2073600,4437692,3.140091,15,230428,5279187,1998296,6511292,1481892,0.814606
1410,5537435,6663923,2073600,4590323,3.213697,15,252972,5284463,2069282,6663923,1613205,0.805101
1411,5540382,6763518,2073600,4689918,3.261727,17,267090,5273292,2113545,6763518,1690662,0.800021
1412,5542111,6814012,2073600,4740412,3.286078,19,282942,5259169,2146340,6814012,1771348,0.793678
1413,5549843,6883050,2073599,4809451,3.319374,17,313514,5236329,2201887,6883050,1924498,0.781494
1414,5583213,6945849,2073600,4872249,3.349657,13,330583,5252630,2239564,6945849,2012407,0.775357
1415,5543391,7066317,2073599,4992718,3.407755,14,348525,5194866,2294570,7066317,2111963,0.769896
1416,5568312,7244110,2073600,5170510,3.493494,14,369279,5199033,2367016,7244110,2223954,0.765110
1417,5646736,7433944,2073600,5360344,3.585042,14,385928,5260808,2434209,7433944,2302892,0.763487
1418,5678893,7646200,2073599,5572601,3.687405,13,410650,5268243,2513852,7646200,2409208,0.760407
1419,5686547,7861208,2073598,5787610,3.791095,14,432094,5254453,2586191,7861208,2483556,0.759921
1420,5748068,8064138,2073599,5990539,3.888957,14,453122,5294946,2657867,8064138,2567330,0.758516
1421,5772394,8242392,2073600,6168792,3.974919,14,480886,5291508,2733031,8242392,2689732,0.753961
1422,5951669,8377788,2073600,6304188,4.040214,14,508054,5443615,2795687,8377788,2804960,0.749171
1423,5952118,8471130,2073600,6397530,4.085229,14,536378,5415740,2852469,8471130,2938746,0.742438
1424,5959192,8534108,2073598,6460510,4.115604,17,570038,5389154,2907994,8534108,3097868,0.733677
1425,5993640,8612108,2073600,6538508,4.153216,17,597561,5396079,2958220,8612108,3220772,0.727812
1426,6115326,8747455,2073600,6673855,4.218487,17,622251,5493075,3020262,8747455,3333593,0.724064
1427,6205303,8888479,2073600,6814879,4.286496,18,642536,5562767,3074401,8888479,3409125,0.722781
1428,6323216,9011460,2073600,6937860,4.345804,18,659365,5663851,3120391,9011460,3470104,0.721982
1429,6436350,9084148,2073600,7010548,4.380858,19,677605,5758745,3158905,9084148,3551472,0.718932
1430,6469113,9132393,2073600,7058793,4.404125,18,697848,5771265,3191312,9132393,3632855,0.715411
1431,6519498,9117490,2073599,7043891,4.396940,16,703852,5815646,3185829,9117490,3625826,0.715472
1432,6523878,9094786,2073600,7021186,4.385989,16,706906,5816972,3179553,9094786,3623426,0.715099
1433,6559824,9069996,2073600,6996396,4.374034,17,711806,5848018,3171091,9069996,3614368,0.715053
1434,6560316,9031543,2073600,6957943,4.355489,16,713338,5846978,3159258,9031543,3605489,0.714689
1435,6617729,8972211,2073554,6898657,4.326972,17,712365,5905364,3140820,8972211,3591069,0.714162
1436,6618097,8908002,2070051,6837951,4.303277,17,709525,5908572,3119241,8908002,3568962,0.713956
1437,6684640,8887191,2070977,6816214,4.291304,17,706724,5977916,3110543,8887191,3554981,0.714280
1438,6684646,8869101,2071743,6797358,4.280985,18,704382,5980264,3100335,8869101,3532239,0.715173
1439,6684646,8826305,2072363,6753942,4.259054,16,703709,5980937,3086352,8826305,3519103,0.714946
1440,6690646,8765879,2072856,6693023,4.228890,17,703177,5987469,3068584,8765879,3508457,0.714163
1441,6718582,8691388,2073186,6618202,4.192286,17,707348,6011234,3053936,8691388,3524356,0.711491
1442,6764012,8604853,2073366,6531487,4.150185,17,711012,6053000,3037681,8604853,3545871,0.708176
1443,6792592,8510363,2073364,6436999,4.104616,16,714993,6077599,3018600,8510363,3564037,0.704827
1444,6794239,8401878,2073388,6328490,4.052246,16,714593,6079646,2992914,8401878,3569778,0.701814
1445,6770288,8278266,2073462,6204804,3.992485,15,711336,6058952,2961837,8278266,3569082,0.698744
1446,6770292,8146793,2073497,6073296,3.929011,16,705373,6064919,2926821,8146793,3560491,0.695874
1447,6796377,8012807,2073484,5939323,3.864417,17,694795,6101582,2885372,8012807,3528681,0.694261
1448,6807818,8093098,2073516,6019582,3.903080,17,685883,6121935,2901346,8093098,3512286,0.697357
1449,6807824,7966451,2073531,5892920,3.841973,15,674014,6133810,2863599,7966451,3487945,0.695493
1450,6807824,8154183,2073585,6080598,3.932408,15,661730,6146094,2906267,8154183,3470885,0.701431
1451,6807824,8167873,2073583,6094290,3.939014,17,671890,6135934,2917151,8167873,3500731,0.699987
1452,6814160,8176789,2073582,6103207,3.943316,17,682541,6131619,2928528,8176789,3537323,0.698029
1453,6815979,8188388,2073579,6114809,3.948915,18,693279,6122700,2941282,8188388,3576740,0.695988
1454,6927032,8649694,2073600,6576094,4.171342,18,703267,6223765,3067767,8649694,3621374,0.704885
1455,6995082,8671294,2073600,6597694,4.181758,17,710015,6285067,3082118,8671294,3657178,0.703355
1456,7062127,8673481,2073600,6599881,4.182813,16,708578,6353549,3084645,8673481,3665099,0.702956
1457,7126797,8819255,2073600,6745655,4.253113,18,706104,6420693,3122579,8819255,3671061,0.706087
1458,7126803,8810593,2073600,6736993,4.248936,17,704786,6422017,3122899,8810593,3681003,0.705322
1459,7177192,8756509,2073600,6682909,4.222853,19,702457,6474735,3110114,8756509,3683947,0.703874
1460,7177192,8702006,2073596,6628410,4.196577,19,699740,6477452,3096583,8702006,3684326,0.702549
1461,7126803,8555626,2073599,6482027,4.125979,19,698347,6428456,3062516,8555626,3694438,0.698415
1462,7126803,8434565,2073599,6360966,4.067597,19,699621,6427182,3035531,8434565,3707559,0.694653
1463,7126803,8324486,2073600,6250886,4.014509,19,695680,6431123,3010028,8324486,3715626,0.691396
1464,7115354,8212820,2072621,6140199,3.962529,19,693662,6421692,2986884,8212820,3734716,0.687407
1465,7109020,8094833,2067748,6027085,3.914806,20,690758,6418262,2962321,8094833,3754451,0.683150
1466,7109018,7983376,2059192,5924184,3.876946,22,689399,6419619,2940341,7983376,3777988,0.678780
1467,7046646,7876184,2047534,5828650,3.846668,22,688759,6357887,2918745,7876184,3798796,0.674621
1468,6926329,7772167,2033798,5738369,3.821504,22,682034,6244295,2895425,7772167,3809533,0.671073
1469,6919008,7642457,2012469,5629988,3.797553,21,671223,6247785,2863746,7642457,3812527,0.667173
1470,6808435,7200063,1977517,5222546,3.640961,25,652635,6155800,2739529,7200063,3758053,0.657053
1471,6782861,6879181,1925683,4953498,3.572333,24,635094,6147767,2639547,6879181,3679007,0.651549
1472,6730844,6601165,1864664,4736501,3.540136,26,610031,6120813,2540083,6601165,3559167,0.649700
1473,6611100,6321515,1800485,4521030,3.511007,22,584684,6026416,2438209,6321515,3431321,0.648172
1474,6591476,6048254,1736420,4311834,3.483175,22,561587,6029889,2339458,6048254,3309578,0.646331
1475,6591460,5775528,1673368,4102160,3.451439,20,539797,6051663,2240639,5775528,3187028,0.644406
1476,6463496,5507722,1611292,3896430,3.418202,19,520985,5942511,2145309,5507722,3073514,0.641833
1477,6445570,5236515,1550060,3686455,3.378266,17,500492,5945078,2048115,5236515,2955945,0.639187
1478,6296880,4961916,1489601,3472315,3.331037,16,476143,5820737,1947166,4961916,2826748,0.637069
1479,6209563,4690479,1429840,3260639,3.280422,16,453679,5755884,1848466,4690479,2703385,0.634375
1480,6174228,4423118,1370766,3052352,3.226749,16,432638,5741590,1752578,4423118,2587194,0.630945
1481,6259952,4626547,1405534,3221013,3.291665,16,448191,5811761,1825346,4626547,2674837,0.633653
1482,6296888,4808539,1440727,3367812,3.337578,20,465353,5831535,1893629,4808539,2765977,0.634831
1483,6451904,5111551,1476418,3635133,3.462130,21,481965,5969939,1992733,5111551,2859381,0.641274
1484,6591422,5274303,1512641,3761662,3.486817,22,494854,6096568,2052490,5274303,2935657,0.642427
1485,6591460,5429153,1549630,3879523,3.503516,22,508734,6082726,2112965,5429153,3022707,0.642362
1486,6618380,5587557,1587902,3999655,3.518830,22,525010,6093370,2173570,5587557,3106723,0.642670
1487,6778875,5750992,1627180,4123812,3.534331,22,541923,6236952,2235534,5750992,3191144,0.643134
1488,6868871,5914206,1667138,4247068,3.547520,22,555985,6312886,2298081,5914206,3278118,0.643385
1489,6966293,6119142,1737110,4382032,3.522599,24,575782,6390511,2375057,6119142,3381086,0.644105
1490,7046199,6348240,1777983,4570257,3.570473,24,588893,6457306,2453050,6348240,3463960,0.646974
1491,7054210,6400044,1775200,4624844,3.605252,22,587695,6466515,2465586,6400044,3462300,0.648937
1492,7087164,6479224,1772204,4707020,3.656026,23,585746,6501418,2483986,6479224,3456720,0.652099
1493,7087172,6453006,1768970,4684036,3.647889,22,583967,6503205,2475229,6453006,3447910,0.651758
1494,7087540,6425664,1765416,4660248,3.639745,22,581824,6505716,2466814,6425664,3441592,0.651211
1495,7115358,6397435,1761612,4635823,3.631580,22,579687,6535671,2456842,6397435,3429933,0.650982
1496,7115360,6368466,1757510,4610956,3.623573,23,577049,6538311,2447143,6368466,3420106,0.650602
1497,7115360,6339851,1753117,4586734,3.616331,24,575118,6540242,2437190,6339851,3408909,0.650324
1498,7115360,6310622,1748375,4562247,3.609421,23,572967,6542393,2427121,6310622,3397862,0.650011
1499,7153742,6280872,1743279,4537593,3.602907,25,570879,6582863,2417240,6280872,3388088,0.649591
1500,7158849,6251656,1737780,4513876,3.597496,24,569129,6589720,2407118,6251656,3376816,0.649288
1501,7165183,6211270,1729460,4481810,3.591451,25,566854,6598329,2393540,6211270,3362890,0.648754
1502,7165191,6169919,1719730,4450189,3.587725,28,565020,6600171,2378882,6169919,3345609,0.648405
1503,7166570,6147414,1708508,4438906,3.598118,34,563031,6603539,2367689,6147414,3323342,0.649094
1504,7166570,6236522,1695594,4540928,3.678075,33,560595,6605975,2385916,6236522,3307142,0.653473
1505,7216967,6189371,1680904,4508467,3.682168,32,558287,6658680,2370965,6189371,3294489,0.652622
1506,7216967,6189066,1664359,4524707,3.718588,28,556146,6660821,2366098,6189066,3275326,0.653932
1507,7216967,6141589,1647651,4493938,3.727482,26,554511,6662456,2351507,6141589,3264439,0.652942
1508,7222555,6093731,1631247,4462484,3.735627,25,553086,6669469,2335733,6093731,3249201,0.652229
1509,7222555,6185946,1730327,4455619,3.575016,25,551512,6671043,2356521,6185946,3240138,0.656258
1510,7228723,6151696,1725138,4426558,3.565915,25,550426,6678297,2344703,6151696,3227116,0.655914
1511,7230411,6174984,1732375,4442609,3.564462,25,553322,6677089,2355193,6174984,3245788,0.655465
1512,7253434,6199501,1739817,4459684,3.563306,24,555246,6698188,2364339,6199501,3257855,0.655522
1513,7259168,6225852,1747322,4478530,3.563082,25,557130,6702038,2374468,6225852,3272020,0.655500
1514,7279428,6253408,1754852,4498556,3.563496,27,558906,6720522,2385104,6253408,3287008,0.655465
1515,7364065,6283157,1762375,4520782,3.565165,23,560752,6803313,2395507,6283157,3298871,0.655723
1516,7441860,6317255,1769799,4547456,3.569476,23,562550,6879310,2407085,6317255,3311085,0.656111
1517,7446781,6350640,1777047,4573593,3.573704,24,564282,6882499,2419375,6350640,3326860,0.656227
1518,7480451,6386994,1783935,4603059,3.580284,22,565371,6915080,2432895,6386994,3344586,0.656316
1519,7487153,6422346,1790193,4632153,3.587516,24,567591,6919562,2446475,6422346,3363554,0.656286
1520,7494710,6454758,1795242,4659516,3.595481,23,568984,6925726,2458677,6454758,3379950,0.656324
1521,7494710,6457971,1797672,4660299,3.592408,23,568538,6926172,2459339,6457971,3379385,0.656474
1522,7494710,6460300,1799867,4660433,3.589321,24,568037,6926673,2459639,6460300,3378256,0.656631
1523,7522528,6462435,1801837,4660598,3.586581,25,567560,6954968,2458642,6462435,3372133,0.657114
1524,7522528,6464735,1803554,4661181,3.584442,25,566788,6955740,2459823,6464735,3374557,0.657033
1525,7572919,6466013,1804988,4661025,3.582302,25,565883,7007036,2458934,6466013,3369723,0.657400
1526,7572919,6467845,1806126,4661719,3.581060,24,565635,7007284,2458655,6467845,3366775,0.657661
1527,7613131,6468622,1806942,4661680,3.579873,25,565334,7047797,2458633,6468622,3365910,0.657746
1528,7619465,6469109,1807420,4661689,3.579195,26,565690,7053775,2458055,6469109,3363111,0.657950
1529,7619465,6469396,1807497,4661899,3.579202,25,565841,7053624,2458028,6469396,3362716,0.657986
1530,7619831,6469031,1807145,4661886,3.579697,24,566003,7053828,2457716,6469031,3361833,0.658033
1531,7658213,6484220,1809981,4674239,3.582480,25,567186,7091027,2462970,6484220,3367660,0.658171
1532,7677593,6498703,1812709,4685994,3.585078,25,568333,7109260,2468873,6498703,3376789,0.658064
1533,7677593,6512980,1815329,4697651,3.587768,25,569513,7108080,2474256,6512980,3384044,0.658075
1534,7677593,6527939,1817879,4710060,3.590965,25,571020,7106573,2479762,6527939,3391109,0.658122
1535,7678952,6543117,1820313,4722804,3.594501,26,571679,7107273,2485111,6543117,3397327,0.658232
1536,7678952,6558509,1822652,4735857,3.598333,25,572245,7106707,2489946,6558509,3401275,0.658499
1537,7681702,6575068,1824919,4750149,3.602937,25,573047,7108655,2496233,6575068,3409864,0.658499
1538,7687296,6591875,1827086,4764789,3.607862,23,573422,7113874,2502131,6591875,3416649,0.658626
1539,7687296,6609689,1829190,4780499,3.613451,23,574585,7112711,2508536,6609689,3424455,0.658720
1540,7687296,6627250,1831196,4796054,3.619083,22,574865,7112431,2514362,6627250,3430198,0.658940
1541,7727140,6647137,1833052,4814085,3.626268,22,575901,7151239,2521288,6647137,3438015,0.659101
1542,7749570,6665798,1834682,4831116,3.633217,22,577332,7172238,2528489,6665798,3448158,0.659069
1543,7749570,6683644,1836157,4847487,3.640018,24,578320,7171250,2535099,6683644,3456752,0.659111
1544,7819976,6701614,1837460,4864154,3.647216,22,579856,7240120,2542483,6701614,3468318,0.658964
1545,7821593,6718824,1838581,4880243,3.654353,23,581537,7240056,2549029,6718824,3477292,0.658959
1546,7828216,6734117,1839518,4894599,3.660805,22,581452,7246764,2553112,6734117,3478331,0.659403
1547,7830796,6749632,1840243,4909389,3.667794,21,582041,7248755,2559377,6749632,3487876,0.659304
1548,7830800,6763475,1840775,4922700,3.674254,25,582594,7248206,2564296,6763475,3493709,0.659389
1549,7834209,6777106,1841112,4935994,3.680985,25,583377,7250832,2569477,6777106,3500802,0.659386
1550,7834209,6790288,1841283,4949005,3.687802,25,583354,7250855,2574667,6790288,3508380,0.659337
1551,7884666,6802804,1841248,4961556,3.694670,23,583620,7301046,2579083,6802804,3513528,0.659421
1552,7917546,6815469,1841088,4974381,3.701870,25,584246,7333300,2583446,6815469,3518315,0.659533
1553,7940224,6827398,1840796,4986602,3.708938,22,585001,7355223,2588590,6827398,3526962,0.659374
1554,7945331,6837739,1840391,4997348,3.715373,22,585626,7359705,2592829,6837739,3533577,0.659293
1555,7945331,6847918,1839872,5008046,3.721953,22,586109,7359222,2596911,6847918,3539726,0.659237
1556,7945691,6857118,1839246,5017872,3.728222,24,586230,7359461,2601245,6857118,3547862,0.659023
1557,7945699,6866723,1838509,5028214,3.734941,23,586591,7359108,2604871,6866723,3552761,0.659027
1558,7945759,6874315,1837697,5036618,3.740723,22,586658,7359101,2608357,6874315,3559113,0.658874
1559,7947802,6883157,1836802,5046355,3.747359,22,587606,7360196,2612245,6883157,3565823,0.658740
1560,7947802,6892221,1835860,5056361,3.754219,23,588324,7359478,2616376,6892221,3573283,0.658566
1561,7951152,6900556,1834821,5065735,3.760888,22,588436,7362716,2620287,6900556,3580592,0.658378
1562,8029363,6911638,1833717,5077921,3.769196,22,589241,7440122,2626116,6911638,3592826,0.657972
1563,8031699,6923661,1832546,5091115,3.778165,22,590750,7440949,2630991,6923661,3600303,0.657895
1564,8031735,6938158,1831322,5106836,3.788606,22,592642,7439093,2639835,6938158,3621182,0.657064
1565,8031735,6954569,1830021,5124548,3.800267,22,594594,7437141,2647110,6954569,3633871,0.656808
1566,8038489,6973329,1828655,5144674,3.813365,23,596123,7442366,2655576,6973329,3648975,0.656480
1567,8077033,6993861,1827231,5166630,3.827574,24,597322,7479711,2663970,6993861,3662019,0.656338
1568,8077033,7014772,1825743,5189029,3.842146,24,598792,7478241,2671591,7014772,3671592,0.656423
1569,8096413,7037418,1824188,5213230,3.857836,25,600127,7496286,2681319,7037418,3687858,0.656153
1570,8096413,7060884,1822566,5238318,3.874144,27,601699,7494714,2690571,7060884,3701400,0.656077
1571,8096413,7084532,1820890,5263642,3.890697,27,602965,7493448,2699792,7084532,3714636,0.656026
1572,8097450,7104136,1819136,5285000,3.905225,30,603455,7493995,2707478,7104136,3725776,0.655974
1573,8097450,7121664,1817315,5304349,3.918783,33,603908,7493542,2714688,7121664,3737088,0.655846
1574,8099850,7137223,1815445,5321778,3.931390,28,604031,7495819,2720879,7137223,3746293,0.655783
1575,8113855,7152208,1813534,5338674,3.943796,29,603898,7509957,2726207,7152208,3752620,0.655875
1576,8114595,7165468,1811581,5353887,3.955367,33,604553,7510042,2731535,7165468,3760672,0.655810
1577,8114595,7174679,1809590,5365089,3.964809,31,604482,7510113,2735169,7174679,3765997,0.655780
1578,8168084,7181826,1807561,5374265,3.973214,30,605015,7563069,2738607,7181826,3772602,0.655609
1579,8168092,7185064,1805497,5379567,3.979549,31,605368,7562724,2740529,7185064,3777052,0.655445
1580,8174837,7186727,1803392,5383335,3.985116,33,605363,7569474,2740413,7186727,3774925,0.655624
1581,8174469,7144638,1794136,5350502,3.982217,33,605754,7568715,2729120,7144638,3771842,0.654482
1582,8169188,7100686,1784699,5315987,3.978646,29,606356,7562832,2716814,7100686,3766570,0.653402
1583,8169180,7054555,1774835,5279720,3.974767,31,606505,7562675,2704126,7054555,3761949,0.652203
1584,8169180,7006695,1764506,5242189,3.970910,31,606211,7562969,2689649,7006695,3751901,0.651265
1585,8169180,6956435,1753787,5202648,3.966522,29,606206,7562974,2674097,6956435,3739953,0.650354
1586,8169180,6904880,1742654,5162226,3.962278,29,605896,7563284,2660056,6904880,3735344,0.648941
1587,8167505,6849593,1731154,5118439,3.956663,28,604947,7562558,2641573,6849593,3716699,0.648249
1588,8161919,6792606,1718896,5073710,3.951726,28,603800,7558119,2623390,6792606,3700954,0.647312
1589,8115691,6733767,1705933,5027834,3.947263,28,602263,7513428,2603796,6733767,3681417,0.646534
1590,8107705,6673565,1692348,4981217,3.943376,29,600121,7507584,2583870,6673565,3661915,0.645695
1591,8107705,6604476,1677499,4926977,3.937097,27,597730,7509975,2560798,6604476,3638716,0.644767
1592,8107703,6535350,1661956,4873394,3.932324,24,594431,7513272,2539072,6535350,3620938,0.643478
1593,8107703,6465742,1645889,4819853,3.928419,24,591451,7516252,2515488,6465742,3596210,0.642593
1594,8107695,6395299,1629456,4765843,3.924806,23,588154,7519541,2491907,6395299,3572329,0.641607
1595,8087219,6324340,1612592,4711748,3.921848,24,584376,7502843,2467185,6324340,3544400,0.640846
1596,8087219,6252702,1595381,4657321,3.919253,25,580847,7506372,2442046,6252702,3515482,0.640109
1597,8087219,6181041,1577906,4603135,3.917243,25,576854,7510365,2416711,6181041,3485803,0.639406
1598,8086343,6109896,1560362,4549534,3.915691,25,572885,7513458,2391968,6109896,3457976,0.638585
1599,8086343,6038269,1542780,4495489,3.913889,26,568432,7517911,2364656,6038269,3420355,0.638388
1600,8086343,5968194,1525166,4443028,3.913144,26,564733,7521610,2339899,5968194,3391402,0.637655
1601,8086343,5960891,1522930,4437961,3.914094,26,564030,7522313,2336667,5960891,3385777,0.637756
1602,8087439,5953592,1520668,4432924,3.915116,26,563448,7523991,2335021,5953592,3386492,0.637424
1603,8087439,5948420,1518376,4430044,3.917620,26,562815,7524624,2333140,5948420,3384140,0.637384
1604,8087449,5942048,1516047,4426001,3.919435,26,562252,7525197,2330829,5942048,3381268,0.637332
1605,8087451,5936696,1513701,4422995,3.921974,27,561839,7525612,2327720,5936696,3374184,0.637608
1606,8088327,5931608,1511308,4420300,3.924817,26,560980,7527347,2324956,5931608,3368216,0.637819
1607,8088327,5924947,1508884,4416063,3.926708,27,560367,7527960,2322107,5924947,3363481,0.637885
1608,8088327,5916290,1506441,4409849,3.927329,26,558895,7529432,2317863,5916290,3355162,0.638119
1609,8088327,5908388,1503972,4404416,3.928523,23,557290,7531037,2312949,5908388,3343408,0.638621
1610,8093913,5900052,1501471,4398581,3.929514,23,555918,7537995,2309780,5900052,3339068,0.638595
1611,8093913,5909831,1503828,4406003,3.929858,25,555187,7538726,2311764,5909831,3337225,0.639104
1612,8164802,5920123,1506158,4413965,3.930612,23,554317,7610485,2312270,5920123,3328957,0.640077
1613,8164802,5930298,1508453,4421845,3.931377,24,553611,7611191,2314560,5930298,3327942,0.640543
1614,8164802,5940360,1510724,4429636,3.932128,23,553227,7611575,2316091,5940360,3324004,0.641205
1615,8166485,5950549,1512953,4437596,3.933069,23,552963,7613522,2317071,5950549,3317735,0.642034
1616,8222676,5959171,1515159,4444012,3.933033,24,552319,7670357,2317980,5959171,3312749,0.642712
1617,8229794,5966214,1517328,4448886,3.932053,25,551409,7678385,2318921,5966214,3309470,0.643210
1618,8265598,5971920,1519462,4452458,3.930286,24,550664,7714934,2318285,5971920,3301220,0.644002
1619,8265598,5976704,1521572,4455132,3.927980,24,550078,7715520,2317718,5976704,3294168,0.644675
1620,8265600,5980052,1523638,4456414,3.924851,23,549082,7716518,2317166,5980052,3288612,0.645190
1621,8265960,5982115,1525599,4456516,3.921158,23,548038,7717922,2315964,5982115,3281741,0.645748
1622,8292998,5982536,1527524,4455012,3.916492,24,547730,7745268,2314204,5982536,3274280,0.646284
1623,8293376,5979638,1529430,4450208,3.909717,23,546600,7746776,2311562,5979638,3266610,0.646710
1624,8293384,5974886,1531305,4443581,3.901826,25,545825,7747559,2307987,5974886,3257062,0.647197
1625,8293384,5968533,1533157,4435376,3.892969,26,544812,7748572,2304412,5968533,3249115,0.647511
1626,8300086,5960804,1534968,4425836,3.883341,24,543618,7756468,2298852,5960804,3234604,0.648237
1627,8350475,5950598,1536699,4413899,3.872325,26,541984,7808491,2294169,5950598,3226078,0.648448
1628,8350477,5940427,1538534,4401893,3.861096,28,540550,7809927,2288074,5940427,3211869,0.649064
1629,8350477,5929871,1540279,4389592,3.849868,29,539147,7811330,2282786,5929871,3201273,0.649412
1630,8355367,5919189,1541994,4377195,3.838659,28,538162,7817205,2277950,5919189,3192611,0.649618
1631,8355367,5907043,1543691,4363352,3.826571,28,536597,7818770,2272195,5907043,3181737,0.649927
1632,8402012,5894019,1545356,4348663,3.814020,31,535392,7866620,2266274,5894019,3171077,0.650188
1633,8402012,5879863,1547004,4332859,3.800807,31,534208,7867804,2260378,5879863,3161649,0.650319
1634,8402012,5864714,1548597,4316117,3.787114,31,533016,7868996,2254382,5864714,3152814,0.650368
1635,8402012,5849219,1550192,4299027,3.773222,35,532235,7869777,2246996,5849219,3138765,0.650782
1636,8402012,5833731,1551753,4281978,3.759446,34,531816,7870196,2241329,5833731,3131585,0.650700
1637,8402906,5818018,1553287,4264731,3.745617,35,531178,7871728,2235059,5818018,3122218,0.650768
1638,8402906,5801040,1554780,4246260,3.731100,40,530122,7872784,2228699,5801040,3113756,0.650720
1639,8405392,5784674,1556249,4228425,3.717062,36,529532,7875860,2221828,5784674,3102638,0.650891
1640,8405392,5767409,1557688,4209721,3.702544,35,529038,7876354,2214885,5767409,3092131,0.650983
1641,8405392,5758394,1565910,4192484,3.677347,35,527971,7877421,2210143,5758394,3082178,0.651360
1642,8437352,5747487,1573717,4173770,3.652173,35,527693,7909659,2203681,5747487,3067237,0.652033
1643,8437352,5734002,1581096,4152906,3.626600,35,527178,7910174,2197643,5734002,3056570,0.652290
1644,8442940,5720144,1588081,4132063,3.601922,36,527086,7915854,2192174,5720144,3048552,0.652337
1645,8453672,5706091,1594614,4111477,3.578353,32,526645,7927027,2184870,5706091,3033389,0.652910
1646,8483648,5692724,1600642,4092082,3.556525,32,526004,7957644,2179492,5692724,3025244,0.652987
1647,8484018,5680140,1606306,4073834,3.536151,31,525463,7958555,2172942,5680140,3011628,0.653508
1648,8485795,5667160,1611457,4055703,3.516793,29,524519,7961276,2165701,5667160,2995644,0.654195
1649,8525067,5654315,1616159,4038156,3.498613,29,523179,8001888,2160169,5654315,2986361,0.654383
1650,8534833,5641146,1620397,4020749,3.481336,28,521530,8013303,2154323,5641146,2976146,0.654631
1651,8534865,5633076,1626760,4006316,3.462758,28,520133,8014732,2148814,5633076,2962180,0.655370
1652,8538334,5625036,1632824,3992212,3.444974,31,518644,8019690,2142877,5625036,2946472,0.656248
1653,8538342,5616266,1638508,3977758,3.427671,28,516433,8021909,2138047,5616266,2935922,0.656705
1654,8561376,5607155,1643712,3963443,3.411276,27,513988,8047388,2130881,5607155,2916369,0.657845
1655,8561376,5597362,1648329,3949033,3.395780,30,511461,8049915,2124644,5597362,2901214,0.658624
1656,8561378,5586990,1652565,3934425,3.380799,30,508636,8052742,2117062,5586990,2881258,0.659757
1657,8561378,5575868,1656325,3919543,3.366409,28,505569,8055809,2109997,5575868,2864120,0.660649
1658,8561378,5562904,1659763,3903141,3.351626,30,502332,8059046,2100780,5562904,2840216,0.662005
1659,8561706,5547810,1662865,3884945,3.336296,30,498147,8063559,2090317,5547810,2813458,0.663513
1660,8561730,5532168,1665757,3866411,3.321113,30,493881,8067849,2081553,5532168,2794044,0.664428
1661,8565133,5513036,1664404,3848632,3.312318,31,491671,8073462,2073373,5513036,2780456,0.664742
1662,8609670,5493289,1662684,3830605,3.303868,30,489146,8120524,2064896,5493289,2766295,0.665081
1663,8609670,5473125,1660509,3812616,3.296053,28,486354,8123316,2055535,5473125,2749015,0.665657
1664,8632336,5453427,1657873,3795554,3.289412,29,484024,8148312,2047658,5453427,2737205,0.665813
1665,8637922,5433125,1654839,3778286,3.283174,29,481420,8156502,2038044,5433125,2719051,0.666463
1666,8637922,5413014,1651397,3761617,3.277839,28,479000,8158922,2029668,5413014,2705658,0.666736
1667,8637922,5391453,1647494,3743959,3.272518,25,475994,8161928,2020078,5391453,2688859,0.667233
1668,8637922,5369271,1643442,3725829,3.267089,26,472592,8165330,2009738,5369271,2669681,0.667907
1669,8637930,5348263,1639267,3708996,3.262594,25,470201,8167729,2001600,5348263,2658137,0.667998
1670,8638300,5326116,1635027,3691089,3.257510,24,466487,8171813,1990500,5326116,2635884,0.668942
1671,8638300,5301545,1627731,3673814,3.257015,24,464915,8173385,1982061,5301545,2626699,0.668691
1672,8638300,5276727,1620377,3656350,3.256481,25,462992,8175308,1973284,5276727,2616409,0.668521
1673,8638300,5250952,1613116,3637836,3.255161,26,461036,8177264,1963807,5250952,2604276,0.668466
1674,8638300,5225274,1605511,3619763,3.254586,26,459568,8178732,1954270,5225274,2591806,0.668443
1675,8638308,5199363,1597993,3601370,3.253683,26,457546,8180762,1944865,5199363,2580097,0.668345
1676,8638308,5173749,1590427,3583322,3.253057,28,455743,8182565,1935670,5173749,2568931,0.668212
1677,8638308,5147866,1582812,3565054,3.252355,28,454143,8184165,1926158,5147866,2556766,0.668152
1678,8638308,5122065,1575146,3546919,3.251803,28,452122,8186186,1916161,5122065,2542579,0.668272
1679,8638308,5095899,1567439,3528460,3.251099,28,450220,8188088,1905456,5095899,2525925,0.668593
1680,8638308,5070082,1559677,3510405,3.250726,29,448144,8190164,1895966,5070082,2513782,0.668535
1681,8638308,5046294,1553778,3492516,3.247757,31,450753,8187555,1890723,5046294,2516598,0.667244
1682,8638308,5023957,1547966,3475991,3.245522,28,453026,8185282,1885743,5023957,2519015,0.666045
1683,8638308,5004475,1542224,3462251,3.244973,29,455794,8182514,1883445,5004475,2529305,0.664271
1684,8638308,4985429,1536063,3449366,3.245589,29,458587,8179721,1880695,4985429,2537351,0.662711
1685,8638306,4966499,1529825,3436674,3.246449,27,461701,8176605,1878042,4966499,2545669,0.661127
1686,8638306,4947211,1523445,3423766,3.247384,25,463962,8174344,1874876,4947211,2552293,0.659672
1687,8638306,4925231,1516863,3408368,3.246985,25,465715,8172591,1870089,4925231,2555125,0.658422
1688,8638306,4901475,1510007,3391468,3.245995,22,467256,8171050,1864985,4901475,2558465,0.657039
1689,8638306,4876597,1502665,3373932,3.245299,21,468288,8170018,1859102,4876597,2559811,0.655773
1690,8638306,4850117,1494925,3355192,3.244388,22,468997,8169309,1852244,4850117,2558859,0.654627
1691,8638306,4826058,1485619,3340439,3.248517,23,467696,8170610,1844882,4826058,2553470,0.653979
1692,8638306,4801464,1476247,3325217,3.252480,24,467254,8171052,1836343,4801464,2543908,0.653672
1693,8638306,4777259,1466827,3310432,3.256866,24,466709,8171597,1829017,4777259,2538809,0.652982
1694,8638306,4751461,1457376,3294085,3.260285,26,464827,8173479,1819477,4751461,2526447,0.652861
1695,8638304,4727162,1447915,3279247,3.264806,27,464459,8173845,1811191,4727162,2517602,0.652494
1696,8638304,4701998,1438523,3263475,3.268629,27,463023,8175281,1802751,4701998,2509006,0.652059
1697,8638304,4677007,1429117,3247890,3.272655,27,461801,8176503,1794137,4677007,2499541,0.651707
1698,8638304,4651669,1419736,3231933,3.276432,28,460403,8177901,1785503,4651669,2490343,0.651311
1699,8644484,4626295,1413735,3212560,3.272392,28,459249,8185235,1776417,4626295,2479373,0.651071
1700,8644484,4601316,1408117,3193199,3.267709,28,457538,8186946,1767928,4601316,2470396,0.650665
1701,8644484,4594195,1414093,3180102,3.248863,28,456401,8188083,1764172,4594195,2462493,0.651041
1702,8644490,4588846,1420204,3168642,3.231118,28,456153,8188337,1761731,4588846,2458078,0.651184
1703,8644490,4583383,1424438,3158945,3.217678,29,455357,8189133,1758297,4583383,2449805,0.651679
1704,8644490,4579155,1426916,3152239,3.209127,28,454987,8189503,1756421,4579155,2446529,0.651774
1705,8644490,4574966,1429129,3145837,3.201227,28,454371,8190119,1753306,4574966,2438258,0.652334
1706,8644490,4570301,1430578,3139723,3.194723,27,453832,8190658,1751551,4570301,2435903,0.652322
1707,8644490,4566623,1431296,3135327,3.190551,28,453685,8190805,1750157,4566623,2434005,0.652316
1708,8644490,4561653,1431213,3130440,3.187264,26,453499,8190991,1748430,4561653,2432067,0.652250
1709,8644490,4556780,1430401,3126379,3.185666,24,452861,8191629,1745930,4556780,2426940,0.652486
1710,8644490,4552007,1428849,3123158,3.185786,24,452385,8192105,1744117,4552007,2424461,0.652480
1711,8663606,4535374,1421185,3114189,3.191262,27,451775,8211831,1738522,4535374,2418714,0.652188
1712,8663606,4518979,1413424,3105555,3.197186,25,450347,8213259,1732769,4518979,2412097,0.651988
1713,8663606,4502564,1405550,3097014,3.203418,25,449667,8213939,1726662,4502564,2404084,0.651917
1714,8663606,4485603,1397560,3088043,3.209596,26,448285,8215321,1721302,4485603,2399605,0.651484
1715,8663606,4468435,1389473,3078962,3.215921,24,446940,8216666,1714757,4468435,2390593,0.651468
1716,8663606,4457116,1386790,3070326,3.213980,25,446147,8217459,1710992,4457116,2386852,0.651247
1717,8663606,4446910,1385527,3061383,3.209544,24,444999,8218607,1707243,4446910,2382062,0.651183
1718,8663606,4437334,1384185,3053149,3.205738,23,444071,8219535,1703777,4437334,2377774,0.651103
1719,8663606,4427222,1382716,3044506,3.201830,23,443281,8220325,1698895,4427222,2368358,0.651486
1720,8693888,4417092,1381153,3035939,3.198119,23,442434,8251454,1694517,4417092,2360976,0.651674
1721,8693888,4406650,1379809,3026841,3.193667,24,441285,8252603,1690644,4406650,2355926,0.651623
1722,8693888,4395994,1378432,3017562,3.189126,24,440012,8253876,1686025,4395994,2348106,0.651828
1723,8693888,4384768,1377044,3007724,3.184189,21,438524,8255364,1680566,4384768,2337496,0.652275
1724,8693896,4373858,1375583,2998275,3.179639,23,437260,8256636,1676065,4373858,2330402,0.652400
1725,8693896,4363067,1374100,2988967,3.175218,23,436155,8257741,1671190,4363067,2321693,0.652689
1726,8694264,4351875,1372551,2979324,3.170647,23,435041,8259223,1666749,4351875,2315121,0.652749
1727,8694266,4340912,1370887,2970025,3.166499,24,433804,8260462,1662504,4340912,2309104,0.652767
1728,8694266,4329583,1369256,2960327,3.161997,24,432117,8262149,1657057,4329583,2298645,0.653204
1729,8694266,4318278,1367560,2950718,3.157652,25,430953,8263313,1652314,4318278,2290978,0.653368
1730,8694266,4306696,1365864,2940832,3.153093,26,429760,8264506,1647697,4306696,2284092,0.653442
1731,8694266,4294915,1364578,2930337,3.147431,27,428696,8265570,1643011,4294915,2277129,0.653513
1732,8694266,4282328,1363287,2919041,3.141179,26,427121,8267145,1637236,4282328,2266616,0.653896
1733,8697020,4269466,1361924,2907542,3.134878,28,425517,8271503,1632218,4269466,2259406,0.653936
1734,8697251,4256740,1360487,2896253,3.128835,28,424594,8272657,1627313,4256740,2252512,0.653952
1735,8697251,4243186,1358964,2884222,3.122368,29,423278,8273973,1621971,4243186,2244698,0.654017
1736,8697253,4230024,1357300,2872724,3.116499,29,422035,8275218,1616916,4230024,2237640,0.654027
1737,8719919,4216123,1355583,2860540,3.110192,29,420846,8299073,1611552,4216123,2230085,0.654047
1738,8719919,4202116,1353765,2848351,3.104022,30,419692,8300227,1605753,4202116,2220896,0.654228
1739,8719919,4187386,1351856,2835530,3.097509,30,418168,8301751,1600109,4187386,2213050,0.654234
1740,8722786,4173442,1349920,2823522,3.091622,30,417250,8305536,1594895,4173442,2206138,0.654188
1741,8722786,4158219,1348624,2809595,3.083305,30,415895,8306891,1589165,4158219,2198441,0.654152
1742,8723753,4142703,1346931,2795772,3.075661,29,414996,8308757,1583527,4142703,2191405,0.654031
1743,8723769,4126478,1344684,2781794,3.068734,29,413872,8309897,1577270,4126478,2182602,0.654054
1744,8723775,4110568,1342106,2768462,3.062774,28,412162,8311613,1571091,4110568,2173796,0.654095
1745,8723915,4092956,1339006,2753950,3.056712,28,409771,8314144,1563865,4092956,2162504,0.654301
1746,8730551,4075073,1335513,2739560,3.051317,29,407203,8323348,1556198,4075073,2149719,0.654652
1747,8730589,4055900,1331623,2724277,3.045832,28,404153,8326436,1547686,4055900,2134844,0.655156
1748,8730589,4036137,1327313,2708824,3.040833,27,400816,8329773,1539773,4036137,2122955,0.655314
1749,8812558,4014949,1322524,2692425,3.035823,27,397094,8415464,1530272,4014949,2106139,0.655921
1750,8812558,3992144,1317397,2674747,3.030327,23,393065,8419493,1519855,3992144,2087276,0.656665
1751,8812558,3970900,1311088,2659812,3.028706,22,391471,8421087,1512187,3970900,2077848,0.656483
1752,8812562,3949062,1304604,2644458,3.027020,21,389784,8422778,1504377,3949062,2068446,0.656262
1753,8812562,3926859,1298150,2628709,3.024966,22,387667,8424895,1496655,3926859,2059761,0.655939
1754,8812562,3904525,1291687,2612838,3.022810,22,385866,8426696,1488099,3904525,2047871,0.655959
1755,8812562,3882534,1285191,2597343,3.020978,22,384384,8428178,1480939,3882534,2041222,0.655418
1756,8812562,3860663,1278721,2581942,3.019160,20,382950,8429612,1473244,3860663,2032313,0.655130
1757,8812562,3838663,1272234,2566429,3.017262,20,381393,8431169,1465071,3838663,2021621,0.655030
1758,8812564,3816058,1265667,2550391,3.015057,20,379765,8432799,1456905,3816058,2011562,0.654823
1759,8812564,3793095,1259192,2533903,3.012325,19,377239,8435325,1448133,3793095,1999437,0.654825
1760,8812564,3770997,1252674,2518323,3.010358,20,375694,8436870,1440589,3770997,1991359,0.654419
1761,8812564,3750791,1246458,2504333,3.009160,19,374374,8438190,1433542,3750791,1983377,0.654113
1762,8812564,3730643,1240263,2490380,3.007945,18,373136,8439428,1426241,3730643,1974321,0.653929
1763,8812564,3710094,1234135,2475959,3.006230,19,371926,8440638,1418950,3710094,1965706,0.653669
1764,8812564,3689384,1228044,2461340,3.004277,19,370015,8442549,1411291,3689384,1955780,0.653548
1765,8812564,3669080,1222000,2447080,3.002520,19,368730,8443834,1404189,3669080,1947676,0.653238
1766,8812564,3648910,1216024,2432886,3.000689,19,367081,8445483,1396681,3648910,1937814,0.653139
1767,8812564,3628393,1210021,2418372,2.998620,19,365562,8447002,1389462,3628393,1929455,0.652841
1768,8812564,3607793,1204106,2403687,2.996242,19,363980,8448584,1381998,3607793,1920199,0.652641
1769,8812566,3587448,1198184,2389264,2.994071,19,362877,8449689,1374813,3587448,1911804,0.652352
1770,8812566,3566657,1192291,2374366,2.991432,20,361056,8451510,1367362,3566657,1902791,0.652105
1771,8812566,3546623,1186140,2360483,2.990054,19,361101,8451465,1361715,3546623,1900237,0.651132
1772,8812566,3526018,1179976,2346042,2.988212,18,360782,8451784,1355426,3526018,1895686,0.650352
1773,8812566,3505581,1173826,2331755,2.986457,19,360604,8451962,1348419,3505581,1888095,0.649943
1774,8812566,3485600,1167658,2317942,2.985121,19,360300,8452266,1342758,3485600,1885432,0.648963
1775,8812566,3465596,1161475,2304121,2.983789,20,360484,8452082,1337034,3465596,1882540,0.648001
1776,8812566,3444944,1155288,2289656,2.981892,20,359547,8453019,1329898,3444944,1874648,0.647596
1777,8812566,3424560,1149112,2275448,2.980179,19,358997,8453569,1323355,3424560,1868860,0.646947
1778,8812566,3404801,1142952,2261849,2.978954,19,358946,8453620,1317350,3404801,1864599,0.646146
1779,8812566,3384336,1136768,2247568,2.977156,19,358395,8454171,1310705,3384336,1858484,0.645518
1780,8812566,3364714,1130591,2234123,2.976066,19,357949,8454617,1304939,3364714,1855042,0.644611
1781,8812566,3345421,1124771,2220650,2.974313,19,357317,8455249,1298258,3345421,1847611,0.644213
1782,8812566,3326302,1118983,2207319,2.972612,19,356481,8456085,1291969,3326302,1841574,0.643650
1783,8812566,3307109,1113135,2193974,2.970986,19,355799,8456767,1285517,3307109,1834959,0.643148
1784,8812566,3288578,1107341,2181237,2.969797,20,354928,8457638,1279408,3288578,1829054,0.642598
1785,8812566,3269680,1101553,2168127,2.968246,19,353894,8458672,1272707,3269680,1821148,0.642269
1786,8812566,3251173,1095729,2155444,2.967132,22,353338,8459228,1267290,3251173,1817987,0.641363
1787,8812568,3232191,1089985,2142206,2.965354,19,352076,8460492,1260827,3232191,1811117,0.640887
1788,8812568,3213535,1084198,2129337,2.963974,18,351449,8461119,1254147,3213535,1803053,0.640582
1789,8812568,3195033,1078466,2116567,2.962572,19,350442,8462126,1247546,3195033,1795151,0.640264
1790,8812568,3176254,1072737,2103517,2.960888,19,349320,8463248,1241575,3176254,1790046,0.639561
1791,8812568,3157952,1068374,2089578,2.955849,19,346389,8466179,1233299,3157952,1775244,0.640143
1792,8812568,3139317,1063626,2075691,2.951523,21,343238,8469330,1225353,3139317,1762095,0.640492
1793,8812570,3118627,1058327,2060300,2.946752,19,338957,8473613,1216076,3118627,1745677,0.641125
1794,8812570,3097233,1052418,2044815,2.942968,22,334359,8478211,1205822,3097233,1726055,0.642141
1795,8812570,3075001,1045967,2029034,2.939864,20,330043,8482527,1195366,3075001,1706463,0.643109
1796,8812572,3050873,1038792,2012081,2.936943,20,324863,8487709,1183828,3050873,1684439,0.644281
1797,8812572,3026701,1031181,1995520,2.935179,20,320038,8492534,1173556,3026701,1667523,0.644771
1798,8812572,3001885,1023222,1978663,2.933757,21,314919,8497653,1161914,3001885,1645771,0.645892
1799,8812574,2977794,1014900,1962894,2.934076,20,310394,8502180,1150954,2977794,1626022,0.646810
1800,8812574,2953431,1006154,1947277,2.935367,18,305629,8506945,1139869,2953431,1606045,0.647757
1801,8812574,2934843,999514,1935329,2.936270,19,303292,8509282,1132858,2934843,1596589,0.647663
1802,8812574,2916051,992841,1923210,2.937078,20,301306,8511268,1125299,2916051,1585145,0.647839
1803,8812576,2896719,986072,1910647,2.937634,20,298942,8513634,1117236,2896719,1572225,0.648189
1804,8812576,2877673,979338,1898335,2.938386,18,296586,8515990,1109281,2877673,1559451,0.648545
1805,8812570,2858825,972286,1886539,2.940313,18,294212,8518358,1102369,2858825,1550651,0.648337
1806,8744564,2839783,965310,1874473,2.941835,18,292165,8452399,1094663,2839783,1538869,0.648552
1807,8744564,2820808,958264,1862544,2.943665,19,289789,8454775,1087660,2820808,1529832,0.648366
1808,8744564,2801387,951131,1850256,2.945322,20,287535,8457029,1079665,2801387,1517273,0.648670
1809,8744564,2782531,943978,1838553,2.947665,20,285507,8459057,1072265,2782531,1506529,0.648751
1810,8744564,2763134,936737,1826397,2.949744,19,283036,8461528,1064528,2763134,1494978,0.648911
1811,8744564,2749116,931974,1817142,2.949778,19,282666,8461898,1060218,2749116,1491756,0.648243
1812,8744564,2735364,927209,1808155,2.950105,19,282295,8462269,1056363,2735364,1490088,0.647354
1813,8744564,2721767,922470,1799297,2.950521,20,282080,8462484,1051243,2721767,1483205,0.647274
1814,8744564,2707985,917736,1790249,2.950723,18,281411,8463153,1047197,2707985,1480803,0.646484
1815,8744564,2694418,913069,1781349,2.950947,19,281152,8463412,1042920,2694418,1477262,0.645883
1816,8744564,2680740,908325,1772415,2.951300,18,280772,8463792,1038796,2680740,1474444,0.645156
1817,8744564,2667262,903690,1763572,2.951523,19,280289,8464275,1034392,2667262,1470306,0.644645
1818,8744564,2653699,899039,1754660,2.951706,18,279802,8464762,1029741,2653699,1465265,0.644264
1819,8812570,2640372,894436,1745936,2.951997,19,279635,8532935,1025675,2640372,1462328,0.643569
1820,8812570,2627107,889843,1737264,2.952326,19,278988,8533582,1021676,2627107,1459597,0.642842
1821,8812570,2614080,885400,1728680,2.952428,18,278789,8533781,1017520,2614080,1456000,0.642267
1822,8812570,2601039,880931,1720108,2.952602,18,278071,8534499,1013094,2601039,1451337,0.641855
1823,8812576,2588091,876538,1711553,2.952628,19,277870,8534706,1009002,2588091,1447917,0.641250
1824,8812576,2575357,872163,1703194,2.952839,18,277506,8535070,1005011,2575357,1444687,0.640629
1825,8812576,2562204,867771,1694433,2.952627,19,276476,8536100,1000592,2562204,1440164,0.640172
1826,8812576,2549940,863441,1686499,2.953230,18,276559,8536017,996667,2549940,1436728,0.639617
1827,8812576,2537306,859104,1678202,2.953433,17,276235,8536341,992623,2537306,1433186,0.639041
1828,8812576,2524256,854764,1669492,2.953161,18,275037,8537539,988105,2524256,1428164,0.638661
1829,8812576,2511552,850492,1661060,2.953058,18,274848,8537728,984211,2511552,1425292,0.637961
1830,8812576,2498887,846255,1652632,2.952877,18,274168,8538408,979720,2498887,1419993,0.637653
1831,8812576,2492463,844785,1647678,2.950411,17,276313,8536263,979818,2492463,1426809,0.635951
1832,8812576,2485661,843197,1642464,2.947901,19,278645,8533931,979750,2485661,1433339,0.634259
1833,8812576,2478851,841521,1637330,2.945679,18,281062,8531514,979337,2478851,1438497,0.632788
1834,8812576,2471491,839608,1631883,2.943625,17,283255,8529321,979381,2471491,1446033,0.630881
1835,8812576,2463359,837216,1626143,2.942322,18,285465,8527111,978456,2463359,1450465,0.629400
1836,8812576,2454110,834437,1619673,2.941037,18,287122,8525454,976168,2454110,1450562,0.628506
1837,8812576,2444705,831446,1613259,2.940305,17,288560,8524016,975034,2444705,1455431,0.626826
1838,8812576,2434061,828273,1605788,2.938718,18,289311,8523265,971811,2434061,1453183,0.626166
1839,8812576,2423383,824952,1598431,2.937605,18,290107,8522469,969846,2423383,1456001,0.624682
1840,8812576,2411919,821457,1590462,2.936148,18,291069,8521507,966981,2411919,1456005,0.623569
1841,8812576,2399157,817045,1582112,2.936383,19,290547,8522029,962188,2399157,1449595,0.623360
1842,8812576,2385758,812639,1573119,2.935815,19,289521,8523055,957965,2385758,1446102,0.622611
1843,8812576,2372529,808268,1564261,2.935325,18,288617,8523959,952626,2372529,1437975,0.622629
1844,8812576,2359214,803901,1555313,2.934707,18,287641,8524935,947875,2359214,1432286,0.622238
1845,8812576,2346452,799574,1546878,2.934628,19,286765,8525811,943367,2346452,1427016,0.621829
1846,8812576,2333237,795236,1538001,2.934018,18,285692,8526884,939086,2333237,1423107,0.621146
1847,8812576,2320663,790949,1529714,2.934024,17,284869,8527707,934558,2320663,1417569,0.620792
1848,8812576,2307926,786704,1521222,2.933665,19,283903,8528673,930015,2307926,1412134,0.620400
1849,8812576,2295195,782447,1512748,2.933355,18,282776,8529800,925104,2295195,1405221,0.620253
1850,8812576,2282163,778255,1503908,2.932410,17,281619,8530957,920028,2282163,1397949,0.620134
1851,8812576,2273763,775589,1498174,2.931660,17,281582,8530994,917318,2273763,1395509,0.619677
1852,8812576,2265088,772814,1492274,2.930961,17,281469,8531107,915313,2265088,1396164,0.618665
1853,8812576,2255853,769935,1485918,2.929927,18,281269,8531307,912045,2255853,1392327,0.618350
1854,8812576,2246412,766934,1479478,2.929081,18,280628,8531948,908675,2246412,1388288,0.618046
1855,8812576,2236110,763831,1472279,2.927493,17,279663,8532913,904909,2236110,1383526,0.617772
1856,8812576,2225996,760385,1465611,2.927459,18,279255,8533321,901823,2225996,1381296,0.617082
1857,8812576,2214687,756724,1457963,2.926677,18,277880,8534696,897487,2214687,1375261,0.616913
1858,8812576,2203336,753073,1450263,2.925793,17,276663,8535913,893171,2203336,1369348,0.616717
1859,8812576,2192187,749449,1442738,2.925065,19,275309,8537267,888322,2192187,1361101,0.616946
1860,8812576,2181436,745896,1435540,2.924585,18,274402,8538174,884220,2181436,1355444,0.616768
1861,8812576,2180220,745621,1434599,2.924032,17,274163,8538413,884258,2180220,1356812,0.616398
1862,8812576,2178860,745356,1433504,2.923247,17,274448,8538128,883934,2178860,1356876,0.616239
1863,8812576,2177379,745067,1432312,2.922394,17,274089,8538487,882662,2177379,1353269,0.616708
1864,8812576,2176391,744794,1431597,2.922138,18,273992,8538584,882854,2176391,1355025,0.616294
1865,8812576,2174533,744489,1430044,2.920840,19,273635,8538941,881885,2174533,1353007,0.616445
1866,8812576,2173625,744124,1429501,2.921052,19,274223,8538353,881830,2173625,1353695,0.616226
1867,8812576,2172482,743726,1428756,2.921078,18,273958,8538618,881470,2172482,1353398,0.616153
1868,8812576,2170938,743360,1427578,2.920440,18,273952,8538624,880801,2170938,1352266,0.616183
1869,8812576,2169339,742909,1426430,2.920060,18,273756,8538820,880434,2169339,1352397,0.615986
1870,8812576,2167957,742461,1425496,2.919961,17,273697,8538879,880344,2167957,1353419,0.615656
1871,8812576,2170021,743032,1426989,2.920495,17,273936,8538640,881007,2170021,1354007,0.615779
1872,8812576,2171738,743605,1428133,2.920553,18,274143,8538433,881585,2171738,1354602,0.615862
1873,8812576,2173719,744141,1429578,2.921112,18,274634,8537942,882712,2173719,1357129,0.615637
1874,8812574,2176234,744656,1431578,2.922469,16,275110,8537464,884067,2176234,1360034,0.615404
1875,8812574,2177434,745110,1432324,2.922299,19,274882,8537692,884236,2177434,1359510,0.615626
1876,8812574,2179547,745568,1433979,2.923338,20,275629,8536945,885120,2179547,1360933,0.615608
1877,8812574,2181473,745934,1435539,2.924485,18,276091,8536483,885914,2181473,1362183,0.615600
1878,8812574,2183032,746295,1436737,2.925160,19,275992,8536582,886526,2183032,1363072,0.615614
1879,8812572,2185007,746641,1438366,2.926449,18,276442,8536130,887683,2185007,1365725,0.615368
1880,8812572,2186510,746932,1439578,2.927321,18,276844,8535728,888283,2186510,1366622,0.615375
1881,8812572,2193490,749005,1444485,2.928539,18,277645,8534927,891064,2193490,1370766,0.615413
1882,8812572,2200164,751059,1449105,2.929416,18,278072,8534500,893428,2200164,1373548,0.615652
1883,8812572,2207212,753113,1454099,2.930785,18,278994,8533578,896048,2207212,1376980,0.615819
1884,8812572,2214248,755165,1459083,2.932138,17,279982,8532590,899122,2214248,1382240,0.615670
1885,8812572,2221096,757240,1463856,2.933147,18,280614,8531958,901782,2221096,1386032,0.615752
1886,8812570,2228044,759299,1468745,2.934343,17,281725,8530845,904813,2228044,1391208,0.615609
1887,8812570,2234847,761366,1473481,2.935312,18,282100,8530470,907044,2234847,1393329,0.615970
1888,8812570,2242260,763381,1478879,2.937275,18,283266,8529304,909821,2242260,1397024,0.616127
1889,8812570,2249471,765414,1484057,2.938895,19,284238,8528332,913130,2249471,1403049,0.615868
1890,8812570,2256438,767471,1488967,2.940095,18,284971,8527599,915693,2256438,1406334,0.616047
1891,8812570,2265130,770055,1495075,2.941517,18,285871,8526699,919029,2265130,1410986,0.616175
1892,8812570,2274164,772683,1501481,2.943204,18,287015,8525555,922864,2274164,1417292,0.616062
1893,8812570,2283120,775367,1507753,2.944567,18,288094,8524476,926568,2283120,1423152,0.616015
1894,8812568,2292076,778046,1514030,2.945939,18,289085,8523483,929795,2292076,1427104,0.616285
1895,8812568,2301830,780872,1520958,2.947769,18,290148,8522420,932838,2301830,1429522,0.616889
1896,8812568,2311834,783750,1528084,2.949708,19,291543,8521025,937260,2311834,1437206,0.616647
1897,8812568,2321458,786644,1534814,2.951091,18,292752,8519816,940918,2321458,1442214,0.616807
1898,8812568,2331466,789577,1541889,2.952804,19,293888,8518680,945169,2331466,1449210,0.616680
1899,8812568,2341944,792618,1549326,2.954694,18,295402,8517166,949168,2341944,1454728,0.616841
1900,8812568,2352603,795747,1556856,2.956471,18,296458,8516110,953137,2352603,1459945,0.617068
1901,8812568,2359719,797762,1561957,2.957924,19,297259,8515309,956079,2359719,1464597,0.617030
1902,8812566,2367018,799770,1567248,2.959623,20,297944,8514622,959087,2367018,1469330,0.616998
1903,8812566,2374458,801831,1572627,2.961295,18,298710,8513856,961870,2374458,1473022,0.617146
1904,8812566,2381852,803829,1578023,2.963133,18,299619,8512947,964891,2381852,1477712,0.617130
1905,8812566,2389603,805883,1583720,2.965198,18,300538,8512028,967854,2389603,1481813,0.617243
1906,8812566,2396618,807831,1588787,2.966732,18,301104,8511462,970467,2396618,1485250,0.617388
1907,8812566,2404549,809864,1594685,2.969078,18,302234,8510332,973766,2404549,1490515,0.617332
1908,8812564,2411725,811829,1599896,2.970730,19,302923,8509641,976415,2411725,1493935,0.617495
1909,8812564,2419866,813819,1606047,2.973470,18,304020,8508544,980082,2419866,1500462,0.617261
1910,8812564,2427036,815724,1611312,2.975315,18,304739,8507825,982297,2427036,1502152,0.617694
1911,8812564,2438042,819279,1618763,2.975839,18,306151,8506413,986848,2438042,1509350,0.617634
1912,8812564,2449470,822874,1626596,2.976725,18,307374,8505190,991473,2449470,1516422,0.617634
1913,8812564,2461044,826518,1634526,2.977605,18,308423,8504141,995841,2461044,1522320,0.617831
1914,8812564,2472737,830229,1642508,2.978379,18,309948,8502616,1000340,2472737,1528623,0.617974
1915,8812564,2484569,833960,1650609,2.979242,18,311338,8501226,1005079,2484569,1535747,0.618003
1916,8812564,2496750,837771,1658979,2.980230,18,312802,8499762,1009607,2496750,1541678,0.618248
1917,8812564,2508657,841577,1667080,2.980900,18,314292,8498272,1014444,2508657,1549119,0.618234
1918,8812564,2520861,845523,1675338,2.981422,17,315165,8497399,1018921,2520861,1554823,0.618512
1919,8812564,2533821,849467,1684354,2.982836,17,316943,8495621,1024498,2533821,1564171,0.618308
1920,8812564,2546973,853490,1693483,2.984186,17,318552,8494012,1028996,2546973,1569011,0.618801
1921,8812564,2561612,858301,1703311,2.984515,18,320337,8492227,1035574,2561612,1580684,0.618404
1922,8812564,2575878,863175,1712703,2.984190,18,321541,8491023,1040806,2575878,1587346,0.618722
1923,8812564,2591110,868077,1723033,2.984885,19,323188,8489376,1046423,2591110,1594582,0.619040
1924,8812564,2606528,873076,1733452,2.985454,19,325070,8487494,1052458,2606528,1603304,0.619152
1925,8812564,2622101,878160,1743941,2.985903,18,326620,8485944,1058213,2622101,1610751,0.619464
1926,8812564,2637567,883225,1754342,2.986291,19,328465,8484099,1064539,2637567,1620589,0.619415
1927,8812566,2653442,888357,1765085,2.986910,19,329805,8482761,1070160,2653442,1627198,0.619870
1928,8812566,2669736,893614,1776122,2.987572,19,331713,8480853,1076712,2669736,1637112,0.619882
1929,8812566,2685675,898882,1786793,2.987795,19,333147,8479419,1082527,2685675,1644433,0.620233
1930,8812566,2702415,903972,1798443,2.989490,20,335137,8477429,1088964,2702415,1653441,0.620410
1931,8812566,2719838,909385,1810453,2.990854,19,337021,8475545,1096070,2719838,1664442,0.620361
1932,8812566,2736604,914713,1821891,2.991762,19,338161,8474405,1101422,2736604,1669084,0.621152
1933,8812564,2754463,920126,1834337,2.993572,19,339742,8472822,1108381,2754463,1679061,0.621281
1934,8812564,2772192,925515,1846677,2.995297,19,341799,8470765,1115394,2772192,1689384,0.621348
1935,8812564,2789979,930873,1859106,2.997164,18,343307,8469257,1121932,2789979,1697749,0.621691
1936,8812564,2807734,936305,1871429,2.998739,18,344661,8467903,1128342,2807734,1705634,0.622093
1937,8812564,2825781,941758,1884023,3.000538,21,346368,8466196,1135290,2825781,1715379,0.622260
1938,8812564,2843955,947224,1896731,3.002410,19,347960,8464604,1141999,2843955,1724041,0.622583
1939,8812564,2862365,952665,1909700,3.004587,19,349465,8463099,1148594,2862365,1732011,0.623015
1940,8812564,2880848,958149,1922699,3.006681,20,351364,8461200,1155977,2880848,1743060,0.623033
1941,8812562,2899698,963685,1936013,3.008969,20,353201,8459361,1162747,2899698,1751290,0.623458
1942,8812562,2918732,969195,1949537,3.011501,19,354968,8457594,1170115,2918732,1761728,0.623599
1943,8812562,2937558,974750,1962808,3.013653,20,356711,8455851,1176956,2937558,1770266,0.623974
1944,8812562,2956936,980277,1976659,3.016429,20,358392,8454170,1184679,2956936,1781780,0.623995
1945,8812562,2976280,985906,1990374,3.018827,18,360182,8452380,1191794,2976280,1790896,0.624328
1946,8812562,2995940,991491,2004449,3.021651,19,361668,8450894,1199126,2995940,1800564,0.624609
1947,8812562,3015706,997103,2018603,3.024468,19,363645,8448917,1206602,3015706,1810702,0.624834
1948,8812562,3035648,1002728,2032920,3.027389,19,365574,8446988,1213791,3035648,1819516,0.625241
1949,8812562,3055253,1008378,2046875,3.029869,21,367169,8445393,1220854,3055253,1828163,0.625638
1950,8812560,3075419,1014045,2061374,3.032823,17,368912,8443648,1228586,3075419,1838925,0.625805
1951,8812560,3095994,1019717,2076277,3.036131,18,370911,8441649,1236395,3095994,1849586,0.626012
1952,8812560,3116499,1025333,2091166,3.039499,18,372888,8439672,1243799,3116499,1858697,0.626407
1953,8812560,3136929,1031078,2105851,3.042378,19,374419,8438141,1251021,3136929,1867155,0.626874
1954,8812560,3157766,1036740,2121026,3.045861,20,376241,8436319,1259046,3157766,1878418,0.627016
1955,8812560,3178517,1042461,2136056,3.049051,18,378113,8434447,1266764,3178517,1888539,0.627291
1956,8812560,3199026,1048127,2150899,3.052136,18,379680,8432880,1274366,3199026,1898438,0.627572
1957,8812560,3220319,1053812,2166507,3.055876,18,381825,8430735,1282491,3220319,1909645,0.627747
1958,8812558,3241210,1059488,2181722,3.059223,17,383873,8428685,1290247,3241210,1919778,0.628021
1959,8812558,3262367,1065189,2197178,3.062712,18,385734,8426824,1298096,3262367,1930017,0.628298
1960,8812558,3283779,1070838,2212941,3.066551,19,387586,8424972,1305981,3283779,1940145,0.628604
1961,8812558,3305379,1076167,2229212,3.071437,18,389374,8423184,1313500,3305379,1948621,0.629117
1962,8812558,3327474,1081490,2245984,3.076750,19,391668,8420890,1322275,3327474,1961626,0.629119
1963,8812558,3349028,1086810,2262218,3.081521,19,393264,8419294,1330048,3349028,1971164,0.629494
1964,8812558,3371238,1092129,2279109,3.086850,18,395594,8416964,1338079,3371238,1981078,0.629865
1965,8812556,3393508,1097428,2296080,3.092237,18,397409,8415147,1346655,3393508,1993112,0.629988
1966,8812556,3415531,1102705,2312826,3.097411,19,399341,8413215,1354646,3415531,2003053,0.630336
1967,8812556,3438180,1108017,2330163,3.103003,19,401483,8411073,1363082,3438180,2014148,0.630589
1968,8812556,3460710,1113301,2347409,3.108512,19,403143,8409413,1370985,3460710,2023230,0.631063
1969,8812556,3483864,1118641,2365223,3.114372,18,405380,8407176,1379063,3483864,2032388,0.631564
1970,8812556,3506874,1123923,2382951,3.120208,18,407520,8405036,1387817,3506874,2044394,0.631725
1971,8812554,3529798,1129678,2400120,3.124605,18,409371,8403183,1396280,3529798,2055322,0.632000
1972,8812554,3553018,1135430,2417588,3.129227,17,411364,8401190,1404400,3553018,2064582,0.632480
1973,8812554,3576610,1141234,2435376,3.133985,19,413336,8399218,1413058,3576610,2075622,0.632778
1974,8812554,3600317,1147034,2453283,3.138806,18,415428,8397126,1421446,3600317,2085467,0.633214
1975,8812554,3623769,1152864,2470905,3.143275,18,417192,8395362,1429225,3623769,2093131,0.633870
1976,8812554,3648332,1159030,2489302,3.147746,19,418705,8393849,1438033,3648332,2103800,0.634257
1977,8812554,3673204,1165621,2507583,3.151285,19,420784,8391770,1446590,3673204,2113156,0.634804
1978,8812554,3699030,1172259,2526771,3.155472,19,423243,8389311,1456399,3699030,2126566,0.634962
1979,8812552,3724078,1178937,2545141,3.158844,19,425028,8387524,1465514,3724078,2137978,0.635285
1980,8812552,3749888,1185596,2564292,3.162872,18,427319,8385233,1475129,3749888,2150628,0.635519
1981,8812552,3775965,1192382,2583583,3.166741,18,429020,8383532,1484296,3775965,2161219,0.635986
1982,8812552,3802440,1199175,2603265,3.170880,18,431001,8381551,1493995,3802440,2173540,0.636287
1983,8812552,3829007,1205978,2623029,3.175022,18,433249,8379303,1503374,3829007,2184489,0.636736
1984,8812552,3855729,1212838,2642891,3.179096,19,434763,8377789,1513288,3855729,2197423,0.636979
1985,8812552,3882936,1219695,2663241,3.183530,19,437115,8375437,1522866,3882936,2208528,0.637439
1986,8812552,3910151,1226506,2683645,3.188041,19,438952,8373600,1533035,3910151,2221989,0.637649
1987,8812550,3938143,1233367,2704776,3.193002,18,441355,8371195,1542631,3938143,2232381,0.638219
1988,8812550,3965838,1240235,2725603,3.197650,19,443181,8369369,1553292,3965838,2247330,0.638296
1989,8812548,3993571,1247079,2746492,3.202340,19,445193,8367355,1562728,3993571,2257341,0.638878
1990,8812548,4021847,1253888,2767959,3.207501,19,447335,8365213,1572765,4021847,2269213,0.639296
1991,8812548,4049271,1260630,2788641,3.212101,19,448941,8363607,1582230,4049271,2279649,0.639804
1992,8812548,4077066,1267370,2809696,3.216950,18,450976,8361572,1592613,4077066,2293386,0.639996
1993,8812548,4105533,1274133,2831400,3.222217,18,452669,8359879,1602216,4105533,2303331,0.640602
1994,8812548,4134244,1280875,2853369,3.227672,19,454564,8357984,1612401,4134244,2315360,0.641007
1995,8812546,4162433,1287670,2874763,3.232531,19,456410,8356136,1622965,4162433,2329427,0.641177
1996,8812546,4191135,1294493,2896642,3.237665,19,458194,8354352,1632342,4191135,2338233,0.641890
1997,8812544,4220197,1301326,2918871,3.242998,19,460277,8352267,1643026,4220197,2351907,0.642138
1998,8812544,4249515,1308209,2941306,3.248346,19,461934,8350610,1652847,4249515,2361873,0.642757
1999,8812544,4278930,1315105,2963825,3.253679,18,463571,8348973,1663300,4278930,2374270,0.643139
2000,8812544,4308794,1321988,2986806,3.259329,19,465149,8347395,1673576,4308794,2385510,0.643651
2001,8812544,4339054,1328935,3010119,3.265061,19,467197,8345347,1683840,4339054,2396306,0.644220
2002,8812544,4369687,1335931,3033756,3.270893,20,468906,8343638,1694657,4369687,2408941,0.644627
2003,8812544,4400514,1342931,3057583,3.276798,19,470695,8341849,1705543,4400514,2421658,0.645031
2004,8812542,4431789,1349964,3081825,3.282894,18,472811,8339731,1716234,4431789,2433147,0.645569
2005,8812540,4462832,1356996,3105836,3.288758,20,474417,8338123,1727257,4462832,2446196,0.645942
2006,8812540,4494588,1364059,3130529,3.295010,19,476237,8336303,1737852,4494588,2456820,0.646572
2007,8812540,4526539,1371153,3155386,3.301265,19,478119,8334421,1749023,4526539,2469553,0.647010
2008,8812540,4558593,1378225,3180368,3.307583,20,479769,8332771,1759980,4558593,2481327,0.647535
2009,8812540,4590664,1385314,3205350,3.313808,19,481474,8331066,1771346,4590664,2494720,0.647906
2010,8812540,4623110,1392461,3230649,3.320100,19,483343,8329197,1782460,4623110,2506730,0.648417
2011,8812540,4655798,1399617,3256181,3.326480,19,484756,8327784,1793181,4655798,2516926,0.649098
2012,8812538,4689589,1406796,3282793,3.333525,19,486975,8325563,1805393,4689589,2531983,0.649386
2013,8812536,4722142,1413983,3308159,3.339603,19,488106,8324430,1815876,4722142,2541362,0.650119
2014,8812536,4756370,1421181,3335189,3.346773,20,490459,8322077,1828458,4756370,2557462,0.650325
2015,8812536,4789913,1428405,3361508,3.353330,19,491704,8320832,1839209,4789913,2566923,0.651083
2016,8812536,4823805,1435664,3388141,3.359982,19,493544,8318992,1851074,4823805,2580491,0.651487
2017,8812536,4857815,1442932,3414883,3.366628,20,495048,8317488,1862168,4857815,2590857,0.652172
2018,8812536,4892026,1450207,3441819,3.373329,20,496938,8315598,1874014,4892026,2604030,0.652613
2019,8812536,4926639,1457517,3469122,3.380159,20,498630,8313906,1885878,4926639,2616873,0.653096
2020,8812534,4961197,1464847,3496350,3.386836,20,499661,8312873,1897266,4961197,2627867,0.653730
2021,8812532,4996395,1472233,3524162,3.393753,20,501694,8310838,1908733,4996395,2638537,0.654413
2022,8812532,5031581,1479655,3551926,3.400510,19,503267,8309265,1920793,5031581,2651591,0.654883
2023,8812532,5066343,1487085,3579258,3.406895,19,504233,8308299,1932358,5066343,2663089,0.655461
2024,8812532,5102214,1494591,3607623,3.413786,19,505835,8306697,1944596,5102214,2676170,0.655948
2025,8812532,5137970,1502111,3635859,3.420500,19,507300,8305232,1956234,5137970,2686966,0.656615
2026,8812532,5173496,1509662,3663834,3.426923,19,508787,8303745,1968137,5173496,2699052,0.657156
2027,8812532,5209000,1517253,3691747,3.433178,18,510321,8302211,1979789,5209000,2710156,0.657772
2028,8812530,5245151,1524869,3720282,3.439739,19,511444,8301086,1991461,5245151,2720693,0.658455
2029,8812528,5281115,1532489,3748626,3.446103,20,512982,8299546,2003904,5281115,2734501,0.658853
2030,8812528,5316847,1540136,3776711,3.452193,19,514248,8298280,2015241,5316847,2744117,0.659580
2031,8812528,5352073,1547786,3804287,3.457890,19,514998,8297530,2026283,5352073,2753059,0.660331
2032,8812528,5387869,1555492,3832377,3.463772,19,516289,8296239,2037800,5387869,2763331,0.660991
2033,8812528,5423712,1563258,3860454,3.469493,20,517369,8295159,2049245,5423712,2773268,0.661672
2034,8812528,5460077,1571093,3888984,3.475337,20,518002,8294526,2060938,5460077,2783675,0.662329
2035,8812528,5496168,1579043,3917125,3.480696,20,518702,8293826,2072014,5496168,2791888,0.663143
2036,8812528,5532934,1587095,3945839,3.486202,20,519922,8292606,2084392,5532934,2804634,0.663615
2037,8812524,5569455,1595267,3974188,3.491237,20,520276,8292248,2095151,5569455,2811149,0.664565
2038,8812524,5606360,1603517,4002843,3.496290,21,520683,8291841,2106602,5606360,2820048,0.665332
2039,8812524,5643355,1611863,4031492,3.501138,21,521060,8291464,2117782,5643355,2827773,0.666187
2040,8812524,5680490,1620345,4060145,3.505729,20,521033,8291491,2128516,5680490,2833574,0.667189
2041,8812522,5737080,1630890,4106190,3.517760,20,534950,8277572,2159291,5737080,2900084,0.664232
2042,8812522,5779933,1638721,4141212,3.527100,20,544412,8268110,2183164,5779933,2952723,0.661876
2043,8812520,5805615,1643062,4162553,3.533412,20,551015,8261505,2198508,5805615,2988417,0.660177
2044,8812518,5811907,1644060,4167847,3.535094,20,554707,8257811,2205329,5811907,3009409,0.658848
2045,8809647,5805629,1641554,4164075,3.536666,20,557935,8251712,2208724,5805629,3029267,0.657125
2046,8720668,5782155,1635405,4146750,3.535610,20,559398,8161270,2204893,5782155,3037417,0.655605
2047,8657574,5746730,1624959,4121771,3.536538,20,558720,8098854,2194835,5746730,3032610,0.654574
2048,8618433,5711601,1612895,4098706,3.541211,20,555328,8063105,2183961,5711601,3024243,0.653812
2049,8614544,5676085,1599843,4076242,3.547901,21,551807,8062737,2171658,5676085,3010547,0.653428
2050,8562352,5638179,1585841,4052338,3.555324,21,550693,8011659,2161338,5638179,3007173,0.652163
2051,8562352,5648381,1582880,4065501,3.568420,20,552910,8009442,2166990,5648381,3019579,0.651639
2052,8547328,5658119,1579654,4078465,3.581872,22,554710,7992618,2172173,5658119,3030573,0.651205
2053,8520298,5666706,1576000,4090706,3.595626,21,556007,7964291,2176814,5666706,3040550,0.650803
2054,8519930,5673695,1570569,4103126,3.612509,21,556645,7963285,2180809,5673695,3049541,0.650412
2055,8507934,5676619,1562135,4114484,3.633885,21,557208,7950726,2182636,5676619,3053925,0.650202
2056,8507934,5675422,1549746,4125676,3.662163,22,558134,7949800,2184833,5675422,3063910,0.649411
2057,8507928,5673187,1536751,4136436,3.691676,21,558669,7949259,2186314,5673187,3072069,0.648716
2058,8501698,5670531,1523632,4146899,3.721720,22,559527,7942171,2187773,5670531,3080561,0.647980
2059,8496808,5668625,1510404,4158221,3.753052,22,560109,7936699,2189080,5668625,3087695,0.647375
2060,8496798,5666606,1497144,4169462,3.784944,20,560292,7936506,2190332,5666606,3094722,0.646775
2061,8496798,5703747,1499439,4204308,3.803921,21,562601,7934197,2204716,5703747,3115117,0.646767
2062,8491212,5740976,1501757,4239219,3.822840,23,564888,7926324,2218208,5740976,3131856,0.647029
2063,8464182,5779011,1504131,4274880,3.842093,20,567066,7897116,2232050,5779011,3149189,0.647276
2064,8464182,5816816,1506554,4310262,3.861007,22,569060,7895122,2245627,5816816,3165692,0.647571
2065,8464182,5855865,1509020,4346845,3.880575,21,571054,7893128,2260186,5855865,3184879,0.647719
2066,8464182,5894863,1511538,4383325,3.899911,22,573281,7890901,2273471,5894863,3199021,0.648223
2067,8464182,5934156,1514119,4420037,3.919214,23,574996,7889186,2287800,5934156,3217044,0.648457
2068,8464182,5974875,1516739,4458136,3.939290,24,576891,7887291,2302196,5974875,3233909,0.648823
2069,8464182,6015407,1519411,4495996,3.959039,23,578878,7885304,2317296,6015407,3253777,0.648968
2070,8458374,6055761,1522141,4533620,3.978449,24,580593,7877781,2330401,6055761,3265843,0.649648
2071,8458374,6107650,1528791,4578859,3.995085,24,583382,7874992,2348495,6107650,3286330,0.650166
2072,8458374,6160437,1535471,4624966,4.012083,25,585593,7872781,2366929,6160437,3307279,0.650678
2073,8458374,6213869,1542240,4671629,4.029119,27,588104,7870270,2385850,6213869,3329531,0.651117
2074,8458366,6267501,1549072,4718429,4.045971,28,590098,7868268,2404238,6267501,3349451,0.651714
2075,8458366,6322427,1555930,4766497,4.063439,29,592953,7865413,2423431,6322427,3371297,0.652219
2076,8458366,6376852,1562869,4813983,4.080222,29,594977,7863389,2441611,6376852,3389592,0.652935
2077,8458366,6432426,1569852,4862574,4.097473,29,597945,7860421,2460437,6432426,3409322,0.653586
2078,8457472,6488190,1576891,4911299,4.114546,29,599986,7857486,2479556,6488190,3430034,0.654169
2079,8457472,6544531,1583980,4960551,4.131701,29,602710,7854762,2498876,6544531,3450973,0.654747
2080,8457472,6601249,1591158,5010091,4.148707,30,605457,7852015,2518976,6601249,3474655,0.655152
2081,8457472,6646146,1595819,5050327,4.164724,29,607286,7850186,2534093,6646146,3490226,0.655673
2082,8451138,6690171,1600511,5089660,4.180022,28,609657,7841481,2549272,6690171,3506917,0.656086
2083,8451138,6732819,1605214,5127605,4.194344,29,611681,7839457,2564763,6732819,3526233,0.656281
2084,8451138,6775155,1609929,5165226,4.208356,29,613697,7837441,2579161,6775155,3541489,0.656721
2085,8451138,6816045,1614635,5201410,4.221415,28,614988,7836150,2592307,6816045,3553183,0.657334
2086,8451136,6856149,1619360,5236789,4.233863,28,616632,7834504,2605134,6856149,3564387,0.657946
2087,8450768,6895584,1624117,5271467,4.245743,27,617524,7833244,2617637,6895584,3574964,0.658570
2088,8448217,6935625,1628828,5306797,4.258046,26,618806,7829411,2629870,6935625,3583855,0.659313
2089,8448201,6974335,1633535,5340800,4.269474,27,618676,7829525,2641449,6974335,3591461,0.660086
2090,8396267,7012455,1638405,5374050,4.280050,25,617802,7778465,2652433,7012455,3597277,0.660946
2091,8395887,7001592,1630467,5371125,4.294225,25,615474,7780413,2647878,7001592,3589920,0.661057
2092,8297535,6989160,1622605,5366555,4.307370,25,613115,7684420,2642085,6989160,3579180,0.661330
2093,8291141,6973958,1614840,5359118,4.318668,25,609945,7681196,2635338,6973958,3567394,0.661581
2094,8289466,6955865,1607175,5348690,4.328007,25,606558,7682908,2627313,6955865,3553387,0.661880
2095,8231608,6933582,1599553,5334029,4.334700,25,602123,7629485,2617563,6933582,3536670,0.662217
2096,8207442,6909845,1592020,5317825,4.340300,26,598725,7608717,2605970,6909845,3514035,0.662886
2097,8180412,6883223,1584542,5298681,4.343983,24,593582,7586830,2594079,6883223,3493093,0.663359
2098,8174596,6853787,1577125,5276662,4.345747,25,588265,7586331,2580885,6853787,3469753,0.663899
2099,8072838,6822737,1569793,5252944,4.346265,25,583051,7489787,2567668,6822737,3447935,0.664293
2100,8063289,6788960,1562489,5226471,4.344965,25,577427,7485862,2552937,6788960,3422788,0.664819
2101,8062913,6768834,1558318,5210516,4.343680,25,575184,7487729,2546252,6768834,3416174,0.664588
2102,8035027,6746309,1554173,5192136,4.340771,26,572933,7462094,2538299,6746309,3406887,0.664452
2103,7998127,6722328,1550028,5172300,4.336907,27,570943,7427184,2530069,6722328,3397948,0.664244
2104,7948306,6695190,1545920,5149270,4.330877,28,567882,7380424,2520182,6695190,3385538,0.664157
2105,7945896,6667778,1541840,5125938,4.324559,29,565666,7380230,2511649,6667778,3378818,0.663685
2106,7939582,6638675,1537867,5100808,4.316807,29,562554,7377028,2500496,6638675,3363309,0.663736
2107,7848250,6608671,1533912,5074759,4.308377,29,559934,7288316,2490175,6608671,3352029,0.663475
2108,7828961,6576989,1529969,5047020,4.298773,28,557055,7271906,2479604,6576989,3341427,0.663109
2109,7821412,6544312,1525991,5018321,4.288565,28,554343,7267069,2467853,6544312,3327100,0.662956
2110,7821084,6510175,1522013,4988162,4.277345,29,551854,7269230,2456655,6510175,3316445,0.662504
2111,7821084,6555418,1533976,5021442,4.273481,31,553253,7267831,2472047,6555418,3332770,0.662954
2112,7821404,6601149,1545940,5055209,4.269990,28,555492,7265912,2488459,6601149,3352687,0.663176
2113,7821404,6645018,1557896,5087122,4.265380,28,557509,7263895,2504163,6645018,3371634,0.663397
2114,7835059,6688879,1569848,5119031,4.260845,30,559419,7275640,2519955,6688879,3390941,0.663591
2115,7840909,6732134,1581798,5150336,4.256001,28,560959,7279950,2535176,6732134,3408570,0.663872
2116,7848448,6775570,1593731,5181839,4.251389,27,562611,7285837,2549706,6775570,3423254,0.664348
2117,7862020,6817390,1605683,5211707,4.245788,26,563152,7298868,2564234,6817390,3439546,0.664661
2118,7856170,6859601,1617595,5242006,4.240617,24,564886,7291284,2579129,6859601,3456915,0.664914
2119,7856170,6901666,1629529,5272137,4.235375,23,565976,7290194,2593557,6901666,3472562,0.665270
2120,7857847,6942976,1641434,5301542,4.229823,22,566960,7290887,2608082,6942976,3489352,0.665525
2121,7857847,7043995,1664445,5379550,4.232038,24,567080,7290767,2638766,7043995,3511069,0.667357
2122,7950611,7144936,1687561,5457375,4.233883,23,566585,7384026,2670423,7144936,3536756,0.668896
2123,7950619,7246543,1710804,5535739,4.235753,22,565915,7384704,2701049,7246543,3557653,0.670716
2124,7951355,7348416,1734156,5614260,4.237460,24,565503,7385852,2732594,7348416,3581960,0.672293
2125,7989735,7450377,1757331,5693046,4.239598,23,563708,7426027,2762572,7450377,3599911,0.674225
2126,7989735,7548763,1779548,5769215,4.241955,23,560314,7429421,2789963,7548763,3611089,0.676421
2127,7989735,7644663,1801048,5843615,4.244564,24,556551,7433184,2815437,7644663,3617085,0.678817
2128,7990115,7739390,1822130,5917260,4.247441,24,552258,7437857,2840102,7739390,3621018,0.681260
2129,8014271,7830925,1843082,5987843,4.248821,25,547134,7467137,2862482,7830925,3619003,0.683928
2130,8012604,7922325,1863723,6058602,4.250806,23,542023,7470581,2885324,7922325,3618971,0.686433
2131,7985544,7786262,1855091,5931171,4.197240,23,518105,7467439,2825350,7786262,3515138,0.688964
2132,7868569,7659884,1846335,5813549,4.148697,23,495783,7372786,2770415,7659884,3421776,0.691222
2133,7849300,7535775,1837477,5698298,4.101153,25,471783,7377517,2713722,7535775,3319113,0.694229
2134,7837846,7403844,1828331,5575513,4.049510,19,443531,7394315,2650722,7403844,3199044,0.698286
2135,7787059,7281170,1818940,5462230,4.002974,18,419007,7368052,2591787,7281170,3085978,0.702331
2136,7579946,7168176,1809197,5358979,3.962076,18,400192,7179754,2540139,7168176,2992380,0.705491
2137,7443040,7073163,1799259,5273904,3.931153,18,384566,7058474,2495942,7073163,2910605,0.708466
2138,7300146,6996697,1789699,5206998,3.909427,18,370427,6929719,2459612,6996697,2841751,0.711159
2139,7262524,6935987,1780556,5155431,3.895405,18,361113,6901411,2432010,6935987,2792053,0.712989
2140,7097593,6885441,1771950,5113491,3.885799,19,354354,6743239,2409247,6885441,2751547,0.714481
2141,7081628,6765877,1748342,5017535,3.869882,19,341852,6739776,2361239,6765877,2679079,0.716348
2142,7034650,6633724,1725287,4908437,3.844997,18,325588,6709062,2304692,6633724,2585044,0.719589
2143,6969190,6492103,1702732,4789371,3.812757,17,307463,6661727,2243396,6492103,2481481,0.723468
2144,6907705,6339553,1680704,4658849,3.771963,18,291607,6616098,2180231,6339553,2381371,0.726936
2145,6803382,6188660,1659175,4529485,3.729962,19,278634,6524748,2120448,6188660,2293132,0.729641
2146,6765218,6041476,1638157,4403319,3.687971,18,263358,6501860,2058967,6041476,2194392,0.733557
2147,6759556,5896131,1617584,4278547,3.645023,17,245389,6514167,1996200,5896131,2088669,0.738419
2148,6717348,5747228,1597592,4149636,3.597432,16,225406,6491942,1931836,5747228,1980116,0.743752
2149,6509374,5602317,1578082,4024235,3.550080,16,204109,6305265,1867626,5602317,1868187,0.749925
2150,6413029,5460423,1559083,3901340,3.502330,16,186924,6226105,1807028,5460423,1767689,0.755443
2151,6407443,5456085,1560542,3895543,3.496276,16,183291,6224152,1802844,5456085,1755291,0.756594
2152,6406064,5455510,1562017,3893493,3.492606,18,179662,6226402,1798996,5455510,1740474,0.758133
2153,6406064,5457108,1563552,3893556,3.490199,17,175707,6230357,1795171,5457108,1723576,0.759970
2154,6393834,5460511,1565069,3895442,3.488991,18,172052,6221782,1792330,5460511,1708809,0.761650
2155,6393824,5465436,1566649,3898787,3.488616,19,168697,6225127,1790656,5465436,1697188,0.763049
2156,6234660,5471989,1568259,3903730,3.489213,18,165707,6068953,1789668,5471989,1686683,0.764386
2157,6226993,5480812,1569899,3910913,3.491188,17,162535,6064458,1789458,5480812,1677020,0.765708
2158,6221769,5490011,1571599,3918412,3.493265,17,159738,6062031,1789771,5490011,1669073,0.766859
2159,6204927,5500105,1573292,3926813,3.495921,17,157026,6047901,1790356,5500105,1661319,0.768018
2160,5994464,5510910,1575015,3935895,3.498957,16,154086,5840378,1790845,5510910,1652470,0.769317
2161,1088828,5522110,1580113,3941997,3.494756,16,151803,937025,1792211,5522110,1646734,0.770293
2162,1047397,5533592,1585144,3948448,3.490908,15,149447,897950,1792786,5533592,1637552,0.771647
2163,1047397,5548537,1590084,3958453,3.489462,14,147380,900017,1794380,5548537,1628983,0.773044
2164,1047397,5567848,1594966,3972882,3.490888,15,145226,902171,1796836,5567848,1619496,0.774674
2165,1047391,5591578,1599716,3991862,3.495357,15,142930,904461,1801117,5591578,1612890,0.776126
2166,1041805,5615746,1604415,4011331,3.500183,15,140507,901298,1804825,5615746,1603554,0.777880
2167,1041805,5640266,1609022,4031244,3.505400,15,137748,904057,1808928,5640266,1595446,0.779504
2168,972753,5665712,1613562,4052150,3.511307,17,135264,837489,1812366,5665712,1583752,0.781535
2169,972745,5689908,1617978,4071930,3.516678,15,132338,840407,1815722,5689908,1572980,0.783422
2170,922356,5713010,1622343,4090667,3.521456,17,129750,792606,1818550,5713010,1561190,0.785380
2171,1014029,5942380,1666550,4275830,3.565678,17,139508,874521,1895463,5942380,1639472,0.783764
2172,1063589,6178040,1711092,4466948,3.610583,17,153138,910451,1976329,6178040,1727276,0.781504
2173,1147432,6411696,1755964,4655732,3.651382,17,165572,981860,2055565,6411696,1810564,0.779797
2174,6068573,6644678,1801214,4843464,3.689000,17,177250,5891323,2135662,6644678,1897970,0.777824
2175,6290218,6877306,1846853,5030453,3.723797,17,189167,6101051,2215248,6877306,1983686,0.776133
2176,6444107,7105670,1892887,5212783,3.753880,16,198045,6246062,2290647,7105670,2056918,0.775509
2177,6473843,7332331,1936337,5395994,3.786702,16,205406,6268437,2363493,7332331,2121641,0.775582
2178,6488104,7534898,1972425,5562473,3.820119,18,213676,6274428,2427600,7534898,2175502,0.775962
2179,6536127,7700434,2001554,5698880,3.847228,16,217402,6318725,2473905,7700434,2195186,0.778166
2180,6594215,7843163,2024467,5818696,3.874187,17,219020,6375195,2513897,7843163,2212425,0.779981
2181,6616720,7968047,2037290,5930757,3.911101,16,221949,6394771,2550305,7968047,2233173,0.781088
2182,6618497,8082992,2047428,6035564,3.947876,17,227491,6391006,2587146,8082992,2265592,0.781072
2183,6688158,8185278,2056618,6128660,3.979970,16,231476,6456682,2619087,8185278,2291070,0.781310
2184,6740942,8277250,2064699,6212551,4.008938,18,234241,6506701,2647601,8277250,2313154,0.781580
2185,6813047,8362977,2070308,6292669,4.039484,19,237952,6575095,2673767,8362977,2332091,0.781947
2186,6821297,8444832,2073148,6371684,4.073434,20,241965,6579332,2700202,8444832,2355976,0.781870
2187,6829447,8516728,2073600,6443128,4.107218,21,247499,6581948,2725154,8516728,2383888,0.781307
2188,6830927,8572557,2073600,6498957,4.134142,23,252206,6578721,2745178,8572557,2408155,0.780692
2189,6832602,8610696,2073600,6537096,4.152535,23,257532,6575070,2760003,8610696,2429316,0.779954
2190,6833338,8626128,2073600,6552528,4.159977,24,261999,6571339,2768361,8626128,2447316,0.778992
2191,6832244,8566292,2073600,6492692,4.131121,22,262193,6570051,2752181,8566292,2442432,0.778137
2192,6834835,8486226,2073599,6412627,4.092511,23,261247,6573588,2729753,8486226,2432786,0.777197
2193,6834827,8412667,2073600,6339067,4.057035,20,259021,6575806,2707719,8412667,2418209,0.776730
2194,6841161,8344053,2073600,6270453,4.023945,17,256645,6584516,2686829,8344053,2403263,0.776385
2195,6777493,8251614,2072982,6178632,3.980553,16,254943,6522550,2659838,8251614,2387738,0.775575
2196,6780625,8178851,2070930,6107921,3.949361,15,252843,6527782,2638802,8178851,2376357,0.774864
2197,6808487,8157870,2068094,6089776,3.944632,18,250073,6558414,2629893,8157870,2361702,0.775494
2198,6775476,8141707,2064512,6077195,3.943647,20,247495,6527981,2622329,8141707,2347609,0.776190
2199,6774414,8154114,2058734,6095380,3.960742,21,246697,6527717,2625456,8154114,2347710,0.776447
2200,6742086,8163575,2051293,6112282,3.979722,21,244822,6497264,2626971,8163575,2344309,0.776900
2201,6790038,8211220,2047265,6163955,4.010824,21,252348,6537690,2650487,8211220,2390728,0.774501
2202,6782471,8223072,2043455,6179617,4.024102,16,261404,6521067,2665135,8223072,2437468,0.771356
2203,6801493,8150161,2040067,6110094,3.995046,17,267303,6534190,2648595,8150161,2444219,0.769291
2204,6885091,8034059,2037296,5996763,3.943491,18,271696,6613395,2616988,8034059,2433893,0.767491
2205,6929072,7899094,2034951,5864143,3.881712,18,276131,6652941,2580333,7899094,2422238,0.765317
2206,7019221,7820132,2032969,5787163,3.846656,20,288426,6730795,2566021,7820132,2443952,0.761893
2207,7121406,7784512,2031361,5753151,3.832166,19,311071,6810335,2571504,7784512,2501504,0.756805
2208,7172442,7771466,2030130,5741336,3.828063,19,337319,6835123,2587212,7771466,2577382,0.750950
2209,7199466,7769085,2029279,5739806,3.828495,17,361865,6837601,2609182,7769085,2667643,0.744399
2210,7241995,7784621,2028803,5755818,3.837051,16,387003,6854992,2637012,7784621,2763427,0.738015
2211,7235529,7727774,2020689,5707085,3.824326,19,367793,6867736,2603475,7727774,2686126,0.742063
2212,7191009,7675118,2011941,5663177,3.814783,18,351936,6839073,2572847,7675118,2616270,0.745781
2213,7074407,7622437,2002549,5619888,3.806367,18,336575,6737832,2542216,7622437,2546427,0.749586
2214,7023656,7565690,1992519,5573171,3.797048,21,320105,6703551,2510598,7565690,2476702,0.753375
2215,7009687,7495107,1981847,5513260,3.781880,20,301663,6708024,2474443,7495107,2402665,0.757252
2216,7073226,7423504,1970529,5452975,3.767265,19,287430,6785796,2443074,7423504,2348792,0.759648
2217,7010161,7355380,1958546,5396834,3.755531,17,275598,6734563,2414879,7355380,2304136,0.761465
2218,6965683,7293953,1945905,5348048,3.748360,16,263719,6701964,2388493,7293953,2260019,0.763447
2219,6847923,7239006,1932582,5306424,3.745769,17,253485,6594438,2366159,7239006,2225630,0.764848
2220,6842269,7183499,1918568,5264931,3.744198,17,241020,6601249,2342649,7183499,2187097,0.766600
2221,6736557,7089728,1887150,5202578,3.756844,18,226396,6510161,2306693,7089728,2137044,0.768387
2222,6640407,6971241,1852706,5118535,3.762735,18,213803,6426604,2263276,6971241,2081863,0.770039
2223,6586650,6825192,1815022,5010170,3.760391,16,194221,6392429,2205136,6825192,1995352,0.773784
2224,6544218,6639540,1773814,4865726,3.743087,16,175452,6368766,2133560,6639540,1894700,0.777988
2225,6505733,6387789,1728700,4659089,3.695140,18,153567,6352166,2038924,6387789,1767907,0.783230
2226,6411421,6058852,1679176,4379676,3.608229,21,123325,6288096,1907380,6058852,1570668,0.794133
2227,6281632,5689405,1625536,4063869,3.500018,23,97014,6184618,1762835,5689405,1361935,0.806854
2228,879899,5329556,1572244,3757312,3.389777,23,76472,803427,1630613,5329556,1192896,0.817109
2229,678853,4996038,1519945,3476093,3.286986,23,60163,618690,1514498,4996038,1061954,0.824702
2230,551392,4679094,1468626,3210468,3.186035,23,47732,503660,1406822,4679094,948194,0.831501
2231,551392,4697710,1476366,3221344,3.181941,24,46094,505298,1408012,4697710,934338,0.834103
2232,523574,4717756,1484287,3233469,3.178466,23,44590,478984,1409996,4717756,922228,0.836484
2233,523574,4739578,1492398,3247180,3.175814,22,43078,480496,1412643,4739578,910994,0.838778
2234,523574,4763451,1500701,3262750,3.174151,22,41640,481934,1413954,4763451,892365,0.842222
2235,517240,4792200,1509207,3282993,3.175310,20,40131,477109,1417805,4792200,879020,0.845003
2236,517240,4824377,1517920,3306457,3.178281,19,38749,478491,1422982,4824377,867551,0.847582
2237,516764,4859990,1526856,3333134,3.183005,18,37230,479534,1428332,4859990,853338,0.850641
2238,516704,4897267,1536015,3361252,3.188294,16,35889,480815,1433864,4897267,838189,0.853858
2239,511484,4935226,1545411,3389815,3.193472,15,34506,476978,1439982,4935226,824702,0.856821
2240,463599,4975065,1555054,3420011,3.199288,15,33126,430473,1446288,4975065,810087,0.859971
2241,468823,5045267,1557458,3487809,3.239424,15,33069,435754,1466789,5045267,821889,0.859917
2242,502975,5121925,1560417,3561508,3.282408,14,32874,470101,1487896,5121925,829659,0.860599
2243,561947,5205023,1563905,3641118,3.328222,14,33416,528531,1512410,5205023,844617,0.860386
2244,551355,5291965,1567906,3724059,3.375180,14,35091,516264,1537682,5291965,858763,0.860380
2245,553030,5389000,1572400,3816600,3.427245,14,37714,515316,1567651,5389000,881604,0.859407
2246,564468,4203188,1582760,2620428,2.655607,13,39975,524493,1276031,4203188,900936,0.823489
2247,591926,4292075,1610876,2681199,2.664435,13,41050,550876,1303952,4292075,923733,0.822897
2248,626276,4386370,1646377,2739993,2.664256,12,41791,584485,1332606,4386370,944054,0.822893
2249,572735,4489746,1686376,2803370,2.662364,13,42567,530168,1363669,4489746,964930,0.823100
2250,574410,4601638,1728105,2873533,2.662823,14,44535,529875,1398391,4601638,991926,0.822667
2251,574034,4513409,1695759,2817650,2.661586,13,42080,531954,1369309,4513409,963827,0.824030
2252,517310,4428524,1662193,2766331,2.664266,15,39684,477626,1341644,4428524,938052,0.825205
2253,442755,4345886,1628842,2717044,2.668083,14,37146,405609,1315613,4345886,916566,0.825829
2254,436928,4271240,1598751,2672489,2.671611,15,35335,401593,1291150,4271240,893360,0.827022
2255,436481,3539606,1568511,1971095,2.256666,15,33497,402984,1101516,3539606,866458,0.803349
2256,430139,3260720,1536989,1723731,2.121499,16,30578,399561,1025279,3260720,840396,0.795081
2257,405831,3218077,1508442,1709635,2.133378,17,27850,377981,1008853,3218077,817335,0.797459
2258,404765,3182178,1481638,1700540,2.147743,17,25764,379001,995968,3182178,801694,0.798765
2259,404703,3147231,1453142,1694089,2.165811,17,23842,380861,982662,3147231,783417,0.800690
2260,374225,3115031,1426057,1688974,2.184366,17,21334,352891,969491,3115031,762933,0.803265
2261,310026,2981917,1365696,1616221,2.183441,17,17672,292354,924730,2981917,717003,0.806159
2262,295623,2849372,1304825,1544547,2.183720,17,15722,279901,881527,2849372,676736,0.808078
2263,293702,2691611,1241546,1450065,2.167951,17,13970,279732,832007,2691611,636417,0.808771
2264,236760,2595558,1175077,1420481,2.208841,18,12439,224321,799410,2595558,602082,0.811711
2265,206953,2505529,1106720,1398809,2.263923,18,11485,195468,769554,2505529,572687,0.813955
2266,174264,2418589,1038474,1380115,2.328984,19,10571,163693,740848,2418589,544803,0.816156
2267,174264,2331945,970512,1361433,2.402799,20,9690,164574,712273,2331945,517147,0.818487
2268,174204,1975141,897776,1077365,2.200038,21,8879,165325,615036,1975141,485003,0.802856
2269,174204,1867000,817894,1049106,2.282692,20,8207,165997,581949,1867000,460796,0.802046
2270,174133,1752764,734086,1018678,2.387682,22,7480,166653,547102,1752764,435644,0.800931
2271,174133,1684666,679657,1005009,2.478700,25,6801,167332,524535,1684666,413474,0.802933
2272,174117,1611627,622102,989525,2.590615,24,6102,168015,500896,1611627,391957,0.804372
2273,174117,1523153,552161,970992,2.758531,28,5429,168688,472968,1523153,368719,0.805104
2274,174117,1429991,474316,955675,3.014849,31,4796,169321,444594,1429991,348385,0.804099
2275,174117,1113284,405450,707834,2.745798,44,4227,169890,358793,1113284,321888,0.775715
2276,174117,1074628,337171,737457,3.187190,45,3645,170472,341974,1074628,293268,0.785607
2277,174117,1028785,270109,758676,3.808777,41,3095,171022,323171,1028785,263899,0.795852
2278,174117,975509,219299,756210,4.448306,41,2636,171481,302886,975509,236035,0.805178
2279,174117,915636,194015,721621,4.719408,29,2227,171890,281196,915636,209148,0.814055
2280,174117,836046,171314,664732,4.880197,24,1835,172282,254412,836046,181602,0.821547
2281,174111,751039,154991,596048,4.845694,18,1584,172527,227592,751039,159329,0.824984
2282,106105,640692,139349,501343,4.597751,13,1437,104668,195223,640692,140200,0.820462
2283,106105,542580,124344,418236,4.363540,11,1329,104776,166449,542580,123216,0.814934
2284,106105,461865,109977,351888,4.199651,10,1194,104911,142439,461865,107891,0.810636
2285,106105,393319,96348,296971,4.082275,9,1076,105029,121703,393319,93493,0.807948
2286,106105,331654,83451,248203,3.974236,8,971,105134,102895,331654,79926,0.805807
2287,106105,273653,71343,202310,3.835737,7,862,105243,85069,273653,66623,0.804209
2288,106105,220720,59980,160740,3.679893,7,775,105330,68830,220720,54600,0.801685
2289,106105,174536,49431,125105,3.530902,7,703,105402,54543,174536,43636,0.799993
2290,106105,133871,39597,94274,3.380837,7,592,105513,41886,133871,33673,0.799020
2291,106105,107088,33161,73927,3.229336,6,531,105574,33493,107088,26884,0.799331
2292,106105,83091,27051,56040,3.071642,5,452,105653,26056,83091,21133,0.797235
2293,106105,62727,21445,41282,2.925017,5,398,105707,19744,62727,16249,0.794254
2294,106105,45126,16377,28749,2.755450,5,348,105757,14359,45126,12310,0.785674
2295,106105,30234,11693,18541,2.585650,5,286,105819,9733,30234,8698,0.776585
2296,106105,18539,7782,10757,2.382292,4,222,105883,6102,18539,5869,0.759546
2297,106105,9417,4552,4865,2.068761,4,156,105949,3217,9417,3451,0.731815
2298,106105,3328,2101,1227,1.584008,4,83,106022,1195,3328,1452,0.696234
2299,106105,766,589,177,1.300509,2,27,106078,285,766,374,0.671930
2300,106105,0,0,0,0.000000,0,0,106105,0,0,0,0.000000
2301,106105,0,0,0,0.000000,0,0,106105,0,0,0,0.000000
2302,106099,0,0,0,0.000000,0,0,106099,0,0,0,0.000000
2303,66896,0,0,0,0.000000,0,0,66896,0,0,0,0.000000
2304,66896,0,0,0,0.000000,0,0,66896,0,0,0,0.000000
2305,66896,0,0,0,0.000000,0,0,66896,0,0,0,0.000000
2306,66896,0,0,0,0.000000,0,0,66896,0,0,0,0.000000
2307,66896,0,0,0,0.000000,0,0,66896,0,0,0,0.000000
2308,66896,0,0,0,0.000000,0,0,66896,0,0,0,0.000000
2309,66896,0,0,0,0.000000,0,0,66896,0,0,0,0.000000
2310,66890,0,0,0,0.000000,0,0,66890,0,0,0,0.000000
2311,66890,0,0,0,0.000000,0,0,66890,0,0,0,0.000000
2312,349,0,0,0,0.000000,0,0,349,0,0,0,0.000000
2313,349,0,0,0,0.000000,0,0,349,0,0,0,0.000000
2314,349,0,0,0,0.000000,0,0,349,0,0,0,0.000000
2315,88,0,0,0,0.000000,0,0,88,0,0,0,0.000000
2316,88,0,0,0,0.000000,0,0,88,0,0,0,0.000000
2317,88,0,0,0,0.000000,0,0,88,0,0,0,0.000000
2318,88,0,0,0,0.000000,0,0,88,0,0,0,0.000000
2319,88,0,0,0,0.000000,0,0,88,0,0,0,0.000000
2320,88,0,0,0,0.000000,0,0,88,0,0,0,0.000000
2321,349,0,0,0,0.000000,0,0,349,0,0,0,0.000000
2322,349,951,951,0,1.000000,1,1,348,254,951,65,0.936024
2323,349,7863,7863,0,1.000000,1,4,345,2023,7863,229,0.971700
2324,349,17477,17477,0,1.000000,1,4,345,4493,17477,495,0.972457
2325,349,27024,27024,0,1.000000,1,4,345,6945,27024,756,0.972786
2326,68361,45018,36595,8423,1.230168,5,885,67476,13432,45018,8710,0.837887
2327,134908,91307,50469,40838,1.809170,6,1459,133449,29710,91307,27533,0.768319
2328,134908,142523,65635,76888,2.171448,5,1622,133286,47152,142523,46085,0.755657
2329,134908,196324,81807,114517,2.399844,5,1776,133132,65248,196324,64668,0.752222
2330,134908,252528,98947,153581,2.552154,6,1922,132986,83929,252528,83188,0.752207
2331,134908,250035,98551,151484,2.537113,5,1904,133004,83006,250035,81989,0.753063
2332,134908,247369,98156,149213,2.520162,5,1886,133022,81903,247369,80243,0.755067
2333,134908,244822,97755,147067,2.504445,5,1850,133058,80800,244822,78378,0.757494
2334,134908,242107,97374,144733,2.486362,5,1830,133078,79705,242107,76713,0.759385
2335,134908,239377,96974,142403,2.468466,5,1805,133103,78605,239377,75043,0.761329
2336,134908,236615,96590,140025,2.449684,5,1775,133133,77509,236615,73421,0.763186
2337,134908,233824,96212,137612,2.430300,5,1754,133154,76363,233824,71628,0.765502
2338,134908,230996,95827,135169,2.410552,5,1729,133179,75227,230996,69912,0.767663
2339,134908,228183,95459,132724,2.390377,5,1709,133199,74115,228183,68277,0.769692
2340,134908,225237,95104,130133,2.368323,5,1686,133222,72954,225237,66579,0.771846
2341,134908,211768,91608,120160,2.311676,5,1622,133286,68246,211768,61216,0.775752
2342,134902,198519,88268,110251,2.249048,5,1581,133321,63863,198519,56933,0.777128
2343,68361,185755,85375,100380,2.175754,5,1535,66826,59444,185755,52021,0.781218
2344,68361,173566,83028,90538,2.090451,5,1463,66898,55258,173566,47466,0.785253
2345,68361,161668,80845,80823,1.999728,5,1388,66973,51163,161668,42984,0.789965
2346,68361,149960,78824,71136,1.902466,5,1329,67032,47161,149960,38684,0.794936
2347,68361,138340,76940,61400,1.798024,5,1297,67064,43159,138340,34296,0.801339
2348,68361,126578,74794,51784,1.692355,5,1219,67142,39222,126578,30310,0.806805
2349,68361,114935,72227,42708,1.591302,5,1148,67213,35265,114935,26125,0.814795
2350,68361,103685,69218,34467,1.497949,5,1036,67325,31469,103685,22191,0.823707
2351,68361,97273,67420,29853,1.442791,5,962,67399,29242,97273,19695,0.831621
2352,68361,90978,65386,25592,1.391399,5,881,67480,27101,90978,17426,0.839249
2353,68361,85086,63351,21735,1.343089,5,785,67576,25072,85086,15202,0.848417
2354,68361,79581,61331,18250,1.297566,5,726,67635,23239,79581,13375,0.856115
2355,68361,74393,59322,15071,1.254054,5,645,67716,21531,74393,11731,0.863789
2356,68361,69572,57337,12235,1.213388,5,568,67793,19959,69572,10264,0.871436
2357,68361,65100,55371,9729,1.175706,5,518,67843,18505,65100,8920,0.879492
2358,68361,60970,53415,7555,1.141440,5,455,67906,17085,60970,7370,0.892157
2359,68361,57176,51492,5684,1.110386,5,386,67975,15772,57176,5912,0.906290
2360,68361,53660,49575,4085,1.082400,4,311,68050,14671,53660,5024,0.914389
2361,349,24115,24115,0,1.000000,1,8,341,6351,24115,1289,0.949260
2362,0,0,0,0,0.000000,0,0,0,0,0,0,0.000000
2363,0,0,0,0,0.000000,0,0,0,0,0,0,0.000000
2364,0,0,0,0,0.000000,0,0,0,0,0,0,0.000000
2365,0,0,0,0,0.000000,0,0,0,0,0,0,0.000000
2366,0,0,0,0,0.000000,0,0,0,0,0,0,0.000000
2367,0,0,0,0,0.000000,0,0,0,0,0,0,0.000000
2368,0,0,0,0,0.000000,0,0,0,0,0,0,0.000000
2369,0,0,0,0,0.000000,0,0,0,0,0,0,0.000000
2370,0,0,0,0,0.000000,0,0,0,0,0,0,0.000000
2371,0,0,0,0,0.000000,0,0,0,0,0,0,0.000000
2372,0,0,0,0,0.000000,0,0,0,0,0,0,0.000000
2373,0,0,0,0,0.000000,0,0,0,0,0,0,0.000000
2374,0,0,0,0,0.000000,0,0,0,0,0,0,0.000000
2375,0,0,0,0,0.000000,0,0,0,0,0,0,0.000000
2376,0,0,0,0,0.000000,0,0,0,0,0,0,0.000000
2377,0,0,0,0,0.000000,0,0,0,0,0,0,0.000000
2378,0,0,0,0,0.000000,0,0,0,0,0,0,0.000000
2379,0,0,0,0,0.000000,0,0,0,0,0,0,0.000000
2380,0,0,0,0,0.000000,0,0,0,0,0,0,0.000000
2381,0,0,0,0,0.000000,0,0,0,0,0,0,0.000000
2382,0,0,0,0,0.000000,0,0,0,0,0,0,0.000000
2383,0,0,0,0,0.000000,0,0,0,0,0,0,0.000000
2384,0,0,0,0,0.000000,0,0,0,0,0,0,0.000000
2385,0,0,0,0,0.000000,0,0,0,0,0,0,0.000000
2386,0,0,0,0,0.000000,0,0,0,0,0,0,0.000000
2387,0,0,0,0,0.000000,0,0,0,0,0,0,0.000000
2388,0,0,0,0,0.000000,0,0,0,0,0,0,0.000000
2389,0,0,0,0,0.000000,0,0,0,0,0,0,0.000000
2390,0,0,0,0,0.000000,0,0,0,0,0,0,0.000000
2391,0,0,0,0,0.000000,0,0,0,0,0,0,0.000000
2392,0,0,0,0,0.000000,0,0,0,0,0,0,0.000000
2393,0,0,0,0,0.000000,0,0,0,0,0,0,0.000000
2394,0,0,0,0,0.000000,0,0,0,0,0,0,0.000000
2395,0,0,0,0,0.000000,0,0,0,0,0,0,0.000000
2396,0,0,0,0,0.000000,0,0,0,0,0,0,0.000000
2397,0,0,0,0,0.000000,0,0,0,0,0,0,0.000000
2398,0,0,0,0,0.000000,0,0,0,0,0,0,0.000000
2399,0,0,0,0,0.000000,0,0,0,0,0,0,0.000000
2400,0,0,0,0,0.000000,0,0,0,0,0,0,0.000000
2401,0,0,0,0,0.000000,0,0,0,0,0,0,0.000000
2402,0,0,0,0,0.000000,0,0,0,0,0,0,0.000000
2403,0,0,0,0,0.000000,0,0,0,0,0,0,0.000000
2404,0,0,0,0,0.000000,0,0,0,0,0,0,0.000000
2405,0,0,0,0,0.000000,0,0,0,0,0,0,0.000000
2406,0,0,0,0,0.000000,0,0,0,0,0,0,0.000000
2407,0,0,0,0,0.000000,0,0,0,0,0,0,0.000000
2408,0,0,0,0,0.000000,0,0,0,0,0,0,0.000000
2409,0,0,0,0,0.000000,0,0,0,0,0,0,0.000000
2410,0,0,0,0,0.000000,0,0,0,0,0,0,0.000000
2411,0,0,0,0,0.000000,0,0,0,0,0,0,0.000000
2412,0,0,0,0,0.000000,0,0,0,0,0,0,0.000000
2413,0,0,0,0,0.000000,0,0,0,0,0,0,0.000000
2414,0,0,0,0,0.000000,0,0,0,0,0,0,0.000000
2415,0,0,0,0,0.000000,0,0,0,0,0,0,0.000000
2416,0,0,0,0,0.000000,0,0,0,0,0,0,0.000000
2417,0,0,0,0,0.000000,0,0,0,0,0,0,0.000000
2418,0,0,0,0,0.000000,0,0,0,0,0,0,0.000000
2419,0,0,0,0,0.000000,0,0,0,0,0,0,0.000000
2420,0,0,0,0,0.000000,0,0,0,0,0,0,0.000000
2421,0,0,0,0,0.000000,0,0,0,0,0,0,0.000000
2422,0,0,0,0,0.000000,0,0,0,0,0,0,0.000000
2423,0,0,0,0,0.000000,0,0,0,0,0,0,0.000000
2424,0,0,0,0,0.000000,0,0,0,0,0,0,0.000000
2425,0,0,0,0,0.000000,0,0,0,0,0,0,0.000000
2426,0,0,0,0,0.000000,0,0,0,0,0,0,0.000000
2427,0,0,0,0,0.000000,0,0,0,0,0,0,0.000000
2428,0,0,0,0,0.000000,0,0,0,0,0,0,0.000000
2429,0,0,0,0,0.000000,0,0,0,0,0,0,0.000000
2430,0,0,0,0,0.000000,0,0,0,0,0,0,0.000000
2431,0,0,0,0,0.000000,0,0,0,0,0,0,0.000000
2432,0,0,0,0,0.000000,0,0,0,0,0,0,0.000000
2433,0,0,0,0,0.000000,0,0,0,0,0,0,0.000000
2434,0,0,0,0,0.000000,0,0,0,0,0,0,0.000000
2435,0,0,0,0,0.000000,0,0,0,0,0,0,0.000000
2436,0,0,0,0,0.000000,0,0,0,0,0,0,0.000000
2437,0,0,0,0,0.000000,0,0,0,0,0,0,0.000000
2438,0,0,0,0,0.000000,0,0,0,0,0,0,0.000000
2439,0,0,0,0,0.000000,0,0,0,0,0,0,0.000000
2440,0,0,0,0,0.000000,0,0,0,0,0,0,0.000000
2441,0,0,0,0,0.000000,0,0,0,0,0,0,0.000000
2442,0,0,0,0,0.000000,0,0,0,0,0,0,0.000000
2443,0,0,0,0,0.000000,0,0,0,0,0,0,0.000000
2444,0,0,0,0,0.000000,0,0,0,0,0,0,0.000000
2445,0,0,0,0,0.000000,0,0,0,0,0,0,0.000000
2446,0,0,0,0,0.000000,0,0,0,0,0,0,0.000000
2447,0,0,0,0,0.000000,0,0,0,0,0,0,0.000000
2448,0,0,0,0,0.000000,0,0,0,0,0,0,0.000000
2449,0,0,0,0,0.000000,0,0,0,0,0,0,0.000000
2450,0,0,0,0,0.000000,0,0,0,0,0,0,0.000000
2451,0,0,0,0,0.000000,0,0,0,0,0,0,0.000000
2452,0,0,0,0,0.000000,0,0,0,0,0,0,0.000000
2453,0,0,0,0,0.000000,0,0,0,0,0,0,0.000000
2454,0,0,0,0,0.000000,0,0,0,0,0,0,0.000000
2455,0,0,0,0,0.000000,0,0,0,0,0,0,0.000000
2456,0,0,0,0,0.000000,0,0,0,0,0,0,0.000000
2457,0,0,0,0,0.000000,0,0,0,0,0,0,0.000000
2458,0,0,0,0,0.000000,0,0,0,0,0,0,0.000000
2459,0,0,0,0,0.000000,0,0,0,0,0,0,0.000000
2460,0,0,0,0,0.000000,0,0,0,0,0,0,0.000000
2461,0,0,0,0,0.000000,0,0,0,0,0,0,0.000000
2462,0,0,0,0,0.000000,0,0,0,0,0,0,0.000000
2463,0,0,0,0,0.000000,0,0,0,0,0,0,0.000000
2464,0,0,0,0,0.000000,0,0,0,0,0,0,0.000000
2465,0,0,0,0,0.000000,0,0,0,0,0,0,0.000000
2466,0,0,0,0,0.000000,0,0,0,0,0,0,0.000000
2467,0,0,0,0,0.000000,0,0,0,0,0,0,0.000000
2468,0,0,0,0,0.000000,0,0,0,0,0,0,0.000000
2469,0,0,0,0,0.000000,0,0,0,0,0,0,0.000000
2470,0,0,0,0,0.000000,0,0,0,0,0,0,0.000000
2471,0,0,0,0,0.000000,0,0,0,0,0,0,0.000000
2472,0,0,0,0,0.000000,0,0,0,0,0,0,0.000000
2473,0,0,0,0,0.000000,0,0,0,0,0,0,0.000000
2474,0,0,0,0,0.000000,0,0,0,0,0,0,0.000000
2475,0,0,0,0,0.000000,0,0,0,0,0,0,0.000000
2476,0,0,0,0,0.000000,0,0,0,0,0,0,0.000000
2477,0,0,0,0,0.000000,0,0,0,0,0,0,0.000000
2478,0,0,0,0,0.000000,0,0,0,0,0,0,0.000000
2479,0,0,0,0,0.000000,0,0,0,0,0,0,0.000000
2480,0,0,0,0,0.000000,0,0,0,0,0,0,0.000000
2481,0,0,0,0,0.000000,0,0,0,0,0,0,0.000000
2482,0,0,0,0,0.000000,0,0,0,0,0,0,0.000000
2483,0,0,0,0,0.000000,0,0,0,0,0,0,0.000000
2484,0,0,0,0,0.000000,0,0,0,0,0,0,0.000000
2485,0,0,0,0,0.000000,0,0,0,0,0,0,0.000000
2486,0,0,0,0,0.000000,0,0,0,0,0,0,0.000000
2487,0,0,0,0,0.000000,0,0,0,0,0,0,0.000000
2488,0,0,0,0,0.000000,0,0,0,0,0,0,0.000000
2489,0,0,0,0,0.000000,0,0,0,0,0,0,0.000000
2490,0,0,0,0,0.000000,0,0,0,0,0,0,0.000000
2491,0,0,0,0,0.000000,0,0,0,0,0,0,0.000000
2492,0,0,0,0,0.000000,0,0,0,0,0,0,0.000000
2493,0,0,0,0,0.000000,0,0,0,0,0,0,0.000000
2494,0,0,0,0,0.000000,0,0,0,0,0,0,0.000000
2495,0,0,0,0,0.000000,0,0,0,0,0,0,0.000000
2496,0,0,0,0,0.000000,0,0,0,0,0,0,0.000000
2497,0,0,0,0,0.000000,0,0,0,0,0,0,0.000000
2498,0,0,0,0,0.000000,0,0,0,0,0,0,0.000000
2499,0,0,0,0,0.000000,0,0,0,0,0,0,0.000000
2500,0,0,0,0,0.000000,0,0,0,0,0,0,0.000000
2501,0,0,0,0,0.000000,0,0,0,0,0,0,0.000000
2502,0,0,0,0,0.000000,0,0,0,0,0,0,0.000000
2503,0,0,0,0,0.000000,0,0,0,0,0,0,0.000000
2504,0,0,0,0,0.000000,0,0,0,0,0,0,0.000000
2505,0,0,0,0,0.000000,0,0,0,0,0,0,0.000000
2506,0,0,0,0,0.000000,0,0,0,0,0,0,0.000000
2507,0,0,0,0,0.000000,0,0,0,0,0,0,0.000000
2508,0,0,0,0,0.000000,0,0,0,0,0,0,0.000000
2509,0,0,0,0,0.000000,0,0,0,0,0,0,0.000000
2510,0,0,0,0,0.000000,0,0,0,0,0,0,0.000000
2511,0,0,0,0,0.000000,0,0,0,0,0,0,0.000000
2512,0,0,0,0,0.000000,0,0,0,0,0,0,0.000000
2513,0,0,0,0,0.000000,0,0,0,0,0,0,0.000000
2514,0,0,0,0,0.000000,0,0,0,0,0,0,0.000000
2515,0,0,0,0,0.000000,0,0,0,0,0,0,0.000000
2516,0,0,0,0,0.000000,0,0,0,0,0,0,0.000000
2517,0,0,0,0,0.000000,0,0,0,0,0,0,0.000000
2518,0,0,0,0,0.000000,0,0,0,0,0,0,0.000000
2519,0,0,0,0,0.000000,0,0,0,0,0,0,0.000000
2520,0,0,0,0,0.000000,0,0,0,0,0,0,0.000000
2521,0,0,0,0,0.000000,0,0,0,0,0,0,0.000000
2522,0,0,0,0,0.000000,0,0,0,0,0,0,0.000000
2523,0,0,0,0,0.000000,0,0,0,0,0,0,0.000000
2524,0,0,0,0,0.000000,0,0,0,0,0,0,0.000000
2525,0,0,0,0,0.000000,0,0,0,0,0,0,0.000000
2526,0,0,0,0,0.000000,0,0,0,0,0,0,0.000000
2527,0,0,0,0,0.000000,0,0,0,0,0,0,0.000000
2528,0,0,0,0,0.000000,0,0,0,0,0,0,0.000000
2529,0,0,0,0,0.000000,0,0,0,0,0,0,0.000000
2530,0,0,0,0,0.000000,0,0,0,0,0,0,0.000000
2531,0,0,0,0,0.000000,0,0,0,0,0,0,0.000000
2532,0,0,0,0,0.000000,0,0,0,0,0,0,0.000000
2533,0,0,0,0,0.000000,0,0,0,0,0,0,0.000000
2534,0,0,0,0,0.000000,0,0,0,0,0,0,0.000000
2535,0,0,0,0,0.000000,0,0,0,0,0,0,0.000000
2536,0,0,0,0,0.000000,0,0,0,0,0,0,0.000000
2537,0,0,0,0,0.000000,0,0,0,0,0,0,0.000000
2538,0,0,0,0,0.000000,0,0,0,0,0,0,0.000000
2539,0,0,0,0,0.000000,0,0,0,0,0,0,0.000000
2540,0,0,0,0,0.000000,0,0,0,0,0,0,0.000000
2541,0,0,0,0,0.000000,0,0,0,0,0,0,0.000000
2542,0,0,0,0,0.000000,0,0,0,0,0,0,0.000000
2543,0,0,0,0,0.000000,0,0,0,0,0,0,0.000000
2544,0,0,0,0,0.000000,0,0,0,0,0,0,0.000000
2545,0,0,0,0,0.000000,0,0,0,0,0,0,0.000000
2546,0,0,0,0,0.000000,0,0,0,0,0,0,0.000000
2547,0,0,0,0,0.000000,0,0,0,0,0,0,0.000000
2548,0,0,0,0,0.000000,0,0,0,0,0,0,0.000000
2549,0,0,0,0,0.000000,0,0,0,0,0,0,0.000000
2550,0,0,0,0,0.000000,0,0,0,0,0,0,0.000000
2551,0,0,0,0,0.000000,0,0,0,0,0,0,0.000000
2552,0,0,0,0,0.000000,0,0,0,0,0,0,0.000000
2553,0,0,0,0,0.000000,0,0,0,0,0,0,0.000000
2554,0,0,0,0,0.000000,0,0,0,0,0,0,0.000000
2555,0,0,0,0,0.000000,0,0,0,0,0,0,0.000000
2556,0,0,0,0,0.000000,0,0,0,0,0,0,0.000000
2557,0,0,0,0,0.000000,0,0,0,0,0,0,0.000000
2558,0,0,0,0,0.000000,0,0,0,0,0,0,0.000000
2559,0,0,0,0,0.000000,0,0,0,0,0,0,0.000000
